:0200000460009A
:100000004643464200000156000000000101020084
:1000100000000000000000000000000000000000E0
:1000200000000000000000000000000000000000D0
:1000300000000000000000000000000000000000C0
:1000400000000000010406010000000000000000A4
:100050000000800000000000000000000000000020
:100060000000000000000000000000000000000090
:100070000000000000000000000000000000000080
:10008000EB04180AFF1E04320126000000000000E5
:100090000000000000000000000000000000000060
:1000A0000000000000000000000000000000000050
:1000B0000000000000000000000000000000000040
:1000C0000000000000000000000000000000000030
:1000D0000000000000000000000000000000000020
:1000E0000000000000000000000000000000000010
:1000F0000000000000000000000000000000000000
:1001000000000000000000000000000000000000EF
:1001100000000000000000000000000000000000DF
:1001200000000000000000000000000000000000CF
:1001300000000000000000000000000000000000BF
:1001400000000000000000000000000000000000AF
:10015000000000000000000000000000000000009F
:10016000000000000000000000000000000000008F
:10017000000000000000000000000000000000007F
:10018000000000000000000000000000000000006F
:10019000000000000000000000000000000000005F
:1001A000000000000000000000000000000000004F
:1001B000000000000000000000000000000000003F
:1001C000000100000010000001000000000000001D
:1001D000000001000000000000000000000000001E
:1001E000000000000000000000000000000000000F
:1001F00000000000000000000000000000000000FF
:10020000FFFFFFFFFFFFFFFFFFFFFFFFFFFFFFFFFE
:10021000FFFFFFFFFFFFFFFFFFFFFFFFFFFFFFFFEE
:10022000FFFFFFFFFFFFFFFFFFFFFFFFFFFFFFFFDE
:10023000FFFFFFFFFFFFFFFFFFFFFFFFFFFFFFFFCE
:10024000FFFFFFFFFFFFFFFFFFFFFFFFFFFFFFFFBE
:10025000FFFFFFFFFFFFFFFFFFFFFFFFFFFFFFFFAE
:10026000FFFFFFFFFFFFFFFFFFFFFFFFFFFFFFFF9E
:10027000FFFFFFFFFFFFFFFFFFFFFFFFFFFFFFFF8E
:10028000FFFFFFFFFFFFFFFFFFFFFFFFFFFFFFFF7E
:10029000FFFFFFFFFFFFFFFFFFFFFFFFFFFFFFFF6E
:1002A000FFFFFFFFFFFFFFFFFFFFFFFFFFFFFFFF5E
:1002B000FFFFFFFFFFFFFFFFFFFFFFFFFFFFFFFF4E
:1002C000FFFFFFFFFFFFFFFFFFFFFFFFFFFFFFFF3E
:1002D000FFFFFFFFFFFFFFFFFFFFFFFFFFFFFFFF2E
:1002E000FFFFFFFFFFFFFFFFFFFFFFFFFFFFFFFF1E
:1002F000FFFFFFFFFFFFFFFFFFFFFFFFFFFFFFFF0E
:10030000FFFFFFFFFFFFFFFFFFFFFFFFFFFFFFFFFD
:10031000FFFFFFFFFFFFFFFFFFFFFFFFFFFFFFFFED
:10032000FFFFFFFFFFFFFFFFFFFFFFFFFFFFFFFFDD
:10033000FFFFFFFFFFFFFFFFFFFFFFFFFFFFFFFFCD
:10034000FFFFFFFFFFFFFFFFFFFFFFFFFFFFFFFFBD
:10035000FFFFFFFFFFFFFFFFFFFFFFFFFFFFFFFFAD
:10036000FFFFFFFFFFFFFFFFFFFFFFFFFFFFFFFF9D
:10037000FFFFFFFFFFFFFFFFFFFFFFFFFFFFFFFF8D
:10038000FFFFFFFFFFFFFFFFFFFFFFFFFFFFFFFF7D
:10039000FFFFFFFFFFFFFFFFFFFFFFFFFFFFFFFF6D
:1003A000FFFFFFFFFFFFFFFFFFFFFFFFFFFFFFFF5D
:1003B000FFFFFFFFFFFFFFFFFFFFFFFFFFFFFFFF4D
:1003C000FFFFFFFFFFFFFFFFFFFFFFFFFFFFFFFF3D
:1003D000FFFFFFFFFFFFFFFFFFFFFFFFFFFFFFFF2D
:1003E000FFFFFFFFFFFFFFFFFFFFFFFFFFFFFFFF1D
:1003F000FFFFFFFFFFFFFFFFFFFFFFFFFFFFFFFF0D
:10040000FFFFFFFFFFFFFFFFFFFFFFFFFFFFFFFFFC
:10041000FFFFFFFFFFFFFFFFFFFFFFFFFFFFFFFFEC
:10042000FFFFFFFFFFFFFFFFFFFFFFFFFFFFFFFFDC
:10043000FFFFFFFFFFFFFFFFFFFFFFFFFFFFFFFFCC
:10044000FFFFFFFFFFFFFFFFFFFFFFFFFFFFFFFFBC
:10045000FFFFFFFFFFFFFFFFFFFFFFFFFFFFFFFFAC
:10046000FFFFFFFFFFFFFFFFFFFFFFFFFFFFFFFF9C
:10047000FFFFFFFFFFFFFFFFFFFFFFFFFFFFFFFF8C
:10048000FFFFFFFFFFFFFFFFFFFFFFFFFFFFFFFF7C
:10049000FFFFFFFFFFFFFFFFFFFFFFFFFFFFFFFF6C
:1004A000FFFFFFFFFFFFFFFFFFFFFFFFFFFFFFFF5C
:1004B000FFFFFFFFFFFFFFFFFFFFFFFFFFFFFFFF4C
:1004C000FFFFFFFFFFFFFFFFFFFFFFFFFFFFFFFF3C
:1004D000FFFFFFFFFFFFFFFFFFFFFFFFFFFFFFFF2C
:1004E000FFFFFFFFFFFFFFFFFFFFFFFFFFFFFFFF1C
:1004F000FFFFFFFFFFFFFFFFFFFFFFFFFFFFFFFF0C
:10050000FFFFFFFFFFFFFFFFFFFFFFFFFFFFFFFFFB
:10051000FFFFFFFFFFFFFFFFFFFFFFFFFFFFFFFFEB
:10052000FFFFFFFFFFFFFFFFFFFFFFFFFFFFFFFFDB
:10053000FFFFFFFFFFFFFFFFFFFFFFFFFFFFFFFFCB
:10054000FFFFFFFFFFFFFFFFFFFFFFFFFFFFFFFFBB
:10055000FFFFFFFFFFFFFFFFFFFFFFFFFFFFFFFFAB
:10056000FFFFFFFFFFFFFFFFFFFFFFFFFFFFFFFF9B
:10057000FFFFFFFFFFFFFFFFFFFFFFFFFFFFFFFF8B
:10058000FFFFFFFFFFFFFFFFFFFFFFFFFFFFFFFF7B
:10059000FFFFFFFFFFFFFFFFFFFFFFFFFFFFFFFF6B
:1005A000FFFFFFFFFFFFFFFFFFFFFFFFFFFFFFFF5B
:1005B000FFFFFFFFFFFFFFFFFFFFFFFFFFFFFFFF4B
:1005C000FFFFFFFFFFFFFFFFFFFFFFFFFFFFFFFF3B
:1005D000FFFFFFFFFFFFFFFFFFFFFFFFFFFFFFFF2B
:1005E000FFFFFFFFFFFFFFFFFFFFFFFFFFFFFFFF1B
:1005F000FFFFFFFFFFFFFFFFFFFFFFFFFFFFFFFF0B
:10060000FFFFFFFFFFFFFFFFFFFFFFFFFFFFFFFFFA
:10061000FFFFFFFFFFFFFFFFFFFFFFFFFFFFFFFFEA
:10062000FFFFFFFFFFFFFFFFFFFFFFFFFFFFFFFFDA
:10063000FFFFFFFFFFFFFFFFFFFFFFFFFFFFFFFFCA
:10064000FFFFFFFFFFFFFFFFFFFFFFFFFFFFFFFFBA
:10065000FFFFFFFFFFFFFFFFFFFFFFFFFFFFFFFFAA
:10066000FFFFFFFFFFFFFFFFFFFFFFFFFFFFFFFF9A
:10067000FFFFFFFFFFFFFFFFFFFFFFFFFFFFFFFF8A
:10068000FFFFFFFFFFFFFFFFFFFFFFFFFFFFFFFF7A
:10069000FFFFFFFFFFFFFFFFFFFFFFFFFFFFFFFF6A
:1006A000FFFFFFFFFFFFFFFFFFFFFFFFFFFFFFFF5A
:1006B000FFFFFFFFFFFFFFFFFFFFFFFFFFFFFFFF4A
:1006C000FFFFFFFFFFFFFFFFFFFFFFFFFFFFFFFF3A
:1006D000FFFFFFFFFFFFFFFFFFFFFFFFFFFFFFFF2A
:1006E000FFFFFFFFFFFFFFFFFFFFFFFFFFFFFFFF1A
:1006F000FFFFFFFFFFFFFFFFFFFFFFFFFFFFFFFF0A
:10070000FFFFFFFFFFFFFFFFFFFFFFFFFFFFFFFFF9
:10071000FFFFFFFFFFFFFFFFFFFFFFFFFFFFFFFFE9
:10072000FFFFFFFFFFFFFFFFFFFFFFFFFFFFFFFFD9
:10073000FFFFFFFFFFFFFFFFFFFFFFFFFFFFFFFFC9
:10074000FFFFFFFFFFFFFFFFFFFFFFFFFFFFFFFFB9
:10075000FFFFFFFFFFFFFFFFFFFFFFFFFFFFFFFFA9
:10076000FFFFFFFFFFFFFFFFFFFFFFFFFFFFFFFF99
:10077000FFFFFFFFFFFFFFFFFFFFFFFFFFFFFFFF89
:10078000FFFFFFFFFFFFFFFFFFFFFFFFFFFFFFFF79
:10079000FFFFFFFFFFFFFFFFFFFFFFFFFFFFFFFF69
:1007A000FFFFFFFFFFFFFFFFFFFFFFFFFFFFFFFF59
:1007B000FFFFFFFFFFFFFFFFFFFFFFFFFFFFFFFF49
:1007C000FFFFFFFFFFFFFFFFFFFFFFFFFFFFFFFF39
:1007D000FFFFFFFFFFFFFFFFFFFFFFFFFFFFFFFF29
:1007E000FFFFFFFFFFFFFFFFFFFFFFFFFFFFFFFF19
:1007F000FFFFFFFFFFFFFFFFFFFFFFFFFFFFFFFF09
:10080000FFFFFFFFFFFFFFFFFFFFFFFFFFFFFFFFF8
:10081000FFFFFFFFFFFFFFFFFFFFFFFFFFFFFFFFE8
:10082000FFFFFFFFFFFFFFFFFFFFFFFFFFFFFFFFD8
:10083000FFFFFFFFFFFFFFFFFFFFFFFFFFFFFFFFC8
:10084000FFFFFFFFFFFFFFFFFFFFFFFFFFFFFFFFB8
:10085000FFFFFFFFFFFFFFFFFFFFFFFFFFFFFFFFA8
:10086000FFFFFFFFFFFFFFFFFFFFFFFFFFFFFFFF98
:10087000FFFFFFFFFFFFFFFFFFFFFFFFFFFFFFFF88
:10088000FFFFFFFFFFFFFFFFFFFFFFFFFFFFFFFF78
:10089000FFFFFFFFFFFFFFFFFFFFFFFFFFFFFFFF68
:1008A000FFFFFFFFFFFFFFFFFFFFFFFFFFFFFFFF58
:1008B000FFFFFFFFFFFFFFFFFFFFFFFFFFFFFFFF48
:1008C000FFFFFFFFFFFFFFFFFFFFFFFFFFFFFFFF38
:1008D000FFFFFFFFFFFFFFFFFFFFFFFFFFFFFFFF28
:1008E000FFFFFFFFFFFFFFFFFFFFFFFFFFFFFFFF18
:1008F000FFFFFFFFFFFFFFFFFFFFFFFFFFFFFFFF08
:10090000FFFFFFFFFFFFFFFFFFFFFFFFFFFFFFFFF7
:10091000FFFFFFFFFFFFFFFFFFFFFFFFFFFFFFFFE7
:10092000FFFFFFFFFFFFFFFFFFFFFFFFFFFFFFFFD7
:10093000FFFFFFFFFFFFFFFFFFFFFFFFFFFFFFFFC7
:10094000FFFFFFFFFFFFFFFFFFFFFFFFFFFFFFFFB7
:10095000FFFFFFFFFFFFFFFFFFFFFFFFFFFFFFFFA7
:10096000FFFFFFFFFFFFFFFFFFFFFFFFFFFFFFFF97
:10097000FFFFFFFFFFFFFFFFFFFFFFFFFFFFFFFF87
:10098000FFFFFFFFFFFFFFFFFFFFFFFFFFFFFFFF77
:10099000FFFFFFFFFFFFFFFFFFFFFFFFFFFFFFFF67
:1009A000FFFFFFFFFFFFFFFFFFFFFFFFFFFFFFFF57
:1009B000FFFFFFFFFFFFFFFFFFFFFFFFFFFFFFFF47
:1009C000FFFFFFFFFFFFFFFFFFFFFFFFFFFFFFFF37
:1009D000FFFFFFFFFFFFFFFFFFFFFFFFFFFFFFFF27
:1009E000FFFFFFFFFFFFFFFFFFFFFFFFFFFFFFFF17
:1009F000FFFFFFFFFFFFFFFFFFFFFFFFFFFFFFFF07
:100A0000FFFFFFFFFFFFFFFFFFFFFFFFFFFFFFFFF6
:100A1000FFFFFFFFFFFFFFFFFFFFFFFFFFFFFFFFE6
:100A2000FFFFFFFFFFFFFFFFFFFFFFFFFFFFFFFFD6
:100A3000FFFFFFFFFFFFFFFFFFFFFFFFFFFFFFFFC6
:100A4000FFFFFFFFFFFFFFFFFFFFFFFFFFFFFFFFB6
:100A5000FFFFFFFFFFFFFFFFFFFFFFFFFFFFFFFFA6
:100A6000FFFFFFFFFFFFFFFFFFFFFFFFFFFFFFFF96
:100A7000FFFFFFFFFFFFFFFFFFFFFFFFFFFFFFFF86
:100A8000FFFFFFFFFFFFFFFFFFFFFFFFFFFFFFFF76
:100A9000FFFFFFFFFFFFFFFFFFFFFFFFFFFFFFFF66
:100AA000FFFFFFFFFFFFFFFFFFFFFFFFFFFFFFFF56
:100AB000FFFFFFFFFFFFFFFFFFFFFFFFFFFFFFFF46
:100AC000FFFFFFFFFFFFFFFFFFFFFFFFFFFFFFFF36
:100AD000FFFFFFFFFFFFFFFFFFFFFFFFFFFFFFFF26
:100AE000FFFFFFFFFFFFFFFFFFFFFFFFFFFFFFFF16
:100AF000FFFFFFFFFFFFFFFFFFFFFFFFFFFFFFFF06
:100B0000FFFFFFFFFFFFFFFFFFFFFFFFFFFFFFFFF5
:100B1000FFFFFFFFFFFFFFFFFFFFFFFFFFFFFFFFE5
:100B2000FFFFFFFFFFFFFFFFFFFFFFFFFFFFFFFFD5
:100B3000FFFFFFFFFFFFFFFFFFFFFFFFFFFFFFFFC5
:100B4000FFFFFFFFFFFFFFFFFFFFFFFFFFFFFFFFB5
:100B5000FFFFFFFFFFFFFFFFFFFFFFFFFFFFFFFFA5
:100B6000FFFFFFFFFFFFFFFFFFFFFFFFFFFFFFFF95
:100B7000FFFFFFFFFFFFFFFFFFFFFFFFFFFFFFFF85
:100B8000FFFFFFFFFFFFFFFFFFFFFFFFFFFFFFFF75
:100B9000FFFFFFFFFFFFFFFFFFFFFFFFFFFFFFFF65
:100BA000FFFFFFFFFFFFFFFFFFFFFFFFFFFFFFFF55
:100BB000FFFFFFFFFFFFFFFFFFFFFFFFFFFFFFFF45
:100BC000FFFFFFFFFFFFFFFFFFFFFFFFFFFFFFFF35
:100BD000FFFFFFFFFFFFFFFFFFFFFFFFFFFFFFFF25
:100BE000FFFFFFFFFFFFFFFFFFFFFFFFFFFFFFFF15
:100BF000FFFFFFFFFFFFFFFFFFFFFFFFFFFFFFFF05
:100C0000FFFFFFFFFFFFFFFFFFFFFFFFFFFFFFFFF4
:100C1000FFFFFFFFFFFFFFFFFFFFFFFFFFFFFFFFE4
:100C2000FFFFFFFFFFFFFFFFFFFFFFFFFFFFFFFFD4
:100C3000FFFFFFFFFFFFFFFFFFFFFFFFFFFFFFFFC4
:100C4000FFFFFFFFFFFFFFFFFFFFFFFFFFFFFFFFB4
:100C5000FFFFFFFFFFFFFFFFFFFFFFFFFFFFFFFFA4
:100C6000FFFFFFFFFFFFFFFFFFFFFFFFFFFFFFFF94
:100C7000FFFFFFFFFFFFFFFFFFFFFFFFFFFFFFFF84
:100C8000FFFFFFFFFFFFFFFFFFFFFFFFFFFFFFFF74
:100C9000FFFFFFFFFFFFFFFFFFFFFFFFFFFFFFFF64
:100CA000FFFFFFFFFFFFFFFFFFFFFFFFFFFFFFFF54
:100CB000FFFFFFFFFFFFFFFFFFFFFFFFFFFFFFFF44
:100CC000FFFFFFFFFFFFFFFFFFFFFFFFFFFFFFFF34
:100CD000FFFFFFFFFFFFFFFFFFFFFFFFFFFFFFFF24
:100CE000FFFFFFFFFFFFFFFFFFFFFFFFFFFFFFFF14
:100CF000FFFFFFFFFFFFFFFFFFFFFFFFFFFFFFFF04
:100D0000FFFFFFFFFFFFFFFFFFFFFFFFFFFFFFFFF3
:100D1000FFFFFFFFFFFFFFFFFFFFFFFFFFFFFFFFE3
:100D2000FFFFFFFFFFFFFFFFFFFFFFFFFFFFFFFFD3
:100D3000FFFFFFFFFFFFFFFFFFFFFFFFFFFFFFFFC3
:100D4000FFFFFFFFFFFFFFFFFFFFFFFFFFFFFFFFB3
:100D5000FFFFFFFFFFFFFFFFFFFFFFFFFFFFFFFFA3
:100D6000FFFFFFFFFFFFFFFFFFFFFFFFFFFFFFFF93
:100D7000FFFFFFFFFFFFFFFFFFFFFFFFFFFFFFFF83
:100D8000FFFFFFFFFFFFFFFFFFFFFFFFFFFFFFFF73
:100D9000FFFFFFFFFFFFFFFFFFFFFFFFFFFFFFFF63
:100DA000FFFFFFFFFFFFFFFFFFFFFFFFFFFFFFFF53
:100DB000FFFFFFFFFFFFFFFFFFFFFFFFFFFFFFFF43
:100DC000FFFFFFFFFFFFFFFFFFFFFFFFFFFFFFFF33
:100DD000FFFFFFFFFFFFFFFFFFFFFFFFFFFFFFFF23
:100DE000FFFFFFFFFFFFFFFFFFFFFFFFFFFFFFFF13
:100DF000FFFFFFFFFFFFFFFFFFFFFFFFFFFFFFFF03
:100E0000FFFFFFFFFFFFFFFFFFFFFFFFFFFFFFFFF2
:100E1000FFFFFFFFFFFFFFFFFFFFFFFFFFFFFFFFE2
:100E2000FFFFFFFFFFFFFFFFFFFFFFFFFFFFFFFFD2
:100E3000FFFFFFFFFFFFFFFFFFFFFFFFFFFFFFFFC2
:100E4000FFFFFFFFFFFFFFFFFFFFFFFFFFFFFFFFB2
:100E5000FFFFFFFFFFFFFFFFFFFFFFFFFFFFFFFFA2
:100E6000FFFFFFFFFFFFFFFFFFFFFFFFFFFFFFFF92
:100E7000FFFFFFFFFFFFFFFFFFFFFFFFFFFFFFFF82
:100E8000FFFFFFFFFFFFFFFFFFFFFFFFFFFFFFFF72
:100E9000FFFFFFFFFFFFFFFFFFFFFFFFFFFFFFFF62
:100EA000FFFFFFFFFFFFFFFFFFFFFFFFFFFFFFFF52
:100EB000FFFFFFFFFFFFFFFFFFFFFFFFFFFFFFFF42
:100EC000FFFFFFFFFFFFFFFFFFFFFFFFFFFFFFFF32
:100ED000FFFFFFFFFFFFFFFFFFFFFFFFFFFFFFFF22
:100EE000FFFFFFFFFFFFFFFFFFFFFFFFFFFFFFFF12
:100EF000FFFFFFFFFFFFFFFFFFFFFFFFFFFFFFFF02
:100F0000FFFFFFFFFFFFFFFFFFFFFFFFFFFFFFFFF1
:100F1000FFFFFFFFFFFFFFFFFFFFFFFFFFFFFFFFE1
:100F2000FFFFFFFFFFFFFFFFFFFFFFFFFFFFFFFFD1
:100F3000FFFFFFFFFFFFFFFFFFFFFFFFFFFFFFFFC1
:100F4000FFFFFFFFFFFFFFFFFFFFFFFFFFFFFFFFB1
:100F5000FFFFFFFFFFFFFFFFFFFFFFFFFFFFFFFFA1
:100F6000FFFFFFFFFFFFFFFFFFFFFFFFFFFFFFFF91
:100F7000FFFFFFFFFFFFFFFFFFFFFFFFFFFFFFFF81
:100F8000FFFFFFFFFFFFFFFFFFFFFFFFFFFFFFFF71
:100F9000FFFFFFFFFFFFFFFFFFFFFFFFFFFFFFFF61
:100FA000FFFFFFFFFFFFFFFFFFFFFFFFFFFFFFFF51
:100FB000FFFFFFFFFFFFFFFFFFFFFFFFFFFFFFFF41
:100FC000FFFFFFFFFFFFFFFFFFFFFFFFFFFFFFFF31
:100FD000FFFFFFFFFFFFFFFFFFFFFFFFFFFFFFFF21
:100FE000FFFFFFFFFFFFFFFFFFFFFFFFFFFFFFFF11
:100FF000FFFFFFFFFFFFFFFFFFFFFFFFFFFFFFFF01
:10100000D1002043F1150060000000000000000046
:101010002010006000100060003C04600000000030
:10102000000000600048040000000000FFFFFFFF18
:10103000FFFFFFFFFFFFFFFFFFFFFFFFFFFFFFFFC0
:10104000FFFFFFFFFFFFFFFFFFFFFFFFFFFFFFFFB0
:10105000FFFFFFFFFFFFFFFFFFFFFFFFFFFFFFFFA0
:10106000FFFFFFFFFFFFFFFFFFFFFFFFFFFFFFFF90
:10107000FFFFFFFFFFFFFFFFFFFFFFFFFFFFFFFF80
:10108000FFFFFFFFFFFFFFFFFFFFFFFFFFFFFFFF70
:10109000FFFFFFFFFFFFFFFFFFFFFFFFFFFFFFFF60
:1010A000FFFFFFFFFFFFFFFFFFFFFFFFFFFFFFFF50
:1010B000FFFFFFFFFFFFFFFFFFFFFFFFFFFFFFFF40
:1010C000FFFFFFFFFFFFFFFFFFFFFFFFFFFFFFFF30
:1010D000FFFFFFFFFFFFFFFFFFFFFFFFFFFFFFFF20
:1010E000FFFFFFFFFFFFFFFFFFFFFFFFFFFFFFFF10
:1010F000FFFFFFFFFFFFFFFFFFFFFFFFFFFFFFFF00
:10110000FFFFFFFFFFFFFFFFFFFFFFFFFFFFFFFFEF
:10111000FFFFFFFFFFFFFFFFFFFFFFFFFFFFFFFFDF
:10112000FFFFFFFFFFFFFFFFFFFFFFFFFFFFFFFFCF
:10113000FFFFFFFFFFFFFFFFFFFFFFFFFFFFFFFFBF
:10114000FFFFFFFFFFFFFFFFFFFFFFFFFFFFFFFFAF
:10115000FFFFFFFFFFFFFFFFFFFFFFFFFFFFFFFF9F
:10116000FFFFFFFFFFFFFFFFFFFFFFFFFFFFFFFF8F
:10117000FFFFFFFFFFFFFFFFFFFFFFFFFFFFFFFF7F
:10118000FFFFFFFFFFFFFFFFFFFFFFFFFFFFFFFF6F
:10119000FFFFFFFFFFFFFFFFFFFFFFFFFFFFFFFF5F
:1011A000FFFFFFFFFFFFFFFFFFFFFFFFFFFFFFFF4F
:1011B000FFFFFFFFFFFFFFFFFFFFFFFFFFFFFFFF3F
:1011C000FFFFFFFFFFFFFFFFFFFFFFFFFFFFFFFF2F
:1011D000FFFFFFFFFFFFFFFFFFFFFFFFFFFFFFFF1F
:1011E000FFFFFFFFFFFFFFFFFFFFFFFFFFFFFFFF0F
:1011F000FFFFFFFFFFFFFFFFFFFFFFFFFFFFFFFFFF
:10120000FFFFFFFFFFFFFFFFFFFFFFFFFFFFFFFFEE
:10121000FFFFFFFFFFFFFFFFFFFFFFFFFFFFFFFFDE
:10122000FFFFFFFFFFFFFFFFFFFFFFFFFFFFFFFFCE
:10123000FFFFFFFFFFFFFFFFFFFFFFFFFFFFFFFFBE
:10124000FFFFFFFFFFFFFFFFFFFFFFFFFFFFFFFFAE
:10125000FFFFFFFFFFFFFFFFFFFFFFFFFFFFFFFF9E
:10126000FFFFFFFFFFFFFFFFFFFFFFFFFFFFFFFF8E
:10127000FFFFFFFFFFFFFFFFFFFFFFFFFFFFFFFF7E
:10128000FFFFFFFFFFFFFFFFFFFFFFFFFFFFFFFF6E
:10129000FFFFFFFFFFFFFFFFFFFFFFFFFFFFFFFF5E
:1012A000FFFFFFFFFFFFFFFFFFFFFFFFFFFFFFFF4E
:1012B000FFFFFFFFFFFFFFFFFFFFFFFFFFFFFFFF3E
:1012C000FFFFFFFFFFFFFFFFFFFFFFFFFFFFFFFF2E
:1012D000FFFFFFFFFFFFFFFFFFFFFFFFFFFFFFFF1E
:1012E000FFFFFFFFFFFFFFFFFFFFFFFFFFFFFFFF0E
:1012F000FFFFFFFFFFFFFFFFFFFFFFFFFFFFFFFFFE
:10130000FFFFFFFFFFFFFFFFFFFFFFFFFFFFFFFFED
:10131000FFFFFFFFFFFFFFFFFFFFFFFFFFFFFFFFDD
:10132000FFFFFFFFFFFFFFFFFFFFFFFFFFFFFFFFCD
:10133000FFFFFFFFFFFFFFFFFFFFFFFFFFFFFFFFBD
:10134000FFFFFFFFFFFFFFFFFFFFFFFFFFFFFFFFAD
:10135000FFFFFFFFFFFFFFFFFFFFFFFFFFFFFFFF9D
:10136000FFFFFFFFFFFFFFFFFFFFFFFFFFFFFFFF8D
:10137000FFFFFFFFFFFFFFFFFFFFFFFFFFFFFFFF7D
:10138000FFFFFFFFFFFFFFFFFFFFFFFFFFFFFFFF6D
:10139000FFFFFFFFFFFFFFFFFFFFFFFFFFFFFFFF5D
:1013A000FFFFFFFFFFFFFFFFFFFFFFFFFFFFFFFF4D
:1013B000FFFFFFFFFFFFFFFFFFFFFFFFFFFFFFFF3D
:1013C000FFFFFFFFFFFFFFFFFFFFFFFFFFFFFFFF2D
:1013D000FFFFFFFFFFFFFFFFFFFFFFFFFFFFFFFF1D
:1013E000FFFFFFFFFFFFFFFFFFFFFFFFFFFFFFFF0D
:1013F000FFFFFFFFFFFFFFFFFFFFFFFFFFFFFFFFFD
:10140000824205D051F8043B40F8043B8242F9D8AF
:10141000704700BF044A05494FF0000342F8043BFF
:101420009142FBD8704700BFC0760220408A04205A
:1014300080B5BFF34F8F00F031FE544C544B082061
:101440005449C3F85401544AC3F800115348C3F82F
:10145000F0405349FFF7D4FF524A53495348FFF72E
:10146000CFFF534CFFF7D6FF4FF470004FF0E02151
:101470000023504AC1F8880D44F823200133B02BD3
:10148000FAD14D4B80214D4A03F8011B9342FBD109
:101490004FF0E0254A4F4B4A4FF0FF31C5F8084D59
:1014A0000026D5F8243D43F4E023C5F8243DFB692C
:1014B00023F07F0343F04003FB617B6A23F07F034B
:1014C00043F040037B629166D1661167516700F07B
:1014D000EDFD3D4B63223D49A3633D4BE363032395
:1014E0006A613C4AAE612B61C5F8202DD5F8FC2D10
:1014F000394B42F08072C5F8FC2D1A6842F00102A7
:101500001A605B680B6000F095FF344801F0FCF84E
:10151000F96E334B334A41F44051F9661E60C3F80B
:101520000861C3F81861C3F82861C3F83861936B88
:10153000DB0708D442F615632B4951651365936B9D
:1015400043F001039363274A284C936843F0011347
:10155000936000F035FE00F01BFD01F0F9F800F09B
:1015600097FF00F09DFD2368132BFCD901F028F8AC
:101570002368B3F5967FFBD300F096FD00F092FD53
:1015800001F0C6F801F0DCF830BFFDE70C0D1113D7
:1015900000800D401B101820F8980100000000008A
:1015A00070290060C07602206CC20160000000203B
:1015B0000074022039CE000000E400E0A0E400E066
:1015C00000C00F4000C00A40BDC200000C890420CA
:1015D000C1C2000000002020001000E00046C3232C
:1015E0000040084000400D400000C0561089042013
:1015F000054B4FF42A01054A05485A641864054A08
:1016000099639546FFF714FF00C00A40FFAAAAAAF3
:10161000070020000000062043690A4A03EB01107E
:1016200010B4037A084C02EB0313D3E901321460BF
:10163000C2681A6003690BB142691A605DF8044B15
:10164000704700BFE4D7002061F801004369027EC3
:1016500003EB021292F808C08C451CD01A7AFF2ABC
:1016600019D0914210B5044616D01A7EFF2A06D032
:101670000121D3E9002312681A4201D1217610BD5D
:10168000064B0522204603EB0C135B681A60FFF73C
:10169000C3FF2176F3E770470021EAE7E4D7002093
:1016A00043690A4A03EB011010B490F82830084C43
:1016B00002EB0313D3E901321460C26A1A60036BB0
:1016C0000BB1426B1A605DF8044B7047E4D7002001
:1016D00061F801004369427E03EB021292F828C0D0
:1016E0008C451ED093F82820FF2A1AD0914210B5BD
:1016F000044617D093F83820FF2A06D00121D3E9F9
:10170000002312681A4201D1617610BD064B0522F2
:10171000204603EB0C135B681A60FFF7C1FF61768C
:10172000F3E770470021EAE7E4D700201649426951
:101730008B6B23F47C0343F4802370B58B630446E6
:10174000124DD2E900130A681A4303690A600222A3
:1017500000211A610E4A19619A6401225A629D623F
:101760004FF43035DD624FF001159E6C1E65196235
:101770009D651A61017EFFF74FFF617E2046BDE83F
:101780007040FFF78DBF00BF00C00F40B80B0505CC
:101790003B372819204B002030B4C3E92000C3E9AF
:1017A0002200C3E92400C3E92600C3F8A800BFF360
:1017B0004F8F4FF0E0231949194AC3F8701FC3F83F
:1017C000702FBFF34F8FBFF36F8F164B0146164C30
:1017D00001229D6804F6DC749D601863134B44F885
:1017E0001C0C184602330088A34212FA80F21144FE
:1017F000F7D192B20C4B42EA0142C3F8DC2FBFF39F
:101800004F8F4FF0E023094AC3F8682FBFF34F8F83
:10181000BFF36F8F30BC704700FF272080FF272069
:10182000A0FF272000800F4000F02720C0FF2720C6
:10183000B24BD3F880200B2A2DE9F0470D461BD17F
:101840004FF0FF3CAE49AF4BAF4E081D8CEA020C87
:1018500020240CF00102013C03FB02F282EA5C0C42
:10186000F7D1B04202D04A680146EEE7DFF88C8239
:10187000D8F8A8309C4579D02B681722A349284670
:101880005B689847284600F04FFF2B684822A04924
:101890005B6828469847284600F046FF2B68492297
:1018A0009C495B6828469847284600F03DFF2B6816
:1018B000242299495B6828469847284600F034FF5F
:1018C0002B68472295495B6828469847284600F0D0
:1018D0002BFF2B683F2292495B6828469847284691
:1018E00000F022FF8F4B9C68A2070DD51A6B8E4B20
:1018F0009A422B6800F0748140228C495B6828462C
:101900009847284600F010FF670700F15F8126071F
:1019100000F15281E00600F14581A10600F1388115
:10192000620600F12B81230600F1DD8014F480743F
:1019300040F0AD80714BD3F8C06096B1D3F8DC7045
:101940000122C0337A48194602330988834212FAC9
:1019500081F21444F7D193B243EA04439F4200F06A
:101960007C81FFF717FF0120BDE8F0872B680C2270
:10197000704928465B689847284600F0D5FE2A68DB
:10198000D8F8A49028466C4BD2F804A0A3FB0927F2
:101990006A497F09A3FB072326225E09C8F8A460D1
:1019A000D04767490A222846A1FB06312346090988
:1019B00001EB4101A6EBC10100F0D2FE2B68C6EBA2
:1019C000061601225B6828465E4998472346A7EB26
:1019D00086010A222846C7EB071700F0C1FE2B68D4
:1019E000012258495B68284698472346A9EB87019E
:1019F0000A22284600F0B4FE284600F095FE2B6827
:101A0000242251495B682846984723461022D8F87B
:101A10009810284600F0A4FE284600F085FED8F86D
:101A20008860002E40F0DF80344ED6F88C40002CC9
:101A300040F0FA802B682222444928465B68984788
:101A40002E4B0221284693ED280AB7EEC00A00F07B
:101A500083FE2B6804223E495B6828469847284647
:101A600000F062FE2B681D223A495B6828469847C1
:101A7000394A3A48002311680A22A0FB010128468E
:101A8000890C00F06DFE2B680322354924E72B6892
:101A90002922344928465B689847284600F044FECE
:101AA0002049286821228B684468284623F48073E3
:101AB0008B602D49A047284600F036FE2B68422255
:101AC0002A495B6828469847284600F02DFE284A98
:101AD000284B07211964936B43F040039363BFF3D2
:101AE0004F8F30BFFDE72B682122234928465B68D2
:101AF0009847284600F018FE18E700BF00FF27208F
:101B000080FF27202083B8EDA8FF272038E10020A0
:101B100050E100209CE10020E8E1002010E20020DC
:101B200058E2002000800F40F100AD0BE4E20020FD
:101B3000DCFF272028DC00208988888838DC00200A
:101B4000ABAAAAAAE408002060DC0020E8E000209C
:101B50000CE1002014E10020E065022083DE1B433D
:101B600034E1002018E4002044E4002068E4002070
:101B700000400D4000C00A40F4E300202B68212201
:101B80009C4928465B689847284600F0CDFDCAE688
:101B90002B682922984928465B689847284600F018
:101BA000C3FDBDE62B682622944928465B6898470A
:101BB000284600F0B9FDB0E62B682A229049284655
:101BC0005B689847284600F0AFFDA3E62B68272204
:101BD0008C4928465B689847284600F0A5FD96E6A4
:101BE000482289498AE62B680822884928465B688A
:101BF000984723461022D8F88810284600F0B0FDF8
:101C0000284600F091FDF40769D4B00700F1538134
:101C1000310700F14481F20600F15D81B30667D51A
:101C20002B682A227A495DE02B68082279492846E8
:101C30005B68984700231022D6F88C10284600F0E5
:101C40008FFD284600F070FDA00767D461007FF586
:101C5000F1AE2B681B22704963E00124DFF8F4A188
:101C6000DFF8F491DFF8D48105E00134072C3FF46C
:101C700078AED8F8C060631E012707FA03F232423B
:101C8000F3D009EB83062B680E2251465B68284689
:101C900098472146284600F04BFD2B6805225F49F6
:101CA0005B6828469847716800230A22284600F09E
:101CB00057FD2B6804225A495B682846984771688B
:101CC00000231022284600F04BFD2B683A46554968
:101CD0005B6828469847284600F026FDC5E72B6834
:101CE000282251495B6828469847284600F01CFD89
:101CF00037063CD4F4051BD4B00500F1D88071053B
:101D000000F1D180320500F1E280F30400F1DB80C4
:101D1000B70416D52B68312244490CE02B682622E3
:101D2000434928465B689847284600F0FDFC81E659
:101D30002B6820223F495B6828469847284600F0D8
:101D4000F3FC340440D4F0032ED4B10300F1B78087
:101D500072034BD4330300F1C680F70100F1BF805A
:101D6000B4017FF561AE2B681B2233491FE02B685D
:101D70002122324C284632495B68984710220023C2
:101D8000D4F89010284600F0EBFCD4F890201F2ADD
:101D900064D92C4B9A4203D320339A42C0F0A780D7
:101DA000284600F0C1FCA5E72B68232226495B6882
:101DB0002846224E9847284600F0B6FCD6F88C40BC
:101DC000002C3FF437AE2FE72B6821221F4928460D
:101DD0005B689847194900231022D1F894102846CF
:101DE00000F0BEFC284600F09FFCACE72B682822E0
:101DF0001749DCE7D0E30020A4E300207CE30020C7
:101E000050E3002028E3002098E2002088DC002036
:101E100038DD002098E00020CCE00020BCE4002069
:101E2000C4E400209CDE002094DC00205CDF002065
:101E3000A4E000204CDE00207CE0002000FF2720F2
:101E400064DD0020408A0420B4DF002090DF002001
:101E50000CE00020ACE40020C0FF27202B681F22EC
:101E6000264928465B689847D4F89810002310222A
:101E7000284600F075FC2B683F2221495B68284604
:101E80009847D4F8981000231022284600F068FCE8
:101E90002B681D221B495B682846984780E72B6802
:101EA000292219491EE72B684422184943E72B6869
:101EB0002D2217493FE72B682122164912E72B688C
:101EC0003122154973E72B683322144933E72B6815
:101ED0003F2213492FE72B682522124902E72B687E
:101EE0002822114963E72B68162210495FE72B6807
:101EF00042220F4928465B68984751E788DD002059
:101F0000A8DD0020E8DD0020E4DC0020A0DE0020C9
:101F100070DE0020C0DC0020D8DF002028DF002099
:101F2000E8DE002010DD002050E0002038E0002036
:101F300008DE0020124BD3F880300B2B1ED14FF05F
:101F4000FF32104830B5104D104C01E06B687546FB
:101F500005F1040E5A40202102F00103013900FB73
:101F600003F383EA5202F7D1A645EFD1044BD3F82D
:101F7000A800801AB0FA80F0400930BD00207047F8
:101F800000FF27202083B8ED80FF2720A8FF27200F
:101F9000104BA020104AD96E41F4403110B4D966DC
:101FA00040F23764D96E41F44071D966546490644C
:101FB000936C1B06FCD4094A40F23761A02351649C
:101FC0009364936C13F08003FBD1054A13705DF8A2
:101FD000044B704700C00F4000400C4000800C4094
:101FE000F88904202B4A0021012310B4C2F8A00074
:101FF000C2F8A410C2F8B0305369DB07FCD5012346
:102000004FF4803423495361C2F8A000C2F8A440C1
:10201000C2F8B0304B69DC07FCD501234FF4003423
:102020001C4A4B61C1F8A000C1F8A440C1F8B0300F
:102030005369D907FCD50123174C16495361C2F8DF
:10204000A000C2F8A440C2F8B0304B69DB07FCD551
:10205000D1F8003145F60D5021249AB24C618242EC
:1020600014D045F69D518A420CD1C3F34253032B41
:102070000CD0A3F104035DF8044BB3FA83F35B09BE
:102080001801704700205DF8044B704708205DF888
:10209000044B704700402A4004000300704700BF13
:1020A000704700BF704700BF00BF704710B44FF0CB
:1020B000E023002110243248C3F8941DC3F89C4D3E
:1020C0001124C3F8A00D2F48C3F89C4D1224C3F867
:1020D000A00D2D48C3F89C4D2C4AC3F8A00D2C4CE4
:1020E00042F015022B48C3F89C4DC3F8A00D2A4CB2
:1020F0002A48C3F89C4DC3F8A00D294CC3F89C2D69
:102100002848294AC3F8A04DC3F89C0DC3F8A02D58
:1021100002F5A022254C0C322548C3F89C4DC3F88B
:10212000A02D244AC3F89C0DC3F8A02D02F14062F3
:10213000214C02322148C3F89C4DC3F8A02D0A322D
:10214000C3F89C0DC3F8A02D00BF00BF00BF00BFA7
:1021500000BF0122C3F8942DBFF34F8FBFF36F8FE1
:10216000C3F8501FBFF34F8FBFF36F8FD3F8142DF9
:102170005DF8044B42F44032C3F8142D704700BFA1
:102180003F0000102500080709001000408A0420C5
:10219000130020002100020714000020250008136E
:1021A000090000101600202027000B131700004024
:1021B000180000602F000B07190000701A00008043
:1021C000F0B5824B1822824D0120824F83B0C3F8B4
:1021D0005C528149C3F86072804CC3F86452A5F523
:1021E00030457F4EC3F8685248F20C75C3F86C4214
:1021F000C3F87042C3F87442C3F878424FF0FF341A
:10220000DA661A675A679A67DA67C3F88020C3F8F4
:102210008420C3F88820C1F82C03724AC1F8300327
:10222000C1F83403C1F83803C1F83C03C1F85003C6
:10223000B1696D4B0A406D486D4913436D4AB361F6
:10224000D6F8843043F00C03C6F88430036843F0BA
:102250000203036003682B4021251A43664B02608A
:1022600044608A68654C1340654A43F000538360BC
:10227000C36823F07803C360036A134023430362F7
:10228000036A13405F4A234340F20564436282625B
:10229000C2620022D1F8B83023F03F0343F00103BB
:1022A000C0F8B830D1F8BC30574923F03F0343F0B1
:1022B0000103C0F8BC3002610567C0F88040456783
:1022C000C0F884400224036823F0020303608161A4
:1022D0004E4B4F49C46143F8042B8B42FBD1434D15
:1022E0002B6843F001032B602C6814F00104FBD130
:1022F0004549022340F2F5622046A96140F2994126
:10230000EB6140F26643C5F8002242F20142C5F893
:102310001032404BC5F82012C5F8303240F2354338
:10232000C5F834223C49C5F840323C4BC5F8501240
:102330003B4AC5F8543242F20123C5F86022C5F881
:102340006432FFF74FFE0646002836D083024FF472
:1023500080222B660123C5F8A040244CC5F8A42098
:10236000C5F8B0306369DA07FCD50125370565612A
:102370003846FFF737FE32182A4BD2B21A7078B1BE
:1023800080024FF4802319496066C4F8A070C4F835
:10239000A430C4F8B0504B69DB07FCD501234B6176
:1023A00021490024214801230094401A00EB0252E5
:1023B0001F4800F0C1F903B0F0BD1D4B194A186069
:1023C0001070D860C3E9010003B0F0BD00801F4069
:1023D000F9B00100F910010000841F40F9700100FC
:1023E00000C00F40FFFCFF1F0003008000402A4098
:1023F00000802A401200FFFFFF37F70040000080F6
:1024000000FFF07CFF000F83F05AF05A00422A4090
:1024100000432A409F041830EB06180A06320126B2
:102420003806180AFA890420008000700000007045
:102430000C820420F0B4154A40274FF480314FF449
:1024400080564FF400554FF4404443F24200136964
:1024500013F0020F0ED113F4005F0FD013F4805F5E
:102460000ED0002BF3DA13F4803F0BD15B060BD5B3
:10247000F0BC7047946151619061E8E75561E6E70F
:102480005661E4E79161E2E75761E0E700800D40C3
:102490003F4A03203F49F3EE095AD2F880304FF00B
:1024A000000C9FED3D6A23F001039FED3C5A30B4D0
:1024B000C2F88030C2F89000D1F8E010384DCBB2AD
:1024C000384C39482B6007EE903A0B0DC1F30B21C5
:1024D000F8EEE77A06EE903A07EE101A334BB8EEB4
:1024E000C77A2160F8EEE66A314937EEC66A37EE00
:1024F000C55A76EEC76A77EEE57A26EE266AC3ED10
:10250000006A25EE265AD2F8803067EEA64AC0ED62
:10251000007AC6EE275A274885EE276AC4EEA76AD6
:1025200075EE875AFCEEE55A36EE076A15EE904ACC
:10253000BCEEC66A43EA045376EE877AC2F880306E
:1025400016EE103AD2F89041FCEEE77A01EA034128
:10255000214317EE903AC2F89011C3F30B03D2F85F
:1025600090110B431449C2F89031D2F8803043F0F7
:102570000203C2F88030114B80F840C0C1F84031EE
:102580004FF0E023012230BCC3F80821704700BFA0
:1025900000810D4000441F400000AA420000B442E8
:1025A000308404202C8404203484042038840420C3
:1025B0000000FF0F00E400E00074022021D00000C2
:1025C000314B40F6617210B5C3F8202140F204444B
:1025D00000F0A2F82D4A2E49D2F880302D4843F061
:1025E0000303C2F880302C4BC1F8604102681A42E4
:1025F00003D1D1F8A8319A071BD0254A4FF00041EA
:10260000244B5963D2F8403143F00203C2F8403101
:10261000D2F840319B07FBD44FF400304FF0E0215B
:102620001C4B4FF00042C1F88C0219209A6300F055
:1026300077F8184A4FF08040154C002190630A202B
:10264000164B11604FF42072C4F8A801184600F030
:102650007BF84FF4800203464FF4810040F24311AF
:102660001860C4F858311A640D4B0E4AC4F848116A
:10267000C3F804224FF0E0224FF400310123C2F8E6
:102680000C11C4F8403110BD00800D4000C00F4057
:1026900000002E4000900D40001C1E000000002095
:1026A0000074022009D2000008B50E4B1B6E9B0778
:1026B00000D4FBBE72B60C4B00200C4AC3F840019C
:1026C00003F160430A49A3F55F2311649D46BFF3FC
:1026D0004F8F4FF400130748074ADB6902609B687D
:1026E000984700BF00441F4000002E4000C00A4031
:1026F0000300200000802020000012EBF8B500BF8E
:10270000F8BC08BC9E4670475FF800F045C7000063
:102710005FF800F0BD1301005FF800F079D9000008
:102720005FF800F061CA00005FF800F081C30000AC
:102730005FF800F069C300005FF800F0D1E300002B
:102740005FF800F021CC00005FF800F045110100B7
:102750005FF800F091E200005FF800F0A1C4000013
:102760005FF800F0D5C3000045000000E11A00004A
:0827700091450000055A00002C
:1027780080C00F4000000003190000001000000096
:10278800E8841F4001000000FF000000FF00000077
:102798000000000000000000180000001000000009
:1027A800E4841F4001000000FF000000FF0000005B
:1027B80000000000000000001F000000F965000094
:1027C80070C00F40000C0000110000001100000054
:1027D800E0841F40020000002C00000012000000EE
:1027E800E0841F40010000001000000011000000FC
:1027F800DC841F40020000002D00000012000000D1
:10280800DC841F40010000001E000000ED65000090
:1028180070C00F40C000000012000000130000004C
:10282800D0841F4001000000FF000000FF000000EE
:10283800000000000000000013000000130000006A
:10284800CC841F4001000000FF000000FF000000D2
:1028580000000000000000001C000000E16500000E
:102868001603550053004200200053006500720013
:10287800690061006C0000001803540065006500E1
:102888006E00730079006400750069006E006F00C7
:102898000403090409026200030100C032080B00A6
:1028A80002020201000904000001020201000524DD
:1028B8000010010524010101042402060524060074
:1028C800010705820310001009040100020A000034
:1028D80000070503024000000705840240000009C4
:1028E80004020002FF6AFF00070581024000010799
:1028F800050102400001000009026200030100C056
:1029080032080B0002020201000904000001020261
:102918000100052400100105240101010424020618
:1029280005240600010705820310000509040100BB
:10293800020A0000000705030200020007058402DE
:102948000002000904020002FF6AC70007058102AD
:102958000002010705010200020100000A06000248
:08296800EF0201400100000034
:102970000000000000000000000000000000000057
:102980000000000000000000000000000000000047
:102990000548064B1B1AD90F01EBA301491002D0C1
:1029A000034B03B118477047C0760220C07602205F
:1029B0000000000008B5054B1BB105490548AFF301
:1029C0000080BDE80840FFF7E3BF00BF0000000043
:1029D000C8830420004804602DE9F0413E4C41F2D8
:1029E00087363E4D2368B34210D83D4FDFF818813B
:1029F0000EF05CF82B78002B4FD03B78DA074CD5E3
:102A00002368D8F800209B1A0E2B46D90EF04EF8FA
:102A10002B781BB1324B1B78DB0742D401F02AFD27
:102A2000304C01F0F3FC04212F480DF0C1FF2F487A
:102A300011F0DEFB01462D480DF0BAFF2C480CF0DA
:102A400057F901F0F3FC05F037FE03F091FA034665
:102A50000B21284823800DF0ABFF218824480CF07F
:102A60003BF9254C22480CF043F904F0C5F9234802
:102A700004F0CCFF05F0AAF92268214B9A4200D954
:102A8000236005F055FC206801F04CFC01F052FC7D
:102A90001C4B01221A70BDE8F0812368B342A7D90C
:102AA000B4E7194A236812689B1A0E2BB6D9102175
:102AB00016480DF07DFF0E480CF01AF90821144855
:102AC0000DF076FF216800230A2209480CF03AF93C
:102AD00007480CF00DF9A1E710890420028A0420B0
:102AE000018A0420E6890420F4DB00202C890420DC
:102AF0001C670220FCDB0020B8700220E883042061
:102B000000EE02005771022040890420D4DB00202F
:102B1000E8DB00202DE9F0471D4604460F46164627
:102B20000DF0C4FF814B1B78002B00F0D380804B4D
:102B30001B78DB0740F1CE807E4B7F4A1B68126812
:102B40009B1A0E2B40F2C68034B1204611F050FB88
:102B5000014620460DF02CFF00230A223946DFF8FB
:102B6000149276480CF0EEF8012175480DF020FF24
:102B7000744C00230A22D9F8001070480CF0E2F8D7
:102B800001216F480DF014FF216800230A22C1F3D0
:102B90005421DFF8E48169480CF0D4F80121684839
:102BA0000DF006FF0A220023D8F8001063480CF04D
:102BB000C9F8012162480DF0FBFE23689FED627A9F
:102BC00002219B00DFF8B4A15C48002407EE903A94
:102BD0005E4FF8EE677A87EE270AB7EEC00A0CF070
:102BE00017F9012156480DF0E3FE00230A22DAF816
:102BF000001052480CF0A6F8012151480DF0D8FE03
:102C000000230A2239684D480CF09CF801214C48F9
:102C10000DF0CEFE4E4B0A224848196823460CF0B0
:102C200091F8012146483C60C9F80040494FC8F876
:102C30000040CAF800400DF0BBFE23460A2231686E
:102C40003E480CF07FF8012134602C1F3C480C35C5
:102C50000DF0AEFE032097ED000A05F051FE0023B3
:102C600002213D48364E3B600DF0A2FE0121304668
:102C70000DF09EFE54F8040F002105F0E5FDAC4276
:102C8000F4D1364C04212E4F2C4E04F1400534482B
:102C90000DF08EFE012138460DF08AFEB4EC010ADB
:102CA00004213046B7EEC00A0CF0B2F8A542F1D1CB
:102CB0002C4D05212C480DF07BFE00230A222968AB
:102CC0001E480CF03FF82B6833B91C48BDE8F047AC
:102CD0000CF00EB8BDE8F087244C08212448DFF83A
:102CE000608004F14006154F0DF062FE0121404660
:102CF0000DF05EFED5ED007AB4EC017A0421F8EE19
:102D0000677A384687EE270AB7EEC00A0CF080F8DB
:102D1000B442EBD140220021144810F0CBFE002336
:102D200006482B60BDE8F0470BF0E2BF028A0420A2
:102D3000018A042010890420408904201C67022095
:102D400024080020B87002200000FA49F481042011
:102D50005C81032098980220E80F00205C89042001
:102D6000D8080020DC890420E00800209C89042089
:102D7000E80800205481032058810320E4830420C4
:102D8000F8B5434C207804F087FA207000283AD038
:102D9000042833D03F4804F0B1FF00282CDD3E4B1F
:102DA0001B88002B34D0207805286AD03B4E03F0D6
:102DB00089FA3B4932683B4F01320B682070326020
:102DC00003F57A733A68934216D23B68364D0B602E
:102DD000364B374C1F687A1C1A600FCD0FC40FCDCD
:102DE0000FC495E803003246A4F1200384E80300F1
:102DF00039463048FFF78EFE30BFF8BD01F0B2FB18
:102E000005232370C6E701F0BFFB01232370C1E750
:102E10002549204804F03AFF2378022B25D8264F75
:102E2000264A3B681F4901333B601368086803F575
:102E30007A738342E0D20B681B4E13601B4B1C4D10
:102E4000D3F800C00CF101021A600FCE0FC50FCEEF
:102E50000FC596E80300A5F120033A4685E8030074
:102E600061461748FFF756FE2378032BC4D104238D
:102E70000D21144823700DF09BFD13480BF038FF13
:102E8000BAE70949034804F001FF30BFF8BD00BFAD
:102E900057710220E8830420E6890420B8830420C7
:102EA000107E032010890420F4810320187E032063
:102EB000788304207CDB0020BC830420147E032064
:102EC00084DB00208CDB00201C6702204B1C012BC4
:102ED00098BF70472DE9F003911C9B08B1F804805E
:102EE000B1F802900A8831F802CC8044814402444F
:102EF0008444D9F80070D8F800601568DCF8004008
:102F0000C9F80060C8F80070CCF800501460D9F817
:102F10000470D8F804605568DCF80440C9F804600F
:102F2000C8F80470CCF8045054600831013BD5D186
:102F3000BDE8F00370474B1C012B98BF70472DE98B
:102F4000F003911C9B08B1F80480B1F802900A8844
:102F500031F802CC00EB580800EB590900EB5202A3
:102F600000EB5C0CD9F80070D8F800601568DCF84C
:102F70000040C9F80060C8F80070CCF80050146038
:102F80000831013BDFD1BDE8F00370472DE9F04186
:102F900005460846B5F800806A684FEA580100EB1C
:102FA00088065FEAD8082DED088B82B000F0A98072
:102FB0004FEA810C00F1100302F1100706F1100E28
:102FC0000CF1100C03EB081800EB0C04B4445EED9C
:102FD000042A0CF1100C1EED033A0EF1100E1CED3C
:102FE000082A10375CED075A10335EED063A1034AC
:102FF0001EED054A5CED067A5CED056A13ED081AD4
:1030000053ED071A13ED066A71EE22BA13ED057A35
:1030100031EE83BA54ED084A76EE23AA14ED075A2E
:1030200037EE04AA54ED060A74EE829A14ED050AEE
:1030300035EE259A70EEA78A43ED08BA30EE268A5F
:1030400003ED07BA43ED06AA31EE621A03ED05AAB5
:1030500071EEC31A44ED089A32EE642A04ED079A21
:1030600075EEC55A44ED068A37EE447A04ED058ABA
:1030700036EE636A57ED084A77EEE07A17ED075AA5
:1030800076EEC06A22EE244A434561EE852A25EE9B
:10309000413A64EEE53AE1EE242AA1EEA43AF0EEDC
:1030A000444AE2EE053AE5EE854A4EED082A0EED79
:1030B000073A4CED083A4CED074A17ED065A57ED22
:1030C000055A67EE854A27EE253A65EEC63A25EEA3
:1030D000664AA6EE053AB0EE646AA6EEA56AF0EE80
:1030E000636A0EED063AE7EE056AB0EE447AA7EEA3
:1030F000A57A4EED056A0CED056A0CED067A7FF4B3
:1031000066AF89B20223019100F022FB02236A68B4
:103110000199304602B0BDEC088BBDE8F04100F0EB
:1031200017BB00BF0288D1ED007A5208D1ED015AD9
:103130002DE9F04F2DED028B8FB001EB82070D468C
:1031400006460B9008460C9101EBC20197ED007A00
:10315000930091ED006A01EB820491ED015A52084F
:1031600077EE866A97ED013A77EEC67A766835EEA5
:10317000856A069275EEC55A0A4677EE263A0830F9
:1031800076EEC76A083275EEC74A06F1080C37EECC
:10319000257AD4ED005A33EE274A059273EEA53A0C
:1031A000224636EE435A039077EEC37A94ED013A05
:1031B000C5ED003A74EEA54AD7ED013A76EEE56A20
:1031C00037EE657AD4ED015A36EE236A083234EED2
:1031D000434A089735EE435A049277EE837A28469D
:1031E00036EE256ABE4609910A9685ED016A3D468E
:1031F00087ED004AC7ED014A0835C1ED006A81ED4F
:10320000015A069FC4ED007A84ED017ABA1ECDF80A
:1032100008C006F1100CCDF800C006F1180CCDF86E
:1032200004C05FEA520CCDF81CC000F0318100F1FF
:103230001007AEF10C000A460C3B0D9006F1200978
:103240000EF1100006F1300802F1100E2344DDF8F3
:1032500000A00C39A4F10C0C04F11002DDF81CB034
:103260000D9E1EED027ABBF1010B57ED027AA6F11D
:10327000080650ED026A07F1080777EE872A12ED7B
:10328000025A5EED013A77EEC77A57ED035A0AF11A
:10329000080A36EEA24A52ED014A35EEA37A10ED45
:1032A000016A75EEE35A00F1080034EE054AA1F117
:1032B000080136EE272A09F1100977EEC67A0EF1D9
:1032C000080E07ED044A37EE466A10ED034A75EE24
:1032D000E61A72EEE62AACF1080C37EE047A08F131
:1032E000180876EEA56A52ED015A36EE644A02F1EC
:1032F000080237EE257AA3F1080336EEC56A32EEEE
:10330000642A07ED037A77EEA47A9CED041A72EE34
:10331000C52AD6ED045A71EE851AD1ED043A75EE40
:10332000816A9CED033AD6ED034A75EEC15A93EDDE
:10333000040A34EE837A91ED035A33EEA61AD3EDE4
:10334000030A33EEC08A74EEC34A31EE001A35EE3A
:10335000C53A76EEE36A77EE453A86ED041A33EE27
:10336000203A93ED031A30EEC55A73EEE03AD1EDF0
:10337000030A78EE248A37EE207A35EE655A76EE27
:10338000C06A37EE017A78EE644A86ED037A1AED68
:10339000047A5AED035A23EE071A67EE680A21EE03
:1033A000A58A25EEC20AE3EE250AB0EE413AB0EE58
:1033B000481AA8EEA53AF0EE405AA2EE071AE1EE3E
:1033C000875A00ED041A40ED035A81ED033AC1ED2E
:1033D000040A19ED077A59ED085A64EE071A26EE29
:1033E000873A27EE622A27EE637AE2EEA51AF0EE1C
:1033F000422AA6EEE57AF0EE436AE4EE252AE3EEF1
:10340000E56A4EED041A4EED032A8CED047ACCEDFC
:10341000036A58ED0C6A18ED0B7A65EE265A67EED2
:10342000673A26EE073A26EEE44AE6EE263AA7EE9B
:10343000A63AF0EE446AF0EE657AE5EE076AE4EE4D
:10344000877A42ED033A02ED043AC3ED046AC3ED14
:10345000037A7FF406AF079B039A05EBC30502EBE3
:10346000C3020392029A02EBC3020292009A02EB99
:1034700003120092059A02EBC3020592049A02EB32
:10348000C30203EB43030492019A02EBC3030193CB
:10349000039E059FD6ED007AD7ED005A95ED007A90
:1034A00037EEA56A049BD7ED014A77EEE57AD3EDB6
:1034B000003A77EE062A96ED015A93ED013A36EE80
:1034C000476A75EE245AD5ED016A35EE645ABDF8A7
:1034D000181072EEA32A0A9A36EEA74A0C9875EED7
:1034E000474AC6ED002A77EEE67AD5ED012A75EE59
:1034F000E66A37EE057A75EEA25A34EEA35AD3ED9A
:10350000014A34EE434A75EEA45A37EE637A36EE3A
:10351000636AC6ED015A76EEC36A029E77EE837A3D
:10352000D6ED015AD6ED003A65EE254A65EEC45A4D
:10353000E4EE234AE5EE235AC5ED004AC5ED015AF3
:10354000009DD5ED015AD5ED004A26EEA55A019D04
:1035500065EEC65AA6EE245AE6EEA45A87ED005A46
:10356000C7ED015AD5ED016AD5ED005A27EE266A5E
:1035700066EEE76AA7EEA56AE7EE256A83ED006AC4
:10358000C3ED016A0423009100F0E2F80B9D0423CF
:1035900008986A68009900F0DBF809986A680423C3
:1035A000009900F0D5F804236A68204600990FB00E
:1035B000BDEC028BBDE8F04F00F0CAB8012A2DE93E
:1035C000F041064617460C469846058859D0B5F591
:1035D000807F51D00FD8402D14D049D9802D03D1F0
:1035E00021463046FFF7D2FCB8F1000F13D1012F6E
:1035F00018D0BDE8F081B5F5006F3DD031D9B5F5F3
:10360000805FF1D1012372682946204600F0A0F8BE
:10361000B8F1000FEBD0B2682046B189FFF756FC35
:10362000012FE6D107EE905AB7EE007AF8EE677AEE
:10363000C7EE276A002DDCD004F10801002311ED4C
:10364000027A013351ED017A08319D4227EE267A44
:1036500067EEE67A01ED047A41ED037AEFD1BDE839
:10366000F081B5F5007FCDD0B5F5806FB8D0BBE760
:10367000102DB5D0202DB7D121463046FFF752FD91
:10368000B2E775B10C314FF0000C51ED027A0CF13C
:10369000010C0831F1EE677A654541ED047AF4D109
:1036A00095E7002BA5D0B6E70022B1F5807F034651
:1036B00010B44260018036D01BD9B1F5006F2AD01A
:1036C0000FD9B1F5805F21D118491046B1F80CC06F
:1036D000D1E90124A3F80CC0C3E901245DF8044B2F
:1036E0007047B1F5007F18D0B1F5806F0ED1104949
:1036F000EBE7402913D003D9802907D10D49E4E72E
:1037000010290ED0202901D10B49DEE74FF0FF3000
:103710005DF8044B70470949D7E70949D5E70949DE
:10372000D3E70949D1E70949CFE700BFA0700020DE
:1037300040700020507000209070002070700020B9
:10374000B0700020C07000206070002080700020E9
:103750002DE9F04F2DED108B8FB08A468B469FEDF3
:10376000B36A0C90CDE90A32034604330D934FEA55
:10377000DB074FF0000E4FEACB0307EB87010997F9
:1037800078010093C9000C9B4FEAC7080190029191
:10379000C7EBC7014FEA071908F10400C90007EB9E
:1037A0004706184403EB4712059109F1040102EBA7
:1037B000071519443301A5EBC6040393F30002EB8C
:1037C000C70C0D9E049304EB4717009B92ED004A33
:1037D000DE449CED002AD5ED005AF24597ED003A03
:1037E00016ED017A10ED015A51ED017A37EE041A07
:1037F000D4ED006A75EE022A77EEA53A76EE834A9A
:1038000035EE425A76EEC36A37EE447A77EEE57AC1
:1038100032EEA44A71EE235A72EEE42A75EE664A3D
:1038200035EE265A75EE846A75EEC45AF0EE471AE4
:1038300046ED016A31EE631AC2ED005AA4EE867AB3
:10384000DCED018AE4EEC61A97ED010AB0EE672AB4
:10385000D6ED006AE5EE067AD2ED019A95ED018A81
:10386000A5EE462AD0ED005A76EEE90A94ED014A1B
:1038700076EEA96AD1ED003A35EEE83A34EE40AA88
:1038800073EEC84A75EEA85A33EE4A9AF0EE608A93
:1038900033EE0A3AB0EE605AF0EE640A73EE883AFC
:1038A000A9EE065AE3EE064A34EE004AE9EE468AED
:1038B000E3EE460A36EEE33A76EEA36A75EEC43AD4
:1038C00075EE845A37EE240A33EE628A36EEA59AF4
:1038D00035EE674A37EE647A72EE832A86ED009AF7
:1038E00031EE233A1E4476EEE56A31EE631A77EE46
:1038F000857A71EEA03AC2ED016A71EEE04A01EDFF
:10390000013A38EEC25A85ED001A72EE285A81ED5E
:10391000008A1A44C5ED012A194400ED010A1D442C
:1039200087ED007ACCED003AC4ED004A80ED004A04
:103930001844C7ED017A1F448CED015A9C44C4ED34
:10394000015A1C443FF642AF9C46099B072B40F2AC
:103950008B81019F08F108060C9B09F10C020837C6
:10396000029D039C4FF001093B440C9F08350498CD
:103970000893BB190834059907937B19083008315F
:1039800006933B194FF0000805933B1804937B18EE
:103990000393BB18019307F10C03029363460A9A41
:1039A000CE46039E90440B9A02EBC80208EB4801F6
:1039B000D2ED00FA02EBC80292ED00FA02EBC80267
:1039C000D2ED00EA02EBC80292ED00EA02EBC80277
:1039D000D2ED00DA02EBC80292ED00DA02EBC80287
:1039E000D2ED00CA92ED01CAA2EB0112D2ED01BAEA
:1039F00002EBC80292ED01BA02EBC802D2ED01AAB5
:103A000002EBC80292ED01AA02EBC802D2ED019AC4
:103A100002EBC802DDE901C7D2ED017A089ACDEDCB
:103A2000007ADDE90454DDE9060101E0F304353FE5
:103A300092ED005ADE44D0ED003A94ED002AF245B2
:103A4000D5ED000AD6ED005A57ED017AD1ED004AC6
:103A500030EEA53A1CED017A37EE854A74EEA36A82
:103A600077EE022A74EEE34A77EEC57A76EE833A71
:103A700034EE225A76EEC36A70EEE50AD7ED005AAC
:103A800035EE233A37EE427A34EE624A07ED013AD8
:103A900035EE635A90ED010A96ED011AD2ED018AD6
:103AA000D4ED012A91ED013A75EEE83A95ED012A3F
:103AB00075EEA85A9CED008A73EE401A33EE003A78
:103AC00038EE620A38EE228A72EE412A32EE012A7C
:103AD00035EEC81A75EE885A33EE428A33EE023A52
:103AE00034EE082A75EEC38A75EE835A31EEE23A57
:103AF00071EEA21A6AEE282AC7ED005A34EE484A3F
:103B00001F4431EE668AF0EE475A76EE816A34EE53
:103B1000E01A74EEA04AEEEE052A65EE4A0AE4EEDB
:103B2000C65AA4EE867AB0EE675AF0EE634AE3EE28
:103B3000063AC2ED002AA1EE465ADDED002AE3EE78
:103B4000464AE1EE067AB0EE403A2BEE081AA1EEB4
:103B5000860AA1EEC63AEEEE280AAFEE021A73EE1E
:103B6000C78A62EE4B1A37EE237A22EEA62A37EE88
:103B7000809AC2ED010A77EEC07A0CED011A34EE9C
:103B8000E50A1A44ADEE042A64EE622A2CEE074AD6
:103B900075EEA45AEFEE081AACEEA74A35EE038A8A
:103BA00067EECC4A35EE435A69EE807AECEE874AEE
:103BB000CCED001AEDEE262A84ED002AEDEE887A8F
:103BC0009C4468EE696A2AEEA57A25EE6A8A69EE57
:103BD0006B3AAEEE857AC4ED012A2BEEA83A1C446E
:103BE000B0EE485AEFEEA83AAFEE893AEDEE806AB1
:103BF000AEEEA55AC1ED013A81ED003A194486EDC9
:103C0000004AC6ED014A1E44C0ED007AC0ED016ACB
:103C1000184485ED007A85ED015A1D443FF608AF42
:103C2000089A09F1010908320892079A08320792A6
:103C3000069A08320692059A08320592049A0832CA
:103C40000492039A08320392029A08320292019A6D
:103C500008320192099A4A457FF4A1AE0A9B934625
:103C6000DB009BB20A9382E50FB0BDEC108BBDE880
:103C7000F08F00BFD1ED017AF0EE006A91ED006A9D
:103C8000B6EE004A77EEA77A02F1100C00B5B0EE5E
:103C9000677AB0F800E0D6EE267A40690EF1FF3E72
:103CA000A6EE267A103067EE847A27EE047AC2ED0B
:103CB000017A82ED007A01F1100201EBCE01A1F14F
:103CC000080312ED027A0CF1080CD3ED036ABEF181
:103CD000010ED3ED027A00F1080052ED014AA3F182
:103CE000080337EEC75A10ED046A77EE877A50ED75
:103CF000035A34EEE67A02F1080276EEA46AE6EEA2
:103D0000057AA5EE857AE5EEA67AA6EE667A67EEE6
:103D1000847A27EE047A4CED047A0CED037AD0D144
:103D20005DF804FBD1ED007AB6EE004AD1ED016AF0
:103D300037EEA67A77EEE67A10B4048827EE047A96
:103D400067EE847A4069013C82ED007AC2ED017A27
:103D500094B3E30010301032083B0B44103111EDE6
:103D6000027A0832D3ED036A013CD3ED027A00F106
:103D7000080051ED014AA3F1080337EE675A10ED30
:103D8000046A77EE877A50ED035A34EEE67A01F151
:103D9000080176EEA46AE6EE457AA5EE857AE5EEB0
:103DA000E67AA6EE667A67EE847A27EE047A42ED2A
:103DB000047A02ED037AD2D15DF8044B704700BF5C
:103DC0002DE9F041054616461C464BB1FFF7AAFF08
:103DD0002246314628460123BDE8F041FFF7EEBBFD
:103DE0000F461A460123FFF7E9FB324639462846BB
:103DF000BDE8F041FFF73EBF50B1102110B50446B9
:103E0000FFF752FC18B92022034B2282636110BDD8
:103E10004FF0FF30704700BF901A022050B12021B0
:103E200010B50446FFF740FC18B94022034B22822C
:103E3000636110BD4FF0FF30704700BF1063022078
:103E400050B1402110B50446FFF72EFC18B980226E
:103E5000034B2282636110BD4FF0FF30704700BFFB
:103E600090F4012058B1802110B50446FFF71CFCE6
:103E700020B94FF48072034B2282636110BD4FF072
:103E8000FF3070479016022060B14FF4807110B57A
:103E90000446FFF709FC20B94FF40072034B22825D
:103EA000636110BD4FF0FF30704700BF105B022010
:103EB00060B14FF4007110B50446FFF7F5FB20B96F
:103EC0004FF48062034B2282636110BD4FF0FF30DC
:103ED000704700BF90E4012060B14FF4806110B5DD
:103EE0000446FFF7E1FB20B94FF40062034B228246
:103EF000636110BD4FF0FF30704700BF90F60120A6
:103F000060B14FF4006110B50446FFF7CDFB20B956
:103F10004FF48052034B2282636110BD4FF0FF309B
:103F2000704700BF101B0220B1F5007F24D007D8D6
:103F300080291CD00CD9B1F5807F1AD10F4B1847BE
:103F4000B1F5006F11D0B1F5805F07D10C4B184768
:103F5000202908D040290CD10A4BF0E7B1F5806F39
:103F600007D1094BEBE7094BE9E7094BE7E7094BB9
:103F7000E5E74FF0FF307047074BE0E7F51400002E
:103F800091150000AD1400004115000089140000D7
:103F900069150000D114000019150000184B194ACA
:103FA000194910B51C6818792369C877934228BF4E
:103FB000A2F500521146BFF34F8F02F5005002F1F7
:103FC00020034FF0E02C984234BF01204FF4807062
:103FD00002EB40108342CCF85C2F1A4603F1200319
:103FE000F8D1BFF34F8FBFF36F8F4FF400520748E4
:103FF0000BF0D6FA0548BDE8104003F0FBBE00BF49
:10400000E05503200040202000800E4000002020CA
:1040100010B504460AF0CEFD204610BD0000000099
:1040200070B50446444D042344496202444895FB5C
:10403000F2F52DED028B6E1C82B0224600960AF03E
:1040400073FE07EE904AB1EE004B06EE906AB8EEB2
:10405000E77B0321B8EEE66B3A489FED313B9FEDDD
:10406000325B27EE037B27EE047B27EE067B87EE91
:10407000058B0CF09DFC02213148B0EE480B0AF094
:10408000C7FE2F480AF034FEFDEEC87B42F21071E5
:104090002D4B17EE902A01FB02F002F03F0207EED3
:1040A000100A42F489129FED226BB8EEC77B1A67A3
:1040B00098EE067BFDEEC77B17EE902A22F0604259
:1040C000C3F88020C3F890101A6F22F480521A6748
:1040D0001A6F002AFCDAD3F8700105F03F051B4A7D
:1040E0001B4902401B48C3F870211A6F22F480322A
:1040F0001A67CA69184B22F4406242F40062CA612E
:104100008A6A1340154A2B4343F040038B6243688D
:104110001A4042F40022426002B0BDEC028B70BD36
:1041200000000000000060400000000060E37641F5
:10413000000000000088C34000B29F26400B002012
:104140001C670220580B002000800D40FF7F7FFF7E
:1041500000C00F4000C00A4000FEFFFFF8FFF7FF5D
:10416000044A0021044BC3F8A412536823F080636F
:10417000536070470080004200801F40024B4FF0A8
:104180008062C3F8882070470080004210B40A4B58
:1041900005240A4A08204FF08061C2F8B440C2F8F2
:1041A000A40264205A685DF8044B0A435A60C3F8BD
:1041B00084100BF00DB900BF0080004200801F404A
:1041C0001A4AD36F10B543F44023194CD367D4F87F
:1041D0008830002B29DB174B01221A80FFF720FFC4
:1041E000154B032215490220C3F82021C3F82821CA
:1041F000C3F82421C3F87C210422C1F894014FF4B0
:10420000803300214FF0A060C4F8E010C4F88C2087
:104210000B49C4F890000B4AC4F894300A4BC4F818
:104220009810C4F89C20C4F8883010BD00C00F401E
:1042300000403840E289042000801F4000841F4075
:104240001B000300001F1F1F0100009238B51C4C0B
:1042500001211C4D20460AF049FC23681A484FF4FE
:1042600080521A4918601961DA82DA8A5D6092B266
:10427000174D2079DA8306229D619A83042215491D
:104280009A609A820022144DDA6041F82020134B84
:1042900041F8205001212279114802F01F0503EB5B
:1042A000521302F1100CA9409B000E4D40F82C5007
:1042B000602019600C490D4B50542279DA7638BDD4
:1042C000E055032000000202A040384000202020DA
:1042D00000C0FFFF00C00E401300008040380038CF
:1042E000007402202D16000000E400E000800E4063
:1042F0000A4A0B4908B5D2F8883023F01043C2F8B7
:1043000088300B880BB1FFF78BFE044AD2F8883057
:1043100043F01043C2F8883008BD00BF0040384069
:10432000E289042008B5FFF74BFFBDE80840FFF71E
:104330008DBF00BF044AD2F8883043F01043C2F862
:10434000883000F021B900BF004038404FF0E02332
:10435000014AC3F80C2D70470400FA05034A936B19
:1043600043F04003936330BFFDE700BF00400D40C2
:1043700000F0F8B8144A10B5946B82B0D36C43F0D7
:104380000103D364BFF34F8F936B23F00203936356
:10439000936B9907FCD472B60B4990658B6D834281
:1043A000FCD144F00204084A8C63936B9B07FCD554
:1043B00062B640F2B272694603F0FEFF69460348F6
:1043C00003F0DEFF02B010BD00400D400871022076
:1043D00008B5FFF7C3FF00BF704700BF00B583B04B
:1043E00001900BF0ABF940F2B272019903F0E4FFD7
:1043F000012003B05DF804FB40F2B27108B504F08F
:104400008DF80BF0ADF9012008BD00BF034B044946
:104410000448D3F820220FF0A7B900BF00441F4082
:10442000D40E00202C890420704700BF074B5A6E21
:1044300042F400325A665A6D22F023025A655A6DD0
:1044400042F001025A65BFF34F8F704700C00F4022
:104450000548002108B50AF049FB044A044902480E
:10446000BDE808400DF06AB8E0550320FC6A022060
:10447000A116000008B5054817F0DEFE00B908BD1A
:1044800003490248BDE8084017F0DEBED8650220A7
:104490001C67022090F8A23090F8A3209A4205D918
:1044A0005A1C034480F8A220987E70474FF0FF30DA
:1044B000704700BF70B50D460126114602686B00BB
:1044C000044682F8306182F8A53082F82F610068D6
:1044D00003681B6898470021206804F0B3FB08B10B
:1044E000002070BD334632462946206804F02AFC7D
:1044F0000028F5D020680B4A03685B6993420BD112
:1045000090F8A23090F8A3209A4208D95A1C03448C
:1045100080F8A220987E70BD9847C0B270BDFF2081
:1045200070BD00BF251B000070B504460125480082
:104530001E462368114683F8305183F82F5183F8C3
:10454000A500206803681B68984720683146036807
:104550001B6898472946206804F074FBB0FA80F085
:10456000400970BD08B5002103200AF0AFFF00210B
:1045700002200AF0ABFF64200AF02AFFFFF7FEFDDD
:10458000BDE80840FFF7ECBD2DE9F04182B0814C59
:10459000FFF7FCFD012102200AF0C2FF01210220E9
:1045A0000AF094FF64200AF013FF012103200AF0AF
:1045B000B7FF002103200AF089FF64200AF008FFFA
:1045C000012103200AF082FF2046019417F038FEF3
:1045D00064200AF0FDFE7049204604F0CBFC0198EF
:1045E0000121982380F8301180F8A53080F82F1130
:1045F00004F028FB38B14C22684969480AF094FB62
:1046000002B0BDE8F08105464C2266490B2464489F
:104610000AF08AFB812302224C2101A8624EFFF797
:1046200083FF07224C21302301A8FFF77DFF2B4693
:1046300008224C2101A8FFF777FF224601342B46C0
:104640004C21E4B201A8FFF76FFF0F2C02D016F83F
:10465000015FF2E7F02373224C2101A8FFF764FF0A
:10466000524DF02374224C2101A8FFF75DFFE02397
:1046700075224C2101A83C24FFF756FFDFF8448146
:1046800060233B224C2101A8EF1C494EFFF74CFF51
:1046900021236B224C2101A8FFF746FF22468823E5
:1046A0004C2101A8FFF740FFD8F80030621C4C21D4
:1046B0009B0001A8D2B203F0FC03FFF735FF33687B
:1046C000A21C4C21373B01A8D2B2DBB2FFF72CFF72
:1046D000E21C80234C21D2B201A8FFF725FF221D46
:1046E00000234C21D2B201A8FFF71EFFAF4202D037
:1046F00015F8014FD2E714200AF06AFE06212D4872
:104700000CF056F915224C2101A8FFF7D3FE002327
:104710000146102222480AF015FB21480AF0E8FA67
:10472000062125480CF044F973224C2101A8FFF71B
:10473000C1FE00230146102219480AF003FB184865
:104740000AF0D6FA06211D480CF032F974224C21E9
:1047500001A8FFF7AFFE00230146102210480AF01F
:10476000F1FA0F480AF0C4FA062115480CF020F9B6
:1047700076224C2101A8FFF79DFE0023014610225E
:1047800007480AF0DFFA06480AF0B2FA02B0BDE8BC
:10479000F08100BF2C670220A0860100C40F00201A
:1047A0001C670220B80F002068110020641100204F
:1047B000F0810320DC0F0020E40F0020EC0F00202C
:1047C000F40F00208C70022070B5104E82B00546A8
:1047D0000F4C3046019617F033FD64200AF0F8FDC7
:1047E00030460C49EDB204F0C5FBE61C3C22013218
:1047F0002B464C2101A8D2B2FFF796FEB44202D05C
:1048000014F8012FF3E702B070BD00BF2C6702203F
:1048100064110020A0860100002070472DE9F04FB0
:10482000BE4B0C46BE4E0546DFEDBE6A03F500707A
:10483000314622462DED068B87B0B2EC017AF3ECBF
:10484000017A77EEC77A834277EEA77A67EEA67A87
:10485000E1EC017AF1D180220021B3480FF02AF96E
:10486000B24B6A029FEDB25A03EB4528B14BDFF819
:10487000309303EB853EB048AB0302920393EB0108
:104880000193F6EC015A7346D8ED007A25EE856A5D
:10489000A54FAA493A4677EEC67AB1EE466AE8ECE9
:1048A000017AD3ED007AF1EC016A92ED007AE6EE3E
:1048B000267A8142A7EEA57AE3EC017AA2EC017A8E
:1048C000EFD14E450EF1800EDBD1DFED9D6A07F191
:1048D000800E9C4A3B46B2EC017AF3EC017AB5EECD
:1048E000C07AF1EE10FAD8BF67EEA67A734543EDB1
:1048F000017AF0D1944B019ADFED917A03EB020833
:10490000924E029BB0EE677ADFF860929FED885A74
:104910001E448F48C9ED007AC9ED017AC9ED027ACB
:10492000C9ED037AF7EC015A3346D8ED007A25EE4B
:10493000856A884A884977EEC67AB1EE466AE8EC1D
:10494000017AD3ED007AF2EC016AE6EE267A824231
:10495000A7EEA57AE3EC017A01ED017A02D0B1EC81
:10496000017AEEE7774506F1100602D099ED007A5C
:10497000D8E77A4AB6EE009A794EDFF828B2049565
:10498000B04605945D46DFED77AA14469FED76AA02
:10499000764FDFF814A2DFF81492F4EC019A29EEB6
:1049A000890A0CF031FAB7EC018ABAEC017AF0EE20
:1049B000408AF0EE487AB0EE690AF9EC019AE7EE27
:1049C0002A7AE8EC017A0CF01FFAB7EE007A684810
:1049D00070EE477A844228EE297A67EE8A7A27EECB
:1049E000097AE7EE287AE5EC017AD6D18022002117
:1049F0006048614FDDE904540FF05CF85F4A029BA8
:104A000002EB05185E4ADFED4A3A02EB05195D4AF2
:104A100002EB030E5C4A02EB030A5C4BB6EC014A64
:104A20005046FBEC014A714624EE235A98ED007A79
:104A300064EEA35AD9ED007ADFF838C137EE457A33
:104A4000534D77EEE57A6246B1EE455AF1EE655A7E
:104A5000A8EC017AE9EC017AB5EC016A90ED007AF4
:104A6000D1ED007AAF42A5EE867AD2ED006AE5EE8E
:104A7000067A27EE246AA0EC017AE1EC017AB0EE26
:104A8000467AA7EE847A76EE877AE2EC017AE3D171
:104A90009E420EF1800E0AF1800ABFD13D4A0CF110
:104AA0008005DFED276A6346B2EC017AF3EC017A08
:104AB000B5EEC07AF1EE10FAD8BF67EEA67A9D4245
:104AC00043ED017AF0D1019B334834491844039BEC
:104AD0009FED176A1944FCEC016AA1F50073D0ED53
:104AE000007A224666EE866A77EEE67AF1EE666A2C
:104AF000E0EC017AD3ED007AB2EC017AE6EE877A47
:104B0000E3EC017A8B42F5D1654503F50071E2D102
:104B100007B0BDEC068BBDE8F08F00BFB076032078
:104B2000B07803200000003C60550320503B032078
:104B300017B7D1380060202060440320E0430320F1
:104B400000000000307B032050390320502F032049
:104B5000F8550320E855032054430320F85503205B
:104B6000287603206F12833A6F12033A50430320D2
:104B700008560320E0540320E0430320A054032000
:104B800060540320604C03206044032038760320E7
:104B900060430320B07A03205037032000622120B5
:104BA000B07A0320187603200856032038760320B5
:104BB000836C13B1184606F06DBBC06C08B104F0ED
:104BC0008BBF7047836C13B1184606F06DB9C06C8B
:104BD00008B104F065BB4FF0FF307047836C53B1F0
:104BE000187810F008000DD0D8695B69C01A48BF6A
:104BF0006FF000407047C36CA3B193F8310010F020
:104C0000080000D17047186919685A69401A5B6832
:104C100062EB0303B0F1004F73F10003F2D36FF0C6
:104C2000004070471846EDE72DE9F04F8E4CC30168
:104C3000DFF894A204F1800C8C4D8D4F04EBC0146E
:104C400005EB803556460CEBC01C2DED068B85B070
:104C5000029383030393F4EC017AA5F500730A46EB
:104C6000F3EC016AB2EC017AAB42E6EE877AF7D157
:104C7000F5EEC07AE7EC017A05F50075F1EE10FA71
:104C8000D8BFDFED7C7A6445E6EC017AE3D17A4B5C
:104C900044027A4D03EB0019794B7A4FAB4603EB94
:104CA0000018794B794E07EB001703EB402E784B39
:104CB000019603EB402C0AF18000B9EC017A6146C1
:104CC000F8EC016A53467246F3EC017AF2EC015AB1
:104CD000B1EC016A8342A5EEA77AE7EE866AF3D1CA
:104CE000019B0EF1800EABEC017A0CF1800CE3EC31
:104CF000016A0193674BA7EC017A9B45DDD1DFF890
:104D0000CC91DFF8CCA1DFED648A9FED649AD046A8
:104D10009FED63AA634FD9F800B0BFEE006AB6EE0C
:104D2000007A8BEA4B3BF0EE466AB0EE470A8BEA1C
:104D30005B4B8BEA4B1B4FEA5B0307EE903AF8EEB6
:104D4000E77AE7EEA86AA6EE870AB4EEC90AF1EEA2
:104D500010FAE6D48BEA4B3B8BEA5B4B8BEA4B1B9E
:104D60004FEA5B03C9F800B007EE903AF8EEE77A35
:104D7000A7EEA86AA6EE077AB0EE478A0CF0B6F85E
:104D8000F8EE007A20EE270AB5EE400AF1EE10FAAE
:104D900064D4F1EEC09A28EE0A0A0CF09DFAF6EE01
:104DA000007A20EE298AB6EC010AF5EC019A20EE91
:104DB000270AA7EC018A0CF027F8E0EE089A3A4B94
:104DC000BB42E8EC019AA8D1384D0AF11000029BD1
:104DD00005F18008364E374F1D449844364A274423
:104DE000B446F5EC017A53463946B3EC017AF1EC5E
:104DF000016A9842E6EE877AF7D1F5EEC07AE2ECE6
:104E0000017A1037F1EE10FAD8BFDFED1A7AA84513
:104E1000ECEC017AE5D1294B06F1800128481D19F7
:104E200003F500731F19039B264C03441846F5EC49
:104E3000017A33460246B3EC017AF2EC016A9942F8
:104E4000E6EE877AF7D1AF4200F18000E4EC017A18
:104E5000EDD105B0BDEC068BBDE8F08F0BF0B2FFD5
:104E6000F0EE409A97E700BF503703200062212000
:104E7000B07A032000000000A0540320085603204D
:104E8000605403205C890420604C0320F855032003
:104E900060440320185603200000003095BFD6332D
:104EA000DB0FC940387603204876032050390320B1
:104EB000E0430320502F0320307B0320503B03208E
:104EC00000602020B076032060430320F06A0220B7
:104ED000E85503204FF0E0234FF480722DE9F04FA6
:104EE0002DED088BC3F89022A3B00AF0C5FA8D4BC4
:104EF000DFF86892B0EE08AADFF870820027D3EDE1
:104F0000008A4D46884BCDF81090C146DFED879A58
:104F100098469FED87BADFED87AA9FED879ADFF865
:104F200050A2DFF850B2854E854C03904946384672
:104F3000FFF77AFE9FED7F7A824B4A46F3EC017AC7
:104F4000F2EC016AA34277EEE67AA7EEA77AF5D1F2
:104F5000F4EECA8A27EE298AF1EE10FA77DB9AF886
:104F60000030002B40F0D380F0EE6A7A06F1100298
:104F70001035013709F500790AF1010A0BF1040B2C
:104F8000042F1646E8EC017AD0D1F0EE087ADDF86D
:104F90001090F4EEE78AF1EE10FA10DB6A4B03F1A1
:104FA0004002D3ED007AB9EC017A77EE877AE3EC30
:104FB000017A9342F5D1654A1368013313600AF010
:104FC0005BFA0399624BB0EE087A401A614A0BAC67
:104FD0001060F4EEC78A1A6890424FF0553288BFCD
:104FE0001860F1EE10FA4F4BD3ED007AA8BF0125FF
:104FF000594BB8BF002577EEC77A1B680995574D06
:10500000CDED0A7ACDE90723474B0FCB84E80F009B
:105010000FCD0FAC0FC40FCD0FC40FCD0FC495E84B
:105020000F0084E80F0066DB4FF4C0644C4B18227D
:1050300007A94C48009402F075FD18B94A4A136854
:105040000133136023B0BDEC088BBDE8F08F4946F7
:105050003846FFF7E3FB9AF800309BBBAA68EB6881
:10506000D5F800C06868B26006F11002F3604FF036
:105070000103C6F800C070608BED008A8AF800302A
:105080002B469FED2C0A1035F3EC017AB6EC017A31
:10509000AB4277EEC77AA7EEA70AF5D1B5EE400A84
:1050A000F1EE10FA36D4F1EEC06A9BED007AB4EE60
:1050B000CB7AF1EE10FA37FE0B7AC8EE077A67EE7C
:1050C000A67A56E72846334606F11002D3ED007A59
:1050D000B0EC017A37EE677AE7EE097AE3EC017A11
:1050E0009342F3D1DBED007A38EE677AE7EE097A86
:1050F000CBED007AC4E7182207A91A4802F096FC03
:1051000000289FD1184A1368013313609AE706F10B
:105110001002B5E705920BF055FE059AF0EE406AD5
:10512000C3E700BFB07D03204C8904200000003C91
:10513000CCBC8C2B000000000AD7233C70760320E7
:10514000B0780320B07603209C890420DC890420F9
:10515000608103205C810320108904205C89042085
:10516000185E0320E883042058810320185603208A
:10517000C47D0320B47D0320836C13B1184606F070
:105180008FB8C06C08B104F08FBE7047836C00B557
:1051900083B063B101220DF10701184605F0B0FD9F
:1051A00001280CD19DF8070003B05DF804FBC06C2A
:1051B00028B101220DF1070103F0A2FFF0E74FF043
:1051C000FF30F1E700B5836C83B08DF8071043B171
:1051D00001220DF10701184606F062F803B05DF8F0
:1051E00004FBC06C0028F9D001220DF1070104F086
:1051F0005BFE03B05DF804FB38B501461D4614465E
:105200000C484FF400622DED028BB0EE408A0AF09C
:10521000C7F9094BAA002146084883ED008A0AF025
:10522000BFF94FF0E0234FF48072BDEC028BC3F85E
:10523000102238BD18560320B07D0320185E0320CD
:105240002DE9F04F402200219A482DED048B9DB0AE
:105250009FED998A0EF02EFC00239849984A9948B0
:1052600000930360DFED988A9FED989ADFED989A9E
:10527000C1E90033C1E90233C2E90033C2E90233B4
:10528000944B954A95490393954B05920293954A01
:10529000954B0C6804920193009BFFEE006A934AC1
:1052A00002EBC31A924A02EB432C924A02EB4328C8
:1052B000914A02EB432E914A02EBC319DDE9012129
:1052C0000B4601F1800BA2F5007184EA4434F0EE44
:1052D000667A84EA544484EA4414600807EE100AAB
:1052E000B8EEC77AE7EE087A67EEA87AE1EC017AC1
:1052F0008A42EAD17646454660460CF50077E9ECED
:10530000019A84EA4434B0EE667A84EA544484EA2A
:10531000441484EA4431640881EA514107EE904A1A
:10532000044681EA41118030F8EEE77A8742A7EE21
:10533000887A67EE097AB0EE667AC4ED007A81EA7F
:1053400041344FEA510184EA544407EE901A294649
:1053500084EA441405F18005F8EEE77AA7EE887A2E
:1053600067EE097AC1ED007A4FEA5401F0EE667AF1
:1053700007EE101AB8EEC77AE7EE087A67EE897A78
:10538000E6EC017ABDD1A3F58041EAEC019A84EA0A
:105390004434F0EE667A84EA544484EA44146008A3
:1053A00007EE100A08468031B8EEC77A9942E7EE58
:1053B000087A67EEA87AC0ED007AE8D10B1D0CF1EF
:1053C000040C08F104080EF1100E9B4502F5007262
:1053D0007FF479AF059B0021049AC3ED009A103346
:1053E00043ED039A43ED029A43ED019A059302F1CE
:1053F0001003009D0493029B0135C2ED009A03F552
:105400008043C2ED019AC2ED029A0293019BC2ED64
:10541000039A4FF4007203F5804300950193039BB8
:10542000184603F5007303930EF044FB042D7FF43C
:1054300033AF334B294A1B88146033B308A80023C9
:10544000304A314907F034F91A9850B3082206A9B6
:1054500005F056FC082803D12C4B069A9A425FD0DF
:105460000CAC204607F044F8202129480BF0A0FAA4
:10547000284809F03DFC284B2046089307F038F8EF
:105480001DB0BDEC048BBDE8F08F172123480BF055
:105490008FFA20481DB0BDEC048BBDE8F04F09F039
:1054A00027BC1B98002800F0B680082206A903F04C
:1054B00027FECFE77076032000000030B47D032084
:1054C0004C890420C47D0320F84B463EEC05D13EB8
:1054D00000000000503B0320A0540320F06A02208B
:1054E00000A02020605403200062212050390320B6
:1054F000604C032060440320502F032050370320CA
:10550000E68904206009002040840420314541568A
:10551000AC0900201C67022060120020480900200E
:105520001A98002800F0E7804FF48032774905F0A0
:10553000E7FB1A98002800F0D5804FF480327449B8
:1055400005F0DEFB1A98002800F0C3804FF40072CB
:10555000704905F0D5FB1A98002800F0B1804FF48F
:1055600000626D4905F0CCFB1A98002800F0A0807D
:1055700040226A4905F0C4FB1A98002800F08F8089
:105580004FF40062664905F0BBFB1A9800287ED0F4
:105590004022644905F0B4FB1A9800286ED04FF4FD
:1055A0000062614905F0ACFB1A9800285DD04FF409
:1055B00000725E4905F0A4FB1A9800284CD04FF405
:1055C00000625B4905F09CFB1A9800283CD0402201
:1055D000584905F095FB1A9870B31022564905F00A
:1055E0008FFB1A9800B30422544905F089FB0CA8DC
:1055F00006F07EFF192152480BF0DAF9514809F004
:1056000077FB514B0CA8089306F072FF1DB0BDEC60
:10561000048BBDE8F08F1F214C480BF0C9F94948B5
:105620000CAC09F065FB26E71B980028DFD00422AC
:10563000424903F065FDDAE71B980028D7D0102215
:105640003D4903F05DFDCCE71B980028CFD04022F8
:10565000384903F055FDBEE71B980028C7D04FF42A
:105660000062334903F04CFDAEE71B980028BED022
:105670004FF400722D4903F043FD9DE71B9800286D
:10568000B5D04FF40062284903F03AFD8CE71B982F
:105690000028ACD04022234903F032FD7CE71B9860
:1056A0000028A4D04FF400621D4903F029FD6CE7E7
:1056B0001B9800289BD04022184903F021FD5BE78E
:1056C0001B98002893D04FF40062134903F018FD93
:1056D0004AE71B9800288AD04FF400720D4903F066
:1056E0000FFD38E71B98002881D04FF4803208491D
:1056F00003F006FD26E71B9800283FF478AF4FF42F
:105700008032024903F0FCFC13E700BF0060212057
:105710000060202050370320604C0320A054032059
:105720006044032060540320502F0320503903208D
:10573000503B032070760320B47D0320C47D0320FA
:10574000900900201C6702206012002070090020D0
:105750007D4B1B8870B5A6B0002B00F0EB807B4C16
:105760000546D4F88024002A00F0A18012AE002360
:105770001146774A3046129305F06EFA002840F041
:10578000A58044F20223724A7049304606F090FF29
:10579000249B002B00F0C2816E4906AC082203C98D
:1057A00084E803002146184605F07AFD2498002875
:1057B00000F0F8804FF48032674905F071FD2498BD
:1057C000002800F0FC804FF48032644905F068FD49
:1057D0002498002800F000814FF40072604905F021
:1057E0005FFD2498002800F004814FF400625D49B9
:1057F00005F056FD2498002800F0088140225A49FF
:1058000005F04EFD2498002800F00C814FF4006252
:10581000564905F045FD2498002800F010814022EB
:10582000534905F03DFD2498002800F014814FF401
:105830000062504905F034FD2498002800F01881DA
:105840004FF400724C4905F02BFD2498002800F01D
:105850001C814FF40062494905F022FD249800287C
:1058600000F020814022464905F01AFD24980028C6
:1058700000F024811022434905F012FD24980028ED
:1058800000F028810422404905F00AFD16A806F020
:105890002FFE10213D480BF08BF83D4809F028FA07
:1058A0003C4B16A8129306F023FE26B070BDD4F828
:1058B000841412AE00293FF464AF13461E923046A2
:1058C000234A03F0C1FF00283FF45BAFD4F88024E3
:1058D000002A00F008810023114630462E4A129318
:1058E00005F0BAF9002800F00C8129460D2202A823
:1058F00000250EF077F902AB284A302106A88DF872
:1059000015500DF0EDFED4F88034002B00F013811B
:1059100003F589610E4A2B4630460191129505F038
:1059200019F9019900283FF42CAF06AA304605F07A
:10593000F1FA26E71B211A480BF03AF8144826B072
:10594000BDE8704009F0D4B9E68904204084042001
:10595000600900200808002000602120006020204D
:1059600050370320604C0320A054032060440320E0
:1059700060540320502F032050390320503B032054
:1059800070760320B47D0320C47D0320300A0020FC
:105990001C67022060120020EC090020F80900209A
:1059A000D0090020259800283FF470AF4FF48032D2
:1059B000744904F079FA249800287FF404AF2598FC
:1059C00000283FF463AF4FF480326F4904F06CFA63
:1059D000249800287FF400AF259800283FF456AFA4
:1059E0004FF40072694904F05FFA249800287FF4AC
:1059F000FCAE259800283FF449AF4FF4006264499B
:105A000004F052FA249800287FF4F8AE2598002874
:105A10003FF43CAF40225F4904F046FA2498002846
:105A20007FF4F4AE259800283FF430AF4FF40062C5
:105A3000594904F039FA249800287FF4F0AE2598EB
:105A400000283FF423AF4022544904F02DFA249853
:105A500000287FF4ECAE259800283FF417AF4FF4F0
:105A600000624F4904F020FA249800287FF4E8AE41
:105A7000259800283FF40AAF4FF40072494904F01A
:105A800013FA249800287FF4E4AE259800283FF408
:105A9000FDAE4FF40062444904F006FA2498002851
:105AA0007FF4E0AE259800283FF4F0AE40223F4955
:105AB00004F0FAF9249800287FF4DCAE2598002839
:105AC0003FF4E4AE10223A4904F0EEF9249800289D
:105AD0007FF4D8AE259800283FF4D8AE042235498B
:105AE00004F0E2F9D2E6D4F8841400293FF4FDAEC4
:105AF00013461E923046304A03F0A6FE00287FF47B
:105B0000F4AED4F880347BB3002203F589613046CB
:105B100001231292284A04F0A7FFE6E6259C04B36D
:105B2000264906AB082203C983E80300194620462C
:105B300004F0BAF93AE6D4F8841400293FF421AE0F
:105B400001F589611E4A30461E93019103F000FE63
:105B5000019900283FF415AE06AA304604F044F837
:105B60000FE61621174896E6D4F8841400293FF46E
:105B7000BCAE1E9301F5896101230F4A304604F043
:105B8000B5F8B2E6006021200060202050370320E5
:105B9000604C0320A0540320604403206054032081
:105BA000502F032050390320503B032070760320F0
:105BB000B47D0320C47D0320EC09002008080020E8
:105BC00060090020180A002008B54FF4C0520021D7
:105BD00009480DF06FFFFFF733FB084B084AC3F885
:105BE0006022084980204FF0E0234FF4807281F852
:105BF0008800C3F8102108BD185E0320007402203D
:105C00006525000000E400E0704700BF70B582B079
:105C1000064614460D46684602F04CFD9DF80220EB
:105C20009DF803C0BDF800300C2A98BFBCF11F0FCF
:105C300004D8A3F2BC739BB27F2B20D94FF0000C89
:105C40009DF805209DF806309DF80710172A98BF8B
:105C50003B2BA6F800C001D83B2905D90023002220
:105C60002B80227002B070BD5B0143EAC223002288
:105C700043EA51039BB22B80227002B070BD4CEA04
:105C8000421C4CEA432C1FFA8CFCD9E7044B10B59C
:105C9000044640F8103B06F02BFC204610BD00BF28
:105CA000601200202DE9F8430446104690468946CC
:105CB0001F460EF09DFAC61C054626F0030627B1C6
:105CC00006F1080323449F4216D3D9F80030083464
:105CD00044F8046C414644F8083C2A46204609F042
:105CE0005FFCB54204EB050004DA721B00210DF0E5
:105CF000E1FEA019BDE8F8832046BDE8F88300BFA7
:105D000010B58AB01E4B1F4A1F4968460DF02CFD86
:105D10001E486A461E4900F5FC7430302346FFF7E2
:105D2000C1FF23461B4A1C49FFF7BCFF23461B4A01
:105D30001B49FFF7B7FF23461A4A1B49FFF7B2FF7B
:105D400023461A4A1A49FFF7ADFF2346194A1A4952
:105D5000FFF7A8FF2346194A1949FFF7A3FF234677
:105D6000184A1949FFF79EFF0F21044617480AF009
:105D70001FFE174808F0BCFF164B1C600AB010BD90
:105D800068080020700800207C080020B07B0320F9
:105D9000840800208C08002090080020AC660220B7
:105DA000980800200C660220A0080020E46502206C
:105DB000A80800205C660220B0080020846602204B
:105DC000B808002034660220C0080020C80800205F
:105DD0001C6702204C710220002A1D4BB4BF02F147
:105DE000070C94464FEAEC0C10B4986100FB0CF0E1
:105DF000184C5A8401FB00F089B2174AD8611CFB89
:105E000001FC1648D982186000F16060144900F561
:105E10004F20C3F8F821996001F11F6100F6FA7074
:105E20004FF4E67201F6F241DC6010245862D96248
:105E30004FF4FC7000219A6201221C615DF8044B52
:105E4000A3F820C05860C3F8FC119A82FFF758BF2E
:105E5000B07B0320666D74206461746152494646CC
:105E6000574156452DE9F0432E4C91B02E4B054637
:105E700004F5FC770E4618682C4A3B462C49FFF780
:105E800011FF2C4B049680461B6804212A4A4FF4CC
:105E9000C06003934FF0010C284BDFF8D0901B68D3
:105EA000274EA2FB0323274A9B090293264B1B88FC
:105EB0000193264B1B880093254B1B88CDF8389007
:105EC000CDE906100C2130460591D1880D919188BD
:105ED0000C9151880B9112881E490A920A22CDE931
:105EE000082C1D4A0DF040FC3B46324640461B49FB
:105EF000FFF7D8FE1A4B80464A461B6830461949C0
:105F00000DF032FC3B46324640461749FFF7CAFEC9
:105F100005F5FC732046C4F8FC51636011B0BDE880
:105F2000F08300BFB07B03204C71022078810320F6
:105F3000B00A00208C700220D34D6210B87002208D
:105F400078820420BC700220EA8904205271022069
:105F500050710220B80A00202C890420100B002068
:105F600058810320180B0020380B002068080020FF
:105F7000F0B5784C83B00525FF2704F59266002321
:105F8000304684F8BC74194684F8C83407F090FF92
:105F90003046C4F88C6407F0EDF901230146204631
:105FA0001A4600293ED1D4F88C1406F00FFB0028C5
:105FB00038D0D4F88034002B5FD0DE69D4F88C045C
:105FC000013E002868D00368DB6B984700283AD070
:105FD000D4F88C04002800F0B78003681B6C984745
:105FE00088BBD4F88C04002800F0AE80036801213F
:105FF0005B6C98470746002800F0AA80D4F880041C
:10600000002840F09D80D4F884542DBBD4F88C0433
:1060100058BB0546D4F88444002C4BD0D4F83C44FB
:10602000A40A47E04FF47A7009F0D2F9013DA6D1F5
:10603000FE224949494808F077FE484808F058FED2
:10604000284603B0F0BDD4F88004002877D1D4F8F6
:106050008454002D70D00746284604F09DFA05466A
:10606000F7B1D4F88C0400286ED0036800215B6C73
:106070009847002808BF002512E0D4F88434D4F8EB
:106080008C04002B56D0D3F8306400289BD11846DE
:1060900004F082FA054603E0184606F031F805469A
:1060A000D4F88034002BB5D09B794FF400749C4019
:1060B000C4F38524FE222A4928480A2708F034FE22
:1060C000122128480AF074FC002332462348CDE907
:1060D000007308F04BFE102123480AF069FC0023EE
:1060E0002A461E48CDE9007308F040FE0E211F48E5
:1060F0000AF05EFC3A4600232146184808F022FECA
:1061000006211B480AF054FC144808F0F1FD194B15
:10611000194A01210D201A6009F002FA174B2022BA
:1061200003211868FFF758FE0123154A184613800B
:1061300003B0F0BD50B9064600242546BAE7002753
:1061400005F0DEFF05468BE70546A9E71E463AE760
:106150000546A5E740840420980F00201C67022014
:106160004C0F0020580F00206C0F0020800F0020E3
:10617000900F0020D07D03209D320000B8700220D7
:10618000E68904202DE9F04105460E460D20012147
:1061900009F09CF9124B134F986CD7F80080A0B10E
:1061A0003246294605F07CF804460F4A0D203B682C
:1061B0001168A3EB080399424FF0000138BF136048
:1061C00009F084F92046BDE8F081D86C28B1324648
:1061D000294603F069FE0446E7E70446E5E700BF09
:1061E0001C82042010890420C08304202DE9F04380
:1061F00085B005460C460AF059FC264A12781AB1B9
:10620000254B1B78DB070BD4DFF8B480234E244FDB
:106210000023C8F800303B60336005B0BDE8F08370
:10622000204B214A1B6812689B1A0E2BECD91B4E7F
:106230002B091B4F32681D4D0192DFF884803A68AC
:106240000294A5F11004DFF8749000921849D8F870
:106250000020184808F068FD012148460AF0A8FB14
:1062600054F8040B002102F0EFFAAC42F4D1124CC6
:10627000124D04F11409012128460AF099FB54F843
:10628000040F012102F0E0FAA145F4D1094808F019
:106290002FFDBDE7028A0420018A0420C083042068
:1062A0005881032010890420408904208883042019
:1062B000500800201C67022084830420240800204A
:1062C000B88304202DE9F04F0446B3B0BF49C0485D
:1062D00001F0DCFC012C07D0A31E012B40F26381EE
:1062E000204633B0BDE8F08F0A22BA4E1146104660
:1062F000FEF79AF808A802F0DDF99DF923009DF950
:106300002230BDF92020B4490090B4480DF02CFA99
:106310009DF927009DF926309DF92520B049009070
:10632000B0480DF021FAAF4BAC4AAF49AF480DF081
:106330001BFA9DF9232096F900309A4240F09D8087
:106340001EADAB4E9DF9252096F900309A422BD018
:10635000A84CA648FFF7FCF9D4F88004002800F008
:10636000C781A54906F042F89DF92520A349A44814
:106370000DF0FAF9D4F88024002A00F07E81002381
:10638000114628469E4A1E9304F066FC002800F041
:106390008281D4F88004002800F0C081984906F07A
:1063A00025F89DF82530337096490AA88D4A8B4B05
:1063B000CDE90021944A95490DF0D6F9284644F2DA
:1063C00002230AAA8B4906F073F9914D22A905F11F
:1063D0001000DDE91F23C5E901239DF884302B73EC
:1063E00006F02CF88B4B22A81E9306F081F8AB6CBC
:1063F000002B00F0E0800AA80DF0FAFE01460AA882
:106400000AF0D6FA022184480AF0D2FAA86C0028D1
:1064100000F0BF804FF40072804904F041FF002279
:10642000DFF818820224114610461546C8F80020ED
:10643000FDF7FAFF4FF480316448FFF7A3FED8F868
:106440000030DFF8FCB11844DFF8F891C8F800001C
:1064500009F074F9BBF800300646B0FBF3F703FB14
:106460001707D9F80030BB422AD84DBB022420467A
:10647000C9F8007033B0BDE8F08F5E4C624A574BEC
:1064800067495D480DF070F9D4F88024002A00F0C7
:1064900011811EAD00231146574A28461E9304F071
:1064A000DBFB002800F01581D4F88004002800F000
:1064B0003E81514905F09AFF9DF82330337040E743
:1064C0000F20534D08F09EFD0FFA80FAD8F8000017
:1064D0005146FFF7C7FC0590A86C002800F0118119
:1064E000002143690691079304F00AFEA86C002876
:1064F00000F0AE8005994FF4007204F0D1FEA86C54
:10650000002800F07781069B002B00F06981454848
:1065100005F0EEFFDFF8B4C0434DBCE80F000FC537
:10652000BCE80F000FC5DCF800305146D8F8000079
:106530002B60FFF75BFE032C00F056813B4D3C4C7B
:10654000A5FB06353B4BDFF800812D0C04FB1564E1
:10655000A3FB0434B8F80030C4F3CF24A34200F204
:10656000EF80B8F80230A34203D2B8F80430A34257
:1065700078D8B8F80630A342C0F0ED802E4DDFF891
:10658000CC802B88B8F80020934200F2F2800124DE
:106590006DE7E86C00283FF442AF4FF400721F49EA
:1065A00003F082FC3BE7A4F10305DFF89080B5FA25
:1065B00085F56D093EE7E96C00297FF41CAF0A22DE
:1065C00008460424FDF730FF8AE600BFF48103206B
:1065D000E883042055710220DC0E00206481032032
:1065E000EC0E002018890420FC0E00207881032086
:1065F0005671022040840420C881032020DC002042
:106600006C820420B47002202C8904200C0F00201E
:106610001C82042060120020180F0020B07B032091
:10662000040F00202C8204207883042007452EC20A
:1066300080510100C5B3A291EA890420C4830420DB
:1066400050710220E0830420BC70022052710220AD
:10665000E86C00283FF45BAF05994FF4007203F03B
:1066600023FC4CE74FF46162754802FB035AFFF7C5
:106670006FF8504602F0CCF87BE7D4F88414002978
:106680003FF48FAE13462A9228466E4A03F0DCF898
:1066900000287FF47EAED4F88034002B00F0C18057
:1066A000002203F58961284601231E92654A04F001
:1066B000DBF96EE6D4F884141EAD00293FF4FCAE7D
:1066C00013462A922846604A03F0BEF800287FF459
:1066D000EBAED4F88034002B00F09580002203F557
:1066E0008961284601231E92574A04F0BDF9DBE672
:1066F000D4F8840400283FF437AE534903F0FEFF7A
:1067000032E6E86C00283FF402AF036800220793EA
:1067100043680693002302F0D9FDE7E6D4F8840429
:1067200000283FF43EAE474903F0E8FF39E6D4F8CD
:10673000840400283FF4C0AE434903F0DFFFBBE60A
:106740004FF461623E4802FB035AFFF701F85046DE
:1067500002F05EF805E7B8F800304FF4616238489F
:10676000183302FB0355FEF7F3FF284602F050F8FA
:1067700004E7364C0292A4FB0614BBF80020344810
:106780006409B4FBF3F103FB114100940191314919
:1067900008F0CAFA2B88B8F80020B4FBF3F803FB22
:1067A00018481FFA88F39A423FF6F1AEFDF7DAFE79
:1067B00000962988234642462548B4FBF1F404FBA1
:1067C0000111C1EB01118C002349019408F0ACFACE
:1067D0001B48FEF7BDFF2046012402F019F846E6EB
:1067E000079904F08DFC92E609211C4804240AF064
:1067F000DFF83CE6E86C00283FF489AEDDE90632BC
:1068000002F064FD83E6D4F8841400293FF454AE0A
:106810002A9301F5896101230B4A284603F066FAA1
:1068200042E6D4F8841400293FF4BBAD2A9301F565
:1068300089610123034A284603F058FAA9E500BFFD
:10684000788103206C820420C8810320898888888D
:106850001C670220280F0020380F00201C0F00208A
:1068600030B595B040F202233E4A3F49684605F0F4
:106870001FFF129B002B70D03C49684608F054FA69
:106880003B4968463B4C08F04FFA3B49684604AD2B
:1068900008F04AFA394B3A4968461A8808F044FA2F
:1068A000384B394968461A8808F03EFA374B384960
:1068B00068461A8808F038FA364A374B6846126834
:1068C0003649A3FB0232920908F02EFA344B3549BF
:1068D00068461A6808F028FA334A3449684608F0CE
:1068E00023FA334A3349684608F01EFA324A3349DC
:1068F000684608F019FA324A3249684608F014FA34
:10690000314A3249684608F00FFA314A314968463F
:1069100008F00AFA22883049684608F005FA6288C9
:106920002E49684608F000FAA2882D49684608F00A
:10693000FBF9E2882B49684608F0F6F92A4A2B4908
:10694000684608F0F1F9284605F0D2FD284B2846A4
:10695000009305F0CDFD15B030BD139B002B8BD1FE
:1069600004ADF3E75C0B002040840420680B00209A
:10697000800B0020BC700220B40B0020507102205C
:10698000B80B002052710220D40B0020EA890420A9
:10699000EC0B0020B8700220D34D6210100C0020C8
:1069A0008C700220340C0020AC660220500C0020B9
:1069B0000C660220780C0020E4650220A40C002064
:1069C0005C660220D00C002084660220E80C0020C7
:1069D00034660220000D00201C0D0020300D002028
:1069E000440D0020580D0020087102206C0D00207D
:1069F00060120020074B1B8803B9704710B5FFF7E2
:106A00002FFF054BD3F88C040368BDE810401B6AC8
:106A1000184700BFE6890420408404202DE9F04790
:106A200096B000239D4A02A89D4905F041FE1498A6
:106A3000002800F0BD819B4D00272C462E460028E3
:106A400000F0B78003781A0700F19C800DF1180858
:106A5000404605F04DFD002F00F0BB810023924918
:106A60001E4615F8012B212A02D141F826300136A5
:106A70000133BB42F5DB002E7BD08B4F002540F26B
:106A80003E6ADFF8509257F8040B831C00F1010EA8
:106A900000F1500C53450DDCD44504EB0E01A8BFAA
:106AA000D44611F8012F3B2A04D0232A02D0013307
:106AB0006345F6DD00220330E254204414F80E3022
:106AC000313B472B51D8DFE813F0660159014C01E7
:106AD000480050005000500050005000500050003E
:106AE0005000500050005000500050005000500026
:106AF0005000500050005000500050005000500016
:106B00005000500050005000500050005000500005
:106B100050005000500050005000500050005000F5
:106B2000500050005000500050003F01500036010E
:106B300050002D0117010701500050005000500077
:106B4000DF005000D600C900C0005000B300AA000A
:106B50005000500050005000A10001AA53490CF011
:106B600023FEBDF80420524BDA800135AE428AD1B3
:106B700036B2504B4046029305F0BAFC304616B090
:106B8000BDE8F087C36942699B1A29D5B7F5C86F7C
:106B900000F01581012201A904F0B2F8012832D1D8
:106BA0009DF804301498013706F8013B00287FF463
:106BB00049AF159A002A3FF449AF92F831301B07CC
:106BC0007FF544AF116813695B1A5169526861EB34
:106BD0000202B3F1004F72F1000228BF6FF00043D0
:106BE000002B3FF433AFB7F5C86F00F0E880002802
:106BF000D0D11598002800F0EA80012201A902F006
:106C00007FFA0128CCD01498FF23CCE701354A46FF
:106C100029490CF0C9FDAE427FF435AFA8E7013534
:106C2000264A25490CF0C0FDAE427FF42CAF9FE709
:106C3000013501AA1D490CF0B7FDBDF80420204B19
:106C4000AE421A807FF41FAF92E701351D4A1A4900
:106C50000CF0AAFDAE427FF416AF89E7013501AA18
:106C600012490CF0A1FDBDF80420174BAE421A806A
:106C70007FF409AF7CE70135144A0F490CF094FD0D
:106C8000AE427FF400AF73E70135114A0A490CF0B8
:106C90008BFDAE427FF4F7AE6AE700BF5C0B0020CD
:106CA00040840420B4280320F82E0320980D0020EF
:106CB000BC700220601200209C0D0020AC660220F7
:106CC000EA8904205C66022052710220E4650220F9
:106CD000346602200871022001AA3F490CF064FDCD
:106CE000BDF804003D4B0135186040B2FDF76CFD66
:106CF000AE427FF4C8AE3BE701AA37490CF054FD21
:106D0000374BBDF804204FF47A7101351A601A68C8
:106D100001FB02F21A601868FDF7EAFAAE427FF44E
:106D2000B2AE25E701352F4A2F490CF03DFDAE42AA
:106D30007FF4A9AE1CE701352C4A2B490CF034FD39
:106D4000AE427FF4A0AE13E7013501AA22490CF050
:106D50002BFDBDF80420264BAE421A807FF493AE83
:106D600006E7013501AA1C490CF01EFDBDF8042000
:106D7000204BAE429A807FF486AEF9E6013501AA37
:106D800015490CF011FDBDF804201A4BAE425A8093
:106D90007FF479AEECE6013501AA0F490CF004FD51
:106DA000BDF80420134BAE421A807FF46CAEDFE6D0
:106DB000159E002E7FF43FAE0DF11808D9E60DF1B7
:106DC00018084FF4C867404605F092FB46E6FF23DB
:106DD000E9E63E46CDE600BF980D00208C7002200B
:106DE000B8700220846602209C0D00200C660220F0
:106DF00050710220BC70022008B5FFF70FFE00287A
:106E000001DC002008BD0D212F4809F0D1FD2F48DD
:106E100007F06EFF00F070F905212D4809F0C8FD5C
:106E20002C480DF0E5F901462A4809F0C1FD274834
:106E300007F05EFF0521284809F0BAFD27480DF04C
:106E4000D7F90146254809F0B3FD204807F050FF67
:106E50000521234809F0ACFD22480DF0C9F901468F
:106E6000204809F0A5FD194807F042FF05211E48FA
:106E700009F09EFD1D480DF0BBF901461B4809F0C5
:106E800097FD124807F034FF0521194809F090FDDD
:106E900018480DF0ADF90146164809F089FD0B4878
:106EA00007F026FF0521144809F082FD13480DF074
:106EB0009FF90146114809F07BFD044807F018FFCF
:106EC000FEF71EFF012008BD100800201C670220ED
:106ED00020080020AC660220280800200C66022052
:106EE00030080020E4650220380800205C6602209B
:106EF00040080020846602204808002034660220F2
:106F000019481A4B1A491B4A10B5C0F8A434292352
:106F10000024C0F8901480F8AD340721164BC0F857
:106F20008044C0F88444C0F88C44A0F8984480F8A9
:106F3000B14480F8B844C0F8A81480F8C8440F4998
:106F4000C0F89C340AF0FAFA0D484FF47A710D4BF0
:106F50000473084A0360C0E90141C0E912440A49C8
:106F6000BDE810400AF0EABA4084042000093D0060
:106F700070130020FC6A0220901200209932000059
:106F80001C820420281300201D33000010B5044685
:106F900000230A2207F0D6FE2046BDE8104007F085
:106FA000A7BE00BF10B5044607F096FE2046BDE818
:106FB000104007F09DBE00BF69B170B50546084698
:106FC0000C460DF015F92B680246214628465B68F1
:106FD000BDE870401847704738B509F07FFC0028BD
:106FE000FBD00E4C41F288310D4D27232246A9607B
:106FF00028460A2107F0C2FF002302212354094832
:1070000009F0D6FC20460DF0F3F80146204609F0C1
:10701000CFFC284607F06CFE204638BD1C7E0320BE
:107020001C6702204811002030B593B00446FFF7DA
:10703000D3FF05460DF0DCF8122802D8002013B06B
:1070400030BD11A90DF12F0310AA2846CDE9073153
:107050000DF12E030FA9CDE905320DF12D030EAA76
:10706000CDE903310BAB0DA9CDE9013200910DF152
:107070002B030CAA08490CF097FBDDE90C23DDE992
:107080000E012280A370E07001206171DDE9102300
:10709000A271E37113B030BD4C11002010B504464D
:1070A000FFF79AFF01462046BDE810400CF0DEBF16
:1070B00010B582B00446FFF78FFF002301AA0449F0
:1070C00001930CF071FB019B238002B010BD00BF47
:1070D0006011002038B5044649B108460D460DF050
:1070E00087F82368024629465B6820469847204671
:1070F000BDE8384007F0FCBD38B50B213748384CA7
:1071000009F056FC374B2046374D198807F0E4FD4F
:107110000421364809F04CFC204607F0E9FD0B211C
:10712000334809F045FC334B2046198807F0D4FD5D
:107130000421284609F03CFC204607F0D9FD0B212C
:107140002D4809F035FC2D4B2046198807F0C4FD69
:107150000421284609F02CFC204607F0C9FD0B212C
:10716000274809F025FC274900230A220968204600
:1071700007F0E8FD0321244809F01AFC204607F037
:10718000B7FD0B21214809F013FC214900230A22F5
:107190000968204607F0D6FD03211E4809F008FCC7
:1071A000204607F0A5FD0B211B4809F001FC042136
:1071B000204607F091FD204607F09AFD0821174868
:1071C00009F0F6FB0F2007F01DFF0146204607F0EF
:1071D00083FD2046BDE8384007F08ABD440A002000
:1071E0001C67022050710220640A0020500A00200F
:1071F000580A0020527102206C0A0020EA890420FB
:10720000780A0020B8700220840A0020880A002032
:107210008C700220940A0020980A0020A40A002002
:1072200038B5164C1521164809F0C2FB204607F068
:107230005FFD0B21134809F0BBFB204607F058FD0A
:107240000B21114809F0B4FB0521104809F0B0FBEF
:107250000F4D204607F04CFD0B210E4809F0A8FB0E
:1072600028460CF0C5FF0146284609F0A1FB204640
:1072700007F03EFDBDE83840FFF73EBF1C67022027
:10728000180900207008002030090020680800203C
:107290002C8904203C09002070B584B0044609F014
:1072A00005FCCF4B1B786BB1CE4B1B78DB0709D5A8
:1072B000CD4BCE4A1B6812689B1A0E2B02D909F0DF
:1072C0000DFB10B9204604B070BD09F04BFBC0B2F5
:1072D000732800F06D837928F4D8612836D9623894
:1072E0001728EFD801A353F820F000BF794D000014
:1072F000094D000055490000FD4C000055490000B3
:107300005549000055490000554900005549000005
:1073100055490000554900005549000055490000F5
:1073200055490000F74C0000554900005549000040
:1073300055490000554900005549000055490000D5
:1073400055490000814C0000834D0000212800F0C9
:10735000A7803F2802D0B5E708F03AF809F0BEFA56
:1073600003460A20002BF7D009F0FCFAC3B2313BE8
:10737000472BA7D801A252F823F000BF594E0000B6
:10738000454E0000314E00001D4E000055490000E2
:107390005549000055490000554900005549000075
:1073A0005549000055490000554900005549000065
:1073B0005549000055490000554900005549000055
:1073C0005549000055490000554900005549000045
:1073D0005549000055490000554900005549000035
:1073E0005549000055490000554900005549000025
:1073F0005549000055490000554900005549000015
:107400005549000055490000554900005549000004
:1074100055490000554900005549000055490000F4
:1074200055490000554900005549000055490000E4
:10743000554900005549000055490000EF4E000035
:107440005549000055490000DF4E00005549000035
:10745000CB4E0000B74E00005549000055490000D2
:1074600055490000A54E0000934E0000554900000C
:10747000814E00006D4E00000B4E0000554900008B
:10748000F74D00005549000055490000E54D00004A
:107490005549000055490000D34D000007F098FF02
:1074A00009F01CFA03460A20002BF7D009F05AFA1B
:1074B000C3B2313B472B3FF605AF01A252F823F090
:1074C0000950000001500000F94F0000F14F00008A
:1074D0005549000055490000554900005549000034
:1074E0005549000055490000554900005549000024
:1074F0005549000055490000554900005549000014
:107500005549000055490000554900005549000003
:1075100055490000554900005549000055490000F3
:1075200055490000554900005549000055490000E3
:1075300055490000554900005549000055490000D3
:1075400055490000554900005549000055490000C3
:1075500055490000554900005549000055490000B3
:1075600055490000554900005549000055490000A3
:107570005549000055490000554900005549000093
:10758000E94F00005549000055490000334F000005
:1075900055490000154F0000034F000055490000F9
:1075A00055490000554900002950000021500000B5
:1075B000554900001950000011500000CD4D000049
:1075C0005549000039500000554900005549000058
:1075D000CD4D000055490000CD4D00003150000058
:1075E000028A0420018A0420108904204089042092
:1075F0000026FFF7F1FC02AAAF4902960CF0D4F87E
:10760000029DAAB2002A71D015460D21AB4809F09F
:10761000CFF92946AA4807F05FFB0621A94809F0DF
:10762000C7F908F08BF8A84B0221A3FB00234FF405
:10763000616205EBD32502FB05F5A44809F0B8F912
:1076400008F07CF833460A22291A9D4807F07AFB95
:1076500005219F4809F0ACF9994807F049FB2846F5
:1076600001F0D6F82EE6FFF7DBFD2BE60521994861
:10767000032409F09DF925E6052C7FF423AE06E0EE
:1076800009F070F9C0B28DF807009DF8073009F0D5
:1076900025F90028F4D102A801F00CF802A98E48BF
:1076A00000F0E2FF3E218D4809F082F9844807F09E
:1076B0001FFB02A8FFF7B8FC002800F0828102A897
:1076C00000F098FF0A2007F083FE02A800F0F0FF08
:1076D0001121834809F06CF9794807F009FB02A9E8
:1076E0007D4800F0C1FFEDE5FFF784F9FCF72EFEC1
:1076F000E8E50026FFF770FC02AA6F4902960CF03D
:1077000053F8029DAAB2002AF0D015460D216B480D
:1077100009F04EF929466A4807F0DEFA0821714857
:1077200009F046F908F00AF86F4B0221A3FB002389
:1077300005EB5315C5EB05158D407EE7FFF74CFCB7
:10774000C0E56A495E48FFF737FC69495C48FFF7C6
:10775000C1FCB7E567495A48FFF72EFC664958480F
:10776000FFF7B8FCAEE565495548FFF725FC644BCB
:1077700053481988FFF716FCA4E562495048FFF703
:107780001BFC04214E48FFF70DFC9BE55E494C486D
:10779000FFF712FC5D4B4A48D988FFF703FC91E5DF
:1077A0005B494748FFF708FC584B45489988FFF765
:1077B000F9FB87E557494248FFF7FEFB534B40482A
:1077C0005988FFF7EFFB7DE553493D48FFF7F4FB90
:1077D0004E4B3B481988FFF7E5FB73E54F493848A6
:1077E000FFF7EAFB4E4B36481988FFF7DBFB69E5EC
:1077F0004C493348FFF7E0FB4B493148FFF76AFC3F
:1078000060E54A492E48FFF7D7FB49492C48FFF766
:1078100061FC57E547492A48FFF7CEFB464928480F
:10782000FFF758FC4EE545492548FFF7C5FB444B9B
:1078300023481968FFF7AAFB44E542492048FFF7AF
:10784000BBFB414B1E481968FFF7A0FB3AE502A8B5
:1078500000F030FF02A93D4800F006FF32E53C4948
:107860001748FFF7A9FB3B4B15481988FFF79AFB10
:1078700028E5334D2846FFF71BFC95F90000FCF77F
:10788000A3FF1FE5FFF7A8FB002302AA0A49029302
:107890000BF08AFF2C4B029A1A601868FCF728FD3F
:1078A00010E502A8FFF7C0FB02A800F0A3FE02A8A3
:1078B00000F0FEFE06E500BF60110020B40D0020C0
:1078C0001C670220C40D0020C5B3A291CC0D00207E
:1078D000D00D0020AC0D0020600E0020640E0020B2
:1078E000A40E0020D80D002089888888580E00201A
:1078F000087102200C0E00202C890420F40D0020B9
:10790000EA890420140E0020500E0020BC700220D2
:10791000480E0020400E0020380E0020EC0D002004
:1079200052710220200E0020E4650220300E00205B
:1079300034660220280E00205C660220040E00201F
:107940008C700220FC0D0020B87002201C0E00205C
:10795000E40D0020507102201E48FFF7A9FBB1E49E
:107960001D48FFF7A5FBADE41C48FFF7A1FBA9E408
:107970001B48FFF79DFBA5E41A48FFF799FBA1E41C
:107980001948FFF795FB9DE41848FFF787FB99E43A
:107990001748FFF783FB95E41648FFF77FFB91E458
:1079A0001548FFF77BFB8DE41448FFF781FB89E462
:1079B0000521134808F0FCFF1248002407F098F94D
:1079C00080E41B21104808F0F3FF0E4807F090F9FF
:1079D00078E400BF50710220C2700220C070022003
:1079E000BE700220BC70022052710220E4650220A9
:1079F000346602205C66022008710220EA890420B5
:107A0000A40D00201C670220B80E002010B54FF412
:107A1000A0220446002104480CF04CF80023236007
:107A2000A380A36010BD00BF00A02220844670B5D3
:107A3000BCF804301BB2002BFAD10120ACF80400D2
:107A4000DCF808008418B4F5804F4BDD43F6FE7473
:107A5000BCF900E0A04213DC0446304D4FEA8E36FC
:107A6000344445F82430DCF808400134B4F5804F44
:107A7000CCF80840F4DB05EB0E454FF6FC73E850FC
:107A80000EF10104264D002385FB0405E017CCF818
:107A90000830C0EB6500BCF9025000EB8000201AF2
:107AA00004B2A542ACF8004018D09A4211DD043966
:107AB00080031A4D01EB820251F8044F034445F84C
:107AC00023409142DCF8083003F10103CCF8083080
:107AD000F2D100230120ACF8043070BD1846ACF898
:107AE000043070BD002AF4DDBCF9004004390B4DB0
:107AF000A40301EB820251F8043F204445F82030F2
:107B00008A42DCF8080000F10100CCF80800F2D14C
:107B100000230120ACF80430DFE700BF00A02220E2
:107B2000676666662DE9F0438446DDF81C90BCF874
:107B3000044024B2002CFAD10120ACF8040002EB7E
:107B40000900B0F5804F00F39780DCF808502E183C
:107B50002846B6F5804F60DD43F6FE75BCF900E0BF
:107B6000A84213DC0546474E4FEA8E38454446F896
:107B70002540DCF808500135B5F5804FCCF80850A9
:107B8000F4DB06EB0E464FF6FC7430510EF10100AB
:107B90003D4CBCF9026084FB0054C517C5EB64057D
:107BA000002405EB8505CCF80840451B28B2864229
:107BB000ACF8000060D0A24212DD04392046314EFC
:107BC000AC0301EB820251F8047F204446F8207098
:107BD0009142DCF8080000F10100CCF80800F2D175
:107BE000B9F1000F13DD043BDCF80820AC03254E8F
:107BF00003EB890753F8041F224446F82210BB42C6
:107C0000DCF8082002F10102CCF80820F2D10023B0
:107C10000120ACF80430BDE8F083002A14DD0439FB
:107C2000BCF90040174E01EB8202A40351F8040F87
:107C3000254446F825008A42DCF8080000F10105D9
:107C40002846CCF80850F1D1B9F1000FDFDDBCF9BE
:107C50000010043B0B4E03EB8907890353F8042FF4
:107C6000084446F820209F42DCF8080000F101009B
:107C7000CCF80800F2D1CAE72046ACF80440BDE8D1
:107C8000F08300BF00A022206766666610B58646B6
:107C9000BEF804301BB2002BFAD10122BEF902005B
:107CA000AEF80420BEF9002082421FD0114B0A1FFB
:107CB00003F5803403EB004304EB004C53F8041F3E
:107CC000634542F8041FF9D1431C0B494FF0000CE7
:107CD000012081FB0321DA17AEF804C0C2EB610278
:107CE00002EB82029B1AAEF8023010BD1846AEF8C5
:107CF000043010BDFC9F222067666666B0F9003034
:107D0000B0F90210581D074A401A82FB0032C3170F
:107D1000C3EB620303EB8303C01A0028D4BF002027
:107D2000012070476766666670B5214D00244FF4E8
:107D30000042204E214628462DED088B82B0B4EE3D
:107D400000BAB0EE408ADFED1CAA9FED1CAADFED61
:107D50001C9A9FED1C9ADFED1C8A0BF0ABFE07EE20
:107D6000904AB0EE6A2A01342846F8EEE77A0423F6
:107D7000F7EE081A0022B0EE001A4FF40061A7EEE9
:107D80008B2A0096F0EE4A3A05F50055B0EE693AB6
:107D9000F0EE492AF0EE680AB0EE480A22EE082A10
:107DA00000F0ECFD042CDAD102B0BDEC088B70BD04
:107DB00000000070D81300200000803C0000804EBE
:107DC00000000000C0E1644B00409C45064A0020D2
:107DD000064992ED000A4FF0FF32054BB8EE400A1B
:107DE00008601A60FFF7A0BFB87002204C2F032074
:107DF000EC6A02202E49F8B50B6804462D4F01337A
:107E00000B6007F039FB2C4A0646136801331360F8
:107E10003A68002A3EDB02F1010C284941F6FC7069
:107E2000231F01EB4231204453F8042F51F8045F23
:107E300083422A441A60F7D1BCF1030F1EDCC7F855
:107E400000C01F490B7803BB01201E4B221F087086
:107E500003F5005052F8041F43F8041B8342F9D184
:107E60004FF0E0238022C3F8102207F005FB164BE9
:107E7000801B1A68824200D21860F8BD4FF0FF33B1
:107E80000F493B600B78002BDED0104A136801339A
:107E90001360EAE70E4A02FB03F302F18042013A63
:107EA000B2EBB30FCDD34FF0010C0022B5E700BF0A
:107EB00054810320EC6A02204C2F0320FCFFFF6F4B
:107EC000F989042000602220E483042058810320E3
:107ED000295C8FC270B54FF480611848184C00259A
:107EE0002DED048BFCF720F84FF4005200211548CB
:107EF0000BF0E0FDB7EE000AF6EE008ADFED129A15
:107F000004F580569FED119AB0EE408A09E007EE25
:107F1000905AB8EEE70A20EE290A20EE090A09F085
:107F2000DBF938EE400A013520EE280AA4EC010AFC
:107F3000A642ECD1BDEC048B70BD00BF9CB8022002
:107F4000B4B802209C980220DB0FC9400000803AA0
:107F50002DE9F84FDFF8D4A04FF00009DFF8D0800A
:107F600005462B4C0AF6F8762A4FD3462DED028BA8
:107F70009FED298ADFED298A294B224652F8101BF2
:107F800043F8041BBB42F9D1264B224A93ED007AF9
:107F90000023E95807EE901AE1181033F8EEE77A5B
:107FA000B3F5005F67EE877AC1ED007AE2EC017A03
:107FB000EFD100235A461A491B48FBF701FFDAEDBF
:107FC000007A1A4BDA4667EE887A4246C8ED018A93
:107FD000C8ED007A93ED027A0833D3ED017A2032AE
:107FE00027EE087A9E4267EE887A82ED007AC2ED2B
:107FF000017AEFD109F1010908F1080804350434C8
:10800000B9F1040FB8D1BDEC028BBDE8F88F00BF09
:108010009C980220B4D002200000003D0000000027
:10802000B4C80220007102209CB80220B4D80220FB
:10803000B4E8022070B5434C002643484349254626
:108040002DED048BDFED428A90ED008A2A4690EDFB
:10805000010AD0ED020AB1EE488A90ED031AB1EEA2
:10806000400AD0ED041AF1EE600A90ED052AB1EE57
:10807000411AF1EE611A374BB1EE422AD3ED006A94
:10808000203313ED053A944613ED067A0C3263EE75
:10809000664A13ED079A53ED017A53ED033AE9EE80
:1080A000074A53ED042A27EEE66A13ED024A23EE4F
:1080B000E65A994267EEC76A63EEC75A27EEE27A3C
:1080C000F0EE687AA9EE225AA9EE046AE8EE247A64
:1080D000E3EE225AE3EE046AA3EE847AE0EE057A38
:1080E000E0EE867AE1EE257AE1EEA67AE2EE077A14
:1080F000CCED007AC2D1013618300435032EA3D15D
:10810000154D164E94ED010A94ED007A20EE000A0A
:10811000D4ED027AA7EE070AA7EEA70AB5EE400A49
:10812000F1EE10FA09D4F1EEC07A0C34E5EC017AE4
:10813000A642E7D1BDEC048B70BD08F043FEF0EE23
:10814000407AF2E798800220D4660220B428032007
:1081500000000000B4E802208878022098980220ED
:10816000DFED2E7A00202E4BF0EE676A03F50061FA
:108170001A4610B42B4CC4ED007AF2EC017AF4EEFE
:10818000E67AF1EE10FA02DDF0EE676A01208A422B
:10819000F3D100283ED0C4ED006ADFED207AB3ECC5
:1081A000017A8B4277EE877AF9D11F4BF0EE084ABD
:1081B0001E4A93ED004A92ED007AB4EEE44A9FED38
:1081C0001C6ADFED1C5A9FED1C5AF1EE10FAB5EE59
:1081D000407A67EE857A36FE256AF1EE10FA16D0FF
:1081E00077EEC75AA5EE867AB5EEC07A13495DF8E8
:1081F000044BC1ED006AF1EE10FA82ED007ACCBFBB
:10820000C7EE876ADFED056AC3ED006A7047B0EE1E
:10821000677AE9E7DFED016ABFE700BF0000000011
:108220008878022088800220948002208C8002209E
:108230006F12833A0AD7233C0000003B9080022053
:1082400070B50546254B2C1F03F50050224652F809
:10825000041F43F8041B8342F9D12048FFF778FE3E
:10826000FFF7E8FEFFF77CFF1D494FF4C0631D4A8E
:1082700091ED000A4FF400711B48FCF7BDFF194A4D
:108280001A4B02F5C05193ED007A1346D3ED007AF4
:1082900067EE877AE3EC017A8B42F7D1144E002027
:1082A000104B96ED007AF3EC017AF4EEC77AF1EE1A
:1082B00010FA02DDB0EE677A01208B42F3D108B1EB
:1082C00086ED007AF2EC017AFDEEE77A8A4217EE4B
:1082D000903A44F8043FF5D1284670BD0080222032
:1082E0009480022098800220887802200471022065
:1082F0009898022010B507F0BFF84FF0E0238022D5
:1083000004460848C3F89022FFF79AFF064B002264
:108310001A7007F0B1F8054B001B1A68824238BF8B
:10832000186010BD00602220F9890420F481042027
:1083300008B5FFF7CFFD002309490A4A0B60136017
:10834000FDF742FC084B094AC3F85C22084970203B
:108350004FF0E023802281F88700C3F8102108BD88
:108360008C80022090800220007402208559000039
:1083700000E400E00148FFF749BB00BFE8830420A8
:108380000A460C4B10B5196884B092F9074092F96F
:108390000630CDE9023492F9054092F90330CDE977
:1083A000003492F90230B2F900200BF0DDF904B08C
:1083B00010BD00BF307102202DE9F0414F4CB2F5E5
:1083C000FA6F40F26D18A4FB00364FEA5616A4FB74
:1083D00006344B4B4FEA5414A3FB045314BF04253B
:1083E00006251B09EF18474DA5FB075CC6EB0615D4
:1083F000A0EB8500C871A7EB0C000CEB50008008C7
:10840000C0EBC0003D1AC4EB04103F4FA6EB800048
:108410000D713E4E887103EB43003D4DA4EBC0044B
:1084200000204C7100E0013212F0030405FB02FE53
:1084300040F26D1C08D1B6EBBE0F4FF4B77C03D3EE
:10844000B7EB3E1F38BFC44660448342EBD2314E87
:108450000A80A6FB02567CB34FEA561E64274FF4EF
:10846000C875F60907FB1E2E05FB162640F26D1295
:108470001B1A4FF01F0C0220274F1344012284B90E
:108480000CF10105BEF1000F00D156B9022A08D146
:108490009D422CD85B1B17F802C001300132002C22
:1084A000EED09C451DD80C28A3EB0C03F3D101336F
:1084B0008870CB70BDE8F08164254FEA561EF6093E
:1084C00005FB1E2E4FF4C87505FB1626BEF1000FE6
:1084D00002D04FF4B772CBE7002EC7D14FF4B7727A
:1084E000C6E750B201338870CB70BDE8F08110460A
:1084F00001338870CB70BDE8F08100BF898888881F
:10850000ABAAAAAA254992240AD7A300285C8F0205
:10851000295C8FC21F85EB5110100020B0F800C0FD
:1085200000236145F0B518DA40F26D1E2B4D2C4E3C
:108530002C4F11F0030F05FB01F440F26D1208D12E
:10854000B6EBB40F4FF4B77203D3B7EB341F38BF99
:108550007246013113446145EBD190F902E0BEF15E
:10856000010F23DD204A64251F33204CA2FB0C128F
:108570004FF4C8715609D20905FB16C601FB12C299
:108580000CF00301B6B295B20122013272450DD052
:1085900014F801CF022A6344F7D10029F5D10EB9AE
:1085A000002DF2D1013201337245F1D190F906204C
:1085B0004FF4616590F90510C2EB02120C4C920069
:1085C00005FB012290F9031090F9075050194A1E3B
:1085D00004FB020004FB0300F0BD00BF295C8FC256
:1085E000285C8F020AD7A3001F85EB5110100020D2
:1085F000805101001A4B00221B8870B59BB282B0DB
:108600000092ADF804208DF8062033B302880DF1F6
:10861000060643884479303290F806C05BBA8DF87C
:1086200002406C46C1790F4D8DF80620ADF804303C
:108630008DF801C001E014F8011F00230A2228462A
:1086400006F080FB202008F09DF9B442F3D10548E4
:1086500002B0BDE8704006F04BBB02B070BD00BF79
:10866000E08904201C67022030B50C4683B00D4D14
:10867000024694F903300C492846019394F90230DC
:108680000093B4F9003006F04FFB94F9071094F909
:108690000630284694F905200091044906F044FB71
:1086A00003B030BD1C670220F40800200809002038
:1086B000FBF7A2BEFBF792BE70B586B04D4DFBF73F
:1086C0008BFE002602A8FBF789FE9DF90B409DF961
:1086D0000A00BDF90830484A4849CDE90004484835
:1086E00006F022FB9DF90F009DF90E309DF90D203B
:1086F00044490090424806F017FB092142482E8069
:1087000008F056F929883E4889B206F0E5FA3C4857
:1087100006F0EEFA0A2006F05BFE2C88A4B2002CCC
:108720004AD02B889BB2002B3BD1BDF910309DF96C
:1087300012409DF91300354A3049CDE900403048D8
:1087400006F0F2FA9DF917009DF916309DF91520F3
:108750002C4900902A4806F0E7FA04A8FBF74CFEE3
:108760000A2006F035FE04A8FBF738FE9DF91340F9
:108770009DF91200BDF910301F4A2049CDE90004CF
:108780001F4806F0D1FA9DF917409DF916309DF962
:1087900015201C4900941A4806F0C6FA012006B0BC
:1087A00070BD4FF4FA62304634468DF815601346BA
:1087B000ADF816600492BEE704A8FBF70FFE9DF922
:1087C00013009DF91210BDF910300B4ACDE90010CD
:1087D0000A490B4806F0A8FA9DF917009DF91630D2
:1087E00000909DF915200749054806F09DFA20469E
:1087F00006B070BDE0890420600E0020F40800205F
:108800001C67022008090020FC0F0020081000202F
:1088100008B5FBF7AFFDFBF7ABFD642006F0D8FD14
:10882000BDE80840FBF7D4BD21B918B901210448BF
:1088300008F0BEB8014600231022024806F082BAB2
:10884000240800201C670220030E2DE9F047060CC7
:108850009A464FEA10790D46002B0CBF0F4641F0A7
:1088600001070446C6F303184846FFF7DDFFB9F1D8
:10887000000F0CBF294645F001010AF00F00002E41
:1088800018BF45F00105FFF7CFFF39464046F6B265
:10889000FFF7CAFFB8F1000F0CBF394647F00101DE
:1088A000C4F30337C4F3072806F00F00FFF7BCFF3B
:1088B00029463846B8F1000F0CBF2E4645F0010698
:1088C000FFF7B2FF002F0CBF294645F00101C4F3AA
:1088D000031508F00F00E4B2FFF7A6FF3146284663
:1088E000FFF7A2FF002D0CBF314646F0010104F056
:1088F0000F00BDE8F047FFF797BF00BF0000000082
:10890000012808B52DED068BF0EE408AB2EE048A00
:1089100007DDF0EE487A0123013328EE278A9842DA
:10892000FAD1B7EE009A9FED12AB11E0B4EEC98A0E
:10893000F1EE10FA12DD08F025F8F2EE047A88EE76
:10894000278AB7EEC87AB4EECA7BF1EE10FA05D4E6
:10895000B4EEE88A2020F1EE10FAE7DCB7EEE80A80
:1089600002210548BDEC068BBDE8084006F050BA70
:108970007B14AE47E17A843F1C67022091FBF3F140
:10898000F7EE007A00292DE9F04F2DED0C8B87EEE4
:1089900080CA83B062DD1D46031F9346DFED32CAF5
:1089A00001938E18189BB0EE609AF0EE41DA002425
:1089B000A3F10408F0EE619AB0EE42AAF0EE62AACA
:1089C00008EB8507B0EE43BAF0EE63BA002D40DD48
:1089D000019BC24603EB84095AF8042FF0EE6D0A9E
:1089E0000021BBEB02022DD407EE902AB8EEE78AF5
:1089F00028EE0C8A28EE09DAB0EE4D0A08F0DCFA0F
:108A0000F0EE690AF0EE408AB0EE4D0A08F0D4FAB2
:108A1000B1EE400A08F0F8F9F0EE4A7A68EE808A82
:108A2000B0EE4B0AE8EE2A7A68EEAB8A67EEAC7AD3
:108A3000A7EE880A08F050FC68EE808AFDEEE87A1E
:108A400017EE901A59F8042FBA450A44C9F80020C5
:108A5000C2D10BF1010B2C44B345B7D103B0BDEC2F
:108A60000C8BBDE8F08F00BFDB0FC94090F8A3204E
:108A700090F8A200101A704790F8A23090F8A32046
:108A80009A4202D91844807E70474FF0FF307047F9
:108A9000704700BF0346B0F8300178B193F82F213A
:108AA000882A03D9012200205A60704702F1010C84
:108AB00001201A4483F82FC182F8A510704700BF27
:108AC00038B5B0F830410CB9204638BD90F82F3198
:108AD0000546C3F18904A2420DD8144605F1A5004C
:108AE0002246184406F05CFD95F82F3120462344B9
:108AF00085F82F3138BD01224260EFE72DE9F04FB4
:108B0000D0F814A01524017E8146437E83B00AEB81
:108B10000111384A0AEB0313374F097A93F82830CA
:108B200002EB01150901E86852F8018002EB03111C
:108B3000D5F804B01B01CE68D558CBF80040C8F872
:108B40008400D8F804304A6803432C490192C8F8DD
:108B500004301460C5F884606B6833436B60284B45
:108B60004C683A68A3FB0232920C02EB820252007C
:108B70004B681B1B9A42FBD84FF0090C1F4ADFF8C9
:108B800080E0D8F80830034202D0AB6833422FD1DE
:108B9000C5F8886054683968AEFB0131890C01EB77
:108BA000810153681B1B9942FBD8C5F88460546847
:108BB0003968AEFB0131890C01EB810153681B1B45
:108BC0009942FBD8BCF1010CDBD1604699F8183012
:108BD000019A0AEB0313DB68CBF8003099F81930DF
:108BE0000AEB031ADAF82C30136003B0BDE8F08FFB
:108BF0000120EBE7E4D70020E0650220001000E050
:108C000083DE1B430E4A10B51168046905E0DB01E1
:108C100007D413685B1A102B08D8636913F0007F20
:108C2000F5D14FF4FE430120636110BDFFF766FFED
:108C30000028FAD04FF4FE4301206361F5E700BF3E
:108C4000108904202DE9F04790F82FA10569BAF1A9
:108C5000000F4FD081468846FFF7D4FF002849D047
:108C6000374E0024376818E06B69190551D4DA04CF
:108C700055D4580559D4990441D43268D21B322AAC
:108C80003DD8544507D9EA6D520704D19B0555D408
:108C9000B8F1000F52D007F009FF5445E4D8EA6D4F
:108CA000500702F00703DFD413E099F8A520013341
:108CB000022442F48062042B2A661ED08A4503F106
:108CC000010309EB01020ED992F8A520042B2A66B4
:108CD000CAD00121002CE8D02146013301348A4555
:108CE00009EB0102F0D8B8F1000FBDD04FF40073CA
:108CF0002B66B9E70420BDE8F0870124B4E72B69AF
:108D00004FF40072042043F440732B612A66BDE8DF
:108D1000F0872B69042043F440732B61EBE72B6948
:108D2000052043F440732B61E5E72B694FF4007293
:108D3000022043F440732B612A66DCE70020DAE767
:108D4000108904202DE9F84F83460C4615461F462E
:108D5000D0F810A0FFF756FF002800F09E806100B9
:108D6000012DDFF83C8140F20146CBB24FF000010B
:108D700038BF0125D8F800900C461E43ABF8A2106E
:108D800020E09BF8A330872B3FD9DAF81420100598
:108D90005AD412F4105F70D1D8F80030A3EB090355
:108DA000322B6AD89BF8A330AB4209D3022C07D9E7
:108DB000DAF85C30590703D193054BD4002F49D022
:108DC00007F074FE022CDCD8DAF85C3003F00702FE
:108DD0005B07D6D4681E224440F480704CB9CAF8B0
:108DE00060600134131B032BCBD8022CC9D8002C94
:108DF000F5D0012C37D01FB14FF40073CAF86030A2
:108E00009BF8A3300324872BBFD8DAF85C2012F438
:108E1000E02FC2F3024CB8D0591C9C441933C9B29C
:108E20005FFA8CFC5BFA83F3DAF870004A1C614548
:108E30008BF8A310D1B203F8010FA6D08929F3D182
:108E4000DAF814201005A4D5DAF8103043F4407392
:108E5000CAF81030DAF85C3013F4E02F06D19BF832
:108E6000A300BDE8F88FCAF86000BAE7DAF810305E
:108E700043F40073CAF81030F1E7DAF810304FF419
:108E8000007243F44073CAF81030CAF86020DAF870
:108E90005C3013F4E02FE2D0E8E70420BDE8F88F5F
:108EA00010890420F8B506690446D6F8145115F463
:108EB000706301D0C6F81431A8070BD5D6F870211D
:108EC00011043ED50023012184F8A230234484F804
:108ED000A3109A76EB0710D594F83071FFB194F88F
:108EE0002E7194F82F31BB4227D97B1C274484F87C
:108EF0002E3197F8A530C6F8603115F4407F0DD0BB
:108F000094F8A30018B1D4F83C3103B1984700237A
:108F1000A4F8A230A4F82E3184F83031F8BDD4F88A
:108F2000383103B19847002384F82E31012384F8A7
:108F3000303194F82F31BB42D7D80023C6F86031C6
:108F4000DBE794F8A330872BC4D8591CC9B2BDE71E
:108F50000148FFF7A7BF00BF2C6702200148FFF7B9
:108F6000A1BF00BF6C6802200148FFF79BBF00BF94
:108F7000AC69022010B4144C00220369A1421A61AA
:108F800014D8124C012012494FF430329C645862BC
:108F90009962DA629C6C00204FF0011101221C657D
:108FA00018625DF8044B99651A617047094881425F
:108FB00007D9094C09480A499C645A629862D962E7
:108FC000E8E7084C0848F6E77F1A06003B372819FF
:108FD000B80B05053F420F000A09070460090101AB
:108FE000007F05001C1A120C100E020270B500F171
:108FF000240384B08C46044601AD164693E807006E
:1090000085E807004FEA4C122946206A01F0E0F992
:10901000012806D132462946206A01F0BDF904B084
:1090200070BD002004B070BD10B5044600F054FDC2
:10903000002384F8313084F8333010BD38B50D4644
:1090400090F8311009B1002038BD382204460AF0EA
:1090500031FD012340222562184684F8333084F81C
:10906000312038BDF0B40D460978202903D115F818
:10907000014F202CFBD0156095602C782F2C11D03F
:1090800084B16E1C3C2C1D4F35462AD8212C12D899
:1090900004F1FF3CBCF11E0F16D80020F0BC704755
:1090A00015F8014F202CFBD02F2CF9D01D60114654
:1090B000F0BC01F05FB8A4F1220C5FFA8CFC27FA37
:1090C0000CFC1CF0010FE8D12E2C01D0202C0DD16E
:1090D00016F8014B002CE5D02F2CE3D03C2C354664
:1090E000D4D95C2CD9D003D97C2CD6D09660EFE7AC
:1090F0003E3C012CFAD80020F0BC7047012100054D
:109100002DE9F04F90F8333083B00546DC0774D575
:1091100058060F46904640F1B080D5E90023D5E9C6
:10912000041018EB020443F10003A14270EB0303A7
:10913000C0F0A980B8F1000F5BD0464605F11809D0
:10914000D5E90032D5F820A0DAF838441C40C4F341
:10915000080B002C70D1134370D195F831305A06AA
:109160004CBFDAF83424EA69AA619AF84504023A55
:10917000DAF82C14630A824001EB54211144BBF14C
:10918000000F45D1B6F5007F42D3DAF81C22914298
:109190003ED0B6F5806F58D34FF0010B0BFA00FBB1
:1091A000ABEB030B730A9B4528BF9B4691424FEAEA
:1091B0004B240AD801EB0B039A4206D20AF504703D
:1091C000019105F019FB0199B8B1DAF814025B4678
:1091D0000268D2F814A03A46D04770B1234627441B
:1091E000D5E900125B1842F10002361BC5E90032D6
:1091F000A8D1404603B0BDE8F08F95F832304FF06B
:10920000FF3043F0020385F8323003B0BDE8F08F41
:10921000CBF5007400220AF50470B44228BF34462E
:1092200005F016FB0028E8D000EB0B01224638467B
:1092300006F0B6F92346D2E7AA6996E795F83330E7
:109240005B060ED5AA6901328EE7DAF814023A46B7
:1092500003681B6998470028CFD04FF400731C4661
:10926000BDE74A465046A96901F0F4F80028C4DB7E
:109270000CD0D5F820A0AA6977E795F83130190706
:109280007FF558AF49E7A1EB020853E795F8313075
:1092900013F0500FB1D0A8EB06084046AAE700BF74
:1092A000F0B583B00122044685690DF10701D0E9CC
:1092B0000067FFF725FF0128A5610CBF9DF8070097
:1092C0004FF0FF30C4E9006703B0F0BD2DE9F04F67
:1092D0001F4690F8313083B00446D0F81880002B38
:1092E00051D01646D0E9001CBC4508BF91425CD065
:1092F00056EA07024DD01D0704D5D0E90402B0425A
:10930000BA4140D394F83320751ED4F820A00192BE
:1093100047F1FF309AF845240932D2B2C2F1200E4B
:10932000D540A2F1200900FA0EFB20FA09F045EA27
:109330000B0505430198400633D4481E20FA02F27B
:109340004CF1FF3051EA0C0C00FA0EFE20FA09F045
:1093500042EA0E0242EA000201D0954229D25B069F
:109360004CBFDAF83434E369A36104F1180906E06C
:10937000A169013D206A01F06DF8002803DD4A462D
:10938000002DF5D107E00020C4F8188003B0BDE837
:10939000F08F002383610120C4E9006703B0BDE8BA
:1093A000F08FE3692B44A361F5E7012003B0BDE82A
:1093B000F08FAD1AD9E700BF2DE9F04F174690F8AE
:1093C00031208FB00546002A40F0D7808B4691F8B7
:1093D000311011F0500F00F0D08003F003019A46D5
:1093E000032900F0CA80013103F0080041EA0003BC
:1093F0000293002F00F0CB80396901F10E08B649C5
:10940000A1FB0818DBE900104FEAD808014308F176
:1094100002085FFA88F805D000200021CBF8182058
:10942000CBE900010024029B264643F0400303934E
:10943000202206A95846FFF763FE00B3202840F01B
:109440009C809DF918209DF81830002AC0F2A28057
:1094500034B9DBF80020A2F12009DBF818200192D2
:10946000444501D20134E4B2002B00F013812022E4
:1094700006A958460026FFF743FE0028DED11AF45D
:10948000007F7AD0029B9B0777D5002F75D044458B
:1094900017D2DDF804A0202206A95846FFF730FEB7
:1094A000631C002861D0202867D12CB9DBF800208C
:1094B000DBF818A0A2F12009DCB2A045EBD8CDF86A
:1094C00004A03822002128469BF833400AF0F2FA23
:1094D000DBF82030C4F38014019A2B6208230026A5
:1094E00085F82C4085F831303B68C5E909297B6057
:1094F000BE81B8F1000F33D008F1FF39B346DFF871
:10950000DCA15FFA89F9012259462846FFF76EFD72
:10951000044690B390F90020002A2EDB202200217F
:109520000AF0C8FA002E00F0BC80BBF1010F00F079
:10953000D780C123A3461E3404F81E3CBB8938469D
:109540001BB9D7E901239A4205D005F0A9F92BF8F8
:10955000020FA345F2D101365FFA86FBD845D2D877
:10956000284600F0B9FA06460DE05846DBF81860C8
:1095700000F0E2FA002840F0918000231E4685F8B2
:10958000313085F8333030460FB0BDE8F08F4FF002
:10959000030847E756BB444538BF0024852B7FF4BA
:1095A00047AF31463822284601260AF083FA9DF853
:1095B0001C209DF8193085F8303002F03703D206B0
:1095C00058BF43F0080385F83130DBF80030DBF892
:1095D0002020203B2A62DBF81820C5E909239BF8EC
:1095E0003330C3F3801385F82C3021E7C02B28D00B
:1095F000C12B7FF43CAF3A4606A9284600F094FD03
:10960000E8B1BB89DBB9D7E901329A4217D11AF424
:10961000006FB2D11AF4884F70D195F833309807A3
:109620006CD41AF4806FA8D11AF4804FABD02846BE
:10963000D5E90423FFF74AFE0028A4D19DE706469A
:10964000F6E6029B85F833309DF819309B0702D56A
:10965000039B85F833300B9BEB61DDE90823C5E9FB
:109660000423DDE90C23C5E90223002FCFD04FF0FE
:1096700000033A69BB813B687B609DF81B309A42CE
:109680007FF4F5AEBE8ABDF81C30F61AB6FA86F63F
:109690007609CDE6002F7FF4F2AE6EE7CBF81860C6
:1096A0000BE78523237085F8309084F80190DAF871
:1096B0000030002B46D00DF113020DF1160105A864
:1096C0009847BDF814306381BDF8163023819DF8AA
:1096D000133023753FE700BF89888888D07D032039
:1096E000C02384F801B02370029B63F07F0385F8E8
:1096F00033303B69E370BB8AA3802CE795F83130A7
:10970000D9063FF53AAF13F001017FF436AF1AF4F2
:10971000806F89D095F8332092077FF52EAF002B0C
:109720003FF42BAFD5E90032134304D000220023CD
:10973000A961C5E90023284600F044FB00283FF456
:109740001CAF20E745F621436381E381638202E792
:109750002DE9F043002597B0994690F831300192F9
:109760001495ADF81450002B3ED191F831300F46CE
:1097700013F0500F38D01378044616462F2B37D0ED
:109780004FF0000801AB02AA31462046FFF76AFC01
:1097900050B3019E3378002B3ED0002302AA3946F5
:1097A0002046FFF709FEF8B1A44608AD04F13007E2
:1097B000DCF800000CF1100C5CF80C1CAE465CF8F8
:1097C000082C10355CF8043CBC45AEE80F00EFD126
:1097D000DCF8000008AF2860204600F07DF984F82E
:1097E000318084F83380CDE7002017B0BDE8F083E6
:1097F00016F8011F2F29FBD00196B1B93822204657
:109800003D6A0AF057F9012340222562184684F880
:10981000333084F83120E8E74B4602AA3946204627
:10982000FFF7CAFD17B0BDE8F0833822002108A871
:109830003D6A0AF03FF9012308AF10958DF85330C7
:1098400040238DF851309BE719B101F58961FFF78D
:109850007FBF0846704700BF8169F8B50446006ABB
:1098600001B10131012200F0BBFC0128054632D9CB
:1098700001230146206A1A4600F012FD064650B345
:10988000A3695BB394F83320510612D5591CA94241
:1098900018D022F04002E16984F8332005E0206A04
:1098A00000F0FAFD3946B0B1A3694F1C99423A461F
:1098B000F5D34FF0FF322946206A00F0EDFD50B19C
:1098C000A16911B93046A561F8BD2A46206A00F0A9
:1098D000E3FD0028F6D100263046F8BD94F8333079
:1098E00043F0400384F83330ECE700BF90F83330A6
:1098F0009A0736D5C16970B50546A1B9002421463D
:1099000007E0037803F07F03037095F830308B4253
:1099100029D3013401222846FFF768FBE1B2002871
:10992000EFD1002070BD5B06006A34D590F8453455
:10993000D5E902240933013ADBB244F1FF34C3F123
:10994000200CDA40203B04FA0CFC24FA03F342EA30
:109950000C021A430023013200F0A2FC0028CDD1F2
:10996000DFE70020704700232C6A85F8313020465D
:1099700085F8333004F040FF0028D2D004F504709D
:1099800004F03AFF0028CCD0D4F840040368BDE8C6
:1099900070401B6A184700F09FFD0028AED1C0E759
:1099A0002DE9F0414FF0000882B04A4F0646444688
:1099B000414600223046FFF719FB054630B10178D9
:1099C000C02969D0C1292BD0852909D096F8323019
:1099D000002043F0010386F8323002B0BDE8F08188
:1099E00096F8313003F0370383803B6883B10DF183
:1099F00003020DF1060101A89847BDF80630AB81BE
:109A00002B82BDF80430EB816B829DF803306B75BF
:109A1000326A92F8103243F0010382F8103229784A
:109A2000A1F185000022B0FA80F0400901E0042293
:109A3000A95CE303012A02F1010243EA540311FA8B
:109A400083F39CB201D10028F1D11F2AF0D908F18B
:109A5000010896F830305FFA88F18B42A9D20122D2
:109A600006F12401306A00F097FC0028AED0356A78
:109A70004480284604F0C0FE0028A7D005F50470F5
:109A800004F0BAFE0028A1D0D5F8400403681B6A90
:109A900098470028A1D199E796F8333013F0400F8A
:109AA000437814BF43F0020303F0FD034370D6E98B
:109AB0000401D6E90732C5E90201D6E902016B616A
:109AC000C5E9060192F8103243F0010382F8103222
:109AD0002978A5E7D07D032038B590F8313043B31D
:109AE00090F93320044690F83330002A0CDB056AE5
:109AF000284604F081FE78B994F83230002043F013
:109B0000010384F8323038BD03F07F0380F833302E
:109B1000BDE83840FFF744BF05F5047004F06CFE63
:109B20000028E9D0D5F8400403681B6A984700284C
:109B3000E2D0012038BD00BF70B590F83130054645
:109B40005A064CD480682B6AD3F83C341844B0F1E0
:109B5000806F01D3002070BD2846FFF77DFE0028EE
:109B6000F8D0286A0024AE6990F84534023E9E4041
:109B7000D0F82C341E443119052200F5047001344C
:109B800004F066FE4FF4007200210028E2D009F0D4
:109B900091FF286A012390F8452493409C42EAD320
:109BA00095F831305B0615D495F8332062F07F02CA
:109BB000D5E9023185F83320D0F83C249B1841F1D7
:109BC0000000AB60D5E90431E8609B1841F1000169
:109BD000C5E904312846BDE87040FFF77DBF006A43
:109BE00000F080FDAFE700BF70B5044690F831008B
:109BF0009CB0002310F0180F0C931A9303D0206A26
:109C00000B6A984202D000201CB070BD40F60123C0
:109C10006846FFF79DFD0028F5D0A44604F1300604
:109C20000EADDCF800000CF1100C5CF80C1CAE461C
:109C30005CF8082C10355CF8043CB445AEE80F0025
:109C4000EFD1DCF8000009AA04F1240328609DF894
:109C5000305007CA83E8070094F83330204684F870
:109C6000305063F07F0384F83330FFF735FF00286E
:109C7000C9D00021022208230EA815918DF86B206F
:109C80008DF86930FFF732FEBEE700BF38B591F8B6
:109C9000313013F0500F02D10025284638BD40F670
:109CA00002230446FFF788FB0028F5D01023204646
:109CB00084F83130FFF740FF05460028ECD0A16959
:109CC000002200232046E161FFF700FBC12294F847
:109CD000313084F83320002BDFD04123204684F834
:109CE0003330BDE83840FFF75BBE00BFF0B500255C
:109CF00097B01F4690F831300192ADF8145014958A
:109D0000002B46D191F831300E4613F0500F40D061
:109D10001378044611462F2B3ED001AB02AA2046F1
:109D2000FFF7A0F9002834D0019B1B78002B41D00D
:109D3000002302AA31462046FFF73EFB30B947B365
:109D400002AA31462046FFF7A1FF10B3A44608AD92
:109D500004F13006DCF800000CF1100C5CF80C1C6F
:109D6000AE465CF8082C10355CF8043CB445AEE80F
:109D70000F00EFD1DCF8000008AE28602046FFF7A6
:109D800053F9019901AB02AA2046FFF76BF90028AD
:109D9000CAD1002017B0F0BD013101910B782F2BF3
:109DA000FAD0316A08A8FFF749F90028F1D00199E3
:109DB00008AEB2E702AA31462046FFF767FF17B0A8
:109DC000F0BD00BF90F833309A0762D570B5C56911
:109DD00082B00446A5B313F0400634D0006AA268EE
:109DE00090F845C4013AE1680CF1090C41F1FF31EA
:109DF0005FFA8CFCCCF1200E22FA0CF2ACF1200CB4
:109E000001FA0EFE21FA0CFCA16942EA0E0242EAB6
:109E10000C02013219B3013D6D1A01312A4401913E
:109E200072BB63F07F03204694ED007B84F83330EF
:109E300084ED027B84ED047BFFF74EFE02B070BD23
:109E4000012002B070BD816961B90195C1612946E7
:109E5000206A00F041FBC8B194F83330E1E7019586
:109E6000E161DDE701AA006A019600F0F3FA00283B
:109E70000CDB10D1019D002DE9D194F83330D0E7EF
:109E80000023019900F00CFA0028E5D1002002B06F
:109E900070BD002070474FF0FF32A169206A00F0CA
:109EA000FBFA0028E6D1F1E72DE9F04390F83330D2
:109EB00083B004469D0740F1A18091461A070E46E3
:109EC00000F19580B9F1000F00F0288123684D461C
:109ED000206AA169D0F8382402EA0308C8F3080709
:109EE000B8F1000F40F09480002900F0D48094F87D
:109EF00033305B0640F1EC8090F845C4D4E902327F
:109F00000CF1090C013B5FFA8CFC42F1FF32CCF101
:109F1000200E23FA0CF3ACF1200C02FA0EFE22FA0A
:109F20000CFCE26943EA0E0343EA0C031344994232
:109F300080F0D5800131A16190F845240239D0F834
:109F40002C3491401944B5F5007FC0F08A80B5F5F6
:109F5000806FC0F0A680012393406A0AA3EB080338
:109F6000934228BF1346D0F81C228A424FEA432866
:109F700009D35F18BA4206D2002280F810224FF0AF
:109F8000FF32C0F81C22D0F8140232460768BF6ABC
:109F9000B84798B343464644A5EB0805D4E9007298
:109FA000D4E90401DB1942F1000298429141C4E96D
:109FB000003207D294F8331061F07F01C4E9043213
:109FC00084F83310002D83D1D4E9020198429141E5
:109FD000C0F09680534B1B68002B00F09D8094F8D6
:109FE0003330484663F07F0384F833300DE0D0E926
:109FF0000423FFF76BF900287FF464AF94F8323044
:10A00000002043F0010384F8323003B0BDE8F08350
:10A0100090F8452402394FEA5828D0F82C34914062
:10A0200041441944002F8ED0C7F50078012200F575
:10A030000470A84528BFA84604F00AFC0028DDD01B
:10A04000384447444246314605F0AAFAB7F5007F46
:10A05000206A9FD100F5047004F0CEFB002899D14E
:10A06000CCE7626863690092019322692368934296
:10A07000DDE900239A4112D2012200F5047004F0B8
:10A08000E7FB0028BAD02A4631463844A84605F0F6
:10A0900087FA2B467FE7E16949B3A1614CE70522C6
:10A0A000EBE7D0F81C328B4206D1002380F8103247
:10A0B0004FF0FF33C0F81C32D0F814023246036868
:10A0C0005B6A9847002899D04FF40073984662E77E
:10A0D00004F1180200F0BEF900288FDB04D12046FD
:10A0E000FFF7BAFB002889D0A169206A24E720463F
:10A0F000FFF7B2FB002881D0A169206AE1611BE76C
:10A1000094F833104846C4E9023261F07F0384F8C2
:10A11000333003B0BDE8F083484676E7D4E9003237
:10A1200052E700BFD07D03202DE9F0410C461546D3
:10A1300001F11E08AB89284634F8027F1BB9D5E926
:10A1400001239A420ED004F0ABFB04F01BFC064640
:10A15000384604F017FC864209D14445EAD1012073
:10A16000BDE8F081B7FA87F04009BDE8F081002032
:10A17000BDE8F08170B50C4600234FF6FF752268EC
:10A1800019461E46A3812361626017E004F088FB34
:10A19000A84222D004F0F6FB2369F203A18901331F
:10A1A00042EA5602060A236152FA80F083B2C0F3F3
:10A1B0004E0040EAC33016FA80F086B220460029ED
:10A1C000E4D1D4E901239A42E0D12069A682013882
:10A1D000FE288CBF0020012070BD002070BD00BF94
:10A1E0002DE9F84F07468A469146002942D0A1F151
:10A1F0000208D7F83034434542D908F00703012557
:10A20000C8F3C80B9D40EDB246464446D7F82C141F
:10A210000022384601EB143104F01AFBE8B10BF1CF
:10A22000FF3B834400F2FF101BF8011F0AE04A4580
:10A230002BD0A04510D0D7F83054A54214D913F034
:10A24000FF050CD0013429424FEA4503A4EB060276
:10A25000EDD0A0452646EED10120BDE8F88F584547
:10A260004FF00105E0D101E00026344601254FF012
:10A27000000BCBE7D0F82084D7F830344345BCD866
:10A280004FF000080125C346BEE7BAF1000F04D124
:10A29000B9F1010F08BFC7F82064B01CBDE8F88F02
:10A2A0002DE9F8438046881E15461E468318D8F8C7
:10A2B0003024934237D8CEBBD8F82034834288BFAD
:10A2C000C8F8200400F007030124D8F82C74C0F368
:10A2D000C8099C4007EB1031E4B2012240468F18B8
:10A2E00004F0B6FAF8B109F1FF3E864400F2FF101F
:10A2F0001EF801CF1CEA040F8CEA040C4FEA440458
:10A3000014BF01220022B2420DD0013D8EF800C0E0
:10A3100018D014F0FF04EDD17045A1464FF00104B0
:10A32000E6D13946D9E70020BDE8F883D8F82014F3
:10A330008B42C7D98142C5D3934228BF0023C8F8B6
:10A340002034BFE70120BDE8F88300BFF8B5D0F89E
:10A35000303401338B4201D20020F8BD07460C4651
:10A3600000F50476002505E0D7F8303401350133D7
:10A37000A342F1D3D7F824140022304601EBD411C4
:10A3800004F066FAA4000028E6D0C4F308040459D7
:10A39000631CE9D1681CF8BD38B50C460B6890F811
:10A3A00045C400F50470D0F82812023B656803FA32
:10A3B0000CF3294003EB5123D0F81C12194404F08C
:10A3C00047FA18B16368C3F30803184438BD00BFE7
:10A3D0002DE9F8430C46D0F8383449680B40114455
:10A3E0006160134490F8451401F10902D2B2D340E0
:10A3F0002BB380465D1E00F5047905E02368013D1E
:10A4000003F1010323601AD3267A002EF6D1D8F87F
:10A41000303432462768484601339F4212D8D8F874
:10A42000241401EBD71104F013FABF0050B1C7F3A5
:10A430000807C3595A1C09D0013D2360E4D201200A
:10A44000BDE8F8834FF0FF30BDE8F8833046BDE843
:10A45000F88300BF38B5D0F8303401338B4202D2D4
:10A460004FF0FF3038BD0C46D0F82414154600F5E7
:10A470000470002201EBD41104F0EAF90028EFD0B7
:10A48000A400C4F3080403595A1C02D001202B6015
:10A4900038BD002038BD00BF01291BD938B5D0F820
:10A4A00030340C4601338B4201D2002038BDD0F845
:10A4B0002414154600F50470012201EBD41104F0B8
:10A4C000C7F903460028F0D0A4000120C4F3080413
:10A4D0001D5138BD00207047D0F830340133994207
:10A4E00001D9002070472DE9F04F054683B00C4696
:10A4F00000F504790F464FF00008D5F82414002227
:10A5000048464FEAD41B01EBD41104F0A1F990B1F5
:10A51000A300C3F30803C2580193531C16BF164689
:10A520004FF0000A4FF0010A012C04D9D5F830246D
:10A530000132944203D9002003B0BDE8F08FD5F872
:10A54000241401224846594404F082F90028F2D02C
:10A55000019B40F80380BAF1000F12D00134B442DD
:10A5600008D00023E21B39462846FFF799FE002851
:10A57000E1D03746D5F830340133B342DBD334462B
:10A58000BBE7621C534639462846D21B03B0BDE8E0
:10A59000F04FFFF785BE00BF2DE9F84300250646C2
:10A5A000D0F82C1400F504782C46002240464F1CAD
:10A5B00004F04EF9A8B100F1FF3E04F58059D6F839
:10A5C000300405E079B90834844209D24C4516D0EC
:10A5D0001EF8011FFF29F5D1083408358442F5D350
:10A5E000401BBDE8F8830822012319424FEA430CBF
:10A5F00018BF0135013A5FFA8CF3F6D1E3E739462B
:10A60000D3E700BFF8B500234FF0FF3600F504771D
:10A610001546C0F84014044641601A46C0F81412AA
:10A62000194680F844340370C66080F81032C0F8D0
:10A630001C62384604F00CF9042D0DD8064658B1BA
:10A64000BDB16B1E00EB031393F8BE2112F07F0225
:10A6500002D193F8C2310BB90020F8BD00EB05160A
:10A660003846D6F8B651294604F0F2F806460028D6
:10A67000F2D005221A49F01C09F06EFA0028EBD13D
:10A6800096F86C30092BE7D1336D01462B44C4F8A2
:10A690002434736DC4F82834B36D2B440125C4F8F9
:10A6A0002C34F36DC4F83034336EC4F8343496F877
:10A6B0006D20C4F82004204602F1090384F84524E3
:10A6C00005FA03F35A1EC4F83C34C4F838242A4669
:10A6D000FFF786FD4023284684F84434F8BD00BFC8
:10A6E0004412002010B50446D0F83414FFF72EFEB3
:10A6F00094F845340933DBB2984010BD70B500F5CD
:10A7000089648EB000230A46684621460C93FFF701
:10A710001FF80546D8B19DF8313013F0500319D019
:10A72000EE46A4460CAE74460CF1100C0EF1100E61
:10A730000FCCB4424CF8100C4CF80C1C4CF8082C04
:10A740004CF8043CEFD1DEF80000CCF800002846BD
:10A750000EB070BD1D4628460EB070BD70B590F9A4
:10A76000023082B00446002B0DDBA56805F12800FD
:10A7700004F042F800283BD16378002043F0010345
:10A78000637002B070BD80680122A169283004F0B6
:10A790005FF80028F0D0A58805F00F056B0100EBED
:10A7A0004515C35CE52BE7D023781B0701D5E3698A
:10A7B000EB61236A15491A0C6B830E68AA8266B195
:10A7C0000DF103020DF1060101A8B047BDF80430F8
:10A7D000BDF806202B836B82EA82A378A56803F07C
:10A7E0007F0305F12800A37004F006F80028C3D009
:10A7F00005F50E7004F000F80028BDD02868036845
:10A800001B6A98470028B7D0BBE700BFD07D032064
:10A81000024638B552F8105F04468068294601F0B8
:10A82000E3FB50B155B123690135AB42A37818BFA2
:10A8300003F0BF0363F07F03A37038BDA37843F038
:10A840004003F7E7F8B5047814F0200404D11A4B5C
:10A85000054642699A4202D300273846F8BDFFF701
:10A86000D7FF07460028F7D0A8682E698279023EF4
:10A87000416996400E440179A9B1214606E009F0EC
:10A8800019F9A868E1B202798A420BD9314405224C
:10A890002830013403F0DCFF4FF40072002100285F
:10A8A000EDD1D9E782794FF4007369693846934056
:10A8B00011FA83F36B61F8BD00FE1F0010B504466A
:10A8C00080680A462830A16903F0C2FF20B1A3883E
:10A8D00003F00F0300EB431010BD00BF10B5037869
:10A8E00004462BB1FFF73AFF00232370A37010BD7D
:10A8F000002301202370A37010BD00BF0B7813F05C
:10A90000700F01D100207047F0B540F6022389B0E6
:10A910000D46044600F09CFF38B10122102320466A
:10A92000A2702370FFF78EFF10B9002009B0F0BDB0
:10A930002269237822626BB1636933B1A378002264
:10A9400023F02003C4E90422A3702046FFF706FF8A
:10A950000028EAD0A0680122A169283003F078FF1E
:10A960000028E2D0B4F804C010220CF00F0C4FEA1B
:10A970004C1300EB4C1C8CF80B20C058A768236AC2
:10A9800097F806E09E1EDCF80410DCF80820DCF8DE
:10A990000C3006FA0EF6EE46AEE80F00DCF81000BA
:10A9A000DCF81410DCF81820DCF81C30AEE80F00DE
:10A9B0007B6907F128000122F1184FF02033CDF810
:10A9C0000130CDF80530ADF8093003F041FF844681
:10A9D0000028AAD02E27EE468DF800707646BEE8F5
:10A9E0000F00CCF80000CCF80410CCF80820CCF80C
:10A9F0000C308DF80170BEE80F00CCF81000CCF8D8
:10AA00001410CCF81820CCF81C302B6A1A0CADF8B6
:10AA10001A30ADF814200FCECCF82000CCF824105A
:10AA2000CCF82820CCF82C300FCECCF83000CCF865
:10AA30003410CCF83820CCF83C30A46804F128005D
:10AA400003F0DAFE00283FF470AF04F50E7003F057
:10AA5000D3FE00283FF469AF206803681B6A09B081
:10AA6000BDE8F040184700BF2DE9F041002694B042
:10AA7000984603780192ADF814600B96002B41D1F3
:10AA80000B780D4613F0700F3CD013780446164631
:10AA90002F2B3BD0002728E0019E3678002E50D087
:10AAA00000F0D6FE034602AA294620462BB9B8F18B
:10AAB000000F27D0FFF722FF20B3A6460DF12C0C84
:10AAC000BEE80F00ACE80F00BEE80F00ACE80F00D6
:10AAD000DEF8005020462378CCF800500BB1FFF789
:10AAE0003DFE019E0BAD2770A770314601AB02AA57
:10AAF000204600F0F9FF064602AA29460023204618
:10AB0000002EC9D1002014B0BDE8F08101360196B5
:10AB100033782F2BFAD0AD68242200210BA808F03F
:10AB2000C9FF0D95EB79102B03D0202B0FD00C2BE8
:10AB3000E8D120238DF82C3001230BAD8DF82E3079
:10AB4000A8E702AAFFF7DAFE14B0BDE8F0814023BF
:10AB5000F0E700BF2DE9F041002594B09846037856
:10AB600001920295ADF83850002B37D10B780E4684
:10AB700013F0700F32D01378044615462F2B31D0C6
:10AB800000271EE0019D2D78002D40D000F060FED2
:10AB9000A6460DF1080C08B366462578BEE80F00FE
:10ABA000ACE80F00BEE80F00ACE80F00DEF80030A4
:10ABB0002046CCF800300DB1FFF7D0FD019D277085
:10ABC000A770294601AB0BAA204600F08DFF054671
:10ABD0000BAA314600232046002DD3D1002014B00B
:10ABE000BDE8F0810135019529782F29FAD0A9B95E
:10ABF000B5682422204608F05DFFA560EB79102B94
:10AC000003D0202B22D00C2BE8D120221FE043467A
:10AC10000BAA00F01DFE14B0BDE8F081B668242236
:10AC2000002102A808F046FF0496F379102B03D008
:10AC3000202B03D00C2BD1D1202300E040238DF812
:10AC40000830012302AE8DF80A3099E74022012333
:10AC500022701846A370C2E719B101F58961FFF7A8
:10AC600079BF0846704700BFCB6870B50D460446F3
:10AC700093B906780EB1184670BD8D68242231460E
:10AC800008F018FFA560EB79102B18D0202B10D0FE
:10AC90000C2B14D0304670BD2422002108F00AFF8E
:10ACA00001201023A0702370D5E90223A260236243
:10ACB00070BD4022012322701846A37070BD20226F
:10ACC000F8E700BF70B505780DB1002070BD0E46E5
:10ACD00004462422294608F0EDFEA660F379102BE5
:10ACE0000BD0202B03D00C2B07D0284670BD402260
:10ACF000012322701846A37070BD2022F8E700BF20
:10AD00002DE9F04F2DED028B837883B00546DF07E8
:10AD100040F18C808846017892460E0700F19180C0
:10AD20008C0608D583685A894369C3EB42139BB2EA
:10AD30009A4528BF9A46BAF1000F00F0AF806A69C1
:10AD400005F11003880656464FF0000908EE103A48
:10AD5000AF68C2F3080B3DD5396A01EB5221BBF154
:10AD6000000F51D1B6F5007F4ED37A6B91424BD094
:10AD7000B6F5806FC0F082802878730A800605D40B
:10AD80003879A0EB0900834228BF034691424FEA7D
:10AD900043240CD8C818824209D207F12800CDE913
:10ADA000001303F029FDDDE9001300283ED0F86A06
:10ADB000026857694246B847002837D06A69361B8F
:10ADC000A04422446A6169D02978C2F3080BAF68B5
:10ADD0008806C1D497F8059009EA5229BBF1000F03
:10ADE00036D1B9F1000F33D1002A33D14A064CBF16
:10ADF0003A6A2A6A2A61023AB879796982404944F2
:10AE00001144BBF1000FADD0CBF50074002207F167
:10AE10002800B44228BF344603F01AFD30B100EBDD
:10AE20000B012246404604F0BBFBC7E76B784FF0AE
:10AE3000FF3043F002036B7003B0BDEC028BBDE842
:10AE4000F08FC36942699B1A9A4528BF9A4672E7F8
:10AE50002A69D0E70B0705D5AA78540602D52A69D6
:10AE60000132C7E718EE102A3846296901F00AF9BD
:10AE70000028DBDB0CD0AF682A69BCE7F86A4246E1
:10AE800003681B6998470028D0D04FF4007495E7F9
:10AE90002B7813F0700FC9D0AAEB060A504603B006
:10AEA000BDEC028BBDE8F08F70B582B00122044684
:10AEB0000DF10701D0E90456FFF722FF01280CBF6E
:10AEC0009DF807004FF0FF30C4E9045602B070BD92
:10AED000436913F4F07F30B5044683B0C3F34315E0
:10AEE00009D0012907D120334361A068383000EB35
:10AEF000451003B030BD01220DF107012046FFF7D8
:10AF0000FFFE40B2012803D163691F336361ECE7A0
:10AF10000020EEE72DE9F04103789AB0002613F007
:10AF2000180F0896119606D0174683688A6804465B
:10AF30000D469A4203D000201AB0BDE8F081FFF719
:10AF40000DFCA6460DF1440CBEE80F00ACE80F0066
:10AF5000BEE80F00ACE80F00DEF800303246A16911
:10AF6000CCF80030A36803F1280003F071FC00283E
:10AF7000E1D0A288EC4694F8008002F00F0200EBCA
:10AF8000421E5201DEF804108058DEF80C30DEF864
:10AF90000820ACE80F00DEF81410DEF81820DEF808
:10AFA0001C30DEF81000ACE80F0018F008033A4639
:10AFB000294640F09B8008A8FFF756FD0028BAD02C
:10AFC000109EBDF8243000250E990122A3809DF823
:10AFD0002330A068E3700B9B2830A161E3608DF8FB
:10AFE00020508DF8225003F033FC0028A3D0A38812
:10AFF00003F00F0300EB4310DDF80D30C0F80D3007
:10B00000DDF81130C0F81130DDF81530C0F815301A
:10B01000DDF81930C0F81930BDF81D30A0F81D302A
:10B020009DF81F30C3779DF80B30C372002E3BD0C4
:10B03000A068B31E2A46817928308B4050F8141C32
:10B04000194403F005FC054600283FF474AF006A7C
:10B050006F46696AAA6AEB6A0FC7286B696BAA6BAD
:10B06000EB6B0FC73146A06801F01EF800283FF4D3
:10B0700062AFA068236A82792830023B50F8141C22
:10B0800093400122194403F0E3FB064600283FF4F5
:10B0900052AF6D460FCD30627162B262F3620FCD76
:10B0A00030637163B263F36300210222082311A8A5
:10B0B00019918DF846208DF8443000F07FFD00286E
:10B0C0003FF439AFA46804F1280003F095FB002891
:10B0D0003FF431AF04F50E7003F08EFB00283FF40F
:10B0E0002AAF206803681B6A984725E740F60123CA
:10B0F0006046FFF72FFD00287FF463AF1BE700BF1A
:10B100002DE9F041037804460769002B39D00D463C
:10B110004169A94242D0002D37D018072AD5E269EB
:10B12000AA422ED3D4F808C06E1EA2789CF806005E
:10B1300012F0400F00F10900C0B226FA00F630D13B
:10B140004A1EC24009B196422FD25B064CBFDCF8C2
:10B150002030236A236104F1100806E02169013ED2
:10B16000A06800F08FFF00280BDD4246002EF5D1CD
:10B17000A2780CE09A06D5D5A3685B89B5EB431F8E
:10B18000F6D900202761BDE8F0818278056122F0C0
:10B19000200201206561A270BDE8F0810120BDE8B8
:10B1A000F081236A33442361F1E7B61AD3E700BF85
:10B1B0002DE9F0410E46154600212422044698460A
:10B1C0009DF8187008F076FCB068336A00F1380218
:10B1D000A58005F00F0502EB4512C4E90203D17A00
:10B1E0000B0711D401F017012170D37A13F0180F57
:10B1F00002D141F00801217008F00303E770012B30
:10B2000038D0022B06D0F3B1002318462370A37068
:10B21000BDE8F08103232178CD06F5D4CE07F3D421
:10B2200008F0080118F4806F43EA0103A370416B32
:10B23000958AA161518B41EA054112D019BB63F097
:10B240007F03A37010E018F4806FDDD108F00803CD
:10B2500043F00103A370416B938AA161518B41EAD2
:10B2600003412162D369E36118F4804F04D10120C6
:10B27000BDE8F0810223CEE7E1692046FFF740FFF9
:10B280000028F4D1C0E700F00FFF0028BCD0A3785D
:10B29000D5E700BF03780BB1FFF760BA0120704714
:10B2A0002DE9F047837805469C0777D5884619072E
:10B2B000914600F1B5806B6913EB09026ED2B9F1CA
:10B2C000000F40D04F464FF0000AA868C3F30806AD
:10B2D0002969447914EA53243FD1002E3DD1002935
:10B2E0006ED0AA78520676D5EA699A4273D90131AE
:10B2F000296102398279436991401944B7F5007F89
:10B3000053D3B7F5806F70D303797A0A1B1B93422E
:10B3100028BF1346426B8A424FEA432407D35E1884
:10B32000B24204D24FF0FF3280F828A04263C06AD4
:10B3300042460668B66AB04780B36B693F1BA044BB
:10B3400023446B61C1D1EA699A4276D2AA78484611
:10B35000EB6162F07F03AB7025E0827902394369CB
:10B36000914019442144002EC8D0C6F50074012232
:10B37000BC4228BF3C46283003F06AFA70B1304422
:10B3800026442246414604F00BF9B6F5007FA86832
:10B39000D3D1283003F030FA0028CED16B780020CA
:10B3A00043F001036B70BDE8F087C6F500746A696D
:10B3B000EB69BC4228BF3C469A4205D30522DAE736
:10B3C000296A21B3296194E7AB7813F0200F14BFE9
:10B3D00005220122CFE705F1100200F053FE0028FC
:10B3E000DCDB24D0A868296983E7436B8B4204D156
:10B3F0004FF0FF3380F828A04363C06A42460368D9
:10B400005B6A98470028C9D04FF4007495E7284636
:10B41000FFF7FEF90028C1D02969A868296268E70A
:10B42000C169FFF76DFE00287FF445AFB6E72846F7
:10B43000FFF7EEF90028D5D1B0E7054B1B682BB11B
:10B44000AB78484663F07F03AB70ACE74846AAE7A9
:10B45000D07D03202DE9F04F84468DB01446156849
:10B4600098460646894603AF01934FF0000EBCE8AC
:10B470000F000FC7BCE80F000FC7DCF80030656095
:10B480003B604346A4F80CE0002B3FD04FF0010A8C
:10B49000A9EB0A0103A889B24901FFF731FE50B3B5
:10B4A000002103A8FFF714FD074620B300250DE097
:10B4B00003F0F6F98046584603F064FA83464046A6
:10B4C00003F060FA834516D10D2D18D0EAB2394643
:10B4D0003046013500F018FCA38983462046002B36
:10B4E000E6D1D4E901329342E2D1BBFA8BF04009B4
:10B4F0000DB0BDE8F08F00200DB0BDE8F08F0AF16F
:10B50000010A019B5FFA8AFA5345C1D20120EFE795
:10B510002DE9F04F07468DB016469A460DF10C0CFA
:10B5200002F1150402F1200501914FF000090FCF3F
:10B53000ACE80F000FCFACE80F003B68CCF8003050
:10B540004FEAC91314F8012F43EA5903A54252FAEE
:10B5500083F35FFA83F9F3D133684FF00008736027
:10B56000A6F80C80BAF1000F4ED00127019B03A86A
:10B57000D91B89B24901FFF7C3FD002855D000212E
:10B5800003A8FFF7A5FC00284FD0059A574500F106
:10B59000010B4FF0010492F828304FF0000543F002
:10B5A000010382F828304FF00F030CBF47F0400230
:10B5B0003A46C3724FF00003027003734FF000036A
:10B5C00080F80D90438306E0ABF8000001340135AC
:10B5D0000BF1020BE4B2B08918B9D6E901239A4203
:10B5E00016D0304603F05CF9042DEBB2ECD90A2BEF
:10B5F00002D8ABF80300E9E70D2CABF80500E5D164
:10B600000137FFB2BA45B1D201200DB0BDE8F08FCD
:10B61000B8F1000F06D008F101084FF6FF705FFA8D
:10B6200088F8E1E74FF00108DEE700200DB0BDE843
:10B63000F08F00BF02464FF0203152F8163B2DE943
:10B64000F043C0F81610864684685160C2F80710AF
:10B650001A782E2A14BF0120002003D113F8012FDD
:10B660002E2AFBD0611E99420BD90A4602E0934272
:10B67000114606D01146013A91F800C0BCF12E0FD8
:10B68000F5D19C424FF0000540F28680072608273E
:10B69000A946A84606E001330A264FF008091027FC
:10B6A0009C425BD91A782E2A08BF9942F3D0222AED
:10B6B0000DD07C2A0BD0A2F15B0CBCF1020F06D995
:10B6C000A2F12A0CBCF1050F21D82D2A1FD002F0BF
:10B6D000C002802A5DD04E452FD299422CBF002057
:10B6E00001200A2E08BF40F00100002847D09EF834
:10B6F0001630202B40D09EF8143001207E213122BC
:10B7000073448EF815009975DA75BDE8F083A2F1DF
:10B710003A0CBCF1050FDAD9A2F1210CBCF15D0F96
:10B72000D5D84E45D9D3A2F1610CBCF1190F28D858
:10B73000203A3D43D2B2EDB201E000205F2209F190
:10B74000010CF144013389F816205FFA8CF2062AC5
:10B75000914698BF8EF814209C42A3D89EF81630CC
:10B76000202B09D00028C6D018EA050F18BF0225E3
:10B770008EF81550BDE8F0830020BDE8F0830B463D
:10B780008EE7A2F1410CBCF1190F98BF47EA0808F7
:10B79000D5E70133002083E7A846DFE72DE9F84F1E
:10B7A0004FF0620900250F460446DFF8A0B04FF0C5
:10B7B0007E0A91F8148001F11606B8F1030FDBF848
:10B7C000003028BF4FF003082B449DB208F104035A
:10B7D000DBB205F00F02581E2D09092A02F13701CC
:10B7E00098BF02F13001FA18C3B291759845F0D1B3
:10B7F00007EB08030021204683F816A0FFF780FC22
:10B8000001212046FFF764FB03460B2230469BB123
:10B8100093F800C01946BCF1000F13D0DB7A1B0768
:10B82000EED408F09BF80028EAD109F1FF3919F0AD
:10B83000FF09C2D1484603E06078B0FA80F04009C1
:10B84000BDE8F88F0120BDE8F88F00BF1089042003
:10B850002DE9F04F2DED028B8BB0CDE902038B6803
:10B8600007930B7813F0700F53D0029B1B78002BBB
:10B870004FD1136990469A4A0E460C33A2FB03231C
:10B88000C3F3870298F815309807049200F0A78058
:10B89000571CFFB20023304619461C460693FFF79B
:10B8A0002FFC08F11603A346A146A24608EE103A63
:10B8B0000594756900213046FFF70AFBC5F34F1563
:10B8C000034620B30278E52A29D042B3BC4238BFF0
:10B8D00000242E2A2BD090F80BC0BCF10F0F54D0AF
:10B8E0001CF0080C23D1B9F1000F40F0D5800B22D9
:10B8F00018EE101A08F032F80028DAD198F815304E
:10B9000013F0010300F0E48001230593D1E773787D
:10B9100083B100200BB0BDEC028BBDE8F08F002C92
:10B9200008BFAA46BC4201D20134E4B212B14FF0C2
:10B930000009BEE7039B9A05EBD503F00303013B27
:10B94000012BE6D8002C08BFAA46BC4203D348E02E
:10B95000DCB2A74245D000213046FFF7B9FA631C9C
:10B960000028F5D17378002BD3D1A74239D9079D90
:10B9700005E02B7904EB0314E4B2A74231D9304639
:10B98000FEF760FF0028F4D1C3E7B9F1000F19D129
:10B9900002F01F0B049959458BD112F0400988D051
:10B9A000437B89460693BBF1010F82D1691C4B464C
:10B9B0004246304689B2FFF74DFD002808BF4FF0E0
:10B9C000000976E70BF1FF3B5FFA8BFB5A45AED1DE
:10B9D000437B069A9342E6D04FF0000969E70127BE
:10B9E00058E7059B2BB141463046FFF7D7FE0028AC
:10B9F0008FD0013F42463046FBB20AEB03051F469B
:10BA0000ADB22946FFF784FD002882D06901304697
:10BA1000FFF776FB00283FF47CAF00213046FFF7AC
:10BA200057FA044600283FF474AF2022002108F0A2
:10BA300041F8D8F81620D8F81A302260636098F8D8
:10BA40002030B8F81E20A372228198F8153003F038
:10BA500018032373234B1B68002B3BD00DF12302EB
:10BA60000DF1260109A89847BDF824302382BDF8BE
:10BA70002630E3819DF823306373079A92F82830CB
:10BA800043F0010382F82830039B2A46314602988E
:10BA90000097FFF78DFB3DE7BBF1010F7FF439AF56
:10BAA0000A3001E013F8012F4FEACC11984241EA25
:10BAB0005C0152FA81F25FFA82FCF3D1069B634586
:10BAC0007FF427AF4F46039B19053FF522AFDBE715
:10BAD0001F46F8E745F62143238223836382CCE7A0
:10BAE0004FECC44ED07D03202DE9F0411F460B786A
:10BAF00082B00C46202B154603D114F8013F202BB1
:10BB0000FBD02C60237863B32F2B2AD04FF0000892
:10BB1000294E211D204601AA02F0E8FE044670B11C
:10BB2000019BB3F5803F40D27F2B08F1010831D84B
:10BB30003C2BD9B229D8212905D81F2909D80020A2
:10BB400002B0BDE8F0812239C9B226FA01F1CA0774
:10BB5000F5D42E2B01D0202B1CD123780BB12F2B09
:10BB6000D7D12B69013BFE2BE9D82378202B03D1B9
:10BB700014F8013F202BFBD02F2BF9D028463C6036
:10BB800002B0BDE8F041FFF755BD5C29D7D005D91B
:10BB90007C29D4D0C5F81080AC60DEE73E3901299D
:10BBA000F8D8002002B0BDE8F08108F10208AC60CE
:10BBB000C5F81080D1E700BF01210005F0B50023D2
:10BBC0008BB0019383789A0724D5016A054619B191
:10BBD000806800F069FAE8B101212846FEF76EFEA0
:10BBE000C0B1421E00F10A0C0024E30112F8011F4B
:10BBF00043EA5403944551FA83F3DCB2F5D1E526C8
:10BC000000230670AF682B7007F12800AB7002F0BC
:10BC1000F3FD10B900200BB0F0BD07F50E7002F077
:10BC2000EBFD0028F6D0386803681B6A98470028A7
:10BC3000F0D0EB78002BEED0294601A8FFF714F8DE
:10BC40000028E7D0EB78002BE4D0012721E001A801
:10BC5000FFF73EF97B1CF9B20028DBD0C27A0F2A2D
:10BC6000D8D102785FFA83FC9FB202F01F038B42A7
:10BC7000D0D1437BA342CDD10670A96891F828307A
:10BC800043F0010381F8283053060DD4EB78634567
:10BC9000C0D3A98801A8C91B89B24901FFF730FAAE
:10BCA00000210028D3D1B5E7AC6804F1280002F0E8
:10BCB000A3FD0028AED004F50E7002F09DFD002813
:10BCC000A8D0206803681B6A9847A4E72DE9F843C9
:10BCD000DDF82090A2B105460C469846571801E0C1
:10BCE000BC420DD02B68204649465E6AC0472146BB
:10BCF000024628460134B0470028F1D1BDE8F88358
:10BD00000120BDE8F88300BF042A04D801EB4202F9
:10BD1000B2F8010070470A2A03D801EB420290886A
:10BD200070470C2A03D801EB4201C88870470020F5
:10BD3000704700BF2DE9F843DDE90887C3B18146AC
:10BD40000C4615465E1802E0C047B44210D0D9F840
:10BD5000003021462A4648461B69984703463A4622
:10BD6000204629460134002BEED11846BDE8F88361
:10BD700001231846BDE8F88310B41468B4F5807F39
:10BD8000A44628BF4FF4807C01EB4C00814207D2CF
:10BD900031F8023B13B95368013353608842F7D836
:10BDA000A4EB0C0414605DF8044B704710B41468E5
:10BDB000802CA44628BF4FF0800C01EB8C00814200
:10BDC00007D251F8043B13B95368013353608842DA
:10BDD000F7D8A4EB0C0414605DF8044B704700BF67
:10BDE0002DE9F843C37904460D461746202B59D058
:10BDF000102B30D00C2B51D1027AC1F34E01836944
:10BE000000F50E7911FA85F1A2F1020248468EB2D0
:10BE1000B2FA82F2C1F34621520901EB0308520043
:10BE2000414602F015FD002838D0C6F30806731C01
:10BE3000865DB3F5007F23D018440378EA07E269F2
:10BE400046EA03234CBF1B09C3F30B039A4240D2BB
:10BE50000020BDE8F883027AC1F30721836900F569
:10BE60000E70A2F102021944B2FA82F25209520093
:10BE700002F0EEFC90B16D0005F4FF75435B25E028
:10BE8000227A08F101014846A2F10202B2FA82F2D6
:10BE90005209520002F0DCFC0028CED14FF0FF30F6
:10BEA000BDE8F883027A816900F50E70A2F1020202
:10BEB00001EBD511B2FA82F25209520002F0C8FC2D
:10BEC0000028EBD0AD0005F4FE754359E2699A42B3
:10BED000BED301203B60BDE8F88300BF2DE9F843E5
:10BEE000C37905460C461646202B48D0102B2DD082
:10BEF0000C2B41D1C1F34E01836900F50E7911FA83
:10BF000084F11FFA81F8C1F34621CF18037A48461D
:10BF1000022B394614BF0122032202F099FC58B3C8
:10BF200014F00104C8F308033FD0C25C02F00F0212
:10BF300042EA0612C2540133B3F5007F3AD0C6F389
:10BF40000712034401201A70BDE8F883027AC1F396
:10BF50000721836900F50E70022A194414BF0122DB
:10BF6000032202F075FC034630B16400012004F4A2
:10BF7000FF741E53BDE8F8830020BDE8F883037A00
:10BF8000816900F50E70022B01EBD41114BF012260
:10BF9000032202F05DFC03460028EDD0A40001203E
:10BFA00004F4FE741E51BDE8F883C6540133B3F5A2
:10BFB000007F15D12B7A791C4846022B14BF012231
:10BFC000032202F045FC03460028D5D0C6F3071231
:10BFD000002CB7D1197821F00F0141EA1212B1E714
:10BFE000C6F307120344F5E72DE9F041C46882B0B7
:10BFF00005460E468C42904640D301270134EB693A
:10C0000001AA2846A34205D29FBBEC6801273C4405
:10C01000A3422ED3A64218BF012C214629D9FFF7EF
:10C02000DFFE002825DBE9D0019B002BE6D107B11C
:10C03000EC60EB69A3421CD36FF0704221462846A6
:10C04000FFF74CFF0746A0B13EB96B6A002B01DB3E
:10C05000013B6B62C8F800400CE0012E09D0EB698F
:10C060009E4206D8314622462846FFF737FF002871
:10C07000EBD10027384602B0BDE8F0810C4600271E
:10C08000BCE700BF01290CD910B4C4698C4203D3AA
:10C090005DF8044BFFF7A4BE4FF0FF305DF8044B92
:10C0A00070474FF0FF30704770B5054682B00C46C0
:10C0B0001DE0EB699C421FD8FFF792FE0646214621
:10C0C0000022002E284617DBEB699C4214D8FFF7AC
:10C0D00005FF621E80B16B6A002B03F10103A8BF4C
:10C0E0006B62EB68A342019C88BFEA602EB1012C11
:10C0F000214601AA2846DCD8002002B070BD00BF4E
:10C100002DE9F0470646406A84B000281BDAF27930
:10C110000C2A1BD1F7697B1C022B40F2CD80022434
:10C120000025214602AA3046FFF75AFE002804F1F6
:10C13000010306DB57D1A7421C465CD0F26993424B
:10C14000EFD94FF0FF3004B0BDE8F087F16900206F
:10C1500096F8383201313469DB07CDE9021000F17D
:10C16000858000214FF0FF33202A06F5127786F8EC
:10C170003812C6F8443242D0D6F800804F4BD8F877
:10C180000020D6F818A095699D4278D1002C00F0C7
:10C1900082800AEB0409136951463A4640469847A3
:10C1A0000028CED00299B1F5807F8E4628BF4FF48B
:10C1B000807E07EB4E0CBC450BD9039D3B4600220D
:10C1C00033F8024B0CB9013502469C45F8D802B150
:10C1D00003950AF1010AA1EB0E01D14502915AD053
:10C1E000D8F80020D7E7029A002AA4D1A74205F187
:10C1F00001051C46A2D1284604B0BDE8F087D6F858
:10C2000000A02E4BDAF80020D6F8189095699D42D0
:10C2100046D1002C3FD009EB0408136949463A4641
:10C220005046984700288CD0DDF808C0BCF1800F3C
:10C23000E64628BF4FF0800E07EB8E02BA420BD9BC
:10C24000039D3B46002153F8044B0CB901350146D0
:10C250009A42F8D801B1039509F10109ACEB0E033C
:10C26000C845029317D0DAF80020D6E706F50E701D
:10C2700002F0C2FA00283FF464AFF27971E7234676
:10C2800002AC3A465146019440460D4C0094A847F2
:10C2900000283FF456AF0398706204B0BDE8F08701
:10C2A000234602AC3A46494601945046054C009458
:10C2B000A8470028EFD144E7002044E7C5930000D9
:10C2C000099400003D94000070B500230446154613
:10C2D00001204FF0FF3204F128062160E371E06095
:10C2E000E162C4F83C1284F8283084F83832626382
:10C2F000C4F84422CDB1042D01D9002070BD1A46E6
:10C300001946304602F0A4FA6FF0704300F5DF7270
:10C310002B441D0102EB03130028EED019790029EC
:10C32000EBD0525D5206E8D19D6800222946304686
:10C3300002F08EFA0028E0D0B0F80B30B3F5007FA1
:10C34000DBD1037C5A1E2372012AD6D8417B4B1EB7
:10C350000129217163714FF00003A37144D00122C0
:10C3600052000133D2B2DBB2914204D0082BF7D194
:10C370000020A37170BD1E46A371C18A216109B955
:10C38000416A2161C289B0F811302A4463815B019E
:10C39000A26190F810C003F2FF1301FB0C2202EB24
:10C3A00053232262B0F81320636102B9026AED1AC6
:10C3B000AB18F3405A1CE2614FF0FF32626240F664
:10C3C000F47293420CD94FF6F47293420AD9C26ABE
:10C3D000202322620120E3712163C4F8401270BD62
:10C3E0000C23F7E71023F5E71E46C6E730B500F546
:10C3F00089648BB000230A4601A821460193FEF709
:10C40000A9FB054698B19DF8043013F0700311D0D4
:10C410000DF1040EA446BEE80F00ACE80F00BEE824
:10C420000F00ACE80F00DEF80030CCF800302846F2
:10C430000BB030BD1D4628460BB030BD884270B5EC
:10C44000044621D0806B0D4618B1FEF747FA00284C
:10C4500041D1E06B18B1FCF7E7FD002841D1AE6B8C
:10C46000A6B12146242000F0AFF8002384460380C3
:10C470008370A063AD6B0FCDACE80F000FCDACE8BF
:10C480000F002B68CCF80030204670BDEB6B002B02
:10C49000FAD02146382000F097F880F831604686BF
:10C4A000E063EB6B03F1300C1E68103353F80C5C47
:10C4B000103053F8081C53F8042C634540F8106CF6
:10C4C00040F80C5C40F8081C40F8042CECD11B68C8
:10C4D0000360204670BD0023A363AE6B002EC0D165
:10C4E000D4E70023AE6BE363002EBAD1CEE700BFE2
:10C4F00010B50446806B10B1FEF7F0F930B9E06B6F
:10C5000010B1FCF791FD20B9002010BD0023A363FA
:10C5100010BD0023E36310BD002952D02DE9F04186
:10C520000446806B0D4617461E4610B1FEF7D6F93D
:10C53000A0BBE06B10B1FCF777FDB8BBD5F88084E9
:10C54000B8F1000F11D02146242000F03DF8334609
:10C5500000263A4606808670A063D5F88014FEF760
:10C560007BFB58BBA063BDE8F081D5F8843493B160
:10C570002146382000F028F8334680F831803A46CA
:10C58000A0F83280E063D5F88414FDF75DF9A8B90E
:10C59000E063BDE8F0810020BDE8F0810023D5F81C
:10C5A0008084A363B8F1000FCDD1DEE70023D5F876
:10C5B0008084E363B8F1000FC5D1D6E70120BDE860
:10C5C000F0810020704700BF084670472DE9F04118
:10C5D000002604469846C0F88814C0F880640146D6
:10C5E0004FF490601746FFF7EFFF424680F844642F
:10C5F000054680F87964A0F87A64C4F88404D4F815
:10C600008814FDF7FFFFA0BB0026214640F26C40D6
:10C61000C4F88464FFF7D8FF0223C6714246A0F82D
:10C620004864054680F84A640372C4F88004D4F86C
:10C630008814FFF749FE38B900231A4A18461360D8
:10C64000C4F88034BDE8F08105F589663046FEF710
:10C6500045F929463046FEF735FB0028ECD0124B51
:10C660001A68AAB91D600F4BAFB101201C60BDE86C
:10C67000F08105F589663046FCF7D6FC2946304640
:10C68000FCF7DCFC0028BFD0084B1A68002AE9D070
:10C69000044B002FE9D11A68002AE6D00120BDE83A
:10C6A000F08100BF087E03200C7E0320D47D032090
:10C6B00070B500254FF47A760446456005738660B0
:10C6C000C0E91255034D40F8105BFFF725FF2046E7
:10C6D00070BD00BF281300204FF0FF30704700BF2F
:10C6E000407C7047007D7047407D70470120704757
:10C6F000007F70472DE9F0471E46C37C05460C4677
:10C70000022B9146089F28D02B68214628461B6E95
:10C71000984798B1AC61B9F1000F12D004EB090849
:10C7200001E0A0450DD039462046B0472B680146B0
:10C730002846DB6D013498470028F2D10020BDE87F
:10C74000F087AB69287F4B44AB610028F7D12B6899
:10C7500028465B6EBDE8F047184783698B42D3D10A
:10C76000D9E700BF704700BF043002F017B800BF20
:10C7700010B50446202102F0ADFF204610BD00BFD9
:10C780002DE9F0411F46C37C05460E46022B144698
:10C7900024D02B68314628461B6E984778B1AE618D
:10C7A00087B1002601E0B7420CD02A68214628460E
:10C7B0000136D26D04F5007490470028F3D10020B3
:10C7C000BDE8F081AB69287F3B44AB610028F7D11D
:10C7D0002B6828465B6EBDE8F041184783698B42A1
:10C7E000D7D1DDE72DE9F041204E074600F10408DE
:10C7F000356805F51675ADB203E03368EB1A1B0416
:10C8000010D4404601F0CEFFFF280446F5D1FD21AB
:10C81000404601F0E1FFBB7CCBB900230120FB7453
:10C82000BDE8F0811E23B87C7B740028F8D0387CEA
:10C83000012101F0F7FEFF21404601F0CDFF404607
:10C8400001F084FF00231846BB74BDE8F08101218C
:10C85000387C01F0E7FE2146404601F0BDFF40462E
:10C8600001F074FF0023BB74D7E700BF10890420D8
:10C870002DE9F041C37C012B35D0867C04464EB1B6
:10C88000043001F08FFFB0F1FF0518BF01252846E5
:10C89000BDE8F081071D4FF00108384601F04CFF5C
:10C8A0003146207C01F0BEFEFF21384601F094FFA6
:10C8B000384684F8128001F075FFA37CB0F1FF05C3
:10C8C00018BF0125002BE2D04146207C01F0AAFED2
:10C8D000FF21384601F080FF384601F037FF284637
:10C8E000A674BDE8F08100252846BDE8F08100BFB0
:10C8F0002DE9F843204F0446884691463D68061DC1
:10C9000005F59675ADB203E03B68EB1A1B040DD438
:10C91000304601F047FFFF282075F5D0FE281AD0D9
:10C920001823A07C637430B9BDE8F8831D23A07C74
:10C9300063740028F8D0207C012101F073FEFF21F0
:10C94000304601F049FF304601F000FF0023184651
:10C95000A374BDE8F8834A464146304601F02EFFF5
:10C96000207538B9304601F01DFF304601F01AFF3E
:10C970000120D9E72523D4E710890420F0B500274A
:10C9800083B00C2104463A46C77400F05BF8B0B996
:10C99000A67C1EB90126304603B0F0BD0546012134
:10C9A000207C01F03FFE201DFF21019001F014FFCB
:10C9B000019801F0CBFE3046A57403B0F0BD092309
:10C9C000A67C6374002EE6D0251D207C01213E4606
:10C9D00001F028FEFF21284601F0FEFE284601F066
:10C9E000B5FE3046A77403B0F0BD00BFC27C022A7A
:10C9F00003D0012A04D00120704703685B6E1847FA
:10CA0000FFF7BCBF38B503680D460D4904461A6AE6
:10CA10008A420CD1C27C022A04D0012A0BD0012008
:10CA2000257738BD5B6E98470028F8D138BD904710
:10CA30000028FBD0F3E7FFF7A1FF0028F6D0EEE7D0
:10CA40007DA000002DE9F041036882B00F46354912
:10CA5000019206461A6A8A425ED1C27C022A41D0FD
:10CA6000012A5BD0B47C002C47D0351D0C2F11D08F
:10CA7000DFF8B480D8F8004004F59674A4B204E05E
:10CA8000D8F80030E31A1A0434D4284601F08AFE9C
:10CA9000FF28F5D10DF1040802AC47F0400128460B
:10CAA00001F09AFE14F8011D284601F095FEA045FC
:10CAB000F8D1002F28464FF00A040CBF952187219A
:10CAC00001F08AFE284601F06DFE2846013C01F087
:10CAD00069FE0306A4B2307501D5002CF5D102B071
:10CAE000BDE8F0815B6E98470028BBD1FF2002B003
:10CAF000BDE8F081002FCDD0F8E7351D284601F0C4
:10CB00001BFE2146307C01F08DFDFF21284601F0FF
:10CB100063FE0123B374A9E79047E5E7FFF72EFF13
:10CB2000E2E700BF7DA0000010890420F8B50022D4
:10CB30000D463A210646FFF785FFE0B9371D2C1D4B
:10CB4000384601F02FFE04F8010DA542F8D1B47C5F
:10CB500014B901242046F8BD307C012101F062FDAA
:10CB6000FF21384601F038FE384601F0EFFD002382
:10CB70002046B374F8BD1223B47C7374002CE9D042
:10CB8000341D307C012101F04DFDFF21204601F0D4
:10CB900023FE204601F0DAFD00231C46B374204634
:10CBA000F8BD00BF70B5164682B000220446FFF7FC
:10CBB00049FFB0B11B236374A07C08B902B070BDFB
:10CBC000251D207C012101F02DFDFF21284601F0CB
:10CBD00003FE284601F0BAFD00231846A37402B0F4
:10CBE00070BD0546102231462046FFF781FE002821
:10CBF000E2D0A67C002EE1D0207C012101F012FDC4
:10CC0000201DFF21019001F0E7FD019801F09EFD3C
:10CC10003046A57402B070BD0368254ADB6C9342B0
:10CC200000B585B00FD16A460921FFF7BBFF38B1C7
:10CC30009DF8003013F0C00308D0402B27D000200F
:10CC400005B05DF804FB69469847F0E79DF80930A8
:10CC50009DF80A2003F003039DF806109DF80700D5
:10CC60005B0001F0030180009DF808C043EAD21385
:10CC70009DF8052040EA812002F00F0240EA9C1056
:10CC800013440130073B984005B05DF804FB9DF864
:10CC900009009DF8073001309DF8082003F03F039C
:10CCA00000EB034000EB0220800205B05DF804FBBE
:10CCB00065A6000003680A4630B59B6D83B0164D2B
:10CCC0000446AB4224D1407D03284FF01201204698
:10CCD00018BF5202FFF7B6FE20B901231846E374CD
:10CCE00003B030BD0C23A07C63740028F8D0251D50
:10CCF000207C012101F096FCFF21284601F06CFD0B
:10CD0000284601F023FD00231846A37403B030BD6C
:10CD100001919847019AD7E7799D0000F8B514462C
:10CD2000C27C06460D46012A1F4602D183698B420A
:10CD300005D029463046FFF7BDFF80B1B56187B108
:10CD4000002501E0AF420CD021464FF4007230467E
:10CD5000013504F50074FFF7CBFD0028F2D1002067
:10CD6000F8BDB369307F3B44B3610028F8D1304649
:10CD7000BDE8F840FFF702BE2DE9F84F9B46C37CA3
:10CD800006460C46012B1546DDF82890DDF82C8070
:10CD900002D183698B4205D021463046FFF78AFFD6
:10CDA000B0B1B461BBF1000F15D004EB0B0A02E087
:10CDB000C847A2450FD04FF4007229463046FFF70E
:10CDC00097FD07464246204629460134002FEFD101
:10CDD0000020BDE8F88FB369307F5B44B361002861
:10CDE000F7D13046BDE8F84FFFF7C8BD03682DE91D
:10CDF000F0415F69164B9F421FD1C37C04460D462C
:10CE00001646012B02D18369994205D02946204656
:10CE1000FFF750FF70B1A5614FF400723146204614
:10CE2000FFF766FD30B1A369207F0133A36148B1EC
:10CE3000BDE8F0810020BDE8F081BC460123BDE8DB
:10CE4000F04160472046BDE8F041FFF797BD00BFC5
:10CE5000ADA3000003680A4630B59B6D83B0164D44
:10CE60000446AB4224D1407D03284FF019012046EF
:10CE700018BF5202FFF7E6FD20B902230120E37438
:10CE800003B030BD0E23A07C63740028F8D0251DAC
:10CE9000207C012101F0C6FBFF21284601F09CFC0B
:10CEA000284601F053FC00231846A37403B030BD9C
:10CEB00001919847019AD7E7799D000003682DE911
:10CEC000F043DB6C1746414A85B004460E46934258
:10CED00045D16A460921FFF765FE0546B5B19DF8C3
:10CEE0000A305A0618D5637D032B01D076027F02E3
:10CEF000324620212046FFF7A5FD28B93A462121D8
:10CF00002046FFF79FFD70B326236374A57C9DB96F
:10CF1000284605B0BDE8F08303F03F039DF80B20E1
:10CF20005B0043EAD2137A1C32431342DBD027233F
:10CF3000A57C6374002DEBD0251D207C012101F020
:10CF400071FBFF21284601F047FC284601F0FEFB5B
:10CF500000231D46A374284605B0BDE8F08369464A
:10CF600098470546BAE7024626212046FFF76AFDA4
:10CF70000028C9D1DFF8588042F2107704F1040983
:10CF8000D8F800301F44BFB204E0D8F80030FB1AD4
:10CF90001B0417D4484601F005FCFF280646F4D1CF
:10CFA000A37C002BB4D00121207C1D4601F03AFB6C
:10CFB0003146484601F010FC484601F0C7FB00230B
:10CFC000A374A5E728236374A0E700BF65A600004B
:10CFD0001089042070B5002282B00E460921044653
:10CFE000FFF730FDB0B11B236374A07C08B902B019
:10CFF00070BD251D207C012101F014FBFF21284676
:10D0000001F0EAFB284601F0A1FB00231846A374B7
:10D0100002B070BD0546102231462046FFF768FC7D
:10D020000028E2D0A67C002EE1D0207C012101F076
:10D03000F9FA201DFF21019001F0CEFB019801F0CB
:10D0400085FB3046A57402B070BD00BF70B50022EC
:10D0500082B00E460A210446FFF7F4FCB0B11B2350
:10D060006374A07C08B902B070BD251D207C01212D
:10D0700001F0D8FAFF21284601F0AEFB284601F066
:10D0800065FB00231846A37402B070BD054610224C
:10D0900031462046FFF72CFC0028E2D0A67C002E6B
:10D0A000E1D0207C012101F0BDFA201DFF2101907B
:10D0B00001F092FB019801F049FB3046A57402B0E3
:10D0C00070BD00BF70B5051D16460446284601F028
:10D0D00083FB4FF400723146284601F087FBFF21A5
:10D0E000284601F079FBFF21284601F075FB284610
:10D0F00001F058FB00F01F032075052B04D02023FE
:10D10000A07C637410B970BD012070BD207C01212A
:10D1100001F088FAFF21284601F05EFB284601F065
:10D1200015FB00231846A37470BD00BF2DE9F04124
:10D13000174D06460F4600F104082C6804F51674D6
:10D14000A4B203E02B68E31A1B040CD4404601F0A0
:10D1500029FBFF28F6D13A46FC213046FFF7B2FF03
:10D1600018B1BDE8F08124237374B07C0028F8D096
:10D17000307C012101F056FAFF21404601F02CFBE2
:10D18000404601F0E3FA00231846B374BDE8F0818D
:10D1900010890420036870B59B6D1646224A82B040
:10D1A00004460D4693423CD1407D03284FF01801C0
:10D1B000204618BF6D022A46FFF744FC0546B0B171
:10D1C0000D236374A07C08B902B070BD251D207CBE
:10D1D000012101F027FAFF21284601F0FDFA284637
:10D1E00001F0B4FA00231846A37402B070BD3246B1
:10D1F000FE212046FFF766FF0028E3D0A67C002E24
:10D20000E2D0207C012101F00DFA201DFF210190C8
:10D2100001F0E2FA019801F099FA3046A57402B0E3
:10D2200070BD9847C1E700BF799D000010B4047F2E
:10D2300034B104680123A46AA4465DF8044B604736
:10D240005DF8044BFFF7A6BF002070470020704731
:10D2500000207047704700BF084B0021084A09486A
:10D2600010B499631C6B146012685DF8044B1A6368
:10D270009A6C22F081029A640170704700002C4081
:10D28000CC7D0320F4890420034B586A80F0807021
:10D29000C0F30060704700BF00002C40014B1878BD
:10D2A000704700BFF48904202B4A2C4B526AD3F8F4
:10D2B00000312B49C2F3C22203F03F03013270B5A3
:10D2C000284C4FF47A75A4FB034305FB00F09B0840
:10D2D000B1FBF3FEBEFBF2FEB0EB1E1F35D2012305
:10D2E0001E465B001A01BEFBF2F2824201D9FF2BFF
:10D2F000F6D9BEFBF3F2360290422AD24FEA430C33
:10D30000012200E0A446154603EB0C040132BEFBEB
:10D31000FCF1814217D9102AF4D1F0254FF47A7329
:10D320001149124A03FB0CFCBEFBFCF30B60104BD3
:10D33000D16A0B402B43334343F46023D362536AD7
:10D340001B07FCD570BD2D01E8E7724600260123BE
:10D35000D2E79C460025E1E700C00F4000800D4069
:10D3600000EC695EABAAAAAAF42E032000002C40B0
:10D370000F00F0FF014B1878704700BF5471022076
:10D38000014B1868704700BFCC7D032010B4074CD8
:10D390008C460FCCCCF800000120CCF80410CCF85F
:10D3A0000820CCF80C305DF8044B70474876032019
:10D3B00010B4074C8C460FCCCCF800000120CCF800
:10D3C0000410CCF80820CCF80C305DF8044B704702
:10D3D00058760320024B01201B680B60704700BF8A
:10D3E00068760320704700BF10B504460C2102F098
:10D3F00071F9204610BD00BF044B1B7823B1044BCC
:10D4000018780230C0B2704701207047F1890420BB
:10D41000F2890420184B1A7812F0C0020FD0402A6B
:10D4200001D000207047587ADA79197A013002F079
:10D430003F0300EB034000EB0120800270475A7A63
:10D440009979D87902F0030293F808C001F003013A
:10D450008000520040EA812000B593F80AE040EADB
:10D460009C105B7942EADE12013003F00F03134493
:10D47000073B98405DF804FB58760320404A05209E
:10D48000404938B5D2F800413F4B44F080043F4D4D
:10D49000C2F80041D2F8004124F03F04C2F8004134
:10D4A000D2F8004144F01804C2F80041D2F800411B
:10D4B00024F08004C2F80041D3F8802042F00C022E
:10D4C000C3F880205A6A22F460525A62DA6942F440
:10D4D0008032DA615A6A42F400625A62C1F8CC01C1
:10D4E000C1F8D001C1F8BC01C1F8C001C1F8C40144
:10D4F000C1F8C801AA6C264B42F00042AA64EA6A4D
:10D500001343EB62EC6A14F08074FBD14FF4C870E3
:10D51000FFF7CAFE1B4B47F2B80241F2B801C3F84D
:10D52000CC411C48C3F8D041C3F8BC41C3F8C0414A
:10D53000C3F8C441C3F8C841C3F8BC23C3F8C0232F
:10D54000C3F8AC23C3F8B013C3F8B4231249C3F82B
:10D55000B823124B6863C1F8F8314FF0E0234FF461
:10D5600080420F49602081F86E00C3F80C21EB6AFD
:10D57000064A43F00063EB62D36A1B01FCD438BD5A
:10D5800000800D4000801F4000C00F4000002C4074
:10D59000008000010B007F1100740220E9A8000048
:10D5A00000E400E02DE9F04101F066FF174E184D50
:10D5B0000746DFF8748004E001F05EFFC01B4045C1
:10D5C0001BD8346B2C40F7D0124A0021124B11703B
:10D5D000326B1A601968114A31631B68134209D013
:10D5E0000F491F240F4B40F27A2200200C701A6062
:10D5F000BDE8F0810120BDE8F081064A064B1470B9
:10D60000326B1A601B683363EAE700BF00002C40EE
:10D6100002007F11F3890420CC7D032000007F11DC
:10D6200054710220482F032040420F002DE9F84397
:10D63000264C0F462378002B38D1254B5A6AD20549
:10D640002BD5234DDFF89480AB6A43F48033AB6273
:10D6500001F012FF064604E001F00EFF801B40457A
:10D660002AD86B6A13F48069F6D007F13C0C18488D
:10D6700007F50F77436A5B05FCD5ACF1400353F81F
:10D68000042F9C450262FAD10CF1400CBC45F1D14B
:10D69000012318462370BDE8F8839A6A22F4803289
:10D6A0009A629A6A42F400329A62CAE7FFF77AFFF6
:10D6B0000028C2D1BDE8F88306492124064B4FF467
:10D6C0007E7248460C701A60BDE8F883F389042026
:10D6D00000002C4054710220482F032040420F00CC
:10D6E0002DE9F041074688461F4C01F0C5FE1F4E4C
:10D6F000054604E001F0C0FE431BB34224D8636A30
:10D70000D907F7D4BB02C4F8088020D427F0FF0360
:10D71000154C174EE36001F0AFFE144F054604E0D0
:10D7200001F0AAFE401BB8420ED8236B3342F7D05B
:10D73000226B104B1A601A6822631A68D20703D54D
:10D740001B6813F4702F0BD00020BDE8F081A26C91
:10D75000FBB222F0FF02A264A26C1343A364D5E7DC
:10D760000120BDE8F08100BF00002C4040420F00C6
:10D7700001000F00CC7D0320154B30B50D4685B060
:10D780001968FFF7ADFF08B3124B05F10F041A69D2
:10D7900000925969019199690291DB690393002311
:10D7A00001E05EF8102C03F0030C01334FEACC0CBF
:10D7B00023F0030E0F2B22FA0CF20EF1100104F8E5
:10D7C000012D0DEB010EECD10023EB7305B030BD44
:10D7D0006C76032000002C4010B5037ADB0705D5DA
:10D7E000154B1B68B3B1BDE810401847134B1B78AD
:10D7F0003BB9134B5C6A84F08074C4F30064204628
:10D8000010BD0F4B0F4C1B6B1C40B4FA84F4640921
:10D81000204610BD0C4B1C78002CF0D00B4B0C4854
:10D820001968FFF75DFF0028E9D0054B1C6984F4F7
:10D830008074C4F30024E2E7C87D0320F389042048
:10D8400000002C4002007F11F08904206C76032038
:10D8500000001A0D08B5044B04481968FFF740FF93
:10D8600008B1034B186908BD6C76032000001A0D3F
:10D8700000002C4008B5074B07481968FFF730FF38
:10D8800030B1064B186980F48070C0F3002008BDE9
:10D89000012008BD6C76032000001A0D00002C400A
:10D8A0002DE9F047294B8946DFF8C0A0284ECAF879
:10D8B000003001F0E1FD274D0446DFF8B480264F2B
:10D8C00006E001F0D9FD001BB84229D803F0EEF8BC
:10D8D00031682846FFF704FF0028F2D0D8F810304E
:10D8E000DB05EED500234FF40072CAF80030D8F8FB
:10D8F000283023F48033C8F82830184BC8F80420A7
:10D900001B78CBB149461648FFF7EAFE30B91549F6
:10D910000E24154B40F257420C701A60BDE8F08798
:10D92000104A0A210020104B117040F24B42CAF8F5
:10D9300000001A60BDE8F0874FEA492908484946C7
:10D94000FFF7CEFE0028E9D1E1E700BF05AF0000F8
:10D950006C76032000001A0D40420F00F28904206B
:10D9600020003A1954710220482F0320C87D03205B
:10D9700000002C402DE9F041254C00212548A36AE8
:10D9800023F48033A362FFF7ABFE054648B9224972
:10D990000920224B40F23D2208701A602846BDE85B
:10D9A000F0811F4BDFF88080C8F8003001F064FD83
:10D9B000636A0646D80118D41A4F04E003F076F8DB
:10D9C000636AD90111D401F057FD831BBB42F5D91D
:10D9D000114A0A210025114B11704FF4107228468C
:10D9E000C8F800501A60BDE8F0810022084BC8F862
:10D9F00000205A6A9207D1D5586B9A6AD96A22F4E4
:10DA0000803241F08061D96258639A62C6E700BFF4
:10DA100000002C400000DB0C54710220482F032032
:10DA200019A9000040420F00C87D03202DE9F047EE
:10DA300082468946364E01F01FFD364D0446DFF81A
:10DA40000081354F04E001F017FD031BBB4227D8CE
:10DA500031682846FFF744FE0028F4D0D8F810308B
:10DA6000DA05F0D501232D4D2D4F51462B700023A3
:10DA70002C483B602C4BC8F80090C8F804302B4B66
:10DA8000C8F83830FFF72CFE0446A0B92849042016
:10DA9000284B40F29F12087020461A60BDE8F087BC
:10DAA00023490A20234B4FF4CC72002408701A60DB
:10DAB0002046BDE8F087204BDFF88890C9F8003099
:10DAC00001F0DAFC2B780646BBB1DFF84C8003E0AE
:10DAD00002F0ECFF2B7883B101F0CEFC831B4345B1
:10DAE000F6D90023C9F8003011492520114B4FF415
:10DAF000D172002408701A60DAE73B6800229B07A5
:10DB0000C9F80020F0D53A680C4B1A42D0D0EBE7A8
:10DB10006C76032000001A0D40420F00F4890420A7
:10DB2000CC7D032011003A064000010002007F1165
:10DB300054710220482F03202DA9000000007F11FE
:10DB400000002C40C87D03202DE9F041324D1446E1
:10DB5000AB7A13F0400012D103F03F03EA7A5B0086
:10DB600043EAD213621C0A43134208D02B492724EC
:10DB70002B4B40F202320C701A60BDE8F081294B49
:10DB80001B780BB9490264022748FFF7A9FD40B989
:10DB900022490F24224B40F20A320C701A60BDE871
:10DBA000F08121462148FFF79BFD40B91B49102415
:10DBB0001B4B40F20D320C701A60BDE8F081002161
:10DBC0001B48FFF78DFD38B914491124144B4FF44D
:10DBD00044720C701A60E2E701F04EFC154E164DCF
:10DBE0000446DFF85C80154F31682846FFF778FD62
:10DBF00018B1D8F81030DB05D1D401F03DFC001B82
:10DC0000B842F1D905492824054B40F213320020CF
:10DC10000C701A60C3E700BF5876032054710220CD
:10DC2000482F0320F289042000001A2000001A2146
:10DC300000001B266C76032000001A0D40420F00E6
:10DC400000002C402DE9F04F12F0030483B018BF00
:10DC5000012401900093002B08BF44F001045CB143
:10DC600040492520404B40F2F512002408701A600C
:10DC7000204603B0BDE8F08F3C4B15463C4A0E46AB
:10DC8000DFF80C91136001F0F7FBDFF8088107461D
:10DC9000DFF804B1DFF8F0A006E001F0EDFBC01BF7
:10DCA000504544D802F002FFD9F800104046FFF773
:10DCB00017FD0028F1D0DBF81030DA05EDD5009A19
:10DCC0002C4B2B4903EA024300222B4F0A6043F4FA
:10DCD00000730121DFF8C4803970C8F80020CBF848
:10DCE0000050CBF80430254BCBF83830244B1B7850
:10DCF00043B331460198FFF7F3FC81460028B7D0C3
:10DD0000204B1B4A136001F0B7FB3B780546DBB1A3
:10DD10001D4E03E002F0CAFE3B78ABB101F0ACFB54
:10DD2000401BB042F6D90023114A1360A0E70D4B07
:10DD30000A2200210E481A704FF4FC720A4B01604F
:10DD40001A6095E77602D4E70023094A1360D8F8F1
:10DD500000309B078CD5D8F800200C4B1A4208BF26
:10DD60004C4685E754710220482F032005AF000080
:10DD7000C87D03200000FF1FF489042002007F11EA
:10DD8000F28904202DA9000040420F0000007F11FD
:10DD90006C76032000001A0D00002C40CC7D03207F
:10DDA000F8B50646007A0C461546C0071F4613D440
:10DDB00083B10F4401E0BC420CD033682A462146AF
:10DDC00030461B69013405F5007598470028F2D1EB
:10DDD0000020F8BD0120F8BD900712D0002BF9D02B
:10DDE0000F4401E0BC42F5D033682A462146304654
:10DDF0001B69013405F5007598470028F2D1002011
:10DE0000E7E70648FFF71EFF0028E3D104490C248A
:10DE1000044B40F2A1320C701A60F8BD37003A1280
:10DE200054710220482F0320F8B50646007A0C46AC
:10DE30001546C0071F4613D483B10F4401E0BC420E
:10DE40000CD033682A46214630465B6A013405F51A
:10DE5000007598470028F2D10020F8BD0120F8BDD8
:10DE6000900712D0002BF9D00F4401E0BC42F5D04E
:10DE700033682A46214630465B6A013405F5007551
:10DE800098470028F2D10020E7E70648FFF7DAFEBE
:10DE90000028E3D104490E24044B40F23D420C70AB
:10DEA0001A60F8BD27003A1954710220482F032048
:10DEB0002DE9F04F0025DFF8C0929B4C91B0DFF8C0
:10DEC000BC829A4E0172457289F80050257088F81C
:10DED00000503570FFF7D2FA29462846FFF700FCBC
:10DEE00050B90121924B40F28E22054621701A60F2
:10DEF000284611B0BDE8F08F03258E4F4FF4D57141
:10DF00003846FFF7EDFB00284ED1013DF6D13378BE
:10DF1000002B3DD0DFF868B201F0AEFA864E054620
:10DF2000DFF860A2854F00213046FFF7D9FB50B9DA
:10DF3000002517217E4B4FF42A72284621701A6063
:10DF400011B0BDE8F08F59465046FFF7C9FB0028D5
:10DF5000EED001F091FA401B794BB842E8D81A692B
:10DF6000002AE0DA1969774A11601B695A0002D564
:10DF7000012388F8003000217348FFF7B1FB054604
:10DF800010BB02216A4B40F2B12221701A60AFE748
:10DF9000FFF774FA29462846FFF7A2FB3378002BD7
:10DFA000B8D14FF4401BB7E7654B1B69B3F5D57F7C
:10DFB00007D006215E4B4FF42572002521701A60B0
:10DFC00096E701233370A5E700216048FFF788FB3F
:10DFD000054630B90321564B4FF42D7221701A605B
:10DFE00086E7574E5A4B32695A4F13405A495B489D
:10DFF0003B60FFF7C1FB054630B907214C4B40F2AF
:10E00000B92221701A6073E755495648FFF7B4FBEF
:10E01000054630B90821464B4FF42F7221701A6023
:10E0200066E739685048FFF75BFB054630B90521C4
:10E030003F4B40F2BF2221701A6059E739683E48D1
:10E04000FFF74EFB38B91421394B40F2C3220025AB
:10E0500021701A604CE702214448FFF741FB054656
:10E060000028F0D0B36A69466FF07F4023F00603C2
:10E07000B362B36A43F00203B3624FF010137364E8
:10E08000FFF7D4FC9DF80D309B0743D5002841D005
:10E09000274E6946364894F800803768FFF7C6FC7B
:10E0A0009DF8103003F00F03012B36D1A8B34CF2CA
:10E0B0005030304C0523C4F8CC31C4F8D031C4F80A
:10E0C000BC31C4F8C031C4F8C431C4F8C831FFF75A
:10E0D000EBF8002347F2B802C4F8CC31C4F8D031D1
:10E0E000C4F8BC31C4F8C031C4F8C431C4F8C83174
:10E0F00041F2B803C4F8BC23C4F8C023C4F8AC236D
:10E10000C4F8B0330123C4F8B423C4F8B82389F8A1
:10E110000030EDE646F2A810CBE746F2A81084F8EE
:10E1200000803760C5E700BF54710220F1890420E8
:10E13000482F032000001A0800001A3740420F0041
:10E1400000002C40687603200000090200001A033A
:10E150000000FFFF6C7603205876032000000909B9
:10E16000487603200000090A00001B0700001A0679
:10E17000F1FFFF8000801F40F0890420F289042015
:10E180000000304000000229374B5A6A92052DE901
:10E19000F0410F460DD49A6A22F480329A6272B628
:10E1A0009A6A42F400329A629A6A42F480329A621F
:10E1B00062B601F061F92C4EDFF8C480054604E038
:10E1C00001F05AF9431B434537D8746A14F40064CC
:10E1D000F6D007F13C0C244807F50F77436A1B057E
:10E1E000FCD5ACF14003026A43F8042F9C45FAD1F8
:10E1F0000CF1400C6745F1D101F03EF91A4F1B4D6F
:10E200000646DFF87C8004E001F036F9831B4345C5
:10E210001DD83C6B2C40F7D03B6B154A136013683C
:10E220003B63136813F002031BD01268114B1A42B0
:10E230000CBF01200020BDE8F0810F491A250F4BCB
:10E2400040F2563220460D701A60BDE8F0810A494E
:10E250001D250A4B40F2613220460D701A60BDE860
:10E26000F0811846BDE8F08100002C4002007F11CB
:10E27000CC7D032000007F1154710220482F032021
:10E2800040420F002DE9F047294B8946DFF8C0A036
:10E29000284ECAF8003001F0EFF8274D0446DFF8A9
:10E2A000B480264F06E001F0E7F8001BB84229D8F9
:10E2B00002F0FCFB31682846FFF712FA0028F2D082
:10E2C000D8F81030DB05EED500234FF40072CAF801
:10E2D0000030D8F8283043F48033C8F82830184B81
:10E2E000C8F804201B78CBB149461648FFF7F8F967
:10E2F00030B915490C24154B40F2BD320C701A6030
:10E30000BDE8F087104A0A210020104B117040F23E
:10E31000B132CAF800001A60BDE8F0874FEA492917
:10E3200008484946FFF7DCF90028E9D1E1E700BFDA
:10E3300005AF00006C76032000001A0D40420F006C
:10E34000F289042030003A1254710220482F032031
:10E35000C87D032000002C402DE9F04100221D4C17
:10E360000D4642721146A36A1B4823F48033A36210
:10E37000FFF7B6F940B919490924194B40F2D332D5
:10E380000C701A60BDE8F081002DFBD0154B164EC5
:10E39000336001F071F8636A0746DA0116D4DFF8DA
:10E3A0004C8004E002F082FB636ADB010ED401F0D2
:10E3B00063F8C01B4045F5D9084A0A210020084BE4
:10E3C000117040F2D73230601A60DBE70023284634
:10E3D0003360D7E700002C400000DB0C54710220B2
:10E3E000482F032019A90000C87D032040420F00D8
:10E3F0000A4B1B7810B504461BB9637A43B9012058
:10E4000010BDFFF7CFF80028FAD0637A002BF6D0C2
:10E4100020460121BDE81040FFF79EBFF38904208C
:10E420002DE9F0410446007AADF5007D164610F066
:10E43000010513D093073CD0012338486A46FFF703
:10E4400001FC00283AD04FF400726946304601F0D2
:10E45000A7F828460DF5007DBDE8F081DFF8CC80F7
:10E460000F4698F80030002B35D1637A012B39D054
:10E4700022682B49126A8A424AD198F80020002A61
:10E4800034D1002B39D139462046FFF7FBFEE8B1E5
:10E4900001236760637231462046FFF775FEA8B11D
:10E4A000636805460133284663600DF5007DBDE8CD
:10E4B000F08101231948FFF7C5FB38B919490B2032
:10E4C000194B4FF45D72002508701A6028460DF54F
:10E4D000007DBDE8F081FFF765F80028F6D0637A8B
:10E4E000012BC5D16268BA42C2D1D4E7FFF75AF80E
:10E4F0000028EBD0637A002BC5D001212046FFF71E
:10E500002BFF0028BFD128460DF5007DBDE8F08126
:10E51000204690470028F6D0B5E700BF11003A1119
:10E5200081BA000054710220482F0320F38904208F
:10E530002DE9F041047AADF5007D0F46904614F0C8
:10E5400001041DD012F0030F06D0684611464FF4A7
:10E550000072804601F024F80123424639462C48D7
:10E56000FFF770FB044630B92A490D202A4B40F2D0
:10E57000114208701A6020460DF5007DBDE8F0815B
:10E58000264D06462B782BBB737A022B29D0326896
:10E590002349126A8A4236D12A7832BB002B2BD10A
:10E5A0003368394630461B6E98470028E3D0022373
:10E5B00077607372336841463046DB6D98470028B8
:10E5C000D9D0736804460133204673600DF5007D91
:10E5D000BDE8F081FEF7E6FF0028CCD0737A022B6D
:10E5E000D5D17268BA42D2D1E4E7FEF7DBFF00284A
:10E5F000C1D0737A002BD3D001213046FFF7ACFE97
:10E600000028B8D0CCE7304690470028B3D0C7E701
:10E6100001003A1854710220482F0320F389042086
:10E6200081BA000000F052BF30B482B00C4602AB99
:10E6300003E90600C37C002B30D072B6C37CDA0736
:10E6400008D54FF0E0214569D1F880212A40826247
:10E65000C1F880219D0708D54FF0E0218569D1F8E8
:10E6600084212A40C262C1F88421590708D54FF09D
:10E67000E021C569D1F888212A400263C1F88821C8
:10E680001A0708D54FF0E021056AD1F88C212A40FD
:10E690004263C1F88C21DB062FD462B683689C42AA
:10E6A00035D0224B84609B69214AC3F30111C3F327
:10E6B000826352F821100133B1FBF3F2CCB19442E2
:10E6C00027D8B2FBF4F3B2FBF3F294422CD3B3F5A8
:10E6D000817F20D3174CC460036803220020019976
:10E6E00018615A6201221C6419661A6102B030BCBA
:10E6F00070479942EFD3531CE9E74FF0E022416A9B
:10E70000D2F890310B408363C2F89031C5E7C468FA
:10E71000E2E70024DFE7022BFBD9023B5A08140290
:10E7200044EA02441C43D6E71A46E4E700C00F401F
:10E73000E8130020FF7F7F0008B5034653F8040B61
:10E7400093E80600FFF770FF08BD00BF0268D37CA6
:10E7500013B3D80704D5906A4FF0E021C1F8000147
:10E76000990704D5D06A4FF0E021C1F80401580799
:10E7700004D5106B4FF0E021C1F80801190704D54A
:10E78000506B4FF0E021C1F80C01DB0604D5926B11
:10E790004FF0E023C3F81021704700BF006800F07D
:10E7A00081B900BF0268FF2312685366D36D13F46A
:10E7B000F81FFBD0506FC0B2704700BF4FF0FF0C86
:10E7C000006808B5134680F83CC00A46002100F0F6
:10E7D00065F9002008BD00BF03681A685166D36D53
:10E7E00013F4F81FFBD0536F704700BF1346006847
:10E7F000002200F053B900BF30B5037883B0DC07C6
:10E800001DD50446406804F110020368E1680192D6
:10E810005B6A9847019A0546A8B12378990708D5FD
:10E820006068D4E90231194403685B6A984750B1C3
:10E83000237823F001032846237003B030BD01255F
:10E84000284603B030BD0025284603B030BD00BFC8
:10E85000F8B543680BB3C36804460F4615468B42B0
:10E8600006D110F8103B05F003052B432370F8BDCB
:10E87000FFF7C2FF88B16B0705D504F110063046DB
:10E880000023E760EFE7606804F11006394603688B
:10E8900032461B6998470028F1D10020F8BD00BF1F
:10E8A00010B50446808982B018B10023A38102B05C
:10E8B00010BDD4E901318B42F9D201AA184600F00B
:10E8C00015F880B1019B6060B3F5803F01D298B22A
:10E8D000EDE7980AC3F30903A0F52150A3F51053FF
:10E8E00080B2A381E3E74FF6FF70E0E788423DD2B4
:10E8F000034610B490F900001C7800282DDA04F0CB
:10E90000E000C02834D004F0F000E02834D004F057
:10E91000F800F02826D104F00704042018448842A7
:10E9200020D8013313F8011B01F0C00C01F03F01A6
:10E93000BCF1800F41EA841414D18342F2D1A4F1D6
:10E9400080010F4B99420DD8A4F55843B3F5006FE1
:10E9500008D314605DF8044B7047581C14605DF8D0
:10E96000044B704700205DF8044B7047002070474F
:10E9700004F01F040220D1E704F00F040320CDE7C8
:10E980007FFF10007E283ED94FF0350C002330B4B5
:10E99000284C04E034F82120824220D80B46ACEB0E
:10E9A0000302012A03EB5201F4D89BB234F823206E
:10E9B000904216D24B2400231F4D04E035F821204D
:10E9C00082421ED80B46E21A012A03EB5201F5D807
:10E9D0009BB235F8232082421FD030BC70478C4652
:10E9E000DDE704EB8304821AE3789A42E2DA94F9D1
:10E9F0000230012B16D0D3B19BB2034430BC98B285
:10EA000070470C46DFE7A0F16103192B8CBF002390
:10EA10000123A0EB431398B2704705EB8305688888
:10EA200030BC704702F00102831A98B2D5E74EF26B
:10EA3000A033E2E7701100201C100020F0B404683D
:10EA400040F201251E462561A3B121B311F8015BF7
:10EA5000013B6566256FAF0707D41546013E676F1A
:10EA60001AB105F8017B2A4604686569ED07F1D5FE
:10EA7000002BEAD16EB10368196F8907FAD41146E9
:10EA8000013E5B6F002AF5D001F8013B0A46002EDB
:10EA9000F1D1F0BC704790F83C50D9E70BB1FFF7CB
:10EAA000CDBF70474368D3E900120968114200D115
:10EAB000704710B502680446002005211061227CD1
:10EAC0001344187C00F02CFD627C6368052113441C
:10EAD00093F8240000F024FD6368A27C0521134410
:10EAE000BDE8104093F8380000F01ABD70B472B65B
:10EAF00021B9036813B102790F2A45D9294C21881D
:10EB0000002341FA03F212F0010208D00133102B66
:10EB1000F7D162B600220371026070BC70474FF0FB
:10EB2000010C0CFA03FC41EA0C01218062B61E4D77
:10EB30005FFA83FC1D4940F2824680F804C0EC6F06
:10EB4000194483F0030344F0C0044901EC67A5F5C0
:10EB50009F35174CA5F58075266084F81AC084F897
:10EB60001EC084F818C084F81FC00160C1E90022EB
:10EB7000C1E90222C1E90422C1E906225A5D42F03C
:10EB8000C0025A5570BC7047064C218841FA02F504
:10EB9000ED07B5D5054D1544B3EB451FB0D162B6B1
:10EBA000BBE700BFE489042000C00F40807400026E
:10EBB00000800E4003790F2B11D8094A937672B664
:10EBC0000849012290F804C00B8802FA0CF223EAEB
:10EBD00002030B8062B610220023027103607047AB
:10EBE00000800E40E489042070B5EFF3108272B605
:10EBF0000C4C206880B10C4E00254369236073B132
:10EC00009D6102B962B6836845779847EFF3108239
:10EC100072B620680028F0D102B962B670BD3360C8
:10EC2000EFE700BFE07D0320DC7D0320FFF7DCBFC2
:10EC30000449054A4968054B19601368013313609C
:10EC4000704700BF001000E0108904200C890420E8
:10EC5000084601F097BE00BF012A70B508BF0A221E
:10EC60008AB091B34FF0210E01E05FFA86FE0EF1FB
:10EC7000FF36B1FBF2F502FB15145FFA84FC092C98
:10EC80000CF137040CF1300C98BF5FFA8CF40EF1E4
:10EC9000280C88BFE4B29142EC4429460CF8244C7D
:10ECA000E3D24BB10EF1FF3E2D225FFA8EFE0EF144
:10ECB00028036B4403F8242C036801A9CEF1220237
:10ECC0005B68714498470AB070BD30224FF0210E46
:10ECD0008DF82520E5E700BF002903DB00230A2289
:10ECE000FFF7BABF49422D230A22FFF7B5BF00BF85
:10ECF00000B5036883B040F60D2C022201A95B68C1
:10ED0000ADF804C0984703B05DF804FB054B02283A
:10ED100088BF034610B41C68184663685DF8044B4E
:10ED2000184700BF1C6702200EB400B582B003AACA
:10ED300052F8041B019204F0D1FD02B05DF804EB1F
:10ED400003B070475AB90368C9B2074A1B689342B7
:10ED500000B506D108465DF804EB01F013BEFFF7DD
:10ED60007BBF5DF804EB1847E1C200002DE9F043DA
:10ED700093B09DF868709DF86C90012F44D91C46A3
:10ED80008046154652EA040339D0412601E05FFA75
:10ED90008CF6214628463A46002302F091FD5FFAA0
:10EDA00082FC06F14802BCF1090F0CF137030CF1AB
:10EDB000300C6A44DBB298BF5FFA8CF3BD4206F1B7
:10EDC000FF3C054674F1000402F8443C0C46DED2D8
:10EDD000B9F1000F07D0013E2D22F6B206F148032B
:10EDE0006B4403F8442CD8F8003001A9C6F1420264
:10EDF00040465B683144984713B0BDE8F083302348
:10EE000041268DF84530E3E7002013B0BDE8F083DC
:10EE1000B4EE400B70B5F1EE10FA05462DED028B05
:10EE200086B07CD6B0EEC07B9FED476BB4EE467BE0
:10EE3000F1EE10FA6BDC9FED467BB4EEC70BF1EE02
:10EE400010FA5ADC9FED447BB4EEC70BF1EE10FADA
:10EE500053D4B5EEC00B0C46F1EE10FA5BD4002390
:10EE6000B6EE007B002C5ED04FF0000C9FED3C6BAB
:10EE70000CF1010C27EE067B5FFA8CF2A242F7D36D
:10EE800030EE070B0A222846FCEEC07BB8EE678BFB
:10EE900017EE901A30EE488BFFF7DEFE0F2C4FF086
:10EEA0002E03B2EE046B064628BF0F248DF80830FF
:10EEB0000DF1090302AA611E53FA81F128EE060B37
:10EEC000FCEEC07BCDED017A9DF8043007EE903A60
:10EED0003033B8EEE78B02F8013F914230EE488BB9
:10EEE000ECD12B68013402A928465B68E2B298474E
:10EEF000304606B0BDEC028B70BD2B6803221A4968
:10EF00005B6806B0BDEC028BBDE870401847036833
:10EF100003221649F4E7B1EE400B0123A0E7036892
:10EF200003221349ECE730EE070B0A222846FCEED9
:10EF3000C07B17EE901A06B0BDEC028BBDE87040A6
:10EF4000FFF78ABEAFF30080FFFFFFFFFFFFEF7FF9
:10EF5000000000E0FFFFEF41000000E0FFFFEFC115
:10EF60009A9999999999B93F54120020501200200A
:10EF70004C12002001F0F6BC01F08EBC2DE9F84FD8
:10EF800092B31746B3FA83F252096BB3B3F1010897
:10EF900025D007EB080A834689469046174C184E41
:10EFA00025680BE001F0DEFC002810DA01F07EFDA0
:10EFB0002368DBF808205B1B93421AD2DBF8003091
:10EFC0005B69B342EED0584698470028EEDB4845CF
:10EFD00005D007F8010BBA4508F10108E0D100237C
:10EFE00040463B70BDE8F88F4FF000084046BDE852
:10EFF000F88F01238BF80C30F1E700BF1089042053
:10F0000005C600002A2849D8F8B5254F04463B78A4
:10F01000E3B9244B1B5DFF2B29D0234A02EB0412DA
:10F0200091680A6802F44050B0F5805F30D01C0649
:10F030001FD41E4C2360236AD80704D401F036FD88
:10F04000236AD907FAD5194B586AF8BD174D184EDF
:10F0500001E001F02BFDAB6C1B06FAD4B36C13F08E
:10F060008003F6D13B700F4B1B5DFF2BD5D10020E9
:10F07000F8BD0F4C03F07F032360236ADA0704D442
:10F0800001F014FD236ADB07FAD5094B586AF8BD75
:10F0900022F480521C060A60EBD4CAE700207047B5
:10F0A000F8890420A8DB0020E4D7002000400C40B1
:10F0B00000800C40AC49AD4B88422DE9F047AC4C88
:10F0C0005F699A69D4F80C8000F2FF8003F1437302
:10F0D00003F5F4530333A3FB0013DB0D03EB8303AE
:10F0E00003EB830404F2B63440F227639C4228BF4A
:10F0F0001C46A04BA4F54874A3FB0434E4089B49C8
:10F1000008F01F09D1F88030A14543F0C003C1F8D1
:10F1100080300CD228F01F08A1F5F82148EA040835
:10F12000C1F80C800B68002BFCDA08F01F0917F0FF
:10F13000007324D190490D699049A94300F00181E1
:10F1400082F480513D464FF4805615F0605F04D044
:10F1500027F060571F43854B5F6111F4405F07D074
:10F1600022F44052814932438A618B6C1A07FCD4E5
:10F1700047F000777D4A5761936C9B06FCD4804D25
:10F18000A84200F2E9804FF0010C0146634603FB00
:10F19000011203F1010E0CF10106AA4218D8BEF1CA
:10F1A000080F4FF0010340F08E80BCF1040F00F215
:10F1B000A8800A18AA4200F2BB8006FB00F1B44600
:10F1C00003F1010E03FB01120CF10106AA42E6D97C
:10F1D0000CF1FF318D0287EA81216A4810446A4AA6
:10F1E000904240F29680DFF8DCA16C226748624EC4
:10F1F000B0FBFEF0D6F800E0B0FBFCF0DFF8C8C1D1
:10F200000EEA0C0CD44509D042F400524FF4805C55
:10F21000C6F800C032603268002AFCDA534A166928
:10F2200006F007069E4203D01361936CDE03FCD404
:10F2300011F4E05F09D027F4E05705F4E0554B4A9C
:10F240002F435761936C9907FCD45149514A0144AB
:10F25000914252D8504BC909A3FB0131090B4B1EF7
:10F260001B0287EA030212F4407F06D027F440779E
:10F2700003F440733D4A3B4353613C4A536923F0D6
:10F2800000735361936C9B06FCD4444B4C45A3FB29
:10F2900000234FF0FF324FEA9343B0FBF1F1B2FB92
:10F2A000F3F33F4A10603F4A11603F4A136008D2AF
:10F2B00028F01F082E4A48EA0404D4601368002B83
:10F2C000FCDABDE8F087734661E7384B984201D815
:10F2D0000E2414E7364B98423AD9364CA04239D91D
:10F2E000041B354B240AA3FB0434E40904EB840417
:10F2F00004EB840404F2E244F6E64FF44073042184
:10F30000AFE70CF1FF311F4807238D02104487EA55
:10F3100081212A4ADFF8B4A0A2FB0020020D284870
:10F32000362A38BF362202FB00F042EA0A0A5EE7BC
:10F330004FEA8C25002387EA8C214FF0010EB4465A
:10F340004BE71E4687F0C05511464FF0C053FCE610
:10F350000F24D4E61224D2E600254FF0010C024619
:10F3600039462B46E64638E7001C4E0E00C00F40DB
:10F37000000008401F85EB5100800D4040300080A8
:10F38000FFB19F26808D5B00FF7EF64D00643F4DF0
:10F390007FD1F0087F17B42C9F10E50083DE1B435C
:10F3A000E0650220DC6502203C840420FF0A6B1B20
:10F3B00000A4781F0046C32323B24C00819F5E1631
:10F3C000001BB7006C2000807F300180002000808F
:10F3D00000B970472DE9F84F01218146214C224D9B
:10F3E000224E54E8003F2A68306844E80013002B9E
:10F3F000F7D11F494B684FF47A7BDFF878A01B1ACE
:10F4000001270BFB02F8DAF80020A3FB02325A4571
:10F4100094BF9044D84454E8003F2A68306844E8D8
:10F420000073002BF7D14B68DAF800C01B1A0BFBF6
:10F4300002F2A3FB0C3CBCF57A7F94BF624402F558
:10F440007A72A2EB0802B2F57A7F06D3B9F101090C
:10F4500008F57A78DFD1BDE8F88F01F027FB044981
:10F46000D9E700BF14890420108904200C890420E6
:10F47000001000E03C84042030B40F4B4FF0010C2E
:10F480000E4D0F4C53E8002F2868216843E800C256
:10F49000002AF7D10B4B5B680B4A5B1A4FF47A7169
:10F4A000126801FB00F0A3FB023230BC8A4294BF19
:10F4B00080184018704700BF148904201089042068
:10F4C0000C890420001000E03C840420362816D863
:10F4D0000201104B03EB00109B5810B4C2685C682B
:10F4E000144205D061B95DF8044BC3F88820704719
:10F4F000836851B1084A5DF8044B1A607047704741
:10F500005DF8044BC3F884207047044A5DF8044B4F
:10F510001A607047E4D7002038F00100383001004D
:10F52000362829D8164B0201012903EB00109A58FE
:10F5300010B45368C4680ED004290CD023EA040325
:10F5400053608368A9B1022917D003290CBF0D4A63
:10F550000D4A1A6007E0234301295360836808D0ED
:10F5600040F638021A60436815225DF8044B1A60B1
:10F57000704738221A60F6E77047044A1A60F2E7CB
:10F58000E4D70020383001003800010038F00100D5
:10F5900008B5F3F721FAF3F7F3FB01F087FAFAE77E
:10F5A000844641EA000313F003036DD1403A41D38E
:10F5B00051F8043B40F8043B51F8043B40F8043B4D
:10F5C00051F8043B40F8043B51F8043B40F8043B3D
:10F5D00051F8043B40F8043B51F8043B40F8043B2D
:10F5E00051F8043B40F8043B51F8043B40F8043B1D
:10F5F00051F8043B40F8043B51F8043B40F8043B0D
:10F6000051F8043B40F8043B51F8043B40F8043BFC
:10F6100051F8043B40F8043B51F8043B40F8043BEC
:10F6200051F8043B40F8043B51F8043B40F8043BDC
:10F63000403ABDD2303211D351F8043B40F8043B7C
:10F6400051F8043B40F8043B51F8043B40F8043BBC
:10F6500051F8043B40F8043B103AEDD20C3205D38C
:10F6600051F8043B40F8043B043AF9D2043208D084
:10F67000D2071CBF11F8013B00F8013B01D30B88F6
:10F6800003806046704700BF082A13D38B078DD0D4
:10F6900010F003038AD0C3F10403D21ADB071CBFA6
:10F6A00011F8013B00F8013B80D331F8023B20F810
:10F6B000023B7BE7043AD9D3013A11F8013B00F849
:10F6C000013BF9D20B7803704B7843708B788370D1
:10F6D0006046704702F07ABA01F1FF3C70B56646A9
:10F6E000002400E00134B0FBF2F502FB1503092B06
:10F6F00003F1370E03F130035FFA8EFE98BF5FFA15
:10F7000083FE9042284606F801EFEBD2631C0022EC
:10F71000C818CA547CB162461CF8015F10F8016D2C
:10F72000A1EB0C0302328CF80060013B521A057009
:10F7300023449A42EFDB084670BD00BF074A506A77
:10F74000936A19468446506A936A9942F9D184456E
:10F75000F7D1DB0B43EA4040704700BF00400D404B
:10F7600010498B6823F001138B608B68DB07FCD496
:10F770008B6B0C4A23F001038B63936BD907FCD48A
:10F78000C3030849400C53651065936B43F00103B4
:10F7900093638B6BDB07FCD58B6843F001138B60A5
:10F7A000704700BF00400D4072B6EFF30583524C26
:10F7B000C4F884301EF0040F0CBFEFF30882EFF39F
:10F7C00009824FF0E0234D4E4D4DD3F8280DD3F86C
:10F7D0002C1DC4E92201D3F8341DD3F8383DC4E907
:10F7E00024139369C4F89830D369C4F89C3000F0AE
:10F7F000D1F884ED280AFFF7A1FF0B214FF0FF326B
:10F80000C4F8A4000B46C4F880103E49301D5A408D
:10F81000202402F00103013C01FB03F383EA5202BE
:10F82000F7D1A84202D073680646EFE7324BC3F81F
:10F83000A820BFF34F8F4FF0E0233049324AC3F87E
:10F84000701FC3F8702FBFF34F8FBFF36F8F2F4A16
:10F8500002252F48D36E2F4943F44053D3660560E9
:10F86000D3692D4823F07F0343F04003D3610B6835
:10F8700083423DD8264D00214FF0E0234FF0FF3268
:10F8800029600126C5F808112449C5F80011C5F8FA
:10F890000861C3F88021C3F88421C3F88821C3F824
:10F8A0008C21C3F8902101E000F066F9D5F80C3105
:10F8B000002BF9D00134C5F80C614F2CF4D9184B4A
:10F8C000022018494FF00042C1F840015A63D5F8B0
:10F8D0000C313BB9144815490D4A0163D2F80C317B
:10F8E000002BFAD04FF0E023114AC3F80C2DFEE7AD
:10F8F000FFF7E0FBBEE700BF00FF272080FF2720C7
:10F90000A8FF27202083B8EDA0FF272000C00F40CC
:10F9100000400840E0650220803DCD0B009F2400A0
:10F9200000900D4000002E4000800F40F100AD0B14
:10F930000400FA050A490A6838B108B513180948DD
:10F94000834204D810460B6008BD1046704704F08F
:10F95000E7F90C234FF0FF320360104608BD00BFEB
:10F96000F86A022000002820002070474FF0FF3086
:10F97000704700BF4FF4005300204B60704700BF3A
:10F98000012070474FF0FF30704700BF30BFFDE7E8
:10F99000FFF70ABF124AD2F880305B07FBD5D2F8D6
:10F9A00080301048C3F30B230F4990ED007A07EE27
:10F9B000903A91ED006AB8EE477A0C4AF8EEE77A91
:10F9C0000B4BD2ED006A77EEC77A93ED007AB8EE72
:10F9D000477A67EE867A87EEA60A37EE400A7047C6
:10F9E00000810D402C8404203484042038840420B9
:10F9F00030840420836BF0B41BB1536843F400439C
:10FA0000536072B6446B3CB31A4B2260D3F8B041DA
:10FA10000C421DD1184E776804E07468E41BB4F5FD
:10FA2000166F0BD2D3F8404144F48044C3F84041F0
:10FA3000D3F8B851D3F840416404EED50D4007D156
:10FA40000C4CC0E90225D4F8B0310B43C4F8B031F6
:10FA5000426362B6F0BC7047064DC0E90224D5F897
:10FA6000B0310B43C5F8B0310263426362B6F0BCFB
:10FA7000704700BF00002E40001000E070B5056B1D
:10FA80009DB106462A46002403E012680134012A8B
:10FA90000CD0536813F08003F7D032632CB12846A2
:10FAA000B36B2D689847013CF9D170BDC6E90C33A2
:10FAB000F4E700BF30B4D9B91F4C204B0021204AD5
:10FAC00001254FF0011099601D60C4E902318024C6
:10FAD0005C60C2F8BC01D2F8B0311A482B43C2F8BE
:10FAE000B0310160D2F8B031002BFBD130BC70478F
:10FAF0000904154B104C012541F080019860104A13
:10FB0000596000F580511D60D96000F50051A36473
:10FB1000196100F5405100F580405961002198615C
:10FB2000E164D2F8B03143F48033C2F8B031D2F896
:10FB3000B031002BFBD1C0E700000020C0760220CE
:10FB400000002E4000820420E076022008490122B5
:10FB50000B7802FA00F023EA0000087030B9054A79
:10FB6000D2F8483123F08003C2F84831704700BF13
:10FB7000FD89042000002E402DE9F04F974C83B002
:10FB8000D4F84471FB07C4F8447153D5D4F8AC21C0
:10FB9000002A4AD0924EDFF860A2DFF87492DFF8B4
:10FBA00074B2DFF87482C4F8AC21D6E90A20D4F824
:10FBB000403143F40053C4F84031D4F840319D043F
:10FBC000F5D5D4F8403123F40053C4F840314FF058
:10FBD0000113C4F8B431D4F8B45115F00115FAD1B9
:10FBE00093B28446CAF80050B3F5086F00F0CF8195
:10FBF00000F2DB8040F202318B4200F0E78100F23C
:10FC00009A80822B00F0CB81B3F5817F40F08A800F
:10FC100010F0780F83B200F003824FF00113C4F8A4
:10FC2000C031D4F8AC21002ABDD16C4AD2F8BC3125
:10FC3000002B42D17E0616D5684BD3F8AC21C3F811
:10FC4000AC21D3F8BC21C3F8BC21D3F8B041002CBF
:10FC5000FBD14FF0FF32C3F8B421D3F8843100F068
:10FC600029FD604B1C60FC0103D55F4B1B6803B191
:10FC70009847B80103D55D4B1B6803B198477907D6
:10FC800008D5564BD3F8843113F4007347D0584B42
:10FC900001221A70514BD3F848311A060AD53B0697
:10FCA00008D5544A13782BB1013BDBB21370002BFB
:10FCB00000F0728203B0BDE8F08F4F49C2F8BC314A
:10FCC0000868034240F0D181464A14681C40B1D014
:10FCD0005FEA144810D0424E4FF0010998FAA8F597
:10FCE000B5FA85F506EBC51009FA05F54030FFF7C2
:10FCF000C5FE38EA0508F1D1A4B2002C9AD0384EDE
:10FD00004FF0010894FAA4F5B5FA85F506EBC51095
:10FD100008FA05F5FFF7B2FEAC43F3D18AE7344A9F
:10FD20001370B7E7802B7FF478AF34480221058049
:10FD3000FFF7C0FE75E7B3F5A06F00F00B81A3F5E8
:10FD4000D063012B3FF669AF2D4B5D68002D3FF46A
:10FD500064AF1FFA8CFC4FEA124E04E01D690C33AD
:10FD6000002D3FF45AAF1A887245F7D15A88624580
:10FD7000F4D14FEA1E22032A00F0A5811A89000C53
:10FD8000824228BF0246BEF5007F40F0A181184B99
:10FD90001C4918781C4B0192002818BF19461B48B3
:10FDA000FFF7FEFB194D019AE1E142F221218B425E
:10FDB0007CD033D942F221318B4200F081804FF662
:10FDC000C0018B427FF429AF10F47F4F83B27FF4E0
:10FDD00024AF43F46E4363F30F0CB5E700002E40ED
:10FDE0000000002004820420448904204889042063
:10FDF000038A0420048A042000820420F48304205F
:10FE0000106402209C2800600029006000A02720C8
:10FE1000F88104205DCFC6B8C0012E40B3F5106F45
:10FE200066D042F221018B427FF4F7AE030C072B20
:10FE30007FF4F3AEB24BB349F560D960B249B36019
:10FE4000C3F80890C1E9002001221A60AF4A5A6045
:10FE5000AF4A1A61D4F8B01141F00101C4F8B011F1
:10FE600002F5805102F5005259619A61D4F8B0311F
:10FE7000002BFBD1A74AF36493600123B2641360A3
:10FE800048F2800353604FF00113C4F8BC31D4F83A
:10FE9000B03143F48033C4F8B0314FF48033CAF842
:10FEA0000030D4F8B031002BFBD1BAE680B238B9BB
:10FEB000994BC2F307421968984B1960984B1A7016
:10FEC000944B00229A60F2640122B3641A6080228B
:10FED0005A604FF00113C4F8BC31D4F8B03143F488
:10FEE0008033C4F8B031D4F8B031002BFBD198E6A0
:10FEF000C2F307428B4B1A708B4BC4F8C8318B4B43
:10FF0000C4F8CC318A4BC4F8D03100F0D5FB802244
:10FF10002946884803F0CEFD874B8022C6F8A0B062
:10FF2000C6F8E0307B4BF5645A600122B3649D60F3
:10FF30001A604FF00113C4F8BC31D4F8B03143F467
:10FF40008033C4F8B031CAF80050D4F8B031002B77
:10FF5000FBD166E66F4B0121F564196080219D603D
:10FF6000B36459604FF00113C4F8BC31D4F8B03118
:10FF700043F48033C4F8B031D4F8B031002BFBD156
:10FF8000130C5B0643F08073C4F8543149E6654BAB
:10FF900001216A481B780370FFF78CFD41E683B2AC
:10FFA00010F078007FF439AE03F07F0258F8221089
:10FFB000624A1080180600F19E80CB0701D501230C
:10FFC000137002215D48FFF775FD2AE610F0780FE7
:10FFD00083B27FF422AE03F07F0213F0800F58F853
:10FFE000223014BF43F4803343F0010348F8223039
:10FFF0000022484BF2649A600122B3641A608022A6
:02000004600199
:100000005A604FF00113C4F8BC31D4F8B03143F456
:100010008033C4F8B031D4F8B031002BFBD100E606
:1000200003F07F0213F0800F58F8223014BF23F43E
:10003000803323F0010348F822300022354BF2646C
:100040009A600122B3641A6080225A604FF0011353
:10005000C4F8BC31D4F8B03143F48033C4F8B031C3
:10006000D4F8B031002BFBD1DBE500200860264935
:100070000C88486842F221018C427FF425AE80B2A0
:1000800000287FF421AE2E492E4C03C9A18086287A
:100090004FEA11412060A1717FF416AE72B62A4872
:1000A000017841F008010170D2F848110D0605D41D
:1000B00080200143C2F84401C2F8481162B6234AC5
:1000C0005021117000E6000C2A78824228BF0246B7
:1000D000BEF5E06F44D11E4B1E4D18781E491F4BD4
:1000E0000192002818BF19462846FFF759FA07233E
:1000F0006B70019A3BE0C9033FF561AF61E700BF58
:10010000E0760220F8910420807802208000070029
:10011000F8A10420C0760220108904204089042020
:10012000018A0420028A04200200CC00C8000200D8
:100130000200C800800000201993D574F4830420C5
:10014000F881042038890420FD890420048A0420D1
:10015000038A042000A02720002900609C2800605A
:100160002946104D01922846FFF71AFA019A25F008
:100170001F031544BFF34F8F4FF0E021C1F8703FCC
:1001800020339D42FAD8BFF34F8FBFF36F8F0548DE
:100190001146FFF78FFC44E50320FFF7D7FC0CF076
:1001A00047F800BF00A027202DE9F0471F46831E17
:1001B000022B01D9BDE8F087DFF84C9015460C46BC
:1001C0003C2209EBC01806464FEAC01A002108F18C
:1001D0000400240403F06EFCB5FA85F201235209F1
:1001E00044EA427449F80A40C8F83870C8F8083040
:1001F000002FDFD0034AB34011680B431360BDE802
:10020000F08700BF04820420000000202DE9F047A1
:100210000D46811E022901D9BDE8F087C701DFF82C
:100220004C909246044640373C2200211E4609EB82
:1002300007082D0408F1040003F03CFCBAFA8AF226
:10024000520945EA427249F807200122C8F838608D
:10025000C8F80820002EDFD0034B10341968A240E4
:100260000A431A60BDE8F0870482042000000020E1
:1002700012048160C36101F5405342F0800210B462
:100280000124426001F50052046001F5805401F53B
:100290008041C46081615DF8044BC0E9042370476C
:1002A000831E0A46022B00D97047064B00F110014D
:1002B0004FF0010C03EBC0100CFA01F14030FFF7D6
:1002C00099BB00BF00000020831E0A46022B00D904
:1002D00070470121024B814003EBC010FFF78ABB3E
:1002E0000000002040687047124A134BD2F82002E9
:1002F00020F07F40984210B584B002D200EB80001D
:1003000040000E4C01A90A22FFF7E6F901A90023DB
:10031000204611F8012B01333AB10A2B20F8022FA5
:10032000F7D11623237004B010BD5B00DBB223703D
:1003300004B010BD00441F40809698003471022024
:1003400000F0D8BA00F0CABA00F066BB00F03CBBBF
:100350000846114600F02CBBF8B5144C4FF0E025D0
:10036000134E4FF4003204EB4024124F06EB4016BC
:100370000346C5F88C2121463A883046FFF778FFBE
:100380003B882344BFF34F8FC5F85C4F2034A34212
:10039000FAD8BFF34F8FBFF36F8F03203146FFF7BB
:1003A00093FF4FF40033C5F80C31F8BD80A027202F
:1003B00000770220E8890420244B2DE9F0411C88B5
:1003C0004368C569C3F30E43E41A002C24DD2049B9
:1003D00020480A780078D3B21F4E82421F4807D0C7
:1003E00010F8038036F81870C7F50072944218D9D7
:1003F0000133002226F81540082B194E88BF1346FA
:1004000026F8152098BFDAB2C554164B0A701A6840
:1004100014441C60BDE8F0812846BDE8F041FFF7B8
:100420009BBF07EB4820104922462744084401EBB4
:100430004521FFF7B5F80B4A284626F818701368CF
:100440002344BDE8F0411360FFF786BFE88904202C
:10045000FB890420FC8904200084042020840420DB
:1004600010840420FC83042080A027201D4B1A78D0
:10047000002A36D102F0FF031B4A12788AB32DE915
:10048000F0411A4D2A8852B3194EC2F50068194F2F
:100490003278194C07EB421704EBC2244246384627
:1004A0002146FFF7E5FE04EB0802BFF34F8F4FF044
:1004B000E023C3F8704F2034A242FAD8BFF34F8F25
:1004C000BFF36F8F04203946FFF7EAFE337801331C
:1004D000DBB2032B88BF0023337000232B80BDE8E1
:1004E000F0817047008A0420028A0420EC890420ED
:1004F000FF8904200078022080B027202DE9F04FEA
:1005000085B0CDE90110002900F0BF800023604CC8
:10051000DFF89881DFF898A15E4F009301235E4ACF
:1005200023705E4B1978B8F8003002EB4119002BAC
:1005300040F0A7801E461D469B464846FFF7D2FE68
:1005400010F0800000F08C80BFF34F8F9AF80030DD
:1005500084F800B005B93E68002B7DD13B689B1B39
:10056000782B00F287804E4B1B78002B74D000F064
:100570009DFA0122B8F8003015462270002BDCD01D
:10058000464AC3F5006011781A4600EBC120454D7C
:10059000C9022844019D954217D20393DDE9015118
:1005A0002A46FEF7FDFF039B4FF040425B1BA8F875
:1005B00000303D4BC3F88420BFF34F8F00980023D9
:1005C0002844237005B0BDE8F08F364BCD18029952
:1005D000FEF7E6FF00234FF4006229464846FFF786
:1005E00047FEBFF34F8F05F1200205F500639342EC
:1005F00034BF012340234FF0E02205EB4313C2F840
:10060000705F2035AB42FAD1BFF34F8FBFF36F8FCE
:1006100004204946FFF744FE204A13780133DBB239
:10062000032B84BF00231D4A1370B8F80030019AD1
:10063000D11A009A1A4401910092029A1A44002396
:100640000292194AA8F80030C2F88430BFF34F8FE5
:10065000237000297FF462AF009805B0BDE8F08FE9
:100660004FF400620D4B8AF8000019781346A8F881
:1006700000208AE7012300988AF8003005B0BDE821
:10068000F08F1A46C3F500607FE70198E5E700BFE9
:10069000008A04201089042000780220FF890420A9
:1006A000028A042080B0272000002E40EC8904201C
:1006B000FE890420704700BF2D4B002180222D4869
:1006C00070B51B7800242C4D8B422C4E0CBF402360
:1006D0004FF400732B80338003F0ECF9284A214655
:1006E000284B14704FF4807227481C8003F0E2F905
:1006F000264A1021264B0220C2E90044C2E90244E6
:10070000244AC3E900441470234AC3E90244234B3A
:100710001C70234614602246FFF778FD224631887C
:1007200003201F4BFFF740FD2346012229880420A8
:10073000FFF76CFD20460134FFF70EFE082CF9D1BF
:10074000184B00214A221848184C0460C3F8841042
:10075000C3F88020D3F84821154942F08072C3F8CD
:10076000482121B1134A137843F00103137070BD7F
:10077000038A042000780220EE890420E8890420FE
:10078000FF890420EC8904200077022000840420E3
:1007900010840420FB890420FC830420FC890420AD
:1007A00049DA000000002E4044890420FDDA0000F0
:1007B00000000000058A04202DE9F04F4FF0E023EF
:1007C0004FF40032DFF8C8A083B0C3F88C218B4609
:1007D0009AF8004000294FD08046E4B20027DFF8A5
:1007E000B490264BABEB070225491B78A34204F1DA
:1007F00001043FD0092C234B404628BF00241E5D36
:1008000039F816C00CEB462319441F4B33F8165029
:10081000A5EB0C05AA421CD20CEB462C18491B4C2C
:1008200061440192FEF7BCFE216839F81650584623
:10083000019AA1EB0B012A44394429F816202160C2
:100840004FF0E0234FF40032C3F80C2103B0BDE8B1
:10085000F08F2A462F44FEF7A3FE0C49E3B2304640
:100860000A68A844521B0A608AF80030FFF774FD3A
:10087000BB45B6D83846E3E70846E1E7FB890420E4
:1008800080A027202084042000840420FC830420EE
:10089000FC890420108404200B4B0C4A1278197830
:1008A000D3B28A420DD0013309480A4A092B0A49BA
:1008B00028BF0023C35C31F8131002EB4323585CBC
:1008C00070474FF0FF307047FB890420FC890420FB
:1008D0002084042080A0272010840420044B10B51D
:1008E0001C680CB1204610BD00F0E0F8204610BD99
:1008F000FC8304202DE9F84F144E154D33782A78E7
:10090000934221D0DCB2DFF85090DFF850B0DFF82E
:100910005080104F0134082C5FFA84FA01D900246A
:10092000A24619F80400DBF8003038F8102037F838
:100930001010521A9B1ACBF80030FFF70DFD86F805
:1009400000A02B78A342E5D1BDE8F88FFC890420F4
:10095000FB8904201084042020840420FC830420CC
:100960000084042000B583B001210DF10700FFF7DA
:1009700023FF20B19DF8070003B05DF804FB4FF0A2
:10098000FF30F9E7094B00B583B01B788DF80700FD
:100990003BB101210DF10700FFF7B0FD03B05DF899
:1009A00004FB03F0FF0003B05DF804FB028A04209F
:1009B000044B1B7803F0FF020BB1FFF79FBD1046FD
:1009C000704700BF028A04202DE9F0410024DFF8BF
:1009D000448001230D4D27460D4E88F800303378B2
:1009E00028462035A34204F1010405D0FFF77AFC24
:1009F000030658BF07F50067042CF0D1BFF34F8FF3
:100A00000023384688F80030BDE8F08100780220E5
:100A1000FF890420008A04202DE9F8431D4B1B7830
:100A200013B11D4D2A880AB9BDE8F8831B4EC2F5E3
:100A300000691B4933784A461A4C01EB43181A4F98
:100A400004EBC324012340463B7021460023FFF7FB
:100A50000FFC04EB0902BFF34F8F4FF0E023C3F804
:100A6000704F2034A242FAD8BFF34F8FBFF36F8F7D
:100A700004204146FFF714FC33780133DBB2032B2B
:100A800088BF0023337000232B80BFF34F8F3B7050
:100A9000BDE8F883028A0420EC890420FF89042041
:100AA0000078022080B02720008A04202DE9F84336
:100AB0002D4B1E7866B12D4F3B784BB90123F107C2
:100AC0003B7043D4B20726D400233B70730701D494
:100AD000BDE8F883264B1A68002AF9D0EFF30582A7
:100AE000002AF5D1EFF3108572B61868002834D0CB
:100AF000204C2178002930D10122227042691A60ED
:100B0000002A2ED0916105B962B600258368457729
:100B100098472570DCE7DFF8648098F80030002BF8
:100B2000D2D00025DFF858902B4659F823400135E4
:100B3000236820461B69984710B163699B689847F2
:100B400098F80020EBB29A42EFD8BDE7FFF7C6FE57
:100B50000028B7D0AFF30080B4E7002DB8D162B65B
:100B6000B6E7054B1A60CEE7058A0420F789042012
:100B7000D87D0320F5890420E47D0320F689042034
:100B8000E87D032000230F2248F2B82C194610B547
:100B90004FF470444FF4806EA0F88C414FF46044E1
:100BA000A0F88E210A46A0F89031B0F888319BB2A7
:100BB00043F0F003A0F8883101EB4103013100EB71
:100BC000431304299C80A3F806E05A841A865A80AD
:100BD0005A81A3F80EC05A82DA825A83DA83EBD1A3
:100BE000B0F888319BB243F00F03A0F88831B0F819
:100BF00088319BB243F47063A0F8883110BD00BF08
:100C0000374B384A996F384841F47F0170B599677E
:100C100041F20106D3F8801045F6C05543F2260490
:100C20000A43C3F88020FFF7ADFF00F58040FFF7CF
:100C3000A9FF00F58040FFF7A5FF00F58040FFF712
:100C4000A1FF0022A0F503104FF00F0E114600EB9C
:100C500042134FEA421C01329981042A5981A3F8B8
:100C60000EE09E82DD8020F80C1019829C81EED16E
:100C700000221E484FF00F0E41F20106114645F6C4
:100C8000C05543F2260400EB42134FEA421C0132E6
:100C90009981042A5981A3F80EE09E82DD8020F814
:100CA0000C1019829C81EED1002211480F2641F2CE
:100CB0000105114645F6C05443F2260E00EB4213DF
:100CC0004FEA421C01329981042A5981DE819D82BA
:100CD000DC8020F80C101982A3F80CE0EED170BD76
:100CE00000C00F40000003FC00C03D4000001E405B
:100CF00000401E4008B5D0E900325BB1BAB10F4BDD
:100D0000A3FB0213DB0803EB4303B2EB83030AD11B
:100D1000012008BD094BA3FB0213DB0803EB4303CF
:100D2000B2EB830301D0D21A4260F02AF0D802F06D
:100D3000F7FF1C22034600201A6008BDABAAAAAA2E
:100D400070B5044638B319B1B2FA82F67609A2B981
:100D5000206800B36268F2B1184B194902FB03F333
:100D6000B1EBB30F17D3A368E3B9002201232260CC
:100D70006260A260E260184670BD1D46049BC0E937
:100D80000012C360FFF7B6FF03460028F3D06DB929
:100D90000123184670BD02F0C3FF16220023026033
:100DA000184670BD002102F085FEDEE7626831461C
:100DB0002068A56002F07EFE0123DCE7ABAAAAAAA8
:100DC0005555551508B52DED028BB0EE408A00F053
:100DD000B1FBB4EE488AF1EE10FA06D6DFED098ACF
:100DE000B4EEE88AF1EE10FA02D4BDEC028B08BD35
:100DF00002F096FF88EEA80ABDEC028B2123036067
:100E000008BD00BF0000000010EE103A40F22A4179
:100E1000C3F30A528A42B7EEC03A32D8B7EE000B9B
:100E20002D4B93ED4A2B93ED481BB0EE417BA2EE88
:100E3000037B17EE100A37EE417B00F01F0203EB35
:100E4000C20130B492EE037B93ED4C4B53F8324029
:100E50004D6893ED4E6B93ED505BA4EE076B27EE60
:100E6000074B00210A1905EBC033A5EE070B43EC35
:100E7000172BA6EE040B30BC20EE070BB7EEC00B11
:100E8000704713F5000F20D0B2F5FF6F1AD2DFEDD7
:100E9000137AB4EEE70AF1EE10FA10DCDFED107A07
:100EA000B4EEE70AF1EE10FA12D4DFED0E7AB4EEEA
:100EB000E70AF1EE10FAB1D5002000F00DBB0020DA
:100EC00000F010BB30EE000A70479FED070A704734
:100ED000002000F0FBBA00BF800200201772B14270
:100EE000B4F1CFC2CF8ECEC20000000010EE103A97
:100EF000B3F17E5F10EE102A38D0A3F50001B1F1F6
:100F0000FE4F36D2BFEE000B02F14043264903F5F7
:100F10004D03C3F3C34001EB001091ED404B91ED45
:100F2000445B91ED467B91ED426BD90DC90590ED87
:100F3000002B521A03EE902A90ED021BDB15B7EE40
:100F4000E33AA2EE030B03EE903A20EE002BA5EE5F
:100F5000007BB8EEE33BA6EE027BA3EE041B30EE73
:100F6000010BA2EE070BB7EEC00B70479FED0F0A07
:100F70007047590014D0B3F1FF4F14D0002B0BDB96
:100F8000B1F17F4F08D2DFED0A7A60EE277A17EED3
:100F9000903AA3F13862B5E700EE103A00F0BABA21
:100FA000012000F0A5BA7047C8030020000000002F
:100FB0000000004B0000000030B410EE103A2DEDA0
:100FC000028BA3F5000110EE902AB1F1FE4F10EE56
:100FD000104A82B04FEA42017CD201F1FF3C6FF02F
:100FE0008070844580F0F780002004F1404303F5D1
:100FF0004D03C3F3C342DB0DDB05E11ADB1507EE3E
:10100000903AB14B03EB021292ED003B04EE101A42
:10101000B7EEE06AB7EEC44ABFEE000BA3EE040BD6
:1010200093ED443B20EE001B93ED464B93ED402B9C
:10103000A0EE034B93ED425B93ED483BA0EE025BC9
:1010400021EE012B92ED028BB8EEE77B37EE087BA9
:10105000A0EE037BA1EE047BA5EE027B26EE077BD0
:1010600017EE903A48F2BF01C3F3CF338B4250D210
:10107000B7EE000B954B93ED402B37EE023B13EE92
:10108000102A33EE423B02F01F01821803EBC1002D
:1010900093ED424B37EE437B53F83140456893ED77
:1010A000446B93ED465BA7EE046B27EE074B0023E2
:1010B000181905EBC231A7EE050B41EC170BA6EE94
:1010C000040B20EE070BB7EEC00B02B0BDEC028B99
:1010D00030BC70474D1E6FF08070854280F0CE802E
:1010E00059004D1E854280F09280002B55DB002078
:1010F000B4F5000FBFF479AFDFED757A07EE103A63
:1011000067EE277A17EE904A24F00044A4F1386481
:101110006BE79FED656BB4EEC67BF1EE10FA15DC64
:101120009FED636BB4EEC67BF1EE10FA20DD4FF05D
:101130004C5388B10193DDED016ABFEE006A76EE93
:10114000666AF4EE466AF1EE10FA11D002B0BDEC18
:10115000028B30BC00F0C6B90093DDED006AB7EE3B
:10116000006A76EE866AF4EE466AF1EE10FAEDD188
:101170009FED516BB4EEC67BF1EE10FA57D99FED9F
:10118000506BB4EEC67BF1EE10FA7FF571AF02B092
:10119000BDEC028B30BC00F09FB9C2F3C7517E2971
:1011A00011DD962954DC0120C1F1960100FA01F10C
:1011B000481E104207D1114214BF01200020000434
:1011C00024F0004494E700EE103A02B0BDEC028B2C
:1011D00030BC00F09FB9002952D0B3F17E5F2CD013
:1011E0006400B4F17F4F2ED8B1F17F4F2BD1B4F111
:1011F000FE4F4BD0B4F1FE4F6FEA020234BF002421
:101200000124D20F94424CD09FED320A5DE7002BAF
:1012100020EE000A1EDB002000293AD1002ABFF68A
:1012200054AF02B0BDEC028B30BC00F061B902B02B
:10123000BDEC028B30BC00F049B982F48002520050
:1012400012F5000F22D907EE903A37EEA00A3CE7DC
:101250000020B5E7C2F3C753A3F17F001728DAD8FF
:10126000C3F19600012303FA00F0441E1442D2D1C8
:101270001040D1D0B1EE400A1846CDE70029AFD1D9
:1012800084F48002520012F5000FDCD8B7EE000A99
:101290001BE7002ABFF619AFF7EE007A87EE800A47
:1012A00013E720EEA00A10E771D5D1FFFFFF5F40E2
:1012B000E2AAA3FFFFFF5F400000000000C062C081
:1012C0000000000000A062C0D805002080020020BD
:1012D0000000004B0000000038B510EE104AC4F3C7
:1012E0000A53B3F57D7FB7EEC07A1ED227EE077B97
:1012F000B3F5667F6FD327EE071B634B93ED142B7B
:1013000093ED125B93ED0E3BA7EE025B93ED0C0B9E
:1013100093ED104BA7EE030B27EE017BA1EE040B20
:10132000A5EE070BB7EEC00B38BD40F22E4293423C
:1013300054D8554991ED086B27EE066BFDEEC66B50
:1013400091ED0A5B16EE903A03F500031B1613F0BD
:10135000020F06EE903A01F1700208BF0A46D80764
:10136000B8EEE66BA6EE457B27EE076B1AD503F0C9
:10137000030301EBC30191ED002B92ED1A4B92EDAB
:10138000185B92ED163BA6EE045B27EE027B27EE80
:10139000064B26EE046BA4EE037BA5EE067BB7EEB0
:1013A000C70B38BD92ED142B92ED127B92ED0E3BE4
:1013B00092ED0C0B92ED104B26EE065BA6EE027B37
:1013C000A6EE030B26EE056BA5EE040BA7EE060BAF
:1013D000B7EEC00B38BDB7EE000A38BDB3F5FF6FEE
:1013E0003DD22A4BC4F3836203EB820053F82220E0
:1013F0000569C4F31603C4F3C25143F400038B40E0
:10140000016A03FB02F2A3FB0110E3FB050202F1F8
:1014100000518D0F01F04041511A00F023FA1C4B8E
:101420009FED177B05EBD47441EC160B14F0020F03
:10143000A3F1700208BF1346E90726EE077B27EEEB
:10144000076B10D504F0030402EBC40292ED002BED
:1014500093ED1A4B93ED185B93ED163B93E7BDE8C4
:10146000384000F057B893ED142B93ED127B93EDB9
:101470000E3B93ED0C0B93ED104B9DE7AFF300800B
:10148000182D4454FB21193C00070020B015002002
:101490007007002010B582B08DED010A044602F0FD
:1014A0003FFC9DED010A046002B010BD30B1F1EEC9
:1014B000407A27EE800A2220FFF7ECBFF0EE407A58
:1014C00027EE800A2220FFF7E5BF00BF9FED010A4B
:1014D000FFF7ECBF000000109FED010AFFF7E6BF29
:1014E0000000201A9FED010AFFF7E0BF0000007026
:1014F0009FED070AFFEE007AB7EE007A00284FF062
:10150000220047FE277A87EE800AFFF7C3BF00BF9D
:101510000000000070EE407AB4EE400A87EEA77A31
:10152000F1EE10FAB0EE470A02D62120FFF7B2BF63
:10153000704700BFB1EEC00A704700BF03460846BF
:10154000194601F0E3BF00BF81F0004102E000BF97
:1015500083F0004330B54FEA41044FEA430594EA73
:10156000050F08BF90EA020F1FBF54EA000C55EAAE
:10157000020C7FEA645C7FEA655C00F0E2804FEA7F
:101580005454D4EB5555B8BF6D420CDD2C4480EA61
:10159000020281EA030382EA000083EA010180EA91
:1015A000020281EA0303362D88BF30BD11F0004FDF
:1015B0004FEA01314FF4801C4CEA113102D0404215
:1015C00061EB410113F0004F4FEA03334CEA133350
:1015D00002D0524263EB430394EA050F00F0A78068
:1015E000A4F10104D5F1200E0DDB02FA0EFC22FA63
:1015F00005F2801841F1000103FA0EF2801843FA57
:1016000005F359410EE0A5F120050EF1200E012A47
:1016100003FA0EFC28BF4CF0020C43FA05F3C01885
:1016200051EBE37101F0004507D54FF0000EDCF1FE
:10163000000C7EEB00006EEB0101B1F5801F1BD3A7
:10164000B1F5001F0CD349085FEA30004FEA3C0CAB
:1016500004F101044FEA445212F5800F80F09A80A1
:10166000BCF1004F08BF5FEA500C50F1000041EBA5
:10167000045141EA050130BD5FEA4C0C404141EBA9
:101680000101013C28BFB1F5801FE9D291F0000FA4
:1016900004BF01460020B1FA81F308BF2033A3F153
:1016A0000B03B3F120020CDA0C3208DD02F1140C4A
:1016B000C2F10C0201FA0CF021FA02F10CE002F185
:1016C0001402D8BFC2F1200C01FA02F120FA0CFC7E
:1016D000DCBF41EA0C019040E41AA2BF01EB0451C7
:1016E000294330BD6FEA04041F3C1CDA0C340EDCC5
:1016F00004F11404C4F1200220FA04F001FA02F308
:1017000040EA030021FA04F345EA030130BDC4F1C5
:101710000C04C4F1200220FA02F001FA04F340EABA
:101720000300294630BD21FA04F0294630BD94F06B
:10173000000F83F4801306BF81F480110134013D52
:101740004EE77FEA645C18BF7FEA655C29D094EAC3
:10175000050F08BF90EA020F05D054EA000C04BF41
:101760001946104630BD91EA030F1EBF002100202C
:1017700030BD5FEA545C05D14000494128BF41F0CB
:10178000004130BD14F580043CBF01F5801130BD2F
:1017900001F0004545F0FE4141F470014FF00000BA
:1017A00030BD7FEA645C1ABF194610467FEA655C6B
:1017B0001CBF0B46024650EA013406BF52EA03350D
:1017C00091EA030F41F4002130BD00BF90F0000FFB
:1017D00004BF0021704730B54FF4806404F1320437
:1017E0004FF000054FF0000150E700BF90F0000FF0
:1017F00004BF0021704730B54FF4806404F1320417
:1018000010F0004548BF40424FF000013EE700BFE6
:1018100042004FEAE2014FEA31014FEA02701FBF76
:1018200012F07F4393F07F4F81F06051704732F0A8
:101830007F4208BF704793F07F4F04BF41F40021FF
:10184000704730B54FF4607401F0004521F000415D
:101850001CE700BF50EA010208BF704730B54FF0E7
:1018600000050AE050EA010208BF704730B511F0E8
:10187000004502D5404261EB41014FF4806404F120
:1018800032045FEA915C3FF4D8AE4FF003025FEAA6
:10189000DC0C18BF03325FEADC0C18BF033202EB2A
:1018A000DC02C2F1200300FA03FC20FA02F001FA84
:1018B00003FE40EA0E0021FA02F11444BDE600BF27
:1018C00053B94AB9002908BF00281CBF4FF0FF31A7
:1018D0004FF0FF3000F070B9ADF1080C6DE904CEA7
:1018E00000F006F8DDF804E0DDE9022304B07047FB
:1018F0002DE9F047089E0D4604460F46002B4AD1BD
:101900008A42944665D9B2FA82F343B102FA03FCE3
:10191000C3F120029F4020FA02F217439C404FEA95
:101920001C4E1FFA8CF5B7FBFEF1220C0EFB117753
:1019300042EA074201FB05F090420AD91CEB020281
:1019400001F1FF3780F01C81904240F21981023989
:101950006244121AA4B2B2FBFEF00EFB102244EA5B
:10196000024400FB05F5A5420AD91CEB040400F172
:10197000FF3280F00781A54240F2048164440238BE
:1019800040EA0140641B00211EB1DC400023C6E98F
:101990000043BDE8F0878B4208D9002E00F0ED80AF
:1019A0000021C6E900050846BDE8F087B3FA83F1D7
:1019B000002949D1AB4202D3824200F2F880841A56
:1019C00065EB030201201746002EE2D0C6E900476E
:1019D000DFE702B9FFDEB2FA82F3002B40F090801D
:1019E0008A1A4FEA1C471FFA8CFE0121B2FBF7F559
:1019F00007FB1520220C42EA00420EFB05F0904244
:101A000008D91CEB020205F1FF3802D2904200F225
:101A1000CB804546121AA4B2B2FBF7F007FB1022A6
:101A200044EA02440EFB00FEA64508D91CEB040460
:101A300000F1FF3202D2A64500F2BB801046A4EBB3
:101A40000E0440EA05409FE7C1F120078B4022FACF
:101A500007FC4CEA030C05FA01F420FA07F3FD40F9
:101A60004FEA1C492343B5FBF9F81FFA8CFE09FB2A
:101A700018551C0C44EA054408FB0EF5A54202FA71
:101A800001F200FA01F00BD91CEB040408F1FF3A53
:101A900080F08880A54240F28580A8F10208644465
:101AA000641B9DB2B4FBF9F309FB134445EA0444FB
:101AB00003FB0EFEA64508D91CEB040403F1FF3519
:101AC0006CD2A6456AD9023B644443EA0843A3FBAF
:101AD0000295A4EB0E04AC42C846AE4656D353D092
:101AE00056B1B0EB080264EB0E0404FA07F7CA40E3
:101AF000CC401743C6E9007418460021BDE8F087C2
:101B0000C3F1200102FA03FC20FA01F225FA01F1E7
:101B10009D402A434FEA1C471FFA8CFEB1FBF7F0A9
:101B200007FB1015110C41EA054100FB0EF58D4233
:101B300004FA03F408D91CEB010100F1FF382FD29D
:101B40008D422DD902386144491B92B2B1FBF7F5A1
:101B500007FB151142EA014205FB0EF1914208D93B
:101B60001CEB020205F1FF3816D2914214D9023D56
:101B70006244521A45EA004138E73146304608E7E8
:101B80003946E6E61046FBE64845A9D2B9EB02081D
:101B900065EB0C0E013BA3E74546EAE72B4694E7CD
:101BA0004046D1E7D0467BE7023D624432E7084633
:101BB0000AE76444023842E7704700BF024B01461F
:101BC000186800F00BB800BF88700220024B014675
:101BD000186802F01FBC00BF887002202DE9F04F8A
:101BE00001F10B06162E83B0044624D8102900F20A
:101BF000BA8000F0A3FA102618220220B54F3A440A
:101C0000A2F1080153688B4200F0BA805A68D96883
:101C100022F003021A449D68E9608D60516841F02A
:101C200001012046516003F1080500F08DFA2846B5
:101C300003B0BDE8F08F36F0070600F19480B142A2
:101C400000F2918000F07AFAB6F5FC7FC0F09A813C
:101C5000730A00F08F80042B00F26F81B30903F147
:101C6000390003F1380CC3009A4F3B44A3F1080537
:101C70005B689D4206D10CE0002980F22781DB6879
:101C80009D4206D05A6822F00302911B0F29F3DD12
:101C900060463D69DFF850C265457CD06A6822F035
:101CA0000302931B0F2B00F37B81002BC7E904CCAD
:101CB00080F26C81B2F5007F80F01A81D3087968D8
:101CC00001334FEA521E012202FA0EF20A4357F87C
:101CD00033E0C5F808E007EBC3010839E9607A6032
:101CE00047F83350CEF80C508310012199409142AF
:101CF00057D8114206D120F003004900114200F1EB
:101D00000400FAD007EBC0094D468646D5F80C8092
:101D1000454508D11DE1002B80F22481D8F80C80C4
:101D2000454500F01681D8F8042022F00302931BE9
:101D30000F2BF0DD2046D8E9025408EB060146F0EF
:101D40000106C8F80460EC60A56043F00104C7E92F
:101D50000411C1E902CC4C6048F8023000F0F4F9FB
:101D600008F1080502E00C2323600025284603B093
:101D7000BDE8F08F4FF4007340204FF03F0C73E745
:101D8000D3689A4208BF02307FF440AF3D69DFF864
:101D900058C1654582D17A688310012199409142EA
:101DA000A7D9BD686B6823F003094E4503D8A9EB9A
:101DB00006030F2B7ADCDFF834B1474BDBF8002049
:101DC0001B680132334405EB090A00F0338103F547
:101DD00080530F3323F47F6828F00F0841462046D4
:101DE00001F076FF411C024600F0F380824500F2CC
:101DF000EE803A4B196841441960084600F04E8164
:101E0000DBF80010019301311BBFA2EB0A01091896
:101E1000CBF80020196012F0070B00F01781CBF10E
:101E200008010A44CBF5805190440831A1EB080128
:101E3000C1F30B0A51462046009201F049FF421CB3
:101E4000DDE9002300F04F81801A00EB0A081968D1
:101E5000BA6048F001005144BD425060196000F082
:101E60002981B9F10F0F40F227816868A9F10C0CA4
:101E70002CF0070C00F0010040EA0C0068604FF005
:101E8000050E05EB0C00BCF10F0FC0E901EE00F2EE
:101E9000328150681546124B1A688A4238BF196061
:101EA000104B1A688A4238BF196094E0AA1943F0AF
:101EB000010346F001066E602046BA60536000F0F0
:101EC00043F90835284603B0BDE8F08FD9681A44B5
:101ED000A1E600BF6C6C022014800320E47F032085
:101EE0000C80032010800320746C02207470022088
:101EF000B2F5206F4FEA522363D3142B00F2B78060
:101F000003F15C01C9005B3307EB010E7958AEF1B8
:101F1000080E8E4500F091804B6823F00303934236
:101F200002D989688E45F7D1D1F80CE07A68C5E905
:101F3000021ECEF80850CD60D6E6142B59D9542B8A
:101F400000F29D80330B03F16F0003F16E0CC300B0
:101F50008AE60EF1010E1EF0030F05F108057FF46D
:101F6000D5AE51E0424445465368D8F80C1043F0D2
:101F70000103536055F8083F2046D9608B6000F09C
:101F8000E3F8F3E6F00806F1080237E62A442046B3
:101F9000536843F001035360083500F0D5F8E5E6D7
:101FA000A919204646F0010643F001046E60C7E916
:101FB0000411C1E902CC4C60AB5000F0C5F8083503
:101FC000D4E6930903F13901C90038339CE7BD42D7
:101FD0005FD0BD68686820F003084645A8EB06039B
:101FE00002D80F2B3FF762AF204600F0ADF8002576
:101FF000BCE603F15C0003F15B0CC30034E659F866
:1020000008394B4540F0968010F0030F00F1FF3087
:10201000F5D17B6823EA01037B60490099423FF6D2
:10202000C0AE19B9BDE649000EF1040E1942FAD04E
:10203000704667E603F11008D0E69A104FF00108E9
:102040007B6808FA02F21A437A6070E702EB080133
:102050004942C1F30B0A51462046009201F038FE76
:10206000431CDDE900237FF4EFAEDA46EFE6542BA4
:1020700025D8130B03F16F01C9006E3344E7B3F5A4
:10208000AA7F25D8F30B03F1780003F1770CC30086
:10209000EAE5294B186840441860B1E6CAF30B0C16
:1020A000BCF1000F7FF4ACAEBD68C84448F001003D
:1020B0006860F0E61546EEE60123536094E7B3F559
:1020C000AA7F23D8D30B03F17801C90077331BE72C
:1020D00040F25452934223D8B30C03F17D0003F134
:1020E0007C0CC300C0E5ABF1080BD844A8EB020898
:1020F0004FF0000AABE605F108012046009302F01C
:1021000089F9BD68009B68681968C4E640F25451BB
:102110008B420BD8930C03F17D01C9007C33F3E6AD
:102120004FF47E737F204FF07E0C9DE54FF47E715F
:102130007E23E9E67B6870E7E47F0320014801F035
:102140001DBE00BFDC7F0320014801F019BE00BFA7
:10215000DC7F032010B4044C03460A4620685DF877
:10216000044B194600F002B8887002202DE9F84FA0
:102170001746002900F098800C4607F10B058046B1
:10218000FFF7DCFF162D54F8041C5BD810252A46F7
:10219000AF425CD821F003069642A4F1080962DA46
:1021A000BC4BD3F808C009EB0600844500F09780CB
:1021B000D0F804C02CF0010303445B68DB0768D44B
:1021C0002CF0030C06EB0C03934247DACB0710D438
:1021D00054F8083CA9EB030ADAF8043023F00301B1
:1021E0008C44B444944580F211817318934280F278
:1021F000E88039464046FFF7F1FC0746E0B154F865
:10220000043C23F001034B44A0F10802934200F088
:10221000D280321F242A00F2F580132A00F2AC800B
:1022200003462246116819605168596092689A60A5
:102230002146404602F0EEF84046FFF785FF38465B
:10224000BDE8F88F25F00705002D2A46A0DA0C23FB
:10225000C8F8003000273846BDE8F88F1E46D0E9A0
:102260000223D3609A60731B0F2B22D8D9F8043055
:1022700003F0010333434E44C9F80430736843F05C
:102280000103736040462746FFF75EFF3846BDE80E
:10229000F88FC907ADD454F8083CA9EB030ADAF863
:1022A000041021F00301A0E7BDE8F84F1146FFF745
:1022B00095BCD9F8042009EB050102F001024E4457
:1022C00043F001032A43C9F804204B60736843F0CC
:1022D000010308317360404602F09CF8D2E7DCF855
:1022E000040020F0030B06EB0B0C05F110008445F5
:1022F0004DDAC9073FF57DAF54F8081CA9EB010A78
:10230000DAF8041021F003018B44B34458453FF739
:102310006CAF5746DAF80C1057F8080F321F242A12
:10232000C160886000F2DB80132A40F2D680216809
:10233000CAF808106168CAF80C101B2A00F2DF8086
:1023400008340AF110022168116061685160A168C7
:1023500091600AEB0501ABEB050242F001029960C6
:102360004A60DAF8043003F001032B434046CAF810
:102370000430FFF7E9FE6EE723680360636843609B
:102380001B2A68D804F1080200F108034AE709EBA8
:1023900005029A60ACEB050343F00103536054F867
:1023A000043C03F001032B43404644F8043CFFF790
:1023B000CBFE27464FE750F8043C23F003031E44AE
:1023C00051E75746DAF80C1057F8080F321F242A45
:1023D000C16088604CD8132A48D92168CAF808100F
:1023E0006168CAF80C101B2A56D808340AF110028A
:1023F0001E462368136063685360A3689360D146E8
:102400003C4630E7214601F0D9FA11E7D0E9021342
:102410005746CB60996057F8081FDAF80C30CB604C
:10242000321F242A99602DD8132A29D92368CAF883
:1024300008306368CAF80C301B2A42D808340AF105
:10244000100322681A6062685A60A2689A60664641
:10245000D1463C4607E7A3688360E368C360242A4B
:1024600026D004F1100200F11003DBE63A46BFE784
:10247000214638461E46D14601F0A0FA3C46F2E617
:102480003B46DEE7214638466646D14601F096FADD
:102490003C46E8E66C6C0220A168CAF81010E168BE
:1024A000CAF81410242A20D010340AF118029FE729
:1024B000236903616169416104F1180200F11803A5
:1024C000B0E6A368CAF81030E368CAF81430242ACA
:1024D00021D010340AF11803B3E73A4633E7214616
:1024E000384601F06BFA164B33E72269CAF8182018
:1024F0006269CAF81C2018340AF1200278E7A16842
:10250000CAF81010E168CAF81410242A0DD010344B
:102510000AF1180217E72369CAF818306369CAF884
:102520001C3018340AF120038BE72269CAF81820FE
:102530006269CAF81C2018340AF1200203E700BFC0
:102540006C6C0220000000002DE9F04F2DED108B87
:1025500097B08A4600210792129100220021CDE90E
:1025600004128046514611910F4611F8012B2D2A75
:102570005ED801A050F822F0A9FD0000C1FC0000C7
:10258000C1FC0000C1FC0000C1FC0000C1FC000057
:10259000C1FC0000C1FC0000C1FC0000F7FB000012
:1025A000F7FB0000F7FB0000F7FB0000F7FB000063
:1025B000C1FC0000C1FC0000C1FC0000C1FC000027
:1025C000C1FC0000C1FC0000C1FC0000C1FC000017
:1025D000C1FC0000C1FC0000C1FC0000C1FC000007
:1025E000C1FC0000C1FC0000C1FC0000C1FC0000F7
:1025F000C1FC0000C1FC0000F7FB0000C1FC0000B2
:10260000C1FC0000C1FC0000C1FC0000C1FC0000D6
:10261000C1FC0000C1FC0000C1FC0000C1FC0000C6
:10262000C1FC0000E3030100C1FC0000CF03010076
:1026300000210991302A7DD0002308932F2A1446C7
:1026400040F2CD844FF0000938464E464D4612E028
:102650000130082D1190C8BF09EB89090478C6BF65
:1026600002EB4902A2F13009A3F130062F2C05F14B
:10267000010522466FDD06EB8603392C02EB43038E
:10268000E6DD9F49012201F067FA002837D1119B4E
:102690001A46013311935478002D40F04385302CB5
:1026A00040F02485C3F101029818013311931C787E
:1026B000302CF9D0A4F13103082B00F20183119FD3
:1026C000431CA4F1300B0B930125BC464FF0000EC8
:1026D00006EB86060BEB460600200CF10103119376
:1026E0009CF80140A4F13001092900F2BB820130BD
:1026F0008B46002940F04F84DDF844C0EDE7002010
:10270000652CAE460B90844601D0452C30D1002D6F
:102710006BD1089B034367D1079B9FED778B13B168
:10272000079BC3F800A0B0EE480B17B0BDEC108BB0
:10273000BDE8F08F7A7802F0DF02582A00F00C84AE
:10274000013711973A78302AFAD0002A00F0B78082
:102750000123089372E76A49012201F0FDF900287C
:1027600000F0C080AE464FF0000CCDF82CC06046A3
:102770004FF0000B002D7ED007EE906A0B9BB8EE59
:10278000677BABEB0303BEF1000F08BFAE46102D15
:102790000A932B46A8BF1023092D8DED047B0CDD79
:1027A000584A02EBC30212ED125B06EE909AB8EEA5
:1027B000666BA7EE056B8DED046B0F2D00F3A88003
:1027C0000A9A002A00F0E4830A9A40F33C83162A0E
:1027D00040F398840A99C5F125028A4280F2A684C2
:1027E0000A9AEB1A134499E00025DDF844A00AF197
:1027F000010311939AF801402B2C00F05E822D2CDE
:1028000000F0F78100230A93A4F13003092B00F2B2
:10281000EB81302C05D1119B013311931C78302CA6
:10282000FAD0A4F13103082BA2D8119A0C92531CB0
:102830001193A4F1300B54782F2C07DCDEE3013325
:1028400011934C782F2CA2F1300B06DD0BEB8B0291
:10285000392C194604EB4202F1DD0C9A9B1A082B25
:1028600040F3CC8344F61F6B0A9B002B82D0CBF144
:10287000000B002D80D1089B034320D1BCF1000F39
:102880007FF44AAF692C00F0CF8300F3F382492C28
:1028900000F0CA834E2C7FF43FAF1B4911A802F011
:1028A000DBF900283FF438AF119B1B78282B00F090
:1028B000F284164801F00CFDB0EE408B01E09FED74
:1028C0000E8B079A0AB1119B1360099B002B3FF4F2
:1028D0002AAFB1EE488BB0EE480B17B0BDEC108BB1
:1028E000BDE8F08F119B0B905A1C11925C78AE469C
:1028F000F8E600BFAFF30080000000000000000019
:1029000004DE00201005002004180020FC0C00202C
:102910000A9AEB1A1344002B40F3B08213F00F0114
:102920000AD0C34A02EBC1029DED046B92ED007B1D
:1029300027EE067B8DED047B33F00F0240F03882EA
:102940000023089300962B4672463946404602F013
:102950000FFB8146002800F0E1820B9BA3EB0B0BE1
:102960000A9B9FEDA9EB002B9FEDA9CB9FEDAADB66
:102970009FEDABBBB4BF5A4600224FF0000A23EADA
:10298000E3730B920C935446D9F80410404602F0BE
:102990006DFA0646002800F00E81D9F810209DED52
:1029A000048B0232920009F10C010C30FCF7F8FDA7
:1029B000B0EE480B14AA13A9404602F095FE1290FF
:1029C000002800F0E4800121404602F079FB044633
:1029D000002800F0F080139A002AC0F2DE800B9BE2
:1029E0000C9F02EB030B089B149DD21A2A44914BB7
:1029F000013A9A42C5F1360580F29880991A1F294A
:102A0000A5EB010500F3E380012202FA01F30D9327
:102A100000230E932F44089B5D44AB455A461F4448
:102A2000A8BF2A46BA42A8BF3A46002A03DDAD1A1B
:102A3000BF1AABEB020B0B9B002B00F38880002D21
:102A400000F39C800A9B002B00F3B780002F00F35B
:102A5000A980BBF1000F08DD21465A46404602F02E
:102A60006BFC0446002800F0A680129932464046CE
:102A700002F0FCFC8246002800F09D800023C5681F
:102A8000C360214602F0D0FC0028C0F2C78300F0EA
:102A900061832146504602F091FEB0EE007BB4EE19
:102AA000C70BF1EE10FA46D8002D00F0CB80B7EE40
:102AB000009B0598604B00226049DFF884C100EA62
:102AC0000107674500F0D480089959B1B7F1D46F78
:102AD00008D8B4EECB9BF1EE10FA40F2568103F128
:102AE000D661CB1BB0EE480B43EC1A2B02F068FD0D
:102AF000AAEE008B8DED048B18EE903A089A22B95D
:102B00004E4A1A40974200F0E4801299404602F083
:102B1000D3F93146404602F0CFF92146404602F053
:102B2000CBF95146404602F0C7F92DE701230021B9
:102B3000CDE90D316EE7B6EE009B20EE099B002D2E
:102B40005FD1B1EE497B059853EC172BB4E72146D2
:102B50001A46404602F090FB044660B30146129AC2
:102B6000404602F0DBFA30B30F901299404602F073
:102B7000A3F90F9A1292002D7FF764AF12992A469B
:102B8000404602F0D9FB129000287FF45BAF22236D
:102B90009FED258BC8F80030BCE00C9BDDF82CB015
:102BA0009F1A20E731463A46404602F0C5FB0646EA
:102BB00000287FF44EAF1298E9E731460C9A404660
:102BC00002F05AFB064600287FF440AFF3E7C2F15B
:102BD0007F4202F57F0202F57B420121E23201FAD7
:102BE00002F3CDE90D1315E7CDF844A04FF0000B2B
:102BF000C0E501230A930AF1020311939AF80240F7
:102C000002E6B0EE497B9EE79535A094FFFFCF3FEB
:102C10009535A094FFFFDF3F35E5AF350000E03F7D
:102C20000000C0FFFFFFDF41000000000000F07F58
:102C30001005002002FCFFFF0000F03F0000F07FC5
:102C40000000E07FDDE90412002900F08580DDE965
:102C50000412012900F0D8811046B74BB7EE009B53
:102C6000002229E7652C4FF0010C3FF4BEAD4CE586
:102C700043EC1A2BA0F1547305939DED04FBB0EEC9
:102C80004F0B02F09DFCAD49AAEE00FB1FEE903AFF
:102C9000AB4A194091428DED04FB72D9A94B18EE55
:102CA000902A9A4203D118EE103A013383D0A54AF4
:102CB0004FF0FF33CDE9043227E700230A939AE768
:102CC000652C00F0D080452C00F0CD804FF0010C39
:102CD000D1E551EC190B0D9309F070FAFEF7C2FD26
:102CE000049B1D430D9B41EC170BC3F313031D43C2
:102CF00039EE479B00F0A080B4EECC9BF1EE10FAC9
:102D000005D4B4EECD9BF1EE10FA7FF7FEAE9DED4B
:102D1000048B12980146404602F0CEF831464046F8
:102D200002F0CAF82146404602F0C6F8494640463D
:102D300002F0C2F85146404602F0BEF8C1E5012259
:102D40000992791C11917A78002A3FF4E5AC0F467C
:102D500070E400220992F4E7C2F313031046002B3B
:102D60007FF47BAFB7EE007BB4EEC70BF1EE10FA49
:102D700000F1D381B6EE009B20EE099BB1EE497BBA
:102D8000E2E603F154730593B8E6BCEEC99B19EE75
:102D9000103A012B38BF012309EE103AB8EE499BD7
:102DA000002D40F03E81B1EE497B53EC172B96E6A7
:102DB000B2F59A7F00F3B280102A4FEA221340F353
:102DC0008682614C9DED047B00202246014613F073
:102DD000010F01F101014FEA630304D092ED006B92
:102DE000012027EE067B012B02F10802EFD108B18A
:102DF0008DED047B059BA3F15473059304EBC10493
:102E00009DED046B94ED007B4C4B27EE067B17EE9B
:102E1000902A4E4913408B428DED047B7ED8A1F55C
:102E200080118B4240F2D681464C4FF0FF33CDE902
:102E300004340023089385E5B4EECE9BF1EE10FA3E
:102E40007FF563AE63E71632FFF662AD0B9BA3EB33
:102E50000B0B3F4B03EBCB0393ED007B9DED046B22
:102E600086EE078B2DE54FF0000ECDF82CE04FF0ED
:102E7000010C4EE46E2C3FF410AD4DE43FF460AD18
:102E80005B4213F00F010AD0314A02EBC1029DED03
:102E9000046B92ED007B86EE077B8DED047B1B11AE
:102EA0003FF44EAD1F2B33DC13F0100218BF6A2223
:102EB0009DED047B0892274A0021D80704D592EDA6
:102EC000006B012127EE067B5B1002F10802F4D1B2
:102ED00009B18DED047B089B93B1DDE90401C1F3D9
:102EE0000A52C2F16B03002B0ADD1F2B40F32F8225
:102EF0000020342B049040F340824FF05C73059324
:102F00009DED047BB5EE407BF1EE10FA7FF41AAD37
:102F100022239FED058BC8F80030D2E422239FEDD9
:102F2000048BC8F80030CCE4000000000000000072
:102F3000000000000000F07F0000F0BF0000F07F04
:102F4000FFFF9F7CFFFFEF7FE80400200000A07CD4
:102F500010050020E00700200293099B019312ABAB
:102F60000093A74A13AB11A9404601F0ABFB10F048
:102F70000F0504463FF4A3AC062D74D1079B9FEDCB
:102F80009A8B0137002B3FF4CEAB1F60FFF7CBBB12
:102F90009DED048B95E40B9BDDF844C003440B933B
:102FA000012805F101031A4614D02844441E03E009
:102FB00046009C420DD001332A46082A1D4606EBE6
:102FC0008600F5D9102BDCBF09EB89094FEA4909C6
:102FD000EFE70232082D3CDC1546FFF779BB894943
:102FE0000122384600F0B8FD002800F082804FF042
:102FF000000EF14676467546FFF7B5BB44F61F63F3
:103000009B45A8BF9B462FE4DDE904231846002B0F
:103010007FF423AE22239FED748B1298C8F8003002
:1030200078E6B0EE497BC0E6774911A801F014FEBE
:1030300000283FF471AB119B7449013B11A8119317
:1030400001F00AFE10B9119B013311939FED688BBB
:1030500037E4102ADCBF09EB890901EB4909154661
:103060000020FFF73ABB129A3AB1352114A802F0BA
:10307000D7FB1299404601F01FFF013D139B042D21
:1030800000F28F81DFE805F0032D2A1F0300149A58
:10309000049203F23342159B23F4801343EA025354
:1030A0000593E50502D543F000430593584A1A40BD
:1030B0009DED048B002A7FF404AC00F031FE222346
:1030C0000360FFF7FEBB4FF0FF336FF00046CDE922
:1030D0000436E3057FF55CAF059BE4E74C4B0593B5
:1030E000F7E7149B0493159B0593DAE70020FFF79D
:1030F000E1BA119B1A460133119354780646814672
:10310000FFF7CDBA434B03EBC20393ED008B9DED6C
:10311000047B28EE078BFFF7D4BBBEEE007BB6EE38
:10312000009B11E5AE460B90FFF7DCBA394BC5F1B9
:103130000F054A1B03EBC50503EBC20395ED008B9E
:1031400093ED007B9DED046B28EE068B28EE078B3C
:10315000FFF7B7BB002D00F09580DDE904BC2E4BD6
:10316000CCF313019942624600F0D2800E9B002BF3
:1031700000F0A580DDE90412134217461AD0B0EE24
:10318000480B002D00F0A68002F01AFA089B7BB1D4
:10319000C7F30A53C3F16B03002B09DD1B0503F1D1
:1031A0007F51002001F5401141EC170B20EE070B79
:1031B00038EE008B089B5BB19FED0F7B144B28EE24
:1031C000078B18EE902A134013B92223C8F8003059
:1031D00012989FE502F15473059300230893FFF7BB
:1031E000B1BB00BFAFF30080000000000000000092
:1031F000000000000000F07F0000000000005039D7
:1032000054DB002004DE0020F8170020FC1700200B
:103210000000F07F10050020FFFF0F00DDE9041221
:103220000D43C7D1C2F313031746002BC2D122F0BE
:1032300000431B0D1B05B3F1D66FBBD9DAF8143070
:103240001BB9DAF81030012BB4DD5146012240469B
:1032500002F072F82146824602F0E6F80028A9DD65
:10326000089B002B7ED1504B3B40A3F580136FEAA7
:1032700013536FEA035305934FF0FF3304939DED0F
:10328000048B97E7DDE90412C2F313030B431746DF
:103290007FF46CAFE4E7454911A814AA01F0F8FCEB
:1032A00005287FF406AB159B43F0FF4343F4E0038E
:1032B0000593149B04939DED048BFFF702BBDDE99E
:1032C00004010D9B03423FF475AF0F4657E7384C9E
:1032D00000218FE502F074F9089B002B55D0C7F34D
:1032E0000A53C3F16B03002B09DD1B0503F17F516A
:1032F00001F54011284641EC170B20EE070B38EE84
:10330000408BB5EE408BF1EE10FA7FF455AF81E6BD
:10331000089B04991BB3244B1340B3F1D46F1ED800
:103320001B0DC3F16B034FF0FF3000FA03F399421A
:103330007FF41CAF1F4B9A4230D01B4B134003F558
:1033400080130593002304939DED048B32E74FF027
:10335000FF3202FA03F3049A1A400492D0E54FF0C8
:10336000FF33E4E7104B3B40B3F1D66F3FF77DAF3F
:10337000B3F15C7F3FF720AF4CE6C2F14B024FF058
:10338000FF3393400B400593BAE538EE408BB5EE22
:10339000408BF1EE10FA7FF41BAF3BE60131CCD14C
:1033A00009E400237DE600BF0000F07F68DB002019
:1033B000E8040020FFFFEF7F014BFFF7C5B800BF17
:1033C000006B0220012B2DE9F84F40D0242B9846AA
:1033D0003DD84C4D8E4676461EF801BB15F80B4085
:1033E00014F00804F7D1BBF12D0F72D0BBF12B0FF5
:1033F00008BF9EF800B06FF0004908BF06F1020E4A
:10340000002B42D0102B57D0B9FBF8F700252E46E1
:1034100008FB179A05E033D008FB06C601251EF805
:1034200001BBABF1300CBCF1090F06D9ABF1410C7B
:10343000BCF1190F12D8ABF1370C634517DDB5F1AC
:10344000FF3FECD0B742E6D24FF0FF35E7E700F0A0
:1034500067FC162303600020BDE8F88FABF1610C18
:10346000BCF1190F03D8ABF1570C6345E7DC6B1CBB
:1034700027D08CB90AB1A5BB11603046BDE8F88FE2
:10348000E245C9DA4FF0FF35C9E7BBF1300F05D08F
:103490004FF00A084346B7E77642EBE79EF8003064
:1034A00003F0DF03582B21D14FF010089EF801B034
:1034B00043460EF1020EA7E7BBF1300F1AD0984633
:1034C000A2E72223036072B10EF1FF314E46116074
:1034D000D3E79EF800B04FF0004906F1020E012438
:1034E0008EE7B146F0E74E463046C7E74FF0080892
:1034F000434689E79EF8005005F0DF05582DD3D0EC
:10350000984681E775160020FFF75CBF13460A4610
:103510000146022000F0EABE024A0349034800F0D7
:10352000BBB800BF7C70022025630100B864022094
:103530000C4B4168994210B5044601D005F0AAFB36
:10354000A168094B994202D0204605F0A3FBE1682F
:10355000064B994204D02046BDE8104005F09ABBC6
:1035600010BD00BF1880032080800320E880032066
:103570002DE9F8432A4C2B4B2B48DFF8C090DFF89D
:10358000C0802A4F1860002504230822294604F130
:103590005C00274E6566C4E90253C4E90055C4E9DE
:1035A0000455A56100F086FA224B6367082229467C
:1035B00004F1C400C4E90749C4E90987C4E91A55FC
:1035C000C4E91E55C4F8CC502567C4F88050E662A3
:1035D00000F070FA184BC4F8DC30294604F1680397
:1035E000082204F59670C4F88430C4E92298C4E92E
:1035F0002476C4E93455C4E93855C4F83451C4F8C4
:10360000D850C4F8E85000F055FA04F1D003C4E9EA
:103610003C98C4E93E76C4F8EC30BDE8F88300BFBE
:103620001880032050810320A90B0100F90E01002E
:10363000190F01000900010012000200910E0100A3
:10364000B90E010010B504460A4800F097FB636B01
:1036500023B9094B094A1B68626323B1BDE81040D6
:10366000044800F08DBBFFF783FFBDE81040014820
:1036700000F086BBE07F032050810320C10B0100D6
:10368000014800F07BBB00BFE07F0320014800F051
:1036900077BB00BFE07F03202DE9F84380460F464B
:1036A00016464FF00009D6E90154013D11D4A38913
:1036B000012B05F1FF3508D9B4F90E30013321464D
:1036C00003D04046B84749EA00096B1C04F168047E
:1036D000EDD13668002EE6D14846BDE8F88300BF3C
:1036E0000CB410B51F4B00291C689CB035DB4FF49F
:1036F0000273ADF81430029006901FAB18D0013958
:103700004FF6FF7204910791ADF8162002A91E9A98
:103710000193204602F0F4F8421C01DA8B23236067
:10372000029B00221A701CB0BDE8104002B0704726
:103730004FF6FF7204910791ADF8162002A91E9A68
:103740000193204602F0DCF8431C01DA8B2323604E
:103750001CB0BDE8104002B070478B2323604FF0CF
:10376000FF30F5E7887002200EB410B59DB06FF001
:1037700000411FABCDE906010491094953F8042B20
:103780000290084C0868019302A9059402F0B8F869
:10379000029B00221A701DB0BDE8104003B07047B4
:1037A000887002200802FFFF0EB410B59FB021AC54
:1037B0004FF4017154F8042B0192ADF81C100490E1
:1037C000089000F015FD059009900B480B490C91ED
:1037D00000234FF6FF7C10931593019A0068ADF813
:1037E0001EC0234604A9039403F02CFE1FB0BDE8BD
:1037F000104003B0704700BF88700220B50E010072
:1038000010B50C46B1F90E1000F04CFA002803DB9D
:10381000236D0344236510BDA38923F48053A38142
:1038200010BD00BF002070472DE9F0410C46B1F9F2
:103830000C101F46CB05054616460BD421F48051CB
:10384000A1813B46B4F90E1032462846BDE8F0414E
:1038500000F050BAB4F90E100223002200F00CFA66
:10386000B4F90C10EAE700BF10B50C46B1F90E1020
:1038700000F002FAA389421C0EBF23F4805343F4E4
:1038800080532065A38110BDB1F90E1000F0E2B99C
:10389000F0B5ADF5057D04AF009313464FF400720B
:1038A0000E460392394603AA054600F025F888B172
:1038B00004460246039B3146284600F01BFABC42F0
:1038C000039004D02846214600F0A4FD03980DF58E
:1038D000057DF0BD4FF0FF30F9E700BF10B4054C97
:1038E0008446134620685DF8044B0A466146FFF79C
:1038F000CFBF00BF8870022030B5146815469BB05A
:103900001A4609B1002C19D100214FF42273ADF8E9
:103910000C30009104914FF6FF7302910591ADF8C0
:103920000E3069461E9B01F0EBFF002813DB009B65
:10393000286000221A7004981BB030BD4FF4C16398
:1039400000910491ADF80C302146E4DA8B2303603A
:1039500000201BB030BD0020EEE700BF032A70B589
:1039600014D940EA01039B0722D104460B461946AD
:1039700020460E680568B54204F1040403F104030F
:1039800016D1043A032A20461946F0D8541E9AB19B
:10399000421E013901E0C3180CD012F801EF11F8F2
:1039A00001CFE645A4EB0203F5D0AEEB0C0070BDF1
:1039B000541EEDE7184670BD104670BD88420DD903
:1039C0008B1883420AD900EB020CBAB1624613F895
:1039D00001CD02F801CD9942F9D170470F2A0ED8D6
:1039E000034602F1FF3C4AB10CF1010C013B8C444F
:1039F00011F8012B03F8012F6145F9D1704740EA16
:103A000001039B0750D1A2F1100370B501F1200C06
:103A100023F00F0501F1100E00F11004AC441B0956
:103A20005EF8105C44F8105C5EF80C5C44F80C5CCA
:103A30005EF8085C44F8085C5EF8045C44F8045CDA
:103A40000EF1100EE64504F11004E9D1013312F035
:103A50000C0F01EB031102F00F0400EB031327D04E
:103A6000043C24F003064FEA940C1E441C1F8E46AF
:103A70005EF8045B44F8045FB442F9D10CF1010430
:103A800002F0030203EB840301EB840102F1FF3C2B
:103A90004AB10CF1010C013B8C4411F8012B03F8E5
:103AA000012F6145F9D170BD02F1FF3C03469BE750
:103AB0002246EBE7830730B548D0541E002A3FD09A
:103AC000CAB2034601E0013C3AD303F8012B9D073B
:103AD000F9D1032C2DD9CDB245EA05250F2C45EAA5
:103AE000054536D9A4F1100222F00F0C03F1200E87
:103AF000E6444FEA121C03F1100242E9045542E980
:103B0000025510327245F8D10CF1010214F00C0F7D
:103B100003EB021204F00F0C13D0ACF1040323F0FA
:103B200003030433134442F8045B9342FBD10CF0CB
:103B300003042CB1C9B21C4403F8011B9C42FBD105
:103B400030BD64461346002CF4D1F9E70346144611
:103B5000BFE71A46A446E0E7002A3ED040EA010348
:103B60009B0730B584462FD1032A2DD90B4608E098
:103B7000043A8446194625D01EF0803F22D1032AFC
:103B800022D90468194653F8045BA4F1013EAC4203
:103B900084462EEA040E00F10400E9D09CF80000EF
:103BA0000C78A0421BD1E64668B11EF8010F11F84F
:103BB000014FA2EB0E03A04203F1FF330FD11CEB28
:103BC0000303F1D1002030BD9CF800000C78844242
:103BD00005D1012AF6D0E646E6E710467047001BFD
:103BE00030BD00BF40EA01039B0730B501D1032A75
:103BF0000FD8844601F1FF3E07E01EF8011F03F8CD
:103C0000011B541EC1B19C4622466346002AF4D1D2
:103C100030BD0B468446194653F8045BA5F10134C8
:103C200024EA050414F0803FE4D1043A032A4CF856
:103C3000045B1946EFD8DDE79444002CE8D003F884
:103C4000011B6345FBD130BD014B93F82801704740
:103C5000006B022038B5074D0022044608462A6052
:103C6000FBF784FE431C00D038BD2B68002BFBD033
:103C7000236038BD0882042038B50C46084D8446C0
:103C8000114620461A4600232B606446FBF77AFE55
:103C9000431C00D038BD2B68002BFBD0236038BDFF
:103CA0000882042038B50C46084D8446114620464B
:103CB0001A4600232B606446FBF756FE431C00D0D7
:103CC00038BD2B68002BFBD0236038BD0882042050
:103CD00038B5074D0022044608462A60FBF72AFE45
:103CE000431C00D038BD2B68002BFBD0236038BDAF
:103CF0000882042038B50C46084D844611462046FB
:103D00001A4600232B606446FBF700F8431C00D0E2
:103D100038BD2B68002BFBD0236038BD08820420FF
:103D2000014B1868704700BF8870022070B50D4EB7
:103D30000D4D761BB61006D0002455F8043B013417
:103D40009847A642F9D1094E094D761B08F080FA32
:103D5000B61006D0002455F8043B01349847A6421B
:103D6000F9D170BD6827006068270060782700607F
:103D700068270060704700BF704700BF704700BFF2
:103D8000704700BF000000000000000000000000BD
:103D9000A2EB0300704700BF02780B78012A28BF0E
:103DA0009A42F5D16DE9044540EA0104CDE9026784
:103DB0006FF0000C4FEA447212B380EA010414F071
:103DC000070F6AD100F0070420F0070004F0030594
:103DD00021F007014FEAC505F0E8042314F0040FB1
:103DE000F1E804670CFA05F462EA040266EA0406E4
:103DF0000AD063EA0403624667EA0407664603E002
:103E0000F0E80423F1E8046782FA4CF582EA06043C
:103E1000A4FA8CF46CBB83FA4CF583EA0705A5FA87
:103E20008CF595B950E9022351E9026782FA4CF505
:103E300082EA0604A4FA8CF483FA4CF583EA0705B7
:103E4000A5FA8CF52543DBD09CB92DBAB5FA85F4DB
:103E500024F0070427FA04F1DDE9026723FA04F3EA
:103E600003F0FF0001F0FF01FDE80445A0EB0100B5
:103E7000704724BAB4FA84F424F0070426FA04F153
:103E8000DDE9026722FA04F202F0FF0001F0FF010F
:103E9000FDE80445A0EB0100704714F0030F3CD18E
:103EA00010F0030428D150F8082B51F8083B82FA8F
:103EB0004CF582EA0305A5FA8CF55DB950F8042C9F
:103EC00051F8043C82FA4CF582EA0305A5FA8CF518
:103ED000002DE8D02DBAB5FA85F424F0070423FAB2
:103EE00004F122FA04F202F0FF0001F0FF01FDE804
:103EF0000445A0EB010070474FEAC40420F0030022
:103F000050F8082B21F0030151F8083B0CFA04F497
:103F100062EA040263EA0403C9E710F003041AD05A
:103F2000A1EB040120F00300E40750F8042B06D0B5
:103F30000FD28B785FFAA2F4E41A06D12BB1CB78BA
:103F40005FFAB2F4E41A00D11BB920465DF8104BB9
:103F5000704701F1040150F8042BCC0721F0030154
:103F600051F8043B48D824D222F07F4482FA4CF521
:103F700094EA1325A5FA8CF50AD165B951F8043BEA
:103F800084EA0204B4EB036F0ED150F8042BEBE784
:103F90004FEA132355E035F07F454DD10878FDE811
:103FA0000445C0F1000070474FEA126203F0FF03BE
:103FB00047E002EA1C4482FA4CF594EA1345A5FA5C
:103FC0008CF50AD165B951F8043B84EA0204B4EBDC
:103FD000034F0CD150F8042BEBE74FEA134330E0CA
:103FE00015EA1C4528D10B884FEA124229E04FEA16
:103FF000124203EA1C4324E002F0FF0482FA4CF56B
:1040000094EA1365A5FA8CF50AD165B951F8043B19
:1040100084EA0204B4EB032F09D150F8042BEBE738
:104020004FEA13630DE015F0FF0F05D10B684FEA5F
:10403000122223F07F4304E04FF00000FDE8044526
:10404000704712BA1BBA82FA4CF482EA0304A4FA4B
:104050008CF5B5FA85F402FA04F203FA04F34FEA98
:104060001260FDE80445A0EB1360704780EA01028E
:10407000844612F0030F4FD111F0030F32D14DF8E7
:10408000044D11F0040F51F8043B0BD0A3F10132A1
:104090009A4312F0803F04BF4CF8043B51F8043BB4
:1040A00016D100BF51F8044BA3F101329A4312F02C
:1040B000803FA4F101320BD14CF8043BA24312F033
:1040C000803F04BF51F8043B4CF8044BEAD0234630
:1040D0000CF8013B13F0FF0F4FEA3323F8D15DF8E2
:1040E000044B704711F0010F06D011F8012B0CF8AA
:1040F000012B002A08BF704711F0020FBFD031F822
:10410000022B12F0FF0F16BF2CF8022B8CF80020A8
:1041100012F47F4FB3D1704711F8012B0CF8012B2B
:10412000002AF9D1704700BF000000000000000025
:1041300001F0FF01102A2BDB10F0070F08D010F858
:10414000013B013A8B422DD010F0070F42B3F6D15C
:10415000F0B441EA012141EA014122F007047FF075
:1041600000070023F0E80256083C85EA010586EACC
:10417000010685FA47F5A3FA87F586FA47F6A5FA08
:1041800087F68EB9EED1F0BC01F0FF0102F0070214
:1041900032B110F8013B013A83EA010313B1F8D1BF
:1041A0000020704701387047002D06BF35460338A0
:1041B000073815F0010F07D1013015F4807F02BFD9
:1041C000013015F4C03F0130F0BC0138704700BF2A
:1041D00000000000000000000000000000000000DF
:1041E00000000000000000000000000000000000CF
:1041F00090F800F06DE9024520F007016FF0000C27
:1042000010F0070491F820F040F049804FF00004CE
:104210006FF00700D1E9002391F840F000F10800A9
:1042200082FA4CF2A4FA8CF283FA4CF3A2FA8CF3E1
:104230004BBBD1E9022382FA4CF200F10800A4FA48
:104240008CF283FA4CF3A2FA8CF3E3B9D1E904239C
:1042500082FA4CF200F10800A4FA8CF283FA4CF3D3
:10426000A2FA8CF37BB9D1E9062301F1200182FA8D
:104270004CF200F10800A4FA8CF283FA4CF3A2FA93
:104280008CF3002BC6D0002A04BF04301A4612BAA1
:10429000B2FA82F2FDE8024500EBD2007047D1E9A4
:1042A000002304F00305C4F100004FEAC50514F033
:1042B000040F91F840F00CFA05F562EA05021CBF04
:1042C00063EA050362464FF00004A9E7000000001E
:1042D0009FED010B704700BF000000000000F87F59
:1042E0009FED010A704700BF0000C07F2DE9F04735
:1042F000DFF87CA00646DAF8000098460F469146A3
:10430000FFF73CFD184B1C6824B365681F2D24DCA7
:104310005EB96B1C0235DAF80000636044F8257062
:10432000FFF72EFD0020BDE8F08704EB8501012397
:10433000C1F88890D4F88821AB401A43022EC4F803
:104340008821C1F80881E4D1D4F88C211A43C4F83B
:104350008C21DEE7054C1C60D7E7DAF80000FFF798
:104360000FFD4FF0FF30DEE7447E0320487E032040
:10437000F46A0220F8B5244F0C460646FDF7DEFE2F
:10438000BB685D68C4F57E610F3125F003054B19EC
:1043900023F47F6323F00F03A3F58054B4F5805F0B
:1043A00007DB00213046FFF793FCBB682B449842A3
:1043B00004D03046FDF7C8FE0020F8BD614230460B
:1043C000FFF786FC01300DD0104ABB682D1B45F06D
:1043D00001055D60136830461B1B1360FDF7B4FEDA
:1043E0000120F8BD00213046FFF772FCBA68831A3D
:1043F0000F2BDEDD43F001035360054B03491B68BF
:10440000C01A0860D5E700BF6C6C0220E47F03206F
:1044100074700220002961D0F8B50C460646FDF7FD
:104420008DFE54F8042C7B4FA4F1080522F0010105
:1044300005EB010CB868DCF80430604523F0030399
:1044400000F08B80D207CCF8043032D454F8082C1A
:10445000AD1A1144AA6807F1080082426AD00CEB39
:104460000304D4F804E0EC68D4601EF0010FA260ED
:1044700000F0978041F001036B60CCF80010B1F5BB
:10448000007F35D27868CB080122490901338A4080
:10449000024357F833107A6007EBC302083AC5E9C4
:1044A000021247F83350CD603046BDE8F840FDF7C2
:1044B0004BBE0CEB03025268D00710D4194407F12D
:1044C0000800DCF80830834273D0DCF80C20DA6096
:1044D000936041F001036B606950D0E7704741F091
:1044E0000103B1F5007F44F8043CCCF80010C9D3B7
:1044F000B1F5206F4FEA512348D28B0903F13900FF
:1045000003F13802C300F818FB580838984259D014
:104510005A6822F003028A4202D99B689842F7D176
:10452000D868C5E902308560DD603046BDE8F840F6
:10453000FDF70ABE0CEB03025268D20763D40B44AA
:10454000DCE90212CA60916043F001026A60304601
:10455000EB50BDE8F840FDF7F7BD0B44D10707D499
:1045600054F8082CAD1A1344D5E90212CA609160C0
:1045700043F001026A60284ABD6012689A4293D8EB
:10458000264B30461968FFF7F5FE8DE7142B0AD944
:10459000542B1FD80B0B03F16F0003F16E02C30005
:1045A000B1E719448DE703F15C0003F15B02C3003E
:1045B000A9E741F00103C7E90455C5E902006B60B2
:1045C000695071E779689210012404FA02F20A43F3
:1045D0007A60A6E7B3F5AA7F06D8CB0B03F1780083
:1045E00003F17702C3008EE740F25452934206D89B
:1045F0008B0C03F17D0003F17C02C30083E74FF4D1
:104600007E737E227FE741F001036B60CCF80010DF
:104610004AE700BF6C6C02207870022014800320EF
:104620002DE9F0410469B4EB611F2FDD00F1140E98
:104630004E1111F01F0C0EEB84050EEB86032BD0F0
:104640005EF8261004339D4221FA0CF1CCF12008CB
:1046500018D977461A6802FA08F20A4347F8042B79
:1046600053F8041B9D4221FA0CF1F3D8A31B9B00C5
:10467000053B9B0801330EEB83044EF82310C9B1B0
:10468000043417E0416174460029F9D10023036125
:1046900000234361BDE8F0819D4288BF00F1100214
:1046A000F4D953F8041B42F8041F9D42F9D8A41B07
:1046B0000EEB8404A4EB0E039B1074450361E7D05A
:1046C000BDE8F0812DE9F04F2DED028B0C688B4693
:1046D000A17885B0302908EE100A9246029340F086
:1046E000CE816FF00100001BE21C8318144612F803
:1046F000011B3029F9D0DFF8008318F80120002AC7
:1047000000F0E5802278002718F802203D46264672
:104710002AB116F8012F18F80220002AF9D1B5495C
:10472000019301223046FFF717FA019B81460028CA
:104730004DD0002D4ED13278A94602F0DF02502A2A
:10474000354650D0CBF80060002F69D12B1B013BC0
:10475000072B394604DD5B10072B01F10101FADC60
:1047600018EE100A00F082FB8346002800F06682F3
:1047700000F11406AC42019680F0D2810027CDF8FA
:104780000C909C49A1463C460CE0202F19D038469D
:1047900004372A7818F8022002F00F0282401443EE
:1047A0004D4547D015F8012D2E2AEED14D45ECD3BD
:1047B00001222846FFF7D0F98E490028F0D0202F9B
:1047C000E5D1002046F8044B04270446E1E7002D1C
:1047D00000F04281327802F0DF02AD1B502A4FEA2E
:1047E00085093546AED16A782B2A00F025812D2A1D
:1047F00000F0A5806E1C002018F802104A1E182A2E
:1048000000F29B80727818F8022010390136002AD5
:104810005AD100B149428944CBF80060002F95D0AD
:10482000002B14BF00250625284605B0BDEC028BE1
:10483000BDE8F08FDDF80C90234646F8043B18469F
:10484000019BF61AB610CBF8106000F0E9FB760178
:10485000DAF80040301AA04275DCC0F2EF80002781
:10486000DAF808304B45C0F25181DAF804304B4594
:104870004ADDA3EB09094C4500F38280DAF80C20ED
:10488000022A00F06581032A00F08181012A00F0EC
:104890006F8118EE100A594600F00EFB5025109A51
:1048A00000232846136005B0BDEC028BBDE8F08FF5
:1048B00001EB810102EB4102A2F1100116F8012F78
:1048C00018F80220002AA4D0192AF1DDA1E74949ED
:1048D000019301222046FFF73FF9019B00286DD18B
:1048E000617818F80120651C002A69D030292C460F
:1048F00005D114F8013F302BFBD018F80320B2FA91
:1049000082F77F09012302E7012557B1DAF80C305D
:10491000022B5DD0032B5FD0012B00F0848045F08B
:104920001005109BC3F800B0029B2846C3F8009006
:1049300005B0BDEC028BBDE8F08F2E4602E70120EA
:10494000AA78AE1C58E7061B3146584600F096FF81
:10495000074678B1721E53110199012751F82310AF
:1049600002F01F0307FA03F30B4203D0BA4200F32D
:10497000E280022731465846B144FFF751FE6FE707
:1049800009F1FF35002F40F0CE80002D40F0CD80A2
:104990006B11019A05F01F0552F823200123AB404B
:1049A00013424946584618BF47F00207A4EB0904D2
:1049B000FFF736FE0225DAF80490A6E721782546AF
:1049C00001F0DF01502900F0BF80CBF8005027E74D
:1049D000119BC3F101031193119B002B9FD0DBF8B6
:1049E0001070DDF80480BA004346019208EB87009E
:1049F000002107E004DE0020B0140020984243F8B4
:104A0000041C3FD91E4653F8042BB2F1FF3FF5D0EA
:104A10000132022D326000F0BF8014F01F0440F01C
:104A2000E78021257DE7BA077FF579AF019B1B68F9
:104A30001F43FB07D3D472E7002081E7221A5946AF
:104A400018EE100AA9EB020900F076FC00F114033D
:104A500083460193002703E7727818F80200711C5F
:104A6000002800F0A0800D4611F8012F18F8020070
:104A70000028F8D1751B4FEA85090E465DE6023421
:104A8000002338E6DBF808309F4280F28E803B46F8
:104A90000BEB830201210133022DCBF81030516161
:104AA0007AD09F42B9DA002B40F39B80DBF81420C8
:104AB00008EB83030BF1180083424FEA520240F2E5
:104AC000B1804446016842EAC17244F8042B50F8B0
:104AD000042B83424FEA5202F4D8A3EB0B03193B99
:104AE0009B08013348F8232008EB8303002A40F099
:104AF0009D80A3EB080292104345CBF8102073D0A1
:104B0000DAF8083009F101094B458ADA18EE100A83
:104B1000594600F0D1F9109A00231360A32583E6CB
:104B2000019E002389E6012732E72946584600F016
:104B3000A5FE07462CE7B11E584600F09FFE002850
:104B40003FF417AF032715E74FF0000901274AE6A6
:104B5000119A002A7FF49DAE02990B60019B0122FD
:104B6000CBF810201A60109B6225C3F800B05BE6FA
:104B70004C457FF48EAE012CEED0611E584600F0FD
:104B80007DFE00283FF485AEDAF80430E4E7119AA0
:104B9000002A3FF47EAEDFE7DAF80030013BA342A3
:104BA00034D02225BDE60E46C7E5DBF8041018EE2A
:104BB000100A013100F05AF90646C8B3DBF810308C
:104BC00002339A000BF10C010C30FAF7E9FC59465C
:104BD00018EE100A00F070F906F114083369B346B4
:104BE00056E70023CBF810300023CBF8143087E7CA
:104BF000019B4344C4F1200453F8040C00F010FA64
:104C0000A042BFF60EAFDBF810304CE7631104F0A2
:104C10001F0458F823200123A34013420CBF222570
:104C200021257EE6C8F8002043466AB1043360E7D8
:104C3000074B08483246842104F00AFA044B054821
:104C40005A46E42104F004FACBF81020CCE700BF68
:104C5000381400204C14002010B4046809E014F843
:104C6000013FA3F1410CBCF1190F98BF20339342CF
:104C700009D111F8012B002AF1D10134046001207F
:104C80005DF8044B704700205DF8044B704700BF8F
:104C90002DE9F04F096885B04B1111F01F0102900A
:104CA00002EB8303039140F08F801D1F0193029B51
:104CB00001991C68002341F8043C61780134002903
:104CC00000F09880DFF87491A846AC469A461E46DC
:104CD0000EE0202900F28C80564506DDC44501D245
:104CE000072B5BDD624551D3082314F8011FA1B1E6
:104CF00019F801000028ECD00133082B06F1010659
:104D00003ADCDCF80010090100F00F000843CCF891
:104D1000000014F8011F0029EAD1002E6AD0C44512
:104D200001D2072B74DD624552D2111F634653F83E
:104D3000040B41F8040FAB42F9D9A5EB0C0323F0A7
:104D40000303691C04330CF1010C614538BF0423D3
:104D50001344002143F8041BAB42FBD9019B53F8D9
:104D6000043C2BB9AA4249D055F8043D002BF9D098
:104D7000052005B0BDE8F08F6245B6D200234CF89F
:104D8000043C1946ACF1040C0123BDE70023ACF14F
:104D900004084CF8043CB246C446A6E7C3F1080137
:104DA000DCF800308900C1F1200E60469B46476860
:104DB00007FA0EF343EA0B0327FA01FB036040F8FE
:104DC00004BF4045F3D38DE7191D01911D466EE7E1
:104DD000039B002BC2D0039B0198C3F120014FF02D
:104DE000FF33CB4050F8041C0B4040F8043CB8E7BC
:104DF000292909D0042005B0BDE8F08F0123052042
:104E00002B6005B0BDE8F08F029901340C6084E797
:104E1000DCF80010C3F108039B00C3F120076446CF
:104E20000846666806FA07F1014326FA03F0216096
:104E300044F8040F4445F4D375E700BFB0140020D4
:104E400082B049B15AB16BB113780B601278101E61
:104E500018BF012002B0704701A9002AF3D1104603
:104E600002B070476FF00100F4E700BF436C70B50B
:104E700005460C464BB153F8240080B1026843F854
:104E800024200023C0E9033370BD2122042104F053
:104E9000FFF8034668640028EDD1002070BD0121B1
:104EA00001FA04F6721D9200284604F0F1F8002879
:104EB000F3D0C0E90146E4E731B1436C4A6853F8E6
:104EC0002200086043F82210704700BF2DE9F0412E
:104ED0000E6980460F461D4601F1140E0020DEF8D3
:104EE00000108CB202FB0453090C4FEA134C02FB76
:104EF00001CC01309CB204EB0C4486424EF8044BCA
:104F00004FEA1C45EBDC3DB1BB68B34207DD07EB64
:104F1000860301365D613E613846BDE8F0817968FF
:104F200040460131FFF7A2FF0446B0B13A690232B0
:104F300007F10C0192000C30FAF732FBD8F844303C
:104F40007A6853F82210396043F82270274607EB3D
:104F5000860301365D613E61DEE7034B034822466E
:104F6000BA2104F075F800BF381400201016002094
:104F70002DE9F8431746274A1E4608330C46092EEA
:104F800082FB03124FEAE3730546C3EB620339DD8C
:104F90004FF0010C00214FEA4C0C634501F1010177
:104FA000F9DC2846FFF762FF014668B3089B4361BE
:104FB000092F4FF00103036112DC0A340927BE42B6
:104FC0000BDDF21BA61814F8013B0A22303B2846E1
:104FD000FFF77CFFA6420146F5D10846BDE8F883FD
:104FE00004F10909C8463C4418F8013B0A22303B49
:104FF0002846FFF76BFFA0450146F5D1A7F108044D
:105000004C44DCE70021CCE70A46034B0348D3219C
:1050100004F01EF8398EE3383814002010160020F2
:10502000030C1B04D3B90004102310F07F4F04BFFE
:105030000002083310F0704F04BF0001043310F079
:10504000404F04BF80000233002805DB10F0804F82
:1050500003F1010308BF2023184670470023E4E74B
:10506000036813F0070208D0D9071FD49A0722D586
:105070005B08036001221046704799B209B91B0C06
:105080001022D9B209B908321B0A190704BF1B093B
:105090000432990704BF9B080232D90703D45B0886
:1050A00002F1010205D0036010467047002210464D
:1050B00070472022DFE79B080222036010467047FA
:1050C00038B5436C04460D464BB15868B0B1026820
:1050D0005A6000220123C0E90435C26038BD212294
:1050E000042103F0D5FF034660640028EDD1094B8D
:1050F0000948002240F2451103F0AAFF1C220121B9
:10510000204603F0C5FF0028F1D001220223C0E9A8
:105110000123DEE738140020101600202DE9F04F9F
:105120000E691569AE4285B08846144605DB2A46ED
:10513000234635460C4616469846A3686168AF1963
:10514000BB42B8BF0131FFF791FE0190002800F08B
:105150008780019B03F1140909EB870AD14505D229
:105160004B46002243F8042B9A45FBD808F114085B
:1051700008EB860B04F11403D8451A4603EB8505AA
:105180005FD22B1B153B23F0030304331534A542D8
:1051900038BF0423CDE902A7AC461F46924605E07E
:1051A000090C29D1C34509F1040948D958F8041B51
:1051B0008DB2002DF4D056464C46002356F8041B01
:1051C00022681FFA81FE90B2090C05FB0E00120C3A
:1051D000034405FB012202EB13429BB243EA024364
:1051E000B44544F8043B4FEA1243E7D849F8073086
:1051F00058F8041C090CD5D0D9F8003050461A468E
:105200004C4600260588120C01FB052216449BB271
:1052100043EA064344F8043B50F8045B22682D0C33
:1052200093B201FB053303EB164384454FEA134663
:10523000E8D8C34549F8073009F10409B6D8DDE9D3
:1052400002A7002F02DC05E0013F03D05AF8043D1D
:10525000002BF9D0019B18461F6105B0BDE8F08F07
:10526000034B0448019A4FF4B17103F0F1FE00BF03
:10527000381400201016002012F003032DE9F0412D
:105280001446064632D10D46A41020D0D6F84080F0
:10529000B8F1000F33D0E3074FF0000707D46410D4
:1052A00015D0D8F80000A8B18046E307F7D54246EC
:1052B00029463046FFF732FFB5B16968736C641058
:1052C00053F821202A6043F821500546E9D12846A9
:1052D000BDE8F081424641463046FFF71FFFC8F85F
:1052E000000007608046E0E70546D8E7013B0F4A2B
:1052F00052F823200023FFF7E9FD0546C4E701210A
:105300003046FFF7B3FD804640B1012340F27122E1
:10531000C0E90432002330640360BCE7044B054855
:10532000424640F2451103F093FE00BF9CDB002093
:1053300038140020101600202DE9F0470D461446C1
:105340002F69AB68496807EB62177E1C9E42804656
:105350004FEA621904DD5B009E4201F10101FADCB3
:105360004046FFF783FD8446002852D0B9F1000F74
:1053700000F114020EDD09F105014FEA810E13461A
:1053800000EB8101002043F8040B8B42FBD1AEF10E
:1053900014031A44296905F1140314F01F0E03EBDA
:1053A00081012ED0CEF1200910464FF0000A1C6872
:1053B00004FA0EF444EA0A0440F8044B53F8044B90
:1053C000994224FA09FAF2D84B1B153B23F0030348
:1053D000043305F11500814238BF0423BAF1000FF0
:1053E00018BF374642F803A0D8F844306A68CCF8B2
:1053F000107053F822102960604643F82250BDE82F
:10540000F087043A53F8040B42F8040F9942F9D894
:10541000EAE7034B034862464FF4EF7103F018FECE
:1054200038140020101600200B6984460069C01A49
:1054300016D10CF1140C14310CEB830210B401EBF7
:10544000830301E0944508D252F8044D53F8041D3B
:105450008C42F7D005D24FF0FF305DF8044B704717
:10546000704701205DF8044B704700BF2DE9F84FED
:105470000F691369FF1A002F0E4690467FD101F184
:105480001405143202EB830205EB830301E09D4215
:1054900078D253F8041D52F8044DA142F7D069D3D5
:1054A0007168FFF7E3FC8146002877D03569D8F8AA
:1054B0001020C76008F1140E06F1140009F1140A57
:1054C00006F110010EEB820200EB850756464FF005
:1054D000000C5EF8044B51F804BFA3B21CFA8BFC1D
:1054E000ACEB03034FEA144CCCEB1B4C0CEB234C02
:1054F0009BB243EA0C43724546F8043B4FEA2C4CFE
:10550000E7D8A2EB0801153908F11508424521F04A
:10551000030404F1040438BF0424204421F00302EE
:1055200038BF002287425244544418D926460146C7
:1055300051F8043B1CFA83FC4FEA2C4202EB134265
:105540001FFA8CFC4CEA02438F4246F8043B4FEAB8
:10555000224CEDD8013F3F1A27F00307E21923B987
:1055600052F8043D013D002BFAD0C9F810504846CE
:10557000BDE8F88F334601274646984690E7F9DBA9
:1055800000278DE70021FFF771FC814668B10122F9
:105590000023C9E904234846BDE8F88F064B0748B5
:1055A0004A4640F2452103F053FD034B03484A4667
:1055B00040F2372103F04CFD381400201016002073
:1055C00082B08DED000B164B019A1340A3F150737E
:1055D000002B06DD00221946104641EC100B02B0EC
:1055E00070475B42B3F1A07F4FEA235209DA4FF4D0
:1055F0000023134100221946104641EC100B02B063
:105600007047A2F114031E2BDABF4FF00042DA40BC
:10561000012200231946104641EC100B02B07047DE
:105620000000F07FF8B5046900F1140606EB84046D
:10563000271F54F8045C2846FFF7F2FCC0F1200352
:105640000A280B601BDDBE420BD20B3854F8081C35
:105650002ED145F07F5343F440130A4643EC102B00
:10566000F8BDB0F10B01F4D005FA01F141F07F5320
:10567000002143F440130A4643EC102BF8BDC0F15F
:105680000B0C25FA0CF1BE4241F07F5338BF54F8A1
:10569000081C00F1150034BF21FA0CF1002105FAB5
:1056A00000F0014343F440130A4643EC102BF8BDCD
:1056B000C0F1200C854021FA0CF345EA0307A4F160
:1056C0000805AE4201FA00F13CBF54F80C0C20FA78
:1056D0000CF047F07F5338BF014343F440130A46B0
:1056E00043EC102BF8BD00BF2DE9F043884683B092
:1056F000012157EC106B1546FFF7B8FB0446002854
:1057000051D0C7F30A59C7F31303B9F1000F01D001
:1057100043F48013002E019318D101A8FFF7A0FCD9
:10572000019A6261012200F120032261B9F1000FA8
:1057300025D0A9F2334909EB03022046C3F1350312
:10574000C8F800202B6003B0BDE8F08368460096DF
:10575000FFF786FC034610B3DDE90002C3F1200128
:1057600002FA01F10143DA4061610192002AA2616B
:1057700014BF022201222261B9F1000FD9D1A3F294
:105780003243C8F8003004EB82031869FFF748FC85
:10579000C0EB421320462B6003B0BDE8F083009AB3
:1057A0006261019AE2E7034B0348224640F20F315F
:1057B00003F04EFC3814002010160020F0B583B022
:1057C0000E4669460746FFF72DFF01A9304655EC06
:1057D000104BB0EE407BFFF725FF33693A69D21AD0
:1057E000DDE900315B1A03EB4213002B09DD17EEF4
:1057F000902A02EB035545EC174B87EE000B03B0E4
:10580000F0BD10EE902A51EC100BC3EB033302EB0A
:10581000035141EC100B87EE000B03B0F0BD00BF4D
:105820000139491101F1010C116902F1140303EB73
:1058300081018B4200EB8C0C17D210B5A0F1040E45
:1058400053F8044B4EF8044F9942F9D88A1AA2F142
:10585000150323F0030304331844844504D90023BB
:1058600040F8043B8445FBD810BD844505D900238E
:1058700040F8043B8445FBD87047704703694A11E0
:10588000934200F1140009DA00EB830302E053F8BD
:10589000042DC2B98342FAD80020704710DD11F000
:1058A0001F010DD010B450F8224000EB820324FAFF
:1058B00001F28A4094420CD001205DF8044B7047FD
:1058C00000EB8203E6E70120704753F8042D002A1D
:1058D000F2D18342F9D800205DF8044B704700BF35
:1058E00049B1FF2A02D80A70012070478A23036059
:1058F0004FF0FF3070470846704700BF00000000BF
:105900002DE9F04F2DED088BD1B00C460BEE101A9F
:1059100090460893834603F059FB03681293184698
:10592000FEF766FC20AF1090082200213846FEF7F3
:10593000C1F8A3891B0603D52369002B00F0558706
:1059400000239FED838B9FED849BCDE92533CDE92B
:105950001333CDE9153327AA0E932492924611935F
:1059600004934446A1467E4BD3F8E450FEF76CF90D
:105970004A4603461CA900975846A847002800F04D
:10598000B080C0F2A6801C9A252A034601D0994413
:10599000E9E7B9EB0405064640F0A78000234FF085
:1059A000FF328DF867309846069309F1010999F89E
:1059B000003003922B25202609F10109A3F12002D2
:1059C0005A2A00F2CF80DFE812F0E802CD00CD00C5
:1059D000E302CD00CD00CD006A00CD00CD00050270
:1059E0008402CD001002C902CD00BD025B005B0045
:1059F0005B005B005B005B005B005B005B00CD005D
:105A0000CD00CD00CD00CD00CD00CD005301CD00A7
:105A100083011A02530153015301CD00CD00CD0083
:105A2000CD001502CD00CD009602CD00CD00CD00F9
:105A3000AB01CD00AA02CD00CD00E306CD00CD0024
:105A4000CD00CD00CD00CD00CD00CD005301CD0067
:105A50008301DE015301530153017702DE017F0010
:105A6000CD008902CD005F02E0062F027F00CD004D
:105A7000AB017C00B806CD00CD00BD06CD007C009A
:105A8000A3F13002002119F8013B01EB810102EB87
:105A90004101A3F13002092AF5D906918EE7584653
:105AA00003F094FA436815931846FEF7A1FB16908D
:105AB000584603F08BFA83681393169B002B40F033
:105AC0002D8699F8003077E799F8003048F02008E3
:105AD00072E7082200213846FDF7ECFF01239944C4
:105AE00041E7B9EB0405064611D0269B2B442693CB
:105AF000259B0133072BCAE9004525931CDC0AF1DD
:105B0000080A049B2B440493002E7FF447AF269B86
:105B1000002B41F00B821BEE103AB3F90C3013F05E
:105B2000400F049B18BF4FF0FF330493049851B00B
:105B3000BDEC088BBDE8F08F1BEE101A24AA584666
:105B400004F06AFD0028E6D10DF19C0AD9E700BFF8
:105B50000000000000000000FFFFFFFFFFFFEF7FDD
:105B6000006B02200B93002BD1D00021CDE90C114A
:105B70008DF8DC3001238DF86710029307910593AF
:105B800003910F9137AC18F00203099302D0029BE6
:105B90000233029318F084030A9305D1069B029AFC
:105BA0009D1A002D00F36983269A89B125990DF17C
:105BB000670001310132CAF8000007294FF00100E7
:105BC00026922591CAF8040000F3A2830AF1080A7C
:105BD000099B83B1259B1AA901330232CAF8001030
:105BE000072B4FF0020126922593CAF8041000F308
:105BF000A3830AF1080A0A9B802B00F06C82039BA6
:105C000005995D1A002D00F3A58218F4807F40F0FD
:105C10000D82059BCAF804301A44259BCAF800403F
:105C20000133072B2692259300F31B830AF1080A00
:105C300018F0040F05D0069B02995C1A002C00F3A3
:105C40008883049B069902988142ACBF5B181B189D
:105C50000493002A40F0B08200232593079B1BB1D8
:105C600007995846FEF7D6FB0DF19C0A4C4679E69B
:105C70000B93089B073323F00703B3EC028BB0EEC2
:105C8000C87BB4EE497BF1EE10FA089340F3E98447
:105C9000B5EEC08BF1EE10FA01F159809DF8671056
:105CA000AB4CAC4B28F080080B9A472AC8BF1C4667
:105CB0000023CDE90C33032207930292059203934C
:105CC0000F9300293FF45FAF029B013302935AE721
:105CD000432B0B9303D018F0100F00F05D85089D47
:105CE0000822002122A837ACFDF7E4FE22AB55F8CC
:105CF000042B2146584604F065FB0346013305900A
:105D000001F0EE82059B089523EAE37302930021DC
:105D1000CDE90C118DF86710079103910F9132E7CF
:105D20000B93089B1A4600238DF86730134653F8EF
:105D3000044B0893002C00F048850B9B532B00F07C
:105D4000EC8618F010030C9340F0E786039B5D1C73
:105D500001F0E5800C991A462046FEF7E9F9079014
:105D6000002801F02883079B1A1B05920C9B0393C4
:105D700022EAE2720F930D93079373239DF8671045
:105D800002920B939DE718F0200F0B93089B3DD0D8
:105D9000073323F007031A4611465B6851F8082BB6
:105DA00008911946002BC0F20C84039B013300F0CC
:105DB0009E8228F0800052EA0103029040F099820E
:105DC000039B002B40F09A828046002303930593A7
:105DD00050AC06E1089B53F8042B0692002A80F28F
:105DE0001984069A08935242069299F8003048F0B6
:105DF0000408E1E599F8003048F00808DCE548F0CF
:105E0000100818F0200F0B93089BC1D118F0100F49
:105E100040F00B8418F0400F00F0038433F9042B9A
:105E20000893D1170B46BDE7089B48F00202029287
:105E300053F8042B089347F63003ADF86830782008
:105E4000454B1193002102230B900020039C8DF8F9
:105E50006700601C00F0AD80029820F0800852EAD4
:105E6000010040F0A480002C40F0AE86002BACD1A5
:105E7000029B13F00103059300F0D18330238DF8CA
:105E80003F310DF23F14ACE018F0200F40F0D48306
:105E900018F0100F40F09F8618F0400F40F09787E1
:105EA00018F4007F00F09786089B049953F8042BA0
:105EB000089311704C4655E599F80030682B03BFE4
:105EC00099F8013048F4007809F1010948F04008D8
:105ED00072E599F800308DF867506DE599F800305B
:105EE0006C2B03BF99F8013048F0200809F1010933
:105EF00048F0100860E50B9348F0100818F02001F6
:105F000000F05183089B073323F00703596853F8C7
:105F1000082B089328F480630293002395E70B93E2
:105F200048F010030293029B13F0200100F0298334
:105F3000089B073323F00703596853F8082B08938D
:105F4000012382E799F8003048F0800834E500BF6B
:105F5000081800205012002010180020494611F89F
:105F6000013B2A2B01F04982A3F13002092A89461C
:105F700098BF002101F2448119F8013B01EB810136
:105F800002EB4101A3F13002092AF5D9039115E58D
:105F900099F8003048F001080EE59DF86730002BB5
:105FA0007FF48FAD99F800308DF8676004E5CDF887
:105FB0000880012B00F09D81022B50AC20D111985C
:105FC00002F00F031209C35C04F8013D42EA0172BA
:105FD000090952EA0103F3D150AB1B1BDDF808801D
:105FE0000593059A03989DF8671082424FF00003CD
:105FF000B8BF0246CDE90C33079302920F9360E6D7
:1060000002F00703D20842EA4172C908303352EA6B
:106010000105204604F8013DF2D1029AD10700F1B2
:106020004D8250AB1B1B90460593DAE70B9B652B0B
:1060300040F3D480B5EE408BF1EE10FA40F0C18110
:10604000259BBA49CAF80010013301320121072B00
:1060500026922593CAF8041000F351850AF1080A24
:106060001B9B0E998B4280F2D082109B12991A448E
:10607000CAE90013259B26920133072B259300F3D1
:1060800097830AF1080A0E9B5C1E002C7FF7D0ADA7
:10609000102C259B40F36E851BEE106A102505E041
:1060A0000AF1080A103C102C40F364850133A04922
:1060B0001032072BCAE90015CDE92532F0DD24AAFC
:1060C0003146584604F0A8FA00287ED1DDE9253291
:1060D0000DF19C0AE6E7069B02995D1A002D7FF7F9
:1060E0008EAD102D259B21DD099410261BEE104A44
:1060F00004E0103D102D0AF1080A16DD01338C4929
:106100001032072BCAE90016CDE92532F1DD24AAA9
:10611000214658460DF19C0A04F07EFA002854D11D
:10612000103D102DDDE92532E8DC099C8049CAF8D4
:10613000045001332A44072BCDE92532CAF8001058
:1061400000F32685039B05995D1A002D0AF1080AC4
:106150007FF75BAD102D259B1FDD514610261BEEF2
:1061600010AA04E0103D102D01F1080114DD0133E7
:106170006F481032072BC1E90006CDE92532F1DD69
:1061800024AA5146584604F047FAF0B9103D102DA4
:10619000DDE9253227A9EADC8A4601336449CAF8D9
:1061A00004502A44072BCDE92532CAF8001000F329
:1061B000DA810AF1080A28E51BEE101A24AA5846CB
:1061C00004F02AFA00283FF447AD079B002B3FF468
:1061D000A2AC07995846FEF71DF99CE40E9B012BD3
:1061E00040F37A81259BCAF8004001330132012136
:1061F000072B26922593CAF8041000F3F8810AF1C0
:10620000080A1099129801330A44072BCAE90001C1
:10621000CDE9253200F3DD810AF1080AB5EE408BA5
:10622000F1EE10FA00F077810E9901330139013453
:106230000A44072BCAF800402593CAF80410269296
:1062400000F35B810AF1080A1499CAF804100133BB
:106250000A44072B1EA9CDE92532CAF800107FF7A2
:10626000E5AC1BEE101A24AA584604F0D5F9002814
:10627000ABD1269A0DF19C0ADAE4102DDDE9251246
:106280002C4E24DD179410231BEE104A084604E020
:10629000103D102D0AF1080A17DD013010320728D1
:1062A000CAE90063CDE92502F2DD24AA2146584659
:1062B0000DF19C0A04F0B0F9002886D1103D102D94
:1062C000DDE925024FF01003E7DC179C01460131A0
:1062D0002A440729CDE92512CAF80060CAF80450FB
:1062E00000F3BD839DF867100AF1080A5DE4CDF85C
:1062F00008800A2A71F1000380F0458330320123BF
:10630000DDF808808DF83F2105930DF23F1468E613
:106310001BEE101A24AA584604F07EF900287FF4D8
:1063200054AF269A0DF19C0A52E400BF6C0800207D
:1063300094640220208800201BEE101A24AA5846DC
:1063400004F06AF900287FF440AF269A0DF19C0A08
:1063500051E4102C259BBE4E1FDD1BEE108A10252C
:1063600004E0103C102C0AF1080A16DD013310324B
:10637000072BCAE90065CDE92532F2DD24AA4146A2
:1063800058460DF19C0A04F047F900287FF41DAF30
:10639000103C102CDDE92532E8DC01332244072BC8
:1063A000CAE90064CDE925327FF74BAC1BEE101A29
:1063B00024AA584604F030F900287FF406AF269A44
:1063C0003FE41B99002940F35A830C9E0E9B9E428A
:1063D000A8BF1E46002E0BDD259B01333244072B40
:1063E000CAE900462692259300F389860AF1080A35
:1063F0000C9D002EA8BFAD1B002D00F303820C9B4B
:1064000018F4806F2344059340F01F821B9B0E9964
:106410008B4203DB18F0010F00F0CF841099129823
:106420000A44CAE9000125992692013107292591DC
:1064300000F3A5860AF1080A0E996518CC1A059B87
:10644000ED1AA542A8BF2546002D0DDDCAF8003083
:10645000259BCAF8045001332A44072B2692259322
:1064600000F3BB860AF1080A002DA8BF641B002CAC
:106470007FF7DEAB102C259B40F37C831BEE106A6C
:10648000102505E00AF1080A103C102C40F3728335
:10649000013370491032072BCAE90015CDE92532C6
:1064A000F0DD24AA3146584604F0B6F800287FF4FF
:1064B0008CAEDDE925320DF19C0AE5E7302B3FF487
:1064C0008BAD3023023804F8013C50AB1B1ADDF8C9
:1064D00008800593044684E518F0010F7FF482AE2E
:1064E000259BCAF80040013301320121072B269277
:1064F0002593CAF804107FF7A5AE1BEE101A24AA44
:10650000584604F089F800287FF45FAEDDE92532B3
:106510000DF19C0A98E60E994C1E002C7FF794AE64
:10652000102C40F361831BEE106A102505E00AF180
:10653000080A103C102C40F35783013345491032B0
:10654000072BCAE90015CDE92532F0DD24AA314632
:10655000584604F061F800287FF437AEDDE92532B3
:106560000DF19C0AE5E71BEE101A24AA584604F028
:1065700053F800287FF429AE269A0DF19C0AFFF704
:1065800044BB029B13F0100340F0C180029A12F04A
:10659000400200F07A83089850F8042B08901946BE
:1065A00092B2012351E418F0100355D118F04002C3
:1065B00000F05D83089850F8042B0890194692B2B9
:1065C000A8E4524261EB4101CDF808802D2001235F
:1065D0003CE41BEE101A24AA584604F01DF80028CB
:1065E0007FF4F3ADDDE925320DF19C0A16E61BEED2
:1065F000101A24AA584604F00FF800287FF4E5ADDD
:10660000DDE925320DF19C0AFBE518F0010F3FF49E
:106610000FAB2AE5089399F80030FFF7CDB950ACDD
:10662000DFE418F4007F40F0DB8353F8042B089379
:10663000D1170B46FFF7B6BB089B049853F8041B11
:106640000893C217C1E900024C46FFF78BB900BF9F
:106650002088002094640220089B53F8042B0893A0
:1066600058E4B4EE488BF1EE10FA80F194860B9B5F
:10667000612B00F05285412B00F0C085039B013354
:106680000B9B23F0200500F08084472D04D1039B51
:10669000002B08BF0123039318EE903A002B48F417
:1066A00080724646C0F21886B0EE48AB0023904692
:1066B000099307930B9B413B252B00F29883DFE85E
:1066C00013F06F0496039603960368046C04960314
:1066D00096039603960396039603960396039603F2
:1066E00096039603960396039603960396039603E2
:1066F00096039603960396039603960396039603D2
:106700009603960396039603960368046C04089B0D
:1067100053F8042B08930123FFF797BB139B002B1F
:106720003FF4CFA9139B1B78002B3FF4CAA999F81B
:10673000003048F48068FFF73FB90B93CDF808802C
:10674000FFF7F1BB0B939A4B119318F0200100F067
:106750000581089B073323F00703596853F8082B7A
:10676000089318F0010F0AD052EA010307D00B9BDF
:106770008DF86930302348F002088DF8683028F42D
:10678000806302930223FFF760BB0B93FFF7B6BB56
:106790000B93884B1193D8E7089B012153F8042BE6
:1067A00002918DF8DC200893059137ACFFF7AFBA62
:1067B0001BEE101A24AA584603F02EFF00287FF47F
:1067C00004AD269A0DF19C0A5DE4039B0794062B09
:1067D000224628BF062303942146CDE90C22764C9D
:1067E000029305930F92FFF76CBA40215846FBF7CE
:1067F000F5F920602061002800F00F8640236361D6
:10680000FFF79EB8102D259B40F35D825146102660
:106810001BEE10AA04E00831103D102D40F3528207
:10682000013366481032072BC1E90006CDE9253255
:10683000F1DD24AA5146584603F0EEFE00287FF40D
:10684000C4ACDDE9253227A9E6E70E9BCDF82490FC
:10685000E31803930D9BCDF82880139E059DDDF86A
:106860005890DDF83C800B941BEE101A5046002B1C
:1068700034D0B8F1000F35D10D9B013B013E0D9393
:10688000159BC0E90039259B01334A44072B26920A
:1068900025936CDC0830039B96F800C05B1B6345B6
:1068A000A8BF6346002B9A460CDD259C01341A4490
:1068B000072CC0E900532692259400F3778196F8BF
:1068C00000C00830BAF1000FACBFACEB0A0464465C
:1068D000002C0ADC65440D9B002BCAD1B8F1000FD7
:1068E00000F0AC8308F1FF38CAE7102CDDF894C043
:1068F00024DD05954FF0100A63460D4604E0103C78
:10690000102C00F1080016DD01332C491032072B42
:10691000C0E9001ACDE92532F1DD24AA29465846FE
:1069200003F07AFE00287FF450AC103C102CDDE917
:10693000253227A8E8DC2946059D9C460CF1010379
:1069400022444460072B1D4C0460CDE9253200F33E
:10695000C68396F800C008306544BCE718F0100301
:1069600000F0C280089B53F8042B0893F9E624AA90
:106970005846059103F050FE00287FF426AC269A75
:10698000059927A887E70298CDF81CA050AC00F421
:10699000806000250AEE10BA094BDDF84CA0CDF856
:1069A0001490A3464FF00508AC46044610E000BF23
:1069B00010180020241800203818002094640220A9
:1069C000CDCCCCCC0A2A71F1000136D34A463146EF
:1069D000501840F10000A3FB005626F0030505EB1C
:1069E0009605401B151A4FF0CC3661F1000E06FBE0
:1069F00005F6A5FB039503FB0E6609F0010E2E4478
:106A0000AEFB085E2D184FEA590930350BF8015CD2
:106A100049EAC6790CF1010C0BF1FF3B7608002C1A
:106A2000D0D09AF800008445CCD1BCF1FF0FC9D07A
:106A30000A2A71F1000180F08F815C4650AB1B1B6C
:106A4000DDF81490CDF84CA01AEE10BADDF81CA0B9
:106A5000DDF80880CDF838C00593FFF7C2BA1BEE09
:106A6000101A24AA584603F0D7FD00287FF4ADABD6
:106A70009DF86710269A0DF19C0AFFF796B8259BA2
:106A8000BE48CAF80000013301320120072B2692CC
:106A90002593CAF8040000F377810AF1080A002957
:106AA00040F0AF800E9908F001030B433FF4C0A8FB
:106AB000109B12991A44CAE90013259B26920133B0
:106AC000072B259300F352820AF1080A0E99CAF89F
:106AD000004001330A44072BCDE92532CAF80410DF
:106AE0007FF7A4A8FFF7BDBB18F0400200F0DD80DF
:106AF000089850F8042B0890194692B231E61BEE24
:106B0000101A24AA584603F087FD00287FF45DABD5
:106B1000269A0DF19C0AFFF7A3BA22AE08220021A3
:106B200030461D94FCF7C6FF039B5A1C00F0DB8027
:106B30000025CDF80890CDF81C809946A8460CE0B9
:106B400037A9584603F03EFC431C404400F0C8837C
:106B5000484508DC00F0188480461D9A5259334697
:106B60000435002AECD1CDF81480DDF80890DDF86A
:106B70001C80C5E001338249CAF804402244072B37
:106B8000CAF80010CDE925327FF750A8FFF769BB9E
:106B90001BEE101A24AA584603F03EFD00287FF48D
:106BA00014AB269A0DF19C0AFFF729B824AA58467F
:106BB000059103F031FD00287FF407AB96F800C083
:106BC000269A059927A87DE6012BCDF808807FF449
:106BD000F3A9FFF793BB089B049953F8042B4C4689
:106BE00011600893FEF7BEBE01336549CAF8044040
:106BF0002244072BCDE92532CAF800107FF722ABDB
:106C00007BE4109B12981A44CAE90003259B269244
:106C10000133072B259300F3A9810AF1080A002903
:106C2000BFF654AF4D42103180F20F831BEE101AA5
:106C3000102605E00AF1080A103D102D40F30583E7
:106C400001334F481032072BCAE90006CDE925323F
:106C5000F0DD24AA5846039103F0DEFC00287FF4FF
:106C6000B4AADDE9253203990DF19C0AE4E7089BFB
:106C700018F400711ABF114653F8042B53F8042B73
:106C8000089318BFD2B2FFF745B9029B13F4007105
:106C9000089B1ABF114653F8042B53F8042B089392
:106CA00018BFD2B20123FFF7D0B8089B18F40071C7
:106CB0001ABF114653F8042B53F8042B089318BF3E
:106CC000D2B24EE58A4601332D49CAF804502A440F
:106CD000072BCDE92532CAF8001000F339810AF1FB
:106CE000080AFFF78CBB0023194600961DAA5846D8
:106CF00003F08EFB03460133059000F0F1821D94F2
:106D0000059B002B4ED0632B00F3188100230793C3
:106D100037AC082200213046FCF7CCFE059D0096DA
:106D20002B461DAA2146584603F072FB854240F0CF
:106D30007C83059A0023A35422EAE272CDE90C3346
:106D40009DF86710039302920F93FEF7BABF2D21AF
:106D50008DF86710FEF7A4BF169B1599ABEB030BDC
:106D60001A465846FCF73EFF9AF80120054B0AB137
:106D70000AF1010A4FF0000C28E600BF6C08002061
:106D800094640220CDCCCCCC1BEE101A24AA584619
:106D900003F042FC00287FF418AA1B99269A0DF1F3
:106DA0009C0A7CE6059B9DF867100F93CDE90233A2
:106DB000CDE90C330793FEF784BF0E99059865184B
:106DC0002D1ACC1AA542A8BF2546FFF74DBB089B3C
:106DD000049953F8042B089311804C46FEF7C2BD6A
:106DE00013F9042B0893D1170B46FEF7DBBF039A68
:106DF000022122AB01931DAB009358461BABB0EEB2
:106E00004A0B029202F014FA472D029A044600F04F
:106E10006181462D104405D12378302B00F06F821C
:106E20001B9A1044B5EE40ABF1EE10FA40F04681EB
:106E300003461B1B0E93472D00F01081462D00F0DA
:106E4000B5811B9B0C930C9B412D03F1FF331B93CE
:106E500000F0E5819DF82C200021002BB8BF0C9B91
:106E60008DF87820BABFC3F101032D222B22092B04
:106E70008DF8792040F3DA810DF18F05DFF81CC41D
:106E80002A4610468CFB0321DA17C2EBA10202EB63
:106E90008201A3EB4101303100F8011C194663293E
:106EA000134600F1FF32ECDC3033D9B2831E9D4231
:106EB00002F8011C40F28B8213460DF17A0201E0C8
:106EC00013F8011B02F8011B9D42F9D10DF191034A
:106ED0000DF17A021B1A13441EAA9B1A14930E9BDF
:106EE000149A012B1A44059240F30382059B109AD1
:106EF0001344059326F48063059A43F480780023B5
:106F0000CDE90C3322EAE2720F930292099B002B27
:106F100040F0B1809DF867100393FEF7D2BE204683
:106F2000FDF766F902460590FEF720BF1BEE101A2A
:106F300024AA584603F070FBFEF7EDBD591C5846D5
:106F4000FAF74CFE0446002800F0CA810790E0E6FC
:106F50001BEE101A24AA584603F05EFB00287FF4AB
:106F600034A9269A0DF19C0AFFF749BA1BEE101AB4
:106F700024AA584603F050FB00287FF426A9DDE937
:106F800025321B990DF19C0A49E606230393FFF76E
:106F900083BB039B02215A1C2BE7039A032128E79A
:106FA0001BA8B0EE4A0B02F017F8B4EE007B20EEFF
:106FB000070BB5EE400BF1EE10FA01D101231B9344
:106FC000B348039BB3EE005B013B224604E0B5EE01
:106FD000400BF1EE10FA13D020EE050BFDEEC07B56
:106FE000B3F1FF3F17EE901A415CB8EEE76B9446A1
:106FF00030EE460B02F8011B194603F1FF33E6D1D0
:10700000B6EE006BB4EEC60BF1EE10FA00F3488159
:10701000B4EE460BF1EE10FA04D117EE903ADB070E
:1070200000F13E81002906DB4B1C1344302102F89D
:10703000011B9342FBD1131B0E93FCE60B9C0E9B92
:10704000DDF82490DDF828801396E3189D42294648
:1070500028BF194682460591FFF7D8B91B9B0C93B0
:10706000DA1C02DB039A93420CDD0B9B023B0B9371
:1070700023F02005E7E62D2100238DF86710039308
:10708000FEF722BE0C9B0E9A9342C0F2BD80F00721
:107090000C9B40F13281109A13440593710503D57E
:1070A0000C9B002B00F33581059B23EAE3730293CD
:1070B00067230B9300230F930D9327E7229B8342B3
:1070C000BFF4B7AE30215A1C22921970229B98420D
:1070D000F9D8AEE6F30700F1A780229BA9E624AA1F
:1070E0005846059103F098FA00287FF46EA896F8A8
:1070F00000C0269A059927A86544FFF7ECBB1BEE54
:10710000101A24AA584603F087FA00287FF45DA8D5
:10711000269A0DF19C0AFFF76BB978238DF8693038
:1071200030238DF86830039B632B48F0020600F390
:10713000A6800023079337AC18EE903A002B48F452
:1071400081782BDBB0EE48AB0B9B23F020050023AE
:1071500009930B9B612B7FF4ADAAB0EE4A0B1BA8E1
:1071600001F03AFFB4EE007B20EE070BB5EE400BCA
:10717000F1EE10FA01D101231B93464821E71BEEE3
:10718000101A24AA584603F047FA00287FF41DA8D5
:107190001B9B269A0DF19C0AFFF74EB90B9B23F01F
:1071A00020052D230993B1EE48ABD2E71B9A0C9230
:1071B000002A06F0010340F30D8103990B4340F0D0
:1071C000CF800C9B059366230B93720500F1A3807F
:1071D000059B23EAE37302936CE71BEE101A24AAC3
:1071E000584603F019FA00287EF4EFAF1B9C0E9B63
:1071F000269A1C1B0DF19C0AFFF736B958238DE720
:1072000000220392FEF7DABB0E9B109A9A180C9B91
:107210000592002B40F3AB8067230B93D5E70B9AC5
:107220000F32D2B2012118E6A018FBE5002940F088
:10723000A88030228DF87A200DF17B02303302F8DD
:10724000013B1EABD31A149349E601331249CAF825
:1072500004502A44072BCDE92532CAF800107FF7E5
:1072600033AC1BEE101A24AA584603F0D5F90028B7
:107270007EF4ABAFDDE925320DF19C0A26E4591C02
:107280005846FAF7ABFC044650B3079054E700BFEA
:107290002418002010180020946402206766666697
:1072A000CDF888C012F8011C90F80FC06145134654
:1072B0000AD14FF0300E03F801EC229B591E2291A7
:1072C00013F8011C8C45F6D0392916BF0131817A9B
:1072D000C9B203F8011CAEE600239046079360E7AD
:1072E0001BEE102AB2F90C3043F040039381FEF7F5
:1072F00016BCF5077FF5FEADF8E50593CEE6B5EED5
:1073000040ABF1EE10FA3FF48BADC2F101021B92DB
:1073100087E567230B9313990B78FF2B79D0002512
:107320000C9A284603E001300131FF2B08D093422C
:1073300006DAD21A4B78002BF5D10B780135F4E739
:107340000C9213910D900F950F9A0D9B1699134463
:10735000059A01FB0323059323EAE3730293D5E522
:10736000109BD3181944662305910B932DE7C3F1A5
:1073700001031A4422EAE2730293672305920B93F6
:1073800098E60DF17A0259E7039BDDF80890DDF8E5
:107390001C800593B4E418EE903A002BB4BF2D2165
:1073A0009DF86710254C264BB8BF8DF8671028F064
:1073B0008008FEF779BC039B0293059373239DF825
:1073C000671003900F900D900B93FEF77ABC022389
:1073D000149384E5039A134305D101236622029393
:1073E0000B92059366E6109B01331A4422EAE2737E
:1073F0000293662305920B935CE6089A99F8013094
:10740000894652F8041B089241EAE1710391FEF7A4
:10741000D3BA00230F930D9396E70C23CBF80030DB
:107420004FF0FF330493FEF781BB1BEE102A9389C4
:1074300043F040039381FEF7C8BE00BF0C18002044
:107440004C1200202DE9F04F2DED028BADF5377D6C
:107450008B46B1F90C1002AF8C048146FA643B6391
:1074600009D4DBF8643041F4005123F40053ABF845
:107470000C10CBF8643000231C460822194607F193
:107480005800FB62A246FCF715FB3C647C62BC63BF
:107490007C64834BD3F8E440FCF7D6FB07F1580239
:1074A0000346009207F15401FA6C4846A047051EB6
:1074B000FB6C33DB2B44FB647B6D2E46002B00F012
:1074C000B680012D38D0252B40D0002DE1D0FB6CAB
:1074D0009E1BDBF80430741E002B40F39880DBF811
:1074E000001094F801C091F800E0A31C0AEB03001F
:1074F000E64501F10101A3EB060204F10104A0EB52
:10750000060040F09480DBF80430CBF80010013B1B
:10751000AA42CBF80430DFDB8246BAE70133FB64D2
:1075200008224FF6FD73002107F158007B65FCF738
:10753000C1FA7B6D002B7AD05A4EF25C100700F135
:107540001C85252B40F0868001252E46F86C0024F2
:107550000278A046A2F12503411C552B67D8DFE82D
:1075600013F00A0766006600660066000107660001
:1075700066006600660066000C060C060C060C062B
:107580000C060C060C060C060C060C0666006600C3
:1075900066006600660066006600180666008E04D7
:1075A000C90418061806180666006600660066001C
:1075B000820066006600BF046600660066008900FF
:1075C00066006600660066006B0666006600DD0603
:1075D0006600660066006600660018066600900495
:1075E000CB04180618061806BE06D20682006600EE
:1075F000E706F306AC06C104DA06660066008B00F7
:107600007D00CA06660066006B0666007D0059466E
:10761000484603F0C1F800283FF461AF7B6C002BB3
:1076200001F05280BBF80C305A0601F14D803B6CE2
:1076300043B13B6CD3F80080B8F1000F02D0404654
:10764000FAF7C4FA786C07F53577BD46BDEC028BC6
:10765000BDE8F08FFB6C01255E1E3AE72307E6D1FB
:107660004278084676E72207E1D1427844F00204E6
:1076700008466FE744F00104F9640225DBF80430A2
:10768000002B40F30884600640F10F846B1E032B2F
:1076900001F2EB80DFE813F07B02F1014B010800FF
:1076A000006B022075160020484601F08FFC03682D
:1076B0003B6208F1FF33B3F5AE7F40F25A856FF4B9
:1076C000AE7508EB05033B6140F25D18002607F537
:1076D000B87308EE109AC7E90566FE637E63FE6123
:1076E000BE6444F4F064BB621D464646DBF80010FD
:1076F0000A78A2F12B034E2B50D8DFE813F07E035B
:107700004F007E034F004F00A300A600A600A60076
:10771000A600A600A600A600A600A6004F004F00E7
:107720004F004F004F004F004F0074030B030B033B
:107730000B039E0394034F004F0084034F004F0040
:107740004F004F005D034F003A034F004F004F00C2
:1077500033034F004F004F001E036D034F004F00D7
:107760004F004F004F004F004F0074030B030B03FB
:107770000B039E0394034F004F0084034F004F0000
:107780004F004F005D034F003A034F004F004F0082
:1077900033034F004F004F001E036D03A0056FD54C
:1077A000386A037893426BD1C7E902457E6081460F
:1077B00018EE106A4FF000085C4607E0216091F86F
:1077C00000E099F8000086451CD1DA4619F8010F4F
:1077D00045460AF1010B013108F10108002800F0CB
:1077E00064866068013800286060E7DC2146304626
:1077F00002F0D2FF30B9216899F8000091F800E05A
:107800008645E2D0A3463A6ABC683D612B46B14644
:10781000BE6CFD68BD6401335D4602EB0308B346F0
:107820002646144618F8011D2A46484602F074FF01
:107830004445F7D13B693446AAEB030A5E46AB46A2
:10784000BD6C20E0E00500F10185BB6CF96BD9420D
:1078500016D124F4C07405F8012B013EDBF8043086
:10786000013B002B0AF1010ACBF8043040F36F838F
:10787000DBF800300133CBF80030002E7FF436AF58
:10788000BE6C18EE109A7B6B002B40F0DC82FB6B19
:10789000013B012B41F21680731E062B40F2278616
:1078A000E3051BD5660501F1B58015F8011C6529B6
:1078B00005F1FF330AF1FF360AD0452908D05A46B0
:1078C000484602F029FF15F8021CAAF10206AB1E79
:1078D0005A464846B2461D4602F01EFF14F01002FA
:1078E0007FF4D7AD04F4C063B3F5806F2A7000F065
:1078F000D284BB69002B40F02C874846B96A00222D
:10790000FBF75AFDE0073B6B00F1C985A10700F1C9
:10791000C685B4EE400BF1EE10FA53F8044B80F13B
:10792000F486B7EEC00B3B6384ED000AA2E308F1D6
:10793000FF33B3F5AE7F40F2A2836FF4AE7208EB73
:107940000203FB6340F25D1807F5B8730022BE6BBB
:10795000BB62594644F45864D3461D4692460A68B1
:107960001078A0F12B034D2B60D8DFE813F08202D2
:107970005F0082025F005F00CD02E001E001E001F4
:10798000E001E001E001E0016F026F025F005F00D3
:107990005F005F005F005F005F004E004E004E0022
:1079A0004E004E004E005F005F005F005F005F0012
:1079B0005F005F005F005F005F005F005F005F00CF
:1079C0005F005F005F005F0076025F005F005F00A6
:1079D0005F005F005F005F005F004E004E004E00E2
:1079E0004E004E004E005F005F005F005F005F00D2
:1079F0005F005F005F005F005F005F005F005F008F
:107A00005F005F005F005F0076020A2E0EDD24F447
:107A100038644B6805F8010B013B002B4B6040F3C9
:107A20008D8201320A60B8F1010898D1E005D04694
:107A3000BE63DA468B4607D5BB6A9D4200F22284BC
:107A4000BB6A9D423FF4F3AD14F0100210D1B96A45
:107A5000BB6BFE6A2A704846B047A10640F1088415
:107A60003B6B53F8042B10603B637B6C01337B64EE
:107A7000BB6AED1A4544AA440BE5B8F1000F08BFF4
:107A80004FF0FF38E00740F1958214F010037B635C
:107A900040F07484210640F166863C6B54F8043B48
:107AA000FB63002B3FF4C3AD8020FAF787F8B8647E
:107AB000002800F07887FB6BBA6C1A603A6CD588A6
:107AC00093889D4280F052851068FB6B40F825300A
:107AD0003B6C3C630135DD80BB6CBB6220233B62A9
:107AE000DBF80030B14E1B78F35C13F0080340F074
:107AF000BB847C6A7E621D46FCF7A6F8A8423FF470
:107B00008DADDBE9003207F5B87013F8011B415564
:107B1000013A032CCBE9003205F1010507F16806B3
:107B200002D13368042B04D0082200213046FBF731
:107B3000C1FF07F5B872B96C00962B46484602F0B3
:107B400017FC421C04463FF469AD002840F07884DD
:107B5000BB6C186002F068FC002840F05C86AA4408
:107B600008F1FF387B6B002B40F03386BB6CFA6B5F
:107B70000433BB64002A00F02C86BA6A9D1A3B6A63
:107B8000B3EBA50F40F256877D6B00F05CBCB8F1FB
:107B9000000F08BF4FF0FF38E00740F17B8214F080
:107BA0001003BB6240F0F383210640F1ED853E6B8C
:107BB00056F8043B3B62002B3FF439AD8020F9F7C7
:107BC000FDFF0446002800F0EE863B6A3A6C186020
:107BD000D58893889D4280F0DD8410683B6A40F828
:107BE00025303B6C3E630135DD802023FC61BB61A9
:107BF0007E6AC7F83CA00025C246A046FCF724F8E0
:107C0000A8423FF40BADDBE9003213F8011B013A47
:107C100007F5B870CBE90032032E05F10103415599
:107C2000BB6407F1600402D12368042B04D008224E
:107C300000212046FBF73EFF07F5B872BB6C0094AD
:107C40004146484602F094FB421C06463FF4E6AC2F
:107C5000002840F0CA82C8F80000054607F1680312
:107C60000822002118467B63FBF724FF50497B6BF9
:107C7000D1F8E0102A4648460D4607F15001A847C2
:107C8000012800F0D583002207F170039B5C002BD4
:107C900000F0A185FB6BBA6C032E1344FB6300F06C
:107CA000CA830AF1FF3ABB6A5BB93B6A08F1040870
:107CB0003BB1FB69A8EB0304BB69B3EBA40F40F233
:107CC0000584DBF80430002B4FF0000540F396826A
:107CD000BAF1000F92D1D7F83CA07E624446BB6A4D
:107CE000002B7FF4D6AB23603B6A002B00F0C281EF
:107CF000FB69BA69E11A8B1001339A4240F2BA81EA
:107D00003C6A04312068FAF725FA002800F0B281B5
:107D10002060AFE121057FF5B3ADFB6BB96C5B185B
:107D20007FF4AEADBB6424F4C074FB6393E5214BD8
:107D300024F4386433F916606BE604F41863B3F581
:107D4000807F7FF49DAD7B6B012B7FF499AD302359
:107D500005F8013B24F48074002344F40064013EE0
:107D60007B6378E5BB6C062B40F074850723BB640E
:107D700071E523057FF584AD04F4A063B3F5806F4E
:107D800005D061057FF57CAD7B6B002B47D0A3054B
:107D900004D47B6BF9695B1AC7E9055324F4786452
:107DA000002344F4C0747B6355E500BF75160020C2
:107DB000006B0220FC870020FB6B002B00F0FF8192
:107DC000FB6B022B00F0B083BB6C012B00F0F18148
:107DD000042B00F0EE8153E5BB6C072B40F03A8595
:107DE0000823BB6437E5200500F1F981FB6B012B0B
:107DF0007FF446AD0223FB632DE523067FF540ADFE
:107E000024F0800427E5BB6C002B40F0CC817B6B19
:107E1000B3B904F4E063B3F5E06F00F02085BE6C05
:107E200018EE109A33E5210500F1B781BB6C022BE7
:107E300040F010850323BB640DE520059CD56CE75D
:107E4000BE6C18EE109A24F4807420E58D4B33F943
:107E50001660082E3FF7DBADE8E504F4C063B3F528
:107E6000007F7FF4E3AD24F4007444F4A064102692
:107E7000CFE523067FF5DAAD24F08004C9E544F0B0
:107E80000104DBF80430F964002B44F040044FF0A7
:107E900000053FF7F8AB5946484602F07DFC002844
:107EA0007FF4BCAB60063FF5F1ABDBF80020764E0B
:107EB0001378F35C19077FF5E9ABDBF80430013B7D
:107EC000002B0AF1010ACBF8043002F101024ADD6D
:107ED000CBF800201378F35C19077FF5D7ABECE7FC
:107EE00044F00104694BFB620823F964BB6303257A
:107EF000FFF7C4BB44F00104654BFB620A23F9643D
:107F0000BB630325FFF7BABB23057FF582AD16B926
:107F100044F400740826630500F1A681FB6B24F489
:107F200060741BB1013BFB6308F101084B68013B26
:107F3000002B0AF1010A4B603FF773AD4846B96464
:107F400002F02AFCB96C00283FF46DAD6EE518EE26
:107F5000100A594602F020FC00287FF491AC002E54
:107F60007FF4C4AB8CE45946484602F015FC002867
:107F70007FF454ABDBF800209AE7DBF804200FE035
:107F8000DBF800301A78B25C110703F101037FF5CA
:107F900080AADBF80420013ACBE900320AF1010A99
:107FA000002AEDDC5946484602F0F6FB0028E7D0EF
:107FB000FFF76FBAE10600F1498314F0800400F086
:107FC000AB833C6B54F8046BBE64002E3FF42FABC4
:107FD0002020F9F7F3FD0546002800F062843A6C92
:107FE00030609388D6889E4280F0A8821068BB6C6F
:107FF00040F826303B6C3C630136DE802023FB6377
:10800000DBF80020204E1178715C080700F1AC828B
:1080100033462C4610462E46DBF80410BA6C013964
:10802000CBF80410411CCBF800103546017805F858
:10803000011B22B1FA6B2E1B964280F07A83B8F1B5
:1080400001080BD0DBF8041000292E4640F3AE8364
:10805000DBF800000178595C0907DDD5291B8A444B
:1080600001314FF000032B70BB6C1BB1FB6B8B42DB
:1080700000F294837B6C01337B64FFF70ABA002320
:10808000FB6361E4FC87002075160020ED7601009B
:10809000990B0100E60600F1818114F0800400F0E4
:1080A0006D833C6B54F8046BBE64002E3FF4BFAA92
:1080B0002020F9F783FD0546002800F0F2833A6C92
:1080C00030609388D6889E4280F07A821068BB6CBC
:1080D00040F826303B6C3C630136DE802024DBF820
:1080E000002007F1700319461378CB5C002B3FF496
:1080F0009EAA08EE109AD7F84890C7F83CA02E46E2
:10810000A24610460C46DBF80410431C0139CBE9AB
:1081100000312946007801F8010BB9F1000F02D0B7
:108120008D1B55457AD20D46B8F101080AD0DBF80F
:108130000410002940F36A81DBF800000178615CDB
:108140000029E0D1544618EE109AD7F83CA0AE1B97
:108150003FF46DAA4FF000032B70BB6C1BB1711C78
:108160008C4200F22D837B6C0133B2447B64FFF7B9
:1081700090B900233B61FFF7A9BA14F08F0F7FF489
:1081800056AA08EB880802EB4808A8F13008FFF768
:1081900067BAF9640425FFF771BAFB6BB96C5B1819
:1081A0007FF444AEBEE5BB6C032B02D0052B7FF4FD
:1081B00067ABBB6C0133DBB2BB64FFF74CBB7B6BC3
:1081C000002B7FF401AE04F4E063B3F5E06F7FF4BD
:1081D000FBAD012324F4F064FB63FFF73CBBFB6BB6
:1081E000B96C5B187FF402AE9CE5831C40F05B84A5
:1081F000DBF80430BD6C002B3FF700AD5946484614
:1082000002F0CAFA00283FF463ADD7F83CA07E62C2
:108210004446002D3FF463ADFFF700BA4FEA4A0A27
:1082200030465146F9F796FF0646002800F039839C
:108230000544C9F8000077E744F40074BC4BFB62C6
:108240001023F964BB630325FFF718BA7B6B013376
:108250007B633B6924F08004002B3FF4FEAA3B695A
:10826000013B3B61FFF7FABA24F4B064FFF7D1BBDE
:10827000220740F1C7813B6B53F8042B3B6310701E
:10828000FFF7F3BB15F8011C5A464846013D02F0C2
:1082900043FAFFF7D5BBFB697A6B93423FF42DABF2
:1082A0009A1A07F2C3239D4228BF07F2C225A149AB
:1082B0002846FBF759FAFFF720BBE20600F13181AF
:1082C000230700F1BA81660740F1B4823B6BF96481
:1082D00053F8042B3B63A2F800A0FFF7DAB823079A
:1082E0007FF4A5A94278682A00F0868144F004044E
:1082F0000846FFF72FB98E4BFB620A23F964BB6374
:108300000325FFF7BBB98C4BFB620023F964BB6309
:108310000325FFF7B3B944F408748FE707F1700041
:1083200000F0DEFD44F04004F8640125FFF7A6B933
:1083300022077FF47CA942786C2A00F0578144F030
:1083400001040846FFF706B914F08F037FF46FA904
:108350003A6C002A00F0E781427844F08004084635
:10836000FFF7F8B858EA04087FF461A942781024AE
:108370000846FFF7EFB8F964FFF7A7B800233B62A0
:10838000BB62FB6307F15403BB64FFF7A9BB002387
:10839000C7E906333B6207F1540429E4DBF80030F7
:1083A00007F1700211461A788A5C002A3FF43FA94F
:1083B0000133CBF80030DBF80430B8F1010F03F1E2
:1083C000FF33CBF8043018BF0C4614D1FFF753BB72
:1083D000DBF800301A78A25C0133002A3FF44BAB83
:1083E000CBF80030DBF804300135013B4545CBF8D4
:1083F00004303FF440AB002BEADC5946484602F01B
:10840000CBF90028E4D0AA44FFF743B818EE100ACD
:10841000594602F0C1F900283FF48EAEB5425446E9
:1084200018EE109AD7F83CA07FF491AEFFF7F6B89B
:1084300097F8502028E42368042B7FF432AC32E410
:10844000831C40F03983DBF80430002B40F3D781E4
:10845000DBF800307A6A1B78D35C180703D4B8F1D4
:10846000000F7FF449AB7C627B6B002B7FF411A87B
:10847000BA6C1360FB6B002B3FF4FCADBB6AD11AE6
:108480008B103A6A01339A427FF6F4ADFC6B0431EB
:108490002068F9F75FFE00287FF43AACEAE553F86C
:1084A000042B82ED000B3B63E4E5FD68396A7E68CE
:1084B00028464246A346BC6800F056FD7B6BFB6134
:1084C00024F42074013E0546FFF7C8B9F869D900C5
:1084D0001D46F9F73FFEF861002800F064823A6A11
:1084E0006B0000EB04081060BB61FFF7EABB022ED3
:1084F00040F2C482032E3FF4D3A9043E5FFA86F80B
:108500006FEA0803EE1815F8011D5A46484602F0B6
:1085100003F9AE42F7D10AF1FF3AAAEB080AFFF7D6
:10852000BFB9F964FEF7B5BF0323FB63FFF793B947
:10853000ED7601006C160020990B01004FF6F672E3
:10854000934200F297823A6C08339BB21068F8634A
:1085500099007B63F9F7FEFD002800F07B823A6CFE
:108560007B6B9380106042E501217AE54FF6F6724D
:10857000934200F2938208339EB23B6CB1001868BC
:10858000F9F7E8FD3B6C002800F03E829E80186001
:10859000FFF79BBA4FF6F672934200F27F823A6C75
:1085A00008339BB299001068BB64F9F7D3FDBB6C2C
:1085B000002800F028823A6C93801060FFF70EBB11
:1085C0004FF6F672934200F255823A6C08339BB232
:1085D0001068F86399007B63F9F7BCFD002800F090
:1085E00039823A6C7B6B9380106070E5827844F03E
:1085F00002040230FEF7AEBF827844F00804023075
:10860000FEF7A8BF630758D414F001027FF428AA2C
:10861000A6077FF525AAB34BF96A99424846BB6B7A
:10862000B96A00F03D8201F0D1FD3B6B53F8042B99
:108630003B63C2E90001FFF718BA3B6BF96453F8DA
:10864000042B3B6382F800A0FEF723BFDBF8003069
:10865000A54E1A78B25C12073EF51BAF0133CBF87A
:108660000030DBF80430B8F1010F03F1FF33CBF831
:10867000043008BF0AF1010A3EF40BAF012411E0F7
:10868000DBF800301A78B25C150703F1010311D44E
:10869000CBF80030DBF804300134013B4445CBF823
:1086A000043007D0002BEBDC5946484602F074F842
:1086B0000028E5D0A244FEF7ECBE3B6B53F8042B38
:1086C0003B631080FFF7D1B93B6C002B00F06E814B
:1086D0003B6CD3F80080DE8876B10024A8F1040555
:1086E000A14655F8043F1868F9F770FA01342B6871
:1086F000A642C3F80090F4D14FF0FF337B64B8F189
:10870000000F7EF49CAFFEF79DBF78483B63FBF7FC
:10871000E7FD84ED000AADE43A6BFC6352F8045BBC
:108720003A63BC646CE482B0CDE9023302AB3B64D3
:1087300012E67B63530020461946FB63F9F70AFDF6
:108740000446002800F0AD80BB6C851918607B6B77
:1087500075E47D6929460A2301314846FAF7D4FEBB
:10876000BB69C21A9DE5D7E90C3253F8041B3A6283
:10877000B9643B63BA62FA63FFF7B2B93B6BBC649E
:1087800053F8045B3B63AAE43B6BBA6A53F8044BAF
:10879000BA61C7E907223B63FFF72ABABC6C2068BD
:1087A000F9F7D8FC00287FF4B3AA63E45946484699
:1087B0007B6301F0F1FF7B6B00283FF449AC4DE493
:1087C00018681C46F9F7C6FC00283FF4CCAC2060C2
:1087D000C9E4002537E6BD6CD7F83CA07E6244466C
:1087E000002D3FF47CAA013D07F5B8735A46595D48
:1087F000484601F091FF002DF5D1FFF770BA5946B8
:10880000484601F0C9FF00283FF422AE7C62002DEB
:108810007EF404AF28E67C62002D3FF425AE013DD6
:1088200007F5B8735A46595D484601F075FF002DAB
:10883000F5D119E6E5073CD4A4073AD53B6BF964BA
:1088400053F8042B3B634FEAEA73C2F800A053606D
:10885000FEF71FBE18EE109A1E46FFF714B801234C
:1088600024F4F064BB64FEF7F6BFB8F1010F38BF23
:108870004FF0010814F001033AD1E50600F136810A
:10888000240640F14C813B6B53F8045BBB64002D24
:108890003EF4CDAE4046F9F791F90346002840F08A
:1088A000DC803B6C002B00F08180D3F80080DE88F8
:1088B00012E73B6BF96453F8042BC2F800A03B634A
:1088C000FEF7E7BD2B46BD6AAB427EF6B0AE1C4656
:1088D00014F8011D5A46484601F01EFFAC42F7D17C
:1088E000FEF7A5BEED76010075160020FC0C0020F9
:1088F00014F010037B635ED00025FD63BD642E463B
:1089000000244B46C146A84625461C46FBF79CF969
:10891000A8423EF483AEDBE9003213F8011B013AB2
:10892000CBE900327A6A07F5B870032A415505F1A0
:10893000010307F1680502D12A68042A06D008223B
:1089400000212846BB62FBF7B5F8BB6A009507F526
:10895000B87231462046BB6201F00AFD431C7862C2
:108960003EF45CAEBB6A002840F047817A6B02B9E6
:1089700032609A4409F1FF397B6B002B40F075811E
:10898000BB6C002B00F07081FB6BF51AB8EBA50FE8
:1089900000F26A8118464FEAC801F9F7DBFBF86379
:1089A000002840F05C813B6C002B2DD14FF0FF3351
:1089B0007B64FEF747BE220640F18F803C6B54F883
:1089C000043BBB64002B3EF432AE8020F9F7F6F88E
:1089D00006460028E7D0BB6C18603B6CDD889A889F
:1089E0009542C0F0B3804FF6F6718A4256D80832ED
:1089F00093B23A6CFB6399001068F9F7ABFBFB6B21
:108A0000002840F0AE803B6CDB883A6C1E46D2F802
:108A1000008061E62B46BD6AAB427EF608AE1C467E
:108A200014F8011D5A46484601F076FEAC42F7D1D3
:108A3000FEF7FDBD1046D9001E46F9F78BFBB86264
:108A40000028B0D04219BA64FA6B7D6B10607300D5
:108A50003B62F8E4D7F83C803EE6396C2860CE886B
:108A60008A889642C0F08E804FF6F6718A4238634B
:108A700040F2A5803B6CD3F800802DE6BA6A95429F
:108A80007EF6D5AD2C46BD6A14F8011D5A464846FF
:108A900001F042FEAC42F7D1FEF7C9BD2B46B4E768
:108AA00001F064FCC1E5D8F800301D4601337FF4C5
:108AB000D5A82A46FFF7E8B8BB6C186801F0B4FCEB
:108AC00000287FF4A8AE032CAA447FF449A8336899
:108AD000042B7FF445A8FFF745B8D7E90C3253F8CB
:108AE000046B3B631546FA63BA6409E71C46DBF87E
:108AF0000430984539DDDBF800201A44CBF800201B
:108B0000594648461C44A8EB030801F045FE0028DE
:108B1000EDD0002C3EF482ADA244FEF7BABC3D6B12
:108B200043462968CDF800B00122484601F052FEC4
:108B3000044600283EF472AD0435BD647B6C0133FD
:108B40007B64BB6C3B63A244FEF7A3BC1868BB6CA0
:108B500040F825303B6C3C630135DD80FE63202509
:108B6000CEE63A6C93801060F1E7A3EB0803CBF8F4
:108B70000430DBF8003044444344CBF80030A244D6
:108B8000FEF787BC0A68FA63FA6B42F826503A6C23
:108B90000136B6B2D6801946CDF800B04346012260
:108BA000484601F017FE0446D8B18045C6D928686A
:108BB0002146F9F7CFFA0028C0D02860BEE73B6C09
:108BC000083294B21A687A631046A100F9F7C2FA23
:108BD0007A6BF86300285BD03B6C9C8018603B6B21
:108BE000D2E77B6CD7F83C80002B3FF475ADBBF827
:108BF0000C305B067EF51DAD6AE57A6A02321DD146
:108C0000DBF80420002A1D463FF780AE5946204677
:108C100001F0C2FDE0B9B9F1000F7FF477AE45462F
:108C2000A146BB6C23B1FB6BF11AB5EBA10F27D8A2
:108C30007B6B002B7EF42DACFFF71CBA9A447B6A49
:108C4000032B7FF497AE2B68042B7FF493AE93E64F
:108C5000A1462C464546002CE3D0FEF7DFBCBA6C9B
:108C6000461910604FEA48080436DBF80430002B40
:108C70004FF00005CADDB9F1000F7FF447AECEE733
:108C8000BC6C2068F9F766FA0028D1D02060CFE7E5
:108C9000904621E570B500294BD006460C4610B130
:108CA000436B002B48D0636ED80734D5B4F90C3031
:108CB000002B3ED02146304600F050F8E36A0546CE
:108CC00033B1E169304698470028B8BF4FF0FF350F
:108CD000A3891A063CD4216B41B104F140039942A7
:108CE00002D03046FBF796FB00232363616C21B171
:108CF0003046FBF78FFB00236364FAF7C1FC636E19
:108D00000022DB07A2811FD5A06DFBF735F8FAF72B
:108D1000BDFC284670BDA3899905CBD4A06DFBF797
:108D20002DF8B4F90C30002BC4D1656E15F0010597
:108D300005D00025284670BDFAF784FCB3E7A06D86
:108D4000FBF71EF8284670BDA06DFBF719F8DBE7AE
:108D500021693046FBF75EFBBDE700BFB1F90C208F
:108D60002DE9F0410C461107804647D4636842F470
:108D70000062002BA2815EDDA56A002D58D0002381
:108D8000D8F80060C8F8003093B212F4805256D17F
:108D90000123E1694046A847431C67D0A389A56A1F
:108DA0005F0705D56368C01A236B0BB1E36BC01A6C
:108DB000E169024600234046A847411C41D1D8F84A
:108DC0000030002B3DD01D2B01D0162B56D1A3898E
:108DD0002269226023F4006300216160A381216B7A
:108DE000C8F8006021B304F14003994202D0404624
:108DF000FBF710FB00202063BDE8F0812669BEB1BF
:108E000093B2256826609A070CBF63690023AD1BE7
:108E1000A3600BE02B463246E169676A4046B847DB
:108E2000B0F1000CA5EB0C05664417DD002DF1DC5C
:108E30000020BDE8F081E36B002B9DDCF8E7206D9E
:108E4000AEE7B4F90C302269226023F40063A381F9
:108E50000022DB046260C2D52065C0E7A38943F02D
:108E600040034FF0FF30A381BDE8F081D8F8003017
:108E7000002B93D01D2B06D0162B04D0A38943F0D2
:108E80004003A381D5E7C8F80060D1E738B50C46A8
:108E9000054608B1436B03B3B4F90C0088B1636EA7
:108EA000DB0701D481050FD528462146FFF756FF81
:108EB000636EDA07054602D4A3899B0508D52846C8
:108EC00038BD0546284638BDA06DFAF757FFEBE7D9
:108ED000A06DFAF755FF284638BDFAF7B3FBDBE77C
:108EE00070B50C785E2C86461ED00022481C944635
:108EF0000EF1FF330EF1FF0103F8012F8B42FBD17E
:108F000084B18CF001010EF80410451C15F8013CE9
:108F10002D2B0ED05D2B03D01BB11C462846F2E74B
:108F2000284670BD013870BD01224C78881C9446DB
:108F3000DEE790F801C0BCF15D0FEED06445ECDCDB
:108F4000661C02300EEB060202F8011BA2EB0E03B8
:108F5000013B9C45F8DCACEB0403013B6445A8BF36
:108F6000002302359C19D1E741EA00039B0730B486
:108F700001D1032A0FD801F1FF3C07E01CF8011FC3
:108F800003F8011B541EC1B1224618460346002AAD
:108F9000F4D130BC70470B46194653F8045BA5F179
:108FA000013424EA050414F0803FE4D1043A032A92
:108FB00040F8045B1946EFD8DDE70244002CE8D006
:108FC00003F8011B9342FBD130BC70470048704747
:108FD000F06B02200000000030B482B08DED000B79
:108FE000019A194C22F000430021A342016021DCC8
:108FF000009C1C431ED0154C144054B99FED107BAF
:1090000020EE077B8DED007B019A6FF0350122F099
:10901000004322F0FF42DDE9004522F4E00242F085
:109020007F551B1545F40015A3F2FE33CDE900452D
:109030000B4403609DED000B02B030BC704700BFD5
:109040000000000000005043FFFFEF7F0000F07FB2
:1090500000B50B4C25681446EE681A4685B00346E9
:109060000D464CB107490095CDE90114304606493B
:1090700001F0BEFAF6F78AFC04490C46F3E700BF9C
:1090800088700220F813002008140020FC0C002037
:1090900038B5A1FB02148CBBF8F7A0FD0546E0B182
:1090A00050F8042C22F00302043A242A17D8132A79
:1090B0001AD91B2AC0E900441DD9242A14BF00F183
:1090C000100200F118024FF00003C0E9024404BF8F
:1090D00004614461C2E900339360284638BD2146EB
:1090E000FAF7E8FC284638BD02460023C2E90033FF
:1090F0009360284638BD00F10802F6E7FAF710FE43
:109100000C2300250360E8E72DE9F04F03690C69A3
:10911000A34283B0C0F28780013C01F11405A30093
:1091200000F11408009355F8243058F82420013336
:1091300081469A4208EB840005EB84070190B2FB5C
:10914000F3F63BD34FF0000CAE464046E246634692
:109150005EF804BB02681FFA8BFC06FB0C334FEA77
:10916000134C4FEA1B4B06FB0BCC9BB2AAEB030341
:109170001FFA8CFA13FA82F3CAEB124202EB234273
:109180009BB243EA0243774540F8043B4FEA224A48
:109190004FEA1C43DCD2009B58F8033073B9019BA3
:1091A000043B984504D307E0984504F1FF3403D20B
:1091B00053F80429002AF7D0C9F810404846FCF7B4
:1091C00033F900282BDB01364146002355F8040B08
:1091D000D1F800C082B29A1A030C12FA8CF2C3EBD7
:1091E0001C4303EB224392B242EA0342AF4241F8EE
:1091F000042B4FEA2343E9D258F8242008EB8403D8
:109200006AB9043B984504D307E0984504F1FF345C
:1092100003D253F80429002AF7D0C9F81040304689
:1092200003B0BDE8F08F002003B0BDE8F08F00BFB1
:109230002DE9F04F2DED028B8FB08DED020B0191DA
:10924000816B1A9D059357EC106B0446934641B110
:10925000C26B4A60012393408B60FBF72DFE002315
:10926000A363B7F10008B4BF012300232B60BE4BFA
:10927000BCBF28F00048CDF80C8033EA080300F0AA
:109280009F809DED028BB5EE408BF1EE10FA11D16F
:10929000059A012313601B9B002B00F03F82B34B08
:1092A0001B9A1360013B009300980FB0BDEC028B3A
:1092B000BDE8F08F0CAA0DA92046B0EE480BFCF7D4
:1092C00013FA5FEA1853054640F09280DDE90C136B
:1092D0000B4403F23242202A40F3FA82C2F14002E8
:1092E00008FA02F803F21242D64048EA060207EEF4
:1092F000102AB8EE477B581E17EE906A53EC172BD6
:109300004FF0010AA6F1F8739FED913B9FED927B20
:109310009FED935B06EE900A43EC122BB8EEE64B02
:10932000B7EE086B32EE466BA6EE037BA4EE057B30
:10933000FDEEC76BB5EEC07BF1EE10FA16EE907A3B
:1093400008D5B8EEE66BB4EE476BF1EE10FA18BF35
:1093500007F1FF37162F00F24581854B03EBC7035A
:1093600093ED007BB4EEC78BF1EE10FA57D5091AD6
:109370000023B1F1010807F1FF370A9300F13981A9
:1093800000230693002F52DA069B0497DB1B0693FB
:109390007B420893019B092B4FF000074ED8052B09
:1093A00040F39D82043B01930026019B9A1E032AF1
:1093B00000F22581DFE812F0AA03A7039D037E03D4
:1093C000059AC8F3130842F20F7358EA06081360AF
:1093D0001ED11B9B002B00F09185664B0093083338
:1093E0001B9A009813600FB0BDEC028BBDE8F08FA4
:1093F00018EE906AC6F31306A3F2FF3053EC182B55
:1094000046F07F530C994FF0000A43F440137BE77A
:109410001B9B002B40F03B83574B009344E7091AFA
:109420000023B1F101080A9300F1E38006930023C1
:109430000893019B0497092BB844B0D90023012657
:10944000019307964FF0FF399B460021E163CDF869
:109450002C902046FBF70AFD0090002800F0408584
:10946000009BA363B9F10E0F00F2DC80002E00F028
:10947000D980049B002B40F3DE833D4A03F00F01AB
:1094800002EBC10292ED007B1A11DB0540F18283F1
:109490003A4991ED086B02F00F02032088EE065B5B
:1094A0005AB13649D60704D591ED006B013027EE4D
:1094B000067B521001F10801F4D185EE076B0A9B7F
:1094C0003BB1B7EE007BB4EEC76BF1EE10FA00F1E2
:1094D000AE8407EE900AB8EEE75BB1EE0C7BA5EE2A
:1094E000067B17EE902A51EC170BA2F15071B9F1DF
:1094F000000F00F08883049E4A46079B002B00F073
:109500004784B6EE003B1A4BFDEEC64B03EBC20C94
:10951000B8EEE47B36EE477B1CED026B83EE065B18
:1095200041EC160B14EE900A35EE465B0099B4EE52
:10953000C75B3030F1EE10FA01F8010B00F3AC8498
:10954000B7EE002BB2EE044B4FF0000C31E000BF41
:1095500061436F63A787D23FB3C8608B288AC63F39
:10956000FB799F501344D33F0000F07F6D0800202B
:10957000100500207817002084170020E804002040
:109580000CF1010C94454DDA27EE047B25EE045BCB
:10959000FDEEC76B16EE903AB8EEE63B303337EE91
:1095A000437BB4EEC57BF1EE10FA01F8013B00F10C
:1095B000738432EE476BB4EEC56BF1EE10FADFD573
:1095C000009A049602E08A4200F05084894611F81D
:1095D000013D392BF7D00133DBB20B70049B013313
:1095E000049355E1091A0123B1F101080A937FF5AB
:1095F000C7AEC1F1010306934FF00008C2E6002692
:10960000E66331462046FBF731FC0090002800F06D
:109610006784009BA3634FF0FF330B9399460123AC
:10962000B34607930D9A002A55DB04990E2952DCA4
:10963000B74BBBF1000F03EBC10393ED006B15DAE1
:10964000B9F1000F12DC40F0F282B1EE047B26EE9D
:10965000077BB4EEC78BF1EE10FACA464E4600F215
:109660006D82DDF800806FEA0B0B70E288EE067BFE
:10967000BDEEC77B009917EE103AB9F1010F03F167
:109680003003B8EEC75B01F8013BA5EE468B00F056
:109690003483B2EE044B012311E088EE067BBDEE6D
:1096A000C77B013317EE102A4B4502F13002B8EEAA
:1096B000C75B01F8012BA5EE468B00F01E8328EE58
:1096C000048BB5EE408BF1EE10FAE6D1049B01332A
:1096D00004938946DCE0079B43B3019B012B40F3D5
:1096E0007682089B09F1FF3A534580F23F82089B3E
:1096F000CDF820A0AAEB030217444FF0000AB9F1FD
:10970000000FC0F22583069B09934B44C84406937F
:1097100001212046FBF7D4FC06460CE07D4B00936C
:1097200000980FB0BDEC028BBDE8F08F069BDDF812
:1097300020A0079E0993099B6BB1B8F1000F0ADDC9
:10974000434506991A46A8BF4246891A9B1A0691B4
:109750000993A8EB0208089B63B1079B002B00F05C
:10976000A782BAF1000F00F30482089BB3EB0A0250
:1097700040F0FF8201212046FBF7A2FC002F824629
:1097800000F3AF80019B012B40F3878100230893F6
:109790000120002F40F0B180404410F01F0000F085
:1097A0007A81C0F12002042A00F3888040F0F6811B
:1097B000069B002B05DD29461A462046FBF7BCFD1B
:1097C0000546B8F1000F05DD514642462046FBF73D
:1097D000B3FD82460A9B002B40F03F81B9F1000F98
:1097E00040F32581079B002B40F0A380049B0133AD
:1097F0000493DDF80080012707E0294600230A22B0
:109800002046FBF763FB0137054651462846FFF724
:109810007BFCB94500F1300008F8010BEDDCB9F133
:10982000000F009ACCBFCB464FF0010B0346934488
:1098300000272946012220460193FBF77DFD514672
:109840000546FBF7F1FD002840F3AF811BF8013C12
:10985000009A0BF1FF3B04E05A4500F0B1811BF880
:10986000013D392B0BF10109F6D001338BF80030A3
:1098700051462046FBF720FB56B12FB1B74203D02B
:1098800039462046FBF718FB31462046FBF714FB10
:1098900029462046FBF710FB002389F80030DDE95C
:1098A00004231A601B9B002B3FF4FEAC0098C3F806
:1098B00000900FB0BDEC028BBDE8F08FC0F11C0032
:1098C000069B03440693099B0344099380446FE776
:1098D000C2F1200206FA02F207EE102A09E501267B
:1098E00063E501463A462046FBF7C6FC019B012B87
:1098F000824640F3C58100230893DAF810200AEB72
:1099000082021069FBF78CFBC0F1200044E700BF26
:10991000100500206C080020314600230A22204652
:10992000FBF7D4FA0B9B002B064640F3CE8204973C
:109930009946099B002B05DD31461A462046FBF768
:10994000FBFC0646089B002B40F0EB81B046029BD7
:10995000009F03F001027B1E4B440893019B0A9277
:109960001343099351462846FFF7CEFB3146834601
:109970002846FBF759FD4246514681462046FBF7F3
:1099800075FDC26801460BF13003002A42D1CDE9D2
:1099900006032846FBF748FD069902902046FBF790
:1099A0008BFA029A079B1AB90999002900F07E8266
:1099B000B9F1000FC0F28381019949EA01090A99BE
:1099C00051EA090900F07B81002A00F3C681089A58
:1099D0003B7007F101099742CB4600F0C48129464C
:1099E00000230A222046FBF771FA46450546314618
:1099F0004FF000034FF00A02204612D0FBF766FA40
:109A00004146064600230A222046FBF75FFA4F46EE
:109A10008046A7E720460293FBF74EFA029B0122FD
:109A2000C6E7FBF753FA4F46064680469AE7019B86
:109A3000022B71DC079B002B7FF47BAF049B51460C
:109A4000013328460493FFF75FFBDDF800B000F117
:109A500030030BF8013B0027EBE651462846FBF7A5
:109A6000E3FC0028BFF6BAAE294600230A222046AE
:109A7000FBF72CFA049B5F1E079B0546002B7FF427
:109A80004BAF0B9B002B40F318829946B1E6BC4BC1
:109A900000930333A4E41C2012E7DDE9020100284F
:109AA0007FF474AEC1F31302002A00F0F480029B2D
:109AB00008936DE601230793049B5B4403F10109BE
:109AC000B9F1010FCC460B93B8BF4FF0010C002148
:109AD000BCF1170FE1637FF7BCAC012004225200F8
:109AE00002F114036345014600F10100F7D9E16377
:109AF000AFE401230793BBF1000F52DDCDF82CB08A
:109B0000D946DC46E3E700230793D5E70023079314
:109B1000F1E7DDF82C900497B9F1000F7FF4A1ADC7
:109B200051464B4605222046FBF7D0F901468246B6
:109B30002846FBF779FC00287FF793AD049B03F1DF
:109B4000010B009B3122984603F8012B00935146EC
:109B50002046FBF7B1F90BF10103DDF80090049307
:109B6000CDF80080002E7FF48FAE91E6A3EB0A0AB9
:109B7000C5E5314652462046FBF77EFB2A460146A4
:109B800006462046FBF7CAFA294605462046FBF75B
:109B900093F9EAE50220B0EE485B81E4C0F13C00B5
:109BA0008EE64FF0010BD9464FE403D1019BDB0752
:109BB0003FF54CAED9461BF8013D302BFAD057E6A5
:109BC000049B009A013304933123137050E6BAF1D9
:109BD000000F00F0238102F23342069B09931344E5
:109BE000DDF820A00693904492E507EE900AB1EECE
:109BF0000C5BB8EEE77BA6EE075B15EE902A51EC06
:109C0000150BA2F1507141EC150BB1EE047B36EE51
:109C1000477BB4EEC57BF1EE10FA00F33781B1EE6D
:109C2000455BB4EEC57BF1EE10FA7FF5FBAC4FF06F
:109C3000000A564615E500F0F580049B51495A424A
:109C400002F00F0001EBC00191ED006B121128EE44
:109C5000066B00F04281B0EE467B4B4900260220A5
:109C6000D30705D591ED005B0130012627EE057B7A
:109C7000521001F10801F3D1002E06FE076B1EE41D
:109C8000029B002B7FF437AEDDE90201C1F3130222
:109C9000002A40F037813D4A0A40002A00F0FA804D
:109CA000069B01330693012308F1010808936FE531
:109CB0002946089A2046FBF7DFFA05465AE5002AAE
:109CC00012DD2946012220460193FBF735FB514660
:109CD0000546FBF7A9FB0028019B40F3E180392BE7
:109CE00000F0CA800BF13103B94609F8013B049B2F
:109CF0000133374604934646BAE538EE088BB4EE96
:109D0000C68BF1EE10FA0ADCB4EE468BF1EE10FAD7
:109D10007FF4DCAC17EE103AD8077FF5D7AC009A89
:109D200054E471682046FBF7A1F80746002800F0CC
:109D3000DE80336902339A0006F10C010C30F5F72E
:109D40002FFC394601222046FBF7F6FA8046FEE555
:109D5000069BA3EB09030993DAE4392B00F08C800E
:109D6000B9460133C1E7049A0132374604924646A8
:109D70005FE529462046FBF77FFA0546FAE400BF77
:109D80008417002010050020E80400200000F07F68
:109D90005E4BFDEEC65B03EBC20C1CED023BB8EE66
:109DA000E57B36EE477B41EC160B15EE901A23EE61
:109DB000063B00983031012A00F8011B00F0838037
:109DC000B2EE044B009B991827EE047BFDEEC76BA7
:109DD00016EE903A303300F8013B8142B8EEE65B74
:109DE00037EE457BF0D1B6EE006B33EE065BB4EE9A
:109DF000C75BF1EE10FA3FF5E3AB36EE436BB4EE22
:109E0000C76BF1EE10FA7FF70DAC8946013919F8EE
:109E1000013C302BF9D0731C049339E50C9AC2F144
:109E20003602DAE60220B0EE486BFFF748BBB9F124
:109E3000000F3FF4DAAE0B9A002A7FF7F3ABB2EED5
:109E4000044B26EE046B013007EE900A049BB8EE3B
:109E5000E75BB1EE0C7BA6EE057B17EE90CA51ECEA
:109E6000170B5E1EACF15071FFF747BB049B01332B
:109E700004933123FFF7B1BB049BBB46013304932A
:109E8000392337460BF8013B4646E1E44FF0000A20
:109E9000564653E608927BE4731C04938946F7E424
:109EA0007FF422AFDA077FF51FAF18E7392BE3D035
:109EB000B9F1000F3FF716AF16E7019B022B3FF7F2
:109EC00028AE0497BAE501468DE7019B022B3FF7C8
:109ED00020AEDDF82C9004972BE50220FFF7EFBAB7
:109EE0000B4B0C48002240F2AF11FFF7B1F8084BC2
:109EF00008483A4640F2EF21FFF7AAF8064B0093D4
:109F0000FFF7D2B9029B0893F7E400BF10050020C9
:109F10003814002088170020781700202DE9F0471A
:109F200007464C480E46354616F801EB10F80EC0B1
:109F30001CF0080CF7D1BEF12D0F5AD0BEF12B0F3B
:109F400003BF96F800E06446AE1C64465BB1102B7C
:109F500054D04FF0FF38B8FBF3F803FB08FA6FEA70
:109F60000A0A994608E0BEF1300F5AD00A23DFF8FA
:109F7000E8804FF0050A99460025284605E02CD0D8
:109F800009FB00C0012516F801EBAEF1300CBCF165
:109F9000090F06D9AEF1410CBCF1190F0BD8AEF187
:109FA000370C634510DDB5F1FF3FECD04045E6D9F5
:109FB0004FF0FF35E7E7AEF1610CBCF1190F03D8A4
:109FC000AEF1570C6345EEDC6B1C0BD004B1404284
:109FD0000AB165B91160BDE8F087D445D0DD4FF016
:109FE000FF35D0E722233B602846002AF3D0711EBC
:109FF000F0E796F800E00124AE1CA7E7BEF1300FB1
:10A0000021D1307800F0DF00582816D14FF0100928
:10A0100096F801E04FF00F0A02366FF070484B4699
:10A02000AAE7337803F0DF03582BEFD008234FF073
:10A03000070A6FF0604899469EE799466FF07048AE
:10A040004FF00F0A98E74FF00F0A6FF070489946EB
:10A0500092E700BF7516002099999919FFF75EBF26
:10A060002DE9F04F85B01F46574B03908A4600926A
:10A070000D462A4615F8014B1E5D16F00806F8D16C
:10A080002D2C75D02B2C05BF2C7802960296951C92
:10A090004FF0FF366FF0004B2FB1102F6FD0B84646
:10A0A0004FEAE77905E0302C74D04FF00A08B94642
:10A0B000474642464B4630465946F7F701FC0023D7
:10A0C000019284460A461846194611E08A4208BFA2
:10A0D00084453DD000FB09F308FB0133A0FB0801D8
:10A0E0000B441EEB000043EBEE71012315F8014B0E
:10A0F000A4F1300EBEF1090F06D9A4F1410EBEF154
:10A10000190F0CD8A4F1370E774511DD5C1CEDD08A
:10A11000844572EB0103D9D24FF0FF33E6E7A4F197
:10A12000610EBEF1190F03D8A4F1570E7745EDDC8F
:10A130005A1C13D0029A12B1404261EB4101009ABD
:10A140001AB1A3BB009BC3F800A005B0BDE8F08F17
:10A15000019B7345BEDA4FF0FF33C7E7039A222312
:10A160001360009B33B305F1FF3A30465946E9E7E7
:10A1700001232C780293951C4FF0004B8CE7302C78
:10A1800004D12B7803F0DF03582B08D0B8464FF0EA
:10A1900000098EE72B7803F0DF03582B0FD14FF027
:10A1A00010086C784FF000090235474681E70646F3
:10A1B0008B46D8E73046594605B0BDE8F08F4FF0E2
:10A1C0000808B946474674E775160020FFF748BFF0
:10A1D0002DE9F04F85B08B460192624A03901E46EE
:10A1E0000D46294615F8014B135D13F00803F8D10D
:10A1F0002D2C00F082802B2C03BF2C7802938D1C19
:10A200000293BEB1102E7DD04FEAE67A3246534615
:10A210004FF0FF304FF0FF31F7F752FB3246074661
:10A22000884653464FF0FF304FF0FF31B146F7F705
:10A2300047FB0AE0302C79D04FF00A09DFF828817B
:10A24000B24605224FF099374E464FF0000C60465B
:10A25000614611E0414508BFB8423ED000FB0AF418
:10A2600009FB0141A0FB09042144181841EBE371EB
:10A270004FF0010C15F8014BA4F13003092B05D95F
:10A28000A4F14103192B0DD8A4F137039E4211DD2F
:10A29000BCF1FF3FEED0874278EB0104DAD24FF0F9
:10A2A000FF3CE7E7A4F16103192B03D8A4F157039E
:10A2B0009E42EDDCBCF1FF3F14D0029B13B1404243
:10A2C00061EB4101019B2BB1BCF1000F12D1019B4D
:10A2D000C3F800B005B0BDE8F08F9342BEDD4FF08B
:10A2E000FF3CC7E7039A22231360019B6046614647
:10A2F000002BEFD005F1FF3BE9E701232C78029317
:10A300008D1C7EE7302C23D12B7803F0DF03582BF4
:10A310001BD14FF010096C780F2202354FF0FF3738
:10A320006FF070484FF0000A4E468EE72B7803F02E
:10A33000DF03582BEDD04FF00809B24607224FF04B
:10A34000FF376FF060484E467FE74FF0000A5DE749
:10A350000F224FF0FF376FF07048B1464FF0000A00
:10A3600073E700BF7516002099999919FFF730BF60
:10A3700070B582B00446069D55B16AB10F4800958C
:10A38000D0F8E4602046B047431C10D002B070BD46
:10A3900000F1F405002AF1D1084B0095D3F8E460F0
:10A3A00011460123064A2046B047431CEED1002245
:10A3B0008A232A60236002B070BD00BF006B0220B8
:10A3C000FC0C002070B5054684B05BB11C4669B139
:10A3D0000E4B2846D3F8E0602346B047431C0FD00D
:10A3E00004B070BD00F582740029F1D1074A2346FC
:10A3F000D2F8E06028460A4601A9B047431CEFD1D5
:10A4000000228A2322602B6004B070BD006B022002
:10A4100010B582B0049CCDE900344FF0FF3301F059
:10A420009FFD02B010BD00BF002100F001B800BFC9
:10A4300010B500F0ABF8044601F0A4FDA0F11A033A
:10A44000DBB2022B06D9A4F1090004288CBF00203E
:10A45000012010BD012010BD022932D00329C0F314
:10A4600007231DBFA0F1800283F08003D2B2C2B2E5
:10A4700003F15001C9B21F2906D84CF6D3718842A6
:10A4800069D94FF0FF30704703F13001C9B2242978
:10A490000ED84FF2A6418842F3D8D03BC3EBC3138A
:10A4A000A2F1A10000EB4300304A32F810007047DF
:10A4B000A13B072BE5D8DFE803F0483E342E2925E1
:10A4C0002119C2B29E2AC0F307210BD92332D2B27E
:10A4D00080239F2994BF7039503103EB410303F06F
:10A4E000FF03C5E77E3AD2B27F23F2E7C02AC8D87D
:10A4F0001F4BA2F1A10033F810007047F12AC0D819
:10A500001C4B19E0D82ABCD81B4B15E0F62AB8D84A
:10A5100002F540507047F32AB3D802F53E50203080
:10A520007047164B134413F8A13C002BA9D002F539
:10A530007E4060307047124BA2F1A10033F810004A
:10A54000002808BF4FF0FF3070470E4BA2F1A1006A
:10A5500033F810007047B03BC3EBC313A2F1A10066
:10A5600000EB4300084A32F81000704768BD002035
:10A57000281B0020841A0020141A0020B81900207B
:10A58000FC18002040180020D070002038B5054687
:10A59000B9B101F5957412492046F9F7FDFB28B9C8
:10A5A00028460121BDE83840FFF756BF0D49204637
:10A5B000F9F7F2FB38B928460221BDE83840FFF729
:10A5C0004BBF094CE7E709492046F9F7E5FB28B9F5
:10A5D00028460321BDE83840FFF73EBF284638BD76
:10A5E000E4170020E81700202A6C0220F017002052
:10A5F0000EB410B583B005AB064C53F8042B019391
:10A600000146206800F07CF903B0BDE8104003B0BB
:10A61000704700BF887002202DE9F04F93681768DB
:10A6200083B09246002B70D081468A6808680C4639
:10A63000083743E0A38913F4906F2ED0D4E90416B1
:10A64000A0EB010806EB460606EBD67608F1010002
:10A6500076102844B042324684BF064632465B0537
:10A6600037D511464846F7F7B9FA019000283AD095
:10A6700042462169F4F794FFA289019B22F490627B
:10A6800042F08002A281A6EB080203EB080066619B
:10A69000A260236120602E46A84642465946F9F73B
:10A6A0008DF9DAF80830A2682068921B40445B1BE1
:10A6B000A2602060CAF808303BB3083757E902B5FA
:10A6C000002DFAD0AA4216469046B3D92E46A84687
:10A6D000E3E74846F7F74AFD03460028D3D121694E
:10A6E0004846F9F797FEA3890C2243F04003C9F8C6
:10A6F00000204FF0FF30A38100220023CAF8082079
:10A70000CAF8043003B0BDE8F08F00200023CAF877
:10A71000043003B0BDE8F08F38B54B1C1AD09389D4
:10A720001446126B23F02003A381CDB2AAB1626854
:10A73000636B9A4209DA23685A1E226003F8015CAF
:10A74000636801336360284638BD214601F058FA3A
:10A750000028F0D04FF0FF35F5E7236922682BB1D0
:10A76000934203D212F8013CAB420FD06168E1631F
:10A770002346A26304F1400103226263216303F8CC
:10A78000425F0122C4E90032284638BD6368013ABD
:10A790000133C4E90023D6E710B50C46096B69B153
:10A7A00004F14003994201D0F9F734FEE36B636092
:10A7B0000020206313B1A36B236010BDA38921691E
:10A7C000002243F02003C4E90012A3814FF0FF30C0
:10A7D00010BD00BF2DE9F04F85B0CDE9023202FB7C
:10A7E00003F30E9C0193A3B3D4F804A0019B53453B
:10A7F0008B4646D9A046019D58F8401B07460026C7
:10A8000052465846F4F7CCFE2368226B5344A946BF
:10A81000C4E9003611463846D344A5EB0A05E2B137
:10A82000424501D0F9F7F6FDE36B26636360A3B1FF
:10A83000A16B2160AB429A46E2D3029B01932A4668
:10A840005846F4F7ADFED4E90032521B2B44C4E95C
:10A850000032019805B0BDE8F08F019A039B524485
:10A86000A2EB0902B2FBF3F30193A38922690198D9
:10A8700043F02003A3810023C4E9002305B0BDE811
:10A88000F08F21681D46D8E72DE9F84F4B6E9C04E8
:10A8900090462DD59368126843B38B46064602F165
:10A8A000080959E9025A5FEA9A0715D0043D0024C5
:10A8B00001E0A7420ED055F8041F5A46304601F079
:10A8C00097FA431C04F10104F3D10023C8E90133D2
:10A8D000BDE8F88FD8F808302AF0030AA3EB0A0382
:10A8E000C8F8083009F10809002BDAD10020ECE79C
:10A8F00001F00CF80023C8E90133BDE8F88F00BF70
:10A900002DE9F04F2DED028BC5B00DF1500A8346B5
:10A9100008EE101A16460021082250461C460793DE
:10A92000F9F7C8F8BBF1000F04D0DBF83430002B86
:10A9300000F0A08618EE102A536EDB0740F1138555
:10A94000B2F90C108AB295040BD418EE103A41F407
:10A95000005199815B6E8AB218EE101A23F40053ED
:10A960004B66100740F1058118EE103A1B69002B69
:10A9700000F0FF8002F01A030A2B00F00A81002386
:10A98000CDE91933CDE90D331BAA0C9318929146EA
:10A990000B930593B0464446A84BD3F8E450F9F71F
:10A9A00053F92246034612A9CDF800A05846A847FD
:10A9B000002800F04581C0F23981129A252A034609
:10A9C00001D01C44E8E7B4EB0806054640F03C81A2
:10A9D000002361788DF8433004F1010806934FF0AD
:10A9E000FF371E462B2408F10108A1F120035A2B42
:10A9F00000F27881DFE813F0B50276017601B0024B
:10AA00007601760176016A00760176017D028D027B
:10AA1000760188029702760192025B005B005B0080
:10AA20005B005B005B005B005B005B007601760116
:10AA300076017601760176017601760176015C0277
:10AA40008400760176017601760176017601760141
:10AA5000760176017601E80076017601760133020F
:10AA60007601DA02760176018B05760176017601B0
:10AA700076017601760176017601760176015C0237
:10AA80008600760176017601CD0286007F00760190
:10AA9000C0027601FD02EA00ED027F00760133027A
:10AAA0007C006905760176016B0576017C00A1F1D9
:10AAB0003003002218F8011B02EB820203EB420272
:10AAC000A1F13003092BF5D906928EE75846FEF71F
:10AAD0007DFA43680D931846F9F78AFB0E900546F8
:10AAE0005846FEF773FA83680B93002D40F0D68426
:10AAF00098F8001077E798F8001046F0200672E703
:10AB000046F01006B40640F18E81079B073323F010
:10AB100007031A46596852F8083B07920A4600296B
:10AB2000C0F27084791C00F0A28526F080010391A8
:10AB300053EA020100F03F840A2B72F1000180F019
:10AB4000418530338DF80F31039E012304930DF2BC
:10AB50000F14049BBB42B8BF3B46039300230893EA
:10AB60009DF84330002B00F0CB80039B013303930F
:10AB7000C6E018EE101A584618EE105A01F07CF88C
:10AB8000002840F05286AA8902F01A030A2B7FF4AB
:10AB9000F6AE18EE101AB1F90E30002BFFF6EFAE3C
:10ABA0004B6EDB0702D4970540F1128618EE101A9F
:10ABB00023463246584600F069FE0590059845B098
:10ABC000BDEC028BBDE8F08F46F0100616F02002B7
:10ABD00000F03681079B073323F0070319465A68B4
:10ABE00051F8083B079126F4806103910021002071
:10ABF0008DF84300781C00F01082039820F0800646
:10AC000053EA020040F00882002F40F03885002906
:10AC100040F0D583039B13F00103049300F01184EB
:10AC200030238DF80F310DF20F1492E70822002126
:10AC30005046F8F73FFF01231C44ADE6006B0220AD
:10AC4000B4EB080605461BD0199B1A9A013332440F
:10AC5000072BC9E900861A9219931CDD002A00F01F
:10AC6000A68318EE101A18AA5846FFF70DFE20BB4F
:10AC70000DF16C09059B33440593002D7FF4A8AEBC
:10AC80001A9B002B40F0C18518EE103A0022B3F950
:10AC90000C30199215E009F10809EBE718EE101ACB
:10ACA00018AA5846FFF7F0FD002800F0A680089B80
:10ACB0001BB108995846F9F7ADFB18EE103AB3F9F5
:10ACC0000C3018EE102A526E12F0010F9AB200F0FA
:10ACD000A080500600F1B285059845B0BDEC028B0E
:10ACE000BDE8F08F0029CBD000238DF8433001233D
:10ACF000CDE903338DF8AC102BAC002308931F462D
:10AD000016F00203099302D0039B0233039316F05B
:10AD100084030A9305D1069B039A9D1A002D00F324
:10AD20007B82DDE91903411C9DF8432082B1012299
:10AD30000133C9F8042007290DF14302CDE91913A5
:10AD4000C9F8002000F34A82084609F108090131D8
:10AD5000099AE2B111AA0233C9F8002007294FF07D
:10AD60000202CDE91913C9F8042040F35082002BE8
:10AD700000F0438318EE101A18AA5846FFF784FD16
:10AD8000002894D1DDE919030DF16C09411C0A9AE0
:10AD9000802A00F08481049ABD1A002D00F3D78127
:10ADA000049AC9F8004013440729CDE91913C9F8DA
:10ADB000042040F36E81002B00F0758218EE101A0B
:10ADC00018AA5846FFF760FD00287FF470AF1A9B61
:10ADD0000DF16C09750705D5069A0399541A002CD4
:10ADE00000F36B82DDE9052103988142ACBF521864
:10ADF00012180592002B7FF451AF08990023199384
:10AE0000002900F049815846F9F704FB0DF16C095F
:10AE1000C1E59C053FF55DAF18EE104AA06DF8F74F
:10AE2000AFFFA28955E7F006079A00F11F8371066C
:10AE300040F1198332F9043B0792DA1711466EE6A6
:10AE400016F01003079940F0098316F0400000F057
:10AE500001831A4651F8043B07919BB2C3E6079B56
:10AE60001A4600238DF84330134653F8044B0393DE
:10AE7000002C00F01284532900F0658316F01005B1
:10AE800040F061837B1C00F0B3843A46294620469B
:10AE9000F9F74EF90890002800F09F84031B039AED
:10AEA000049323EAE3732F4607920393089557E62A
:10AEB000432902D0F50640F12D83079D0822002189
:10AEC00016A82BACF8F7F6FD16AB55F8042B214667
:10AED0005846FFF777FA03460133049000F0B38435
:10AEE000049B079523EAE373039300238DF8433013
:10AEF00003E7079B53F8042B0692002A80F29C82FA
:10AF0000069A5242CDE9062398F8001046F004064E
:10AF100069E598F800108DF8434064E598F8001052
:10AF200046F080065FE5424612F8011B2A2900F030
:10AF30009684A1F13003092B90464FF000073FF6AD
:10AF400054AD18F8011B07EB870703EB4707A1F186
:10AF50003003092BF5D948E598F8001046F00106B2
:10AF600041E59DF84330002B7FF4C2AD202398F8D3
:10AF700000108DF8433036E598F800106C2903BFB7
:10AF800098F8011046F0200608F1010846F0100676
:10AF900029E598F80010682903BF98F8011046F4D5
:10AFA000007608F1010846F040061CE546F0100363
:10AFB0000393039B13F0200200F00682079B0733E4
:10AFC00023F0070319465A6851F8083B07910121FD
:10AFD0000DE6079A46F00203039352F8043B0792EA
:10AFE00047F63002ADF84420B84A0C920221002204
:10AFF000FDE5B70600F14882F50600F146837406C8
:10B0000000F1D583B00540F14083079B059953F8C3
:10B01000042B07931170BEE4039601293FF48CAD15
:10B02000022944AC11D10C9803F00F011B09415CBB
:10B0300004F8011D43EA0273120953EA0201F3D135
:10B04000039E44AB1B1B049383E503F00701DB085D
:10B0500043EA4273D208303153EA0205204604F82D
:10B06000011DF2D1039EF307EBD53029E8D0302340
:10B07000023804F8013C44AB1B1A039E04930446B7
:10B0800067E5049B1B9401221C931A9319920DF1FE
:10B090006C0909F108099DE60DF16C097BE4069A3B
:10B0A000039D551B002D7FF776AE102D40F3BB831B
:10B0B000099418EE104A07E000F1020C09F10809A2
:10B0C0001046103D102D1EDD8149C9F80010421CAC
:10B0D00010331021072ACDE91923C9F80410EBDD3C
:10B0E00018AA002B74D0214658460DF16C09FFF7C1
:10B0F000CBFB00287FF4DBADDDE91903103D102DFB
:10B1000000F1010CE0DC099C714AC9F804502B44A1
:10B11000BCF1070FCDE919C3C9F8002040F39481B1
:10B12000002B00F01F8318EE101A18AA5846FFF7DC
:10B13000ABFB00287FF4BBAD049ADDE91903BD1A0F
:10B14000002D00F101010DF16C097FF729AE102DE2
:10B1500029DD0994102718EE104A07E000F1020CCF
:10B1600009F108091046103D102D1ADD421C5849FE
:10B170001033072AC9E90017CDE91923EEDD18AA13
:10B1800003B3214658460DF16C09FFF77DFB0028FB
:10B190007FF48DADDDE91903103D102D00F1010C98
:10B1A000E4DC099C61464A4AC9F804502B4407294B
:10B1B000CDE91913C9F8002000F3E78009F1080967
:10B1C0000131EDE54FF0010C18460DF16C09CAE7AD
:10B1D0004FF0010C18460DF16C0972E7002B00F0DE
:10B1E000048118EE101A18AA5846FFF74DFB0028E4
:10B1F0007FF45DADDDE919030DF16C09411CA7E594
:10B20000022311AA1C931B9201210DF16C0908461F
:10B2100009F10809411CBAE5102D40F3E582DDE98A
:10B2200019130F94084618EE104A07E000F1020CBB
:10B2300009F108091046103D102D1DDD2549C9F8FA
:10B240000010421C10331021072ACDE91923C9F838
:10B250000410EBDD18AA03B3214658460DF16C0922
:10B26000FFF712FB00287FF422ADDDE91903103D42
:10B27000102D00F1010CE1DC0F9C6046154AC9F865
:10B2800004502B440728CDE91903C9F8002000F326
:10B29000C18009F10809411C46E518464FF0010C30
:10B2A0000DF16C09C7E77607199353D5069A0399F0
:10B2B000541A002C4EDD0DF16C09102C40F3B082B5
:10B2C000199918EE106A10250DE000BF1018002023
:10B2D000A464022030880020881C09F10809114666
:10B2E000103C102C1ADD4A1CB3481033072AC9E958
:10B2F0000005CDE91923EFDD18AA33B331465846CE
:10B30000FFF7C2FA00287FF4D2ACDDE91913103C34
:10B31000102C01F101000DF16C09E4DCA64AC9F81A
:10B32000044023440728CDE91903C9F800207FF71A
:10B3300059AD7BB118EE101A18AA5846FFF7A4FAB7
:10B3400000287FF4B4AC1A9B4CE5012019460DF19E
:10B350006C09C5E7DDE9053203998A42ACBF9B1849
:10B360005B18059349E5B2F90C108F0518EE103AF9
:10B370008AB23FF5E8AA18EE105A986DF8F7FEFC6D
:10B38000B5F90C108AB2FFF7DEBA002B3FF479AEA4
:10B3900018EE101A18AA5846FFF776FA00287FF41C
:10B3A00086AC19991A9B01310DF16C09F8E41992D8
:10B3B0000DF16C095EE4002F7FF4C3AB039E002700
:10B3C000049744ACFFF7C5BB039B13F0100354D1A3
:10B3D000039A12F0400000F06B8107991A4651F869
:10B3E000043B07919BB2012101E4099A002A64D130
:10B3F000184601210DF16C09C9E4012118460DF12F
:10B400006C09C4E45B4262EB420203962D200121E9
:10B41000FFF7EEBB002B00F0888018EE101A18AA78
:10B420005846FFF731FA00287FF441ACDDE91903F3
:10B430000DF16C09411C77E498F800100793FFF7B1
:10B44000D2BA44ACFFF785BB09F108090CF1010140
:10B450006046A0E416F4007240F0978151F8043B76
:10B460000791FFF7C0BBB30500F1888152F8043B98
:10B470000792DA171146FFF752BB079951F8043BC0
:10B4800007910121FFF7B3BB079B059853F8041BF5
:10B490000793C217C1E90002FFF77DBA0B9B002B8F
:10B4A0003FF426AB0B9B1B78002B3FF421AB98F8A5
:10B4B000001046F48066FFF796BA022311AA1C9387
:10B4C0001B9201200DF16C09A2E6039671E53B4B3E
:10B4D0000C9316F0200259D0079B073323F0070383
:10B4E00018465A6850F8083B0790F40709D553EA04
:10B4F000020006D08DF84510302146F002068DF886
:10B50000441026F4806103910221FFF770BB2C4B9D
:10B510000C93DEE7079B012153F8042B03918DF870
:10B52000AC20079304912BACDFE49DF84320002A64
:10B5300040F03281099A002A7FF462AE1846012158
:10B540000DF16C0927E40021082216A81394F8F7DE
:10B55000B1FA791C00F0BC80002507942C460CE061
:10B560002BA95846FEF72EFF421C204400F06B81A9
:10B57000B84208DC00F070810446139A525916ABA9
:10B580000435002AECD10494079CAFE016F01003B8
:10B5900007980CD116F0400405D01A4650F8043B29
:10B5A00007909BB2A1E716F4007240F0E18050F8DA
:10B5B000043B079099E700BF308800201018002056
:10B5C000241800200399049744AC9E4608EE90BAD4
:10B5D00001F480664FF0000C234606E0BEF10A0F2E
:10B5E00072F1000239D3A6462A46A6491EEB020094
:10B5F00040F100000F46A1FB001424F0030101EB11
:10B600009401401ABEEB00014FF0CC3562F100040A
:10B6100005FB01F507FB0455A1FB07410D44052778
:10B6200004F00101A1FB071B09186408303103F87D
:10B63000011C44EAC5740CF1010C013B6D08002E9D
:10B64000CCD00B9909786145C8D1BCF1FF0FC5D0AA
:10B65000BEF10A0F72F100026CD21C4644AB1B1BF8
:10B66000049F039E049318EE90BAFFF772BA0396F4
:10B67000FFF762BA5846F7F7E5FFFFF75BB9012914
:10B6800003967FF4CDACFFF75CBA079B059953F89E
:10B69000042B11600793FFF77EB9062F3B46039AF0
:10B6A000794C079228BF062304930393FFF725BB29
:10B6B000039B079913F4007214BF51F8043B51F82F
:10B6C000043B07911CBF0246DBB20121FFF78FBA92
:10B6D00016AB00930023194613AA5846FEF798FEAE
:10B6E00003460133049000F0AE801394049B002BBA
:10B6F00030D0632B63DC002308932BAC082200219D
:10B7000016A8F8F7D7F9049D16AB009313AA2B4699
:10B7100021465846FEF77CFE854240F0AB80039BF5
:10B72000049A07930023A3541F4622EAE27303936B
:10B73000FFF716BA0E9A0D999B1A18460893F8F758
:10B7400051FA0B99089B4A780AB101310B914FF0DD
:10B75000000C48E7039B0793049B03931F46089341
:10B76000FFF7FEB9012118460DF16C09FFF713BB75
:10B7700050F8043B07902246DBB2B6E612F9043BD0
:10B780000792DA171146FFF7CAB951F8043B07913F
:10B790000246DBB2FFF727BA01231C9301210DF10A
:10B7A00043031B930DF16C090B46FFF7CDBA079BC2
:10B7B000059953F8042B07931180FFF7ECB8591C37
:10B7C0005846F6F70BFA044600283CD0089095E757
:10B7D000886DF8F7D5FAFFF7E9B9039B0793CDE930
:10B7E0000377089FFFF7BCB919981A9B013045E50C
:10B7F000039B07932046F8F7FBFC20EAE0732F46F3
:10B80000049003930895FFF7ABB918EE101A18AA25
:10B810005846FFF739F800283FF436AAFFF74DBA2B
:10B82000199801307AE58C466EE46B6ED90705D421
:10B83000AB899A0502D4A86DF8F7A2FA4FF0FF334E
:10B840000593FFF749BA18EE102AB2F90C3043F00D
:10B8500040039381FFF735BA079C049746E7079B9F
:10B8600098F8011053F8047B0793904647EAE7776E
:10B87000FFF7B9B818EE102A938943F0400393817B
:10B88000FFF715BACDCCCCCC3818002070B50C46DB
:10B890008989ADF58E6D21F00201ADF81410616E4D
:10B8A0001B91E189ADF81610E1690991616A0B916C
:10B8B0001CA9029106914FF48061064604910791FC
:10B8C00018A80021CDE900320891F8F753FADDE914
:10B8D000003202A93046FFF713F8051E07DB02A964
:10B8E0003046FDF7D3FA002818BF4FF0FF35BDF8FA
:10B8F00014305B0603D5A38943F04003A381189855
:10B90000F8F73AFA28460DF58E6D70BD9368002B56
:10B9100000F085802DE9F04FB1F90C300C46190785
:10B92000804683B0174698B225D523691BB310F023
:10B9300002033D682DD04FF0000ADFF8C0B2564632
:10B94000B9465E453346524628BF5B464046002E08
:10B9500052D0E169676AB847002856DDD9F8083047
:10B960001B1A8244361AC9F80830002BE9D100208E
:10B9700003B0BDE8F08F2146404600F07DF9002875
:10B9800040F03881B4F90C303D6898B210F00203F1
:10B99000D1D110F0010944D14E46009746B382053B
:10B9A000D4F808B040F18580B3455A4600F2B4801F
:10B9B00010F4906F40F0C180206801924946F7F77B
:10B9C000FDFFA368019AA3EB0B012368A160134458
:10B9D000B24623600026009A9368A3EB0A03D14481
:10B9E0009360002BC3D0B4F90C0080B2002ED6D1E6
:10B9F000D5E900960835D1E7D5E900A60835A0E7D6
:10BA000021464046FDF742FA88B3B4F90C3043F0C2
:10BA100040034FF0FF30A38103B0BDE8F08F00205A
:10BA200070471E46BA469946184600951F4666B3AB
:10BA3000002832D04A46D4E904132068A568B242EF
:10BA400028BF3246884204D905EB030B5A4500F360
:10BA5000A780934264DCE169656A3A464046A8479C
:10BA6000B0F1000BD1DDB9EB0B09C9D00120DAF838
:10BA70000830A3EB0B035F44A6EB0B06CAF80830B3
:10BA8000002B3FF474AF002ED2D1009A56681346B3
:10BA900008320092002EF8D01F6832460A2138463C
:10BAA000F8F746FB002800F09C800130A0EB070966
:10BAB000C0E720682369984216D86269B24213D859
:10BAC0006FF00043B34228BF3346E16993FBF2F3C2
:10BAD000676A02FB03F340464A46B847B0F1000AE2
:10BAE00093DDA6EB0A0676E7B345DA4628BFB246F1
:10BAF00052464946F7F762FFA3682268A3EB0A03A0
:10BB00005244A3602260002BEBD121464046FDF752
:10BB1000BDF90028E5D078E72068B34632464CE707
:10BB200039460192F7F74AFF019AA3689B1AA3606E
:10BB3000236813442360934695E723682169A3EBA8
:10BB4000010B636903EB430A0AEBDA7A0BF1010399
:10BB50004FEA6A0A33445345524684BF9A465246D6
:10BB600043052CD511464046F6F738F800283BD05F
:10BB70005A4621690190F3F713FDA289019B22F433
:10BB8000906242F08002A28103EB0B002361AAEBDA
:10BB90000B03C4F814A0A3602060B34632460CE740
:10BBA00039465A46F7F70AFF23685B44236021466B
:10BBB0004046FDF76BF900283FF455AF25E74046B6
:10BBC000F6F7D4FA03460028DED121694046F8F79B
:10BBD00021FCB4F90C300C2223F08003C8F80020BB
:10BBE00015E7721C914626E70C22B4F90C30C8F810
:10BBF00000200CE74FF0FF30BAE600BF00FCFF7FEB
:10BC000001F140032DE9F0410C46096B994214D033
:10BC1000666B77003A46F6F7A9FA054640B300EBA3
:10BC20000608014632464046F3F7BAFCC4E90C5711
:10BC3000C4F800800020BDE8F0814FF48061F5F782
:10BC4000CDFFA8B194F842304FF48062C4E90C02F1
:10BC500080F8FF3394F8413080F8FE3394F84020A8
:10BC600080F8FD2300F2FD3323600020BDE8F08161
:10BC70004FF0FF30DFE700BF38B5314B1B6805469A
:10BC80000C4613B15A6B002A4ED0B4F90C30180789
:10BC90009AB21CD5216929B312F0010007D0002007
:10BCA000A06060694042A06139B1002038BD9507AD
:10BCB00058BF6069A0600029F7D1120658BF084636
:10BCC000F4D543F04003A3814FF0FF3038BDD106D7
:10BCD0002ED5520714D4216943F00803A3819AB2E8
:10BCE0000029D9D102F42070B0F5007FD4D02146CC
:10BCF000284600F077F9B4F90C3021699AB2CBE705
:10BD0000216B51B104F14002914204D02846F8F76A
:10BD100081FBB4F90C300022226321690022C4E9BE
:10BD2000001223F02403D7E71846F7F78BFCACE7A3
:10BD3000092243F040032A604FF0FF30A38138BD51
:10BD4000887002202DE9F04782B08246884614466A
:10BD5000F7F77AFF012803D108F1FF33FE2B36D91C
:10BD60000DF10409424604F15C0349465046FEF7D2
:10BD700029FB421C064632D020B39DF804C00025A2
:10BD800009E023685A1C226083F800C00135B542DF
:10BD900018D219F801CFA368013B002BA360F0DA99
:10BDA000A769BB4261462246504602DBBCF10A0F3E
:10BDB000E7D100F083F9431CE8D10646304602B0D3
:10BDC000BDE8F0874646304602B0BDE8F0875FFA2E
:10BDD00088FC8DF804C006460DF10409CFE7A3895D
:10BDE000304643F04003A38102B0BDE8F08700BFB6
:10BDF00030B5536E13F0010FB2F90C30144683B016
:10BE000005469AB201D198051CD5900406D4626EFD
:10BE100043F4005342F40052A3816266224628464E
:10BE2000FFF790FF636EDA07054602D4A3899B05EE
:10BE300002D5284603B030BDA06DF7F7A1FF284614
:10BE400003B030BDA06D0191F7F798FFB4F90C3045
:10BE500001999AB2D9E700BF2DE9F04F8BB0DDE927
:10BE6000158A149F0391814605921E46B8F1000F72
:10BE70005CD0039B002B5ED0059B1D68002F6AD011
:10BE8000741E4EB3039B0493043D002601950BE002
:10BE9000039B2BBB019B1A68002A3AD0BC455CD29D
:10BEA000013C631C664617D0D8F800300293019B12
:10BEB000DAF8E05053F8042F019307A943464846A7
:10BEC000D8F804B0A847421C3AD000EB060CBC4599
:10BED000DED9029BC8E9003B30460BB0BDE8F08FCD
:10BEE00000280EDD049B019D18445A1E07A900F18D
:10BEF000FF3E11F8013B02F8013F7245F9D101956F
:10BF00000490059B1A6804321A60019B1A68002A83
:10BF1000C4D1039B0BB1059B1A600CF1FF360022C4
:10BF20003046C8F800200BB0BDE8F08F039B00F549
:10BF30008678002BA0D1059B4FF0FF371D689FE747
:10BF400006468A2100223046C9F80010C8F80020B1
:10BF50000BB0BDE8F08F3E46BEE76646BCE700BFCB
:10BF600010B584B0054C06980090079801900448DD
:10BF700000680294FFF770FF04B010BD006B022050
:10BF800088700220154B984223D870B5144E4FF09C
:10BF9000000E40F6DB0403E002F1010EA64516DCBC
:10BFA00004EB0E0222F0010303EB620306EB4303F2
:10BFB000521059785D88B3F804C041EA05218C44D9
:10BFC0006045E9D8884206D2541EA645E8DDFF2028
:10BFD00070BDFF207047187870BD00BFEF010E00E4
:10BFE000408800202DE9F0418B890C46990796B0D6
:10BFF00008D504F143030122C4E90432236016B0DA
:10C00000BDE8F081B4F90E100029064625DB6A462A
:10C0100000F0ACF800281FDB019D05F47045A5F584
:10C020000055B5FA85F54FF480686D094FF4006747
:10C0300041463046F5F7D2FDE0B1B4F90C30C4F812
:10C04000148043F0800320602061A38135BB3B4313
:10C05000A38116B0BDE8F081A38913F0800519D043
:10C060004FF040080025414630462F46F5F7B6FD13
:10C070000028E2D1B4F90C309A05C0D423F00303B0
:10C0800004F1430243F002030121C4E90421A38126
:10C090002260B4E74FF480682F46C9E7B4F90E1068
:10C0A000304600F079F810B9B4F90C30CFE7A38925
:10C0B00023F0030343F001031BB2C8E7F8B50D46B4
:10C0C0001446064610B1436B002B4CD0B4F90C203B
:10C0D000A369A360170790B21BD52369CBB1EDB25A
:10C0E00081042F4622D522686169D31A994229DD3D
:10C0F0000133A1680139A160511C2160157062698A
:10C100009A4227D0A389DB0701D50A2D22D03846D1
:10C11000F8BD21463046FFF7AFFD08BBB4F90C204F
:10C12000236990B2EDB281042F46DCD442F4005270
:10C13000A281626E616922F4005262662268D31A9B
:10C140009942D5DC21463046FCF7A0FE40B9226872
:10C150000123CEE721463046FCF798FE0028D6D0D2
:10C160004FF0FF37D3E7F7F76DFAAFE770B50C463E
:10C17000084D03460026204611461C462E60F3F764
:10C18000F9FB431C00D070BD2B68002BFBD0236053
:10C1900070BD00BF0882042038B5074D0022044658
:10C1A00008462A60F3F7ECFB431C00D038BD2B682F
:10C1B000002BFBD0236038BD0882042008B502465E
:10C1C0000B4643EC172BB5EEC07BF1EE10FA03D40F
:10C1D000BDE8084000F00CB8B1EE477B51EC170BFE
:10C1E00000F006F8404261EB410108BD000000008C
:10C1F0009FED0B6B41EC170B9FED0B5B27EE066B76
:10C20000BCEEC66BB8EE464BA4EE457BFCEEC77B9E
:10C2100016EE101A17EE900A704700BFAFF30080B9
:10C22000000000000000F03D000000000000F041B0
:10C230005FF800F0A92600605FF800F0351F00608D
:10C240005FF800F02D1700605FF800F03118006013
:10C250005FF800F0FD260060000000000000000014
:04C26000F8B500BF6E
:08C26400D852FF7F0100000029
:10C26C0000000000000000000000000000000000C2
:10C27C0000000000000000000000000000000000B2
:10C28C0000000000000000000000000000000000A2
:10C29C000000000000000000000000000000000092
:10C2AC000000000000000000000000000000000082
:10C2BC000000000000000000000000000000000072
:10C2CC000000000000000000000000000000000062
:10C2DC000000000000000000000000000000000052
:10C2EC000000000000000000000000000000000042
:10C2FC000000000000000000000000000000000032
:10C30C000000000000000000000000000000000021
:10C31C000000000000000000000000000000000011
:10C32C000000000000000000000000000000000001
:10C33C0000000000000000000000000000000000F1
:10C34C0000000000000000000000000000000000E1
:10C35C0000000000000000000000000000000000D1
:10C36C0000000000000000000000000000000000C1
:10C37C0000000000000000000000000000000000B1
:10C38C0000000000000000000000000000000000A1
:10C39C000000000000000000000000000000000091
:10C3AC000000000000000000000000000000000081
:10C3BC000000000000000000000000000000000071
:10C3CC000000000000000000000000000000000061
:10C3DC000000000000000000000000000000000051
:10C3EC000000000000000000000000000000000041
:10C3FC000000000000000000000000000000000031
:10C40C000000000000000000000000000000000020
:10C41C000000000000000000000000000000000010
:10C42C000000000000000000000000000000000000
:10C43C0000000000000000000000000000000000F0
:10C44C0000000000000000000000000000000000E0
:10C45C0000000000000000000000000000000000D0
:10C46C0000000000000000000000000000000000C0
:10C47C0000000000000000000000000000000000B0
:10C48C0000000000000000000000000000000000A0
:10C49C000000000000000000000000000000000090
:10C4AC000000000000000000000000000000000080
:10C4BC000000000000000000000000000000000070
:10C4CC000000000000000000000000000000000060
:10C4DC000000000000000000000000000000000050
:10C4EC00000000000000F03F748515D3B0D9EF3F79
:10C4FC000F89F96C58B5EF3F515B12D00193EF3FA8
:10C50C007B517D3CB872EF3FAAB968318754EF3F3D
:10C51C003862756E7A38EF3FE1DE1FF59D1EEF3FF6
:10C52C0015B7310AFE06EF3FCBA93A37A7F1EE3F1C
:10C53C002234124CA6DEEE3F2D89616008CEEE3F10
:10C54C00272A36D5DABFEE3F824F9D562BB4EE3FED
:10C55C00295448DD07ABEE3F85553AB07EA4EE3F3B
:10C56C00CD3B7F669EA0EE3F745FECE8759FEE3F7F
:10C57C008701EB7314A1EE3F13CE4C9989A5EE3FC6
:10C58C00DBA02A42E5ACEE3FE5C5CDB037B7EE3FB8
:10C59C0090F0A38291C4EE3F5D253EB203D5EE3FF1
:10C5AC00ADD35A999FE8EE3F475EFBF276FFEE3F24
:10C5BC009C5285DD9B19EF3F6990EFDC2037EF3FF4
:10C5CC0087A4FBDC1858EF3F5F9B7B33977CEF3FD6
:10C5DC00DA90A4A2AFA4EF3F40456E5B76D0EF3F5C
:10C5EC00000000000000E8429423914BF86AAC3F35
:10C5FC00F3C4FA50CEBFCE3FD6520CFF422EE63FCC
:10C60C000000000000003843FE822B6547154740B0
:10C61C009423914BF86ABC3EF3C4FA50CEBF2E3F24
:10C62C00D6520CFF422E963FBEF3F879EC61F63FE2
:10C63C00DEAA8C80F77BD5BF3D88AF4AED71F53F04
:10C64C00DB6DC0A7F0BED2BFB010F0F03995F43F4F
:10C65C00673A517FAE1ED0BF8503B8B095C9F33F82
:10C66C00E92482A6D831CBBFA564880C190DF33F01
:10C67C005877C00A4F57C6BFA08E0B7B225EF23F85
:10C68C0000819CC72BAAC1BF3F341A4A4ABBF13F59
:10C69C005E0E8CCE764EBABFBAE58AF05823F13FC7
:10C6AC00CC1C615A3C97B1BFA70099413F95F03F14
:10C6BC001E0CE138F452A2BF000000000000F03F55
:10C6CC000000000000000000AC479AFD8C60EE3FBB
:10C6DC008459F25DAAA5AA3FA06A021FB3A4EC3F3D
:10C6EC00B42E36AA535EBC3FE6FC6A573620EB3FAD
:10C6FC0008DB2077E526C53F2DAAA163D1C2E93F0F
:10C70C007047220D86C2CB3FED417803E686E83FA9
:10C71C00E17EA0C88B05D13F624853F5DC67E73F4B
:10C72C0009EEB6573004D43FEF39FAFE422EE63FFD
:10C73C003483B848A30ED0BF6A0BE00B5B57D53FD0
:10C74C0023410AF2FEFFDFBF0080E03779C341438B
:10C75C00176E05B5B5B89346F5F93FE9034F384D5B
:10C76C00321D30F94877825A3CBF737FDD4F157507
:10C77C00000000000000F03F00000000000024401A
:10C78C0000000000000059400000000000408F40F5
:10C79C00000000000088C34000000000006AF84060
:10C7AC000000000080842E4100000000D012634184
:10C7BC000000000084D797410000000065CDCD41FA
:10C7CC00000000205FA00242000000E876483742DB
:10C7DC00000000A2941A6D42000040E59C30A24279
:10C7EC000000901EC4BCD64200003426F56B0C43EE
:10C7FC000080E03779C3414300A0D8855734764395
:10C80C0000C84E676DC1AB43003D9160E458E143F5
:10C81C00408CB5781DAF154450EFE2D6E41A4B446A
:10C82C0092D54D06CFF08044F64AE1C7022DB544AF
:10C83C00B49DD9794378EA44BEF3F879EC61F63FBC
:10C84C001930965BC6FEDEBF3D88AF4AED71F53FF1
:10C85C00A4FCD432680BDBBFB010F0F03995F43F78
:10C86C007BB71F0A8B41D7BF8503B8B095C9F33F7F
:10C87C007BCF6D1AE99DD3BFA564880C190DF33FCE
:10C88C0031B6F2F39B1DD0BFA08E0B7B225EF23F24
:10C89C00F07A3B1B1D7CC9BF3F341A4A4ABBF13F9F
:10C8AC009F3CAF93E3F9C2BFBAE58AF05823F13F3E
:10C8BC005C8D78BFCB60B9BFA70099413F95F03F25
:10C8CC00CE5F47B69D6FAABF000000000000F03F8E
:10C8DC000000000000000000AC479AFD8C60EE3FA9
:10C8EC003DF5249FCA38B33FA06A021FB3A4EC3FA6
:10C8FC00BA913854A976C43FE6FC6A573620EB3F10
:10C90C00D2E4C44A0B84CE3F2DAAA163D1C2E93F25
:10C91C001C65C6F04506D43FED417803E686E83F3A
:10C92C00F89F1B2C9C8ED83F624853F5DC67E73F81
:10C93C00CC7BB14EA4E0DC3F0B6E49C91676D23FDE
:10C94C007AC675A06919D7BFDDBAA76C0AC7DE3FD6
:10C95C00C8F6BE484715E7BF2BB82A654715F73F01
:10C96C00000000000000F03F000000000000F0BFDD
:10C97C00000000000000F0BF000000000000F03FCD
:10C98C0083C8C96D305F6441182D4454FB21F93FB5
:10C99C00000000000000F03F1C620CFDFFFFDFBF39
:10C9AC00198F06E15355A53F9D359AE887C056BFB0
:10C9BC00C3F87B024393F93E03A695595455C5BF62
:10C9CC00C40B23057610813F24CF7437EB9429BF19
:10C9DC00000000000000F03F000000000000F0BF6D
:10C9EC00000000000000F0BF000000000000F03F5D
:10C9FC0083C8C96D305F6441182D4454FB21F93F45
:10CA0C00000000000000F0BF1C620CFDFFFFDF3FC8
:10CA1C00198F06E15355A5BF9D359AE887C0563F3F
:10CA2C00C3F87B024393F9BE03A695595455C5BF71
:10CA3C00C40B23057610813F24CF7437EB9429BFA8
:10CA4C00BC89D897B2D29C3C33A7A8D523F64939D8
:10CA5C003DA7F444FD0FA5329D978CCF08BA5B25FA
:10CA6C00436FAC6428066811314541560100000043
:10CA7C00636F6E666967204C6F61646564000000CB
:10CA8C00495352432000000049434D5320000000FD
:10CA9C0049415254200000004950524420000000EB
:10CAAC004953424A20000000494E414D20000000ED
:10CABC00092535642025386420253264202534640A
:10CACC00202536643A090000342E332E3000000045
:10CADC006D6963726F50414D5F56340025733A2572
:10CAEC0073000000495346540000000050414D00B3
:10CAFC0049474E52000000004953524300000000C9
:10CB0C0049434D53000000004941525400000000BD
:10CB1C0049505244000000004953424A00000000B2
:10CB2C00494E414D00000000696E666F20696E69C8
:10CB3C0074616C697A656400206D753A00000000C0
:10CB4C00207369673A000000206D755F7369673A5E
:10CB5C0000000000257320253034642D253032640C
:10CB6C002D25303264200000253032643A253032D5
:10CB7C00643A253032640A000A3D3D3D3D3D3D3D61
:10CB8C003D3D3D3D3D3D3D3D3D3D3D3D3D00000080
:10CB9C0056657273696F6E20202020005549442021
:10CBAC0020202020202020005641453A206E6F2066
:10CBBC0053442C2072616E646F6D20696E69740031
:10CBCC002F5641455F6D6F64656C2E646174000077
:10CBDC005641453A206E6F206D6F64656C20666916
:10CBEC006C652C2072616E646F6D20696E697400C7
:10CBFC005641453A206D6F64656C206C6F616465BD
:10CC0C00642066726F6D2053440000005641453A13
:10CC1C0020626164206D6F64656C2066696C652CA4
:10CC2C002072616E646F6D20696E69740000000083
:10CC3C005641453A206E6F2053442C206D6F64652D
:10CC4C006C206E6F74207361766564002F564145BD
:10CC5C005F6261636B7570002F5641455F62616363
:10CC6C006B75702F5641455F6D6F64656C5F2573F6
:10CC7C002E646174000000005641453A2063616ED9
:10CC8C006E6F742073617665206D6F64656C000047
:10CC9C005641453A206D6F64656C2073617665640E
:10CCAC0000000000745F616371202028612920005E
:10CCBC002073656300000000745F6F6E20202028D5
:10CCCC006F292000206D696E00000000745F726592
:10CCDC0070202028722920006673616D7020202836
:10CCEC006629200020487A00616761696E2020283F
:10CCFC00672920002064420050726F63657373696A
:10CD0C006E672000566F6C74616765200000000030
:10CD1C00494352440000000025733B202534643BFA
:10CD2C00202534643B202534643B2025346C753B32
:10CD3C002025346C753B202536753B202533643B10
:10CD4C00202533643B202534643B202533643B2071
:10CD5C002533643B202534643B202534643B20255B
:10CD6C0034643B202534643B2025732E00000000E6
:10CD7C00494B45590000000056657273696F6E3A55
:10CD8C002025733B206D69737365645F6163713A31
:10CD9C0020256C750000000049434D540000000034
:10CDAC0066733D25642C206E313D25642C206E323B
:10CDBC003D25640D0A000000433A20002F636F6E7E
:10CDCC006669672E747874002320636F6E666967DA
:10CDDC0075726174696F6E2066696C650A0000007B
:10CDEC00232073686F756C6420656E64207769749A
:10CDFC006820272327206F7220273B2720636F6D25
:10CE0C006D656E74206D617920666F6C6C6F770A3E
:10CE1C0000000000230A000021612025642020234B
:10CE2C002066696C652073697A65202873656329AF
:10CE3C000A000000216F202564202023206F6E2023
:10CE4C0074696D6520286D696E290A002172202590
:10CE5C00642020232072657065746974696F6E207C
:10CE6C00696E74657276616C20286D696E290A0092
:10CE7C00216620256409232073616D706C696E67CF
:10CE8C00206672657175656E637920286B487A2906
:10CE9C000A0000002167202564092320616E616C63
:10CEAC006F67206761696E20286442290A000000C0
:10CEBC0021732025730923202849535243292073B9
:10CECC006F7572636520776974682073656E73691A
:10CEDC007469766974790A0021632025730923200B
:10CEEC002849434D532920636F6D6D697373696FC6
:10CEFC006E696E67206F7267616E697A6174696FB3
:10CF0C006E0A0000216E2025730923202849415206
:10CF1C005429206E616D65206F66206F706572619B
:10CF2C00746F72202863726561746F72290A000035
:10CF3C002170202573092320284950524429207040
:10CF4C00726F6A6563740A002165202573092320BA
:10CF5C00284953424A2920617265610A0000000089
:10CF6C00216C20257309232028494E414D29206C22
:10CF7C006F636174696F6E2069640A00213120252A
:10CF8C0064092320685F7265635B305D0A000000F2
:10CF9C002132202564092320685F7265635B315D53
:10CFAC000A0000002133202564092320685F726584
:10CFBC00635B325D0A0000002134202564092320C4
:10CFCC00685F7265635B335D0A0000002178202581
:10CFDC00732020232073746172742074696D652032
:10CFEC00797979792D6D6D2D64645F68683A6D6D12
:10CFFC003A73730A00000000256C750025333973F1
:10D00C0000000000737461727400000073746F7020
:10D01C00200000002068696265726E6174696E6739
:10D02C002000000020686F7572730000202800003B
:10D03C002073656329000000206D696E757465733B
:10D04C000000000061203D20000000006F203D200A
:10D05C000000000072203D200000000066203D20F2
:10D06C000000000067203D200000000075203D20DE
:10D07C000000000070203D200000000064203D00F6
:10D08C006E203D20000000006B203D2000000000C1
:10D09C006C203D200000000031203D2000000000ED
:10D0AC0032203D200000000033203D200000000015
:10D0BC0034203D200000000078203D2000000000BE
:10D0CC0072746300496620636F72726563742070BA
:10D0DC00726573732072657475726E2C206F746830
:10D0EC0065727769736520656E74657220636F7203
:10D0FC0072656374206461746520616E6420746968
:10D10C006D650000436F72726563746564207469A9
:10D11C006D6520697300000054696D65206861734A
:10D12C00206E6F74206265656E20636F727265632A
:10D13C00746564002530386C580000002530346468
:10D14C002530326425303264000000002530326412
:10D15C0025303264253032640000000025735F25D1
:10D16C00730000002F25735F2573000025735F2566
:10D17C00735F25732E2573003B2000002073746FA2
:10D18C0070706564200000002564202564202564EF
:10D19C002025642025640A00616C61726D20256471
:10D1AC002025642025642025640A000053746F72C6
:10D1BC0061676520256420003B20746F74616C20CE
:10D1CC00636C7573746572733A2000002066726527
:10D1DC006520636C7573746572733A2000000000EF
:10D1EC0020636C757374657273697A653A200000FC
:10D1FC00206B42797465000053442053746F726144
:10D20C006765202564206661696C6564206F7220F7
:10D21C006D697373696E6700666F756E642025782F
:10D22C000A00000041444320493243202578206EF7
:10D23C006F7420666F756E640A00000030783135AB
:10D24C003A200000307837333A20000030783734F9
:10D25C003A200000307837363A2000006578744365
:10D26C006C6F636B20000000585254432000000088
:10D27C001F1C1F1E1F1E1F1F1E1F1E1FFF007801BD
:10D28C0080014302880187018C018B01920191017D
:10D29C009501F601990198019A013D029E01200227
:10D2AC00A801A701AD01AC01B001AF01B901B801F2
:10D2BC00BD01BC01BF01F701C601C401C901C70111
:10D2CC00CC01CA01DD018E01F301F101F501F4017C
:10D2DC003A02652C3C023B023E02662C42024102A1
:10D2EC0053028101540286015602890157028A01B8
:10D2FC0059028F015B029001600293016302940159
:10D30C0068029701690296016B02622C6F029C0104
:10D31C0072029D0175029F017D02642C8002A601A0
:10D32C008302A9018802AE01890244028A02B1017A
:10D33C008B02B2018C0245029202B7017B03FD0302
:10D34C007C03FE037D03FF03AC038603C203A3032C
:10D35C00CC038C03CD038E03CE038F03F203F903AE
:10D36C00F803F703FB03FA03CF04C0047D1D632C01
:10D37C00511F591F531F5B1F551F5D1F571F5F1FE9
:10D38C00781FF81F791FF91FB31FBC1FCC1FC31FB9
:10D39C00E51FEC1FFC1FF31F4E213221842183213A
:10D3AC00612C602C762C752C3E20000025642563A6
:10D3BC00256425632564256325642563256425631D
:10D3CC00256400003C41464B0001020300010203AE
:10D3DC006100E01AE000E017F800E00700010130FE
:10D3EC0032010106390101104A01012E79010106B1
:10D3FC0082010104A0010106B3010104CD01011059
:10D40C00DE010112F8010128220201124602010A72
:10D41C00AD03DB03B103E011C303E009D80301182A
:10D42C003004E0205004B010600401228A0401365C
:10D43C00C104010ED00401446105D026001E0196E2
:10D44C00A01E015A001F0808101F0806201F0808FC
:10D45C00301F0808401F0806601F0808701F4A028A
:10D46C00721F5604761F64027A1F70027C1F7E02A4
:10D47C00801F0808901F0808A01F0808B01F08028A
:10D48C00D01F0802E01F08027021F010D024E61A09
:10D49C00302CD02F672C0106802C0164002D002627
:10D4AC0041FFE01A45584641540000006E616E0081
:10D4BC00696E66006F7666000000000000000000D8
:10D4CC005528000009280000A91E00004122000078
:10D4DC006D2200001D2800005522000000000000F5
:10D4EC000000000031180060000000000000000087
:10D4FC00F59D0000019E0000F99D0000019F0000B9
:10D50C007DA40000ADA3000009A40000A9A20000A6
:10D51C007DA00000BDA80000119E0000859D0000AC
:10D52C004DA50000719D0000759D00007D9D0000C3
:10D53C00819D000095A00000DDA6000065A60000FE
:10D54C00BDA10000699D0000799D0000BDA70000F1
:10D55C00E5A40000759E0000000000000000000023
:10D56C00E1C20000E1D90000DDD90000D9D90000EA
:10D57C00D5D9000005C6000009C60000D1D90000AD
:10D58C0000000000000000005528000009280000E1
:10D59C00A91E0000412200006D2200001D28000081
:10D5AC005522000000000000000000002561000072
:10D5BC0051610000A91E000021610000FD60000007
:10D5CC00251B0000096100000000000000000000A5
:10D5DC0075AA000079AA0000E5A8000069AE000059
:10D5EC00B1BA000031B40000C5930000A5AA000038
:10D5FC0081BA0000C1BB0000B9B400005D9300000B
:10D60C00D9B1000005AA000011AA0000D9A8000099
:10D61C00DDA80000E1A800001DAA000041AA00003E
:10D62C0065AA0000E5AE000089AA0000BDAC0000B0
:10D63C0031AF000005B00000000000001400000035
:10D64C000A0000000A000000D8399D270054EA2A7D
:10D65C0000A4781F007B9A172C2066756E63746982
:10D66C006F6E3A2000000000617373657274696F0D
:10D67C006E2022257322206661696C65643A2066EF
:10D68C00696C6520222573222C206C696E6520251F
:10D69C0064257325730A000042616C6C6F63207300
:10D6AC007563636565646564000000002F646174D4
:10D6BC00612F6A656E6B696E732F776F726B737007
:10D6CC006163652F474E552D746F6F6C636861698C
:10D6DC006E2F61726D2D31312F7372632F6E6577E2
:10D6EC006C69622D63796777696E2F6E65776C69EB
:10D6FC00622F6C6962632F7374646C69622F676448
:10D70C00746F612D6765746865782E630000000086
:10D71C0000000000000000000000000000000000FD
:10D72C0000000000000000000000000000000000ED
:10D73C0000000000000000000000000000000000DD
:10D74C001011121314151617181900000000000000
:10D75C00001A1B1C1D1E1F00000000000000000012
:10D76C0000000000000000000000000000000000AD
:10D77C00001A1B1C1D1E1F000000000000000000F2
:10D78C00000000000000000000000000000000008D
:10D79C00000000000000000000000000000000007D
:10D7AC00000000000000000000000000000000006D
:10D7BC00000000000000000000000000000000005D
:10D7CC00000000000000000000000000000000004D
:10D7DC00000000000000000000000000000000003D
:10D7EC00000000000000000000000000000000002D
:10D7FC00000000000000000000000000000000001D
:10D80C00000000000000000000000000000000000C
:10D81C00A2000000F9A2000083F9A2006E83F9A215
:10D82C004E6E83F9444E6E8315444E6E2915444E4C
:10D83C00FC29154427FC29155727FC29D15727FC0F
:10D84C00F5D1572734F5D157DD34F5D1C0DD34F59A
:10D85C00DBC0DD3462DBC0DD9562DBC0999562DB39
:10D86C003C999562433C999590433C994190433C3B
:10D87C002F646174612F6A656E6B696E732F776F9D
:10D88C00726B73706163652F474E552D746F6F6C9F
:10D89C00636861696E2F61726D2D31312F73726304
:10D8AC002F6E65776C69622D63796777696E2F6E61
:10D8BC0065776C69622F6C6962632F7374646C6931
:10D8CC00622F6D707265632E6300000065256C64B9
:10D8DC0000000000002020202020202020202828CC
:10D8EC002828282020202020202020202020202014
:10D8FC002020202020881010101010101010101054
:10D90C001010101010040404040404040404041083
:10D91C001010101010104141414141410101010111
:10D92C0001010101010101010101010101010101DB
:10D93C0010101010101042424242424202020202E7
:10D94C0002020202020202020202020202020202AB
:10D95C00101010102000000000000000000000005B
:10D96C0000000000000000000000000000000000AB
:10D97C00000000000000000000000000000000009B
:10D98C00000000000000000000000000000000008B
:10D99C00000000000000000000000000000000007B
:10D9AC00000000000000000000000000000000006B
:10D9BC00000000000000000000000000000000005B
:10D9CC00000000000000000000000000000000004B
:10D9DC000000000000000000496E66696E697479F1
:10D9EC00000000004E614E002F646174612F6A6567
:10D9FC006E6B696E732F776F726B73706163652FCB
:10DA0C00474E552D746F6F6C636861696E2F617230
:10DA1C006D2D31312F7372632F6E65776C69622DAA
:10DA2C0063796777696E2F6E65776C69622F6C69A5
:10DA3C0062632F7374646C69622F64746F612E63FC
:10DA4C00000000004A495300534A495300000000AB
:10DA5C004555434A500000006E660000696E6974BB
:10DA6C0079000000616E0000494E46004E414E00A8
:10DA7C003031323334353637383961626364656638
:10DA8C0000000000303132333435363738394142FA
:10DA9C004344454600000000286E756C6C2900005C
:10DAAC000030013002300CFF0EFFFB301AFF1BFF61
:10DABC001FFF01FF9B309C30B40040FFA8003EFFCD
:10DACC003E203FFFFD30FE309D309E300330DD4E5A
:10DADC00053006300730FC30142010200FFF3CFFBF
:10DAEC001C3016205CFF26202520182019201C2015
:10DAFC001D2008FF09FF143015303BFF3DFF5BFF75
:10DB0C005DFF083009300A300B300C300D300E3010
:10DB1C000F30103011300BFF1222B100D700F7007C
:10DB2C001DFF60221CFF1EFF662267221E2234226C
:10DB3C0042264026B000322033200321A50004FFEA
:10DB4C00A200A30005FF03FF06FF0AFF20FFA700AA
:10DB5C0006260526CB25CF25CE25C725C625A125EE
:10DB6C00A025B325B225BD25BC253B201230922122
:10DB7C00902191219321133000000000000000003F
:10DB8C00000000000000000000000000000008225F
:10DB9C000B2286228722822283222A22292200001B
:10DBAC000000000000000000000000000000272220
:10DBBC002822AC00D221D4210022032229220000E9
:10DBCC000000000000000000000000000000000049
:10DBDC0000002022A52212230222072261225222B7
:10DBEC006A226B221A223D221D2235222B222C2244
:10DBFC0000000000000000000000000000002B21CD
:10DC0C0030206F266D266A2620202120B6002C227B
:10DC1C00000000000000EF250000000000000000E4
:10DC2C0000000000000000010101010101010101DF
:10DC3C0001000000000000000101010101010101CF
:10DC4C0001010101010101010101010101010101B8
:10DC5C0001010000000000000001010101010101AF
:10DC6C000101010101010101010101010101010198
:10DC7C00010101009103920393039403950396030E
:10DC8C009703980399039A039B039C039D039E039C
:10DC9C009F03A003A103A303A403A503A603A70347
:10DCAC00A803A90300000000000000000000000011
:10DCBC0000000000B103B203B303B403B503B60311
:10DCCC00B703B803B903BA03BB03BC03BD03BE035C
:10DCDC00BF03C003C103C303C403C503C603C70307
:10DCEC00C803C9031004110412041304140415040A
:10DCFC00010416041704180419041A041B041C0448
:10DD0C001D041E041F0420042104220423042404E3
:10DD1C00250426042704280429042A042B042C0493
:10DD2C002D042E042F040000000000000000000051
:10DD3C0000000000000000000000000000000000D7
:10DD4C000000000030043104320433043404350480
:10DD5C00510436043704380439043A043B043C04B7
:10DD6C003D043E043F044004410442044304440483
:10DD7C00450446044704480449044A044B044C0433
:10DD8C004D044E044F040000002502250C251025DF
:10DD9C00182514251C252C25242534253C25012546
:10DDAC0003250F2513251B251725232533252B2567
:10DDBC003B254B2520252F25282537253F251D259F
:10DDCC0030252525382542250800001010000002BA
:10DDDC001800001220000004280000143000000677
:10DDEC003800001640000008480000185000000AD7
:10DDFC005800001A6000000C6800001C7000000E37
:10DE0C007800001E8000000888004010900040023E
:10DE1C0098004012A0004004A8004014B000400636
:10DE2C00B8004016C0004008C8004018D000400A96
:10DE3C00D800401AE000400CE800401CF000400EF6
:10DE4C00F800401E0001000808018010100180023B
:10DE5C0018018012200180042801801430018006F2
:10DE6C003801801640018008480180185001800A52
:10DE7C005801801A6001800C6801801C7001800EB2
:10DE8C007801801E800140088801C0109001C002FA
:10DE9C009801C012A001C004A801C014B001C006B2
:10DEAC00B801C016C001C008C801C018D001C00A12
:10DEBC00D801C01AE001C00CE801C01CF001C00E72
:10DECC00F801C01E00020008080200111002000335
:10DEDC00180200132002000528020015300200076A
:10DEEC003802001740020009480200195002000BCA
:10DEFC005802001B6002000D6802001D7002000F2A
:10DF0C007802001F800280088802401190024003B2
:10DF1C0098024013A0024005A8024015B002400729
:10DF2C00B8024017C0024009C8024019D002400B89
:10DF3C00D802401BE002400DE802401DF002400FE9
:10DF4C00F802401F000340080803801110038003EF
:10DF5C0018038013200380052803801530038007E5
:10DF6C003803801740038009480380195003800B45
:10DF7C005803801B6003800D6803801D7003800FA5
:10DF8C007803801F8003C0088803C0119003C0036E
:10DF9C009803C013A003C005A803C015B003C007A5
:10DFAC00B803C017C003C009C803C019D003C00B05
:10DFBC00D803C01BE003C00DE803C01DF003C00F65
:10DFCC00F803C01F0004001008040810100400110E
:10DFDC001804081220040810280408143004080639
:10DFEC003804081640040808480408185004080AA5
:10DFFC005804081A6004080C6804081C7004080E05
:10E00C007804081E80040018880448109004001935
:10E01C0098044812A0040818A8044814B004480630
:10E02C00B8044816C0044808C8044818D004480A64
:10E03C00D804481AE004480CE804481CF004480EC4
:10E04C00F804481E00054010080588101005401102
:10E05C0018058812200548102805881430058806F4
:10E06C003805881640058808480588185005880A20
:10E07C005805881A6005880C6805881C7005880E80
:10E08C007805881E800540188805C8109005401931
:10E09C009805C812A0054818A805C814B005C806EC
:10E0AC00B805C816C005C808C805C818D005C80AE0
:10E0BC00D805C81AE005C80CE805C81CF005C80E40
:10E0CC00F805C81E000680100806081110068011FD
:10E0DC0018060813200688102806081530060807AD
:10E0EC003806081740060809480608195006080B98
:10E0FC005806081B6006080D6806081D7006080FF8
:10E10C007806081F8006801888064811900680192A
:10E11C0098064813A0068818A8064815B0064807A4
:10E12C00B8064817C0064809C8064819D006480B57
:10E13C00D806481BE006480DE806481DF006480FB7
:10E14C00F806481F0007C010080788111007C011F7
:10E15C00180788132007C810280788153007880768
:10E16C003807881740078809480788195007880B13
:10E17C005807881B6007880D6807881D7007880F73
:10E18C007807881F8007C0188807C8119007C01926
:10E19C009807C813A007C818A807C815B007C80760
:10E1AC00B807C817C007C809C807C819D007C80BD3
:10E1BC00D807C81BE007C80DE807C81DF007C80F33
:10E1CC00F807C81F0808101010084008180810128B
:10E1DC002008001128081014300880113808101677
:10E1EC00480810185008100A5808101A6008100C2B
:10E1FC006808101C7008100E7808101E8008000AA1
:10E20C00880850109008000B98085012A008080AB3
:10E21C00A8085014B008080BB8085016C008100A0B
:10E22C00C8085018D008500AD808501AE008500CEA
:10E23C00E808501CF008500EF808501E0809901001
:10E24C001009800918099012200900192809901446
:10E25C0030098019380990164009000B48099018AC
:10E26C005009900A5809901A6009900C6809901C82
:10E27C007009900E7809901E8009400A8809D01008
:10E28C009009400B9809D012A009480AA809D0148B
:10E29C00B009480BB809D016C009500AC809D018E3
:10E2AC00D009D00AD809D01AE009D00CE809D01C42
:10E2BC00F009D00EF809D01E080A1011180A101314
:10E2CC00200A4011280A1015300AC011380A1017FC
:10E2DC00480A1019500A100B580A101B600A100D2E
:10E2EC00680A101D700A100F780A101F880A501146
:10E2FC00900A800B980A5013A00A5011A80A5015C6
:10E30C00B00A880BB80A5017C00A800BC80A5019FB
:10E31C00D00A500BD80A501BE00A500DE80A501DC9
:10E32C00F00A500FF80A501F080B9011180B90139D
:10E33C00200B4019280B9015300BC019380B901777
:10E34C00480B9019500B900B580B901B600B900DB9
:10E35C00680B901D700B900F780B901F880BD011D1
:10E36C00900BC00B980BD013A00B5019A80BD01509
:10E37C00B00BC80BB80BD017C80BD019D80BD01BCF
:10E38C00E00BD00DE80BD01DF00BD00FF80BD01F0D
:10E39C00000C0012080C1810100C0013180C18129A
:10E3AC00200C0812280C1814300C0813380C1816F2
:10E3BC00400C1012480C1818500C1013580C181A4A
:10E3CC00600C1812680C181C700C180E780C181EA7
:10E3DC00800C001A880C5810900C001B980C5812CA
:10E3EC00A00C081AA80C5814B00C081BB80C581622
:10E3FC00C00C101AC80C5818D00C101BD80C581A7A
:10E40C00E00C181AE80C581CF00C580EF80C581E9E
:10E41C00000D4012080D9810100D4013180D981295
:10E42C00200D4812280D9814300D4813380D9816ED
:10E43C00400D5012480D9818500D5013580D981A45
:10E44C00600D5812680D981C700D980E780D981E62
:10E45C00800D401A880DD810900D401B980DD812C5
:10E46C00A00D481AA80DD814B00D481BB80DD8161D
:10E47C00C00D501AC80DD818D00D501BD80DD81A75
:10E48C00E00D581AE80DD81CF00DD80EF80DD81E5A
:10E49C00000E8012080E1811100E8013180E18138F
:10E4AC00200E8812280E1815300E8813380E1817E7
:10E4BC00400E9012480E1819500E9013580E181B3F
:10E4CC00600E9812680E181D700E180F780E181F1B
:10E4DC00800E801A880E5811900E801B980E5813BF
:10E4EC00A00E881AA80E5815B00E881BB80E581717
:10E4FC00C00E901AC80E5819D00E901BD80E581B6F
:10E50C00E00E981AE80E581DF00E580FF80E581F12
:10E51C00000FC012080F9811100FC013180F98138A
:10E52C00200FC812280F9815300FC813380F9817E2
:10E53C00400FD012480F9819500FD013580F981B3A
:10E54C00600FD812680F981D700F980F780F981FD6
:10E55C00800FC01A880FD811900FC01B980FD813BA
:10E56C00A00FC81AA80FD815B00FC81BB80FD81712
:10E57C00C00FD01AC80FD819D00FD01BD80FD81B6A
:10E58C00E00FD81AE80FD81DF00FD81BF80FD81FC2
:10E59C0008102010101040101810201228102014F1
:10E5AC003010881038102016401000114810201818
:10E5BC00501040115810201A601008126810201CBE
:10E5CC00701088127810201E80100012881008120B
:10E5DC009010401298106012A0102012A810601415
:10E5EC00B0106012B8106016C0100013C81060187C
:10E5FC00D0104013D810601AE0101812E810601CEC
:10E60C00F0109812F810601E081120121011401111
:10E61C001811A012201108182811A01430118818F4
:10E62C003811A0164811A0185811A01A6011081A18
:10E63C006811A01C7011881A7811A01E801110127C
:10E64C0088111812901150129811E012A01118187C
:10E65C00A811E014B0119818B811E016C0111013DD
:10E66C00C811E018D0115013D811E01AE011181A83
:10E67C00E811E01CF011981AF811E01E00120018B5
:10E68C000812081810124018181220132012201803
:10E69C002812201530126018381220174012001959
:10E6AC0048122019501240195812201B60122019C0
:10E6BC006812201D7012C8127812201F8012001AC6
:10E6CC008812081A9012401A98126013A012201A7D
:10E6DC00A8126015B012601AB8126017C012001B95
:10E6EC00C8126019D012401BD812601BE012201BFC
:10E6FC00E812601DF012601BF812601F0013101856
:10E70C0008131818101350181813A01320134818B6
:10E71C002813A0153013C8183813A017401310195C
:10E72C004813A019501350195813A01B6013481A02
:10E73C006813A01D7013C81A7813A01F8013101A29
:10E74C008813181A9013501A9813E013A013581822
:10E75C00A813E015B013D818B813E017C013101B8A
:10E76C00C813E019D013501BD813E01BE013581A30
:10E77C00E813E01DF013D81AF813E01F0814201446
:10E78C0010140015181420153014081538142816F8
:10E79C004014001548142818501410155814281A31
:10E7AC00601420156814281C701418157814281E71
:10E7BC008014001C8814201C9014001D9814201D1B
:10E7CC00A014081CA814281CB014081DB814681632
:10E7DC00C014101CC8146818D014101DD814681A52
:10E7EC00E014181CE814681CF014181DF814681EAA
:10E7FC00081520151015401518156015201528182A
:10E80C002815281C301548153815A8164815A818B1
:10E81C005815A81A6015281A6815A81C7015A81A7E
:10E82C007815A81E8015401C8815601C9015401D7D
:10E83C009815601DA015481CA815681CB015481D1E
:10E84C00B815E816C015501CC815E818D015501D81
:10E85C00D815E81AE015581CE815E81CF015581DD9
:10E86C00F815E81E0016001C0816081C1016401C93
:10E87C001816481C2016201C2816281C3016601C44
:10E88C00381628174016001D481628195016401D1A
:10E89C005816281B6016201D6816281D7016601D42
:10E8AC007816281F8016801C8816A01C9016801DB8
:10E8BC009816A01DA016881CA816A81CB016881D9A
:10E8CC00B8166817C016901CC8166819D016901D7B
:10E8DC00D816681BE016981CE816681DF016981DD3
:10E8EC00F816681F0017101C0817181C1017501C5E
:10E8FC001817581C201768182817681C3017E818A8
:10E90C003817A8174017101D4817A8195017501D75
:10E91C005817A81B6017681A6817A81D7017E81AF3
:10E92C007817A81F8017C01C8817E01C9017C01DF3
:10E93C009817E01DA017C81CA817E81CB017C81D15
:10E94C00B817E817C017D01CC817E819D017D01D76
:10E95C00D817E81BE017D81CE817E81DF017D81DCE
:10E96C00F817E81F18186018301848183818601C69
:10E97C005818301A6818301C7018181A7818301E6D
:10E98C008018001A8818081A9018001B981860191B
:10E99C00A018201AA818281AB018201BB818601D27
:10E9AC00C018101AC818181AD018101BD818701ABA
:10E9BC00E018301AE818701CF018581AF818701E65
:10E9CC00081920191819601A2819081D30198819E6
:10E9DC003819881D4819201B5819B01A6019081BC2
:10E9EC006819B01C7019881B7819B01E8019401A50
:10E9FC008819481A9019401B9819601BA019601AA5
:10EA0C00A819181DB019601BB819981DC019501AF7
:10EA1C00C819581AD019501BD819F01AE019181B1C
:10EA2C00E819F01CF019981BF819F01E381A701C14
:10EA3C00581A301B681A301D701A181B781A301FA0
:10EA4C00901AC01A981AC81AB01AE01AB81AE81A0A
:10EA5C00C01A801BC81A881BD01AC01BD81A701B6E
:10EA6C00E01AA01BE81A701DF01AE01BF81A701FB0
:10EA7C00281B481D381BC81D481B601B581BB01B8E
:10EA8C00681BB01D701BC81B781BB01F901BC01BD4
:10EA9C00981BC81BA81B581DB01BE01BB81BD81D0E
:10EAAC00D81BF01BE81BF01DF81BF01F081C201CCA
:10EABC00181C301C381C681C481C601C581C701C12
:10EACC00781C381E801C001E881C201E901C001FE9
:10EADC00981C201FA01C081EA81C281EB01C081F58
:10EAEC00B81C281FC01C101EC81C301ED01C101FA8
:10EAFC00D81C301FE01C181EE81C381EF01C181FF8
:10EB0C00F81C781E081D201D181D301D381DA81D51
:10EB1C00481D601D581D701D681D281F781DB81ECE
:10EB2C00801D401E881D601E901D401F981D601F7B
:10EB3C00A01D481EA81D681EB01D481FB81D681FCB
:10EB4C00C01D501EC81D701ED01D501FD81D701F1B
:10EB5C00E01D581EE81D781EF01D581FF81DF81EEC
:10EB6C00081E201E181E301E481E601E581E701EC9
:10EB7C00781E381F881EA01E901E801F981EA01F76
:10EB8C00B01E881FB81EA81FC01E801FC81E881F5D
:10EB9C00D01E901FD81EB01FE01EA01FE81EA81F7D
:10EBAC00F01E981FF81E781F081F201F181F301FFB
:10EBBC00481F601F581F701F781FB81F881FA01F89
:10EBCC00901FC01F981FE01FB01FC81FB81FE81F61
:10EBDC00C81FE01FD81FF01F0800000210004000E3
:10EBEC001800400220008000280080023000C00085
:10EBFC003800C002400000014800000350004001F2
:10EC0C005800400360008001680080037000C00160
:10EC1C007800C00380000002880008029000000306
:10EC2C0098004802A0000802A8008802B000C800A2
:10EC3C00B800C802C0000801C8000803D000480191
:10EC4C00D8004803E0008801E8008803F000C80100
:10EC5C00F800C8030801100210014001180150020D
:10EC6C002001000328019002300148013801D00234
:10EC7C004801100358015003600190016801900392
:10EC8C007001D0017801D003800140028801180284
:10EC9C009001400398015802A0014802A801980273
:10ECAC00B0014803B801D802C0015002C8011803D2
:10ECBC00D0015003D8015803E0015802E801980331
:10ECCC00F0015803F801D803080220021002400298
:10ECDC00180260022802A002300260023802E00230
:10ECEC004002000348022003500240035802600314
:10ECFC00600220036802A003700260037802E00344
:10ED0C008802A002900280039802A003B00288033C
:10ED1C00B802E802C0028003C8022803D0029003A4
:10ED2C00D8026803E002A003E802A803F0029803EB
:10ED3C00F802E803080320031003400318036003E0
:10ED4C0028038803300360033803980348036003E7
:10ED5C00580370036803B0037803F0038803A0031F
:10ED6C009003C0039803E003B003C803B803E8039F
:10ED7C00C803E003D803F003080040001800480063
:10ED8C0010004000280050002000400038005800BF
:10ED9C0030004800580068004800600068007000AF
:10EDAC0008000010100000201800003020000002A5
:10EDBC00280000123000002238000032400000040D
:10EDCC004800001450000024580000346000000675
:10EDDC0068000016700000267800003680000008DD
:10EDEC00880000189000002898000038A000000A45
:10EDFC00A800001AB000002AB800003AC000000CAD
:10EE0C00C800001CD000002CD800003CE000000E14
:10EE1C00E800001EF000002EF800003E0001000487
:10EE2C000801401010014020180140302001400220
:10EE3C002801401230014022380140324001400488
:10EE4C0048014014500140245801403460014006F0
:10EE5C006801401670014026780140368001400858
:10EE6C00880140189001402898014038A001400AC0
:10EE7C00A801401AB001402AB801403AC001400C28
:10EE8C00C801401CD001402CD801403CE001400E90
:10EE9C00E801401EF001402EF801403E000200083F
:10EEAC00080280101002802018028030200280029C
:10EEBC002802801230028022380280324002800404
:10EECC00480280145002802458028034600280066C
:10EEDC0068028016700280267802803680028008D4
:10EEEC00880280189002802898028038A002800A3C
:10EEFC00A802801AB002802AB802803AC002800CA4
:10EF0C00C802801CD002802CD802803CE002800E0B
:10EF1C00E802801EF002802EF802803E0003000CF6
:10EF2C000803C0101003C0201803C0302003800C4D
:10EF3C002803C0123003C0223803C0324003C0047F
:10EF4C004803C0145003C0245803C0346003C006E7
:10EF5C006803C0167003C0267803C0368003C0084F
:10EF6C008803C0189003C0289803C038A003C00AB7
:10EF7C00A803C01AB003C02AB803C03AC003C00C1F
:10EF8C00C803C01CD003C02CD803C03CE003C00E87
:10EF9C00E803C01EF003C02EF803C03E08040011A5
:10EFAC0010040021180400312004000C2804001364
:10EFBC0030040023380400334004000548040015D5
:10EFCC00500400255804003560040007680400173D
:10EFDC0070040027780400378004000988040019A5
:10EFEC009004002998040039A004000BA804001B0D
:10EFFC00B004002BB804003BC004000DC804001D75
:10F00C00D004002DD804003DE004000FE804001FDC
:10F01C00F004002FF804003F0805401110054021B2
:10F02C00180540312005000D2805401330054023FC
:10F03C0038054033480540155005402558054035E6
:10F04C006005400768054017700540277805403774
:10F05C0080054009880540199005402998054039DC
:10F06C00A005400BA805401BB005402BB805403B44
:10F07C00C005400DC805401DD005402DD805403DAC
:10F08C00E005400FE805401FF005402FF805403F14
:10F09C0000064008080680111006802118068031F1
:10F0AC002006C008280680133006802338068033DB
:10F0BC0040064009480680155006802558068035C4
:10F0CC0060068007680680177006802778068037F0
:10F0DC008006800988068019900680299806803958
:10F0EC00A006800BA806801BB006802BB806803BC0
:10F0FC00C006800DC806801DD006802DD806803D28
:10F10C00E006800FE806801FF006802FF806803F8F
:10F11C000007400C0807C0111007C0211807C031A8
:10F12C002007C00C2807C0133007C0233807C03392
:10F13C004007400D4807C0155007C0255807C0357B
:10F14C006007C0076807C0177007C0277807C0376B
:10F15C008007C0098807C0199007C0299807C039D3
:10F16C00A007C00BA807C01BB007C02BB807C03B3B
:10F17C00C007C00DC807C01DD007C02DD807C03DA3
:10F18C00E007C00FE807C01FF007C02FF807C03F0B
:10F19C00000800100808081010080820180808308B
:10F1AC002008801028080812300808223808083275
:10F1BC00400800114808081450080824580808345E
:10F1CC006008801168080816700808267808083648
:10F1DC00800808108808081890080828980808382B
:10F1EC00A008080AA808081AB008082AB808083A9B
:10F1FC00C008080CC808081CD008082CD808083C03
:10F20C00E008080EE808081EF008082EF808083E6A
:10F21C000009001408094810100948201809483042
:10F22C00200980142809481230094822380948322C
:10F23C004009001548094814500948245809483415
:10F24C0060098015680948167009482678094836FF
:10F25C0080090814880948189009482898094838E2
:10F26C00A009480AA809481AB009482AB809483A16
:10F27C00C009480CC809481CD009482CD809483C7E
:10F28C00E009480EE809481EF009482EF809483EE6
:10F29C00000A0018080A8810100A8820180A8830FA
:10F2AC00200A8018280A8812300A8822380A8832E4
:10F2BC00400A0019480A8814500A8824580A8834CD
:10F2CC00600A8019680A8816700A8826780A8836B7
:10F2DC00800A0818880A8818900A8828980A88389A
:10F2EC00A00A8818A80A881AB00A882AB80A883A84
:10F2FC00C00A880CC80A881CD00A882CD80A883CFA
:10F30C00E00A880EE80A881EF00A882EF80A883E61
:10F31C00000B001C080BC810100BC820180BC830B1
:10F32C00200B801C280BC812300BC822380BC8329B
:10F33C00400B001D480BC814500BC824580BC83484
:10F34C00600B801D680BC816700BC826780BC8366E
:10F35C00800B081C880BC818900BC828980BC83851
:10F36C00A00B881CA80BC81AB00BC82AB80BC83A3B
:10F37C00C00BC80CC80BC81CD00BC82CD80BC83C75
:10F38C00E00BC80EE80BC81EF00BC82EF80BC83EDD
:10F39C00000C4010080C0811100C0821180C083136
:10F3AC00200CC010280C0813300C0823380C083320
:10F3BC00400C4011480C0815500C0825580C083509
:10F3CC00600CC011680C0817700C0827780C0837F3
:10F3DC00800C4810880C0819900C0829980C0839D6
:10F3EC00A00CC810A80C081BB00C082BB80C083BC0
:10F3FC00C00C080DC80C081DD00C082DD80C083DED
:10F40C00E00C080FE80C081FF00C082FF80C083F54
:10F41C00000D4014080D4811100D4821180D4831ED
:10F42C00200DC014280D4813300D4823380D4833D7
:10F43C00400D4015480D4815500D4825580D4835C0
:10F44C00600DC015680D4817700D4827780D4837AA
:10F45C00800D4814880D4819900D4829980D48398D
:10F46C00A00DC814A80D481BB00D482BB80D483B77
:10F47C00C00D4815C80D481DD00D482DD80D483D60
:10F48C00E00D480FE80D481FF00D482FF80D483FD0
:10F49C00000E4018080E8811100E8821180E8831A5
:10F4AC00200EC018280E8813300E8823380E88338F
:10F4BC00400E4019480E8815500E8825580E883578
:10F4CC00600EC019680E8817700E8827780E883762
:10F4DC00800E4818880E8819900E8829980E883945
:10F4EC00A00EC818A80E881BB00E882BB80E883B2F
:10F4FC00C00E4819C80E881DD00E882DD80E883D18
:10F50C00E00E880FE80E881FF00E882FF80E883F4B
:10F51C00000F401C080FC811100FC821180FC8315C
:10F52C00200FC01C280FC813300FC823380FC83346
:10F53C00400F401D480FC815500FC825580FC8352F
:10F54C00600FC01D680FC817700FC827780FC83719
:10F55C00800F481C880FC819900FC829980FC839FC
:10F56C00A00FC81CA80FC81BB00FC82BB80FC83BE6
:10F57C00C00F481DC80FC81DD00FC82DD80FC83DCF
:10F58C00E00FC81DE80FC81FF00FC82FF80FC83FB9
:10F59C00001000200810101010101020181010303F
:10F5AC002010802028101012301010223810103229
:10F5BC004010002148101014501010245810103412
:10F5CC0060108021681010167010102678101036FC
:10F5DC0080100820881010189010102898101038DF
:10F5EC00A0108820A810101AB010102AB810103AC9
:10F5FC00C0100821C810101CD010102CD810103CB2
:10F60C00E0108821E810101EF010102EF810103E9B
:10F61C000011002408111024101150201811503022
:10F62C0020118024281150123011502238115032E0
:10F63C0040110025481150145011502458115034C9
:10F64C0060118025681150167011502678115036B3
:10F65C008011082488115018901150289811503896
:10F66C00A0118824A811501AB011502AB811503A80
:10F67C00C0110825C811501CD011502CD811503C69
:10F68C00E0118825E811501EF011502EF811503E53
:10F69C000012002808121028101290201812903016
:10F6AC002012802828129012301290223812903298
:10F6BC004012002948129014501290245812903481
:10F6CC00601280296812901670129026781290366B
:10F6DC00801208288812901890129028981290384E
:10F6EC00A0128828A812901AB012902AB812903A38
:10F6FC00C0120829C812901CD012902CD812903C21
:10F70C00E0128829E812901EF012902EF812903E0A
:10F71C000013002C0813102C1013D0201813D03009
:10F72C002013802C2813902C3013D0223813D03275
:10F73C004013002D4813D0145013D0245813D03438
:10F74C006013802D6813D0167013D0267813D03622
:10F75C008013082C8813D0189013D0289813D03805
:10F76C00A013882CA813D01AB013D02AB813D03AEF
:10F77C00C013082DC813D01CD013D02CD813D03CD8
:10F78C00E013882DE813D01EF013D02EF813D03EC2
:10F79C00001440200814502010141021181410319B
:10F7AC002014C0202814D020301410233814103307
:10F7BC0040144021481410155014102558141035BD
:10F7CC006014C021681410177014102778141037A7
:10F7DC00801448208814101990141029981410398A
:10F7EC00A014C820A814101BB014102BB814103B74
:10F7FC00C0144821C814101DD014102DD814103D5D
:10F80C00E014C821E814101FF014102FF814103F46
:10F81C00001540240815502410155021181550318E
:10F82C002015C0242815D0243015502338155033FA
:10F83C004015402548155015501550255815503574
:10F84C006015C0256815501770155027781550375E
:10F85C008015482488155019901550299815503941
:10F86C00A015C824A815501BB015502BB815503B2B
:10F87C00C0154825C815501DD015502DD815503D14
:10F88C00E015C825E815501FF015502FF815503FFE
:10F89C000016402808165028101690211816903182
:10F8AC002016C0282816D0283016902338169033EE
:10F8BC004016402948165029501690255816903558
:10F8CC006016C02968169017701690277816903716
:10F8DC0080164828881690199016902998169039F9
:10F8EC00A016C828A816901BB016902BB816903BE3
:10F8FC00C0164829C816901DD016902DD816903DCC
:10F90C00E016C829E816901FF016902FF816903FB5
:10F91C000017402C0817502C1017D0211817D03175
:10F92C002017C02C2817D02C3017D0233817D033E1
:10F93C004017402D4817502D5017D0255817D0354B
:10F94C006017C02D6817D0177017D0277817D037CD
:10F95C008017482C8817D0199017D0299817D039B0
:10F96C00A017C82CA817D01BB017D02BB817D03B9A
:10F97C00C017482DC817D01DD017D02DD817D03D83
:10F98C00E017C82DE817D01FF017D02FF817D03F6D
:10F99C0000180030081810301018182018181830DB
:10F9AC002018803028189030301818223818183247
:10F9BC0040180031481810315018182458181834B1
:10F9CC00601880316818903170181826781818361D
:10F9DC00801808308818183090181828981818387B
:10F9EC00A0188830A818181AB018182AB818183A7D
:10F9FC00C0180831C818181CD018182CD818183C66
:10FA0C00E0188831E818181EF018182EF818183E4F
:10FA1C0000190034081910341019582018195830CE
:10FA2C00201980342819903430195822381958323A
:10FA3C0040190035481910355019582458195834A4
:10FA4C006019803568199035701958267819583610
:10FA5C00801908348819183490195828981958386E
:10FA6C00A0198834A819581AB019582AB819583A34
:10FA7C00C0190835C819581CD019582CD819583C1D
:10FA8C00E0198835E819581EF019582EF819583E07
:10FA9C00001A0038081A1038101A9820181A9830C2
:10FAAC00201A8038281A9038301A9822381A98322E
:10FABC00401A0039481A1039501A9824581A983498
:10FACC00601A8039681A9039701A9826781A983604
:10FADC00801A0838881A1838901A9828981A983862
:10FAEC00A01A8838A81A9838B01A982AB81A983ACE
:10FAFC00C01A0839C81A981CD01A982CD81A983CD5
:10FB0C00E01A8839E81A981EF01A982EF81A983EBE
:10FB1C00001B003C081B103C101BD820181BD830B5
:10FB2C00201B803C281B903C301BD822381BD83221
:10FB3C00401B003D481B103D501BD824581BD8348B
:10FB4C00601B803D681B903D701BD826781BD836F7
:10FB5C00801B083C881B183C901BD828981BD83855
:10FB6C00A01B883CA81B983CB01BD82AB81BD83AC1
:10FB7C00C01B083DC81BD81CD01BD82CD81BD83C8C
:10FB8C00E01B883DE81BD81EF01BD82EF81BD83E76
:10FB9C00001C4030081C5030101C1821181C183147
:10FBAC00201CC030281CD030301C1823381C1833B3
:10FBBC00401C4031481C5031501C1825581C18351D
:10FBCC00601CC031681CD031701C1827781C183789
:10FBDC00801C4830881C5830901C1829981C1839E7
:10FBEC00A01CC830A81CD830B01C182BB81C183B53
:10FBFC00C01C4831C81C181DD01C182DD81C183D11
:10FC0C00E01CC831E81C181FF01C182FF81C183FFA
:10FC1C00001D4034081D5034101D5821181D58313A
:10FC2C00201DC034281DD034301D5823381D5833A6
:10FC3C00401D4035481D5035501D5825581D583510
:10FC4C00601DC035681DD035701D5827781D58377C
:10FC5C00801D4834881D5834901D5829981D5839DA
:10FC6C00A01DC834A81DD834B01D582BB81D583B46
:10FC7C00C01D4835C81D5835D01D582DD81D583DB0
:10FC8C00E01DC835E81D581FF01D582FF81D583FB2
:10FC9C00001E4038081E5038101E9821181E98312E
:10FCAC00201EC038281ED038301E9823381E98339A
:10FCBC00401E4039481E5039501E9825581E983504
:10FCCC00601EC039681ED039701E9827781E983770
:10FCDC00801E4838881E5838901E9829981E9839CE
:10FCEC00A01EC838A81ED838B01E982BB81E983B3A
:10FCFC00C01E4839C81E5839D01E982DD81E983DA4
:10FD0C00E01EC839E81E981FF01E982FF81E983F69
:10FD1C00001F403C081F503C101FD821181FD83121
:10FD2C00201FC03C281FD03C301FD823381FD8338D
:10FD3C00401F403D481F503D501FD825581FD835F7
:10FD4C00601FC03D681FD03D701FD827781FD83763
:10FD5C00801F483C881F583C901FD829981FD839C1
:10FD6C00A01FC83CA81FD83CB01FD82BB81FD83B2D
:10FD7C00C01F483DC81F583DD01FD82DD81FD83D97
:10FD8C00E01FC83DE81FD83DF01FD82FF81FD83F03
:10FD9C0008208020102020201820203028208028A7
:10FDAC003020202238202032402000214820C02042
:10FDBC005020202458202034602010246820C02893
:10FDCC007020202678202036882080309020202813
:10FDDC0098202038A0200830A8208038B020202A75
:10FDEC00B820203AC0200821C820C030D020202CB8
:10FDFC00D820203CE0200831E820C038F020202E0C
:10FE0C00F820203E002100240821802110211024FC
:10FE1C0018216030202120242821802930216022C3
:10FE2C0038216032402100254821C0215021602416
:10FE3C0058216034602150246821C029702160262B
:10FE4C007821603680210824882180319021602817
:10FE5C0098216038A0210834A8218039B021602A6B
:10FE6C00B821603AC0210825C821C031D021602CAE
:10FE7C00D821603CE0210835E821C039F021602E02
:10FE8C00F821603E00220030082280301022083019
:10FE9C001822A03020221030282288283022A022BC
:10FEAC003822A032402240304822C0305022A024B8
:10FEBC005822A034602250306822C8287022A02614
:10FECC007822A03680222030882288309022A028E8
:10FEDC009822A038A0221830A8228838B022A02A54
:10FEEC00B822A03AC0226030C822C830D022A02C40
:10FEFC00D822A03CE0221831E822C838F022A02EEB
:10FF0C00F822A03E00230031082380311023083151
:10FF1C001823E0302023103128238829302318316E
:10FF2C003823E032402340314823C0315023E024B1
:10FF3C005823E034602350316823C8297023E0260D
:10FF4C007823E03680231824882388319023E028F6
:10FF5C009823E038A0231834A8238839B023E02A4A
:10FF6C00B823E03AC0231825C823C831D023E02C8D
:10FF7C00D823E03CE0231835E823C839F023E02EE1
:10FF8C00F823E03E08248024102420241824203157
:10FF9C002824802C30241031382420334024002590
:10FFAC004824C024502420255824203560241025B2
:10FFBC006824C02C7024202778242037882480348F
:10FFCC009024202998242039A0244830A824803C4F
:10FFDC00B024202BB824203BC0240825C824C034CE
:10FFEC00D024202DD824203DE0244831E824C03CE6
:04FFFC00F024202F9E
:02000004600298
:10000000F824203F0825802510252025182560315B
:100010002825802D30255031382560334825C025CE
:1000200050256025582560356825C02D702560272E
:100030007825603788258035902560299825603996
:10004000A0254834A825803DB025602BB825603B0D
:10005000C825C035D025602DD825603DE025483520
:10006000E825C03DF025602FF825603F00260034CC
:1000700008268034102608341826A0312026103493
:100080002826882C302618343826A03340264034C1
:100090004826C034502648345826A03560265034AF
:1000A0006826C82C7026A0277826A0378026203402
:1000B000882688349026A0299826A039A026583072
:1000C000A826883CB026A02BB826A03BC0266034CA
:1000D000C826C834D026A02DD826A03DE026583109
:1000E000E826C83CF026A02FF826A03F00270035C0
:1000F00008278035102708351827E03120271035CC
:100100002827882D302718353827E03340274035F9
:100110004827C035502748355827E03560275035E7
:100120006827C82D7027E0277827E03780272035FB
:10013000882788359027E0299827E039A027583468
:10014000A827883DB027E02BB827E03BC0276035C3
:10015000C827C835D027E02DD827E03DE0275835FF
:10016000E827C83DF027E02FF827E03F082820289F
:1001700010288028182828302828902830288828F7
:10018000382828324028002C4828202C5028802C41
:10019000582828346028082C6828D0287028882CF3
:1001A000782828368828903098282838A0282830A1
:1001B000A8289038B028282AB828283AC028102C17
:1001C000C828D030D028282CD828283CE028182C43
:1001D000E828D038F028282EF828283E0029002CBE
:1001E0000829082C1029102C182968302029202CC7
:1001F000282990293029D030382968324029402CCC
:100200004829602C5029C02C582968346029482C72
:100210006829D0297029C82C782968368029802C33
:10022000882990319029282C98296838A0292834C9
:10023000A8299039B029682AB829683AC029502CD1
:10024000C829D031D029682CD829683CE029582CFD
:10025000E829D039F029682EF829683E002A0038AC
:10026000082A2038102A8038182AA830202A08386E
:10027000282A2838302A8838382AA832402A003CD0
:10028000482A203C502A803C582AA834602A083C3E
:10029000682A283C702A883C782AA836802A103898
:1002A000882A9830902A9038982AA838A02A183896
:1002B000A82A9838B02A9838B82AA83AC02A103CF8
:1002C000C82AD830D02AA82CD82AA83CE02A183C22
:1002D000E82AD838F02AA82EF82AA83E002B403861
:1002E000082B6038102BC038182BE830202B4838EA
:1002F000282B6838302BC838382BE832402B403C4C
:10030000482B603C502BC03C582BE834602B483CB9
:10031000682B683C702BC83C782BE836802B503813
:10032000882B9831902BD038982BE838A02B583850
:10033000A82B9839B02BD838B82BE83AC02B503CB2
:10034000C82BD831D02BE82CD82BE83CE02B583CDC
:10035000E82BD839F02BE82EF82BE83E082C202C7F
:10036000102C802C182C2831282C902C302C9031DB
:10037000382C2833402C002D482C202D502C802D3B
:10038000582C2835602C082D682CD02C702C882DEA
:10039000782C2837882C9034982C2839A02C683059
:1003A000A82C903CB02C6838B82C283BC02C102DC1
:1003B000C82CD034D02C282DD82C283DE02C182D3A
:1003C000E82CD03CF02C282FF82C283F082D202D8D
:1003D000102D802D182D6831282D902D302DD031E5
:1003E000382D6833482D602D502DC02D582D68357F
:1003F000682DD02D702DC82D782D6837882D90351B
:10040000982D6839A02D6834A82D903DB02D683CFA
:10041000B82D683BC82DD035D82D683DE02D683506
:10042000E82DD03DF02D682FF82D683F002E0039C3
:10043000082E2039102E8039182EA831202E083988
:10044000282E2839302E8839382EA833402E003DEA
:10045000482E203D502E803D582EA835602E083D58
:10046000682E283D702E883D782EA837802E1039B2
:10047000882E9834902E9039982EA839A02E1839AD
:10048000A82E983CB02E9839B82EA83BC02E103D0F
:10049000C82ED834D02E903DD82EA83DE02E183D41
:1004A000E82ED83CF02EA82FF82EA83F002F403978
:1004B000082F6039102FC039182FE831202F483904
:1004C000282F6839302FC839382FE833402F403D66
:1004D000482F603D502FC03D582FE835602F483DD4
:1004E000682F683D702FC83D782FE837802F50392E
:1004F000882F9835902FD039982FE839A02F583968
:10050000A82F983DB02FD839B82FE83BC02F503DC9
:10051000C82FD835D02FD03DD82FE83DE02F583DFB
:10052000E82FD83DF02FD83DF82FE83F1830303075
:1005300038303032403000314830083150301031DE
:100540005830303460302031683028317030183401
:10055000783030368830A03098303038A830A03825
:10056000B0308838B830303AC0308031C830E030F0
:10057000D0309031D830303CE0308831E830E0384D
:10058000F0308839F830303E00310034083108341A
:1005900010311034183118342031203428312834E7
:1005A000303130343831703240310035483108351F
:1005B000503110355831703460312035683128356C
:1005C0007031583478317036803180348831A031C0
:1005D0009031903498317038A0318834A831A039E6
:1005E000B031883CB831703AC0318035C831E03123
:1005F000D0319035D831703CE0318835E831E03980
:10060000F031883DF831703E0032003808328038D1
:100610001032083818328838203210382832903892
:10062000303218383832B032403240384832C03870
:10063000503248385832B034603250386832D0388E
:10064000703258387832B036803220388832A0384C
:10065000903228389832B038A0323038A832A838D2
:10066000B0329838B832B03AC0326038C832E03868
:10067000D0326838D832B03CE0327038E832E838EE
:10068000F0329839F832B03E0033003908338039FF
:10069000103308391833883920331039283390390A
:1006A0003033183938339839403340394833C039FA
:1006B000503348395833F034603350396833D039C7
:1006C000703358397833F036803320398833A03985
:1006D000903328399833F038A0339834A833A839A8
:1006E000B033983CB833F03AC0336039C833E0399E
:1006F000D0336839D833F03CE0339835E833E83903
:10070000F033983DF833F03E18343034383418392B
:1007100040340035483408355034103558343035BD
:1007200060342035683428357034183578343037E3
:100730008834A03498343039A834A03CB034C83858
:10074000B834303BC0348035C834E034D0349035D0
:10075000D834303DE0348835E834E03CF034C839F2
:10076000F834303F1835303538355839583570350C
:10077000783570378835A03598357039A835A03D63
:10078000B035C83CB835703BC835E035D835703D1C
:10079000E835E03DF035C83DF835703F0036003CA7
:1007A0000836803C1036083C1836883C2036103C11
:1007B0002836903C3036183C3836983C4036403C21
:1007C0004836C03C5036483C5836C83C6036503CF1
:1007D0006836D03C7036583C7836B0378036203C8E
:1007E0008836A03C9036283C9836B039A036303C4C
:1007F000A836A83CB036D838B836B03BC036603CD6
:10080000C836E03CD036683CD836B03DE036703C67
:10081000E836E83CF036D839F836B03F0037003DCE
:100820000837803D1037083D1837883D2037103D88
:100830002837903D3037183D3837983D4037403D98
:100840004837C03D5037483D5837C83D6037503D68
:100850006837D03D7037583D7837F0378037203DC6
:100860008837A03D9037283D9837F039A037303D84
:10087000A837A83DB037D83CB837F03BC037603D0B
:10088000C837E03DD037683DD837F03DE037703DA0
:10089000E837E83DF037D83DF837F03F383898383A
:1008A0004038003948380839503810395838183924
:1008B0006038203968382839703830397838983CB1
:1008C000A838B038B838383AC0388039C83888398C
:1008D000D0389039D838383CE038A039E838F0388A
:1008E000F838383EF038A8390039003C0839083C5F
:1008F0001039103C1839183C2039203C2839283C44
:100900003039303C3839383C4039003D4839083DB1
:100910005039103D5839183D6039203D6839283D1F
:100920007039303D7839D83C8039803C8839883CF2
:100930009039903C9839983CA039A03CA839B039FE
:10094000B839783AB039A83CC039803DC839883DBB
:10095000D039903DD839783CE039A03DE839F039BC
:10096000F839783EF039A83D083A103A103A203A62
:10097000183A303A203A803A283A903A303AA03A37
:10098000383AB03A403A003B483A103B503A203BA4
:10099000583A303B603A803B683A903B703AA03B13
:1009A000783AB03B883AA03A983AB03AA83AB03A86
:1009B000C03A083BC83A183BD03A283BD83AB83C32
:1009C000E03A883BE83A983BF03AA83BF83AB83E20
:1009D000003B003E083B103E103B203E183B303EA3
:1009E000203B803E283B903E303BA03E383BB03E13
:1009F000403B003F483B103F503B203F583B303F7F
:100A0000603B803F683B903F703BA03F783BB03FEE
:100A1000803B083E883B183E903B283E983B383E42
:100A2000A03B883EA83B983EB03BA83EB83BB83EB2
:100A3000C03B083FC83B183FD03B283FD83BF83C61
:100A4000E03B883FE83B983FF03BA83FF83BF83E4F
:100A5000383C983C403C003D483C083D503C103DF3
:100A6000583C183D603C203D683C283D703C303D82
:100A7000783C983DA83CB03CB83CB03EC03C803D82
:100A8000C83C883DD03C903DD83C383DE03CA03D42
:100A9000E83CF03CF03CA83DF83C383F383D983D00
:100AA000783DD83DA83DB03DB83DB03FE83DF03D74
:100AB000083E803EF83D783F103E803E183E883E1E
:100AC000203E803E283E903E303E883E383E983E56
:100AD000403E003F483E203F503E803F583EA03FB2
:100AE000603E083F683E283F703E883F783EA83F02
:100AF000883EA03E983EA83EC03E103FA83EB03E75
:100B0000C83E303FD03E903FD83EB03FE03E183F19
:100B1000E83E383FF03E983F083F803FF83EB83F00
:100B2000103F803F183F883F203F803F283F903F45
:100B3000303F883F383F983F483F503F503F603FED
:100B4000583F703F603FC03F683FD03F703FE03F3D
:100B5000783FF03F883FA03F983FA83FA83FB03F75
:100B6000D83FF03FC83FE03FE83FF03F08000002B9
:100B70001000000418000006200040002800400279
:100B800030004004380040064000800048008002E9
:100B900050008004580080066000C0006800C00259
:100BA0007000C0047800C0068000000188000003C7
:100BB0009000000598000007A0004001A800400335
:100BC000B0004005B8004007C0008001C8008003A5
:100BD000D0008005D8008007E000C001E800C00315
:100BE000F000C005F800C00700010002080108027B
:100BF000100108041801080620018002280148029B
:100C000030014804380148064001000348018802C9
:100C10005001880458018806600180036801C802F9
:100C20007001C8047801C806800108028801080321
:100C30009001080598010807A0018802A80148034F
:100C4000B0014805B8014807C0010803C80188037E
:100C5000D0018805D8018807E0018803E801C803AE
:100C6000F001C805F801C8070802100200020004DC
:100C700010021004180210062002800428025002FC
:100C8000300250043802500640020005480290022B
:100C90005002900458029006600280056802D0025B
:100CA0007002D0047802D006800208048802100383
:100CB0009002100598021007A0028804A8025003B1
:100CC000B0025005B8025007C0020805C8029003E0
:100CD000D0029005D8029007E0028805E802D00310
:100CE000F002D005F802D007000300060803100642
:100CF0001003180418031806200380062803900622
:100D0000300358043803580640030007480310070F
:100D100050039804580398066003800768039007FF
:100D20007003D8047803D8068003080688031806E1
:100D30009003180598031807A0038806A8039806CF
:100D4000B0035805B8035807C0030807C8031807BD
:100D5000D0039805D8039807E0038807E8039807AD
:100D6000F003D805F803D807080480041004200411
:100D70001804200628048005300460043804600646
:100D800040040006480488045004A0045804A00647
:100D900060041006680488057004E0047804E00626
:100DA000880480069004200598042007A004080603
:100DB000A8048007B0046005B8046007C0042006DA
:100DC000C8048806D004A005D804A007E0041806CB
:100DD000E8048807F004E005F804E00708052005AA
:100DE000100580051805280628059005300588059A
:100DF00038056806400500074805200750058007AC
:100E00005805A80660050807680598057005880755
:100E10007805E8068805900698052807A0052806A5
:100E2000A8059007B0052807B8056807C005100792
:100E3000C8059806D0059007D805A807E00518074B
:100E4000E8059807F0059807F805E8071806300642
:100E50003806700640060007480680075006080757
:100E60005806B00660061007680690077006180757
:100E70007806F0068806A00698063007A806A007A0
:100E8000B0068807B8067007C0062007C806A00786
:100E9000D0062807D806B007E0063007E806A807FE
:100EA000F0069807F806F007480750073807980734
:100EB00050076007580770076007C0076807D0072A
:100EC0007807F0077007E007B807F007A807B00732
:100ED000D807F007C807E007E807F0070800400058
:100EE000100080001800C0002000400028004800CA
:100EF000300088003800C8004000800048005000E2
:100F00005800D000500090006000C0006800D00081
:100F1000700098007800D8008800C0009000A00001
:100F2000A800D0009800E000B000D000B800E800B1
:100F3000D800F000C800E000E800F0000800001051
:100F40001000002018000030200000402800005051
:100F500030000060380000704000000248000012BD
:100F60005000002258000032600000426800005229
:100F70007000006278000072800000048800001495
:100F80009000002498000034A0000044A800005401
:100F9000B0000064B8000074C0000006C80000166D
:100FA000D0000026D8000036E0000046E8000056D9
:100FB000F0000066F8000076000100080801001843
:100FC00010010028180100382001004828010058AD
:100FD00030010068380100784001000A4801001A19
:100FE0005001002A5801003A6001004A6801005A85
:100FF0007001006A7801007A8001000C8801001CF1
:101000009001002C9801003CA001004CA801005C5C
:10101000B001006CB801007CC001000EC801001EC8
:10102000D001002ED801003EE001004EE801005E34
:10103000F001006EF801007E08024010100240200E
:1010400018024030200240402802405030024060E8
:10105000380240704802401250024022580240328A
:101060006002404268024052700240627802407260
:1010700080024004880240149002402498024034C8
:10108000A0024044A8024054B0024064B802407438
:10109000C0024006C8024016D0024026D8024036A0
:1010A000E0024046E8024056F0024066F802407610
:1010B0000003400808034018100340281803403874
:1010C00020034048280340583003406838034078E4
:1010D0004003400A4803401A5003402A5803403A4C
:1010E0006003404A6803405A7003406A7803407ABC
:1010F0008003400C8803401C9003402C9803403C24
:10110000A003404CA803405CB003406CB803407C93
:10111000C003400EC803401ED003402ED803403EFB
:10112000E003404EE803405EF003406EF803407E6B
:1011300008048010100480201804803020048040AF
:101140002804805030048060380480704804801285
:101150005004802258048032600480426804805227
:101160007004806278048072880480149004802463
:1011700098048034A0048044A8048054B00480649F
:10118000B8048074C0048006C8048016D004802689
:10119000D8048036E0048046E8048056F004806677
:1011A000F80480760005800808058018100580285E
:1011B000180580382005804828058058300580684B
:1011C000380580784005800A4805801A5005802A35
:1011D0005805803A6005804A6805805A7005806A23
:1011E0007805807A8005800C8805801C9005802C0D
:1011F0009805803CA005804CA805805CB005806CFB
:10120000B805807CC005800EC805801ED005802EE4
:10121000D805803EE005804EE805805EF005806ED2
:10122000F805807E0806C0101006C0201806C030E1
:101230002006C0402806C0503006C0603806C07086
:101240004806C0125006C0225806C0326006C0428E
:101250006806C0527006C0627806C0728806C01464
:101260009006C0249806C034A006C044A806C05406
:10127000B006C064B806C074C806C016D006C02642
:10128000D806C036E006C046E806C056F006C0667E
:10129000F806C0760007C0080807C0181007C02865
:1012A0001807C0382007C0482807C0583007C06852
:1012B0003807C0784007C00A4807C01A5007C02A3C
:1012C0005807C03A6007C04A6807C05A7007C06A2A
:1012D0007807C07A8007C00C8807C01C9007C02C14
:1012E0009807C03CA007C04CA807C05CB007C06C02
:1012F000B807C07CC007C00EC807C01ED007C02EEC
:10130000D807C03EE007C04EE807C05EF007C06ED9
:10131000F807C07E080800111008002118080031E5
:101320002008004128080051300800613808007189
:101330004808001350080023580800336008004391
:101340006808005370080063780800738808001567
:101350009008002598080035A0080045A808005509
:10136000B0080065B8080075C8080017D008002745
:10137000D8080037E0080047E8080057F008006781
:10138000F808007708090019100900291809003920
:1013900020090049280900593009006938090079F5
:1013A0004009000B4809001B5009002B5809003B5D
:1013B0006009004B6809005B7009006B7809007BCD
:1013C0008009000D8809001D9009002D9809003D35
:1013D000A009004DA809005DB009006DB809007DA5
:1013E000C009000FC809001FD009002FD809003F0D
:1013F000E009004FE809005FF009006FF809007F7D
:10140000080A4011100A4021180A4031200A4041C0
:10141000280A4051300A4061380A4071480A401396
:10142000500A4023580A4033600A4043680A405338
:10143000700A4063780A4073880A4015900A402574
:10144000980A4035A00A4045A80A4055B00A4065B0
:10145000B80A4075C80A4017D00A4027D80A403752
:10146000E00A4047E80A4057F00A4067F80A407728
:10147000080B4019100B4029180B4039200B40492C
:10148000280B4059300B4069380B4079480B401B02
:10149000500B402B580B403B600B404B680B405BA4
:1014A000700B406B780B407B800B400D880B401D10
:1014B000900B402D980B403DA00B404DA80B405D7C
:1014C000B00B406DB80B407DC00B400FC80B401FE8
:1014D000D00B402FD80B403FE00B404FE80B405F54
:1014E000F00B406FF80B407F080C8011100C80212E
:1014F000180C8031200C8041280C8051300C806108
:10150000380C8071480C8013500C8023580C8033A9
:10151000600C8043680C8053700C8063780C80737F
:10152000880C8015900C8025980C8035A00C804587
:10153000A80C8055B00C8065B80C8075C80C80175D
:10154000D00C8027D80C8037E00C8047E80C8057FF
:10155000F00C8067F80C8077080D8019100D802939
:10156000180D8039200D8049280D8059300D806973
:10157000380D8079480D801B500D802B580D803B15
:10158000600D804B680D805B700D806B780D807BEB
:10159000880D801D900D802D980D803DA00D804DF3
:1015A000A80D805DB00D806DB80D807DC00D800FE1
:1015B000C80D801FD00D802FD80D803FE00D804FCB
:1015C000E80D805FF00D806FF80D807F080EC01170
:1015D000100EC021180EC031200EC041280EC0517F
:1015E000300EC061380EC071480EC013500EC023BB
:1015F000580EC033600EC043680EC053700EC063F7
:10160000780EC073880EC015900EC025980EC03598
:10161000A00EC045A80EC055B00EC065B80EC0756E
:10162000C80EC017D00EC027D80EC037E00EC04776
:10163000E80EC057F00EC067F80EC077080FC0194B
:10164000100FC029180FC039200FC049280FC059EA
:10165000300FC069380FC079480FC01B500FC02B26
:10166000580FC03B600FC04B680FC05B700FC06B62
:10167000780FC07B880FC01D900FC02D980FC03D04
:10168000A00FC04DA80FC05DB00FC06DB80FC07DDA
:10169000C80FC01FD00FC02FD80FC03FE00FC04FE2
:1016A000E80FC05FF00FC06FF80FC07F1010082068
:1016B000181008302010084028100850301008601A
:1016C00038100870481008125010082258100832BC
:1016D0006010084268100852701008627810087292
:1016E000881008149010082498100834A01008449A
:1016F000A8100854B0100864B8100874C810081670
:10170000D0100826D8100836E0100846E810085611
:10171000F0100866F810087608110818101108284B
:101720001811083820110848281108583011086885
:10173000381108784811081A5011082A5811083A27
:101740006011084A6811085A7011086A7811087AFD
:101750008811081C9011082C9811083CA011084C05
:10176000A811085CB011086CB811087CC811081EDB
:10177000D011082ED811083EE011084EE811085E7D
:10178000F011086EF811087E101248201812483027
:1017900020124840281248503012486038124870D1
:1017A0005012482258124832601248426812485279
:1017B00070124862781248728812481490124824B5
:1017C00098124834A0124844A8124854B0124864F1
:1017D000B8124874C8124816D0124826D812483693
:1017E000E0124846E8124856F0124866F812487669
:1017F000081348181013482818134838201348486D
:101800002813485830134868381348784813481A42
:101810005013482A5813483A6013484A6813485AE4
:101820007013486A7813487A8813481C9013482C20
:101830009813483CA013484CA813485CB013486C5C
:10184000B813487CC813481ED013482ED813483EFE
:10185000E013484EE813485EF013486EF813487ED4
:1018600010148820181488302014884028148850B8
:1018700030148860381488705014882258148832C4
:1018800060148842681488527014886278148872D0
:101890009014882498148834A0148844A814885478
:1018A000B0148864B8148874C8148816D0148826B4
:1018B000D8148836E0148846E8148856F0148866F0
:1018C000F81488760815881810158828181588388F
:1018D0002015884828158858301588683815887864
:1018E0004815881A5015882A5815883A6015884A6C
:1018F0006815885A7015886A7815887A8815881C42
:101900009015882C9815883CA015884CA815885CE3
:10191000B015886CB815887CC815881ED015882E1F
:10192000D815883EE015884EE815885EF015886E5B
:10193000F815887E1016C8201816C8302016C84022
:101940002816C8503016C8603816C8705016C822FD
:101950005816C8326016C8426816C8527016C86257
:101960007816C8729016C8249816C834A016C844B1
:10197000A816C854B016C864B816C874D016C826BD
:10198000D816C836E016C846E816C856F016C86617
:10199000F816C8760817C8181017C8281817C838B6
:1019A0002017C8482817C8583017C8683817C8788B
:1019B0004817C81A5017C82A5817C83A6017C84A93
:1019C0006817C85A7017C86A7817C87A8817C81C69
:1019D0009017C82C9817C83CA017C84CA817C85C0B
:1019E000B017C86CB817C87CC817C81ED017C82E47
:1019F000D817C83EE017C84EE817C85EF017C86E83
:101A0000F817C87E10180821181808312018084146
:101A10002818085130180861381808715018082320
:101A2000581808336018084368180853701808637A
:101A3000781808739018082598180835A0180845D4
:101A4000A8180855B0180865B8180875D0180827E0
:101A5000D8180837E0180847E8180857F01808673A
:101A6000F818087710190829181908392019084991
:101A70002819085930190869381908794819081BB4
:101A80005019082B5819083B6019084B6819085B56
:101A90007019086B7819087B8819081D9019082D92
:101AA0009819083DA019084DA819085DB019086DCE
:101AB000B819087DC819081FD019082FD819083F70
:101AC000E019084FE819085FF019086FF819087F46
:101AD000101A4821181A4831201A4841281A48512A
:101AE000301A4861381A4871501A4823581A483336
:101AF000601A4843681A4853701A4863781A487342
:101B0000901A4825981A4835A01A4845A81A4855E9
:101B1000B01A4865B81A4875D01A4827D81A4837F5
:101B2000E01A4847E81A4857F01A4867F81A487701
:101B3000101B4829181B4839201B4849281B4859A5
:101B4000301B4869381B4879501B482B581B483BB1
:101B5000601B484B681B485B701B486B781B487BBD
:101B6000881B481D901B482D981B483DA01B484DC5
:101B7000A81B485DB01B486DB81B487DC81B481F9B
:101B8000D01B482FD81B483FE01B484FE81B485F3D
:101B9000F01B486FF81B487F101C8821181C8831E7
:101BA000201C8841281C8851301C8861381C887191
:101BB000501C8823581C8833601C8843681C885339
:101BC000701C8863781C8873901C8825981C883545
:101BD000A01C8845A81C8855B01C8865B81C887551
:101BE000D01C8827D81C8837E01C8847E81C8857F9
:101BF000F01C8867F81C8877101D8829181D883903
:101C0000201D8849281D8859301D8869381D88790C
:101C1000501D882B581D883B601D884B681D885BB4
:101C2000701D886B781D887B901D882D981D883DC0
:101C3000A01D884DA81D885DB01D886DB81D887DCC
:101C4000C81D881FD01D882FD81D883FE01D884FD4
:101C5000E81D885FF01D886FF81D887F101EC82161
:101C6000181EC831201EC841281EC851301EC86128
:101C7000381EC871501EC823581EC833601EC84382
:101C8000681EC853701EC863781EC873901EC8258E
:101C9000981EC835A01EC845A81EC855B01EC865E8
:101CA000B81EC875D01EC827D81EC837E01EC84742
:101CB000E81EC857F01EC867F81EC877101FC8294D
:101CC000181FC839201FC849281FC859301FC869A4
:101CD000381FC879501FC82B581FC83B601FC84BFE
:101CE000681FC85B701FC86B781FC87B901FC82D0A
:101CF000981FC83DA01FC84DA81FC85DB01FC86D64
:101D0000B81FC87DD01FC82FD81FC83FE01FC84FBD
:101D1000E81FC85FF01FC86FF81FC87F1820103079
:101D200020201040282010503020106038201070E3
:101D3000502010225820103260201042682010528B
:101D40007020106278201072902010249820103497
:101D5000A0201044A8201054B0201064B8201074A3
:101D6000D0201026D8201036E0201046E82010564B
:101D7000F0201066F8201076102110281821103855
:101D8000202110482821105830211068382110785F
:101D90005021102A5821103A6021104A6821105A07
:101DA0007021106A7821107A9021102C9821103C13
:101DB000A021104CA821105CB021106CB821107C1F
:101DC000D021102ED821103EE021104EE821105EC7
:101DD000F021106EF821107E182250302022504041
:101DE00028225050302250603822507058225032F1
:101DF0006022504268225052702250627822507203
:101E00009022502498225034A0225044A8225054AA
:101E1000B0225064B8225074D0225026D8225036B6
:101E2000E0225046E8225056F0225066F8225076C2
:101E30001023502818235038202350482823505866
:101E400030235068382350785023502A5823503A72
:101E50006023504A6823505A7023506A7823507A7E
:101E60009023502C9823503CA023504CA823505C26
:101E7000B023506CB823507CD023502ED823503E32
:101E8000E023504EE823505EF023506EF823507E3E
:101E900018249030202490402824905030249060C2
:101EA00038249070582490326024904268249052D4
:101EB000702490627824907298249034A0249044E6
:101EC000A8249054B0249064B8249074D024902610
:101ED000D8249036E0249046E8249056F02490666A
:101EE000F8249076102590281825903820259048C1
:101EF0002825905830259068382590785025902ACC
:101F00005825903A6025904A6825905A7025906A25
:101F10007825907A9025902C9825903CA025904C7F
:101F2000A825905CB025906CB825907CD025902E8B
:101F3000D825903EE025904EE825905EF025906EE5
:101F4000F825907E1826D0302026D0402826D05064
:101F50003026D0603826D0705826D0326026D04245
:101F60006826D0527026D0627826D0729826D03457
:101F7000A026D044A826D054B026D064B826D07469
:101F8000D826D036E026D046E826D056F026D066B1
:101F9000F826D0761027D0281827D0382027D04808
:101FA0002827D0583027D0683827D0785027D02A13
:101FB0005827D03A6027D04A6827D05A7027D06A6D
:101FC0007827D07A9027D02C9827D03CA027D04CC7
:101FD000A827D05CB027D06CB827D07CD027D02ED3
:101FE000D827D03EE027D04EE827D05EF027D06E2D
:101FF000F827D07E182810312028104128281051A9
:102000003028106138281071582810336028104388
:10201000682810537028106378281073982810359A
:10202000A0281045A8281055B0281065B8281075AC
:10203000D8281037E0281047E8281057F0281067F4
:10204000F828107718291039202910492829105903
:1020500030291069382910795029102B5829103B44
:102060006029104B6829105B7029106B7829107B50
:102070009029102D9829103DA029104DA829105DF8
:10208000B029106DB829107DD029102FD829103F04
:10209000E029104FE829105FF029106FF829107F10
:1020A000182A5031202A5041282A5051302A506194
:1020B000382A5071582A5033602A5043682A5053A6
:1020C000702A5063782A5073982A5035A02A5045B8
:1020D000A82A5055B02A5065B82A5075D82A5037CA
:1020E000E02A5047E82A5057F02A5067F82A5077DC
:1020F000182B5039202B5049282B5059302B506920
:10210000382B5079582B503B602B504B682B505B31
:10211000702B506B782B507B902B502D982B503D73
:10212000A02B504DA82B505DB02B506DB82B507D7F
:10213000D02B502FD82B503FE02B504FE82B505F27
:10214000F02B506FF82B507F182C9031202C9041A1
:10215000282C9051302C9061382C9071582C903351
:10216000602C9043682C9053702C9063782C907363
:10217000982C9035A02C9045A82C9055B02C9065AB
:10218000B82C9075D82C9037E02C9047E82C9057BD
:10219000F02C9067F82C9077182D9039202D9049CD
:1021A000282D9059302D9069382D9079582D903BDD
:1021B000602D904B682D905B702D906B782D907BEF
:1021C000982D903DA02D904DA82D905DB02D906D37
:1021D000B82D907DD02D902FD82D903FE02D904F91
:1021E000E82D905FF02D906FF82D907F182ED03154
:1021F000202ED041282ED051302ED061382ED071D3
:10220000582ED033602ED043682ED053702ED0631A
:10221000782ED073982ED035A02ED045A82ED0552C
:10222000B02ED065B82ED075D82ED037E02ED0473E
:10223000E82ED057F02ED067F82ED077182FD0394F
:10224000202FD049282FD059302FD069382FD0795E
:10225000582FD03B602FD04B682FD05B702FD06BA6
:10226000782FD07B982FD03DA02FD04DA82FD05DB8
:10227000B02FD06DB82FD07DD82FD03FE02FD04FCA
:10228000E82FD05FF02FD06FF82FD07F203018408C
:1022900028301850303018603830187058301832E4
:1022A00060301842683018527030186278301872F6
:1022B00098301834A0301844A8301854B03018643E
:1022C000B8301874D8301836E0301846E830185650
:1022D000F0301866F8301876183118382031184860
:1022E0002831185830311868383118785831183A70
:1022F0006031184A6831185A7031186A7831187A82
:102300009831183CA031184CA831185CB031186CC9
:10231000B831187CD831183EE031184EE831185EDB
:10232000F031186EF831187E20325840283258505B
:1023300030325860383258706032584268325852E1
:10234000703258627832587298325834A0325844F9
:10235000A8325854B0325864B8325874D83258360B
:10236000E0325846E8325856F0325866F83258761D
:102370001833583820335848283358583033586861
:10238000383358785833583A6033584A6833585A73
:102390007033586A7833587A9833583CA033584C85
:1023A000A833585CB033586CB833587CD833583E97
:1023B000E033584EE833585EF033586EF833587EA9
:1023C00020349840283498503034986038349870CD
:1023D00060349842683498527034986278349872B5
:1023E000A0349844A8349854B0349864B83498749D
:1023F000D8349836E0349846E8349856F0349866E5
:10240000F8349876183598382035984828359858F3
:1024100030359868383598785835983A6035984A04
:102420006835985A7035986A7835987A9835983C16
:10243000A035984CA835985CB035986CB835987C28
:10244000D835983EE035984EE835985EF035986E70
:10245000F835987E2036D8402836D8503036D860A7
:102460003836D8706036D8426836D8527036D8625E
:102470007836D872A036D844A836D854B036D86446
:10248000B836D874E036D846E836D856F036D8662E
:10249000F836D8761837D8382037D8482837D8585B
:1024A0003037D8683837D8785837D83A6037D84A6C
:1024B0006837D85A7037D86A7837D87A9837D83C7E
:1024C000A037D84CA837D85CB037D86CB837D87C90
:1024D000D837D83EE037D84EE837D85EF037D86ED8
:1024E000F837D87E2038184128381851303818610C
:1024F00038381871603818436838185370381863C2
:1025000078381873A0381845A8381855B0381865A9
:10251000B8381875E0381847E8381857F038186791
:10252000F838187720391849283918593039186976
:10253000383918795839183B6039184B6839185BA5
:102540007039186B7839187B9839183DA039184DB7
:10255000A839185DB039186DB839187DD839183FC9
:10256000E039184FE839185FF039186FF839187FDB
:10257000203A5841283A5851303A5861383A5871FF
:10258000603A5843683A5853703A5863783A5873E7
:10259000A03A5845A83A5855B03A5865B83A5875CF
:1025A000E03A5847E83A5857F03A5867F83A5877B7
:1025B000203B5849283B5859303B5869383B58799B
:1025C000603B584B683B585B703B586B783B587B83
:1025D000983B583DA03B584DA83B585DB03B586DCB
:1025E000B83B587DD83B583FE03B584FE83B585FDD
:1025F000F03B586FF83B587F203C9841283C98515D
:10260000303C9861383C9871603C9843683C9853E2
:10261000703C9863783C9873A03C9845A83C9855CA
:10262000B03C9865B83C9875E03C9847E83C9857B2
:10263000F03C9867F83C9877203D9849283D985998
:10264000303D9869383D9879603D984B683D985B7E
:10265000703D986B783D987BA03D984DA83D985D66
:10266000B03D986DB83D987DD83D983FE03D984F7E
:10267000E83D985FF03D986FF83D987F203ED84147
:10268000283ED851303ED861383ED871603ED8439C
:10269000683ED853703ED863783ED873A03ED84584
:1026A000A83ED855B03ED865B83ED875E03ED8476C
:1026B000E83ED857F03ED867F83ED877203FD84953
:1026C000283FD859303FD869383FD879603FD84B38
:1026D000683FD85B703FD86B783FD87BA03FD84D20
:1026E000A83FD85DB03FD86DB83FD87DE03FD84F08
:1026F000E83FD85FF03FD86FF83FD87F28402050A0
:1027000030402060384020706040204268402052B5
:102710007040206278402072A0402044A84020549D
:10272000B0402064B8402074E0402046E840205685
:10273000F0402066F840207620412048284120586B
:1027400030412068384120786041204A6841205A51
:102750007041206A7841207AA041204CA841205C39
:10276000B041206CB841207CE041204EE841205E21
:10277000F041206EF841207E284260503042606077
:1027800038426070684260527042606278426072A3
:10279000A0426044A8426054B0426064B842607491
:1027A000E0426046E8426056F0426066F842607679
:1027B000204360482843605830436068384360785D
:1027C0006043604A6843605A7043606A7843607A45
:1027D000A043604CA843605CB043606CB843607C2D
:1027E000E043604EE843605EF043606EF843607E15
:1027F0002844A0503044A0603844A0706844A052DF
:102800007044A0627844A072A844A054B044A0646C
:10281000B844A074E044A046E844A056F044A06642
:10282000F844A0762045A0482845A0583045A06827
:102830003845A0786045A04A6845A05A7045A06A0E
:102840007845A07AA045A04CA845A05CB045A06CF6
:10285000B845A07CE045A04EE845A05EF045A06EDE
:10286000F845A07E2846E0503046E0603846E070EB
:102870006846E0527046E0627846E072A846E0544E
:10288000B046E064B846E074E846E056F046E066DC
:10289000F846E0762047E0482847E0583047E068AF
:1028A0003847E0786047E04A6847E05A7047E06A96
:1028B0007847E07AA047E04CA847E05CB047E06C7E
:1028C000B847E07CE047E04EE847E05EF047E06E66
:1028D000F847E07E28482051304820613848207170
:1028E000684820537048206378482073A8482055D2
:1028F000B0482065B8482075E8482057F048206760
:10290000F8482077284920593049206938492079EA
:102910006049204B6849205B7049206B7849207BD7
:10292000A049204DA849205DB049206DB849207DBF
:10293000E049204FE849205FF049206FF849207FA7
:10294000284A6051304A6061384A6071684A605371
:10295000704A6063784A6073A84A6055B04A6065FF
:10296000B84A6075E84A6057F04A6067F84A60778D
:10297000284B6059304B6069384B6079684B605B1D
:10298000704B606B784B607BA04B604DA84B605DDB
:10299000B04B606DB84B607DE04B604FE84B605FC3
:1029A000F04B606FF84B607F284CA051304CA06119
:1029B000384CA071684CA053704CA063784CA07345
:1029C000A84CA055B04CA065B84CA075E84CA057D9
:1029D000F04CA067F84CA077284DA059304DA06965
:1029E000384DA079684DA05B704DA06B784DA07BF1
:1029F000A84DA05DB04DA06DB84DA07DE04DA04F9D
:102A0000E84DA05FF04DA06FF84DA07F284EE0513B
:102A1000304EE061384EE071684EE053704EE06336
:102A2000784EE073A84EE055B04EE065B84EE075C4
:102A3000E84EE057F04EE067F84EE077284FE05957
:102A4000304FE069384FE079684FE05B704FE06BE2
:102A5000784FE07BA84FE05DB04FE06DB84FE07D70
:102A6000E84FE05FF04FE06FF84FE07F30502860B4
:102A70003850287068502852705028627850287258
:102A8000A8502854B0502864B8502874E8502856EC
:102A9000F0502866F8502876285128583051286878
:102AA000385128786851285A7051286A7851287A04
:102AB000A851285CB051286CB851287CE851285E98
:102AC000F051286EF851287E305268603852687094
:102AD0007052686278526872A8526854B052686442
:102AE000B8526874E8526856F0526866F8526876D0
:102AF0002853685830536868385368786853685A60
:102B00007053686A7853687AA853685CB053686CED
:102B1000B853687CE853685EF053686EF853687E7B
:102B20003054A8603854A8707054A8627854A872C1
:102B3000B054A864B854A874E854A856F054A866D1
:102B4000F854A8762855A8583055A8683855A8785C
:102B50006855A85A7055A86A7855A87AA855A85CEF
:102B6000B055A86CB855A87CE855A85EF055A86E7D
:102B7000F855A87E3056E8603856E8707056E8621E
:102B80007856E872B056E864B856E874F056E866CD
:102B9000F856E8762857E8583057E8683857E87804
:102BA0006857E85A7057E86A7857E87AA857E85C97
:102BB000B057E86CB857E87CE857E85EF057E86E25
:102BC000F857E87E305828613858287170582863C3
:102BD00078582873B0582865B8582875F058286771
:102BE000F858287730592869385928796859285B66
:102BF0007059286B7859287BA859285DB059286DE1
:102C0000B859287DE859285FF059286FF859287F6E
:102C1000305A6861385A6871705A6863785A6873B4
:102C2000B05A6865B85A6875F05A6867F85A687794
:102C3000305B6869385B6879705B686B785B687B70
:102C4000A85B685DB05B686DB85B687DE85B685FDA
:102C5000F05B686FF85B687F305CA861385CA871D6
:102C6000705CA863785CA873B05CA865B85CA87554
:102C7000F05CA867F85CA877305DA869385DA87932
:102C8000705DA86B785DA87BB05DA86DB85DA87D10
:102C9000E85DA85FF05DA86FF85DA87F305EE86131
:102CA000385EE871705EE863785EE873B05EE86590
:102CB000B85EE875F05EE867F85EE877305FE8696F
:102CC000385FE879705FE86B785FE87BB05FE86D4C
:102CD000B85FE87DF05FE86FF85FE87F38603070DC
:102CE0007060306278603072B0603064B8603074A8
:102CF000F0603066F8603076306130683861307886
:102D00007061306A7861307AB061306CB861307C63
:102D1000F061306EF861307E386270707862707287
:102D2000B0627064B8627074F0627066F862707657
:102D300030637068386370787063706A7863707A33
:102D4000B063706CB863707CF063706EF863707E13
:102D50003864B0707864B072B864B074F064B0660F
:102D6000F864B0763065B0683865B0787065B06A80
:102D70007865B07AB065B06CB865B07CF065B06E5F
:102D8000F865B07E3866F0707866F072B866F074F8
:102D9000F866F0763067F0683867F0787067F06A48
:102DA0007867F07AB067F06CB867F07CF067F06E27
:102DB000F867F07E3868307178683073B8683075BD
:102DC000F8683077386930797069306B7869307BB2
:102DD000B069306DB869307DF069306FF869307F67
:102DE000386A7071786A7073B86A7075F86A70774B
:102DF000386B7079786B707BB06B706DB86B707D71
:102E0000F06B706FF86B707F386CB071786CB0736A
:102E1000B86CB075F86CB077386DB079786DB07B00
:102E2000B86DB07DF06DB06FF86DB07F386EF07139
:102E3000786EF073B86EF075F86EF077386FF079E1
:102E4000786FF07BB86FF07DF86FF07F7870387234
:102E5000B8703874F8703876387138787871387A94
:102E6000B871387CF871387EB8727874F8727876F8
:102E7000387378787873787AB873787CF873787E5A
:102E8000F874B8763875B8787875B87AB875B87C4B
:102E9000F875B87E3877F8787877F87AB877F87C6C
:102EA000F877F87E7879387BB879387DF879387F8B
:102EB000B87B787DF87B787FF87DB87F08000002CA
:102EC0001000000418000006200000082800000A76
:102ED0003000000C3800000E480040025000400452
:102EE00058004006600040086800400A7000400C2E
:102EF0007800400E880080029000800498008006D0
:102F0000A0008008A800800AB000800CB800800EE5
:102F1000C800C002D000C004D800C006E000C0084D
:102F2000E800C00AF000C00CF800C00E0801000361
:102F30001001000518010007200100092801000BFD
:102F40003001000D3801000F4801400350014005D9
:102F500058014007600140096801400B7001400DB5
:102F60007801400F88018003900180059801800757
:102F7000A0018009A801800BB001800DB801800F6D
:102F8000C801C003D001C005D801C007E001C009D5
:102F9000E801C00BF001C00DF801C00F10020804D9
:102FA00018020806200208082802080A3002080C45
:102FB0003802080E500248045802480660024808C9
:102FC0006802480A7002480C7802480E9002880491
:102FD00098028806A0028808A802880AB002880C15
:102FE000B802880ED002C804D802C806E002C80899
:102FF000E802C80AF002C80CF802C80E100308055F
:1030000018030807200308092803080B3003080DDC
:103010003803080F50034805580348076003480960
:103020006803480B7003480D7803480F9003880528
:1030300098038807A0038809A803880BB003880DAC
:10304000B803880FD003C805D803C807E003C80930
:10305000E803C80BF003C80DF803C80F18041006E6
:10306000200410082804100A3004100C3804100E34
:1030700058045006600450086804500A7004500C4C
:103080007804500E98049006A0049008A804900AB2
:10309000B004900CB804900ED804D006E004D00818
:1030A000E804D00AF004D00CF804D00E180510077C
:1030B000200510092805100B3005100D3805100FDC
:1030C00058055007600550096805500B7005500DF4
:1030D0007805500F98059007A0059009A805900B5A
:1030E000B005900DB805900FD805D007E005D009C0
:1030F000E805D00BF005D00DF805D00F2006180814
:103100002806180A3006180C3806180E60065808EB
:103110006806580A7006580C7806580EA0069808DB
:10312000A806980AB006980CB806980EE006D808CB
:10313000E806D80AF006D80CF806D80E20071809B9
:103140002807180B3007180D3807180F60075809A3
:103150006807580B7007580D7807580FA007980993
:10316000A807980BB007980DB807980FE007D80983
:10317000E807D80BF007D80DF807D80F2808200A61
:103180003008200C3808200E6808600A7008600CAF
:103190007808600EA808A00AB008A00CB808A00E15
:1031A000E808E00AF008E00CF808E00E2809200B17
:1031B0003009200D3809200F6809600B7009600D77
:1031C0007809600FA809A00BB009A00DB809A00FDD
:1031D000E809E00BF009E00DF809E00F300A280CCF
:1031E000380A280E700A680C780A680EB00AA80C13
:1031F000B80AA80EF00AE80CF80AE80E300B280D01
:10320000380B280F700B680D780B680FB00BA80DEA
:10321000B80BA80FF00BE80DF80BE80F380C300EC8
:10322000780C700EB80CB00EF80CF00E380D300F94
:10323000780D700FB80DB00FF80DF00F08004000BA
:10324000100080001800C00020000001280040018C
:10325000300080013800C001500088005800C800CC
:103260006000080168004801700088017800C8010A
:103270009800D000A0001001A8005001B0009001FB
:10328000B800D001E0001801E8005801F0009801F2
:10329000F800D801280160013001A0013801E001E7
:1032A0007001A8017801E801B801F00100040000F4
:1032B00010E50020681B00200807000080000000C7
:1032C0001005012078290020D00000001000000027
:1032D00010090120182B0020140000000008000035
:1032E00090090120402B0020E00E000000010000AA
:1032F0009049012000490020B80100002000000092
:1033000090510120704C002030000000001000009F
:1033100090520120D04C0020C00F0000000200009D
:1033200090D20120506C0020C0010000400000003D
:1033300090E20120D06F0020380000009C4E16550E
:10334000035A3F96C0541B612863F6592290758436
:103350001C83507AAA60E163256EED656684A682BF
:10336000F59B93682757A16571629B5BD0597B865B
:10337000F498627DBE7D8E9B16629F7CB788895BC8
:10338000B55E096397664868C7958D974F67E54EA8
:103390000A4F4D4F9D4F4950F2563759D459015A53
:1033A000095CDF600F61706113660569BA704F7563
:1033B0007075FB79AD7DEF7DC3800E846388028BD1
:1033C00055907A903B53954EA54EDF57B280C190F1
:1033D000EF78004EF158A26E3890327A28838B82B3
:1033E0002F9C41517053BD54E154E056FB59155F79
:1033F000F298EB6DE4802D8562967096A096FB970F
:103400000B54F353875BCF70BD7FC28FE8966F5329
:103410005C9DBA7A114E9378FC81266E185604553D
:103420001D6B1A853B9CE559A953666DDC748F951D
:103430004256914E4B90F2964F830C99E153B655FC
:10344000305B715F2066F3660468386CF36C296D3D
:103450005B74C8764E7A3498F1825B88608AED920C
:10346000B26DAB75CA76C599A660018B8A8DB2958F
:103470008E69AD538651125730584459B45BF65E8D
:103480002860A963F463BF6C146F8E701471597156
:10349000D5713F73017E7682D182978560905B9271
:1034A0001B9D6958BC655A6C2575F9512E59655993
:1034B000805FDC5FBC62FA652A6A276BB46B8B7332
:1034C000C17F56892C9D0E9DC49EA15C966C7B830A
:1034D00004514B5CB661C68176686172594EFA4FF1
:1034E00078536960296E4F7AF3970B4E1653EE4E60
:1034F000554F3D4FA14F734FA052EF5309560F59EF
:10350000C15AB65BE15BD17987669C67B6674C6B45
:10351000B36C6B70C2738D79BE793C7A877BB18254
:10352000DB8204837783EF83D3836687B28A29564D
:10353000A88CE68F4E901E978A86C44FE85C116275
:1035400059723B75E581BD82FE86C08CC596139984
:10355000D599CB4E1A4FE389DE564A58CA58FB5EBE
:10356000EB5F2A6094606260D0611262D06239655C
:10357000419B6666B068776D70704C758676757D18
:10358000A582F9878B958E969D8CF151BE52165966
:10359000B354B35B165D68618269AF6D8D78CB847F
:1035A0005788728AA793B89A6C6DA899D986A35741
:1035B000FF67CE860E92835287560454D35EE16233
:1035C000B9643C683868BB6B7273BA786B7A9A8955
:1035D000D2896B8D038FED90A39594966997665B66
:1035E000B35C7D694D984E989B63207B2B6A7F6A04
:1035F000B6680D9C5F6F72529D557060EC623B6DBA
:10360000076ED16E5B841089448F144E399CF6533B
:103610001B693A6A84972A685C51C37AB284DC9148
:103620008C935B56289D226805833184A57C0852C3
:10363000C582E6747E4E834FA051D25B0A52D852A7
:10364000E752FB5D9A552A58E6598C5B985BDB5B29
:10365000725E795EA3601F616361BE61DB63626558
:10366000D1675368FA683E6B536B576C226F976F44
:10367000456FB0741875E3760B77FF7AA17B217CD8
:10368000E97D367FF07F9D8066829E83B389CC8AF8
:10369000AB8C8490519493959195A2956596D39710
:1036A00028991882384E2B54B85CCC5DA9734C769F
:1036B0003C77A95CEB7F0B8DC19611985498589874
:1036C000014F0E4F71539C556856FA574759095B85
:1036D000C45B905C0C5E7E5ECC5FEE633A67D76540
:1036E000E2651F67CB68C4685F6A305EC56B176CA4
:1036F0007D6C7F754879635B007A007DBD5F8F8943
:10370000188AB48C778DCC8E1D8FE2980E9A3C9BD4
:10371000804E7D50005193599C5B2F628062EC6417
:103720003A6BA07291754779A97FFB87BC8A708B31
:10373000AC63CA83A09709540354AB555468586AC4
:10374000708A27787567CD9E7453A25B1A81508664
:103750000690184E454EC74E114FCA533854AE5BB3
:10376000135F256051653D67426C726CE36C787045
:103770000374767AAE7A087B1A7DFE7C667DE765F7
:103780005B72BB53455CE85DD262E0621963206EF8
:103790005A86318ADD8DF892016FA6795A9BA84E20
:1037A000AB4EAC4E9B4FA04FD1504751F67A715162
:1037B000F651545321537F53EB53AC558358E15C7E
:1037C000375F4A5F2F6050606D601F6359654B6AB9
:1037D000C16CC272ED72EF77F880058108824E8568
:1037E000F790E193FF9757995A9AF04EDD512D5C6F
:1037F00081666D69405CF266756989735068817C89
:10380000C550E4524757FE5D2693A465236B3D6B7C
:1038100034748179BD794B7BCA7DB982CC837F8832
:103820005F89398BD18FD1911F5480925D4E365074
:10383000E5533A53D7729673E977E682AF8EC6990D
:10384000C899D29977511A615E86B0557A7A7650C6
:10385000D35B47908596324EDB6AE791515C485CBA
:1038600098639F7A936C7497618FAA7A8A7188960D
:10387000827C1768707E51686C93F2521B54AB8542
:10388000138AA47FCD8EE190665388884179C24F18
:10389000BE501152445153552D57EA738B5751590D
:1038A000625F845F756076616761A961B2633A6443
:1038B0006C656F664268136E66753D7AFB7C4C7D65
:1038C000997D4B7E6B7F0E834A83CD86088A638AFF
:1038D000668BFD8E1A988F9DB882CE8FE89B87529B
:1038E0001F628364C06F999641689150206B7A6C17
:1038F000546F747A507D4088238A0867F64E395099
:10390000265065507C5138526352A7550F570558C1
:10391000CC5AFA5EB261F861F36272631C69296A7B
:103920007D72AC722E7314786F78797D0C77A980D4
:103930008B89198BE28CD28E639075937A96559809
:10394000139A789E43519F53B3537B5E265F1B6E41
:10395000906E8473FE73437D3782008AFA8A509694
:103960004E4E0B50E4537C54FA56D159645BF15DD2
:10397000AB5E275F38624565AF67566ED072CA7C12
:10398000B488A180E180F0834E86878AE88D3792E3
:10399000C7966798139F944E924E0D4F48534954C3
:1039A0003E542F5A8C5FA15F9F60A7688E6A5A743D
:1039B00081789E8AA48A778B90915E4EC99BA44E93
:1039C0007C4FAF4F1950165049516C519F52B9520C
:1039D000FE529A53E35311540E5489555157A2572E
:1039E0007D59545B5D5B8F5BE55DE75DF75D785E00
:1039F000835E9A5EB75E185F52604C619762D862D0
:103A0000A7633B6502664366F4666D672168976845
:103A1000CB695F6C2A6D696D2F6E9D6E32758776EE
:103A20006C783F7AE07C057D187D5E7DB17D1580E8
:103A30000380AF80B18054818F812A8252834C8869
:103A400061881B8BA28CFC8CCA90759171923F7817
:103A5000FC92A4954D9605989999D89A3B9D5B52F6
:103A6000AB52F7530854D558F762E06F6A8C5F8FFA
:103A7000B99E4B513B524A54FD56407A7791609D16
:103A8000D29E4473096F70811175FD5FDA60A89A48
:103A9000DB72BC8F646B0398CA4EF0566457BE58F5
:103AA0005A5A6860C7610F6606663968B168F76D73
:103AB000D5753A7D6E82429B9B4E504FC953065539
:103AC0006F5DE65DEE5DFB67996C73740278508AFA
:103AD0009693DF885057A75E2B63B550AC508D513D
:103AE0000067C9545E58BB59B05B695F4D62A16302
:103AF0003D68736B086E7D70C7918072157826786B
:103B00006D798E65307DDC83C188098F9B96645208
:103B1000285750676A7FA18CB45142572A963A5869
:103B20008A69B480B2540E5DFC579578FA9D5C4F5B
:103B30004A528B543E6428661467F567847A567B34
:103B4000227D2F935C68AD9B397B19538A51375284
:103B5000DF5BF662AE64E6642D67BA6BA985D19629
:103B60009076D69B4C630693AB9BBF765266094E0C
:103B70009850C253715CE860926463655F68E67157
:103B8000CA732375977B827E9586838BDB8C7891B5
:103B90001099AC65AB668B6BD54ED44E3A4F7F4FC8
:103BA0003A52F853F253E355DB56EB58CB59C95907
:103BB000FF59505B4D5C025E2B5ED75F1D60076353
:103BC0002F655C5BAF65BD65E8659D67626B7B6B70
:103BD0000F6C45734979C179F87C197D2B7DA280E2
:103BE0000281F38196895E8A698A668A8C8AEE8A66
:103BF000C78CDC8CCC96FC986F6B8B4E3C4F8D4FFA
:103C00005051575BFA5B486101634266216BCB6E92
:103C1000BB6C3E72BD74D475C1783A790C80338028
:103C2000EA8194849E8F506C7F9E0F5F588B2B9DF2
:103C3000FA7AF88E8D5BEB96034EF153F7573159B4
:103C4000C95AA45B89607F6E066FBE75EA8C9F5B64
:103C50000085E07B7250F4679D82615C4A851E7E20
:103C60000E829951045C6863668D9C656E713E7925
:103C7000177D05801D8BCA8E6E90C786AA901F5037
:103C8000FA523A5C53677C7035724C91C8912B9311
:103C9000E582C25B315FF9603B4ED653885B4B6275
:103CA00031678A6BE972E0732E7A6B81A38D529132
:103CB00096991251D7536A54FF5B8863396AAC7D79
:103CC0000097DA56CE536854975B315CDE5DEE4F59
:103CD0000161FE62326DC079CB79427D4D7ED27F2B
:103CE000ED811F82908446887289908B748E2F8F0D
:103CF00031904B916C91C6969C91C04E4F4F45515F
:103D00004153935F0E62D467416C0B6E6373267EE2
:103D1000CD918392D4531959BF5BD16D5D792E7EBD
:103D20009B7C7E589F71FA515388F08FCA4FFB5C81
:103D30002566AC77E37A1C82FF99C651AA5FEC65D1
:103D40006F69896BF36D966E646FFE76147DE15D2D
:103D5000759087910698E6511D5240629166D9662A
:103D60001A6EB65ED27D727FF866AF85F785F88AE7
:103D7000A952D95373598F5E905F5560E49264964F
:103D8000B7501F51DD5220534753EC53E85446556A
:103D9000315517566859BE593C5AB55B065C0F5CE5
:103DA000115C1A5C845E8A5EE05E705F7F62846292
:103DB000DB628C63776307660C662D6676667E67CA
:103DC000A2681F6A356ABC6C886D096E586E3C71BA
:103DD00026716771C77501775D7801796579F0792A
:103DE000E07A117BA77C397D9680D6838B844985C8
:103DF0005D88F3881F8A3C8A548A738A618CDE8CC2
:103E0000A49166927E9318949C9698970A4E084EB9
:103E10001E4E574E97517052CE573458CC58225B95
:103E2000385EC560FE6461675667446DB67273752F
:103E3000637AB884728BB89120933156F457FE9808
:103E4000ED620D69966BED71547E77807282E68922
:103E5000DF985587B18F3B5C384FE14FB54F075521
:103E6000205ADD5BE95BC35F4E612F63B0654B6633
:103E7000EE689B69786DF16D3375B9751F775E7962
:103E8000E679337DE381AF82AA85AA893A8AAB8E2F
:103E90009B8F3290DD910797BA4EC14E03527558F1
:103EA000EC580B5C1A753D5C4E810A8AC58F63968F
:103EB0006D97257BCF8A08986291F356A853179087
:103EC00039548257255EA863346C8A7061778B7C85
:103ED000E07F708842905491109318938F965E748F
:103EE000C49A075D695D7065A267A88DDB966E63F5
:103EF00049671969C5831798C096FE88846F7A64EC
:103F0000F85B164E2C705D752F66C4513652E25226
:103F1000D359815F276010623F6574651F667466C0
:103F2000F2681668636B056E72721F75DB76BE7C75
:103F30005680F058FD887F89A08A938ACB8A1D908D
:103F400092915297599789650E7A0681BB962D5E9C
:103F5000DC601A62A56514669067F3774D7A4D7C34
:103F60003E7E0A81AC8C648DE18D5F8EA97807520C
:103F7000D962A563426498622D8A837AC07BAC8A39
:103F8000EA96767D0C824987D94E48514353605357
:103F9000A35B025C165CDD5D26624762B064136859
:103FA0003468C96C456D176DD3675C6F4E717D7158
:103FB000CB657F7AAD7BDA7D4A7EA87F7A811B82D2
:103FC0003982A6856E8ACE8CF58D78907790AD92E9
:103FD00091928395AE9B4D528455386F36716851DE
:103FE0008579557EB381CE7C4C565158A85CAA6326
:103FF000FE66FD665A69D9728F758E750E7956798F
:10400000DF79977C207D447D0786348A3B966190DA
:10401000209FE7507552CC53E2530950AA55EE58F1
:104020004F593D728B5B645C1D53E360F3605C63CE
:1040300083633F63BB63CD64E965F966E35DCD6986
:10404000FD69156FE571894EE975F876937ADF7C25
:10405000CF7D9C7D6180498358836C84BC84FB85C3
:10406000C588708D01906D9097931C97129ACF50D0
:1040700097588E61D3813585088D2090C34F745039
:10408000475273536F6049635F672C6EB38D1F9007
:10409000D74F5E5CCA8CCF659A7D52539688765115
:1040A000C363585B6B5B0A5C0D6451675C90D64ED2
:1040B0001A592A59706C518A3E551558A559F06005
:1040C0005362C167358255694096C499289A534F07
:1040D0000658FE5B1080B15C2F5E855F20604B61EF
:1040E0003462FF66F06CDE6ECE807F81D4828B8876
:1040F000B88C00902E908A96DB9EDB9BE34EF053AB
:1041000027592C7B8D914C98F99DDD6E2770535368
:104110004455855B58629E62D362A26CEF6F227435
:10412000178A3894C16FFE8A3883E751F886EA53BC
:10413000E953464F5490B08F6A593181FD5DEA7A58
:10414000BF8FDA68378CF872489C3D6AB08A394E66
:10415000585306566657C562A263E6654E6BE16D1D
:104160005B6EAD70ED77EF7AAA7BBB7D3D80C6803C
:10417000CB86958A5B93E356C7583E5FAD659666DE
:10418000806AB56B3775C78A2450E57730571B5F57
:1041900065607A66606CF4751A7A6E7FF4811887B0
:1041A0004590B399C97B5C75F97A517BC4841090B2
:1041B000E979927A3683E15A40772D4EF24E995B37
:1041C000E05FBD623C66F167E86C6B8677883B8A8E
:1041D0004E91F392D099176A26702A73E78257841A
:1041E000AF8C014E4651CB518B55F55B165E335E5D
:1041F000815E145F355F6B5FB45FF2611163A2662D
:104200001D676E6F52723A753A7774803981788182
:104210007687BF8ADC8A858DF38D9A92779502988E
:10422000E59CC5525763F4761567886CCD73C38CD3
:10423000AE937396256D9C580E69CC69FD8F9A9349
:10424000DB751A905A580268B463FB69434F2C6FB0
:10425000D867BB8F2685B47D54933F69706F6A57CA
:10426000F7582C5B2C7D2A720A54E391B49DAD4E15
:104270004E4F5C50755043529E8C485424589A5B64
:104280001D5E955EAD5EF75E1F5F8C60B5623A6342
:10429000D063AF68406C87788E790B7AE07D478277
:1042A000028AE68A448E1390B8902D91D8910E9F81
:1042B000E56C5864E2647565F46E84761B7B6990E6
:1042C000D193BA6EF254B95FA4644D8FED8F4492CE
:1042D00078516B582959555C975EFB6D8F7E1C7524
:1042E000BC8CE28E5B98B9701D4FBF6BB16F30759F
:1042F000FB964E51105435585758AC59605C925F3C
:1043000097655C67216E7B76DF83ED8C1490FD9062
:104310004D9325783A78AA52A65E1F5774591260B9
:1043200012505A51AC51CD51005210555458585852
:104330005759955BF65C8B5DBC6095622D64716727
:104340004368BC68DF68D776D86D6F6E9B6D6F7001
:10435000C871535FD8757779497B547B527BD67C83
:10436000717D305263846985E4850E8A048B468CA6
:104370000F8E03900F90199476962D98309AD895B9
:10438000CD50D5520C5402580E5CA7619E641E6D30
:10439000B377E57AF480048453908592E05C079DBE
:1043A0003F53975FB35F9C6D79726377BF79E47B0E
:1043B000D26BEC72AD8A0368616AF851817A346914
:1043C0004A5CF69CEB82C55B49911E7078566F5C27
:1043D000C76066658C6C5A8C419013985154C766BF
:1043E0000D924859A39085514D4EEA5199850E8BF7
:1043F00058707A634B936269B499047E777557530A
:104400006069DF8EE3965D6C8C4E3C5C105FE98FDB
:104410000253D18C89807986FF5EE565734E6551C4
:1044200082593F5CEE97FB4E8A59CD5F8D8AE16FD2
:10443000B0796279E75B71842B73B171745EF55F5B
:104440007B639A64C371987C434EFC5E4B4EDC5791
:10445000A256A960C36F0D7DFD803381BF81B28FED
:104460009789A486F45D8A62AD6487897767E26C78
:104470003E6D36743478465A757FAD82AC99F34FF1
:10448000C35EDD62926357656F67C3764C72CC8002
:10449000BA80298F4D910D50F957925A85687369EA
:1044A0006471FD72B78CF258E08C6A9619907F8720
:1044B000E479E77729842F4F65525A53CD62CF674D
:1044C000CA6C7D76947B957C36828485EB8FDD6625
:1044D000206F06721B7EAB83C199A69EFD51B17BF6
:1044E0007278B87B8780487BE86A615E8C80517502
:1044F00060756B5162928C6E7A769791EA9A104F42
:10450000707F9C624F7BA595E99C7A565958E4864A
:10451000BC96344F24524A53CD53DB53065E2C6471
:1045200091657F673E6C4E6C4872AF72ED73547547
:10453000417E2C82E985A98CC47BC6916971129851
:10454000EF983D6369666A75E476D0784385EE86B8
:104550002A53515326548359875E7C5FB260496267
:104560007962AB629065D46BCC6CB275AE769178A3
:10457000D879CB7D777FA580AB88B98ABB8C7F90BB
:104580005E97DB980B6A387C99503E5CAE5F87671C
:10459000D86B357409778E7F3B9FCA67177A39537A
:1045A0008B75ED9A665F9D81F18398803C5FC55F56
:1045B0006275467B3C906768EB599B5A107D7E760E
:1045C0002C8BF54F6A5F196A376C026FE274687959
:1045D0006888558A798CDF5ECF63C575D279D782BA
:1045E0002893F2929C84ED862D9CC1546C5F8C655F
:1045F0005C6D1570A78CD38C3B984F65F6740D4E8F
:10460000D84EE0572B59665ACC5BA851035E9C5E8E
:10461000166076627765A7656E666E6D3672267B6C
:1046200050819A8199825C8BA08CE68C748D1C964B
:104630004496AE4FAB64666B1E8261846A85E890D7
:10464000015C5369A8987A8457850F4F6F52A95F10
:10465000455E0D678F79798107898689F56D175FCA
:104660005562B86CCF4E6972929B06523B54745699
:10467000B358A4616E621A716E59897CDE7C1B7D11
:10468000F09687655E80194E754F75514058635E90
:10469000735E0A5FC467264E3D8589955B96737C81
:1046A0000198FB50C1585676A7782552A5771185F9
:1046B000867B4F5009594772C77BE87DBA8FD48FEC
:1046C0004D90BF4FC952295A015FAD97DD4F1782F8
:1046D000EA9203575563696B2B75DC88148F427A15
:1046E000DF52935855610A62AE66CD6B3F7CE98319
:1046F0002350F84F05534654315849599D5BF05C9F
:10470000EF5C295D965EB16267633E65B9650B67D4
:10471000D56CE16CF97032782B7EDE80B3820C842C
:10472000EC84028712892A8A4A8CA690D292FD983C
:10473000F39C6C9D4F4EA14E8D5056524A57A8592E
:104740003D5ED85FD95F3F62B4661B67D067D268B1
:104750009251217DAA80A881008B8C8CBF8C7E9287
:10476000329620542C981753D5505C53A858B264F5
:10477000346767726677467AE691C352A16C866B9E
:1047800000584C5E54592C67FB7FE151C676696432
:10479000E878549BBB9ECB57B95927669A67CE6B76
:1047A000E954D969555E9C819567AA9BFE67529C26
:1047B0005D68A64EE34FC853B9622B67AB6CC48FDC
:1047C000AD4F6D7EBF9E074E6261806E2B6F13856D
:1047D00073542A67459BF35D957BAC5CC65B1C8775
:1047E0004A6ED184147A088199598D7C116C207796
:1047F000D952225921715F72DB772797619D0B692E
:104800007F5A185AA5510D547D540E66DF76F78FE6
:104810009892F49CEA595D72C56E4D51C968BF7D8E
:10482000EC7D6297BA9E7864216A028384595F5B4B
:10483000DB6B1B73F276B27D178099843251286747
:10484000D99EEE766267FF520599245C3B627E7CBE
:10485000B08C4F55B6600B7D809501535F4EB651BD
:104860001C593A723680CE91255FE2778453795F86
:10487000047DAC85338A8D8E5697F367AE8553944D
:1048800009610861B96C5276ED8A388F2F55514F06
:104890002A51C752CB53A55B7D5EA0608261D6636F
:1048A0000967DA67676E8C6D3673377331755079C7
:1048B000D588988A4A909190F590C4968D8715591D
:1048C000884E594F0E4E898A3F8F1098AD507C5EAE
:1048D0009659B95BB85EDA63FA63C164DC664A690B
:1048E000D8690B6DB66E94712875AF7A8A7F008097
:1048F0004984C9848189218B0A8E65907D960A99A5
:104900007E619162326B836C746DCC7FFC7FC06D75
:10491000857FBA87F8886567B1833C98F7961B6DE9
:10492000617D3D846A91714E7553505D046BEB6FF0
:10493000CD852D86A78929520F54655C4E67A868DE
:1049400006748374E275CF88E188CC91E2967896FC
:104950008B5F8773CB7A4E84A06365758952416DF6
:104960009C6E097459756B78927C8696DC7A8D9F63
:10497000B64F6E61C5655C86864EAE4EDA50214EEE
:10498000CC51EE5B99658168BC6D1F734276AD7743
:104990001C7AE77C6F82D28A7C90CF9175961898AA
:1049A0009B52D17D2B5098539767CB6DD071337448
:1049B000E8812A8FA396579C9F9E60744158996DF9
:1049C0002F7D5E98E44E364F8B4FB751B152BA5D92
:1049D0001C60B2733C79D3823492B796F6960A97EC
:1049E000979E629FA666746B1752A352C870C288C6
:1049F000C95E4B609061236F49713E7CF47D6F808E
:104A0000EE8423902C9342546F9BD36A8970C28C9E
:104A1000EF8D3297B452415ACA5E045F17677C69C2
:104A200094696A6D0F6F6272FC72ED7B01807E800B
:104A30004B87CE906D51939E84798B803293D68A2A
:104A40002D508C54718A6A6BC48C0781D160A06729
:104A5000F29D994E984E109C6B8AC18568850069BD
:104A60007E6E9778558100000A0001000200030065
:104A70000400050006000700080009000A000B00FA
:104A80000C000D000E000F00100000002020202060
:104A90002020202020202020202020202020202016
:104AA0002020202020202020202020200000000086
:104AB0001F001C200000000014210000020016242A
:104AC000000000001425000002001528000000006E
:104AD000112900000000142A00000000182B00001B
:104AE0000000142C00000000102D00000000142E07
:104AF000000001000C3000000900143A0000010021
:104B0000183C00000200143F0000010003410000B7
:104B10001900155B00000000145C00000000115D2E
:104B200000000000175E000000000F5F00000000A2
:104B3000176000000000036100001900157B0000F1
:104B40000000187C00000000117D00000000187EAD
:104B500000000000007F000020001CA000000000FA
:104B600014A10000000016A20000030019A6000016
:104B7000000014A70000000017A80000000019A9F9
:104B80000000000006AA0000000013AB00000000B7
:104B900018AC0000000001AD0000000019AE0000DC
:104BA000000017AF0000000019B00000000018B1AD
:104BB000000000000EB20000010017B40000000069
:104BC00003B50000000014B60000010017B8000093
:104BD00000000EB90000000006BA0000000012BB81
:104BE000000000000EBC0000020014BF0000000026
:104BF00003C00000160018D70000000003D8000012
:104C0000060004DF0000000003E00000160018F7B3
:104C10000000000003F800003F000438010000001D
:104C2000033901000F00044901000000034A01009C
:104C30004200048D01000000038E01000C00049B63
:104C400001000000039C01000D0004AA0100010006
:104C500003AC01000D0004BA0100000006BB010016
:104C6000000003BC0100010004BE0100000003BFFE
:104C70000100000006C00100030003C401000000A1
:104C800007C50100000003C60100010007C80100BC
:104C9000000003C90100010007CB0100000003CCA4
:104CA0000100230004F00100000003F101000000F6
:104CB00007F20100000003F301002D0004210200AF
:104CC0000000032202001100043402000500033A30
:104CD00002001A0004550200000003560200010001
:104CE000045802000000035902000000045A0200A8
:104CF0000000035B02000100045D0200020003608B
:104D000002000100046202000000036302000000D0
:104D10000464020000000365020001000467020051
:104D20000000036802000400046D02000100036F2C
:104D30000200000004700200000003710200010084
:104D400004730200010003750200000004760200F3
:104D50000600037D02000000047E020001000380C3
:104D60000200000004810200000003820200010032
:104D7000048402000200038702000500048D020083
:104D80000400039202000000049302000000069455
:104D900002000000049502000700039D02000100CC
:104DA000049F0200100005B00200110017C20200AB
:104DB000030005C602000B0017D202000D0005E03B
:104DC0000200040017E50200060005EC02000000E6
:104DD00017ED0200000005EE0200000017EF0200D0
:104DE00010000B0003006F00037003000300057444
:104DF00003000000177503000000037603000100A4
:104E0000057A03000000037B03000200147E030008
:104E10000000037F030000001784030001000386E5
:104E20000300000014870300000003880300020051
:104E3000038C03000000038E0300010004900300B4
:104E4000000003910300100003A303000C0004B052
:104E50000300000003B10300200008D20300020099
:104E600003D50300200018F60300000003F7030039
:104E7000040004FC0300000003FD03008400198209
:104E8000040000000B83040004000A8804000100F1
:104E9000038A0400A500033105002500055905001B
:104EA0000000145A050005000460050000000361BD
:104EB0000500250004870500010014890500000095
:104EC000108A05000000198D05000100168F0500ED
:104ED00000000B9105002C0010BE050000000BBF68
:104EE0000500000014C0050000000BC10500010012
:104EF00014C3050000000BC40500010014C6050022
:104F000000000BC70500000006D005001A0006EFE0
:104F10000500030014F30500010001000600050070
:104F2000180606000200140906000100160B060010
:104F30000000140C06000100190E060001000B1001
:104F400006000A00141B06000000011C06000000F9
:104F5000141D06000200062006001F000540060082
:104F600000000641060009000B4B060014000C600F
:104F700006000900146A06000300066E0600010020
:104F80000B700600000006710600620014D40600D3
:104F9000000006D5060000000BD60600060001DD65
:104FA0000600000019DE060000000BDF0600050009
:104FB00005E5060001000BE70600010019E90600FF
:104FC00000000BEA0600030006EE060001000CF0EC
:104FD0000600090006FA0600020019FD060001009D
:104FE00006FF06000000140007000D00010F070077
:104FF00000000610070000000B1107000000061259
:1050000007001D000B3007001A00064D070058006E
:105010000BA607000A0006B1070000000CC007003D
:10502000090006CA070020000BEB0700080005F482
:105030000700010019F60700000014F7070002003E
:1050400005FA070000000BFD0700000016FE070030
:1050500001000600080015000B1608000300051AE1
:10506000080000000B1B08000800052408000000D1
:105070000B25080002000528080000000B29080085
:105080000400143008000E000640080018000B59F8
:1050900008000200145E08000000066008000A0014
:1050A000067008001700178808000000068908002D
:1050B00005000190080001000B980800070006A0F9
:1050C0000800280005C9080000000BCA08001700E6
:1050D00001E2080000000BE308001F0009030900BB
:1050E00000000604090035000B3A09000000093BE6
:1050F000090000000B3C09000000063D090000000B
:10510000093E090002000B41090007000949090096
:1051100003000B4D09000000094E09000100065074
:10512000090000000B51090006000658090009009B
:105130000B62090001001464090001000C660900FB
:1051400009001470090000000571090000000672D2
:1051500009000E000B81090000000982090001000E
:10516000068509000700068F090001000693090063
:10517000150006AA0900060006B20900000006B6DE
:10518000090003000BBC0900000006BD0900000077
:1051900009BE090002000BC10900030009C709008C
:1051A000010009CB090001000BCD0900000006CE6B
:1051B0000900000009D70900000006DC0900010011
:1051C00006DF090002000BE2090001000CE60900FD
:1051D000090006F00900010016F2090001000EF4B2
:1051E0000900050019FA0900000016FB090000007B
:1051F00006FC0900000014FD090000000BFE090078
:1052000000000B010A00010009030A000000060566
:105210000A000500060F0A00010006130A00150027
:10522000062A0A00060006320A00010006350A00B6
:10523000010006380A0001000B3C0A000000093E8C
:105240000A0002000B410A0001000B470A0001009E
:105250000B4B0A0002000B510A00000006590A001D
:105260000300065E0A0000000C660A0009000B70CD
:105270000A00010006720A0002000B750A00000015
:1052800014760A0000000B810A00010009830A005D
:10529000000006850A000800068F0A000200069337
:1052A0000A00150006AA0A00060006B20A0001005C
:1052B00006B50A0004000BBC0A00000006BD0A0087
:1052C000000009BE0A0002000BC10A0004000BC75F
:1052D0000A00010009C90A00000009CB0A00010008
:1052E0000BCD0A00000006D00A00000006E00A000C
:1052F00001000BE20A0001000CE60A00090014F0AC
:105300000A00000016F10A00000006F90A00000079
:105310000BFA0A0005000B010B00000009020B004C
:10532000010006050B000700060F0B000100061325
:105330000B001500062A0B00060006320B000100C8
:1053400006350B0004000B3C0B000000063D0B0073
:105350000000093E0B0000000B3F0B00000009405D
:105360000B0000000B410B00030009470B0001007C
:10537000094B0B0001000B4D0B0000000B550B00FF
:10538000010009570B000000065C0B000100065FDE
:105390000B0002000B620B0001000C660B00090001
:1053A00019700B00000006710B0000000E720B005C
:1053B00005000B820B00000006830B000000068531
:1053C0000B000500068E0B00020006920B00030086
:1053D00006990B000100069C0B000000069E0B00C6
:1053E000010006A30B00010006A80B00020006AE98
:1053F0000B000B0009BE0B0001000BC00B000000EE
:1054000009C10B00010009C60B00020009CA0B000C
:1054100002000BCD0B00000006D00B00000009D7E6
:105420000B0000000CE60B0009000EF00B00020060
:1054300019F30B00050016F90B00000019FA0B0018
:1054400000000B000C00000009010C0002000B041E
:105450000C00000006050C000700060E0C00020000
:1054600006120C001600062A0C000F000B3C0C0064
:105470000000063D0C0000000B3E0C00020009413C
:105480000C0003000B460C0002000B4A0C0003004A
:105490000B550C00010006580C000200065D0C00C4
:1054A000000006600C0001000B620C0001000C669D
:1054B0000C00090014770C0000000E780C000600A8
:1054C000197F0C00000006800C0000000B810C000E
:1054D000000009820C00010014840C000000068505
:1054E0000C000700068E0C00020006920C0016004D
:1054F00006AA0C00090006B50C0004000BBC0C0049
:10550000000006BD0C00000009BE0C0000000BBF2F
:105510000C00000009C00C0004000BC60C000000C9
:1055200009C70C00010009CA0C0001000BCC0C00DB
:10553000010009D50C00010006DD0C00010006E0A9
:105540000C0001000BE20C0001000CE60C0009004D
:1055500006F10C0001000B000D00010009020D0016
:10556000010006040D000800060E0D0002000612E0
:105570000D0028000B3B0D000100063D0D00000052
:10558000093E0D0002000B410D00030009460D000D
:105590000200094A0D0002000B4D0D000000064EEE
:1055A0000D000000194F0D00000006540D00020010
:1055B00009570D0000000E580D000600065F0D0093
:1055C00002000B620D0001000C660D0009000E7058
:1055D0000D00080019790D000000067A0D00050085
:1055E0000B810D00000009820D00010006850D00F1
:1055F0001100069A0D00170006B30D00080006BD45
:105600000D00000006C00D0006000BCA0D000000D2
:1056100009CF0D0002000BD20D0002000BD60D00C9
:10562000000009D80D0007000CE60D00090009F282
:105630000D00010014F40D00000006010E002F0003
:105640000B310E00000006320E0001000B340E007C
:105650000600163F0E00000006400E00050005463D
:105660000E0000000B470E000700144F0E00000054
:105670000C500E000900145A0E00010006810E00A5
:10568000010006840E00000006860E000400068C51
:105690000E00170006A50E00000006A70E00090068
:1056A0000BB10E00000006B20E0001000BB40E009C
:1056B000080006BD0E00000006C00E00040005C66E
:1056C0000E0000000BC80E0005000CD00E000900F3
:1056D00006DC0E00030006000F00000019010F0099
:1056E000020014040F000E0019130F000000141420
:1056F0000F00000019150F0002000B180F00010029
:10570000191A0F0005000C200F0009000E2A0F00C7
:10571000090019340F0000000B350F000000193686
:105720000F0000000B370F00000019380F000000B9
:105730000B390F000000153A0F000000113B0F005D
:105740000000153C0F000000113D0F000000093E55
:105750000F00010006400F00070006490F0023005C
:105760000B710F000D00097F0F0000000B800F0070
:10577000040014850F0000000B860F00010006884E
:105780000F0004000B8D0F000A000B990F0023007F
:1057900019BE0F0007000BC60F00000019C70F004D
:1057A000050019CE0F00010014D00F00040019D518
:1057B0000F00030014D90F000100060010002A009A
:1057C000092B100001000B2D1000030009311000FF
:1057D00000000B32100005000938100000000B39E2
:1057E00010000100093B100001000B3D10000100FA
:1057F000063F100000000C4010000900144A100081
:1058000005000650100005000956100001000B5855
:1058100010000100065A100003000B5E1000020089
:105820000661100000000962100002000665100009
:105830000100096710000600066E100002000B71DF
:1058400010000300067510000C000B821000000011
:105850000983100001000B8510000100098710006A
:1058600005000B8D10000000068E10000000098F4F
:10587000100000000C9010000900099A10000200AE
:105880000B9D10000000199E1000010003A01000E5
:10589000250003C71000000003CD1000000003D056
:1058A00010002A0014FB1000000005FC100000008E
:1058B00003FD10000200060011004801064A120014
:1058C0000300065012000600065812000000065A97
:1058D00012000300066012002800068A120003006E
:1058E00006901200200006B21200030006B8120053
:1058F000060006C01200000006C21200030006C81F
:1059000012000E0006D81200380006121300030021
:105910000618130042000B5D130002001460130010
:1059200008000E6913001300068013000F00199081
:105930001300090003A01300550003F8130005002D
:10594000100014000000060114006B02196D16000F
:105950000000146E16000000066F160010001C8078
:1059600016000000068116001900159B16000000A5
:10597000119C1600000006A016004A0014EB160049
:1059800002000DEE1600020006F1160007000600E8
:10599000170011000B121700020009151700000074
:1059A000061F170012000B32170001000934170000
:1059B00000001435170001000640170011000B52BB
:1059C00017000100066017000C00066E17000200A9
:1059D0000B72170001000680170033000BB417008C
:1059E000010009B6170000000BB71700060009BE3A
:1059F000170007000BC61700000009C717000100B9
:105A00000BC917000A0014D41700020005D71700AD
:105A1000000014D81700020016DB1700000006DC97
:105A2000170000000BDD170000000CE01700090054
:105A30000EF01700090014001800050010061800E9
:105A400000001407180003000B0B18000200010EE1
:105A5000180000000B0F180000000C1018000900BF
:105A60000620180022000543180000000644180014
:105A700034000680180004000B851800010006871A
:105A8000180021000BA91800000006AA1800000049
:105A900006B018004500060019001E000B20190072
:105AA00002000923190003000B271900010009292E
:105AB000190002000930190001000B321900000022
:105AC0000933190005000B391900020019401900AB
:105AD00000001444190001000C461900090006508A
:105AE00019001D00067019000400068019002B0023
:105AF00006B0190019000CD0190009000EDA1900BF
:105B0000000019DE1900210006001A0016000B170C
:105B10001A00010009191A0001000B1B1A000000ED
:105B2000141E1A00010006201A00340009551A003C
:105B300000000B561A00000009571A0000000B580D
:105B40001A0006000B601A00000009611A0000002C
:105B50000B621A00000009631A0001000B651A00AD
:105B60000700096D1A0005000B731A0009000B7F6E
:105B70001A0000000C801A0009000C901A0009009D
:105B800014A01A00060005A71A00000014A81A00A5
:105B900005000BB01A000D000ABE1A0000000BBF72
:105BA0001A000F000B001B00030009041B0000007B
:105BB00006051B002E000B341B00000009351B00DE
:105BC00000000B361B000400093B1B0000000B3CCF
:105BD0001B000000093D1B0004000B421B000000DD
:105BE00009431B00010006451B0007000C501B0069
:105BF0000900145A1B00060019611B0009000B6BF9
:105C00001B00080019741B000800147D1B00010014
:105C10000B801B00010009821B00000006831B0093
:105C20001D0009A11B0000000BA21B00030009A618
:105C30001B0001000BA81B00010009AA1B000000AB
:105C40000BAB1B00020006AE1B0001000CB01B00DA
:105C5000090006BA1B002B000BE61B00000009E739
:105C60001B0000000BE81B00010009EA1B000200FA
:105C70000BED1B00000009EE1B0000000BEF1B00EA
:105C8000020009F21B00010014FC1B0003000600C7
:105C90001C00230009241C0007000B2C1C0007001B
:105CA00009341C0001000B361C000100143B1C00D1
:105CB00004000C401C000900064D1C0002000C50A2
:105CC0001C000900065A1C001D0005781C00050078
:105CD000147E1C00010003801C00080003901C00BF
:105CE0002A0003BD1C00020014C01C0007000BD0DA
:105CF0001C00020014D31C0000000BD41C000C007C
:105D000009E11C0000000BE21C00060006E91C0073
:105D100003000BED1C00000006EE1C0005000BF458
:105D20001C00000006F51C00010009F71C00000023
:105D30000BF81C00010006FA1C00000004001D0006
:105D40002B00052C1D003E00046B1D000C00057887
:105D50001D00000003791D000000047A1D000200F0
:105D6000037D1D000000047E1D000F00038E1D003A
:105D70000000048F1D000B00059B1D0024000BC0BC
:105D80001D003F0003001E00950004961E00040045
:105D9000039B1E000000049C1E000100039E1E00C9
:105DA0000000049F1E00000003A01E0075000318E1
:105DB0001F00050003201F00250003481F000500E9
:105DC00004501F00000003511F00000004521F0078
:105DD000000003531F00000004541F00000003557F
:105DE0001F00000004561F00000003571F000000A2
:105DF00003591F000000035B1F000000035D1F002C
:105E00000000035F1F001E0003801F0007000788BB
:105E10001F00070003901F00070007981F000700DE
:105E200003A01F00070007A81F00070003B01F0002
:105E3000010004B21F00000003B31F00000004B4FF
:105E40001F00000004B61F00010003B81F0003007C
:105E500007BC1F00000017BD1F00000003BE1F008D
:105E6000000017BF1F00020004C21F00000003C390
:105E70001F00000004C41F00000004C61F00010032
:105E800003C81F00030007CC1F00000017CD1F0030
:105E9000020003D01F00010004D21F00010004D63D
:105EA0001F00010003D81F00030017DD1F000200C0
:105EB00003E01F00010004E21F00020003E51F00D1
:105EC000000004E61F00010003E81F00040017EDB6
:105ED0001F00020004F21F00000003F31F00000077
:105EE00004F41F00000004F61F00010003F81F0067
:105EF000030007FC1F00000017FD1F0001001C002D
:105F000020000A00010B20000400101020000500F2
:105F100014162000010013182000000012192000A0
:105F20000000151A20000000131B20000100121DA4
:105F300020000000151E20000000131F200000009C
:105F40001420200007001A28200000001B29200030
:105F50000000012A200004001C2F20000000143043
:105F600020000800133920000000123A2000000031
:105F7000143B200003000F3F2000010014412000CB
:105F800002001844200000001545200000001146C2
:105F900020000000144720000A00185220000000D2
:105FA0001453200000000F5420000000145520005E
:105FB00009001C5F20000000016020000400016651
:105FC000200009000E702000000005712000000074
:105FD0000E7420000500187A20000200157D2000B4
:105FE0000000117E20000000057F200000000E80D0
:105FF00020000900188A20000200158D20000000F2
:10600000118E20000000059020000C0016A020003A
:1060100020000BD020000C000ADD200003000BE163
:10602000200000000AE2200002000BE520000B0027
:1060300019002100010008022100000019032100BD
:106040000300080721000000190821000100040ACC
:1060500021000000080B21000200040E21000100B5
:10606000081021000200041321000000191421006F
:106070000000081521000000191621000100181861
:1060800021000000081921000400191E210005004C
:10609000082421000000192521000000032621000A
:1060A00000001927210000000828210000001929FC
:1060B00021000000032A21000100082C210001001A
:1060C000192E21000000042F2100000008302100BB
:1060D00001000332210000000833210000000434D5
:1060E00021000000063521000300043921000000D2
:1060F000193A21000100043C21000100083E210062
:106100000100184021000400084521000000044659
:1061100021000300194A21000000184B2100000053
:10612000194C21000100034E21000000194F2100ED
:1061300000000E5021000F000D602100220003839B
:10614000210001000D85210003000E8921000000BF
:10615000198A2100010018902100040019952100DE
:106160000400189A21000100199C2100030018A0C6
:106170002100000019A12100010018A32100000046
:1061800019A42100010018A62100000019A7210070
:10619000060018AE2100000019AF21001E0018CE25
:1061A0002100010019D02100010018D221000000B7
:1061B00019D32100000018D42100000019D52100B6
:1061C0001E0018F421000B01190023000700150818
:1061D00023000000110923000000150A230000001D
:1061E000110B23000000190C2300130018202300BA
:1061F0000100192223000600152923000000112A9E
:1062000023000000192B23005000187C23000000FD
:10621000197D23001D00189B2300180019B42300CA
:10622000270018DC2300050019E223004400194070
:1062300024000A000E6024003B00199C24004D003D
:106240000EEA2400150019002500B60018B7250035
:10625000000019B82500080018C12500000019C267
:106260002500350018F825000700190026006E00EB
:10627000186F2600000019702600F7001568270027
:106280000000116927000000156A27000000116B4B
:1062900027000000156C27000000116D270000008A
:1062A000156E27000000116F2700000015702700F1
:1062B0000000117127000000157227000000117303
:1062C000270000001574270000001175270000004A
:1062D0000E7627001D00199427002B0018C02700F8
:1062E000040015C52700000011C62700000018C7CC
:1062F00027001E0015E62700000011E72700000018
:1063000015E82700000011E92700000015EA270022
:10631000000011EB2700000015EC2700000011ED34
:106320002700000015EE2700000011EF27000000F5
:1063300018F027000F0019002800FF00180029009E
:1063400082001583290000001184290000001585B2
:10635000290000001186290000001587290000008F
:10636000118829000000158929000000118A2900E0
:106370000000158B29000000118C29000000158DEC
:1063800029000000118E29000000158F290000004F
:106390001190290000001591290000001192290098
:1063A00000001593290000001194290000001595A4
:1063B000290000001196290000001597290000000F
:1063C000119829000000189929003E0015D82900CD
:1063D000000011D92900000015DA2900000011DBA6
:1063E0002900000018DC29001F0015FC290000000E
:1063F00011FD2900000018FE2900010119002B00E1
:106400002F0018302B00140019452B0001001847ED
:106410002B000500194D2B00260019762B001F00BC
:1064200019972B00680003002C00700004712C00E9
:10643000000003722C00010004742C00000003759E
:106440002C00010004772C000400057C2C000100C6
:10645000037E2C00650004E42C00000019E52C00EC
:10646000050003EB2C0003000BEF2C00020003F2ED
:106470002C00010014F92C0003000EFD2C0000007C
:1064800014FE2C00010003002D00250003272D0021
:106490000000032D2D00000006302D003700056F91
:1064A0002D00000014702D0000000B7F2D00000057
:1064B00006802D00160006A02D00060006A82D005F
:1064C000060006B02D00060006B82D00060006C026
:1064D0002D00060006C82D00060006D02D0006007F
:1064E00006D82D0006000BE02D001F0014002E0022
:1064F000010013022E00000012032E0000001304FE
:106500002E00000012052E00000014062E000200CE
:1065100013092E000000120A2E000000140B2E009A
:106520000000130C2E000000120D2E000000140EAF
:106530002E00080010172E00000014182E00010075
:10654000101A2E000000141B2E000000131C2E0039
:106550000000121D2E000000141E2E00010013204A
:106560002E00000012212E00000015222E00000037
:1065700011232E00000015242E00000011252E00EE
:10658000000015262E00000011272E0000001528FF
:106590002E00000011292E000000142A2E000400F5
:1065A000052F2E00000014302E000900103A2E0096
:1065B0000100143C2E00030010402E000000144186
:1065C0002E00000015422E00000014432E000C0087
:1065D00019502E00010014522E00020015552E00F5
:1065E000000011562E00000015572E000000115813
:1065F0002E00000015592E000000115A2E00000038
:10660000155B2E000000115C2E000000105D2E00B6
:10661000000019802E001900199B2E005800190047
:106620002F00D50019F02F000B001C0030000000D7
:10663000140130000200190430000000050530008C
:1066400000000606300000000D07300000001508AD
:1066500030000000110930000000150A3000000071
:10666000110B30000000150C30000000110D30003F
:106670000000150E30000000110F30000000151052
:10668000300000001111300000001912300001002C
:1066900015143000000011153000000015163000F0
:1066A000000011173000000015183000000011190B
:1066B00030000000151A30000000111B30000000EF
:1066C000101C30000000151D30000000111E3000AD
:1066D00001001920300000000D21300008000B2AB5
:1066E00030000300092E300001001030300000009F
:1066F0000531300004001936300001000D3830003B
:106700000200053B30000000063C30000000143D54
:1067100030000000193E30000100064130005500F5
:106720000B9930000100179B30000100059D3000DF
:106730000100069F3000000010A03000000006A1FC
:106740003000590014FB3000000005FC300002004E
:1067500006FF30000000060531002A000631310036
:106760005D001990310001000E923100030019966E
:106770003100090006A031001F0019C031002300BC
:1067800006F031000F00190032001E000E2032000A
:106790000900192A32001D000E4832000700195066
:1067A000320000000E5132000E00196032001F004E
:1067B0000E8032000900198A320026000EB1320024
:1067C0000E0019C032003F0106003400BF1919C085
:1067D0004D003F0006004E0014520515A0000000B9
:1067E0000616A00076041990A400360006D0A40076
:1067F000270005F8A400050014FEA400010006000F
:10680000A5000B01050CA6000000140DA600020057
:106810000610A6000F000C20A6000900062AA600FC
:1068200001000340A6002D00066EA60000000B6FBD
:10683000A60000000A70A60002001473A600000063
:106840000B74A6000900147EA6000000057FA600B8
:1068500000000380A6001B00059CA60001000B9E03
:10686000A600010006A0A60045000DE6A60009004E
:106870000BF0A600010014F2A60005001700A70007
:1068800016000517A70008001720A7000100032223
:10689000A7000D000430A70001000332A7003D004F
:1068A0000570A70000000471A70007000379A70086
:1068B0000E000588A70000001789A7000100038BC0
:1068C000A7000200048EA7000000068FA7000000AA
:1068D0000390A70004000495A70000000396A700FA
:1068E000180004AFA700000003B0A7001A0003D0EF
:1068F000A700010004D3A700000004D5A7000000F2
:1069000003D6A700030005F2A700020003F5A700C5
:10691000010006F7A700000005F8A700010004FA2F
:10692000A700000006FBA70006000B02A80000005D
:106930000603A80002000B06A80000000607A80036
:1069400003000B0BA8000000060CA800160009238A
:10695000A80001000B25A80001000927A8000000DD
:106960001928A80003000B2CA80000000E30A80076
:1069700005001936A80001001638A80000001939D2
:10698000A80000000640A80033001474A80003000B
:106990000980A80001000682A800310009B4A800FF
:1069A0000F000BC4A800010014CEA80001000CD0F9
:1069B000A80009000BE0A800110006F2A8000500DD
:1069C00014F8A800020006FBA800000014FCA800B0
:1069D000000006FDA80001000BFFA80000000C004D
:1069E000A9000900060AA9001B000B26A900070040
:1069F000142EA90001000630A90016000B47A900BB
:106A00000A000952A9000100145FA90000000660F5
:106A1000A9001C000B80A90002000983A900000046
:106A20000684A9002E000BB3A900000009B4A90038
:106A300001000BB6A900030009BAA90001000BBCB4
:106A4000A900010009BEA900020014C1A9000C00A0
:106A500005CFA90000000CD0A900090014DEA90090
:106A6000010006E0A90004000BE5A900000005E60E
:106A7000A900000006E7A90008000CF0A900090021
:106A800006FAA90004000600AA0028000B29AA00A3
:106A90000500092FAA0001000B31AA0001000933EB
:106AA000AA0001000B35AA0001000640AA0002005E
:106AB0000B43AA0000000644AA0007000B4CAA00E2
:106AC0000000094DAA0000000C50AA000900145C47
:106AD000AA0003000660AA000F000570AA000000CB
:106AE0000671AA0005001977AA000200067AAA001A
:106AF0000000097BAA0000000B7CAA000000097DB1
:106B0000AA000000067EAA0031000BB0AA00000017
:106B100006B1AA0000000BB2AA00020006B5AA0046
:106B200001000BB7AA00010006B9AA0004000BBEC1
:106B3000AA00010006C0AA0000000BC1AA000000C4
:106B400006C2AA00000006DBAA00010005DDAA00BB
:106B5000000014DEAA00010006E0AA000A0009EB0A
:106B6000AA0000000BECAA00010009EEAA00010037
:106B700014F0AA00010006F2AA00000005F3AA0022
:106B8000010009F5AA0000000BF6AA0000000601AA
:106B9000AB0005000609AB0005000611AB000500BF
:106BA0000620AB0006000628AB0006000430AB0050
:106BB00022000353AB0000000454AB000600175B37
:106BC000AB000000055CAB0003000460AB000800F4
:106BD0000569AB000000176AAB0001000370AB0051
:106BE0004F0006C0AB00220009E3AB0001000BE53B
:106BF000AB00000009E6AB0001000BE8AB000000B1
:106C000009E9AB00010014EBAB00000009ECAB009C
:106C100000000BEDAB0000000CF0AB00090006001B
:106C2000AC00A32B06B0D700160006CBD70030006F
:106C30000200D800FF070600F9006D010670FA0097
:106C400069000400FB0006000413FB000400061D9D
:106C5000FB0000000B1EFB000000061FFB000900EC
:106C60001829FB000000062AFB000C000638FB0078
:106C70000400063EFB0000000640FB000100064346
:106C8000FB0001000646FB006B0017B2FB00100082
:106C900006D3FB006A01113EFD000000153FFD0018
:106CA00000001940FD000F000650FD003F00069255
:106CB000FD00350019CFFD00000006F0FD000B00BF
:106CC00016FCFD00000019FDFD0002000B00FE0097
:106CD0000F001410FE0006001517FE00000011182A
:106CE000FE0000001419FE0000000B20FE000F0043
:106CF0001430FE0000001031FE0001000F33FE00D2
:106D000001001535FE0000001136FE0000001537A9
:106D1000FE0000001138FE0000001539FE000000E2
:106D2000113AFE000000153BFE000000113CFE0081
:106D30000000153DFE000000113EFE000000153F62
:106D4000FE0000001140FE0000001541FE000000A2
:106D50001142FE0000001543FE0000001144FE0039
:106D600000001445FE0001001547FE000000114818
:106D7000FE0000001449FE0003000F4DFE0002005B
:106D80001450FE0002001454FE0003001058FE00D0
:106D900000001559FE000000115AFE000000155BAE
:106DA000FE000000115CFE000000155DFE0000000A
:106DB000115EFE000000145FFE0002001862FE007B
:106DC00000001063FE0000001864FE00020014685A
:106DD000FE0000001669FE000000146AFE000100BB
:106DE0000670FE0004000676FE00860001FFFE002D
:106DF00000001401FF0002001604FF00000014054B
:106E0000FF0002001508FF0000001109FF0000004C
:106E1000140AFF000000180BFF000000140CFF0014
:106E20000000100DFF000000140EFF0001000C1008
:106E3000FF000900141AFF000100181CFF000200E7
:106E4000141FFF0001000321FF001900153BFF0084
:106E50000000143CFF000000113DFF000000173E41
:106E6000FF0000000F3FFF0000001740FF00000080
:106E70000341FF001900155BFF000000185CFF00D4
:106E80000000115DFF000000185EFF000000155FAC
:106E9000FF0000001160FF0000001461FF0000000F
:106EA0001562FF0000001163FF0000001464FF0082
:106EB00001000666FF0009000570FF000000067172
:106EC000FF002C00059EFF00010006A0FF001E0031
:106ED00006C2FF00050006CAFF00050006D2FF003B
:106EE000050006DAFF00020016E0FF00010018E2CC
:106EF000FF00000017E3FF00000019E4FF0000009E
:106F000016E5FF00010019E8FF00000018E9FF0086
:106F1000030019EDFF00010001F9FF00020019FC58
:106F2000FF000100060000010B00060D0001190022
:106F3000062800011200063C00010100063F000186
:106F40000E00065000010D00068000017A001400BA
:106F5000010102000E0701012C0019370101080090
:106F60000D40010134000E75010103001979010182
:106F700010000E8A01010100198C01010200199014
:106F800001010C0019A00101000019D001012C0021
:106F90000BFD01010000068002011C0006A0020199
:106FA00030000BE0020100000EE102011A000600B1
:106FB00003011F000E2003010300062D030113002F
:106FC0000D41030100000642030107000D4A0301C1
:106FD00000000650030125000B7603010400068023
:106FE00003011D00149F0301000006A003012300FC
:106FF00006C80301070014D0030100000DD10301EE
:107000000400030004014F00065004014D000CA0D1
:107010000401090003B00401230003D80401230084
:10702000060005012700063005013300146F050135
:107030000000037005010A00037C05010E00038CAB
:1070400005010600039405010100039705010A00EC
:1070500003A305010E0003B30501060003BB0501F0
:107060000100060006013601064007011500066012
:1070700007010700058007010500058707012900B2
:1070800005B207010800060008010500060808010E
:107090000000060A08012B00063708010100063C23
:1070A00008010000063F08011600145708010000FF
:1070B0000E5808010700066008011600197708013C
:1070C00001000E7908010600068008011E000EA7C7
:1070D0000801080006E00801120006F4080101009A
:1070E0000EFB080104000600090115000E16090137
:1070F0000500141F09010000062009011900143FB2
:10710000090100000680090137000EBC09010100D9
:1071100006BE090101000EC009010F000ED20901CF
:107120002D0006000A0100000B010A0102000B05F8
:107130000A0101000B0C0A01030006100A010300FA
:1071400006150A01020006190A011C000B380A0183
:1071500002000B3F0A0100000E400A010800145013
:107160000A01080006600A011C000E7D0A010100E8
:10717000147F0A01000006800A011C000E9D0A010E
:10718000020006C00A01070019C80A01000006C96A
:107190000A011B000BE50A0101000EEB0A010400C5
:1071A00014F00A01060006000B01350014390B012A
:1071B000060006400B0115000E580B010700066083
:1071C0000B0112000E780B01070006800B01110065
:1071D00014990B0103000EA90B01060006000C0117
:1071E000480003800C01320003C00C0132000EFA8B
:1071F0000C01050006000D0123000B240D01030006
:107200000C300D0109000E600E011E0006800E01FB
:1072100029000BAB0E01010010AD0E01000006B0FD
:107220000E01010006000F011C000E1D0F010900D8
:1072300006270F01000006300F0115000B460F0155
:107240000A000E510F01030014550F0104000670CF
:107250000F0111000B820F01030014860F010300C0
:1072600006B00F0114000EC50F01060006E00F0165
:1072700016000900100100000B01100100000902B6
:10728000100100000603100134000B3810010E003D
:107290001447100106000E52100113000C66100175
:1072A00009000B70100100000671100101000B7342
:1072B000100101000675100100000B7F1001020093
:1072C000098210010000068310012C0009B0100192
:1072D00002000BB31001030009B7100101000BB944
:1072E0001001010014BB1001010001BD10010000DC
:1072F00014BE100103000BC21001000001CD1001EB
:10730000000006D0100118000CF0100109000B005D
:10731000110102000603110123000B2711010400D3
:10732000092C110100000B2D110107000C36110171
:107330000900144011010300064411010000094531
:107340001101010006471101000006501101220041
:107350000B73110100001474110101000676110174
:1073600000000B8011010100098211010000068359
:1073700011012F0009B3110102000BB61101080021
:1073800009BF1101010006C11101030014C511015B
:1073900003000BC91101030014CD1101000009CE37
:1073A000110100000BCF110100000CD011010900E8
:1073B00006DA1101000014DB1101000006DC1101E6
:1073C000000014DD110102000EE11101130006009E
:1073D00012011100061312011800092C12010200FB
:1073E0000B2F120102000932120101000B341201AD
:1073F00000000935120100000B361201010014389B
:10740000120105000B3E1201000006801201060069
:10741000068812010000068A12010300068F12017D
:107420000E00069F1201090014A91201000006B007
:1074300012012E000BDF1201000009E01201020010
:107440000BE3120107000CF0120109000B001301FD
:107450000100090213010100060513010700060FD0
:1074600013010100061313011500062A130106007B
:107470000632130101000635130104000B3B130112
:107480000100063D13010000093E130101000B40FD
:107490001301000009411301030009471301010012
:1074A000094B130102000650130100000957130194
:1074B0000000065D130104000962130101000B6660
:1074C000130106000B7013010400060014013400C0
:1074D0000935140102000B3814010700094014019A
:1074E00001000B42140102000945140100000B4683
:1074F00014010000064714010300144B140104009A
:107500000C5014010900145A14010100145D1401F7
:1075100000000B5E14010000065F140102000680EB
:1075200014012F0009B0140102000BB3140105006F
:1075300009B9140100000BBA1401000009BB1401C1
:1075400003000BBF1401010009C1140100000BC2AC
:107550001401010006C41401010014C61401000046
:1075600006C7140100000CD01401090006801501A3
:107570002E0009AF150102000BB21501030009B876
:10758000150103000BBC1501010009BE1501000027
:107590000BBF1501010014C11501160006D8150115
:1075A00003000BDC15010100060016012F00093055
:1075B000160102000B3316010700093B16010100FA
:1075C0000B3D16010000093E160100000B3F16019D
:1075D00001001441160102000644160100000C507F
:1075E00016010900146016010C00068016012A001D
:1075F0000BAB1601000009AC160100000BAD160123
:10760000000009AE160101000BB01601050009B615
:10761000160100000BB71601000006B816010000A5
:1076200014B9160100000CC016010900060017016C
:107630001A000B1D170102000920170101000B227F
:10764000170103000926170100000B27170104008A
:107650000C30170109000E3A17010100143C170104
:107660000200193F1701000006401701060006003E
:1076700018012B00092C180102000B2F180108001B
:107680000938180100000B3918010100143B1801DA
:10769000000003A018013F000CE0180109000EEAE9
:1076A0001801080006FF180107000609190100006B
:1076B000060C190107000615190101000618190129
:1076C00017000930190105000937190101000B3BAA
:1076D00019010100093D190100000B3E19010000CC
:1076E000063F190100000940190100000641190177
:1076F00000000942190100000B4319010000144465
:10770000190102000C501901090006A01901070017
:1077100006AA1901260009D1190102000BD419018A
:1077200003000BDA1901010009DC190103000BE069
:107730001901000006E11901000014E2190100001E
:1077400006E31901000009E41901000006001A010E
:1077500000000B011A010900060B1A0127000B3368
:107760001A01050009391A010000063A1A01000041
:107770000B3B1A010300143F1A0107000B471A01C3
:10778000000006501A0100000B511A0105000957AC
:107790001A0101000B591A010200065C1A012D00A2
:1077A0000B8A1A010C0009971A0100000B981A01A4
:1077B0000100149A1A010200069D1A010000149E8D
:1077C0001A01040006B01A01480006001C01080056
:1077D000060A1C012400092F1C0100000B301C01AB
:1077E00006000B381C010500093E1C0100000B3F80
:1077F0001C01000006401C01000014411C01040093
:107800000C501C0109000E5A1C01120014701C01BE
:10781000010006721C011D000B921C01150009A934
:107820001C0100000BAA1C01060009B11C0100008C
:107830000BB21C01010009B41C0100000BB51C01B6
:10784000010006001D01060006081D010100060BCF
:107850001D0125000B311D0105000B3A1D01000023
:107860000B3C1D0101000B3F1D01060006461D01DA
:1078700000000B471D0100000C501D0109000660AF
:107880001D01050006671D010100066A1D011F009C
:10789000098A1D0104000B901D01010009931D01BF
:1078A00001000B951D01000009961D0100000B97BA
:1078B0001D01000006981D0100000CA01D0109001B
:1078C00006E01E0112000BF31E01010009F51E0166
:1078D000010014F71E01010006B01F0100000EC0D8
:1078E0001F01140019D51F01070016DD1F01030039
:1078F00019E11F01100014FF1F0100000600200104
:1079000099030D0024016E00147024010400068008
:107910002401C30006902F01600014F12F01010023
:10792000060030012E040130340108000600440135
:10793000460206006801380206406A011E000C601B
:107940006A010900146E6A01010006706A014E00A6
:107950000CC06A01090006D06A011D000BF06A0123
:10796000040014F56A01000006006B012F000B30C3
:107970006B01060014376B010400193C6B01030016
:1079800005406B01030014446B01000019456B01B5
:1079900000000C506B0109000E5B6B0106000663D2
:1079A0006B011400067D6B01120003406E013F0065
:1079B0000E806E01160014976E01030006006F0121
:1079C0004A000B4F6F01000006506F010000095183
:1079D0006F0136000B8F6F01030005936F010C00E0
:1079E00005E06F01010014E26F01000005E36F0183
:1079F00000000BE46F01000009F06F0101000600B8
:107A00007001F71706008801D50406008D010800F3
:107A100005F0AF01030005F5AF01060005FDAF015C
:107A200001000600B00122010650B1010200066407
:107A3000B10103000670B1018B010600BC016A00B0
:107A40000670BC010C000680BC0108000690BC0159
:107A50000900199CBC0100000B9DBC010100149F92
:107A6000BC01000001A0BC0103000B00CF012D00F0
:107A70000B30CF0116001950CF0173001900D0014F
:107A8000F5001900D10126001929D1013B00096533
:107A9000D10101000B67D1010200196AD101020076
:107AA000096DD10105000173D10107000B7BD101E4
:107AB00007001983D10101000B85D1010600198C43
:107AC000D1011D000BAAD101030019AED1013C0068
:107AD0001900D20141000B42D20102001945D20126
:107AE00000000EE0D20113001900D30156000E6011
:107AF000D30118000800D4011900041AD401190098
:107B00000834D4011900044ED40106000456D401EF
:107B100011000868D40119000482D4011900089CDE
:107B2000D4010000089ED401010008A2D401000085
:107B300008A5D401010008A9D401030008AED401AE
:107B4000070004B6D401030004BBD401000004BD47
:107B5000D401060004C5D4010A0008D0D4011900DC
:107B600004EAD40119000804D50101000807D50171
:107B70000300080DD50107000816D5010600041EF4
:107B8000D50119000838D5010100083BD5010300D3
:107B90000840D50104000846D5010000084AD50177
:107BA00006000452D5011900086CD501190004869D
:107BB000D501190008A0D501190004BAD501190092
:107BC00008D4D501190004EED50119000808D60122
:107BD00019000422D6011900083CD60119000456E8
:107BE000D60119000870D6011900048AD6011B00BD
:107BF00008A8D601180018C1D601000004C2D60199
:107C0000180018DBD601000004DCD601050008E2EC
:107C1000D601180018FBD601000004FCD60118009C
:107C20001815D70100000416D7010500081CD7015C
:107C300018001835D70100000436D7011800184F76
:107C4000D70100000450D70105000856D7011800DD
:107C5000186FD70100000470D70118001889D701E8
:107C60000000048AD70105000890D701180018A960
:107C7000D701000004AAD701180018C3D7010000DB
:107C800004C4D701050008CAD701000004CBD701FE
:107C900000000CCED70131001900D801FF010B0004
:107CA000DA0136001937DA0103000B3BDA01310043
:107CB000196DDA0107000B75DA0100001976DA0197
:107CC0000D000B84DA0100001985DA010100148728
:107CD000DA0104000B9BDA0104000BA1DA010E00AB
:107CE0000400DF010900060ADF010000040BDF01C8
:107CF00013000B00E00106000B08E00110000B1B55
:107D0000E00106000B23E00101000B26E001040066
:107D10000600E1012C000B30E10106000537E1010E
:107D200006000C40E1010900064EE1010000194F78
:107D3000E10100000690E2011D000BAEE20100002F
:107D400006C0E2012B000BECE20103000CF0E201A3
:107D5000090016FFE201000006E0E701060006E860
:107D6000E701030006EDE701010006F0E7010E0060
:107D70000600E801C4000EC7E80108000BD0E801C6
:107D800006000300E90143000B44E9010600054B2E
:107D9000E90100000C50E9010900145EE90101004D
:107DA0000E71EC013A0019ACEC0100000EADEC01D3
:107DB000020016B0EC0100000EB1EC0103000E0150
:107DC000ED012C00192EED0100000E2FED010E002B
:107DD0000600EE0103000605EE011A000621EE0181
:107DE00001000624EE0100000627EE01000006292E
:107DF000EE0109000634EE0103000639EE01000031
:107E0000063BEE0100000642EE0100000647EE01CF
:107E100000000649EE010000064BEE010000064D91
:107E2000EE0102000651EE0101000654EE010000D1
:107E30000657EE0100000659EE010000065BEE0158
:107E40000000065DEE010000065FEE010000066125
:107E5000EE0101000664EE0100000667EE0103007A
:107E6000066CEE0106000674EE0103000679EE01D1
:107E70000300067EEE0100000680EE010900068B7D
:107E8000EE01100006A1EE01020006A5EE010400BD
:107E900006ABEE01100018F0EE0101001900F00130
:107EA0002B001930F001630019A0F0010E0019B188
:107EB000F0010E0019C1F0010E0019D1F0012400EB
:107EC0000E00F1010C00190DF101A00019E6F101FD
:107ED0001C001910F2012B001940F2010800195082
:107EE000F20101001960F20105001900F301FA0026
:107EF00017FBF30104001900F401D70219DDF601A4
:107F00000F0019F0F6010C001900F7017300198039
:107F1000F701580019E0F7010B0019F0F701000014
:107F20001900F8010B001910F80137001950F80179
:107F300009001960F80127001990F8011D0019B017
:107F4000F80101001900F90153011960FA010D004F
:107F50001970FA0104001978FA0104001980FA0175
:107F600006001990FA011C0019B0FA010A0019C0A4
:107F7000FA01050019D0FA01090019E0FA01070019
:107F800019F0FA0106001900FB0192001994FB0197
:107F900036000CF0FB01090006000002DFA6060017
:107FA000A70238100640B702DD000620B80281168D
:107FB00006B0CE02301D0600F8021D0206000003C6
:107FC0004A130101000E00000120000E5F000B00AB
:107FD000010EEF000C5F104E154E2A4E314E364EFC
:107FE0003C4E3F4E424E564E584E824E854E6B8C06
:107FF0008A4E12820D5F8E4E9E4E9F4EA04EA24E16
:10800000B04EB34EB64ECE4ECD4EC44EC64EC24E00
:10801000D74EDE4EED4EDF4EF74E094F5A4F304FE2
:108020005B4F5D4F574F474F764F884F8F4F984F5D
:108030007B4F694F704F914F6F4F864F964F18513E
:10804000D44FDF4FCE4FD84FDB4FD14FDA4FD04F09
:10805000E44FE54F1A50285014502A50255005502F
:108060001C4FF64F215029502C50FE4FEF4F11500E
:1080700006504350475003675550505048505A508F
:1080800056506C50785080509A508550B450B25031
:10809000C950CA50B350C250D650DE50E550ED50D2
:1080A000E350EE50F950F55009510151025116516B
:1080B000155114511A5121513A5137513C513B51EC
:1080C0003F51405152514C5154516251F87A6951CB
:1080D0006A516E5180518251D8568C5189518F51BD
:1080E0009151935195519651A451A651A251A95124
:1080F000AA51AB51B351B151B251B051B551BD516B
:10810000C551C951DB51E0515586E951ED51F0514E
:10811000F551FE5104520B5214520E5227522A525C
:108120002E52335239524F5244524B524C525E529D
:1081300054526A527452695273527F527D528D5218
:1081400094529252715288529152A88FA78FAC527A
:10815000AD52BC52B552C152CD52D752DE52E3524B
:10816000E652ED98E052F352F552F852F9520653A6
:10817000085338750D5310530F5315531A53235387
:108180002F53315333533853405346534553174EAF
:1081900049534D53D6515E5369536E5318597B530F
:1081A000775382539653A053A653A553AE53B0535F
:1081B000B653C353127CD996DF53FC66EE71EE536F
:1081C000E853ED53FA5301543D5440542C542D546C
:1081D0003C542E54365429541D544E548F547554C7
:1081E0008E545F5471547754705492547B5480541D
:1081F0007654845490548654C754A254B854A55409
:10820000AC54C454C854A854AB54C254A454BE541F
:10821000BC54D854E554E6540F551455FD54EE544F
:10822000ED54FA54E2543955405563554C552E558A
:108230005C55455556555755385533555D559955E7
:108240008055AF548A559F557B557E5598559E5500
:10825000AE557C558355A9558755A855DA55C55552
:10826000DF55C455DC55E455D4551456F75516560C
:10827000FE55FD551B56F9554E565056DF71345676
:108280003656325638566B5664562F566C566A56CA
:10829000865680568A56A05694568F56A556AE5688
:1082A000B656B456C256BC56C156C356C056C8562A
:1082B000CE56D156D356D756EE56F9560057FF56DE
:1082C0000457095708570B570D5713571857165788
:1082D000C7551C572657375738574E573B574057A7
:1082E0004F576957C057885761577F5789579357DA
:1082F000A057B357A457AA57B057C357C657D45718
:10830000D257D3570A58D657E3570B5819581D5808
:108310007258215862584B587058C06B52583D588B
:1083200079588558B9589F58AB58BA58DE58BB5839
:10833000B858AE58C558D358D158D758D958D85826
:10834000E558DC58E458DF58EF58FA58F958FB580C
:10835000FC58FD5802590A5910591B59A66825594D
:108360002C592D59325938593E59D27A55595059AC
:108370004E595A5958596259605967596C59695937
:10838000785981599D595E4FAB4FA359B259C6597F
:10839000E859DC598D59D959DA59255A1F5A115AB9
:1083A0001C5A095A1A5A405A6C5A495A355A365A5E
:1083B000625A6A5A9A5ABC5ABE5ACB5AC25ABD5AC3
:1083C000E35AD75AE65AE95AD65AFA5AFB5A0C5B7C
:1083D0000B5B165B325BD05A2A5B365B3E5B435BC2
:1083E000455B405B515B555B5A5B5B5B655B695B07
:1083F000705B735B755B785B88657A5B805B835BC6
:10840000A65BB85BC35BC75BC95BD45BD05BE45B5B
:10841000E65BE25BDE5BE55BEB5BF05BF65BF35B35
:10842000055C075C085C0D5C135C205C225C285CCE
:10843000385C395C415C465C4E5C535C505C4F5C24
:10844000715B6C5C6E5C624E765C795C8C5C915CA2
:10845000945C9B59AB5CBB5CB65CBC5CB75CC55CBC
:10846000BE5CC75CD95CE95CFD5CFA5CED5C8C5D74
:10847000EA5C0B5D155D175D5C5D1F5D1B5D115D4D
:10848000145D225D1A5D195D185D4C5D525D4E5D97
:108490004B5D6C5D735D765D875D845D825DA25D25
:1084A0009D5DAC5DAE5DBD5D905DB75DBC5DC95D64
:1084B000CD5DD35DD25DD65DDB5DEB5DF25DF55DDF
:1084C0000B5E1A5E195E115E1B5E365E375E445EA1
:1084D000435E405E4E5E575E545E5F5E625E645E0B
:1084E000475E755E765E7A5EBC9E7F5EA05EC15E14
:1084F000C25EC85ED05ECF5ED65EE35EDD5EDA5EF3
:10850000DB5EE25EE15EE85EE95EEC5EF15EF35E3C
:10851000F05EF45EF85EFE5E035F095F5D5F5C5FC8
:108520000B5F115F165F295F2D5F385F415F485F0A
:108530004C5F4E5F2F5F515F565F575F595F615FC2
:108540006D5F735F775F835F825F7F5F8A5F885F46
:10855000915F875F9E5F995F985FA05FA85FAD5F47
:10856000BC5FD65FFB5FE45FF85FF15FDD5FB36028
:10857000FF5F216060601960106029600E603160EB
:108580001B6015602B6026600F603A605A60416086
:108590006A6077605F604A6046604D606360436018
:1085A000646042606C606B60596081608D60E76000
:1085B00083609A6084609B60966097609260A76019
:1085C0008B60E160B860E060D360B460F05FBD6074
:1085D000C660B560D8604D6115610661F660F760F0
:1085E0000061F460FA6003612161FB60F1600D617C
:1085F0000E6147613E61286127614A613F613C61CC
:108600002C6134613D6142614461736177615861FD
:1086100059615A616B6174616F61656171615F611C
:108620005D6153617561996196618761AC61946127
:108630009A618A619161AB61AE61CC61CA61C961C5
:10864000F761C861C361C661BA61CB61797FCD61F1
:10865000E661E361F661FA61F461FF61FD61FC616D
:10866000FE610062086209620D620C6214621B62A4
:108670001E6221622A622E6230623262336241627D
:108680004E625E6263625B62606268627C628262AA
:1086900089627E62926293629662D462836294621D
:1086A000D762D162BB62CF62FF62C662D464C86225
:1086B000DC62CC62CA62C262C7629B62C9620C633E
:1086C000EE62F162276302630863EF62F562506352
:1086D0003E634D631C644F6396638E638063AB633C
:1086E0007663A3638F6389639F63B5636B63696319
:1086F000BE63E963C063C663E363C963D263F663C1
:10870000C4631664346406641364266436641D65A9
:10871000176428640F6467646F6476644E642A6526
:1087200095649364A564A9648864BC64DA64D264C3
:10873000C564C764BB64D864C264F164E764098239
:10874000E064E164AC62E364EF642C65F664F464B5
:10875000F264FA640065FD6418651C6505652465AE
:1087600023652B65346535653765366538654B752A
:108770004865566555654D6558655E655D6572650C
:108780007865826583658A8B9B659F65AB65B765F8
:10879000C365C665C165C465CC65D265DB65D96551
:1087A000E065E165F16572670A660366FB657367FC
:1087B0003566366634661C664F66446649664166B1
:1087C0005E665D666466676668665F66626670665A
:1087D000836688668E668966846698669D66C166CD
:1087E000B966C966BE66BC66C466B866D666DA6631
:1087F000E0663F66E666E966F066F566F7660F676F
:1088000016671E672667276738972E673F673667A4
:1088100041673867376746675E67606759676367B0
:10882000646789677067A9677C676A678C678B670D
:10883000A667A1678567B767EF67B467EC67B3673B
:10884000E967B867E467DE67DD67E267EE67B96727
:10885000CE67C667E7679C6A1E68466829684068F5
:108860004D6832684E68B3682B68596863687768EA
:108870007F689F688F68AD6894689D689B6883680F
:10888000AE6AB9687468B568A068BA680F698D681F
:108890007E680169CA680869D86822692669E16842
:1088A0000C69CD68D468E768D568366912690469CF
:1088B000D768E3682569F968E068EF6828692A697C
:1088C0001A6923692169C668796977695C69786979
:1088D0006B6954697E696E69396974693D69596962
:1088E000306961695E695D6981696A69B269AE69A9
:1088F000D069BF69C169D369BE69CE69E85BCA69DD
:10890000DD69BB69C369A7692E6A9169A0699C6921
:108910009569B469DE69E869026A1B6AFF690A6BD6
:10892000F969F269E769056AB1691E6AED69146A55
:10893000EB690A6A126AC16A236A136A446A0C6A9A
:10894000726A366A786A476A626A596A666A486A07
:10895000386A226A906A8D6AA06A846AA26AA36AE7
:10896000976A1786BB6AC36AC26AB86AB36AAC6A96
:10897000DE6AD16ADF6AAA6ADA6AEA6AFB6A056BAA
:108980001686FA6A126B166B319B1F6B386B376B4E
:10899000DC76396BEE98476B436B496B506B596BC8
:1089A000546B5B6B5F6B616B786B796B7F6B806B10
:1089B000846B836B8D6B986B956B9E6BA46BAA6BB2
:1089C000AB6BAF6BB26BB16BB36BB76BBC6BC66BA6
:1089D000CB6BD36BDF6BEC6BEB6BF36BEF6BBE9E18
:1089E000086C136C146C1B6C246C236C5E6C556CE3
:1089F000626C6A6C826C8D6C9A6C816C9B6C7E6C08
:108A0000686C736C926C906CC46CF16CD36CBD6CC4
:108A1000D76CC56CDD6CAE6CB16CBE6CBA6CDB6CCB
:108A2000EF6CD96CEA6C1F6D4D88366D2B6D3D6D0A
:108A3000386D196D356D336D126D0C6D636D936D01
:108A4000646D5A6D796D596D8E6D956DE46F856DA0
:108A5000F96D156E0A6EB56DC76DE66DB86DC66DB4
:108A6000EC6DDE6DCC6DE86DD26DC56DFA6DD96DB6
:108A7000E46DD56DEA6DEE6D2D6E6E6E2E6E196E17
:108A8000726E5F6E3E6E236E6B6E2B6E766E4D6EEB
:108A90001F6E436E3A6E4E6E246EFF6E1D6E386E04
:108AA000826EAA6E986EC96EB76ED36EBD6EAF6ED3
:108AB000C46EB26ED46ED56E8F6EA56EC26E9F6E92
:108AC000416F116F4C70EC6EF86EFE6E3F6FF26E80
:108AD000316FEF6E326FCC6E3E6F136FF76E866F35
:108AE0007A6F786F816F806F6F6F5B6FF36F6D6FF1
:108AF000826F7C6F586F8E6F916FC26F666FB36FAE
:108B0000A36FA16FA46FB96FC66FAA6FDF6FD56F28
:108B1000EC6FD46FD86FF16FEE6FDB6F09700B7075
:108B2000FA6F117001700F70FE6F1B701A70746F06
:108B30001D7018701F7030703E703270517063700D
:108B400099709270AF70F170AC70B870B370AE7015
:108B5000DF70CB70DD70D9700971FD701C711971F7
:108B6000657155718871667162714C7156716C7165
:108B70008F71FB7184719571A871AC71D771B971E6
:108B8000BE71D271C971D471CE71E071EC71E771AF
:108B9000F571FC71F971FF710D7210721B72287200
:108BA0002D722C72307232723B723C723F72407284
:108BB00046724B72587274727E72827281728772C0
:108BC00092729672A272A772B972B272C372C672B0
:108BD000C472CE72D272E272E072E172F972F7720E
:108BE0000F5017730A731C7316731D7334732F732E
:108BF000297325733E734E734F73D89E57736A73F0
:108C000068737073787375737B737A73C873B37397
:108C1000CE73BB73C073E573EE73DE73A274057419
:108C20006F742574F87332743A7455743F745F74BA
:108C3000597441745C746974707463746A74767482
:108C40007E748B749E74A774CA74CF74D474F173D9
:108C5000E074E374E774E974EE74F274F074F17420
:108C6000F874F7740475037505750C750E750D753C
:108C7000157513751E7526752C753C7544754D75E7
:108C80004A7549755B7546755A756975647567757A
:108C90006B756D75787576758675877574758A755B
:108CA0008975827594759A759D75A575A375C2753C
:108CB000B375C375B575BD75B875BC75B175CD7532
:108CC000CA75D275D975E375DE75FE75FF75FC75CD
:108CD0000176F075FA75F275F3750B760D760976F7
:108CE0001F762776207621762276247634763076A3
:108CF0003B764776487646765C765876617662763D
:108D0000687669766A7667766C767076727676764D
:108D100078767C768076837688768B768E76967675
:108D2000937699769A76B076B476B876B976BA763E
:108D3000C276CD76D676D276DE76E176E576E776C1
:108D4000EA762F86FB7608770777047729772477EA
:108D50001E77257726771B773777387747775A77C7
:108D600068776B775B7765777F777E7779778E77B4
:108D70008B779177A0779E77B077B677B977BF7703
:108D8000BC77BD77BB77C777CD77D777DA77DC77D6
:108D9000E377EE77FC770C781278267920782A79B9
:108DA00045788E78747886787C789A788C78A378F1
:108DB000B578AA78AF78D178C678CB78D478BE78F1
:108DC000BC78C578CA78EC78E778DA78FD78F478FA
:108DD00007791279117919792C792B794079607991
:108DE00057795F795A79557953797A797F798A7980
:108DF0009D79A7794B9FAA79AE79B379B979BA7978
:108E0000C979D579E779EC79E179E379087A0D7A4E
:108E1000187A197A207A1F7A8079317A3B7A3E7AE9
:108E2000377A437A577A497A617A627A697A9D9F6A
:108E3000707A797A7D7A887A977A957A987A967A1A
:108E4000A97AC87AB07AB67AC57AC47ABF7A83909A
:108E5000C77ACA7ACD7ACF7AD57AD37AD97ADA7ABA
:108E6000DD7AE17AE27AE67AED7AF07A027B0F7BBC
:108E70000A7B067B337B187B197B1E7B357B287B2B
:108E8000367B507B7A7B047B4D7B0B7B4C7B457B1D
:108E9000757B657B747B677B707B717B6C7B6E7B8A
:108EA0009D7B987B9F7B8D7B9C7B9A7B8B7B927B36
:108EB0008F7B5D7B997BCB7BC17BCC7BCF7BB47B7A
:108EC000C67BDD7BE97B117C147CE67BE57B607CEB
:108ED000007C077C137CF37BF77B177C0D7CF67B97
:108EE000237C277C2A7C1F7C377C2B7C3D7C4C7C24
:108EF000437C547C4F7C407C507C587C5F7C647C01
:108F0000567C657C6C7C757C837C907CA47CAD7C81
:108F1000A27CAB7CA17CA87CB37CB27CB17CAE7C17
:108F2000B97CBD7CC07CC57CC27CD87CD27CDC7C1E
:108F3000E27C3B9BEF7CF27CF47CF67CFA7C067D49
:108F4000027D1C7D157D0A7D457D4B7D2E7D327D0C
:108F50003F7D357D467D737D567D4E7D727D687D7E
:108F60006E7D4F7D637D937D897D5B7D8F7D7D7D76
:108F70009B7DBA7DAE7DA37DB57DC77DBD7DAB7D7F
:108F80003D7EA27DAF7DDC7DB87D9F7DB07DD87DAF
:108F9000DD7DE47DDE7DFB7DF27DE17D057E0A7E6B
:108FA000237E217E127E317E1F7E097E0B7E227EF5
:108FB000467E667E3B7E357E397E437E377E327EC0
:108FC0003A7E677E5D7E567E5E7E597E5A7E797ED3
:108FD0006A7E697E7C7E7B7E837ED57D7D7EAE8F44
:108FE0007F7E887E897E8C7E927E907E937E947E2C
:108FF000967E8E7E9B7E9C7E387F3A7F457F4C7F1F
:109000004D7F4E7F507F517F557F547F587F5F7FCC
:10901000607F687F697F677F787F827F867F837FBD
:10902000887F877F8C7F947F9E7F9D7F9A7FA37FA1
:10903000AF7FB27FB97FAE7FB67FB87F718BC57FC0
:10904000C67FCA7FD57FD47FE17FE67FE97FF37F4C
:10905000F97FDC98068004800B80128018801980CC
:109060001C80218028803F803B804A80468052803F
:1090700058805A805F8062806880738072807080C0
:10908000768079807D807F808480868085809B80CB
:1090900093809A80AD809051AC80DB80E580D98050
:1090A000DD80C480DA80D6800981EF80F1801B8169
:1090B000298123812F814B818B9646813E8153816B
:1090C0005181FC8071816E816581668174818381AB
:1090D00088818A8180818281A0819581A481A381F8
:1090E0005F819381A981B081B581BE81B881BD8145
:1090F000C081C281BA81C981CD81D181D981D88114
:10910000C881DA81DF81E081E781FA81FB81FE811C
:1091100001820282058207820A820D8210821682F3
:1091200029822B82388233824082598258825D8222
:109130005A825F826482628268826A826B822E8235
:109140007182778278827E828D829282AB829F82C8
:10915000BB82AC82E182E382DF82D282F482F3823C
:10916000FA8293830383FB82F982DE820683DC82A8
:109170000983D982358334831683328331834083D4
:109180003983508345832F832B83178318838583EB
:109190009A83AA839F83A283968323838E83878364
:1091A0008A837C83B58373837583A0838983A88333
:1091B000F4831384EB83CE83FD830384D8830B84F1
:1091C000C183F7830784E083F2830D8422842084A3
:1091D000BD8338840685FB836D842A843C845A854C
:1091E000848477846B84AD846E84828469844684AD
:1091F0002C846F8479843584CA846284B984BF8462
:109200009F84D984CD84BB84DA84D084C184C6840D
:10921000D684A1842185FF84F484178518852C8544
:109220001F8515851485FC84408563855885488590
:10923000418502864B8555858085A48588859185E5
:109240008A85A8856D8594859B85EA8587859C851B
:1092500077857E859085C985BA85CF85B985D08586
:10926000D585DD85E585DC85F9850A8613860B863F
:10927000FE85FA85068622861A8630863F864D86CA
:10928000554E54865F86678671869386A386A98627
:10929000AA868B868C86B686AF86C486C686B0863E
:1092A000C9862388AB86D486DE86E986EC86DF868F
:1092B000DB86EF8612870687088700870387FB8691
:1092C000118709870D87F9860A8734873F87378793
:1092D0003B87258729871A8760875F8778874C8730
:1092E0004E877487578768876E8759875387638748
:1092F0006A870588A2879F878287AF87CB87BD87CC
:10930000C087D087D696AB87C487B387C787C68701
:10931000BB87EF87F287E0870F880D88FE87F68787
:10932000F7870E88D28711881688158822882188A9
:1093300031883688398827883B8844884288528813
:1093400059885E8862886B8881887E889E88758847
:109350007D88B5887288828897889288AE88998837
:10936000A2888D88A488B088BF88B188C388C48843
:10937000D488D888D988DD88F9880289FC88F4885F
:10938000E888F28804890C890A89138943891E892F
:1093900025892A892B89418944893B8936893889DD
:1093A0004C891D8960895E89668964896D896A89AD
:1093B0006F89748977897E89838988898A89938965
:1093C0009889A189A989A689AC89AF89B289BA8906
:1093D000BD89BF89C089DA89DC89DD89E789F4899B
:1093E000F889038A168A108A0C8A1B8A1D8A258AA4
:1093F000368A418A5B8A528A468A488A7C8A6D8A82
:109400006C8A628A858A828A848AA88AA18A918AD9
:10941000A58AA68A9A8AA38AC48ACD8AC28ADA8A47
:10942000EB8AF38AE78AE48AF18A148BE08AE28A7B
:10943000F78ADE8ADB8A0C8B078B1A8BE18A168B04
:10944000108B178B208B338BAB97268B2B8B3E8B04
:10945000288B418B4C8B4F8B4E8B498B568B5B8B68
:109460005A8B6B8B5F8B6C8B6F8B748B7D8B808B34
:109470008C8B8E8B928B938B968B998B9A8B3A8C51
:10948000418C3F8C488C4C8C4E8C508C558C628C13
:109490006C8C788C7A8C828C898C858C8A8C8D8C67
:1094A0008E8C948C7C8C988C1D62AD8CAA8CBD8C1F
:1094B000B28CB38CAE8CB68CC88CC18CE48CE38C33
:1094C000DA8CFD8CFA8CFB8C048D058D0A8D078D52
:1094D0000F8D0D8D108D4E9F138DCD8C148D168D8F
:1094E000678D6D8D718D738D818D998DC28DBE8DC2
:1094F000BA8DCF8DDA8DD68DCC8DDB8DCB8DEA8D6F
:10950000EB8DDF8DE38DFC8D088E098EFF8D1D8E1A
:109510001E8E108E1F8E428E358E308E348E4A8E69
:10952000478E498E4C8E508E488E598E648E608E3A
:109530002A8E638E558E768E728E7C8E818E878E6D
:10954000858E848E8B8E8A8E938E918E948E998E3C
:10955000AA8EA18EAC8EB08EC68EB18EBE8EC58EFA
:10956000C88ECB8EDB8EE38EFC8EFB8EEB8EFE8E5A
:109570000A8F058F158F128F198F138F1C8F1F8FD6
:109580001B8F0C8F268F338F3B8F398F458F428FE8
:109590003E8F4C8F498F468F4E8F578F5C8F628FD7
:1095A000638F648F9C8F9F8FA38FAD8FAF8FB78F8B
:1095B000DA8FE58FE28FEA8FEF8F8790F48F059037
:1095C000F98FFA8F1190159021900D901E901690A2
:1095D0000B902790369035903990F88F4F9050909F
:1095E000519052900E9049903E90569058905E90B7
:1095F00068906F907690A896729082907D908190FE
:1096000080908A9089908F90A890AF90B190B590FB
:10961000E290E4904862DB900291129119913291AC
:1096200030914A91569158916391659169917391E6
:1096300072918B9189918291A291AB91AF91AA91F4
:10964000B591B491BA91C091C191C991CB91D0918A
:10965000D691DF91E191DB91FC91F591F6911E920B
:10966000FF9114922C92159211925E92579245920C
:1096700049926492489295923F924B9250929C925A
:10968000969293929B925A92CF92B992B792E99204
:109690000F93FA9244932E93199322931A93239340
:1096A0003A9335933B935C9360937C936E9356937C
:1096B000B093AC93AD939493B993D693D793E89327
:1096C000E593D893C393DD93D093C893E4931A940E
:1096D0001494139403940794109436942B94359413
:1096E00021943A944194529444945B94609462948B
:1096F0005E946A9429927094759477947D945A94A8
:109700007C947E9481947F94829587958A95949594
:10971000969598959995A095A895A795AD95BC9582
:10972000BB95B995BE95CA95F66FC395CD95CC9569
:10973000D595D495D695DC95E195E595E29521965C
:1097400028962E962F9642964C964F964B96779645
:109750005C965E965D965F96669672966C968D9612
:10976000989695969796AA96A796B196B296B09621
:10977000B496B696B896B996CE96CB96C996CD962F
:109780004D89DC960D97D596F9960497069708971C
:1097900013970E9711970F971697199724972A9753
:1097A000309739973D973E97449746974897429709
:1097B00049975C976097649766976897D2526B97C2
:1097C0007197799785977C9781977A9786978B97EA
:1097D0008F9790979C97A897A697A397B397B497BE
:1097E000C397C697C897CB97DC97ED974F9FF29793
:1097F000DF7AF697F5970F980C9838982498219867
:1098000037983D9846984F984B986B986F987098FA
:10981000719874987398AA98AF98B198B698C498AC
:10982000C398C698E998EB980399099912991499E5
:10983000189921991D991E99249920992C992E994E
:109840003D993E9942994999459950994B99519919
:1098500052994C99559997999899A599AD99AE991E
:10986000BC99DF99DB99DD99D899D199ED99EE9959
:10987000F199F299FB99F899019A0F9A059AE29950
:10988000199A2B9A379A459A429A409A439A3E9A45
:10989000559A4D9A5B9A579A5F9A629A659A649A1A
:1098A000699A6B9A6A9AAD9AB09ABC9AC09ACF9A02
:1098B000D19AD39AD49ADE9ADF9AE29AE39AE69AF8
:1098C000EF9AEB9AEE9AF49AF19AF79AFB9A069B22
:1098D000189B1A9B1F9B229B239B259B279B289BA6
:1098E000299B2A9B2E9B2F9B329B449B439B4F9BE8
:1098F0004D9B4E9B519B589B749B939B839B919B31
:10990000969B979B9F9BA09BA89BB49BC09BCA9B2D
:10991000B99BC69BCF9BD19BD29BE39BE29BE49BD5
:10992000D49BE19B3A9CF29BF19BF09B159C149C71
:10993000099C139C0C9C069C089C129C0A9C049CF1
:109940002E9C1B9C259C249C219C309C479C329CDB
:10995000469C3E9C5A9C609C679C769C789CE79CAD
:10996000EC9CF09C099D089DEB9C039D069D2A9D07
:10997000269DAF9D239D1F9D449D159D129D419D3C
:109980003F9D3E9D469D489D5D9D5E9D649D519D74
:10999000509D599D729D899D879DAB9D6F9D7A9D20
:1099A0009A9DA49DA99DB29DC49DC19DBB9DB89D3E
:1099B000BA9DC69DCF9DC29DD99DD39DF89DE69D24
:1099C000ED9DEF9DFD9D1A9E1B9E1E9E759E799E90
:1099D0007D9E819E889E8B9E8C9E929E959E919E42
:1099E0009D9EA59EA99EB89EAA9EAD9E6197CC9E67
:1099F000CE9ECF9ED09ED49EDC9EDE9EDD9EE09EBF
:109A0000E59EE89EEF9EF49EF69EF79EF99EFB9ED5
:109A1000FC9EFD9E079F089FB776159F219F2C9F58
:109A20003E9F4A9F529F549F639F5F9F609F619F8D
:109A3000669F679F6C9F6A9F779F729F769F959F97
:109A40009C9FA09F2F58C76959906474DC519971ED
:109A500000000042C8801F40B8821F40080000007C
:109A600000000042C4801F40B4821F400400000078
:109A700000C0004224801F4014821F4010000000DC
:109A800000C0004228801F4018821F4020000000B4
:109A900000C000422C801F401C821F40400000007C
:109AA00000C0004234801F4024821F40000100009B
:109AB0000040004264811F4054831F4000040000A6
:109AC0000040004280811F4070831F400000020060
:109AD000004000427C811F406C831F400000010059
:109AE0000040004268811F4058831F40000800006A
:109AF000004000423C811F402C831F4001000000B9
:109B00000040004244811F4034831F400400000095
:109B10000040004240811F4030831F40020000008F
:109B20000040004248811F4038831F400800000069
:109B30000000004204811F40F4821F400000040026
:109B40000000004208811F40F8821F40000008000A
:109B50000000004218811F4008831F400000800061
:109B60000000004214811F4004831F400000400099
:109B70000000004200811F40F0821F4000000200F0
:109B800000000042FC801F40EC821F4000000100EA
:109B90000000004224811F4014831F400000000485
:109BA0000000004228811F4018831F400000000869
:109BB000000000421C811F400C831F400000000178
:109BC0000000004220811F4010831F40000000025F
:109BD00000000042EC801F40DC821F4000100000AB
:109BE00000000042F0801F40E0821F400020000083
:109BF0000000004234811F4024831F4000000040C9
:109C00000000004238811F4028831F400000008070
:109C10000080004294801F4084821F4000000400A6
:109C200000C0004290801F4080821F4000000080E2
:109C300000800042A8801F4098821F4000008000E2
:109C400000800042A4801F4094821F40000040001A
:109C5000004000426C811F405C831F4000100000E8
:109C600000C0004230801F4020821F408000000062
:109C700000400042B0811F40A0831F400000002030
:109C800000400042AC811F409C831F400000001038
:109C90000040004284811F4074831F400000040084
:109CA0000040004288811F4078831F400000080068
:109CB000000000422C811F401C831F400000001048
:109CC0000000004230811F4020831F400000002020
:109CD000000000420C811F40FC821F400000100069
:109CE0000000004210811F4000831F400000200040
:109CF00000800042C8811F40B8831F4000800000E0
:109D000000800042C4811F40B4831F400040000017
:109D100000800042C0811F40B0831F40002000002F
:109D200000800042BC811F40AC831F400010000037
:109D300000800042D0811F40C0831F40000002000D
:109D400000800042CC811F40BC831F400000010006
:109D500000C0004274801F4064821F400000000168
:109D600000C0004280801F4070821F400000000839
:109D700000C0004284801F4074821F400000001019
:109D800000C000426C801F405C821F400000400009
:109D900000C000427C801F406C821F400000000415
:109DA00000C0004278801F4068821F40000000020F
:109DB00000C0004288801F4078821F4000000020C1
:109DC00035000000CEFBFFFFCB03000001000000C8
:109DD0000000000034000000CEFBFFFFCB030000BA
:109DE000010000000000000031202D2000000000D4
:109DF00030202D20000000000A6A757374207374EF
:109E00006F7070656400000005000000190000001C
:109E10007D00000007080C0B06050F000D0E010267
:109E2000838407080C0B06050F000D0E01028384C6
:109E3000FFFFFFFFFFFFFFFFFFFF8182090A000016
:109E40000A2A2A2A206D69636F50414D202A2A2A46
:109E5000000000006D696C6C69733A20000000001E
:109E6000756964200000000068617665206469738C
:109E70006B3A20002534642D253032642D25303294
:109E8000645F253032643A253032643A25303264DA
:109E90000000000043726173685265706F72743A1B
:109EA000000000002020412070726F626C656D2000
:109EB0006F636375727265642061742028737973AF
:109EC00074656D2074696D65292000002020436F42
:109ED00064652077617320657865637574696E6762
:109EE0002066726F6D2061646472657373203078D0
:109EF000000000002020434653523A20000000009A
:109F000009284941434356494F4C2920496E7374EF
:109F100072756374696F6E20416363657373205655
:109F2000696F6C6174696F6E00000000092844411C
:109F3000434356494F4C2920446174612041636377
:109F40006573732056696F6C6174696F6E000000F1
:109F500009284D554E53544B45525229204D656D9D
:109F60004D616E6765204661756C74206F6E20557B
:109F70006E737461636B696E6700000009284D534E
:109F8000544B45525229204D656D4D616E676520D9
:109F90004661756C74206F6E20737461636B696EBB
:109FA0006700000009284D4C535045525229204D5E
:109FB000656D4D616E6765204661756C74206F6ECE
:109FC000204650204C617A792053746174650000FA
:109FD00009284D4D415256414C4944292041636363
:109FE000657373656420416464726573733A2030ED
:109FF0007800000020286E756C6C707472290D0A50
:10A00000092020436865636B20636F646520617479
:10A0100020307800202D2076657279206C696B6580
:10A020006C79206120627567210D0A092020527524
:10A030006E202261646472326C696E65202D652029
:10A040006D79736B657463682E696E6F2E656C66CF
:10A05000203078002220666F722066696C656E6120
:10A060006D652026206C696E65206E756D62657267
:10A070002E0000002028537461636B2070726F62A1
:10A080006C656D290D0A092020436865636B2066A5
:10A090006F7220737461636B206F766572666C6F8C
:10A0A00077732C20617272617920626F756E6473B0
:10A0B0002C206574632E00000928494255534552EF
:10A0C000522920496E737472756374696F6E2042F1
:10A0D0007573204572726F7200000000092850529B
:10A0E00045434953455252292044617461206275A9
:10A0F00073206572726F7220286164647265737375
:10A1000020696E2042464152290000000928494D2D
:10A1100050524543495345525229204461746120AD
:10A12000627573206572726F72206275742061644B
:10A130006472657373206E6F742072656C617465F0
:10A140006420746F20696E737472756374696F6EC6
:10A15000000000000928554E53544B455252292007
:10A16000427573204661756C74206F6E20756E7336
:10A170007461636B696E6720666F7220612072651F
:10A180007475726E2066726F6D2065786365707489
:10A19000696F6E00092853544B455252292042756D
:10A1A00073204661756C74206F6E20737461636BED
:10A1B000696E6720666F7220657863657074696F79
:10A1C0006E20656E7472790009284C5350455252C6
:10A1D0002920427573204661756C74206F6E20468D
:10A1E00050206C617A792073746174652070726597
:10A1F000736572766174696F6E00000009284246CB
:10A20000415256414C49442920416363657373654B
:10A210006420416464726573733A203078000000F2
:10A220000928554E444546494E5354522920556EEF
:10A23000646566696E656420696E737472756374B3
:10A24000696F6E000928494E5653544154452920E0
:10A25000496E737472756374696F6E206D616B659E
:10A260007320696C6C6567616C20757365206F661F
:10A2700020455053520000000928494E56504329AA
:10A28000205573616765206661756C743A20696E4C
:10A2900076616C6964204558435F52455455524E6F
:10A2A0000000000009284E4F435029204E6F2043E4
:10A2B0006F70726F636573736F7200000928554E7B
:10A2C000414C49474E45442920556E616C69676E83
:10A2D00065642061636365737320557361676546C8
:10A2E00061756C7400000000092844495642595AAF
:10A2F00045524F2920446976696465206279207A45
:10A3000065726F002020485453523A20000000002C
:10A3100009285645435454424C292042757320461F
:10A3200061756C74206F6E20566563205461626C99
:10A3300065205265616400000928464F5243454438
:10A340002920466F7263656420486172642046610B
:10A35000756C7400202054656D706572617475723F
:10A360006520696E73696465207468652063686937
:10A37000702077617320000020C2B043000000000D
:10A380002020537461727475702043505520636CA3
:10A390006F636B2073706565642069732000000033
:10A3A0004D487A004E6F2043726173682044617497
:10A3B0006120546F205265706F7274002020486FC6
:10A3C000706566756C6C7920616C6C2069732077A0
:10A3D000656C6C2C20627574206365727461696EA3
:10A3E000207479706573206F66206372617368658D
:10A3F000732063616E2774206265207265706F72CE
:10A400007465643A0000000009737475636B206919
:10A410006E20616E20696E66696E697465206C6F6E
:10A420006F702028746563686E6963616C6C792C49
:10A43000206861726477617265207374696C6C2046
:10A4400072756E6E696E672070726F7065726C796E
:10A45000290000000972656D61696E696E67206987
:10A460006E2061206C6F7720706F77657220736C3F
:10A47000656570206D6F64650000000009616363AD
:10A4800065737320746F206365727461696E2070E8
:10A4900065726970686572616C7320776974686F42
:10A4A000757420746865697220636C6F636B2065D6
:10A4B0006E61626C6564202865672C20466C657847
:10A4C000494F2900096368616E6765206F66204304
:10A4D0005055206F722062757320636C6F636B2020
:10A4E000737065656420776974686F75742075731F
:10A4F00065206F6620676C697463686C6573732090
:10A500006D75780020205265626F6F7420776173DB
:10A5100020636175736564206279206175746F20B2
:10A520007265626F6F742061667465722066617512
:10A530006C74206F722062616420696E746572723F
:10A540007570742064657465637465640000000050
:10A5500020205265626F6F7420776173206361758C
:10A5600073656420627920736F6674776172652009
:10A57000777269746520746F205343425F4149527A
:10A580004352206F7220435055206C6F636B75707F
:10A590000000000020205265626F6F7420776173A5
:10A5A00020636175736564206279207365637572D9
:10A5B000697479206D6F6E69746F72002020526526
:10A5C000626F6F74207761732063617573656420B7
:10A5D000627920706F776572206F6E2F6F666620CC
:10A5E000627574746F6E000020205265626F6F7424
:10A5F00020776173206361757365642062792077C9
:10A6000061746368646F672031206F7220320000CC
:10A6100020205265626F6F742077617320636175CB
:10A62000736564206279204A54414720626F756ED9
:10A6300064617279207363616E00000020205265AE
:10A64000626F6F7420776173206361757365642036
:10A650006279204A544147206465627567000000B2
:10A6600020205265626F6F7420776173206361757B
:10A67000736564206279207761746368646F672012
:10A680003300000020205265626F6F742077617381
:10A69000206361757365642062792074656D7065EF
:10A6A0007261747572652073656E736F720000005D
:10A6B00050616E69632054656D70204578636565EF
:10A6C000646564205368757474696E6720446F779D
:10A6D0006E00000043616E206265206361757365E2
:10A6E00064206279204F766572636C6F636B696E6C
:10A6F0006720772F6F204865617473696E6B206FD8
:10A7000072206F7468657220756E6B6E6F776E2045
:10A71000726561736F6E0000202042726561646330
:10A7200072756D62202300002077617320000000A5
:10A7300020283078000000004C435F434F4C4C41D0
:10A74000544500004C435F435459504500000000FD
:10A750004C435F4D4F4E4554415259004C435F4E60
:10A76000554D4552494300004C435F54494D450007
:10A770004C435F4D45535341474553000000803FD4
:10A7800000000000C4FE7F3F890FC93B11FB7F3FE3
:10A79000900E493CE6F47F3FB6C9963C43EC7F3FC0
:10A7A000B00AC93C29E17F3FB949FB3C98D37F3FC0
:10A7B0002CC3163D8FC37F3F07E02F3D0FB17F3F76
:10A7C0002FFB483D189C7F3F6814623DAB847F3F60
:10A7D000742B7B3DC76A7F3F0A208A3D6D4E7F3FC9
:10A7E00005A9963D9D2F7F3F8C30A33D580E7F3F9E
:10A7F00080B6AF3D9DEA7E3FC33ABC3D6DC47E3F0F
:10A8000036BDC83DC99B7E3FB93DD53DB0707E3F4A
:10A810002EBCE13D23437E3F7638EE3D24137E3F40
:10A8200073B2FA3DB1E07D3F0295033ECCAB7D3F74
:10A8300086CF093E74747D3FB708103EAC3A7D3F29
:10A840008340163E73FE7C3FDE761C3EC9BF7C3FD4
:10A85000B6AB223EB07E7C3FFCDE283E283B7C3FF0
:10A86000A2102F3E31F57B3F9840353ECDAC7B3F6B
:10A87000CF6E3B3EFC617B3F379B413EBE147B3F2E
:10A88000C2C5473E16C57A3F60EE4D3E02737A3F21
:10A890000115543E841E7A3F97395A3E9DC7793F31
:10A8A000135C603E4E6E793F667C663E9812793F3F
:10A8B0007F9A6C3E7BB4783F51B6723EF853783F36
:10A8C000CCCF783E10F1773FE1E67E3EC58B773FF7
:10A8D000C07D823E1724773FCE86853E07BA763FFD
:10A8E000938E883E974D763F07958B3EC6DE753F2B
:10A8F000229A8E3E976D753FDD9D913E0BFA743F17
:10A9000031A0943E2284743F17A1973EDD0B743F23
:10A9100086A09A3E3F91733F789E9D3E4714733FB9
:10A92000E59AA03EF894723FC595A33E5213723F3C
:10A93000128FA63E578F713FC486A93E0809713F0A
:10A94000D47CAC3E6680703F3A71AF3E73F56F3F8A
:10A95000EF63B23E30686F3FEC54B53E9ED86E3F19
:10A960002A44B83EBE466E3FA031BB3E93B26D3F17
:10A970004A1DBE3E1D1C6D3F1E07C13E5E836C3FDF
:10A9800015EFC33E58E86B3F29D5C63E0C4B6B3FD5
:10A9900053B9C93E7BAB6A3F8B9BCC3EA7096A3F4C
:10A9A000CA7BCF3E9165693F095AD23E3CBF683FA2
:10A9B0004136D53EA816683F6B10D83ED86B673F2E
:10A9C00080E8DA3ECCBE663F79BEDD3E880F663F4A
:10A9D0004F92E03E0B5E653FFA63E33E59AA643F47
:10A9E0007533E63E73F4633FB700E93E5A3C633F7C
:10A9F000BBCBEB3E1082623F7994EE3E98C5613F3F
:10AA0000EA5AF13EF206613F071FF43E2146603FDD
:10AA1000CBE0F63E27835F3F2DA0F93E05BE5E3FAB
:10AA2000275DFC3EBEF65D3FB217FF3E532D5D3FF6
:10AA3000E4E7003FC7615C3FB142023F1A945B3FCD
:10AA40003D9C033F50C45A3F84F4043F6AF2593F8F
:10AA5000824B063F6A1E593F36A1073F5348583F75
:10AA60009BF5083F2670573FAD480A3FE595563F96
:10AA70006B9A0B3F93B9553FD0EA0C3F31DB543F03
:10AA8000DA390E3FC3FA533F84870F3F4918533FCB
:10AA9000CDD3103FC633523FB01E123F3D4D513F04
:10AAA0002A68133FAF64503F39B0143F1F7A4F3FBD
:10AAB000D9F6153F908D4E3F073C173F029F4D3F03
:10AAC000C07F183F79AE4C3F00C2193FF8BB4B3FE7
:10AAD000C6021B3F7FC74A3F0C421C3F12D1493F71
:10AAE000D17F1D3FB3D8483F12BC1E3F65DE473FB4
:10AAF000CBF61F3F2AE2463FF92F213F03E4453FB3
:10AB00009967223FF5E3443FA99D233F00E2433F7D
:10AB100025D2243F29DE423F0A05263F70D8413F17
:10AB20005636273FDAD0403F0566283F67C73F3F8C
:10AB30001594293F1BBC3E3F82C02A3FF9AE3D3FE2
:10AB40004AEB2B3F03A03C3F69142D3F3B8F3B3F1B
:10AB5000DE3B2E3FA47C3A3FA5612F3F4268393F40
:10AB6000BB85303F1652383F1DA8313F233A373F4F
:10AB7000C9C8323F6C20363FBCE7333FF304353F52
:10AB8000F304353FBCE7333F6C20363FC9C8323F42
:10AB9000233A373F1DA8313F1652383FBB85303F1F
:10ABA0004268393FA5612F3FA47C3A3FDE3B2E3FF0
:10ABB0003B8F3B3F69142D3F03A03C3F4AEB2B3FAB
:10ABC000F9AE3D3F82C02A3F1BBC3E3F1594293F52
:10ABD00067C73F3F0566283FDAD0403F5636273FDC
:10ABE00070D8413F0A05263F29DE423F25D2243F47
:10ABF00000E2433FA99D233FF5E3443F9967223F8D
:10AC000003E4453FF92F213F2AE2463FCBF61F3FA1
:10AC100065DE473F12BC1E3FB3D8483FD17F1D3F82
:10AC200012D1493F0C421C3F7FC74A3FC6021B3F1F
:10AC3000F8BB4B3F00C2193F79AE4C3FC07F183F75
:10AC4000029F4D3F073C173F908D4E3FD9F6153F71
:10AC50001F7A4F3F39B0143FAF64503F2A68133F0B
:10AC60003D4D513FB01E123FC633523FCDD3103F32
:10AC70004918533F84870F3FC3FA533FDA390E3FD9
:10AC800031DB543FD0EA0C3F93B9553F6B9A0B3FF1
:10AC9000E595563FAD480A3F2670573F9BF5083F64
:10ACA0005348583F36A1073F6A1E593F824B063F23
:10ACB0006AF2593F84F4043F50C45A3F3D9C033F1D
:10ACC0001A945B3FB142023FC7615C3FE4E7003F3B
:10ACD000532D5D3FB217FF3EBEF65D3F275DFC3E44
:10ACE00005BE5E3F2DA0F93E27835F3FCBE0F63ED9
:10ACF0002146603F071FF43EF206613FEA5AF13EEB
:10AD000098C5613F7994EE3E1082623FBBCBEB3E2B
:10AD10005A3C633FB700E93E73F4633F7533E63E48
:10AD200059AA643FFA63E33E0B5E653F4F92E03EF3
:10AD3000880F663F79BEDD3ECCBE663F80E8DA3ED6
:10AD4000D86B673F6B10D83EA816683F4136D53E9A
:10AD50003CBF683F095AD23E9165693FCA7BCF3EEE
:10AD6000A7096A3F8B9BCC3E7BAB6A3F53B9C93E78
:10AD70000C4B6B3F29D5C63E58E86B3F15EFC33EE1
:10AD80005E836C3F1E07C13E1D1C6D3F4A1DBE3ECB
:10AD900093B26D3FA031BB3EBE466E3F2A44B83EE3
:10ADA0009ED86E3FEC54B53E30686F3FEF63B23EC5
:10ADB00073F56F3F3A71AF3E6680703FD47CAC3E16
:10ADC0000809713FC486A93E578F713F128FA63E76
:10ADD0005213723FC595A33EF894723FE59AA03E88
:10ADE0004714733F789E9D3E3F91733F86A09A3EE5
:10ADF000DD0B743F17A1973E2284743F31A0943E2F
:10AE00000BFA743FDD9D913E976D753F229A8E3E01
:10AE1000C6DE753F07958B3E974D763F938E883EF5
:10AE200007BA763FCE86853E1724773FC07D823EA7
:10AE3000C58B773FE1E67E3E10F1773FCCCF783E81
:10AE4000F853783F51B6723E7BB4783F7F9A6C3EA0
:10AE50009812793F667C663E4E6E793F135C603E89
:10AE60009DC7793F97395A3E841E7A3F0115543E5B
:10AE700002737A3F60EE4D3E16C57A3FC2C5473E2B
:10AE8000BE147B3F379B413EFC617B3FCF6E3B3E18
:10AE9000CDAC7B3F9840353E31F57B3FA2102F3E35
:10AEA000283B7C3FFCDE283EB07E7C3FB6AB223E9A
:10AEB000C9BF7C3FDE761C3E73FE7C3F8340163E5E
:10AEC000AC3A7D3FB708103E74747D3F86CF093E93
:10AED000CCAB7D3F0295033EB1E07D3F73B2FA3DBE
:10AEE00024137E3F7638EE3D23437E3F2EBCE13D6A
:10AEF000B0707E3FB93DD53DC99B7E3F36BDC83D54
:10AF00006DC47E3FC33ABC3D9DEA7E3F80B6AF3DF7
:10AF1000580E7F3F8C30A33D9D2F7F3F05A9963D66
:10AF20006D4E7F3F0A208A3DC76A7F3F742B7B3D71
:10AF3000AB847F3F6814623D189C7F3F2FFB483DE8
:10AF40000FB17F3F07E02F3D8FC37F3F2CC3163DDE
:10AF500098D37F3FB949FB3C29E17F3FB00AC93C08
:10AF600043EC7F3FB6C9963CE6F47F3F900E493CE8
:10AF700011FB7F3F890FC93BC4FE7F3F00000000EB
:10AF80000000803F890FC9BBC4FE7F3F900E49BCC3
:10AF900011FB7F3FB6C996BCE6F47F3FB00AC9BC3F
:10AFA00043EC7F3FB949FBBC29E17F3F2CC316BD71
:10AFB00098D37F3F07E02FBD8FC37F3F2FFB48BD56
:10AFC0000FB17F3F681462BD189C7F3F742B7BBD1F
:10AFD000AB847F3F0A208ABDC76A7F3F05A996BD23
:10AFE0006D4E7F3F8C30A3BD9D2F7F3F80B6AFBDA0
:10AFF000580E7F3FC33ABCBD9DEA7E3F36BDC8BDFB
:10B000006DC47E3FB93DD5BDC99B7E3F2EBCE1BD21
:10B01000B0707E3F7638EEBD23437E3F73B2FABDFB
:10B0200024137E3F029503BEB1E07D3F86CF09BE6B
:10B03000CCAB7D3FB70810BE74747D3F834016BE15
:10B04000AC3A7D3FDE761CBE73FE7C3FB6AB22BEC3
:10B05000C9BF7C3FFCDE28BEB07E7C3FA2102FBE65
:10B06000283B7C3F984035BE31F57B3FCF6E3BBEE1
:10B07000CDAC7B3F379B41BEFC617B3FC2C547BE29
:10B08000BE147B3F60EE4DBE16C57A3F011554BE1F
:10B0900002737A3F97395ABE841E7A3F135C60BEB2
:10B0A0009DC7793F667C66BE4E6E793F7F9A6CBEC7
:10B0B0009812793F51B672BE7BB4783FCCCF78BE40
:10B0C000F853783FE1E67EBE10F1773FC07D82BE47
:10B0D000C58B773FCE8685BE1724773F938E88BE7B
:10B0E00007BA763F07958BBE974D763F229A8EBE64
:10B0F000C6DE753FDD9D91BE976D753F31A094BE54
:10B100000BFA743F17A197BE2284743F86A09ABEA3
:10B11000DD0B743F789E9DBE3F91733FE59AA0BEC4
:10B120004714733FC595A3BEF894723F128FA6BE15
:10B130005213723FC486A9BE578F713FD47CACBEF8
:10B140000809713F3A71AFBE6680703FEF63B2BECF
:10B1500073F56F3FEC54B5BE30686F3F2A44B8BEFC
:10B160009ED86E3FA031BBBEBE466E3F4A1DBEBEDE
:10B1700093B26D3F1E07C1BE1D1C6D3F15EFC3BED0
:10B180005E836C3F29D5C6BE58E86B3F53B9C9BE34
:10B190000C4B6B3F8B9BCCBE7BAB6A3FCA7BCFBE5D
:10B1A000A7096A3F095AD2BE9165693F4136D5BEAB
:10B1B0003CBF683F6B10D8BEA816683F80E8DABE77
:10B1C000D86B673F79BEDDBECCBE663F4F92E0BE16
:10B1D000880F663FFA63E3BE0B5E653F7533E6BEDC
:10B1E00059AA643FB700E9BE73F4633FBBCBEBBE23
:10B1F0005A3C633F7994EEBE1082623FEA5AF1BE38
:10B2000098C5613F071FF4BEF206613FCBE0F6BE72
:10B210002146603F2DA0F9BE27835F3F275DFCBE1E
:10B2200005BE5E3FB217FFBEBEF65D3FE4E700BF5E
:10B23000532D5D3FB14202BFC7615C3F3D9C03BFE0
:10B240001A945B3F84F404BF50C45A3F824B06BF3C
:10B250006AF2593F36A107BF6A1E593F9BF508BFE6
:10B260005348583FAD480ABF2670573F6B9A0BBFF3
:10B27000E595563FD0EA0CBF93B9553FDA390EBF7A
:10B2800031DB543F84870FBFC3FA533FCDD310BF88
:10B290004918533FB01E12BFC633523F2A6813BF2E
:10B2A0003D4D513F39B014BFAF64503FD9F615BF83
:10B2B0001F7A4F3F073C17BF908D4E3FC07F18BF8E
:10B2C000029F4D3F00C219BF79AE4C3FC6021BBF63
:10B2D000F8BB4B3F0C421CBF7FC74A3FD17F1DBF0D
:10B2E00012D1493F12BC1EBFB3D8483FCBF61FBF97
:10B2F00065DE473FF92F21BF2AE2463F996722BF0B
:10B3000003E4453FA99D23BFF5E3443F25D224BF75
:10B3100000E2433F0A0526BF29DE423F563627BFDB
:10B3200070D8413F056628BFDAD0403F159429BF49
:10B3300067C73F3F82C02ABF1BBC3E3F4AEB2BBFC3
:10B34000F9AE3D3F69142DBF03A03C3FDE3B2EBF4D
:10B350003B8F3B3FA5612FBFA47C3A3FBB8530BFED
:10B360004268393F1DA831BF1652383FC9C832BFA5
:10B37000233A373FBCE733BF6C20363FF30435BF79
:10B38000F304353F6C2036BFBCE7333F233A37BF69
:10B39000C9C8323F165238BF1DA8313F426839BF75
:10B3A000BB85303FA47C3ABFA5612F3F3B8F3BBF9D
:10B3B000DE3B2E3F03A03CBF69142D3FF9AE3DBFDD
:10B3C0004AEB2B3F1BBC3EBF82C02A3F67C73FBF33
:10B3D0001594293FDAD040BF0566283F70D841BF99
:10B3E0005636273F29DE42BF0A05263F00E243BF0B
:10B3F00025D2243FF5E344BFA99D233F03E445BF85
:10B400009967223F2AE246BFF92F213F65DE47BFF9
:10B41000CBF61F3FB3D848BF12BC1E3F12D149BF65
:10B42000D17F1D3F7FC74ABF0C421C3FF8BB4BBFBB
:10B43000C6021B3F79AE4CBF00C2193F029F4DBFF1
:10B44000C07F183F908D4EBF073C173F1F7A4FBFFC
:10B45000D9F6153FAF6450BF39B0143F3D4D51BFD1
:10B460002A68133FC63352BFB01E123F491853BF5C
:10B47000CDD3103FC3FA53BF84870F3F31DB54BF96
:10B48000DA390E3F93B955BFD0EA0C3FE59556BF68
:10B490006B9A0B3F267057BFAD480A3F534858BFC1
:10B4A0009BF5083F6A1E59BF36A1073F6AF259BF94
:10B4B000824B063F50C45ABF84F4043F1A945BBFCA
:10B4C0003D9C033FC7615CBFB142023F532D5DBF4E
:10B4D000E4E7003FBEF65DBFB217FF3E05BE5EBFAC
:10B4E000275DFC3E27835FBF2DA0F93E214660BF4C
:10B4F000CBE0F63EF20661BF071FF43E98C561BF80
:10B50000EA5AF13E108262BF7994EE3E5A3C63BF24
:10B51000BBCBEB3E73F463BFB700E93E59AA64BFEF
:10B520007533E63E0B5E65BFFA63E33E880F66BF88
:10B530004F92E03ECCBE66BF79BEDD3ED86B67BFA2
:10B5400080E8DA3EA81668BF6B10D83E3CBF68BFE3
:10B550004136D53E916569BF095AD23EA7096ABFF7
:10B56000CA7BCF3E7BAB6ABF8B9BCC3E0C4B6BBF89
:10B5700053B9C93E58E86BBF29D5C63E5E836CBF40
:10B5800015EFC33E1D1C6DBF1E07C13E93B26DBFBC
:10B590004A1DBE3EBE466EBFA031BB3E9ED86EBFAA
:10B5A0002A44B83E30686FBFEC54B53E73F56FBFA8
:10B5B000EF63B23E668070BF3A71AF3E080971BF5B
:10B5C000D47CAC3E578F71BFC486A93E521372BF64
:10B5D000128FA63EF89472BFC595A33E471473BF61
:10B5E000E59AA03E3F9173BF789E9D3EDD0B74BFF0
:10B5F00086A09A3E228474BF17A1973E0BFA74BFAF
:10B6000031A0943E976D75BFDD9D913EC6DE75BF3E
:10B61000229A8E3E974D76BF07958B3E07BA76BF2E
:10B62000938E883E172477BFCE86853EC58B77BF25
:10B63000C07D823E10F177BFE1E67E3EF85378BFD1
:10B64000CCCF783E7BB478BF51B6723E981279BFAA
:10B650007F9A6C3E4E6E79BF667C663E9DC779BF11
:10B66000135C603E841E7ABF97395A3E02737ABFDC
:10B670000115543E16C57ABF60EE4D3EBE147BBF29
:10B68000C2C5473EFC617BBF379B413ECDAC7BBF13
:10B69000CF6E3B3E31F57BBF9840353E283B7CBFAB
:10B6A000A2102F3EB07E7CBFFCDE283EC9BF7CBF0F
:10B6B000B6AB223E73FE7CBFDE761C3EAC3A7DBF4D
:10B6C0008340163E74747DBFB708103ECCAB7DBF7F
:10B6D00086CF093EB1E07DBF0295033E24137EBFB5
:10B6E00073B2FA3D23437EBF7638EE3DB0707EBF25
:10B6F0002EBCE13DC99B7EBFB93DD53D6DC47EBF2B
:10B7000036BDC83D9DEA7EBFC33ABC3D580E7FBFE3
:10B7100080B6AF3D9D2F7FBF8C30A33D6D4E7FBF68
:10B7200005A9963DC76A7FBF0A208A3DAB847FBFCB
:10B73000742B7B3D189C7FBF6814623D0FB17FBFA7
:10B740002FFB483D8FC37FBF07E02F3D98D37FBFBE
:10B750002CC3163D29E17FBFB949FB3C43EC7FBFB9
:10B76000B00AC93CE6F47FBFB6C9963C11FB7FBF67
:10B77000900E493CC4FE7FBF890FC93B000080BFCB
:10B7800000000000C4FE7FBF890FC9BB11FB7FBF53
:10B79000900E49BCE6F47FBFB6C996BC43EC7FBFB0
:10B7A000B00AC9BC29E17FBFB949FBBC98D37FBFB0
:10B7B0002CC316BD8FC37FBF07E02FBD0FB17FBF66
:10B7C0002FFB48BD189C7FBF681462BDAB847FBF50
:10B7D000742B7BBDC76A7FBF0A208ABD6D4E7FBFB9
:10B7E00005A996BD9D2F7FBF8C30A3BD580E7FBF8E
:10B7F00080B6AFBD9DEA7EBFC33ABCBD6DC47EBFFF
:10B8000036BDC8BDC99B7EBFB93DD5BDB0707EBF3A
:10B810002EBCE1BD23437EBF7638EEBD24137EBF30
:10B8200073B2FABDB1E07DBF029503BECCAB7DBF64
:10B8300086CF09BE74747DBFB70810BEAC3A7DBF19
:10B84000834016BE73FE7CBFDE761CBEC9BF7CBFC4
:10B85000B6AB22BEB07E7CBFFCDE28BE283B7CBFE0
:10B86000A2102FBE31F57BBF984035BECDAC7BBF5B
:10B87000CF6E3BBEFC617BBF379B41BEBE147BBF1E
:10B88000C2C547BE16C57ABF60EE4DBE02737ABF11
:10B89000011554BE841E7ABF97395ABE9DC779BF21
:10B8A000135C60BE4E6E79BF667C66BE981279BF2F
:10B8B0007F9A6CBE7BB478BF51B672BEF85378BF26
:10B8C000CCCF78BE10F177BFE1E67EBEC58B77BFE7
:10B8D000C07D82BE172477BFCE8685BE07BA76BFED
:10B8E000938E88BE974D76BF07958BBEC6DE75BF1B
:10B8F000229A8EBE976D75BFDD9D91BE0BFA74BF07
:10B9000031A094BE228474BF17A197BEDD0B74BF13
:10B9100086A09ABE3F9173BF789E9DBE471473BFA9
:10B92000E59AA0BEF89472BFC595A3BE521372BF2C
:10B93000128FA6BE578F71BFC486A9BE080971BFFA
:10B94000D47CACBE668070BF3A71AFBE73F56FBF7A
:10B95000EF63B2BE30686FBFEC54B5BE9ED86EBF09
:10B960002A44B8BEBE466EBFA031BBBE93B26DBF07
:10B970004A1DBEBE1D1C6DBF1E07C1BE5E836CBFCF
:10B9800015EFC3BE58E86BBF29D5C6BE0C4B6BBFC5
:10B9900053B9C9BE7BAB6ABF8B9BCCBEA7096ABF3C
:10B9A000CA7BCFBE916569BF095AD2BE3CBF68BF92
:10B9B0004136D5BEA81668BF6B10D8BED86B67BF1E
:10B9C00080E8DABECCBE66BF79BEDDBE880F66BF3A
:10B9D0004F92E0BE0B5E65BFFA63E3BE59AA64BF37
:10B9E0007533E6BE73F463BFB700E9BE5A3C63BF6C
:10B9F000BBCBEBBE108262BF7994EEBE98C561BF2F
:10BA0000EA5AF1BEF20661BF071FF4BE214660BFCD
:10BA1000CBE0F6BE27835FBF2DA0F9BE05BE5EBF9B
:10BA2000275DFCBEBEF65DBFB217FFBE532D5DBFE6
:10BA3000E4E700BFC7615CBFB14202BF1A945BBFBD
:10BA40003D9C03BF50C45ABF84F404BF6AF259BF7F
:10BA5000824B06BF6A1E59BF36A107BF534858BF65
:10BA60009BF508BF267057BFAD480ABFE59556BF86
:10BA70006B9A0BBF93B955BFD0EA0CBF31DB54BFF3
:10BA8000DA390EBFC3FA53BF84870FBF491853BFBB
:10BA9000CDD310BFC63352BFB01E12BF3D4D51BFF4
:10BAA0002A6813BFAF6450BF39B014BF1F7A4FBFAD
:10BAB000D9F615BF908D4EBF073C17BF029F4DBFF3
:10BAC000C07F18BF79AE4CBF00C219BFF8BB4BBFD7
:10BAD000C6021BBF7FC74ABF0C421CBF12D149BF61
:10BAE000D17F1DBFB3D848BF12BC1EBF65DE47BFA4
:10BAF000CBF61FBF2AE246BFF92F21BF03E445BFA3
:10BB0000996722BFF5E344BFA99D23BF00E243BF6D
:10BB100025D224BF29DE42BF0A0526BF70D841BF07
:10BB2000563627BFDAD040BF056628BF67C73FBF7C
:10BB3000159429BF1BBC3EBF82C02ABFF9AE3DBFD2
:10BB40004AEB2BBF03A03CBF69142DBF3B8F3BBF0B
:10BB5000DE3B2EBFA47C3ABFA5612FBF426839BF30
:10BB6000BB8530BF165238BF1DA831BF233A37BF3F
:10BB7000C9C832BF6C2036BFBCE733BFF30435BF42
:10BB8000F30435BFBCE733BF6C2036BFC9C832BF32
:10BB9000233A37BF1DA831BF165238BFBB8530BF0F
:10BBA000426839BFA5612FBFA47C3ABFDE3B2EBFE0
:10BBB0003B8F3BBF69142DBF03A03CBF4AEB2BBF9B
:10BBC000F9AE3DBF82C02ABF1BBC3EBF159429BF42
:10BBD00067C73FBF056628BFDAD040BF563627BFCC
:10BBE00070D841BF0A0526BF29DE42BF25D224BF37
:10BBF00000E243BFA99D23BFF5E344BF996722BF7D
:10BC000003E445BFF92F21BF2AE246BFCBF61FBF91
:10BC100065DE47BF12BC1EBFB3D848BFD17F1DBF72
:10BC200012D149BF0C421CBF7FC74ABFC6021BBF0F
:10BC3000F8BB4BBF00C219BF79AE4CBFC07F18BF65
:10BC4000029F4DBF073C17BF908D4EBFD9F615BF61
:10BC50001F7A4FBF39B014BFAF6450BF2A6813BFFB
:10BC60003D4D51BFB01E12BFC63352BFCDD310BF22
:10BC7000491853BF84870FBFC3FA53BFDA390EBFC9
:10BC800031DB54BFD0EA0CBF93B955BF6B9A0BBFE1
:10BC9000E59556BFAD480ABF267057BF9BF508BF54
:10BCA000534858BF36A107BF6A1E59BF824B06BF13
:10BCB0006AF259BF84F404BF50C45ABF3D9C03BF0D
:10BCC0001A945BBFB14202BFC7615CBFE4E700BF2B
:10BCD000532D5DBFB217FFBEBEF65DBF275DFCBE34
:10BCE00005BE5EBF2DA0F9BE27835FBFCBE0F6BEC9
:10BCF000214660BF071FF4BEF20661BFEA5AF1BEDB
:10BD000098C561BF7994EEBE108262BFBBCBEBBE1B
:10BD10005A3C63BFB700E9BE73F463BF7533E6BE38
:10BD200059AA64BFFA63E3BE0B5E65BF4F92E0BEE3
:10BD3000880F66BF79BEDDBECCBE66BF80E8DABEC6
:10BD4000D86B67BF6B10D8BEA81668BF4136D5BE8A
:10BD50003CBF68BF095AD2BE916569BFCA7BCFBEDE
:10BD6000A7096ABF8B9BCCBE7BAB6ABF53B9C9BE68
:10BD70000C4B6BBF29D5C6BE58E86BBF15EFC3BED1
:10BD80005E836CBF1E07C1BE1D1C6DBF4A1DBEBEBB
:10BD900093B26DBFA031BBBEBE466EBF2A44B8BED3
:10BDA0009ED86EBFEC54B5BE30686FBFEF63B2BEB5
:10BDB00073F56FBF3A71AFBE668070BFD47CACBE06
:10BDC000080971BFC486A9BE578F71BF128FA6BE66
:10BDD000521372BFC595A3BEF89472BFE59AA0BE78
:10BDE000471473BF789E9DBE3F9173BF86A09ABED5
:10BDF000DD0B74BF17A197BE228474BF31A094BE1F
:10BE00000BFA74BFDD9D91BE976D75BF229A8EBEF1
:10BE1000C6DE75BF07958BBE974D76BF938E88BEE5
:10BE200007BA76BFCE8685BE172477BFC07D82BE97
:10BE3000C58B77BFE1E67EBE10F177BFCCCF78BE71
:10BE4000F85378BF51B672BE7BB478BF7F9A6CBE90
:10BE5000981279BF667C66BE4E6E79BF135C60BE79
:10BE60009DC779BF97395ABE841E7ABF011554BE4B
:10BE700002737ABF60EE4DBE16C57ABFC2C547BE1B
:10BE8000BE147BBF379B41BEFC617BBFCF6E3BBE08
:10BE9000CDAC7BBF984035BE31F57BBFA2102FBE25
:10BEA000283B7CBFFCDE28BEB07E7CBFB6AB22BE8A
:10BEB000C9BF7CBFDE761CBE73FE7CBF834016BE4E
:10BEC000AC3A7DBFB70810BE74747DBF86CF09BE83
:10BED000CCAB7DBF029503BEB1E07DBF73B2FABDAE
:10BEE00024137EBF7638EEBD23437EBF2EBCE1BD5A
:10BEF000B0707EBFB93DD5BDC99B7EBF36BDC8BD44
:10BF00006DC47EBFC33ABCBD9DEA7EBF80B6AFBDE7
:10BF1000580E7FBF8C30A3BD9D2F7FBF05A996BD56
:10BF20006D4E7FBF0A208ABDC76A7FBF742B7BBD61
:10BF3000AB847FBF681462BD189C7FBF2FFB48BDD8
:10BF40000FB17FBF07E02FBD8FC37FBF2CC316BDCE
:10BF500098D37FBFB949FBBC29E17FBFB00AC9BCF8
:10BF600043EC7FBFB6C996BCE6F47FBF900E49BCD8
:10BF700011FB7FBF890FC9BBC4FE7FBF00000080DB
:10BF8000000080BF890FC93BC4FE7FBF900E493CB3
:10BF900011FB7FBFB6C9963CE6F47FBFB00AC93C2F
:10BFA00043EC7FBFB949FB3C29E17FBF2CC3163D61
:10BFB00098D37FBF07E02F3D8FC37FBF2FFB483D46
:10BFC0000FB17FBF6814623D189C7FBF742B7B3D0F
:10BFD000AB847FBF0A208A3DC76A7FBF05A9963D13
:10BFE0006D4E7FBF8C30A33D9D2F7FBF80B6AF3D90
:10BFF000580E7FBFC33ABC3D9DEA7EBF36BDC83DEB
:10C000006DC47EBFB93DD53DC99B7EBF2EBCE13D11
:10C01000B0707EBF7638EE3D23437EBF73B2FA3DEB
:10C0200024137EBF0295033EB1E07DBF86CF093E5B
:10C03000CCAB7DBFB708103E74747DBF8340163E05
:10C04000AC3A7DBFDE761C3E73FE7CBFB6AB223EB3
:10C05000C9BF7CBFFCDE283EB07E7CBFA2102F3E55
:10C06000283B7CBF9840353E31F57BBFCF6E3B3ED1
:10C07000CDAC7BBF379B413EFC617BBFC2C5473E19
:10C08000BE147BBF60EE4D3E16C57ABF0115543E0F
:10C0900002737ABF97395A3E841E7ABF135C603EA2
:10C0A0009DC779BF667C663E4E6E79BF7F9A6C3EB7
:10C0B000981279BF51B6723E7BB478BFCCCF783E30
:10C0C000F85378BFE1E67E3E10F177BFC07D823E37
:10C0D000C58B77BFCE86853E172477BF938E883E6B
:10C0E00007BA76BF07958B3E974D76BF229A8E3E54
:10C0F000C6DE75BFDD9D913E976D75BF31A0943E44
:10C100000BFA74BF17A1973E228474BF86A09A3E93
:10C11000DD0B74BF789E9D3E3F9173BFE59AA03EB4
:10C12000471473BFC595A33EF89472BF128FA63E05
:10C13000521372BFC486A93E578F71BFD47CAC3EE8
:10C14000080971BF3A71AF3E668070BFEF63B23EBF
:10C1500073F56FBFEC54B53E30686FBF2A44B83EEC
:10C160009ED86EBFA031BB3EBE466EBF4A1DBE3ECE
:10C1700093B26DBF1E07C13E1D1C6DBF15EFC33EC0
:10C180005E836CBF29D5C63E58E86BBF53B9C93E24
:10C190000C4B6BBF8B9BCC3E7BAB6ABFCA7BCF3E4D
:10C1A000A7096ABF095AD23E916569BF4136D53E9B
:10C1B0003CBF68BF6B10D83EA81668BF80E8DA3E67
:10C1C000D86B67BF79BEDD3ECCBE66BF4F92E03E06
:10C1D000880F66BFFA63E33E0B5E65BF7533E63ECC
:10C1E00059AA64BFB700E93E73F463BFBBCBEB3E13
:10C1F0005A3C63BF7994EE3E108262BFEA5AF13E28
:10C2000098C561BF071FF43EF20661BFCBE0F63E62
:10C21000214660BF2DA0F93E27835FBF275DFC3E0E
:10C2200005BE5EBFB217FF3EBEF65DBFE4E7003F4E
:10C23000532D5DBFB142023FC7615CBF3D9C033FD0
:10C240001A945BBF84F4043F50C45ABF824B063F2C
:10C250006AF259BF36A1073F6A1E59BF9BF5083FD6
:10C26000534858BFAD480A3F267057BF6B9A0B3FE3
:10C27000E59556BFD0EA0C3F93B955BFDA390E3F6A
:10C2800031DB54BF84870F3FC3FA53BFCDD3103F78
:10C29000491853BFB01E123FC63352BF2A68133F1E
:10C2A0003D4D51BF39B0143FAF6450BFD9F6153F73
:10C2B0001F7A4FBF073C173F908D4EBFC07F183F7E
:10C2C000029F4DBF00C2193F79AE4CBFC6021B3F53
:10C2D000F8BB4BBF0C421C3F7FC74ABFD17F1D3FFD
:10C2E00012D149BF12BC1E3FB3D848BFCBF61F3F87
:10C2F00065DE47BFF92F213F2AE246BF9967223FFB
:10C3000003E445BFA99D233FF5E344BF25D2243F65
:10C3100000E243BF0A05263F29DE42BF5636273FCB
:10C3200070D841BF0566283FDAD040BF1594293F39
:10C3300067C73FBF82C02A3F1BBC3EBF4AEB2B3FB3
:10C34000F9AE3DBF69142D3F03A03CBFDE3B2E3F3D
:10C350003B8F3BBFA5612F3FA47C3ABFBB85303FDD
:10C36000426839BF1DA8313F165238BFC9C8323F95
:10C37000233A37BFBCE7333F6C2036BFF304353F69
:10C38000F30435BF6C20363FBCE733BF233A373F59
:10C39000C9C832BF1652383F1DA831BF4268393F65
:10C3A000BB8530BFA47C3A3FA5612FBF3B8F3B3F8D
:10C3B000DE3B2EBF03A03C3F69142DBFF9AE3D3FCD
:10C3C0004AEB2BBF1BBC3E3F82C02ABF67C73F3F23
:10C3D000159429BFDAD0403F056628BF70D8413F89
:10C3E000563627BF29DE423F0A0526BF00E2433FFB
:10C3F00025D224BFF5E3443FA99D23BF03E4453F75
:10C40000996722BF2AE2463FF92F21BF65DE473FE9
:10C41000CBF61FBFB3D8483F12BC1EBF12D1493F55
:10C42000D17F1DBF7FC74A3F0C421CBFF8BB4B3FAB
:10C43000C6021BBF79AE4C3F00C219BF029F4D3FE1
:10C44000C07F18BF908D4E3F073C17BF1F7A4F3FEC
:10C45000D9F615BFAF64503F39B014BF3D4D513FC1
:10C460002A6813BFC633523FB01E12BF4918533F4C
:10C47000CDD310BFC3FA533F84870FBF31DB543F86
:10C48000DA390EBF93B9553FD0EA0CBFE595563F58
:10C490006B9A0BBF2670573FAD480ABF5348583FB1
:10C4A0009BF508BF6A1E593F36A107BF6AF2593F84
:10C4B000824B06BF50C45A3F84F404BF1A945B3FBA
:10C4C0003D9C03BFC7615C3FB14202BF532D5D3F3E
:10C4D000E4E700BFBEF65D3FB217FFBE05BE5E3F9C
:10C4E000275DFCBE27835F3F2DA0F9BE2146603F3C
:10C4F000CBE0F6BEF206613F071FF4BE98C5613F70
:10C50000EA5AF1BE1082623F7994EEBE5A3C633F14
:10C51000BBCBEBBE73F4633FB700E9BE59AA643FDF
:10C520007533E6BE0B5E653FFA63E3BE880F663F78
:10C530004F92E0BECCBE663F79BEDDBED86B673F92
:10C5400080E8DABEA816683F6B10D8BE3CBF683FD3
:10C550004136D5BE9165693F095AD2BEA7096A3FE7
:10C56000CA7BCFBE7BAB6A3F8B9BCCBE0C4B6B3F79
:10C5700053B9C9BE58E86B3F29D5C6BE5E836C3F30
:10C5800015EFC3BE1D1C6D3F1E07C1BE93B26D3FAC
:10C590004A1DBEBEBE466E3FA031BBBE9ED86E3F9A
:10C5A0002A44B8BE30686F3FEC54B5BE73F56F3F98
:10C5B000EF63B2BE6680703F3A71AFBE0809713F4B
:10C5C000D47CACBE578F713FC486A9BE5213723F54
:10C5D000128FA6BEF894723FC595A3BE4714733F51
:10C5E000E59AA0BE3F91733F789E9DBEDD0B743FE0
:10C5F00086A09ABE2284743F17A197BE0BFA743F9F
:10C6000031A094BE976D753FDD9D91BEC6DE753F2E
:10C61000229A8EBE974D763F07958BBE07BA763F1E
:10C62000938E88BE1724773FCE8685BEC58B773F15
:10C63000C07D82BE10F1773FE1E67EBEF853783FC1
:10C64000CCCF78BE7BB4783F51B672BE9812793F9A
:10C650007F9A6CBE4E6E793F667C66BE9DC7793F01
:10C66000135C60BE841E7A3F97395ABE02737A3FCC
:10C67000011554BE16C57A3F60EE4DBEBE147B3F19
:10C68000C2C547BEFC617B3F379B41BECDAC7B3F03
:10C69000CF6E3BBE31F57B3F984035BE283B7C3F9B
:10C6A000A2102FBEB07E7C3FFCDE28BEC9BF7C3FFF
:10C6B000B6AB22BE73FE7C3FDE761CBEAC3A7D3F3D
:10C6C000834016BE74747D3FB70810BECCAB7D3F6F
:10C6D00086CF09BEB1E07D3F029503BE24137E3FA5
:10C6E00073B2FABD23437E3F7638EEBDB0707E3F15
:10C6F0002EBCE1BDC99B7E3FB93DD5BD6DC47E3F1B
:10C7000036BDC8BD9DEA7E3FC33ABCBD580E7F3FD3
:10C7100080B6AFBD9D2F7F3F8C30A3BD6D4E7F3F58
:10C7200005A996BDC76A7F3F0A208ABDAB847F3FBB
:10C73000742B7BBD189C7F3F681462BD0FB17F3F97
:10C740002FFB48BD8FC37F3F07E02FBD98D37F3FAE
:10C750002CC316BD29E17F3FB949FBBC43EC7F3FA9
:10C76000B00AC9BCE6F47F3FB6C996BC11FB7F3F57
:10C77000900E49BCC4FE7F3F890FC9BB0000803FBB
:10C78000000000000FB17F3F2FFB483D6DC47E3F8E
:10C7900036BDC83DAC3A7D3F8340163EBE147B3F5C
:10C7A000C2C5473EF853783FCCCF783E0BFA743F72
:10C7B00031A0943E0809713FD47CAC3E5E836C3F4F
:10C7C00015EFC33ED86B673F80E8DA3E98C5613FFE
:10C7D000EA5AF13E1A945B3F3D9C033F31DB543FE4
:10C7E000DA390E3F029F4D3FC07F183F03E4453FBB
:10C7F0009967223FF9AE3D3F4AEB2B3FF304353FAB
:10C80000F304353F4AEB2B3FF9AE3D3F9967223F9A
:10C8100003E4453FC07F183F029F4D3FDA390E3F8A
:10C8200031DB543F3D9C033F1A945B3FEA5AF13E93
:10C8300098C5613F80E8DA3ED86B673F15EFC33E8D
:10C840005E836C3FD47CAC3E0809713F31A0943EBE
:10C850000BFA743FCCCF783EF853783FC2C5473EC1
:10C86000BE147B3F8340163EAC3A7D3F36BDC83D8B
:10C870006DC47E3F2FFB483D0FB17F3F000000009D
:10C880000000803F2FFB48BD0FB17F3F36BDC8BDC4
:10C890006DC47E3F834016BEAC3A7D3FC2C547BEE5
:10C8A000BE147B3FCCCF78BEF853783F31A094BE06
:10C8B0000BFA743FD47CACBE0809713F15EFC3BEC0
:10C8C0005E836C3F80E8DABED86B673FEA5AF1BE00
:10C8D00098C5613F3D9C03BF1A945B3FDA390EBF98
:10C8E00031DB543FC07F18BF029F4D3F996722BF85
:10C8F00003E4453F4AEB2BBFF9AE3D3FF30435BFA0
:10C90000F304353FF9AE3DBF4AEB2B3F03E445BF8F
:10C910009967223F029F4DBFC07F183F31DB54BF54
:10C92000DA390E3F1A945BBF3D9C033F98C561BF47
:10C93000EA5AF13ED86B67BF80E8DA3E5E836CBF8F
:10C9400015EFC33E080971BFD47CAC3E0BFA74BF2F
:10C9500031A0943EF85378BFCCCF783EBE147BBF55
:10C96000C2C5473EAC3A7DBF8340163E6DC47EBF14
:10C9700036BDC83D0FB17FBF2FFB483D000080BFD3
:10C98000000000000FB17FBF2FFB48BD6DC47EBF0C
:10C9900036BDC8BDAC3A7DBF834016BEBE147BBF5A
:10C9A000C2C547BEF85378BFCCCF78BE0BFA74BF70
:10C9B00031A094BE080971BFD47CACBE5E836CBF4D
:10C9C00015EFC3BED86B67BF80E8DABE98C561BFFC
:10C9D000EA5AF1BE1A945BBF3D9C03BF31DB54BFE2
:10C9E000DA390EBF029F4DBFC07F18BF03E445BFB9
:10C9F000996722BFF9AE3DBF4AEB2BBFF30435BFA9
:10CA0000F30435BF4AEB2BBFF9AE3DBF996722BF98
:10CA100003E445BFC07F18BF029F4DBFDA390EBF88
:10CA200031DB54BF3D9C03BF1A945BBFEA5AF1BE91
:10CA300098C561BF80E8DABED86B67BF15EFC3BE8B
:10CA40005E836CBFD47CACBE080971BF31A094BEBC
:10CA50000BFA74BFCCCF78BEF85378BFC2C547BEBF
:10CA6000BE147BBF834016BEAC3A7DBF36BDC8BD89
:10CA70006DC47EBF2FFB48BD0FB17FBF000000809B
:10CA8000000080BF2FFB483D0FB17FBF36BDC83DC2
:10CA90006DC47EBF8340163EAC3A7DBFC2C5473EE3
:10CAA000BE147BBFCCCF783EF85378BF31A0943E04
:10CAB0000BFA74BFD47CAC3E080971BF15EFC33EBE
:10CAC0005E836CBF80E8DA3ED86B67BFEA5AF13EFE
:10CAD00098C561BF3D9C033F1A945BBFDA390E3F96
:10CAE00031DB54BFC07F183F029F4DBF9967223F83
:10CAF00003E445BF4AEB2B3FF9AE3DBFF304353F9E
:10CB0000F30435BFF9AE3D3F4AEB2BBF03E4453F8D
:10CB1000996722BF029F4D3FC07F18BF31DB543F52
:10CB2000DA390EBF1A945B3F3D9C03BF98C5613F45
:10CB3000EA5AF1BED86B673F80E8DABE5E836C3F8D
:10CB400015EFC3BE0809713FD47CACBE0BFA743F2D
:10CB500031A094BEF853783FCCCF78BEBE147B3F53
:10CB6000C2C547BEAC3A7D3F834016BE6DC47E3F12
:10CB700036BDC8BD0FB17F3F2FFB48BD0000803FD1
:10CB8000000000005E836C3F15EFC33EF304353FA9
:10CB9000F304353F15EFC33E5E836C3F0000000099
:10CBA0000000803F15EFC3BE5E836C3FF30435BFCA
:10CBB000F304353F5E836CBF15EFC33E000080BFBA
:10CBC000000000005E836CBF15EFC3BEF30435BFE9
:10CBD000F30435BF15EFC3BE5E836CBF0000008059
:10CBE000000080BF15EFC33E5E836CBFF304353F8A
:10CBF000F30435BF5E836C3F15EFC3BE0000803F7A
:10CC000000000000B1FF7F3FC70F493BC4FE7F3FDC
:10CC1000890FC93B39FD7F3F59CB163C11FB7F3F44
:10CC2000900E493C4AF87F3F4B517B3CE6F47F3FF6
:10CC3000B6C9963CE3F07F3F69EAAF3C43EC7F3FE7
:10CC4000B00AC93C05E77F3F7B2AE23C29E17F3FF0
:10CC5000B949FB3CAFDA7F3F2F340A3D98D37F3F81
:10CC60002CC3163DE2CB7F3FCC51233D8FC37F3F8A
:10CC700007E02F3D9EBA7F3FD56D3C3D0FB17F3F12
:10CC80002FFB483DE3A67F3F0E88553D189C7F3F14
:10CC90006814623DB1907F3F38A06E3DAB847F3F0A
:10CCA000742B7B3D08787F3F0ADB833DC76A7F3F5B
:10CCB0000A208A3DE95C7F3FB464903D6D4E7F3F22
:10CCC00005A9963D543F7F3FF9EC9C3D9D2F7F3F4A
:10CCD0008C30A33D491F7F3FBA73A93D580E7F3F5B
:10CCE00080B6AF3DC9FC7E3FDAF8B53D9DEA7E3F98
:10CCF000C33ABC3DD4D77E3F397CC23D6DC47E3F34
:10CD000036BDC83D69B07E3FB7FDCE3DC99B7E3F75
:10CD1000B93DD53D8B867E3F377DDB3DB0707E3F94
:10CD20002EBCE13D385A7E3F9AFAE73D23437E3FD1
:10CD30007638EE3D722B7E3FC075F43D24137E3F66
:10CD400073B2FA3D38FA7D3F4577003EB1E07D3F52
:10CD50000295033E8CC67D3F6EB2063ECCAB7D3F56
:10CD600086CF093E6E907D3F4AEC0C3E74747D3F49
:10CD7000B708103EDE577D3FCA24133EAC3A7D3FD4
:10CD80008340163EDD1C7D3FE05B193E73FE7C3F19
:10CD9000DE761C3E6CDF7C3F7B911F3EC9BF7C3F33
:10CDA000B6AB223E8A9F7C3F8CC5253EB07E7C3F41
:10CDB000FCDE283E3A5D7C3F04F82B3E283B7C3F5E
:10CDC000A2102F3E7A187C3FD428323E31F57B3FAB
:10CDD0009840353E4DD17B3FEC57383ECDAC7B3F44
:10CDE000CF6E3B3EB2877B3F3E853E3EFC617B3F44
:10CDF000379B413EAB3B7B3FB9B0443EBE147B3FCB
:10CE0000C2C5473E37ED7A3F4FDA4A3E16C57A3FF4
:10CE100060EE4D3E599C7A3FF101513E02737A3FDC
:10CE20000115543E10497A3F8F27573E841E7A3FA2
:10CE300097395A3E5EF3793F1A4B5D3E9DC7793F65
:10CE4000135C603E439B793F836C633E4E6E793F3B
:10CE5000667C663EC040793FBA8B693E9812793F46
:10CE60007F9A6C3ED6E3783FB2A86F3E7BB4783FA2
:10CE700051B6723E8684783F5AC3753EF853783F68
:10CE8000CCCF783ED122783FA4DB7B3E10F1773FB8
:10CE9000E1E67E3EB7BE773FC0F8803EC58B773F68
:10CEA000C07D823E3A58773F7002843E1724773F18
:10CEB000CE86853E5BEF763FDA0A873E07BA763F3D
:10CEC000938E883E1B84763FF8118A3E974D763FBD
:10CED00007958B3E7A16763FC0178D3EC6DE753FAE
:10CEE000229A8E3E7BA6753F2C1C903E976D753F17
:10CEF000DD9D913E1D34753F351F933E0BFA743F07
:10CF000031A0943E62BF743FD220963E2284743F8B
:10CF100017A1973E4B48743FFE20993EDD0B743FAE
:10CF200086A09A3ED9CE733FAF1F9C3E3F91733F80
:10CF3000789E9D3E0E53733FDF1C9F3E4714733F08
:10CF4000E59AA03EEBD4723F8718A23EF894723F58
:10CF5000C595A33E7054723F9F12A53E5213723F77
:10CF6000128FA63E9FD1713F1F0BA83E578F713F76
:10CF7000C486A93E7A4C713F0102AB3E0809713F5D
:10CF8000D47CAC3E02C5703F3CF7AD3E6680703F3E
:10CF90003A71AF3E373B703FCBEAB03E73F56F3F1F
:10CFA000EF63B23E1BAF6F3FA5DCB33E30686F3F0F
:10CFB000EC54B53EB0206F3FC3CCB63E9ED86E3F1A
:10CFC0002A44B83EF88F6E3F1EBBB93EBE466E3F48
:10CFD000A031BB3EF2FC6D3FAFA7BC3E93B26D3FAC
:10CFE0004A1DBE3EA1676D3F6F92BF3E1D1C6D3F47
:10CFF0001E07C13E07D06C3F557BC23E5E836C3F2F
:10D0000015EFC33E24366C3F5C62C53E58E86B3F6B
:10D0100029D5C63EFB996B3F7C47C83E0C4B6B3F06
:10D0200053B9C93E8CFB6A3FAE2ACB3E7BAB6A3F0D
:10D030008B9BCC3ED95A6A3FEA0BCE3EA7096A3F8A
:10D04000CA7BCF3EE4B7693F2AEBD03E9165693F8A
:10D05000095AD23EAE12693F67C8D33E3CBF683F13
:10D060004136D53E396B683F99A3D63EA816683F36
:10D070006B10D83E87C1673FB97CD93ED86B673FFC
:10D0800080E8DA3E9915673FC153DC3ECCBE663F6F
:10D0900079BEDD3E7167663FA928DF3E880F663F97
:10D0A0004F92E03E10B7653F6AFBE13E0B5E653F85
:10D0B000FA63E33E7904653FFECBE43E59AA643F40
:10D0C0007533E63EAC4F643F5D9AE73E73F4633FD1
:10D0D000B700E93EAC98633F8166EA3E5A3C633F45
:10D0E000BBCBEB3E7BDF623F6330ED3E1082623FA5
:10D0F0007994EE3E1A24623FFBF7EF3E98C5613FFC
:10D10000EA5AF13E8A66613F43BDF23EF206613F54
:10D11000071FF43ECFA6603F3580F53E2146603FB5
:10D12000CBE0F63EE9E45F3FC840F83E27835F3F2F
:10D130002DA0F93EDB205F3FF7FEFA3E05BE5E3FC5
:10D14000275DFC3EA65A5E3FBBBAFD3EBEF65D3F84
:10D15000B217FF3E4D925D3F063A003F532D5D3FB3
:10D16000E4E7003FD1C75C3F7395013FC7615C3F77
:10D17000B142023F34FB5B3F9FEF023F1A945B3F9B
:10D180003D9C033F792C5B3F8948043F50C45A3F84
:10D1900084F4043FA05B5A3F2CA0053F6AF2593F3C
:10D1A000824B063FAD88593F86F6063F6A1E593FBF
:10D1B00036A1073FA1B3583F924B083F5348583F11
:10D1C0009BF5083F7FDC573F4E9F093F2670573F36
:10D1D000AD480A3F4803573FB7F10A3FE595563F30
:10D1E0006B9A0B3FFE27563FC9420C3F93B9553F00
:10D1F000D0EA0C3FA44A553F81920D3F31DB543FAA
:10D20000DA390E3F3B6B543FDBE00E3FC3FA533F2E
:10D2100084870F3FC789533FD52D103F4918533F8F
:10D22000CDD3103F49A6523F6B79113FC633523FD1
:10D23000B01E123FC2C0513F9AC3123F3D4D513FF5
:10D240002A68133F37D9503F5F0C143FAF64503FFB
:10D2500039B0143FA8EF4F3FB753153F1F7A4F3FE8
:10D26000D9F6153F17044F3F9F99163F908D4E3FBB
:10D27000073C173F89164E3F12DE173F029F4D3F76
:10D28000C07F183FFD264D3F0F21193F79AE4C3F1F
:10D2900000C2193F78354C3F93621A3FF8BB4B3FB1
:10D2A000C6021B3FFA414B3F99A21B3F7FC74A3F33
:10D2B0000C421C3F874C4A3F1FE11C3F12D1493FA3
:10D2C000D17F1D3F2155493F221E1E3FB3D8483F05
:10D2D00012BC1E3FCA5B483F9F591F3F65DE473F58
:10D2E000CBF61F3F8560473F9393203F2AE2463F9E
:10D2F000F92F213F5463463FFBCB213F03E4453FD9
:10D300009967223F3964453FD302233FF5E3443F09
:10D31000A99D233F3763443F1A38243F00E2433F2F
:10D3200025D2243F5160433FCB6B253F29DE423F4E
:10D330000A05263F895B423FE39D263F70D8413F67
:10D340005636273FE154413F61CE273FDAD0403F78
:10D350000566283F5C4C403F41FD283F67C73F3F83
:10D360001594293FFC413F3F802A2A3F1BBC3E3F8A
:10D3700082C02A3FC5353E3F1B562B3FF9AE3D3F8D
:10D380004AEB2B3FB8273D3F0F802C3F03A03C3F8B
:10D3900069142D3FD9173C3F59A82D3F3B8F3B3F88
:10D3A000DE3B2E3F29063B3FF7CE2E3FA47C3A3F83
:10D3B000A5612F3FACF2393FE6F32F3F4268393F7A
:10D3C000BB85303F65DD383F2217313F1652383F6D
:10D3D0001DA8313F55C6373FAA38323F233A373F61
:10D3E000C9C8323F7FAD363F7A58333F6C20363F55
:10D3F000BCE7333FE792353F8F76343FF304353F48
:10D40000F304353F8F76343FE792353FBCE7333F37
:10D410006C20363F7A58333F7FAD363FC9C8323F24
:10D42000233A373FAA38323F55C6373F1DA8313F10
:10D430001652383F2217313F65DD383FBB85303FFC
:10D440004268393FE6F32F3FACF2393FA5612F3FE9
:10D45000A47C3A3FF7CE2E3F29063B3FDE3B2E3FD2
:10D460003B8F3B3F59A82D3FD9173C3F69142D3FB7
:10D4700003A03C3F0F802C3FB8273D3F4AEB2B3F9A
:10D48000F9AE3D3F1B562B3FC5353E3F82C02A3F7C
:10D490001BBC3E3F802A2A3FFC413F3F1594293F59
:10D4A00067C73F3F41FD283F5C4C403F0566283F32
:10D4B000DAD0403F61CE273FE154413F5636273F07
:10D4C00070D8413FE39D263F895B423F0A05263FD6
:10D4D00029DE423FCB6B253F5160433F25D2243F9D
:10D4E00000E2433F1A38243F3763443FA99D233F5E
:10D4F000F5E3443FD302233F3964453F9967223F18
:10D5000003E4453FFBCB213F5463463FF92F213FC6
:10D510002AE2463F9393203F8560473FCBF61F3F6B
:10D5200065DE473F9F591F3FCA5B483F12BC1E3F05
:10D53000B3D8483F221E1E3F2155493FD17F1D3F92
:10D5400012D1493F1FE11C3F874C4A3F0C421C3F10
:10D550007FC74A3F99A21B3FFA414B3FC6021B3F80
:10D56000F8BB4B3F93621A3F78354C3F00C2193FDE
:10D5700079AE4C3F0F21193FFD264D3FC07F183F2C
:10D58000029F4D3F12DE173F89164E3F073C173F63
:10D59000908D4E3F9F99163F17044F3FD9F6153F88
:10D5A0001F7A4F3FB753153FA8EF4F3F39B0143F95
:10D5B000AF64503F5F0C143F37D9503F2A68133F88
:10D5C0003D4D513F9AC3123FC2C0513FB01E123F62
:10D5D000C633523F6B79113F49A6523FCDD3103F1E
:10D5E0004918533FD52D103FC789533F84870F3FBC
:10D5F000C3FA533FDBE00E3F3B6B543FDA390E3F3B
:10D6000031DB543F81920D3FA44A553FD0EA0C3F95
:10D6100093B9553FC9420C3FFE27563F6B9A0B3FCB
:10D62000E595563FB7F10A3F4803573FAD480A3FDB
:10D630002670573F4E9F093F7FDC573F9BF5083FC1
:10D640005348583F924B083FA1B3583F36A1073F7C
:10D650006A1E593F86F6063FAD88593F824B063F0A
:10D660006AF2593F2CA0053FA05B5A3F84F4043F67
:10D6700050C45A3F8948043F792C5B3F3D9C033F8F
:10D680001A945B3F9FEF023F34FB5B3FB142023F86
:10D69000C7615C3F7395013FD1C75C3FE4E7003F42
:10D6A000532D5D3F063A003F4D925D3FB217FF3E5E
:10D6B000BEF65D3FBBBAFD3EA65A5E3F275DFC3E0F
:10D6C00005BE5E3FF7FEFA3EDB205F3F2DA0F93E30
:10D6D00027835F3FC840F83EE9E45F3FCBE0F63E7A
:10D6E0002146603F3580F53ECFA6603F071FF43EE0
:10D6F000F206613F43BDF23E8A66613FEA5AF13E5F
:10D7000098C5613FFBF7EF3E1A24623F7994EE3EE5
:10D710001082623F6330ED3E7BDF623FBBCBEB3E6E
:10D720005A3C633F8166EA3EAC98633FB700E93EEE
:10D7300073F4633F5D9AE73EAC4F643F7533E63E5A
:10D7400059AA643FFECBE43E7904653FFA63E33EA9
:10D750000B5E653F6AFBE13E10B7653F4F92E03ECE
:10D76000880F663FA928DF3E7167663F79BEDD3EC0
:10D77000CCBE663FC153DC3E9915673F80E8DA3E78
:10D78000D86B673FB97CD93E87C1673F6B10D83EE5
:10D79000A816683F99A3D63E396B683F4136D53EFF
:10D7A0003CBF683F67C8D33EAE12693F095AD23EBC
:10D7B0009165693F2AEBD03EE4B7693FCA7BCF3E13
:10D7C000A7096A3FEA0BCE3ED95A6A3F8B9BCC3EF3
:10D7D0007BAB6A3FAE2ACB3E8CFB6A3F53B9C93E56
:10D7E0000C4B6B3F7C47C83EFB996B3F29D5C63E2F
:10D7F00058E86B3F5C62C53E24366C3F15EFC33E74
:10D800005E836C3F557BC23E07D06C3F1E07C13E16
:10D810001D1C6D3F6F92BF3EA1676D3F4A1DBE3E0E
:10D8200093B26D3FAFA7BC3EF2FC6D3FA031BB3E53
:10D83000BE466E3F1EBBB93EF88F6E3F2A44B83ECF
:10D840009ED86E3FC3CCB63EB0206F3FEC54B53E81
:10D8500030686F3FA5DCB33E1BAF6F3FEF63B23E56
:10D8600073F56F3FCBEAB03E373B703F3A71AF3E46
:10D870006680703F3CF7AD3E02C5703FD47CAC3E45
:10D880000809713F0102AB3E7A4C713FC486A93E44
:10D89000578F713F1F0BA83E9FD1713F128FA63E3D
:10D8A0005213723F9F12A53E7054723FC595A33E1E
:10D8B000F894723F8718A23EEBD4723FE59AA03EDF
:10D8C0004714733FDF1C9F3E0E53733F789E9D3E6F
:10D8D0003F91733FAF1F9C3ED9CE733F86A09A3EC7
:10D8E000DD0B743FFE20993E4B48743F17A1973ED5
:10D8F0002284743FD220963E62BF743F31A0943E92
:10D900000BFA743F351F933E1D34753FDD9D913EEC
:10D91000976D753F2C1C903E7BA6753F229A8E3EDC
:10D92000C6DE753FC0178D3E7A16763F07958B3E53
:10D93000974D763FF8118A3E1B84763F938E883E42
:10D9400007BA763FDA0A873E5BEF763FCE86853EA2
:10D950001724773F7002843E3A58773FC07D823E5D
:10D96000C58B773FC0F8803EB7BE773FE1E67E3E8D
:10D9700010F1773FA4DB7B3ED122783FCCCF783EBD
:10D98000F853783F5AC3753E8684783F51B6723E4D
:10D990007BB4783FB2A86F3ED6E3783F7F9A6C3E67
:10D9A0009812793FBA8B693EC040793F667C663EEB
:10D9B0004E6E793F836C633E439B793F135C603EC0
:10D9C0009DC7793F1A4B5D3E5EF3793F97395A3ECA
:10D9D000841E7A3F8F27573E10497A3F0115543EE7
:10D9E00002737A3FF101513E599C7A3F60EE4D3E01
:10D9F00016C57A3F4FDA4A3E37ED7A3FC2C5473EF9
:10DA0000BE147B3FB9B0443EAB3B7B3F379B413EAE
:10DA1000FC617B3F3E853E3EB2877B3FCF6E3B3E07
:10DA2000CDAC7B3FEC57383E4DD17B3F9840353EE7
:10DA300031F57B3FD428323E7A187C3FA2102F3E2E
:10DA4000283B7C3F04F82B3E3A5D7C3FFCDE283EC1
:10DA5000B07E7C3F8CC5253E8A9F7C3FB6AB223E84
:10DA6000C9BF7C3F7B911F3E6CDF7C3FDE761C3E56
:10DA700073FE7C3FE05B193EDD1C7D3F8340163E1C
:10DA8000AC3A7D3FCA24133EDE577D3FB708103EB7
:10DA900074747D3F4AEC0C3E6E907D3F86CF093E0C
:10DAA000CCAB7D3F6EB2063E8CC67D3F0295033EF9
:10DAB000B1E07D3F4577003E38FA7D3F73B2FA3DD5
:10DAC00024137E3FC075F43D722B7E3F7638EE3DC9
:10DAD00023437E3F9AFAE73D385A7E3F2EBCE13D14
:10DAE000B0707E3F377DDB3D8B867E3FB93DD53DB7
:10DAF000C99B7E3FB7FDCE3D69B07E3F36BDC83D78
:10DB00006DC47E3F397CC23DD4D77E3FC33ABC3D15
:10DB10009DEA7E3FDAF8B53DC9FC7E3F80B6AF3D59
:10DB2000580E7F3FBA73A93D491F7F3F8C30A33DFC
:10DB30009D2F7F3FF9EC9C3D543F7F3F05A9963DCB
:10DB40006D4E7F3FB464903DE95C7F3F0A208A3D83
:10DB5000C76A7F3F0ADB833D08787F3F742B7B3D9C
:10DB6000AB847F3F38A06E3DB1907F3F6814623D2B
:10DB7000189C7F3F0E88553DE3A67F3F2FFB483D15
:10DB80000FB17F3FD56D3C3D9EBA7F3F07E02F3DF3
:10DB90008FC37F3FCC51233DE2CB7F3F2CC3163D4B
:10DBA00098D37F3F2F340A3DAFDA7F3FB949FB3C22
:10DBB00029E17F3F7B2AE23C05E77F3FB00AC93C71
:10DBC00043EC7F3F69EAAF3CE3F07F3FB6C9963C48
:10DBD000E6F47F3F4B517B3C4AF87F3F900E493C37
:10DBE00011FB7F3F59CB163C39FD7F3F890FC93B65
:10DBF000C4FE7F3FC70F493BB1FF7F3F00000000DD
:10DC00000000803FC70F49BBB1FF7F3F890FC9BBF1
:10DC1000C4FE7F3F59CB16BC39FD7F3F900E49BCF7
:10DC200011FB7F3F4B517BBC4AF87F3FB6C996BC86
:10DC3000E6F47F3F69EAAFBCE3F07F3FB00AC9BCBE
:10DC400043EC7F3F7B2AE2BC05E77F3FB949FBBC41
:10DC500029E17F3F2F340ABDAFDA7F3F2CC316BDC9
:10DC600098D37F3FCC5123BDE2CB7F3F07E02FBD50
:10DC70008FC37F3FD56D3CBD9EBA7F3F2FFB48BD14
:10DC80000FB17F3F0E8855BDE3A67F3F681462BD8C
:10DC9000189C7F3F38A06EBDB1907F3F742B7BBD39
:10DCA000AB847F3F0ADB83BD08787F3F0A208ABDB3
:10DCB000C76A7F3FB46490BDE95C7F3F05A996BD0C
:10DCC0006D4E7F3FF9EC9CBD543F7F3F8C30A3BD30
:10DCD0009D2F7F3FBA73A9BD491F7F3F80B6AFBD5F
:10DCE000580E7F3FDAF8B5BDC9FC7E3FC33ABCBDD4
:10DCF0009DEA7E3F397CC2BDD4D77E3F36BDC8BDCC
:10DD00006DC47E3FB7FDCEBD69B07E3FB93DD5BD88
:10DD1000C99B7E3F377DDBBD8B867E3F2EBCE1BD40
:10DD2000B0707E3F9AFAE7BD385A7E3F7638EEBD36
:10DD300023437E3FC075F4BD722B7E3F73B2FABDA4
:10DD400024137E3F457700BE38FA7D3F029503BE1F
:10DD5000B1E07D3F6EB206BE8CC67D3F86CF09BE68
:10DD6000CCAB7D3F4AEC0CBE6E907D3FB70810BE39
:10DD700074747D3FCA2413BEDE577D3F834016BEB8
:10DD8000AC3A7D3FE05B19BEDD1C7D3FDE761CBEFC
:10DD900073FE7C3F7B911FBE6CDF7C3FB6AB22BE27
:10DDA000C9BF7C3F8CC525BE8A9F7C3FFCDE28BE58
:10DDB000B07E7C3F04F82BBE3A5D7C3FA2102FBEA4
:10DDC000283B7C3FD42832BE7A187C3F984035BE31
:10DDD00031F57B3FEC5738BE4DD17B3FCF6E3BBE1C
:10DDE000CDAC7B3F3E853EBEB2877B3F379B41BE7D
:10DDF000FC617B3FB9B044BEAB3B7B3FC2C547BE75
:10DE0000BE147B3F4FDA4ABE37ED7A3F60EE4DBE1F
:10DE100016C57A3FF10151BE599C7A3F011554BE97
:10DE200002737A3F8F2757BE10497A3F97395ABEFF
:10DE3000841E7A3F1A4B5DBE5EF3793F135C60BE71
:10DE40009DC7793F836C63BE439B793F667C66BE0A
:10DE50004E6E793FBA8B69BEC040793F7F9A6CBEE7
:10DE60009812793FB2A86FBED6E3783F51B672BE22
:10DE70007BB4783F5AC375BE8684783FCCCF78BEDA
:10DE8000F853783FA4DB7BBED122783FE1E67EBE2B
:10DE900010F1773FC0F880BEB7BE773FC07D82BE2D
:10DEA000C58B773F700284BE3A58773FCE8685BED9
:10DEB0001724773FDA0A87BE5BEF763F938E88BEE2
:10DEC00007BA763FF8118ABE1B84763F07958BBE52
:10DED000974D763FC0178DBE7A16763F229A8EBE3A
:10DEE000C6DE753F2C1C90BE7BA6753FDD9D91BEA6
:10DEF000976D753F351F93BE1D34753F31A094BE9D
:10DF00000BFA743FD22096BE62BF743F17A197BE32
:10DF10002284743FFE2099BE4B48743F86A09ABE6F
:10DF2000DD0B743FAF1F9CBED9CE733F789E9DBE64
:10DF30003F91733FDF1C9FBE0E53733FE59AA0BE17
:10DF40004714733F8718A2BEEBD4723FC595A3BE9A
:10DF5000F894723F9F12A5BE7054723F128FA6BEF6
:10DF60005213723F1F0BA8BE9FD1713FC486A9BE3A
:10DF7000578F713F0102ABBE7A4C713FD47CACBE6F
:10DF80000809713F3CF7ADBE02C5703F3A71AFBEA4
:10DF90006680703FCBEAB0BE373B703FEF63B2BEE6
:10DFA00073F56F3FA5DCB3BE1BAF6F3FEC54B5BE3E
:10DFB00030686F3FC3CCB6BEB0206F3F2A44B8BEB6
:10DFC0009ED86E3F1EBBB9BEF88F6E3FA031BBBE60
:10DFD000BE466E3FAFA7BCBEF2FC6D3F4A1DBEBE43
:10DFE00093B26D3F6F92BFBEA1676D3F1E07C1BE6A
:10DFF0001D1C6D3F557BC2BE07D06C3F15EFC3BEE5
:10E000005E836C3F5C62C5BE24366C3F29D5C6BEBC
:10E0100058E86B3F7C47C8BEFB996B3F53B9C9BEFC
:10E020000C4B6B3FAE2ACBBE8CFB6A3F8B9BCCBEAE
:10E030007BAB6A3FEA0BCEBED95A6A3FCA7BCFBEE2
:10E04000A7096A3F2AEBD0BEE4B7693F095AD2BE9E
:10E050009165693F67C8D3BEAE12693F4136D5BEF0
:10E060003CBF683F99A3D6BE396B683F6B10D8BEE2
:10E07000A816683FB97CD9BE87C1673F80E8DABE81
:10E08000D86B673FC153DCBE9915673F79BEDDBED3
:10E09000CCBE663FA928DFBE7167663F4F92E0BEE7
:10E0A000880F663F6AFBE1BE10B7653FFA63E3BEC7
:10E0B0000B5E653FFECBE4BE7904653F7533E6BE7B
:10E0C00059AA643F5D9AE7BEAC4F643FB700E9BE12
:10E0D00073F4633F8166EABEAC98633FBBCBEBBE93
:10E0E0005A3C633F6330EDBE7BDF623F7994EEBE06
:10E0F0001082623FFBF7EFBE1A24623FEA5AF1BE7C
:10E1000098C5613F43BDF2BE8A66613F071FF4BEFA
:10E11000F206613F3580F5BECFA6603FCBE0F6BE8C
:10E120002146603FC840F8BEE9E45F3F2DA0F9BE3C
:10E1300027835F3FF7FEFABEDB205F3F275DFCBE13
:10E1400005BE5E3FBBBAFDBEA65A5E3FB217FFBE1C
:10E15000BEF65D3F063A00BF4D925D3FE4E700BF6B
:10E16000532D5D3F739501BFD1C75C3FB14202BFE4
:10E17000C7615C3F9FEF02BF34FB5B3F3D9C03BF29
:10E180001A945B3F894804BF792C5B3F84F404BF39
:10E1900050C45A3F2CA005BFA05B5A3F824B06BF1C
:10E1A0006AF2593F86F606BFAD88593F36A107BFD0
:10E1B0006A1E593F924B08BFA1B3583F9BF508BF59
:10E1C0005348583F4E9F09BF7FDC573FAD480ABFB9
:10E1D0002670573FB7F10ABF4803573F6B9A0BBFF2
:10E1E000E595563FC9420CBFFE27563FD0EA0CBF0B
:10E1F00093B9553F81920DBFA44A553FDA390EBFFE
:10E2000031DB543FDBE00EBF3B6B543F84870FBFD5
:10E21000C3FA533FD52D10BFC789533FCDD310BF8D
:10E220004918533F6B7911BF49A6523FB01E12BF28
:10E23000C633523F9AC312BFC2C0513F2A6813BFB0
:10E240003D4D513F5F0C14BF37D9503F39B014BF1B
:10E25000AF64503FB75315BFA8EF4F3FD9F615BF76
:10E260001F7A4F3F9F9916BF17044F3F073C17BFB8
:10E27000908D4E3F12DE17BF89164E3FC07F18BFEC
:10E28000029F4D3F0F2119BFFD264D3F00C219BF10
:10E2900079AE4C3F93621ABF78354C3FC6021BBF24
:10E2A000F8BB4B3F99A21BBFFA414B3F0C421CBF2E
:10E2B0007FC74A3F1FE11CBF874C4A3FD17F1DBF2C
:10E2C00012D1493F221E1EBF2155493F12BC1EBF1D
:10E2D000B3D8483F9F591FBFCA5B483FCBF61FBF0B
:10E2E00065DE473F939320BF8560473FF92F21BFED
:10E2F0002AE2463FFBCB21BF5463463F996722BFCA
:10E3000003E4453FD30223BF3964453FA99D23BFA2
:10E31000F5E3443F1A3824BF3763443F25D224BF76
:10E3200000E2433FCB6B25BF5160433F0A0526BF48
:10E3300029DE423FE39D26BF895B423F563627BF19
:10E3400070D8413F61CE27BFE154413F056628BFE9
:10E35000DAD0403F41FD28BF5C4C403F159429BFB7
:10E3600067C73F3F802A2ABFFC413F3F82C02ABF88
:10E370001BBC3E3F1B562BBFC5353E3F4AEB2BBF58
:10E38000F9AE3D3F0F802CBFB8273D3F69142DBF2C
:10E3900003A03C3F59A82DBFD9173C3FDE3B2EBF01
:10E3A0003B8F3B3FF7CE2EBF29063B3FA5612FBFDA
:10E3B000A47C3A3FE6F32FBFACF2393FBB8530BFB8
:10E3C0004268393F221731BF65DD383F1DA831BF94
:10E3D0001652383FAA3832BF55C6373FC9C832BF78
:10E3E000233A373F7A5833BF7FAD363FBCE733BF60
:10E3F0006C20363F8F7634BFE792353FF30435BF4C
:10E40000F304353FE79235BF8F76343F6C2036BF3B
:10E41000BCE7333F7FAD36BF7A58333F233A37BF2F
:10E42000C9C8323F55C637BFAA38323F165238BF27
:10E430001DA8313F65DD38BF2217313F426839BF23
:10E44000BB85303FACF239BFE6F32F3FA47C3ABF27
:10E45000A5612F3F29063BBFF7CE2E3F3B8F3BBF29
:10E46000DE3B2E3FD9173CBF59A82D3F03A03CBF30
:10E4700069142D3FB8273DBF0F802C3FF9AE3DBF3B
:10E480004AEB2B3FC5353EBF1B562B3F1BBC3EBF47
:10E4900082C02A3FFC413FBF802A2A3F67C73FBF57
:10E4A0001594293F5C4C40BF41FD283FDAD040BF66
:10E4B0000566283FE15441BF61CE273F70D841BF78
:10E4C0005636273F895B42BFE39D263F29DE42BF88
:10E4D0000A05263F516043BFCB6B253F00E243BF97
:10E4E00025D2243F376344BF1A38243FF5E344BFA5
:10E4F000A99D233F396445BFD302233F03E445BFB1
:10E500009967223F546346BFFBCB213F2AE246BFB7
:10E51000F92F213F856047BF9393203F65DE47BFBA
:10E52000CBF61F3FCA5B48BF9F591F3FB3D848BFB8
:10E5300012BC1E3F215549BF221E1E3F12D149BFAA
:10E54000D17F1D3F874C4ABF1FE11C3F7FC74ABF99
:10E550000C421C3FFA414BBF99A21B3FF8BB4BBF7B
:10E56000C6021B3F78354CBF93621A3F79AE4CBF51
:10E5700000C2193FFD264DBF0F21193F029F4DBF1D
:10E58000C07F183F89164EBF12DE173F908D4EBFD9
:10E59000073C173F17044FBF9F99163F1F7A4FBF85
:10E5A000D9F6153FA8EF4FBFB753153FAF6450BF23
:10E5B00039B0143F37D950BF5F0C143F3D4D51BFA8
:10E5C0002A68133FC2C051BF9AC3123FC63352BF1D
:10E5D000B01E123F49A652BF6B79113F491853BF75
:10E5E000CDD3103FC78953BFD52D103FC3FA53BFBA
:10E5F00084870F3F3B6B54BFDBE00E3F31DB54BFE2
:10E60000DA390E3FA44A55BF81920D3F93B955BFE9
:10E61000D0EA0C3FFE2756BFC9420C3FE59556BFD6
:10E620006B9A0B3F480357BFB7F10A3F267057BF9D
:10E63000AD480A3F7FDC57BF4E9F093F534858BF44
:10E640009BF5083FA1B358BF924B083F6A1E59BFC4
:10E6500036A1073FAD8859BF86F6063F6AF259BF1B
:10E66000824B063FA05B5ABF2CA0053F50C45ABF47
:10E6700084F4043F792C5BBF8948043F1A945BBF44
:10E680003D9C033F34FB5BBF9FEF023FC7615CBF14
:10E69000B142023FD1C75CBF7395013F532D5DBFAF
:10E6A000E4E7003F4D925DBF063A003FBEF65DBF16
:10E6B000B217FF3EA65A5EBFBBBAFD3E05BE5EBFA7
:10E6C000275DFC3EDB205FBFF7FEFA3E27835FBF7E
:10E6D0002DA0F93EE9E45FBFC840F83E214660BF87
:10E6E000CBE0F63ECFA660BF3580F53EF20661BFB7
:10E6F000071FF43E8A6661BF43BDF23E98C561BF05
:10E70000EA5AF13E1A2462BFFBF7EF3E108262BF65
:10E710007994EE3E7BDF62BF6330ED3E5A3C63BFCF
:10E72000BBCBEB3EAC9863BF8166EA3E73F463BF3C
:10E73000B700E93EAC4F64BF5D9AE73E59AA64BF9B
:10E740007533E63E790465BFFECBE43E0B5E65BFE4
:10E75000FA63E33E10B765BF6AFBE13E880F66BF10
:10E760004F92E03E716766BFA928DF3ECCBE66BF10
:10E7700079BEDD3E991567BFC153DC3ED86B67BFDC
:10E7800080E8DA3E87C167BFB97CD93EA81668BF6A
:10E790006B10D83E396B68BF99A3D63E3CBF68BFAB
:10E7A0004136D53EAE1269BF67C8D33E916569BF99
:10E7B000095AD23EE4B769BF2AEBD03EA7096ABF27
:10E7C000CA7BCF3ED95A6ABFEA0BCE3E7BAB6ABF4B
:10E7D0008B9BCC3E8CFB6ABFAE2ACB3E0C4B6BBFF7
:10E7E00053B9C93EFB996BBF7C47C83E58E86BBF25
:10E7F00029D5C63E24366CBF5C62C53E5E836CBFC5
:10E8000015EFC33E07D06CBF557BC23E1D1C6DBFCC
:10E810001E07C13EA1676DBF6F92BF3E93B26DBF31
:10E820004A1DBE3EF2FC6DBFAFA7BC3EBE466EBFEA
:10E83000A031BB3EF88F6EBF1EBBB93E9ED86EBFE7
:10E840002A44B83EB0206FBFC3CCB63E30686FBF1D
:10E85000EC54B53E1BAF6FBFA5DCB33E73F56FBF85
:10E86000EF63B23E373B70BFCBEAB03E668070BF0D
:10E870003A71AF3E02C570BF3CF7AD3E080971BFAB
:10E88000D47CAC3E7A4C71BF0102AB3E578F71BF56
:10E89000C486A93E9FD171BF1F0BA83E521372BF01
:10E8A000128FA63E705472BF9F12A53EF89472BF9D
:10E8B000C595A33EEBD472BF8718A23E471473BF21
:10E8C000E59AA03E0E5373BFDF1C9F3E3F9173BF7E
:10E8D000789E9D3ED9CE73BFAF1F9C3EDD0B74BFAB
:10E8E00086A09A3E4B4874BFFE20993E228474BF96
:10E8F00017A1973E62BF74BFD220963E0BFA74BF39
:10E9000031A0943E1D3475BF351F933E976D75BF82
:10E91000DD9D913E7BA675BF2C1C903EC6DE75BF6B
:10E92000229A8E3E7A1676BFC0178D3E974D76BFDF
:10E9300007958B3E1B8476BFF8118A3E07BA76BFD7
:10E94000938E883E5BEF76BFDA0A873E172477BF47
:10E95000CE86853E3A5877BF7002843EC58B77BF1E
:10E96000C07D823EB7BE77BFC0F8803E10F177BF52
:10E97000E1E67E3ED12278BFA4DB7B3EF85378BF30
:10E98000CCCF783E868478BF5AC3753E7BB478BFBF
:10E9900051B6723ED6E378BFB2A86F3E981279BFE7
:10E9A0007F9A6C3EC04079BFBA8B693E4E6E79BF8C
:10E9B000667C663E439B79BF836C633E9DC779BF8F
:10E9C000135C603E5EF379BF1A4B5D3E841E7ABFD6
:10E9D00097395A3E10497ABF8F27573E02737ABF44
:10E9E0000115543E599C7ABFF101513E16C57ABFBC
:10E9F00060EE4D3E37ED7ABF4FDA4A3EBE147BBF24
:10EA0000C2C5473EAB3B7BBFB9B0443EFC617BBF58
:10EA1000379B413EB2877BBF3E853E3ECDAC7BBF40
:10EA2000CF6E3B3E4DD17BBFEC57383E31F57BBFBF
:10EA30009840353E7A187CBFD428323E283B7CBFB4
:10EA4000A2102F3E3A5D7CBF04F82B3EB07E7CBF07
:10EA5000FCDE283E8A9F7CBF8CC5253EC9BF7CBF9B
:10EA6000B6AB223E6CDF7CBF7B911F3E73FE7CBF4A
:10EA7000DE761C3EDD1C7DBFE05B193EAC3A7DBFFF
:10EA80008340163EDE577DBFCA24133E74747DBF9B
:10EA9000B708103E6E907DBF4AEC0C3ECCAB7DBFFC
:10EAA00086CF093E8CC67DBF6EB2063EB1E07DBF0B
:10EAB0000295033E38FA7DBF4577003E24137EBFA2
:10EAC00073B2FA3D722B7EBFC075F43D23437EBF07
:10EAD0007638EE3D385A7EBF9AFAE73DB0707EBF79
:10EAE0002EBCE13D8B867EBF377DDB3DC99B7EBF63
:10EAF000B93DD53D69B07EBFB7FDCE3D6DC47EBF8B
:10EB000036BDC83DD4D77EBF397CC23D9DEA7EBFAD
:10EB1000C33ABC3DC9FC7EBFDAF8B53D580E7FBF95
:10EB200080B6AF3D491F7FBFBA73A93D9D2F7FBF00
:10EB30008C30A33D543F7FBFF9EC9C3D6D4E7FBFB1
:10EB400005A9963DE95C7FBFB464903DC76A7FBF6D
:10EB50000A208A3D08787FBF0ADB833DAB847FBFF4
:10EB6000742B7B3DB1907FBF38A06E3D189C7FBF5A
:10EB70006814623DE3A67FBF0E88553D0FB17FBF8D
:10EB80002FFB483D9EBA7FBFD56D3C3D8FC37FBFF5
:10EB900007E02F3DE2CB7FBFCC51233D98D37FBF11
:10EBA0002CC3163DAFDA7FBF2F340A3D29E17FBF6A
:10EBB000B949FB3C05E77FBF7B2AE23C43EC7FBFC2
:10EBC000B00AC93CE3F07FBF69EAAF3CE6F47FBF1F
:10EBD000B6C9963C4AF87FBF4B517B3C11FB7FBFC7
:10EBE000900E493C39FD7FBF59CB163CC4FE7FBF18
:10EBF000890FC93BB1FF7FBFC70F493B000080BFF2
:10EC000000000000B1FF7FBFC70F49BBC4FE7FBF3C
:10EC1000890FC9BB39FD7FBF59CB16BC11FB7FBF24
:10EC2000900E49BC4AF87FBF4B517BBCE6F47FBFD6
:10EC3000B6C996BCE3F07FBF69EAAFBC43EC7FBFC7
:10EC4000B00AC9BC05E77FBF7B2AE2BC29E17FBFD0
:10EC5000B949FBBCAFDA7FBF2F340ABD98D37FBF61
:10EC60002CC316BDE2CB7FBFCC5123BD8FC37FBF6A
:10EC700007E02FBD9EBA7FBFD56D3CBD0FB17FBFF2
:10EC80002FFB48BDE3A67FBF0E8855BD189C7FBFF4
:10EC9000681462BDB1907FBF38A06EBDAB847FBFEA
:10ECA000742B7BBD08787FBF0ADB83BDC76A7FBF3B
:10ECB0000A208ABDE95C7FBFB46490BD6D4E7FBF02
:10ECC00005A996BD543F7FBFF9EC9CBD9D2F7FBF2A
:10ECD0008C30A3BD491F7FBFBA73A9BD580E7FBF3B
:10ECE00080B6AFBDC9FC7EBFDAF8B5BD9DEA7EBF78
:10ECF000C33ABCBDD4D77EBF397CC2BD6DC47EBF14
:10ED000036BDC8BD69B07EBFB7FDCEBDC99B7EBF55
:10ED1000B93DD5BD8B867EBF377DDBBDB0707EBF74
:10ED20002EBCE1BD385A7EBF9AFAE7BD23437EBFB1
:10ED30007638EEBD722B7EBFC075F4BD24137EBF46
:10ED400073B2FABD38FA7DBF457700BEB1E07DBF32
:10ED5000029503BE8CC67DBF6EB206BECCAB7DBF36
:10ED600086CF09BE6E907DBF4AEC0CBE74747DBF29
:10ED7000B70810BEDE577DBFCA2413BEAC3A7DBFB4
:10ED8000834016BEDD1C7DBFE05B19BE73FE7CBFF9
:10ED9000DE761CBE6CDF7CBF7B911FBEC9BF7CBF13
:10EDA000B6AB22BE8A9F7CBF8CC525BEB07E7CBF21
:10EDB000FCDE28BE3A5D7CBF04F82BBE283B7CBF3E
:10EDC000A2102FBE7A187CBFD42832BE31F57BBF8B
:10EDD000984035BE4DD17BBFEC5738BECDAC7BBF24
:10EDE000CF6E3BBEB2877BBF3E853EBEFC617BBF24
:10EDF000379B41BEAB3B7BBFB9B044BEBE147BBFAB
:10EE0000C2C547BE37ED7ABF4FDA4ABE16C57ABFD4
:10EE100060EE4DBE599C7ABFF10151BE02737ABFBC
:10EE2000011554BE10497ABF8F2757BE841E7ABF82
:10EE300097395ABE5EF379BF1A4B5DBE9DC779BF45
:10EE4000135C60BE439B79BF836C63BE4E6E79BF1B
:10EE5000667C66BEC04079BFBA8B69BE981279BF26
:10EE60007F9A6CBED6E378BFB2A86FBE7BB478BF82
:10EE700051B672BE868478BF5AC375BEF85378BF48
:10EE8000CCCF78BED12278BFA4DB7BBE10F177BF98
:10EE9000E1E67EBEB7BE77BFC0F880BEC58B77BF48
:10EEA000C07D82BE3A5877BF700284BE172477BFF8
:10EEB000CE8685BE5BEF76BFDA0A87BE07BA76BF1D
:10EEC000938E88BE1B8476BFF8118ABE974D76BF9D
:10EED00007958BBE7A1676BFC0178DBEC6DE75BF8E
:10EEE000229A8EBE7BA675BF2C1C90BE976D75BFF7
:10EEF000DD9D91BE1D3475BF351F93BE0BFA74BFE7
:10EF000031A094BE62BF74BFD22096BE228474BF6B
:10EF100017A197BE4B4874BFFE2099BEDD0B74BF8E
:10EF200086A09ABED9CE73BFAF1F9CBE3F9173BF60
:10EF3000789E9DBE0E5373BFDF1C9FBE471473BFE8
:10EF4000E59AA0BEEBD472BF8718A2BEF89472BF38
:10EF5000C595A3BE705472BF9F12A5BE521372BF57
:10EF6000128FA6BE9FD171BF1F0BA8BE578F71BF56
:10EF7000C486A9BE7A4C71BF0102ABBE080971BF3D
:10EF8000D47CACBE02C570BF3CF7ADBE668070BF1E
:10EF90003A71AFBE373B70BFCBEAB0BE73F56FBFFF
:10EFA000EF63B2BE1BAF6FBFA5DCB3BE30686FBFEF
:10EFB000EC54B5BEB0206FBFC3CCB6BE9ED86EBFFA
:10EFC0002A44B8BEF88F6EBF1EBBB9BEBE466EBF28
:10EFD000A031BBBEF2FC6DBFAFA7BCBE93B26DBF8C
:10EFE0004A1DBEBEA1676DBF6F92BFBE1D1C6DBF27
:10EFF0001E07C1BE07D06CBF557BC2BE5E836CBF0F
:10F0000015EFC3BE24366CBF5C62C5BE58E86BBF4B
:10F0100029D5C6BEFB996BBF7C47C8BE0C4B6BBFE6
:10F0200053B9C9BE8CFB6ABFAE2ACBBE7BAB6ABFED
:10F030008B9BCCBED95A6ABFEA0BCEBEA7096ABF6A
:10F04000CA7BCFBEE4B769BF2AEBD0BE916569BF6A
:10F05000095AD2BEAE1269BF67C8D3BE3CBF68BFF3
:10F060004136D5BE396B68BF99A3D6BEA81668BF16
:10F070006B10D8BE87C167BFB97CD9BED86B67BFDC
:10F0800080E8DABE991567BFC153DCBECCBE66BF4F
:10F0900079BEDDBE716766BFA928DFBE880F66BF77
:10F0A0004F92E0BE10B765BF6AFBE1BE0B5E65BF65
:10F0B000FA63E3BE790465BFFECBE4BE59AA64BF20
:10F0C0007533E6BEAC4F64BF5D9AE7BE73F463BFB1
:10F0D000B700E9BEAC9863BF8166EABE5A3C63BF25
:10F0E000BBCBEBBE7BDF62BF6330EDBE108262BF85
:10F0F0007994EEBE1A2462BFFBF7EFBE98C561BFDC
:10F10000EA5AF1BE8A6661BF43BDF2BEF20661BF34
:10F11000071FF4BECFA660BF3580F5BE214660BF95
:10F12000CBE0F6BEE9E45FBFC840F8BE27835FBF0F
:10F130002DA0F9BEDB205FBFF7FEFABE05BE5EBFA5
:10F14000275DFCBEA65A5EBFBBBAFDBEBEF65DBF64
:10F15000B217FFBE4D925DBF063A00BF532D5DBF93
:10F16000E4E700BFD1C75CBF739501BFC7615CBF57
:10F17000B14202BF34FB5BBF9FEF02BF1A945BBF7B
:10F180003D9C03BF792C5BBF894804BF50C45ABF64
:10F1900084F404BFA05B5ABF2CA005BF6AF259BF1C
:10F1A000824B06BFAD8859BF86F606BF6A1E59BF9F
:10F1B00036A107BFA1B358BF924B08BF534858BFF1
:10F1C0009BF508BF7FDC57BF4E9F09BF267057BF16
:10F1D000AD480ABF480357BFB7F10ABFE59556BF10
:10F1E0006B9A0BBFFE2756BFC9420CBF93B955BFE0
:10F1F000D0EA0CBFA44A55BF81920DBF31DB54BF8A
:10F20000DA390EBF3B6B54BFDBE00EBFC3FA53BF0E
:10F2100084870FBFC78953BFD52D10BF491853BF6F
:10F22000CDD310BF49A652BF6B7911BFC63352BFB1
:10F23000B01E12BFC2C051BF9AC312BF3D4D51BFD5
:10F240002A6813BF37D950BF5F0C14BFAF6450BFDB
:10F2500039B014BFA8EF4FBFB75315BF1F7A4FBFC8
:10F26000D9F615BF17044FBF9F9916BF908D4EBF9B
:10F27000073C17BF89164EBF12DE17BF029F4DBF56
:10F28000C07F18BFFD264DBF0F2119BF79AE4CBFFF
:10F2900000C219BF78354CBF93621ABFF8BB4BBF91
:10F2A000C6021BBFFA414BBF99A21BBF7FC74ABF13
:10F2B0000C421CBF874C4ABF1FE11CBF12D149BF83
:10F2C000D17F1DBF215549BF221E1EBFB3D848BFE5
:10F2D00012BC1EBFCA5B48BF9F591FBF65DE47BF38
:10F2E000CBF61FBF856047BF939320BF2AE246BF7E
:10F2F000F92F21BF546346BFFBCB21BF03E445BFB9
:10F30000996722BF396445BFD30223BFF5E344BFE9
:10F31000A99D23BF376344BF1A3824BF00E243BF0F
:10F3200025D224BF516043BFCB6B25BF29DE42BF2E
:10F330000A0526BF895B42BFE39D26BF70D841BF47
:10F34000563627BFE15441BF61CE27BFDAD040BF58
:10F35000056628BF5C4C40BF41FD28BF67C73FBF63
:10F36000159429BFFC413FBF802A2ABF1BBC3EBF6A
:10F3700082C02ABFC5353EBF1B562BBFF9AE3DBF6D
:10F380004AEB2BBFB8273DBF0F802CBF03A03CBF6B
:10F3900069142DBFD9173CBF59A82DBF3B8F3BBF68
:10F3A000DE3B2EBF29063BBFF7CE2EBFA47C3ABF63
:10F3B000A5612FBFACF239BFE6F32FBF426839BF5A
:10F3C000BB8530BF65DD38BF221731BF165238BF4D
:10F3D0001DA831BF55C637BFAA3832BF233A37BF41
:10F3E000C9C832BF7FAD36BF7A5833BF6C2036BF35
:10F3F000BCE733BFE79235BF8F7634BFF30435BF28
:10F40000F30435BF8F7634BFE79235BFBCE733BF17
:10F410006C2036BF7A5833BF7FAD36BFC9C832BF04
:10F42000233A37BFAA3832BF55C637BF1DA831BFF0
:10F43000165238BF221731BF65DD38BFBB8530BFDC
:10F44000426839BFE6F32FBFACF239BFA5612FBFC9
:10F45000A47C3ABFF7CE2EBF29063BBFDE3B2EBFB2
:10F460003B8F3BBF59A82DBFD9173CBF69142DBF97
:10F4700003A03CBF0F802CBFB8273DBF4AEB2BBF7A
:10F48000F9AE3DBF1B562BBFC5353EBF82C02ABF5C
:10F490001BBC3EBF802A2ABFFC413FBF159429BF39
:10F4A00067C73FBF41FD28BF5C4C40BF056628BF12
:10F4B000DAD040BF61CE27BFE15441BF563627BFE7
:10F4C00070D841BFE39D26BF895B42BF0A0526BFB6
:10F4D00029DE42BFCB6B25BF516043BF25D224BF7D
:10F4E00000E243BF1A3824BF376344BFA99D23BF3E
:10F4F000F5E344BFD30223BF396445BF996722BFF8
:10F5000003E445BFFBCB21BF546346BFF92F21BFA6
:10F510002AE246BF939320BF856047BFCBF61FBF4B
:10F5200065DE47BF9F591FBFCA5B48BF12BC1EBFE5
:10F53000B3D848BF221E1EBF215549BFD17F1DBF72
:10F5400012D149BF1FE11CBF874C4ABF0C421CBFF0
:10F550007FC74ABF99A21BBFFA414BBFC6021BBF60
:10F56000F8BB4BBF93621ABF78354CBF00C219BFBE
:10F5700079AE4CBF0F2119BFFD264DBFC07F18BF0C
:10F58000029F4DBF12DE17BF89164EBF073C17BF43
:10F59000908D4EBF9F9916BF17044FBFD9F615BF68
:10F5A0001F7A4FBFB75315BFA8EF4FBF39B014BF75
:10F5B000AF6450BF5F0C14BF37D950BF2A6813BF68
:10F5C0003D4D51BF9AC312BFC2C051BFB01E12BF42
:10F5D000C63352BF6B7911BF49A652BFCDD310BFFE
:10F5E000491853BFD52D10BFC78953BF84870FBF9C
:10F5F000C3FA53BFDBE00EBF3B6B54BFDA390EBF1B
:10F6000031DB54BF81920DBFA44A55BFD0EA0CBF75
:10F6100093B955BFC9420CBFFE2756BF6B9A0BBFAB
:10F62000E59556BFB7F10ABF480357BFAD480ABFBB
:10F63000267057BF4E9F09BF7FDC57BF9BF508BFA1
:10F64000534858BF924B08BFA1B358BF36A107BF5C
:10F650006A1E59BF86F606BFAD8859BF824B06BFEA
:10F660006AF259BF2CA005BFA05B5ABF84F404BF47
:10F6700050C45ABF894804BF792C5BBF3D9C03BF6F
:10F680001A945BBF9FEF02BF34FB5BBFB14202BF66
:10F69000C7615CBF739501BFD1C75CBFE4E700BF22
:10F6A000532D5DBF063A00BF4D925DBFB217FFBE3E
:10F6B000BEF65DBFBBBAFDBEA65A5EBF275DFCBEEF
:10F6C00005BE5EBFF7FEFABEDB205FBF2DA0F9BE10
:10F6D00027835FBFC840F8BEE9E45FBFCBE0F6BE5A
:10F6E000214660BF3580F5BECFA660BF071FF4BEC0
:10F6F000F20661BF43BDF2BE8A6661BFEA5AF1BE3F
:10F7000098C561BFFBF7EFBE1A2462BF7994EEBEC5
:10F71000108262BF6330EDBE7BDF62BFBBCBEBBE4E
:10F720005A3C63BF8166EABEAC9863BFB700E9BECE
:10F7300073F463BF5D9AE7BEAC4F64BF7533E6BE3A
:10F7400059AA64BFFECBE4BE790465BFFA63E3BE89
:10F750000B5E65BF6AFBE1BE10B765BF4F92E0BEAE
:10F76000880F66BFA928DFBE716766BF79BEDDBEA0
:10F77000CCBE66BFC153DCBE991567BF80E8DABE58
:10F78000D86B67BFB97CD9BE87C167BF6B10D8BEC5
:10F79000A81668BF99A3D6BE396B68BF4136D5BEDF
:10F7A0003CBF68BF67C8D3BEAE1269BF095AD2BE9C
:10F7B000916569BF2AEBD0BEE4B769BFCA7BCFBEF3
:10F7C000A7096ABFEA0BCEBED95A6ABF8B9BCCBED3
:10F7D0007BAB6ABFAE2ACBBE8CFB6ABF53B9C9BE36
:10F7E0000C4B6BBF7C47C8BEFB996BBF29D5C6BE0F
:10F7F00058E86BBF5C62C5BE24366CBF15EFC3BE54
:10F800005E836CBF557BC2BE07D06CBF1E07C1BEF6
:10F810001D1C6DBF6F92BFBEA1676DBF4A1DBEBEEE
:10F8200093B26DBFAFA7BCBEF2FC6DBFA031BBBE33
:10F83000BE466EBF1EBBB9BEF88F6EBF2A44B8BEAF
:10F840009ED86EBFC3CCB6BEB0206FBFEC54B5BE61
:10F8500030686FBFA5DCB3BE1BAF6FBFEF63B2BE36
:10F8600073F56FBFCBEAB0BE373B70BF3A71AFBE26
:10F87000668070BF3CF7ADBE02C570BFD47CACBE25
:10F88000080971BF0102ABBE7A4C71BFC486A9BE24
:10F89000578F71BF1F0BA8BE9FD171BF128FA6BE1D
:10F8A000521372BF9F12A5BE705472BFC595A3BEFE
:10F8B000F89472BF8718A2BEEBD472BFE59AA0BEBF
:10F8C000471473BFDF1C9FBE0E5373BF789E9DBE4F
:10F8D0003F9173BFAF1F9CBED9CE73BF86A09ABEA7
:10F8E000DD0B74BFFE2099BE4B4874BF17A197BEB5
:10F8F000228474BFD22096BE62BF74BF31A094BE72
:10F900000BFA74BF351F93BE1D3475BFDD9D91BECC
:10F91000976D75BF2C1C90BE7BA675BF229A8EBEBC
:10F92000C6DE75BFC0178DBE7A1676BF07958BBE33
:10F93000974D76BFF8118ABE1B8476BF938E88BE22
:10F9400007BA76BFDA0A87BE5BEF76BFCE8685BE82
:10F95000172477BF700284BE3A5877BFC07D82BE3D
:10F96000C58B77BFC0F880BEB7BE77BFE1E67EBE6D
:10F9700010F177BFA4DB7BBED12278BFCCCF78BE9D
:10F98000F85378BF5AC375BE868478BF51B672BE2D
:10F990007BB478BFB2A86FBED6E378BF7F9A6CBE47
:10F9A000981279BFBA8B69BEC04079BF667C66BECB
:10F9B0004E6E79BF836C63BE439B79BF135C60BEA0
:10F9C0009DC779BF1A4B5DBE5EF379BF97395ABEAA
:10F9D000841E7ABF8F2757BE10497ABF011554BEC7
:10F9E00002737ABFF10151BE599C7ABF60EE4DBEE1
:10F9F00016C57ABF4FDA4ABE37ED7ABFC2C547BED9
:10FA0000BE147BBFB9B044BEAB3B7BBF379B41BE8E
:10FA1000FC617BBF3E853EBEB2877BBFCF6E3BBEE7
:10FA2000CDAC7BBFEC5738BE4DD17BBF984035BEC7
:10FA300031F57BBFD42832BE7A187CBFA2102FBE0E
:10FA4000283B7CBF04F82BBE3A5D7CBFFCDE28BEA1
:10FA5000B07E7CBF8CC525BE8A9F7CBFB6AB22BE64
:10FA6000C9BF7CBF7B911FBE6CDF7CBFDE761CBE36
:10FA700073FE7CBFE05B19BEDD1C7DBF834016BEFC
:10FA8000AC3A7DBFCA2413BEDE577DBFB70810BE97
:10FA900074747DBF4AEC0CBE6E907DBF86CF09BEEC
:10FAA000CCAB7DBF6EB206BE8CC67DBF029503BED9
:10FAB000B1E07DBF457700BE38FA7DBF73B2FABDB5
:10FAC00024137EBFC075F4BD722B7EBF7638EEBDA9
:10FAD00023437EBF9AFAE7BD385A7EBF2EBCE1BDF4
:10FAE000B0707EBF377DDBBD8B867EBFB93DD5BD97
:10FAF000C99B7EBFB7FDCEBD69B07EBF36BDC8BD58
:10FB00006DC47EBF397CC2BDD4D77EBFC33ABCBDF5
:10FB10009DEA7EBFDAF8B5BDC9FC7EBF80B6AFBD39
:10FB2000580E7FBFBA73A9BD491F7FBF8C30A3BDDC
:10FB30009D2F7FBFF9EC9CBD543F7FBF05A996BDAB
:10FB40006D4E7FBFB46490BDE95C7FBF0A208ABD63
:10FB5000C76A7FBF0ADB83BD08787FBF742B7BBD7C
:10FB6000AB847FBF38A06EBDB1907FBF681462BD0B
:10FB7000189C7FBF0E8855BDE3A67FBF2FFB48BDF5
:10FB80000FB17FBFD56D3CBD9EBA7FBF07E02FBDD3
:10FB90008FC37FBFCC5123BDE2CB7FBF2CC316BD2B
:10FBA00098D37FBF2F340ABDAFDA7FBFB949FBBC02
:10FBB00029E17FBF7B2AE2BC05E77FBFB00AC9BC51
:10FBC00043EC7FBF69EAAFBCE3F07FBFB6C996BC28
:10FBD000E6F47FBF4B517BBC4AF87FBF900E49BC17
:10FBE00011FB7FBF59CB16BC39FD7FBF890FC9BB45
:10FBF000C4FE7FBFC70F49BBB1FF7FBF00000080BD
:10FC0000000080BFC70F493BB1FF7FBF890FC93BD1
:10FC1000C4FE7FBF59CB163C39FD7FBF900E493CD7
:10FC200011FB7FBF4B517B3C4AF87FBFB6C9963C66
:10FC3000E6F47FBF69EAAF3CE3F07FBFB00AC93C9E
:10FC400043EC7FBF7B2AE23C05E77FBFB949FB3C21
:10FC500029E17FBF2F340A3DAFDA7FBF2CC3163DA9
:10FC600098D37FBFCC51233DE2CB7FBF07E02F3D30
:10FC70008FC37FBFD56D3C3D9EBA7FBF2FFB483DF4
:10FC80000FB17FBF0E88553DE3A67FBF6814623D6C
:10FC9000189C7FBF38A06E3DB1907FBF742B7B3D19
:10FCA000AB847FBF0ADB833D08787FBF0A208A3D93
:10FCB000C76A7FBFB464903DE95C7FBF05A9963DEC
:10FCC0006D4E7FBFF9EC9C3D543F7FBF8C30A33D10
:10FCD0009D2F7FBFBA73A93D491F7FBF80B6AF3D3F
:10FCE000580E7FBFDAF8B53DC9FC7EBFC33ABC3DB4
:10FCF0009DEA7EBF397CC23DD4D77EBF36BDC83DAC
:10FD00006DC47EBFB7FDCE3D69B07EBFB93DD53D68
:10FD1000C99B7EBF377DDB3D8B867EBF2EBCE13D20
:10FD2000B0707EBF9AFAE73D385A7EBF7638EE3D16
:10FD300023437EBFC075F43D722B7EBF73B2FA3D84
:10FD400024137EBF4577003E38FA7DBF0295033EFF
:10FD5000B1E07DBF6EB2063E8CC67DBF86CF093E48
:10FD6000CCAB7DBF4AEC0C3E6E907DBFB708103E19
:10FD700074747DBFCA24133EDE577DBF8340163E98
:10FD8000AC3A7DBFE05B193EDD1C7DBFDE761C3EDC
:10FD900073FE7CBF7B911F3E6CDF7CBFB6AB223E07
:10FDA000C9BF7CBF8CC5253E8A9F7CBFFCDE283E38
:10FDB000B07E7CBF04F82B3E3A5D7CBFA2102F3E84
:10FDC000283B7CBFD428323E7A187CBF9840353E11
:10FDD00031F57BBFEC57383E4DD17BBFCF6E3B3EFC
:10FDE000CDAC7BBF3E853E3EB2877BBF379B413E5D
:10FDF000FC617BBFB9B0443EAB3B7BBFC2C5473E55
:10FE0000BE147BBF4FDA4A3E37ED7ABF60EE4D3EFF
:10FE100016C57ABFF101513E599C7ABF0115543E77
:10FE200002737ABF8F27573E10497ABF97395A3EDF
:10FE3000841E7ABF1A4B5D3E5EF379BF135C603E51
:10FE40009DC779BF836C633E439B79BF667C663EEA
:10FE50004E6E79BFBA8B693EC04079BF7F9A6C3EC7
:10FE6000981279BFB2A86F3ED6E378BF51B6723E02
:10FE70007BB478BF5AC3753E868478BFCCCF783EBA
:10FE8000F85378BFA4DB7B3ED12278BFE1E67E3E0B
:10FE900010F177BFC0F8803EB7BE77BFC07D823E0D
:10FEA000C58B77BF7002843E3A5877BFCE86853EB9
:10FEB000172477BFDA0A873E5BEF76BF938E883EC2
:10FEC00007BA76BFF8118A3E1B8476BF07958B3E32
:10FED000974D76BFC0178D3E7A1676BF229A8E3E1A
:10FEE000C6DE75BF2C1C903E7BA675BFDD9D913E86
:10FEF000976D75BF351F933E1D3475BF31A0943E7D
:10FF00000BFA74BFD220963E62BF74BF17A1973E12
:10FF1000228474BFFE20993E4B4874BF86A09A3E4F
:10FF2000DD0B74BFAF1F9C3ED9CE73BF789E9D3E44
:10FF30003F9173BFDF1C9F3E0E5373BFE59AA03EF7
:10FF4000471473BF8718A23EEBD472BFC595A33E7A
:10FF5000F89472BF9F12A53E705472BF128FA63ED6
:10FF6000521372BF1F0BA83E9FD171BFC486A93E1A
:10FF7000578F71BF0102AB3E7A4C71BFD47CAC3E4F
:10FF8000080971BF3CF7AD3E02C570BF3A71AF3E84
:10FF9000668070BFCBEAB03E373B70BFEF63B23EC6
:10FFA00073F56FBFA5DCB33E1BAF6FBFEC54B53E1E
:10FFB00030686FBFC3CCB63EB0206FBF2A44B83E96
:10FFC0009ED86EBF1EBBB93EF88F6EBFA031BB3E40
:10FFD000BE466EBFAFA7BC3EF2FC6DBF4A1DBE3E23
:10FFE00093B26DBF6F92BF3EA1676DBF1E07C13E4A
:10FFF0001D1C6DBF557BC23E07D06CBF15EFC33EC5
:02000004600397
:100000005E836CBF5C62C53E24366CBF29D5C63E9C
:1000100058E86BBF7C47C83EFB996BBF53B9C93EDC
:100020000C4B6BBFAE2ACB3E8CFB6ABF8B9BCC3E8E
:100030007BAB6ABFEA0BCE3ED95A6ABFCA7BCF3EC2
:10004000A7096ABF2AEBD03EE4B769BF095AD23E7E
:10005000916569BF67C8D33EAE1269BF4136D53ED0
:100060003CBF68BF99A3D63E396B68BF6B10D83EC2
:10007000A81668BFB97CD93E87C167BF80E8DA3E61
:10008000D86B67BFC153DC3E991567BF79BEDD3EB3
:10009000CCBE66BFA928DF3E716766BF4F92E03EC7
:1000A000880F66BF6AFBE13E10B765BFFA63E33EA7
:1000B0000B5E65BFFECBE43E790465BF7533E63E5B
:1000C00059AA64BF5D9AE73EAC4F64BFB700E93EF2
:1000D00073F463BF8166EA3EAC9863BFBBCBEB3E73
:1000E0005A3C63BF6330ED3E7BDF62BF7994EE3EE6
:1000F000108262BFFBF7EF3E1A2462BFEA5AF13E5C
:1001000098C561BF43BDF23E8A6661BF071FF43EDA
:10011000F20661BF3580F53ECFA660BFCBE0F63E6C
:10012000214660BFC840F83EE9E45FBF2DA0F93E1C
:1001300027835FBFF7FEFA3EDB205FBF275DFC3EF3
:1001400005BE5EBFBBBAFD3EA65A5EBFB217FF3EFC
:10015000BEF65DBF063A003F4D925DBFE4E7003F4B
:10016000532D5DBF7395013FD1C75CBFB142023FC4
:10017000C7615CBF9FEF023F34FB5BBF3D9C033F09
:100180001A945BBF8948043F792C5BBF84F4043F19
:1001900050C45ABF2CA0053FA05B5ABF824B063FFC
:1001A0006AF259BF86F6063FAD8859BF36A1073FB0
:1001B0006A1E59BF924B083FA1B358BF9BF5083F39
:1001C000534858BF4E9F093F7FDC57BFAD480A3F99
:1001D000267057BFB7F10A3F480357BF6B9A0B3FD2
:1001E000E59556BFC9420C3FFE2756BFD0EA0C3FEB
:1001F00093B955BF81920D3FA44A55BFDA390E3FDE
:1002000031DB54BFDBE00E3F3B6B54BF84870F3FB5
:10021000C3FA53BFD52D103FC78953BFCDD3103F6D
:10022000491853BF6B79113F49A652BFB01E123F08
:10023000C63352BF9AC3123FC2C051BF2A68133F90
:100240003D4D51BF5F0C143F37D950BF39B0143FFB
:10025000AF6450BFB753153FA8EF4FBFD9F6153F56
:100260001F7A4FBF9F99163F17044FBF073C173F98
:10027000908D4EBF12DE173F89164EBFC07F183FCC
:10028000029F4DBF0F21193FFD264DBF00C2193FF0
:1002900079AE4CBF93621A3F78354CBFC6021B3F04
:1002A000F8BB4BBF99A21B3FFA414BBF0C421C3F0E
:1002B0007FC74ABF1FE11C3F874C4ABFD17F1D3F0C
:1002C00012D149BF221E1E3F215549BF12BC1E3FFD
:1002D000B3D848BF9F591F3FCA5B48BFCBF61F3FEB
:1002E00065DE47BF9393203F856047BFF92F213FCD
:1002F0002AE246BFFBCB213F546346BF9967223FAA
:1003000003E445BFD302233F396445BFA99D233F82
:10031000F5E344BF1A38243F376344BF25D2243F56
:1003200000E243BFCB6B253F516043BF0A05263F28
:1003300029DE42BFE39D263F895B42BF5636273FF9
:1003400070D841BF61CE273FE15441BF0566283FC9
:10035000DAD040BF41FD283F5C4C40BF1594293F97
:1003600067C73FBF802A2A3FFC413FBF82C02A3F68
:100370001BBC3EBF1B562B3FC5353EBF4AEB2B3F38
:10038000F9AE3DBF0F802C3FB8273DBF69142D3F0C
:1003900003A03CBF59A82D3FD9173CBFDE3B2E3FE1
:1003A0003B8F3BBFF7CE2E3F29063BBFA5612F3FBA
:1003B000A47C3ABFE6F32F3FACF239BFBB85303F98
:1003C000426839BF2217313F65DD38BF1DA8313F74
:1003D000165238BFAA38323F55C637BFC9C8323F58
:1003E000233A37BF7A58333F7FAD36BFBCE7333F40
:1003F0006C2036BF8F76343FE79235BFF304353F2C
:10040000F30435BFE792353F8F7634BF6C20363F1B
:10041000BCE733BF7FAD363F7A5833BF233A373F0F
:10042000C9C832BF55C6373FAA3832BF1652383F07
:100430001DA831BF65DD383F221731BF4268393F03
:10044000BB8530BFACF2393FE6F32FBFA47C3A3F07
:10045000A5612FBF29063B3FF7CE2EBF3B8F3B3F09
:10046000DE3B2EBFD9173C3F59A82DBF03A03C3F10
:1004700069142DBFB8273D3F0F802CBFF9AE3D3F1B
:100480004AEB2BBFC5353E3F1B562BBF1BBC3E3F27
:1004900082C02ABFFC413F3F802A2ABF67C73F3F37
:1004A000159429BF5C4C403F41FD28BFDAD0403F46
:1004B000056628BFE154413F61CE27BF70D8413F58
:1004C000563627BF895B423FE39D26BF29DE423F68
:1004D0000A0526BF5160433FCB6B25BF00E2433F77
:1004E00025D224BF3763443F1A3824BFF5E3443F85
:1004F000A99D23BF3964453FD30223BF03E4453F91
:10050000996722BF5463463FFBCB21BF2AE2463F97
:10051000F92F21BF8560473F939320BF65DE473F9A
:10052000CBF61FBFCA5B483F9F591FBFB3D8483F98
:1005300012BC1EBF2155493F221E1EBF12D1493F8A
:10054000D17F1DBF874C4A3F1FE11CBF7FC74A3F79
:100550000C421CBFFA414B3F99A21BBFF8BB4B3F5B
:10056000C6021BBF78354C3F93621ABF79AE4C3F31
:1005700000C219BFFD264D3F0F2119BF029F4D3FFD
:10058000C07F18BF89164E3F12DE17BF908D4E3FB9
:10059000073C17BF17044F3F9F9916BF1F7A4F3F65
:1005A000D9F615BFA8EF4F3FB75315BFAF64503F03
:1005B00039B014BF37D9503F5F0C14BF3D4D513F88
:1005C0002A6813BFC2C0513F9AC312BFC633523FFD
:1005D000B01E12BF49A6523F6B7911BF4918533F55
:1005E000CDD310BFC789533FD52D10BFC3FA533F9A
:1005F00084870FBF3B6B543FDBE00EBF31DB543FC2
:10060000DA390EBFA44A553F81920DBF93B9553FC9
:10061000D0EA0CBFFE27563FC9420CBFE595563FB6
:100620006B9A0BBF4803573FB7F10ABF2670573F7D
:10063000AD480ABF7FDC573F4E9F09BF5348583F24
:100640009BF508BFA1B3583F924B08BF6A1E593FA4
:1006500036A107BFAD88593F86F606BF6AF2593FFB
:10066000824B06BFA05B5A3F2CA005BF50C45A3F27
:1006700084F404BF792C5B3F894804BF1A945B3F24
:100680003D9C03BF34FB5B3F9FEF02BFC7615C3FF4
:10069000B14202BFD1C75C3F739501BF532D5D3F8F
:1006A000E4E700BF4D925D3F063A00BFBEF65D3FF6
:1006B000B217FFBEA65A5E3FBBBAFDBE05BE5E3F87
:1006C000275DFCBEDB205F3FF7FEFABE27835F3F5E
:1006D0002DA0F9BEE9E45F3FC840F8BE2146603F67
:1006E000CBE0F6BECFA6603F3580F5BEF206613F97
:1006F000071FF4BE8A66613F43BDF2BE98C5613FE5
:10070000EA5AF1BE1A24623FFBF7EFBE1082623F45
:100710007994EEBE7BDF623F6330EDBE5A3C633FAF
:10072000BBCBEBBEAC98633F8166EABE73F4633F1C
:10073000B700E9BEAC4F643F5D9AE7BE59AA643F7B
:100740007533E6BE7904653FFECBE4BE0B5E653FC4
:10075000FA63E3BE10B7653F6AFBE1BE880F663FF0
:100760004F92E0BE7167663FA928DFBECCBE663FF0
:1007700079BEDDBE9915673FC153DCBED86B673FBC
:1007800080E8DABE87C1673FB97CD9BEA816683F4A
:100790006B10D8BE396B683F99A3D6BE3CBF683F8B
:1007A0004136D5BEAE12693F67C8D3BE9165693F79
:1007B000095AD2BEE4B7693F2AEBD0BEA7096A3F07
:1007C000CA7BCFBED95A6A3FEA0BCEBE7BAB6A3F2B
:1007D0008B9BCCBE8CFB6A3FAE2ACBBE0C4B6B3FD7
:1007E00053B9C9BEFB996B3F7C47C8BE58E86B3F05
:1007F00029D5C6BE24366C3F5C62C5BE5E836C3FA5
:1008000015EFC3BE07D06C3F557BC2BE1D1C6D3FAC
:100810001E07C1BEA1676D3F6F92BFBE93B26D3F11
:100820004A1DBEBEF2FC6D3FAFA7BCBEBE466E3FCA
:10083000A031BBBEF88F6E3F1EBBB9BE9ED86E3FC7
:100840002A44B8BEB0206F3FC3CCB6BE30686F3FFD
:10085000EC54B5BE1BAF6F3FA5DCB3BE73F56F3F65
:10086000EF63B2BE373B703FCBEAB0BE6680703FED
:100870003A71AFBE02C5703F3CF7ADBE0809713F8B
:10088000D47CACBE7A4C713F0102ABBE578F713F36
:10089000C486A9BE9FD1713F1F0BA8BE5213723FE1
:1008A000128FA6BE7054723F9F12A5BEF894723F7D
:1008B000C595A3BEEBD4723F8718A2BE4714733F01
:1008C000E59AA0BE0E53733FDF1C9FBE3F91733F5E
:1008D000789E9DBED9CE733FAF1F9CBEDD0B743F8B
:1008E00086A09ABE4B48743FFE2099BE2284743F76
:1008F00017A197BE62BF743FD22096BE0BFA743F19
:1009000031A094BE1D34753F351F93BE976D753F62
:10091000DD9D91BE7BA6753F2C1C90BEC6DE753F4B
:10092000229A8EBE7A16763FC0178DBE974D763FBF
:1009300007958BBE1B84763FF8118ABE07BA763FB7
:10094000938E88BE5BEF763FDA0A87BE1724773F27
:10095000CE8685BE3A58773F700284BEC58B773FFE
:10096000C07D82BEB7BE773FC0F880BE10F1773F32
:10097000E1E67EBED122783FA4DB7BBEF853783F10
:10098000CCCF78BE8684783F5AC375BE7BB4783F9F
:1009900051B672BED6E3783FB2A86FBE9812793FC7
:1009A0007F9A6CBEC040793FBA8B69BE4E6E793F6C
:1009B000667C66BE439B793F836C63BE9DC7793F6F
:1009C000135C60BE5EF3793F1A4B5DBE841E7A3FB6
:1009D00097395ABE10497A3F8F2757BE02737A3F24
:1009E000011554BE599C7A3FF10151BE16C57A3F9C
:1009F00060EE4DBE37ED7A3F4FDA4ABEBE147B3F04
:100A0000C2C547BEAB3B7B3FB9B044BEFC617B3F38
:100A1000379B41BEB2877B3F3E853EBECDAC7B3F20
:100A2000CF6E3BBE4DD17B3FEC5738BE31F57B3F9F
:100A3000984035BE7A187C3FD42832BE283B7C3F94
:100A4000A2102FBE3A5D7C3F04F82BBEB07E7C3FE7
:100A5000FCDE28BE8A9F7C3F8CC525BEC9BF7C3F7B
:100A6000B6AB22BE6CDF7C3F7B911FBE73FE7C3F2A
:100A7000DE761CBEDD1C7D3FE05B19BEAC3A7D3FDF
:100A8000834016BEDE577D3FCA2413BE74747D3F7B
:100A9000B70810BE6E907D3F4AEC0CBECCAB7D3FDC
:100AA00086CF09BE8CC67D3F6EB206BEB1E07D3FEB
:100AB000029503BE38FA7D3F457700BE24137E3F82
:100AC00073B2FABD722B7E3FC075F4BD23437E3FE7
:100AD0007638EEBD385A7E3F9AFAE7BDB0707E3F59
:100AE0002EBCE1BD8B867E3F377DDBBDC99B7E3F43
:100AF000B93DD5BD69B07E3FB7FDCEBD6DC47E3F6B
:100B000036BDC8BDD4D77E3F397CC2BD9DEA7E3F8D
:100B1000C33ABCBDC9FC7E3FDAF8B5BD580E7F3F75
:100B200080B6AFBD491F7F3FBA73A9BD9D2F7F3FE0
:100B30008C30A3BD543F7F3FF9EC9CBD6D4E7F3F91
:100B400005A996BDE95C7F3FB46490BDC76A7F3F4D
:100B50000A208ABD08787F3F0ADB83BDAB847F3FD4
:100B6000742B7BBDB1907F3F38A06EBD189C7F3F3A
:100B7000681462BDE3A67F3F0E8855BD0FB17F3F6D
:100B80002FFB48BD9EBA7F3FD56D3CBD8FC37F3FD5
:100B900007E02FBDE2CB7F3FCC5123BD98D37F3FF1
:100BA0002CC316BDAFDA7F3F2F340ABD29E17F3F4A
:100BB000B949FBBC05E77F3F7B2AE2BC43EC7F3FA2
:100BC000B00AC9BCE3F07F3F69EAAFBCE6F47F3FFF
:100BD000B6C996BC4AF87F3F4B517BBC11FB7F3FA7
:100BE000900E49BC39FD7F3F59CB16BCC4FE7F3FF8
:100BF000890FC9BBB1FF7F3FC70F49BB0000803FD2
:100C00000000000043EC7F3FB00AC93C0FB17F3FBA
:100C10002FFB483D6D4E7F3F05A9963D6DC47E3F3D
:100C200036BDC83D24137E3F73B2FA3DAC3A7D3FDA
:100C30008340163E283B7C3FA2102F3EBE147B3FD4
:100C4000C2C5473E9DC7793F135C603EF853783F6D
:100C5000CCCF783E07BA763F938E883E0BFA743F2E
:100C600031A0943E4714733FE59AA03E0809713FB6
:100C7000D47CAC3E9ED86E3F2A44B83E5E836C3F27
:100C800015EFC33EA7096A3FCA7BCF3ED86B673FCB
:100C900080E8DA3E59AA643F7533E63E98C5613F65
:100CA000EA5AF13E05BE5E3F275DFC3E1A945B3F6B
:100CB0003D9C033F5348583F9BF5083F31DB543F71
:100CC000DA390E3F3D4D513F2A68133F029F4D3F99
:100CD000C07F183F12D1493FD17F1D3F03E4453FFC
:100CE0009967223F70D8413F5636273FF9AE3D3FC6
:100CF0004AEB2B3F4268393FBB85303FF304353F19
:100D0000F304353FBB85303F4268393F4AEB2B3F08
:100D1000F9AE3D3F5636273F70D8413F9967223F95
:100D200003E4453FD17F1D3F12D1493FC07F183FAB
:100D3000029F4D3F2A68133F3D4D513FDA390E3F28
:100D400031DB543F9BF5083F5348583F3D9C033FE0
:100D50001A945B3F275DFC3E05BE5E3FEA5AF13EBA
:100D600098C5613F7533E63E59AA643F80E8DA3E94
:100D7000D86B673FCA7BCF3EA7096A3F15EFC33EDA
:100D80005E836C3F2A44B83E9ED86E3FD47CAC3E16
:100D90000809713FE59AA03E4714733F31A0943E85
:100DA0000BFA743F938E883E07BA763FCCCF783EDD
:100DB000F853783F135C603E9DC7793FC2C5473EFC
:100DC000BE147B3FA2102F3E283B7C3F8340163E43
:100DD000AC3A7D3F73B2FA3D24137E3F36BDC83D29
:100DE0006DC47E3F05A9963D6D4E7F3F2FFB483D6C
:100DF0000FB17F3FB00AC93C43EC7F3F00000000C9
:100E00000000803FB00AC9BC43EC7F3F2FFB48BDC8
:100E10000FB17F3F05A996BD6D4E7F3F36BDC8BD62
:100E20006DC47E3F73B2FABD24137E3F834016BE6D
:100E3000AC3A7D3FA2102FBE283B7C3FC2C547BEC7
:100E4000BE147B3F135C60BE9DC7793FCCCF78BE9C
:100E5000F853783F938E88BE07BA763F31A094BE90
:100E60000BFA743FE59AA0BE4714733FD47CACBE26
:100E70000809713F2A44B8BE9ED86E3F15EFC3BE25
:100E80005E836C3FCA7BCFBEA7096A3F80E8DABEAB
:100E9000D86B673F7533E6BE59AA643FEA5AF1BE84
:100EA00098C5613F275DFCBE05BE5E3F3D9C03BF0C
:100EB0001A945B3F9BF508BF5348583FDA390EBF81
:100EC00031DB543F2A6813BF3D4D513FC07F18BFEF
:100ED000029F4D3FD17F1DBF12D1493F996722BF6D
:100EE00003E4453F563627BF70D8413F4AEB2BBF3E
:100EF000F9AE3D3FBB8530BF4268393FF30435BF93
:100F0000F304353F426839BFBB85303FF9AE3DBF82
:100F10004AEB2B3F70D841BF5636273F03E445BF0D
:100F20009967223F12D149BFD17F1D3F029F4DBF1C
:100F3000C07F183F3D4D51BF2A68133F31DB54BF7E
:100F4000DA390E3F534858BF9BF5083F1A945BBFF0
:100F50003D9C033F05BE5EBF275DFC3E98C561BF5B
:100F6000EA5AF13E59AA64BF7533E63ED86B67BFB3
:100F700080E8DA3EA7096ABFCA7BCF3E5E836CBFBA
:100F800015EFC33E9ED86EBF2A44B83E080971BF14
:100F9000D47CAC3E471473BFE59AA03E0BFA74BFF5
:100FA00031A0943E07BA76BF938E883EF85378BF3F
:100FB000CCCF783E9DC779BF135C603EBE147BBF2B
:100FC000C2C5473E283B7CBFA2102F3EAC3A7DBF36
:100FD0008340163E24137EBF73B2FA3D6DC47EBFBC
:100FE00036BDC83D6D4E7FBF05A9963D0FB17FBF91
:100FF0002FFB483D43EC7FBFB00AC93C000080BFD7
:101000000000000043EC7FBFB00AC9BC0FB17FBF36
:101010002FFB48BD6D4E7FBF05A996BD6DC47EBF39
:1010200036BDC8BD24137EBF73B2FABDAC3A7DBFD6
:10103000834016BE283B7CBFA2102FBEBE147BBFD0
:10104000C2C547BE9DC779BF135C60BEF85378BF69
:10105000CCCF78BE07BA76BF938E88BE0BFA74BF2A
:1010600031A094BE471473BFE59AA0BE080971BFB2
:10107000D47CACBE9ED86EBF2A44B8BE5E836CBF23
:1010800015EFC3BEA7096ABFCA7BCFBED86B67BFC7
:1010900080E8DABE59AA64BF7533E6BE98C561BF61
:1010A000EA5AF1BE05BE5EBF275DFCBE1A945BBF67
:1010B0003D9C03BF534858BF9BF508BF31DB54BF6D
:1010C000DA390EBF3D4D51BF2A6813BF029F4DBF95
:1010D000C07F18BF12D149BFD17F1DBF03E445BFF8
:1010E000996722BF70D841BF563627BFF9AE3DBFC2
:1010F0004AEB2BBF426839BFBB8530BFF30435BF15
:10110000F30435BFBB8530BF426839BF4AEB2BBF04
:10111000F9AE3DBF563627BF70D841BF996722BF91
:1011200003E445BFD17F1DBF12D149BFC07F18BFA7
:10113000029F4DBF2A6813BF3D4D51BFDA390EBF24
:1011400031DB54BF9BF508BF534858BF3D9C03BFDC
:101150001A945BBF275DFCBE05BE5EBFEA5AF1BEB6
:1011600098C561BF7533E6BE59AA64BF80E8DABE90
:10117000D86B67BFCA7BCFBEA7096ABF15EFC3BED6
:101180005E836CBF2A44B8BE9ED86EBFD47CACBE12
:10119000080971BFE59AA0BE471473BF31A094BE81
:1011A0000BFA74BF938E88BE07BA76BFCCCF78BED9
:1011B000F85378BF135C60BE9DC779BFC2C547BEF8
:1011C000BE147BBFA2102FBE283B7CBF834016BE3F
:1011D000AC3A7DBF73B2FABD24137EBF36BDC8BD25
:1011E0006DC47EBF05A996BD6D4E7FBF2FFB48BD68
:1011F0000FB17FBFB00AC9BC43EC7FBF00000080C5
:10120000000080BFB00AC93C43EC7FBF2FFB483DC4
:101210000FB17FBF05A9963D6D4E7FBF36BDC83D5E
:101220006DC47EBF73B2FA3D24137EBF8340163E69
:10123000AC3A7DBFA2102F3E283B7CBFC2C5473EC3
:10124000BE147BBF135C603E9DC779BFCCCF783E98
:10125000F85378BF938E883E07BA76BF31A0943E8C
:101260000BFA74BFE59AA03E471473BFD47CAC3E22
:10127000080971BF2A44B83E9ED86EBF15EFC33E21
:101280005E836CBFCA7BCF3EA7096ABF80E8DA3EA7
:10129000D86B67BF7533E63E59AA64BFEA5AF13E80
:1012A00098C561BF275DFC3E05BE5EBF3D9C033F08
:1012B0001A945BBF9BF5083F534858BFDA390E3F7D
:1012C00031DB54BF2A68133F3D4D51BFC07F183FEB
:1012D000029F4DBFD17F1D3F12D149BF9967223F69
:1012E00003E445BF5636273F70D841BF4AEB2B3F3A
:1012F000F9AE3DBFBB85303F426839BFF304353F8F
:10130000F30435BF4268393FBB8530BFF9AE3D3F7E
:101310004AEB2BBF70D8413F563627BF03E4453F09
:10132000996722BF12D1493FD17F1DBF029F4D3F18
:10133000C07F18BF3D4D513F2A6813BF31DB543F7A
:10134000DA390EBF5348583F9BF508BF1A945B3FEC
:101350003D9C03BF05BE5E3F275DFCBE98C5613F57
:10136000EA5AF1BE59AA643F7533E6BED86B673FAF
:1013700080E8DABEA7096A3FCA7BCFBE5E836C3FB6
:1013800015EFC3BE9ED86E3F2A44B8BE0809713F10
:10139000D47CACBE4714733FE59AA0BE0BFA743FF1
:1013A00031A094BE07BA763F938E88BEF853783F3B
:1013B000CCCF78BE9DC7793F135C60BEBE147B3F27
:1013C000C2C547BE283B7C3FA2102FBEAC3A7D3F32
:1013D000834016BE24137E3F73B2FABD6DC47E3FB8
:1013E00036BDC8BD6D4E7F3F05A996BD0FB17F3F8D
:1013F0002FFB48BD43EC7F3FB00AC9BC0000803FD3
:1014000000000000BE147B3FC2C5473E5E836C3FB8
:1014100015EFC33E31DB543FDA390E3FF304353F5D
:10142000F304353FDA390E3F31DB543F15EFC33E4D
:101430005E836C3FC2C5473EBE147B3F0000000088
:101440000000803FC2C547BEBE147B3F15EFC3BE40
:101450005E836C3FDA390EBF31DB543FF30435BF96
:10146000F304353F31DB54BFDA390E3F5E836CBF86
:1014700015EFC33EBE147BBFC2C5473E000080BF10
:1014800000000000BE147BBFC2C547BE5E836CBFB8
:1014900015EFC3BE31DB54BFDA390EBFF30435BFDD
:1014A000F30435BFDA390EBF31DB54BF15EFC3BECD
:1014B0005E836CBFC2C547BEBE147BBF0000008008
:1014C000000080BFC2C5473EBE147BBF15EFC33EC0
:1014D0005E836CBFDA390E3F31DB54BFF304353F16
:1014E000F30435BF31DB543FDA390EBF5E836C3F06
:1014F00015EFC3BEBE147B3FC2C547BE0000803F90
:1015000000000000ECFF7F3FD40FC93AB1FF7F3FDE
:10151000C70F493B4EFF7F3FC1CB963BC4FE7F3F89
:10152000890FC93B13FE7F3F3053FB3B39FD7F3FA3
:1015300059CB163C39FC7F3F02ED2F3C11FB7F3F1E
:10154000900E493CC1F97F3F0030623C4AF87F3F32
:101550004B517B3CACF67F3F38398A3CE6F47F3F09
:10156000B6C9963CF8F27F3F1C5AA33CE3F07F3F9C
:1015700069EAAF3CA7EE7F3F9B7ABC3C43EC7F3FE0
:10158000B00AC93CB8E97F3FA69AD53C05E77F3F42
:101590007B2AE23C2BE47F3F2DBAEE3C29E17F3FE2
:1015A000B949FB3C00DE7F3F90EC033DAFDA7F3F63
:1015B0002F340A3D37D77F3FB87B103D98D37F3F0C
:1015C0002CC3163DD1CF7F3F880A1D3DE2CB7F3F24
:1015D000CC51233DCCC77F3FF698293D8FC37F3F39
:1015E00007E02F3D2ABF7F3FFC26363D9EBA7F3F56
:1015F000D56D3C3DEAB57F3F91B4423D0FB17F3F91
:101600002FFB483D0DAC7F3FAF414F3DE3A67F3FF1
:101610000E88553D91A17F3F4CCE5B3D189C7F3F8E
:101620006814623D78967F3F625A683DB1907F3F73
:1016300038A06E3DC28A7F3FE9E5743DAB847F3FB1
:10164000742B7B3D6D7E7F3F6CB8803D08787F3F7B
:101650000ADB833D7B717F3F94FD863DC76A7F3FF8
:101660000A208A3DEC637F3F6A428D3DE95C7F3F03
:10167000B464903DBF557F3FE786933D6D4E7F3FFD
:1016800005A9963DF4467F3F0ACB993D543F7F3FE5
:10169000F9EC9C3D8D377F3FCF0EA03D9D2F7F3FC6
:1016A0008C30A33D87277F3F3052A63D491F7F3FA7
:1016B000BA73A93DE4167F3F2B95AC3D580E7F3F92
:1016C00080B6AF3DA4057F3FBBD7B23DC9FC7E3F8E
:1016D000DAF8B53DC7F37E3FDD19B93D9DEA7E3F9F
:1016E000C33ABC3D4CE17E3F8D5BBF3DD4D77E3FCE
:1016F000397CC23D34CE7E3FC69CC53D6DC47E3F25
:1017000036BDC83D7FBA7E3F86DDCB3D69B07E3FAA
:10171000B7FDCE3D2DA67E3FC81DD23DC99B7E3F65
:10172000B93DD53D3D917E3F895DD83D8B867E3F5D
:10173000377DDB3DB17B7E3FC49CDE3DB0707E3F9C
:101740002EBCE13D88657E3F76DBE43D385A7E3F26
:101750009AFAE73DC14E7E3F9A19EB3D23437E3F07
:101760007638EE3D5E377E3F2E57F13D722B7E3F41
:10177000C075F43D5E1F7E3F2C94F73D24137E3FE1
:1017800073B2FA3DC2067E3F92D0FD3D38FA7D3FEE
:101790004577003E88ED7D3F2E06023EB1E07D3F5D
:1017A0000295033EB2D37D3FC223053E8CC67D3FEA
:1017B0006EB2063E40B97D3F0541083ECCAB7D3F51
:1017C00086CF093E309E7D3FF35D0B3E6E907D3FA0
:1017D0004AEC0C3E85827D3F8B7A0E3E74747D3FD1
:1017E000B708103E3D667D3FCC96113EDE577D3FEB
:1017F000CA24133E59497D3FB2B2143EAC3A7D3FF4
:101800008340163ED82B7D3F3DCE173EDD1C7D3FED
:10181000E05B193EBC0D7D3F6BE91A3E73FE7C3FD9
:10182000DE761C3E03EF7C3F38041E3E6CDF7C3FBF
:101830007B911F3EAECF7C3FA51E213EC9BF7C3FA2
:10184000B6AB223EBDAF7C3FAD38243E8A9F7C3F85
:101850008CC5253E318F7C3F5152273EB07E7C3F68
:10186000FCDE283E086E7C3F8D6B2A3E3A5D7C3F55
:1018700004F82B3E444C7C3F61842D3E283B7C3F4A
:10188000A2102F3EE5297C3FC99C303E7A187C3F50
:10189000D428323EE9067C3FC4B4333E31F57B3F69
:1018A0009840353E53E37B3F50CC363E4DD17B3F95
:1018B000EC57383E20BF7B3F6CE3393ECDAC7B3FDD
:1018C000CF6E3B3E539A7B3F15FA3C3EB2877B3F3F
:1018D0003E853E3EEA747B3F4910403EFC617B3FC3
:1018E000379B413EE74E7B3F0726433EAB3B7B3F6A
:1018F000B9B0443E48287B3F4D3B463EBE147B3F3B
:10190000C2C5473E0E017B3F1850493E37ED7A3F36
:101910004FDA4A3E3AD97A3F67644C3E16C57A3F61
:1019200060EE4D3ECBB07A3F38784F3E599C7A3FBF
:10193000F101513EC1877A3F898B523E02737A3F53
:101940000115543E1C5E7A3F589E553E10497A3F21
:101950008F27573EDD337A3FA4B0583E841E7A3F2E
:1019600097395A3E04097A3F6AC25B3E5EF3793F7B
:101970001A4B5D3E91DD793FA8D35E3E9DC7793F0E
:10198000135C603E83B1793F5CE4613E439B793FE9
:10199000836C633EDC84793F86F4643E4E6E793F0F
:1019A000667C663E9A57793F2204683EC040793F84
:1019B000BA8B693EBF29793F2F136B3E9812793F4E
:1019C0007F9A6C3E4AFB783FAB216E3ED6E3783F70
:1019D000B2A86F3E3BCC783F942F713E7BB4783FEA
:1019E00051B6723E939C783FE83C743E8684783FC3
:1019F0005AC3753E526C783FA649773EF853783FFC
:101A0000CCCF783E773B783FCB557A3ED122783F9A
:101A1000A4DB7B3E040A783F56617D3E10F1773FA0
:101A2000E1E67E3EF7D7773F2236803EB7BE773F6E
:101A3000C0F8803E51A5773F4ABB813EC58B773FBA
:101A4000C07D823E1372773F2240833E3A58773FF3
:101A50007002843E3C3E773FAAC4843E1724773F01
:101A6000CE86853ECC09773FDF48863E5BEF763FEA
:101A7000DA0A873EC4D4763FC1CC873E07BA763FA8
:101A8000938E883E249F763F5050893E1B84763F3C
:101A9000F8118A3EEC68763F8AD38A3E974D763FAE
:101AA00007958B3E1B32763F6E568C3E7A16763FFC
:101AB000C0178D3EB3FA753FFCD88D3EC6DE753F2C
:101AC000229A8E3EB3C2753F325B8F3E7BA6753F36
:101AD0002C1C903E1C8A753F10DD903E976D753F23
:101AE000DD9D913EED50753F945E923E1D34753FF5
:101AF000351F933E2717753FBFDF933E0BFA743FA8
:101B000031A0943EC9DC743F8D60953E62BF743F46
:101B1000D220963ED5A1743F00E1963E2284743FC8
:101B200017A1973E4966743F1661983E4B48743F33
:101B3000FE20993E272A743FCEE0993EDD0B743F8C
:101B400086A09A3E6EED733F27609B3ED9CE733FD1
:101B5000AF1F9C3E1FB0733F20DF9C3E3F91733F01
:101B6000789E9D3E3972733FB85D9E3E0E53733F23
:101B7000DF1C9F3EBE33733FEEDB9F3E4714733F37
:101B8000E59AA03EACF4723FC259A13EEBD4723F3D
:101B90008718A23E04B5723F33D7A23EF894723F35
:101BA000C595A33EC774723F3F54A43E7054723F24
:101BB0009F12A53EF433723FE5D0A53E5213723F0B
:101BC000128FA63E8CF2713F254DA73E9FD1713FEB
:101BD0001F0BA83E8EB0713FFEC8A83E578F713FC5
:101BE000C486A93EFB6D713F6F44AA3E7A4C713F9B
:101BF0000102AB3ED42A713F77BFAB3E0809713F6B
:101C0000D47CAC3E17E7703F153AAD3E02C5703F3D
:101C10003CF7AD3EC6A2703F49B4AE3E6680703F11
:101C20003A71AF3EE15D703F102EB03E373B703FE2
:101C3000CBEAB03E6718703F6BA7B13E73F56F3FBC
:101C4000EF63B23E5AD26F3F5820B33E1BAF6F3F97
:101C5000A5DCB33EB88B6F3FD698B43E30686F3F7B
:101C6000EC54B53E83446F3FE610B63EB0206F3F64
:101C7000C3CCB63EBAFC6E3F8488B73E9ED86E3F5A
:101C80002A44B83E5DB46E3FB2FFB83EF88F6E3F57
:101C90001EBBB93E6D6B6E3F6E76BA3EBE466E3F62
:101CA000A031BB3EEB216E3FB6ECBB3EF2FC6D3F7C
:101CB000AFA7BC3ED5D76D3F8B62BD3E93B26D3FA3
:101CC0004A1DBE3E2D8D6D3FEBD7BE3EA1676D3FD9
:101CD0006F92BF3EF2416D3FD54CC03E1D1C6D3F23
:101CE0001E07C13E24F66C3F48C1C13E07D06C3F81
:101CF000557BC23EC5A96C3F4435C33E5E836C3FF5
:101D000015EFC33ED45C6C3FC8A8C43E24366C3F7C
:101D10005C62C53E500F6C3FD21BC63E58E86B3F1D
:101D200029D5C63E3BC16B3F628EC73EFB996B3FD8
:101D30007C47C83E95726B3F7700C93E0C4B6B3FAA
:101D400053B9C93E5E236B3F1072CA3E8CFB6A3F9B
:101D5000AE2ACB3E95D36A3F2CE3CB3E7BAB6A3FAA
:101D60008B9BCC3E3C836A3FCA53CD3ED95A6A3FD7
:101D7000EA0BCE3E52326A3FEAC3CE3EA7096A3F23
:101D8000CA7BCF3ED7E0693F8A33D03EE4B7693F94
:101D90002AEBD03ECC8E693FAAA2D13E9165693F25
:101DA000095AD23E323C693F4811D33EAE12693FD8
:101DB00067C8D33E07E9683F647FD43E3CBF683FB5
:101DC0004136D53E4C95683FFDECD53E396B683FBA
:101DD00099A3D63E0341683F135AD73EA816683FE1
:101DE0006B10D83E2AEC673FA3C6D83E87C1673F39
:101DF000B97CD93EC196673FAD32DA3ED86B673FBA
:101E000080E8DA3ECA40673F319EDB3E9915673F66
:101E1000C153DC3E45EA663F2E09DD3ECCBE663F3F
:101E200079BEDD3E3093663FA273DE3E7167663F4A
:101E3000A928DF3E8E3B663F8DDDDF3E880F663F83
:101E40004F92E03E5EE3653FEE46E13E10B7653FF0
:101E50006AFBE13EA08A653FC4AFE23E0B5E653F90
:101E6000FA63E33E5431653F0E18E43E7904653F62
:101E7000FECBE43E7BD7643FCB7FE53E59AA643F6F
:101E80007533E63E147D643FFBE6E63EAC4F643FAF
:101E90005D9AE73E2122643F9C4DE83E73F4633F28
:101EA000B700E93EA1C6633FAEB3E93EAC98633FDD
:101EB0008166EA3E956A633F3019EB3E5A3C633FC8
:101EC000BBCBEB3EFC0D633F217EEC3E7BDF623FF4
:101ED0006330ED3ED7B0623F80E2ED3E1082623F5C
:101EE0007994EE3E2653623F4C46EF3E1A24623F01
:101EF000FBF7EF3EEAF4613F85A9F03E98C5613FEC
:101F0000EA5AF13E2296613F290CF23E8A66613F11
:101F100043BDF23ED036613F386EF33EF206613F7C
:101F2000071FF43EF2D6603FB1CFF43ECFA6603F2C
:101F30003580F53E8976603F9330F63E2146603F1E
:101F4000CBE0F63E9615603FDC90F73EE9E45F3F5C
:101F5000C840F83E19B45F3F8EF0F83E27835F3FDC
:101F60002DA0F93E12525F3FA54FFA3EDB205F3FA6
:101F7000F7FEFA3E81EF5E3F22AEFB3E05BE5E3FBE
:101F8000275DFC3E678C5E3F040CFD3EA65A5E3F1B
:101F9000BBBAFD3EC3285E3F4A69FE3EBEF65D3FCA
:101FA000B217FF3E97C45D3FF3C5FF3E4D925D3FC4
:101FB000063A003FE15F5D3FFF90003F532D5D3FDC
:101FC000E4E7003FA3FA5C3FB53E013FD1C75C3F69
:101FD0007395013FDD945C3F1CEC013FC7615C3FA2
:101FE000B142023F8E2E5C3F3299023F34FB5B3F91
:101FF0009FEF023FB8C75B3FF845033F1A945B3F32
:102000003D9C033F5A605B3F6DF2033F792C5B3F81
:102010008948043F75F85A3F919E043F50C45A3F87
:1020200084F4043F09905A3F624A053FA05B5A3F3F
:102030002CA0053F16275A3FE2F5053F6AF2593FAB
:10204000824B063F9CBD593F0EA1063FAD88593FCC
:1020500086F6063F9C53593FE84B073F6A1E593F9F
:1020600036A1073F17E9583F6FF6073FA1B3583F26
:10207000924B083F0B7E583FA1A0083F5348583F62
:102080009BF5083F7912583F7F4A093F7FDC573F55
:102090004E9F093F63A6573F09F4093F2670573FFB
:1020A000AD480A3FC739573F3D9D0A3F4803573F58
:1020B000B7F10A3FA7CC563F1C460B3FE595563F6C
:1020C0006B9A0B3F025F563FA5EE0B3FFE27563F34
:1020D000C9420C3FD9F0553FD7960C3F93B9553FB5
:1020E000D0EA0C3F2C82553FB33E0D3FA44A553FEA
:1020F00081920D3FFB12553F38E60D3F31DB543FD7
:10210000DA390E3F47A3543F658D0E3F3B6B543F7A
:10211000DBE00E3F0F33543F3B340F3FC3FA533FD6
:1021200084870F3F55C2533FB8DA0F3FC789533FEB
:10213000D52D103F1851533FDC80103F4918533FB5
:10214000CDD3103F59DF523FA726113F49A6523F3A
:102150006B79113F186D523F19CC113FC633523F76
:10216000B01E123F54FA513F3071123FC2C0513F6E
:102170009AC3123F1087513FEE15133F3D4D513F1B
:102180002A68133F4A13513F50BA133F37D9503F83
:102190005F0C143F039F503F585E143FAF64503FA5
:1021A00039B0143F3B2A503F0402153FA8EF4F3F80
:1021B000B753153FF4B44F3F54A5153F1F7A4F3F17
:1021C000D9F6153F2B3F4F3F4748163F17044F3F67
:1021D0009F99163FE4C84E3FDFEA163F908D4E3F71
:1021E000073C173F1C524E3F188D173F89164E3F34
:1021F00012DE173FD5DA4D3FF52E183F029F4D3FB7
:10220000C07F183F10634D3F73D0183FFD264D3FF0
:102210000F21193FCBEA4C3F9471193F79AE4C3FE7
:1022200000C2193F08724C3F55121A3F78354C3F97
:1022300093621A3FC7F84B3FB8B21A3FF8BB4B3F07
:10224000C6021B3F097F4B3FBB521B3FFA414B3F2E
:1022500099A21B3FCC044B3F5FF21B3F7FC74A3F15
:102260000C421C3F138A4A3FA2911C3F874C4A3FB5
:102270001FE11C3FDC0E4A3F84301D3F12D1493F15
:10228000D17F1D3F2993493F06CF1D3F2155493F2F
:10229000221E1E3FFA16493F266D1E3FB3D8483F07
:1022A00012BC1E3F4E9A483FE50A1F3FCA5B483F9B
:1022B0009F591F3F271D483F41A81F3F65DE473FED
:1022C000CBF61F3F849F473F3B45203F8560473FFC
:1022D0009393203F6721473FD2E1203F2AE2463FC8
:1022E000F92F213FCEA2463F067E213F5463463F51
:1022F000FBCB213FBB23463FD719223F03E4453F99
:102300009967223F2DA4453F43B5223F3964453F9D
:10231000D302233F2624453F4B50233FF5E3443F60
:10232000A99D233FA5A3443FEEEA233F3763443FE3
:102330001A38243FAB22443F2C85243F00E2433F20
:1023400025D2243F38A1433F041F253F5160433F1E
:10235000CB6B253F4C1F433F77B8253F29DE423FDB
:102360000A05263FE89C423F8451263F895B423F55
:10237000E39D263F0B1A423F2AEA263F70D8413F91
:102380005636273FB796413F6882273FE154413F89
:1023900061CE273FEC12413F401A283FDAD0403F40
:1023A0000566283FA98E403FB0B1283F5C4C403FB6
:1023B00041FD283FF009403FB848293F67C73F3FEC
:1023C0001594293FC0843F3F57DF293FFC413F3FE1
:1023D000802A2A3F1BFF3E3F8E752A3F1BBC3E3F93
:1023E00082C02A3FFF783E3F5B0B2B3FC5353E3F07
:1023F0001B562B3F6EF23D3FBFA02B3FF9AE3D3F3A
:102400004AEB2B3F676B3D3FB9352C3FB8273D3F2B
:102410000F802C3FECE33C3F49CA2C3F03A03C3FDC
:1024200069142D3FFC5B3C3F6F5E2D3FD9173C3F4D
:1024300059A82D3F98D33B3F29F22D3F3B8F3B3F7F
:10244000DE3B2E3FC14A3B3F78852E3F29063B3F6E
:10245000F7CE2E3F75C13A3F5B182F3FA47C3A3F21
:10246000A5612F3FB7373A3FD3AA2F3FACF2393F90
:10247000E6F32F3F85AD393FDE3C303F4268393FC0
:10248000BB85303FE122393F7CCE303F65DD383FB0
:102490002217313FCB97383FAD5F313F1652383F5F
:1024A0001DA8313F430C383F71F0313F55C6373FCF
:1024B000AA38323F4A80373FC780323F233A373FFE
:1024C000C9C8323FDFF3363FAF10333F7FAD363FF1
:1024D0007A58333F0467363F29A0333F6C20363F9C
:1024E000BCE7333FB8D9353F342F343FE792353F0F
:1024F0008F76343FFB4B353FCFBD343FF304353F40
:10250000F304353FCFBD343FFB4B353F8F76343F2F
:10251000E792353F342F343FB8D9353FBCE7333FDE
:102520006C20363F29A0333F0467363F7A58333F4B
:102530007FAD363FAF10333FDFF3363FC9C8323F80
:10254000233A373FC780323F4A80373FAA38323F6D
:1025500055C6373F71F0313F430C383F1DA8313F1E
:102560001652383FAD5F313FCB97383F2217313F8E
:1025700065DD383F7CCE303FE122393FBB85303FBF
:102580004268393FDE3C303F85AD393FE6F32F3FAF
:10259000ACF2393FD3AA2F3FB7373A3FA5612F3F5F
:1025A000A47C3A3F5B182F3F75C13A3FF7CE2E3FD0
:1025B00029063B3F78852E3FC14A3B3FDE3B2E3FFD
:1025C0003B8F3B3F29F22D3F98D33B3F59A82D3FEE
:1025D000D9173C3F6F5E2D3FFC5B3C3F69142D3F9C
:1025E00003A03C3F49CA2C3FECE33C3F0F802C3F0B
:1025F000B8273D3FB9352C3F676B3D3F4AEB2B3F3A
:10260000F9AE3D3FBFA02B3F6EF23D3F1B562B3F27
:10261000C5353E3F5B0B2B3FFF783E3F82C02A3FD4
:102620001BBC3E3F8E752A3F1BFF3E3F802A2A3F40
:10263000FC413F3F57DF293FC0843F3F1594293F6E
:1026400067C73F3FB848293FF009403F41FD283F59
:102650005C4C403FB0B1283FA98E403F0566283F03
:10266000DAD0403F401A283FEC12413F61CE273F6D
:10267000E154413F6882273FB796413F5636273F96
:1026800070D8413F2AEA263F0B1A423FE39D263F7E
:10269000895B423F8451263FE89C423F0A05263F22
:1026A00029DE423F77B8253F4C1F433FCB6B253F88
:1026B0005160433F041F253F38A1433F25D2243FAB
:1026C00000E2433F2C85243FAB22443F1A38243F8D
:1026D0003763443FEEEA233FA5A3443FA99D233F30
:1026E000F5E3443F4B50233F2624453FD302233F8D
:1026F0003964453F43B5223F2DA4453F9967223FAA
:1027000003E4453FD719223FBB23463FFBCB213F84
:102710005463463F067E213FCEA2463FF92F213F1C
:102720002AE2463FD2E1203F6721473F9393203F73
:102730008560473F3B45203F849F473FCBF61F3F87
:1027400065DE473F41A81F3F271D483F9F591F3F58
:10275000CA5B483FE50A1F3F4E9A483F12BC1E3FE6
:10276000B3D8483F266D1E3FFA16493F221E1E3F32
:102770002155493F06CF1D3F2993493FD17F1D3F3A
:1027800012D1493F84301D3FDC0E4A3F1FE11C3F00
:10279000874C4A3FA2911C3F138A4A3F0C421C3F80
:1027A0007FC74A3F5FF21B3FCC044B3F99A21B3FC0
:1027B000FA414B3FBB521B3F097F4B3FC6021B3FB9
:1027C000F8BB4B3FB8B21A3FC7F84B3F93621A3F72
:1027D00078354C3F55121A3F08724C3F00C2193FE2
:1027E00079AE4C3F9471193FCBEA4C3F0F21193F12
:1027F000FD264D3F73D0183F10634D3FC07F183FFB
:10280000029F4D3FF52E183FD5DA4D3F12DE173FA0
:1028100089164E3F188D173F1C524E3F073C173FFD
:10282000908D4E3FDFEA163FE4C84E3F9F99163F1A
:1028300017044F3F4748163F2B3F4F3FD9F6153FF0
:102840001F7A4F3F54A5153FF4B44F3FB753153F80
:10285000A8EF4F3F0402153F3B2A503F39B0143FC9
:10286000AF64503F585E143F039F503F5F0C143FCE
:1028700037D9503F50BA133F4A13513F2A68133F8C
:102880003D4D513FEE15133F1087513F9AC3123F04
:10289000C2C0513F3071123F54FA513FB01E123F37
:1028A000C633523F19CC113F186D523F6B79113F1F
:1028B00049A6523FA726113F59DF523FCDD3103FC3
:1028C0004918533FDC80103F1851533FD52D103F1E
:1028D000C789533FB8DA0F3F55C2533F84870F3F34
:1028E000C3FA533F3B340F3F0F33543FDBE00E3FFF
:1028F0003B6B543F658D0E3F47A3543FDA390E3F83
:1029000031DB543F38E60D3FFB12553F81920D3FBE
:10291000A44A553FB33E0D3F2C82553FD0EA0C3FB1
:1029200093B9553FD7960C3FD9F0553FC9420C3F5C
:10293000FE27563FA5EE0B3F025F563F6B9A0B3FBB
:10294000E595563F1C460B3FA7CC563FB7F10A3FD3
:102950004803573F3D9D0A3FC739573FAD480A3F9F
:102960002670573F09F4093F63A6573F4E9F093F22
:102970007FDC573F7F4A093F7912583F9BF5083F5C
:102980005348583FA1A0083F0B7E583F924B083F49
:10299000A1B3583F6FF6073F17E9583F36A1073FED
:1029A0006A1E593FE84B073F9C53593F86F6063F46
:1029B000AD88593F0EA1063F9CBD593F824B063F53
:1029C0006AF2593FE2F5053F16275A3F2CA0053F12
:1029D000A05B5A3F624A053F09905A3F84F4043F86
:1029E00050C45A3F919E043F75F85A3F8948043FAE
:1029F000792C5B3F6DF2033F5A605B3F3D9C033F88
:102A00001A945B3FF845033FB8C75B3F9FEF023F17
:102A100034FB5B3F3299023F8E2E5C3FB142023F56
:102A2000C7615C3F1CEC013FDD945C3F7395013F47
:102A3000D1C75C3FB53E013FA3FA5C3FE4E7003FEE
:102A4000532D5D3FFF90003FE15F5D3F063A003F41
:102A50004D925D3FF3C5FF3E97C45D3FB217FF3E09
:102A6000BEF65D3F4A69FE3EC3285E3FBBBAFD3EEF
:102A7000A65A5E3F040CFD3E678C5E3F275DFC3E20
:102A800005BE5E3F22AEFB3E81EF5E3FF7FEFA3EA3
:102A9000DB205F3FA54FFA3E12525F3F2DA0F93E6B
:102AA00027835F3F8EF0F83E19B45F3FC840F83E81
:102AB000E9E45F3FDC90F73E9615603FCBE0F63EE1
:102AC0002146603F9330F63E8976603F3580F53E83
:102AD000CFA6603FB1CFF43EF2D6603F071FF43E71
:102AE000F206613F386EF33ED036613F43BDF23EA1
:102AF0008A66613F290CF23E2296613FEA5AF13E16
:102B000098C5613F85A9F03EEAF4613FFBF7EF3ECF
:102B10001A24623F4C46EF3E2653623F7994EE3EC4
:102B20001082623F80E2ED3ED7B0623F6330ED3EFF
:102B30007BDF623F217EEC3EFC0D633FBBCBEB3E77
:102B40005A3C633F3019EB3E956A633F8166EA3E2B
:102B5000AC98633FAEB3E93EA1C6633FB700E93E20
:102B600073F4633F9C4DE83E2122643F5D9AE73E4B
:102B7000AC4F643FFBE6E63E147D643F7533E63EB2
:102B800059AA643FCB7FE53E7BD7643FFECBE43E52
:102B90007904653F0E18E43E5431653FFA63E33E25
:102BA0000B5E653FC4AFE23EA08A653F6AFBE13E33
:102BB00010B7653FEE46E13E5EE3653F4F92E03E73
:102BC000880F663F8DDDDF3E8E3B663FA928DF3EE6
:102BD0007167663FA273DE3E3093663F79BEDD3E8D
:102BE000CCBE663F2E09DD3E45EA663FC153DC3E62
:102BF0009915673F319EDB3ECA40673F80E8DA3E69
:102C0000D86B673FAD32DA3EC196673FB97CD93E9B
:102C100087C1673FA3C6D83E2AEC673F6B10D83EFA
:102C2000A816683F135AD73E0341683F99A3D63E82
:102C3000396B683FFDECD53E4C95683F4136D53E3B
:102C40003CBF683F647FD43E07E9683F67C8D33E16
:102C5000AE12693F4811D33E323C693F095AD23E19
:102C60009165693FAAA2D13ECC8E693F2AEBD03E46
:102C7000E4B7693F8A33D03ED7E0693FCA7BCF3E95
:102C8000A7096A3FEAC3CE3E52326A3FEA0BCE3E04
:102C9000D95A6A3FCA53CD3E3C836A3F8B9BCC3E98
:102CA0007BAB6A3F2CE3CB3E95D36A3FAE2ACB3E4B
:102CB0008CFB6A3F1072CA3E5E236B3F53B9C93E1C
:102CC0000C4B6B3F7700C93E95726B3F7C47C83E0B
:102CD000FB996B3F628EC73E3BC16B3F29D5C63E19
:102CE00058E86B3FD21BC63E500F6C3F5C62C53E3E
:102CF00024366C3FC8A8C43ED45C6C3F15EFC33E7D
:102D00005E836C3F4435C33EC5A96C3F557BC23ED4
:102D100007D06C3F48C1C13E24F66C3F1E07C13E40
:102D20001D1C6D3FD54CC03EF2416D3F6F92BF3EC2
:102D3000A1676D3FEBD7BE3E2D8D6D3F4A1DBE3E58
:102D400093B26D3F8B62BD3ED5D76D3FAFA7BC3E02
:102D5000F2FC6D3FB6ECBB3EEB216E3FA031BB3EBB
:102D6000BE466E3F6E76BA3E6D6B6E3F1EBBB93E81
:102D7000F88F6E3FB2FFB83E5DB46E3F2A44B83E56
:102D80009ED86E3F8488B73EBAFC6E3FC3CCB63E39
:102D9000B0206F3FE610B63E83446F3FEC54B53E23
:102DA00030686F3FD698B43EB88B6F3FA5DCB33E1A
:102DB0001BAF6F3F5820B33E5AD26F3FEF63B23E16
:102DC00073F56F3F6BA7B13E6718703FCBEAB03E1B
:102DD000373B703F102EB03EE15D703F3A71AF3E21
:102DE0006680703F49B4AE3EC6A2703F3CF7AD3E30
:102DF00002C5703F153AAD3E17E7703FD47CAC3E3C
:102E00000809713F77BFAB3ED42A713F0102AB3E48
:102E10007A4C713F6F44AA3EFB6D713FC486A93E58
:102E2000578F713FFEC8A83E8EB0713F1F0BA83E62
:102E30009FD1713F254DA73E8CF2713F128FA63E68
:102E40005213723FE5D0A53EF433723F9F12A53E68
:102E50007054723F3F54A43EC774723FC595A33E61
:102E6000F894723F33D7A23E04B5723F8718A23E52
:102E7000EBD4723FC259A13EACF4723FE59AA03E3A
:102E80004714733FEEDB9F3EBE33733FDF1C9F3E14
:102E90000E53733FB85D9E3E3972733F789E9D3EE0
:102EA0003F91733F20DF9C3E1FB0733FAF1F9C3E9E
:102EB000D9CE733F27609B3E6EED733F86A09A3E4E
:102EC000DD0B743FCEE0993E272A743FFE20993EE9
:102ED0004B48743F1661983E4966743F17A1973E70
:102EE0002284743F00E1963ED5A1743FD220963EE5
:102EF00062BF743F8D60953EC9DC743F31A0943E43
:102F00000BFA743FBFDF933E2717753F351F933E83
:102F10001D34753F945E923EED50753FDD9D913EB0
:102F2000976D753F10DD903E1C8A753F2C1C903EBE
:102F30007BA6753F325B8F3EB3C2753F229A8E3EB1
:102F4000C6DE753FFCD88D3EB3FA753FC0178D3E87
:102F50007A16763F6E568C3E1B32763F07958B3E37
:102F6000974D763F8AD38A3EEC68763FF8118A3EC9
:102F70001B84763F5050893E249F763F938E883E37
:102F800007BA763FC1CC873EC4D4763FDA0A873E83
:102F90005BEF763FDF48863ECC09773FCE86853EA5
:102FA0001724773FAAC4843E3C3E773F7002843E9C
:102FB0003A58773F2240833E1372773FC07D823E6E
:102FC000C58B773F4ABB813E51A5773FC0F8803E15
:102FD000B7BE773F2236803EF7D7773FE1E67E3EA9
:102FE00010F1773F56617D3E040A783FA4DB7B3EBB
:102FF000D122783FCB557A3E773B783FCCCF783E95
:10300000F853783FA649773E526C783F5AC3753ED5
:103010008684783FE83C743E939C783F51B6723E7C
:103020007BB4783F942F713E3BCC783FB2A86F3E83
:10303000D6E3783FAB216E3E4AFB783F7F9A6C3EE9
:103040009812793F2F136B3EBF29793FBA8B693EA7
:10305000C040793F2204683E9A57793F667C663EBD
:103060004E6E793F86F4643EDC84793F836C633E28
:10307000439B793F5CE4613E83B1793F135C603EE2
:103080009DC7793FA8D35E3E91DD793F1A4B5D3EE7
:103090005EF3793F6AC25B3E04097A3F97395A3E34
:1030A000841E7A3FA4B0583EDD337A3F8F27573EC7
:1030B00010497A3F589E553E1C5E7A3F0115543E9A
:1030C00002737A3F898B523EC1877A3FF101513EAC
:1030D000599C7A3F38784F3ECBB07A3F60EE4D3EF8
:1030E00016C57A3F67644C3E3AD97A3F4FDA4A3E7A
:1030F00037ED7A3F1850493E0E017B3FC2C5473E2F
:10310000BE147B3F4D3B463E48287B3FB9B0443E12
:10311000AB3B7B3F0726433EE74E7B3F379B413E21
:10312000FC617B3F4910403EEA747B3F3E853E3E5A
:10313000B2877B3F15FA3C3E539A7B3FCF6E3B3EB6
:10314000CDAC7B3F6CE3393E20BF7B3FEC57383E34
:103150004DD17B3F50CC363E53E37B3F9840353ECC
:1031600031F57B3FC4B4333EE9067C3FD428323E80
:103170007A187C3FC99C303EE5297C3FA2102F3E47
:10318000283B7C3F61842D3E444C7C3F04F82B3E21
:103190003A5D7C3F8D6B2A3E086E7C3FFCDE283E0C
:1031A000B07E7C3F5152273E318F7C3F8CC5253EFF
:1031B0008A9F7C3FAD38243EBDAF7C3FB6AB223EFC
:1031C000C9BF7C3FA51E213EAECF7C3F7B911F3EF9
:1031D0006CDF7C3F38041E3E03EF7C3FDE761C3EF6
:1031E00073FE7C3F6BE91A3EBC0D7D3FE05B193EF0
:1031F000DD1C7D3F3DCE173ED82B7D3F8340163EE4
:10320000AC3A7D3FB2B2143E59497D3FCA24133EC9
:10321000DE577D3FCC96113E3D667D3FB708103EA0
:1032200074747D3F8B7A0E3E85827D3F4AEC0C3E66
:103230006E907D3FF35D0B3E309E7D3F86CF093E15
:10324000CCAB7D3F0541083E40B97D3F6EB2063EA6
:103250008CC67D3FC223053EB2D37D3F0295033E1F
:10326000B1E07D3F2E06023E88ED7D3F4577003E72
:1032700038FA7D3F92D0FD3DC2067E3F73B2FA3DE3
:1032800024137E3F2C94F73D5E1F7E3FC075F43DB6
:10329000722B7E3F2E57F13D5E377E3F7638EE3DF6
:1032A00023437E3F9A19EB3DC14E7E3F9AFAE73D9C
:1032B000385A7E3F76DBE43D88657E3F2EBCE13D9B
:1032C000B0707E3FC49CDE3DB17B7E3F377DDB3DF1
:1032D0008B867E3F895DD83D3D917E3FB93DD53D92
:1032E000C99B7E3FC81DD23D2DA67E3FB7FDCE3D7A
:1032F00069B07E3F86DDCB3D7FBA7E3F36BDC83D9F
:103300006DC47E3FC69CC53D34CE7E3F397CC23DF8
:10331000D4D77E3F8D5BBF3D4CE17E3FC33ABC3D81
:103320009DEA7E3FDD19B93DC7F37E3FDAF8B53D32
:10333000C9FC7E3FBBD7B23DA4057F3F80B6AF3D01
:10334000580E7F3F2B95AC3DE4167F3FBA73A93DE5
:10335000491F7F3F3052A63D87277F3F8C30A33DDA
:103360009D2F7F3FCF0EA03D8D377F3FF9EC9C3DD9
:10337000543F7F3F0ACB993DF4467F3F05A9963DD8
:103380006D4E7F3FE786933DBF557F3FB464903DD0
:10339000E95C7F3F6A428D3DEC637F3F0A208A3DB6
:1033A000C76A7F3F94FD863D7B717F3F0ADB833D8B
:1033B00008787F3F6CB8803D6D7E7F3F742B7B3DEE
:1033C000AB847F3FE9E5743DC28A7F3F38A06E3D04
:1033D000B1907F3F625A683D78967F3F6814623DA6
:1033E000189C7F3F4CCE5B3D91A17F3F0E88553DA1
:1033F000E3A67F3FAF414F3D0DAC7F3F2FFB483DE4
:103400000FB17F3F91B4423DEAB57F3FD56D3C3D62
:103410009EBA7F3FFC26363D2ABF7F3F07E02F3D07
:103420008FC37F3FF698293DCCC77F3FCC51233DCA
:10343000E2CB7F3F880A1D3DD1CF7F3F2CC3163D95
:1034400098D37F3FB87B103D37D77F3F2F340A3D5D
:10345000AFDA7F3F90EC033D00DE7F3FB949FB3C94
:1034600029E17F3F2DBAEE3C2BE47F3F7B2AE23CF3
:1034700005E77F3FA69AD53CB8E97F3FB00AC93C33
:1034800043EC7F3F9B7ABC3CA7EE7F3F69EAAF3CB1
:10349000E3F07F3F1C5AA33CF8F27F3FB6C9963C4D
:1034A000E6F47F3F38398A3CACF67F3F4B517B3C9A
:1034B0004AF87F3F0030623CC1F97F3F900E493CA3
:1034C00011FB7F3F02ED2F3C39FC7F3F59CB163C6F
:1034D00039FD7F3F3053FB3B13FE7F3F890FC93BD4
:1034E000C4FE7F3FC1CB963B4EFF7F3FC70F493B9A
:1034F000B1FF7F3FD40FC93AECFF7F3F00000000CF
:103500000000803FD40FC9BAECFF7F3FC70F49BB13
:10351000B1FF7F3FC1CB96BB4EFF7F3F890FC9BB39
:10352000C4FE7F3F3053FBBB13FE7F3F59CB16BC1D
:1035300039FD7F3F02ED2FBC39FC7F3F900E49BC27
:1035400011FB7F3F003062BCC1F97F3F4B517BBC18
:103550004AF87F3F38398ABCACF67F3FB6C996BC83
:10356000E6F47F3F1C5AA3BCF8F27F3F69EAAFBC88
:10357000E3F07F3F9B7ABCBCA7EE7F3FB00AC9BC9B
:1035800043EC7F3FA69AD5BCB8E97F3F7B2AE2BCDB
:1035900005E77F3F2DBAEEBC2BE47F3FB949FBBC6A
:1035A00029E17F3F90EC03BD00DE7F3F2F340ABD51
:1035B000AFDA7F3FB87B10BD37D77F3F2CC316BD36
:1035C00098D37F3F880A1DBDD1CF7F3FCC5123BD0B
:1035D000E2CB7F3FF69829BDCCC77F3F07E02FBDE8
:1035E0008FC37F3FFC2636BD2ABF7F3FD56D3CBDD4
:1035F0009EBA7F3F91B442BDEAB57F3F2FFB48BDE5
:103600000FB17F3FAF414FBD0DAC7F3F0E8855BD21
:10361000E3A67F3F4CCE5BBD91A17F3F681462BDA6
:10362000189C7F3F625A68BD78967F3F38A06EBD78
:10363000B1907F3FE9E574BDC28A7F3F742B7BBDAB
:10364000AB847F3F6CB880BD6D7E7F3F0ADB83BD5E
:1036500008787F3F94FD86BD7B717F3F0A208ABD3D
:10366000C76A7F3F6A428DBDEC637F3FB46490BD03
:10367000E95C7F3FE78693BDBF557F3F05A996BDB7
:103680006D4E7F3F0ACB99BDF4467F3FF9EC9CBD60
:10369000543F7F3FCF0EA0BD8D377F3F8C30A3BD01
:1036A0009D2F7F3F3052A6BD87277F3FBA73A9BDAC
:1036B000491F7F3F2B95ACBDE4167F3F80B6AFBD61
:1036C000580E7F3FBBD7B2BDA4057F3FDAF8B5BD2A
:1036D000C9FC7E3FDD19B9BDC7F37E3FC33ABCBD0F
:1036E0009DEA7E3F8D5BBFBD4CE17E3F397CC2BD14
:1036F000D4D77E3FC69CC5BD34CE7E3F36BDC8BD47
:103700006DC47E3F86DDCBBD7FBA7E3FB7FDCEBDAB
:1037100069B07E3FC81DD2BD2DA67E3FB93DD5BD47
:10372000C99B7E3F895DD8BD3D917E3F377DDBBD26
:103730008B867E3FC49CDEBDB17B7E3F2EBCE1BD4F
:10374000B0707E3F76DBE4BD88657E3F9AFAE7BDC8
:10375000385A7E3F9A19EBBDC14E7E3F7638EEBD9A
:1037600023437E3F2E57F1BD5E377E3FC075F4BDCB
:10377000722B7E3F2C94F7BD5E1F7E3F73B2FABD65
:1037800024137E3F92D0FDBDC2067E3F457700BE2A
:1037900038FA7D3F2E0602BE88ED7D3F029503BEBE
:1037A000B1E07D3FC22305BEB2D37D3F6EB206BEFF
:1037B0008CC67D3F054108BE40B97D3F86CF09BE1E
:1037C000CCAB7D3FF35D0BBE309E7D3F4AEC0CBE23
:1037D0006E907D3F8B7A0EBE85827D3FB70810BE0E
:1037E00074747D3FCC9611BE3D667D3FCA2413BEE6
:1037F000DE577D3FB2B214BE59497D3F834016BEAD
:10380000AC3A7D3F3DCE17BED82B7D3FE05B19BE65
:10381000DD1C7D3F6BE91ABEBC0D7D3FDE761CBE14
:1038200073FE7C3F38041EBE03EF7C3F7B911FBEBE
:103830006CDF7C3FA51E21BEAECF7C3FB6AB22BE67
:10384000C9BF7C3FAD3824BEBDAF7C3F8CC525BE13
:103850008A9F7C3F515227BE318F7C3FFCDE28BEC1
:10386000B07E7C3F8D6B2ABE086E7C3F04F82BBE79
:103870003A5D7C3F61842DBE444C7C3FA2102FBE3C
:10388000283B7C3FC99C30BEE5297C3FD42832BE12
:103890007A187C3FC4B433BEE9067C3F984035BEFD
:1038A00031F57B3F50CC36BE53E37B3FEC5738BEFF
:1038B0004DD17B3F6CE339BE20BF7B3FCF6E3BBE1B
:1038C000CDAC7B3F15FA3CBE539A7B3F3E853EBE56
:1038D000B2877B3F491040BEEA747B3F379B41BEB5
:1038E000FC617B3F072643BEE74E7B3FB9B044BE39
:1038F000AB3B7B3F4D3B46BE48287B3FC2C547BEE6
:10390000BE147B3F185049BE0E017B3F4FDA4ABEC2
:1039100037ED7A3F67644CBE3AD97A3F60EE4DBED0
:1039200016C57A3F38784FBECBB07A3FF10151BE11
:10393000599C7A3F898B52BEC1877A3F011554BE8C
:1039400002737A3F589E55BE1C5E7A3F8F2757BE42
:1039500010497A3FA4B058BEDD337A3F97395ABE3A
:10396000841E7A3F6AC25BBE04097A3F1A4B5DBE71
:103970005EF3793FA8D35EBE91DD793F135C60BEF4
:103980009DC7793F5CE461BE83B1793F836C63BEC0
:10399000439B793F86F464BEDC84793F667C66BED7
:1039A0004E6E793F220468BE9A57793FBA8B69BE42
:1039B000C040793F2F136BBEBF29793F7F9A6CBE01
:1039C0009812793FAB216EBE4AFB783FB2A86FBE1A
:1039D000D6E3783F942F71BE3BCC783F51B672BE90
:1039E0007BB4783FE83C74BE939C783F5AC375BE65
:1039F0008684783FA64977BE526C783FCCCF78BE9C
:103A0000F853783FCB557ABE773B783FA4DB7BBE3B
:103A1000D122783F56617DBE040A783FE1E67EBE42
:103A200010F1773F223680BEF7D7773FC0F880BECF
:103A3000B7BE773F4ABB81BE51A5773FC07D82BEEE
:103A4000C58B773F224083BE1372773F700284BEDE
:103A50003A58773FAAC484BE3C3E773FCE8685BEA7
:103A60001724773FDF4886BECC09773FDA0A87BE46
:103A70005BEF763FC1CC87BEC4D4763F938E88BEC1
:103A800007BA763F505089BE249F763FF8118ABE10
:103A90001B84763F8AD38ABEEC68763F07958BBE3F
:103AA000974D763F6E568CBE1B32763FC0178DBE4B
:103AB0007A16763FFCD88DBEB3FA753F229A8EBE39
:103AC000C6DE753F325B8FBEB3C2753F2C1C90BE05
:103AD0007BA6753F10DD90BE1C8A753FDD9D91BEB3
:103AE000976D753F945E92BEED50753F351F93BE46
:103AF0001D34753FBFDF93BE2717753F31A094BEBD
:103B00000BFA743F8D6095BEC9DC743FD22096BE1F
:103B100062BF743F00E196BED5A1743F17A197BE66
:103B20002284743F166198BE4966743FFE2099BE98
:103B30004B48743FCEE099BE272A743F86A09ABEB8
:103B4000DD0B743F27609BBE6EED733FAF1F9CBEC5
:103B5000D9CE733F20DF9CBE1FB0733F789E9DBEC1
:103B60003F91733FB85D9EBE3972733FDF1C9FBEAD
:103B70000E53733FEEDB9FBEBE33733FE59AA0BE8C
:103B80004714733FC259A1BEACF4723F8718A2BE5E
:103B9000EBD4723F33D7A2BE04B5723FC595A3BE26
:103BA000F894723F3F54A4BEC774723F9F12A5BEE3
:103BB0007054723FE5D0A5BEF433723F128FA6BE9B
:103BC0005213723F254DA7BE8CF2713F1F0BA8BE4A
:103BD0009FD1713FFEC8A8BE8EB0713FC486A9BEFA
:103BE000578F713F6F44AABEFB6D713F0102ABBEA0
:103BF0007A4C713F77BFABBED42A713FD47CACBE48
:103C00000809713F153AADBE17E7703F3CF7ADBEEE
:103C100002C5703F49B4AEBEC6A2703F3A71AFBE96
:103C20006680703F102EB0BEE15D703FCBEAB0BE43
:103C3000373B703F6BA7B1BE6718703FEF63B2BEF2
:103C400073F56F3F5820B3BE5AD26F3FA5DCB3BEA9
:103C50001BAF6F3FD698B4BEB88B6F3FEC54B5BE68
:103C600030686F3FE610B6BE83446F3FC3CCB6BE2C
:103C7000B0206F3F8488B7BEBAFC6E3F2A44B8BEFE
:103C80009ED86E3FB2FFB8BE5DB46E3F1EBBB9BEDC
:103C9000F88F6E3F6E76BABE6D6B6E3FA031BBBEC5
:103CA000BE466E3FB6ECBBBEEB216E3FAFA7BCBEBF
:103CB000F2FC6D3F8B62BDBED5D76D3F4A1DBEBEC7
:103CC00093B26D3FEBD7BEBE2D8D6D3F6F92BFBEE1
:103CD000A1676D3FD54CC0BEF2416D3F1E07C1BE0E
:103CE0001D1C6D3F48C1C1BE24F66C3F557BC2BE52
:103CF00007D06C3F4435C3BEC5A96C3F15EFC3BEAA
:103D00005E836C3FC8A8C4BED45C6C3F5C62C5BE19
:103D100024366C3FD21BC6BE500F6C3F29D5C6BEA1
:103D200058E86B3F628EC7BE3BC16B3F7C47C8BE45
:103D3000FB996B3F7700C9BE95726B3F53B9C9BE03
:103D40000C4B6B3F1072CABE5E236B3FAE2ACBBEDC
:103D50008CFB6A3F2CE3CBBE95D36A3F8B9BCCBEDA
:103D60007BAB6A3FCA53CDBE3C836A3FEA0BCEBEF3
:103D7000D95A6A3FEAC3CEBE52326A3FCA7BCFBE2F
:103D8000A7096A3F8A33D0BED7E0693F2AEBD0BE8D
:103D9000E4B7693FAAA2D1BECC8E693F095AD2BE10
:103DA0009165693F4811D3BE323C693F67C8D3BEB5
:103DB000AE12693F647FD4BE07E9683F4136D5BE85
:103DC0003CBF683FFDECD5BE4C95683F99A3D6BE7D
:103DD000396B683F135AD7BE0341683F6B10D8BE9A
:103DE000A816683FA3C6D8BE2AEC673FB97CD9BEE7
:103DF00087C1673FAD32DABEC196673F80E8DABE61
:103E0000D86B673F319EDBBECA40673FC153DCBE03
:103E10009915673F2E09DDBE45EA663F79BEDDBED6
:103E2000CCBE663FA273DEBE3093663FA928DFBEDC
:103E30007167663F8DDDDFBE8E3B663F4F92E0BE11
:103E4000880F663FEE46E1BE5EE3653F6AFBE1BE7A
:103E500010B7653FC4AFE2BEA08A653FFA63E3BE18
:103E60000B5E653F0E18E4BE5431653FFECBE4BEE9
:103E70007904653FCB7FE5BE7BD7643F7533E6BEF3
:103E800059AA643FFBE6E6BE147D643F5D9AE7BE37
:103E9000AC4F643F9C4DE8BE2122643FB700E9BEB1
:103EA00073F4633FAEB3E9BEA1C6633F8166EABE69
:103EB000AC98633F3019EBBE956A633FBBCBEBBE5A
:103EC0005A3C633F217EECBEFC0D633F6330EDBE88
:103ED0007BDF623F80E2EDBED7B0623F7994EEBEF9
:103EE0001082623F4C46EFBE2653623FFBF7EFBEA7
:103EF0001A24623F85A9F0BEEAF4613FEA5AF1BE96
:103F000098C5613F290CF2BE2296613F43BDF2BEC7
:103F10008A66613F386EF3BED036613F071FF4BE3C
:103F2000F206613FB1CFF4BEF2D6603F3580F5BEF8
:103F3000CFA6603F9330F6BE8976603FCBE0F6BEF9
:103F40002146603FDC90F7BE9615603FC840F8BE42
:103F5000E9E45F3F8EF0F8BE19B45F3F2DA0F9BED3
:103F600027835F3FA54FFABE12525F3FF7FEFABEAE
:103F7000DB205F3F22AEFBBE81EF5E3F275DFCBED4
:103F800005BE5E3F040CFDBE678C5E3FBBBAFDBE46
:103F9000A65A5E3F4A69FEBEC3285E3FB217FFBE07
:103FA000BEF65D3FF3C5FFBE97C45D3F063A00BF56
:103FB0004D925D3FFF9000BFE15F5D3FE4E700BFD2
:103FC000532D5D3FB53E01BFA3FA5C3F739501BF22
:103FD000D1C75C3F1CEC01BFDD945C3FB14202BF26
:103FE000C7615C3F329902BF8E2E5C3F9FEF02BFDC
:103FF00034FB5B3FF84503BFB8C75B3F3D9C03BF45
:104000001A945B3F6DF203BF5A605B3F894804BF5F
:10401000792C5B3F919E04BF75F85A3F84F404BF2E
:1040200050C45A3F624A05BF09905A3F2CA005BFB1
:10403000A05B5A3FE2F505BF16275A3F824B06BFE9
:104040006AF2593F0EA106BF9CBD593F86F606BFD6
:10405000AD88593FE84B07BF9C53593F36A107BF76
:104060006A1E593F6FF607BF17E9583F924B08BFCA
:10407000A1B3583FA1A008BF0B7E583F9BF508BFD6
:104080005348583F7F4A09BF7912583F4E9F09BF96
:104090007FDC573F09F409BF63A6573FAD480ABF0D
:1040A0002670573F3D9D0ABFC739573FB7F10ABF3A
:1040B0004803573F1C460BBFA7CC563F6B9A0BBF1C
:1040C000E595563FA5EE0BBF025F563FC9420CBFB8
:1040D000FE27563FD7960CBFD9F0553FD0EA0CBF0C
:1040E00093B9553FB33E0DBF2C82553F81920DBF12
:1040F000A44A553F38E60DBFFB12553FDA390EBFD3
:1041000031DB543F658D0EBF47A3543FDBE00EBF4C
:104110003B6B543F3B340FBF0F33543F84870FBF7B
:10412000C3FA533FB8DA0FBF55C2533FD52D10BF66
:10413000C789533FDC8010BF1851533FCDD310BF08
:104140004918533FA72611BF59DF523F6B7911BF62
:1041500049A6523F19CC11BF186D523FB01E12BF75
:10416000C633523F307112BF54FA513F9AC312BF47
:10417000C2C0513FEE1513BF1087513F2A6813BFCD
:104180003D4D513F50BA13BF4A13513F5F0C14BF0E
:1041900037D9503F585E14BF039F503F39B014BF0A
:1041A000AF64503F040215BF3B2A503FB75315BFC1
:1041B000A8EF4F3F54A515BFF4B44F3FD9F615BF34
:1041C0001F7A4F3F474816BF2B3F4F3F9F9916BF5F
:1041D00017044F3FDFEA16BFE4C84E3F073C17BF46
:1041E000908D4E3F188D17BF1C524E3F12DE17BFE9
:1041F00089164E3FF52E18BFD5DA4D3FC07F18BF48
:10420000029F4D3F73D018BF10634D3F0F2119BF60
:10421000FD264D3F947119BFCBEA4C3F00C219BF38
:1042200079AE4C3F55121ABF08724C3F93621ABFC9
:1042300078354C3FB8B21ABFC7F84B3FC6021BBF18
:10424000F8BB4B3FBB521BBF097F4B3F99A21BBF23
:10425000FA414B3F5FF21BBFCC044B3F0C421CBFEB
:104260007FC74A3FA2911CBF138A4A3F1FE11CBF70
:10427000874C4A3F84301DBFDC0E4A3FD17F1DBFB3
:1042800012D1493F06CF1DBF2993493F221E1EBFB1
:104290002155493F266D1EBFFA16493F12BC1EBF6D
:1042A000B3D8483FE50A1FBF4E9A483F9F591FBFEA
:1042B000CA5B483F41A81FBF271D483FCBF61FBF21
:1042C00065DE473F3B4520BF849F473F939320BF18
:1042D0008560473FD2E120BF6721473FF92F21BFCB
:1042E0002AE2463F067E21BFCEA2463FFBCB21BF3E
:1042F0005463463FD71922BFBB23463F996722BF6D
:1043000003E4453F43B522BF2DA4453FD30223BF5D
:104310003964453F4B5023BF2624453FA99D23BF09
:10432000F5E3443FEEEA23BFA5A3443F1A3824BF78
:104330003763443F2C8524BFAB22443F25D224BFA2
:1043400000E2433F041F25BF38A1433FCB6B25BF8D
:104350005160433F77B825BF4C1F433F0A0526BF36
:1043600029DE423F845126BFE89C423FE39D26BFA1
:10437000895B423F2AEA26BF0B1A423F563627BFC7
:1043800070D8413F688227BFB796413F61CE27BFB3
:10439000E154413F401A28BFEC12413F056628BF57
:1043A000DAD0403FB0B128BFA98E403F41FD28BFC1
:1043B0005C4C403FB84829BFF009403F159429BFE5
:1043C00067C73F3F57DF29BFC0843F3F802A2ABFCE
:1043D000FC413F3F8E752ABF1BFF3E3F82C02ABF74
:1043E0001BBC3E3F5B0B2BBFFF783E3F1B562BBFDA
:1043F000C5353E3FBFA02BBF6EF23D3F4AEB2BBF02
:10440000F9AE3D3FB9352CBF676B3D3F0F802CBFE8
:10441000B8273D3F49CA2CBFECE33C3F69142DBF90
:1044200003A03C3F6F5E2DBFFC5B3C3F59A82DBFF6
:10443000D9173C3F29F22DBF98D33B3FDE3B2EBF1F
:104440003B8F3B3F78852EBFC14A3B3FF7CE2EBF07
:1044500029063B3F5B182FBF75C13A3FA5612FBFAF
:10446000A47C3A3FD3AA2FBFB7373A3FE6F32FBF1A
:10447000ACF2393FDE3C30BF85AD393FBB8530BF44
:104480004268393F7CCE30BFE122393F221731BF2D
:1044900065DD383FAD5F31BFCB97383F1DA831BFD9
:1044A0001652383F71F031BF430C383FAA3832BF43
:1044B00055C6373FC78032BF4A80373FC9C832BF71
:1044C000233A373FAF1033BFDFF3363F7A5833BF5D
:1044D0007FAD363F29A033BF0467363FBCE733BF0B
:1044E0006C20363F342F34BFB8D9353F8F7634BF78
:1044F000E792353FCFBD34BFFB4B353FF30435BFAB
:10450000F304353FFB4B35BFCFBD343FE79235BF9A
:104510008F76343FB8D935BF342F343F6C2036BF47
:10452000BCE7333F046736BF29A0333F7FAD36BFBA
:104530007A58333FDFF336BFAF10333F233A37BFEC
:10454000C9C8323F4A8037BFC780323F55C637BFE0
:10455000AA38323F430C38BF71F0313F165238BF92
:104560001DA8313FCB9738BFAD5F313F65DD38BF08
:104570002217313FE12239BF7CCE303F426839BF3C
:10458000BB85303F85AD39BFDE3C303FACF239BF33
:10459000E6F32F3FB7373ABFD3AA2F3FA47C3ABFE9
:1045A000A5612F3F75C13ABF5B182F3F29063BBF5E
:1045B000F7CE2E3FC14A3BBF78852E3F3B8F3BBF96
:1045C000DE3B2E3F98D33BBF29F22D3FD9173CBF8E
:1045D00059A82D3FFC5B3CBF6F5E2D3F03A03CBF45
:1045E00069142D3FECE33CBF49CA2C3FB8273DBFBF
:1045F0000F802C3F676B3DBFB9352C3FF9AE3DBFF7
:104600004AEB2B3F6EF23DBFBFA02B3FC5353EBFEF
:104610001B562B3FFF783EBF5B0B2B3F1BBC3EBFA7
:1046200082C02A3F1BFF3EBF8E752A3FFC413FBF21
:10463000802A2A3FC0843FBF57DF293F67C73FBF5B
:104640001594293FF00940BFB848293F5C4C40BF52
:1046500041FD283FA98E40BFB0B1283FDAD040BF0E
:104660000566283FEC1241BF401A283FE15441BF84
:1046700061CE273FB79641BF6882273F70D841BFC0
:104680005636273F0B1A42BF2AEA263F895B42BFB4
:10469000E39D263FE89C42BF8451263F29DE42BF6E
:1046A0000A05263F4C1F43BF77B8253F516043BFE3
:1046B000CB6B253F38A143BF041F253F00E243BF1A
:1046C00025D2243FAB2244BF2C85243F376344BF0F
:1046D0001A38243FA5A344BFEEEA233FF5E344BFC5
:1046E000A99D233F262445BF4B50233F396445BF36
:1046F000D302233F2DA445BF43B5223F03E445BF6A
:104700009967223FBB2346BFD719223F546346BF58
:10471000FBCB213FCEA246BF067E213F2AE246BF09
:10472000F92F213F672147BFD2E1203F856047BF76
:104730009393203F849F47BF3B45203F65DE47BFA3
:10474000CBF61F3F271D48BF41A81F3FCA5B48BF8C
:104750009F591F3F4E9A48BFE50A1F3FB3D848BF35
:1047600012BC1E3FFA1649BF266D1E3F215549BF98
:10477000221E1E3F299349BF06CF1D3F12D149BFBC
:10478000D17F1D3FDC0E4ABF84301D3F874C4ABF9E
:104790001FE11C3F138A4ABFA2911C3F7FC74ABF3B
:1047A0000C421C3FCC044BBF5FF21B3FFA414BBF96
:1047B00099A21B3F097F4BBFBB521B3FF8BB4BBFAE
:1047C000C6021B3FC7F84BBFB8B21A3F78354CBF83
:1047D00093621A3F08724CBF55121A3F79AE4CBF14
:1047E00000C2193FCBEA4CBF9471193FFD264DBF63
:1047F0000F21193F10634DBF73D0183F029F4DBF6B
:10480000C07F183FD5DA4DBFF52E183F89164EBF31
:1048100012DE173F1C524EBF188D173F908D4EBFB2
:10482000073C173FE4C84EBFDFEA163F17044FBFEF
:104830009F99163F2B3F4FBF4748163F1F7A4FBFE8
:10484000D9F6153FF4B44FBF54A5153FA8EF4FBF9D
:10485000B753153F3B2A50BF0402153FAF6450BF0A
:1048600039B0143F039F50BF585E143F37D950BF33
:104870005F0C143F4A1351BF50BA133F3D4D51BF17
:104880002A68133F108751BFEE15133FC2C051BFB6
:104890009AC3123F54FA51BF3071123FC63352BF10
:1048A000B01E123F186D52BF19CC113F49A652BF1E
:1048B0006B79113F59DF52BFA726113F491853BFEB
:1048C000CDD3103F185153BFDC80103FC78953BF71
:1048D000D52D103F55C253BFB8DA0F3FC3FA53BFAF
:1048E00084870F3F0F3354BF3B340F3F3B6B54BFA4
:1048F000DBE00E3F47A354BF658D0E3F31DB54BF55
:10490000DA390E3FFB1255BF38E60D3FA44A55BFBA
:1049100081920D3F2C8255BFB33E0D3F93B955BFD9
:10492000D0EA0C3FD9F055BFD7960C3FFE2756BFB3
:10493000C9420C3F025F56BFA5EE0B3FE59556BF3F
:104940006B9A0B3FA7CC56BF1C460B3F480357BF83
:10495000B7F10A3FC73957BF3D9D0A3F267057BF81
:10496000AD480A3F63A657BF09F4093F7FDC57BF34
:104970004E9F093F791258BF7F4A093F534858BF9D
:104980009BF5083F0B7E58BFA1A0083FA1B358BFBD
:10499000924B083F17E958BF6FF6073F6A1E59BF91
:1049A00036A1073F9C5359BFE84B073FAD8859BF1D
:1049B00086F6063F9CBD59BF0EA1063F6AF259BF5D
:1049C000824B063F16275ABFE2F5053FA05B5ABF50
:1049D0002CA0053F09905ABF624A053F50C45ABFF8
:1049E00084F4043F75F85ABF919E043F792C5BBF55
:1049F0008948043F5A605BBF6DF2033F1A945BBF66
:104A00003D9C033FB8C75BBFF845033F34FB5BBF2A
:104A10009FEF023F8E2E5CBF3299023FC7615CBFA1
:104A2000B142023FDD945CBF1CEC013FD1C75CBFCB
:104A30007395013FA3FA5CBFB53E013F532D5DBFA7
:104A4000E4E7003FE15F5DBFFF90003F4D925DBF37
:104A5000063A003F97C45DBFF3C5FF3EBEF65DBF9B
:104A6000B217FF3EC3285EBF4A69FE3EA65A5EBF2C
:104A7000BBBAFD3E678C5EBF040CFD3E05BE5EBF4B
:104A8000275DFC3E81EF5EBF22AEFB3EDB205FBFB9
:104A9000F7FEFA3E12525FBFA54FFA3E27835FBF73
:104AA0002DA0F93E19B45FBF8EF0F83EE9E45FBF78
:104AB000C840F83E961560BFDC90F73E214660BFC7
:104AC000CBE0F63E897660BF9330F63ECFA660BF5E
:104AD0003580F53EF2D660BFB1CFF43EF20661BF3D
:104AE000071FF43ED03661BF386EF33E8A6661BF61
:104AF00043BDF23E229661BF290CF23E98C561BFCC
:104B0000EA5AF13EEAF461BF85A9F03E1A2462BF79
:104B1000FBF7EF3E265362BF4C46EF3E108262BF6A
:104B20007994EE3ED7B062BF80E2ED3E7BDF62BF9C
:104B30006330ED3EFC0D63BF217EEC3E5A3C63BF0B
:104B4000BBCBEB3E956A63BF3019EB3EAC9863BFBD
:104B50008166EA3EA1C663BFAEB3E93E73F463BFAC
:104B6000B700E93E212264BF9C4DE83EAC4F64BFD4
:104B70005D9AE73E147D64BFFBE6E63E59AA64BF3A
:104B80007533E63E7BD764BFCB7FE53E790465BFD6
:104B9000FECBE43E543165BF0E18E43E0B5E65BFAC
:104BA000FA63E33EA08A65BFC4AFE23E10B765BFBB
:104BB0006AFBE13E5EE365BFEE46E13E880F66BFFD
:104BC0004F92E03E8E3B66BF8DDDDF3E716766BF74
:104BD000A928DF3E309366BFA273DE3ECCBE66BF1F
:104BE00079BEDD3E45EA66BF2E09DD3E991567BFF9
:104BF000C153DC3ECA4067BF319EDB3ED86B67BF06
:104C000080E8DA3EC19667BFAD32DA3E87C167BF42
:104C1000B97CD93E2AEC67BFA3C6D83EA81668BFA8
:104C20006B10D83E034168BF135AD73E396B68BF3B
:104C300099A3D63E4C9568BFFDECD53E3CBF68BFFE
:104C40004136D53E07E968BF647FD43EAE1269BFE6
:104C500067C8D33E323C69BF4811D33E916569BFF6
:104C6000095AD23ECC8E69BFAAA2D13EE4B769BF31
:104C70002AEBD03ED7E069BF8A33D03EA7096ABF8E
:104C8000CA7BCF3E52326ABFEAC3CE3ED95A6ABF10
:104C9000EA0BCE3E3C836ABFCA53CD3E7BAB6ABFB4
:104CA0008B9BCC3E95D36ABF2CE3CB3E8CFB6ABF7B
:104CB000AE2ACB3E5E236BBF1072CA3E0C4B6BBF5D
:104CC00053B9C93E95726BBF7700C93EFB996BBF64
:104CD0007C47C83E3BC16BBF628EC73E58E86BBF86
:104CE00029D5C63E500F6CBFD21BC63E24366CBFC2
:104CF0005C62C53ED45C6CBFC8A8C43E5E836CBF1A
:104D000015EFC33EC5A96CBF4435C33E07D06CBF89
:104D1000557BC23E24F66CBF48C1C13E1D1C6DBF11
:104D20001E07C13EF2416DBFD54CC03EA1676DBFAD
:104D30006F92BF3E2D8D6DBFEBD7BE3E93B26DBF60
:104D40004A1DBE3ED5D76DBF8B62BD3EF2FC6DBF26
:104D5000AFA7BC3EEB216EBFB6ECBB3EBE466EBFFE
:104D6000A031BB3E6D6B6EBF6E76BA3EF88F6EBFE4
:104D70001EBBB93E5DB46EBFB2FFB83E9ED86EBFDB
:104D80002A44B83EBAFC6EBF8488B73EB0206FBFDD
:104D9000C3CCB63E83446FBFE610B63E30686FBFEB
:104DA000EC54B53EB88B6FBFD698B43E1BAF6FBF07
:104DB000A5DCB33E5AD26FBF5820B33E73F56FBF28
:104DC000EF63B23E671870BF6BA7B13E373B70BF51
:104DD000CBEAB03EE15D70BF102EB03E668070BF82
:104DE0003A71AF3EC6A270BF49B4AE3E02C570BFB5
:104DF0003CF7AD3E17E770BF153AAD3E080971BFED
:104E0000D47CAC3ED42A71BF77BFAB3E7A4C71BF25
:104E10000102AB3EFB6D71BF6F44AA3E578F71BF5D
:104E2000C486A93E8EB071BFFEC8A83E9FD171BF97
:104E30001F0BA83E8CF271BF254DA73E521372BFC7
:104E4000128FA63EF43372BFE5D0A53E705472BFF8
:104E50009F12A53EC77472BF3F54A43EF89472BF20
:104E6000C595A33E04B572BF33D7A23EEBD472BF43
:104E70008718A23EACF472BFC259A13E471473BF5B
:104E8000E59AA03EBE3373BFEEDB9F3E0E5373BF69
:104E9000DF1C9F3E397273BFB85D9E3E3F9173BF6A
:104EA000789E9D3E1FB073BF20DF9C3ED9CE73BF5E
:104EB000AF1F9C3E6EED73BF27609B3EDD0B74BF42
:104EC00086A09A3E272A74BFCEE0993E4B4874BF15
:104ED000FE20993E496674BF1661983E228474BFD5
:104EE00017A1973ED5A174BF00E1963E62BF74BF83
:104EF000D220963EC9DC74BF8D60953E0BFA74BF1C
:104F000031A0943E271775BFBFDF933E1D3475BF98
:104F1000351F933EED5075BF945E923E976D75BF01
:104F2000DD9D913E1C8A75BF10DD903E7BA675BF4E
:104F30002C1C903EB3C275BF325B8F3EC6DE75BF80
:104F4000229A8E3EB3FA75BFFCD88D3E7A1676BF94
:104F5000C0178D3E1B3276BF6E568C3E974D76BF86
:104F600007958B3EEC6876BF8AD38A3E1B8476BF5A
:104F7000F8118A3E249F76BF5050893E07BA76BF0B
:104F8000938E883EC4D476BFC1CC873E5BEF76BF9C
:104F9000DA0A873ECC0977BFDF48863E172477BF01
:104FA000CE86853E3C3E77BFAAC4843E3A5877BF42
:104FB0007002843E137277BF2240833EC58B77BF59
:104FC000C07D823E51A577BF4ABB813EB7BE77BF49
:104FD000C0F8803EF7D777BF2236803E10F177BF0A
:104FE000E1E67E3E040A78BF56617D3ED12278BF5D
:104FF000A4DB7B3E773B78BFCB557A3EF85378BF36
:10500000CCCF783E526C78BFA649773E868478BF75
:105010005AC3753E939C78BFE83C743E7BB478BF1E
:1050200051B6723E3BCC78BF942F713ED6E378BF29
:10503000B2A86F3E4AFB78BFAB216E3E981279BF93
:105040007F9A6C3EBF2979BF2F136B3EC04079BF5A
:10505000BA8B693E9A5779BF2204683E4E6E79BF7B
:10506000667C663EDC8479BF86F4643E439B79BFF0
:10507000836C633E83B179BF5CE4613E9DC779BFB9
:10508000135C603E91DD79BFA8D35E3E5EF379BFCD
:105090001A4B5D3E04097ABF6AC25B3E841E7ABF2A
:1050A00097395A3EDD337ABFA4B0583E10497ABFD3
:1050B0008F27573E1C5E7ABF589E553E02737ABFBB
:1050C0000115543EC1877ABF898B523E599C7ABFE5
:1050D000F101513ECBB07ABF38784F3E16C57ABF4A
:1050E00060EE4D3E3AD97ABF67644C3E37ED7ABFE9
:1050F0004FDA4A3E0E017BBF1850493EBE147BBFBB
:10510000C2C5473E48287BBF4D3B463EAB3B7BBFBD
:10511000B9B0443EE74E7BBF0726433EFC617BBFF0
:10512000379B413EEA747BBF4910403EB2877BBF4C
:105130003E853E3E539A7BBF15FA3C3ECDAC7BBFCD
:10514000CF6E3B3E20BF7BBF6CE3393E4DD17BBF72
:10515000EC57383E53E37BBF50CC363E31F57BBF36
:105160009840353EE9067CBFC4B4333E7A187CBF14
:10517000D428323EE5297CBFC99C303E283B7CBF09
:10518000A2102F3E444C7CBF61842D3E3A5D7CBF13
:1051900004F82B3E086E7CBF8D6B2A3EB07E7CBF30
:1051A000FCDE283E318F7CBF5152273E8A9F7CBF58
:1051B0008CC5253EBDAF7CBFAD38243EC9BF7CBF8A
:1051C000B6AB223EAECF7CBFA51E213E6CDF7CBFBE
:1051D0007B911F3E03EF7CBF38041E3E73FE7CBFF5
:1051E000DE761C3EBC0D7DBF6BE91A3EDD1C7DBF2B
:1051F000E05B193ED82B7DBF3DCE173EAC3A7DBF5C
:105200008340163E59497DBFB2B2143EDE577DBF82
:10521000CA24133E3D667DBFCC96113E74747DBF9B
:10522000B708103E85827DBF8B7A0E3E6E907DBFA3
:105230004AEC0C3E309E7DBFF35D0B3ECCAB7DBF98
:1052400086CF093E40B97DBF0541083E8CC67DBF73
:105250006EB2063EB2D37DBFC223053EB1E07DBF34
:105260000295033E88ED7DBF2E06023E38FA7DBFD3
:105270004577003EC2067EBF92D0FD3D24137EBF1F
:1052800073B2FA3D5E1F7EBF2C94F73D722B7EBF3A
:10529000C075F43D5E377EBF2E57F13D23437EBF80
:1052A0007638EE3DC14E7EBF9A19EB3D385A7EBF2F
:1052B0009AFAE73D88657EBF76DBE43DB0707EBF3D
:1052C0002EBCE13DB17B7EBFC49CDE3D8B867EBFA4
:1052D000377DDB3D3D917EBF895DD83DC99B7EBF5B
:1052E000B93DD53D2DA67EBFC81DD23D69B07EBF5C
:1052F000B7FDCE3D7FBA7EBF86DDCB3D6DC47EBFA0
:1053000036BDC83D34CE7EBFC69CC53DD4D77EBF1A
:10531000397CC23D4CE17EBF8D5BBF3D9DEA7EBFC7
:10532000C33ABC3DC7F37EBFDD19B93DC9FC7EBFA2
:10533000DAF8B53DA4057FBFBBD7B23D580E7FBF9D
:1053400080B6AF3DE4167FBF2B95AC3D491F7FBFB4
:10535000BA73A93D87277FBF3052A63D9D2F7FBFDF
:105360008C30A33D8D377FBFCF0EA03D543F7FBF14
:10537000F9EC9C3DF4467FBF0ACB993D6D4E7FBF53
:1053800005A9963DBF557FBFE786933DE95C7FBF8A
:10539000B464903DEC637FBF6A428D3DC76A7FBFB6
:1053A0000A208A3D7B717FBF94FD863D08787FBFD0
:1053B0000ADB833D6D7E7FBF6CB8803DAB847FBFD1
:1053C000742B7B3DC28A7FBFE9E5743DB1907FBFFE
:1053D00038A06E3D78967FBF625A683D189C7FBFAB
:1053E0006814623D91A17FBF4CCE5B3DE3A67FBFB9
:1053F0000E88553D0DAC7FBFAF414F3D0FB17FBF14
:105400002FFB483DEAB57FBF91B4423D9EBA7FBFB6
:10541000D56D3C3D2ABF7FBFFC26363D8FC37FBF85
:1054200007E02F3DCCC77FBFF698293DE2CB7FBF79
:10543000CC51233DD1CF7FBF880A1D3D98D37FBF7C
:105440002CC3163D37D77FBFB87B103DAFDA7FBF87
:105450002F340A3D00DE7FBF90EC033D29E17FBF82
:10546000B949FB3C2BE47FBF2DBAEE3C05E77FBF7B
:105470007B2AE23CB8E97FBFA69AD53C43EC7FBFCC
:10548000B00AC93CA7EE7FBF9B7ABC3CE3F07FBF6C
:1054900069EAAF3CF8F27FBF1C5AA33CE6F47FBF39
:1054A000B6C9963CACF67FBF38398A3C4AF87FBF14
:1054B0004B517B3CC1F97FBF0030623C11FB7FBF89
:1054C000900E493C39FC7FBF02ED2F3C39FD7FBF78
:1054D00059CB163C13FE7FBF3053FB3BC4FE7FBF4E
:1054E000890FC93B4EFF7FBFC1CB963BB1FF7FBF4A
:1054F000C70F493BECFF7FBFD40FC93A000080BF04
:1055000000000000ECFF7FBFD40FC9BAB1FF7FBF1E
:10551000C70F49BB4EFF7FBFC1CB96BBC4FE7FBF49
:10552000890FC9BB13FE7FBF3053FBBB39FD7FBF63
:1055300059CB16BC39FC7FBF02ED2FBC11FB7FBFDE
:10554000900E49BCC1F97FBF003062BC4AF87FBFF2
:105550004B517BBCACF67FBF38398ABCE6F47FBFC9
:10556000B6C996BCF8F27FBF1C5AA3BCE3F07FBF5C
:1055700069EAAFBCA7EE7FBF9B7ABCBC43EC7FBFA0
:10558000B00AC9BCB8E97FBFA69AD5BC05E77FBF02
:105590007B2AE2BC2BE47FBF2DBAEEBC29E17FBFA2
:1055A000B949FBBC00DE7FBF90EC03BDAFDA7FBF23
:1055B0002F340ABD37D77FBFB87B10BD98D37FBFCC
:1055C0002CC316BDD1CF7FBF880A1DBDE2CB7FBFE4
:1055D000CC5123BDCCC77FBFF69829BD8FC37FBFF9
:1055E00007E02FBD2ABF7FBFFC2636BD9EBA7FBF16
:1055F000D56D3CBDEAB57FBF91B442BD0FB17FBF51
:105600002FFB48BD0DAC7FBFAF414FBDE3A67FBFB1
:105610000E8855BD91A17FBF4CCE5BBD189C7FBF4E
:10562000681462BD78967FBF625A68BDB1907FBF33
:1056300038A06EBDC28A7FBFE9E574BDAB847FBF71
:10564000742B7BBD6D7E7FBF6CB880BD08787FBF3B
:105650000ADB83BD7B717FBF94FD86BDC76A7FBFB8
:105660000A208ABDEC637FBF6A428DBDE95C7FBFC3
:10567000B46490BDBF557FBFE78693BD6D4E7FBFBD
:1056800005A996BDF4467FBF0ACB99BD543F7FBFA5
:10569000F9EC9CBD8D377FBFCF0EA0BD9D2F7FBF86
:1056A0008C30A3BD87277FBF3052A6BD491F7FBF67
:1056B000BA73A9BDE4167FBF2B95ACBD580E7FBF52
:1056C00080B6AFBDA4057FBFBBD7B2BDC9FC7EBF4E
:1056D000DAF8B5BDC7F37EBFDD19B9BD9DEA7EBF5F
:1056E000C33ABCBD4CE17EBF8D5BBFBDD4D77EBF8E
:1056F000397CC2BD34CE7EBFC69CC5BD6DC47EBFE5
:1057000036BDC8BD7FBA7EBF86DDCBBD69B07EBF6A
:10571000B7FDCEBD2DA67EBFC81DD2BDC99B7EBF25
:10572000B93DD5BD3D917EBF895DD8BD8B867EBF1D
:10573000377DDBBDB17B7EBFC49CDEBDB0707EBF5C
:105740002EBCE1BD88657EBF76DBE4BD385A7EBFE6
:105750009AFAE7BDC14E7EBF9A19EBBD23437EBFC7
:105760007638EEBD5E377EBF2E57F1BD722B7EBF01
:10577000C075F4BD5E1F7EBF2C94F7BD24137EBFA1
:1057800073B2FABDC2067EBF92D0FDBD38FA7DBFAE
:10579000457700BE88ED7DBF2E0602BEB1E07DBF1D
:1057A000029503BEB2D37DBFC22305BE8CC67DBFAA
:1057B0006EB206BE40B97DBF054108BECCAB7DBF11
:1057C00086CF09BE309E7DBFF35D0BBE6E907DBF60
:1057D0004AEC0CBE85827DBF8B7A0EBE74747DBF91
:1057E000B70810BE3D667DBFCC9611BEDE577DBFAB
:1057F000CA2413BE59497DBFB2B214BEAC3A7DBFB4
:10580000834016BED82B7DBF3DCE17BEDD1C7DBFAD
:10581000E05B19BEBC0D7DBF6BE91ABE73FE7CBF99
:10582000DE761CBE03EF7CBF38041EBE6CDF7CBF7F
:105830007B911FBEAECF7CBFA51E21BEC9BF7CBF62
:10584000B6AB22BEBDAF7CBFAD3824BE8A9F7CBF45
:105850008CC525BE318F7CBF515227BEB07E7CBF28
:10586000FCDE28BE086E7CBF8D6B2ABE3A5D7CBF15
:1058700004F82BBE444C7CBF61842DBE283B7CBF0A
:10588000A2102FBEE5297CBFC99C30BE7A187CBF10
:10589000D42832BEE9067CBFC4B433BE31F57BBF29
:1058A000984035BE53E37BBF50CC36BE4DD17BBF55
:1058B000EC5738BE20BF7BBF6CE339BECDAC7BBF9D
:1058C000CF6E3BBE539A7BBF15FA3CBEB2877BBFFF
:1058D0003E853EBEEA747BBF491040BEFC617BBF83
:1058E000379B41BEE74E7BBF072643BEAB3B7BBF2A
:1058F000B9B044BE48287BBF4D3B46BEBE147BBFFB
:10590000C2C547BE0E017BBF185049BE37ED7ABFF6
:105910004FDA4ABE3AD97ABF67644CBE16C57ABF21
:1059200060EE4DBECBB07ABF38784FBE599C7ABF7F
:10593000F10151BEC1877ABF898B52BE02737ABF13
:10594000011554BE1C5E7ABF589E55BE10497ABFE1
:105950008F2757BEDD337ABFA4B058BE841E7ABFEE
:1059600097395ABE04097ABF6AC25BBE5EF379BF3B
:105970001A4B5DBE91DD79BFA8D35EBE9DC779BFCE
:10598000135C60BE83B179BF5CE461BE439B79BFA9
:10599000836C63BEDC8479BF86F464BE4E6E79BFCF
:1059A000667C66BE9A5779BF220468BEC04079BF44
:1059B000BA8B69BEBF2979BF2F136BBE981279BF0E
:1059C0007F9A6CBE4AFB78BFAB216EBED6E378BF30
:1059D000B2A86FBE3BCC78BF942F71BE7BB478BFAA
:1059E00051B672BE939C78BFE83C74BE868478BF83
:1059F0005AC375BE526C78BFA64977BEF85378BFBC
:105A0000CCCF78BE773B78BFCB557ABED12278BF5A
:105A1000A4DB7BBE040A78BF56617DBE10F177BF60
:105A2000E1E67EBEF7D777BF223680BEB7BE77BF2E
:105A3000C0F880BE51A577BF4ABB81BEC58B77BF7A
:105A4000C07D82BE137277BF224083BE3A5877BFB3
:105A5000700284BE3C3E77BFAAC484BE172477BFC1
:105A6000CE8685BECC0977BFDF4886BE5BEF76BFAA
:105A7000DA0A87BEC4D476BFC1CC87BE07BA76BF68
:105A8000938E88BE249F76BF505089BE1B8476BFFC
:105A9000F8118ABEEC6876BF8AD38ABE974D76BF6E
:105AA00007958BBE1B3276BF6E568CBE7A1676BFBC
:105AB000C0178DBEB3FA75BFFCD88DBEC6DE75BFEC
:105AC000229A8EBEB3C275BF325B8FBE7BA675BFF6
:105AD0002C1C90BE1C8A75BF10DD90BE976D75BFE3
:105AE000DD9D91BEED5075BF945E92BE1D3475BFB5
:105AF000351F93BE271775BFBFDF93BE0BFA74BF68
:105B000031A094BEC9DC74BF8D6095BE62BF74BF06
:105B1000D22096BED5A174BF00E196BE228474BF88
:105B200017A197BE496674BF166198BE4B4874BFF3
:105B3000FE2099BE272A74BFCEE099BEDD0B74BF4C
:105B400086A09ABE6EED73BF27609BBED9CE73BF91
:105B5000AF1F9CBE1FB073BF20DF9CBE3F9173BFC1
:105B6000789E9DBE397273BFB85D9EBE0E5373BFE3
:105B7000DF1C9FBEBE3373BFEEDB9FBE471473BFF7
:105B8000E59AA0BEACF472BFC259A1BEEBD472BFFD
:105B90008718A2BE04B572BF33D7A2BEF89472BFF5
:105BA000C595A3BEC77472BF3F54A4BE705472BFE4
:105BB0009F12A5BEF43372BFE5D0A5BE521372BFCB
:105BC000128FA6BE8CF271BF254DA7BE9FD171BFAB
:105BD0001F0BA8BE8EB071BFFEC8A8BE578F71BF85
:105BE000C486A9BEFB6D71BF6F44AABE7A4C71BF5B
:105BF0000102ABBED42A71BF77BFABBE080971BF2B
:105C0000D47CACBE17E770BF153AADBE02C570BFFD
:105C10003CF7ADBEC6A270BF49B4AEBE668070BFD1
:105C20003A71AFBEE15D70BF102EB0BE373B70BFA2
:105C3000CBEAB0BE671870BF6BA7B1BE73F56FBF7C
:105C4000EF63B2BE5AD26FBF5820B3BE1BAF6FBF57
:105C5000A5DCB3BEB88B6FBFD698B4BE30686FBF3B
:105C6000EC54B5BE83446FBFE610B6BEB0206FBF24
:105C7000C3CCB6BEBAFC6EBF8488B7BE9ED86EBF1A
:105C80002A44B8BE5DB46EBFB2FFB8BEF88F6EBF17
:105C90001EBBB9BE6D6B6EBF6E76BABEBE466EBF22
:105CA000A031BBBEEB216EBFB6ECBBBEF2FC6DBF3C
:105CB000AFA7BCBED5D76DBF8B62BDBE93B26DBF63
:105CC0004A1DBEBE2D8D6DBFEBD7BEBEA1676DBF99
:105CD0006F92BFBEF2416DBFD54CC0BE1D1C6DBFE3
:105CE0001E07C1BE24F66CBF48C1C1BE07D06CBF41
:105CF000557BC2BEC5A96CBF4435C3BE5E836CBFB5
:105D000015EFC3BED45C6CBFC8A8C4BE24366CBF3C
:105D10005C62C5BE500F6CBFD21BC6BE58E86BBFDD
:105D200029D5C6BE3BC16BBF628EC7BEFB996BBF98
:105D30007C47C8BE95726BBF7700C9BE0C4B6BBF6A
:105D400053B9C9BE5E236BBF1072CABE8CFB6ABF5B
:105D5000AE2ACBBE95D36ABF2CE3CBBE7BAB6ABF6A
:105D60008B9BCCBE3C836ABFCA53CDBED95A6ABF97
:105D7000EA0BCEBE52326ABFEAC3CEBEA7096ABFE3
:105D8000CA7BCFBED7E069BF8A33D0BEE4B769BF54
:105D90002AEBD0BECC8E69BFAAA2D1BE916569BFE5
:105DA000095AD2BE323C69BF4811D3BEAE1269BF98
:105DB00067C8D3BE07E968BF647FD4BE3CBF68BF75
:105DC0004136D5BE4C9568BFFDECD5BE396B68BF7A
:105DD00099A3D6BE034168BF135AD7BEA81668BFA1
:105DE0006B10D8BE2AEC67BFA3C6D8BE87C167BFF9
:105DF000B97CD9BEC19667BFAD32DABED86B67BF7A
:105E000080E8DABECA4067BF319EDBBE991567BF26
:105E1000C153DCBE45EA66BF2E09DDBECCBE66BFFF
:105E200079BEDDBE309366BFA273DEBE716766BF0A
:105E3000A928DFBE8E3B66BF8DDDDFBE880F66BF43
:105E40004F92E0BE5EE365BFEE46E1BE10B765BFB0
:105E50006AFBE1BEA08A65BFC4AFE2BE0B5E65BF50
:105E6000FA63E3BE543165BF0E18E4BE790465BF22
:105E7000FECBE4BE7BD764BFCB7FE5BE59AA64BF2F
:105E80007533E6BE147D64BFFBE6E6BEAC4F64BF6F
:105E90005D9AE7BE212264BF9C4DE8BE73F463BFE8
:105EA000B700E9BEA1C663BFAEB3E9BEAC9863BF9D
:105EB0008166EABE956A63BF3019EBBE5A3C63BF88
:105EC000BBCBEBBEFC0D63BF217EECBE7BDF62BFB4
:105ED0006330EDBED7B062BF80E2EDBE108262BF1C
:105EE0007994EEBE265362BF4C46EFBE1A2462BFC1
:105EF000FBF7EFBEEAF461BF85A9F0BE98C561BFAC
:105F0000EA5AF1BE229661BF290CF2BE8A6661BFD1
:105F100043BDF2BED03661BF386EF3BEF20661BF3C
:105F2000071FF4BEF2D660BFB1CFF4BECFA660BFEC
:105F30003580F5BE897660BF9330F6BE214660BFDE
:105F4000CBE0F6BE961560BFDC90F7BEE9E45FBF1C
:105F5000C840F8BE19B45FBF8EF0F8BE27835FBF9C
:105F60002DA0F9BE12525FBFA54FFABEDB205FBF66
:105F7000F7FEFABE81EF5EBF22AEFBBE05BE5EBF7E
:105F8000275DFCBE678C5EBF040CFDBEA65A5EBFDB
:105F9000BBBAFDBEC3285EBF4A69FEBEBEF65DBF8A
:105FA000B217FFBE97C45DBFF3C5FFBE4D925DBF84
:105FB000063A00BFE15F5DBFFF9000BF532D5DBF9C
:105FC000E4E700BFA3FA5CBFB53E01BFD1C75CBF29
:105FD000739501BFDD945CBF1CEC01BFC7615CBF62
:105FE000B14202BF8E2E5CBF329902BF34FB5BBF51
:105FF0009FEF02BFB8C75BBFF84503BF1A945BBFF2
:106000003D9C03BF5A605BBF6DF203BF792C5BBF41
:10601000894804BF75F85ABF919E04BF50C45ABF47
:1060200084F404BF09905ABF624A05BFA05B5ABFFF
:106030002CA005BF16275ABFE2F505BF6AF259BF6B
:10604000824B06BF9CBD59BF0EA106BFAD8859BF8C
:1060500086F606BF9C5359BFE84B07BF6A1E59BF5F
:1060600036A107BF17E958BF6FF607BFA1B358BFE6
:10607000924B08BF0B7E58BFA1A008BF534858BF22
:106080009BF508BF791258BF7F4A09BF7FDC57BF15
:106090004E9F09BF63A657BF09F409BF267057BFBB
:1060A000AD480ABFC73957BF3D9D0ABF480357BF18
:1060B000B7F10ABFA7CC56BF1C460BBFE59556BF2C
:1060C0006B9A0BBF025F56BFA5EE0BBFFE2756BFF4
:1060D000C9420CBFD9F055BFD7960CBF93B955BF75
:1060E000D0EA0CBF2C8255BFB33E0DBFA44A55BFAA
:1060F00081920DBFFB1255BF38E60DBF31DB54BF97
:10610000DA390EBF47A354BF658D0EBF3B6B54BF3A
:10611000DBE00EBF0F3354BF3B340FBFC3FA53BF96
:1061200084870FBF55C253BFB8DA0FBFC78953BFAB
:10613000D52D10BF185153BFDC8010BF491853BF75
:10614000CDD310BF59DF52BFA72611BF49A652BFFA
:106150006B7911BF186D52BF19CC11BFC63352BF36
:10616000B01E12BF54FA51BF307112BFC2C051BF2E
:106170009AC312BF108751BFEE1513BF3D4D51BFDB
:106180002A6813BF4A1351BF50BA13BF37D950BF43
:106190005F0C14BF039F50BF585E14BFAF6450BF65
:1061A00039B014BF3B2A50BF040215BFA8EF4FBF40
:1061B000B75315BFF4B44FBF54A515BF1F7A4FBFD7
:1061C000D9F615BF2B3F4FBF474816BF17044FBF27
:1061D0009F9916BFE4C84EBFDFEA16BF908D4EBF31
:1061E000073C17BF1C524EBF188D17BF89164EBFF4
:1061F00012DE17BFD5DA4DBFF52E18BF029F4DBF77
:10620000C07F18BF10634DBF73D018BFFD264DBFB0
:106210000F2119BFCBEA4CBF947119BF79AE4CBFA7
:1062200000C219BF08724CBF55121ABF78354CBF57
:1062300093621ABFC7F84BBFB8B21ABFF8BB4BBFC7
:10624000C6021BBF097F4BBFBB521BBFFA414BBFEE
:1062500099A21BBFCC044BBF5FF21BBF7FC74ABFD5
:106260000C421CBF138A4ABFA2911CBF874C4ABF75
:106270001FE11CBFDC0E4ABF84301DBF12D149BFD5
:10628000D17F1DBF299349BF06CF1DBF215549BFEF
:10629000221E1EBFFA1649BF266D1EBFB3D848BFC7
:1062A00012BC1EBF4E9A48BFE50A1FBFCA5B48BF5B
:1062B0009F591FBF271D48BF41A81FBF65DE47BFAD
:1062C000CBF61FBF849F47BF3B4520BF856047BFBC
:1062D000939320BF672147BFD2E120BF2AE246BF88
:1062E000F92F21BFCEA246BF067E21BF546346BF11
:1062F000FBCB21BFBB2346BFD71922BF03E445BF59
:10630000996722BF2DA445BF43B522BF396445BF5D
:10631000D30223BF262445BF4B5023BFF5E344BF20
:10632000A99D23BFA5A344BFEEEA23BF376344BFA3
:106330001A3824BFAB2244BF2C8524BF00E243BFE0
:1063400025D224BF38A143BF041F25BF516043BFDE
:10635000CB6B25BF4C1F43BF77B825BF29DE42BF9B
:106360000A0526BFE89C42BF845126BF895B42BF15
:10637000E39D26BF0B1A42BF2AEA26BF70D841BF51
:10638000563627BFB79641BF688227BFE15441BF49
:1063900061CE27BFEC1241BF401A28BFDAD040BF00
:1063A000056628BFA98E40BFB0B128BF5C4C40BF76
:1063B00041FD28BFF00940BFB84829BF67C73FBFAC
:1063C000159429BFC0843FBF57DF29BFFC413FBFA1
:1063D000802A2ABF1BFF3EBF8E752ABF1BBC3EBF53
:1063E00082C02ABFFF783EBF5B0B2BBFC5353EBFC7
:1063F0001B562BBF6EF23DBFBFA02BBFF9AE3DBFFA
:106400004AEB2BBF676B3DBFB9352CBFB8273DBFEB
:106410000F802CBFECE33CBF49CA2CBF03A03CBF9C
:1064200069142DBFFC5B3CBF6F5E2DBFD9173CBF0D
:1064300059A82DBF98D33BBF29F22DBF3B8F3BBF3F
:10644000DE3B2EBFC14A3BBF78852EBF29063BBF2E
:10645000F7CE2EBF75C13ABF5B182FBFA47C3ABFE1
:10646000A5612FBFB7373ABFD3AA2FBFACF239BF50
:10647000E6F32FBF85AD39BFDE3C30BF426839BF80
:10648000BB8530BFE12239BF7CCE30BF65DD38BF70
:10649000221731BFCB9738BFAD5F31BF165238BF1F
:1064A0001DA831BF430C38BF71F031BF55C637BF8F
:1064B000AA3832BF4A8037BFC78032BF233A37BFBE
:1064C000C9C832BFDFF336BFAF1033BF7FAD36BFB1
:1064D0007A5833BF046736BF29A033BF6C2036BF5C
:1064E000BCE733BFB8D935BF342F34BFE79235BFCF
:1064F0008F7634BFFB4B35BFCFBD34BFF30435BF00
:10650000F30435BFCFBD34BFFB4B35BF8F7634BFEF
:10651000E79235BF342F34BFB8D935BFBCE733BF9E
:106520006C2036BF29A033BF046736BF7A5833BF0B
:106530007FAD36BFAF1033BFDFF336BFC9C832BF40
:10654000233A37BFC78032BF4A8037BFAA3832BF2D
:1065500055C637BF71F031BF430C38BF1DA831BFDE
:10656000165238BFAD5F31BFCB9738BF221731BF4E
:1065700065DD38BF7CCE30BFE12239BFBB8530BF7F
:10658000426839BFDE3C30BF85AD39BFE6F32FBF6F
:10659000ACF239BFD3AA2FBFB7373ABFA5612FBF1F
:1065A000A47C3ABF5B182FBF75C13ABFF7CE2EBF90
:1065B00029063BBF78852EBFC14A3BBFDE3B2EBFBD
:1065C0003B8F3BBF29F22DBF98D33BBF59A82DBFAE
:1065D000D9173CBF6F5E2DBFFC5B3CBF69142DBF5C
:1065E00003A03CBF49CA2CBFECE33CBF0F802CBFCB
:1065F000B8273DBFB9352CBF676B3DBF4AEB2BBFFA
:10660000F9AE3DBFBFA02BBF6EF23DBF1B562BBFE7
:10661000C5353EBF5B0B2BBFFF783EBF82C02ABF94
:106620001BBC3EBF8E752ABF1BFF3EBF802A2ABF00
:10663000FC413FBF57DF29BFC0843FBF159429BF2E
:1066400067C73FBFB84829BFF00940BF41FD28BF19
:106650005C4C40BFB0B128BFA98E40BF056628BFC3
:10666000DAD040BF401A28BFEC1241BF61CE27BF2D
:10667000E15441BF688227BFB79641BF563627BF56
:1066800070D841BF2AEA26BF0B1A42BFE39D26BF3E
:10669000895B42BF845126BFE89C42BF0A0526BFE2
:1066A00029DE42BF77B825BF4C1F43BFCB6B25BF48
:1066B000516043BF041F25BF38A143BF25D224BF6B
:1066C00000E243BF2C8524BFAB2244BF1A3824BF4D
:1066D000376344BFEEEA23BFA5A344BFA99D23BFF0
:1066E000F5E344BF4B5023BF262445BFD30223BF4D
:1066F000396445BF43B522BF2DA445BF996722BF6A
:1067000003E445BFD71922BFBB2346BFFBCB21BF44
:10671000546346BF067E21BFCEA246BFF92F21BFDC
:106720002AE246BFD2E120BF672147BF939320BF33
:10673000856047BF3B4520BF849F47BFCBF61FBF47
:1067400065DE47BF41A81FBF271D48BF9F591FBF18
:10675000CA5B48BFE50A1FBF4E9A48BF12BC1EBFA6
:10676000B3D848BF266D1EBFFA1649BF221E1EBFF2
:10677000215549BF06CF1DBF299349BFD17F1DBFFA
:1067800012D149BF84301DBFDC0E4ABF1FE11CBFC0
:10679000874C4ABFA2911CBF138A4ABF0C421CBF40
:1067A0007FC74ABF5FF21BBFCC044BBF99A21BBF80
:1067B000FA414BBFBB521BBF097F4BBFC6021BBF79
:1067C000F8BB4BBFB8B21ABFC7F84BBF93621ABF32
:1067D00078354CBF55121ABF08724CBF00C219BFA2
:1067E00079AE4CBF947119BFCBEA4CBF0F2119BFD2
:1067F000FD264DBF73D018BF10634DBFC07F18BFBB
:10680000029F4DBFF52E18BFD5DA4DBF12DE17BF60
:1068100089164EBF188D17BF1C524EBF073C17BFBD
:10682000908D4EBFDFEA16BFE4C84EBF9F9916BFDA
:1068300017044FBF474816BF2B3F4FBFD9F615BFB0
:106840001F7A4FBF54A515BFF4B44FBFB75315BF40
:10685000A8EF4FBF040215BF3B2A50BF39B014BF89
:10686000AF6450BF585E14BF039F50BF5F0C14BF8E
:1068700037D950BF50BA13BF4A1351BF2A6813BF4C
:106880003D4D51BFEE1513BF108751BF9AC312BFC4
:10689000C2C051BF307112BF54FA51BFB01E12BFF7
:1068A000C63352BF19CC11BF186D52BF6B7911BFDF
:1068B00049A652BFA72611BF59DF52BFCDD310BF83
:1068C000491853BFDC8010BF185153BFD52D10BFDE
:1068D000C78953BFB8DA0FBF55C253BF84870FBFF4
:1068E000C3FA53BF3B340FBF0F3354BFDBE00EBFBF
:1068F0003B6B54BF658D0EBF47A354BFDA390EBF43
:1069000031DB54BF38E60DBFFB1255BF81920DBF7E
:10691000A44A55BFB33E0DBF2C8255BFD0EA0CBF71
:1069200093B955BFD7960CBFD9F055BFC9420CBF1C
:10693000FE2756BFA5EE0BBF025F56BF6B9A0BBF7B
:10694000E59556BF1C460BBFA7CC56BFB7F10ABF93
:10695000480357BF3D9D0ABFC73957BFAD480ABF5F
:10696000267057BF09F409BF63A657BF4E9F09BFE2
:106970007FDC57BF7F4A09BF791258BF9BF508BF1C
:10698000534858BFA1A008BF0B7E58BF924B08BF09
:10699000A1B358BF6FF607BF17E958BF36A107BFAD
:1069A0006A1E59BFE84B07BF9C5359BF86F606BF06
:1069B000AD8859BF0EA106BF9CBD59BF824B06BF13
:1069C0006AF259BFE2F505BF16275ABF2CA005BFD2
:1069D000A05B5ABF624A05BF09905ABF84F404BF46
:1069E00050C45ABF919E04BF75F85ABF894804BF6E
:1069F000792C5BBF6DF203BF5A605BBF3D9C03BF48
:106A00001A945BBFF84503BFB8C75BBF9FEF02BFD7
:106A100034FB5BBF329902BF8E2E5CBFB14202BF16
:106A2000C7615CBF1CEC01BFDD945CBF739501BF07
:106A3000D1C75CBFB53E01BFA3FA5CBFE4E700BFAE
:106A4000532D5DBFFF9000BFE15F5DBF063A00BF01
:106A50004D925DBFF3C5FFBE97C45DBFB217FFBEC9
:106A6000BEF65DBF4A69FEBEC3285EBFBBBAFDBEAF
:106A7000A65A5EBF040CFDBE678C5EBF275DFCBEE0
:106A800005BE5EBF22AEFBBE81EF5EBFF7FEFABE63
:106A9000DB205FBFA54FFABE12525FBF2DA0F9BE2B
:106AA00027835FBF8EF0F8BE19B45FBFC840F8BE41
:106AB000E9E45FBFDC90F7BE961560BFCBE0F6BEA1
:106AC000214660BF9330F6BE897660BF3580F5BE43
:106AD000CFA660BFB1CFF4BEF2D660BF071FF4BE31
:106AE000F20661BF386EF3BED03661BF43BDF2BE61
:106AF0008A6661BF290CF2BE229661BFEA5AF1BED6
:106B000098C561BF85A9F0BEEAF461BFFBF7EFBE8F
:106B10001A2462BF4C46EFBE265362BF7994EEBE84
:106B2000108262BF80E2EDBED7B062BF6330EDBEBF
:106B30007BDF62BF217EECBEFC0D63BFBBCBEBBE37
:106B40005A3C63BF3019EBBE956A63BF8166EABEEB
:106B5000AC9863BFAEB3E9BEA1C663BFB700E9BEE0
:106B600073F463BF9C4DE8BE212264BF5D9AE7BE0B
:106B7000AC4F64BFFBE6E6BE147D64BF7533E6BE72
:106B800059AA64BFCB7FE5BE7BD764BFFECBE4BE12
:106B9000790465BF0E18E4BE543165BFFA63E3BEE5
:106BA0000B5E65BFC4AFE2BEA08A65BF6AFBE1BEF3
:106BB00010B765BFEE46E1BE5EE365BF4F92E0BE33
:106BC000880F66BF8DDDDFBE8E3B66BFA928DFBEA6
:106BD000716766BFA273DEBE309366BF79BEDDBE4D
:106BE000CCBE66BF2E09DDBE45EA66BFC153DCBE22
:106BF000991567BF319EDBBECA4067BF80E8DABE29
:106C0000D86B67BFAD32DABEC19667BFB97CD9BE5B
:106C100087C167BFA3C6D8BE2AEC67BF6B10D8BEBA
:106C2000A81668BF135AD7BE034168BF99A3D6BE42
:106C3000396B68BFFDECD5BE4C9568BF4136D5BEFB
:106C40003CBF68BF647FD4BE07E968BF67C8D3BED6
:106C5000AE1269BF4811D3BE323C69BF095AD2BED9
:106C6000916569BFAAA2D1BECC8E69BF2AEBD0BE06
:106C7000E4B769BF8A33D0BED7E069BFCA7BCFBE55
:106C8000A7096ABFEAC3CEBE52326ABFEA0BCEBEC4
:106C9000D95A6ABFCA53CDBE3C836ABF8B9BCCBE58
:106CA0007BAB6ABF2CE3CBBE95D36ABFAE2ACBBE0B
:106CB0008CFB6ABF1072CABE5E236BBF53B9C9BEDC
:106CC0000C4B6BBF7700C9BE95726BBF7C47C8BECB
:106CD000FB996BBF628EC7BE3BC16BBF29D5C6BED9
:106CE00058E86BBFD21BC6BE500F6CBF5C62C5BEFE
:106CF00024366CBFC8A8C4BED45C6CBF15EFC3BE3D
:106D00005E836CBF4435C3BEC5A96CBF557BC2BE94
:106D100007D06CBF48C1C1BE24F66CBF1E07C1BE00
:106D20001D1C6DBFD54CC0BEF2416DBF6F92BFBE82
:106D3000A1676DBFEBD7BEBE2D8D6DBF4A1DBEBE18
:106D400093B26DBF8B62BDBED5D76DBFAFA7BCBEC2
:106D5000F2FC6DBFB6ECBBBEEB216EBFA031BBBE7B
:106D6000BE466EBF6E76BABE6D6B6EBF1EBBB9BE41
:106D7000F88F6EBFB2FFB8BE5DB46EBF2A44B8BE16
:106D80009ED86EBF8488B7BEBAFC6EBFC3CCB6BEF9
:106D9000B0206FBFE610B6BE83446FBFEC54B5BEE3
:106DA00030686FBFD698B4BEB88B6FBFA5DCB3BEDA
:106DB0001BAF6FBF5820B3BE5AD26FBFEF63B2BED6
:106DC00073F56FBF6BA7B1BE671870BFCBEAB0BEDB
:106DD000373B70BF102EB0BEE15D70BF3A71AFBEE1
:106DE000668070BF49B4AEBEC6A270BF3CF7ADBEF0
:106DF00002C570BF153AADBE17E770BFD47CACBEFC
:106E0000080971BF77BFABBED42A71BF0102ABBE08
:106E10007A4C71BF6F44AABEFB6D71BFC486A9BE18
:106E2000578F71BFFEC8A8BE8EB071BF1F0BA8BE22
:106E30009FD171BF254DA7BE8CF271BF128FA6BE28
:106E4000521372BFE5D0A5BEF43372BF9F12A5BE28
:106E5000705472BF3F54A4BEC77472BFC595A3BE21
:106E6000F89472BF33D7A2BE04B572BF8718A2BE12
:106E7000EBD472BFC259A1BEACF472BFE59AA0BEFA
:106E8000471473BFEEDB9FBEBE3373BFDF1C9FBED4
:106E90000E5373BFB85D9EBE397273BF789E9DBEA0
:106EA0003F9173BF20DF9CBE1FB073BFAF1F9CBE5E
:106EB000D9CE73BF27609BBE6EED73BF86A09ABE0E
:106EC000DD0B74BFCEE099BE272A74BFFE2099BEA9
:106ED0004B4874BF166198BE496674BF17A197BE30
:106EE000228474BF00E196BED5A174BFD22096BEA5
:106EF00062BF74BF8D6095BEC9DC74BF31A094BE03
:106F00000BFA74BFBFDF93BE271775BF351F93BE43
:106F10001D3475BF945E92BEED5075BFDD9D91BE70
:106F2000976D75BF10DD90BE1C8A75BF2C1C90BE7E
:106F30007BA675BF325B8FBEB3C275BF229A8EBE71
:106F4000C6DE75BFFCD88DBEB3FA75BFC0178DBE47
:106F50007A1676BF6E568CBE1B3276BF07958BBEF7
:106F6000974D76BF8AD38ABEEC6876BFF8118ABE89
:106F70001B8476BF505089BE249F76BF938E88BEF7
:106F800007BA76BFC1CC87BEC4D476BFDA0A87BE43
:106F90005BEF76BFDF4886BECC0977BFCE8685BE65
:106FA000172477BFAAC484BE3C3E77BF700284BE5C
:106FB0003A5877BF224083BE137277BFC07D82BE2E
:106FC000C58B77BF4ABB81BE51A577BFC0F880BED5
:106FD000B7BE77BF223680BEF7D777BFE1E67EBE69
:106FE00010F177BF56617DBE040A78BFA4DB7BBE7B
:106FF000D12278BFCB557ABE773B78BFCCCF78BE55
:10700000F85378BFA64977BE526C78BF5AC375BE95
:10701000868478BFE83C74BE939C78BF51B672BE3C
:107020007BB478BF942F71BE3BCC78BFB2A86FBE43
:10703000D6E378BFAB216EBE4AFB78BF7F9A6CBEA9
:10704000981279BF2F136BBEBF2979BFBA8B69BE67
:10705000C04079BF220468BE9A5779BF667C66BE7D
:107060004E6E79BF86F464BEDC8479BF836C63BEE8
:10707000439B79BF5CE461BE83B179BF135C60BEA2
:107080009DC779BFA8D35EBE91DD79BF1A4B5DBEA7
:107090005EF379BF6AC25BBE04097ABF97395ABEF4
:1070A000841E7ABFA4B058BEDD337ABF8F2757BE87
:1070B00010497ABF589E55BE1C5E7ABF011554BE5A
:1070C00002737ABF898B52BEC1877ABFF10151BE6C
:1070D000599C7ABF38784FBECBB07ABF60EE4DBEB8
:1070E00016C57ABF67644CBE3AD97ABF4FDA4ABE3A
:1070F00037ED7ABF185049BE0E017BBFC2C547BEEF
:10710000BE147BBF4D3B46BE48287BBFB9B044BED2
:10711000AB3B7BBF072643BEE74E7BBF379B41BEE1
:10712000FC617BBF491040BEEA747BBF3E853EBE1A
:10713000B2877BBF15FA3CBE539A7BBFCF6E3BBE76
:10714000CDAC7BBF6CE339BE20BF7BBFEC5738BEF4
:107150004DD17BBF50CC36BE53E37BBF984035BE8C
:1071600031F57BBFC4B433BEE9067CBFD42832BE40
:107170007A187CBFC99C30BEE5297CBFA2102FBE07
:10718000283B7CBF61842DBE444C7CBF04F82BBEE1
:107190003A5D7CBF8D6B2ABE086E7CBFFCDE28BECC
:1071A000B07E7CBF515227BE318F7CBF8CC525BEBF
:1071B0008A9F7CBFAD3824BEBDAF7CBFB6AB22BEBC
:1071C000C9BF7CBFA51E21BEAECF7CBF7B911FBEB9
:1071D0006CDF7CBF38041EBE03EF7CBFDE761CBEB6
:1071E00073FE7CBF6BE91ABEBC0D7DBFE05B19BEB0
:1071F000DD1C7DBF3DCE17BED82B7DBF834016BEA4
:10720000AC3A7DBFB2B214BE59497DBFCA2413BE89
:10721000DE577DBFCC9611BE3D667DBFB70810BE60
:1072200074747DBF8B7A0EBE85827DBF4AEC0CBE26
:107230006E907DBFF35D0BBE309E7DBF86CF09BED5
:10724000CCAB7DBF054108BE40B97DBF6EB206BE66
:107250008CC67DBFC22305BEB2D37DBF029503BEDF
:10726000B1E07DBF2E0602BE88ED7DBF457700BE32
:1072700038FA7DBF92D0FDBDC2067EBF73B2FABDA3
:1072800024137EBF2C94F7BD5E1F7EBFC075F4BD76
:10729000722B7EBF2E57F1BD5E377EBF7638EEBDB6
:1072A00023437EBF9A19EBBDC14E7EBF9AFAE7BD5C
:1072B000385A7EBF76DBE4BD88657EBF2EBCE1BD5B
:1072C000B0707EBFC49CDEBDB17B7EBF377DDBBDB1
:1072D0008B867EBF895DD8BD3D917EBFB93DD5BD52
:1072E000C99B7EBFC81DD2BD2DA67EBFB7FDCEBD3A
:1072F00069B07EBF86DDCBBD7FBA7EBF36BDC8BD5F
:107300006DC47EBFC69CC5BD34CE7EBF397CC2BDB8
:10731000D4D77EBF8D5BBFBD4CE17EBFC33ABCBD41
:107320009DEA7EBFDD19B9BDC7F37EBFDAF8B5BDF2
:10733000C9FC7EBFBBD7B2BDA4057FBF80B6AFBDC1
:10734000580E7FBF2B95ACBDE4167FBFBA73A9BDA5
:10735000491F7FBF3052A6BD87277FBF8C30A3BD9A
:107360009D2F7FBFCF0EA0BD8D377FBFF9EC9CBD99
:10737000543F7FBF0ACB99BDF4467FBF05A996BD98
:107380006D4E7FBFE78693BDBF557FBFB46490BD90
:10739000E95C7FBF6A428DBDEC637FBF0A208ABD76
:1073A000C76A7FBF94FD86BD7B717FBF0ADB83BD4B
:1073B00008787FBF6CB880BD6D7E7FBF742B7BBDAE
:1073C000AB847FBFE9E574BDC28A7FBF38A06EBDC4
:1073D000B1907FBF625A68BD78967FBF681462BD66
:1073E000189C7FBF4CCE5BBD91A17FBF0E8855BD61
:1073F000E3A67FBFAF414FBD0DAC7FBF2FFB48BDA4
:107400000FB17FBF91B442BDEAB57FBFD56D3CBD22
:107410009EBA7FBFFC2636BD2ABF7FBF07E02FBDC7
:107420008FC37FBFF69829BDCCC77FBFCC5123BD8A
:10743000E2CB7FBF880A1DBDD1CF7FBF2CC316BD55
:1074400098D37FBFB87B10BD37D77FBF2F340ABD1D
:10745000AFDA7FBF90EC03BD00DE7FBFB949FBBC54
:1074600029E17FBF2DBAEEBC2BE47FBF7B2AE2BCB3
:1074700005E77FBFA69AD5BCB8E97FBFB00AC9BCF3
:1074800043EC7FBF9B7ABCBCA7EE7FBF69EAAFBC71
:10749000E3F07FBF1C5AA3BCF8F27FBFB6C996BC0D
:1074A000E6F47FBF38398ABCACF67FBF4B517BBC5A
:1074B0004AF87FBF003062BCC1F97FBF900E49BC63
:1074C00011FB7FBF02ED2FBC39FC7FBF59CB16BC2F
:1074D00039FD7FBF3053FBBB13FE7FBF890FC9BB94
:1074E000C4FE7FBFC1CB96BB4EFF7FBFC70F49BB5A
:1074F000B1FF7FBFD40FC9BAECFF7FBF000000808F
:10750000000080BFD40FC93AECFF7FBFC70F493BD3
:10751000B1FF7FBFC1CB963B4EFF7FBF890FC93BF9
:10752000C4FE7FBF3053FB3B13FE7FBF59CB163CDD
:1075300039FD7FBF02ED2F3C39FC7FBF900E493CE7
:1075400011FB7FBF0030623CC1F97FBF4B517B3CD8
:107550004AF87FBF38398A3CACF67FBFB6C9963C43
:10756000E6F47FBF1C5AA33CF8F27FBF69EAAF3C48
:10757000E3F07FBF9B7ABC3CA7EE7FBFB00AC93C5B
:1075800043EC7FBFA69AD53CB8E97FBF7B2AE23C9B
:1075900005E77FBF2DBAEE3C2BE47FBFB949FB3C2A
:1075A00029E17FBF90EC033D00DE7FBF2F340A3D11
:1075B000AFDA7FBFB87B103D37D77FBF2CC3163DF6
:1075C00098D37FBF880A1D3DD1CF7FBFCC51233DCB
:1075D000E2CB7FBFF698293DCCC77FBF07E02F3DA8
:1075E0008FC37FBFFC26363D2ABF7FBFD56D3C3D94
:1075F0009EBA7FBF91B4423DEAB57FBF2FFB483DA5
:107600000FB17FBFAF414F3D0DAC7FBF0E88553DE1
:10761000E3A67FBF4CCE5B3D91A17FBF6814623D66
:10762000189C7FBF625A683D78967FBF38A06E3D38
:10763000B1907FBFE9E5743DC28A7FBF742B7B3D6B
:10764000AB847FBF6CB8803D6D7E7FBF0ADB833D1E
:1076500008787FBF94FD863D7B717FBF0A208A3DFD
:10766000C76A7FBF6A428D3DEC637FBFB464903DC3
:10767000E95C7FBFE786933DBF557FBF05A9963D77
:107680006D4E7FBF0ACB993DF4467FBFF9EC9C3D20
:10769000543F7FBFCF0EA03D8D377FBF8C30A33DC1
:1076A0009D2F7FBF3052A63D87277FBFBA73A93D6C
:1076B000491F7FBF2B95AC3DE4167FBF80B6AF3D21
:1076C000580E7FBFBBD7B23DA4057FBFDAF8B53DEA
:1076D000C9FC7EBFDD19B93DC7F37EBFC33ABC3DCF
:1076E0009DEA7EBF8D5BBF3D4CE17EBF397CC23DD4
:1076F000D4D77EBFC69CC53D34CE7EBF36BDC83D07
:107700006DC47EBF86DDCB3D7FBA7EBFB7FDCE3D6B
:1077100069B07EBFC81DD23D2DA67EBFB93DD53D07
:10772000C99B7EBF895DD83D3D917EBF377DDB3DE6
:107730008B867EBFC49CDE3DB17B7EBF2EBCE13D0F
:10774000B0707EBF76DBE43D88657EBF9AFAE73D88
:10775000385A7EBF9A19EB3DC14E7EBF7638EE3D5A
:1077600023437EBF2E57F13D5E377EBFC075F43D8B
:10777000722B7EBF2C94F73D5E1F7EBF73B2FA3D25
:1077800024137EBF92D0FD3DC2067EBF4577003EEA
:1077900038FA7DBF2E06023E88ED7DBF0295033E7E
:1077A000B1E07DBFC223053EB2D37DBF6EB2063EBF
:1077B0008CC67DBF0541083E40B97DBF86CF093EDE
:1077C000CCAB7DBFF35D0B3E309E7DBF4AEC0C3EE3
:1077D0006E907DBF8B7A0E3E85827DBFB708103ECE
:1077E00074747DBFCC96113E3D667DBFCA24133EA6
:1077F000DE577DBFB2B2143E59497DBF8340163E6D
:10780000AC3A7DBF3DCE173ED82B7DBFE05B193E25
:10781000DD1C7DBF6BE91A3EBC0D7DBFDE761C3ED4
:1078200073FE7CBF38041E3E03EF7CBF7B911F3E7E
:107830006CDF7CBFA51E213EAECF7CBFB6AB223E27
:10784000C9BF7CBFAD38243EBDAF7CBF8CC5253ED3
:107850008A9F7CBF5152273E318F7CBFFCDE283E81
:10786000B07E7CBF8D6B2A3E086E7CBF04F82B3E39
:107870003A5D7CBF61842D3E444C7CBFA2102F3EFC
:10788000283B7CBFC99C303EE5297CBFD428323ED2
:107890007A187CBFC4B4333EE9067CBF9840353EBD
:1078A00031F57BBF50CC363E53E37BBFEC57383EBF
:1078B0004DD17BBF6CE3393E20BF7BBFCF6E3B3EDB
:1078C000CDAC7BBF15FA3C3E539A7BBF3E853E3E16
:1078D000B2877BBF4910403EEA747BBF379B413E75
:1078E000FC617BBF0726433EE74E7BBFB9B0443EF9
:1078F000AB3B7BBF4D3B463E48287BBFC2C5473EA6
:10790000BE147BBF1850493E0E017BBF4FDA4A3E82
:1079100037ED7ABF67644C3E3AD97ABF60EE4D3E90
:1079200016C57ABF38784F3ECBB07ABFF101513ED1
:10793000599C7ABF898B523EC1877ABF0115543E4C
:1079400002737ABF589E553E1C5E7ABF8F27573E02
:1079500010497ABFA4B0583EDD337ABF97395A3EFA
:10796000841E7ABF6AC25B3E04097ABF1A4B5D3E31
:107970005EF379BFA8D35E3E91DD79BF135C603EB4
:107980009DC779BF5CE4613E83B179BF836C633E80
:10799000439B79BF86F4643EDC8479BF667C663E97
:1079A0004E6E79BF2204683E9A5779BFBA8B693E02
:1079B000C04079BF2F136B3EBF2979BF7F9A6C3EC1
:1079C000981279BFAB216E3E4AFB78BFB2A86F3EDA
:1079D000D6E378BF942F713E3BCC78BF51B6723E50
:1079E0007BB478BFE83C743E939C78BF5AC3753E25
:1079F000868478BFA649773E526C78BFCCCF783E5C
:107A0000F85378BFCB557A3E773B78BFA4DB7B3EFB
:107A1000D12278BF56617D3E040A78BFE1E67E3E02
:107A200010F177BF2236803EF7D777BFC0F8803E8F
:107A3000B7BE77BF4ABB813E51A577BFC07D823EAE
:107A4000C58B77BF2240833E137277BF7002843E9E
:107A50003A5877BFAAC4843E3C3E77BFCE86853E67
:107A6000172477BFDF48863ECC0977BFDA0A873E06
:107A70005BEF76BFC1CC873EC4D476BF938E883E81
:107A800007BA76BF5050893E249F76BFF8118A3ED0
:107A90001B8476BF8AD38A3EEC6876BF07958B3EFF
:107AA000974D76BF6E568C3E1B3276BFC0178D3E0B
:107AB0007A1676BFFCD88D3EB3FA75BF229A8E3EF9
:107AC000C6DE75BF325B8F3EB3C275BF2C1C903EC5
:107AD0007BA675BF10DD903E1C8A75BFDD9D913E73
:107AE000976D75BF945E923EED5075BF351F933E06
:107AF0001D3475BFBFDF933E271775BF31A0943E7D
:107B00000BFA74BF8D60953EC9DC74BFD220963EDF
:107B100062BF74BF00E1963ED5A174BF17A1973E26
:107B2000228474BF1661983E496674BFFE20993E58
:107B30004B4874BFCEE0993E272A74BF86A09A3E78
:107B4000DD0B74BF27609B3E6EED73BFAF1F9C3E85
:107B5000D9CE73BF20DF9C3E1FB073BF789E9D3E81
:107B60003F9173BFB85D9E3E397273BFDF1C9F3E6D
:107B70000E5373BFEEDB9F3EBE3373BFE59AA03E4C
:107B8000471473BFC259A13EACF472BF8718A23E1E
:107B9000EBD472BF33D7A23E04B572BFC595A33EE6
:107BA000F89472BF3F54A43EC77472BF9F12A53EA3
:107BB000705472BFE5D0A53EF43372BF128FA63E5B
:107BC000521372BF254DA73E8CF271BF1F0BA83E0A
:107BD0009FD171BFFEC8A83E8EB071BFC486A93EBA
:107BE000578F71BF6F44AA3EFB6D71BF0102AB3E60
:107BF0007A4C71BF77BFAB3ED42A71BFD47CAC3E08
:107C0000080971BF153AAD3E17E770BF3CF7AD3EAE
:107C100002C570BF49B4AE3EC6A270BF3A71AF3E56
:107C2000668070BF102EB03EE15D70BFCBEAB03E03
:107C3000373B70BF6BA7B13E671870BFEF63B23EB2
:107C400073F56FBF5820B33E5AD26FBFA5DCB33E69
:107C50001BAF6FBFD698B43EB88B6FBFEC54B53E28
:107C600030686FBFE610B63E83446FBFC3CCB63EEC
:107C7000B0206FBF8488B73EBAFC6EBF2A44B83EBE
:107C80009ED86EBFB2FFB83E5DB46EBF1EBBB93E9C
:107C9000F88F6EBF6E76BA3E6D6B6EBFA031BB3E85
:107CA000BE466EBFB6ECBB3EEB216EBFAFA7BC3E7F
:107CB000F2FC6DBF8B62BD3ED5D76DBF4A1DBE3E87
:107CC00093B26DBFEBD7BE3E2D8D6DBF6F92BF3EA1
:107CD000A1676DBFD54CC03EF2416DBF1E07C13ECE
:107CE0001D1C6DBF48C1C13E24F66CBF557BC23E12
:107CF00007D06CBF4435C33EC5A96CBF15EFC33E6A
:107D00005E836CBFC8A8C43ED45C6CBF5C62C53ED9
:107D100024366CBFD21BC63E500F6CBF29D5C63E61
:107D200058E86BBF628EC73E3BC16BBF7C47C83E05
:107D3000FB996BBF7700C93E95726BBF53B9C93EC3
:107D40000C4B6BBF1072CA3E5E236BBFAE2ACB3E9C
:107D50008CFB6ABF2CE3CB3E95D36ABF8B9BCC3E9A
:107D60007BAB6ABFCA53CD3E3C836ABFEA0BCE3EB3
:107D7000D95A6ABFEAC3CE3E52326ABFCA7BCF3EEF
:107D8000A7096ABF8A33D03ED7E069BF2AEBD03E4D
:107D9000E4B769BFAAA2D13ECC8E69BF095AD23ED0
:107DA000916569BF4811D33E323C69BF67C8D33E75
:107DB000AE1269BF647FD43E07E968BF4136D53E45
:107DC0003CBF68BFFDECD53E4C9568BF99A3D63E3D
:107DD000396B68BF135AD73E034168BF6B10D83E5A
:107DE000A81668BFA3C6D83E2AEC67BFB97CD93EA7
:107DF00087C167BFAD32DA3EC19667BF80E8DA3E21
:107E0000D86B67BF319EDB3ECA4067BFC153DC3EC3
:107E1000991567BF2E09DD3E45EA66BF79BEDD3E96
:107E2000CCBE66BFA273DE3E309366BFA928DF3E9C
:107E3000716766BF8DDDDF3E8E3B66BF4F92E03ED1
:107E4000880F66BFEE46E13E5EE365BF6AFBE13E3A
:107E500010B765BFC4AFE23EA08A65BFFA63E33ED8
:107E60000B5E65BF0E18E43E543165BFFECBE43EA9
:107E7000790465BFCB7FE53E7BD764BF7533E63EB3
:107E800059AA64BFFBE6E63E147D64BF5D9AE73EF7
:107E9000AC4F64BF9C4DE83E212264BFB700E93E71
:107EA00073F463BFAEB3E93EA1C663BF8166EA3E29
:107EB000AC9863BF3019EB3E956A63BFBBCBEB3E1A
:107EC0005A3C63BF217EEC3EFC0D63BF6330ED3E48
:107ED0007BDF62BF80E2ED3ED7B062BF7994EE3EB9
:107EE000108262BF4C46EF3E265362BFFBF7EF3E67
:107EF0001A2462BF85A9F03EEAF461BFEA5AF13E56
:107F000098C561BF290CF23E229661BF43BDF23E87
:107F10008A6661BF386EF33ED03661BF071FF43EFC
:107F2000F20661BFB1CFF43EF2D660BF3580F53EB8
:107F3000CFA660BF9330F63E897660BFCBE0F63EB9
:107F4000214660BFDC90F73E961560BFC840F83E02
:107F5000E9E45FBF8EF0F83E19B45FBF2DA0F93E93
:107F600027835FBFA54FFA3E12525FBFF7FEFA3E6E
:107F7000DB205FBF22AEFB3E81EF5EBF275DFC3E94
:107F800005BE5EBF040CFD3E678C5EBFBBBAFD3E06
:107F9000A65A5EBF4A69FE3EC3285EBFB217FF3EC7
:107FA000BEF65DBFF3C5FF3E97C45DBF063A003F16
:107FB0004D925DBFFF90003FE15F5DBFE4E7003F92
:107FC000532D5DBFB53E013FA3FA5CBF7395013FE2
:107FD000D1C75CBF1CEC013FDD945CBFB142023FE6
:107FE000C7615CBF3299023F8E2E5CBF9FEF023F9C
:107FF00034FB5BBFF845033FB8C75BBF3D9C033F05
:108000001A945BBF6DF2033F5A605BBF8948043F1F
:10801000792C5BBF919E043F75F85ABF84F4043FEE
:1080200050C45ABF624A053F09905ABF2CA0053F71
:10803000A05B5ABFE2F5053F16275ABF824B063FA9
:108040006AF259BF0EA1063F9CBD59BF86F6063F96
:10805000AD8859BFE84B073F9C5359BF36A1073F36
:108060006A1E59BF6FF6073F17E958BF924B083F8A
:10807000A1B358BFA1A0083F0B7E58BF9BF5083F96
:10808000534858BF7F4A093F791258BF4E9F093F56
:108090007FDC57BF09F4093F63A657BFAD480A3FCD
:1080A000267057BF3D9D0A3FC73957BFB7F10A3FFA
:1080B000480357BF1C460B3FA7CC56BF6B9A0B3FDC
:1080C000E59556BFA5EE0B3F025F56BFC9420C3F78
:1080D000FE2756BFD7960C3FD9F055BFD0EA0C3FCC
:1080E00093B955BFB33E0D3F2C8255BF81920D3FD2
:1080F000A44A55BF38E60D3FFB1255BFDA390E3F93
:1081000031DB54BF658D0E3F47A354BFDBE00E3F0C
:108110003B6B54BF3B340F3F0F3354BF84870F3F3B
:10812000C3FA53BFB8DA0F3F55C253BFD52D103F26
:10813000C78953BFDC80103F185153BFCDD3103FC8
:10814000491853BFA726113F59DF52BF6B79113F22
:1081500049A652BF19CC113F186D52BFB01E123F35
:10816000C63352BF3071123F54FA51BF9AC3123F07
:10817000C2C051BFEE15133F108751BF2A68133F8D
:108180003D4D51BF50BA133F4A1351BF5F0C143FCE
:1081900037D950BF585E143F039F50BF39B0143FCA
:1081A000AF6450BF0402153F3B2A50BFB753153F81
:1081B000A8EF4FBF54A5153FF4B44FBFD9F6153FF4
:1081C0001F7A4FBF4748163F2B3F4FBF9F99163F1F
:1081D00017044FBFDFEA163FE4C84EBF073C173F06
:1081E000908D4EBF188D173F1C524EBF12DE173FA9
:1081F00089164EBFF52E183FD5DA4DBFC07F183F08
:10820000029F4DBF73D0183F10634DBF0F21193F20
:10821000FD264DBF9471193FCBEA4CBF00C2193FF8
:1082200079AE4CBF55121A3F08724CBF93621A3F89
:1082300078354CBFB8B21A3FC7F84BBFC6021B3FD8
:10824000F8BB4BBFBB521B3F097F4BBF99A21B3FE3
:10825000FA414BBF5FF21B3FCC044BBF0C421C3FAB
:108260007FC74ABFA2911C3F138A4ABF1FE11C3F30
:10827000874C4ABF84301D3FDC0E4ABFD17F1D3F73
:1082800012D149BF06CF1D3F299349BF221E1E3F71
:10829000215549BF266D1E3FFA1649BF12BC1E3F2D
:1082A000B3D848BFE50A1F3F4E9A48BF9F591F3FAA
:1082B000CA5B48BF41A81F3F271D48BFCBF61F3FE1
:1082C00065DE47BF3B45203F849F47BF9393203FD8
:1082D000856047BFD2E1203F672147BFF92F213F8B
:1082E0002AE246BF067E213FCEA246BFFBCB213FFE
:1082F000546346BFD719223FBB2346BF9967223F2D
:1083000003E445BF43B5223F2DA445BFD302233F1D
:10831000396445BF4B50233F262445BFA99D233FC9
:10832000F5E344BFEEEA233FA5A344BF1A38243F38
:10833000376344BF2C85243FAB2244BF25D2243F62
:1083400000E243BF041F253F38A143BFCB6B253F4D
:10835000516043BF77B8253F4C1F43BF0A05263FF6
:1083600029DE42BF8451263FE89C42BFE39D263F61
:10837000895B42BF2AEA263F0B1A42BF5636273F87
:1083800070D841BF6882273FB79641BF61CE273F73
:10839000E15441BF401A283FEC1241BF0566283F17
:1083A000DAD040BFB0B1283FA98E40BF41FD283F81
:1083B0005C4C40BFB848293FF00940BF1594293FA5
:1083C00067C73FBF57DF293FC0843FBF802A2A3F8E
:1083D000FC413FBF8E752A3F1BFF3EBF82C02A3F34
:1083E0001BBC3EBF5B0B2B3FFF783EBF1B562B3F9A
:1083F000C5353EBFBFA02B3F6EF23DBF4AEB2B3FC2
:10840000F9AE3DBFB9352C3F676B3DBF0F802C3FA8
:10841000B8273DBF49CA2C3FECE33CBF69142D3F50
:1084200003A03CBF6F5E2D3FFC5B3CBF59A82D3FB6
:10843000D9173CBF29F22D3F98D33BBFDE3B2E3FDF
:108440003B8F3BBF78852E3FC14A3BBFF7CE2E3FC7
:1084500029063BBF5B182F3F75C13ABFA5612F3F6F
:10846000A47C3ABFD3AA2F3FB7373ABFE6F32F3FDA
:10847000ACF239BFDE3C303F85AD39BFBB85303F04
:10848000426839BF7CCE303FE12239BF2217313FED
:1084900065DD38BFAD5F313FCB9738BF1DA8313F99
:1084A000165238BF71F0313F430C38BFAA38323F03
:1084B00055C637BFC780323F4A8037BFC9C8323F31
:1084C000233A37BFAF10333FDFF336BF7A58333F1D
:1084D0007FAD36BF29A0333F046736BFBCE7333FCB
:1084E0006C2036BF342F343FB8D935BF8F76343F38
:1084F000E79235BFCFBD343FFB4B35BFF304353F6B
:10850000F30435BFFB4B353FCFBD34BFE792353F5A
:108510008F7634BFB8D9353F342F34BF6C20363F07
:10852000BCE733BF0467363F29A033BF7FAD363F7A
:108530007A5833BFDFF3363FAF1033BF233A373FAC
:10854000C9C832BF4A80373FC78032BF55C6373FA0
:10855000AA3832BF430C383F71F031BF1652383F52
:108560001DA831BFCB97383FAD5F31BF65DD383FC8
:10857000221731BFE122393F7CCE30BF4268393FFC
:10858000BB8530BF85AD393FDE3C30BFACF2393FF3
:10859000E6F32FBFB7373A3FD3AA2FBFA47C3A3FA9
:1085A000A5612FBF75C13A3F5B182FBF29063B3F1E
:1085B000F7CE2EBFC14A3B3F78852EBF3B8F3B3F56
:1085C000DE3B2EBF98D33B3F29F22DBFD9173C3F4E
:1085D00059A82DBFFC5B3C3F6F5E2DBF03A03C3F05
:1085E00069142DBFECE33C3F49CA2CBFB8273D3F7F
:1085F0000F802CBF676B3D3FB9352CBFF9AE3D3FB7
:108600004AEB2BBF6EF23D3FBFA02BBFC5353E3FAF
:108610001B562BBFFF783E3F5B0B2BBF1BBC3E3F67
:1086200082C02ABF1BFF3E3F8E752ABFFC413F3FE1
:10863000802A2ABFC0843F3F57DF29BF67C73F3F1B
:10864000159429BFF009403FB84829BF5C4C403F12
:1086500041FD28BFA98E403FB0B128BFDAD0403FCE
:10866000056628BFEC12413F401A28BFE154413F44
:1086700061CE27BFB796413F688227BF70D8413F80
:10868000563627BF0B1A423F2AEA26BF895B423F74
:10869000E39D26BFE89C423F845126BF29DE423F2E
:1086A0000A0526BF4C1F433F77B825BF5160433FA3
:1086B000CB6B25BF38A1433F041F25BF00E2433FDA
:1086C00025D224BFAB22443F2C8524BF3763443FCF
:1086D0001A3824BFA5A3443FEEEA23BFF5E3443F85
:1086E000A99D23BF2624453F4B5023BF3964453FF6
:1086F000D30223BF2DA4453F43B522BF03E4453F2A
:10870000996722BFBB23463FD71922BF5463463F18
:10871000FBCB21BFCEA2463F067E21BF2AE2463FC9
:10872000F92F21BF6721473FD2E120BF8560473F36
:10873000939320BF849F473F3B4520BF65DE473F63
:10874000CBF61FBF271D483F41A81FBFCA5B483F4C
:108750009F591FBF4E9A483FE50A1FBFB3D8483FF5
:1087600012BC1EBFFA16493F266D1EBF2155493F58
:10877000221E1EBF2993493F06CF1DBF12D1493F7C
:10878000D17F1DBFDC0E4A3F84301DBF874C4A3F5E
:108790001FE11CBF138A4A3FA2911CBF7FC74A3FFB
:1087A0000C421CBFCC044B3F5FF21BBFFA414B3F56
:1087B00099A21BBF097F4B3FBB521BBFF8BB4B3F6E
:1087C000C6021BBFC7F84B3FB8B21ABF78354C3F43
:1087D00093621ABF08724C3F55121ABF79AE4C3FD4
:1087E00000C219BFCBEA4C3F947119BFFD264D3F23
:1087F0000F2119BF10634D3F73D018BF029F4D3F2B
:10880000C07F18BFD5DA4D3FF52E18BF89164E3FF1
:1088100012DE17BF1C524E3F188D17BF908D4E3F72
:10882000073C17BFE4C84E3FDFEA16BF17044F3FAF
:108830009F9916BF2B3F4F3F474816BF1F7A4F3FA8
:10884000D9F615BFF4B44F3F54A515BFA8EF4F3F5D
:10885000B75315BF3B2A503F040215BFAF64503FCA
:1088600039B014BF039F503F585E14BF37D9503FF3
:108870005F0C14BF4A13513F50BA13BF3D4D513FD7
:108880002A6813BF1087513FEE1513BFC2C0513F76
:108890009AC312BF54FA513F307112BFC633523FD0
:1088A000B01E12BF186D523F19CC11BF49A6523FDE
:1088B0006B7911BF59DF523FA72611BF4918533FAB
:1088C000CDD310BF1851533FDC8010BFC789533F31
:1088D000D52D10BF55C2533FB8DA0FBFC3FA533F6F
:1088E00084870FBF0F33543F3B340FBF3B6B543F64
:1088F000DBE00EBF47A3543F658D0EBF31DB543F15
:10890000DA390EBFFB12553F38E60DBFA44A553F7A
:1089100081920DBF2C82553FB33E0DBF93B9553F99
:10892000D0EA0CBFD9F0553FD7960CBFFE27563F73
:10893000C9420CBF025F563FA5EE0BBFE595563FFF
:108940006B9A0BBFA7CC563F1C460BBF4803573F43
:10895000B7F10ABFC739573F3D9D0ABF2670573F41
:10896000AD480ABF63A6573F09F409BF7FDC573FF4
:108970004E9F09BF7912583F7F4A09BF5348583F5D
:108980009BF508BF0B7E583FA1A008BFA1B3583F7D
:10899000924B08BF17E9583F6FF607BF6A1E593F51
:1089A00036A107BF9C53593FE84B07BFAD88593FDD
:1089B00086F606BF9CBD593F0EA106BF6AF2593F1D
:1089C000824B06BF16275A3FE2F505BFA05B5A3F10
:1089D0002CA005BF09905A3F624A05BF50C45A3FB8
:1089E00084F404BF75F85A3F919E04BF792C5B3F15
:1089F000894804BF5A605B3F6DF203BF1A945B3F26
:108A00003D9C03BFB8C75B3FF84503BF34FB5B3FEA
:108A10009FEF02BF8E2E5C3F329902BFC7615C3F61
:108A2000B14202BFDD945C3F1CEC01BFD1C75C3F8B
:108A3000739501BFA3FA5C3FB53E01BF532D5D3F67
:108A4000E4E700BFE15F5D3FFF9000BF4D925D3FF7
:108A5000063A00BF97C45D3FF3C5FFBEBEF65D3F5B
:108A6000B217FFBEC3285E3F4A69FEBEA65A5E3FEC
:108A7000BBBAFDBE678C5E3F040CFDBE05BE5E3F0B
:108A8000275DFCBE81EF5E3F22AEFBBEDB205F3F79
:108A9000F7FEFABE12525F3FA54FFABE27835F3F33
:108AA0002DA0F9BE19B45F3F8EF0F8BEE9E45F3F38
:108AB000C840F8BE9615603FDC90F7BE2146603F87
:108AC000CBE0F6BE8976603F9330F6BECFA6603F1E
:108AD0003580F5BEF2D6603FB1CFF4BEF206613FFD
:108AE000071FF4BED036613F386EF3BE8A66613F21
:108AF00043BDF2BE2296613F290CF2BE98C5613F8C
:108B0000EA5AF1BEEAF4613F85A9F0BE1A24623F39
:108B1000FBF7EFBE2653623F4C46EFBE1082623F2A
:108B20007994EEBED7B0623F80E2EDBE7BDF623F5C
:108B30006330EDBEFC0D633F217EECBE5A3C633FCB
:108B4000BBCBEBBE956A633F3019EBBEAC98633F7D
:108B50008166EABEA1C6633FAEB3E9BE73F4633F6C
:108B6000B700E9BE2122643F9C4DE8BEAC4F643F94
:108B70005D9AE7BE147D643FFBE6E6BE59AA643FFA
:108B80007533E6BE7BD7643FCB7FE5BE7904653F96
:108B9000FECBE4BE5431653F0E18E4BE0B5E653F6C
:108BA000FA63E3BEA08A653FC4AFE2BE10B7653F7B
:108BB0006AFBE1BE5EE3653FEE46E1BE880F663FBD
:108BC0004F92E0BE8E3B663F8DDDDFBE7167663F34
:108BD000A928DFBE3093663FA273DEBECCBE663FDF
:108BE00079BEDDBE45EA663F2E09DDBE9915673FB9
:108BF000C153DCBECA40673F319EDBBED86B673FC6
:108C000080E8DABEC196673FAD32DABE87C1673F02
:108C1000B97CD9BE2AEC673FA3C6D8BEA816683F68
:108C20006B10D8BE0341683F135AD7BE396B683FFB
:108C300099A3D6BE4C95683FFDECD5BE3CBF683FBE
:108C40004136D5BE07E9683F647FD4BEAE12693FA6
:108C500067C8D3BE323C693F4811D3BE9165693FB6
:108C6000095AD2BECC8E693FAAA2D1BEE4B7693FF1
:108C70002AEBD0BED7E0693F8A33D0BEA7096A3F4E
:108C8000CA7BCFBE52326A3FEAC3CEBED95A6A3FD0
:108C9000EA0BCEBE3C836A3FCA53CDBE7BAB6A3F74
:108CA0008B9BCCBE95D36A3F2CE3CBBE8CFB6A3F3B
:108CB000AE2ACBBE5E236B3F1072CABE0C4B6B3F1D
:108CC00053B9C9BE95726B3F7700C9BEFB996B3F24
:108CD0007C47C8BE3BC16B3F628EC7BE58E86B3F46
:108CE00029D5C6BE500F6C3FD21BC6BE24366C3F82
:108CF0005C62C5BED45C6C3FC8A8C4BE5E836C3FDA
:108D000015EFC3BEC5A96C3F4435C3BE07D06C3F49
:108D1000557BC2BE24F66C3F48C1C1BE1D1C6D3FD1
:108D20001E07C1BEF2416D3FD54CC0BEA1676D3F6D
:108D30006F92BFBE2D8D6D3FEBD7BEBE93B26D3F20
:108D40004A1DBEBED5D76D3F8B62BDBEF2FC6D3FE6
:108D5000AFA7BCBEEB216E3FB6ECBBBEBE466E3FBE
:108D6000A031BBBE6D6B6E3F6E76BABEF88F6E3FA4
:108D70001EBBB9BE5DB46E3FB2FFB8BE9ED86E3F9B
:108D80002A44B8BEBAFC6E3F8488B7BEB0206F3F9D
:108D9000C3CCB6BE83446F3FE610B6BE30686F3FAB
:108DA000EC54B5BEB88B6F3FD698B4BE1BAF6F3FC7
:108DB000A5DCB3BE5AD26F3F5820B3BE73F56F3FE8
:108DC000EF63B2BE6718703F6BA7B1BE373B703F11
:108DD000CBEAB0BEE15D703F102EB0BE6680703F42
:108DE0003A71AFBEC6A2703F49B4AEBE02C5703F75
:108DF0003CF7ADBE17E7703F153AADBE0809713FAD
:108E0000D47CACBED42A713F77BFABBE7A4C713FE5
:108E10000102ABBEFB6D713F6F44AABE578F713F1D
:108E2000C486A9BE8EB0713FFEC8A8BE9FD1713F57
:108E30001F0BA8BE8CF2713F254DA7BE5213723F87
:108E4000128FA6BEF433723FE5D0A5BE7054723FB8
:108E50009F12A5BEC774723F3F54A4BEF894723FE0
:108E6000C595A3BE04B5723F33D7A2BEEBD4723F03
:108E70008718A2BEACF4723FC259A1BE4714733F1B
:108E8000E59AA0BEBE33733FEEDB9FBE0E53733F29
:108E9000DF1C9FBE3972733FB85D9EBE3F91733F2A
:108EA000789E9DBE1FB0733F20DF9CBED9CE733F1E
:108EB000AF1F9CBE6EED733F27609BBEDD0B743F02
:108EC00086A09ABE272A743FCEE099BE4B48743FD5
:108ED000FE2099BE4966743F166198BE2284743F95
:108EE00017A197BED5A1743F00E196BE62BF743F43
:108EF000D22096BEC9DC743F8D6095BE0BFA743FDC
:108F000031A094BE2717753FBFDF93BE1D34753F58
:108F1000351F93BEED50753F945E92BE976D753FC1
:108F2000DD9D91BE1C8A753F10DD90BE7BA6753F0E
:108F30002C1C90BEB3C2753F325B8FBEC6DE753F40
:108F4000229A8EBEB3FA753FFCD88DBE7A16763F54
:108F5000C0178DBE1B32763F6E568CBE974D763F46
:108F600007958BBEEC68763F8AD38ABE1B84763F1A
:108F7000F8118ABE249F763F505089BE07BA763FCB
:108F8000938E88BEC4D4763FC1CC87BE5BEF763F5C
:108F9000DA0A87BECC09773FDF4886BE1724773FC1
:108FA000CE8685BE3C3E773FAAC484BE3A58773F02
:108FB000700284BE1372773F224083BEC58B773F19
:108FC000C07D82BE51A5773F4ABB81BEB7BE773F09
:108FD000C0F880BEF7D7773F223680BE10F1773FCA
:108FE000E1E67EBE040A783F56617DBED122783F1D
:108FF000A4DB7BBE773B783FCB557ABEF853783FF6
:10900000CCCF78BE526C783FA64977BE8684783F35
:109010005AC375BE939C783FE83C74BE7BB4783FDE
:1090200051B672BE3BCC783F942F71BED6E3783FE9
:10903000B2A86FBE4AFB783FAB216EBE9812793F53
:109040007F9A6CBEBF29793F2F136BBEC040793F1A
:10905000BA8B69BE9A57793F220468BE4E6E793F3B
:10906000667C66BEDC84793F86F464BE439B793FB0
:10907000836C63BE83B1793F5CE461BE9DC7793F79
:10908000135C60BE91DD793FA8D35EBE5EF3793F8D
:109090001A4B5DBE04097A3F6AC25BBE841E7A3FEA
:1090A00097395ABEDD337A3FA4B058BE10497A3F93
:1090B0008F2757BE1C5E7A3F589E55BE02737A3F7B
:1090C000011554BEC1877A3F898B52BE599C7A3FA5
:1090D000F10151BECBB07A3F38784FBE16C57A3F0A
:1090E00060EE4DBE3AD97A3F67644CBE37ED7A3FA9
:1090F0004FDA4ABE0E017B3F185049BEBE147B3F7B
:10910000C2C547BE48287B3F4D3B46BEAB3B7B3F7D
:10911000B9B044BEE74E7B3F072643BEFC617B3FB0
:10912000379B41BEEA747B3F491040BEB2877B3F0C
:109130003E853EBE539A7B3F15FA3CBECDAC7B3F8D
:10914000CF6E3BBE20BF7B3F6CE339BE4DD17B3F32
:10915000EC5738BE53E37B3F50CC36BE31F57B3FF6
:10916000984035BEE9067C3FC4B433BE7A187C3FD4
:10917000D42832BEE5297C3FC99C30BE283B7C3FC9
:10918000A2102FBE444C7C3F61842DBE3A5D7C3FD3
:1091900004F82BBE086E7C3F8D6B2ABEB07E7C3FF0
:1091A000FCDE28BE318F7C3F515227BE8A9F7C3F18
:1091B0008CC525BEBDAF7C3FAD3824BEC9BF7C3F4A
:1091C000B6AB22BEAECF7C3FA51E21BE6CDF7C3F7E
:1091D0007B911FBE03EF7C3F38041EBE73FE7C3FB5
:1091E000DE761CBEBC0D7D3F6BE91ABEDD1C7D3FEB
:1091F000E05B19BED82B7D3F3DCE17BEAC3A7D3F1C
:10920000834016BE59497D3FB2B214BEDE577D3F42
:10921000CA2413BE3D667D3FCC9611BE74747D3F5B
:10922000B70810BE85827D3F8B7A0EBE6E907D3F63
:109230004AEC0CBE309E7D3FF35D0BBECCAB7D3F58
:1092400086CF09BE40B97D3F054108BE8CC67D3F33
:109250006EB206BEB2D37D3FC22305BEB1E07D3FF4
:10926000029503BE88ED7D3F2E0602BE38FA7D3F93
:10927000457700BEC2067E3F92D0FDBD24137E3FDF
:1092800073B2FABD5E1F7E3F2C94F7BD722B7E3FFA
:10929000C075F4BD5E377E3F2E57F1BD23437E3F40
:1092A0007638EEBDC14E7E3F9A19EBBD385A7E3FEF
:1092B0009AFAE7BD88657E3F76DBE4BDB0707E3FFD
:1092C0002EBCE1BDB17B7E3FC49CDEBD8B867E3F64
:1092D000377DDBBD3D917E3F895DD8BDC99B7E3F1B
:1092E000B93DD5BD2DA67E3FC81DD2BD69B07E3F1C
:1092F000B7FDCEBD7FBA7E3F86DDCBBD6DC47E3F60
:1093000036BDC8BD34CE7E3FC69CC5BDD4D77E3FDA
:10931000397CC2BD4CE17E3F8D5BBFBD9DEA7E3F87
:10932000C33ABCBDC7F37E3FDD19B9BDC9FC7E3F62
:10933000DAF8B5BDA4057F3FBBD7B2BD580E7F3F5D
:1093400080B6AFBDE4167F3F2B95ACBD491F7F3F74
:10935000BA73A9BD87277F3F3052A6BD9D2F7F3F9F
:109360008C30A3BD8D377F3FCF0EA0BD543F7F3FD4
:10937000F9EC9CBDF4467F3F0ACB99BD6D4E7F3F13
:1093800005A996BDBF557F3FE78693BDE95C7F3F4A
:10939000B46490BDEC637F3F6A428DBDC76A7F3F76
:1093A0000A208ABD7B717F3F94FD86BD08787F3F90
:1093B0000ADB83BD6D7E7F3F6CB880BDAB847F3F91
:1093C000742B7BBDC28A7F3FE9E574BDB1907F3FBE
:1093D00038A06EBD78967F3F625A68BD189C7F3F6B
:1093E000681462BD91A17F3F4CCE5BBDE3A67F3F79
:1093F0000E8855BD0DAC7F3FAF414FBD0FB17F3FD4
:109400002FFB48BDEAB57F3F91B442BD9EBA7F3F76
:10941000D56D3CBD2ABF7F3FFC2636BD8FC37F3F45
:1094200007E02FBDCCC77F3FF69829BDE2CB7F3F39
:10943000CC5123BDD1CF7F3F880A1DBD98D37F3F3C
:109440002CC316BD37D77F3FB87B10BDAFDA7F3F47
:109450002F340ABD00DE7F3F90EC03BD29E17F3F42
:10946000B949FBBC2BE47F3F2DBAEEBC05E77F3F3B
:109470007B2AE2BCB8E97F3FA69AD5BC43EC7F3F8C
:10948000B00AC9BCA7EE7F3F9B7ABCBCE3F07F3F2C
:1094900069EAAFBCF8F27F3F1C5AA3BCE6F47F3FF9
:1094A000B6C996BCACF67F3F38398ABC4AF87F3FD4
:1094B0004B517BBCC1F97F3F003062BC11FB7F3F49
:1094C000900E49BC39FC7F3F02ED2FBC39FD7F3F38
:1094D00059CB16BC13FE7F3F3053FBBBC4FE7F3F0E
:1094E000890FC9BB4EFF7F3FC1CB96BBB1FF7F3F0A
:1094F000C70F49BBECFF7F3FD40FC9BA0000803FC4
:109500000000000011FB7F3F900E493C43EC7F3F81
:10951000B00AC93C98D37F3F2CC3163D0FB17F3FA3
:109520002FFB483DAB847F3F742B7B3D6D4E7F3FCF
:1095300005A9963D580E7F3F80B6AF3D6DC47E3F76
:1095400036BDC83DB0707E3F2EBCE13D24137E3F4A
:1095500073B2FA3DCCAB7D3F86CF093EAC3A7D3F3E
:109560008340163EC9BF7C3FB6AB223E283B7C3FC2
:10957000A2102F3ECDAC7B3FCF6E3B3EBE147B3F57
:10958000C2C5473E02737A3F0115543E9DC7793FDD
:10959000135C603E9812793F7F9A6C3EF853783F97
:1095A000CCCF783EC58B773FC07D823E07BA763FF1
:1095B000938E883EC6DE753F229A8E3E0BFA743F2C
:1095C00031A0943EDD0B743F86A09A3E4714733F52
:1095D000E59AA03E5213723F128FA63E0809713FD2
:1095E000D47CAC3E73F56F3FEF63B23E9ED86E3FC6
:1095F0002A44B83E93B26D3F4A1DBE3E5E836C3F27
:1096000015EFC33E0C4B6B3F53B9C93EA7096A3FE8
:10961000CA7BCF3E3CBF683F4136D53ED86B673FE3
:1096200080E8DA3E880F663F4F92E03E59AA643FD9
:109630007533E63E5A3C633FBBCBEB3E98C5613F7A
:10964000EA5AF13E2146603FCBE0F63E05BE5E3F62
:10965000275DFC3E532D5D3FE4E7003F1A945B3FDE
:109660003D9C033F6AF2593F824B063F5348583FA7
:109670009BF5083FE595563F6B9A0B3F31DB543F16
:10968000DA390E3F4918533FCDD3103F3D4D513F7E
:109690002A68133F1F7A4F3FD9F6153F029F4D3F6F
:1096A000C07F183FF8BB4B3FC6021B3F12D1493F5A
:1096B000D17F1D3F65DE473FCBF61F3F03E4453FAB
:1096C0009967223F00E2433F25D2243F70D8413FB3
:1096D0005636273F67C73F3F1594293FF9AE3D3FB8
:1096E0004AEB2B3F3B8F3B3FDE3B2E3F4268393FEF
:1096F000BB85303F233A373FC9C8323FF304353F7B
:10970000F304353FC9C8323F233A373FBB85303F6A
:109710004268393FDE3B2E3F3B8F3B3F4AEB2B3FBE
:10972000F9AE3D3F1594293F67C73F3F5636273F67
:1097300070D8413F25D2243F00E2433F9967223F42
:1097400003E4453FCBF61F3F65DE473FD17F1D3F1A
:1097500012D1493FC6021B3FF8BB4B3FC07F183FA9
:10976000029F4D3FD9F6153F1F7A4F3F2A68133F9E
:109770003D4D513FCDD3103F4918533FDA390E3F8D
:1097800031DB543F6B9A0B3FE595563F9BF5083F05
:109790005348583F824B063F6AF2593F3D9C033F76
:1097A0001A945B3FE4E7003F532D5D3F275DFC3E8D
:1097B00005BE5E3FCBE0F63E2146603FEA5AF13EF1
:1097C00098C5613FBBCBEB3E5A3C633F7533E63EE9
:1097D00059AA643F4F92E03E880F663F80E8DA3E28
:1097E000D86B673F4136D53E3CBF683FCA7BCF3E12
:1097F000A7096A3F53B9C93E0C4B6B3F15EFC33EF7
:109800005E836C3F4A1DBE3E93B26D3F2A44B83E14
:109810009ED86E3FEF63B23E73F56F3FD47CAC3E93
:109820000809713F128FA63E5213723FE59AA03E7F
:109830004714733F86A09A3EDD0B743F31A0943EDF
:109840000BFA743F229A8E3EC6DE753F938E883E99
:1098500007BA763FC07D823EC58B773FCCCF783E3E
:10986000F853783F7F9A6C3E9812793F135C603EC4
:109870009DC7793F0115543E02737A3FC2C5473EEA
:10988000BE147B3FCF6E3B3ECDAC7B3FA2102F3E44
:10989000283B7C3FB6AB223EC9BF7C3F8340163E8F
:1098A000AC3A7D3F86CF093ECCAB7D3F73B2FA3DEB
:1098B00024137E3F2EBCE13DB0707E3F36BDC83DD7
:1098C0006DC47E3F80B6AF3D580E7F3F05A9963DE3
:1098D0006D4E7F3F742B7B3DAB847F3F2FFB483D1C
:1098E0000FB17F3F2CC3163D98D37F3FB00AC93CD0
:1098F00043EC7F3F900E493C11FB7F3F000000008E
:109900000000803F900E49BC11FB7F3FB00AC9BCEC
:1099100043EC7F3F2CC316BD98D37F3F2FFB48BD40
:109920000FB17F3F742B7BBDAB847F3F05A996BDF4
:109930006D4E7F3F80B6AFBD580E7F3F36BDC8BD70
:109940006DC47E3F2EBCE1BDB0707E3F73B2FABDE8
:1099500024137E3F86CF09BECCAB7D3F834016BE2D
:10996000AC3A7D3FB6AB22BEC9BF7C3FA2102FBE32
:10997000283B7C3FCF6E3BBECDAC7B3FC2C547BED4
:10998000BE147B3F011554BE02737A3F135C60BE68
:109990009DC7793F7F9A6CBE9812793FCCCF78BE35
:1099A000F853783FC07D82BEC58B773F938E88BECB
:1099B00007BA763F229A8EBEC6DE753F31A094BEAE
:1099C0000BFA743F86A09ABEDD0B743FE59AA0BEE9
:1099D0004714733F128FA6BE5213723FD47CACBEA5
:1099E0000809713FEF63B2BE73F56F3F2A44B8BEFA
:1099F0009ED86E3F4A1DBEBE93B26D3F15EFC3BEEB
:109A00005E836C3F53B9C9BE0C4B6B3FCA7BCFBE64
:109A1000A7096A3F4136D5BE3CBF683F80E8DABE41
:109A2000D86B673F4F92E0BE880F663F7533E6BE46
:109A300059AA643FBBCBEBBE5A3C633FEA5AF1BE26
:109A400098C5613FCBE0F6BE2146603F275DFCBE76
:109A500005BE5E3FE4E700BF532D5D3F3D9C03BF65
:109A60001A945B3F824B06BF6AF2593F9BF508BFD1
:109A70005348583F6B9A0BBFE595563FDA390EBFF6
:109A800031DB543FCDD310BF4918533F2A6813BF71
:109A90003D4D513FD9F615BF1F7A4F3FC07F18BFCC
:109AA000029F4D3FC6021BBFF8BB4B3FD17F1DBF7E
:109AB00012D1493FCBF61FBF65DE473F996722BFF2
:109AC00003E4453F25D224BF00E2433F563627BF7B
:109AD00070D8413F159429BF67C73F3F4AEB2BBF62
:109AE000F9AE3D3FDE3B2EBF3B8F3B3FBB8530BFDA
:109AF0004268393FC9C832BF233A373FF30435BF04
:109B0000F304353F233A37BFC9C8323F426839BFF3
:109B1000BB85303F3B8F3BBFDE3B2E3FF9AE3DBFA9
:109B20004AEB2B3F67C73FBF1594293F70D841BF11
:109B30005636273F00E243BF25D2243F03E445BF0A
:109B40009967223F65DE47BFCBF61F3F12D149BF61
:109B5000D17F1D3FF8BB4BBFC6021B3F029F4DBFCD
:109B6000C07F183F1F7A4FBFD9F6153F3D4D51BFFB
:109B70002A68133F491853BFCDD3103F31DB54BF80
:109B8000DA390E3FE59556BF6B9A0B3F534858BFE5
:109B90009BF5083F6AF259BF824B063F1A945BBFA0
:109BA0003D9C033F532D5DBFE4E7003F05BE5EBF14
:109BB000275DFC3E214660BFCBE0F63E98C561BF05
:109BC000EA5AF13E5A3C63BFBBCBEB3E59AA64BF95
:109BD0007533E63E880F66BF4F92E03ED86B67BF95
:109BE00080E8DA3E3CBF68BF4136D53EA7096ABF70
:109BF000CA7BCF3E0C4B6BBF53B9C93E5E836CBF73
:109C000015EFC33E93B26DBF4A1DBE3E9ED86EBFD8
:109C10002A44B83E73F56FBFEF63B23E080971BFC7
:109C2000D47CAC3E521372BF128FA63E471473BF52
:109C3000E59AA03EDD0B74BF86A09A3E0BFA74BF76
:109C400031A0943EC6DE75BF229A8E3E07BA76BF1B
:109C5000938E883EC58B77BFC07D823EF85378BF18
:109C6000CCCF783E981279BF7F9A6C3E9DC779BF62
:109C7000135C603E02737ABF0115543EBE147BBF75
:109C8000C2C5473ECDAC7BBFCF6E3B3E283B7CBFC1
:109C9000A2102F3EC9BF7CBFB6AB223EAC3A7DBFFF
:109CA0008340163ECCAB7DBF86CF093E24137EBFDA
:109CB00073B2FA3DB0707EBF2EBCE13D6DC47EBF75
:109CC00036BDC83D580E7FBF80B6AF3D6D4E7FBFDD
:109CD00005A9963DAB847FBF742B7B3D0FB17FBF41
:109CE0002FFB483D98D37FBF2CC3163D43EC7FBF6D
:109CF000B00AC93C11FB7FBF900E493C000080BFF9
:109D00000000000011FB7FBF900E49BC43EC7FBFF9
:109D1000B00AC9BC98D37FBF2CC316BD0FB17FBF9B
:109D20002FFB48BDAB847FBF742B7BBD6D4E7FBFC7
:109D300005A996BD580E7FBF80B6AFBD6DC47EBF6E
:109D400036BDC8BDB0707EBF2EBCE1BD24137EBF42
:109D500073B2FABDCCAB7DBF86CF09BEAC3A7DBF36
:109D6000834016BEC9BF7CBFB6AB22BE283B7CBFBA
:109D7000A2102FBECDAC7BBFCF6E3BBEBE147BBF4F
:109D8000C2C547BE02737ABF011554BE9DC779BFD5
:109D9000135C60BE981279BF7F9A6CBEF85378BF8F
:109DA000CCCF78BEC58B77BFC07D82BE07BA76BFE9
:109DB000938E88BEC6DE75BF229A8EBE0BFA74BF24
:109DC00031A094BEDD0B74BF86A09ABE471473BF4A
:109DD000E59AA0BE521372BF128FA6BE080971BFCA
:109DE000D47CACBE73F56FBFEF63B2BE9ED86EBFBE
:109DF0002A44B8BE93B26DBF4A1DBEBE5E836CBF1F
:109E000015EFC3BE0C4B6BBF53B9C9BEA7096ABFE0
:109E1000CA7BCFBE3CBF68BF4136D5BED86B67BFDB
:109E200080E8DABE880F66BF4F92E0BE59AA64BFD1
:109E30007533E6BE5A3C63BFBBCBEBBE98C561BF72
:109E4000EA5AF1BE214660BFCBE0F6BE05BE5EBF5A
:109E5000275DFCBE532D5DBFE4E700BF1A945BBFD6
:109E60003D9C03BF6AF259BF824B06BF534858BF9F
:109E70009BF508BFE59556BF6B9A0BBF31DB54BF0E
:109E8000DA390EBF491853BFCDD310BF3D4D51BF76
:109E90002A6813BF1F7A4FBFD9F615BF029F4DBF67
:109EA000C07F18BFF8BB4BBFC6021BBF12D149BF52
:109EB000D17F1DBF65DE47BFCBF61FBF03E445BFA3
:109EC000996722BF00E243BF25D224BF70D841BFAB
:109ED000563627BF67C73FBF159429BFF9AE3DBFB0
:109EE0004AEB2BBF3B8F3BBFDE3B2EBF426839BFE7
:109EF000BB8530BF233A37BFC9C832BFF30435BF73
:109F0000F30435BFC9C832BF233A37BFBB8530BF62
:109F1000426839BFDE3B2EBF3B8F3BBF4AEB2BBFB6
:109F2000F9AE3DBF159429BF67C73FBF563627BF5F
:109F300070D841BF25D224BF00E243BF996722BF3A
:109F400003E445BFCBF61FBF65DE47BFD17F1DBF12
:109F500012D149BFC6021BBFF8BB4BBFC07F18BFA1
:109F6000029F4DBFD9F615BF1F7A4FBF2A6813BF96
:109F70003D4D51BFCDD310BF491853BFDA390EBF85
:109F800031DB54BF6B9A0BBFE59556BF9BF508BFFD
:109F9000534858BF824B06BF6AF259BF3D9C03BF6E
:109FA0001A945BBFE4E700BF532D5DBF275DFCBE85
:109FB00005BE5EBFCBE0F6BE214660BFEA5AF1BEE9
:109FC00098C561BFBBCBEBBE5A3C63BF7533E6BEE1
:109FD00059AA64BF4F92E0BE880F66BF80E8DABE20
:109FE000D86B67BF4136D5BE3CBF68BFCA7BCFBE0A
:109FF000A7096ABF53B9C9BE0C4B6BBF15EFC3BEEF
:10A000005E836CBF4A1DBEBE93B26DBF2A44B8BE0C
:10A010009ED86EBFEF63B2BE73F56FBFD47CACBE8B
:10A02000080971BF128FA6BE521372BFE59AA0BE77
:10A03000471473BF86A09ABEDD0B74BF31A094BED7
:10A040000BFA74BF229A8EBEC6DE75BF938E88BE91
:10A0500007BA76BFC07D82BEC58B77BFCCCF78BE36
:10A06000F85378BF7F9A6CBE981279BF135C60BEBC
:10A070009DC779BF011554BE02737ABFC2C547BEE2
:10A08000BE147BBFCF6E3BBECDAC7BBFA2102FBE3C
:10A09000283B7CBFB6AB22BEC9BF7CBF834016BE87
:10A0A000AC3A7DBF86CF09BECCAB7DBF73B2FABDE3
:10A0B00024137EBF2EBCE1BDB0707EBF36BDC8BDCF
:10A0C0006DC47EBF80B6AFBD580E7FBF05A996BDDB
:10A0D0006D4E7FBF742B7BBDAB847FBF2FFB48BD14
:10A0E0000FB17FBF2CC316BD98D37FBFB00AC9BCC8
:10A0F00043EC7FBF900E49BC11FB7FBF0000008086
:10A10000000080BF900E493C11FB7FBFB00AC93CE4
:10A1100043EC7FBF2CC3163D98D37FBF2FFB483D38
:10A120000FB17FBF742B7B3DAB847FBF05A9963DEC
:10A130006D4E7FBF80B6AF3D580E7FBF36BDC83D68
:10A140006DC47EBF2EBCE13DB0707EBF73B2FA3DE0
:10A1500024137EBF86CF093ECCAB7DBF8340163E25
:10A16000AC3A7DBFB6AB223EC9BF7CBFA2102F3E2A
:10A17000283B7CBFCF6E3B3ECDAC7BBFC2C5473ECC
:10A18000BE147BBF0115543E02737ABF135C603E60
:10A190009DC779BF7F9A6C3E981279BFCCCF783E2D
:10A1A000F85378BFC07D823EC58B77BF938E883EC3
:10A1B00007BA76BF229A8E3EC6DE75BF31A0943EA6
:10A1C0000BFA74BF86A09A3EDD0B74BFE59AA03EE1
:10A1D000471473BF128FA63E521372BFD47CAC3E9D
:10A1E000080971BFEF63B23E73F56FBF2A44B83EF2
:10A1F0009ED86EBF4A1DBE3E93B26DBF15EFC33EE3
:10A200005E836CBF53B9C93E0C4B6BBFCA7BCF3E5C
:10A21000A7096ABF4136D53E3CBF68BF80E8DA3E39
:10A22000D86B67BF4F92E03E880F66BF7533E63E3E
:10A2300059AA64BFBBCBEB3E5A3C63BFEA5AF13E1E
:10A2400098C561BFCBE0F63E214660BF275DFC3E6E
:10A2500005BE5EBFE4E7003F532D5DBF3D9C033F5D
:10A260001A945BBF824B063F6AF259BF9BF5083FC9
:10A27000534858BF6B9A0B3FE59556BFDA390E3FEE
:10A2800031DB54BFCDD3103F491853BF2A68133F69
:10A290003D4D51BFD9F6153F1F7A4FBFC07F183FC4
:10A2A000029F4DBFC6021B3FF8BB4BBFD17F1D3F76
:10A2B00012D149BFCBF61F3F65DE47BF9967223FEA
:10A2C00003E445BF25D2243F00E243BF5636273F73
:10A2D00070D841BF1594293F67C73FBF4AEB2B3F5A
:10A2E000F9AE3DBFDE3B2E3F3B8F3BBFBB85303FD2
:10A2F000426839BFC9C8323F233A37BFF304353FFC
:10A30000F30435BF233A373FC9C832BF4268393FEB
:10A31000BB8530BF3B8F3B3FDE3B2EBFF9AE3D3FA1
:10A320004AEB2BBF67C73F3F159429BF70D8413F09
:10A33000563627BF00E2433F25D224BF03E4453F02
:10A34000996722BF65DE473FCBF61FBF12D1493F59
:10A35000D17F1DBFF8BB4B3FC6021BBF029F4D3FC5
:10A36000C07F18BF1F7A4F3FD9F615BF3D4D513FF3
:10A370002A6813BF4918533FCDD310BF31DB543F78
:10A38000DA390EBFE595563F6B9A0BBF5348583FDD
:10A390009BF508BF6AF2593F824B06BF1A945B3F98
:10A3A0003D9C03BF532D5D3FE4E700BF05BE5E3F0C
:10A3B000275DFCBE2146603FCBE0F6BE98C5613FFD
:10A3C000EA5AF1BE5A3C633FBBCBEBBE59AA643F8D
:10A3D0007533E6BE880F663F4F92E0BED86B673F8D
:10A3E00080E8DABE3CBF683F4136D5BEA7096A3F68
:10A3F000CA7BCFBE0C4B6B3F53B9C9BE5E836C3F6B
:10A4000015EFC3BE93B26D3F4A1DBEBE9ED86E3FD0
:10A410002A44B8BE73F56F3FEF63B2BE0809713FBF
:10A42000D47CACBE5213723F128FA6BE4714733F4A
:10A43000E59AA0BEDD0B743F86A09ABE0BFA743F6E
:10A4400031A094BEC6DE753F229A8EBE07BA763F13
:10A45000938E88BEC58B773FC07D82BEF853783F10
:10A46000CCCF78BE9812793F7F9A6CBE9DC7793F5A
:10A47000135C60BE02737A3F011554BEBE147B3F6D
:10A48000C2C547BECDAC7B3FCF6E3BBE283B7C3FB9
:10A49000A2102FBEC9BF7C3FB6AB22BEAC3A7D3FF7
:10A4A000834016BECCAB7D3F86CF09BE24137E3FD2
:10A4B00073B2FABDB0707E3F2EBCE1BD6DC47E3F6D
:10A4C00036BDC8BD580E7F3F80B6AFBD6D4E7F3FD5
:10A4D00005A996BDAB847F3F742B7BBD0FB17F3F39
:10A4E0002FFB48BD98D37F3F2CC316BD43EC7F3F65
:10A4F000B00AC9BC11FB7F3F900E49BC0000803FF1
:10A50000000000006DC47E3F36BDC83DBE147B3FD9
:10A51000C2C5473E0BFA743F31A0943E5E836C3F48
:10A5200015EFC33E98C5613FEA5AF13E31DB543F17
:10A53000DA390E3F03E4453F9967223FF304353F84
:10A54000F304353F9967223F03E4453FDA390E3F74
:10A5500031DB543FEA5AF13E98C5613F15EFC33EE7
:10A560005E836C3F31A0943E0BFA743FC2C5473EF8
:10A57000BE147B3F36BDC83D6DC47E3F0000000069
:10A580000000803F36BDC8BD6DC47E3FC2C547BE1A
:10A59000BE147B3F31A094BE0BFA743F15EFC3BECF
:10A5A0005E836C3FEA5AF1BE98C5613FDA390EBF4F
:10A5B00031DB543F996722BF03E4453FF30435BFC5
:10A5C000F304353F03E445BF9967223F31DB54BFB5
:10A5D000DA390E3F98C561BFEA5AF13E5E836CBF1F
:10A5E00015EFC33E0BFA74BF31A0943EBE147BBF7F
:10A5F000C2C5473E6DC47EBF36BDC83D000080BFAA
:10A60000000000006DC47EBF36BDC8BDBE147BBF58
:10A61000C2C547BE0BFA74BF31A094BE5E836CBF47
:10A6200015EFC3BE98C561BFEA5AF1BE31DB54BF16
:10A63000DA390EBF03E445BF996722BFF30435BF83
:10A64000F30435BF996722BF03E445BFDA390EBF73
:10A6500031DB54BFEA5AF1BE98C561BF15EFC3BEE6
:10A660005E836CBF31A094BE0BFA74BFC2C547BEF7
:10A67000BE147BBF36BDC8BD6DC47EBF0000008068
:10A68000000080BF36BDC83D6DC47EBFC2C5473E19
:10A69000BE147BBF31A0943E0BFA74BF15EFC33ECE
:10A6A0005E836CBFEA5AF13E98C561BFDA390E3F4E
:10A6B00031DB54BF9967223F03E445BFF304353FC4
:10A6C000F30435BF03E4453F996722BF31DB543FB4
:10A6D000DA390EBF98C5613FEA5AF1BE5E836C3F1E
:10A6E00015EFC3BE0BFA743F31A094BEBE147B3F7E
:10A6F000C2C547BE6DC47E3F36BDC8BD0000000068
:10A700000000803F890FC93BC4FE7F3F900E493C4B
:10A7100011FB7F3FB6C9963CE6F47F3FB00AC93CC7
:10A7200043EC7F3FB949FB3C29E17F3F2CC3163DF9
:10A7300098D37F3F07E02F3D8FC37F3F2FFB483DDE
:10A740000FB17F3F6814623D189C7F3F742B7B3DA7
:10A75000AB847F3F0A208A3DC76A7F3F05A9963DAB
:10A760006D4E7F3F8C30A33D9D2F7F3F80B6AF3D28
:10A77000580E7F3FC33ABC3D9DEA7E3F36BDC83D83
:10A780006DC47E3FB93DD53DC99B7E3F2EBCE13DAA
:10A79000B0707E3F7638EE3D23437E3F73B2FA3D84
:10A7A00024137E3F0295033EB1E07D3F86CF093EF4
:10A7B000CCAB7D3FB708103E74747D3F8340163E9E
:10A7C000AC3A7D3FDE761C3E73FE7C3FB6AB223E4C
:10A7D000C9BF7C3FFCDE283EB07E7C3FA2102F3EEE
:10A7E000283B7C3F9840353E31F57B3FCF6E3B3E6A
:10A7F000CDAC7B3F379B413EFC617B3FC2C5473EB2
:10A80000BE147B3F60EE4D3E16C57A3F0115543EA7
:10A8100002737A3F97395A3E841E7A3F135C603E3A
:10A820009DC7793F667C663E4E6E793F7F9A6C3E4F
:10A830009812793F51B6723E7BB4783FCCCF783EC8
:10A84000F853783FE1E67E3E10F1773FC07D823ECF
:10A85000C58B773FCE86853E1724773F938E883E03
:10A8600007BA763F07958B3E974D763F229A8E3EEC
:10A87000C6DE753FDD9D913E976D753F31A0943EDC
:10A880000BFA743F17A1973E2284743F86A09A3E2C
:10A89000DD0B743F789E9D3E3F91733FE59AA03E4D
:10A8A0004714733FC595A33EF894723F128FA63E9E
:10A8B0005213723FC486A93E578F713FD47CAC3E81
:10A8C0000809713F3A71AF3E6680703FEF63B23E58
:10A8D00073F56F3FEC54B53E30686F3F2A44B83E85
:10A8E0009ED86E3FA031BB3EBE466E3F4A1DBE3E67
:10A8F00093B26D3F1E07C13E1D1C6D3F15EFC33E59
:10A900005E836C3F29D5C63E58E86B3F53B9C93EBC
:10A910000C4B6B3F8B9BCC3E7BAB6A3FCA7BCF3EE5
:10A92000A7096A3F095AD23E9165693F4136D53E33
:10A930003CBF683F6B10D83EA816683F80E8DA3EFF
:10A94000D86B673F79BEDD3ECCBE663F4F92E03E9E
:10A95000880F663FFA63E33E0B5E653F7533E63E64
:10A9600059AA643FB700E93E73F4633FBBCBEB3EAB
:10A970005A3C633F7994EE3E1082623FEA5AF13EC0
:10A9800098C5613F071FF43EF206613FCBE0F63EFB
:10A990002146603F2DA0F93E27835F3F275DFC3EA7
:10A9A00005BE5E3FB217FF3EBEF65D3FE4E7003FE7
:10A9B000532D5D3FB142023FC7615C3F3D9C033F69
:10A9C0001A945B3F84F4043F50C45A3F824B063FC5
:10A9D0006AF2593F36A1073F6A1E593F9BF5083F6F
:10A9E0005348583FAD480A3F2670573F6B9A0B3F7C
:10A9F000E595563FD0EA0C3F93B9553FDA390E3F03
:10AA000031DB543F84870F3FC3FA533FCDD3103F10
:10AA10004918533FB01E123FC633523F2A68133FB6
:10AA20003D4D513F39B0143FAF64503FD9F6153F0B
:10AA30001F7A4F3F073C173F908D4E3FC07F183F16
:10AA4000029F4D3F00C2193F79AE4C3FC6021B3FEB
:10AA5000F8BB4B3F0C421C3F7FC74A3FD17F1D3F95
:10AA600012D1493F12BC1E3FB3D8483FCBF61F3F1F
:10AA700065DE473FF92F213F2AE2463F9967223F93
:10AA800003E4453FA99D233FF5E3443F25D2243FFE
:10AA900000E2433F0A05263F29DE423F5636273F64
:10AAA00070D8413F0566283FDAD0403F1594293FD2
:10AAB00067C73F3F82C02A3F1BBC3E3F4AEB2B3F4C
:10AAC000F9AE3D3F69142D3F03A03C3FDE3B2E3FD6
:10AAD0003B8F3B3FA5612F3FA47C3A3FBB85303F76
:10AAE0004268393F1DA8313F1652383FC9C8323F2E
:10AAF000233A373FBCE7333F6C20363FF304353F02
:10AB0000F304353F6C20363FBCE7333F233A373FF1
:10AB1000C9C8323F1652383F1DA8313F4268393FFD
:10AB2000BB85303FA47C3A3FA5612F3F3B8F3B3F25
:10AB3000DE3B2E3F03A03C3F69142D3FF9AE3D3F65
:10AB40004AEB2B3F1BBC3E3F82C02A3F67C73F3FBB
:10AB50001594293FDAD0403F0566283F70D8413F21
:10AB60005636273F29DE423F0A05263F00E2433F93
:10AB700025D2243FF5E3443FA99D233F03E4453F0D
:10AB80009967223F2AE2463FF92F213F65DE473F82
:10AB9000CBF61F3FB3D8483F12BC1E3F12D1493FEE
:10ABA000D17F1D3F7FC74A3F0C421C3FF8BB4B3F44
:10ABB000C6021B3F79AE4C3F00C2193F029F4D3F7A
:10ABC000C07F183F908D4E3F073C173F1F7A4F3F85
:10ABD000D9F6153FAF64503F39B0143F3D4D513F5A
:10ABE0002A68133FC633523FB01E123F4918533FE5
:10ABF000CDD3103FC3FA533F84870F3F31DB543F1F
:10AC0000DA390E3F93B9553FD0EA0C3FE595563FF0
:10AC10006B9A0B3F2670573FAD480A3F5348583F49
:10AC20009BF5083F6A1E593F36A1073F6AF2593F1C
:10AC3000824B063F50C45A3F84F4043F1A945B3F52
:10AC40003D9C033FC7615C3FB142023F532D5D3FD6
:10AC5000E4E7003FBEF65D3FB217FF3E05BE5E3F34
:10AC6000275DFC3E27835F3F2DA0F93E2146603FD4
:10AC7000CBE0F63EF206613F071FF43E98C5613F08
:10AC8000EA5AF13E1082623F7994EE3E5A3C633FAD
:10AC9000BBCBEB3E73F4633FB700E93E59AA643F78
:10ACA0007533E63E0B5E653FFA63E33E880F663F11
:10ACB0004F92E03ECCBE663F79BEDD3ED86B673F2B
:10ACC00080E8DA3EA816683F6B10D83E3CBF683F6C
:10ACD0004136D53E9165693F095AD23EA7096A3F80
:10ACE000CA7BCF3E7BAB6A3F8B9BCC3E0C4B6B3F12
:10ACF00053B9C93E58E86B3F29D5C63E5E836C3FC9
:10AD000015EFC33E1D1C6D3F1E07C13E93B26D3F44
:10AD10004A1DBE3EBE466E3FA031BB3E9ED86E3F32
:10AD20002A44B83E30686F3FEC54B53E73F56F3F30
:10AD3000EF63B23E6680703F3A71AF3E0809713FE3
:10AD4000D47CAC3E578F713FC486A93E5213723FEC
:10AD5000128FA63EF894723FC595A33E4714733FE9
:10AD6000E59AA03E3F91733F789E9D3EDD0B743F78
:10AD700086A09A3E2284743F17A1973E0BFA743F37
:10AD800031A0943E976D753FDD9D913EC6DE753FC7
:10AD9000229A8E3E974D763F07958B3E07BA763FB7
:10ADA000938E883E1724773FCE86853EC58B773FAE
:10ADB000C07D823E10F1773FE1E67E3EF853783F5A
:10ADC000CCCF783E7BB4783F51B6723E9812793F33
:10ADD0007F9A6C3E4E6E793F667C663E9DC7793F9A
:10ADE000135C603E841E7A3F97395A3E02737A3F65
:10ADF0000115543E16C57A3F60EE4D3EBE147B3FB2
:10AE0000C2C5473EFC617B3F379B413ECDAC7B3F9B
:10AE1000CF6E3B3E31F57B3F9840353E283B7C3F33
:10AE2000A2102F3EB07E7C3FFCDE283EC9BF7C3F97
:10AE3000B6AB223E73FE7C3FDE761C3EAC3A7D3FD5
:10AE40008340163E74747D3FB708103ECCAB7D3F07
:10AE500086CF093EB1E07D3F0295033E24137E3F3D
:10AE600073B2FA3D23437E3F7638EE3DB0707E3FAD
:10AE70002EBCE13DC99B7E3FB93DD53D6DC47E3FB3
:10AE800036BDC83D9DEA7E3FC33ABC3D580E7F3F6C
:10AE900080B6AF3D9D2F7F3F8C30A33D6D4E7F3FF1
:10AEA00005A9963DC76A7F3F0A208A3DAB847F3F54
:10AEB000742B7B3D189C7F3F6814623D0FB17F3F30
:10AEC0002FFB483D8FC37F3F07E02F3D98D37F3F47
:10AED0002CC3163D29E17F3FB949FB3C43EC7F3F42
:10AEE000B00AC93CE6F47F3FB6C9963C11FB7F3FF0
:10AEF000900E493CC4FE7F3F890FC93B0000803F54
:10AF000000000000C4FE7F3F890FC9BB11FB7F3FDB
:10AF1000900E49BCE6F47F3FB6C996BC43EC7F3F38
:10AF2000B00AC9BC29E17F3FB949FBBC98D37F3F38
:10AF30002CC316BD8FC37F3F07E02FBD0FB17F3FEE
:10AF40002FFB48BD189C7F3F681462BDAB847F3FD8
:10AF5000742B7BBDC76A7F3F0A208ABD6D4E7F3F41
:10AF600005A996BD9D2F7F3F8C30A3BD580E7F3F16
:10AF700080B6AFBD9DEA7E3FC33ABCBD6DC47E3F87
:10AF800036BDC8BDC99B7E3FB93DD5BDB0707E3FC3
:10AF90002EBCE1BD23437E3F7638EEBD24137E3FB9
:10AFA00073B2FABDB1E07D3F029503BECCAB7D3FED
:10AFB00086CF09BE74747D3FB70810BEAC3A7D3FA2
:10AFC000834016BE73FE7C3FDE761CBEC9BF7C3F4D
:10AFD000B6AB22BEB07E7C3FFCDE28BE283B7C3F69
:10AFE000A2102FBE31F57B3F984035BECDAC7B3FE4
:10AFF000CF6E3BBEFC617B3F379B41BEBE147B3FA7
:10B00000C2C547BE16C57A3F60EE4DBE02737A3F99
:10B01000011554BE841E7A3F97395ABE9DC7793FA9
:10B02000135C60BE4E6E793F667C66BE9812793FB7
:10B030007F9A6CBE7BB4783F51B672BEF853783FAE
:10B04000CCCF78BE10F1773FE1E67EBEC58B773F6F
:10B05000C07D82BE1724773FCE8685BE07BA763F75
:10B06000938E88BE974D763F07958BBEC6DE753FA3
:10B07000229A8EBE976D753FDD9D91BE0BFA743F8F
:10B0800031A094BE2284743F17A197BEDD0B743F9C
:10B0900086A09ABE3F91733F789E9DBE4714733F32
:10B0A000E59AA0BEF894723FC595A3BE5213723FB5
:10B0B000128FA6BE578F713FC486A9BE0809713F83
:10B0C000D47CACBE6680703F3A71AFBE73F56F3F03
:10B0D000EF63B2BE30686F3FEC54B5BE9ED86E3F92
:10B0E0002A44B8BEBE466E3FA031BBBE93B26D3F90
:10B0F0004A1DBEBE1D1C6D3F1E07C1BE5E836C3F58
:10B1000015EFC3BE58E86B3F29D5C6BE0C4B6B3F4D
:10B1100053B9C9BE7BAB6A3F8B9BCCBEA7096A3FC4
:10B12000CA7BCFBE9165693F095AD2BE3CBF683F1A
:10B130004136D5BEA816683F6B10D8BED86B673FA6
:10B1400080E8DABECCBE663F79BEDDBE880F663FC2
:10B150004F92E0BE0B5E653FFA63E3BE59AA643FBF
:10B160007533E6BE73F4633FB700E9BE5A3C633FF4
:10B17000BBCBEBBE1082623F7994EEBE98C5613FB7
:10B18000EA5AF1BEF206613F071FF4BE2146603F56
:10B19000CBE0F6BE27835F3F2DA0F9BE05BE5E3F24
:10B1A000275DFCBEBEF65D3FB217FFBE532D5D3F6F
:10B1B000E4E700BFC7615C3FB14202BF1A945B3F46
:10B1C0003D9C03BF50C45A3F84F404BF6AF2593F08
:10B1D000824B06BF6A1E593F36A107BF5348583FEE
:10B1E0009BF508BF2670573FAD480ABFE595563F0F
:10B1F0006B9A0BBF93B9553FD0EA0CBF31DB543F7C
:10B20000DA390EBFC3FA533F84870FBF4918533F43
:10B21000CDD310BFC633523FB01E12BF3D4D513F7C
:10B220002A6813BFAF64503F39B014BF1F7A4F3F35
:10B23000D9F615BF908D4E3F073C17BF029F4D3F7B
:10B24000C07F18BF79AE4C3F00C219BFF8BB4B3F5F
:10B25000C6021BBF7FC74A3F0C421CBF12D1493FE9
:10B26000D17F1DBFB3D8483F12BC1EBF65DE473F2C
:10B27000CBF61FBF2AE2463FF92F21BF03E4453F2B
:10B28000996722BFF5E3443FA99D23BF00E2433FF6
:10B2900025D224BF29DE423F0A0526BF70D8413F90
:10B2A000563627BFDAD0403F056628BF67C73F3F05
:10B2B000159429BF1BBC3E3F82C02ABFF9AE3D3F5B
:10B2C0004AEB2BBF03A03C3F69142DBF3B8F3B3F94
:10B2D000DE3B2EBFA47C3A3FA5612FBF4268393FB9
:10B2E000BB8530BF1652383F1DA831BF233A373FC8
:10B2F000C9C832BF6C20363FBCE733BFF304353FCB
:10B30000F30435BFBCE7333F6C2036BFC9C8323FBA
:10B31000233A37BF1DA8313F165238BFBB85303F97
:10B32000426839BFA5612F3FA47C3ABFDE3B2E3F68
:10B330003B8F3BBF69142D3F03A03CBF4AEB2B3F23
:10B34000F9AE3DBF82C02A3F1BBC3EBF1594293FCA
:10B3500067C73FBF0566283FDAD040BF5636273F54
:10B3600070D841BF0A05263F29DE42BF25D2243FBF
:10B3700000E243BFA99D233FF5E344BF9967223F05
:10B3800003E445BFF92F213F2AE246BFCBF61F3F1A
:10B3900065DE47BF12BC1E3FB3D848BFD17F1D3FFB
:10B3A00012D149BF0C421C3F7FC74ABFC6021B3F98
:10B3B000F8BB4BBF00C2193F79AE4CBFC07F183FEE
:10B3C000029F4DBF073C173F908D4EBFD9F6153FEA
:10B3D0001F7A4FBF39B0143FAF6450BF2A68133F84
:10B3E0003D4D51BFB01E123FC63352BFCDD3103FAB
:10B3F000491853BF84870F3FC3FA53BFDA390E3F52
:10B4000031DB54BFD0EA0C3F93B955BF6B9A0B3F69
:10B41000E59556BFAD480A3F267057BF9BF5083FDC
:10B42000534858BF36A1073F6A1E59BF824B063F9B
:10B430006AF259BF84F4043F50C45ABF3D9C033F95
:10B440001A945BBFB142023FC7615CBFE4E7003FB3
:10B45000532D5DBFB217FF3EBEF65DBF275DFC3EBC
:10B4600005BE5EBF2DA0F93E27835FBFCBE0F63E51
:10B47000214660BF071FF43EF20661BFEA5AF13E63
:10B4800098C561BF7994EE3E108262BFBBCBEB3EA4
:10B490005A3C63BFB700E93E73F463BF7533E63EC1
:10B4A00059AA64BFFA63E33E0B5E65BF4F92E03E6C
:10B4B000880F66BF79BEDD3ECCBE66BF80E8DA3E4F
:10B4C000D86B67BF6B10D83EA81668BF4136D53E13
:10B4D0003CBF68BF095AD23E916569BFCA7BCF3E67
:10B4E000A7096ABF8B9BCC3E7BAB6ABF53B9C93EF1
:10B4F0000C4B6BBF29D5C63E58E86BBF15EFC33E5A
:10B500005E836CBF1E07C13E1D1C6DBF4A1DBE3E43
:10B5100093B26DBFA031BB3EBE466EBF2A44B83E5B
:10B520009ED86EBFEC54B53E30686FBFEF63B23E3D
:10B5300073F56FBF3A71AF3E668070BFD47CAC3E8E
:10B54000080971BFC486A93E578F71BF128FA63EEE
:10B55000521372BFC595A33EF89472BFE59AA03E00
:10B56000471473BF789E9D3E3F9173BF86A09A3E5D
:10B57000DD0B74BF17A1973E228474BF31A0943EA7
:10B580000BFA74BFDD9D913E976D75BF229A8E3E7A
:10B59000C6DE75BF07958B3E974D76BF938E883E6E
:10B5A00007BA76BFCE86853E172477BFC07D823E20
:10B5B000C58B77BFE1E67E3E10F177BFCCCF783EFA
:10B5C000F85378BF51B6723E7BB478BF7F9A6C3E19
:10B5D000981279BF667C663E4E6E79BF135C603E02
:10B5E0009DC779BF97395A3E841E7ABF0115543ED4
:10B5F00002737ABF60EE4D3E16C57ABFC2C5473EA4
:10B60000BE147BBF379B413EFC617BBFCF6E3B3E90
:10B61000CDAC7BBF9840353E31F57BBFA2102F3EAD
:10B62000283B7CBFFCDE283EB07E7CBFB6AB223E12
:10B63000C9BF7CBFDE761C3E73FE7CBF8340163ED6
:10B64000AC3A7DBFB708103E74747DBF86CF093E0B
:10B65000CCAB7DBF0295033EB1E07DBF73B2FA3D36
:10B6600024137EBF7638EE3D23437EBF2EBCE13DE2
:10B67000B0707EBFB93DD53DC99B7EBF36BDC83DCC
:10B680006DC47EBFC33ABC3D9DEA7EBF80B6AF3D70
:10B69000580E7FBF8C30A33D9D2F7FBF05A9963DDF
:10B6A0006D4E7FBF0A208A3DC76A7FBF742B7B3DEA
:10B6B000AB847FBF6814623D189C7FBF2FFB483D61
:10B6C0000FB17FBF07E02F3D8FC37FBF2CC3163D57
:10B6D00098D37FBFB949FB3C29E17FBFB00AC93C81
:10B6E00043EC7FBFB6C9963CE6F47FBF900E493C61
:10B6F00011FB7FBF890FC93BC4FE7FBF0000000064
:10B700000000803F2FFB483D0FB17F3F36BDC83D55
:10B710006DC47E3F8340163EAC3A7D3FC2C5473E76
:10B72000BE147B3FCCCF783EF853783F31A0943E97
:10B730000BFA743FD47CAC3E0809713F15EFC33E51
:10B740005E836C3F80E8DA3ED86B673FEA5AF13E91
:10B7500098C5613F3D9C033F1A945B3FDA390E3F29
:10B7600031DB543FC07F183F029F4D3F9967223F16
:10B7700003E4453F4AEB2B3FF9AE3D3FF304353F31
:10B78000F304353FF9AE3D3F4AEB2B3F03E4453F21
:10B790009967223F029F4D3FC07F183F31DB543FE6
:10B7A000DA390E3F1A945B3F3D9C033F98C5613FD9
:10B7B000EA5AF13ED86B673F80E8DA3E5E836C3F21
:10B7C00015EFC33E0809713FD47CAC3E0BFA743FC1
:10B7D00031A0943EF853783FCCCF783EBE147B3FE7
:10B7E000C2C5473EAC3A7D3F8340163E6DC47E3FA6
:10B7F00036BDC83D0FB17F3F2FFB483D0000803F65
:10B80000000000000FB17F3F2FFB48BD6DC47E3F9D
:10B8100036BDC8BDAC3A7D3F834016BEBE147B3FEB
:10B82000C2C547BEF853783FCCCF78BE0BFA743F01
:10B8300031A094BE0809713FD47CACBE5E836C3FDE
:10B8400015EFC3BED86B673F80E8DABE98C5613F8D
:10B85000EA5AF1BE1A945B3F3D9C03BF31DB543F73
:10B86000DA390EBF029F4D3FC07F18BF03E4453F4A
:10B87000996722BFF9AE3D3F4AEB2BBFF304353F3A
:10B88000F30435BF4AEB2B3FF9AE3DBF9967223F2A
:10B8900003E445BFC07F183F029F4DBFDA390E3F1A
:10B8A00031DB54BF3D9C033F1A945BBFEA5AF13E23
:10B8B00098C561BF80E8DA3ED86B67BF15EFC33E1D
:10B8C0005E836CBFD47CAC3E080971BF31A0943E4E
:10B8D0000BFA74BFCCCF783EF85378BFC2C5473E51
:10B8E000BE147BBF8340163EAC3A7DBF36BDC83D1B
:10B8F0006DC47EBF2FFB483D0FB17FBF000000002D
:10B900000000803FC70F493BB1FF7F3F890FC93B14
:10B91000C4FE7F3F59CB163C39FD7F3F900E493C1A
:10B9200011FB7F3F4B517B3C4AF87F3FB6C9963CA9
:10B93000E6F47F3F69EAAF3CE3F07F3FB00AC93CE1
:10B9400043EC7F3F7B2AE23C05E77F3FB949FB3C64
:10B9500029E17F3F2F340A3DAFDA7F3F2CC3163DEC
:10B9600098D37F3FCC51233DE2CB7F3F07E02F3D73
:10B970008FC37F3FD56D3C3D9EBA7F3F2FFB483D37
:10B980000FB17F3F0E88553DE3A67F3F6814623DAF
:10B99000189C7F3F38A06E3DB1907F3F742B7B3D5C
:10B9A000AB847F3F0ADB833D08787F3F0A208A3DD6
:10B9B000C76A7F3FB464903DE95C7F3F05A9963D2F
:10B9C0006D4E7F3FF9EC9C3D543F7F3F8C30A33D53
:10B9D0009D2F7F3FBA73A93D491F7F3F80B6AF3D82
:10B9E000580E7F3FDAF8B53DC9FC7E3FC33ABC3DF7
:10B9F0009DEA7E3F397CC23DD4D77E3F36BDC83DEF
:10BA00006DC47E3FB7FDCE3D69B07E3FB93DD53DAB
:10BA1000C99B7E3F377DDB3D8B867E3F2EBCE13D63
:10BA2000B0707E3F9AFAE73D385A7E3F7638EE3D59
:10BA300023437E3FC075F43D722B7E3F73B2FA3DC7
:10BA400024137E3F4577003E38FA7D3F0295033E42
:10BA5000B1E07D3F6EB2063E8CC67D3F86CF093E8B
:10BA6000CCAB7D3F4AEC0C3E6E907D3FB708103E5C
:10BA700074747D3FCA24133EDE577D3F8340163EDB
:10BA8000AC3A7D3FE05B193EDD1C7D3FDE761C3E1F
:10BA900073FE7C3F7B911F3E6CDF7C3FB6AB223E4A
:10BAA000C9BF7C3F8CC5253E8A9F7C3FFCDE283E7B
:10BAB000B07E7C3F04F82B3E3A5D7C3FA2102F3EC7
:10BAC000283B7C3FD428323E7A187C3F9840353E54
:10BAD00031F57B3FEC57383E4DD17B3FCF6E3B3E3F
:10BAE000CDAC7B3F3E853E3EB2877B3F379B413EA0
:10BAF000FC617B3FB9B0443EAB3B7B3FC2C5473E98
:10BB0000BE147B3F4FDA4A3E37ED7A3F60EE4D3E42
:10BB100016C57A3FF101513E599C7A3F0115543EBA
:10BB200002737A3F8F27573E10497A3F97395A3E22
:10BB3000841E7A3F1A4B5D3E5EF3793F135C603E94
:10BB40009DC7793F836C633E439B793F667C663E2D
:10BB50004E6E793FBA8B693EC040793F7F9A6C3E0A
:10BB60009812793FB2A86F3ED6E3783F51B6723E45
:10BB70007BB4783F5AC3753E8684783FCCCF783EFD
:10BB8000F853783FA4DB7B3ED122783FE1E67E3E4E
:10BB900010F1773FC0F8803EB7BE773FC07D823E50
:10BBA000C58B773F7002843E3A58773FCE86853EFC
:10BBB0001724773FDA0A873E5BEF763F938E883E05
:10BBC00007BA763FF8118A3E1B84763F07958B3E75
:10BBD000974D763FC0178D3E7A16763F229A8E3E5D
:10BBE000C6DE753F2C1C903E7BA6753FDD9D913EC9
:10BBF000976D753F351F933E1D34753F31A0943EC0
:10BC00000BFA743FD220963E62BF743F17A1973E55
:10BC10002284743FFE20993E4B48743F86A09A3E92
:10BC2000DD0B743FAF1F9C3ED9CE733F789E9D3E87
:10BC30003F91733FDF1C9F3E0E53733FE59AA03E3A
:10BC40004714733F8718A23EEBD4723FC595A33EBD
:10BC5000F894723F9F12A53E7054723F128FA63E19
:10BC60005213723F1F0BA83E9FD1713FC486A93E5D
:10BC7000578F713F0102AB3E7A4C713FD47CAC3E92
:10BC80000809713F3CF7AD3E02C5703F3A71AF3EC7
:10BC90006680703FCBEAB03E373B703FEF63B23E09
:10BCA00073F56F3FA5DCB33E1BAF6F3FEC54B53E61
:10BCB00030686F3FC3CCB63EB0206F3F2A44B83ED9
:10BCC0009ED86E3F1EBBB93EF88F6E3FA031BB3E83
:10BCD000BE466E3FAFA7BC3EF2FC6D3F4A1DBE3E66
:10BCE00093B26D3F6F92BF3EA1676D3F1E07C13E8D
:10BCF0001D1C6D3F557BC23E07D06C3F15EFC33E08
:10BD00005E836C3F5C62C53E24366C3F29D5C63EDF
:10BD100058E86B3F7C47C83EFB996B3F53B9C93E1F
:10BD20000C4B6B3FAE2ACB3E8CFB6A3F8B9BCC3ED1
:10BD30007BAB6A3FEA0BCE3ED95A6A3FCA7BCF3E05
:10BD4000A7096A3F2AEBD03EE4B7693F095AD23EC1
:10BD50009165693F67C8D33EAE12693F4136D53E13
:10BD60003CBF683F99A3D63E396B683F6B10D83E05
:10BD7000A816683FB97CD93E87C1673F80E8DA3EA4
:10BD8000D86B673FC153DC3E9915673F79BEDD3EF6
:10BD9000CCBE663FA928DF3E7167663F4F92E03E0A
:10BDA000880F663F6AFBE13E10B7653FFA63E33EEA
:10BDB0000B5E653FFECBE43E7904653F7533E63E9E
:10BDC00059AA643F5D9AE73EAC4F643FB700E93E35
:10BDD00073F4633F8166EA3EAC98633FBBCBEB3EB6
:10BDE0005A3C633F6330ED3E7BDF623F7994EE3E29
:10BDF0001082623FFBF7EF3E1A24623FEA5AF13E9F
:10BE000098C5613F43BDF23E8A66613F071FF43E1D
:10BE1000F206613F3580F53ECFA6603FCBE0F63EAF
:10BE20002146603FC840F83EE9E45F3F2DA0F93E5F
:10BE300027835F3FF7FEFA3EDB205F3F275DFC3E36
:10BE400005BE5E3FBBBAFD3EA65A5E3FB217FF3E3F
:10BE5000BEF65D3F063A003F4D925D3FE4E7003F8E
:10BE6000532D5D3F7395013FD1C75C3FB142023F07
:10BE7000C7615C3F9FEF023F34FB5B3F3D9C033F4C
:10BE80001A945B3F8948043F792C5B3F84F4043F5C
:10BE900050C45A3F2CA0053FA05B5A3F824B063F3F
:10BEA0006AF2593F86F6063FAD88593F36A1073FF3
:10BEB0006A1E593F924B083FA1B3583F9BF5083F7C
:10BEC0005348583F4E9F093F7FDC573FAD480A3FDC
:10BED0002670573FB7F10A3F4803573F6B9A0B3F15
:10BEE000E595563FC9420C3FFE27563FD0EA0C3F2E
:10BEF00093B9553F81920D3FA44A553FDA390E3F21
:10BF000031DB543FDBE00E3F3B6B543F84870F3FF8
:10BF1000C3FA533FD52D103FC789533FCDD3103FB0
:10BF20004918533F6B79113F49A6523FB01E123F4B
:10BF3000C633523F9AC3123FC2C0513F2A68133FD3
:10BF40003D4D513F5F0C143F37D9503F39B0143F3E
:10BF5000AF64503FB753153FA8EF4F3FD9F6153F99
:10BF60001F7A4F3F9F99163F17044F3F073C173FDB
:10BF7000908D4E3F12DE173F89164E3FC07F183F0F
:10BF8000029F4D3F0F21193FFD264D3F00C2193F33
:10BF900079AE4C3F93621A3F78354C3FC6021B3F47
:10BFA000F8BB4B3F99A21B3FFA414B3F0C421C3F51
:10BFB0007FC74A3F1FE11C3F874C4A3FD17F1D3F4F
:10BFC00012D1493F221E1E3F2155493F12BC1E3F40
:10BFD000B3D8483F9F591F3FCA5B483FCBF61F3F2E
:10BFE00065DE473F9393203F8560473FF92F213F10
:10BFF0002AE2463FFBCB213F5463463F9967223FED
:10C0000003E4453FD302233F3964453FA99D233FC5
:10C01000F5E3443F1A38243F3763443F25D2243F99
:10C0200000E2433FCB6B253F5160433F0A05263F6B
:10C0300029DE423FE39D263F895B423F5636273F3C
:10C0400070D8413F61CE273FE154413F0566283F0C
:10C05000DAD0403F41FD283F5C4C403F1594293FDA
:10C0600067C73F3F802A2A3FFC413F3F82C02A3FAB
:10C070001BBC3E3F1B562B3FC5353E3F4AEB2B3F7B
:10C08000F9AE3D3F0F802C3FB8273D3F69142D3F4F
:10C0900003A03C3F59A82D3FD9173C3FDE3B2E3F24
:10C0A0003B8F3B3FF7CE2E3F29063B3FA5612F3FFD
:10C0B000A47C3A3FE6F32F3FACF2393FBB85303FDB
:10C0C0004268393F2217313F65DD383F1DA8313FB7
:10C0D0001652383FAA38323F55C6373FC9C8323F9B
:10C0E000233A373F7A58333F7FAD363FBCE7333F83
:10C0F0006C20363F8F76343FE792353FF304353F6F
:10C10000F304353FE792353F8F76343F6C20363F5E
:10C11000BCE7333F7FAD363F7A58333F233A373F52
:10C12000C9C8323F55C6373FAA38323F1652383F4A
:10C130001DA8313F65DD383F2217313F4268393F46
:10C14000BB85303FACF2393FE6F32F3FA47C3A3F4A
:10C15000A5612F3F29063B3FF7CE2E3F3B8F3B3F4C
:10C16000DE3B2E3FD9173C3F59A82D3F03A03C3F53
:10C1700069142D3FB8273D3F0F802C3FF9AE3D3F5E
:10C180004AEB2B3FC5353E3F1B562B3F1BBC3E3F6A
:10C1900082C02A3FFC413F3F802A2A3F67C73F3F7A
:10C1A0001594293F5C4C403F41FD283FDAD0403F89
:10C1B0000566283FE154413F61CE273F70D8413F9B
:10C1C0005636273F895B423FE39D263F29DE423FAB
:10C1D0000A05263F5160433FCB6B253F00E2433FBA
:10C1E00025D2243F3763443F1A38243FF5E3443FC8
:10C1F000A99D233F3964453FD302233F03E4453FD4
:10C200009967223F5463463FFBCB213F2AE2463FDA
:10C21000F92F213F8560473F9393203F65DE473FDD
:10C22000CBF61F3FCA5B483F9F591F3FB3D8483FDB
:10C2300012BC1E3F2155493F221E1E3F12D1493FCD
:10C24000D17F1D3F874C4A3F1FE11C3F7FC74A3FBC
:10C250000C421C3FFA414B3F99A21B3FF8BB4B3F9E
:10C26000C6021B3F78354C3F93621A3F79AE4C3F74
:10C2700000C2193FFD264D3F0F21193F029F4D3F40
:10C28000C07F183F89164E3F12DE173F908D4E3FFC
:10C29000073C173F17044F3F9F99163F1F7A4F3FA8
:10C2A000D9F6153FA8EF4F3FB753153FAF64503F46
:10C2B00039B0143F37D9503F5F0C143F3D4D513FCB
:10C2C0002A68133FC2C0513F9AC3123FC633523F40
:10C2D000B01E123F49A6523F6B79113F4918533F98
:10C2E000CDD3103FC789533FD52D103FC3FA533FDD
:10C2F00084870F3F3B6B543FDBE00E3F31DB543F05
:10C30000DA390E3FA44A553F81920D3F93B9553F0C
:10C31000D0EA0C3FFE27563FC9420C3FE595563FF9
:10C320006B9A0B3F4803573FB7F10A3F2670573FC0
:10C33000AD480A3F7FDC573F4E9F093F5348583F67
:10C340009BF5083FA1B3583F924B083F6A1E593FE7
:10C3500036A1073FAD88593F86F6063F6AF2593F3E
:10C36000824B063FA05B5A3F2CA0053F50C45A3F6A
:10C3700084F4043F792C5B3F8948043F1A945B3F67
:10C380003D9C033F34FB5B3F9FEF023FC7615C3F37
:10C39000B142023FD1C75C3F7395013F532D5D3FD2
:10C3A000E4E7003F4D925D3F063A003FBEF65D3F39
:10C3B000B217FF3EA65A5E3FBBBAFD3E05BE5E3FCA
:10C3C000275DFC3EDB205F3FF7FEFA3E27835F3FA1
:10C3D0002DA0F93EE9E45F3FC840F83E2146603FAA
:10C3E000CBE0F63ECFA6603F3580F53EF206613FDA
:10C3F000071FF43E8A66613F43BDF23E98C5613F28
:10C40000EA5AF13E1A24623FFBF7EF3E1082623F88
:10C410007994EE3E7BDF623F6330ED3E5A3C633FF2
:10C42000BBCBEB3EAC98633F8166EA3E73F4633F5F
:10C43000B700E93EAC4F643F5D9AE73E59AA643FBE
:10C440007533E63E7904653FFECBE43E0B5E653F07
:10C45000FA63E33E10B7653F6AFBE13E880F663F33
:10C460004F92E03E7167663FA928DF3ECCBE663F33
:10C4700079BEDD3E9915673FC153DC3ED86B673FFF
:10C4800080E8DA3E87C1673FB97CD93EA816683F8D
:10C490006B10D83E396B683F99A3D63E3CBF683FCE
:10C4A0004136D53EAE12693F67C8D33E9165693FBC
:10C4B000095AD23EE4B7693F2AEBD03EA7096A3F4A
:10C4C000CA7BCF3ED95A6A3FEA0BCE3E7BAB6A3F6E
:10C4D0008B9BCC3E8CFB6A3FAE2ACB3E0C4B6B3F1A
:10C4E00053B9C93EFB996B3F7C47C83E58E86B3F48
:10C4F00029D5C63E24366C3F5C62C53E5E836C3FE8
:10C5000015EFC33E07D06C3F557BC23E1D1C6D3FEF
:10C510001E07C13EA1676D3F6F92BF3E93B26D3F54
:10C520004A1DBE3EF2FC6D3FAFA7BC3EBE466E3F0D
:10C53000A031BB3EF88F6E3F1EBBB93E9ED86E3F0A
:10C540002A44B83EB0206F3FC3CCB63E30686F3F40
:10C55000EC54B53E1BAF6F3FA5DCB33E73F56F3FA8
:10C56000EF63B23E373B703FCBEAB03E6680703F30
:10C570003A71AF3E02C5703F3CF7AD3E0809713FCE
:10C58000D47CAC3E7A4C713F0102AB3E578F713F79
:10C59000C486A93E9FD1713F1F0BA83E5213723F24
:10C5A000128FA63E7054723F9F12A53EF894723FC0
:10C5B000C595A33EEBD4723F8718A23E4714733F44
:10C5C000E59AA03E0E53733FDF1C9F3E3F91733FA1
:10C5D000789E9D3ED9CE733FAF1F9C3EDD0B743FCE
:10C5E00086A09A3E4B48743FFE20993E2284743FB9
:10C5F00017A1973E62BF743FD220963E0BFA743F5C
:10C6000031A0943E1D34753F351F933E976D753FA5
:10C61000DD9D913E7BA6753F2C1C903EC6DE753F8E
:10C62000229A8E3E7A16763FC0178D3E974D763F02
:10C6300007958B3E1B84763FF8118A3E07BA763FFA
:10C64000938E883E5BEF763FDA0A873E1724773F6A
:10C65000CE86853E3A58773F7002843EC58B773F41
:10C66000C07D823EB7BE773FC0F8803E10F1773F75
:10C67000E1E67E3ED122783FA4DB7B3EF853783F53
:10C68000CCCF783E8684783F5AC3753E7BB4783FE2
:10C6900051B6723ED6E3783FB2A86F3E9812793F0A
:10C6A0007F9A6C3EC040793FBA8B693E4E6E793FAF
:10C6B000667C663E439B793F836C633E9DC7793FB2
:10C6C000135C603E5EF3793F1A4B5D3E841E7A3FF9
:10C6D00097395A3E10497A3F8F27573E02737A3F67
:10C6E0000115543E599C7A3FF101513E16C57A3FDF
:10C6F00060EE4D3E37ED7A3F4FDA4A3EBE147B3F47
:10C70000C2C5473EAB3B7B3FB9B0443EFC617B3F7B
:10C71000379B413EB2877B3F3E853E3ECDAC7B3F63
:10C72000CF6E3B3E4DD17B3FEC57383E31F57B3FE2
:10C730009840353E7A187C3FD428323E283B7C3FD7
:10C74000A2102F3E3A5D7C3F04F82B3EB07E7C3F2A
:10C75000FCDE283E8A9F7C3F8CC5253EC9BF7C3FBE
:10C76000B6AB223E6CDF7C3F7B911F3E73FE7C3F6D
:10C77000DE761C3EDD1C7D3FE05B193EAC3A7D3F22
:10C780008340163EDE577D3FCA24133E74747D3FBE
:10C79000B708103E6E907D3F4AEC0C3ECCAB7D3F1F
:10C7A00086CF093E8CC67D3F6EB2063EB1E07D3F2E
:10C7B0000295033E38FA7D3F4577003E24137E3FC5
:10C7C00073B2FA3D722B7E3FC075F43D23437E3F2A
:10C7D0007638EE3D385A7E3F9AFAE73DB0707E3F9C
:10C7E0002EBCE13D8B867E3F377DDB3DC99B7E3F86
:10C7F000B93DD53D69B07E3FB7FDCE3D6DC47E3FAE
:10C8000036BDC83DD4D77E3F397CC23D9DEA7E3FD0
:10C81000C33ABC3DC9FC7E3FDAF8B53D580E7F3FB8
:10C8200080B6AF3D491F7F3FBA73A93D9D2F7F3F23
:10C830008C30A33D543F7F3FF9EC9C3D6D4E7F3FD4
:10C8400005A9963DE95C7F3FB464903DC76A7F3F90
:10C850000A208A3D08787F3F0ADB833DAB847F3F17
:10C86000742B7B3DB1907F3F38A06E3D189C7F3F7D
:10C870006814623DE3A67F3F0E88553D0FB17F3FB0
:10C880002FFB483D9EBA7F3FD56D3C3D8FC37F3F18
:10C8900007E02F3DE2CB7F3FCC51233D98D37F3F34
:10C8A0002CC3163DAFDA7F3F2F340A3D29E17F3F8D
:10C8B000B949FB3C05E77F3F7B2AE23C43EC7F3FE5
:10C8C000B00AC93CE3F07F3F69EAAF3CE6F47F3F42
:10C8D000B6C9963C4AF87F3F4B517B3C11FB7F3FEA
:10C8E000900E493C39FD7F3F59CB163CC4FE7F3F3B
:10C8F000890FC93BB1FF7F3FC70F493B0000803F15
:10C9000000000000B1FF7F3FC70F49BBC4FE7F3F5F
:10C91000890FC9BB39FD7F3F59CB16BC11FB7F3F47
:10C92000900E49BC4AF87F3F4B517BBCE6F47F3FF9
:10C93000B6C996BCE3F07F3F69EAAFBC43EC7F3FEA
:10C94000B00AC9BC05E77F3F7B2AE2BC29E17F3FF3
:10C95000B949FBBCAFDA7F3F2F340ABD98D37F3F84
:10C960002CC316BDE2CB7F3FCC5123BD8FC37F3F8D
:10C9700007E02FBD9EBA7F3FD56D3CBD0FB17F3F15
:10C980002FFB48BDE3A67F3F0E8855BD189C7F3F17
:10C99000681462BDB1907F3F38A06EBDAB847F3F0D
:10C9A000742B7BBD08787F3F0ADB83BDC76A7F3F5E
:10C9B0000A208ABDE95C7F3FB46490BD6D4E7F3F25
:10C9C00005A996BD543F7F3FF9EC9CBD9D2F7F3F4D
:10C9D0008C30A3BD491F7F3FBA73A9BD580E7F3F5E
:10C9E00080B6AFBDC9FC7E3FDAF8B5BD9DEA7E3F9B
:10C9F000C33ABCBDD4D77E3F397CC2BD6DC47E3F37
:10CA000036BDC8BD69B07E3FB7FDCEBDC99B7E3F78
:10CA1000B93DD5BD8B867E3F377DDBBDB0707E3F97
:10CA20002EBCE1BD385A7E3F9AFAE7BD23437E3FD4
:10CA30007638EEBD722B7E3FC075F4BD24137E3F69
:10CA400073B2FABD38FA7D3F457700BEB1E07D3F55
:10CA5000029503BE8CC67D3F6EB206BECCAB7D3F59
:10CA600086CF09BE6E907D3F4AEC0CBE74747D3F4C
:10CA7000B70810BEDE577D3FCA2413BEAC3A7D3FD7
:10CA8000834016BEDD1C7D3FE05B19BE73FE7C3F1C
:10CA9000DE761CBE6CDF7C3F7B911FBEC9BF7C3F36
:10CAA000B6AB22BE8A9F7C3F8CC525BEB07E7C3F44
:10CAB000FCDE28BE3A5D7C3F04F82BBE283B7C3F61
:10CAC000A2102FBE7A187C3FD42832BE31F57B3FAE
:10CAD000984035BE4DD17B3FEC5738BECDAC7B3F47
:10CAE000CF6E3BBEB2877B3F3E853EBEFC617B3F47
:10CAF000379B41BEAB3B7B3FB9B044BEBE147B3FCE
:10CB0000C2C547BE37ED7A3F4FDA4ABE16C57A3FF7
:10CB100060EE4DBE599C7A3FF10151BE02737A3FDF
:10CB2000011554BE10497A3F8F2757BE841E7A3FA5
:10CB300097395ABE5EF3793F1A4B5DBE9DC7793F68
:10CB4000135C60BE439B793F836C63BE4E6E793F3E
:10CB5000667C66BEC040793FBA8B69BE9812793F49
:10CB60007F9A6CBED6E3783FB2A86FBE7BB4783FA5
:10CB700051B672BE8684783F5AC375BEF853783F6B
:10CB8000CCCF78BED122783FA4DB7BBE10F1773FBB
:10CB9000E1E67EBEB7BE773FC0F880BEC58B773F6B
:10CBA000C07D82BE3A58773F700284BE1724773F1B
:10CBB000CE8685BE5BEF763FDA0A87BE07BA763F40
:10CBC000938E88BE1B84763FF8118ABE974D763FC0
:10CBD00007958BBE7A16763FC0178DBEC6DE753FB1
:10CBE000229A8EBE7BA6753F2C1C90BE976D753F1A
:10CBF000DD9D91BE1D34753F351F93BE0BFA743F0A
:10CC000031A094BE62BF743FD22096BE2284743F8E
:10CC100017A197BE4B48743FFE2099BEDD0B743FB1
:10CC200086A09ABED9CE733FAF1F9CBE3F91733F83
:10CC3000789E9DBE0E53733FDF1C9FBE4714733F0B
:10CC4000E59AA0BEEBD4723F8718A2BEF894723F5B
:10CC5000C595A3BE7054723F9F12A5BE5213723F7A
:10CC6000128FA6BE9FD1713F1F0BA8BE578F713F79
:10CC7000C486A9BE7A4C713F0102ABBE0809713F60
:10CC8000D47CACBE02C5703F3CF7ADBE6680703F41
:10CC90003A71AFBE373B703FCBEAB0BE73F56F3F22
:10CCA000EF63B2BE1BAF6F3FA5DCB3BE30686F3F12
:10CCB000EC54B5BEB0206F3FC3CCB6BE9ED86E3F1D
:10CCC0002A44B8BEF88F6E3F1EBBB9BEBE466E3F4B
:10CCD000A031BBBEF2FC6D3FAFA7BCBE93B26D3FAF
:10CCE0004A1DBEBEA1676D3F6F92BFBE1D1C6D3F4A
:10CCF0001E07C1BE07D06C3F557BC2BE5E836C3F32
:10CD000015EFC3BE24366C3F5C62C5BE58E86B3F6E
:10CD100029D5C6BEFB996B3F7C47C8BE0C4B6B3F09
:10CD200053B9C9BE8CFB6A3FAE2ACBBE7BAB6A3F10
:10CD30008B9BCCBED95A6A3FEA0BCEBEA7096A3F8D
:10CD4000CA7BCFBEE4B7693F2AEBD0BE9165693F8D
:10CD5000095AD2BEAE12693F67C8D3BE3CBF683F16
:10CD60004136D5BE396B683F99A3D6BEA816683F39
:10CD70006B10D8BE87C1673FB97CD9BED86B673FFF
:10CD800080E8DABE9915673FC153DCBECCBE663F72
:10CD900079BEDDBE7167663FA928DFBE880F663F9A
:10CDA0004F92E0BE10B7653F6AFBE1BE0B5E653F88
:10CDB000FA63E3BE7904653FFECBE4BE59AA643F43
:10CDC0007533E6BEAC4F643F5D9AE7BE73F4633FD4
:10CDD000B700E9BEAC98633F8166EABE5A3C633F48
:10CDE000BBCBEBBE7BDF623F6330EDBE1082623FA8
:10CDF0007994EEBE1A24623FFBF7EFBE98C5613FFF
:10CE0000EA5AF1BE8A66613F43BDF2BEF206613F57
:10CE1000071FF4BECFA6603F3580F5BE2146603FB8
:10CE2000CBE0F6BEE9E45F3FC840F8BE27835F3F32
:10CE30002DA0F9BEDB205F3FF7FEFABE05BE5E3FC8
:10CE4000275DFCBEA65A5E3FBBBAFDBEBEF65D3F87
:10CE5000B217FFBE4D925D3F063A00BF532D5D3FB6
:10CE6000E4E700BFD1C75C3F739501BFC7615C3F7A
:10CE7000B14202BF34FB5B3F9FEF02BF1A945B3F9E
:10CE80003D9C03BF792C5B3F894804BF50C45A3F87
:10CE900084F404BFA05B5A3F2CA005BF6AF2593F3F
:10CEA000824B06BFAD88593F86F606BF6A1E593FC2
:10CEB00036A107BFA1B3583F924B08BF5348583F14
:10CEC0009BF508BF7FDC573F4E9F09BF2670573F39
:10CED000AD480ABF4803573FB7F10ABFE595563F33
:10CEE0006B9A0BBFFE27563FC9420CBF93B9553F03
:10CEF000D0EA0CBFA44A553F81920DBF31DB543FAD
:10CF0000DA390EBF3B6B543FDBE00EBFC3FA533F31
:10CF100084870FBFC789533FD52D10BF4918533F92
:10CF2000CDD310BF49A6523F6B7911BFC633523FD4
:10CF3000B01E12BFC2C0513F9AC312BF3D4D513FF8
:10CF40002A6813BF37D9503F5F0C14BFAF64503FFE
:10CF500039B014BFA8EF4F3FB75315BF1F7A4F3FEB
:10CF6000D9F615BF17044F3F9F9916BF908D4E3FBE
:10CF7000073C17BF89164E3F12DE17BF029F4D3F79
:10CF8000C07F18BFFD264D3F0F2119BF79AE4C3F22
:10CF900000C219BF78354C3F93621ABFF8BB4B3FB4
:10CFA000C6021BBFFA414B3F99A21BBF7FC74A3F36
:10CFB0000C421CBF874C4A3F1FE11CBF12D1493FA6
:10CFC000D17F1DBF2155493F221E1EBFB3D8483F08
:10CFD00012BC1EBFCA5B483F9F591FBF65DE473F5B
:10CFE000CBF61FBF8560473F939320BF2AE2463FA1
:10CFF000F92F21BF5463463FFBCB21BF03E4453FDC
:10D00000996722BF3964453FD30223BFF5E3443F0C
:10D01000A99D23BF3763443F1A3824BF00E2433F32
:10D0200025D224BF5160433FCB6B25BF29DE423F51
:10D030000A0526BF895B423FE39D26BF70D8413F6A
:10D04000563627BFE154413F61CE27BFDAD0403F7B
:10D05000056628BF5C4C403F41FD28BF67C73F3F86
:10D06000159429BFFC413F3F802A2ABF1BBC3E3F8D
:10D0700082C02ABFC5353E3F1B562BBFF9AE3D3F90
:10D080004AEB2BBFB8273D3F0F802CBF03A03C3F8E
:10D0900069142DBFD9173C3F59A82DBF3B8F3B3F8B
:10D0A000DE3B2EBF29063B3FF7CE2EBFA47C3A3F86
:10D0B000A5612FBFACF2393FE6F32FBF4268393F7D
:10D0C000BB8530BF65DD383F221731BF1652383F70
:10D0D0001DA831BF55C6373FAA3832BF233A373F64
:10D0E000C9C832BF7FAD363F7A5833BF6C20363F58
:10D0F000BCE733BFE792353F8F7634BFF304353F4B
:10D10000F30435BF8F76343FE79235BFBCE7333F3A
:10D110006C2036BF7A58333F7FAD36BFC9C8323F27
:10D12000233A37BFAA38323F55C637BF1DA8313F13
:10D13000165238BF2217313F65DD38BFBB85303FFF
:10D14000426839BFE6F32F3FACF239BFA5612F3FEC
:10D15000A47C3ABFF7CE2E3F29063BBFDE3B2E3FD5
:10D160003B8F3BBF59A82D3FD9173CBF69142D3FBA
:10D1700003A03CBF0F802C3FB8273DBF4AEB2B3F9D
:10D18000F9AE3DBF1B562B3FC5353EBF82C02A3F7F
:10D190001BBC3EBF802A2A3FFC413FBF1594293F5C
:10D1A00067C73FBF41FD283F5C4C40BF0566283F35
:10D1B000DAD040BF61CE273FE15441BF5636273F0A
:10D1C00070D841BFE39D263F895B42BF0A05263FD9
:10D1D00029DE42BFCB6B253F516043BF25D2243FA0
:10D1E00000E243BF1A38243F376344BFA99D233F61
:10D1F000F5E344BFD302233F396445BF9967223F1B
:10D2000003E445BFFBCB213F546346BFF92F213FC9
:10D210002AE246BF9393203F856047BFCBF61F3F6E
:10D2200065DE47BF9F591F3FCA5B48BF12BC1E3F08
:10D23000B3D848BF221E1E3F215549BFD17F1D3F95
:10D2400012D149BF1FE11C3F874C4ABF0C421C3F13
:10D250007FC74ABF99A21B3FFA414BBFC6021B3F83
:10D26000F8BB4BBF93621A3F78354CBF00C2193FE1
:10D2700079AE4CBF0F21193FFD264DBFC07F183F2F
:10D28000029F4DBF12DE173F89164EBF073C173F66
:10D29000908D4EBF9F99163F17044FBFD9F6153F8B
:10D2A0001F7A4FBFB753153FA8EF4FBF39B0143F98
:10D2B000AF6450BF5F0C143F37D950BF2A68133F8B
:10D2C0003D4D51BF9AC3123FC2C051BFB01E123F65
:10D2D000C63352BF6B79113F49A652BFCDD3103F21
:10D2E000491853BFD52D103FC78953BF84870F3FBF
:10D2F000C3FA53BFDBE00E3F3B6B54BFDA390E3F3E
:10D3000031DB54BF81920D3FA44A55BFD0EA0C3F98
:10D3100093B955BFC9420C3FFE2756BF6B9A0B3FCE
:10D32000E59556BFB7F10A3F480357BFAD480A3FDE
:10D33000267057BF4E9F093F7FDC57BF9BF5083FC4
:10D34000534858BF924B083FA1B358BF36A1073F7F
:10D350006A1E59BF86F6063FAD8859BF824B063F0D
:10D360006AF259BF2CA0053FA05B5ABF84F4043F6A
:10D3700050C45ABF8948043F792C5BBF3D9C033F92
:10D380001A945BBF9FEF023F34FB5BBFB142023F89
:10D39000C7615CBF7395013FD1C75CBFE4E7003F45
:10D3A000532D5DBF063A003F4D925DBFB217FF3E61
:10D3B000BEF65DBFBBBAFD3EA65A5EBF275DFC3E12
:10D3C00005BE5EBFF7FEFA3EDB205FBF2DA0F93E33
:10D3D00027835FBFC840F83EE9E45FBFCBE0F63E7D
:10D3E000214660BF3580F53ECFA660BF071FF43EE3
:10D3F000F20661BF43BDF23E8A6661BFEA5AF13E62
:10D4000098C561BFFBF7EF3E1A2462BF7994EE3EE8
:10D41000108262BF6330ED3E7BDF62BFBBCBEB3E71
:10D420005A3C63BF8166EA3EAC9863BFB700E93EF1
:10D4300073F463BF5D9AE73EAC4F64BF7533E63E5D
:10D4400059AA64BFFECBE43E790465BFFA63E33EAC
:10D450000B5E65BF6AFBE13E10B765BF4F92E03ED1
:10D46000880F66BFA928DF3E716766BF79BEDD3EC3
:10D47000CCBE66BFC153DC3E991567BF80E8DA3E7B
:10D48000D86B67BFB97CD93E87C167BF6B10D83EE8
:10D49000A81668BF99A3D63E396B68BF4136D53E02
:10D4A0003CBF68BF67C8D33EAE1269BF095AD23EBF
:10D4B000916569BF2AEBD03EE4B769BFCA7BCF3E16
:10D4C000A7096ABFEA0BCE3ED95A6ABF8B9BCC3EF6
:10D4D0007BAB6ABFAE2ACB3E8CFB6ABF53B9C93E59
:10D4E0000C4B6BBF7C47C83EFB996BBF29D5C63E32
:10D4F00058E86BBF5C62C53E24366CBF15EFC33E77
:10D500005E836CBF557BC23E07D06CBF1E07C13E19
:10D510001D1C6DBF6F92BF3EA1676DBF4A1DBE3E11
:10D5200093B26DBFAFA7BC3EF2FC6DBFA031BB3E56
:10D53000BE466EBF1EBBB93EF88F6EBF2A44B83ED2
:10D540009ED86EBFC3CCB63EB0206FBFEC54B53E84
:10D5500030686FBFA5DCB33E1BAF6FBFEF63B23E59
:10D5600073F56FBFCBEAB03E373B70BF3A71AF3E49
:10D57000668070BF3CF7AD3E02C570BFD47CAC3E48
:10D58000080971BF0102AB3E7A4C71BFC486A93E47
:10D59000578F71BF1F0BA83E9FD171BF128FA63E40
:10D5A000521372BF9F12A53E705472BFC595A33E21
:10D5B000F89472BF8718A23EEBD472BFE59AA03EE2
:10D5C000471473BFDF1C9F3E0E5373BF789E9D3E72
:10D5D0003F9173BFAF1F9C3ED9CE73BF86A09A3ECA
:10D5E000DD0B74BFFE20993E4B4874BF17A1973ED8
:10D5F000228474BFD220963E62BF74BF31A0943E95
:10D600000BFA74BF351F933E1D3475BFDD9D913EEF
:10D61000976D75BF2C1C903E7BA675BF229A8E3EDF
:10D62000C6DE75BFC0178D3E7A1676BF07958B3E56
:10D63000974D76BFF8118A3E1B8476BF938E883E45
:10D6400007BA76BFDA0A873E5BEF76BFCE86853EA5
:10D65000172477BF7002843E3A5877BFC07D823E60
:10D66000C58B77BFC0F8803EB7BE77BFE1E67E3E90
:10D6700010F177BFA4DB7B3ED12278BFCCCF783EC0
:10D68000F85378BF5AC3753E868478BF51B6723E50
:10D690007BB478BFB2A86F3ED6E378BF7F9A6C3E6A
:10D6A000981279BFBA8B693EC04079BF667C663EEE
:10D6B0004E6E79BF836C633E439B79BF135C603EC3
:10D6C0009DC779BF1A4B5D3E5EF379BF97395A3ECD
:10D6D000841E7ABF8F27573E10497ABF0115543EEA
:10D6E00002737ABFF101513E599C7ABF60EE4D3E04
:10D6F00016C57ABF4FDA4A3E37ED7ABFC2C5473EFC
:10D70000BE147BBFB9B0443EAB3B7BBF379B413EB1
:10D71000FC617BBF3E853E3EB2877BBFCF6E3B3E0A
:10D72000CDAC7BBFEC57383E4DD17BBF9840353EEA
:10D7300031F57BBFD428323E7A187CBFA2102F3E31
:10D74000283B7CBF04F82B3E3A5D7CBFFCDE283EC4
:10D75000B07E7CBF8CC5253E8A9F7CBFB6AB223E87
:10D76000C9BF7CBF7B911F3E6CDF7CBFDE761C3E59
:10D7700073FE7CBFE05B193EDD1C7DBF8340163E1F
:10D78000AC3A7DBFCA24133EDE577DBFB708103EBA
:10D7900074747DBF4AEC0C3E6E907DBF86CF093E0F
:10D7A000CCAB7DBF6EB2063E8CC67DBF0295033EFC
:10D7B000B1E07DBF4577003E38FA7DBF73B2FA3DD8
:10D7C00024137EBFC075F43D722B7EBF7638EE3DCC
:10D7D00023437EBF9AFAE73D385A7EBF2EBCE13D17
:10D7E000B0707EBF377DDB3D8B867EBFB93DD53DBA
:10D7F000C99B7EBFB7FDCE3D69B07EBF36BDC83D7B
:10D800006DC47EBF397CC23DD4D77EBFC33ABC3D18
:10D810009DEA7EBFDAF8B53DC9FC7EBF80B6AF3D5C
:10D82000580E7FBFBA73A93D491F7FBF8C30A33DFF
:10D830009D2F7FBFF9EC9C3D543F7FBF05A9963DCE
:10D840006D4E7FBFB464903DE95C7FBF0A208A3D86
:10D85000C76A7FBF0ADB833D08787FBF742B7B3D9F
:10D86000AB847FBF38A06E3DB1907FBF6814623D2E
:10D87000189C7FBF0E88553DE3A67FBF2FFB483D18
:10D880000FB17FBFD56D3C3D9EBA7FBF07E02F3DF6
:10D890008FC37FBFCC51233DE2CB7FBF2CC3163D4E
:10D8A00098D37FBF2F340A3DAFDA7FBFB949FB3C25
:10D8B00029E17FBF7B2AE23C05E77FBFB00AC93C74
:10D8C00043EC7FBF69EAAF3CE3F07FBFB6C9963C4B
:10D8D000E6F47FBF4B517B3C4AF87FBF900E493C3A
:10D8E00011FB7FBF59CB163C39FD7FBF890FC93B68
:10D8F000C4FE7FBFC70F493BB1FF7FBF00000000E0
:10D900000000803FB00AC93C43EC7F3F2FFB483DFD
:10D910000FB17F3F05A9963D6D4E7F3F36BDC83D97
:10D920006DC47E3F73B2FA3D24137E3F8340163EA2
:10D93000AC3A7D3FA2102F3E283B7C3FC2C5473EFC
:10D94000BE147B3F135C603E9DC7793FCCCF783ED1
:10D95000F853783F938E883E07BA763F31A0943EC5
:10D960000BFA743FE59AA03E4714733FD47CAC3E5B
:10D970000809713F2A44B83E9ED86E3F15EFC33E5A
:10D980005E836C3FCA7BCF3EA7096A3F80E8DA3EE0
:10D99000D86B673F7533E63E59AA643FEA5AF13EB9
:10D9A00098C5613F275DFC3E05BE5E3F3D9C033F41
:10D9B0001A945B3F9BF5083F5348583FDA390E3FB6
:10D9C00031DB543F2A68133F3D4D513FC07F183F24
:10D9D000029F4D3FD17F1D3F12D1493F9967223FA2
:10D9E00003E4453F5636273F70D8413F4AEB2B3F73
:10D9F000F9AE3D3FBB85303F4268393FF304353FC8
:10DA0000F304353F4268393FBB85303FF9AE3D3FB7
:10DA10004AEB2B3F70D8413F5636273F03E4453F42
:10DA20009967223F12D1493FD17F1D3F029F4D3F51
:10DA3000C07F183F3D4D513F2A68133F31DB543FB3
:10DA4000DA390E3F5348583F9BF5083F1A945B3F25
:10DA50003D9C033F05BE5E3F275DFC3E98C5613F90
:10DA6000EA5AF13E59AA643F7533E63ED86B673FE8
:10DA700080E8DA3EA7096A3FCA7BCF3E5E836C3FEF
:10DA800015EFC33E9ED86E3F2A44B83E0809713F49
:10DA9000D47CAC3E4714733FE59AA03E0BFA743F2A
:10DAA00031A0943E07BA763F938E883EF853783F74
:10DAB000CCCF783E9DC7793F135C603EBE147B3F60
:10DAC000C2C5473E283B7C3FA2102F3EAC3A7D3F6B
:10DAD0008340163E24137E3F73B2FA3D6DC47E3FF1
:10DAE00036BDC83D6D4E7F3F05A9963D0FB17F3FC6
:10DAF0002FFB483D43EC7F3FB00AC93C0000803F0C
:10DB00000000000043EC7F3FB00AC9BC0FB17F3F6B
:10DB10002FFB48BD6D4E7F3F05A996BD6DC47E3F6E
:10DB200036BDC8BD24137E3F73B2FABDAC3A7D3F0B
:10DB3000834016BE283B7C3FA2102FBEBE147B3F05
:10DB4000C2C547BE9DC7793F135C60BEF853783F9E
:10DB5000CCCF78BE07BA763F938E88BE0BFA743F5F
:10DB600031A094BE4714733FE59AA0BE0809713FE7
:10DB7000D47CACBE9ED86E3F2A44B8BE5E836C3F58
:10DB800015EFC3BEA7096A3FCA7BCFBED86B673FFC
:10DB900080E8DABE59AA643F7533E6BE98C5613F96
:10DBA000EA5AF1BE05BE5E3F275DFCBE1A945B3F9C
:10DBB0003D9C03BF5348583F9BF508BF31DB543FA2
:10DBC000DA390EBF3D4D513F2A6813BF029F4D3FCA
:10DBD000C07F18BF12D1493FD17F1DBF03E4453F2D
:10DBE000996722BF70D8413F563627BFF9AE3D3FF7
:10DBF0004AEB2BBF4268393FBB8530BFF304353F4A
:10DC0000F30435BFBB85303F426839BF4AEB2B3F39
:10DC1000F9AE3DBF5636273F70D841BF9967223FC6
:10DC200003E445BFD17F1D3F12D149BFC07F183FDC
:10DC3000029F4DBF2A68133F3D4D51BFDA390E3F59
:10DC400031DB54BF9BF5083F534858BF3D9C033F11
:10DC50001A945BBF275DFC3E05BE5EBFEA5AF13EEB
:10DC600098C561BF7533E63E59AA64BF80E8DA3EC5
:10DC7000D86B67BFCA7BCF3EA7096ABF15EFC33E0B
:10DC80005E836CBF2A44B83E9ED86EBFD47CAC3E47
:10DC9000080971BFE59AA03E471473BF31A0943EB6
:10DCA0000BFA74BF938E883E07BA76BFCCCF783E0E
:10DCB000F85378BF135C603E9DC779BFC2C5473E2D
:10DCC000BE147BBFA2102F3E283B7CBF8340163E74
:10DCD000AC3A7DBF73B2FA3D24137EBF36BDC83D5A
:10DCE0006DC47EBF05A9963D6D4E7FBF2FFB483D9D
:10DCF0000FB17FBFB00AC93C43EC7FBF00000000FA
:10DD00000000803FC2C5473EBE147B3F15EFC33EB7
:10DD10005E836C3FDA390E3F31DB543FF304353F0D
:10DD2000F304353F31DB543FDA390E3F5E836C3FFD
:10DD300015EFC33EBE147B3FC2C5473E0000803F87
:10DD400000000000BE147B3FC2C547BE5E836C3F2F
:10DD500015EFC3BE31DB543FDA390EBFF304353F54
:10DD6000F30435BFDA390E3F31DB54BF15EFC33E44
:10DD70005E836CBFC2C5473EBE147BBF000000007F
:10DD80000000803FD40FC93AECFF7F3FC70F493BEB
:10DD9000B1FF7F3FC1CB963B4EFF7F3F890FC93B11
:10DDA000C4FE7F3F3053FB3B13FE7F3F59CB163CF5
:10DDB00039FD7F3F02ED2F3C39FC7F3F900E493CFF
:10DDC00011FB7F3F0030623CC1F97F3F4B517B3CF0
:10DDD0004AF87F3F38398A3CACF67F3FB6C9963C5B
:10DDE000E6F47F3F1C5AA33CF8F27F3F69EAAF3C60
:10DDF000E3F07F3F9B7ABC3CA7EE7F3FB00AC93C73
:10DE000043EC7F3FA69AD53CB8E97F3F7B2AE23CB2
:10DE100005E77F3F2DBAEE3C2BE47F3FB949FB3C41
:10DE200029E17F3F90EC033D00DE7F3F2F340A3D28
:10DE3000AFDA7F3FB87B103D37D77F3F2CC3163D0D
:10DE400098D37F3F880A1D3DD1CF7F3FCC51233DE2
:10DE5000E2CB7F3FF698293DCCC77F3F07E02F3DBF
:10DE60008FC37F3FFC26363D2ABF7F3FD56D3C3DAB
:10DE70009EBA7F3F91B4423DEAB57F3F2FFB483DBC
:10DE80000FB17F3FAF414F3D0DAC7F3F0E88553DF9
:10DE9000E3A67F3F4CCE5B3D91A17F3F6814623D7E
:10DEA000189C7F3F625A683D78967F3F38A06E3D50
:10DEB000B1907F3FE9E5743DC28A7F3F742B7B3D83
:10DEC000AB847F3F6CB8803D6D7E7F3F0ADB833D36
:10DED00008787F3F94FD863D7B717F3F0A208A3D15
:10DEE000C76A7F3F6A428D3DEC637F3FB464903DDB
:10DEF000E95C7F3FE786933DBF557F3F05A9963D8F
:10DF00006D4E7F3F0ACB993DF4467F3FF9EC9C3D37
:10DF1000543F7F3FCF0EA03D8D377F3F8C30A33DD8
:10DF20009D2F7F3F3052A63D87277F3FBA73A93D83
:10DF3000491F7F3F2B95AC3DE4167F3F80B6AF3D38
:10DF4000580E7F3FBBD7B23DA4057F3FDAF8B53D01
:10DF5000C9FC7E3FDD19B93DC7F37E3FC33ABC3DE6
:10DF60009DEA7E3F8D5BBF3D4CE17E3F397CC23DEB
:10DF7000D4D77E3FC69CC53D34CE7E3F36BDC83D1E
:10DF80006DC47E3F86DDCB3D7FBA7E3FB7FDCE3D83
:10DF900069B07E3FC81DD23D2DA67E3FB93DD53D1F
:10DFA000C99B7E3F895DD83D3D917E3F377DDB3DFE
:10DFB0008B867E3FC49CDE3DB17B7E3F2EBCE13D27
:10DFC000B0707E3F76DBE43D88657E3F9AFAE73DA0
:10DFD000385A7E3F9A19EB3DC14E7E3F7638EE3D72
:10DFE00023437E3F2E57F13D5E377E3FC075F43DA3
:10DFF000722B7E3F2C94F73D5E1F7E3F73B2FA3D3D
:10E0000024137E3F92D0FD3DC2067E3F4577003E01
:10E0100038FA7D3F2E06023E88ED7D3F0295033E95
:10E02000B1E07D3FC223053EB2D37D3F6EB2063ED6
:10E030008CC67D3F0541083E40B97D3F86CF093EF5
:10E04000CCAB7D3FF35D0B3E309E7D3F4AEC0C3EFA
:10E050006E907D3F8B7A0E3E85827D3FB708103EE5
:10E0600074747D3FCC96113E3D667D3FCA24133EBD
:10E07000DE577D3FB2B2143E59497D3F8340163E84
:10E08000AC3A7D3F3DCE173ED82B7D3FE05B193E3D
:10E09000DD1C7D3F6BE91A3EBC0D7D3FDE761C3EEC
:10E0A00073FE7C3F38041E3E03EF7C3F7B911F3E96
:10E0B0006CDF7C3FA51E213EAECF7C3FB6AB223E3F
:10E0C000C9BF7C3FAD38243EBDAF7C3F8CC5253EEB
:10E0D0008A9F7C3F5152273E318F7C3FFCDE283E99
:10E0E000B07E7C3F8D6B2A3E086E7C3F04F82B3E51
:10E0F0003A5D7C3F61842D3E444C7C3FA2102F3E14
:10E10000283B7C3FC99C303EE5297C3FD428323EE9
:10E110007A187C3FC4B4333EE9067C3F9840353ED4
:10E1200031F57B3F50CC363E53E37B3FEC57383ED6
:10E130004DD17B3F6CE3393E20BF7B3FCF6E3B3EF2
:10E14000CDAC7B3F15FA3C3E539A7B3F3E853E3E2D
:10E15000B2877B3F4910403EEA747B3F379B413E8C
:10E16000FC617B3F0726433EE74E7B3FB9B0443E10
:10E17000AB3B7B3F4D3B463E48287B3FC2C5473EBD
:10E18000BE147B3F1850493E0E017B3F4FDA4A3E9A
:10E1900037ED7A3F67644C3E3AD97A3F60EE4D3EA8
:10E1A00016C57A3F38784F3ECBB07A3FF101513EE9
:10E1B000599C7A3F898B523EC1877A3F0115543E64
:10E1C00002737A3F589E553E1C5E7A3F8F27573E1A
:10E1D00010497A3FA4B0583EDD337A3F97395A3E12
:10E1E000841E7A3F6AC25B3E04097A3F1A4B5D3E49
:10E1F0005EF3793FA8D35E3E91DD793F135C603ECC
:10E200009DC7793F5CE4613E83B1793F836C633E97
:10E21000439B793F86F4643EDC84793F667C663EAE
:10E220004E6E793F2204683E9A57793FBA8B693E19
:10E23000C040793F2F136B3EBF29793F7F9A6C3ED8
:10E240009812793FAB216E3E4AFB783FB2A86F3EF1
:10E25000D6E3783F942F713E3BCC783F51B6723E67
:10E260007BB4783FE83C743E939C783F5AC3753E3C
:10E270008684783FA649773E526C783FCCCF783E73
:10E28000F853783FCB557A3E773B783FA4DB7B3E13
:10E29000D122783F56617D3E040A783FE1E67E3E1A
:10E2A00010F1773F2236803EF7D7773FC0F8803EA7
:10E2B000B7BE773F4ABB813E51A5773FC07D823EC6
:10E2C000C58B773F2240833E1372773F7002843EB6
:10E2D0003A58773FAAC4843E3C3E773FCE86853E7F
:10E2E0001724773FDF48863ECC09773FDA0A873E1E
:10E2F0005BEF763FC1CC873EC4D4763F938E883E99
:10E3000007BA763F5050893E249F763FF8118A3EE7
:10E310001B84763F8AD38A3EEC68763F07958B3E16
:10E32000974D763F6E568C3E1B32763FC0178D3E22
:10E330007A16763FFCD88D3EB3FA753F229A8E3E10
:10E34000C6DE753F325B8F3EB3C2753F2C1C903EDC
:10E350007BA6753F10DD903E1C8A753FDD9D913E8A
:10E36000976D753F945E923EED50753F351F933E1D
:10E370001D34753FBFDF933E2717753F31A0943E94
:10E380000BFA743F8D60953EC9DC743FD220963EF7
:10E3900062BF743F00E1963ED5A1743F17A1973E3E
:10E3A0002284743F1661983E4966743FFE20993E70
:10E3B0004B48743FCEE0993E272A743F86A09A3E90
:10E3C000DD0B743F27609B3E6EED733FAF1F9C3E9D
:10E3D000D9CE733F20DF9C3E1FB0733F789E9D3E99
:10E3E0003F91733FB85D9E3E3972733FDF1C9F3E85
:10E3F0000E53733FEEDB9F3EBE33733FE59AA03E64
:10E400004714733FC259A13EACF4723F8718A23E35
:10E41000EBD4723F33D7A23E04B5723FC595A33EFD
:10E42000F894723F3F54A43EC774723F9F12A53EBA
:10E430007054723FE5D0A53EF433723F128FA63E72
:10E440005213723F254DA73E8CF2713F1F0BA83E21
:10E450009FD1713FFEC8A83E8EB0713FC486A93ED1
:10E46000578F713F6F44AA3EFB6D713F0102AB3E77
:10E470007A4C713F77BFAB3ED42A713FD47CAC3E1F
:10E480000809713F153AAD3E17E7703F3CF7AD3EC6
:10E4900002C5703F49B4AE3EC6A2703F3A71AF3E6E
:10E4A0006680703F102EB03EE15D703FCBEAB03E1B
:10E4B000373B703F6BA7B13E6718703FEF63B23ECA
:10E4C00073F56F3F5820B33E5AD26F3FA5DCB33E81
:10E4D0001BAF6F3FD698B43EB88B6F3FEC54B53E40
:10E4E00030686F3FE610B63E83446F3FC3CCB63E04
:10E4F000B0206F3F8488B73EBAFC6E3F2A44B83ED6
:10E500009ED86E3FB2FFB83E5DB46E3F1EBBB93EB3
:10E51000F88F6E3F6E76BA3E6D6B6E3FA031BB3E9C
:10E52000BE466E3FB6ECBB3EEB216E3FAFA7BC3E96
:10E53000F2FC6D3F8B62BD3ED5D76D3F4A1DBE3E9E
:10E5400093B26D3FEBD7BE3E2D8D6D3F6F92BF3EB8
:10E55000A1676D3FD54CC03EF2416D3F1E07C13EE5
:10E560001D1C6D3F48C1C13E24F66C3F557BC23E29
:10E5700007D06C3F4435C33EC5A96C3F15EFC33E81
:10E580005E836C3FC8A8C43ED45C6C3F5C62C53EF1
:10E5900024366C3FD21BC63E500F6C3F29D5C63E79
:10E5A00058E86B3F628EC73E3BC16B3F7C47C83E1D
:10E5B000FB996B3F7700C93E95726B3F53B9C93EDB
:10E5C0000C4B6B3F1072CA3E5E236B3FAE2ACB3EB4
:10E5D0008CFB6A3F2CE3CB3E95D36A3F8B9BCC3EB2
:10E5E0007BAB6A3FCA53CD3E3C836A3FEA0BCE3ECB
:10E5F000D95A6A3FEAC3CE3E52326A3FCA7BCF3E07
:10E60000A7096A3F8A33D03ED7E0693F2AEBD03E64
:10E61000E4B7693FAAA2D13ECC8E693F095AD23EE7
:10E620009165693F4811D33E323C693F67C8D33E8C
:10E63000AE12693F647FD43E07E9683F4136D53E5C
:10E640003CBF683FFDECD53E4C95683F99A3D63E54
:10E65000396B683F135AD73E0341683F6B10D83E71
:10E66000A816683FA3C6D83E2AEC673FB97CD93EBE
:10E6700087C1673FAD32DA3EC196673F80E8DA3E38
:10E68000D86B673F319EDB3ECA40673FC153DC3EDB
:10E690009915673F2E09DD3E45EA663F79BEDD3EAE
:10E6A000CCBE663FA273DE3E3093663FA928DF3EB4
:10E6B0007167663F8DDDDF3E8E3B663F4F92E03EE9
:10E6C000880F663FEE46E13E5EE3653F6AFBE13E52
:10E6D00010B7653FC4AFE23EA08A653FFA63E33EF0
:10E6E0000B5E653F0E18E43E5431653FFECBE43EC1
:10E6F0007904653FCB7FE53E7BD7643F7533E63ECB
:10E7000059AA643FFBE6E63E147D643F5D9AE73E0E
:10E71000AC4F643F9C4DE83E2122643FB700E93E88
:10E7200073F4633FAEB3E93EA1C6633F8166EA3E40
:10E73000AC98633F3019EB3E956A633FBBCBEB3E31
:10E740005A3C633F217EEC3EFC0D633F6330ED3E5F
:10E750007BDF623F80E2ED3ED7B0623F7994EE3ED0
:10E760001082623F4C46EF3E2653623FFBF7EF3E7E
:10E770001A24623F85A9F03EEAF4613FEA5AF13E6D
:10E7800098C5613F290CF23E2296613F43BDF23E9F
:10E790008A66613F386EF33ED036613F071FF43E14
:10E7A000F206613FB1CFF43EF2D6603F3580F53ED0
:10E7B000CFA6603F9330F63E8976603FCBE0F63ED1
:10E7C0002146603FDC90F73E9615603FC840F83E1A
:10E7D000E9E45F3F8EF0F83E19B45F3F2DA0F93EAB
:10E7E00027835F3FA54FFA3E12525F3FF7FEFA3E86
:10E7F000DB205F3F22AEFB3E81EF5E3F275DFC3EAC
:10E8000005BE5E3F040CFD3E678C5E3FBBBAFD3E1D
:10E81000A65A5E3F4A69FE3EC3285E3FB217FF3EDE
:10E82000BEF65D3FF3C5FF3E97C45D3F063A003F2D
:10E830004D925D3FFF90003FE15F5D3FE4E7003FA9
:10E84000532D5D3FB53E013FA3FA5C3F7395013FF9
:10E85000D1C75C3F1CEC013FDD945C3FB142023FFD
:10E86000C7615C3F3299023F8E2E5C3F9FEF023FB3
:10E8700034FB5B3FF845033FB8C75B3F3D9C033F1C
:10E880001A945B3F6DF2033F5A605B3F8948043F37
:10E89000792C5B3F919E043F75F85A3F84F4043F06
:10E8A00050C45A3F624A053F09905A3F2CA0053F89
:10E8B000A05B5A3FE2F5053F16275A3F824B063FC1
:10E8C0006AF2593F0EA1063F9CBD593F86F6063FAE
:10E8D000AD88593FE84B073F9C53593F36A1073F4E
:10E8E0006A1E593F6FF6073F17E9583F924B083FA2
:10E8F000A1B3583FA1A0083F0B7E583F9BF5083FAE
:10E900005348583F7F4A093F7912583F4E9F093F6D
:10E910007FDC573F09F4093F63A6573FAD480A3FE4
:10E920002670573F3D9D0A3FC739573FB7F10A3F11
:10E930004803573F1C460B3FA7CC563F6B9A0B3FF3
:10E94000E595563FA5EE0B3F025F563FC9420C3F8F
:10E95000FE27563FD7960C3FD9F0553FD0EA0C3FE3
:10E9600093B9553FB33E0D3F2C82553F81920D3FE9
:10E97000A44A553F38E60D3FFB12553FDA390E3FAA
:10E9800031DB543F658D0E3F47A3543FDBE00E3F24
:10E990003B6B543F3B340F3F0F33543F84870F3F53
:10E9A000C3FA533FB8DA0F3F55C2533FD52D103F3E
:10E9B000C789533FDC80103F1851533FCDD3103FE0
:10E9C0004918533FA726113F59DF523F6B79113F3A
:10E9D00049A6523F19CC113F186D523FB01E123F4D
:10E9E000C633523F3071123F54FA513F9AC3123F1F
:10E9F000C2C0513FEE15133F1087513F2A68133FA5
:10EA00003D4D513F50BA133F4A13513F5F0C143FE5
:10EA100037D9503F585E143F039F503F39B0143FE1
:10EA2000AF64503F0402153F3B2A503FB753153F98
:10EA3000A8EF4F3F54A5153FF4B44F3FD9F6153F0B
:10EA40001F7A4F3F4748163F2B3F4F3F9F99163F36
:10EA500017044F3FDFEA163FE4C84E3F073C173F1D
:10EA6000908D4E3F188D173F1C524E3F12DE173FC0
:10EA700089164E3FF52E183FD5DA4D3FC07F183F1F
:10EA8000029F4D3F73D0183F10634D3F0F21193F38
:10EA9000FD264D3F9471193FCBEA4C3F00C2193F10
:10EAA00079AE4C3F55121A3F08724C3F93621A3FA1
:10EAB00078354C3FB8B21A3FC7F84B3FC6021B3FF0
:10EAC000F8BB4B3FBB521B3F097F4B3F99A21B3FFB
:10EAD000FA414B3F5FF21B3FCC044B3F0C421C3FC3
:10EAE0007FC74A3FA2911C3F138A4A3F1FE11C3F48
:10EAF000874C4A3F84301D3FDC0E4A3FD17F1D3F8B
:10EB000012D1493F06CF1D3F2993493F221E1E3F88
:10EB10002155493F266D1E3FFA16493F12BC1E3F44
:10EB2000B3D8483FE50A1F3F4E9A483F9F591F3FC1
:10EB3000CA5B483F41A81F3F271D483FCBF61F3FF8
:10EB400065DE473F3B45203F849F473F9393203FEF
:10EB50008560473FD2E1203F6721473FF92F213FA2
:10EB60002AE2463F067E213FCEA2463FFBCB213F15
:10EB70005463463FD719223FBB23463F9967223F44
:10EB800003E4453F43B5223F2DA4453FD302233F35
:10EB90003964453F4B50233F2624453FA99D233FE1
:10EBA000F5E3443FEEEA233FA5A3443F1A38243F50
:10EBB0003763443F2C85243FAB22443F25D2243F7A
:10EBC00000E2433F041F253F38A1433FCB6B253F65
:10EBD0005160433F77B8253F4C1F433F0A05263F0E
:10EBE00029DE423F8451263FE89C423FE39D263F79
:10EBF000895B423F2AEA263F0B1A423F5636273F9F
:10EC000070D8413F6882273FB796413F61CE273F8A
:10EC1000E154413F401A283FEC12413F0566283F2E
:10EC2000DAD0403FB0B1283FA98E403F41FD283F98
:10EC30005C4C403FB848293FF009403F1594293FBC
:10EC400067C73F3F57DF293FC0843F3F802A2A3FA5
:10EC5000FC413F3F8E752A3F1BFF3E3F82C02A3F4B
:10EC60001BBC3E3F5B0B2B3FFF783E3F1B562B3FB1
:10EC7000C5353E3FBFA02B3F6EF23D3F4AEB2B3FD9
:10EC8000F9AE3D3FB9352C3F676B3D3F0F802C3FC0
:10EC9000B8273D3F49CA2C3FECE33C3F69142D3F68
:10ECA00003A03C3F6F5E2D3FFC5B3C3F59A82D3FCE
:10ECB000D9173C3F29F22D3F98D33B3FDE3B2E3FF7
:10ECC0003B8F3B3F78852E3FC14A3B3FF7CE2E3FDF
:10ECD00029063B3F5B182F3F75C13A3FA5612F3F87
:10ECE000A47C3A3FD3AA2F3FB7373A3FE6F32F3FF2
:10ECF000ACF2393FDE3C303F85AD393FBB85303F1C
:10ED00004268393F7CCE303FE122393F2217313F04
:10ED100065DD383FAD5F313FCB97383F1DA8313FB0
:10ED20001652383F71F0313F430C383FAA38323F1A
:10ED300055C6373FC780323F4A80373FC9C8323F48
:10ED4000233A373FAF10333FDFF3363F7A58333F34
:10ED50007FAD363F29A0333F0467363FBCE7333FE2
:10ED60006C20363F342F343FB8D9353F8F76343F4F
:10ED7000E792353FCFBD343FFB4B353FF304353F82
:10ED8000F304353FFB4B353FCFBD343FE792353F72
:10ED90008F76343FB8D9353F342F343F6C20363F1F
:10EDA000BCE7333F0467363F29A0333F7FAD363F92
:10EDB0007A58333FDFF3363FAF10333F233A373FC4
:10EDC000C9C8323F4A80373FC780323F55C6373FB8
:10EDD000AA38323F430C383F71F0313F1652383F6A
:10EDE0001DA8313FCB97383FAD5F313F65DD383FE0
:10EDF0002217313FE122393F7CCE303F4268393F14
:10EE0000BB85303F85AD393FDE3C303FACF2393F0A
:10EE1000E6F32F3FB7373A3FD3AA2F3FA47C3A3FC0
:10EE2000A5612F3F75C13A3F5B182F3F29063B3F35
:10EE3000F7CE2E3FC14A3B3F78852E3F3B8F3B3F6D
:10EE4000DE3B2E3F98D33B3F29F22D3FD9173C3F65
:10EE500059A82D3FFC5B3C3F6F5E2D3F03A03C3F1C
:10EE600069142D3FECE33C3F49CA2C3FB8273D3F96
:10EE70000F802C3F676B3D3FB9352C3FF9AE3D3FCE
:10EE80004AEB2B3F6EF23D3FBFA02B3FC5353E3FC7
:10EE90001B562B3FFF783E3F5B0B2B3F1BBC3E3F7F
:10EEA00082C02A3F1BFF3E3F8E752A3FFC413F3FF9
:10EEB000802A2A3FC0843F3F57DF293F67C73F3F33
:10EEC0001594293FF009403FB848293F5C4C403F2A
:10EED00041FD283FA98E403FB0B1283FDAD0403FE6
:10EEE0000566283FEC12413F401A283FE154413F5C
:10EEF00061CE273FB796413F6882273F70D8413F98
:10EF00005636273F0B1A423F2AEA263F895B423F8B
:10EF1000E39D263FE89C423F8451263F29DE423F45
:10EF20000A05263F4C1F433F77B8253F5160433FBA
:10EF3000CB6B253F38A1433F041F253F00E2433FF1
:10EF400025D2243FAB22443F2C85243F3763443FE6
:10EF50001A38243FA5A3443FEEEA233FF5E3443F9C
:10EF6000A99D233F2624453F4B50233F3964453F0D
:10EF7000D302233F2DA4453F43B5223F03E4453F41
:10EF80009967223FBB23463FD719223F5463463F30
:10EF9000FBCB213FCEA2463F067E213F2AE2463FE1
:10EFA000F92F213F6721473FD2E1203F8560473F4E
:10EFB0009393203F849F473F3B45203F65DE473F7B
:10EFC000CBF61F3F271D483F41A81F3FCA5B483F64
:10EFD0009F591F3F4E9A483FE50A1F3FB3D8483F0D
:10EFE00012BC1E3FFA16493F266D1E3F2155493F70
:10EFF000221E1E3F2993493F06CF1D3F12D1493F94
:10F00000D17F1D3FDC0E4A3F84301D3F874C4A3F75
:10F010001FE11C3F138A4A3FA2911C3F7FC74A3F12
:10F020000C421C3FCC044B3F5FF21B3FFA414B3F6D
:10F0300099A21B3F097F4B3FBB521B3FF8BB4B3F85
:10F04000C6021B3FC7F84B3FB8B21A3F78354C3F5A
:10F0500093621A3F08724C3F55121A3F79AE4C3FEB
:10F0600000C2193FCBEA4C3F9471193FFD264D3F3A
:10F070000F21193F10634D3F73D0183F029F4D3F42
:10F08000C07F183FD5DA4D3FF52E183F89164E3F09
:10F0900012DE173F1C524E3F188D173F908D4E3F8A
:10F0A000073C173FE4C84E3FDFEA163F17044F3FC7
:10F0B0009F99163F2B3F4F3F4748163F1F7A4F3FC0
:10F0C000D9F6153FF4B44F3F54A5153FA8EF4F3F75
:10F0D000B753153F3B2A503F0402153FAF64503FE2
:10F0E00039B0143F039F503F585E143F37D9503F0B
:10F0F0005F0C143F4A13513F50BA133F3D4D513FEF
:10F100002A68133F1087513FEE15133FC2C0513F8D
:10F110009AC3123F54FA513F3071123FC633523FE7
:10F12000B01E123F186D523F19CC113F49A6523FF5
:10F130006B79113F59DF523FA726113F4918533FC2
:10F14000CDD3103F1851533FDC80103FC789533F48
:10F15000D52D103F55C2533FB8DA0F3FC3FA533F86
:10F1600084870F3F0F33543F3B340F3F3B6B543F7B
:10F17000DBE00E3F47A3543F658D0E3F31DB543F2C
:10F18000DA390E3FFB12553F38E60D3FA44A553F92
:10F1900081920D3F2C82553FB33E0D3F93B9553FB1
:10F1A000D0EA0C3FD9F0553FD7960C3FFE27563F8B
:10F1B000C9420C3F025F563FA5EE0B3FE595563F17
:10F1C0006B9A0B3FA7CC563F1C460B3F4803573F5B
:10F1D000B7F10A3FC739573F3D9D0A3F2670573F59
:10F1E000AD480A3F63A6573F09F4093F7FDC573F0C
:10F1F0004E9F093F7912583F7F4A093F5348583F75
:10F200009BF5083F0B7E583FA1A0083FA1B3583F94
:10F21000924B083F17E9583F6FF6073F6A1E593F68
:10F2200036A1073F9C53593FE84B073FAD88593FF4
:10F2300086F6063F9CBD593F0EA1063F6AF2593F34
:10F24000824B063F16275A3FE2F5053FA05B5A3F27
:10F250002CA0053F09905A3F624A053F50C45A3FCF
:10F2600084F4043F75F85A3F919E043F792C5B3F2C
:10F270008948043F5A605B3F6DF2033F1A945B3F3D
:10F280003D9C033FB8C75B3FF845033F34FB5B3F02
:10F290009FEF023F8E2E5C3F3299023FC7615C3F79
:10F2A000B142023FDD945C3F1CEC013FD1C75C3FA3
:10F2B0007395013FA3FA5C3FB53E013F532D5D3F7F
:10F2C000E4E7003FE15F5D3FFF90003F4D925D3F0F
:10F2D000063A003F97C45D3FF3C5FF3EBEF65D3F73
:10F2E000B217FF3EC3285E3F4A69FE3EA65A5E3F04
:10F2F000BBBAFD3E678C5E3F040CFD3E05BE5E3F23
:10F30000275DFC3E81EF5E3F22AEFB3EDB205F3F90
:10F31000F7FEFA3E12525F3FA54FFA3E27835F3F4A
:10F320002DA0F93E19B45F3F8EF0F83EE9E45F3F4F
:10F33000C840F83E9615603FDC90F73E2146603F9E
:10F34000CBE0F63E8976603F9330F63ECFA6603F35
:10F350003580F53EF2D6603FB1CFF43EF206613F14
:10F36000071FF43ED036613F386EF33E8A66613F38
:10F3700043BDF23E2296613F290CF23E98C5613FA3
:10F38000EA5AF13EEAF4613F85A9F03E1A24623F51
:10F39000FBF7EF3E2653623F4C46EF3E1082623F42
:10F3A0007994EE3ED7B0623F80E2ED3E7BDF623F74
:10F3B0006330ED3EFC0D633F217EEC3E5A3C633FE3
:10F3C000BBCBEB3E956A633F3019EB3EAC98633F95
:10F3D0008166EA3EA1C6633FAEB3E93E73F4633F84
:10F3E000B700E93E2122643F9C4DE83EAC4F643FAC
:10F3F0005D9AE73E147D643FFBE6E63E59AA643F12
:10F400007533E63E7BD7643FCB7FE53E7904653FAD
:10F41000FECBE43E5431653F0E18E43E0B5E653F83
:10F42000FA63E33EA08A653FC4AFE23E10B7653F92
:10F430006AFBE13E5EE3653FEE46E13E880F663FD4
:10F440004F92E03E8E3B663F8DDDDF3E7167663F4B
:10F45000A928DF3E3093663FA273DE3ECCBE663FF6
:10F4600079BEDD3E45EA663F2E09DD3E9915673FD0
:10F47000C153DC3ECA40673F319EDB3ED86B673FDD
:10F4800080E8DA3EC196673FAD32DA3E87C1673F1A
:10F49000B97CD93E2AEC673FA3C6D83EA816683F80
:10F4A0006B10D83E0341683F135AD73E396B683F13
:10F4B00099A3D63E4C95683FFDECD53E3CBF683FD6
:10F4C0004136D53E07E9683F647FD43EAE12693FBE
:10F4D00067C8D33E323C693F4811D33E9165693FCE
:10F4E000095AD23ECC8E693FAAA2D13EE4B7693F09
:10F4F0002AEBD03ED7E0693F8A33D03EA7096A3F66
:10F50000CA7BCF3E52326A3FEAC3CE3ED95A6A3FE7
:10F51000EA0BCE3E3C836A3FCA53CD3E7BAB6A3F8B
:10F520008B9BCC3E95D36A3F2CE3CB3E8CFB6A3F52
:10F53000AE2ACB3E5E236B3F1072CA3E0C4B6B3F34
:10F5400053B9C93E95726B3F7700C93EFB996B3F3B
:10F550007C47C83E3BC16B3F628EC73E58E86B3F5D
:10F5600029D5C63E500F6C3FD21BC63E24366C3F99
:10F570005C62C53ED45C6C3FC8A8C43E5E836C3FF1
:10F5800015EFC33EC5A96C3F4435C33E07D06C3F61
:10F59000557BC23E24F66C3F48C1C13E1D1C6D3FE9
:10F5A0001E07C13EF2416D3FD54CC03EA1676D3F85
:10F5B0006F92BF3E2D8D6D3FEBD7BE3E93B26D3F38
:10F5C0004A1DBE3ED5D76D3F8B62BD3EF2FC6D3FFE
:10F5D000AFA7BC3EEB216E3FB6ECBB3EBE466E3FD6
:10F5E000A031BB3E6D6B6E3F6E76BA3EF88F6E3FBC
:10F5F0001EBBB93E5DB46E3FB2FFB83E9ED86E3FB3
:10F600002A44B83EBAFC6E3F8488B73EB0206F3FB4
:10F61000C3CCB63E83446F3FE610B63E30686F3FC2
:10F62000EC54B53EB88B6F3FD698B43E1BAF6F3FDE
:10F63000A5DCB33E5AD26F3F5820B33E73F56F3FFF
:10F64000EF63B23E6718703F6BA7B13E373B703F28
:10F65000CBEAB03EE15D703F102EB03E6680703F59
:10F660003A71AF3EC6A2703F49B4AE3E02C5703F8C
:10F670003CF7AD3E17E7703F153AAD3E0809713FC4
:10F68000D47CAC3ED42A713F77BFAB3E7A4C713FFD
:10F690000102AB3EFB6D713F6F44AA3E578F713F35
:10F6A000C486A93E8EB0713FFEC8A83E9FD1713F6F
:10F6B0001F0BA83E8CF2713F254DA73E5213723F9F
:10F6C000128FA63EF433723FE5D0A53E7054723FD0
:10F6D0009F12A53EC774723F3F54A43EF894723FF8
:10F6E000C595A33E04B5723F33D7A23EEBD4723F1B
:10F6F0008718A23EACF4723FC259A13E4714733F33
:10F70000E59AA03EBE33733FEEDB9F3E0E53733F40
:10F71000DF1C9F3E3972733FB85D9E3E3F91733F41
:10F72000789E9D3E1FB0733F20DF9C3ED9CE733F35
:10F73000AF1F9C3E6EED733F27609B3EDD0B743F19
:10F7400086A09A3E272A743FCEE0993E4B48743FEC
:10F75000FE20993E4966743F1661983E2284743FAC
:10F7600017A1973ED5A1743F00E1963E62BF743F5A
:10F77000D220963EC9DC743F8D60953E0BFA743FF3
:10F7800031A0943E2717753FBFDF933E1D34753F70
:10F79000351F933EED50753F945E923E976D753FD9
:10F7A000DD9D913E1C8A753F10DD903E7BA6753F26
:10F7B0002C1C903EB3C2753F325B8F3EC6DE753F58
:10F7C000229A8E3EB3FA753FFCD88D3E7A16763F6C
:10F7D000C0178D3E1B32763F6E568C3E974D763F5E
:10F7E00007958B3EEC68763F8AD38A3E1B84763F32
:10F7F000F8118A3E249F763F5050893E07BA763FE3
:10F80000938E883EC4D4763FC1CC873E5BEF763F73
:10F81000DA0A873ECC09773FDF48863E1724773FD8
:10F82000CE86853E3C3E773FAAC4843E3A58773F19
:10F830007002843E1372773F2240833EC58B773F30
:10F84000C07D823E51A5773F4ABB813EB7BE773F20
:10F85000C0F8803EF7D7773F2236803E10F1773FE1
:10F86000E1E67E3E040A783F56617D3ED122783F34
:10F87000A4DB7B3E773B783FCB557A3EF853783F0D
:10F88000CCCF783E526C783FA649773E8684783F4D
:10F890005AC3753E939C783FE83C743E7BB4783FF6
:10F8A00051B6723E3BCC783F942F713ED6E3783F01
:10F8B000B2A86F3E4AFB783FAB216E3E9812793F6B
:10F8C0007F9A6C3EBF29793F2F136B3EC040793F32
:10F8D000BA8B693E9A57793F2204683E4E6E793F53
:10F8E000667C663EDC84793F86F4643E439B793FC8
:10F8F000836C633E83B1793F5CE4613E9DC7793F91
:10F90000135C603E91DD793FA8D35E3E5EF3793FA4
:10F910001A4B5D3E04097A3F6AC25B3E841E7A3F01
:10F9200097395A3EDD337A3FA4B0583E10497A3FAA
:10F930008F27573E1C5E7A3F589E553E02737A3F92
:10F940000115543EC1877A3F898B523E599C7A3FBC
:10F95000F101513ECBB07A3F38784F3E16C57A3F21
:10F9600060EE4D3E3AD97A3F67644C3E37ED7A3FC0
:10F970004FDA4A3E0E017B3F1850493EBE147B3F92
:10F98000C2C5473E48287B3F4D3B463EAB3B7B3F95
:10F99000B9B0443EE74E7B3F0726433EFC617B3FC8
:10F9A000379B413EEA747B3F4910403EB2877B3F24
:10F9B0003E853E3E539A7B3F15FA3C3ECDAC7B3FA5
:10F9C000CF6E3B3E20BF7B3F6CE3393E4DD17B3F4A
:10F9D000EC57383E53E37B3F50CC363E31F57B3F0E
:10F9E0009840353EE9067C3FC4B4333E7A187C3FEC
:10F9F000D428323EE5297C3FC99C303E283B7C3FE1
:10FA0000A2102F3E444C7C3F61842D3E3A5D7C3FEA
:10FA100004F82B3E086E7C3F8D6B2A3EB07E7C3F07
:10FA2000FCDE283E318F7C3F5152273E8A9F7C3F2F
:10FA30008CC5253EBDAF7C3FAD38243EC9BF7C3F61
:10FA4000B6AB223EAECF7C3FA51E213E6CDF7C3F95
:10FA50007B911F3E03EF7C3F38041E3E73FE7C3FCC
:10FA6000DE761C3EBC0D7D3F6BE91A3EDD1C7D3F02
:10FA7000E05B193ED82B7D3F3DCE173EAC3A7D3F33
:10FA80008340163E59497D3FB2B2143EDE577D3F5A
:10FA9000CA24133E3D667D3FCC96113E74747D3F73
:10FAA000B708103E85827D3F8B7A0E3E6E907D3F7B
:10FAB0004AEC0C3E309E7D3FF35D0B3ECCAB7D3F70
:10FAC00086CF093E40B97D3F0541083E8CC67D3F4B
:10FAD0006EB2063EB2D37D3FC223053EB1E07D3F0C
:10FAE0000295033E88ED7D3F2E06023E38FA7D3FAB
:10FAF0004577003EC2067E3F92D0FD3D24137E3FF7
:10FB000073B2FA3D5E1F7E3F2C94F73D722B7E3F11
:10FB1000C075F43D5E377E3F2E57F13D23437E3F57
:10FB20007638EE3DC14E7E3F9A19EB3D385A7E3F06
:10FB30009AFAE73D88657E3F76DBE43DB0707E3F14
:10FB40002EBCE13DB17B7E3FC49CDE3D8B867E3F7B
:10FB5000377DDB3D3D917E3F895DD83DC99B7E3F32
:10FB6000B93DD53D2DA67E3FC81DD23D69B07E3F33
:10FB7000B7FDCE3D7FBA7E3F86DDCB3D6DC47E3F77
:10FB800036BDC83D34CE7E3FC69CC53DD4D77E3FF2
:10FB9000397CC23D4CE17E3F8D5BBF3D9DEA7E3F9F
:10FBA000C33ABC3DC7F37E3FDD19B93DC9FC7E3F7A
:10FBB000DAF8B53DA4057F3FBBD7B23D580E7F3F75
:10FBC00080B6AF3DE4167F3F2B95AC3D491F7F3F8C
:10FBD000BA73A93D87277F3F3052A63D9D2F7F3FB7
:10FBE0008C30A33D8D377F3FCF0EA03D543F7F3FEC
:10FBF000F9EC9C3DF4467F3F0ACB993D6D4E7F3F2B
:10FC000005A9963DBF557F3FE786933DE95C7F3F61
:10FC1000B464903DEC637F3F6A428D3DC76A7F3F8D
:10FC20000A208A3D7B717F3F94FD863D08787F3FA7
:10FC30000ADB833D6D7E7F3F6CB8803DAB847F3FA8
:10FC4000742B7B3DC28A7F3FE9E5743DB1907F3FD5
:10FC500038A06E3D78967F3F625A683D189C7F3F82
:10FC60006814623D91A17F3F4CCE5B3DE3A67F3F90
:10FC70000E88553D0DAC7F3FAF414F3D0FB17F3FEB
:10FC80002FFB483DEAB57F3F91B4423D9EBA7F3F8E
:10FC9000D56D3C3D2ABF7F3FFC26363D8FC37F3F5D
:10FCA00007E02F3DCCC77F3FF698293DE2CB7F3F51
:10FCB000CC51233DD1CF7F3F880A1D3D98D37F3F54
:10FCC0002CC3163D37D77F3FB87B103DAFDA7F3F5F
:10FCD0002F340A3D00DE7F3F90EC033D29E17F3F5A
:10FCE000B949FB3C2BE47F3F2DBAEE3C05E77F3F53
:10FCF0007B2AE23CB8E97F3FA69AD53C43EC7F3FA4
:10FD0000B00AC93CA7EE7F3F9B7ABC3CE3F07F3F43
:10FD100069EAAF3CF8F27F3F1C5AA33CE6F47F3F10
:10FD2000B6C9963CACF67F3F38398A3C4AF87F3FEB
:10FD30004B517B3CC1F97F3F0030623C11FB7F3F60
:10FD4000900E493C39FC7F3F02ED2F3C39FD7F3F4F
:10FD500059CB163C13FE7F3F3053FB3BC4FE7F3F25
:10FD6000890FC93B4EFF7F3FC1CB963BB1FF7F3F21
:10FD7000C70F493BECFF7F3FD40FC93A0000803FDB
:10FD800000000000ECFF7F3FD40FC9BAB1FF7F3FF6
:10FD9000C70F49BB4EFF7F3FC1CB96BBC4FE7F3F21
:10FDA000890FC9BB13FE7F3F3053FBBB39FD7F3F3B
:10FDB00059CB16BC39FC7F3F02ED2FBC11FB7F3FB6
:10FDC000900E49BCC1F97F3F003062BC4AF87F3FCA
:10FDD0004B517BBCACF67F3F38398ABCE6F47F3FA1
:10FDE000B6C996BCF8F27F3F1C5AA3BCE3F07F3F34
:10FDF00069EAAFBCA7EE7F3F9B7ABCBC43EC7F3F78
:10FE0000B00AC9BCB8E97F3FA69AD5BC05E77F3FD9
:10FE10007B2AE2BC2BE47F3F2DBAEEBC29E17F3F79
:10FE2000B949FBBC00DE7F3F90EC03BDAFDA7F3FFA
:10FE30002F340ABD37D77F3FB87B10BD98D37F3FA3
:10FE40002CC316BDD1CF7F3F880A1DBDE2CB7F3FBB
:10FE5000CC5123BDCCC77F3FF69829BD8FC37F3FD0
:10FE600007E02FBD2ABF7F3FFC2636BD9EBA7F3FED
:10FE7000D56D3CBDEAB57F3F91B442BD0FB17F3F28
:10FE80002FFB48BD0DAC7F3FAF414FBDE3A67F3F89
:10FE90000E8855BD91A17F3F4CCE5BBD189C7F3F26
:10FEA000681462BD78967F3F625A68BDB1907F3F0B
:10FEB00038A06EBDC28A7F3FE9E574BDAB847F3F49
:10FEC000742B7BBD6D7E7F3F6CB880BD08787F3F13
:10FED0000ADB83BD7B717F3F94FD86BDC76A7F3F90
:10FEE0000A208ABDEC637F3F6A428DBDE95C7F3F9B
:10FEF000B46490BDBF557F3FE78693BD6D4E7F3F95
:10FF000005A996BDF4467F3F0ACB99BD543F7F3F7C
:10FF1000F9EC9CBD8D377F3FCF0EA0BD9D2F7F3F5D
:10FF20008C30A3BD87277F3F3052A6BD491F7F3F3E
:10FF3000BA73A9BDE4167F3F2B95ACBD580E7F3F29
:10FF400080B6AFBDA4057F3FBBD7B2BDC9FC7E3F25
:10FF5000DAF8B5BDC7F37E3FDD19B9BD9DEA7E3F36
:10FF6000C33ABCBD4CE17E3F8D5BBFBDD4D77E3F65
:10FF7000397CC2BD34CE7E3FC69CC5BD6DC47E3FBC
:10FF800036BDC8BD7FBA7E3F86DDCBBD69B07E3F42
:10FF9000B7FDCEBD2DA67E3FC81DD2BDC99B7E3FFD
:10FFA000B93DD5BD3D917E3F895DD8BD8B867E3FF5
:10FFB000377DDBBDB17B7E3FC49CDEBDB0707E3F34
:10FFC0002EBCE1BD88657E3F76DBE4BD385A7E3FBE
:10FFD0009AFAE7BDC14E7E3F9A19EBBD23437E3F9F
:10FFE0007638EEBD5E377E3F2E57F1BD722B7E3FD9
:10FFF000C075F4BD5E1F7E3F2C94F7BD24137E3F79
:02000004600496
:1000000073B2FABDC2067E3F92D0FDBD38FA7D3F85
:10001000457700BE88ED7D3F2E0602BEB1E07D3FF4
:10002000029503BEB2D37D3FC22305BE8CC67D3F81
:100030006EB206BE40B97D3F054108BECCAB7D3FE8
:1000400086CF09BE309E7D3FF35D0BBE6E907D3F37
:100050004AEC0CBE85827D3F8B7A0EBE74747D3F68
:10006000B70810BE3D667D3FCC9611BEDE577D3F82
:10007000CA2413BE59497D3FB2B214BEAC3A7D3F8B
:10008000834016BED82B7D3F3DCE17BEDD1C7D3F85
:10009000E05B19BEBC0D7D3F6BE91ABE73FE7C3F71
:1000A000DE761CBE03EF7C3F38041EBE6CDF7C3F57
:1000B0007B911FBEAECF7C3FA51E21BEC9BF7C3F3A
:1000C000B6AB22BEBDAF7C3FAD3824BE8A9F7C3F1D
:1000D0008CC525BE318F7C3F515227BEB07E7C3F00
:1000E000FCDE28BE086E7C3F8D6B2ABE3A5D7C3FED
:1000F00004F82BBE444C7C3F61842DBE283B7C3FE2
:10010000A2102FBEE5297C3FC99C30BE7A187C3FE7
:10011000D42832BEE9067C3FC4B433BE31F57B3F00
:10012000984035BE53E37B3F50CC36BE4DD17B3F2C
:10013000EC5738BE20BF7B3F6CE339BECDAC7B3F74
:10014000CF6E3BBE539A7B3F15FA3CBEB2877B3FD6
:100150003E853EBEEA747B3F491040BEFC617B3F5A
:10016000379B41BEE74E7B3F072643BEAB3B7B3F01
:10017000B9B044BE48287B3F4D3B46BEBE147B3FD2
:10018000C2C547BE0E017B3F185049BE37ED7A3FCE
:100190004FDA4ABE3AD97A3F67644CBE16C57A3FF9
:1001A00060EE4DBECBB07A3F38784FBE599C7A3F57
:1001B000F10151BEC1877A3F898B52BE02737A3FEB
:1001C000011554BE1C5E7A3F589E55BE10497A3FB9
:1001D0008F2757BEDD337A3FA4B058BE841E7A3FC6
:1001E00097395ABE04097A3F6AC25BBE5EF3793F13
:1001F0001A4B5DBE91DD793FA8D35EBE9DC7793FA6
:10020000135C60BE83B1793F5CE461BE439B793F80
:10021000836C63BEDC84793F86F464BE4E6E793FA6
:10022000667C66BE9A57793F220468BEC040793F1B
:10023000BA8B69BEBF29793F2F136BBE9812793FE5
:100240007F9A6CBE4AFB783FAB216EBED6E3783F07
:10025000B2A86FBE3BCC783F942F71BE7BB4783F81
:1002600051B672BE939C783FE83C74BE8684783F5A
:100270005AC375BE526C783FA64977BEF853783F93
:10028000CCCF78BE773B783FCB557ABED122783F32
:10029000A4DB7BBE040A783F56617DBE10F1773F38
:1002A000E1E67EBEF7D7773F223680BEB7BE773F06
:1002B000C0F880BE51A5773F4ABB81BEC58B773F52
:1002C000C07D82BE1372773F224083BE3A58773F8B
:1002D000700284BE3C3E773FAAC484BE1724773F99
:1002E000CE8685BECC09773FDF4886BE5BEF763F82
:1002F000DA0A87BEC4D4763FC1CC87BE07BA763F40
:10030000938E88BE249F763F505089BE1B84763FD3
:10031000F8118ABEEC68763F8AD38ABE974D763F45
:1003200007958BBE1B32763F6E568CBE7A16763F93
:10033000C0178DBEB3FA753FFCD88DBEC6DE753FC3
:10034000229A8EBEB3C2753F325B8FBE7BA6753FCD
:100350002C1C90BE1C8A753F10DD90BE976D753FBA
:10036000DD9D91BEED50753F945E92BE1D34753F8C
:10037000351F93BE2717753FBFDF93BE0BFA743F3F
:1003800031A094BEC9DC743F8D6095BE62BF743FDE
:10039000D22096BED5A1743F00E196BE2284743F60
:1003A00017A197BE4966743F166198BE4B48743FCB
:1003B000FE2099BE272A743FCEE099BEDD0B743F24
:1003C00086A09ABE6EED733F27609BBED9CE733F69
:1003D000AF1F9CBE1FB0733F20DF9CBE3F91733F99
:1003E000789E9DBE3972733FB85D9EBE0E53733FBB
:1003F000DF1C9FBEBE33733FEEDB9FBE4714733FCF
:10040000E59AA0BEACF4723FC259A1BEEBD4723FD4
:100410008718A2BE04B5723F33D7A2BEF894723FCC
:10042000C595A3BEC774723F3F54A4BE7054723FBB
:100430009F12A5BEF433723FE5D0A5BE5213723FA2
:10044000128FA6BE8CF2713F254DA7BE9FD1713F82
:100450001F0BA8BE8EB0713FFEC8A8BE578F713F5C
:10046000C486A9BEFB6D713F6F44AABE7A4C713F32
:100470000102ABBED42A713F77BFABBE0809713F02
:10048000D47CACBE17E7703F153AADBE02C5703FD5
:100490003CF7ADBEC6A2703F49B4AEBE6680703FA9
:1004A0003A71AFBEE15D703F102EB0BE373B703F7A
:1004B000CBEAB0BE6718703F6BA7B1BE73F56F3F54
:1004C000EF63B2BE5AD26F3F5820B3BE1BAF6F3F2F
:1004D000A5DCB3BEB88B6F3FD698B4BE30686F3F13
:1004E000EC54B5BE83446F3FE610B6BEB0206F3FFC
:1004F000C3CCB6BEBAFC6E3F8488B7BE9ED86E3FF2
:100500002A44B8BE5DB46E3FB2FFB8BEF88F6E3FEE
:100510001EBBB9BE6D6B6E3F6E76BABEBE466E3FF9
:10052000A031BBBEEB216E3FB6ECBBBEF2FC6D3F13
:10053000AFA7BCBED5D76D3F8B62BDBE93B26D3F3A
:100540004A1DBEBE2D8D6D3FEBD7BEBEA1676D3F70
:100550006F92BFBEF2416D3FD54CC0BE1D1C6D3FBA
:100560001E07C1BE24F66C3F48C1C1BE07D06C3F18
:10057000557BC2BEC5A96C3F4435C3BE5E836C3F8C
:1005800015EFC3BED45C6C3FC8A8C4BE24366C3F14
:100590005C62C5BE500F6C3FD21BC6BE58E86B3FB5
:1005A00029D5C6BE3BC16B3F628EC7BEFB996B3F70
:1005B0007C47C8BE95726B3F7700C9BE0C4B6B3F42
:1005C00053B9C9BE5E236B3F1072CABE8CFB6A3F33
:1005D000AE2ACBBE95D36A3F2CE3CBBE7BAB6A3F42
:1005E0008B9BCCBE3C836A3FCA53CDBED95A6A3F6F
:1005F000EA0BCEBE52326A3FEAC3CEBEA7096A3FBB
:10060000CA7BCFBED7E0693F8A33D0BEE4B7693F2B
:100610002AEBD0BECC8E693FAAA2D1BE9165693FBC
:10062000095AD2BE323C693F4811D3BEAE12693F6F
:1006300067C8D3BE07E9683F647FD4BE3CBF683F4C
:100640004136D5BE4C95683FFDECD5BE396B683F51
:1006500099A3D6BE0341683F135AD7BEA816683F78
:100660006B10D8BE2AEC673FA3C6D8BE87C1673FD0
:10067000B97CD9BEC196673FAD32DABED86B673F51
:1006800080E8DABECA40673F319EDBBE9915673FFE
:10069000C153DCBE45EA663F2E09DDBECCBE663FD7
:1006A00079BEDDBE3093663FA273DEBE7167663FE2
:1006B000A928DFBE8E3B663F8DDDDFBE880F663F1B
:1006C0004F92E0BE5EE3653FEE46E1BE10B7653F88
:1006D0006AFBE1BEA08A653FC4AFE2BE0B5E653F28
:1006E000FA63E3BE5431653F0E18E4BE7904653FFA
:1006F000FECBE4BE7BD7643FCB7FE5BE59AA643F07
:100700007533E6BE147D643FFBE6E6BEAC4F643F46
:100710005D9AE7BE2122643F9C4DE8BE73F4633FBF
:10072000B700E9BEA1C6633FAEB3E9BEAC98633F74
:100730008166EABE956A633F3019EBBE5A3C633F5F
:10074000BBCBEBBEFC0D633F217EECBE7BDF623F8B
:100750006330EDBED7B0623F80E2EDBE1082623FF3
:100760007994EEBE2653623F4C46EFBE1A24623F98
:10077000FBF7EFBEEAF4613F85A9F0BE98C5613F83
:10078000EA5AF1BE2296613F290CF2BE8A66613FA9
:1007900043BDF2BED036613F386EF3BEF206613F14
:1007A000071FF4BEF2D6603FB1CFF4BECFA6603FC4
:1007B0003580F5BE8976603F9330F6BE2146603FB6
:1007C000CBE0F6BE9615603FDC90F7BEE9E45F3FF4
:1007D000C840F8BE19B45F3F8EF0F8BE27835F3F74
:1007E0002DA0F9BE12525F3FA54FFABEDB205F3F3E
:1007F000F7FEFABE81EF5E3F22AEFBBE05BE5E3F56
:10080000275DFCBE678C5E3F040CFDBEA65A5E3FB2
:10081000BBBAFDBEC3285E3F4A69FEBEBEF65D3F61
:10082000B217FFBE97C45D3FF3C5FFBE4D925D3F5B
:10083000063A00BFE15F5D3FFF9000BF532D5D3F73
:10084000E4E700BFA3FA5C3FB53E01BFD1C75C3F00
:10085000739501BFDD945C3F1CEC01BFC7615C3F39
:10086000B14202BF8E2E5C3F329902BF34FB5B3F28
:100870009FEF02BFB8C75B3FF84503BF1A945B3FC9
:100880003D9C03BF5A605B3F6DF203BF792C5B3F19
:10089000894804BF75F85A3F919E04BF50C45A3F1F
:1008A00084F404BF09905A3F624A05BFA05B5A3FD7
:1008B0002CA005BF16275A3FE2F505BF6AF2593F43
:1008C000824B06BF9CBD593F0EA106BFAD88593F64
:1008D00086F606BF9C53593FE84B07BF6A1E593F37
:1008E00036A107BF17E9583F6FF607BFA1B3583FBE
:1008F000924B08BF0B7E583FA1A008BF5348583FFA
:100900009BF508BF7912583F7F4A09BF7FDC573FEC
:100910004E9F09BF63A6573F09F409BF2670573F92
:10092000AD480ABFC739573F3D9D0ABF4803573FEF
:10093000B7F10ABFA7CC563F1C460BBFE595563F03
:100940006B9A0BBF025F563FA5EE0BBFFE27563FCB
:10095000C9420CBFD9F0553FD7960CBF93B9553F4C
:10096000D0EA0CBF2C82553FB33E0DBFA44A553F81
:1009700081920DBFFB12553F38E60DBF31DB543F6E
:10098000DA390EBF47A3543F658D0EBF3B6B543F12
:10099000DBE00EBF0F33543F3B340FBFC3FA533F6E
:1009A00084870FBF55C2533FB8DA0FBFC789533F83
:1009B000D52D10BF1851533FDC8010BF4918533F4D
:1009C000CDD310BF59DF523FA72611BF49A6523FD2
:1009D0006B7911BF186D523F19CC11BFC633523F0E
:1009E000B01E12BF54FA513F307112BFC2C0513F06
:1009F0009AC312BF1087513FEE1513BF3D4D513FB3
:100A00002A6813BF4A13513F50BA13BF37D9503F1A
:100A10005F0C14BF039F503F585E14BFAF64503F3C
:100A200039B014BF3B2A503F040215BFA8EF4F3F17
:100A3000B75315BFF4B44F3F54A515BF1F7A4F3FAE
:100A4000D9F615BF2B3F4F3F474816BF17044F3FFE
:100A50009F9916BFE4C84E3FDFEA16BF908D4E3F08
:100A6000073C17BF1C524E3F188D17BF89164E3FCB
:100A700012DE17BFD5DA4D3FF52E18BF029F4D3F4E
:100A8000C07F18BF10634D3F73D018BFFD264D3F88
:100A90000F2119BFCBEA4C3F947119BF79AE4C3F7F
:100AA00000C219BF08724C3F55121ABF78354C3F2F
:100AB00093621ABFC7F84B3FB8B21ABFF8BB4B3F9F
:100AC000C6021BBF097F4B3FBB521BBFFA414B3FC6
:100AD00099A21BBFCC044B3F5FF21BBF7FC74A3FAD
:100AE0000C421CBF138A4A3FA2911CBF874C4A3F4D
:100AF0001FE11CBFDC0E4A3F84301DBF12D1493FAD
:100B0000D17F1DBF2993493F06CF1DBF2155493FC6
:100B1000221E1EBFFA16493F266D1EBFB3D8483F9E
:100B200012BC1EBF4E9A483FE50A1FBFCA5B483F32
:100B30009F591FBF271D483F41A81FBF65DE473F84
:100B4000CBF61FBF849F473F3B4520BF8560473F93
:100B5000939320BF6721473FD2E120BF2AE2463F5F
:100B6000F92F21BFCEA2463F067E21BF5463463FE8
:100B7000FBCB21BFBB23463FD71922BF03E4453F30
:100B8000996722BF2DA4453F43B522BF3964453F35
:100B9000D30223BF2624453F4B5023BFF5E3443FF8
:100BA000A99D23BFA5A3443FEEEA23BF3763443F7B
:100BB0001A3824BFAB22443F2C8524BF00E2433FB8
:100BC00025D224BF38A1433F041F25BF5160433FB6
:100BD000CB6B25BF4C1F433F77B825BF29DE423F73
:100BE0000A0526BFE89C423F845126BF895B423FED
:100BF000E39D26BF0B1A423F2AEA26BF70D8413F29
:100C0000563627BFB796413F688227BFE154413F20
:100C100061CE27BFEC12413F401A28BFDAD0403FD7
:100C2000056628BFA98E403FB0B128BF5C4C403F4D
:100C300041FD28BFF009403FB84829BF67C73F3F83
:100C4000159429BFC0843F3F57DF29BFFC413F3F78
:100C5000802A2ABF1BFF3E3F8E752ABF1BBC3E3F2A
:100C600082C02ABFFF783E3F5B0B2BBFC5353E3F9E
:100C70001B562BBF6EF23D3FBFA02BBFF9AE3D3FD1
:100C80004AEB2BBF676B3D3FB9352CBFB8273D3FC3
:100C90000F802CBFECE33C3F49CA2CBF03A03C3F74
:100CA00069142DBFFC5B3C3F6F5E2DBFD9173C3FE5
:100CB00059A82DBF98D33B3F29F22DBF3B8F3B3F17
:100CC000DE3B2EBFC14A3B3F78852EBF29063B3F06
:100CD000F7CE2EBF75C13A3F5B182FBFA47C3A3FB9
:100CE000A5612FBFB7373A3FD3AA2FBFACF2393F28
:100CF000E6F32FBF85AD393FDE3C30BF4268393F58
:100D0000BB8530BFE122393F7CCE30BF65DD383F47
:100D1000221731BFCB97383FAD5F31BF1652383FF6
:100D20001DA831BF430C383F71F031BF55C6373F66
:100D3000AA3832BF4A80373FC78032BF233A373F95
:100D4000C9C832BFDFF3363FAF1033BF7FAD363F88
:100D50007A5833BF0467363F29A033BF6C20363F33
:100D6000BCE733BFB8D9353F342F34BFE792353FA6
:100D70008F7634BFFB4B353FCFBD34BFF304353FD7
:100D8000F30435BFCFBD343FFB4B35BF8F76343FC7
:100D9000E79235BF342F343FB8D935BFBCE7333F76
:100DA0006C2036BF29A0333F046736BF7A58333FE3
:100DB0007FAD36BFAF10333FDFF336BFC9C8323F18
:100DC000233A37BFC780323F4A8037BFAA38323F05
:100DD00055C637BF71F0313F430C38BF1DA8313FB6
:100DE000165238BFAD5F313FCB9738BF2217313F26
:100DF00065DD38BF7CCE303FE12239BFBB85303F57
:100E0000426839BFDE3C303F85AD39BFE6F32F3F46
:100E1000ACF239BFD3AA2F3FB7373ABFA5612F3FF6
:100E2000A47C3ABF5B182F3F75C13ABFF7CE2E3F67
:100E300029063BBF78852E3FC14A3BBFDE3B2E3F94
:100E40003B8F3BBF29F22D3F98D33BBF59A82D3F85
:100E5000D9173CBF6F5E2D3FFC5B3CBF69142D3F33
:100E600003A03CBF49CA2C3FECE33CBF0F802C3FA2
:100E7000B8273DBFB9352C3F676B3DBF4AEB2B3FD1
:100E8000F9AE3DBFBFA02B3F6EF23DBF1B562B3FBF
:100E9000C5353EBF5B0B2B3FFF783EBF82C02A3F6C
:100EA0001BBC3EBF8E752A3F1BFF3EBF802A2A3FD8
:100EB000FC413FBF57DF293FC0843FBF1594293F06
:100EC00067C73FBFB848293FF00940BF41FD283FF1
:100ED0005C4C40BFB0B1283FA98E40BF0566283F9B
:100EE000DAD040BF401A283FEC1241BF61CE273F05
:100EF000E15441BF6882273FB79641BF5636273F2E
:100F000070D841BF2AEA263F0B1A42BFE39D263F15
:100F1000895B42BF8451263FE89C42BF0A05263FB9
:100F200029DE42BF77B8253F4C1F43BFCB6B253F1F
:100F3000516043BF041F253F38A143BF25D2243F42
:100F400000E243BF2C85243FAB2244BF1A38243F24
:100F5000376344BFEEEA233FA5A344BFA99D233FC7
:100F6000F5E344BF4B50233F262445BFD302233F24
:100F7000396445BF43B5223F2DA445BF9967223F41
:100F800003E445BFD719223FBB2346BFFBCB213F1C
:100F9000546346BF067E213FCEA246BFF92F213FB4
:100FA0002AE246BFD2E1203F672147BF9393203F0B
:100FB000856047BF3B45203F849F47BFCBF61F3F1F
:100FC00065DE47BF41A81F3F271D48BF9F591F3FF0
:100FD000CA5B48BFE50A1F3F4E9A48BF12BC1E3F7E
:100FE000B3D848BF266D1E3FFA1649BF221E1E3FCA
:100FF000215549BF06CF1D3F299349BFD17F1D3FD2
:1010000012D149BF84301D3FDC0E4ABF1FE11C3F97
:10101000874C4ABFA2911C3F138A4ABF0C421C3F17
:101020007FC74ABF5FF21B3FCC044BBF99A21B3F57
:10103000FA414BBFBB521B3F097F4BBFC6021B3F50
:10104000F8BB4BBFB8B21A3FC7F84BBF93621A3F09
:1010500078354CBF55121A3F08724CBF00C2193F79
:1010600079AE4CBF9471193FCBEA4CBF0F21193FA9
:10107000FD264DBF73D0183F10634DBFC07F183F92
:10108000029F4DBFF52E183FD5DA4DBF12DE173F38
:1010900089164EBF188D173F1C524EBF073C173F95
:1010A000908D4EBFDFEA163FE4C84EBF9F99163FB2
:1010B00017044FBF4748163F2B3F4FBFD9F6153F88
:1010C0001F7A4FBF54A5153FF4B44FBFB753153F18
:1010D000A8EF4FBF0402153F3B2A50BF39B0143F61
:1010E000AF6450BF585E143F039F50BF5F0C143F66
:1010F00037D950BF50BA133F4A1351BF2A68133F24
:101100003D4D51BFEE15133F108751BF9AC3123F9B
:10111000C2C051BF3071123F54FA51BFB01E123FCE
:10112000C63352BF19CC113F186D52BF6B79113FB6
:1011300049A652BFA726113F59DF52BFCDD3103F5A
:10114000491853BFDC80103F185153BFD52D103FB5
:10115000C78953BFB8DA0F3F55C253BF84870F3FCB
:10116000C3FA53BF3B340F3F0F3354BFDBE00E3F96
:101170003B6B54BF658D0E3F47A354BFDA390E3F1A
:1011800031DB54BF38E60D3FFB1255BF81920D3F56
:10119000A44A55BFB33E0D3F2C8255BFD0EA0C3F49
:1011A00093B955BFD7960C3FD9F055BFC9420C3FF4
:1011B000FE2756BFA5EE0B3F025F56BF6B9A0B3F53
:1011C000E59556BF1C460B3FA7CC56BFB7F10A3F6B
:1011D000480357BF3D9D0A3FC73957BFAD480A3F37
:1011E000267057BF09F4093F63A657BF4E9F093FBA
:1011F0007FDC57BF7F4A093F791258BF9BF5083FF4
:10120000534858BFA1A0083F0B7E58BF924B083FE0
:10121000A1B358BF6FF6073F17E958BF36A1073F84
:101220006A1E59BFE84B073F9C5359BF86F6063FDD
:10123000AD8859BF0EA1063F9CBD59BF824B063FEA
:101240006AF259BFE2F5053F16275ABF2CA0053FA9
:10125000A05B5ABF624A053F09905ABF84F4043F1D
:1012600050C45ABF919E043F75F85ABF8948043F45
:10127000792C5BBF6DF2033F5A605BBF3D9C033F1F
:101280001A945BBFF845033FB8C75BBF9FEF023FAF
:1012900034FB5BBF3299023F8E2E5CBFB142023FEE
:1012A000C7615CBF1CEC013FDD945CBF7395013FDF
:1012B000D1C75CBFB53E013FA3FA5CBFE4E7003F86
:1012C000532D5DBFFF90003FE15F5DBF063A003FD9
:1012D0004D925DBFF3C5FF3E97C45DBFB217FF3EA1
:1012E000BEF65DBF4A69FE3EC3285EBFBBBAFD3E87
:1012F000A65A5EBF040CFD3E678C5EBF275DFC3EB8
:1013000005BE5EBF22AEFB3E81EF5EBFF7FEFA3E3A
:10131000DB205FBFA54FFA3E12525FBF2DA0F93E02
:1013200027835FBF8EF0F83E19B45FBFC840F83E18
:10133000E9E45FBFDC90F73E961560BFCBE0F63E78
:10134000214660BF9330F63E897660BF3580F53E1A
:10135000CFA660BFB1CFF43EF2D660BF071FF43E08
:10136000F20661BF386EF33ED03661BF43BDF23E38
:101370008A6661BF290CF23E229661BFEA5AF13EAD
:1013800098C561BF85A9F03EEAF461BFFBF7EF3E67
:101390001A2462BF4C46EF3E265362BF7994EE3E5C
:1013A000108262BF80E2ED3ED7B062BF6330ED3E97
:1013B0007BDF62BF217EEC3EFC0D63BFBBCBEB3E0F
:1013C0005A3C63BF3019EB3E956A63BF8166EA3EC3
:1013D000AC9863BFAEB3E93EA1C663BFB700E93EB8
:1013E00073F463BF9C4DE83E212264BF5D9AE73EE3
:1013F000AC4F64BFFBE6E63E147D64BF7533E63E4A
:1014000059AA64BFCB7FE53E7BD764BFFECBE43EE9
:10141000790465BF0E18E43E543165BFFA63E33EBC
:101420000B5E65BFC4AFE23EA08A65BF6AFBE13ECA
:1014300010B765BFEE46E13E5EE365BF4F92E03E0A
:10144000880F66BF8DDDDF3E8E3B66BFA928DF3E7D
:10145000716766BFA273DE3E309366BF79BEDD3E24
:10146000CCBE66BF2E09DD3E45EA66BFC153DC3EF9
:10147000991567BF319EDB3ECA4067BF80E8DA3E00
:10148000D86B67BFAD32DA3EC19667BFB97CD93E33
:1014900087C167BFA3C6D83E2AEC67BF6B10D83E92
:1014A000A81668BF135AD73E034168BF99A3D63E1A
:1014B000396B68BFFDECD53E4C9568BF4136D53ED3
:1014C0003CBF68BF647FD43E07E968BF67C8D33EAE
:1014D000AE1269BF4811D33E323C69BF095AD23EB1
:1014E000916569BFAAA2D13ECC8E69BF2AEBD03EDE
:1014F000E4B769BF8A33D03ED7E069BFCA7BCF3E2D
:10150000A7096ABFEAC3CE3E52326ABFEA0BCE3E9B
:10151000D95A6ABFCA53CD3E3C836ABF8B9BCC3E2F
:101520007BAB6ABF2CE3CB3E95D36ABFAE2ACB3EE2
:101530008CFB6ABF1072CA3E5E236BBF53B9C93EB3
:101540000C4B6BBF7700C93E95726BBF7C47C83EA2
:10155000FB996BBF628EC73E3BC16BBF29D5C63EB0
:1015600058E86BBFD21BC63E500F6CBF5C62C53ED5
:1015700024366CBFC8A8C43ED45C6CBF15EFC33E14
:101580005E836CBF4435C33EC5A96CBF557BC23E6C
:1015900007D06CBF48C1C13E24F66CBF1E07C13ED8
:1015A0001D1C6DBFD54CC03EF2416DBF6F92BF3E5A
:1015B000A1676DBFEBD7BE3E2D8D6DBF4A1DBE3EF0
:1015C00093B26DBF8B62BD3ED5D76DBFAFA7BC3E9A
:1015D000F2FC6DBFB6ECBB3EEB216EBFA031BB3E53
:1015E000BE466EBF6E76BA3E6D6B6EBF1EBBB93E19
:1015F000F88F6EBFB2FFB83E5DB46EBF2A44B83EEE
:101600009ED86EBF8488B73EBAFC6EBFC3CCB63ED0
:10161000B0206FBFE610B63E83446FBFEC54B53EBA
:1016200030686FBFD698B43EB88B6FBFA5DCB33EB1
:101630001BAF6FBF5820B33E5AD26FBFEF63B23EAD
:1016400073F56FBF6BA7B13E671870BFCBEAB03EB2
:10165000373B70BF102EB03EE15D70BF3A71AF3EB8
:10166000668070BF49B4AE3EC6A270BF3CF7AD3EC7
:1016700002C570BF153AAD3E17E770BFD47CAC3ED3
:10168000080971BF77BFAB3ED42A71BF0102AB3EE0
:101690007A4C71BF6F44AA3EFB6D71BFC486A93EF0
:1016A000578F71BFFEC8A83E8EB071BF1F0BA83EFA
:1016B0009FD171BF254DA73E8CF271BF128FA63E00
:1016C000521372BFE5D0A53EF43372BF9F12A53E00
:1016D000705472BF3F54A43EC77472BFC595A33EF9
:1016E000F89472BF33D7A23E04B572BF8718A23EEA
:1016F000EBD472BFC259A13EACF472BFE59AA03ED2
:10170000471473BFEEDB9F3EBE3373BFDF1C9F3EAB
:101710000E5373BFB85D9E3E397273BF789E9D3E77
:101720003F9173BF20DF9C3E1FB073BFAF1F9C3E35
:10173000D9CE73BF27609B3E6EED73BF86A09A3EE5
:10174000DD0B74BFCEE0993E272A74BFFE20993E80
:101750004B4874BF1661983E496674BF17A1973E07
:10176000228474BF00E1963ED5A174BFD220963E7C
:1017700062BF74BF8D60953EC9DC74BF31A0943EDA
:101780000BFA74BFBFDF933E271775BF351F933E1B
:101790001D3475BF945E923EED5075BFDD9D913E48
:1017A000976D75BF10DD903E1C8A75BF2C1C903E56
:1017B0007BA675BF325B8F3EB3C275BF229A8E3E49
:1017C000C6DE75BFFCD88D3EB3FA75BFC0178D3E1F
:1017D0007A1676BF6E568C3E1B3276BF07958B3ECF
:1017E000974D76BF8AD38A3EEC6876BFF8118A3E61
:1017F0001B8476BF5050893E249F76BF938E883ECF
:1018000007BA76BFC1CC873EC4D476BFDA0A873E1A
:101810005BEF76BFDF48863ECC0977BFCE86853E3C
:10182000172477BFAAC4843E3C3E77BF7002843E33
:101830003A5877BF2240833E137277BFC07D823E05
:10184000C58B77BF4ABB813E51A577BFC0F8803EAC
:10185000B7BE77BF2236803EF7D777BFE1E67E3E40
:1018600010F177BF56617D3E040A78BFA4DB7B3E52
:10187000D12278BFCB557A3E773B78BFCCCF783E2C
:10188000F85378BFA649773E526C78BF5AC3753E6D
:10189000868478BFE83C743E939C78BF51B6723E14
:1018A0007BB478BF942F713E3BCC78BFB2A86F3E1B
:1018B000D6E378BFAB216E3E4AFB78BF7F9A6C3E81
:1018C000981279BF2F136B3EBF2979BFBA8B693E3F
:1018D000C04079BF2204683E9A5779BF667C663E55
:1018E0004E6E79BF86F4643EDC8479BF836C633EC0
:1018F000439B79BF5CE4613E83B179BF135C603E7A
:101900009DC779BFA8D35E3E91DD79BF1A4B5D3E7E
:101910005EF379BF6AC25B3E04097ABF97395A3ECB
:10192000841E7ABFA4B0583EDD337ABF8F27573E5E
:1019300010497ABF589E553E1C5E7ABF0115543E31
:1019400002737ABF898B523EC1877ABFF101513E43
:10195000599C7ABF38784F3ECBB07ABF60EE4D3E8F
:1019600016C57ABF67644C3E3AD97ABF4FDA4A3E11
:1019700037ED7ABF1850493E0E017BBFC2C5473EC6
:10198000BE147BBF4D3B463E48287BBFB9B0443EAA
:10199000AB3B7BBF0726433EE74E7BBF379B413EB9
:1019A000FC617BBF4910403EEA747BBF3E853E3EF2
:1019B000B2877BBF15FA3C3E539A7BBFCF6E3B3E4E
:1019C000CDAC7BBF6CE3393E20BF7BBFEC57383ECC
:1019D0004DD17BBF50CC363E53E37BBF9840353E64
:1019E00031F57BBFC4B4333EE9067CBFD428323E18
:1019F0007A187CBFC99C303EE5297CBFA2102F3EDF
:101A0000283B7CBF61842D3E444C7CBF04F82B3EB8
:101A10003A5D7CBF8D6B2A3E086E7CBFFCDE283EA3
:101A2000B07E7CBF5152273E318F7CBF8CC5253E96
:101A30008A9F7CBFAD38243EBDAF7CBFB6AB223E93
:101A4000C9BF7CBFA51E213EAECF7CBF7B911F3E90
:101A50006CDF7CBF38041E3E03EF7CBFDE761C3E8D
:101A600073FE7CBF6BE91A3EBC0D7DBFE05B193E87
:101A7000DD1C7DBF3DCE173ED82B7DBF8340163E7B
:101A8000AC3A7DBFB2B2143E59497DBFCA24133E61
:101A9000DE577DBFCC96113E3D667DBFB708103E38
:101AA00074747DBF8B7A0E3E85827DBF4AEC0C3EFE
:101AB0006E907DBFF35D0B3E309E7DBF86CF093EAD
:101AC000CCAB7DBF0541083E40B97DBF6EB2063E3E
:101AD0008CC67DBFC223053EB2D37DBF0295033EB7
:101AE000B1E07DBF2E06023E88ED7DBF4577003E0A
:101AF00038FA7DBF92D0FD3DC2067EBF73B2FA3D7B
:101B000024137EBF2C94F73D5E1F7EBFC075F43D4D
:101B1000722B7EBF2E57F13D5E377EBF7638EE3D8D
:101B200023437EBF9A19EB3DC14E7EBF9AFAE73D33
:101B3000385A7EBF76DBE43D88657EBF2EBCE13D32
:101B4000B0707EBFC49CDE3DB17B7EBF377DDB3D88
:101B50008B867EBF895DD83D3D917EBFB93DD53D29
:101B6000C99B7EBFC81DD23D2DA67EBFB7FDCE3D11
:101B700069B07EBF86DDCB3D7FBA7EBF36BDC83D36
:101B80006DC47EBFC69CC53D34CE7EBF397CC23D90
:101B9000D4D77EBF8D5BBF3D4CE17EBFC33ABC3D19
:101BA0009DEA7EBFDD19B93DC7F37EBFDAF8B53DCA
:101BB000C9FC7EBFBBD7B23DA4057FBF80B6AF3D99
:101BC000580E7FBF2B95AC3DE4167FBFBA73A93D7D
:101BD000491F7FBF3052A63D87277FBF8C30A33D72
:101BE0009D2F7FBFCF0EA03D8D377FBFF9EC9C3D71
:101BF000543F7FBF0ACB993DF4467FBF05A9963D70
:101C00006D4E7FBFE786933DBF557FBFB464903D67
:101C1000E95C7FBF6A428D3DEC637FBF0A208A3D4D
:101C2000C76A7FBF94FD863D7B717FBF0ADB833D22
:101C300008787FBF6CB8803D6D7E7FBF742B7B3D85
:101C4000AB847FBFE9E5743DC28A7FBF38A06E3D9B
:101C5000B1907FBF625A683D78967FBF6814623D3D
:101C6000189C7FBF4CCE5B3D91A17FBF0E88553D38
:101C7000E3A67FBFAF414F3D0DAC7FBF2FFB483D7B
:101C80000FB17FBF91B4423DEAB57FBFD56D3C3DFA
:101C90009EBA7FBFFC26363D2ABF7FBF07E02F3D9F
:101CA0008FC37FBFF698293DCCC77FBFCC51233D62
:101CB000E2CB7FBF880A1D3DD1CF7FBF2CC3163D2D
:101CC00098D37FBFB87B103D37D77FBF2F340A3DF5
:101CD000AFDA7FBF90EC033D00DE7FBFB949FB3C2C
:101CE00029E17FBF2DBAEE3C2BE47FBF7B2AE23C8B
:101CF00005E77FBFA69AD53CB8E97FBFB00AC93CCB
:101D000043EC7FBF9B7ABC3CA7EE7FBF69EAAF3C48
:101D1000E3F07FBF1C5AA33CF8F27FBFB6C9963CE4
:101D2000E6F47FBF38398A3CACF67FBF4B517B3C31
:101D30004AF87FBF0030623CC1F97FBF900E493C3A
:101D400011FB7FBF02ED2F3C39FC7FBF59CB163C06
:101D500039FD7FBF3053FB3B13FE7FBF890FC93B6B
:101D6000C4FE7FBFC1CB963B4EFF7FBFC70F493B31
:101D7000B1FF7FBFD40FC93AECFF7FBF0000000066
:101D80000000803F900E493C11FB7F3FB00AC93CE8
:101D900043EC7F3F2CC3163D98D37F3F2FFB483D3C
:101DA0000FB17F3F742B7B3DAB847F3F05A9963DF0
:101DB0006D4E7F3F80B6AF3D580E7F3F36BDC83D6C
:101DC0006DC47E3F2EBCE13DB0707E3F73B2FA3DE4
:101DD00024137E3F86CF093ECCAB7D3F8340163E29
:101DE000AC3A7D3FB6AB223EC9BF7C3FA2102F3E2E
:101DF000283B7C3FCF6E3B3ECDAC7B3FC2C5473ED0
:101E0000BE147B3F0115543E02737A3F135C603E63
:101E10009DC7793F7F9A6C3E9812793FCCCF783E30
:101E2000F853783FC07D823EC58B773F938E883EC6
:101E300007BA763F229A8E3EC6DE753F31A0943EA9
:101E40000BFA743F86A09A3EDD0B743FE59AA03EE4
:101E50004714733F128FA63E5213723FD47CAC3EA0
:101E60000809713FEF63B23E73F56F3F2A44B83EF5
:101E70009ED86E3F4A1DBE3E93B26D3F15EFC33EE6
:101E80005E836C3F53B9C93E0C4B6B3FCA7BCF3E60
:101E9000A7096A3F4136D53E3CBF683F80E8DA3E3D
:101EA000D86B673F4F92E03E880F663F7533E63E42
:101EB00059AA643FBBCBEB3E5A3C633FEA5AF13E22
:101EC00098C5613FCBE0F63E2146603F275DFC3E72
:101ED00005BE5E3FE4E7003F532D5D3F3D9C033F61
:101EE0001A945B3F824B063F6AF2593F9BF5083FCD
:101EF0005348583F6B9A0B3FE595563FDA390E3FF2
:101F000031DB543FCDD3103F4918533F2A68133F6C
:101F10003D4D513FD9F6153F1F7A4F3FC07F183FC7
:101F2000029F4D3FC6021B3FF8BB4B3FD17F1D3F79
:101F300012D1493FCBF61F3F65DE473F9967223FED
:101F400003E4453F25D2243F00E2433F5636273F76
:101F500070D8413F1594293F67C73F3F4AEB2B3F5D
:101F6000F9AE3D3FDE3B2E3F3B8F3B3FBB85303FD5
:101F70004268393FC9C8323F233A373FF304353FFF
:101F8000F304353F233A373FC9C8323F4268393FEF
:101F9000BB85303F3B8F3B3FDE3B2E3FF9AE3D3FA5
:101FA0004AEB2B3F67C73F3F1594293F70D8413F0D
:101FB0005636273F00E2433F25D2243F03E4453F06
:101FC0009967223F65DE473FCBF61F3F12D1493F5D
:101FD000D17F1D3FF8BB4B3FC6021B3F029F4D3FC9
:101FE000C07F183F1F7A4F3FD9F6153F3D4D513FF7
:101FF0002A68133F4918533FCDD3103F31DB543F7C
:10200000DA390E3FE595563F6B9A0B3F5348583FE0
:102010009BF5083F6AF2593F824B063F1A945B3F9B
:102020003D9C033F532D5D3FE4E7003F05BE5E3F0F
:10203000275DFC3E2146603FCBE0F63E98C5613F00
:10204000EA5AF13E5A3C633FBBCBEB3E59AA643F90
:102050007533E63E880F663F4F92E03ED86B673F90
:1020600080E8DA3E3CBF683F4136D53EA7096A3F6B
:10207000CA7BCF3E0C4B6B3F53B9C93E5E836C3F6E
:1020800015EFC33E93B26D3F4A1DBE3E9ED86E3FD4
:102090002A44B83E73F56F3FEF63B23E0809713FC3
:1020A000D47CAC3E5213723F128FA63E4714733F4E
:1020B000E59AA03EDD0B743F86A09A3E0BFA743F72
:1020C00031A0943EC6DE753F229A8E3E07BA763F17
:1020D000938E883EC58B773FC07D823EF853783F14
:1020E000CCCF783E9812793F7F9A6C3E9DC7793F5E
:1020F000135C603E02737A3F0115543EBE147B3F71
:10210000C2C5473ECDAC7B3FCF6E3B3E283B7C3FBC
:10211000A2102F3EC9BF7C3FB6AB223EAC3A7D3FFA
:102120008340163ECCAB7D3F86CF093E24137E3FD5
:1021300073B2FA3DB0707E3F2EBCE13D6DC47E3F70
:1021400036BDC83D580E7F3F80B6AF3D6D4E7F3FD8
:1021500005A9963DAB847F3F742B7B3D0FB17F3F3C
:102160002FFB483D98D37F3F2CC3163D43EC7F3F68
:10217000B00AC93C11FB7F3F900E493C0000803FF4
:102180000000000011FB7F3F900E49BC43EC7F3FF5
:10219000B00AC9BC98D37F3F2CC316BD0FB17F3F97
:1021A0002FFB48BDAB847F3F742B7BBD6D4E7F3FC3
:1021B00005A996BD580E7F3F80B6AFBD6DC47E3F6A
:1021C00036BDC8BDB0707E3F2EBCE1BD24137E3F3E
:1021D00073B2FABDCCAB7D3F86CF09BEAC3A7D3F32
:1021E000834016BEC9BF7C3FB6AB22BE283B7C3FB6
:1021F000A2102FBECDAC7B3FCF6E3BBEBE147B3F4B
:10220000C2C547BE02737A3F011554BE9DC7793FD0
:10221000135C60BE9812793F7F9A6CBEF853783F8A
:10222000CCCF78BEC58B773FC07D82BE07BA763FE4
:10223000938E88BEC6DE753F229A8EBE0BFA743F1F
:1022400031A094BEDD0B743F86A09ABE4714733F45
:10225000E59AA0BE5213723F128FA6BE0809713FC5
:10226000D47CACBE73F56F3FEF63B2BE9ED86E3FB9
:102270002A44B8BE93B26D3F4A1DBEBE5E836C3F1A
:1022800015EFC3BE0C4B6B3F53B9C9BEA7096A3FDC
:10229000CA7BCFBE3CBF683F4136D5BED86B673FD7
:1022A00080E8DABE880F663F4F92E0BE59AA643FCD
:1022B0007533E6BE5A3C633FBBCBEBBE98C5613F6E
:1022C000EA5AF1BE2146603FCBE0F6BE05BE5E3F56
:1022D000275DFCBE532D5D3FE4E700BF1A945B3FD2
:1022E0003D9C03BF6AF2593F824B06BF5348583F9B
:1022F0009BF508BFE595563F6B9A0BBF31DB543F0A
:10230000DA390EBF4918533FCDD310BF3D4D513F71
:102310002A6813BF1F7A4F3FD9F615BF029F4D3F62
:10232000C07F18BFF8BB4B3FC6021BBF12D1493F4D
:10233000D17F1DBF65DE473FCBF61FBF03E4453F9E
:10234000996722BF00E2433F25D224BF70D8413FA6
:10235000563627BF67C73F3F159429BFF9AE3D3FAB
:102360004AEB2BBF3B8F3B3FDE3B2EBF4268393FE2
:10237000BB8530BF233A373FC9C832BFF304353F6E
:10238000F30435BFC9C8323F233A37BFBB85303F5E
:10239000426839BFDE3B2E3F3B8F3BBF4AEB2B3FB2
:1023A000F9AE3DBF1594293F67C73FBF5636273F5B
:1023B00070D841BF25D2243F00E243BF9967223F36
:1023C00003E445BFCBF61F3F65DE47BFD17F1D3F0E
:1023D00012D149BFC6021B3FF8BB4BBFC07F183F9D
:1023E000029F4DBFD9F6153F1F7A4FBF2A68133F92
:1023F0003D4D51BFCDD3103F491853BFDA390E3F81
:1024000031DB54BF6B9A0B3FE59556BF9BF5083FF8
:10241000534858BF824B063F6AF259BF3D9C033F69
:102420001A945BBFE4E7003F532D5DBF275DFC3E80
:1024300005BE5EBFCBE0F63E214660BFEA5AF13EE4
:1024400098C561BFBBCBEB3E5A3C63BF7533E63EDC
:1024500059AA64BF4F92E03E880F66BF80E8DA3E1B
:10246000D86B67BF4136D53E3CBF68BFCA7BCF3E05
:10247000A7096ABF53B9C93E0C4B6BBF15EFC33EEA
:102480005E836CBF4A1DBE3E93B26DBF2A44B83E08
:102490009ED86EBFEF63B23E73F56FBFD47CAC3E87
:1024A000080971BF128FA63E521372BFE59AA03E73
:1024B000471473BF86A09A3EDD0B74BF31A0943ED3
:1024C0000BFA74BF229A8E3EC6DE75BF938E883E8D
:1024D00007BA76BFC07D823EC58B77BFCCCF783E32
:1024E000F85378BF7F9A6C3E981279BF135C603EB8
:1024F0009DC779BF0115543E02737ABFC2C5473EDE
:10250000BE147BBFCF6E3B3ECDAC7BBFA2102F3E37
:10251000283B7CBFB6AB223EC9BF7CBF8340163E82
:10252000AC3A7DBF86CF093ECCAB7DBF73B2FA3DDE
:1025300024137EBF2EBCE13DB0707EBF36BDC83DCA
:102540006DC47EBF80B6AF3D580E7FBF05A9963DD6
:102550006D4E7FBF742B7B3DAB847FBF2FFB483D0F
:102560000FB17FBF2CC3163D98D37FBFB00AC93CC3
:1025700043EC7FBF900E493C11FB7FBF0000000081
:102580000000803F36BDC83D6DC47E3FC2C5473E9A
:10259000BE147B3F31A0943E0BFA743F15EFC33E4F
:1025A0005E836C3FEA5AF13E98C5613FDA390E3FCF
:1025B00031DB543F9967223F03E4453FF304353F45
:1025C000F304353F03E4453F9967223F31DB543F35
:1025D000DA390E3F98C5613FEA5AF13E5E836C3F9F
:1025E00015EFC33E0BFA743F31A0943EBE147B3FFF
:1025F000C2C5473E6DC47E3F36BDC83D0000803F2A
:10260000000000006DC47E3F36BDC8BDBE147B3FD8
:10261000C2C547BE0BFA743F31A094BE5E836C3FC7
:1026200015EFC3BE98C5613FEA5AF1BE31DB543F96
:10263000DA390EBF03E4453F996722BFF304353F03
:10264000F30435BF9967223F03E445BFDA390E3FF3
:1026500031DB54BFEA5AF13E98C561BF15EFC33E66
:102660005E836CBF31A0943E0BFA74BFC2C5473E77
:10267000BE147BBF36BDC83D6DC47EBF00010000E7
:102680009070022012000000000600006429006023
:102690000A00000000020000002900606200000043
:1026A000000700009C28006062000000EE030000AC
:1026B000EC70022012000000000004EEC470022042
:1026C00028000000000300009828006000000000BF
:1026D00001030904802800600000000002030904CF
:1026E0006828006000000000030309043471022020
:1026F00000000000000000000000000000000000DA
:1027000030303030303030303030303030303030C9
:1027100030303030303030303030303030303030B9
:1027200000000000000000001880032080800320CB
:10273000E88003200000000000000000000000000E
:102740000000000000000000000000000000000089
:102750000000000000000000000000000000000079
:102760000000000000000000000000000000000069
:102770000000000000000000000000000000000059
:102780000000000000000000000000000000000049
:102790000000000000000000000000000000000039
:1027A0000000000000000000000000000000000029
:1027B0000000000000000000000000000100000018
:1027C000000000000E33CDAB34126DE6ECDE0500E8
:1027D0000B000000000000000000000000000000EE
:1027E00000000000000000000000000000000000E9
:1027F00000000000000000000000000000000000D9
:1028000000000000000000000000000000000000C8
:1028100000000000000000000000000000000000B8
:1028200000000000000000000000000000000000A8
:102830000000000000000000000000000000000098
:1028400000000000841200200029DE07007B9A1798
:10285000574D585A00000000000000000000000022
:102860000000000000000000000000000000000068
:102870000000000000000000574D585A0000000002
:102880000000000000000000000000000000000048
:102890000000000000000000000000000000000038
:1028A0005465737400000000000000000000000088
:1028B0000000000000000000000000000000000018
:1028C00000000000000000006D6963726F50414D10
:1028D00000000000000000000000000000000000F8
:1028E00000000000000000000000000000000000E8
:1028F0005F5F5F5F5F5F000000000000000000009E
:1029000000000000000000000000000000000000C7
:1029100000000000000000004C43313700000000C0
:1029200000000000000000000000000000000000A7
:102930000000000000000000000000000000000097
:102940000000803F000000000000803F000080BFCA
:10295000000000000000803F0000803F0000803F3A
:102960000000000000000000000080BF000080BFE9
:10297000000000000000803F0000803F0000803F1A
:102980000000803F00000000001300200000000055
:10299000E8030000000000004C13002000000000CD
:1029A000E80300000000000000003F40182800601D
:1029B0000000000000000000000000000000000017
:1029C0000000000000000000000000000000000007
:1029D00000000000000000000000000000000000F7
:1029E00000000000000000000000000000000000E7
:1029F00000000000000000000000000000000000D7
:102A000000000000000000000000000000000000C6
:102A100000000000000000000000000000000000B6
:102A200000000000000000000000000000000000A6
:102A30000000000000000000000000000000000096
:102A40000000000000000000000000000000000086
:102A50000000000000000000000000000000000076
:102A60000000000000000000000000000000000066
:102A70000000000000000000000000000000000056
:102A80000000000000000000000000000000000046
:102A90000000000000000000000000000000000036
:102AA0000000000000000000000000000000000026
:102AB0000000000000000000000000000000000016
:102AC0000000000000000000000000000000000006
:102AD00000000000000000004C1300200000000077
:102AE000E80300000000000000803F40C8270060AD
:102AF00000000000000000000000000000000000D6
:102B000000000000000000000000000000000000C5
:102B100000000000000000000000000000000000B5
:102B200000000000000000000000000000000000A5
:102B30000000000000000000000000000000000095
:102B40000000000000000000000000000000000085
:102B50000000000000000000000000000000000075
:102B60000000000000000000000000000000000065
:102B70000000000000000000000000000000000055
:102B80000000000000000000000000000000000045
:102B90000000000000000000000000000000000035
:102BA0000000000000000000000000000000000025
:102BB0000000000000000000000000000000000015
:102BC0000000000000000000000000000000000005
:102BD00000000000000000000000000000000000F5
:102BE00000000000000000000000000000000000E5
:102BF00000000000000000000000000000000000D5
:102C000000000000000000000000000000000000C4
:102C100000000000000000004C1300200000000035
:102C2000E80300000000000000C03F40782700607B
:102C30000000000000000000000000000000000094
:102C40000000000000000000000000000000000084
:102C50000000000000000000000000000000000074
:102C60000000000000000000000000000000000064
:102C70000000000000000000000000000000000054
:102C80000000000000000000000000000000000044
:102C90000000000000000000000000000000000034
:102CA0000000000000000000000000000000000024
:102CB0000000000000000000000000000000000014
:102CC0000000000000000000000000000000000004
:102CD00000000000000000000000000000000000F4
:102CE00000000000000000000000000000000000E4
:102CF00000000000000000000000000000000000D4
:102D000000000000000000000000000000000000C3
:102D100000000000000000000000000000000000B3
:102D200000000000000000000000000000000000A3
:102D30000000000000000000000000000000000093
:102D40000000000000000000000000000000000083
:102D50000000000000000000FFFFFFFFA28CD692E1
:102D6000D87F032080D0272000000000430000000F
:102D70000000000000000000000000000000000053
:102D80000000000000000000000000004300000000
:102D90000000000000000000000000000000000033
:102DA00000000000000000000000000043000000E0
:102DB0000000000000000000000000000000000013
:102DC00000000000000000000000000043000000C0
:102DD00000000000000000000000000000000000F3
:102DE00000000000000000000000000043000000A0
:102DF00000000000000000000000000000000000D3
:102E0000000000000000000000000000430000007F
:102E100000000000000000000000000000000000B2
:102E2000000000000000000000000000430000005F
:102E30000000000000000000000000000000000092
:102E4000000000000000000000000000712F0100E1
:102E5000D1240100000000007416002004DE0020D0
:102E6000FC0C0020FC0C0020FC0C0020FC0C0020C2
:102E7000FC0C0020FC0C0020FC0C0020FC0C0020B2
:102E8000FC0C0020FFFFFFFFFFFFFFFFFFFFFFFF26
:102E9000FFFF0000010041534349490000000000CA
:102EA0000000000000000000000000000000000022
:102EB00000000000000041534349490000000000A9
:102EC0000000000000000000000000000000000002
:102ED00000000000000000000000000000000000F2
:102EE0006C6C02206C6C0220746C0220746C0220EA
:102EF0007C6C02207C6C0220846C0220846C02209A
:102F00008C6C02208C6C0220946C0220946C022049
:102F10009C6C02209C6C0220A46C0220A46C0220F9
:102F2000AC6C0220AC6C0220B46C0220B46C0220A9
:102F3000BC6C0220BC6C0220C46C0220C46C022059
:102F4000CC6C0220CC6C0220D46C0220D46C022009
:102F5000DC6C0220DC6C0220E46C0220E46C0220B9
:102F6000EC6C0220EC6C0220F46C0220F46C022069
:102F7000FC6C0220FC6C0220046D0220046D022017
:102F80000C6D02200C6D0220146D0220146D0220C5
:102F90001C6D02201C6D0220246D0220246D022075
:102FA0002C6D02202C6D0220346D0220346D022025
:102FB0003C6D02203C6D0220446D0220446D0220D5
:102FC0004C6D02204C6D0220546D0220546D022085
:102FD0005C6D02205C6D0220646D0220646D022035
:102FE0006C6D02206C6D0220746D0220746D0220E5
:102FF0007C6D02207C6D0220846D0220846D022095
:103000008C6D02208C6D0220946D0220946D022044
:103010009C6D02209C6D0220A46D0220A46D0220F4
:10302000AC6D0220AC6D0220B46D0220B46D0220A4
:10303000BC6D0220BC6D0220C46D0220C46D022054
:10304000CC6D0220CC6D0220D46D0220D46D022004
:10305000DC6D0220DC6D0220E46D0220E46D0220B4
:10306000EC6D0220EC6D0220F46D0220F46D022064
:10307000FC6D0220FC6D0220046E0220046E022012
:103080000C6E02200C6E0220146E0220146E0220C0
:103090001C6E02201C6E0220246E0220246E022070
:1030A0002C6E02202C6E0220346E0220346E022020
:1030B0003C6E02203C6E0220446E0220446E0220D0
:1030C0004C6E02204C6E0220546E0220546E022080
:1030D0005C6E02205C6E0220646E0220646E022030
:1030E0006C6E02206C6E0220746E0220746E0220E0
:1030F0007C6E02207C6E0220846E0220846E022090
:103100008C6E02208C6E0220946E0220946E02203F
:103110009C6E02209C6E0220A46E0220A46E0220EF
:10312000AC6E0220AC6E0220B46E0220B46E02209F
:10313000BC6E0220BC6E0220C46E0220C46E02204F
:10314000CC6E0220CC6E0220D46E0220D46E0220FF
:10315000DC6E0220DC6E0220E46E0220E46E0220AF
:10316000EC6E0220EC6E0220F46E0220F46E02205F
:10317000FC6E0220FC6E0220046F0220046F02200D
:103180000C6F02200C6F0220146F0220146F0220BB
:103190001C6F02201C6F0220246F0220246F02206B
:1031A0002C6F02202C6F0220346F0220346F02201B
:1031B0003C6F02203C6F0220446F0220446F0220CB
:1031C0004C6F02204C6F0220546F0220546F02207B
:1031D0005C6F02205C6F0220646F0220646F02202B
:1031E0006C6F02206C6F0220746F0220746F0220DB
:1031F0007C6F02207C6F0220846F0220846F02208B
:103200008C6F02208C6F0220946F0220946F02203A
:103210009C6F02209C6F0220A46F0220A46F0220EA
:10322000AC6F0220AC6F0220B46F0220B46F02209A
:10323000BC6F0220BC6F0220C46F0220C46F02204A
:10324000CC6F0220CC6F0220D46F0220D46F0220FA
:10325000DC6F0220DC6F0220E46F0220E46F0220AA
:10326000EC6F0220EC6F0220F46F0220F46F02205A
:10327000FC6F0220FC6F0220047002200470022008
:103280000C7002200C7002201470022014700220B6
:103290001C7002201C700220247002202470022066
:1032A0002C7002202C700220347002203470022016
:1032B0003C7002203C7002204470022044700220C6
:1032C0004C7002204C700220547002205470022076
:1032D0005C7002205C700220647002206470022026
:1032E000FFFFFFFF000002000000000003000000DD
:1032F00018800320B86402201400000012010002AC
:10330000EF020140C01683048002010203010000A5
:103310007761760062696E0073706300696E740095
:103320007661650000EE020000000C000C00180041
:10333000280000000001040001000000000000005F
:10334000020157494E5553420000000000000000A2
:10335000000000000000000012034D005300460072
:103360005400310030003000F8000000000000B0D0
:1033700000008049323030302D30312D30315F3017
:10338000303A30303A3030000000000000000000D9
:1033900000000000000000000000000008DC002029
:1033A0000C0300000000000000000000000000000E
:1033B0000000000000000000E07B03203C00010052
:1033C0002920180500000000000000000000000097
:1033D00000000000000000000000000000000000ED
:1033E00000000000000000000000000000000000DD
:1033F00000000000000000000000000000000000CD
:1034000000000000000000000000000000000000BC
:1034100000000000000000000000000000000000AC
:10342000000000000000000000000000000000009C
:10343000000000000000000000000000000000008C
:10344000000000000000000000000000000000007C
:10345000000000000000000000000000000000006C
:10346000000000000000000000000000000000005C
:10347000000000000000000000000000000000004C
:10348000000000000000000000000000000000003C
:10349000000000000000000000000000000000002C
:1034A000000000000000000000000000000000001C
:1034B000000000000000000000000000000000000C
:1034C00000000000000000000000000000000000FC
:1034D00000000000000000000000000000000000EC
:1034E00000000000000000000000000000000000DC
:1034F00000000000000000000000000000000000CC
:1035000000000000000000000000000000000000BB
:1035100000000000000000000000000000000000AB
:10352000000000000000000000000000000000009B
:10353000000000000000000000000000000000008B
:10354000000000000000000000000000000000007B
:10355000000000000000000000000000000000006B
:10356000000000000000000000000000000000005B
:10357000000000000000000000000000000000004B
:10358000000000000000000000000000000000003B
:10359000000000000000000000000000000000002B
:1035A000000000000000000000000000000000001B
:1035B000000000000000000000000000000000000B
:1035C00000000000000000000000000000000000FB
:1035D00000000000000000000000000000000000EB
:1035E00000000000000000000000000000000000DB
:1035F00000000000000000000000000000000000CB
:1036000000000000000000000000000000000000BA
:1036100000000000000000000000000000000000AA
:10362000000000000000000000000000000000009A
:10363000000000000000000000000000000000008A
:10364000000000000000000000000000000000007A
:10365000000000000000000000000000000000006A
:10366000000000000000000000000000000000005A
:10367000000000000000000000000000000000004A
:10368000000000000000000000000000000000003A
:10369000000000000000000000000000000000002A
:1036A000000000000000000000000000000000001A
:1036B000000000000000000000000000000000000A
:1036C00000000000000000000000000000000000FA
:1036D00000000000000000000000000000000000EA
:1036E00000000000000000000000000000000000DA
:1036F00000000000000000000000000000000000CA
:1037000000000000000000000000000000000000B9
:1037100000000000000000000000000000000000A9
:103720000000000000000000000000000000000099
:103730000000000000000000000000000000000089
:103740000000000000000000000000000000000079
:103750000000000000000000000000000000000069
:103760000000000000000000000000000000000059
:103770000000000000000000000000000000000049
:103780000000000000000000000000000000000039
:103790000000000000000000000000000000000029
:1037A0000000000000000000000000000000000019
:1037B0000000000000000000000000000000000009
:1037C00000000000000000000000000000000000F9
:1037D00000000000000000000000000000000000E9
:1037E00000000000000000000000000000000000D9
:1037F00000000000000000000000000000000000C9
:1038000000000000000000000000000000000000B8
:1038100000000000000000000000000000000000A8
:103820000000000000000000000000000000000098
:103830000000000000000000000000000000000088
:103840000000000000000000000000000000000078
:103850000000000000000000000000000000000068
:103860000000000000000000000000000000000058
:103870000000000000000000000000000000000048
:103880000000000000000000000000000000000038
:103890000000000000000000000000000000000028
:1038A0000000000000000000000000000000000018
:1038B0000000000000000000000000000000000008
:1038C00000000000000000000000000000000000F8
:1038D00000000000000000000000000000000000E8
:1038E00000000000000000000000000000000000D8
:1038F00000000000000000000000000000000000C8
:1039000000000000000000000000000000000000B7
:1039100000000000000000000000000000000000A7
:0C3920000000000000000000000000009B
:10392C00FFFFFFFFFFFFFFFFFFFFFFFFFFFFFFFF9B
:10393C00FFFFFFFFFFFFFFFFFFFFFFFFFFFFFFFF8B
:10394C00FFFFFFFFFFFFFFFFFFFFFFFFFFFFFFFF7B
:10395C00FFFFFFFFFFFFFFFFFFFFFFFFFFFFFFFF6B
:10396C00FFFFFFFFFFFFFFFFFFFFFFFFFFFFFFFF5B
:10397C00FFFFFFFFFFFFFFFFFFFFFFFFFFFFFFFF4B
:10398C00FFFFFFFFFFFFFFFFFFFFFFFFFFFFFFFF3B
:10399C00FFFFFFFFFFFFFFFFFFFFFFFFFFFFFFFF2B
:1039AC00FFFFFFFFFFFFFFFFFFFFFFFFFFFFFFFF1B
:1039BC00FFFFFFFFFFFFFFFFFFFFFFFFFFFFFFFF0B
:1039CC00FFFFFFFFFFFFFFFFFFFFFFFFFFFFFFFFFB
:1039DC00FFFFFFFFFFFFFFFFFFFFFFFFFFFFFFFFEB
:1039EC00FFFFFFFFFFFFFFFFFFFFFFFFFFFFFFFFDB
:1039FC00FFFFFFFFFFFFFFFFFFFFFFFFFFFFFFFFCB
:103A0C00FFFFFFFFFFFFFFFFFFFFFFFFFFFFFFFFBA
:103A1C00FFFFFFFFFFFFFFFFFFFFFFFFFFFFFFFFAA
:103A2C00FFFFFFFFFFFFFFFFFFFFFFFFFFFFFFFF9A
:103A3C00FFFFFFFFFFFFFFFFFFFFFFFFFFFFFFFF8A
:103A4C00FFFFFFFFFFFFFFFFFFFFFFFFFFFFFFFF7A
:103A5C00FFFFFFFFFFFFFFFFFFFFFFFFFFFFFFFF6A
:103A6C00FFFFFFFFFFFFFFFFFFFFFFFFFFFFFFFF5A
:103A7C00FFFFFFFFFFFFFFFFFFFFFFFFFFFFFFFF4A
:103A8C00FFFFFFFFFFFFFFFFFFFFFFFFFFFFFFFF3A
:103A9C00FFFFFFFFFFFFFFFFFFFFFFFFFFFFFFFF2A
:103AAC00FFFFFFFFFFFFFFFFFFFFFFFFFFFFFFFF1A
:103ABC00FFFFFFFFFFFFFFFFFFFFFFFFFFFFFFFF0A
:103ACC00FFFFFFFFFFFFFFFFFFFFFFFFFFFFFFFFFA
:103ADC00FFFFFFFFFFFFFFFFFFFFFFFFFFFFFFFFEA
:103AEC00FFFFFFFFFFFFFFFFFFFFFFFFFFFFFFFFDA
:103AFC00FFFFFFFFFFFFFFFFFFFFFFFFFFFFFFFFCA
:103B0C00FFFFFFFFFFFFFFFFFFFFFFFFFFFFFFFFB9
:103B1C00FFFFFFFFFFFFFFFFFFFFFFFFFFFFFFFFA9
:103B2C00FFFFFFFFFFFFFFFFFFFFFFFFFFFFFFFF99
:103B3C00FFFFFFFFFFFFFFFFFFFFFFFFFFFFFFFF89
:103B4C00FFFFFFFFFFFFFFFFFFFFFFFFFFFFFFFF79
:103B5C00FFFFFFFFFFFFFFFFFFFFFFFFFFFFFFFF69
:103B6C00FFFFFFFFFFFFFFFFFFFFFFFFFFFFFFFF59
:103B7C00FFFFFFFFFFFFFFFFFFFFFFFFFFFFFFFF49
:103B8C00FFFFFFFFFFFFFFFFFFFFFFFFFFFFFFFF39
:103B9C00FFFFFFFFFFFFFFFFFFFFFFFFFFFFFFFF29
:103BAC00FFFFFFFFFFFFFFFFFFFFFFFFFFFFFFFF19
:103BBC00FFFFFFFFFFFFFFFFFFFFFFFFFFFFFFFF09
:103BCC00FFFFFFFFFFFFFFFFFFFFFFFFFFFFFFFFF9
:103BDC00FFFFFFFFFFFFFFFFFFFFFFFFFFFFFFFFE9
:103BEC00FFFFFFFFFFFFFFFFFFFFFFFFFFFFFFFFD9
:103BFC00FFFFFFFF000000000000000000000000BD
:103C0C0000000000000000000000000000000000A8
:103C1C000000000000000000000000000000000098
:103C2C000000000000000000000000000000000088
:103C3C000000000000000000000000000000000078
:103C4C000000000000000000000000000000000068
:103C5C000000000000000000000000000000000058
:103C6C000000000000000000000000000000000048
:103C7C000000000000000000000000000000000038
:103C8C000000000000000000000000000000000028
:103C9C000000000000000000000000000000000018
:103CAC000000000000000000000000000000000008
:103CBC0000000000000000000000000000000000F8
:103CCC0000000000000000000000000000000000E8
:103CDC0000000000000000000000000000000000D8
:103CEC0000000000000000000000000000000000C8
:103CFC0000000000000000000000000000000000B8
:103D0C0000000000000000000000000000000000A7
:103D1C000000000000000000000000000000000097
:103D2C000000000000000000000000000000000087
:103D3C000000000000000000000000000000000077
:103D4C000000000000000000000000000000000067
:103D5C000000000000000000000000000000000057
:103D6C000000000000000000000000000000000047
:103D7C000000000000000000000000000000000037
:103D8C000000000000000000000000000000000027
:103D9C000000000000000000000000000000000017
:103DAC000000000000000000000000000000000007
:103DBC0000000000000000000000000000000000F7
:103DCC0000000000000000000000000000000000E7
:103DDC0000000000000000000000000000000000D7
:103DEC0000000000000000000000000000000000C7
:103DFC0000000000000000000000000000000000B7
:103E0C0000000000000000000000000000000000A6
:103E1C000000000000000000000000000000000096
:103E2C000000000000000000000000000000000086
:103E3C000000000000000000000000000000000076
:103E4C000000000000000000000000000000000066
:103E5C000000000000000000000000000000000056
:103E6C000000000000000000000000000000000046
:103E7C000000000000000000000000000000000036
:103E8C000000000000000000000000000000000026
:103E9C000000000000000000000000000000000016
:103EAC000000000000000000000000000000000006
:103EBC0000000000000000000000000000000000F6
:103ECC0000000000000000000000000000000000E6
:103EDC0000000000000000000000000000000000D6
:103EEC0000000000000000000000000000000000C6
:103EFC0000000000000000000000000000000000B6
:103F0C0000000000000000000000000000000000A5
:103F1C000000000000000000000000000000000095
:103F2C000000000000000000000000000000000085
:103F3C000000000000000000000000000000000075
:103F4C000000000000000000000000000000000065
:103F5C000000000000000000000000000000000055
:103F6C000000000000000000000000000000000045
:103F7C000000000000000000000000000000000035
:103F8C000000000000000000000000000000000025
:103F9C000000000000000000000000000000000015
:103FAC000000000000000000000000000000000005
:103FBC0000000000000000000000000000000000F5
:103FCC0000000000000000000000000000000000E5
:103FDC0000000000000000000000000000000000D5
:103FEC0000000000000000000000000000000000C5
:103FFC0000000000000000000000000000000000B5
:10400C0000000000000000000000000000000000A4
:10401C000000000000000000000000000000000094
:10402C000000000000000000000000000000000084
:10403C000000000000000000000000000000000074
:10404C000000000000000000000000000000000064
:10405C000000000000000000000000000000000054
:10406C000000000000000000000000000000000044
:10407C000000000000000000000000000000000034
:10408C000000000000000000000000000000000024
:10409C000000000000000000000000000000000014
:1040AC000000000000000000000000000000000004
:1040BC0000000000000000000000000000000000F4
:1040CC0000000000000000000000000000000000E4
:1040DC0000000000000000000000000000000000D4
:1040EC0000000000000000000000000000000000C4
:1040FC0000000000000000000000000000000000B4
:10410C0000000000000000000000000000000000A3
:10411C000000000000000000000000000000000093
:10412C000000000000000000000000000000000083
:10413C000000000000000000000000000000000073
:10414C000000000000000000000000000000000063
:10415C000000000000000000000000000000000053
:10416C000000000000000000000000000000000043
:10417C000000000000000000000000000000000033
:10418C000000000000000000000000000000000023
:10419C000000000000000000000000000000000013
:1041AC000000000000000000000000000000000003
:1041BC0000000000000000000000000000000000F3
:1041CC0000000000000000000000000000000000E3
:1041DC0000000000000000000000000000000000D3
:1041EC0000000000000000000000000000000000C3
:1041FC0000000000000000000000000000000000B3
:10420C0000000000000000000000000000000000A2
:10421C000000000000000000000000000000000092
:10422C000000000000000000000000000000000082
:10423C000000000000000000000000000000000072
:10424C000000000000000000000000000000000062
:10425C000000000000000000000000000000000052
:10426C000000000000000000000000000000000042
:10427C000000000000000000000000000000000032
:10428C000000000000000000000000000000000022
:10429C000000000000000000000000000000000012
:1042AC000000000000000000000000000000000002
:1042BC0000000000000000000000000000000000F2
:1042CC0000000000000000000000000000000000E2
:1042DC0000000000000000000000000000000000D2
:1042EC0000000000000000000000000000000000C2
:1042FC0000000000000000000000000000000000B2
:10430C0000000000000000000000000000000000A1
:10431C000000000000000000000000000000000091
:10432C000000000000000000000000000000000081
:10433C000000000000000000000000000000000071
:10434C000000000000000000000000000000000061
:10435C000000000000000000000000000000000051
:10436C000000000000000000000000000000000041
:10437C000000000000000000000000000000000031
:10438C000000000000000000000000000000000021
:10439C000000000000000000000000000000000011
:1043AC000000000000000000000000000000000001
:1043BC0000000000000000000000000000000000F1
:1043CC0000000000000000000000000000000000E1
:1043DC0000000000000000000000000000000000D1
:1043EC0000000000000000000000000000000000C1
:1043FC0000000000000000000000000000000000B1
:10440C0000000000000000000000000000000000A0
:10441C000000000000000000000000000000000090
:10442C000000000000000000000000000000000080
:10443C000000000000000000000000000000000070
:10444C000000000000000000000000000000000060
:10445C000000000000000000000000000000000050
:10446C000000000000000000000000000000000040
:10447C000000000000000000000000000000000030
:10448C000000000000000000000000000000000020
:10449C000000000000000000000000000000000010
:1044AC000000000000000000000000000000000000
:1044BC0000000000000000000000000000000000F0
:1044CC0000000000000000000000000000000000E0
:1044DC0000000000000000000000000000000000D0
:1044EC0000000000000000000000000000000000C0
:1044FC0000000000000000000000000000000000B0
:10450C00000000000000000000000000000000009F
:10451C00000000000000000000000000000000008F
:10452C00000000000000000000000000000000007F
:10453C00000000000000000000000000000000006F
:10454C00000000000000000000000000000000005F
:10455C00000000000000000000000000000000004F
:10456C00000000000000000000000000000000003F
:10457C00000000000000000000000000000000002F
:10458C00000000000000000000000000000000001F
:10459C00000000000000000000000000000000000F
:1045AC0000000000000000000000000000000000FF
:1045BC0000000000000000000000000000000000EF
:1045CC0000000000000000000000000000000000DF
:1045DC0000000000000000000000000000000000CF
:1045EC0000000000000000000000000000000000BF
:1045FC0000000000000000000000000000000000AF
:10460C00000000000000000000000000000000009E
:10461C00000000000000000000000000000000008E
:10462C00000000000000000000000000000000007E
:10463C00000000000000000000000000000000006E
:10464C00000000000000000000000000000000005E
:10465C00000000000000000000000000000000004E
:10466C00000000000000000000000000000000003E
:10467C00000000000000000000000000000000002E
:10468C00000000000000000000000000000000001E
:10469C00000000000000000000000000000000000E
:1046AC0000000000000000000000000000000000FE
:1046BC0000000000000000000000000000000000EE
:1046CC0000000000000000000000000000000000DE
:1046DC0000000000000000000000000000000000CE
:1046EC0000000000000000000000000000000000BE
:1046FC0000000000000000000000000000000000AE
:10470C00000000000000000000000000000000009D
:10471C00000000000000000000000000000000008D
:10472C00000000000000000000000000000000007D
:10473C00000000000000000000000000000000006D
:10474C00000000000000000000000000000000005D
:10475C00000000000000000000000000000000004D
:10476C00000000000000000000000000000000003D
:10477C00000000000000000000000000000000002D
:10478C00000000000000000000000000000000001D
:10479C00000000000000000000000000000000000D
:1047AC0000000000000000000000000000000000FD
:1047BC0000000000000000000000000000000000ED
:1047CC0000000000000000000000000000000000DD
:1047DC0000000000000000000000000000000000CD
:1047EC0000000000000000000000000000000000BD
:0447FC0000000000B9
:040000056000100087
:00000001FF
