ISO-10303-21;
HEADER;
FILE_DESCRIPTION (( 'STEP AP214' ),
    '1' );
FILE_NAME ('1376164-1.STEP',
    '2025-06-10T21:01:55',
    ( '' ),
    ( '' ),
    'SwSTEP 2.0',
    'SolidWorks 2021',
    '' );
FILE_SCHEMA (( 'AUTOMOTIVE_DESIGN' ));
ENDSEC;

DATA;
#1 = ORIENTED_EDGE ( 'NONE', *, *, #2974, .F. ) ;
#2 = CARTESIAN_POINT ( 'NONE',  ( 3.049999999999995826, 0.8088891983536503627, 0.3500000000000110245 ) ) ;
#3 = VECTOR ( 'NONE', #160, 1000.000000000000000 ) ;
#4 = ORIENTED_EDGE ( 'NONE', *, *, #6817, .T. ) ;
#5 = ORIENTED_EDGE ( 'NONE', *, *, #2547, .F. ) ;
#6 = ORIENTED_EDGE ( 'NONE', *, *, #718, .T. ) ;
#7 = DIRECTION ( 'NONE',  ( 0.000000000000000000, 1.000000000000000000, 0.000000000000000000 ) ) ;
#8 = ORIENTED_EDGE ( 'NONE', *, *, #1068, .F. ) ;
#9 = EDGE_CURVE ( 'NONE', #7955, #5891, #1718, .T. ) ;
#10 = CARTESIAN_POINT ( 'NONE',  ( 3.401316701949484766, 0.1499999999999999667, -0.4999999999999880651 ) ) ;
#11 = EDGE_CURVE ( 'NONE', #1205, #1405, #85, .T. ) ;
#12 = CARTESIAN_POINT ( 'NONE',  ( -1.920314736363728867E-15, 0.000000000000000000, 0.5500000000000017097 ) ) ;
#13 = CARTESIAN_POINT ( 'NONE',  ( 4.199999999999999289, 1.685000000000000275, -0.3999999999999852562 ) ) ;
#14 = EDGE_LOOP ( 'NONE', ( #6059, #3031, #1728, #3122 ) ) ;
#15 = CARTESIAN_POINT ( 'NONE',  ( -4.349999999999995204, 0.1800000000000000488, -0.8000000000000151434 ) ) ;
#16 = ORIENTED_EDGE ( 'NONE', *, *, #626, .F. ) ;
#17 = ORIENTED_EDGE ( 'NONE', *, *, #3793, .T. ) ;
#18 = EDGE_CURVE ( 'NONE', #2386, #4129, #3962, .T. ) ;
#19 = ORIENTED_EDGE ( 'NONE', *, *, #3638, .T. ) ;
#20 = CARTESIAN_POINT ( 'NONE',  ( -4.350000000000001421, 0.000000000000000000, 0.8999999999999850342 ) ) ;
#21 = CARTESIAN_POINT ( 'NONE',  ( 4.500000000000001776, 0.3000000000000024314, -0.5999999999999842126 ) ) ;
#22 = AXIS2_PLACEMENT_3D ( 'NONE', #1326, #664, #2545 ) ;
#23 = CYLINDRICAL_SURFACE ( 'NONE', #3885, 0.2299999999999993161 ) ;
#24 = LINE ( 'NONE', #4560, #5890 ) ;
#25 = CIRCLE ( 'NONE', #7055, 0.3999999999999999667 ) ;
#26 = VERTEX_POINT ( 'NONE', #5205 ) ;
#27 = AXIS2_PLACEMENT_3D ( 'NONE', #7643, #1366, #4606 ) ;
#28 = TOROIDAL_SURFACE ( 'NONE', #5478, 2.575000000000000178, 0.8000000000000000444 ) ;
#29 = AXIS2_PLACEMENT_3D ( 'NONE', #3882, #6569, #7801 ) ;
#30 = EDGE_LOOP ( 'NONE', ( #5016, #4580, #5720, #6967 ) ) ;
#31 = LINE ( 'NONE', #1955, #288 ) ;
#32 = DIRECTION ( 'NONE',  ( 1.301981320592949974E-30, 1.000000000000000000, -3.729022710527641551E-16 ) ) ;
#33 = VECTOR ( 'NONE', #7762, 1000.000000000000000 ) ;
#34 = DIRECTION ( 'NONE',  ( 1.000000000000000000, 0.000000000000000000, 3.491481338843133355E-15 ) ) ;
#35 = CARTESIAN_POINT ( 'NONE',  ( 4.149999999999996803, 1.685000000000000275, 0.3500000000000161315 ) ) ;
#36 = VECTOR ( 'NONE', #7174, 1000.000000000000000 ) ;
#37 = ORIENTED_EDGE ( 'NONE', *, *, #4628, .F. ) ;
#38 = AXIS2_PLACEMENT_3D ( 'NONE', #13, #3771, #3019 ) ;
#39 = VERTEX_POINT ( 'NONE', #1969 ) ;
#40 = CARTESIAN_POINT ( 'NONE',  ( 4.149999999999995914, 3.050000000000000266, 0.5500000000000161426 ) ) ;
#41 = VECTOR ( 'NONE', #3307, 1000.000000000000000 ) ;
#42 = VECTOR ( 'NONE', #5233, 1000.000000000000000 ) ;
#43 = DIRECTION ( 'NONE',  ( 0.000000000000000000, -1.000000000000000000, 0.000000000000000000 ) ) ;
#44 = ORIENTED_EDGE ( 'NONE', *, *, #5886, .T. ) ;
#45 = VECTOR ( 'NONE', #2613, 1000.000000000000000 ) ;
#46 = VECTOR ( 'NONE', #116, 1000.000000000000000 ) ;
#47 = EDGE_LOOP ( 'NONE', ( #7459, #1191, #2127, #6076 ) ) ;
#48 = ADVANCED_FACE ( 'NONE', ( #6445 ), #6401, .T. ) ;
#49 = VERTEX_POINT ( 'NONE', #4617 ) ;
#50 = CARTESIAN_POINT ( 'NONE',  ( -2.817339274159017748, 3.149999999999999911, -2.768591593984411237 ) ) ;
#51 = ORIENTED_EDGE ( 'NONE', *, *, #6769, .F. ) ;
#52 = AXIS2_PLACEMENT_3D ( 'NONE', #190, #6555, #2071 ) ;
#53 = LINE ( 'NONE', #4541, #6678 ) ;
#54 = DIRECTION ( 'NONE',  ( 4.206079614184803695E-30, 1.000000000000000000, -1.204669080539449590E-15 ) ) ;
#55 = LINE ( 'NONE', #2095, #4952 ) ;
#56 = ORIENTED_EDGE ( 'NONE', *, *, #2441, .T. ) ;
#57 = CYLINDRICAL_SURFACE ( 'NONE', #2736, 3.950000000000000178 ) ;
#58 = DIRECTION ( 'NONE',  ( -3.491481338843133355E-15, 0.000000000000000000, 1.000000000000000000 ) ) ;
#59 = VERTEX_POINT ( 'NONE', #758 ) ;
#60 = EDGE_CURVE ( 'NONE', #5752, #3968, #525, .T. ) ;
#61 = ADVANCED_FACE ( 'NONE', ( #5456 ), #3501, .T. ) ;
#62 = VERTEX_POINT ( 'NONE', #2217 ) ;
#63 = DIRECTION ( 'NONE',  ( 0.000000000000000000, 1.000000000000000000, 0.000000000000000000 ) ) ;
#64 = EDGE_CURVE ( 'NONE', #4310, #4532, #2789, .T. ) ;
#65 = CARTESIAN_POINT ( 'NONE',  ( 3.336666698836464384, 1.522918315548257517, 0.4000000000000116240 ) ) ;
#66 = EDGE_CURVE ( 'NONE', #2652, #2593, #5239, .T. ) ;
#67 = CARTESIAN_POINT ( 'NONE',  ( 3.299999999999970512, 1.633265455320082049, -0.3932307364972931762 ) ) ;
#68 = VECTOR ( 'NONE', #1437, 1000.000000000000000 ) ;
#69 = CARTESIAN_POINT ( 'NONE',  ( -2.809285768164938357, 2.700000000000000178, -2.776786901223331494 ) ) ;
#70 = DIRECTION ( 'NONE',  ( 1.000000000000000000, 0.000000000000000000, 3.491481338843133355E-15 ) ) ;
#71 = CIRCLE ( 'NONE', #868, 0.1550000000000006373 ) ;
#72 = CARTESIAN_POINT ( 'NONE',  ( 5.199999999999998401, 0.1499999999999999667, 0.6000000000000180744 ) ) ;
#73 = EDGE_LOOP ( 'NONE', ( #5392, #195, #6106, #2514 ) ) ;
#74 = FACE_OUTER_BOUND ( 'NONE', #6652, .T. ) ;
#75 = ADVANCED_FACE ( 'NONE', ( #6650 ), #860, .F. ) ;
#76 = DIRECTION ( 'NONE',  ( 0.000000000000000000, 1.000000000000000000, 0.000000000000000000 ) ) ;
#77 = DIRECTION ( 'NONE',  ( -0.7132504491541816760, 0.000000000000000000, -0.7009092642998507872 ) ) ;
#78 = CARTESIAN_POINT ( 'NONE',  ( -2.973634140239838963, 0.3500000000000000333, -2.000000000000014211 ) ) ;
#79 = ORIENTED_EDGE ( 'NONE', *, *, #8058, .T. ) ;
#80 = DIRECTION ( 'NONE',  ( -0.000000000000000000, -1.000000000000000000, -0.000000000000000000 ) ) ;
#81 = CARTESIAN_POINT ( 'NONE',  ( 4.189999999999998614, 0.5000000000000000000, -0.5999999999999853229 ) ) ;
#82 = EDGE_CURVE ( 'NONE', #6380, #6737, #7937, .T. ) ;
#83 = ORIENTED_EDGE ( 'NONE', *, *, #7737, .T. ) ;
#84 = EDGE_LOOP ( 'NONE', ( #7427, #6838, #2913, #6069 ) ) ;
#85 = LINE ( 'NONE', #2090, #3121 ) ;
#86 = EDGE_CURVE ( 'NONE', #795, #2729, #3791, .T. ) ;
#87 = CARTESIAN_POINT ( 'NONE',  ( 1.934429877430335676, 2.933493649053888319, 2.293028793823765010 ) ) ;
#88 = DIRECTION ( 'NONE',  ( 0.000000000000000000, 1.000000000000000000, 0.000000000000000000 ) ) ;
#89 = CARTESIAN_POINT ( 'NONE',  ( 2.973634140239840740, 0.6999999999999999556, 1.600000000000013856 ) ) ;
#90 = EDGE_LOOP ( 'NONE', ( #1628, #7714, #7428, #1874 ) ) ;
#91 = SURFACE_STYLE_USAGE ( .BOTH. , #614 ) ;
#92 = CYLINDRICAL_SURFACE ( 'NONE', #3202, 0.6500000000000000222 ) ;
#93 = VERTEX_POINT ( 'NONE', #5324 ) ;
#94 = ORIENTED_EDGE ( 'NONE', *, *, #6907, .T. ) ;
#95 = FACE_OUTER_BOUND ( 'NONE', #3748, .T. ) ;
#96 = FACE_OUTER_BOUND ( 'NONE', #6496, .T. ) ;
#97 = CARTESIAN_POINT ( 'NONE',  ( 0.000000000000000000, 2.933493649053888319, 0.000000000000000000 ) ) ;
#98 = CARTESIAN_POINT ( 'NONE',  ( 4.349999999999999645, 1.967842712474619615, -0.5499999999999864997 ) ) ;
#99 = ADVANCED_FACE ( 'NONE', ( #4082 ), #1633, .T. ) ;
#100 = CARTESIAN_POINT ( 'NONE',  ( -4.200000000000000178, 0.3000000000000008771, 0.5999999999999853229 ) ) ;
#101 = EDGE_CURVE ( 'NONE', #1117, #26, #4656, .T. ) ;
#102 = ORIENTED_EDGE ( 'NONE', *, *, #5451, .F. ) ;
#103 = DIRECTION ( 'NONE',  ( -3.491481338843133355E-15, 0.000000000000000000, 1.000000000000000000 ) ) ;
#104 = ORIENTED_EDGE ( 'NONE', *, *, #3223, .T. ) ;
#105 = CARTESIAN_POINT ( 'NONE',  ( 3.299999999999967848, 1.633265455320082049, 0.3932307364973161579 ) ) ;
#106 = EDGE_CURVE ( 'NONE', #1584, #4706, #7192, .T. ) ;
#107 = EDGE_CURVE ( 'NONE', #5292, #59, #4740, .T. ) ;
#108 = DIRECTION ( 'NONE',  ( -1.000000000000000000, 0.000000000000000000, -3.407492542097299143E-15 ) ) ;
#109 = ORIENTED_EDGE ( 'NONE', *, *, #6001, .F. ) ;
#110 = CARTESIAN_POINT ( 'NONE',  ( 4.349999999999999645, 0.3000000000000024314, -0.5999999999999847677 ) ) ;
#111 = DIRECTION ( 'NONE',  ( -3.491481338843133355E-15, 0.000000000000000000, 1.000000000000000000 ) ) ;
#112 = CARTESIAN_POINT ( 'NONE',  ( 4.349999999999993427, 0.1800000000000000488, 0.9000000000000151212 ) ) ;
#113 = ADVANCED_FACE ( 'NONE', ( #4784 ), #4167, .F. ) ;
#114 = VERTEX_POINT ( 'NONE', #7277 ) ;
#115 = AXIS2_PLACEMENT_3D ( 'NONE', #1744, #6189, #3671 ) ;
#116 = DIRECTION ( 'NONE',  ( 1.000000000000000000, 1.525665858113907043E-31, 3.900614234120682109E-15 ) ) ;
#117 = EDGE_CURVE ( 'NONE', #4276, #6319, #1676, .T. ) ;
#118 = DIRECTION ( 'NONE',  ( 0.000000000000000000, 1.000000000000000000, 0.000000000000000000 ) ) ;
#119 = ORIENTED_EDGE ( 'NONE', *, *, #2210, .T. ) ;
#120 = ORIENTED_EDGE ( 'NONE', *, *, #117, .T. ) ;
#121 = CARTESIAN_POINT ( 'NONE',  ( 2.220815370558883117, 0.7306820342472279961, -1.941772151898728094 ) ) ;
#122 = ORIENTED_EDGE ( 'NONE', *, *, #6766, .T. ) ;
#123 = PLANE ( 'NONE',  #7739 ) ;
#124 = DIRECTION ( 'NONE',  ( -1.000000000000000000, 0.000000000000000000, -4.336808689942006692E-15 ) ) ;
#125 = ORIENTED_EDGE ( 'NONE', *, *, #2806, .T. ) ;
#126 =( LENGTH_UNIT ( ) NAMED_UNIT ( * ) SI_UNIT ( .MILLI., .METRE. ) );
#127 = VECTOR ( 'NONE', #4405, 1000.000000000000000 ) ;
#128 = LINE ( 'NONE', #1427, #3677 ) ;
#129 = ORIENTED_EDGE ( 'NONE', *, *, #2249, .F. ) ;
#130 = UNCERTAINTY_MEASURE_WITH_UNIT (LENGTH_MEASURE( 1.000000000000000082E-05 ), #2389, 'distance_accuracy_value', 'NONE');
#131 = ORIENTED_EDGE ( 'NONE', *, *, #3872, .F. ) ;
#132 = DIRECTION ( 'NONE',  ( -3.491481338843133355E-15, 0.000000000000000000, 1.000000000000000000 ) ) ;
#133 = CARTESIAN_POINT ( 'NONE',  ( 3.233503465900517959, 1.810575256224715934, 0.3615549660506844343 ) ) ;
#134 = AXIS2_PLACEMENT_3D ( 'NONE', #7525, #6188, #4196 ) ;
#135 = DIRECTION ( 'NONE',  ( 0.4694715627858889184, 0.000000000000000000, 0.8829475928589279876 ) ) ;
#136 = ORIENTED_EDGE ( 'NONE', *, *, #66, .T. ) ;
#137 = DIRECTION ( 'NONE',  ( -2.502581795060403280E-16, 0.9974279109682614441, 0.07167679137273029466 ) ) ;
#138 = ADVANCED_FACE ( 'NONE', ( #838 ), #3421, .F. ) ;
#139 = DIRECTION ( 'NONE',  ( -3.491481338843133355E-15, 0.000000000000000000, 1.000000000000000000 ) ) ;
#140 = ORIENTED_EDGE ( 'NONE', *, *, #720, .F. ) ;
#141 = CARTESIAN_POINT ( 'NONE',  ( 3.049999999999998490, 0.8088891983536503627, -0.3499999999999897637 ) ) ;
#142 = ORIENTED_EDGE ( 'NONE', *, *, #5654, .F. ) ;
#143 = CARTESIAN_POINT ( 'NONE',  ( -0.000000000000000000, -0.3750000000000597300, 0.000000000000000000 ) ) ;
#144 = CIRCLE ( 'NONE', #7721, 0.1999999999999996503 ) ;
#145 = CARTESIAN_POINT ( 'NONE',  ( 0.000000000000000000, 2.700000000000000178, 0.000000000000000000 ) ) ;
#146 = ORIENTED_EDGE ( 'NONE', *, *, #6567, .T. ) ;
#147 = CARTESIAN_POINT ( 'NONE',  ( 2.470814702281059102E-15, 3.050000000000000266, -0.6500000000000001332 ) ) ;
#148 = CARTESIAN_POINT ( 'NONE',  ( -1.493128252873614059, 2.700000000000000178, -2.602031517962570817 ) ) ;
#149 = DIRECTION ( 'NONE',  ( 1.000000000000000000, 0.000000000000000000, 3.491481338843133355E-15 ) ) ;
#150 = VECTOR ( 'NONE', #7605, 1000.000000000000000 ) ;
#151 = VECTOR ( 'NONE', #3595, 1000.000000000000000 ) ;
#152 = ADVANCED_FACE ( 'NONE', ( #962 ), #4209, .T. ) ;
#153 = ORIENTED_EDGE ( 'NONE', *, *, #3630, .T. ) ;
#154 = ADVANCED_FACE ( 'NONE', ( #4247 ), #3042, .F. ) ;
#155 = EDGE_LOOP ( 'NONE', ( #1503, #2490, #6469, #5071 ) ) ;
#156 = CARTESIAN_POINT ( 'NONE',  ( -0.4184910680103098857, 1.080352562167677943, 0.5999999999999985345 ) ) ;
#157 = AXIS2_PLACEMENT_3D ( 'NONE', #1438, #3229, #5772 ) ;
#158 = EDGE_CURVE ( 'NONE', #958, #3935, #1720, .T. ) ;
#159 = AXIS2_PLACEMENT_3D ( 'NONE', #2279, #3449, #4645 ) ;
#160 = DIRECTION ( 'NONE',  ( -3.491481338843133355E-15, 0.000000000000000000, 1.000000000000000000 ) ) ;
#161 = AXIS2_PLACEMENT_3D ( 'NONE', #4347, #3181, #3699 ) ;
#162 = ORIENTED_EDGE ( 'NONE', *, *, #5810, .F. ) ;
#163 = ORIENTED_EDGE ( 'NONE', *, *, #7799, .F. ) ;
#164 = EDGE_LOOP ( 'NONE', ( #415, #6507, #5523, #8198, #4360, #8229 ) ) ;
#165 = ORIENTED_EDGE ( 'NONE', *, *, #4441, .T. ) ;
#166 = VECTOR ( 'NONE', #2008, 1000.000000000000000 ) ;
#167 = CARTESIAN_POINT ( 'NONE',  ( 2.791670460153600430, 0.9616747425803102711, 1.613269845089286614 ) ) ;
#168 = VERTEX_POINT ( 'NONE', #2427 ) ;
#169 = CARTESIAN_POINT ( 'NONE',  ( -0.4116481392982820342, 0.9598720528865757329, -0.5978924212803925498 ) ) ;
#170 = VECTOR ( 'NONE', #5310, 1000.000000000000000 ) ;
#171 = CARTESIAN_POINT ( 'NONE',  ( -2.134476815985793419, 3.043147215156292607, 2.370576664446630399 ) ) ;
#172 = ORIENTED_EDGE ( 'NONE', *, *, #4759, .T. ) ;
#173 = CARTESIAN_POINT ( 'NONE',  ( -2.351707295243457379E-31, 0.5499999999997785549, 6.735557395310814760E-17 ) ) ;
#174 = CIRCLE ( 'NONE', #4832, 0.9999999999999940048 ) ;
#175 = CARTESIAN_POINT ( 'NONE',  ( 4.086143571373707317, 0.000000000000000000, 1.500000000000016875 ) ) ;
#176 = AXIS2_PLACEMENT_3D ( 'NONE', #4202, #4108, #7359 ) ;
#177 = ORIENTED_EDGE ( 'NONE', *, *, #1965, .F. ) ;
#178 = ORIENTED_EDGE ( 'NONE', *, *, #1084, .T. ) ;
#179 = ORIENTED_EDGE ( 'NONE', *, *, #580, .F. ) ;
#180 = AXIS2_PLACEMENT_3D ( 'NONE', #7368, #5418, #4117 ) ;
#181 = LINE ( 'NONE', #2608, #4093 ) ;
#182 = PLANE ( 'NONE',  #6661 ) ;
#183 = CARTESIAN_POINT ( 'NONE',  ( 4.529022631662141585, 0.1818845829607163567, 0.8000000000000158096 ) ) ;
#184 = DIRECTION ( 'NONE',  ( 1.301981320592949974E-30, 1.000000000000000000, -3.729022710527641551E-16 ) ) ;
#185 = DIRECTION ( 'NONE',  ( 3.491481338843133355E-15, 0.000000000000000000, -1.000000000000000000 ) ) ;
#186 = LINE ( 'NONE', #658, #2318 ) ;
#187 = ADVANCED_FACE ( 'NONE', ( #599 ), #2617, .T. ) ;
#188 = EDGE_LOOP ( 'NONE', ( #2889, #5186, #5295, #8117 ) ) ;
#189 = MECHANICAL_DESIGN_GEOMETRIC_PRESENTATION_REPRESENTATION (  '', ( #7890 ), #3250 ) ;
#190 = CARTESIAN_POINT ( 'NONE',  ( -2.973634140239836299, 0.3500000000000000333, -2.600000000000007638 ) ) ;
#191 = ORIENTED_EDGE ( 'NONE', *, *, #2148, .F. ) ;
#192 = DIRECTION ( 'NONE',  ( 1.000000000000000000, -3.872150616019658341E-17, 3.491481338843133355E-15 ) ) ;
#193 = DIRECTION ( 'NONE',  ( 3.491481338843133355E-15, -0.000000000000000000, -1.000000000000000000 ) ) ;
#194 = EDGE_CURVE ( 'NONE', #7017, #7522, #6288, .T. ) ;
#195 = ORIENTED_EDGE ( 'NONE', *, *, #3527, .F. ) ;
#196 = DIRECTION ( 'NONE',  ( 0.000000000000000000, -1.000000000000000000, 0.000000000000000000 ) ) ;
#197 = AXIS2_PLACEMENT_3D ( 'NONE', #6657, #8038, #432 ) ;
#198 = CARTESIAN_POINT ( 'NONE',  ( -4.040000000000000924, 0.2999999999999999889, 0.5999999999999858780 ) ) ;
#199 = EDGE_CURVE ( 'NONE', #7315, #2407, #3115, .T. ) ;
#200 = CARTESIAN_POINT ( 'NONE',  ( 5.200000000000001066, 0.000000000000000000, -0.5999999999999818812 ) ) ;
#201 = ORIENTED_EDGE ( 'NONE', *, *, #7052, .F. ) ;
#202 = EDGE_CURVE ( 'NONE', #990, #4781, #2478, .T. ) ;
#203 = ORIENTED_EDGE ( 'NONE', *, *, #7546, .T. ) ;
#204 = CARTESIAN_POINT ( 'NONE',  ( 0.000000000000000000, 2.700000000000000178, 0.000000000000000000 ) ) ;
#205 = DIRECTION ( 'NONE',  ( -5.671190584124045157E-16, 0.9867201756097431220, 0.1624293540117598411 ) ) ;
#206 = EDGE_CURVE ( 'NONE', #4655, #1405, #1136, .T. ) ;
#207 = LINE ( 'NONE', #7843, #6898 ) ;
#208 = CARTESIAN_POINT ( 'NONE',  ( 1.781226596065971668, 2.700000000000000178, -3.349999999999993872 ) ) ;
#209 = EDGE_CURVE ( 'NONE', #4839, #8020, #7449, .T. ) ;
#210 = ORIENTED_EDGE ( 'NONE', *, *, #2450, .T. ) ;
#211 = EDGE_LOOP ( 'NONE', ( #7313, #3001, #6819, #5095 ) ) ;
#212 = ORIENTED_EDGE ( 'NONE', *, *, #3867, .T. ) ;
#213 = DIRECTION ( 'NONE',  ( 1.000000000000000000, 1.525665858113907043E-31, 3.900614234120682109E-15 ) ) ;
#214 = AXIS2_PLACEMENT_3D ( 'NONE', #925, #6656, #7324 ) ;
#215 = FACE_OUTER_BOUND ( 'NONE', #3094, .T. ) ;
#216 = EDGE_LOOP ( 'NONE', ( #5259, #5760, #2219, #7533, #679 ) ) ;
#217 = EDGE_CURVE ( 'NONE', #2407, #3024, #2324, .T. ) ;
#218 = CARTESIAN_POINT ( 'NONE',  ( -2.971635679190021584, 1.437342676464024693, 1.600001996925271008 ) ) ;
#219 = LINE ( 'NONE', #4051, #8137 ) ;
#220 = ORIENTED_EDGE ( 'NONE', *, *, #3518, .F. ) ;
#221 = DIRECTION ( 'NONE',  ( 1.000000000000000000, 0.000000000000000000, 3.369016658928398207E-15 ) ) ;
#222 = PLANE ( 'NONE',  #5522 ) ;
#223 = VERTEX_POINT ( 'NONE', #2960 ) ;
#224 = ORIENTED_EDGE ( 'NONE', *, *, #107, .F. ) ;
#225 = LINE ( 'NONE', #3891, #6613 ) ;
#226 = DIRECTION ( 'NONE',  ( -1.000000000000000000, 0.000000000000000000, -3.491481338843133355E-15 ) ) ;
#227 = PLANE ( 'NONE',  #4537 ) ;
#228 = FACE_OUTER_BOUND ( 'NONE', #4153, .T. ) ;
#229 = DIRECTION ( 'NONE',  ( -3.491481338843133355E-15, 0.000000000000000000, 1.000000000000000000 ) ) ;
#230 = LINE ( 'NONE', #691, #7201 ) ;
#231 = CARTESIAN_POINT ( 'NONE',  ( 3.217774739737456979, 1.024953565432096481, 0.5500000000000127010 ) ) ;
#232 = VERTEX_POINT ( 'NONE', #8031 ) ;
#233 = CARTESIAN_POINT ( 'NONE',  ( -1.469622188208491442, 2.936181402197365120, 2.620718269099593822 ) ) ;
#234 = ORIENTED_EDGE ( 'NONE', *, *, #4587, .F. ) ;
#235 = DIRECTION ( 'NONE',  ( -1.000000000000000000, 0.000000000000000000, -3.614007241618349165E-15 ) ) ;
#236 = DIRECTION ( 'NONE',  ( 3.491481338843133355E-15, -0.000000000000000000, -1.000000000000000000 ) ) ;
#237 = CARTESIAN_POINT ( 'NONE',  ( -2.503258662110540822, 0.1500000000000000222, 0.5999999999999912070 ) ) ;
#238 = CARTESIAN_POINT ( 'NONE',  ( 3.401061993347373136, 1.969582361622702837, -0.5999999999999879874 ) ) ;
#239 = LINE ( 'NONE', #2773, #4675 ) ;
#240 = AXIS2_PLACEMENT_3D ( 'NONE', #930, #351, #5465 ) ;
#241 = ORIENTED_EDGE ( 'NONE', *, *, #4482, .F. ) ;
#242 = ORIENTED_EDGE ( 'NONE', *, *, #7922, .T. ) ;
#243 = DIRECTION ( 'NONE',  ( -0.1908089953765382263, 0.9816271834476653080, -6.662060466405889507E-16 ) ) ;
#244 = CARTESIAN_POINT ( 'NONE',  ( 4.189999999999999503, 1.685000000000000275, -0.3999999999999853117 ) ) ;
#245 = DIRECTION ( 'NONE',  ( 1.000000000000000000, 1.936075308009829170E-16, 3.491481338843133355E-15 ) ) ;
#246 = DIRECTION ( 'NONE',  ( -0.000000000000000000, 1.000000000000000000, -0.000000000000000000 ) ) ;
#247 = ORIENTED_EDGE ( 'NONE', *, *, #352, .F. ) ;
#248 = ORIENTED_EDGE ( 'NONE', *, *, #595, .T. ) ;
#249 = CARTESIAN_POINT ( 'NONE',  ( 4.805000000000001492, 0.1834367172890583597, 0.8000000000000166978 ) ) ;
#250 = PLANE ( 'NONE',  #4412 ) ;
#251 = ORIENTED_EDGE ( 'NONE', *, *, #954, .T. ) ;
#252 = DIRECTION ( 'NONE',  ( 0.000000000000000000, 1.000000000000000000, 0.000000000000000000 ) ) ;
#253 = CARTESIAN_POINT ( 'NONE',  ( -1.169646248512449832E-14, 0.7500000000000000000, 3.350000000000000089 ) ) ;
#254 = ORIENTED_EDGE ( 'NONE', *, *, #5958, .T. ) ;
#255 = FILL_AREA_STYLE ('',( #7158 ) ) ;
#256 = DIRECTION ( 'NONE',  ( -3.900614234120682109E-15, 0.000000000000000000, 1.000000000000000000 ) ) ;
#257 = VERTEX_POINT ( 'NONE', #7669 ) ;
#258 = EDGE_CURVE ( 'NONE', #5675, #461, #4365, .T. ) ;
#259 = CARTESIAN_POINT ( 'NONE',  ( -4.800000000000002487, 0.000000000000000000, 1.499999999999983347 ) ) ;
#260 = CARTESIAN_POINT ( 'NONE',  ( 2.817339274159013307, 2.933333333333333570, 2.768591593984415233 ) ) ;
#261 = EDGE_CURVE ( 'NONE', #7024, #282, #6904, .T. ) ;
#262 = CARTESIAN_POINT ( 'NONE',  ( -4.086143571373717975, 0.000000000000000000, 1.499999999999988232 ) ) ;
#263 = VECTOR ( 'NONE', #1841, 999.9999999999998863 ) ;
#264 = CARTESIAN_POINT ( 'NONE',  ( 2.973833986494476278, 0.7500000000000000000, 2.000000000000013323 ) ) ;
#265 = DIRECTION ( 'NONE',  ( -0.000000000000000000, -1.000000000000000000, 0.000000000000000000 ) ) ;
#266 = CARTESIAN_POINT ( 'NONE',  ( 3.329883631600357496, 2.999999999999999112, 0.5500000000000132561 ) ) ;
#267 = ORIENTED_EDGE ( 'NONE', *, *, #489, .F. ) ;
#268 = LINE ( 'NONE', #5893, #7880 ) ;
#269 = ORIENTED_EDGE ( 'NONE', *, *, #5105, .T. ) ;
#270 = CARTESIAN_POINT ( 'NONE',  ( 4.805000000000001492, 0.2999999999999999334, 0.8083764270126538865 ) ) ;
#271 = DIRECTION ( 'NONE',  ( -0.1217824742457074561, 0.9925568139741893781, 1.040498607966232671E-15 ) ) ;
#272 = CARTESIAN_POINT ( 'NONE',  ( 2.208385763673354152, 3.095707534802579097, -2.426698419907176607 ) ) ;
#273 = LINE ( 'NONE', #2157, #1883 ) ;
#274 = CARTESIAN_POINT ( 'NONE',  ( -4.350000000000012079, 0.3000000000000007661, 3.944646165029753515 ) ) ;
#275 = ORIENTED_EDGE ( 'NONE', *, *, #1834, .T. ) ;
#276 = ORIENTED_EDGE ( 'NONE', *, *, #8188, .F. ) ;
#277 = CARTESIAN_POINT ( 'NONE',  ( 5.697994294206006113E-15, 0.3500000000000000333, -2.000000000000001332 ) ) ;
#278 = CARTESIAN_POINT ( 'NONE',  ( 3.329883631600361049, 1.437346735502356143, -0.5499999999999900524 ) ) ;
#279 = CARTESIAN_POINT ( 'NONE',  ( -1.781226596065952350, 0.7500000000000000000, -3.350000000000006306 ) ) ;
#280 = VECTOR ( 'NONE', #6333, 1000.000000000000000 ) ;
#281 = LINE ( 'NONE', #4698, #2784 ) ;
#282 = VERTEX_POINT ( 'NONE', #3593 ) ;
#283 = CIRCLE ( 'NONE', #6004, 0.5999999999999998668 ) ;
#284 = CARTESIAN_POINT ( 'NONE',  ( -2.900015108141933418, 0.6460367256471116759, 1.727450958271750991 ) ) ;
#285 = DIRECTION ( 'NONE',  ( 0.000000000000000000, 1.000000000000000000, 0.000000000000000000 ) ) ;
#286 = ORIENTED_EDGE ( 'NONE', *, *, #4990, .T. ) ;
#287 = VECTOR ( 'NONE', #6790, 1000.000000000000000 ) ;
#288 = VECTOR ( 'NONE', #5777, 1000.000000000000000 ) ;
#289 = DIRECTION ( 'NONE',  ( -1.000000000000000000, -1.175494350822286982E-30, -2.407279166357629316E-15 ) ) ;
#290 = DIRECTION ( 'NONE',  ( -0.000000000000000000, -1.000000000000000000, -0.000000000000000000 ) ) ;
#291 = ORIENTED_EDGE ( 'NONE', *, *, #1705, .T. ) ;
#292 = AXIS2_PLACEMENT_3D ( 'NONE', #3462, #968, #3507 ) ;
#293 = PLANE ( 'NONE',  #7391 ) ;
#294 = VECTOR ( 'NONE', #5404, 1000.000000000000000 ) ;
#295 = CARTESIAN_POINT ( 'NONE',  ( 4.800000000000000711, 0.1800000000000000488, -0.8999999999999831468 ) ) ;
#296 = VERTEX_POINT ( 'NONE', #5501 ) ;
#297 = EDGE_CURVE ( 'NONE', #1588, #405, #8154, .T. ) ;
#298 = CIRCLE ( 'NONE', #1240, 0.1499999999999999667 ) ;
#299 = VERTEX_POINT ( 'NONE', #6240 ) ;
#300 = DIRECTION ( 'NONE',  ( -1.000000000000000000, 0.000000000000000000, -3.181709289561560885E-15 ) ) ;
#301 = VECTOR ( 'NONE', #7321, 1000.000000000000000 ) ;
#302 = CARTESIAN_POINT ( 'NONE',  ( -2.305773596092674183, 3.136541684323686852, -2.432766956562646854 ) ) ;
#303 = EDGE_CURVE ( 'NONE', #7017, #3235, #1261, .T. ) ;
#304 = LINE ( 'NONE', #7999, #5360 ) ;
#305 = FACE_OUTER_BOUND ( 'NONE', #565, .T. ) ;
#306 = LINE ( 'NONE', #4716, #3225 ) ;
#307 = CIRCLE ( 'NONE', #7215, 0.1499999999999999667 ) ;
#308 = LINE ( 'NONE', #1606, #3511 ) ;
#309 = EDGE_CURVE ( 'NONE', #232, #5555, #7625, .T. ) ;
#310 = AXIS2_PLACEMENT_3D ( 'NONE', #7574, #3445, #1885 ) ;
#311 = EDGE_CURVE ( 'NONE', #7258, #3263, #5666, .T. ) ;
#312 = VECTOR ( 'NONE', #2534, 1000.000000000000000 ) ;
#313 = EDGE_CURVE ( 'NONE', #4639, #1205, #1987, .T. ) ;
#314 = AXIS2_PLACEMENT_3D ( 'NONE', #2371, #4396, #5564 ) ;
#315 = ORIENTED_EDGE ( 'NONE', *, *, #2857, .T. ) ;
#316 = ADVANCED_FACE ( 'NONE', ( #513 ), #2688, .F. ) ;
#317 = VECTOR ( 'NONE', #4915, 1000.000000000000000 ) ;
#318 = CARTESIAN_POINT ( 'NONE',  ( -1.781226596065971668, 2.700000000000000178, 3.349999999999993872 ) ) ;
#319 = ORIENTED_EDGE ( 'NONE', *, *, #4528, .F. ) ;
#320 = CARTESIAN_POINT ( 'NONE',  ( -4.189999999999997726, 0.3000000000000000444, -0.6000000000000146327 ) ) ;
#321 = VECTOR ( 'NONE', #4834, 1000.000000000000000 ) ;
#322 = FACE_OUTER_BOUND ( 'NONE', #1596, .T. ) ;
#323 = LINE ( 'NONE', #3577, #6797 ) ;
#324 = FACE_OUTER_BOUND ( 'NONE', #4454, .T. ) ;
#325 = CARTESIAN_POINT ( 'NONE',  ( -3.889999999999997016, 0.000000000000000000, -0.6000000000000135225 ) ) ;
#326 = EDGE_CURVE ( 'NONE', #3968, #6953, #3903, .T. ) ;
#327 = ORIENTED_EDGE ( 'NONE', *, *, #7813, .T. ) ;
#328 = EDGE_LOOP ( 'NONE', ( #2624, #3325, #4577, #1538, #5470, #2162, #4074, #248, #3499, #5184, #1373, #5655, #2052, #2070 ) ) ;
#329 = ADVANCED_FACE ( 'NONE', ( #1528 ), #2151, .F. ) ;
#330 = FACE_OUTER_BOUND ( 'NONE', #6094, .T. ) ;
#331 = ORIENTED_EDGE ( 'NONE', *, *, #7067, .F. ) ;
#332 = DIRECTION ( 'NONE',  ( 1.000000000000000000, 0.000000000000000000, 3.469446951953636671E-15 ) ) ;
#333 = AXIS2_PLACEMENT_3D ( 'NONE', #3008, #5461, #8158 ) ;
#334 = CARTESIAN_POINT ( 'NONE',  ( 5.200000000000001066, 0.1499999999999999667, -0.5999999999999818812 ) ) ;
#335 = CARTESIAN_POINT ( 'NONE',  ( -2.971635075888765964, 1.332762149822509956, 1.600001998127818847 ) ) ;
#336 = CONICAL_SURFACE ( 'NONE', #197, 2.326794920000000211, 1.047197551196596743 ) ;
#337 = VERTEX_POINT ( 'NONE', #899 ) ;
#338 = ORIENTED_EDGE ( 'NONE', *, *, #2820, .T. ) ;
#339 = CARTESIAN_POINT ( 'NONE',  ( 4.149999999999998579, 1.685000000000000275, -0.3499999999999872102 ) ) ;
#340 = PLANE ( 'NONE',  #2160 ) ;
#341 = ORIENTED_EDGE ( 'NONE', *, *, #1486, .F. ) ;
#342 = DIRECTION ( 'NONE',  ( 3.097720492815726673E-16, -1.000000000000000000, 1.081563329361806339E-30 ) ) ;
#343 = VERTEX_POINT ( 'NONE', #2112 ) ;
#344 = EDGE_CURVE ( 'NONE', #7639, #1903, #3243, .T. ) ;
#345 = CARTESIAN_POINT ( 'NONE',  ( 4.351339312526814496, 0.3000000000000005440, -0.6499999999999844791 ) ) ;
#346 = PLANE ( 'NONE',  #1272 ) ;
#347 = AXIS2_PLACEMENT_3D ( 'NONE', #2524, #5586, #1104 ) ;
#348 = ORIENTED_EDGE ( 'NONE', *, *, #6113, .T. ) ;
#349 = STYLED_ITEM ( 'NONE', ( #2530 ), #4757 ) ;
#350 = EDGE_CURVE ( 'NONE', #5640, #3477, #268, .T. ) ;
#351 = DIRECTION ( 'NONE',  ( -0.4305110968082899725, 0.9025852843498630707, -1.503121460671034068E-15 ) ) ;
#352 = EDGE_CURVE ( 'NONE', #8183, #93, #6428, .T. ) ;
#353 = DIRECTION ( 'NONE',  ( -3.491481338843133355E-15, 0.000000000000000000, 1.000000000000000000 ) ) ;
#354 = B_SPLINE_CURVE_WITH_KNOTS ( 'NONE', 3,
 ( #2676, #1351, #7087, #1471 ),
 .UNSPECIFIED., .F., .F.,
 ( 4, 4 ),
 ( 8.450600826911382148E-05, 8.850393501935578081E-05 ),
 .UNSPECIFIED. ) ;
#355 = LINE ( 'NONE', #3474, #2971 ) ;
#356 = CARTESIAN_POINT ( 'NONE',  ( 4.799999999999996270, 0.1700000000000000122, 0.5000000000000167644 ) ) ;
#357 = PLANE ( 'NONE',  #1108 ) ;
#358 = ORIENTED_EDGE ( 'NONE', *, *, #8098, .F. ) ;
#359 = PLANE ( 'NONE',  #458 ) ;
#360 = EDGE_LOOP ( 'NONE', ( #234, #191, #5446, #7296, #6372, #2589, #276, #7407 ) ) ;
#361 = CARTESIAN_POINT ( 'NONE',  ( 9.034865049631420643E-15, 0.6500000000000010214, -2.500000000757275131 ) ) ;
#362 = EDGE_CURVE ( 'NONE', #2113, #947, #3034, .T. ) ;
#363 = VERTEX_POINT ( 'NONE', #742 ) ;
#364 = EDGE_CURVE ( 'NONE', #6391, #3291, #6508, .T. ) ;
#365 = CARTESIAN_POINT ( 'NONE',  ( -1.584466524402399434, 0.000000000000000000, 2.979948125898870259 ) ) ;
#366 = CARTESIAN_POINT ( 'NONE',  ( -3.866143571373715560, 0.1699999999999997902, 0.6499999999999894751 ) ) ;
#367 = CARTESIAN_POINT ( 'NONE',  ( -3.889999999999997016, 0.1500000000000000222, -0.6000000000000135225 ) ) ;
#368 = EDGE_CURVE ( 'NONE', #2067, #2709, #3442, .T. ) ;
#369 = CARTESIAN_POINT ( 'NONE',  ( -4.552165105849415028, 0.2999999999999999334, -0.5000000000000159872 ) ) ;
#370 = VECTOR ( 'NONE', #5036, 1000.000000000000000 ) ;
#371 = LINE ( 'NONE', #3364, #704 ) ;
#372 = ORIENTED_EDGE ( 'NONE', *, *, #8188, .T. ) ;
#373 = VERTEX_POINT ( 'NONE', #4638 ) ;
#374 = ADVANCED_FACE ( 'NONE', ( #4024 ), #7755, .T. ) ;
#375 = EDGE_CURVE ( 'NONE', #5250, #2507, #4567, .T. ) ;
#376 = ORIENTED_EDGE ( 'NONE', *, *, #6322, .T. ) ;
#377 = LINE ( 'NONE', #5535, #3660 ) ;
#378 = CARTESIAN_POINT ( 'NONE',  ( -4.349999999999994316, 0.000000000000000000, -0.9000000000000153433 ) ) ;
#379 = LINE ( 'NONE', #2909, #2251 ) ;
#380 = CARTESIAN_POINT ( 'NONE',  ( -2.971635679190021584, 1.437342676464024693, 1.600001996925271008 ) ) ;
#381 = EDGE_CURVE ( 'NONE', #4130, #4922, #4601, .T. ) ;
#382 = ORIENTED_EDGE ( 'NONE', *, *, #4798, .T. ) ;
#383 = ORIENTED_EDGE ( 'NONE', *, *, #6470, .T. ) ;
#384 = ORIENTED_EDGE ( 'NONE', *, *, #1348, .F. ) ;
#385 = CARTESIAN_POINT ( 'NONE',  ( -2.837239667081698169, 0.7104571188074499943, 1.828727839844845882 ) ) ;
#386 = CARTESIAN_POINT ( 'NONE',  ( 2.900255616155721583, 0.6456624174482454848, 1.727042187682603647 ) ) ;
#387 = DIRECTION ( 'NONE',  ( 1.000000000000000000, 0.000000000000000000, 3.491481338843133355E-15 ) ) ;
#388 = ORIENTED_EDGE ( 'NONE', *, *, #8141, .T. ) ;
#389 = CARTESIAN_POINT ( 'NONE',  ( 2.793071785686867869, 0.7500000000000000000, 2.793071785686860320 ) ) ;
#390 = EDGE_CURVE ( 'NONE', #4191, #4045, #6002, .T. ) ;
#391 = CARTESIAN_POINT ( 'NONE',  ( -2.503258662110540822, 0.1500000000000000222, 0.5999999999999912070 ) ) ;
#392 = LINE ( 'NONE', #4297, #7518 ) ;
#393 = CARTESIAN_POINT ( 'NONE',  ( -4.500000000000001776, 0.1499999999999999667, 0.4999999999999842903 ) ) ;
#394 = EDGE_CURVE ( 'NONE', #2375, #405, #778, .T. ) ;
#395 = EDGE_LOOP ( 'NONE', ( #4189, #7072, #5785, #5719 ) ) ;
#396 = DIRECTION ( 'NONE',  ( -3.491481338843133355E-15, 0.000000000000000000, 1.000000000000000000 ) ) ;
#397 = AXIS2_PLACEMENT_3D ( 'NONE', #2211, #951, #332 ) ;
#398 = PLANE ( 'NONE',  #2557 ) ;
#399 = DIRECTION ( 'NONE',  ( 1.000000000000000000, 0.000000000000000000, 3.491481338843133355E-15 ) ) ;
#400 = CARTESIAN_POINT ( 'NONE',  ( -2.073225355892363897, 2.990297223484824851, -2.302550026315338005 ) ) ;
#401 = DIRECTION ( 'NONE',  ( -1.000000000000000000, 0.000000000000000000, -3.491481338843133355E-15 ) ) ;
#402 = VERTEX_POINT ( 'NONE', #6757 ) ;
#403 = CARTESIAN_POINT ( 'NONE',  ( 2.073225355892406974, 2.700000000000000178, 2.302550026315338005 ) ) ;
#404 = B_SPLINE_CURVE_WITH_KNOTS ( 'NONE', 3,
 ( #4268, #6799, #2610, #3854, #5838, #2677, #7129, #1436, #2066, #67 ),
 .UNSPECIFIED., .F., .F.,
 ( 4, 3, 3, 4 ),
 ( 0.000000000000000000, 2.686048800241617020E-05, 5.370455099014180371E-05, 7.424247969555137269E-05 ),
 .UNSPECIFIED. ) ;
#405 = VERTEX_POINT ( 'NONE', #7917 ) ;
#406 = CARTESIAN_POINT ( 'NONE',  ( -2.268242884571763707, 2.700000000000000178, -2.250133155302050714 ) ) ;
#407 = ORIENTED_EDGE ( 'NONE', *, *, #3270, .T. ) ;
#408 = DIRECTION ( 'NONE',  ( 0.000000000000000000, 1.000000000000000000, 0.000000000000000000 ) ) ;
#409 = CARTESIAN_POINT ( 'NONE',  ( 2.724909274121045666, 0.7484531139338134187, -1.992463500000611898 ) ) ;
#410 = LINE ( 'NONE', #3406, #2429 ) ;
#411 = DIRECTION ( 'NONE',  ( -0.7071067811865415775, 0.000000000000000000, -0.7071067811865534569 ) ) ;
#412 = CARTESIAN_POINT ( 'NONE',  ( -2.817392914024854367, 3.050000000000000711, 2.768644305733723332 ) ) ;
#413 = ORIENTED_EDGE ( 'NONE', *, *, #2364, .F. ) ;
#414 = VERTEX_POINT ( 'NONE', #1032 ) ;
#415 = ORIENTED_EDGE ( 'NONE', *, *, #2659, .F. ) ;
#416 = DIRECTION ( 'NONE',  ( 1.000000000000000000, 0.000000000000000000, 3.491481338843133355E-15 ) ) ;
#417 = VECTOR ( 'NONE', #1743, 1000.000000000000227 ) ;
#418 = FACE_OUTER_BOUND ( 'NONE', #3388, .T. ) ;
#419 = LINE ( 'NONE', #8185, #2388 ) ;
#420 = CARTESIAN_POINT ( 'NONE',  ( -4.349999999999995204, 0.2999999999999999334, -0.8000000000000151434 ) ) ;
#421 = EDGE_CURVE ( 'NONE', #777, #7797, #4761, .T. ) ;
#422 = ORIENTED_EDGE ( 'NONE', *, *, #2797, .F. ) ;
#423 = ADVANCED_FACE ( 'NONE', ( #6796 ), #2893, .F. ) ;
#424 = EDGE_LOOP ( 'NONE', ( #884, #3939, #6758, #1765 ) ) ;
#425 = CARTESIAN_POINT ( 'NONE',  ( -4.349999999999994316, 0.000000000000000000, -0.9000000000000153433 ) ) ;
#426 = CARTESIAN_POINT ( 'NONE',  ( -1.442512177557655262, 2.966050303359528240, -2.694566498770594620 ) ) ;
#427 = DIRECTION ( 'NONE',  ( -1.000000000000000000, 0.000000000000000000, -3.491481338843133355E-15 ) ) ;
#428 = EDGE_LOOP ( 'NONE', ( #3044, #3480, #5764, #1332, #2468, #3910 ) ) ;
#429 = CARTESIAN_POINT ( 'NONE',  ( 4.552165105849418580, 0.2999999999999999334, -0.4999999999999840683 ) ) ;
#430 = VECTOR ( 'NONE', #4180, 1000.000000000000000 ) ;
#431 = SURFACE_SIDE_STYLE ('',( #2352 ) ) ;
#432 = DIRECTION ( 'NONE',  ( -3.491481338843133355E-15, 3.727710295965419738E-16, 1.000000000000000000 ) ) ;
#433 = VERTEX_POINT ( 'NONE', #361 ) ;
#434 = EDGE_LOOP ( 'NONE', ( #7603, #6479, #5989, #6696 ) ) ;
#435 = VECTOR ( 'NONE', #7938, 1000.000000000000000 ) ;
#436 = AXIS2_PLACEMENT_3D ( 'NONE', #7825, #4094, #3396 ) ;
#437 = CARTESIAN_POINT ( 'NONE',  ( 0.000000000000000000, 2.999999999999999112, 0.000000000000000000 ) ) ;
#438 = LINE ( 'NONE', #4883, #280 ) ;
#439 = EDGE_CURVE ( 'NONE', #223, #8060, #1952, .T. ) ;
#440 = CARTESIAN_POINT ( 'NONE',  ( -4.799999999999995381, 1.574999999999999956, -0.9000000000000158984 ) ) ;
#441 = VECTOR ( 'NONE', #6313, 1000.000000000000000 ) ;
#442 = DIRECTION ( 'NONE',  ( 1.000000000000000000, 0.000000000000000000, 3.491481338843133355E-15 ) ) ;
#443 = CARTESIAN_POINT ( 'NONE',  ( 3.504315179701432914, 1.860776205970860131, 0.3704036912788197800 ) ) ;
#444 = VERTEX_POINT ( 'NONE', #2854 ) ;
#445 = CARTESIAN_POINT ( 'NONE',  ( 4.149999999999995914, 0.000000000000000000, 0.5500000000000161426 ) ) ;
#446 = VECTOR ( 'NONE', #6557, 1000.000000000000227 ) ;
#447 = ORIENTED_EDGE ( 'NONE', *, *, #2363, .T. ) ;
#448 = DIRECTION ( 'NONE',  ( 0.000000000000000000, 1.000000000000000000, 0.000000000000000000 ) ) ;
#449 = ORIENTED_EDGE ( 'NONE', *, *, #5996, .F. ) ;
#450 = VECTOR ( 'NONE', #1400, 1000.000000000000000 ) ;
#451 = DIRECTION ( 'NONE',  ( 1.000000000000000000, 0.000000000000000000, 3.491481338843133355E-15 ) ) ;
#452 = B_SPLINE_CURVE_WITH_KNOTS ( 'NONE', 3,
 ( #3566, #4222, #5518, #6091 ),
 .UNSPECIFIED., .F., .F.,
 ( 4, 4 ),
 ( 0.000000000000000000, 0.9139991345532543221 ),
 .UNSPECIFIED. ) ;
#453 = DIRECTION ( 'NONE',  ( 3.082348443565584602E-15, 0.000000000000000000, -1.000000000000000000 ) ) ;
#454 = AXIS2_PLACEMENT_3D ( 'NONE', #2155, #7226, #4069 ) ;
#455 = CARTESIAN_POINT ( 'NONE',  ( -4.349999999999997868, 0.000000000000000000, -1.518794382396762378E-14 ) ) ;
#456 = CARTESIAN_POINT ( 'NONE',  ( 0.000000000000000000, 1.201442841485029778, 0.000000000000000000 ) ) ;
#457 = ADVANCED_FACE ( 'NONE', ( #4141 ), #7958, .F. ) ;
#459 = DIRECTION ( 'NONE',  ( 1.000000000000000000, 0.000000000000000000, 3.469446951953638249E-15 ) ) ;
#458 = AXIS2_PLACEMENT_3D ( 'NONE', #3568, #2270, #2764 ) ;
#460 = VERTEX_POINT ( 'NONE', #3613 ) ;
#461 = VERTEX_POINT ( 'NONE', #4266 ) ;
#462 = AXIS2_PLACEMENT_3D ( 'NONE', #5559, #2195, #6719 ) ;
#463 = EDGE_CURVE ( 'NONE', #5500, #4036, #3663, .T. ) ;
#464 = EDGE_LOOP ( 'NONE', ( #3998, #717, #7157, #2486, #102, #1443, #3876, #5788, #142, #8047, #7570, #8167, #3411, #6622, #4258, #7121 ) ) ;
#465 = CARTESIAN_POINT ( 'NONE',  ( -4.800000000000002487, -12.43261838873854686, 1.499999999999983347 ) ) ;
#466 = CYLINDRICAL_SURFACE ( 'NONE', #5083, 0.07000000000000018707 ) ;
#467 = DIRECTION ( 'NONE',  ( -1.000000000000000000, 0.000000000000000000, -3.491481338843133355E-15 ) ) ;
#468 = CARTESIAN_POINT ( 'NONE',  ( 3.889999999999995239, 0.5000000000000000000, 0.4000000000000135669 ) ) ;
#469 = ORIENTED_EDGE ( 'NONE', *, *, #3693, .F. ) ;
#470 = ORIENTED_EDGE ( 'NONE', *, *, #60, .T. ) ;
#471 = DIRECTION ( 'NONE',  ( -1.000000000000000000, -0.000000000000000000, -4.133965530583266021E-15 ) ) ;
#472 = LINE ( 'NONE', #4168, #4550 ) ;
#473 = CARTESIAN_POINT ( 'NONE',  ( 3.401061993347369583, 1.969582361622702837, 0.3459679580029099144 ) ) ;
#474 = AXIS2_PLACEMENT_3D ( 'NONE', #4016, #229, #2267 ) ;
#475 = EDGE_LOOP ( 'NONE', ( #2152, #19, #7895, #3961, #4539, #4594 ) ) ;
#476 = EDGE_CURVE ( 'NONE', #7898, #4983, #4857, .T. ) ;
#477 = EDGE_CURVE ( 'NONE', #3333, #2386, #6135, .T. ) ;
#478 = DIRECTION ( 'NONE',  ( 7.136591349230734421E-15, 0.000000000000000000, -1.000000000000000000 ) ) ;
#479 = DIRECTION ( 'NONE',  ( 0.7071067811865454633, -0.7071067811865495711, 2.468850131082258244E-15 ) ) ;
#480 = AXIS2_PLACEMENT_3D ( 'NONE', #7944, #927, #4708 ) ;
#481 = EDGE_CURVE ( 'NONE', #6277, #767, #497, .T. ) ;
#482 = CARTESIAN_POINT ( 'NONE',  ( 0.000000000000000000, 2.700000000000000178, 0.000000000000000000 ) ) ;
#483 = EDGE_LOOP ( 'NONE', ( #914, #4255, #1297, #5870 ) ) ;
#484 = PLANE ( 'NONE',  #1020 ) ;
#485 = EDGE_CURVE ( 'NONE', #114, #1710, #723, .T. ) ;
#486 = DIRECTION ( 'NONE',  ( -1.000000000000000000, 0.000000000000000000, -3.523657060577895721E-15 ) ) ;
#487 = ORIENTED_EDGE ( 'NONE', *, *, #6284, .F. ) ;
#488 = CARTESIAN_POINT ( 'NONE',  ( -2.793071785686886965, 0.7500000000000000000, 2.793071785686841224 ) ) ;
#489 = EDGE_CURVE ( 'NONE', #5534, #4864, #6058, .T. ) ;
#490 = CARTESIAN_POINT ( 'NONE',  ( -3.866143571373699128, 0.1699999999999997902, -3.944646165029782825 ) ) ;
#491 = CARTESIAN_POINT ( 'NONE',  ( 3.300000000000000266, 1.633265455320084714, -0.5999999999999884315 ) ) ;
#492 = ORIENTED_EDGE ( 'NONE', *, *, #6886, .F. ) ;
#493 = DIRECTION ( 'NONE',  ( -1.000000000000000000, 0.000000000000000000, -2.891205793294679017E-15 ) ) ;
#494 = B_SPLINE_CURVE_WITH_KNOTS ( 'NONE', 3,
 ( #5369, #7892, #2214, #3497 ),
 .UNSPECIFIED., .F., .F.,
 ( 4, 4 ),
 ( 0.000000000000000000, 0.0001929670611091154596 ),
 .UNSPECIFIED. ) ;
#495 = B_SPLINE_CURVE_WITH_KNOTS ( 'NONE', 3,
 ( #3579, #2504, #6103, #412 ),
 .UNSPECIFIED., .F., .F.,
 ( 4, 4 ),
 ( 0.000000000000000000, 0.7777777777777785673 ),
 .UNSPECIFIED. ) ;
#496 =( BOUNDED_CURVE ( )  B_SPLINE_CURVE ( 3, ( #681, #4499, #1343, #7369 ),
 .UNSPECIFIED., .F., .T. ) 
 B_SPLINE_CURVE_WITH_KNOTS ( ( 4, 4 ),
 ( 5.890486225480850102, 6.649704450098387731 ),
 .UNSPECIFIED. ) 
 CURVE ( )  GEOMETRIC_REPRESENTATION_ITEM ( )  RATIONAL_B_SPLINE_CURVE ( ( 1.000000000000000000, 0.9525397019146156774, 0.9525397019146156774, 1.000000000000000000 ) ) 
 REPRESENTATION_ITEM ( '' )  );
#497 = LINE ( 'NONE', #318, #1258 ) ;
#498 = ORIENTED_EDGE ( 'NONE', *, *, #3213, .F. ) ;
#499 = CARTESIAN_POINT ( 'NONE',  ( 4.349999999999994316, 0.3199966454378918579, 0.6500000000000146771 ) ) ;
#500 = FACE_OUTER_BOUND ( 'NONE', #216, .T. ) ;
#501 = DIRECTION ( 'NONE',  ( -1.000000000000000000, 0.000000000000000000, -4.336808689942006692E-15 ) ) ;
#502 = ADVANCED_FACE ( 'NONE', ( #5393 ), #7344, .F. ) ;
#503 = PLANE ( 'NONE',  #7178 ) ;
#504 = CARTESIAN_POINT ( 'NONE',  ( -2.971635075888754418, 1.332762149822509734, -1.600001998127839720 ) ) ;
#505 = ORIENTED_EDGE ( 'NONE', *, *, #1590, .T. ) ;
#506 = ORIENTED_EDGE ( 'NONE', *, *, #938, .T. ) ;
#507 = CARTESIAN_POINT ( 'NONE',  ( -2.801196399336944420, 2.700000000000001066, 2.784947172036783769 ) ) ;
#508 = CARTESIAN_POINT ( 'NONE',  ( -2.092844953645646822, 3.149999999999999911, 3.349999999999992539 ) ) ;
#509 = CARTESIAN_POINT ( 'NONE',  ( -4.536820553614575147, 0.2222911448593721251, -0.8027921423375614651 ) ) ;
#510 = PLANE ( 'NONE',  #7303 ) ;
#511 = VERTEX_POINT ( 'NONE', #4720 ) ;
#512 = ORIENTED_EDGE ( 'NONE', *, *, #6924, .F. ) ;
#513 = FACE_OUTER_BOUND ( 'NONE', #3954, .T. ) ;
#514 = CARTESIAN_POINT ( 'NONE',  ( -1.462902851344306310, 2.937927653622216528, -2.627953978416160297 ) ) ;
#515 = ORIENTED_EDGE ( 'NONE', *, *, #2704, .T. ) ;
#516 = DIRECTION ( 'NONE',  ( -3.526605931085718603E-15, -1.807003620809174878E-16, 1.000000000000000000 ) ) ;
#517 = LINE ( 'NONE', #3046, #3528 ) ;
#518 = CARTESIAN_POINT ( 'NONE',  ( 3.332051350969298831, 1.697303936377418943, -0.5999999999999883205 ) ) ;
#519 = ORIENTED_EDGE ( 'NONE', *, *, #3707, .F. ) ;
#520 = VECTOR ( 'NONE', #732, 1000.000000000000000 ) ;
#521 = ORIENTED_EDGE ( 'NONE', *, *, #5747, .F. ) ;
#522 = CARTESIAN_POINT ( 'NONE',  ( 3.249999999999995115, 1.091144171148769493, 0.5500000000000130340 ) ) ;
#523 = CARTESIAN_POINT ( 'NONE',  ( 4.086143571373717975, -12.43261838873854686, -1.499999999999988232 ) ) ;
#524 = VERTEX_POINT ( 'NONE', #7259 ) ;
#525 = B_SPLINE_CURVE_WITH_KNOTS ( 'NONE', 3,
 ( #3292, #7152, #3177, #5711, #385, #284, #3380, #2254, #1504, #1012 ),
 .UNSPECIFIED., .F., .F.,
 ( 4, 2, 2, 2, 4 ),
 ( 2.179219396325675426E-18, 0.0002010381626954605740, 0.0004020763253909189795, 0.0006031144880863773851, 0.0008041526507818357906 ),
 .UNSPECIFIED. ) ;
#526 = EDGE_CURVE ( 'NONE', #3249, #7848, #5508, .T. ) ;
#527 = CARTESIAN_POINT ( 'NONE',  ( 3.221885342674460695, 1.799550068951460524, 0.3626357333681343720 ) ) ;
#528 = LINE ( 'NONE', #7381, #4949 ) ;
#529 = DIRECTION ( 'NONE',  ( -1.000000000000000000, 0.000000000000000000, -3.491481338843133355E-15 ) ) ;
#530 = ORIENTED_EDGE ( 'NONE', *, *, #4901, .F. ) ;
#531 = B_SPLINE_CURVE_WITH_KNOTS ( 'NONE', 3,
 ( #7820, #3639, #2255, #1013, #514, #5298, #1051, #6199, #6117, #1677, #4785, #426, #2758, #2961, #4837, #7317 ),
 .UNSPECIFIED., .F., .F.,
 ( 4, 3, 3, 3, 3, 4 ),
 ( 0.000000000000000000, 3.014886002918616264E-05, 6.018081032726305005E-05, 9.187161686365828651E-05, 0.0001278708812780844780, 0.0001651438938026702781 ),
 .UNSPECIFIED. ) ;
#532 = CARTESIAN_POINT ( 'NONE',  ( 0.000000000000000000, 3.149999999999999911, 0.000000000000000000 ) ) ;
#533 = EDGE_CURVE ( 'NONE', #4113, #7915, #940, .T. ) ;
#534 = CIRCLE ( 'NONE', #5829, 0.1499999999999999667 ) ;
#535 = EDGE_CURVE ( 'NONE', #4340, #7527, #7225, .T. ) ;
#536 = CARTESIAN_POINT ( 'NONE',  ( -3.362755566496022475, 3.050000000000000266, -0.6500000000000129008 ) ) ;
#537 = ORIENTED_EDGE ( 'NONE', *, *, #7718, .T. ) ;
#538 = FACE_OUTER_BOUND ( 'NONE', #7161, .T. ) ;
#539 = LINE ( 'NONE', #8134, #2957 ) ;
#540 = CARTESIAN_POINT ( 'NONE',  ( 3.986143571373717442, 0.000000000000000000, -1.599999999999990097 ) ) ;
#541 = CARTESIAN_POINT ( 'NONE',  ( 3.049999999999997158, 0.7936270760231673993, 1.021533721447734392E-14 ) ) ;
#542 = CYLINDRICAL_SURFACE ( 'NONE', #2391, 0.1550000000000006373 ) ;
#543 = ORIENTED_EDGE ( 'NONE', *, *, #6284, .T. ) ;
#544 = VERTEX_POINT ( 'NONE', #8010 ) ;
#545 = DIRECTION ( 'NONE',  ( 1.000000000000000000, 0.000000000000000000, 3.614007241618385453E-15 ) ) ;
#546 = CARTESIAN_POINT ( 'NONE',  ( 1.542899194636067506, 2.700000000000000178, 2.688765901894655919 ) ) ;
#547 = AXIS2_PLACEMENT_3D ( 'NONE', #6112, #2126, #4651 ) ;
#548 = DIRECTION ( 'NONE',  ( 0.000000000000000000, 1.000000000000000000, 0.000000000000000000 ) ) ;
#549 = FACE_OUTER_BOUND ( 'NONE', #3828, .T. ) ;
#550 = ORIENTED_EDGE ( 'NONE', *, *, #2055, .T. ) ;
#551 = CARTESIAN_POINT ( 'NONE',  ( -0.2430706720622935468, 1.005050608391821587, 0.5725927094796919858 ) ) ;
#552 = VECTOR ( 'NONE', #2118, 1000.000000000000000 ) ;
#553 = CARTESIAN_POINT ( 'NONE',  ( -0.1250160051490180890, 1.114930702365728887, 0.5454356057317856221 ) ) ;
#554 = CARTESIAN_POINT ( 'NONE',  ( 0.000000000000000000, 3.149999999999999911, 0.000000000000000000 ) ) ;
#555 = PLANE ( 'NONE',  #4710 ) ;
#556 = DIRECTION ( 'NONE',  ( -0.7071067811865415775, 0.000000000000000000, -0.7071067811865534569 ) ) ;
#557 = ORIENTED_EDGE ( 'NONE', *, *, #2806, .F. ) ;
#558 = VERTEX_POINT ( 'NONE', #2326 ) ;
#559 = FACE_OUTER_BOUND ( 'NONE', #2075, .T. ) ;
#560 = DIRECTION ( 'NONE',  ( 3.491481338843133355E-15, 0.000000000000000000, -1.000000000000000000 ) ) ;
#561 = ORIENTED_EDGE ( 'NONE', *, *, #7677, .T. ) ;
#562 = CARTESIAN_POINT ( 'NONE',  ( -5.300000000000002487, 0.000000000000000000, 0.2999999999999800604 ) ) ;
#563 = PLANE ( 'NONE',  #826 ) ;
#564 = FACE_OUTER_BOUND ( 'NONE', #428, .T. ) ;
#565 = EDGE_LOOP ( 'NONE', ( #3850, #2216, #674, #3050 ) ) ;
#566 = FACE_OUTER_BOUND ( 'NONE', #5567, .T. ) ;
#567 = EDGE_CURVE ( 'NONE', #3717, #1397, #7388, .T. ) ;
#568 = AXIS2_PLACEMENT_3D ( 'NONE', #546, #3080, #4403 ) ;
#569 = CIRCLE ( 'NONE', #2431, 0.5999999999999933165 ) ;
#570 = ORIENTED_EDGE ( 'NONE', *, *, #6243, .T. ) ;
#571 = ADVANCED_FACE ( 'NONE', ( #4350 ), #1280, .F. ) ;
#572 = VECTOR ( 'NONE', #7706, 1000.000000000000000 ) ;
#573 = FACE_OUTER_BOUND ( 'NONE', #6252, .T. ) ;
#574 = CARTESIAN_POINT ( 'NONE',  ( 4.200000000000000178, 0.3000000000000025424, -0.5999999999999853229 ) ) ;
#575 = B_SPLINE_CURVE_WITH_KNOTS ( 'NONE', 3,
 ( #6065, #4862, #1707, #4232, #6144, #2991, #4319, #6852, #7659, #2636 ),
 .UNSPECIFIED., .F., .F.,
 ( 4, 2, 2, 2, 4 ),
 ( 2.179219396325675426E-18, 0.0002010381626954601403, 0.0004020763253909186001, 0.0006031144880863771682, 0.0008041526507818357906 ),
 .UNSPECIFIED. ) ;
#576 = EDGE_CURVE ( 'NONE', #4262, #1081, #6425, .T. ) ;
#577 = CARTESIAN_POINT ( 'NONE',  ( 4.628839468752889097, 0.1800000000000611944, 0.9000000000000161204 ) ) ;
#578 = VECTOR ( 'NONE', #1159, 1000.000000000000000 ) ;
#579 = CARTESIAN_POINT ( 'NONE',  ( -0.4532176340879398024, 0.9400444209652876193, 0.5999999999999983125 ) ) ;
#580 = EDGE_CURVE ( 'NONE', #5758, #444, #8170, .T. ) ;
#581 = CARTESIAN_POINT ( 'NONE',  ( 4.552081636884923732, 0.2999921102144696983, -0.8084377142705045927 ) ) ;
#582 = CARTESIAN_POINT ( 'NONE',  ( 3.155025749821620984, 1.577544949083632408, 0.3936533578381265497 ) ) ;
#583 = EDGE_CURVE ( 'NONE', #2564, #59, #2405, .T. ) ;
#584 = ORIENTED_EDGE ( 'NONE', *, *, #4681, .F. ) ;
#585 = CIRCLE ( 'NONE', #3365, 0.09999999999999961697 ) ;
#586 = VERTEX_POINT ( 'NONE', #7592 ) ;
#587 = EDGE_CURVE ( 'NONE', #6965, #1642, #654, .T. ) ;
#588 = CARTESIAN_POINT ( 'NONE',  ( -4.552165105849418580, 0.2999999999999999334, 0.7999999999999839462 ) ) ;
#589 = VECTOR ( 'NONE', #2516, 1000.000000000000000 ) ;
#590 = ORIENTED_EDGE ( 'NONE', *, *, #199, .F. ) ;
#591 = CARTESIAN_POINT ( 'NONE',  ( 5.299999999999997158, -4.336808689942017736E-16, 0.3000000000000170308 ) ) ;
#592 = CYLINDRICAL_SURFACE ( 'NONE', #8088, 3.950000000000000178 ) ;
#593 = CONICAL_SURFACE ( 'NONE', #7875, 2.326794920000000211, 1.047197551196596743 ) ;
#594 = DIRECTION ( 'NONE',  ( 0.000000000000000000, 1.000000000000000000, 0.000000000000000000 ) ) ;
#595 = EDGE_CURVE ( 'NONE', #2010, #898, #3063, .T. ) ;
#596 = ADVANCED_FACE ( 'NONE', ( #573 ), #3702, .T. ) ;
#597 = ORIENTED_EDGE ( 'NONE', *, *, #1079, .T. ) ;
#598 = VERTEX_POINT ( 'NONE', #1778 ) ;
#599 = FACE_OUTER_BOUND ( 'NONE', #1899, .T. ) ;
#600 = VECTOR ( 'NONE', #1130, 999.9999999999998863 ) ;
#601 = CARTESIAN_POINT ( 'NONE',  ( 3.534345711646064814, 1.880000000000000338, 0.3691367858594817308 ) ) ;
#602 = DIRECTION ( 'NONE',  ( -0.7071067811865464625, 0.000000000000000000, 0.7071067811865486830 ) ) ;
#603 = DIRECTION ( 'NONE',  ( -0.7132504491541806768, 0.000000000000000000, -0.7009092642998517864 ) ) ;
#604 = DIRECTION ( 'NONE',  ( 0.000000000000000000, -1.000000000000000000, 0.000000000000000000 ) ) ;
#605 = ORIENTED_EDGE ( 'NONE', *, *, #4439, .F. ) ;
#606 = ORIENTED_EDGE ( 'NONE', *, *, #3937, .F. ) ;
#607 = EDGE_LOOP ( 'NONE', ( #6859, #969, #677, #4595 ) ) ;
#608 = DIRECTION ( 'NONE',  ( 0.9335804264972040745, 0.3583679495452945507, 3.259578637424201368E-15 ) ) ;
#609 = FACE_OUTER_BOUND ( 'NONE', #7117, .T. ) ;
#610 = CARTESIAN_POINT ( 'NONE',  ( 3.343670574398061923, 1.708330167704059432, -0.3853475368344306262 ) ) ;
#611 = LINE ( 'NONE', #5794, #5871 ) ;
#612 = DIRECTION ( 'NONE',  ( -1.000000000000000000, 0.000000000000000000, -3.491481338843133355E-15 ) ) ;
#613 = ORIENTED_EDGE ( 'NONE', *, *, #6019, .T. ) ;
#614 = SURFACE_SIDE_STYLE ('',( #7742 ) ) ;
#615 = EDGE_CURVE ( 'NONE', #7358, #3468, #4433, .T. ) ;
#616 = EDGE_CURVE ( 'NONE', #1755, #4718, #5312, .T. ) ;
#617 = EDGE_LOOP ( 'NONE', ( #7493, #1774, #1001, #8069 ) ) ;
#618 = LINE ( 'NONE', #5688, #4009 ) ;
#619 = CARTESIAN_POINT ( 'NONE',  ( 2.973634140239838963, 0.7500000000000000000, 2.000000000000013323 ) ) ;
#620 = ORIENTED_EDGE ( 'NONE', *, *, #535, .T. ) ;
#621 = DIRECTION ( 'NONE',  ( -5.033795800825555596E-16, -1.000000000000000000, -1.757540410212935192E-30 ) ) ;
#622 = CARTESIAN_POINT ( 'NONE',  ( 3.346774409994784705, 3.016664985629801343, -0.5499999999999899414 ) ) ;
#623 = PLANE ( 'NONE',  #5441 ) ;
#624 = ADVANCED_FACE ( 'NONE', ( #2500 ), #3188, .T. ) ;
#625 = EDGE_LOOP ( 'NONE', ( #5934, #5211, #5664, #2208 ) ) ;
#626 = EDGE_CURVE ( 'NONE', #2554, #4400, #5736, .T. ) ;
#627 = COLOUR_RGB ( '',0.000000000000000000, 1.000000000000000000, 0.000000000000000000 ) ;
#628 = ORIENTED_EDGE ( 'NONE', *, *, #665, .T. ) ;
#629 = LINE ( 'NONE', #7532, #600 ) ;
#630 = VERTEX_POINT ( 'NONE', #8130 ) ;
#631 = CARTESIAN_POINT ( 'NONE',  ( 4.349999999999999645, 0.000000000000000000, -0.6499999999999843681 ) ) ;
#632 = DIRECTION ( 'NONE',  ( 1.000000000000000000, 0.000000000000000000, 3.491481338843133355E-15 ) ) ;
#633 = DIRECTION ( 'NONE',  ( -1.000000000000000000, -0.000000000000000000, -2.848997147103001084E-15 ) ) ;
#634 = EDGE_CURVE ( 'NONE', #6403, #3432, #1907, .T. ) ;
#635 = VERTEX_POINT ( 'NONE', #3110 ) ;
#636 = EDGE_CURVE ( 'NONE', #7564, #7915, #8214, .T. ) ;
#637 = ORIENTED_EDGE ( 'NONE', *, *, #5157, .T. ) ;
#638 = CARTESIAN_POINT ( 'NONE',  ( -4.628839468752889097, 0.1800000000000043787, -0.9000000000000161204 ) ) ;
#639 = B_SPLINE_CURVE_WITH_KNOTS ( 'NONE', 3,
 ( #522, #8202, #3692, #4256 ),
 .UNSPECIFIED., .F., .F.,
 ( 4, 4 ),
 ( 0.0003270686932962844429, 0.0006830287684011987015 ),
 .UNSPECIFIED. ) ;
#640 = EDGE_CURVE ( 'NONE', #1414, #1507, #5024, .T. ) ;
#641 = LINE ( 'NONE', #3174, #3327 ) ;
#642 = ORIENTED_EDGE ( 'NONE', *, *, #6607, .F. ) ;
#643 = EDGE_LOOP ( 'NONE', ( #6989, #4932, #2186, #6658, #5775, #3057 ) ) ;
#644 = LINE ( 'NONE', #1729, #3148 ) ;
#645 = LINE ( 'NONE', #1183, #1355 ) ;
#646 = ORIENTED_EDGE ( 'NONE', *, *, #5803, .T. ) ;
#647 = EDGE_CURVE ( 'NONE', #6310, #7315, #1482, .T. ) ;
#648 = CARTESIAN_POINT ( 'NONE',  ( 4.349999999999995204, 0.2999999999999999334, 0.8083764270126522211 ) ) ;
#649 = LINE ( 'NONE', #7585, #7061 ) ;
#650 = LINE ( 'NONE', #3658, #8129 ) ;
#651 = EDGE_LOOP ( 'NONE', ( #7365, #1810, #2752, #1540 ) ) ;
#652 = FACE_OUTER_BOUND ( 'NONE', #7756, .T. ) ;
#653 = ORIENTED_EDGE ( 'NONE', *, *, #311, .F. ) ;
#654 = LINE ( 'NONE', #1946, #3907 ) ;
#655 = DIRECTION ( 'NONE',  ( 1.000000000000000000, 0.000000000000000000, 4.133965530583266021E-15 ) ) ;
#656 = ORIENTED_EDGE ( 'NONE', *, *, #6607, .T. ) ;
#657 = DIRECTION ( 'NONE',  ( 3.872150616019658341E-17, 1.000000000000000000, 1.351954161702257924E-31 ) ) ;
#658 = CARTESIAN_POINT ( 'NONE',  ( 3.049999999999995826, 0.000000000000000000, 0.3500000000000123013 ) ) ;
#659 = ORIENTED_EDGE ( 'NONE', *, *, #5397, .F. ) ;
#660 = VERTEX_POINT ( 'NONE', #3779 ) ;
#661 = CARTESIAN_POINT ( 'NONE',  ( -1.542899194636086158, 2.700000000000000178, 2.688765901894645260 ) ) ;
#662 = VERTEX_POINT ( 'NONE', #6311 ) ;
#663 = DIRECTION ( 'NONE',  ( -1.000000000000000000, 0.000000000000000000, -3.491481338843133355E-15 ) ) ;
#664 = DIRECTION ( 'NONE',  ( -6.309119421277206419E-31, 1.000000000000000000, 1.807003620809174632E-16 ) ) ;
#665 = EDGE_CURVE ( 'NONE', #2937, #6277, #618, .T. ) ;
#666 = LINE ( 'NONE', #1450, #3635 ) ;
#667 = VERTEX_POINT ( 'NONE', #5106 ) ;
#668 = EDGE_LOOP ( 'NONE', ( #7981, #2607, #4654, #1066 ) ) ;
#669 = DIRECTION ( 'NONE',  ( -1.000000000000000000, 0.000000000000000000, -3.491481338843133355E-15 ) ) ;
#670 = VECTOR ( 'NONE', #2045, 1000.000000000000000 ) ;
#671 = EDGE_CURVE ( 'NONE', #3997, #1605, #6378, .T. ) ;
#672 = CARTESIAN_POINT ( 'NONE',  ( 4.149999999999999467, 0.000000000000000000, -0.5499999999999871658 ) ) ;
#673 = EDGE_CURVE ( 'NONE', #7251, #4637, #7821, .T. ) ;
#674 = ORIENTED_EDGE ( 'NONE', *, *, #7883, .T. ) ;
#675 = EDGE_CURVE ( 'NONE', #6648, #49, #4556, .T. ) ;
#676 = ORIENTED_EDGE ( 'NONE', *, *, #7376, .T. ) ;
#677 = ORIENTED_EDGE ( 'NONE', *, *, #5509, .F. ) ;
#678 = DIRECTION ( 'NONE',  ( -1.936075308009828924E-16, 1.000000000000000000, -6.759770808511289401E-31 ) ) ;
#679 = ORIENTED_EDGE ( 'NONE', *, *, #2102, .T. ) ;
#680 = CARTESIAN_POINT ( 'NONE',  ( -4.800000000000000711, 0.000000000000000000, 0.8999999999999833689 ) ) ;
#681 = CARTESIAN_POINT ( 'NONE',  ( 3.504315179701435579, 1.860776205970860131, -0.3704036912787952440 ) ) ;
#682 = DIRECTION ( 'NONE',  ( 0.000000000000000000, 1.000000000000000000, 0.000000000000000000 ) ) ;
#683 = VERTEX_POINT ( 'NONE', #7749 ) ;
#684 = LINE ( 'NONE', #7032, #5670 ) ;
#685 = ORIENTED_EDGE ( 'NONE', *, *, #3126, .T. ) ;
#686 = CARTESIAN_POINT ( 'NONE',  ( 2.047889727518623193, 2.971814703667329027, -2.282278960851274796 ) ) ;
#687 = EDGE_CURVE ( 'NONE', #7527, #3924, #4060, .T. ) ;
#688 = DIRECTION ( 'NONE',  ( -0.000000000000000000, -1.000000000000000000, -0.000000000000000000 ) ) ;
#689 = DIRECTION ( 'NONE',  ( -1.000000000000000000, 0.000000000000000000, -3.491481338843133355E-15 ) ) ;
#690 = VERTEX_POINT ( 'NONE', #133 ) ;
#691 = CARTESIAN_POINT ( 'NONE',  ( -2.003526488317634093E-15, 0.5499999999997776667, 0.6500000000000013545 ) ) ;
#692 = DIRECTION ( 'NONE',  ( 1.000000000000000000, -5.595882180570345180E-16, 3.491481338843133355E-15 ) ) ;
#693 = AXIS2_PLACEMENT_3D ( 'NONE', #3434, #3472, #4091 ) ;
#694 = AXIS2_PLACEMENT_3D ( 'NONE', #3783, #621, #7595 ) ;
#695 = VERTEX_POINT ( 'NONE', #65 ) ;
#696 = VECTOR ( 'NONE', #7690, 1000.000000000000000 ) ;
#697 = VECTOR ( 'NONE', #5714, 1000.000000000000000 ) ;
#698 = ORIENTED_EDGE ( 'NONE', *, *, #2938, .F. ) ;
#699 = CARTESIAN_POINT ( 'NONE',  ( -4.800000000000002487, 3.050000000000000266, 1.499999999999983347 ) ) ;
#700 = EDGE_CURVE ( 'NONE', #630, #2672, #5200, .T. ) ;
#701 = VERTEX_POINT ( 'NONE', #893 ) ;
#702 = VECTOR ( 'NONE', #2714, 1000.000000000000000 ) ;
#703 = CARTESIAN_POINT ( 'NONE',  ( 4.199999999999995737, 1.685000000000000275, 0.4000000000000146771 ) ) ;
#704 = VECTOR ( 'NONE', #6518, 1000.000000000000227 ) ;
#705 = DIRECTION ( 'NONE',  ( 5.595882180570348138E-16, -1.000000000000000000, 1.953791820782619180E-30 ) ) ;
#706 = CARTESIAN_POINT ( 'NONE',  ( 2.817392449966588330, 2.700000000000000178, 2.768644769791989813 ) ) ;
#707 = ORIENTED_EDGE ( 'NONE', *, *, #258, .T. ) ;
#708 = CIRCLE ( 'NONE', #5491, 3.375000000000000000 ) ;
#709 = EDGE_LOOP ( 'NONE', ( #7647, #5452, #3833, #6509 ) ) ;
#710 = FACE_OUTER_BOUND ( 'NONE', #5738, .T. ) ;
#711 = AXIS2_PLACEMENT_3D ( 'NONE', #2229, #4668, #2190 ) ;
#712 = VECTOR ( 'NONE', #724, 1000.000000000000000 ) ;
#713 = LINE ( 'NONE', #672, #8104 ) ;
#714 = ORIENTED_EDGE ( 'NONE', *, *, #1141, .T. ) ;
#715 = CIRCLE ( 'NONE', #2841, 3.375000000000000888 ) ;
#716 = VECTOR ( 'NONE', #7766, 1000.000000000000000 ) ;
#717 = ORIENTED_EDGE ( 'NONE', *, *, #5595, .T. ) ;
#718 = EDGE_CURVE ( 'NONE', #1529, #4920, #2240, .T. ) ;
#719 = ORIENTED_EDGE ( 'NONE', *, *, #6665, .T. ) ;
#720 = EDGE_CURVE ( 'NONE', #6296, #4565, #354, .T. ) ;
#721 = CARTESIAN_POINT ( 'NONE',  ( 2.066012353229867315, 2.984073581957591426, 2.294539175288811794 ) ) ;
#722 = ORIENTED_EDGE ( 'NONE', *, *, #2207, .T. ) ;
#723 = CIRCLE ( 'NONE', #5896, 0.5999999999999933165 ) ;
#724 = DIRECTION ( 'NONE',  ( -3.491481338843133355E-15, 0.000000000000000000, 1.000000000000000000 ) ) ;
#725 = EDGE_CURVE ( 'NONE', #6553, #6953, #5472, .T. ) ;
#726 = DIRECTION ( 'NONE',  ( 3.491481338843133355E-15, 0.000000000000000000, -1.000000000000000000 ) ) ;
#727 = PLANE ( 'NONE',  #2443 ) ;
#728 = ORIENTED_EDGE ( 'NONE', *, *, #5247, .T. ) ;
#729 = DIRECTION ( 'NONE',  ( 0.000000000000000000, 1.000000000000000000, 0.000000000000000000 ) ) ;
#730 = CARTESIAN_POINT ( 'NONE',  ( 4.536612815540313370, 0.2199904024327403174, -0.8028666955148789919 ) ) ;
#731 = EDGE_CURVE ( 'NONE', #7251, #1867, #2472, .T. ) ;
#732 = DIRECTION ( 'NONE',  ( -0.000000000000000000, -1.000000000000000000, 0.000000000000000000 ) ) ;
#733 = ADVANCED_FACE ( 'NONE', ( #96 ), #1434, .T. ) ;
#734 = CARTESIAN_POINT ( 'NONE',  ( -3.820458146424469348, 0.7499999999999997780, -1.765685424949255289 ) ) ;
#735 = DIRECTION ( 'NONE',  ( -3.491481338843132961E-15, 3.903127819765519555E-16, 1.000000000000000000 ) ) ;
#736 = VECTOR ( 'NONE', #2716, 1000.000000000000000 ) ;
#737 = CARTESIAN_POINT ( 'NONE',  ( 4.800000000000002487, -12.43261838873854686, -1.499999999999983347 ) ) ;
#738 = CARTESIAN_POINT ( 'NONE',  ( -2.650000000000000355, 0.6519931803881030552, 0.4333387843769365699 ) ) ;
#739 = EDGE_CURVE ( 'NONE', #6865, #7000, #3394, .T. ) ;
#740 = AXIS2_PLACEMENT_3D ( 'NONE', #4503, #3742, #7697 ) ;
#741 = VERTEX_POINT ( 'NONE', #4667 ) ;
#742 = CARTESIAN_POINT ( 'NONE',  ( 3.332051350969295278, 1.697303936377418943, 0.3863842541266195862 ) ) ;
#743 = VERTEX_POINT ( 'NONE', #2017 ) ;
#744 = CARTESIAN_POINT ( 'NONE',  ( 4.199999999999999289, 1.685000000000000275, -0.5999999999999853229 ) ) ;
#745 = ADVANCED_FACE ( 'NONE', ( #1399 ), #182, .T. ) ;
#746 = CARTESIAN_POINT ( 'NONE',  ( 4.799999999999991829, -12.43261838873854686, 1.500000000000016653 ) ) ;
#747 = EDGE_LOOP ( 'NONE', ( #37, #3176, #1009, #5021 ) ) ;
#748 = CARTESIAN_POINT ( 'NONE',  ( 9.077851480991695495E-15, 0.6500000000000010214, -2.599999999999870859 ) ) ;
#749 = CARTESIAN_POINT ( 'NONE',  ( -2.793072950446625846, 2.700000000000000178, 2.793072947426531005 ) ) ;
#750 = LINE ( 'NONE', #1411, #2958 ) ;
#751 = AXIS2_PLACEMENT_3D ( 'NONE', #5049, #3096, #7580 ) ;
#752 = CIRCLE ( 'NONE', #1022, 3.950000000000001954 ) ;
#753 = ORIENTED_EDGE ( 'NONE', *, *, #8095, .T. ) ;
#754 = CARTESIAN_POINT ( 'NONE',  ( -4.190000000000001279, 0.3000000000000000444, 0.5999999999999853229 ) ) ;
#755 = CARTESIAN_POINT ( 'NONE',  ( -2.073225355892363897, 2.990297223484824851, -2.302550026315338005 ) ) ;
#756 = VERTEX_POINT ( 'NONE', #805 ) ;
#757 = VERTEX_POINT ( 'NONE', #2722 ) ;
#758 = CARTESIAN_POINT ( 'NONE',  ( 4.526895665661514911, 0.1699999999999997902, -0.4999999999999841793 ) ) ;
#759 = EDGE_CURVE ( 'NONE', #756, #6380, #7283, .T. ) ;
#760 = CARTESIAN_POINT ( 'NONE',  ( 2.948311263070776178, 1.229786141552798195, -1.599318156743961161 ) ) ;
#761 = ORIENTED_EDGE ( 'NONE', *, *, #4274, .F. ) ;
#762 = CARTESIAN_POINT ( 'NONE',  ( -0.2800000000000021361, 0.7899999999997778799, 0.5999999999999989786 ) ) ;
#763 = CARTESIAN_POINT ( 'NONE',  ( 1.493128252873613615, 2.933493649053888319, 2.602031517962570817 ) ) ;
#764 = ORIENTED_EDGE ( 'NONE', *, *, #2719, .T. ) ;
#765 = CARTESIAN_POINT ( 'NONE',  ( -2.414021541698905704, 0.6500000000000017986, -0.6500000000000107914 ) ) ;
#766 = CARTESIAN_POINT ( 'NONE',  ( 2.973634140239837187, 0.3500000000000000333, 2.600000000000007194 ) ) ;
#767 = VERTEX_POINT ( 'NONE', #1520 ) ;
#768 = CARTESIAN_POINT ( 'NONE',  ( 0.1263121798521929795, 0.8288640258303472397, 4.410166188225292352E-16 ) ) ;
#769 = DIRECTION ( 'NONE',  ( 1.000000000000000000, 0.000000000000000000, 3.491481338843133355E-15 ) ) ;
#770 = CARTESIAN_POINT ( 'NONE',  ( 3.401316701949484766, 0.2999999999999999334, -0.4999999999999880651 ) ) ;
#771 = CARTESIAN_POINT ( 'NONE',  ( 3.049999999999997158, 0.000000000000000000, 1.064901808347154569E-14 ) ) ;
#772 = DIRECTION ( 'NONE',  ( 5.671190584124045157E-16, 0.9867201756097431220, -0.1624293540117598411 ) ) ;
#773 = ADVANCED_FACE ( 'NONE', ( #3344 ), #227, .F. ) ;
#774 = B_SPLINE_CURVE_WITH_KNOTS ( 'NONE', 3,
 ( #7976, #3495, #2741, #1498, #7844, #4776, #6522, #1624 ),
 .UNSPECIFIED., .F., .F.,
 ( 4, 2, 2, 4 ),
 ( 2.168404344971009349E-19, 0.0002186054784063650044, 0.0003279082176095472626, 0.0004372109568127295750 ),
 .UNSPECIFIED. ) ;
#775 = EDGE_CURVE ( 'NONE', #6321, #1053, #7211, .T. ) ;
#776 = ADVANCED_FACE ( 'NONE', ( #2976 ), #398, .F. ) ;
#777 = VERTEX_POINT ( 'NONE', #2264 ) ;
#778 = LINE ( 'NONE', #3983, #8023 ) ;
#779 = ORIENTED_EDGE ( 'NONE', *, *, #2615, .F. ) ;
#780 = FACE_OUTER_BOUND ( 'NONE', #3803, .T. ) ;
#781 = FACE_OUTER_BOUND ( 'NONE', #4821, .T. ) ;
#782 = ORIENTED_EDGE ( 'NONE', *, *, #6009, .T. ) ;
#783 = FACE_OUTER_BOUND ( 'NONE', #5585, .T. ) ;
#784 = CARTESIAN_POINT ( 'NONE',  ( -4.200000000000000178, 0.3000000000000008771, 0.5999999999999853229 ) ) ;
#785 = FACE_OUTER_BOUND ( 'NONE', #2383, .T. ) ;
#786 = ORIENTED_EDGE ( 'NONE', *, *, #3538, .T. ) ;
#787 = VECTOR ( 'NONE', #2168, 1000.000000000000000 ) ;
#788 = EDGE_LOOP ( 'NONE', ( #4390, #6835, #7674, #6070 ) ) ;
#789 = DIRECTION ( 'NONE',  ( 0.9025852843498630707, 0.4305110968082899725, 3.151359677021970066E-15 ) ) ;
#790 = CARTESIAN_POINT ( 'NONE',  ( 1.584466524402399212, 3.149999999999999911, -2.979948125898876476 ) ) ;
#791 = EDGE_LOOP ( 'NONE', ( #1597, #119, #5924, #1145, #6365, #4964, #6172 ) ) ;
#792 = ORIENTED_EDGE ( 'NONE', *, *, #5260, .T. ) ;
#793 = DIRECTION ( 'NONE',  ( 1.000000000000000000, 0.000000000000000000, -1.536286715444669219E-16 ) ) ;
#794 = LINE ( 'NONE', #5251, #4672 ) ;
#795 = VERTEX_POINT ( 'NONE', #7998 ) ;
#796 = CARTESIAN_POINT ( 'NONE',  ( -0.3704073303297388819, 0.9795429097132490881, -0.5936883636811922660 ) ) ;
#797 = CARTESIAN_POINT ( 'NONE',  ( -2.358608783879785342, 3.149999999999999911, 2.414624839278405322 ) ) ;
#798 = EDGE_LOOP ( 'NONE', ( #7182, #676, #6334, #6326, #7126, #6400, #4627, #2129, #5811, #5748 ) ) ;
#799 = CARTESIAN_POINT ( 'NONE',  ( 2.396031216096934813, 2.700000000000000178, 2.376901220389489033 ) ) ;
#800 = CARTESIAN_POINT ( 'NONE',  ( 4.544386162327729295, 0.2599808048654768111, -0.8057333910297699298 ) ) ;
#801 = ORIENTED_EDGE ( 'NONE', *, *, #2370, .T. ) ;
#802 = PRODUCT_DEFINITION_CONTEXT ( 'detailed design', #1643, 'design' ) ;
#803 = ORIENTED_EDGE ( 'NONE', *, *, #1682, .T. ) ;
#804 = CARTESIAN_POINT ( 'NONE',  ( 1.920314736363728867E-15, 0.000000000000000000, -0.5500000000000017097 ) ) ;
#805 = CARTESIAN_POINT ( 'NONE',  ( 4.628839468752889097, 0.1800000000000611944, 0.9000000000000161204 ) ) ;
#806 = VECTOR ( 'NONE', #7884, 1000.000000000000000 ) ;
#807 = LINE ( 'NONE', #3228, #974 ) ;
#808 = EDGE_CURVE ( 'NONE', #683, #3924, #1532, .T. ) ;
#809 = DIRECTION ( 'NONE',  ( -0.9025852843498630707, -0.4305110968082899725, -3.151359677021970066E-15 ) ) ;
#810 = CARTESIAN_POINT ( 'NONE',  ( -0.1250160051490142865, 1.114930702365728887, -0.5454356057317865103 ) ) ;
#811 = CARTESIAN_POINT ( 'NONE',  ( -2.396031216096933036, 2.700000000000000178, -2.376901220389489922 ) ) ;
#812 = EDGE_CURVE ( 'NONE', #7516, #4461, #2228, .T. ) ;
#813 = ORIENTED_EDGE ( 'NONE', *, *, #3533, .F. ) ;
#814 = DIRECTION ( 'NONE',  ( 3.491481338843133355E-15, -0.000000000000000000, -1.000000000000000000 ) ) ;
#815 = EDGE_CURVE ( 'NONE', #5703, #402, #3623, .T. ) ;
#816 = ORIENTED_EDGE ( 'NONE', *, *, #5394, .T. ) ;
#817 = CARTESIAN_POINT ( 'NONE',  ( 4.799999999999991829, 0.000000000000000000, 1.500000000000016653 ) ) ;
#818 = EDGE_CURVE ( 'NONE', #3076, #2010, #2338, .T. ) ;
#819 = CYLINDRICAL_SURFACE ( 'NONE', #8150, 0.3500000000000000333 ) ;
#820 = ORIENTED_EDGE ( 'NONE', *, *, #665, .F. ) ;
#821 = FACE_OUTER_BOUND ( 'NONE', #8062, .T. ) ;
#822 = DIRECTION ( 'NONE',  ( -1.000000000000000000, 0.000000000000000000, -3.491481338843132961E-15 ) ) ;
#823 = CARTESIAN_POINT ( 'NONE',  ( 4.194999999999995843, 1.685000000000000275, 0.4000000000000146216 ) ) ;
#824 = AXIS2_PLACEMENT_3D ( 'NONE', #2033, #5156, #7177 ) ;
#825 = AXIS2_PLACEMENT_3D ( 'NONE', #6367, #678, #3294 ) ;
#826 = AXIS2_PLACEMENT_3D ( 'NONE', #3565, #4042, #6408 ) ;
#827 = EDGE_CURVE ( 'NONE', #3991, #1270, #2154, .T. ) ;
#828 = VERTEX_POINT ( 'NONE', #2800 ) ;
#829 = CARTESIAN_POINT ( 'NONE',  ( -3.986143571373717442, 0.3500000000000000333, 1.599999999999990097 ) ) ;
#830 = AXIS2_PLACEMENT_3D ( 'NONE', #6590, #7337, #6712 ) ;
#831 = AXIS2_PLACEMENT_3D ( 'NONE', #4863, #6728, #459 ) ;
#832 = CYLINDRICAL_SURFACE ( 'NONE', #7811, 3.000000000000001776 ) ;
#833 = VECTOR ( 'NONE', #408, 1000.000000000000000 ) ;
#834 = CARTESIAN_POINT ( 'NONE',  ( -2.352579778227639640, 0.03409515047754796413, 0.5999999999999917621 ) ) ;
#835 = EDGE_LOOP ( 'NONE', ( #871, #714, #384, #6649 ) ) ;
#836 = ORIENTED_EDGE ( 'NONE', *, *, #3021, .T. ) ;
#837 = ORIENTED_EDGE ( 'NONE', *, *, #4777, .F. ) ;
#838 = FACE_OUTER_BOUND ( 'NONE', #4170, .T. ) ;
#839 = AXIS2_PLACEMENT_3D ( 'NONE', #7291, #1649, #399 ) ;
#840 = CARTESIAN_POINT ( 'NONE',  ( -4.349999999999995204, 0.2999999999999999334, -0.6500000000000185629 ) ) ;
#841 = ORIENTED_EDGE ( 'NONE', *, *, #9, .T. ) ;
#842 = LINE ( 'NONE', #5290, #1509 ) ;
#843 = AXIS2_PLACEMENT_3D ( 'NONE', #762, #7029, #6962 ) ;
#844 = CARTESIAN_POINT ( 'NONE',  ( -2.305773596092691058, 3.136541684323686852, 2.432766956562631311 ) ) ;
#845 = ORIENTED_EDGE ( 'NONE', *, *, #4685, .F. ) ;
#846 = DIRECTION ( 'NONE',  ( -3.491481338843133355E-15, 0.000000000000000000, 1.000000000000000000 ) ) ;
#847 = CIRCLE ( 'NONE', #1513, 3.374999999999999556 ) ;
#848 = DIRECTION ( 'NONE',  ( -1.000000000000000000, 0.000000000000000000, -3.491481338843133750E-15 ) ) ;
#849 = ORIENTED_EDGE ( 'NONE', *, *, #4439, .T. ) ;
#850 = EDGE_LOOP ( 'NONE', ( #4442, #3504, #3084, #6765 ) ) ;
#851 = VECTOR ( 'NONE', #448, 1000.000000000000000 ) ;
#852 = DIRECTION ( 'NONE',  ( -1.000000000000000000, 0.000000000000000000, 1.536286715444676861E-16 ) ) ;
#853 = CARTESIAN_POINT ( 'NONE',  ( -3.866143571373716448, 0.1699999999999997902, 0.6499999999999894751 ) ) ;
#854 = DIRECTION ( 'NONE',  ( 1.000000000000000000, 0.000000000000000000, 3.491481338843133355E-15 ) ) ;
#855 = DIRECTION ( 'NONE',  ( -3.491481338843133355E-15, 0.000000000000000000, 1.000000000000000000 ) ) ;
#856 = CARTESIAN_POINT ( 'NONE',  ( 1.514188661106529085E-30, 1.437346735502356143, -4.336808689942017736E-16 ) ) ;
#857 = PLANE ( 'NONE',  #5088 ) ;
#858 = EDGE_CURVE ( 'NONE', #6580, #8020, #25, .T. ) ;
#859 = CARTESIAN_POINT ( 'NONE',  ( 3.180859652567130880, 1.767079994508929053, 0.3653883974043331540 ) ) ;
#860 = TOROIDAL_SURFACE ( 'NONE', #1660, 0.5999999999999935385, 0.4000000000000000222 ) ;
#861 = VERTEX_POINT ( 'NONE', #1558 ) ;
#862 = VECTOR ( 'NONE', #6582, 1000.000000000000114 ) ;
#863 = CARTESIAN_POINT ( 'NONE',  ( -1.453118335845805520, 2.943676604320290657, 2.644727312053175350 ) ) ;
#864 = ORIENTED_EDGE ( 'NONE', *, *, #326, .F. ) ;
#865 = FACE_OUTER_BOUND ( 'NONE', #4938, .T. ) ;
#866 = DIRECTION ( 'NONE',  ( -0.000000000000000000, -1.000000000000000000, 0.000000000000000000 ) ) ;
#867 = CARTESIAN_POINT ( 'NONE',  ( -2.234160826739609362, 0.5499999999997781108, 0.6499999999999944711 ) ) ;
#868 = AXIS2_PLACEMENT_3D ( 'NONE', #5379, #7902, #4748 ) ;
#869 = CYLINDRICAL_SURFACE ( 'NONE', #6919, 0.1999999999999996503 ) ;
#870 = CARTESIAN_POINT ( 'NONE',  ( -1.454604435350193903, 2.700000000000000178, 2.735713058173234291 ) ) ;
#871 = ORIENTED_EDGE ( 'NONE', *, *, #8068, .T. ) ;
#872 = VERTEX_POINT ( 'NONE', #5387 ) ;
#873 = LINE ( 'NONE', #2165, #5366 ) ;
#874 = FACE_OUTER_BOUND ( 'NONE', #3710, .T. ) ;
#875 = DIRECTION ( 'NONE',  ( 3.491481338843133355E-15, -0.000000000000000000, -1.000000000000000000 ) ) ;
#876 = CARTESIAN_POINT ( 'NONE',  ( -2.606053808706554342, 0.6543303418964477869, -0.6500000000000116795 ) ) ;
#877 = ADVANCED_FACE ( 'NONE', ( #7949 ), #6787, .F. ) ;
#878 = ORIENTED_EDGE ( 'NONE', *, *, #8187, .F. ) ;
#879 = ADVANCED_FACE ( 'NONE', ( #2928 ), #6052, .T. ) ;
#880 = ORIENTED_EDGE ( 'NONE', *, *, #4200, .F. ) ;
#881 = DIRECTION ( 'NONE',  ( 1.000000000000000000, 0.000000000000000000, 3.491481338843133355E-15 ) ) ;
#882 = VECTOR ( 'NONE', #2059, 1000.000000000000000 ) ;
#883 = DIRECTION ( 'NONE',  ( -1.000000000000000000, 0.000000000000000000, -3.491481338843133355E-15 ) ) ;
#884 = ORIENTED_EDGE ( 'NONE', *, *, #4616, .T. ) ;
#885 = EDGE_CURVE ( 'NONE', #3991, #908, #4752, .T. ) ;
#886 = FACE_OUTER_BOUND ( 'NONE', #6670, .T. ) ;
#887 = DIRECTION ( 'NONE',  ( -0.000000000000000000, -1.000000000000000000, 0.000000000000000000 ) ) ;
#888 = ORIENTED_EDGE ( 'NONE', *, *, #1299, .F. ) ;
#889 =( LENGTH_UNIT ( ) NAMED_UNIT ( * ) SI_UNIT ( .MILLI., .METRE. ) );
#890 = CARTESIAN_POINT ( 'NONE',  ( 4.800000000000000711, 1.574999999999999067, 0.9000000000000158984 ) ) ;
#891 = ORIENTED_EDGE ( 'NONE', *, *, #2079, .F. ) ;
#892 = LINE ( 'NONE', #4712, #5949 ) ;
#893 = CARTESIAN_POINT ( 'NONE',  ( 5.200000000000001066, 0.1499999999999999667, -0.5999999999999818812 ) ) ;
#894 = DIRECTION ( 'NONE',  ( 0.000000000000000000, -1.000000000000000000, 0.000000000000000000 ) ) ;
#895 = CARTESIAN_POINT ( 'NONE',  ( 4.805000000000005933, 0.2999999999999999334, -0.8083764270126202467 ) ) ;
#896 = CARTESIAN_POINT ( 'NONE',  ( -2.407220265895358757, 3.149999999999999911, -2.365568767011992257 ) ) ;
#897 = CARTESIAN_POINT ( 'NONE',  ( -3.374999999999999556, 2.700000000000000178, -1.178374951859557350E-14 ) ) ;
#898 = VERTEX_POINT ( 'NONE', #2316 ) ;
#899 = CARTESIAN_POINT ( 'NONE',  ( -3.890000000000001457, 1.035523411279787431E-50, 0.5999999999999864331 ) ) ;
#900 = ORIENTED_EDGE ( 'NONE', *, *, #6861, .T. ) ;
#901 = CARTESIAN_POINT ( 'NONE',  ( -4.350000000000001421, 0.1800000000000000488, 0.8999999999999848121 ) ) ;
#902 = FACE_OUTER_BOUND ( 'NONE', #5100, .T. ) ;
#903 = CYLINDRICAL_SURFACE ( 'NONE', #2159, 0.1500000000000016875 ) ;
#904 = CARTESIAN_POINT ( 'NONE',  ( 1.584466524402376342, 0.000000000000000000, 2.979948125898882694 ) ) ;
#905 = CARTESIAN_POINT ( 'NONE',  ( -0.3704073303297429898, 0.9795429097132490881, 0.5936883636811896015 ) ) ;
#906 = VECTOR ( 'NONE', #852, 1000.000000000000000 ) ;
#907 = VERTEX_POINT ( 'NONE', #4848 ) ;
#908 = VERTEX_POINT ( 'NONE', #7379 ) ;
#909 = DIRECTION ( 'NONE',  ( 0.000000000000000000, 1.000000000000000000, 0.000000000000000000 ) ) ;
#910 = CARTESIAN_POINT ( 'NONE',  ( -0.3941281571845514642, 1.131430466914578492, 0.5999999999999985345 ) ) ;
#911 = EDGE_CURVE ( 'NONE', #4980, #1507, #4275, .T. ) ;
#912 = CARTESIAN_POINT ( 'NONE',  ( -4.195000000000001172, 1.850000000000000089, 0.5999999999999853229 ) ) ;
#913 = DIRECTION ( 'NONE',  ( 0.000000000000000000, 1.000000000000000000, 0.000000000000000000 ) ) ;
#914 = ORIENTED_EDGE ( 'NONE', *, *, #7730, .T. ) ;
#915 = VECTOR ( 'NONE', #8218, 1000.000000000000000 ) ;
#916 = EDGE_CURVE ( 'NONE', #3024, #6310, #6267, .T. ) ;
#917 = CARTESIAN_POINT ( 'NONE',  ( -0.000000000000000000, -0.3750000000000592859, 0.000000000000000000 ) ) ;
#918 = FACE_OUTER_BOUND ( 'NONE', #6150, .T. ) ;
#919 = ORIENTED_EDGE ( 'NONE', *, *, #5034, .T. ) ;
#920 = EDGE_CURVE ( 'NONE', #1801, #630, #3878, .T. ) ;
#921 = CARTESIAN_POINT ( 'NONE',  ( 0.000000000000000000, 2.700000000000000178, 0.000000000000000000 ) ) ;
#922 = EDGE_CURVE ( 'NONE', #7522, #1341, #7466, .T. ) ;
#923 = FACE_OUTER_BOUND ( 'NONE', #4756, .T. ) ;
#924 = ORIENTED_EDGE ( 'NONE', *, *, #4528, .T. ) ;
#925 = CARTESIAN_POINT ( 'NONE',  ( 4.805000000000005933, 0.2999999999999999334, -0.8083764270126202467 ) ) ;
#926 = EDGE_CURVE ( 'NONE', #7894, #373, #438, .T. ) ;
#927 = DIRECTION ( 'NONE',  ( 0.000000000000000000, 1.000000000000000000, 0.000000000000000000 ) ) ;
#928 = EDGE_CURVE ( 'NONE', #7935, #5574, #144, .T. ) ;
#929 = ORIENTED_EDGE ( 'NONE', *, *, #1799, .F. ) ;
#930 = CARTESIAN_POINT ( 'NONE',  ( -2.352579778227639640, 0.03409515047754797801, 0.5999999999999917621 ) ) ;
#931 = CARTESIAN_POINT ( 'NONE',  ( -2.503258662110540822, 5.421010862427522170E-17, 0.5999999999999912070 ) ) ;
#932 = PLANE ( 'NONE',  #1780 ) ;
#933 = AXIS2_PLACEMENT_3D ( 'NONE', #468, #3799, #2954 ) ;
#934 = FACE_OUTER_BOUND ( 'NONE', #1547, .T. ) ;
#935 = DIRECTION ( 'NONE',  ( 1.000000000000000000, 0.000000000000000000, 3.491481338843133355E-15 ) ) ;
#936 = CARTESIAN_POINT ( 'NONE',  ( -4.800000000000002487, 3.050000000000000266, 1.499999999999983347 ) ) ;
#937 = B_SPLINE_CURVE_WITH_KNOTS ( 'NONE', 3,
 ( #87, #1340, #4495, #5826, #5869, #1421, #7153, #2131, #7071, #1303, #3209, #2666, #3879, #2710, #721, #5792 ),
 .UNSPECIFIED., .F., .F.,
 ( 4, 3, 3, 3, 3, 4 ),
 ( 0.000000000000000000, 3.014886002918645740E-05, 6.018081032726317202E-05, 9.187161686365870664E-05, 0.0001278708812780849388, 0.0001651438938026604389 ),
 .UNSPECIFIED. ) ;
#938 = EDGE_CURVE ( 'NONE', #5352, #6035, #645, .T. ) ;
#939 = ORIENTED_EDGE ( 'NONE', *, *, #5944, .T. ) ;
#940 = LINE ( 'NONE', #1657, #1924 ) ;
#941 = ORIENTED_EDGE ( 'NONE', *, *, #5618, .F. ) ;
#942 = PLANE ( 'NONE',  #1361 ) ;
#943 = CARTESIAN_POINT ( 'NONE',  ( 3.401316701949485655, 0.1800000000000000488, -0.7999999999999880540 ) ) ;
#944 = CARTESIAN_POINT ( 'NONE',  ( -0.1250160051490142865, 1.114930702365728887, -0.5454356057317865103 ) ) ;
#945 = CYLINDRICAL_SURFACE ( 'NONE', #3744, 0.09999999999999961697 ) ;
#946 = DIRECTION ( 'NONE',  ( -3.491481338843133355E-15, 0.000000000000000000, 1.000000000000000000 ) ) ;
#947 = VERTEX_POINT ( 'NONE', #8120 ) ;
#948 = EDGE_LOOP ( 'NONE', ( #1815, #2243, #8024, #5903, #7705, #2350, #3822, #6564, #5540 ) ) ;
#949 = EDGE_CURVE ( 'NONE', #2914, #8030, #5998, .T. ) ;
#950 = PLANE ( 'NONE',  #176 ) ;
#951 = DIRECTION ( 'NONE',  ( -0.000000000000000000, -1.000000000000000000, 0.000000000000000000 ) ) ;
#952 = VECTOR ( 'NONE', #1878, 1000.000000000000000 ) ;
#953 = DIRECTION ( 'NONE',  ( 0.000000000000000000, 1.000000000000000000, 0.000000000000000000 ) ) ;
#954 = EDGE_CURVE ( 'NONE', #6706, #2852, #569, .T. ) ;
#955 = AXIS2_PLACEMENT_3D ( 'NONE', #5515, #3605, #6127 ) ;
#956 = CARTESIAN_POINT ( 'NONE',  ( -2.628163906630324398, 0.6569434646789777954, -0.6500000000000115685 ) ) ;
#957 = ADVANCED_FACE ( 'NONE', ( #3809 ), #1269, .F. ) ;
#958 = VERTEX_POINT ( 'NONE', #2558 ) ;
#959 = ORIENTED_EDGE ( 'NONE', *, *, #362, .T. ) ;
#960 = VECTOR ( 'NONE', #5806, 1000.000000000000000 ) ;
#961 = ORIENTED_EDGE ( 'NONE', *, *, #2952, .T. ) ;
#962 = FACE_OUTER_BOUND ( 'NONE', #3999, .T. ) ;
#963 = CARTESIAN_POINT ( 'NONE',  ( -2.561644502396687173, 0.6508546816763508547, 0.6499999999999934719 ) ) ;
#964 = B_SPLINE_CURVE_WITH_KNOTS ( 'NONE', 3,
 ( #5403, #5236, #5358, #7795 ),
 .UNSPECIFIED., .F., .F.,
 ( 4, 4 ),
 ( 0.9714285719340474134, 1.000000000000000000 ),
 .UNSPECIFIED. ) ;
#965 = ORIENTED_EDGE ( 'NONE', *, *, #526, .T. ) ;
#966 = VECTOR ( 'NONE', #3594, 1000.000000000000000 ) ;
#967 = CARTESIAN_POINT ( 'NONE',  ( 1.442899194636067861, 2.963205231921812732, 2.688765901894655919 ) ) ;
#968 = DIRECTION ( 'NONE',  ( -0.000000000000000000, -1.000000000000000000, 0.000000000000000000 ) ) ;
#969 = ORIENTED_EDGE ( 'NONE', *, *, #2111, .T. ) ;
#970 = LINE ( 'NONE', #799, #4450 ) ;
#971 = CYLINDRICAL_SURFACE ( 'NONE', #3802, 0.09999999999999961697 ) ;
#972 = VERTEX_POINT ( 'NONE', #1935 ) ;
#973 = EDGE_CURVE ( 'NONE', #5189, #3354, #4460, .T. ) ;
#975 = ADVANCED_FACE ( 'NONE', ( #609 ), #7623, .F. ) ;
#974 = VECTOR ( 'NONE', #3345, 1000.000000000000000 ) ;
#976 = ORIENTED_EDGE ( 'NONE', *, *, #6457, .F. ) ;
#977 = DIRECTION ( 'NONE',  ( 0.000000000000000000, 1.000000000000000000, 0.000000000000000000 ) ) ;
#978 = AXIS2_PLACEMENT_3D ( 'NONE', #1175, #5579, #1215 ) ;
#979 = CARTESIAN_POINT ( 'NONE',  ( -2.165163965172522964, 3.069625205664044731, -2.404658196377828627 ) ) ;
#980 = ADVANCED_FACE ( 'NONE', ( #3178 ), #1223, .T. ) ;
#981 = DIRECTION ( 'NONE',  ( 0.000000000000000000, -1.000000000000000000, 0.000000000000000000 ) ) ;
#982 = DIRECTION ( 'NONE',  ( 2.848997147102999901E-15, 0.000000000000000000, -1.000000000000000000 ) ) ;
#983 = CARTESIAN_POINT ( 'NONE',  ( -4.349999999999996092, 0.1499999999999999667, -0.5000000000000152101 ) ) ;
#984 = ORIENTED_EDGE ( 'NONE', *, *, #5778, .F. ) ;
#985 = CIRCLE ( 'NONE', #3111, 3.950000000000001954 ) ;
#986 = DIRECTION ( 'NONE',  ( -1.000000000000000000, 0.000000000000000000, -3.491481338843133355E-15 ) ) ;
#987 = EDGE_CURVE ( 'NONE', #6580, #1081, #5712, .T. ) ;
#988 = EDGE_CURVE ( 'NONE', #4920, #695, #5868, .T. ) ;
#989 = VECTOR ( 'NONE', #7831, 1000.000000000000000 ) ;
#990 = VERTEX_POINT ( 'NONE', #6175 ) ;
#991 = AXIS2_PLACEMENT_3D ( 'NONE', #661, #3676, #6811 ) ;
#992 = DIRECTION ( 'NONE',  ( 0.000000000000000000, 1.000000000000000000, 0.000000000000000000 ) ) ;
#993 = ORIENTED_EDGE ( 'NONE', *, *, #3419, .T. ) ;
#994 = DIRECTION ( 'NONE',  ( 1.000000000000000000, 0.000000000000000000, 3.491481338843133355E-15 ) ) ;
#995 = CLOSED_SHELL ( 'NONE', ( #7590, #316, #5603, #3006, #99, #2706, #4471, #975, #3838, #2517, #5679, #7114, #4229, #6973, #1831, #6066, #3782, #6599, #1865, #6451, #1918, #5755, #7573, #1594, #6473, #6351, #6095, #1062, #5953, #5253, #6214, #6026, #3832, #3259, #3927, #6568, #1216, #61, #6407, #4898 ) ) ;
#996 = CARTESIAN_POINT ( 'NONE',  ( 2.962158534152405931, 0.4852312103594243475, -1.617889021913323733 ) ) ;
#997 = EDGE_CURVE ( 'NONE', #5032, #1053, #1149, .T. ) ;
#998 = CARTESIAN_POINT ( 'NONE',  ( 2.396031216096951244, 3.149999999999999911, -2.376901220389472602 ) ) ;
#999 = LINE ( 'NONE', #3363, #4522 ) ;
#1000 = PLANE ( 'NONE',  #1367 ) ;
#1001 = ORIENTED_EDGE ( 'NONE', *, *, #2919, .F. ) ;
#1002 = ORIENTED_EDGE ( 'NONE', *, *, #7925, .F. ) ;
#1003 = ADVANCED_FACE ( 'NONE', ( #1814 ), #7458, .F. ) ;
#1004 = ORIENTED_EDGE ( 'NONE', *, *, #2614, .T. ) ;
#1005 = DIRECTION ( 'NONE',  ( -1.000000000000000000, 0.000000000000000000, -3.705642736089844770E-15 ) ) ;
#1006 = DIRECTION ( 'NONE',  ( 3.491481338843133355E-15, 0.000000000000000000, -1.000000000000000000 ) ) ;
#1007 = CARTESIAN_POINT ( 'NONE',  ( 0.000000000000000000, 2.700000000000000178, 0.000000000000000000 ) ) ;
#1008 = CARTESIAN_POINT ( 'NONE',  ( -2.369938956239137529, 0.7414642360486762840, 1.796530707429220497 ) ) ;
#1009 = ORIENTED_EDGE ( 'NONE', *, *, #6506, .F. ) ;
#1010 = ORIENTED_EDGE ( 'NONE', *, *, #7086, .F. ) ;
#1011 = ORIENTED_EDGE ( 'NONE', *, *, #587, .T. ) ;
#1012 = CARTESIAN_POINT ( 'NONE',  ( -2.971635679190056223, 0.3500000000000000333, 1.600001996925271008 ) ) ;
#1013 = CARTESIAN_POINT ( 'NONE',  ( -1.469622188208473235, 2.936181402197365120, -2.620718269099604480 ) ) ;
#1014 = DIRECTION ( 'NONE',  ( -3.491481338843133355E-15, 0.000000000000000000, 1.000000000000000000 ) ) ;
#1015 = EDGE_LOOP ( 'NONE', ( #4342, #4614, #1566, #1842, #3193 ) ) ;
#1016 = DIRECTION ( 'NONE',  ( -3.491481338843133355E-15, 0.000000000000000000, 1.000000000000000000 ) ) ;
#1017 = SURFACE_STYLE_USAGE ( .BOTH. , #431 ) ;
#1018 = CARTESIAN_POINT ( 'NONE',  ( 4.149999999999998579, 0.000000000000000000, -0.3499999999999872102 ) ) ;
#1019 = B_SPLINE_CURVE_WITH_KNOTS ( 'NONE', 3,
 ( #440, #3729, #1861, #4345 ),
 .UNSPECIFIED., .F., .F.,
 ( 4, 4 ),
 ( 0.000000000000000000, 0.9139991345532502143 ),
 .UNSPECIFIED. ) ;
#1020 = AXIS2_PLACEMENT_3D ( 'NONE', #8041, #6250, #2356 ) ;
#1021 = VERTEX_POINT ( 'NONE', #1768 ) ;
#1022 = AXIS2_PLACEMENT_3D ( 'NONE', #5022, #8168, #5594 ) ;
#1023 = ADVANCED_FACE ( 'NONE', ( #4969 ), #4303, .F. ) ;
#1024 = CARTESIAN_POINT ( 'NONE',  ( 3.165276501905642359, 1.550840826924667404, -0.3961655152405271774 ) ) ;
#1025 = CARTESIAN_POINT ( 'NONE',  ( 2.817391522009111249, 3.050000000000000711, 2.768645697749468226 ) ) ;
#1026 = CARTESIAN_POINT ( 'NONE',  ( 4.499999999999998224, 0.3000000000000024314, 0.6000000000000156319 ) ) ;
#1027 = FACE_OUTER_BOUND ( 'NONE', #5248, .T. ) ;
#1028 = LINE ( 'NONE', #7869, #2166 ) ;
#1029 = ORIENTED_EDGE ( 'NONE', *, *, #673, .F. ) ;
#1030 = CARTESIAN_POINT ( 'NONE',  ( 3.049999999999995826, 0.8088891983536503627, 0.3500000000000110245 ) ) ;
#1031 = ORIENTED_EDGE ( 'NONE', *, *, #615, .T. ) ;
#1032 = CARTESIAN_POINT ( 'NONE',  ( 4.350000000000000533, 0.1800000000000000488, -0.8999999999999848121 ) ) ;
#1033 = ORIENTED_EDGE ( 'NONE', *, *, #6716, .F. ) ;
#1034 = DIRECTION ( 'NONE',  ( -1.000000000000000000, 0.000000000000000000, -3.491481338843132961E-15 ) ) ;
#1035 = ADVANCED_FACE ( 'NONE', ( #7550 ), #1858, .F. ) ;
#1036 = DIRECTION ( 'NONE',  ( 1.000000000000000000, 0.000000000000000000, 3.491481338843133355E-15 ) ) ;
#1037 = CARTESIAN_POINT ( 'NONE',  ( 2.165260368043455230, 3.069708385573829190, -2.404765262612718502 ) ) ;
#1038 = LINE ( 'NONE', #2278, #2142 ) ;
#1039 = EDGE_CURVE ( 'NONE', #7915, #5588, #3759, .T. ) ;
#1040 = DIRECTION ( 'NONE',  ( -3.491481338843133355E-15, 0.000000000000000000, 1.000000000000000000 ) ) ;
#1041 = ORIENTED_EDGE ( 'NONE', *, *, #485, .T. ) ;
#1042 = EDGE_LOOP ( 'NONE', ( #5687, #2718, #4357, #3049, #2002, #3011, #3338, #7877, #5373, #505 ) ) ;
#1043 = ORIENTED_EDGE ( 'NONE', *, *, #7275, .F. ) ;
#1044 = DIRECTION ( 'NONE',  ( 3.491481338843133355E-15, 0.000000000000000000, -1.000000000000000000 ) ) ;
#1045 = LINE ( 'NONE', #1577, #787 ) ;
#1046 = FACE_OUTER_BOUND ( 'NONE', #3849, .T. ) ;
#1047 = LINE ( 'NONE', #7239, #3738 ) ;
#1048 = ORIENTED_EDGE ( 'NONE', *, *, #6853, .F. ) ;
#1049 = ORIENTED_EDGE ( 'NONE', *, *, #6318, .T. ) ;
#1050 = DIRECTION ( 'NONE',  ( 1.000000000000000000, -0.000000000000000000, 3.491481338843133750E-15 ) ) ;
#1051 = CARTESIAN_POINT ( 'NONE',  ( -1.453118335845786868, 2.943676604320290657, -2.644727312053185564 ) ) ;
#1052 = FACE_OUTER_BOUND ( 'NONE', #1516, .T. ) ;
#1053 = VERTEX_POINT ( 'NONE', #6958 ) ;
#1054 = FACE_OUTER_BOUND ( 'NONE', #2985, .T. ) ;
#1055 = CARTESIAN_POINT ( 'NONE',  ( 0.000000000000000000, 2.999999999999999112, 0.000000000000000000 ) ) ;
#1056 = FACE_OUTER_BOUND ( 'NONE', #2418, .T. ) ;
#1057 = DIRECTION ( 'NONE',  ( -1.000000000000000000, 0.000000000000000000, -3.491481338843133355E-15 ) ) ;
#1058 = ORIENTED_EDGE ( 'NONE', *, *, #4278, .T. ) ;
#1059 = DIRECTION ( 'NONE',  ( -3.491481338843133355E-15, 0.000000000000000000, 1.000000000000000000 ) ) ;
#1060 = CIRCLE ( 'NONE', #7682, 0.8000000000000012657 ) ;
#1061 = DIRECTION ( 'NONE',  ( -3.491481338843133355E-15, 3.727710295965419738E-16, 1.000000000000000000 ) ) ;
#1062 = ADVANCED_FACE ( 'NONE', ( #6991 ), #7808, .F. ) ;
#1063 = CARTESIAN_POINT ( 'NONE',  ( 4.500000000000001776, 0.3000000000000024314, -0.5999999999999842126 ) ) ;
#1064 = PLANE ( 'NONE',  #2436 ) ;
#1065 = CARTESIAN_POINT ( 'NONE',  ( 3.504315179701436467, 1.860776205970860131, -0.5999999999999876543 ) ) ;
#1066 = ORIENTED_EDGE ( 'NONE', *, *, #636, .F. ) ;
#1067 = DIRECTION ( 'NONE',  ( 3.491481338843133355E-15, 0.000000000000000000, -1.000000000000000000 ) ) ;
#1068 = EDGE_CURVE ( 'NONE', #2873, #6306, #6402, .T. ) ;
#1069 = VERTEX_POINT ( 'NONE', #7027 ) ;
#1070 = CARTESIAN_POINT ( 'NONE',  ( 3.149999999999999467, 1.634601675995613457, -0.3852439272606589249 ) ) ;
#1071 = AXIS2_PLACEMENT_3D ( 'NONE', #3455, #2828, #5984 ) ;
#1072 = VERTEX_POINT ( 'NONE', #50 ) ;
#1073 = CARTESIAN_POINT ( 'NONE',  ( 3.401316701949484766, 0.2999999999999999334, -0.4999999999999880651 ) ) ;
#1074 = LINE ( 'NONE', #4897, #7467 ) ;
#1075 = DIRECTION ( 'NONE',  ( 0.000000000000000000, 1.000000000000000000, 0.000000000000000000 ) ) ;
#1076 = EDGE_CURVE ( 'NONE', #5289, #524, #937, .T. ) ;
#1077 = FACE_OUTER_BOUND ( 'NONE', #5898, .T. ) ;
#1078 = CARTESIAN_POINT ( 'NONE',  ( -2.369938956239125982, 0.7414642360486761730, -1.796530707429236928 ) ) ;
#1079 = EDGE_CURVE ( 'NONE', #5913, #4265, #7583, .T. ) ;
#1080 = ORIENTED_EDGE ( 'NONE', *, *, #6470, .F. ) ;
#1081 = VERTEX_POINT ( 'NONE', #4538 ) ;
#1082 = ORIENTED_EDGE ( 'NONE', *, *, #3687, .T. ) ;
#1083 = DIRECTION ( 'NONE',  ( -3.491481338843133355E-15, 0.000000000000000000, 1.000000000000000000 ) ) ;
#1084 = EDGE_CURVE ( 'NONE', #4922, #6910, #3130, .T. ) ;
#1085 = VECTOR ( 'NONE', #77, 999.9999999999998863 ) ;
#1086 = CARTESIAN_POINT ( 'NONE',  ( 9.396259648770457162E-15, 1.450000000000002176, -2.600000000000000089 ) ) ;
#1087 = DIRECTION ( 'NONE',  ( -1.000000000000000000, 0.000000000000000000, -3.277319941596422730E-15 ) ) ;
#1088 = DIRECTION ( 'NONE',  ( -0.000000000000000000, -1.000000000000000000, -0.000000000000000000 ) ) ;
#1089 = EDGE_CURVE ( 'NONE', #795, #7028, #3928, .T. ) ;
#1090 = ORIENTED_EDGE ( 'NONE', *, *, #117, .F. ) ;
#1091 = ORIENTED_EDGE ( 'NONE', *, *, #1625, .F. ) ;
#1092 = DIRECTION ( 'NONE',  ( 0.000000000000000000, 1.000000000000000000, 0.000000000000000000 ) ) ;
#1093 = LINE ( 'NONE', #4013, #5345 ) ;
#1094 = CARTESIAN_POINT ( 'NONE',  ( 3.609933337664433776E-15, 0.5499999999997776667, -0.6500000000000013545 ) ) ;
#1095 = VERTEX_POINT ( 'NONE', #4583 ) ;
#1096 = FACE_OUTER_BOUND ( 'NONE', #5114, .T. ) ;
#1097 = DIRECTION ( 'NONE',  ( 0.000000000000000000, 0.000000000000000000, 1.000000000000000000 ) ) ;
#1098 = CARTESIAN_POINT ( 'NONE',  ( 1.442899194636086735, 2.700000000000000178, -2.688765901894645705 ) ) ;
#1099 = VERTEX_POINT ( 'NONE', #5915 ) ;
#1100 = VECTOR ( 'NONE', #5733, 1000.000000000000227 ) ;
#1101 = VERTEX_POINT ( 'NONE', #7116 ) ;
#1102 = AXIS2_PLACEMENT_3D ( 'NONE', #523, #8079, #5015 ) ;
#1103 = AXIS2_PLACEMENT_3D ( 'NONE', #7951, #3976, #5884 ) ;
#1104 = DIRECTION ( 'NONE',  ( -1.000000000000000000, 0.000000000000000000, -3.491481338843133355E-15 ) ) ;
#1105 = DIRECTION ( 'NONE',  ( -0.000000000000000000, -1.000000000000000000, 0.000000000000000000 ) ) ;
#1106 = VERTEX_POINT ( 'NONE', #3964 ) ;
#1107 = CARTESIAN_POINT ( 'NONE',  ( -4.349999999999999645, 0.1499999999999999667, 0.4999999999999848455 ) ) ;
#1108 = AXIS2_PLACEMENT_3D ( 'NONE', #8003, #2850, #5966 ) ;
#1109 = VECTOR ( 'NONE', #4072, 1000.000000000000000 ) ;
#1110 = LINE ( 'NONE', #6882, #3488 ) ;
#1111 = DIRECTION ( 'NONE',  ( -5.595882180570348138E-16, 1.000000000000000000, -1.953791820782619180E-30 ) ) ;
#1112 = ORIENTED_EDGE ( 'NONE', *, *, #2506, .F. ) ;
#1113 = CARTESIAN_POINT ( 'NONE',  ( -4.039999999999996483, 1.850000000000000089, -0.6000000000000140776 ) ) ;
#1114 = CIRCLE ( 'NONE', #6541, 0.6000000000000000888 ) ;
#1115 = VECTOR ( 'NONE', #2602, 1000.000000000000000 ) ;
#1116 = DIRECTION ( 'NONE',  ( -1.000000000000000000, 0.000000000000000000, -4.133965530583266021E-15 ) ) ;
#1117 = VERTEX_POINT ( 'NONE', #6487 ) ;
#1118 = VECTOR ( 'NONE', #3655, 1000.000000000000000 ) ;
#1119 = CARTESIAN_POINT ( 'NONE',  ( -0.3506623262364810256, 1.222558476567801033, -1.224330968289996412E-15 ) ) ;
#1120 = PLANE ( 'NONE',  #6025 ) ;
#1121 = CIRCLE ( 'NONE', #310, 2.599999999999870859 ) ;
#1122 = LINE ( 'NONE', #8055, #8152 ) ;
#1123 = DIRECTION ( 'NONE',  ( -1.000000000000000000, 0.000000000000000000, -3.491481338843133355E-15 ) ) ;
#1125 = DIRECTION ( 'NONE',  ( -1.000000000000000000, 0.000000000000000000, -3.491481338843133355E-15 ) ) ;
#1124 = AXIS2_PLACEMENT_3D ( 'NONE', #7921, #5480, #6100 ) ;
#1126 = AXIS2_PLACEMENT_3D ( 'NONE', #7929, #2284, #7441 ) ;
#1127 = EDGE_LOOP ( 'NONE', ( #3695, #1227, #707, #1492, #2932 ) ) ;
#1128 = VECTOR ( 'NONE', #5542, 1000.000000000000000 ) ;
#1129 = ORIENTED_EDGE ( 'NONE', *, *, #439, .T. ) ;
#1130 = DIRECTION ( 'NONE',  ( -0.7071067811865464625, 0.000000000000000000, 0.7071067811865486830 ) ) ;
#1131 = CYLINDRICAL_SURFACE ( 'NONE', #2287, 0.09999999999999961697 ) ;
#1132 = CARTESIAN_POINT ( 'NONE',  ( 0.000000000000000000, 2.700000000000000178, 0.000000000000000000 ) ) ;
#1133 = CARTESIAN_POINT ( 'NONE',  ( 0.000000000000000000, 2.999999999999999112, 0.000000000000000000 ) ) ;
#1134 = ORIENTED_EDGE ( 'NONE', *, *, #1210, .F. ) ;
#1135 = ORIENTED_EDGE ( 'NONE', *, *, #7481, .F. ) ;
#1136 = LINE ( 'NONE', #6866, #7747 ) ;
#1137 = CARTESIAN_POINT ( 'NONE',  ( 2.642215976589600501, 0.7500000000000000000, 2.099838025433072186 ) ) ;
#1138 = VECTOR ( 'NONE', #4134, 1000.000000000000000 ) ;
#1139 = ORIENTED_EDGE ( 'NONE', *, *, #4336, .T. ) ;
#1140 = PLANE ( 'NONE',  #2700 ) ;
#1141 = EDGE_CURVE ( 'NONE', #7024, #5852, #794, .T. ) ;
#1142 = AXIS2_PLACEMENT_3D ( 'NONE', #6246, #604, #1219 ) ;
#1143 = EDGE_CURVE ( 'NONE', #7918, #6720, #6273, .T. ) ;
#1144 = CARTESIAN_POINT ( 'NONE',  ( 2.793071785686886965, -12.43261838873854686, -2.793071785686841224 ) ) ;
#1145 = ORIENTED_EDGE ( 'NONE', *, *, #3429, .F. ) ;
#1146 = ORIENTED_EDGE ( 'NONE', *, *, #818, .T. ) ;
#1147 = B_SPLINE_CURVE_WITH_KNOTS ( 'NONE', 3,
 ( #4135, #7214, #5431, #7256 ),
 .UNSPECIFIED., .F., .F.,
 ( 4, 4 ),
 ( 0.000000000000000000, 0.9139991345532545441 ),
 .UNSPECIFIED. ) ;
#1148 = DIRECTION ( 'NONE',  ( -3.491481338843133355E-15, 0.000000000000000000, 1.000000000000000000 ) ) ;
#1149 = LINE ( 'NONE', #3052, #2567 ) ;
#1150 = VERTEX_POINT ( 'NONE', #840 ) ;
#1151 = DIRECTION ( 'NONE',  ( -1.000000000000000000, 0.000000000000000000, -3.491481338843133355E-15 ) ) ;
#1152 = CARTESIAN_POINT ( 'NONE',  ( 1.934429877430335676, 2.700000000000000178, 2.293028793823765010 ) ) ;
#1153 = DIRECTION ( 'NONE',  ( 1.000000000000000000, 0.000000000000000000, 3.491481338843133355E-15 ) ) ;
#1154 = ORIENTED_EDGE ( 'NONE', *, *, #6880, .F. ) ;
#1155 = DIRECTION ( 'NONE',  ( 0.000000000000000000, 1.000000000000000000, 0.000000000000000000 ) ) ;
#1156 = AXIS2_PLACEMENT_3D ( 'NONE', #4590, #3848, #5717 ) ;
#1157 = DIRECTION ( 'NONE',  ( 4.206079614184803695E-30, 1.000000000000000000, -1.204669080539449590E-15 ) ) ;
#1158 = ORIENTED_EDGE ( 'NONE', *, *, #4187, .T. ) ;
#1159 = DIRECTION ( 'NONE',  ( 1.000000000000000000, 0.000000000000000000, 3.491481338843133355E-15 ) ) ;
#1160 = DIRECTION ( 'NONE',  ( 3.129769060149946034E-15, 0.5000000000000005551, -0.8660254037844382635 ) ) ;
#1161 = DIRECTION ( 'NONE',  ( 0.4694715627858951912, 0.000000000000000000, -0.8829475928589246569 ) ) ;
#1162 = CARTESIAN_POINT ( 'NONE',  ( -1.934429877430334788, 2.700000000000000178, -2.293028793823765010 ) ) ;
#1163 = CARTESIAN_POINT ( 'NONE',  ( 0.000000000000000000, 2.933493649053888319, 0.000000000000000000 ) ) ;
#1164 = ORIENTED_EDGE ( 'NONE', *, *, #2111, .F. ) ;
#1165 = ORIENTED_EDGE ( 'NONE', *, *, #3979, .F. ) ;
#1166 = DIRECTION ( 'NONE',  ( -1.000000000000000000, 0.000000000000000000, -3.491481338843133355E-15 ) ) ;
#1167 = ORIENTED_EDGE ( 'NONE', *, *, #2302, .T. ) ;
#1168 = DIRECTION ( 'NONE',  ( -1.000000000000000000, 0.000000000000000000, -3.097720492815718784E-15 ) ) ;
#1169 = CARTESIAN_POINT ( 'NONE',  ( 5.299999999999998934, 0.1499999999999999667, -0.2999999999999828915 ) ) ;
#1170 = DIRECTION ( 'NONE',  ( 3.491481338843133355E-15, 0.000000000000000000, -1.000000000000000000 ) ) ;
#1171 = ORIENTED_EDGE ( 'NONE', *, *, #4490, .F. ) ;
#1172 = DIRECTION ( 'NONE',  ( 0.000000000000000000, 1.000000000000000000, 0.000000000000000000 ) ) ;
#1173 = CARTESIAN_POINT ( 'NONE',  ( 3.552499999999996216, 1.880000000000000115, 0.3702839542245501825 ) ) ;
#1174 = ADVANCED_FACE ( 'NONE', ( #215 ), #28, .F. ) ;
#1175 = CARTESIAN_POINT ( 'NONE',  ( -2.503258662110540822, 0.3499999999999999778, 0.5999999999999912070 ) ) ;
#1176 = LINE ( 'NONE', #5009, #1267 ) ;
#1177 = DIRECTION ( 'NONE',  ( 1.000000000000000000, 0.000000000000000000, 3.491481338843133355E-15 ) ) ;
#1178 = EDGE_CURVE ( 'NONE', #296, #7424, #3459, .T. ) ;
#1179 = ORIENTED_EDGE ( 'NONE', *, *, #4591, .T. ) ;
#1180 = VERTEX_POINT ( 'NONE', #7194 ) ;
#1181 = ADVANCED_FACE ( 'NONE', ( #5988 ), #250, .T. ) ;
#1182 = FACE_OUTER_BOUND ( 'NONE', #5395, .T. ) ;
#1183 = CARTESIAN_POINT ( 'NONE',  ( 0.000000000000000000, 3.050000000000000266, 0.000000000000000000 ) ) ;
#1184 = ORIENTED_EDGE ( 'NONE', *, *, #7916, .F. ) ;
#1185 = EDGE_CURVE ( 'NONE', #460, #3184, #6039, .T. ) ;
#1186 = CARTESIAN_POINT ( 'NONE',  ( 3.401316701949480326, 0.2999999999999999334, 0.8000000000000118128 ) ) ;
#1187 = DIRECTION ( 'NONE',  ( -1.000000000000000000, 0.000000000000000000, -3.491481338843133355E-15 ) ) ;
#1188 = ORIENTED_EDGE ( 'NONE', *, *, #2221, .T. ) ;
#1189 = EDGE_CURVE ( 'NONE', #7160, #5332, #4741, .T. ) ;
#1190 = DIRECTION ( 'NONE',  ( 0.4305110968082909162, 0.9025852843498627376, 1.503121460671037420E-15 ) ) ;
#1191 = ORIENTED_EDGE ( 'NONE', *, *, #7052, .T. ) ;
#1192 = VECTOR ( 'NONE', #2463, 1000.000000000000000 ) ;
#1193 = CARTESIAN_POINT ( 'NONE',  ( 3.249999999999998668, 0.000000000000000000, -0.3499999999999903744 ) ) ;
#1194 = ORIENTED_EDGE ( 'NONE', *, *, #394, .F. ) ;
#1195 = CARTESIAN_POINT ( 'NONE',  ( 0.000000000000000000, 2.700000000000000178, 0.000000000000000000 ) ) ;
#1196 = CARTESIAN_POINT ( 'NONE',  ( -8.267931061166536775E-15, 0.3500000000000000333, 2.000000000000001332 ) ) ;
#1197 = ADVANCED_FACE ( 'NONE', ( #8033 ), #5372, .T. ) ;
#1198 = CARTESIAN_POINT ( 'NONE',  ( -0.4116481392982861975, 0.9598720528865757329, 0.5978924212803896632 ) ) ;
#1199 = LINE ( 'NONE', #6727, #1609 ) ;
#1200 = EDGE_CURVE ( 'NONE', #1095, #558, #6080, .T. ) ;
#1201 = CARTESIAN_POINT ( 'NONE',  ( 4.200000000000000178, 0.3000000000000025424, -0.5999999999999853229 ) ) ;
#1202 = ORIENTED_EDGE ( 'NONE', *, *, #2640, .F. ) ;
#1203 = ORIENTED_EDGE ( 'NONE', *, *, #7813, .F. ) ;
#1204 = CARTESIAN_POINT ( 'NONE',  ( -2.817392449966611867, 2.700000000000000178, 2.768644769791966276 ) ) ;
#1205 = VERTEX_POINT ( 'NONE', #6651 ) ;
#1206 = CARTESIAN_POINT ( 'NONE',  ( 0.000000000000000000, 0.7500000000000000000, 0.000000000000000000 ) ) ;
#1207 = AXIS2_PLACEMENT_3D ( 'NONE', #5165, #7617, #3375 ) ;
#1208 = DIRECTION ( 'NONE',  ( 0.000000000000000000, 1.000000000000000000, 0.000000000000000000 ) ) ;
#1209 = CARTESIAN_POINT ( 'NONE',  ( 4.194999999999995843, 1.685000000000000275, 0.4000000000000146216 ) ) ;
#1210 = EDGE_CURVE ( 'NONE', #2664, #8160, #5084, .T. ) ;
#1211 = ORIENTED_EDGE ( 'NONE', *, *, #7980, .T. ) ;
#1212 = DIRECTION ( 'NONE',  ( -3.491481338843133355E-15, 3.753007520142316988E-16, 1.000000000000000000 ) ) ;
#1213 = PLANE ( 'NONE',  #5228 ) ;
#1214 = EDGE_CURVE ( 'NONE', #6391, #4866, #4211, .T. ) ;
#1215 = DIRECTION ( 'NONE',  ( 1.000000000000000000, 0.000000000000000000, 3.252606517456511724E-15 ) ) ;
#1216 = ADVANCED_FACE ( 'NONE', ( #1052 ), #2176, .T. ) ;
#1217 = EDGE_CURVE ( 'NONE', #299, #898, #4702, .T. ) ;
#1218 = LINE ( 'NONE', #5672, #5906 ) ;
#1219 = DIRECTION ( 'NONE',  ( 1.000000000000000000, 0.000000000000000000, 3.491481338843133355E-15 ) ) ;
#1220 = ORIENTED_EDGE ( 'NONE', *, *, #5558, .F. ) ;
#1221 = ORIENTED_EDGE ( 'NONE', *, *, #5636, .T. ) ;
#1222 = DIRECTION ( 'NONE',  ( -0.4305110968082906941, -0.9025852843498627376, -1.503121460671036632E-15 ) ) ;
#1223 = PLANE ( 'NONE',  #1102 ) ;
#1224 = CARTESIAN_POINT ( 'NONE',  ( -4.195000000000001172, 1.850000000000000089, 0.5999999999999853229 ) ) ;
#1225 = DIRECTION ( 'NONE',  ( -1.000000000000000000, 0.000000000000000000, -1.326144395554451407E-14 ) ) ;
#1226 = CARTESIAN_POINT ( 'NONE',  ( 4.349999999999994316, 0.1800000000000000488, 0.8000000000000151434 ) ) ;
#1227 = ORIENTED_EDGE ( 'NONE', *, *, #6268, .T. ) ;
#1228 = CARTESIAN_POINT ( 'NONE',  ( 3.986143571373706340, 0.5843145750507620084, 1.600000000000017630 ) ) ;
#1229 = AXIS2_PLACEMENT_3D ( 'NONE', #2733, #663, #7676 ) ;
#1230 = EDGE_CURVE ( 'NONE', #2656, #6808, #7176, .T. ) ;
#1231 = AXIS2_PLACEMENT_3D ( 'NONE', #4344, #3098, #8163 ) ;
#1232 = ORIENTED_EDGE ( 'NONE', *, *, #258, .F. ) ;
#1233 = ADVANCED_FACE ( 'NONE', ( #918 ), #340, .F. ) ;
#1234 = ORIENTED_EDGE ( 'NONE', *, *, #3124, .F. ) ;
#1235 = VECTOR ( 'NONE', #3438, 1000.000000000000227 ) ;
#1236 = DIRECTION ( 'NONE',  ( -1.000000000000000000, 0.000000000000000000, -3.491481338843133355E-15 ) ) ;
#1237 = DIRECTION ( 'NONE',  ( 1.000000000000000000, 6.262539624465017671E-16, 3.491481338843133355E-15 ) ) ;
#1238 = ORIENTED_EDGE ( 'NONE', *, *, #885, .T. ) ;
#1239 = CARTESIAN_POINT ( 'NONE',  ( -5.200000000000001066, 0.1499999999999999944, 0.5999999999999818812 ) ) ;
#1240 = AXIS2_PLACEMENT_3D ( 'NONE', #4352, #1740, #3704 ) ;
#1241 = EDGE_CURVE ( 'NONE', #337, #1447, #7318, .T. ) ;
#1242 = DIRECTION ( 'NONE',  ( 0.000000000000000000, 1.000000000000000000, 0.000000000000000000 ) ) ;
#1243 = ADVANCED_FACE ( 'NONE', ( #4169 ), #6118, .T. ) ;
#1244 = VECTOR ( 'NONE', #4261, 1000.000000000000000 ) ;
#1245 = CARTESIAN_POINT ( 'NONE',  ( 2.092844953645626394, 0.7500000000000000000, 3.350000000000007638 ) ) ;
#1246 = ORIENTED_EDGE ( 'NONE', *, *, #2712, .T. ) ;
#1247 = VECTOR ( 'NONE', #3212, 1000.000000000000000 ) ;
#1248 = ORIENTED_EDGE ( 'NONE', *, *, #3385, .F. ) ;
#1249 = EDGE_CURVE ( 'NONE', #757, #7366, #5458, .T. ) ;
#1250 = DIRECTION ( 'NONE',  ( 0.000000000000000000, 1.000000000000000000, 0.000000000000000000 ) ) ;
#1251 = VECTOR ( 'NONE', #516, 1000.000000000000000 ) ;
#1252 = DIRECTION ( 'NONE',  ( 1.000000000000000000, 0.000000000000000000, 2.848997147103001084E-15 ) ) ;
#1253 = AXIS2_PLACEMENT_3D ( 'NONE', #1742, #1706, #5067 ) ;
#1254 = CARTESIAN_POINT ( 'NONE',  ( 1.169646248512449832E-14, 0.7500000000000000000, -3.350000000000000089 ) ) ;
#1255 = VECTOR ( 'NONE', #3203, 1000.000000000000000 ) ;
#1256 = CARTESIAN_POINT ( 'NONE',  ( 3.049999999999998490, 0.000000000000000000, -0.3499999999999910405 ) ) ;
#1257 = EDGE_CURVE ( 'NONE', #6124, #7622, #2962, .T. ) ;
#1258 = VECTOR ( 'NONE', #992, 1000.000000000000000 ) ;
#1259 = ORIENTED_EDGE ( 'NONE', *, *, #6747, .T. ) ;
#1260 = VERTEX_POINT ( 'NONE', #6164 ) ;
#1261 = B_SPLINE_CURVE_WITH_KNOTS ( 'NONE', 3,
 ( #3637, #551, #3085, #6824 ),
 .UNSPECIFIED., .F., .F.,
 ( 4, 4 ),
 ( 0.000000000000000000, 0.0001929670611091154596 ),
 .UNSPECIFIED. ) ;
#1262 = CARTESIAN_POINT ( 'NONE',  ( -2.351707295243457379E-31, 0.5499999999997785549, 6.735557395310814760E-17 ) ) ;
#1263 = VECTOR ( 'NONE', #5167, 1000.000000000000000 ) ;
#1264 = LINE ( 'NONE', #5548, #2202 ) ;
#1265 = ORIENTED_EDGE ( 'NONE', *, *, #4181, .T. ) ;
#1266 = VERTEX_POINT ( 'NONE', #1094 ) ;
#1267 = VECTOR ( 'NONE', #2307, 1000.000000000000000 ) ;
#1268 = CARTESIAN_POINT ( 'NONE',  ( -2.503258662110536381, 0.1500000000000000222, -0.6000000000000087486 ) ) ;
#1269 = PLANE ( 'NONE',  #3482 ) ;
#1270 = VERTEX_POINT ( 'NONE', #3640 ) ;
#1271 = CARTESIAN_POINT ( 'NONE',  ( -2.134476815985793419, 3.043147215156292607, 2.370576664446630399 ) ) ;
#1272 = AXIS2_PLACEMENT_3D ( 'NONE', #3430, #5959, #1057 ) ;
#1273 = PLANE ( 'NONE',  #29 ) ;
#1274 = FACE_OUTER_BOUND ( 'NONE', #1653, .T. ) ;
#1275 = ORIENTED_EDGE ( 'NONE', *, *, #7582, .F. ) ;
#1276 = DIRECTION ( 'NONE',  ( -1.000000000000000000, 0.000000000000000000, -3.491481338843133355E-15 ) ) ;
#1277 = VERTEX_POINT ( 'NONE', #473 ) ;
#1278 = VERTEX_POINT ( 'NONE', #2349 ) ;
#1279 = ORIENTED_EDGE ( 'NONE', *, *, #7723, .F. ) ;
#1280 = CYLINDRICAL_SURFACE ( 'NONE', #2845, 0.2000000000000000944 ) ;
#1281 = CARTESIAN_POINT ( 'NONE',  ( -1.955884509120591863, 2.933493649053892316, 2.274929378472904773 ) ) ;
#1282 = DIRECTION ( 'NONE',  ( 0.4694715627858951912, 0.000000000000000000, -0.8829475928589246569 ) ) ;
#1283 = CARTESIAN_POINT ( 'NONE',  ( 2.817339274159013751, 2.700000000000000178, 2.768591593984414789 ) ) ;
#1284 = ORIENTED_EDGE ( 'NONE', *, *, #344, .F. ) ;
#1285 = AXIS2_PLACEMENT_3D ( 'NONE', #1976, #3261, #1276 ) ;
#1286 = EDGE_CURVE ( 'NONE', #2744, #3810, #7410, .T. ) ;
#1287 = EDGE_LOOP ( 'NONE', ( #628, #6895, #5985, #6992, #6338, #254, #3423 ) ) ;
#1288 = LINE ( 'NONE', #6232, #6826 ) ;
#1289 = ORIENTED_EDGE ( 'NONE', *, *, #1286, .F. ) ;
#1290 = ADVANCED_FACE ( 'NONE', ( #6779 ), #5544, .F. ) ;
#1291 = CARTESIAN_POINT ( 'NONE',  ( -0.1123487072884591931, 0.2926783887896521330, 0.3999999999999995781 ) ) ;
#1292 = EDGE_CURVE ( 'NONE', #6868, #3861, #3343, .T. ) ;
#1293 = DIRECTION ( 'NONE',  ( -0.4305110968082898060, 0.9025852843498631817, -1.503121460671033279E-15 ) ) ;
#1294 = CARTESIAN_POINT ( 'NONE',  ( -9.289924028316492493E-16, 0.5499999999997776667, 0.6500000000000013545 ) ) ;
#1295 = PRODUCT ( '1376164-1', '1376164-1', '', ( #6121 ) ) ;
#1296 = ORIENTED_EDGE ( 'NONE', *, *, #7019, .F. ) ;
#1297 = ORIENTED_EDGE ( 'NONE', *, *, #421, .F. ) ;
#1298 = PLANE ( 'NONE',  #6771 ) ;
#1299 = EDGE_CURVE ( 'NONE', #7501, #1397, #225, .T. ) ;
#1300 = ORIENTED_EDGE ( 'NONE', *, *, #3312, .T. ) ;
#1301 = VERTEX_POINT ( 'NONE', #3224 ) ;
#1302 = EDGE_LOOP ( 'NONE', ( #2629, #120, #6190 ) ) ;
#1303 = CARTESIAN_POINT ( 'NONE',  ( 2.017712673449687966, 2.955459681652429449, 2.271246528709675694 ) ) ;
#1304 = ORIENTED_EDGE ( 'NONE', *, *, #3572, .T. ) ;
#1305 = LINE ( 'NONE', #5753, #166 ) ;
#1306 = FACE_OUTER_BOUND ( 'NONE', #6584, .T. ) ;
#1307 = CARTESIAN_POINT ( 'NONE',  ( -1.493128252873614059, 2.933493649053891872, -2.602031517962570817 ) ) ;
#1308 = ORIENTED_EDGE ( 'NONE', *, *, #1320, .F. ) ;
#1309 = CARTESIAN_POINT ( 'NONE',  ( 4.499999999999998224, 0.3000000000000024314, 0.6000000000000156319 ) ) ;
#1310 = AXIS2_PLACEMENT_3D ( 'NONE', #804, #1945, #7037 ) ;
#1311 = ORIENTED_EDGE ( 'NONE', *, *, #2342, .T. ) ;
#1312 = ORIENTED_EDGE ( 'NONE', *, *, #6001, .T. ) ;
#1313 = CARTESIAN_POINT ( 'NONE',  ( 2.038696033394364004, 2.966050303359525131, -2.277114068754797938 ) ) ;
#1314 = ADVANCED_FACE ( 'NONE', ( #3940 ), #7162, .F. ) ;
#1315 = DIRECTION ( 'NONE',  ( -3.491481338843133355E-15, 0.000000000000000000, 1.000000000000000000 ) ) ;
#1316 = LINE ( 'NONE', #4557, #450 ) ;
#1317 = LINE ( 'NONE', #7041, #960 ) ;
#1318 = VECTOR ( 'NONE', #1796, 1000.000000000000000 ) ;
#1319 = CARTESIAN_POINT ( 'NONE',  ( -5.300000000000000711, -0.6082762530298218007, -0.3000000000000198619 ) ) ;
#1320 = EDGE_CURVE ( 'NONE', #6695, #7622, #181, .T. ) ;
#1321 = ORIENTED_EDGE ( 'NONE', *, *, #2938, .T. ) ;
#1322 = ORIENTED_EDGE ( 'NONE', *, *, #1444, .F. ) ;
#1323 = LINE ( 'NONE', #3860, #3890 ) ;
#1324 = VERTEX_POINT ( 'NONE', #6498 ) ;
#1325 = CARTESIAN_POINT ( 'NONE',  ( -4.529384319090804745, 0.1834367172890583597, -0.8000000000000158096 ) ) ;
#1326 = CARTESIAN_POINT ( 'NONE',  ( -4.349999999999995204, 0.2999999999999999334, -0.8000000000000151434 ) ) ;
#1327 = CARTESIAN_POINT ( 'NONE',  ( 3.249999999999999112, 0.000000000000000000, -0.5499999999999902744 ) ) ;
#1328 = ADVANCED_FACE ( 'NONE', ( #4596 ), #2637, .T. ) ;
#1329 = EDGE_CURVE ( 'NONE', #3997, #7258, #2016, .T. ) ;
#1330 = ORIENTED_EDGE ( 'NONE', *, *, #1217, .F. ) ;
#1331 = EDGE_CURVE ( 'NONE', #5709, #2652, #5142, .T. ) ;
#1332 = ORIENTED_EDGE ( 'NONE', *, *, #7828, .T. ) ;
#1333 = DIRECTION ( 'NONE',  ( 0.000000000000000000, 1.000000000000000000, 0.000000000000000000 ) ) ;
#1334 = VECTOR ( 'NONE', #1672, 1000.000000000000000 ) ;
#1335 = EDGE_CURVE ( 'NONE', #6105, #299, #6543, .T. ) ;
#1336 = CARTESIAN_POINT ( 'NONE',  ( 1.584466524402375232, 2.700000000000000178, 2.979948125898882250 ) ) ;
#1337 = ADVANCED_FACE ( 'NONE', ( #5297 ), #7660, .F. ) ;
#1338 = ORIENTED_EDGE ( 'NONE', *, *, #4259, .F. ) ;
#1339 = CARTESIAN_POINT ( 'NONE',  ( 2.817392449966607426, 2.700000000000000178, -2.768644769791969829 ) ) ;
#1340 = CARTESIAN_POINT ( 'NONE',  ( 1.942111233446767615, 2.933493649053888319, 2.286548698755884512 ) ) ;
#1341 = VERTEX_POINT ( 'NONE', #768 ) ;
#1342 = CARTESIAN_POINT ( 'NONE',  ( 1.584466524402375898, 0.7500000000000000000, 2.979948125898882250 ) ) ;
#1343 = CARTESIAN_POINT ( 'NONE',  ( 3.534345711646068366, 1.880000000000000338, -0.3691367858594570284 ) ) ;
#1344 = CARTESIAN_POINT ( 'NONE',  ( -2.973634140239852730, 0.7500000000000000000, 1.999999999999993117 ) ) ;
#1345 = EDGE_LOOP ( 'NONE', ( #5541, #4199, #6180, #2603, #251, #543, #1747, #3636 ) ) ;
#1346 = CARTESIAN_POINT ( 'NONE',  ( -2.973634140239836299, 0.7500000000000000000, -2.600000000000007638 ) ) ;
#1347 = DIRECTION ( 'NONE',  ( 4.206079614184803695E-30, 1.000000000000000000, -1.204669080539449590E-15 ) ) ;
#1348 = EDGE_CURVE ( 'NONE', #4330, #5852, #5802, .T. ) ;
#1349 = EDGE_LOOP ( 'NONE', ( #7189, #570, #3099, #4742 ) ) ;
#1350 = DIRECTION ( 'NONE',  ( 0.000000000000000000, -1.000000000000000000, 0.000000000000000000 ) ) ;
#1351 = CARTESIAN_POINT ( 'NONE',  ( 3.149999999999996358, 1.634601675995613457, 0.3852439272606809628 ) ) ;
#1352 = CARTESIAN_POINT ( 'NONE',  ( -1.454604435350174807, 2.700000000000000178, -2.735713058173244505 ) ) ;
#1353 = CARTESIAN_POINT ( 'NONE',  ( -5.199999999999998401, 0.000000000000000000, -0.6000000000000180744 ) ) ;
#1354 = FACE_OUTER_BOUND ( 'NONE', #1042, .T. ) ;
#1355 = VECTOR ( 'NONE', #4924, 999.9999999999998863 ) ;
#1356 = CIRCLE ( 'NONE', #157, 0.9999999999999931166 ) ;
#1357 = ORIENTED_EDGE ( 'NONE', *, *, #2482, .F. ) ;
#1358 = CARTESIAN_POINT ( 'NONE',  ( -1.462902851344324517, 2.937927653622216528, 2.627953978416150083 ) ) ;
#1359 = TOROIDAL_SURFACE ( 'NONE', #3351, 0.5999999999999935385, 0.4000000000000000222 ) ;
#1360 = ORIENTED_EDGE ( 'NONE', *, *, #3366, .F. ) ;
#1361 = AXIS2_PLACEMENT_3D ( 'NONE', #2939, #1530, #994 ) ;
#1362 = CARTESIAN_POINT ( 'NONE',  ( -0.08099557433221533931, 0.2110006849814482222, 0.5999999999999997558 ) ) ;
#1363 = DIRECTION ( 'NONE',  ( 0.4694715627858889184, 0.000000000000000000, 0.8829475928589278766 ) ) ;
#1364 = ORIENTED_EDGE ( 'NONE', *, *, #4397, .T. ) ;
#1365 = VECTOR ( 'NONE', #6492, 1000.000000000000000 ) ;
#1366 = DIRECTION ( 'NONE',  ( 2.848997147103001084E-15, 0.000000000000000000, -1.000000000000000000 ) ) ;
#1367 = AXIS2_PLACEMENT_3D ( 'NONE', #823, #946, #2242 ) ;
#1368 = DIRECTION ( 'NONE',  ( -3.491481338843133355E-15, 3.753007520142316988E-16, 1.000000000000000000 ) ) ;
#1369 = DIRECTION ( 'NONE',  ( 1.000000000000000000, 0.000000000000000000, 3.614007241618338910E-15 ) ) ;
#1370 = AXIS2_PLACEMENT_3D ( 'NONE', #3975, #7662, #6422 ) ;
#1371 = ORIENTED_EDGE ( 'NONE', *, *, #5346, .T. ) ;
#1372 = CIRCLE ( 'NONE', #5762, 3.000000000000001776 ) ;
#1373 = ORIENTED_EDGE ( 'NONE', *, *, #6486, .F. ) ;
#1374 = LINE ( 'NONE', #5242, #7620 ) ;
#1375 = CIRCLE ( 'NONE', #6155, 3.950000000000000178 ) ;
#1376 = CIRCLE ( 'NONE', #3906, 0.1999999999999996503 ) ;
#1377 = CARTESIAN_POINT ( 'NONE',  ( 2.134476815985820952, 3.043147215156305929, 2.370576664446644610 ) ) ;
#1378 = VECTOR ( 'NONE', #7521, 1000.000000000000000 ) ;
#1379 = ORIENTED_EDGE ( 'NONE', *, *, #8007, .F. ) ;
#1380 = VECTOR ( 'NONE', #1912, 1000.000000000000000 ) ;
#1381 = AXIS2_PLACEMENT_3D ( 'NONE', #6359, #6905, #4487 ) ;
#1382 = ORIENTED_EDGE ( 'NONE', *, *, #3060, .F. ) ;
#1383 = ORIENTED_EDGE ( 'NONE', *, *, #8182, .F. ) ;
#1384 = CARTESIAN_POINT ( 'NONE',  ( 2.633093459898333766, 0.8366626608530571829, 1.656188988984980792 ) ) ;
#1385 = ORIENTED_EDGE ( 'NONE', *, *, #6208, .F. ) ;
#1386 = ADVANCED_FACE ( 'NONE', ( #95 ), #5836, .F. ) ;
#1387 = AXIS2_PLACEMENT_3D ( 'NONE', #4701, #3551, #6614 ) ;
#1388 = PLANE ( 'NONE',  #2037 ) ;
#1389 = EDGE_CURVE ( 'NONE', #6383, #5329, #5261, .T. ) ;
#1390 = FACE_OUTER_BOUND ( 'NONE', #8211, .T. ) ;
#1391 = VERTEX_POINT ( 'NONE', #7085 ) ;
#1392 = CARTESIAN_POINT ( 'NONE',  ( -5.300000000000002487, -0.6082762530298218007, 0.2999999999999800604 ) ) ;
#1393 = EDGE_CURVE ( 'NONE', #3490, #4201, #3417, .T. ) ;
#1394 = ORIENTED_EDGE ( 'NONE', *, *, #6466, .F. ) ;
#1395 = VERTEX_POINT ( 'NONE', #1690 ) ;
#1396 = UNCERTAINTY_MEASURE_WITH_UNIT (LENGTH_MEASURE( 1.000000000000000082E-05 ), #7506, 'distance_accuracy_value', 'NONE');
#1397 = VERTEX_POINT ( 'NONE', #6663 ) ;
#1398 = CARTESIAN_POINT ( 'NONE',  ( 1.960029227186078415, 2.936181402197361567, -2.277331563616380006 ) ) ;
#1399 = FACE_OUTER_BOUND ( 'NONE', #6532, .T. ) ;
#1400 = DIRECTION ( 'NONE',  ( 0.000000000000000000, 1.000000000000000000, 0.000000000000000000 ) ) ;
#1401 = AXIS2_PLACEMENT_3D ( 'NONE', #173, #7815, #7248 ) ;
#1402 = CARTESIAN_POINT ( 'NONE',  ( 3.609925872050837370, 0.3924896151364117292, -0.3999999999999873102 ) ) ;
#1403 = DIRECTION ( 'NONE',  ( -0.000000000000000000, -1.000000000000000000, -0.000000000000000000 ) ) ;
#1404 = CARTESIAN_POINT ( 'NONE',  ( -1.442435138372540893, 2.960461804438641042, 2.683629697105312850 ) ) ;
#1405 = VERTEX_POINT ( 'NONE', #2227 ) ;
#1406 = CARTESIAN_POINT ( 'NONE',  ( 5.200000000000001066, 0.000000000000000000, -0.2999999999999832245 ) ) ;
#1407 = CARTESIAN_POINT ( 'NONE',  ( 3.336666698836463496, 1.522918315548257517, 0.6000000000000116351 ) ) ;
#1408 = ORIENTED_EDGE ( 'NONE', *, *, #3213, .T. ) ;
#1409 = LINE ( 'NONE', #147, #2678 ) ;
#1410 = CYLINDRICAL_SURFACE ( 'NONE', #3467, 0.2999999999999994893 ) ;
#1411 = CARTESIAN_POINT ( 'NONE',  ( 3.986143571373717442, 0.6999999999999999556, -1.599999999999990097 ) ) ;
#1412 = AXIS2_PLACEMENT_3D ( 'NONE', #1889, #1148, #4923 ) ;
#1413 = AXIS2_PLACEMENT_3D ( 'NONE', #5520, #1190, #1775 ) ;
#1414 = VERTEX_POINT ( 'NONE', #1024 ) ;
#1415 = CARTESIAN_POINT ( 'NONE',  ( 0.000000000000000000, 3.050000000000000266, 0.000000000000000000 ) ) ;
#1416 = LINE ( 'NONE', #7063, #2406 ) ;
#1417 = VERTEX_POINT ( 'NONE', #4847 ) ;
#1418 = ORIENTED_EDGE ( 'NONE', *, *, #7730, .F. ) ;
#1419 = ADVANCED_FACE ( 'NONE', ( #1645 ), #4797, .F. ) ;
#1420 = ORIENTED_EDGE ( 'NONE', *, *, #1949, .F. ) ;
#1421 = CARTESIAN_POINT ( 'NONE',  ( 1.978772094552655458, 2.940518207628539216, 2.271050646219901825 ) ) ;
#1422 = VERTEX_POINT ( 'NONE', #259 ) ;
#1423 = CARTESIAN_POINT ( 'NONE',  ( 1.460868660871026181, 2.933493649053888319, -2.620543095517541055 ) ) ;
#1425 = ADVANCED_FACE ( 'NONE', ( #4218 ), #5427, .T. ) ;
#1424 = LINE ( 'NONE', #3258, #2306 ) ;
#1426 = EDGE_LOOP ( 'NONE', ( #7946, #5052, #3851, #6160, #6048, #2687, #4151, #1364, #3972, #7455, #6828, #1932 ) ) ;
#1427 = CARTESIAN_POINT ( 'NONE',  ( -4.349999999999994316, 0.1800000000000000488, -0.9000000000000151212 ) ) ;
#1428 = ORIENTED_EDGE ( 'NONE', *, *, #7485, .T. ) ;
#1429 = EDGE_CURVE ( 'NONE', #1833, #5284, #1573, .T. ) ;
#1430 = AXIS2_PLACEMENT_3D ( 'NONE', #3128, #3750, #5493 ) ;
#1431 = EDGE_CURVE ( 'NONE', #635, #2905, #1557, .T. ) ;
#1432 = ORIENTED_EDGE ( 'NONE', *, *, #6820, .F. ) ;
#1433 = CARTESIAN_POINT ( 'NONE',  ( 0.000000000000000000, 2.700000000000000178, 0.000000000000000000 ) ) ;
#1434 = CYLINDRICAL_SURFACE ( 'NONE', #6929, 0.3000000000000007661 ) ;
#1435 = EDGE_CURVE ( 'NONE', #872, #6988, #892, .T. ) ;
#1436 = CARTESIAN_POINT ( 'NONE',  ( 3.300883664653603500, 1.646940118482768556, -0.3917112505319998439 ) ) ;
#1437 = DIRECTION ( 'NONE',  ( 0.000000000000000000, 1.000000000000000000, 0.000000000000000000 ) ) ;
#1438 = CARTESIAN_POINT ( 'NONE',  ( 2.973634140239837187, 0.000000000000000000, 2.600000000000007194 ) ) ;
#1439 = CARTESIAN_POINT ( 'NONE',  ( -2.649999999999999467, 0.6515628146256435826, 0.2165198906847743965 ) ) ;
#1440 = EDGE_CURVE ( 'NONE', #1278, #1180, #4894, .T. ) ;
#1441 = ORIENTED_EDGE ( 'NONE', *, *, #7067, .T. ) ;
#1442 = CARTESIAN_POINT ( 'NONE',  ( -1.442512177557674358, 2.966050303359528240, 2.694566498770583962 ) ) ;
#1443 = ORIENTED_EDGE ( 'NONE', *, *, #8095, .F. ) ;
#1444 = EDGE_CURVE ( 'NONE', #8160, #1324, #7112, .T. ) ;
#1445 = CYLINDRICAL_SURFACE ( 'NONE', #3767, 1.000000000000000000 ) ;
#1446 = CARTESIAN_POINT ( 'NONE',  ( -2.650000000000000799, 0.000000000000000000, 0.6499999999999932498 ) ) ;
#1447 = VERTEX_POINT ( 'NONE', #3604 ) ;
#1448 = DIRECTION ( 'NONE',  ( -0.000000000000000000, -1.000000000000000000, -0.000000000000000000 ) ) ;
#1449 = CARTESIAN_POINT ( 'NONE',  ( 0.000000000000000000, 3.050000000000000266, 0.000000000000000000 ) ) ;
#1450 = CARTESIAN_POINT ( 'NONE',  ( 2.971635679190022472, 0.3500000000000000333, -1.599999999999992983 ) ) ;
#1451 = ORIENTED_EDGE ( 'NONE', *, *, #580, .T. ) ;
#1452 = AXIS2_PLACEMENT_3D ( 'NONE', #912, #7238, #5983 ) ;
#1453 = ORIENTED_EDGE ( 'NONE', *, *, #7385, .T. ) ;
#1454 = LINE ( 'NONE', #5282, #6624 ) ;
#1455 = DIRECTION ( 'NONE',  ( 1.000000000000000000, 0.000000000000000000, 3.491481338843133355E-15 ) ) ;
#1456 = EDGE_LOOP ( 'NONE', ( #6115, #2748, #3196, #4807 ) ) ;
#1457 = ORIENTED_EDGE ( 'NONE', *, *, #309, .T. ) ;
#1458 = EDGE_CURVE ( 'NONE', #7207, #363, #6749, .T. ) ;
#1459 = EDGE_LOOP ( 'NONE', ( #3622, #3621, #6488, #816 ) ) ;
#1460 = CARTESIAN_POINT ( 'NONE',  ( 2.858967554800447175, 1.044169234246763223, 1.605587121104088855 ) ) ;
#1461 = CARTESIAN_POINT ( 'NONE',  ( 4.200000000000000178, 0.3000000000000025424, -0.5999999999999853229 ) ) ;
#1462 = LINE ( 'NONE', #1941, #4683 ) ;
#1463 = ORIENTED_EDGE ( 'NONE', *, *, #1444, .T. ) ;
#1464 = LINE ( 'NONE', #3465, #736 ) ;
#1465 = CARTESIAN_POINT ( 'NONE',  ( 4.349999999999999645, 0.3000000000000024314, -0.5999999999999847677 ) ) ;
#1466 = ORIENTED_EDGE ( 'NONE', *, *, #1816, .T. ) ;
#1467 = ORIENTED_EDGE ( 'NONE', *, *, #1079, .F. ) ;
#1468 = ORIENTED_EDGE ( 'NONE', *, *, #1320, .T. ) ;
#1469 = DIRECTION ( 'NONE',  ( 4.206079614184803695E-30, 1.000000000000000000, -1.204669080539449590E-15 ) ) ;
#1470 = CARTESIAN_POINT ( 'NONE',  ( 2.837649919958285416, 0.7101622962472858847, 1.828086510217459493 ) ) ;
#1471 = CARTESIAN_POINT ( 'NONE',  ( 3.150035030069893605, 1.637279506272255825, 0.3848077530122192003 ) ) ;
#1472 = VECTOR ( 'NONE', #8097, 1000.000000000000114 ) ;
#1473 = DIRECTION ( 'NONE',  ( 1.000000000000000000, 0.000000000000000000, 3.614007241618349165E-15 ) ) ;
#1474 = LINE ( 'NONE', #2762, #68 ) ;
#1475 = LINE ( 'NONE', #1353, #4945 ) ;
#1476 = ADVANCED_FACE ( 'NONE', ( #2188 ), #4090, .T. ) ;
#1477 = DIRECTION ( 'NONE',  ( 0.000000000000000000, 1.000000000000000000, 0.000000000000000000 ) ) ;
#1478 = AXIS2_PLACEMENT_3D ( 'NONE', #6353, #3322, #632 ) ;
#1479 = CARTESIAN_POINT ( 'NONE',  ( 3.049999999999998046, 0.7984470950255906363, -0.2337167737522657940 ) ) ;
#1480 = ORIENTED_EDGE ( 'NONE', *, *, #640, .T. ) ;
#1481 = LINE ( 'NONE', #5153, #7341 ) ;
#1482 = CIRCLE ( 'NONE', #7845, 2.948711915483249513 ) ;
#1483 = EDGE_CURVE ( 'NONE', #26, #4830, #5668, .T. ) ;
#1484 = LINE ( 'NONE', #4029, #5626 ) ;
#1485 = DIRECTION ( 'NONE',  ( 0.000000000000000000, 1.000000000000000000, 0.000000000000000000 ) ) ;
#1486 = EDGE_CURVE ( 'NONE', #701, #7151, #7947, .T. ) ;
#1487 = DIRECTION ( 'NONE',  ( -1.000000000000000000, 0.000000000000000000, -3.523657060577895721E-15 ) ) ;
#1488 = PLANE ( 'NONE',  #4417 ) ;
#1489 = AXIS2_PLACEMENT_3D ( 'NONE', #703, #196, #5779 ) ;
#1490 = VECTOR ( 'NONE', #6090, 1000.000000000000000 ) ;
#1491 = EDGE_CURVE ( 'NONE', #4739, #690, #4058, .T. ) ;
#1492 = ORIENTED_EDGE ( 'NONE', *, *, #5394, .F. ) ;
#1493 = VERTEX_POINT ( 'NONE', #4751 ) ;
#1494 = CARTESIAN_POINT ( 'NONE',  ( -3.986143571373717442, 0.5843145750507617864, 1.599999999999989875 ) ) ;
#1495 = VECTOR ( 'NONE', #6006, 1000.000000000000000 ) ;
#1496 = CIRCLE ( 'NONE', #3353, 0.3000000000000007661 ) ;
#1497 = DIRECTION ( 'NONE',  ( 1.000000000000000000, -3.872150616019658341E-17, 3.491481338843133355E-15 ) ) ;
#1498 = CARTESIAN_POINT ( 'NONE',  ( 3.113868426172632375, 0.8837082545973329317, -0.4987380397920278541 ) ) ;
#1499 = CIRCLE ( 'NONE', #4551, 3.425000000000000266 ) ;
#1500 = DIRECTION ( 'NONE',  ( 3.491481338843133355E-15, 0.000000000000000000, -1.000000000000000000 ) ) ;
#1501 = VECTOR ( 'NONE', #5099, 1000.000000000000000 ) ;
#1502 = ORIENTED_EDGE ( 'NONE', *, *, #5407, .F. ) ;
#1503 = ORIENTED_EDGE ( 'NONE', *, *, #3872, .T. ) ;
#1504 = CARTESIAN_POINT ( 'NONE',  ( -2.971635679190022916, 0.4185568802477984685, 1.600001996925269010 ) ) ;
#1505 = CIRCLE ( 'NONE', #4965, 0.2999999999999999334 ) ;
#1506 = DIRECTION ( 'NONE',  ( 0.000000000000000000, -1.000000000000000000, 0.000000000000000000 ) ) ;
#1507 = VERTEX_POINT ( 'NONE', #7288 ) ;
#1508 = DIRECTION ( 'NONE',  ( -1.000000000000000000, 0.000000000000000000, -3.497426362856451513E-15 ) ) ;
#1509 = VECTOR ( 'NONE', #2877, 1000.000000000000000 ) ;
#1510 = DIRECTION ( 'NONE',  ( 1.000000000000000000, 0.000000000000000000, 3.491481338843133355E-15 ) ) ;
#1511 = EDGE_LOOP ( 'NONE', ( #7282, #515, #3302, #1942 ) ) ;
#1512 = DIRECTION ( 'NONE',  ( 0.000000000000000000, 1.000000000000000000, 0.000000000000000000 ) ) ;
#1513 = AXIS2_PLACEMENT_3D ( 'NONE', #3824, #7169, #2890 ) ;
#1514 = CARTESIAN_POINT ( 'NONE',  ( 2.220815370558869351, 0.6999999999999999556, 1.941772151898743637 ) ) ;
#1515 = CIRCLE ( 'NONE', #2322, 3.425000000000000266 ) ;
#1516 = EDGE_LOOP ( 'NONE', ( #4416, #2401, #4286, #4738, #3508, #5, #1806, #140, #4647 ) ) ;
#1517 = EDGE_LOOP ( 'NONE', ( #3360, #1963, #6795, #6114, #3987, #5947, #3826, #2235 ) ) ;
#1518 = VECTOR ( 'NONE', #5151, 1000.000000000000000 ) ;
#1519 = CARTESIAN_POINT ( 'NONE',  ( 4.500000000000001776, 4.336808689942017736E-16, -0.5999999999999842126 ) ) ;
#1520 = CARTESIAN_POINT ( 'NONE',  ( -1.781226596065971668, 3.149999999999999911, 3.349999999999993872 ) ) ;
#1521 = DIRECTION ( 'NONE',  ( -3.491481338843133355E-15, 0.000000000000000000, 1.000000000000000000 ) ) ;
#1522 = PLANE ( 'NONE',  #436 ) ;
#1523 = CARTESIAN_POINT ( 'NONE',  ( -4.552081636884922844, 0.2999921102144699203, 0.8084377142705041486 ) ) ;
#1524 = PLANE ( 'NONE',  #1786 ) ;
#1525 = ORIENTED_EDGE ( 'NONE', *, *, #217, .T. ) ;
#1526 = AXIS2_PLACEMENT_3D ( 'NONE', #7167, #184, #4754 ) ;
#1527 = EDGE_CURVE ( 'NONE', #2774, #4113, #2973, .T. ) ;
#1528 = FACE_OUTER_BOUND ( 'NONE', #7994, .T. ) ;
#1529 = VERTEX_POINT ( 'NONE', #6050 ) ;
#1530 = DIRECTION ( 'NONE',  ( 3.491481338843133355E-15, 0.000000000000000000, -1.000000000000000000 ) ) ;
#1531 = CARTESIAN_POINT ( 'NONE',  ( -2.649999999999996358, 0.1699999999999997902, -0.6500000000000116795 ) ) ;
#1532 = B_SPLINE_CURVE_WITH_KNOTS ( 'NONE', 3,
 ( #6000, #8042, #302, #4219, #979, #7909 ),
 .UNSPECIFIED., .F., .F.,
 ( 4, 2, 4 ),
 ( 6.133173666733496745E-19, 0.0001570106908752748386, 0.0003140213817505490266 ),
 .UNSPECIFIED. ) ;
#1533 = DIRECTION ( 'NONE',  ( -1.000000000000000000, 0.000000000000000000, -2.409338161078903914E-15 ) ) ;
#1534 = CIRCLE ( 'NONE', #7240, 0.1499999999999999667 ) ;
#1535 = CARTESIAN_POINT ( 'NONE',  ( -4.595506135419562987, 0.1800000000000000488, 0.8666666666666515972 ) ) ;
#1536 = CARTESIAN_POINT ( 'NONE',  ( -4.349999999999999645, 0.3000000000000007661, 0.5999999999999847677 ) ) ;
#1537 = EDGE_CURVE ( 'NONE', #257, #5644, #7819, .T. ) ;
#1538 = ORIENTED_EDGE ( 'NONE', *, *, #928, .T. ) ;
#1539 = ADVANCED_FACE ( 'NONE', ( #7209 ), #2926, .T. ) ;
#1540 = ORIENTED_EDGE ( 'NONE', *, *, #4114, .F. ) ;
#1541 = FACE_OUTER_BOUND ( 'NONE', #7557, .T. ) ;
#1542 = ADVANCED_FACE ( 'NONE', ( #1182 ), #484, .F. ) ;
#1543 = EDGE_CURVE ( 'NONE', #4402, #7798, #644, .T. ) ;
#1544 = CARTESIAN_POINT ( 'NONE',  ( 3.329883631600977889, 1.316979161707518609, -0.5499999999999900524 ) ) ;
#1545 = CARTESIAN_POINT ( 'NONE',  ( -0.2799999999999979172, 0.7899999999997778799, -0.6000000000000009770 ) ) ;
#1546 = DIRECTION ( 'NONE',  ( 1.000000000000000000, 0.000000000000000000, 3.491481338843133355E-15 ) ) ;
#1547 = EDGE_LOOP ( 'NONE', ( #4124, #5219, #1882, #1723 ) ) ;
#1548 = DIRECTION ( 'NONE',  ( 0.000000000000000000, 1.000000000000000000, 0.000000000000000000 ) ) ;
#1549 = CARTESIAN_POINT ( 'NONE',  ( 0.000000000000000000, 3.149999999999999911, 0.000000000000000000 ) ) ;
#1550 = ORIENTED_EDGE ( 'NONE', *, *, #1389, .T. ) ;
#1551 = CARTESIAN_POINT ( 'NONE',  ( 1.454604435350174807, 2.990297223484842171, 2.735713058173244505 ) ) ;
#1552 = DIRECTION ( 'NONE',  ( -1.000000000000000000, 0.000000000000000000, -3.491481338843133355E-15 ) ) ;
#1553 = EDGE_CURVE ( 'NONE', #3868, #1934, #6173, .T. ) ;
#1554 = CARTESIAN_POINT ( 'NONE',  ( -1.584466524402378562, 2.700000000000000178, -2.979948125898881806 ) ) ;
#1555 = DIRECTION ( 'NONE',  ( -1.000000000000000000, 0.000000000000000000, -4.336808689942034302E-15 ) ) ;
#1556 = ORIENTED_EDGE ( 'NONE', *, *, #7060, .T. ) ;
#1557 = LINE ( 'NONE', #1519, #7416 ) ;
#1558 = CARTESIAN_POINT ( 'NONE',  ( 4.149999999999999467, 3.050000000000000266, -0.5499999999999871658 ) ) ;
#1559 = CARTESIAN_POINT ( 'NONE',  ( 2.817445625774182449, 2.816666666666667318, -2.768697945599544408 ) ) ;
#1560 = CARTESIAN_POINT ( 'NONE',  ( -4.799999999999991829, 0.000000000000000000, -1.500000000000016653 ) ) ;
#1561 = CARTESIAN_POINT ( 'NONE',  ( 0.000000000000000000, 3.149999999999999911, 0.000000000000000000 ) ) ;
#1562 = FACE_OUTER_BOUND ( 'NONE', #6899, .T. ) ;
#1563 = EDGE_CURVE ( 'NONE', #4660, #1099, #8119, .T. ) ;
#1564 = ORIENTED_EDGE ( 'NONE', *, *, #4155, .F. ) ;
#1565 = DIRECTION ( 'NONE',  ( 6.309119421277206419E-31, 1.000000000000000000, -1.807003620809174632E-16 ) ) ;
#1566 = ORIENTED_EDGE ( 'NONE', *, *, #297, .F. ) ;
#1567 = DIRECTION ( 'NONE',  ( -1.000000000000000000, 0.000000000000000000, -3.491481338843133355E-15 ) ) ;
#1568 = ADVANCED_FACE ( 'NONE', ( #559 ), #6957, .T. ) ;
#1569 = DIRECTION ( 'NONE',  ( 0.000000000000000000, 1.000000000000000000, 0.000000000000000000 ) ) ;
#1570 = CARTESIAN_POINT ( 'NONE',  ( 2.971636754383003787, 0.3500000000000000333, 1.600000000000015188 ) ) ;
#1571 = DIRECTION ( 'NONE',  ( -1.000000000000000000, 0.000000000000000000, -3.491481338843133355E-15 ) ) ;
#1572 = CARTESIAN_POINT ( 'NONE',  ( -2.973634140239854506, 0.3500000000000000333, 2.599999999999986766 ) ) ;
#1573 = CIRCLE ( 'NONE', #2761, 3.375000000000000444 ) ;
#1574 = VERTEX_POINT ( 'NONE', #6209 ) ;
#1575 = VERTEX_POINT ( 'NONE', #3726 ) ;
#1576 = PLANE ( 'NONE',  #3780 ) ;
#1577 = CARTESIAN_POINT ( 'NONE',  ( 4.138993232963970925, 1.830902616354413759, -0.3999999999999854783 ) ) ;
#1578 = CARTESIAN_POINT ( 'NONE',  ( 5.299999999999998934, 0.1499999999999999667, -0.2999999999999828915 ) ) ;
#1579 = EDGE_CURVE ( 'NONE', #5532, #2325, #3650, .T. ) ;
#1580 = CARTESIAN_POINT ( 'NONE',  ( -2.289521852382294220, 0.7306820342472279961, 1.863192174973396842 ) ) ;
#1581 = ORIENTED_EDGE ( 'NONE', *, *, #3815, .F. ) ;
#1582 = VECTOR ( 'NONE', #2868, 1000.000000000000000 ) ;
#1583 = EDGE_CURVE ( 'NONE', #6577, #3711, #5550, .T. ) ;
#1584 = VERTEX_POINT ( 'NONE', #5632 ) ;
#1585 = ORIENTED_EDGE ( 'NONE', *, *, #7235, .T. ) ;
#1586 = CARTESIAN_POINT ( 'NONE',  ( 3.299999999999970512, 1.633265455320082049, -0.3932307364972931762 ) ) ;
#1587 = CARTESIAN_POINT ( 'NONE',  ( -2.539508580704184837, 0.6499999999999864775, 0.6499999999999934719 ) ) ;
#1588 = VERTEX_POINT ( 'NONE', #5676 ) ;
#1589 = DIRECTION ( 'NONE',  ( -3.491481338843133750E-15, 0.000000000000000000, 1.000000000000000000 ) ) ;
#1590 = EDGE_CURVE ( 'NONE', #1260, #6206, #639, .T. ) ;
#1591 = CARTESIAN_POINT ( 'NONE',  ( 2.396031216096934813, 2.700000000000000178, 2.376901220389489033 ) ) ;
#1592 = ORIENTED_EDGE ( 'NONE', *, *, #8086, .F. ) ;
#1593 = DIRECTION ( 'NONE',  ( -0.000000000000000000, -1.000000000000000000, -0.000000000000000000 ) ) ;
#1594 = ADVANCED_FACE ( 'NONE', ( #8078 ), #2395, .F. ) ;
#1595 = CARTESIAN_POINT ( 'NONE',  ( -5.200000000000001066, 0.1499999999999999944, 0.5999999999999818812 ) ) ;
#1596 = EDGE_LOOP ( 'NONE', ( #5678, #3456, #3995, #7154 ) ) ;
#1597 = ORIENTED_EDGE ( 'NONE', *, *, #2064, .F. ) ;
#1598 = CARTESIAN_POINT ( 'NONE',  ( -5.199999999999997513, 0.2999999999999999334, -0.8083764270126551077 ) ) ;
#1599 = ADVANCED_FACE ( 'NONE', ( #6786 ), #3051, .F. ) ;
#1600 = DIRECTION ( 'NONE',  ( 0.000000000000000000, 1.000000000000000000, 0.000000000000000000 ) ) ;
#1601 = CARTESIAN_POINT ( 'NONE',  ( 2.817391522009130345, 3.050000000000000711, -2.768645697749448242 ) ) ;
#1602 = AXIS2_PLACEMENT_3D ( 'NONE', #1209, #8186, #6156 ) ;
#1603 = LINE ( 'NONE', #356, #1138 ) ;
#1604 = CARTESIAN_POINT ( 'NONE',  ( 2.817391522009130345, 3.050000000000000711, -2.768645697749448242 ) ) ;
#1605 = VERTEX_POINT ( 'NONE', #7457 ) ;
#1606 = CARTESIAN_POINT ( 'NONE',  ( 2.073225355892406974, 2.700000000000000178, 2.302550026315338005 ) ) ;
#1607 = EDGE_CURVE ( 'NONE', #2382, #1414, #1983, .T. ) ;
#1608 = ORIENTED_EDGE ( 'NONE', *, *, #634, .T. ) ;
#1609 = VECTOR ( 'NONE', #7474, 1000.000000000000000 ) ;
#1610 = DIRECTION ( 'NONE',  ( -4.133965530583265232E-15, 0.000000000000000000, 1.000000000000000000 ) ) ;
#1611 = ORIENTED_EDGE ( 'NONE', *, *, #6612, .T. ) ;
#1612 = CARTESIAN_POINT ( 'NONE',  ( -2.417156442748882750, 0.1694829431300273470, 0.5999999999999915401 ) ) ;
#1613 = DIRECTION ( 'NONE',  ( -1.000000000000000000, -1.954586163371311563E-17, -3.491481338843133355E-15 ) ) ;
#1614 = DIRECTION ( 'NONE',  ( 1.000000000000000000, 0.000000000000000000, 3.491481338843133355E-15 ) ) ;
#1615 = DIRECTION ( 'NONE',  ( 0.000000000000000000, 1.000000000000000000, 0.000000000000000000 ) ) ;
#1616 = DIRECTION ( 'NONE',  ( -3.491481338843133355E-15, 0.000000000000000000, 1.000000000000000000 ) ) ;
#1617 = VERTEX_POINT ( 'NONE', #1767 ) ;
#1618 = ORIENTED_EDGE ( 'NONE', *, *, #5616, .F. ) ;
#1619 = AXIS2_PLACEMENT_3D ( 'NONE', #3142, #5551, #2525 ) ;
#1620 = ORIENTED_EDGE ( 'NONE', *, *, #6484, .F. ) ;
#1621 = DIRECTION ( 'NONE',  ( -0.000000000000000000, -1.000000000000000000, 0.000000000000000000 ) ) ;
#1622 = CYLINDRICAL_SURFACE ( 'NONE', #397, 0.9999999999999935607 ) ;
#1623 = AXIS2_PLACEMENT_3D ( 'NONE', #5274, #7760, #5235 ) ;
#1624 = CARTESIAN_POINT ( 'NONE',  ( 3.049999999999998490, 0.8088891983536503627, -0.3499999999999897637 ) ) ;
#1625 = EDGE_CURVE ( 'NONE', #1824, #4129, #4301, .T. ) ;
#1626 = AXIS2_PLACEMENT_3D ( 'NONE', #3694, #7, #6210 ) ;
#1627 = PLANE ( 'NONE',  #2266 ) ;
#1628 = ORIENTED_EDGE ( 'NONE', *, *, #6011, .F. ) ;
#1629 = ORIENTED_EDGE ( 'NONE', *, *, #3166, .T. ) ;
#1630 = AXIS2_PLACEMENT_3D ( 'NONE', #771, #7787, #185 ) ;
#1631 = AXIS2_PLACEMENT_3D ( 'NONE', #6562, #7304, #6602 ) ;
#1632 = ORIENTED_EDGE ( 'NONE', *, *, #4622, .T. ) ;
#1633 = CYLINDRICAL_SURFACE ( 'NONE', #2329, 0.2200000000000001399 ) ;
#1634 = CARTESIAN_POINT ( 'NONE',  ( -4.086143571373717975, 3.050000000000000266, 1.499999999999988232 ) ) ;
#1635 = CARTESIAN_POINT ( 'NONE',  ( -3.890000000000001457, 1.035523411279787431E-50, 0.5999999999999864331 ) ) ;
#1636 = ORIENTED_EDGE ( 'NONE', *, *, #2561, .F. ) ;
#1637 = CIRCLE ( 'NONE', #2690, 0.1500000000000016875 ) ;
#1638 = CARTESIAN_POINT ( 'NONE',  ( 4.800000000000002487, 0.000000000000000000, -1.499999999999983347 ) ) ;
#1639 = CARTESIAN_POINT ( 'NONE',  ( -2.575000000000000178, 1.437346735502356143, -9.108898765734827472E-15 ) ) ;
#1640 = LINE ( 'NONE', #7249, #4855 ) ;
#1641 = VECTOR ( 'NONE', #2398, 1000.000000000000000 ) ;
#1642 = VERTEX_POINT ( 'NONE', #1268 ) ;
#1643 = APPLICATION_CONTEXT ( 'automotive_design' ) ;
#1644 = EDGE_CURVE ( 'NONE', #7479, #7358, #7509, .T. ) ;
#1645 = FACE_OUTER_BOUND ( 'NONE', #5874, .T. ) ;
#1646 = AXIS2_PLACEMENT_3D ( 'NONE', #4788, #342, #3554 ) ;
#1647 = DIRECTION ( 'NONE',  ( -0.000000000000000000, 1.000000000000000000, -0.000000000000000000 ) ) ;
#1648 = ADVANCED_FACE ( 'NONE', ( #2488 ), #5014, .T. ) ;
#1649 = DIRECTION ( 'NONE',  ( 3.491481338843133355E-15, 0.000000000000000000, -1.000000000000000000 ) ) ;
#1650 = EDGE_CURVE ( 'NONE', #2729, #4322, #6299, .T. ) ;
#1651 = DIRECTION ( 'NONE',  ( 1.000000000000000000, -4.457541847879139630E-17, 3.491481338843133355E-15 ) ) ;
#1652 = LINE ( 'NONE', #8046, #4815 ) ;
#1653 = EDGE_LOOP ( 'NONE', ( #2883, #2699, #3286 ) ) ;
#1654 = CARTESIAN_POINT ( 'NONE',  ( -2.442882788353089474, 3.050000000000000266, 2.400614230226972179 ) ) ;
#1655 = VECTOR ( 'NONE', #1737, 1000.000000000000000 ) ;
#1656 = ORIENTED_EDGE ( 'NONE', *, *, #4138, .F. ) ;
#1657 = CARTESIAN_POINT ( 'NONE',  ( 4.349999999999996092, 1.685000000000000275, 0.6000000000000150768 ) ) ;
#1658 = ORIENTED_EDGE ( 'NONE', *, *, #4475, .T. ) ;
#1659 = DIRECTION ( 'NONE',  ( -7.828290028785151091E-15, 0.000000000000000000, 1.000000000000000000 ) ) ;
#1660 = AXIS2_PLACEMENT_3D ( 'NONE', #2298, #5371, #5288 ) ;
#1661 = CARTESIAN_POINT ( 'NONE',  ( 2.801232124052372097, 0.7288393868208529192, -1.883650694317449359 ) ) ;
#1662 = CYLINDRICAL_SURFACE ( 'NONE', #3218, 0.1500000000000003830 ) ;
#1663 = DIRECTION ( 'NONE',  ( -1.000000000000000000, -3.097720492815726673E-16, -3.801253388124705825E-15 ) ) ;
#1664 = DIRECTION ( 'NONE',  ( 1.000000000000000000, 0.000000000000000000, 3.491481338843133355E-15 ) ) ;
#1665 = ORIENTED_EDGE ( 'NONE', *, *, #5199, .F. ) ;
#1666 = VERTEX_POINT ( 'NONE', #1169 ) ;
#1667 = ORIENTED_EDGE ( 'NONE', *, *, #5808, .F. ) ;
#1668 = DIRECTION ( 'NONE',  ( -1.000000000000000000, 0.000000000000000000, -3.491481338843133355E-15 ) ) ;
#1669 = VECTOR ( 'NONE', #4880, 1000.000000000000000 ) ;
#1670 = CARTESIAN_POINT ( 'NONE',  ( -1.584466524402376120, 3.149999999999999911, -2.979948125898883582 ) ) ;
#1671 = CARTESIAN_POINT ( 'NONE',  ( 3.049999999999996714, 0.7936270760231673993, 0.1170309623725366427 ) ) ;
#1672 = DIRECTION ( 'NONE',  ( 1.000000000000000000, 0.000000000000000000, 3.491481338843133355E-15 ) ) ;
#1673 = EDGE_LOOP ( 'NONE', ( #8190, #1620, #267, #4447 ) ) ;
#1674 = ORIENTED_EDGE ( 'NONE', *, *, #5133, .F. ) ;
#1675 = VERTEX_POINT ( 'NONE', #1840 ) ;
#1676 = LINE ( 'NONE', #2875, #2467 ) ;
#1677 = CARTESIAN_POINT ( 'NONE',  ( -1.444175225250801553, 2.955459681652433002, -2.672841773384095454 ) ) ;
#1678 = DIRECTION ( 'NONE',  ( 1.000000000000000000, 0.000000000000000000, 3.491481338843133355E-15 ) ) ;
#1679 = EDGE_LOOP ( 'NONE', ( #2321, #4795, #6197, #5978 ) ) ;
#1680 = DIRECTION ( 'NONE',  ( 1.000000000000000000, 0.000000000000000000, 3.491481338843133355E-15 ) ) ;
#1681 = FILL_AREA_STYLE_COLOUR ( '', #7065 ) ;
#1682 = EDGE_CURVE ( 'NONE', #5833, #5129, #3627, .T. ) ;
#1683 = B_SPLINE_CURVE_WITH_KNOTS ( 'NONE', 3,
 ( #2941, #5440, #2897, #867 ),
 .UNSPECIFIED., .F., .F.,
 ( 4, 4 ),
 ( 1.437145926823382430E-06, 0.0002071770398613165167 ),
 .UNSPECIFIED. ) ;
#1684 = CARTESIAN_POINT ( 'NONE',  ( 2.971636754383003787, 1.437346735502356143, 1.600000000000015188 ) ) ;
#1685 = CARTESIAN_POINT ( 'NONE',  ( 1.442899194636086513, 2.963205231921812732, -2.688765901894646149 ) ) ;
#1686 = EDGE_LOOP ( 'NONE', ( #2062, #779, #1998, #4267 ) ) ;
#1687 = EDGE_CURVE ( 'NONE', #26, #5189, #2380, .T. ) ;
#1688 = ORIENTED_EDGE ( 'NONE', *, *, #2196, .F. ) ;
#1689 = VECTOR ( 'NONE', #1943, 1000.000000000000000 ) ;
#1690 = CARTESIAN_POINT ( 'NONE',  ( -2.817339274159036844, 3.149999999999999911, 2.768591593984391253 ) ) ;
#1691 = DIRECTION ( 'NONE',  ( -1.301981320592949974E-30, -1.000000000000000000, 3.729022710527641551E-16 ) ) ;
#1692 = EDGE_CURVE ( 'NONE', #3814, #767, #5537, .T. ) ;
#1693 = DIRECTION ( 'NONE',  ( -1.000000000000000000, 0.000000000000000000, -3.491481338843133355E-15 ) ) ;
#1694 = CARTESIAN_POINT ( 'NONE',  ( -3.890000000000001457, 0.2999999999999999889, 0.5999999999999864331 ) ) ;
#1695 = CARTESIAN_POINT ( 'NONE',  ( -4.529384319090810074, 0.1834367172890583597, 0.7999999999999840572 ) ) ;
#1696 = ORIENTED_EDGE ( 'NONE', *, *, #6062, .T. ) ;
#1697 = FACE_OUTER_BOUND ( 'NONE', #3079, .T. ) ;
#1698 = EDGE_CURVE ( 'NONE', #2293, #1895, #5314, .T. ) ;
#1699 = ADVANCED_FACE ( 'NONE', ( #1046 ), #592, .T. ) ;
#1700 = VERTEX_POINT ( 'NONE', #3081 ) ;
#1701 = CARTESIAN_POINT ( 'NONE',  ( 0.000000000000000000, 3.149999999999999911, 0.000000000000000000 ) ) ;
#1702 = EDGE_LOOP ( 'NONE', ( #7733, #6037, #3245, #1441 ) ) ;
#1703 = DIRECTION ( 'NONE',  ( 0.000000000000000000, -1.000000000000000000, 0.000000000000000000 ) ) ;
#1704 = LINE ( 'NONE', #6018, #2294 ) ;
#1705 = EDGE_CURVE ( 'NONE', #3304, #5268, #419, .T. ) ;
#1706 = DIRECTION ( 'NONE',  ( -0.06222994137277122056, 0.1621145397667555221, -0.9848077530122082424 ) ) ;
#1707 = CARTESIAN_POINT ( 'NONE',  ( -2.724437398787027842, 0.7484940782194713371, -1.993105327909193925 ) ) ;
#1708 = CARTESIAN_POINT ( 'NONE',  ( 0.000000000000000000, 0.7500000000000000000, 0.000000000000000000 ) ) ;
#1709 = VERTEX_POINT ( 'NONE', #3587 ) ;
#1710 = VERTEX_POINT ( 'NONE', #6236 ) ;
#1711 = VERTEX_POINT ( 'NONE', #6281 ) ;
#1712 = DIRECTION ( 'NONE',  ( 0.000000000000000000, -1.000000000000000000, 0.000000000000000000 ) ) ;
#1713 = CARTESIAN_POINT ( 'NONE',  ( 0.000000000000000000, 2.999999999999999112, 0.000000000000000000 ) ) ;
#1714 = AXIS2_PLACEMENT_3D ( 'NONE', #2720, #4468, #5178 ) ;
#1715 = DIRECTION ( 'NONE',  ( -3.491481338843133355E-15, 0.000000000000000000, 1.000000000000000000 ) ) ;
#1716 = CARTESIAN_POINT ( 'NONE',  ( 1.442899194636085847, 2.971705959673204500, -2.705475719324111683 ) ) ;
#1717 = EDGE_LOOP ( 'NONE', ( #3700, #7754, #2139, #4796 ) ) ;
#1718 = B_SPLINE_CURVE_WITH_KNOTS ( 'NONE', 3,
 ( #4493, #6529, #7026, #1339 ),
 .UNSPECIFIED., .F., .F.,
 ( 4, 4 ),
 ( 0.000000000000000000, 1.000000000000000000 ),
 .UNSPECIFIED. ) ;
#1719 = ORIENTED_EDGE ( 'NONE', *, *, #2749, .F. ) ;
#1720 = LINE ( 'NONE', #6738, #1790 ) ;
#1721 = LINE ( 'NONE', #8071, #317 ) ;
#1722 = DIRECTION ( 'NONE',  ( -1.000000000000000000, 0.000000000000000000, -3.491481338843133355E-15 ) ) ;
#1723 = ORIENTED_EDGE ( 'NONE', *, *, #3312, .F. ) ;
#1724 = LINE ( 'NONE', #4368, #3368 ) ;
#1725 = AXIS2_PLACEMENT_3D ( 'NONE', #6913, #1222, #3766 ) ;
#1726 = PLANE ( 'NONE',  #4453 ) ;
#1727 = EDGE_LOOP ( 'NONE', ( #7957, #5545, #3632, #3790 ) ) ;
#1728 = ORIENTED_EDGE ( 'NONE', *, *, #4725, .F. ) ;
#1729 = CARTESIAN_POINT ( 'NONE',  ( 3.321645174544478163, 1.687428843675283785, 0.3873964333603684973 ) ) ;
#1730 = CARTESIAN_POINT ( 'NONE',  ( -2.351707295243457379E-31, 0.5499999999997785549, 6.735557395310814760E-17 ) ) ;
#1731 = CARTESIAN_POINT ( 'NONE',  ( 3.337863253356190718, 1.702819225807785664, -0.3858730410142113265 ) ) ;
#1732 = DIRECTION ( 'NONE',  ( 1.000000000000000000, 0.000000000000000000, 3.469446951953636671E-15 ) ) ;
#1733 = CARTESIAN_POINT ( 'NONE',  ( -4.199999999999996625, 0.3000000000000008771, -0.6000000000000146327 ) ) ;
#1734 = ORIENTED_EDGE ( 'NONE', *, *, #4507, .T. ) ;
#1735 = CARTESIAN_POINT ( 'NONE',  ( -2.417156442748882750, 0.1694829431300273470, 0.5999999999999915401 ) ) ;
#1736 = ORIENTED_EDGE ( 'NONE', *, *, #6630, .F. ) ;
#1737 = DIRECTION ( 'NONE',  ( -1.000000000000000000, 0.000000000000000000, -3.491481338843133355E-15 ) ) ;
#1738 = AXIS2_PLACEMENT_3D ( 'NONE', #5628, #6873, #1177 ) ;
#1739 = VERTEX_POINT ( 'NONE', #4825 ) ;
#1740 = DIRECTION ( 'NONE',  ( -3.491481338843133750E-15, -0.000000000000000000, 1.000000000000000000 ) ) ;
#1741 = FACE_OUTER_BOUND ( 'NONE', #1426, .T. ) ;
#1742 = CARTESIAN_POINT ( 'NONE',  ( -0.1123487072884564036, 0.2926783887896521330, -0.4000000000000003553 ) ) ;
#1743 = DIRECTION ( 'NONE',  ( -0.4065742997269615189, -0.4999999999999977240, -0.7646550456261523854 ) ) ;
#1744 = CARTESIAN_POINT ( 'NONE',  ( 0.000000000000000000, 3.149999999999999911, 0.000000000000000000 ) ) ;
#1745 = ORIENTED_EDGE ( 'NONE', *, *, #2542, .T. ) ;
#1746 = EDGE_CURVE ( 'NONE', #5292, #3659, #7488, .T. ) ;
#1747 = ORIENTED_EDGE ( 'NONE', *, *, #2966, .T. ) ;
#1748 = CYLINDRICAL_SURFACE ( 'NONE', #3241, 0.4000000000000001887 ) ;
#1749 = EDGE_CURVE ( 'NONE', #62, #5549, #6901, .T. ) ;
#1750 = CARTESIAN_POINT ( 'NONE',  ( 1.934429877430351885, 2.700000000000000178, -2.293028793823750799 ) ) ;
#1751 = CARTESIAN_POINT ( 'NONE',  ( -2.234160826739604921, 0.5499999999997781108, -0.6500000000000100142 ) ) ;
#1752 = CARTESIAN_POINT ( 'NONE',  ( -1.584466524402399434, 0.7500000000000000000, 2.979948125898870259 ) ) ;
#1753 = EDGE_CURVE ( 'NONE', #5455, #2113, #6806, .T. ) ;
#1754 = ORIENTED_EDGE ( 'NONE', *, *, #5147, .T. ) ;
#1755 = VERTEX_POINT ( 'NONE', #4281 ) ;
#1756 = DIRECTION ( 'NONE',  ( 1.000000000000000000, 0.000000000000000000, 3.491481338843133355E-15 ) ) ;
#1757 = CYLINDRICAL_SURFACE ( 'NONE', #6023, 0.1499999999999999667 ) ;
#1758 = AXIS2_PLACEMENT_3D ( 'NONE', #3284, #34, #6982 ) ;
#1759 = ORIENTED_EDGE ( 'NONE', *, *, #3687, .F. ) ;
#1760 = LINE ( 'NONE', #6906, #6818 ) ;
#1761 = VECTOR ( 'NONE', #1315, 1000.000000000000000 ) ;
#1762 = CARTESIAN_POINT ( 'NONE',  ( -3.890000000000001457, 0.1500000000000000222, 0.5999999999999864331 ) ) ;
#1763 = PLANE ( 'NONE',  #1142 ) ;
#1764 = VECTOR ( 'NONE', #5390, 1000.000000000000000 ) ;
#1765 = ORIENTED_EDGE ( 'NONE', *, *, #4233, .F. ) ;
#1766 = AXIS2_PLACEMENT_3D ( 'NONE', #1186, #4183, #442 ) ;
#1767 = CARTESIAN_POINT ( 'NONE',  ( -3.311815967109281278, 1.450000000000000178, -0.6500000000000126787 ) ) ;
#1768 = CARTESIAN_POINT ( 'NONE',  ( -4.799999999999995381, 1.574999999999999956, -0.9000000000000158984 ) ) ;
#1769 = ORIENTED_EDGE ( 'NONE', *, *, #7086, .T. ) ;
#1770 = DIRECTION ( 'NONE',  ( 1.000000000000000000, 0.000000000000000000, 0.000000000000000000 ) ) ;
#1771 = CIRCLE ( 'NONE', #6146, 3.375000000000000444 ) ;
#1772 = CYLINDRICAL_SURFACE ( 'NONE', #7196, 0.2999999999999994893 ) ;
#1773 = DIRECTION ( 'NONE',  ( -3.491481338843133355E-15, 0.000000000000000000, 1.000000000000000000 ) ) ;
#1774 = ORIENTED_EDGE ( 'NONE', *, *, #739, .T. ) ;
#1775 = DIRECTION ( 'NONE',  ( -0.9025852843498626266, 0.4305110968082908607, -3.151359677021967305E-15 ) ) ;
#1776 = AXIS2_PLACEMENT_3D ( 'NONE', #3712, #5730, #2541 ) ;
#1777 = AXIS2_PLACEMENT_3D ( 'NONE', #2430, #478, #7373 ) ;
#1778 = CARTESIAN_POINT ( 'NONE',  ( -1.493128252873614059, 2.700000000000000178, -2.602031517962570817 ) ) ;
#1779 = ORIENTED_EDGE ( 'NONE', *, *, #687, .T. ) ;
#1780 = AXIS2_PLACEMENT_3D ( 'NONE', #8122, #2358, #8081 ) ;
#1781 = LINE ( 'NONE', #619, #3642 ) ;
#1782 = PLANE ( 'NONE',  #694 ) ;
#1783 = CIRCLE ( 'NONE', #4037, 0.2000000000000000944 ) ;
#1784 = CARTESIAN_POINT ( 'NONE',  ( -2.649999999999995914, 0.6603961780563999406, -0.6500000000000116795 ) ) ;
#1785 = DIRECTION ( 'NONE',  ( -1.000000000000000000, -1.954586163371311563E-17, -3.491481338843133355E-15 ) ) ;
#1787 = FACE_OUTER_BOUND ( 'NONE', #3500, .T. ) ;
#1786 = AXIS2_PLACEMENT_3D ( 'NONE', #6007, #7425, #4312 ) ;
#1788 = EDGE_CURVE ( 'NONE', #5329, #2774, #4612, .T. ) ;
#1789 = ORIENTED_EDGE ( 'NONE', *, *, #8194, .F. ) ;
#1790 = VECTOR ( 'NONE', #471, 1000.000000000000000 ) ;
#1791 = ORIENTED_EDGE ( 'NONE', *, *, #3541, .F. ) ;
#1792 = DIRECTION ( 'NONE',  ( -0.000000000000000000, 1.000000000000000000, -0.000000000000000000 ) ) ;
#1793 = EDGE_CURVE ( 'NONE', #3263, #5329, #4947, .T. ) ;
#1794 = ORIENTED_EDGE ( 'NONE', *, *, #3223, .F. ) ;
#1795 = CARTESIAN_POINT ( 'NONE',  ( 1.454604435350193903, 2.990297223484842171, -2.735713058173234291 ) ) ;
#1796 = DIRECTION ( 'NONE',  ( 1.000000000000000000, -0.000000000000000000, 3.491481338843133750E-15 ) ) ;
#1797 = LINE ( 'NONE', #4328, #1906 ) ;
#1798 = ADVANCED_FACE ( 'NONE', ( #4909 ), #8147, .F. ) ;
#1799 = EDGE_CURVE ( 'NONE', #1755, #5029, #5692, .T. ) ;
#1800 = EDGE_CURVE ( 'NONE', #7668, #2738, #7519, .T. ) ;
#1801 = VERTEX_POINT ( 'NONE', #1751 ) ;
#1802 = DIRECTION ( 'NONE',  ( -0.000000000000000000, 1.000000000000000000, -0.000000000000000000 ) ) ;
#1803 = EDGE_CURVE ( 'NONE', #3468, #3389, #8105, .T. ) ;
#1804 = DIRECTION ( 'NONE',  ( -0.7132504491541816760, 0.000000000000000000, -0.7009092642998507872 ) ) ;
#1805 = MECHANICAL_DESIGN_GEOMETRIC_PRESENTATION_REPRESENTATION (  '', ( #5781 ), #5381 ) ;
#1806 = ORIENTED_EDGE ( 'NONE', *, *, #3800, .F. ) ;
#1807 = LINE ( 'NONE', #5546, #3109 ) ;
#1808 = CIRCLE ( 'NONE', #1738, 3.375000000000000000 ) ;
#1809 = CARTESIAN_POINT ( 'NONE',  ( -0.4349839948509823251, 1.114930702365728665, -0.6000000000000014211 ) ) ;
#1810 = ORIENTED_EDGE ( 'NONE', *, *, #4081, .F. ) ;
#1811 = ORIENTED_EDGE ( 'NONE', *, *, #2911, .F. ) ;
#1812 = EDGE_CURVE ( 'NONE', #5685, #1675, #4327, .T. ) ;
#1813 = DIRECTION ( 'NONE',  ( 3.491481338843133355E-15, 0.000000000000000000, -1.000000000000000000 ) ) ;
#1814 = FACE_OUTER_BOUND ( 'NONE', #2048, .T. ) ;
#1815 = ORIENTED_EDGE ( 'NONE', *, *, #5912, .F. ) ;
#1816 = EDGE_CURVE ( 'NONE', #2934, #2375, #2034, .T. ) ;
#1817 = LINE ( 'NONE', #2492, #8140 ) ;
#1818 = PLANE ( 'NONE',  #1902 ) ;
#1819 = CARTESIAN_POINT ( 'NONE',  ( 3.552499999999999769, 2.030000000000000249, -0.5999999999999875433 ) ) ;
#1820 = ORIENTED_EDGE ( 'NONE', *, *, #4235, .F. ) ;
#1821 = LINE ( 'NONE', #5642, #5538 ) ;
#1822 = AXIS2_PLACEMENT_3D ( 'NONE', #437, #2846, #3561 ) ;
#1823 = VECTOR ( 'NONE', #5556, 1000.000000000000000 ) ;
#1824 = VERTEX_POINT ( 'NONE', #5076 ) ;
#1825 = DIRECTION ( 'NONE',  ( -1.000000000000000000, 0.000000000000000000, -3.491481338843133355E-15 ) ) ;
#1826 = EDGE_LOOP ( 'NONE', ( #1090, #3703, #2250, #3746 ) ) ;
#1827 = FACE_OUTER_BOUND ( 'NONE', #7969, .T. ) ;
#1828 = CARTESIAN_POINT ( 'NONE',  ( -9.289924028316492493E-16, 0.000000000000000000, 0.6500000000000013545 ) ) ;
#1829 = CARTESIAN_POINT ( 'NONE',  ( -2.220815370558882229, 0.000000000000000000, 1.941772151898728094 ) ) ;
#1830 = LINE ( 'NONE', #2942, #2272 ) ;
#1831 = ADVANCED_FACE ( 'NONE', ( #7644 ), #7607, .F. ) ;
#1832 = CARTESIAN_POINT ( 'NONE',  ( 4.526895665661511359, 0.1699999999999997902, 0.5000000000000158762 ) ) ;
#1833 = VERTEX_POINT ( 'NONE', #1879 ) ;
#1834 = EDGE_CURVE ( 'NONE', #558, #2627, #1960, .T. ) ;
#1835 = ORIENTED_EDGE ( 'NONE', *, *, #481, .F. ) ;
#1836 = DIRECTION ( 'NONE',  ( 3.491481338843133355E-15, -0.000000000000000000, -1.000000000000000000 ) ) ;
#1837 = EDGE_CURVE ( 'NONE', #5709, #114, #7594, .T. ) ;
#1838 = EDGE_LOOP ( 'NONE', ( #3949, #1457, #2014, #4951, #4384 ) ) ;
#1839 = CARTESIAN_POINT ( 'NONE',  ( -4.628839468752889097, 0.1800000000000043787, -0.9000000000000161204 ) ) ;
#1840 = CARTESIAN_POINT ( 'NONE',  ( 4.199999999999999289, 1.685000000000000275, -0.3999999999999852562 ) ) ;
#1841 = DIRECTION ( 'NONE',  ( 0.9980094749326244852, 0.000000000000000000, -0.06306415736935970517 ) ) ;
#1842 = ORIENTED_EDGE ( 'NONE', *, *, #3166, .F. ) ;
#1843 = DIRECTION ( 'NONE',  ( -1.000000000000000000, 0.000000000000000000, -3.491481338843133355E-15 ) ) ;
#1844 = CARTESIAN_POINT ( 'NONE',  ( 3.401061993347369583, 1.969582361622702837, 0.3459679580029099144 ) ) ;
#1845 = EDGE_CURVE ( 'NONE', #2269, #1278, #5856, .T. ) ;
#1846 = ADVANCED_FACE ( 'NONE', ( #2585 ), #6324, .T. ) ;
#1847 = CARTESIAN_POINT ( 'NONE',  ( 0.000000000000000000, 2.700000000000000178, 0.000000000000000000 ) ) ;
#1848 =( NAMED_UNIT ( * ) SI_UNIT ( $, .STERADIAN. ) SOLID_ANGLE_UNIT ( ) );
#1850 = DIRECTION ( 'NONE',  ( 1.000000000000000000, 0.000000000000000000, 3.491481338843133355E-15 ) ) ;
#1849 = B_SPLINE_CURVE_WITH_KNOTS ( 'NONE', 3,
 ( #1523, #2360, #4802, #1695 ),
 .UNSPECIFIED., .F., .F.,
 ( 4, 4 ),
 ( 0.9139991345532543221, 1.000000000000000000 ),
 .UNSPECIFIED. ) ;
#1851 = ADVANCED_FACE ( 'NONE', ( #4483 ), #7013, .F. ) ;
#1852 = CARTESIAN_POINT ( 'NONE',  ( 1.460868660871007974, 2.933493649053888319, 2.620543095517550825 ) ) ;
#1853 = EDGE_LOOP ( 'NONE', ( #1468, #2253, #4452, #1859 ) ) ;
#1854 = ORIENTED_EDGE ( 'NONE', *, *, #2089, .F. ) ;
#1855 = EDGE_LOOP ( 'NONE', ( #4991, #7934, #1789, #7389 ) ) ;
#1856 = DIRECTION ( 'NONE',  ( 1.000000000000000000, 0.000000000000000000, 3.491481338843133355E-15 ) ) ;
#1857 = EDGE_CURVE ( 'NONE', #5745, #544, #2510, .T. ) ;
#1858 = CYLINDRICAL_SURFACE ( 'NONE', #4282, 3.000000000000001776 ) ;
#1859 = ORIENTED_EDGE ( 'NONE', *, *, #6869, .F. ) ;
#1860 = EDGE_CURVE ( 'NONE', #5555, #6808, #4128, .T. ) ;
#1861 = CARTESIAN_POINT ( 'NONE',  ( -4.634773006076758683, 0.7249808048654764470, -0.8390667243631302341 ) ) ;
#1862 = CARTESIAN_POINT ( 'NONE',  ( -0.2800000000000021361, 0.7899999999997778799, 0.5999999999999989786 ) ) ;
#1863 = LINE ( 'NONE', #1819, #1244 ) ;
#1864 = ORIENTED_EDGE ( 'NONE', *, *, #1230, .F. ) ;
#1865 = ADVANCED_FACE ( 'NONE', ( #1993 ), #1410, .T. ) ;
#1866 = AXIS2_PLACEMENT_3D ( 'NONE', #6032, #3626, #3494 ) ;
#1867 = VERTEX_POINT ( 'NONE', #6434 ) ;
#1868 = DIRECTION ( 'NONE',  ( -3.491481338843133355E-15, 0.000000000000000000, 1.000000000000000000 ) ) ;
#1869 = LINE ( 'NONE', #2368, #7062 ) ;
#1870 = DIRECTION ( 'NONE',  ( -4.133965530583265232E-15, 0.000000000000000000, 1.000000000000000000 ) ) ;
#1871 = LINE ( 'NONE', #540, #3912 ) ;
#1872 = ADVANCED_FACE ( 'NONE', ( #6389 ), #3956, .F. ) ;
#1873 = DIRECTION ( 'NONE',  ( -1.000000000000000000, 0.000000000000000000, -3.491481338843133355E-15 ) ) ;
#1874 = ORIENTED_EDGE ( 'NONE', *, *, #1901, .F. ) ;
#1875 = ORIENTED_EDGE ( 'NONE', *, *, #4367, .F. ) ;
#1876 = CARTESIAN_POINT ( 'NONE',  ( -2.503258662110540822, 0.3499999999999999778, 0.5999999999999912070 ) ) ;
#1877 = ORIENTED_EDGE ( 'NONE', *, *, #7723, .T. ) ;
#1878 = DIRECTION ( 'NONE',  ( -1.000000000000000000, 0.000000000000000000, -3.277319941596422730E-15 ) ) ;
#1879 = CARTESIAN_POINT ( 'NONE',  ( -2.396031216096949468, 2.700000000000000178, 2.376901220389473490 ) ) ;
#1880 = CARTESIAN_POINT ( 'NONE',  ( -4.190000000000000391, 1.850000000000000089, 0.5999999999999853229 ) ) ;
#1881 = ORIENTED_EDGE ( 'NONE', *, *, #7817, .F. ) ;
#1882 = ORIENTED_EDGE ( 'NONE', *, *, #858, .F. ) ;
#1883 = VECTOR ( 'NONE', #5975, 1000.000000000000000 ) ;
#1884 = DIRECTION ( 'NONE',  ( -1.000000000000000000, 0.000000000000000000, -3.491481338843133355E-15 ) ) ;
#1885 = DIRECTION ( 'NONE',  ( -3.491481338843133355E-15, 3.753007520142316988E-16, 1.000000000000000000 ) ) ;
#1886 = LINE ( 'NONE', #1144, #5784 ) ;
#1887 = EDGE_LOOP ( 'NONE', ( #2794, #4444, #1759, #3335, #447 ) ) ;
#1888 = ORIENTED_EDGE ( 'NONE', *, *, #4482, .T. ) ;
#1889 = CARTESIAN_POINT ( 'NONE',  ( 4.500000000000001776, 0.3000000000000024314, -0.5999999999999842126 ) ) ;
#1890 = AXIS2_PLACEMENT_3D ( 'NONE', #6664, #7290, #4257 ) ;
#1891 = DIRECTION ( 'NONE',  ( -3.491481338843133355E-15, 0.000000000000000000, 1.000000000000000000 ) ) ;
#1892 = FACE_OUTER_BOUND ( 'NONE', #7188, .T. ) ;
#1893 = CARTESIAN_POINT ( 'NONE',  ( -4.350000000000001421, 0.000000000000000000, 0.8999999999999850342 ) ) ;
#1894 = LINE ( 'NONE', #491, #5483 ) ;
#1895 = VERTEX_POINT ( 'NONE', #4572 ) ;
#1896 = CARTESIAN_POINT ( 'NONE',  ( -4.350000000000000533, 1.850000000000000089, 0.5999999999999847677 ) ) ;
#1897 = VECTOR ( 'NONE', #2694, 1000.000000000000000 ) ;
#1898 = AXIS2_PLACEMENT_3D ( 'NONE', #5587, #6251, #560 ) ;
#1899 = EDGE_LOOP ( 'NONE', ( #2173, #1049, #5848, #3806 ) ) ;
#1900 = VERTEX_POINT ( 'NONE', #749 ) ;
#1901 = EDGE_CURVE ( 'NONE', #4315, #7564, #4404, .T. ) ;
#1902 = AXIS2_PLACEMENT_3D ( 'NONE', #490, #5517, #1651 ) ;
#1903 = VERTEX_POINT ( 'NONE', #7678 ) ;
#1904 = VECTOR ( 'NONE', #1160, 1000.000000000000114 ) ;
#1905 = EDGE_CURVE ( 'NONE', #7853, #1072, #3240, .T. ) ;
#1906 = VECTOR ( 'NONE', #6864, 1000.000000000000000 ) ;
#1907 = LINE ( 'NONE', #4469, #4805 ) ;
#1908 = CYLINDRICAL_SURFACE ( 'NONE', #4819, 0.09999999999999961697 ) ;
#1909 = ORIENTED_EDGE ( 'NONE', *, *, #6466, .T. ) ;
#1910 = CARTESIAN_POINT ( 'NONE',  ( -2.092844953645623285, 3.149999999999999911, -3.350000000000007638 ) ) ;
#1911 = VECTOR ( 'NONE', #7712, 1000.000000000000000 ) ;
#1912 = DIRECTION ( 'NONE',  ( -5.595882180570348138E-16, 1.000000000000000000, -1.953791820782619180E-30 ) ) ;
#1913 = ORIENTED_EDGE ( 'NONE', *, *, #5861, .T. ) ;
#1914 = VECTOR ( 'NONE', #5927, 999.9999999999998863 ) ;
#1915 = ORIENTED_EDGE ( 'NONE', *, *, #7132, .F. ) ;
#1916 = DIRECTION ( 'NONE',  ( -0.000000000000000000, -1.000000000000000000, -0.000000000000000000 ) ) ;
#1917 = AXIS2_PLACEMENT_3D ( 'NONE', #7834, #8193, #3953 ) ;
#1918 = ADVANCED_FACE ( 'NONE', ( #7100 ), #7050, .F. ) ;
#1919 = ORIENTED_EDGE ( 'NONE', *, *, #4395, .T. ) ;
#1920 = DIRECTION ( 'NONE',  ( 0.3583679495452942176, -0.9335804264972041855, 1.251235008276872297E-15 ) ) ;
#1921 = VECTOR ( 'NONE', #2576, 1000.000000000000000 ) ;
#1922 = CARTESIAN_POINT ( 'NONE',  ( -4.349999999999996092, 0.3000000000000007661, -0.6000000000000150768 ) ) ;
#1923 = FACE_OUTER_BOUND ( 'NONE', #6432, .T. ) ;
#1924 = VECTOR ( 'NONE', #4190, 1000.000000000000000 ) ;
#1925 = ORIENTED_EDGE ( 'NONE', *, *, #5383, .T. ) ;
#1926 = EDGE_LOOP ( 'NONE', ( #1011, #5432, #498, #4358 ) ) ;
#1927 = LINE ( 'NONE', #3719, #1255 ) ;
#1928 = AXIS2_PLACEMENT_3D ( 'NONE', #2130, #6078, #7983 ) ;
#1929 = CARTESIAN_POINT ( 'NONE',  ( 1.084202172485508970E-15, 0.5499999999997778888, -1.301042606982601377E-15 ) ) ;
#1930 = EDGE_CURVE ( 'NONE', #3548, #2914, #7716, .T. ) ;
#1931 = ORIENTED_EDGE ( 'NONE', *, *, #7436, .F. ) ;
#1932 = ORIENTED_EDGE ( 'NONE', *, *, #217, .F. ) ;
#1933 = COLOUR_RGB ( '',0.9019607843137255054, 0.5686274509803921351, 0.2196078431372548989 ) ;
#1934 = VERTEX_POINT ( 'NONE', #4104 ) ;
#1935 = CARTESIAN_POINT ( 'NONE',  ( 2.092844953645646822, 3.149999999999999911, -3.349999999999992539 ) ) ;
#1936 = ORIENTED_EDGE ( 'NONE', *, *, #1241, .F. ) ;
#1937 = EDGE_CURVE ( 'NONE', #6879, #2664, #5275, .T. ) ;
#1938 = DIRECTION ( 'NONE',  ( 0.1908089953765383373, 0.9816271834476651970, 6.662060466405893451E-16 ) ) ;
#1939 = VECTOR ( 'NONE', #7507, 1000.000000000000000 ) ;
#1940 = LINE ( 'NONE', #5281, #6533 ) ;
#1941 = CARTESIAN_POINT ( 'NONE',  ( 2.793071785686867869, -12.43261838873854686, 2.793071785686860320 ) ) ;
#1942 = ORIENTED_EDGE ( 'NONE', *, *, #7666, .F. ) ;
#1943 = DIRECTION ( 'NONE',  ( 3.491481338843133355E-15, -0.000000000000000000, -1.000000000000000000 ) ) ;
#1944 = EDGE_LOOP ( 'NONE', ( #1581, #4007, #782, #2946 ) ) ;
#1945 = DIRECTION ( 'NONE',  ( 3.491481338843133355E-15, 0.000000000000000000, -1.000000000000000000 ) ) ;
#1946 = CARTESIAN_POINT ( 'NONE',  ( -3.889999999999997016, 0.1499999999999999944, -0.6000000000000135225 ) ) ;
#1947 = CARTESIAN_POINT ( 'NONE',  ( -3.300000000000000711, 1.450000000000000178, 0.6499999999999895861 ) ) ;
#1948 = CARTESIAN_POINT ( 'NONE',  ( 3.379999999999999893, 1.633265455320084714, -0.5999999999999880984 ) ) ;
#1949 = EDGE_CURVE ( 'NONE', #1895, #1277, #7761, .T. ) ;
#1950 = CARTESIAN_POINT ( 'NONE',  ( 0.000000000000000000, 0.7500000000000000000, 0.000000000000000000 ) ) ;
#1951 = EDGE_CURVE ( 'NONE', #7025, #3076, #964, .T. ) ;
#1952 = B_SPLINE_CURVE_WITH_KNOTS ( 'NONE', 3,
 ( #2234, #1070, #8050, #7429 ),
 .UNSPECIFIED., .F., .F.,
 ( 4, 4 ),
 ( 8.450600826911382148E-05, 8.850393501935578081E-05 ),
 .UNSPECIFIED. ) ;
#1953 = ORIENTED_EDGE ( 'NONE', *, *, #4999, .F. ) ;
#1954 = ORIENTED_EDGE ( 'NONE', *, *, #2898, .F. ) ;
#1955 = CARTESIAN_POINT ( 'NONE',  ( 4.349999999999999645, 0.1800000000000000488, -0.7999999999999847233 ) ) ;
#1956 = EDGE_CURVE ( 'NONE', #4864, #1711, #5313, .T. ) ;
#1957 = VERTEX_POINT ( 'NONE', #6683 ) ;
#1958 = PLANE ( 'NONE',  #27 ) ;
#1959 = EDGE_CURVE ( 'NONE', #2132, #3010, #6021, .T. ) ;
#1960 = LINE ( 'NONE', #3913, #2944 ) ;
#1961 = DIRECTION ( 'NONE',  ( -3.491481338843133355E-15, 0.000000000000000000, 1.000000000000000000 ) ) ;
#1962 = VERTEX_POINT ( 'NONE', #5900 ) ;
#1963 = ORIENTED_EDGE ( 'NONE', *, *, #6807, .T. ) ;
#1964 = FACE_OUTER_BOUND ( 'NONE', #211, .T. ) ;
#1965 = EDGE_CURVE ( 'NONE', #5160, #5129, #999, .T. ) ;
#1966 = DIRECTION ( 'NONE',  ( -1.000000000000000000, 3.872150616019658341E-17, -3.491481338843133355E-15 ) ) ;
#1967 = ORIENTED_EDGE ( 'NONE', *, *, #1185, .F. ) ;
#1968 = ORIENTED_EDGE ( 'NONE', *, *, #7707, .F. ) ;
#1969 = CARTESIAN_POINT ( 'NONE',  ( 3.349473187838431176, 1.713836642253314002, -0.3848077530121964407 ) ) ;
#1970 = CARTESIAN_POINT ( 'NONE',  ( 2.220815370558869351, 0.7306820342472279961, 1.941772151898743637 ) ) ;
#1971 = EDGE_LOOP ( 'NONE', ( #7328, #3400, #7777, #5308 ) ) ;
#1972 = CARTESIAN_POINT ( 'NONE',  ( 4.529022631662141585, 0.1818845829607163567, 0.8000000000000158096 ) ) ;
#1973 = CARTESIAN_POINT ( 'NONE',  ( -1.781226596065948131, 2.700000000000000178, -3.350000000000006306 ) ) ;
#1974 = CARTESIAN_POINT ( 'NONE',  ( 1.998910873344680095, 2.700000000000000178, 2.369463086951223207 ) ) ;
#1975 = ORIENTED_EDGE ( 'NONE', *, *, #1803, .F. ) ;
#1976 = CARTESIAN_POINT ( 'NONE',  ( 0.000000000000000000, 3.149999999999999911, 0.000000000000000000 ) ) ;
#1977 = LINE ( 'NONE', #2717, #5910 ) ;
#1978 = ORIENTED_EDGE ( 'NONE', *, *, #1458, .F. ) ;
#1979 = DIRECTION ( 'NONE',  ( -0.7009092642998467904, 0.000000000000000000, -0.7132504491541855618 ) ) ;
#1980 = CARTESIAN_POINT ( 'NONE',  ( -3.986143571373706340, 0.5843145750507617864, -1.600000000000017852 ) ) ;
#1981 = CARTESIAN_POINT ( 'NONE',  ( 4.189999999999999503, 1.685000000000000275, -0.5999999999999853229 ) ) ;
#1982 = DIRECTION ( 'NONE',  ( -3.491481338843133355E-15, 0.000000000000000000, 1.000000000000000000 ) ) ;
#1983 = CIRCLE ( 'NONE', #5168, 1.000000000000000222 ) ;
#1984 = DIRECTION ( 'NONE',  ( 5.595882180570345180E-16, 1.000000000000000000, 1.953791820782618129E-30 ) ) ;
#1985 = CONICAL_SURFACE ( 'NONE', #4498, 3.000000000000001776, 1.047197551196600296 ) ;
#1986 = ORIENTED_EDGE ( 'NONE', *, *, #7614, .T. ) ;
#1987 = LINE ( 'NONE', #4874, #2187 ) ;
#1988 = ORIENTED_EDGE ( 'NONE', *, *, #6952, .F. ) ;
#1989 = CARTESIAN_POINT ( 'NONE',  ( 3.313594002942623629, 1.677877601141779307, 0.3882361771441356080 ) ) ;
#1990 = EDGE_LOOP ( 'NONE', ( #4548, #6285, #5140, #178, #801, #6348 ) ) ;
#1991 = ADVANCED_FACE ( 'NONE', ( #7837 ), #5855, .F. ) ;
#1992 = CARTESIAN_POINT ( 'NONE',  ( -4.200000000000000178, 1.850000000000000089, 0.5999999999999853229 ) ) ;
#1993 = FACE_OUTER_BOUND ( 'NONE', #7928, .T. ) ;
#1994 = CARTESIAN_POINT ( 'NONE',  ( 4.800000000000007816, 1.574999999999999067, -0.8999999999999822586 ) ) ;
#1995 = EDGE_CURVE ( 'NONE', #5250, #5952, #3448, .T. ) ;
#1996 = ORIENTED_EDGE ( 'NONE', *, *, #1210, .T. ) ;
#1997 = ADVANCED_FACE ( 'NONE', ( #4726 ), #945, .T. ) ;
#1998 = ORIENTED_EDGE ( 'NONE', *, *, #3909, .T. ) ;
#1999 = PLANE ( 'NONE',  #7220 ) ;
#2000 = VECTOR ( 'NONE', #1088, 1000.000000000000000 ) ;
#2001 = DIRECTION ( 'NONE',  ( 0.000000000000000000, -1.000000000000000000, 0.000000000000000000 ) ) ;
#2002 = ORIENTED_EDGE ( 'NONE', *, *, #1185, .T. ) ;
#2003 = VECTOR ( 'NONE', #5938, 1000.000000000000000 ) ;
#2004 = ORIENTED_EDGE ( 'NONE', *, *, #3293, .F. ) ;
#2005 = ORIENTED_EDGE ( 'NONE', *, *, #7435, .T. ) ;
#2006 = CARTESIAN_POINT ( 'NONE',  ( 2.633093459898344868, 0.8366626608530571829, -1.656188988984961696 ) ) ;
#2007 = ORIENTED_EDGE ( 'NONE', *, *, #3021, .F. ) ;
#2008 = DIRECTION ( 'NONE',  ( 0.000000000000000000, 1.000000000000000000, 0.000000000000000000 ) ) ;
#2009 = DIRECTION ( 'NONE',  ( 1.000000000000000000, 0.000000000000000000, 3.491481338843133355E-15 ) ) ;
#2010 = VERTEX_POINT ( 'NONE', #4607 ) ;
#2011 = LINE ( 'NONE', #6339, #2498 ) ;
#2012 = CARTESIAN_POINT ( 'NONE',  ( 4.529022631662146914, 0.1818845829607163567, -0.7999999999999840572 ) ) ;
#2013 = ORIENTED_EDGE ( 'NONE', *, *, #7990, .T. ) ;
#2014 = ORIENTED_EDGE ( 'NONE', *, *, #5422, .T. ) ;
#2015 = ORIENTED_EDGE ( 'NONE', *, *, #3707, .T. ) ;
#2016 = LINE ( 'NONE', #6418, #3436 ) ;
#2017 = CARTESIAN_POINT ( 'NONE',  ( 4.039999999999994706, 0.5000000000000000000, 0.4000000000000140665 ) ) ;
#2018 = CARTESIAN_POINT ( 'NONE',  ( -3.890000000000001457, 0.2999999999999999889, 0.5999999999999864331 ) ) ;
#2019 = AXIS2_PLACEMENT_3D ( 'NONE', #8184, #6939, #6813 ) ;
#2020 = CARTESIAN_POINT ( 'NONE',  ( -2.801196503173287056, 2.700000000000000178, -2.784947068191653941 ) ) ;
#2021 = CARTESIAN_POINT ( 'NONE',  ( 2.220815370558883117, 0.7306820342472279961, -1.941772151898728094 ) ) ;
#2022 = AXIS2_PLACEMENT_3D ( 'NONE', #2638, #2065, #4597 ) ;
#2023 = AXIS2_PLACEMENT_3D ( 'NONE', #7664, #3308, #1982 ) ;
#2024 = ORIENTED_EDGE ( 'NONE', *, *, #1746, .T. ) ;
#2025 = CARTESIAN_POINT ( 'NONE',  ( -1.444175225250820205, 2.955459681652433002, 2.672841773384085240 ) ) ;
#2026 = CIRCLE ( 'NONE', #2955, 0.004999999999999796274 ) ;
#2027 = ORIENTED_EDGE ( 'NONE', *, *, #7435, .F. ) ;
#2028 = AXIS2_PLACEMENT_3D ( 'NONE', #6276, #1916, #5116 ) ;
#2029 = CARTESIAN_POINT ( 'NONE',  ( 2.134476815985820952, 2.700000000000000178, 2.370576664446644610 ) ) ;
#2030 = CARTESIAN_POINT ( 'NONE',  ( 4.138993232963967372, 1.830902616354413759, 0.4000000000000144551 ) ) ;
#2031 = ORIENTED_EDGE ( 'NONE', *, *, #6009, .F. ) ;
#2032 = AXIS2_PLACEMENT_3D ( 'NONE', #5639, #2528, #1153 ) ;
#2033 = CARTESIAN_POINT ( 'NONE',  ( -4.800000000000002487, -12.43261838873854686, 1.499999999999983347 ) ) ;
#2034 = LINE ( 'NONE', #8226, #5077 ) ;
#2035 = EDGE_CURVE ( 'NONE', #7622, #5761, #4653, .T. ) ;
#2036 = CARTESIAN_POINT ( 'NONE',  ( 0.000000000000000000, 1.437346735502356143, 0.000000000000000000 ) ) ;
#2037 = AXIS2_PLACEMENT_3D ( 'NONE', #10, #3930, #5096 ) ;
#2038 = ORIENTED_EDGE ( 'NONE', *, *, #1705, .F. ) ;
#2039 = CIRCLE ( 'NONE', #6681, 1.000000000000000000 ) ;
#2040 = EDGE_CURVE ( 'NONE', #1962, #4457, #3485, .T. ) ;
#2041 = VERTEX_POINT ( 'NONE', #3989 ) ;
#2042 = LINE ( 'NONE', #3992, #6421 ) ;
#2043 = AXIS2_PLACEMENT_3D ( 'NONE', #2739, #3326, #3246 ) ;
#2044 = ADVANCED_FACE ( 'NONE', ( #324 ), #869, .F. ) ;
#2045 = DIRECTION ( 'NONE',  ( -3.491481338843133355E-15, 0.000000000000000000, 1.000000000000000000 ) ) ;
#2046 = EDGE_CURVE ( 'NONE', #5685, #7009, #4148, .T. ) ;
#2047 = AXIS2_PLACEMENT_3D ( 'NONE', #425, #2384, #7498 ) ;
#2048 = EDGE_LOOP ( 'NONE', ( #2539, #1048, #2590, #5969, #1915, #6165 ) ) ;
#2049 = EDGE_CURVE ( 'NONE', #3200, #6648, #4033, .T. ) ;
#2050 = CIRCLE ( 'NONE', #5641, 0.3500000000000000333 ) ;
#2051 = ORIENTED_EDGE ( 'NONE', *, *, #5803, .F. ) ;
#2052 = ORIENTED_EDGE ( 'NONE', *, *, #7208, .T. ) ;
#2053 = DIRECTION ( 'NONE',  ( 0.000000000000000000, 1.000000000000000000, 0.000000000000000000 ) ) ;
#2054 = EDGE_LOOP ( 'NONE', ( #5505, #5230, #7671, #1467, #512, #1154 ) ) ;
#2055 = EDGE_CURVE ( 'NONE', #598, #8004, #2204, .T. ) ;
#2056 = LINE ( 'NONE', #4586, #6157 ) ;
#2057 = FACE_OUTER_BOUND ( 'NONE', #7847, .T. ) ;
#2058 = ORIENTED_EDGE ( 'NONE', *, *, #6218, .F. ) ;
#2059 = DIRECTION ( 'NONE',  ( -1.000000000000000000, 0.000000000000000000, -3.491481338843133355E-15 ) ) ;
#2060 = DIRECTION ( 'NONE',  ( -1.000000000000000000, 0.000000000000000000, -3.491481338843133355E-15 ) ) ;
#2061 = EDGE_CURVE ( 'NONE', #4582, #7797, #5037, .T. ) ;
#2062 = ORIENTED_EDGE ( 'NONE', *, *, #4079, .T. ) ;
#2063 = CARTESIAN_POINT ( 'NONE',  ( 0.000000000000000000, 2.700000000000000178, 0.000000000000000000 ) ) ;
#2064 = EDGE_CURVE ( 'NONE', #3814, #2879, #273, .T. ) ;
#2065 = DIRECTION ( 'NONE',  ( -1.301981320592949974E-30, -1.000000000000000000, 3.729022710527641551E-16 ) ) ;
#2066 = CARTESIAN_POINT ( 'NONE',  ( 3.299999999999998490, 1.640077121507191205, -0.3924870250925087678 ) ) ;
#2067 = VERTEX_POINT ( 'NONE', #1162 ) ;
#2068 = CARTESIAN_POINT ( 'NONE',  ( -0.3941281571845471898, 1.131430466914578492, -0.6000000000000013101 ) ) ;
#2069 = DIRECTION ( 'NONE',  ( -3.491481338843133355E-15, 0.000000000000000000, 1.000000000000000000 ) ) ;
#2070 = ORIENTED_EDGE ( 'NONE', *, *, #2776, .F. ) ;
#2071 = DIRECTION ( 'NONE',  ( 1.000000000000000000, 0.000000000000000000, -1.704365815147223825E-13 ) ) ;
#2072 = VERTEX_POINT ( 'NONE', #2461 ) ;
#2073 = DIRECTION ( 'NONE',  ( -1.000000000000000000, -0.000000000000000000, -3.277319941596422730E-15 ) ) ;
#2074 = PLANE ( 'NONE',  #3651 ) ;
#2075 = EDGE_LOOP ( 'NONE', ( #8210, #6330, #4772 ) ) ;
#2076 = PLANE ( 'NONE',  #1623 ) ;
#2077 = CARTESIAN_POINT ( 'NONE',  ( -2.971636754383003787, 0.000000000000000000, -1.600000000000015188 ) ) ;
#2078 = CARTESIAN_POINT ( 'NONE',  ( 3.233503465900520624, 1.810575256224715934, -0.3615549660506618967 ) ) ;
#2079 = EDGE_CURVE ( 'NONE', #3924, #5137, #6762, .T. ) ;
#2080 = AXIS2_PLACEMENT_3D ( 'NONE', #6132, #1155, #8085 ) ;
#2081 = ORIENTED_EDGE ( 'NONE', *, *, #6062, .F. ) ;
#2082 = ADVANCED_FACE ( 'NONE', ( #5442 ), #503, .T. ) ;
#2083 = ORIENTED_EDGE ( 'NONE', *, *, #477, .F. ) ;
#2084 = FACE_OUTER_BOUND ( 'NONE', #6385, .T. ) ;
#2085 = CARTESIAN_POINT ( 'NONE',  ( -2.294154044586106167, 0.5832581321901016969, -0.6500000000000102363 ) ) ;
#2086 = VERTEX_POINT ( 'NONE', #369 ) ;
#2087 = ORIENTED_EDGE ( 'NONE', *, *, #1687, .T. ) ;
#2088 = ORIENTED_EDGE ( 'NONE', *, *, #7223, .F. ) ;
#2089 = EDGE_CURVE ( 'NONE', #5195, #1934, #7966, .T. ) ;
#2090 = CARTESIAN_POINT ( 'NONE',  ( -4.799999999999991829, 3.050000000000000266, -1.500000000000016653 ) ) ;
#2091 = ADVANCED_FACE ( 'NONE', ( #6102 ), #5727, .F. ) ;
#2092 = CARTESIAN_POINT ( 'NONE',  ( 2.973634140239855395, 0.000000000000000000, -2.599999999999986322 ) ) ;
#2093 = ORIENTED_EDGE ( 'NONE', *, *, #7340, .T. ) ;
#2094 = LINE ( 'NONE', #3844, #1247 ) ;
#2095 = CARTESIAN_POINT ( 'NONE',  ( -3.986143571373707228, 0.3500000000000000333, -1.600000000000017852 ) ) ;
#2096 = VERTEX_POINT ( 'NONE', #6227 ) ;
#2097 = CARTESIAN_POINT ( 'NONE',  ( -2.396031216096933036, 2.700000000000000178, -2.376901220389489922 ) ) ;
#2098 = DIRECTION ( 'NONE',  ( 0.000000000000000000, 1.000000000000000000, 0.000000000000000000 ) ) ;
#2099 = VECTOR ( 'NONE', #4869, 1000.000000000000000 ) ;
#2100 = EDGE_LOOP ( 'NONE', ( #2662, #8067, #8113, #131 ) ) ;
#2101 = ADVANCED_FACE ( 'NONE', ( #6802 ), #4271, .T. ) ;
#2102 = EDGE_CURVE ( 'NONE', #1617, #741, #8136, .T. ) ;
#2103 = ORIENTED_EDGE ( 'NONE', *, *, #6524, .F. ) ;
#2104 = CARTESIAN_POINT ( 'NONE',  ( 1.942111233446783602, 2.933493649053888319, -2.286548698755870745 ) ) ;
#2105 = CARTESIAN_POINT ( 'NONE',  ( 2.971635679190045565, 0.4183700343548711342, 1.600001996925260350 ) ) ;
#2106 = CARTESIAN_POINT ( 'NONE',  ( 4.529022631662141585, 0.1818845829607163567, 0.8000000000000158096 ) ) ;
#2107 = CARTESIAN_POINT ( 'NONE',  ( 4.349999999999999645, 0.3000000000000024314, -0.5999999999999847677 ) ) ;
#2108 = FACE_OUTER_BOUND ( 'NONE', #791, .T. ) ;
#2109 = CARTESIAN_POINT ( 'NONE',  ( -2.268242884571779250, 2.700000000000000178, 2.250133155302035171 ) ) ;
#2110 = CARTESIAN_POINT ( 'NONE',  ( 3.176618150167380694, 0.9624978469009392024, 0.5429620263278605030 ) ) ;
#2111 = EDGE_CURVE ( 'NONE', #4527, #6874, #1038, .T. ) ;
#2112 = CARTESIAN_POINT ( 'NONE',  ( -2.503258662110540822, 5.421010862427522170E-17, 0.5999999999999912070 ) ) ;
#2113 = VERTEX_POINT ( 'NONE', #541 ) ;
#2114 = DIRECTION ( 'NONE',  ( 1.000000000000000000, 0.000000000000000000, 3.491481338843133355E-15 ) ) ;
#2115 = ADVANCED_FACE ( 'NONE', ( #3070 ), #8017, .T. ) ;
#2116 = CARTESIAN_POINT ( 'NONE',  ( 5.199999999999999289, -0.6082762530298271297, -0.2999999999999832245 ) ) ;
#2117 = CARTESIAN_POINT ( 'NONE',  ( -2.503258662110536381, 5.421010862427522170E-17, -0.6000000000000087486 ) ) ;
#2118 = DIRECTION ( 'NONE',  ( -3.491481338843133355E-15, 0.000000000000000000, 1.000000000000000000 ) ) ;
#2119 = DIRECTION ( 'NONE',  ( -0.4694715627858890850, 0.000000000000000000, -0.8829475928589277656 ) ) ;
#2120 = ORIENTED_EDGE ( 'NONE', *, *, #3289, .T. ) ;
#2121 = VECTOR ( 'NONE', #5907, 1000.000000000000000 ) ;
#2122 = ORIENTED_EDGE ( 'NONE', *, *, #5383, .F. ) ;
#2123 = DIRECTION ( 'NONE',  ( -1.000000000000000000, 0.000000000000000000, -4.065758146820674760E-15 ) ) ;
#2124 = FACE_OUTER_BOUND ( 'NONE', #2540, .T. ) ;
#2125 = LINE ( 'NONE', #6646, #3447 ) ;
#2126 = DIRECTION ( 'NONE',  ( -4.133965530583266021E-15, 0.000000000000000000, 1.000000000000000000 ) ) ;
#2127 = ORIENTED_EDGE ( 'NONE', *, *, #6457, .T. ) ;
#2128 = EDGE_LOOP ( 'NONE', ( #8213, #7781, #2549 ) ) ;
#2129 = ORIENTED_EDGE ( 'NONE', *, *, #1039, .T. ) ;
#2130 = CARTESIAN_POINT ( 'NONE',  ( 0.000000000000000000, 2.700000000000000178, 0.000000000000000000 ) ) ;
#2131 = CARTESIAN_POINT ( 'NONE',  ( 1.998228104891459189, 2.947011965217751328, 2.268961607784731882 ) ) ;
#2132 = VERTEX_POINT ( 'NONE', #7351 ) ;
#2133 = CARTESIAN_POINT ( 'NONE',  ( -2.503258662110536381, 0.3499999999999999778, -0.6000000000000087486 ) ) ;
#2134 = CYLINDRICAL_SURFACE ( 'NONE', #292, 0.2000000000000000944 ) ;
#2135 = ORIENTED_EDGE ( 'NONE', *, *, #3778, .F. ) ;
#2136 = LINE ( 'NONE', #4053, #862 ) ;
#2137 = FACE_OUTER_BOUND ( 'NONE', #7448, .T. ) ;
#2138 = ORIENTED_EDGE ( 'NONE', *, *, #808, .T. ) ;
#2139 = ORIENTED_EDGE ( 'NONE', *, *, #1257, .T. ) ;
#2140 = CARTESIAN_POINT ( 'NONE',  ( -4.349999999999994316, 0.1800000000000000488, -0.9000000000000151212 ) ) ;
#2141 = DIRECTION ( 'NONE',  ( 3.491481338843133355E-15, -0.000000000000000000, -1.000000000000000000 ) ) ;
#2142 = VECTOR ( 'NONE', #3028, 1000.000000000000000 ) ;
#2143 = DIRECTION ( 'NONE',  ( -3.491481338843132961E-15, 3.903127819765519555E-16, 1.000000000000000000 ) ) ;
#2144 = DIRECTION ( 'NONE',  ( -0.4305110968082899725, 0.9025852843498630707, -1.503121460671034068E-15 ) ) ;
#2145 = FACE_OUTER_BOUND ( 'NONE', #1349, .T. ) ;
#2146 = CARTESIAN_POINT ( 'NONE',  ( 1.934429877430351885, 2.700000000000000178, -2.293028793823750799 ) ) ;
#2147 = EDGE_CURVE ( 'NONE', #4045, #1493, #3578, .T. ) ;
#2148 = EDGE_CURVE ( 'NONE', #1574, #7601, #3669, .T. ) ;
#2149 = ORIENTED_EDGE ( 'NONE', *, *, #3473, .F. ) ;
#2150 = EDGE_CURVE ( 'NONE', #558, #1417, #1830, .T. ) ;
#2151 = PLANE ( 'NONE',  #5232 ) ;
#2152 = ORIENTED_EDGE ( 'NONE', *, *, #4635, .T. ) ;
#2153 = CARTESIAN_POINT ( 'NONE',  ( -4.199999999999997513, 1.850000000000000089, -0.6000000000000146327 ) ) ;
#2154 = CIRCLE ( 'NONE', #6523, 0.2000000000000000944 ) ;
#2155 = CARTESIAN_POINT ( 'NONE',  ( 2.973634140239837187, 0.3500000000000000333, 2.600000000000007194 ) ) ;
#2156 = CARTESIAN_POINT ( 'NONE',  ( 3.401316701949480326, 0.1800000000000000488, 0.8000000000000118128 ) ) ;
#2157 = CARTESIAN_POINT ( 'NONE',  ( -2.092844953645646822, 2.700000000000000178, 3.349999999999992539 ) ) ;
#2158 = CARTESIAN_POINT ( 'NONE',  ( 3.149999999999999467, 1.605021147079878974, -0.3900054565423086705 ) ) ;
#2159 = AXIS2_PLACEMENT_3D ( 'NONE', #3484, #6560, #4195 ) ;
#2160 = AXIS2_PLACEMENT_3D ( 'NONE', #2876, #5419, #2256 ) ;
#2161 = CIRCLE ( 'NONE', #7600, 3.000000000000001776 ) ;
#2162 = ORIENTED_EDGE ( 'NONE', *, *, #5618, .T. ) ;
#2163 = VERTEX_POINT ( 'NONE', #4814 ) ;
#2164 = EDGE_CURVE ( 'NONE', #990, #4678, #1199, .T. ) ;
#2165 = CARTESIAN_POINT ( 'NONE',  ( -5.300000000000000711, 0.1500000000000052403, -0.3000000000000198619 ) ) ;
#2166 = VECTOR ( 'NONE', #7912, 1000.000000000000000 ) ;
#2167 = CIRCLE ( 'NONE', #6804, 0.3999999999999999667 ) ;
#2168 = DIRECTION ( 'NONE',  ( -0.9335804264972046296, -0.3583679495452928299, -3.259578637424203340E-15 ) ) ;
#2169 = LINE ( 'NONE', #4697, #3047 ) ;
#2170 = VECTOR ( 'NONE', #6889, 1000.000000000000000 ) ;
#2171 = DIRECTION ( 'NONE',  ( -0.000000000000000000, 1.000000000000000000, -0.000000000000000000 ) ) ;
#2172 = ORIENTED_EDGE ( 'NONE', *, *, #671, .T. ) ;
#2173 = ORIENTED_EDGE ( 'NONE', *, *, #2919, .T. ) ;
#2174 = DIRECTION ( 'NONE',  ( 1.000000000000000000, 0.000000000000000000, 3.491481338843133355E-15 ) ) ;
#2175 = AXIS2_PLACEMENT_3D ( 'NONE', #3054, #5018, #8164 ) ;
#2176 = CYLINDRICAL_SURFACE ( 'NONE', #5741, 1.000000000000000000 ) ;
#2177 = ORIENTED_EDGE ( 'NONE', *, *, #759, .F. ) ;
#2178 = DIRECTION ( 'NONE',  ( -1.000000000000000000, 0.000000000000000000, -3.491481338843133355E-15 ) ) ;
#2179 = VECTOR ( 'NONE', #6291, 1000.000000000000114 ) ;
#2180 =( NAMED_UNIT ( * ) PLANE_ANGLE_UNIT ( ) SI_UNIT ( $, .RADIAN. ) );
#2181 = ADVANCED_FACE ( 'NONE', ( #1077 ), #2332, .F. ) ;
#2182 = DIRECTION ( 'NONE',  ( -1.000000000000000000, 0.000000000000000000, -3.491481338843133355E-15 ) ) ;
#2183 = VECTOR ( 'NONE', #5967, 1000.000000000000000 ) ;
#2184 = DIRECTION ( 'NONE',  ( 0.9025852843498630707, 0.4305110968082899725, 3.151359677021970066E-15 ) ) ;
#2185 = ORIENTED_EDGE ( 'NONE', *, *, #6924, .T. ) ;
#2186 = ORIENTED_EDGE ( 'NONE', *, *, #3562, .F. ) ;
#2187 = VECTOR ( 'NONE', #1092, 1000.000000000000000 ) ;
#2188 = FACE_OUTER_BOUND ( 'NONE', #1511, .T. ) ;
#2189 = DIRECTION ( 'NONE',  ( -1.000000000000000000, 0.000000000000000000, -3.252606517456511724E-15 ) ) ;
#2190 = DIRECTION ( 'NONE',  ( 1.000000000000000000, 0.000000000000000000, 0.000000000000000000 ) ) ;
#2191 = FACE_OUTER_BOUND ( 'NONE', #1459, .T. ) ;
#2192 = DIRECTION ( 'NONE',  ( -3.491481338843133355E-15, 0.000000000000000000, 1.000000000000000000 ) ) ;
#2193 = CARTESIAN_POINT ( 'NONE',  ( 3.233503465900517959, 1.810575256224715934, 0.3615549660506844343 ) ) ;
#2194 = EDGE_LOOP ( 'NONE', ( #6366, #7508, #3792 ) ) ;
#2195 = DIRECTION ( 'NONE',  ( -0.7044604723609805275, 0.08643428580064323186, 0.7044604723609955155 ) ) ;
#2196 = EDGE_CURVE ( 'NONE', #7035, #5250, #575, .T. ) ;
#2197 = EDGE_LOOP ( 'NONE', ( #3936, #1357, #5118, #4225 ) ) ;
#2198 = EDGE_CURVE ( 'NONE', #6675, #1900, #2754, .T. ) ;
#2199 = FACE_OUTER_BOUND ( 'NONE', #4467, .T. ) ;
#2200 = DIRECTION ( 'NONE',  ( -1.000000000000000000, 0.000000000000000000, -3.491481338843133355E-15 ) ) ;
#2201 = DIRECTION ( 'NONE',  ( -0.000000000000000000, 1.000000000000000000, -0.000000000000000000 ) ) ;
#2202 = VECTOR ( 'NONE', #2519, 1000.000000000000000 ) ;
#2203 = ADVANCED_FACE ( 'NONE', ( #3387 ), #92, .F. ) ;
#2204 = LINE ( 'NONE', #148, #2003 ) ;
#2205 = CARTESIAN_POINT ( 'NONE',  ( -1.454604435350174807, 2.990297223484845279, -2.735713058173244505 ) ) ;
#2206 = ORIENTED_EDGE ( 'NONE', *, *, #362, .F. ) ;
#2207 = EDGE_CURVE ( 'NONE', #3835, #6319, #4236, .T. ) ;
#2208 = ORIENTED_EDGE ( 'NONE', *, *, #7709, .T. ) ;
#2209 = CARTESIAN_POINT ( 'NONE',  ( -2.134476815985793419, 2.700000000000000178, 2.370576664446630399 ) ) ;
#2210 = EDGE_CURVE ( 'NONE', #3814, #1395, #5069, .T. ) ;
#2211 = CARTESIAN_POINT ( 'NONE',  ( -2.973634140239854506, 0.6999999999999999556, 2.599999999999986766 ) ) ;
#2212 = CARTESIAN_POINT ( 'NONE',  ( 4.351339312526826042, 0.3000000000000005440, -3.944646165029753515 ) ) ;
#2213 = VECTOR ( 'NONE', #3733, 1000.000000000000000 ) ;
#2214 = CARTESIAN_POINT ( 'NONE',  ( -0.3117514303509923423, 1.007520338851501274, -0.5877090245699814197 ) ) ;
#2215 = ORIENTED_EDGE ( 'NONE', *, *, #3157, .F. ) ;
#2216 = ORIENTED_EDGE ( 'NONE', *, *, #3040, .T. ) ;
#2217 = CARTESIAN_POINT ( 'NONE',  ( 2.407220265895360090, 2.999999999999999112, 2.365568767012000251 ) ) ;
#2218 = DIRECTION ( 'NONE',  ( 0.9335804264972046296, 0.3583679495452928299, 3.259578637424203340E-15 ) ) ;
#2219 = ORIENTED_EDGE ( 'NONE', *, *, #6976, .T. ) ;
#2220 = FACE_OUTER_BOUND ( 'NONE', #651, .T. ) ;
#2221 = EDGE_CURVE ( 'NONE', #4399, #1341, #2670, .T. ) ;
#2222 = CARTESIAN_POINT ( 'NONE',  ( 0.000000000000000000, 3.149999999999999911, 0.000000000000000000 ) ) ;
#2223 = EDGE_LOOP ( 'NONE', ( #924, #5592, #4646, #6655 ) ) ;
#2224 = FACE_OUTER_BOUND ( 'NONE', #7199, .T. ) ;
#2225 = DIRECTION ( 'NONE',  ( -5.595882180570345180E-16, -1.000000000000000000, -1.953791820782618129E-30 ) ) ;
#2226 = ORIENTED_EDGE ( 'NONE', *, *, #3211, .F. ) ;
#2227 = CARTESIAN_POINT ( 'NONE',  ( -4.086143571373707317, 3.050000000000001599, -1.500000000000016875 ) ) ;
#2228 = LINE ( 'NONE', #6708, #3752 ) ;
#2229 = CARTESIAN_POINT ( 'NONE',  ( -4.194999999999997620, 1.850000000000000089, -0.6000000000000146327 ) ) ;
#2230 = CARTESIAN_POINT ( 'NONE',  ( 3.749962936025417637, 0.4462448075682057258, -0.3999999999999868661 ) ) ;
#2231 = PLANE ( 'NONE',  #830 ) ;
#2232 = VERTEX_POINT ( 'NONE', #3262 ) ;
#2233 = CARTESIAN_POINT ( 'NONE',  ( 0.000000000000000000, 3.149999999999999911, 0.000000000000000000 ) ) ;
#2234 = CARTESIAN_POINT ( 'NONE',  ( 3.149999999999999467, 1.633265455320084714, -0.3854590165138429558 ) ) ;
#2235 = ORIENTED_EDGE ( 'NONE', *, *, #5237, .F. ) ;
#2236 = LINE ( 'NONE', #365, #833 ) ;
#2237 = ADVANCED_FACE ( 'NONE', ( #5293 ), #222, .F. ) ;
#2238 = PLANE ( 'NONE',  #6394 ) ;
#2239 = DIRECTION ( 'NONE',  ( 1.000000000000000000, -0.000000000000000000, 3.491481338843133750E-15 ) ) ;
#2240 = B_SPLINE_CURVE_WITH_KNOTS ( 'NONE', 3,
 ( #7038, #2759, #5299, #7128, #2609, #7164, #6419 ),
 .UNSPECIFIED., .F., .F.,
 ( 4, 3, 4 ),
 ( 7.424247969555137269E-05, 8.078087527944001413E-05, 0.0001034835970355225406 ),
 .UNSPECIFIED. ) ;
#2241 = DIRECTION ( 'NONE',  ( 3.491481338843133355E-15, -0.000000000000000000, -1.000000000000000000 ) ) ;
#2242 = DIRECTION ( 'NONE',  ( 1.000000000000000000, 0.000000000000000000, 3.491481338843133355E-15 ) ) ;
#2243 = ORIENTED_EDGE ( 'NONE', *, *, #4628, .T. ) ;
#2244 = ORIENTED_EDGE ( 'NONE', *, *, #6361, .F. ) ;
#2245 = DIRECTION ( 'NONE',  ( -3.491481338843133355E-15, 0.000000000000000000, 1.000000000000000000 ) ) ;
#2246 = CARTESIAN_POINT ( 'NONE',  ( 4.499999999999995559, 0.1699999999999997902, 0.5000000000000157652 ) ) ;
#2247 = CARTESIAN_POINT ( 'NONE',  ( 1.934429877430351885, 2.933493649053888319, -2.293028793823750799 ) ) ;
#2248 = CARTESIAN_POINT ( 'NONE',  ( -2.857867044016750846, 1.042322325207151623, 1.605688869751927594 ) ) ;
#2249 = EDGE_CURVE ( 'NONE', #6996, #1053, #7034, .T. ) ;
#2250 = ORIENTED_EDGE ( 'NONE', *, *, #5778, .T. ) ;
#2251 = VECTOR ( 'NONE', #5449, 999.9999999999998863 ) ;
#2252 = EDGE_CURVE ( 'NONE', #2959, #2774, #3887, .T. ) ;
#2253 = ORIENTED_EDGE ( 'NONE', *, *, #1257, .F. ) ;
#2254 = CARTESIAN_POINT ( 'NONE',  ( -2.962151195665950087, 0.4854861879992199980, 1.617909870804547845 ) ) ;
#2255 = CARTESIAN_POINT ( 'NONE',  ( -1.476356226440826758, 2.934431330114960268, -2.613466728633501379 ) ) ;
#2256 = DIRECTION ( 'NONE',  ( -0.4694715627858951912, 0.000000000000000000, 0.8829475928589246569 ) ) ;
#2257 = ORIENTED_EDGE ( 'NONE', *, *, #6322, .F. ) ;
#2258 = CARTESIAN_POINT ( 'NONE',  ( 1.442899194636066973, 2.971705959673204500, 2.705475719324121453 ) ) ;
#2259 = SURFACE_STYLE_FILL_AREA ( #255 ) ;
#2260 = CARTESIAN_POINT ( 'NONE',  ( 3.401316701949486099, 0.000000000000000000, -0.8999999999999882538 ) ) ;
#2261 = ORIENTED_EDGE ( 'NONE', *, *, #7232, .F. ) ;
#2262 = EDGE_LOOP ( 'NONE', ( #1611, #6317, #4553, #5824, #7901 ) ) ;
#2263 = DIRECTION ( 'NONE',  ( -3.491481338843133355E-15, 0.000000000000000000, 1.000000000000000000 ) ) ;
#2264 = CARTESIAN_POINT ( 'NONE',  ( -4.350000000000000533, 0.1800000000000000488, 0.7999999999999847233 ) ) ;
#2265 = DIRECTION ( 'NONE',  ( 1.000000000000000000, 1.175494350822286982E-30, 4.575683511328637789E-15 ) ) ;
#2266 = AXIS2_PLACEMENT_3D ( 'NONE', #2289, #1500, #1546 ) ;
#2267 = DIRECTION ( 'NONE',  ( 1.000000000000000000, 0.000000000000000000, 3.491481338843133355E-15 ) ) ;
#2268 = FACE_OUTER_BOUND ( 'NONE', #6641, .T. ) ;
#2269 = VERTEX_POINT ( 'NONE', #5798 ) ;
#2270 = DIRECTION ( 'NONE',  ( -1.000000000000000000, 0.000000000000000000, -3.491481338843133355E-15 ) ) ;
#2271 = ORIENTED_EDGE ( 'NONE', *, *, #4912, .F. ) ;
#2272 = VECTOR ( 'NONE', #7395, 1000.000000000000000 ) ;
#2273 = CARTESIAN_POINT ( 'NONE',  ( -0.1250160051490182556, 1.114930702365728887, 0.5999999999999995337 ) ) ;
#2274 = ORIENTED_EDGE ( 'NONE', *, *, #3892, .F. ) ;
#2275 = DIRECTION ( 'NONE',  ( 0.000000000000000000, 1.000000000000000000, 0.000000000000000000 ) ) ;
#2276 = CARTESIAN_POINT ( 'NONE',  ( -4.799999999999999822, 1.574999999999999289, -0.9000000000000151212 ) ) ;
#2277 = CARTESIAN_POINT ( 'NONE',  ( -3.362755566496026916, 3.050000000000000266, 0.6499999999999894751 ) ) ;
#2278 = CARTESIAN_POINT ( 'NONE',  ( 3.552499999999999769, 1.880000000000000115, -0.5999999999999875433 ) ) ;
#2279 = CARTESIAN_POINT ( 'NONE',  ( -3.986143571373698347, 0.2899999999999998690, -3.944646165029782825 ) ) ;
#2280 = ORIENTED_EDGE ( 'NONE', *, *, #7438, .F. ) ;
#2281 = ORIENTED_EDGE ( 'NONE', *, *, #8007, .T. ) ;
#2282 = VECTOR ( 'NONE', #4508, 1000.000000000000000 ) ;
#2283 = ORIENTED_EDGE ( 'NONE', *, *, #7232, .T. ) ;
#2284 = DIRECTION ( 'NONE',  ( -0.000000000000000000, 1.000000000000000000, -0.000000000000000000 ) ) ;
#2285 = DIRECTION ( 'NONE',  ( 2.502581795060402787E-16, 0.9974279109682614441, -0.07167679137273028078 ) ) ;
#2286 = ADVANCED_FACE ( 'NONE', ( #2137 ), #5258, .F. ) ;
#2287 = AXIS2_PLACEMENT_3D ( 'NONE', #4326, #3749, #8225 ) ;
#2288 = CARTESIAN_POINT ( 'NONE',  ( 4.199999999999995737, 1.685000000000000275, 0.4000000000000146771 ) ) ;
#2289 = CARTESIAN_POINT ( 'NONE',  ( -2.417156442748878309, 0.1694829431300273470, -0.6000000000000084155 ) ) ;
#2290 = VECTOR ( 'NONE', #5302, 999.9999999999998863 ) ;
#2291 = ORIENTED_EDGE ( 'NONE', *, *, #5157, .F. ) ;
#2292 = EDGE_CURVE ( 'NONE', #1021, #3861, #6412, .T. ) ;
#2293 = VERTEX_POINT ( 'NONE', #3116 ) ;
#2294 = VECTOR ( 'NONE', #4812, 1000.000000000000000 ) ;
#2295 = B_SPLINE_CURVE_WITH_KNOTS ( 'NONE', 3,
 ( #2858, #2896, #6636, #4765 ),
 .UNSPECIFIED., .F., .F.,
 ( 4, 4 ),
 ( 0.000000000000000000, 0.9139991345532509914 ),
 .UNSPECIFIED. ) ;
#2296 = VECTOR ( 'NONE', #1040, 1000.000000000000000 ) ;
#2297 = ORIENTED_EDGE ( 'NONE', *, *, #3919, .F. ) ;
#2298 = CARTESIAN_POINT ( 'NONE',  ( -2.973634140239836299, 0.3500000000000000333, -2.600000000000007638 ) ) ;
#2299 = CARTESIAN_POINT ( 'NONE',  ( -0.3506623262364830795, 1.222558476567801256, 0.5999999999999987566 ) ) ;
#2300 = DIRECTION ( 'NONE',  ( -2.502581795060402787E-16, 0.9974279109682614441, 0.07167679137273028078 ) ) ;
#2301 = ORIENTED_EDGE ( 'NONE', *, *, #731, .F. ) ;
#2302 = EDGE_CURVE ( 'NONE', #5249, #544, #1977, .T. ) ;
#2303 = CIRCLE ( 'NONE', #2697, 2.500000000757275131 ) ;
#2304 = CARTESIAN_POINT ( 'NONE',  ( -5.200000000000001954, 0.1834367172890583597, 0.7999999999999818368 ) ) ;
#2305 = EDGE_CURVE ( 'NONE', #7894, #4520, #6182, .T. ) ;
#2306 = VECTOR ( 'NONE', #5795, 1000.000000000000000 ) ;
#2307 = DIRECTION ( 'NONE',  ( 0.000000000000000000, 1.000000000000000000, 0.000000000000000000 ) ) ;
#2308 = LINE ( 'NONE', #6583, #2600 ) ;
#2309 = B_SPLINE_CURVE_WITH_KNOTS ( 'NONE', 3,
 ( #4851, #4927, #4308, #8002 ),
 .UNSPECIFIED., .F., .F.,
 ( 4, 4 ),
 ( 0.000000000000000000, 1.000000000000000000 ),
 .UNSPECIFIED. ) ;
#2310 = ORIENTED_EDGE ( 'NONE', *, *, #3931, .F. ) ;
#2311 = CIRCLE ( 'NONE', #711, 0.004999999999999796274 ) ;
#2312 = ORIENTED_EDGE ( 'NONE', *, *, #3670, .T. ) ;
#2313 = CARTESIAN_POINT ( 'NONE',  ( 5.200000000000001066, 0.1499999999999999667, -0.5999999999999818812 ) ) ;
#2314 = ADVANCED_FACE ( 'NONE', ( #7077 ), #6315, .F. ) ;
#2315 = VECTOR ( 'NONE', #7245, 1000.000000000000000 ) ;
#2316 = CARTESIAN_POINT ( 'NONE',  ( 4.086143571373707317, 3.050000000000000711, 1.500000000000016875 ) ) ;
#2317 = CARTESIAN_POINT ( 'NONE',  ( 4.349999999999999645, 0.3199999999999999512, -0.5499999999999864997 ) ) ;
#2318 = VECTOR ( 'NONE', #7634, 1000.000000000000000 ) ;
#2319 = DIRECTION ( 'NONE',  ( -3.491481338843133355E-15, 0.000000000000000000, 1.000000000000000000 ) ) ;
#2320 = DIRECTION ( 'NONE',  ( -0.9980094749326244852, 0.000000000000000000, 0.06306415736935970517 ) ) ;
#2321 = ORIENTED_EDGE ( 'NONE', *, *, #5413, .F. ) ;
#2322 = AXIS2_PLACEMENT_3D ( 'NONE', #1415, #80, #3370 ) ;
#2323 = CARTESIAN_POINT ( 'NONE',  ( -4.086143571373707317, 0.000000000000000000, -1.500000000000016875 ) ) ;
#2324 = CIRCLE ( 'NONE', #6168, 2.948711915483249513 ) ;
#2325 = VERTEX_POINT ( 'NONE', #6454 ) ;
#2326 = CARTESIAN_POINT ( 'NONE',  ( -0.4184910680103056668, 1.080352562167677943, -0.6000000000000013101 ) ) ;
#2327 = ORIENTED_EDGE ( 'NONE', *, *, #1937, .F. ) ;
#2328 = CARTESIAN_POINT ( 'NONE',  ( -4.199999999999996625, 0.3000000000000008771, -0.6000000000000146327 ) ) ;
#2329 = AXIS2_PLACEMENT_3D ( 'NONE', #5987, #4047, #6697 ) ;
#2330 = CARTESIAN_POINT ( 'NONE',  ( 4.149999999999998579, 3.050000000000000266, -0.3499999999999872102 ) ) ;
#2331 = DIRECTION ( 'NONE',  ( -1.000000000000000000, 0.000000000000000000, -3.900614234120682109E-15 ) ) ;
#2332 = PLANE ( 'NONE',  #3331 ) ;
#2333 = CARTESIAN_POINT ( 'NONE',  ( 2.817339274159032847, 3.149999999999999911, -2.768591593984394805 ) ) ;
#2334 = VECTOR ( 'NONE', #603, 1000.000000000000000 ) ;
#2335 = ORIENTED_EDGE ( 'NONE', *, *, #6969, .F. ) ;
#2336 = ORIENTED_EDGE ( 'NONE', *, *, #2654, .F. ) ;
#2337 = ORIENTED_EDGE ( 'NONE', *, *, #7340, .F. ) ;
#2338 = B_SPLINE_CURVE_WITH_KNOTS ( 'NONE', 3,
 ( #2847, #6625, #260, #1025 ),
 .UNSPECIFIED., .F., .F.,
 ( 4, 4 ),
 ( 0.000000000000000000, 1.000000000000000000 ),
 .UNSPECIFIED. ) ;
#2339 = DIRECTION ( 'NONE',  ( 3.491481338843133355E-15, 0.000000000000000000, -1.000000000000000000 ) ) ;
#2340 = AXIS2_PLACEMENT_3D ( 'NONE', #2605, #5139, #4547 ) ;
#2341 = CARTESIAN_POINT ( 'NONE',  ( 0.000000000000000000, 0.000000000000000000, 0.000000000000000000 ) ) ;
#2342 = EDGE_CURVE ( 'NONE', #299, #8183, #7780, .T. ) ;
#2343 = CARTESIAN_POINT ( 'NONE',  ( 2.407220265895360090, 2.700000000000000178, 2.365568767012000251 ) ) ;
#2344 = CARTESIAN_POINT ( 'NONE',  ( -2.092844953645626394, 0.7500000000000000000, -3.350000000000007638 ) ) ;
#2345 = ORIENTED_EDGE ( 'NONE', *, *, #7060, .F. ) ;
#2346 = ORIENTED_EDGE ( 'NONE', *, *, #1429, .T. ) ;
#2347 = CARTESIAN_POINT ( 'NONE',  ( 3.401316701949479882, 0.000000000000000000, 0.9000000000000121236 ) ) ;
#2348 = LINE ( 'NONE', #853, #2464 ) ;
#2349 = CARTESIAN_POINT ( 'NONE',  ( 2.973833986494489157, 0.3500000000000000333, -1.599999999999992983 ) ) ;
#2350 = ORIENTED_EDGE ( 'NONE', *, *, #595, .F. ) ;
#2351 = DIRECTION ( 'NONE',  ( 0.000000000000000000, 1.000000000000000000, 0.000000000000000000 ) ) ;
#2352 = SURFACE_STYLE_FILL_AREA ( #4879 ) ;
#2353 = DIRECTION ( 'NONE',  ( 0.000000000000000000, 1.000000000000000000, 0.000000000000000000 ) ) ;
#2354 = EDGE_LOOP ( 'NONE', ( #7398, #1909, #5859, #201 ) ) ;
#2355 = EDGE_LOOP ( 'NONE', ( #5653, #2598, #4549, #5658, #4496, #6785, #407, #8118, #5683, #6756, #2477, #125, #3818, #1080, #4239, #2244 ) ) ;
#2356 = DIRECTION ( 'NONE',  ( -0.9025852843498627376, 0.4305110968082908607, -3.151359677021968882E-15 ) ) ;
#2357 = DIRECTION ( 'NONE',  ( -1.000000000000000000, 0.000000000000000000, -3.491481338843133355E-15 ) ) ;
#2358 = DIRECTION ( 'NONE',  ( -0.7431448254773930229, 0.000000000000000000, -0.6691306063588596809 ) ) ;
#2359 = CARTESIAN_POINT ( 'NONE',  ( 0.000000000000000000, 0.7500000000000000000, 0.000000000000000000 ) ) ;
#2360 = CARTESIAN_POINT ( 'NONE',  ( -4.544386162327729295, 0.2599808048654770332, 0.8057333910297699298 ) ) ;
#2361 = ORIENTED_EDGE ( 'NONE', *, *, #4181, .F. ) ;
#2362 = LINE ( 'NONE', #1113, #1823 ) ;
#2363 = EDGE_CURVE ( 'NONE', #257, #5575, #128, .T. ) ;
#2364 = EDGE_CURVE ( 'NONE', #6988, #49, #3970, .T. ) ;
#2365 = EDGE_LOOP ( 'NONE', ( #3162, #3649, #7688, #3843 ) ) ;
#2366 = CARTESIAN_POINT ( 'NONE',  ( -4.350000000000000533, 0.1800000000000000488, 0.7999999999999847233 ) ) ;
#2367 = EDGE_LOOP ( 'NONE', ( #3713, #5839, #6375, #3450 ) ) ;
#2368 = CARTESIAN_POINT ( 'NONE',  ( -5.200000000000001954, -0.6082762530298219117, 0.2999999999999803935 ) ) ;
#2369 = CARTESIAN_POINT ( 'NONE',  ( 2.971635679190057111, 0.4183700343548711342, -1.600001996925239034 ) ) ;
#2370 = EDGE_CURVE ( 'NONE', #6910, #511, #7122, .T. ) ;
#2371 = CARTESIAN_POINT ( 'NONE',  ( 2.973634140239838963, 0.3500000000000000333, 2.000000000000013767 ) ) ;
#2372 = CARTESIAN_POINT ( 'NONE',  ( 0.000000000000000000, 1.201442841485029778, 0.000000000000000000 ) ) ;
#2373 = DIRECTION ( 'NONE',  ( -1.000000000000000000, 0.000000000000000000, -3.497426362856451513E-15 ) ) ;
#2374 = ORIENTED_EDGE ( 'NONE', *, *, #2403, .F. ) ;
#2375 = VERTEX_POINT ( 'NONE', #890 ) ;
#2376 = VERTEX_POINT ( 'NONE', #393 ) ;
#2377 = CARTESIAN_POINT ( 'NONE',  ( 2.817339274159013751, 3.149999999999999911, 2.768591593984414789 ) ) ;
#2378 = LINE ( 'NONE', #3796, #150 ) ;
#2379 = VECTOR ( 'NONE', #1722, 1000.000000000000000 ) ;
#2380 = LINE ( 'NONE', #6772, #4494 ) ;
#2381 = LINE ( 'NONE', #4910, #5844 ) ;
#2382 = VERTEX_POINT ( 'NONE', #2969 ) ;
#2383 = EDGE_LOOP ( 'NONE', ( #1234, #3171, #1967 ) ) ;
#2384 = DIRECTION ( 'NONE',  ( 3.491481338843133355E-15, 1.204669080539449590E-15, -1.000000000000000000 ) ) ;
#2385 = CARTESIAN_POINT ( 'NONE',  ( -2.817392914024835271, 3.050000000000000711, -2.768644305733743316 ) ) ;
#2386 = VERTEX_POINT ( 'NONE', #1595 ) ;
#2387 = CARTESIAN_POINT ( 'NONE',  ( 3.379999999999999893, 1.633265455320084714, -0.5999999999999880984 ) ) ;
#2388 = VECTOR ( 'NONE', #6111, 1000.000000000000000 ) ;
#2389 =( LENGTH_UNIT ( ) NAMED_UNIT ( * ) SI_UNIT ( .MILLI., .METRE. ) );
#2390 = LINE ( 'NONE', #7413, #3925 ) ;
#2391 = AXIS2_PLACEMENT_3D ( 'NONE', #5485, #6763, #2373 ) ;
#2392 = DIRECTION ( 'NONE',  ( -0.000000000000000000, -1.000000000000000000, 0.000000000000000000 ) ) ;
#2393 = ORIENTED_EDGE ( 'NONE', *, *, #7701, .F. ) ;
#2394 = ORIENTED_EDGE ( 'NONE', *, *, #7828, .F. ) ;
#2395 = CYLINDRICAL_SURFACE ( 'NONE', #1412, 0.1500000000000016875 ) ;
#2396 = DIRECTION ( 'NONE',  ( 0.7132504491541855618, 0.000000000000000000, -0.7009092642998467904 ) ) ;
#2397 = ORIENTED_EDGE ( 'NONE', *, *, #1905, .F. ) ;
#2398 = DIRECTION ( 'NONE',  ( -0.7237286012152432946, -0.6867927984713972922, 0.06732431767833925440 ) ) ;
#2399 = CARTESIAN_POINT ( 'NONE',  ( -8.123961042495002356E-15, 0.5499999999997794431, 2.326794920000000211 ) ) ;
#2400 = PLANE ( 'NONE',  #161 ) ;
#2401 = ORIENTED_EDGE ( 'NONE', *, *, #7376, .F. ) ;
#2402 = DIRECTION ( 'NONE',  ( -0.000000000000000000, -1.000000000000000000, 0.000000000000000000 ) ) ;
#2403 = EDGE_CURVE ( 'NONE', #343, #4038, #2924, .T. ) ;
#2404 = ADVANCED_FACE ( 'NONE', ( #4174 ), #4843, .F. ) ;
#2405 = LINE ( 'NONE', #6262, #7494 ) ;
#2406 = VECTOR ( 'NONE', #7767, 1000.000000000000000 ) ;
#2407 = VERTEX_POINT ( 'NONE', #5510 ) ;
#2408 = DIRECTION ( 'NONE',  ( 0.4305110968082909162, 0.9025852843498627376, 1.503121460671037420E-15 ) ) ;
#2409 = EDGE_CURVE ( 'NONE', #2918, #4903, #4126, .T. ) ;
#2410 = CARTESIAN_POINT ( 'NONE',  ( 1.781226596065948131, 2.700000000000000178, 3.350000000000006306 ) ) ;
#2411 = CARTESIAN_POINT ( 'NONE',  ( 3.329883631600361049, 2.999999999999999112, -0.5499999999999900524 ) ) ;
#2412 = ADVANCED_FACE ( 'NONE', ( #5462 ), #336, .F. ) ;
#2413 = DIRECTION ( 'NONE',  ( 3.491481338843133355E-15, 0.000000000000000000, -1.000000000000000000 ) ) ;
#2414 = EDGE_CURVE ( 'NONE', #4084, #5728, #7993, .T. ) ;
#2415 = CARTESIAN_POINT ( 'NONE',  ( 4.199999999999999289, 1.685000000000000275, -0.5999999999999853229 ) ) ;
#2416 = ADVANCED_FACE ( 'NONE', ( #6704 ), #971, .T. ) ;
#2417 = AXIS2_PLACEMENT_3D ( 'NONE', #5604, #8056, #2899 ) ;
#2418 = EDGE_LOOP ( 'NONE', ( #177, #5063, #1564, #56, #3817, #803 ) ) ;
#2419 = ORIENTED_EDGE ( 'NONE', *, *, #6113, .F. ) ;
#2420 = CARTESIAN_POINT ( 'NONE',  ( 4.628839468752896202, 0.1800000000000611944, -0.8999999999999838129 ) ) ;
#2421 = PLANE ( 'NONE',  #5204 ) ;
#2422 = CARTESIAN_POINT ( 'NONE',  ( -1.169646248512449832E-14, 0.7500000000000000000, 3.350000000000000089 ) ) ;
#2423 = LINE ( 'NONE', #420, #4115 ) ;
#2424 = ORIENTED_EDGE ( 'NONE', *, *, #3107, .F. ) ;
#2425 = EDGE_CURVE ( 'NONE', #7555, #1095, #4054, .T. ) ;
#2426 = ORIENTED_EDGE ( 'NONE', *, *, #997, .T. ) ;
#2427 = CARTESIAN_POINT ( 'NONE',  ( 1.493128252873613615, 2.700000000000000178, 2.602031517962570817 ) ) ;
#2428 = CARTESIAN_POINT ( 'NONE',  ( 0.000000000000000000, 2.700000000000000178, 0.000000000000000000 ) ) ;
#2429 = VECTOR ( 'NONE', #5311, 1000.000000000000000 ) ;
#2430 = CARTESIAN_POINT ( 'NONE',  ( 4.086143571373717975, -12.43261838873854686, -1.499999999999988232 ) ) ;
#2431 = AXIS2_PLACEMENT_3D ( 'NONE', #5094, #5633, #3014 ) ;
#2432 = DIRECTION ( 'NONE',  ( 5.033795800825556582E-16, 1.000000000000000000, 1.757540410212935542E-30 ) ) ;
#2433 = DIRECTION ( 'NONE',  ( 1.000000000000000000, 0.000000000000000000, 3.407492542097299143E-15 ) ) ;
#2434 = AXIS2_PLACEMENT_3D ( 'NONE', #2980, #265, #5342 ) ;
#2435 = ORIENTED_EDGE ( 'NONE', *, *, #3126, .F. ) ;
#2436 = AXIS2_PLACEMENT_3D ( 'NONE', #5553, #6841, #3607 ) ;
#2437 = CARTESIAN_POINT ( 'NONE',  ( 4.349999999999999645, 1.967842712474619615, -0.5499999999999864997 ) ) ;
#2438 = VECTOR ( 'NONE', #7390, 1000.000000000000000 ) ;
#2439 = CARTESIAN_POINT ( 'NONE',  ( -2.973634140239851398, 0.6999999999999999556, 1.599999999999993427 ) ) ;
#2440 = VERTEX_POINT ( 'NONE', #1685 ) ;
#2441 = EDGE_CURVE ( 'NONE', #2873, #4966, #1640, .T. ) ;
#2442 = DIRECTION ( 'NONE',  ( -3.491481338843133355E-15, 0.000000000000000000, 1.000000000000000000 ) ) ;
#2443 = AXIS2_PLACEMENT_3D ( 'NONE', #6535, #7074, #4463 ) ;
#2444 = CIRCLE ( 'NONE', #5214, 3.950000000000001954 ) ;
#2445 = PLANE ( 'NONE',  #3095 ) ;
#2446 = CARTESIAN_POINT ( 'NONE',  ( 2.396031216096934813, 3.149999999999999911, 2.376901220389489033 ) ) ;
#2447 = ORIENTED_EDGE ( 'NONE', *, *, #1687, .F. ) ;
#2448 = DIRECTION ( 'NONE',  ( -3.491481338843133355E-15, 0.000000000000000000, 1.000000000000000000 ) ) ;
#2449 = CIRCLE ( 'NONE', #4688, 0.3000000000000025424 ) ;
#2450 = EDGE_CURVE ( 'NONE', #4055, #701, #2308, .T. ) ;
#2451 = AXIS2_PLACEMENT_3D ( 'NONE', #6617, #289, #2920 ) ;
#2452 = ADVANCED_FACE ( 'NONE', ( #6746 ), #346, .T. ) ;
#2453 = DIRECTION ( 'NONE',  ( -0.000000000000000000, -1.000000000000000000, 0.000000000000000000 ) ) ;
#2454 = ORIENTED_EDGE ( 'NONE', *, *, #6729, .T. ) ;
#2455 = VECTOR ( 'NONE', #3756, 1000.000000000000000 ) ;
#2456 = DIRECTION ( 'NONE',  ( 5.033795800825556582E-16, 1.000000000000000000, 1.757540410212935542E-30 ) ) ;
#2457 = PLANE ( 'NONE',  #7849 ) ;
#2458 = VECTOR ( 'NONE', #271, 1000.000000000000114 ) ;
#2459 = DIRECTION ( 'NONE',  ( -1.000000000000000000, 0.000000000000000000, -3.469446951953635094E-15 ) ) ;
#2460 = AXIS2_PLACEMENT_3D ( 'NONE', #6198, #5621, #1212 ) ;
#2461 = CARTESIAN_POINT ( 'NONE',  ( -1.584466524402378562, 0.7500000000000000000, -2.979948125898881806 ) ) ;
#2463 = DIRECTION ( 'NONE',  ( -3.491481338843133355E-15, 0.000000000000000000, 1.000000000000000000 ) ) ;
#2462 = VECTOR ( 'NONE', #4473, 1000.000000000000000 ) ;
#2464 = VECTOR ( 'NONE', #4875, 1000.000000000000000 ) ;
#2465 = EDGE_LOOP ( 'NONE', ( #7936, #2335, #5911, #2631 ) ) ;
#2466 = EDGE_CURVE ( 'NONE', #1106, #4781, #1534, .T. ) ;
#2467 = VECTOR ( 'NONE', #6575, 1000.000000000000000 ) ;
#2468 = ORIENTED_EDGE ( 'NONE', *, *, #8176, .T. ) ;
#2469 = DIRECTION ( 'NONE',  ( -3.526605931085718603E-15, 1.807003620809174385E-16, 1.000000000000000000 ) ) ;
#2470 = EDGE_CURVE ( 'NONE', #2934, #5728, #3556, .T. ) ;
#2472 =( BOUNDED_CURVE ( )  B_SPLINE_CURVE ( 3, ( #5143, #1980, #734, #5804 ),
 .UNSPECIFIED., .F., .F. ) 
 B_SPLINE_CURVE_WITH_KNOTS ( ( 4, 4 ),
 ( 0.000000000000000000, 1.570796326794895448 ),
 .UNSPECIFIED. ) 
 CURVE ( )  GEOMETRIC_REPRESENTATION_ITEM ( )  RATIONAL_B_SPLINE_CURVE ( ( 1.000000000000000000, 0.8047378541243652705, 0.8047378541243652705, 1.000000000000000000 ) ) 
 REPRESENTATION_ITEM ( '' )  );
#2471 = DIRECTION ( 'NONE',  ( 0.000000000000000000, 1.000000000000000000, 0.000000000000000000 ) ) ;
#2473 = DIRECTION ( 'NONE',  ( -1.000000000000000000, 0.000000000000000000, -3.491481338843133355E-15 ) ) ;
#2474 = DIRECTION ( 'NONE',  ( 1.000000000000000000, 1.954586163371311563E-17, 3.491481338843133355E-15 ) ) ;
#2475 = EDGE_CURVE ( 'NONE', #2732, #7555, #4793, .T. ) ;
#2476 = ADVANCED_FACE ( 'NONE', ( #6621 ), #6123, .F. ) ;
#2477 = ORIENTED_EDGE ( 'NONE', *, *, #812, .T. ) ;
#2478 = LINE ( 'NONE', #7408, #1128 ) ;
#2479 = DIRECTION ( 'NONE',  ( -0.7071067811865535679, 0.000000000000000000, 0.7071067811865415775 ) ) ;
#2480 = VECTOR ( 'NONE', #4842, 1000.000000000000000 ) ;
#2481 = CYLINDRICAL_SURFACE ( 'NONE', #4302, 0.2299999999999993161 ) ;
#2482 = EDGE_CURVE ( 'NONE', #5268, #6403, #71, .T. ) ;
#2483 = CARTESIAN_POINT ( 'NONE',  ( -4.499999999999985789, 0.1499999999999999667, -3.944646165029784601 ) ) ;
#2484 = VECTOR ( 'NONE', #3466, 1000.000000000000000 ) ;
#2485 = LINE ( 'NONE', #7544, #7967 ) ;
#2486 = ORIENTED_EDGE ( 'NONE', *, *, #3931, .T. ) ;
#2487 = ORIENTED_EDGE ( 'NONE', *, *, #2164, .F. ) ;
#2488 = FACE_OUTER_BOUND ( 'NONE', #7537, .T. ) ;
#2489 = DIRECTION ( 'NONE',  ( -0.7009092642998517864, 0.000000000000000000, 0.7132504491541806768 ) ) ;
#2490 = ORIENTED_EDGE ( 'NONE', *, *, #1800, .F. ) ;
#2491 = ADVANCED_FACE ( 'NONE', ( #6085 ), #7285, .F. ) ;
#2492 = CARTESIAN_POINT ( 'NONE',  ( 3.165276501905639694, 1.550840826924667626, 0.4000000000000110134 ) ) ;
#2493 = LINE ( 'NONE', #6711, #1490 ) ;
#2494 = DIRECTION ( 'NONE',  ( -5.033795800825556582E-16, -1.000000000000000000, -1.757540410212935542E-30 ) ) ;
#2495 = ORIENTED_EDGE ( 'NONE', *, *, #8182, .T. ) ;
#2496 = CARTESIAN_POINT ( 'NONE',  ( 3.552499999999998881, 1.880000000000000115, -0.3702839542245253690 ) ) ;
#2497 = VECTOR ( 'NONE', #5384, 1000.000000000000000 ) ;
#2498 = VECTOR ( 'NONE', #6411, 1000.000000000000000 ) ;
#2499 = VERTEX_POINT ( 'NONE', #1098 ) ;
#2500 = FACE_OUTER_BOUND ( 'NONE', #3159, .T. ) ;
#2501 = CARTESIAN_POINT ( 'NONE',  ( -1.934429877430350997, 2.933493649053891872, 2.293028793823750799 ) ) ;
#2502 = DIRECTION ( 'NONE',  ( -0.5043442292812675420, -0.7071067811865536790, -0.4956176937828950524 ) ) ;
#2503 = CARTESIAN_POINT ( 'NONE',  ( 1.839530750724082564, -0.2257025523579470616, 1.839530750724147623 ) ) ;
#2504 = CARTESIAN_POINT ( 'NONE',  ( -2.817445625774186890, 2.816666666666667318, 2.768697945599540855 ) ) ;
#2505 = ORIENTED_EDGE ( 'NONE', *, *, #583, .T. ) ;
#2506 = EDGE_CURVE ( 'NONE', #6585, #8061, #5524, .T. ) ;
#2507 = VERTEX_POINT ( 'NONE', #4372 ) ;
#2508 = CARTESIAN_POINT ( 'NONE',  ( 4.529022631662146914, 0.1818845829607163567, -0.7999999999999840572 ) ) ;
#2509 = FACE_OUTER_BOUND ( 'NONE', #5128, .T. ) ;
#2510 = LINE ( 'NONE', #3164, #370 ) ;
#2511 = CARTESIAN_POINT ( 'NONE',  ( 4.194999999999999396, 1.685000000000000275, -0.3999999999999853117 ) ) ;
#2512 = VECTOR ( 'NONE', #2473, 1000.000000000000000 ) ;
#2513 = ORIENTED_EDGE ( 'NONE', *, *, #6456, .T. ) ;
#2514 = ORIENTED_EDGE ( 'NONE', *, *, #7817, .T. ) ;
#2515 = CARTESIAN_POINT ( 'NONE',  ( -4.350000000000001421, 0.1800000000000000488, 0.8999999999999848121 ) ) ;
#2516 = DIRECTION ( 'NONE',  ( -3.491481338843133355E-15, 0.000000000000000000, 1.000000000000000000 ) ) ;
#2517 = ADVANCED_FACE ( 'NONE', ( #3647 ), #1726, .F. ) ;
#2518 = CARTESIAN_POINT ( 'NONE',  ( 0.000000000000000000, 2.700000000000000178, 0.000000000000000000 ) ) ;
#2519 = DIRECTION ( 'NONE',  ( 1.000000000000000000, -3.872150616019658341E-17, 3.491481338843133355E-15 ) ) ;
#2520 = ORIENTED_EDGE ( 'NONE', *, *, #209, .F. ) ;
#2521 = EDGE_CURVE ( 'NONE', #1574, #2269, #5059, .T. ) ;
#2522 = VERTEX_POINT ( 'NONE', #6951 ) ;
#2523 = ORIENTED_EDGE ( 'NONE', *, *, #2466, .F. ) ;
#2524 = CARTESIAN_POINT ( 'NONE',  ( 3.401316701949481214, 0.1499999999999999667, 0.5000000000000119904 ) ) ;
#2525 = DIRECTION ( 'NONE',  ( -1.000000000000000000, 0.000000000000000000, -3.491481338843133355E-15 ) ) ;
#2526 = CARTESIAN_POINT ( 'NONE',  ( -2.517439175034688947, 0.6500000000000019096, 0.6499999999999935829 ) ) ;
#2527 = LINE ( 'NONE', #3812, #697 ) ;
#2528 = DIRECTION ( 'NONE',  ( 3.491481338843133355E-15, 0.000000000000000000, -1.000000000000000000 ) ) ;
#2529 = ORIENTED_EDGE ( 'NONE', *, *, #2079, .T. ) ;
#2530 = PRESENTATION_STYLE_ASSIGNMENT (( #91 ) ) ;
#2531 = EDGE_LOOP ( 'NONE', ( #6700, #2103, #2580, #891 ) ) ;
#2532 = AXIS2_PLACEMENT_3D ( 'NONE', #7309, #4157, #2908 ) ;
#2533 = ORIENTED_EDGE ( 'NONE', *, *, #1331, .T. ) ;
#2534 = DIRECTION ( 'NONE',  ( 0.7071067811865463515, 0.000000000000000000, -0.7071067811865487940 ) ) ;
#2535 = DIRECTION ( 'NONE',  ( 0.000000000000000000, 1.000000000000000000, 0.000000000000000000 ) ) ;
#2536 = CYLINDRICAL_SURFACE ( 'NONE', #4149, 0.4000000000000001887 ) ;
#2537 = CARTESIAN_POINT ( 'NONE',  ( -1.998910873344696526, 2.700000000000000178, 2.369463086951209441 ) ) ;
#2538 = CARTESIAN_POINT ( 'NONE',  ( 2.134476815985837383, 3.043147215156305929, -2.370576664446629955 ) ) ;
#2539 = ORIENTED_EDGE ( 'NONE', *, *, #1178, .F. ) ;
#2540 = EDGE_LOOP ( 'NONE', ( #6287, #5256, #5334, #6918 ) ) ;
#2541 = DIRECTION ( 'NONE',  ( 3.705642736089842403E-15, 0.000000000000000000, -1.000000000000000000 ) ) ;
#2542 = EDGE_CURVE ( 'NONE', #4099, #662, #8075, .T. ) ;
#2543 = ORIENTED_EDGE ( 'NONE', *, *, #2796, .T. ) ;
#2544 = LINE ( 'NONE', #4996, #4142 ) ;
#2545 = DIRECTION ( 'NONE',  ( -3.491481338843133355E-15, -1.807003620809174632E-16, 1.000000000000000000 ) ) ;
#2546 = CARTESIAN_POINT ( 'NONE',  ( 0.000000000000000000, 2.999999999999998668, 0.000000000000000000 ) ) ;
#2547 = EDGE_CURVE ( 'NONE', #4402, #363, #3886, .T. ) ;
#2548 = ORIENTED_EDGE ( 'NONE', *, *, #3029, .T. ) ;
#2549 = ORIENTED_EDGE ( 'NONE', *, *, #4533, .T. ) ;
#2550 = VECTOR ( 'NONE', #2772, 1000.000000000000000 ) ;
#2551 = DIRECTION ( 'NONE',  ( 1.301981320592949974E-30, 1.000000000000000000, -3.729022710527641551E-16 ) ) ;
#2552 = ADVANCED_FACE ( 'NONE', ( #6833 ), #1763, .T. ) ;
#2553 = ORIENTED_EDGE ( 'NONE', *, *, #2221, .F. ) ;
#2554 = VERTEX_POINT ( 'NONE', #4298 ) ;
#2555 = EDGE_CURVE ( 'NONE', #7601, #7955, #1886, .T. ) ;
#2556 = ORIENTED_EDGE ( 'NONE', *, *, #368, .F. ) ;
#2557 = AXIS2_PLACEMENT_3D ( 'NONE', #4713, #5428, #7253 ) ;
#2558 = CARTESIAN_POINT ( 'NONE',  ( 2.973833986494478054, 0.3500000000000000333, 1.600000000000013634 ) ) ;
#2559 = ORIENTED_EDGE ( 'NONE', *, *, #5031, .T. ) ;
#2560 = PLANE ( 'NONE',  #5623 ) ;
#2561 = EDGE_CURVE ( 'NONE', #2507, #1700, #4414, .T. ) ;
#2562 = DIRECTION ( 'NONE',  ( 1.000000000000000000, 0.000000000000000000, 3.491481338843133355E-15 ) ) ;
#2563 = CARTESIAN_POINT ( 'NONE',  ( -2.234160826739609362, 0.5499999999997781108, 0.6499999999999944711 ) ) ;
#2564 = VERTEX_POINT ( 'NONE', #8116 ) ;
#2565 = FILL_AREA_STYLE ('',( #3217 ) ) ;
#2566 = VECTOR ( 'NONE', #7835, 1000.000000000000000 ) ;
#2567 = VECTOR ( 'NONE', #8203, 1000.000000000000000 ) ;
#2568 = VECTOR ( 'NONE', #3552, 1000.000000000000000 ) ;
#2569 = EDGE_CURVE ( 'NONE', #6081, #2618, #1264, .T. ) ;
#2570 = ORIENTED_EDGE ( 'NONE', *, *, #6952, .T. ) ;
#2571 = AXIS2_PLACEMENT_3D ( 'NONE', #35, #2696, #2587 ) ;
#2572 = DIRECTION ( 'NONE',  ( 1.000000000000000000, 0.000000000000000000, 3.491481338843133355E-15 ) ) ;
#2573 = DIRECTION ( 'NONE',  ( 3.491481338843133355E-15, 0.000000000000000000, -1.000000000000000000 ) ) ;
#2574 = CARTESIAN_POINT ( 'NONE',  ( 4.349999999999999645, 1.685000000000000275, -0.3999999999999848121 ) ) ;
#2575 = AXIS2_PLACEMENT_3D ( 'NONE', #7095, #3951, #235 ) ;
#2576 = DIRECTION ( 'NONE',  ( -5.595882180570345180E-16, -1.000000000000000000, -1.953791820782618129E-30 ) ) ;
#2577 = TOROIDAL_SURFACE ( 'NONE', #6945, 0.5999999999999933165, 0.4000000000000000222 ) ;
#2578 = ORIENTED_EDGE ( 'NONE', *, *, #1329, .T. ) ;
#2579 = CIRCLE ( 'NONE', #4958, 0.004999999999999796274 ) ;
#2580 = ORIENTED_EDGE ( 'NONE', *, *, #6341, .T. ) ;
#2581 = LINE ( 'NONE', #8102, #3118 ) ;
#2582 = ORIENTED_EDGE ( 'NONE', *, *, #2089, .T. ) ;
#2583 = FACE_OUTER_BOUND ( 'NONE', #3390, .T. ) ;
#2584 = VECTOR ( 'NONE', #2069, 1000.000000000000000 ) ;
#2585 = FACE_OUTER_BOUND ( 'NONE', #7497, .T. ) ;
#2586 = CIRCLE ( 'NONE', #6955, 3.000000000000001776 ) ;
#2587 = DIRECTION ( 'NONE',  ( 1.000000000000000000, 0.000000000000000000, 3.523657060577895721E-15 ) ) ;
#2588 = AXIS2_PLACEMENT_3D ( 'NONE', #4677, #5812, #7221 ) ;
#2589 = ORIENTED_EDGE ( 'NONE', *, *, #1837, .F. ) ;
#2590 = ORIENTED_EDGE ( 'NONE', *, *, #3268, .T. ) ;
#2591 = PLANE ( 'NONE',  #3502 ) ;
#2592 = CARTESIAN_POINT ( 'NONE',  ( -5.199999999999997513, 0.1834367172890583597, -0.8000000000000180300 ) ) ;
#2593 = VERTEX_POINT ( 'NONE', #5673 ) ;
#2594 = ORIENTED_EDGE ( 'NONE', *, *, #2569, .T. ) ;
#2595 = VECTOR ( 'NONE', #7292, 1000.000000000000000 ) ;
#2596 = ORIENTED_EDGE ( 'NONE', *, *, #7541, .F. ) ;
#2597 = CARTESIAN_POINT ( 'NONE',  ( 2.948311263070765520, 1.229786141552797973, 1.599318156743982033 ) ) ;
#2598 = ORIENTED_EDGE ( 'NONE', *, *, #1348, .T. ) ;
#2599 = DIRECTION ( 'NONE',  ( 1.000000000000000000, 7.228014483236698528E-16, 3.491481338843133355E-15 ) ) ;
#2600 = VECTOR ( 'NONE', #4216, 1000.000000000000000 ) ;
#2601 = FACE_OUTER_BOUND ( 'NONE', #90, .T. ) ;
#2602 = DIRECTION ( 'NONE',  ( 0.000000000000000000, 1.000000000000000000, 0.000000000000000000 ) ) ;
#2603 = ORIENTED_EDGE ( 'NONE', *, *, #7170, .T. ) ;
#2604 = DIRECTION ( 'NONE',  ( -0.9980094749326239301, 0.000000000000000000, -0.06306415736936665795 ) ) ;
#2605 = CARTESIAN_POINT ( 'NONE',  ( 0.000000000000000000, 2.700000000000000178, 0.000000000000000000 ) ) ;
#2606 = EDGE_LOOP ( 'NONE', ( #4227, #7863, #5423, #919 ) ) ;
#2607 = ORIENTED_EDGE ( 'NONE', *, *, #4780, .T. ) ;
#2608 = CARTESIAN_POINT ( 'NONE',  ( -4.349999999999996092, 0.3000000000000007661, -0.6000000000000150768 ) ) ;
#2609 = CARTESIAN_POINT ( 'NONE',  ( 3.300887082815645357, 1.619185261362809491, 0.3947396360053370135 ) ) ;
#2610 = CARTESIAN_POINT ( 'NONE',  ( 3.318567278615545568, 1.685280413170175073, -0.3874424556628457417 ) ) ;
#2611 = B_SPLINE_CURVE_WITH_KNOTS ( 'NONE', 3,
 ( #5254, #3255, #7655, #1972 ),
 .UNSPECIFIED., .F., .F.,
 ( 4, 4 ),
 ( 0.000000000000000000, 1.000000000000000000 ),
 .UNSPECIFIED. ) ;
#2612 = CARTESIAN_POINT ( 'NONE',  ( 4.805000000000001492, 0.2999999999999999334, 0.8083764270126538865 ) ) ;
#2613 = DIRECTION ( 'NONE',  ( 1.000000000000000000, -0.000000000000000000, 3.491481338843133750E-15 ) ) ;
#2614 = EDGE_CURVE ( 'NONE', #3304, #402, #5707, .T. ) ;
#2615 = EDGE_CURVE ( 'NONE', #2163, #7555, #6846, .T. ) ;
#2616 = ORIENTED_EDGE ( 'NONE', *, *, #6976, .F. ) ;
#2617 = CYLINDRICAL_SURFACE ( 'NONE', #6558, 0.1000000000000002554 ) ;
#2618 = VERTEX_POINT ( 'NONE', #4963 ) ;
#2619 = CARTESIAN_POINT ( 'NONE',  ( 3.332051350969295278, 1.697303936377418943, 0.3863842541266195862 ) ) ;
#2620 = ORIENTED_EDGE ( 'NONE', *, *, #6011, .T. ) ;
#2621 = CARTESIAN_POINT ( 'NONE',  ( 2.973634140239840740, 0.3500000000000000333, 1.600000000000013856 ) ) ;
#2622 = CARTESIAN_POINT ( 'NONE',  ( 4.194999999999999396, 1.685000000000000275, -0.5999999999999853229 ) ) ;
#2623 = DIRECTION ( 'NONE',  ( -1.000000000000000000, 0.000000000000000000, -3.491481338843133355E-15 ) ) ;
#2624 = ORIENTED_EDGE ( 'NONE', *, *, #2640, .T. ) ;
#2625 = CARTESIAN_POINT ( 'NONE',  ( -4.500000000000001776, -4.336808689942017736E-16, 0.5999999999999842126 ) ) ;
#2626 = CARTESIAN_POINT ( 'NONE',  ( 4.086143571373717975, 0.000000000000000000, -1.499999999999988454 ) ) ;
#2627 = VERTEX_POINT ( 'NONE', #1809 ) ;
#2628 = ORIENTED_EDGE ( 'NONE', *, *, #5600, .T. ) ;
#2629 = ORIENTED_EDGE ( 'NONE', *, *, #8187, .T. ) ;
#2630 = CARTESIAN_POINT ( 'NONE',  ( 2.971636754383014445, 1.332917179245370898, -1.599999999999994316 ) ) ;
#2631 = ORIENTED_EDGE ( 'NONE', *, *, #7200, .T. ) ;
#2632 = FACE_OUTER_BOUND ( 'NONE', #3847, .T. ) ;
#2633 = CARTESIAN_POINT ( 'NONE',  ( -5.199999999999999289, 0.000000000000000000, -0.3000000000000194733 ) ) ;
#2634 = ORIENTED_EDGE ( 'NONE', *, *, #3952, .T. ) ;
#2635 = FACE_OUTER_BOUND ( 'NONE', #475, .T. ) ;
#2636 = CARTESIAN_POINT ( 'NONE',  ( -2.971635679190045121, 0.3500000000000000333, -1.600001996925291881 ) ) ;
#2637 = PLANE ( 'NONE',  #4488 ) ;
#2638 = CARTESIAN_POINT ( 'NONE',  ( -2.351707295243457379E-31, 0.5499999999997785549, 6.735557395310814760E-17 ) ) ;
#2639 = LINE ( 'NONE', #1947, #4299 ) ;
#2640 = EDGE_CURVE ( 'NONE', #1101, #861, #4339, .T. ) ;
#2641 = DIRECTION ( 'NONE',  ( 0.000000000000000000, 1.000000000000000000, 0.000000000000000000 ) ) ;
#2642 = LINE ( 'NONE', #5225, #5107 ) ;
#2643 = AXIS2_PLACEMENT_3D ( 'NONE', #1713, #5492, #5982 ) ;
#2644 = EDGE_CURVE ( 'NONE', #6206, #4922, #1808, .T. ) ;
#2645 = ORIENTED_EDGE ( 'NONE', *, *, #4380, .T. ) ;
#2646 = CARTESIAN_POINT ( 'NONE',  ( -2.971636754383014889, 0.000000000000000000, 1.599999999999994538 ) ) ;
#2647 = EDGE_CURVE ( 'NONE', #6675, #4839, #641, .T. ) ;
#2648 = ORIENTED_EDGE ( 'NONE', *, *, #4397, .F. ) ;
#2649 = DIRECTION ( 'NONE',  ( 0.000000000000000000, 1.000000000000000000, 0.000000000000000000 ) ) ;
#2650 = EDGE_CURVE ( 'NONE', #282, #7405, #2485, .T. ) ;
#2651 = CARTESIAN_POINT ( 'NONE',  ( 5.299999999999997158, 0.1499999999999999667, 0.3000000000000170308 ) ) ;
#2652 = VERTEX_POINT ( 'NONE', #5908 ) ;
#2653 = CARTESIAN_POINT ( 'NONE',  ( -4.562172802086223555, 0.1799999999999996048, -0.8333333333333514670 ) ) ;
#2654 = EDGE_CURVE ( 'NONE', #7545, #8039, #3602, .T. ) ;
#2655 = DIRECTION ( 'NONE',  ( -1.000000000000000000, 0.000000000000000000, 0.000000000000000000 ) ) ;
#2656 = VERTEX_POINT ( 'NONE', #4489 ) ;
#2657 = CARTESIAN_POINT ( 'NONE',  ( 2.535399252178448735E-15, 0.5499999999997776667, -0.6500000000000013545 ) ) ;
#2658 = CIRCLE ( 'NONE', #933, 0.2999999999999994893 ) ;
#2659 = EDGE_CURVE ( 'NONE', #3119, #1266, #4392, .T. ) ;
#2660 = CARTESIAN_POINT ( 'NONE',  ( -1.934429877430334788, 2.933493649053891872, -2.293028793823765010 ) ) ;
#2661 = EDGE_CURVE ( 'NONE', #3841, #3997, #2705, .T. ) ;
#2662 = ORIENTED_EDGE ( 'NONE', *, *, #2363, .F. ) ;
#2663 = VECTOR ( 'NONE', #411, 1000.000000000000114 ) ;
#2664 = VERTEX_POINT ( 'NONE', #1336 ) ;
#2665 = ORIENTED_EDGE ( 'NONE', *, *, #4575, .F. ) ;
#2666 = CARTESIAN_POINT ( 'NONE',  ( 2.038696033394348461, 2.966050303359525131, 2.277114068754812148 ) ) ;
#2667 = ORIENTED_EDGE ( 'NONE', *, *, #7124, .F. ) ;
#2668 = DIRECTION ( 'NONE',  ( 0.000000000000000000, 1.000000000000000000, 0.000000000000000000 ) ) ;
#2669 = DIRECTION ( 'NONE',  ( -0.000000000000000000, -1.000000000000000000, 0.000000000000000000 ) ) ;
#2670 = LINE ( 'NONE', #4662, #7308 ) ;
#2671 = EDGE_LOOP ( 'NONE', ( #3971, #2594, #7287, #3138, #2578, #1171, #8077, #5878 ) ) ;
#2672 = VERTEX_POINT ( 'NONE', #5244 ) ;
#2673 = CARTESIAN_POINT ( 'NONE',  ( 1.978772094552671001, 2.940518207628539216, -2.271050646219888058 ) ) ;
#2674 = ADVANCED_FACE ( 'NONE', ( #5822 ), #3288, .T. ) ;
#2675 = B_SPLINE_CURVE_WITH_KNOTS ( 'NONE', 3,
 ( #3160, #507, #6936, #1204 ),
 .UNSPECIFIED., .F., .F.,
 ( 4, 4 ),
 ( 0.000000000000000000, 1.000000000000000000 ),
 .UNSPECIFIED. ) ;
#2676 = CARTESIAN_POINT ( 'NONE',  ( 3.149999999999996358, 1.633265455320084714, 0.3854590165138650493 ) ) ;
#2677 = CARTESIAN_POINT ( 'NONE',  ( 3.304862343019955961, 1.662135534283028182, -0.3899839601069027828 ) ) ;
#2678 = VECTOR ( 'NONE', #6515, 1000.000000000000000 ) ;
#2679 = DIRECTION ( 'NONE',  ( -3.491481338843133355E-15, 3.727710295965419738E-16, 1.000000000000000000 ) ) ;
#2680 = EDGE_CURVE ( 'NONE', #7345, #8161, #6481, .T. ) ;
#2681 = ADVANCED_FACE ( 'NONE', ( #6525 ), #6987, .T. ) ;
#2682 = CARTESIAN_POINT ( 'NONE',  ( -2.650000000000000355, 0.6603961780563999406, 0.6499999999999932498 ) ) ;
#2683 = VECTOR ( 'NONE', #4118, 1000.000000000000000 ) ;
#2684 = EDGE_CURVE ( 'NONE', #861, #2729, #713, .T. ) ;
#2685 = VECTOR ( 'NONE', #401, 1000.000000000000000 ) ;
#2686 = VECTOR ( 'NONE', #7014, 1000.000000000000114 ) ;
#2687 = ORIENTED_EDGE ( 'NONE', *, *, #2644, .F. ) ;
#2688 = CYLINDRICAL_SURFACE ( 'NONE', #6960, 0.07999999999999934941 ) ;
#2689 = ORIENTED_EDGE ( 'NONE', *, *, #6839, .F. ) ;
#2690 = AXIS2_PLACEMENT_3D ( 'NONE', #21, #2573, #7040 ) ;
#2691 = CARTESIAN_POINT ( 'NONE',  ( 3.318567278615542904, 1.685280413170175073, 0.3874424556628688898 ) ) ;
#2692 = LINE ( 'NONE', #7758, #42 ) ;
#2693 = ORIENTED_EDGE ( 'NONE', *, *, #350, .T. ) ;
#2694 = DIRECTION ( 'NONE',  ( -1.000000000000000000, 0.000000000000000000, -3.491481338843133355E-15 ) ) ;
#2695 = CARTESIAN_POINT ( 'NONE',  ( 0.000000000000000000, 3.149999999999999911, 0.000000000000000000 ) ) ;
#2696 = DIRECTION ( 'NONE',  ( 0.000000000000000000, -1.000000000000000000, 0.000000000000000000 ) ) ;
#2698 = EDGE_CURVE ( 'NONE', #6979, #2737, #1416, .T. ) ;
#2697 = AXIS2_PLACEMENT_3D ( 'NONE', #5144, #7750, #735 ) ;
#2699 = ORIENTED_EDGE ( 'NONE', *, *, #1650, .T. ) ;
#2700 = AXIS2_PLACEMENT_3D ( 'NONE', #8157, #4917, #4213 ) ;
#2701 = EDGE_CURVE ( 'NONE', #4706, #1801, #3061, .T. ) ;
#2702 = CYLINDRICAL_SURFACE ( 'NONE', #5769, 0.07999999999999934941 ) ;
#2703 = AXIS2_PLACEMENT_3D ( 'NONE', #4578, #5905, #5821 ) ;
#2704 = EDGE_CURVE ( 'NONE', #2738, #5532, #5201, .T. ) ;
#2705 = LINE ( 'NONE', #7649, #7824 ) ;
#2706 = ADVANCED_FACE ( 'NONE', ( #5862 ), #1298, .F. ) ;
#2707 = VECTOR ( 'NONE', #6014, 1000.000000000000000 ) ;
#2708 = VERTEX_POINT ( 'NONE', #1377 ) ;
#2709 = VERTEX_POINT ( 'NONE', #7729 ) ;
#2710 = CARTESIAN_POINT ( 'NONE',  ( 2.057411948736626250, 2.977785088822441750, 2.287628414992913140 ) ) ;
#2711 = ORIENTED_EDGE ( 'NONE', *, *, #5763, .F. ) ;
#2712 = EDGE_CURVE ( 'NONE', #5137, #2709, #7008, .T. ) ;
#2713 = CARTESIAN_POINT ( 'NONE',  ( -4.349999999999996092, 0.3000000000000007661, -0.6000000000000150768 ) ) ;
#2714 = DIRECTION ( 'NONE',  ( 0.000000000000000000, 1.000000000000000000, 0.000000000000000000 ) ) ;
#2715 = ORIENTED_EDGE ( 'NONE', *, *, #3583, .T. ) ;
#2716 = DIRECTION ( 'NONE',  ( 3.491481338843133355E-15, -0.000000000000000000, -1.000000000000000000 ) ) ;
#2717 = CARTESIAN_POINT ( 'NONE',  ( 4.189999999999999503, 1.685000000000000275, -0.5999999999999853229 ) ) ;
#2718 = ORIENTED_EDGE ( 'NONE', *, *, #4445, .T. ) ;
#2719 = EDGE_CURVE ( 'NONE', #1903, #5745, #5787, .T. ) ;
#2720 = CARTESIAN_POINT ( 'NONE',  ( -2.973634140239836299, 0.6999999999999999556, -2.600000000000007638 ) ) ;
#2721 = AXIS2_PLACEMENT_3D ( 'NONE', #766, #3339, #3301 ) ;
#2722 = CARTESIAN_POINT ( 'NONE',  ( -4.350000000000000533, 0.1834367172890583597, 0.7999999999999847233 ) ) ;
#2723 = FACE_OUTER_BOUND ( 'NONE', #7110, .T. ) ;
#2724 = CARTESIAN_POINT ( 'NONE',  ( 3.986143571373717442, 0.000000000000000000, -1.599999999999990097 ) ) ;
#2725 = LINE ( 'NONE', #737, #8000 ) ;
#2726 = DIRECTION ( 'NONE',  ( 1.000000000000000000, 0.000000000000000000, 3.491481338843132961E-15 ) ) ;
#2727 = ORIENTED_EDGE ( 'NONE', *, *, #2555, .T. ) ;
#2728 = CARTESIAN_POINT ( 'NONE',  ( 2.971636754383003787, 0.000000000000000000, 1.600000000000015188 ) ) ;
#2729 = VERTEX_POINT ( 'NONE', #4579 ) ;
#2730 = CARTESIAN_POINT ( 'NONE',  ( -2.442882788353073042, 3.050000000000000266, -2.400614230226989498 ) ) ;
#2731 = CARTESIAN_POINT ( 'NONE',  ( 1.781226596065972778, 0.7500000000000000000, -3.349999999999993872 ) ) ;
#2732 = VERTEX_POINT ( 'NONE', #834 ) ;
#2733 = CARTESIAN_POINT ( 'NONE',  ( -2.649999999999998579, 0.000000000000000000, -9.252425547934298658E-15 ) ) ;
#2734 = CARTESIAN_POINT ( 'NONE',  ( 3.599999999999999645, 2.030000000000000249, -0.5999999999999873213 ) ) ;
#2735 = FACE_OUTER_BOUND ( 'NONE', #5533, .T. ) ;
#2736 = AXIS2_PLACEMENT_3D ( 'NONE', #4502, #729, #2182 ) ;
#2737 = VERTEX_POINT ( 'NONE', #2626 ) ;
#2738 = VERTEX_POINT ( 'NONE', #7109 ) ;
#2739 = CARTESIAN_POINT ( 'NONE',  ( 0.000000000000000000, 3.149999999999999911, 0.000000000000000000 ) ) ;
#2740 = DIRECTION ( 'NONE',  ( 0.6691306063588596809, 0.000000000000000000, -0.7431448254773930229 ) ) ;
#2741 = CARTESIAN_POINT ( 'NONE',  ( 3.176618150167384691, 0.9624978469009396465, -0.5429620263278384096 ) ) ;
#2742 = CARTESIAN_POINT ( 'NONE',  ( 0.000000000000000000, 3.149999999999999911, 0.000000000000000000 ) ) ;
#2743 = ORIENTED_EDGE ( 'NONE', *, *, #4777, .T. ) ;
#2744 = VERTEX_POINT ( 'NONE', #790 ) ;
#2745 = ORIENTED_EDGE ( 'NONE', *, *, #1076, .T. ) ;
#2746 = CARTESIAN_POINT ( 'NONE',  ( 3.305313565880223070, 1.604596019356461234, -0.3961655152405266778 ) ) ;
#2747 = CARTESIAN_POINT ( 'NONE',  ( 2.370163855179304502, 0.7414683926030006811, 1.796316628059495324 ) ) ;
#2748 = ORIENTED_EDGE ( 'NONE', *, *, #5996, .T. ) ;
#2749 = EDGE_CURVE ( 'NONE', #223, #6296, #3922, .T. ) ;
#2750 = CARTESIAN_POINT ( 'NONE',  ( -0.1895926696702616987, 0.9795429097132495322, 0.5454356057317855111 ) ) ;
#2751 = DIRECTION ( 'NONE',  ( -0.4694715627858953577, 0.000000000000000000, 0.8829475928589245459 ) ) ;
#2752 = ORIENTED_EDGE ( 'NONE', *, *, #5850, .T. ) ;
#2753 = EDGE_CURVE ( 'NONE', #6231, #2744, #3192, .T. ) ;
#2754 = LINE ( 'NONE', #6269, #6783 ) ;
#2755 = EDGE_CURVE ( 'NONE', #4244, #1584, #4145, .T. ) ;
#2756 = ORIENTED_EDGE ( 'NONE', *, *, #827, .F. ) ;
#2757 = CARTESIAN_POINT ( 'NONE',  ( 1.584466524402397214, 0.000000000000000000, -2.979948125898871147 ) ) ;
#2758 = CARTESIAN_POINT ( 'NONE',  ( -1.444221159965798362, 2.971814703667332136, -2.704972242432021723 ) ) ;
#2759 = CARTESIAN_POINT ( 'NONE',  ( 3.299999999999996270, 1.631081031811220106, 0.3934692362463919069 ) ) ;
#2760 = CARTESIAN_POINT ( 'NONE',  ( 2.817445625774182449, 2.933333333333334014, -2.768697945599544408 ) ) ;
#2761 = AXIS2_PLACEMENT_3D ( 'NONE', #2799, #3433, #5336 ) ;
#2762 = CARTESIAN_POINT ( 'NONE',  ( 1.454604435350193903, 2.700000000000000178, -2.735713058173234291 ) ) ;
#2763 = LINE ( 'NONE', #7090, #3352 ) ;
#2764 = DIRECTION ( 'NONE',  ( 3.491481338843133355E-15, 0.000000000000000000, -1.000000000000000000 ) ) ;
#2765 = ADVANCED_FACE ( 'NONE', ( #7803 ), #3588, .T. ) ;
#2766 = ORIENTED_EDGE ( 'NONE', *, *, #5103, .F. ) ;
#2767 = DIRECTION ( 'NONE',  ( 0.000000000000000000, 1.000000000000000000, 0.000000000000000000 ) ) ;
#2768 = ORIENTED_EDGE ( 'NONE', *, *, #4395, .F. ) ;
#2769 = CARTESIAN_POINT ( 'NONE',  ( 4.039999999999998259, 0.5000000000000000000, -0.5999999999999858780 ) ) ;
#2770 = LINE ( 'NONE', #746, #7349 ) ;
#2771 = LINE ( 'NONE', #2156, #3479 ) ;
#2772 = DIRECTION ( 'NONE',  ( -3.491481338843133355E-15, 0.000000000000000000, 1.000000000000000000 ) ) ;
#2773 = CARTESIAN_POINT ( 'NONE',  ( -2.417156442748878309, 0.1694829431300274303, -0.6000000000000084155 ) ) ;
#2774 = VERTEX_POINT ( 'NONE', #7187 ) ;
#2775 = ORIENTED_EDGE ( 'NONE', *, *, #4377, .F. ) ;
#2776 = EDGE_CURVE ( 'NONE', #1101, #1117, #4644, .T. ) ;
#2777 = CARTESIAN_POINT ( 'NONE',  ( -3.586143571373723749, 0.7500000000000000000, 1.999999999999990896 ) ) ;
#2778 = CARTESIAN_POINT ( 'NONE',  ( 3.249999999999998668, 1.091144171148769493, -0.5499999999999902744 ) ) ;
#2779 = DIRECTION ( 'NONE',  ( -1.000000000000000000, 0.000000000000000000, -3.491481338843133355E-15 ) ) ;
#2780 = CARTESIAN_POINT ( 'NONE',  ( -2.561644502396681844, 0.6508546816763509657, -0.6500000000000113465 ) ) ;
#2781 = ADVANCED_FACE ( 'NONE', ( #7933 ), #1627, .T. ) ;
#2782 = ORIENTED_EDGE ( 'NONE', *, *, #4507, .F. ) ;
#2783 = ORIENTED_EDGE ( 'NONE', *, *, #3168, .F. ) ;
#2784 = VECTOR ( 'NONE', #6610, 1000.000000000000000 ) ;
#2785 = DIRECTION ( 'NONE',  ( 1.000000000000000000, 0.000000000000000000, 3.523657060577895721E-15 ) ) ;
#2786 = CARTESIAN_POINT ( 'NONE',  ( 4.149999999999995914, 1.685000000000000275, 0.5500000000000161426 ) ) ;
#2787 = EDGE_LOOP ( 'NONE', ( #4925, #3732, #7791, #5904 ) ) ;
#2788 = CARTESIAN_POINT ( 'NONE',  ( 0.000000000000000000, 2.933493649053888319, 0.000000000000000000 ) ) ;
#2789 = B_SPLINE_CURVE_WITH_KNOTS ( 'NONE', 3,
 ( #1586, #2915, #7896, #7807, #5950, #7242, #2746 ),
 .UNSPECIFIED., .F., .F.,
 ( 4, 3, 4 ),
 ( 7.424247969555137269E-05, 8.078087527944001413E-05, 0.0001034835970355225406 ),
 .UNSPECIFIED. ) ;
#2790 = DIRECTION ( 'NONE',  ( -3.491481338843133355E-15, 0.000000000000000000, 1.000000000000000000 ) ) ;
#2791 = VERTEX_POINT ( 'NONE', #6735 ) ;
#2792 = CARTESIAN_POINT ( 'NONE',  ( -3.586143571373723749, 0.7500000000000000000, 1.999999999999990896 ) ) ;
#2793 = CARTESIAN_POINT ( 'NONE',  ( 4.500000000000000000, 0.3199999999999999512, -0.6499999999999838129 ) ) ;
#2794 = ORIENTED_EDGE ( 'NONE', *, *, #7426, .T. ) ;
#2795 = EDGE_LOOP ( 'NONE', ( #6888, #487, #880, #5789 ) ) ;
#2796 = EDGE_CURVE ( 'NONE', #3432, #5534, #4828, .T. ) ;
#2797 = EDGE_CURVE ( 'NONE', #5124, #6577, #281, .T. ) ;
#2798 = EDGE_LOOP ( 'NONE', ( #5823, #7612, #4787, #5568 ) ) ;
#2799 = CARTESIAN_POINT ( 'NONE',  ( 0.000000000000000000, 2.700000000000000178, 0.000000000000000000 ) ) ;
#2800 = CARTESIAN_POINT ( 'NONE',  ( -3.986143571373716554, 0.000000000000000000, 1.599999999999990541 ) ) ;
#2801 = EDGE_CURVE ( 'NONE', #7765, #3418, #2910, .T. ) ;
#2802 = DIRECTION ( 'NONE',  ( 0.9335804264972039634, 0.3583679495452944952, 3.259578637424200973E-15 ) ) ;
#2803 = FACE_OUTER_BOUND ( 'NONE', #1838, .T. ) ;
#2804 = DIRECTION ( 'NONE',  ( 3.491481338843133355E-15, 0.000000000000000000, -1.000000000000000000 ) ) ;
#2805 = LINE ( 'NONE', #7216, #3239 ) ;
#2806 = EDGE_CURVE ( 'NONE', #4461, #5634, #1047, .T. ) ;
#2807 = EDGE_CURVE ( 'NONE', #1053, #6695, #7443, .T. ) ;
#2808 = EDGE_LOOP ( 'NONE', ( #8121, #3537, #5089, #6028, #3777, #1811, #4217, #2271, #4760 ) ) ;
#2809 = DIRECTION ( 'NONE',  ( -1.000000000000000000, 0.000000000000000000, -4.133965530583265232E-15 ) ) ;
#2810 = ORIENTED_EDGE ( 'NONE', *, *, #6524, .T. ) ;
#2811 = CARTESIAN_POINT ( 'NONE',  ( 3.329883631600357496, 1.437346735502356143, 0.5500000000000132561 ) ) ;
#2812 = AXIS2_PLACEMENT_3D ( 'NONE', #1730, #1691, #1061 ) ;
#2813 = FACE_OUTER_BOUND ( 'NONE', #1826, .T. ) ;
#2814 = CARTESIAN_POINT ( 'NONE',  ( 4.628839468752896202, 0.1800000000000611944, -0.8999999999999838129 ) ) ;
#2815 = DIRECTION ( 'NONE',  ( 3.491481338843133355E-15, -0.000000000000000000, -1.000000000000000000 ) ) ;
#2816 = VECTOR ( 'NONE', #4269, 999.9999999999998863 ) ;
#2817 = LINE ( 'NONE', #6640, #4953 ) ;
#2818 = AXIS2_PLACEMENT_3D ( 'NONE', #4649, #7553, #6336 ) ;
#2819 = ORIENTED_EDGE ( 'NONE', *, *, #4490, .T. ) ;
#2820 = EDGE_CURVE ( 'NONE', #7522, #2981, #494, .T. ) ;
#2821 = EDGE_LOOP ( 'NONE', ( #6717, #1632, #6998, #449 ) ) ;
#2822 = CARTESIAN_POINT ( 'NONE',  ( 4.800000000000000711, 0.000000000000000000, -0.8999999999999833689 ) ) ;
#2823 = CIRCLE ( 'NONE', #7611, 3.374999999999999556 ) ;
#2824 = CIRCLE ( 'NONE', #7859, 3.375000000000000000 ) ;
#2825 = CARTESIAN_POINT ( 'NONE',  ( 3.249999999999998668, 1.091144171148769493, -0.5499999999999902744 ) ) ;
#2826 = LINE ( 'NONE', #2212, #3311 ) ;
#2827 = VECTOR ( 'NONE', #2275, 1000.000000000000000 ) ;
#2828 = DIRECTION ( 'NONE',  ( -3.491481338843133355E-15, 0.000000000000000000, 1.000000000000000000 ) ) ;
#2829 = VECTOR ( 'NONE', #4121, 1000.000000000000000 ) ;
#2830 = ORIENTED_EDGE ( 'NONE', *, *, #5850, .F. ) ;
#2831 = CARTESIAN_POINT ( 'NONE',  ( 2.535399252178448735E-15, 0.6500000000000017986, -0.6500000000000013545 ) ) ;
#2832 = CIRCLE ( 'NONE', #6948, 0.3999999999999999667 ) ;
#2833 = DIRECTION ( 'NONE',  ( -3.491481338843133355E-15, 0.000000000000000000, 1.000000000000000000 ) ) ;
#2834 = ORIENTED_EDGE ( 'NONE', *, *, #675, .F. ) ;
#2835 = DIRECTION ( 'NONE',  ( -3.491481338843133355E-15, 0.000000000000000000, 1.000000000000000000 ) ) ;
#2836 = VECTOR ( 'NONE', #6099, 1000.000000000000000 ) ;
#2837 = FACE_OUTER_BOUND ( 'NONE', #1302, .T. ) ;
#2838 = ORIENTED_EDGE ( 'NONE', *, *, #3318, .T. ) ;
#2839 = VECTOR ( 'NONE', #1157, 1000.000000000000000 ) ;
#2840 = PLANE ( 'NONE',  #214 ) ;
#2841 = AXIS2_PLACEMENT_3D ( 'NONE', #1950, #3978, #2726 ) ;
#2842 = DIRECTION ( 'NONE',  ( -1.000000000000000000, 0.000000000000000000, -3.523657060577895721E-15 ) ) ;
#2843 = VECTOR ( 'NONE', #7641, 1000.000000000000000 ) ;
#2844 = ORIENTED_EDGE ( 'NONE', *, *, #636, .T. ) ;
#2845 = AXIS2_PLACEMENT_3D ( 'NONE', #1193, #2453, #5597 ) ;
#2846 = DIRECTION ( 'NONE',  ( 0.000000000000000000, -1.000000000000000000, 0.000000000000000000 ) ) ;
#2847 = CARTESIAN_POINT ( 'NONE',  ( 2.817392449966588330, 2.700000000000000178, 2.768644769791989813 ) ) ;
#2848 = LINE ( 'NONE', #6710, #7346 ) ;
#2849 = CARTESIAN_POINT ( 'NONE',  ( -2.973634140239854506, 0.3500000000000000333, 2.599999999999986766 ) ) ;
#2850 = DIRECTION ( 'NONE',  ( 0.000000000000000000, 1.000000000000000000, 0.000000000000000000 ) ) ;
#2851 = LINE ( 'NONE', #5267, #6420 ) ;
#2852 = VERTEX_POINT ( 'NONE', #4737 ) ;
#2853 = AXIS2_PLACEMENT_3D ( 'NONE', #7374, #6169, #2432 ) ;
#2854 = CARTESIAN_POINT ( 'NONE',  ( -4.350000000000001421, 0.1800000000000000488, 0.8999999999999848121 ) ) ;
#2855 = ORIENTED_EDGE ( 'NONE', *, *, #1949, .T. ) ;
#2856 = CARTESIAN_POINT ( 'NONE',  ( 3.609933337664433776E-15, 0.000000000000000000, -0.6500000000000013545 ) ) ;
#2857 = EDGE_CURVE ( 'NONE', #6556, #6953, #3760, .T. ) ;
#2858 = CARTESIAN_POINT ( 'NONE',  ( 4.800000000000000711, 1.574999999999999067, 0.9000000000000158984 ) ) ;
#2859 = CARTESIAN_POINT ( 'NONE',  ( 2.268242884571780138, 2.700000000000000178, -2.250133155302034726 ) ) ;
#2860 = VECTOR ( 'NONE', #5832, 999.9999999999998863 ) ;
#2861 = EDGE_CURVE ( 'NONE', #3477, #7915, #2872, .T. ) ;
#2862 = DIRECTION ( 'NONE',  ( -1.000000000000000000, 0.000000000000000000, -4.336808689942034302E-15 ) ) ;
#2863 = CARTESIAN_POINT ( 'NONE',  ( 3.599999999999998757, 1.880000000000000115, -0.3732854763045103663 ) ) ;
#2864 = ORIENTED_EDGE ( 'NONE', *, *, #4912, .T. ) ;
#2865 = ORIENTED_EDGE ( 'NONE', *, *, #6766, .F. ) ;
#2866 = PLANE ( 'NONE',  #6162 ) ;
#2867 = ORIENTED_EDGE ( 'NONE', *, *, #4526, .T. ) ;
#2868 = DIRECTION ( 'NONE',  ( 3.491481338843133355E-15, -0.000000000000000000, -1.000000000000000000 ) ) ;
#2869 = AXIS2_PLACEMENT_3D ( 'NONE', #1598, #6623, #5999 ) ;
#2870 = CARTESIAN_POINT ( 'NONE',  ( 2.973634140239851842, 0.6999999999999999556, -1.599999999999993205 ) ) ;
#2871 = CIRCLE ( 'NONE', #6857, 2.500000000757275131 ) ;
#2872 = LINE ( 'NONE', #5412, #1334 ) ;
#2873 = VERTEX_POINT ( 'NONE', #4778 ) ;
#2874 = ORIENTED_EDGE ( 'NONE', *, *, #2659, .T. ) ;
#2875 = CARTESIAN_POINT ( 'NONE',  ( 3.401316701949485655, 0.1800000000000000488, -0.7999999999999880540 ) ) ;
#2876 = CARTESIAN_POINT ( 'NONE',  ( 0.000000000000000000, 2.700000000000000178, 0.000000000000000000 ) ) ;
#2877 = DIRECTION ( 'NONE',  ( 5.033795800825556582E-16, 1.000000000000000000, 1.757540410212935542E-30 ) ) ;
#2878 = DIRECTION ( 'NONE',  ( 3.491481338843133355E-15, 0.000000000000000000, -1.000000000000000000 ) ) ;
#2879 = VERTEX_POINT ( 'NONE', #7312 ) ;
#2880 = CARTESIAN_POINT ( 'NONE',  ( 4.039999999999998259, 1.685000000000000275, -0.5999999999999858780 ) ) ;
#2881 = DIRECTION ( 'NONE',  ( 4.206079614184803695E-30, -1.000000000000000000, -1.204669080539449590E-15 ) ) ;
#2882 = ORIENTED_EDGE ( 'NONE', *, *, #8040, .T. ) ;
#2883 = ORIENTED_EDGE ( 'NONE', *, *, #86, .T. ) ;
#2884 = DIRECTION ( 'NONE',  ( -0.000000000000000000, -1.000000000000000000, -0.000000000000000000 ) ) ;
#2885 = DIRECTION ( 'NONE',  ( 3.491481338843133355E-15, 0.000000000000000000, -1.000000000000000000 ) ) ;
#2886 = FACE_OUTER_BOUND ( 'NONE', #4853, .T. ) ;
#2887 = DIRECTION ( 'NONE',  ( -3.491481338843133355E-15, 0.000000000000000000, 1.000000000000000000 ) ) ;
#2888 = CARTESIAN_POINT ( 'NONE',  ( 0.000000000000000000, 2.700000000000000178, 0.000000000000000000 ) ) ;
#2889 = ORIENTED_EDGE ( 'NONE', *, *, #4158, .T. ) ;
#2890 = DIRECTION ( 'NONE',  ( -1.000000000000000000, 0.000000000000000000, -3.491481338843133355E-15 ) ) ;
#2891 = ORIENTED_EDGE ( 'NONE', *, *, #5103, .T. ) ;
#2892 = EDGE_CURVE ( 'NONE', #2618, #1666, #4162, .T. ) ;
#2893 = CYLINDRICAL_SURFACE ( 'NONE', #4440, 0.4000000000000001887 ) ;
#2894 = ORIENTED_EDGE ( 'NONE', *, *, #2046, .F. ) ;
#2895 = LINE ( 'NONE', #1612, #5353 ) ;
#2896 = CARTESIAN_POINT ( 'NONE',  ( 4.717386503038376588, 1.149990402432738090, 0.8695333621815701797 ) ) ;
#2897 = CARTESIAN_POINT ( 'NONE',  ( -2.294154044586110608, 0.5832581321901016969, 0.6499999999999942490 ) ) ;
#2898 = EDGE_CURVE ( 'NONE', #3333, #1069, #5450, .T. ) ;
#2899 = DIRECTION ( 'NONE',  ( -3.491481338843133355E-15, 3.729022710527641551E-16, 1.000000000000000000 ) ) ;
#2900 = LINE ( 'NONE', #274, #3894 ) ;
#2901 = EDGE_CURVE ( 'NONE', #1391, #5745, #2658, .T. ) ;
#2902 = ORIENTED_EDGE ( 'NONE', *, *, #6107, .F. ) ;
#2903 = ORIENTED_EDGE ( 'NONE', *, *, #535, .F. ) ;
#2904 = ADVANCED_FACE ( 'NONE', ( #4243 ), #3629, .T. ) ;
#2905 = VERTEX_POINT ( 'NONE', #6195 ) ;
#2906 = CARTESIAN_POINT ( 'NONE',  ( 5.200000000000001066, 0.1499999999999999667, -0.5999999999999818812 ) ) ;
#2907 = ADVANCED_FACE ( 'NONE', ( #549 ), #7033, .F. ) ;
#2908 = DIRECTION ( 'NONE',  ( 3.491481338843133355E-15, 0.000000000000000000, -1.000000000000000000 ) ) ;
#2909 = CARTESIAN_POINT ( 'NONE',  ( -4.086143571373707317, 0.000000000000000000, -1.500000000000016875 ) ) ;
#2910 = LINE ( 'NONE', #3416, #4782 ) ;
#2911 = EDGE_CURVE ( 'NONE', #4527, #3194, #6773, .T. ) ;
#2912 = ORIENTED_EDGE ( 'NONE', *, *, #2861, .F. ) ;
#2913 = ORIENTED_EDGE ( 'NONE', *, *, #6404, .F. ) ;
#2914 = VERTEX_POINT ( 'NONE', #2344 ) ;
#2915 = CARTESIAN_POINT ( 'NONE',  ( 3.299999999999998934, 1.631081031811220106, -0.3934692362463689808 ) ) ;
#2916 = CARTESIAN_POINT ( 'NONE',  ( 2.724909274121031899, 0.7484531139338133077, 1.992463500000631438 ) ) ;
#2917 = DIRECTION ( 'NONE',  ( 1.000000000000000000, 0.000000000000000000, 3.491481338843133355E-15 ) ) ;
#2918 = VERTEX_POINT ( 'NONE', #5661 ) ;
#2919 = EDGE_CURVE ( 'NONE', #4660, #7000, #4363, .T. ) ;
#2920 = DIRECTION ( 'NONE',  ( -2.168404344971008868E-15, 0.000000000000000000, 1.000000000000000000 ) ) ;
#2921 = LINE ( 'NONE', #6042, #6674 ) ;
#2922 = EDGE_CURVE ( 'NONE', #544, #3477, #5584, .T. ) ;
#2923 = CARTESIAN_POINT ( 'NONE',  ( 4.351339312526809167, 0.3000000000000005440, 0.6500000000000147882 ) ) ;
#2924 = LINE ( 'NONE', #5425, #6051 ) ;
#2925 = ORIENTED_EDGE ( 'NONE', *, *, #5300, .F. ) ;
#2926 = PLANE ( 'NONE',  #6721 ) ;
#2927 = B_SPLINE_CURVE_WITH_KNOTS ( 'NONE', 3,
 ( #7156, #797, #844, #3337, #5873, #171 ),
 .UNSPECIFIED., .F., .F.,
 ( 4, 2, 4 ),
 ( 6.133173666733496745E-19, 0.0001570106908752748386, 0.0003140213817505490266 ),
 .UNSPECIFIED. ) ;
#2928 = FACE_OUTER_BOUND ( 'NONE', #1127, .T. ) ;
#2929 = CARTESIAN_POINT ( 'NONE',  ( 3.609925872050838258, 0.3924896151364118402, -0.5999999999999873213 ) ) ;
#2930 = FACE_OUTER_BOUND ( 'NONE', #8180, .T. ) ;
#2931 = LINE ( 'NONE', #4095, #2685 ) ;
#2932 = ORIENTED_EDGE ( 'NONE', *, *, #6244, .T. ) ;
#2933 = CARTESIAN_POINT ( 'NONE',  ( -4.628839468752896202, 0.1800000000000043787, 0.8999999999999838129 ) ) ;
#2934 = VERTEX_POINT ( 'NONE', #3000 ) ;
#2935 = AXIS2_PLACEMENT_3D ( 'NONE', #5176, #7743, #4625 ) ;
#2936 = DIRECTION ( 'NONE',  ( 0.000000000000000000, -1.000000000000000000, 0.000000000000000000 ) ) ;
#2937 = VERTEX_POINT ( 'NONE', #1752 ) ;
#2938 = EDGE_CURVE ( 'NONE', #947, #908, #6942, .T. ) ;
#2939 = CARTESIAN_POINT ( 'NONE',  ( 4.194999999999999396, 1.685000000000000275, -0.3999999999999853117 ) ) ;
#2940 = CARTESIAN_POINT ( 'NONE',  ( 2.642215976589615600, 0.7500000000000000000, -2.099838025433053978 ) ) ;
#2941 = CARTESIAN_POINT ( 'NONE',  ( -2.414021541698909701, 0.6500000000000017986, 0.6499999999999939160 ) ) ;
#2942 = CARTESIAN_POINT ( 'NONE',  ( -0.3506623262364788607, 1.222558476567801256, -0.6000000000000010880 ) ) ;
#2943 = DIRECTION ( 'NONE',  ( 0.000000000000000000, 1.000000000000000000, 0.000000000000000000 ) ) ;
#2944 = VECTOR ( 'NONE', #1293, 1000.000000000000000 ) ;
#2945 = EDGE_LOOP ( 'NONE', ( #5453, #7769, #327, #722 ) ) ;
#2946 = ORIENTED_EDGE ( 'NONE', *, *, #1393, .F. ) ;
#2947 = ORIENTED_EDGE ( 'NONE', *, *, #2719, .F. ) ;
#2948 = CARTESIAN_POINT ( 'NONE',  ( 4.351339312526810055, 0.2999999999999999334, 0.5000000000000152101 ) ) ;
#2949 = CYLINDRICAL_SURFACE ( 'NONE', #6528, 2.950000000000001066 ) ;
#2950 = VECTOR ( 'NONE', #76, 1000.000000000000000 ) ;
#2951 = DIRECTION ( 'NONE',  ( 1.000000000000000000, 0.000000000000000000, 3.491481338843133355E-15 ) ) ;
#2952 = EDGE_CURVE ( 'NONE', #337, #343, #8066, .T. ) ;
#2953 = VECTOR ( 'NONE', #1105, 1000.000000000000000 ) ;
#2954 = DIRECTION ( 'NONE',  ( 1.000000000000000000, 0.000000000000000000, 3.433306879537436361E-15 ) ) ;
#2955 = AXIS2_PLACEMENT_3D ( 'NONE', #4630, #4210, #6698 ) ;
#2956 = EDGE_LOOP ( 'NONE', ( #422, #2135, #1211, #4492, #2715, #7094, #6131, #3369 ) ) ;
#2957 = VECTOR ( 'NONE', #1282, 1000.000000000000114 ) ;
#2958 = VECTOR ( 'NONE', #3242, 1000.000000000000000 ) ;
#2959 = VERTEX_POINT ( 'NONE', #4948 ) ;
#2960 = CARTESIAN_POINT ( 'NONE',  ( 3.149999999999999467, 1.633265455320084714, -0.3854590165138429558 ) ) ;
#2961 = CARTESIAN_POINT ( 'NONE',  ( -1.445991211082150674, 2.977785088822446635, -2.715749824516320743 ) ) ;
#2962 = LINE ( 'NONE', #3005, #2379 ) ;
#2963 = ORIENTED_EDGE ( 'NONE', *, *, #4389, .T. ) ;
#2964 = VECTOR ( 'NONE', #2114, 1000.000000000000000 ) ;
#2965 = CARTESIAN_POINT ( 'NONE',  ( -2.793071785686867869, 0.7500000000000000000, -2.793071785686860320 ) ) ;
#2966 = EDGE_CURVE ( 'NONE', #5011, #5081, #2381, .T. ) ;
#2967 = SHAPE_DEFINITION_REPRESENTATION ( #8057, #5800 ) ;
#2968 = EDGE_CURVE ( 'NONE', #3810, #2440, #8022, .T. ) ;
#2969 = CARTESIAN_POINT ( 'NONE',  ( 3.196629634861886338, 1.469163123116463687, -0.3999999999999888090 ) ) ;
#2970 = ORIENTED_EDGE ( 'NONE', *, *, #4385, .F. ) ;
#2971 = VECTOR ( 'NONE', #5301, 1000.000000000000000 ) ;
#2972 = ORIENTED_EDGE ( 'NONE', *, *, #4734, .T. ) ;
#2973 = LINE ( 'NONE', #4131, #3544 ) ;
#2974 = EDGE_CURVE ( 'NONE', #7564, #5464, #7696, .T. ) ;
#2975 = VECTOR ( 'NONE', #5460, 1000.000000000000000 ) ;
#2976 = FACE_OUTER_BOUND ( 'NONE', #155, .T. ) ;
#2977 = DIRECTION ( 'NONE',  ( 0.000000000000000000, -1.000000000000000000, 0.000000000000000000 ) ) ;
#2978 = AXIS2_PLACEMENT_3D ( 'NONE', #1319, #7091, #5888 ) ;
#2979 = LINE ( 'NONE', #6215, #7854 ) ;
#2980 = CARTESIAN_POINT ( 'NONE',  ( 0.000000000000000000, 0.7306820342472279961, 0.000000000000000000 ) ) ;
#2981 = VERTEX_POINT ( 'NONE', #7569 ) ;
#2982 = AXIS2_PLACEMENT_3D ( 'NONE', #8156, #2479, #7648 ) ;
#2983 = LINE ( 'NONE', #7556, #2213 ) ;
#2984 = VECTOR ( 'NONE', #5970, 1000.000000000000000 ) ;
#2985 = EDGE_LOOP ( 'NONE', ( #3420, #2548, #8107, #1968 ) ) ;
#2986 = CARTESIAN_POINT ( 'NONE',  ( 2.973634140239855395, 0.7500000000000000000, -2.599999999999986322 ) ) ;
#2987 = ORIENTED_EDGE ( 'NONE', *, *, #6490, .T. ) ;
#2988 = DIRECTION ( 'NONE',  ( 0.9980094749326239301, 0.000000000000000000, 0.06306415736936665795 ) ) ;
#2989 = DIRECTION ( 'NONE',  ( 2.502581795060402787E-16, -0.9974279109682614441, -0.07167679137273028078 ) ) ;
#2990 = LINE ( 'NONE', #455, #6954 ) ;
#2991 = CARTESIAN_POINT ( 'NONE',  ( -2.900015108141922759, 0.6460367256471114539, -1.727450958271771198 ) ) ;
#2992 = CARTESIAN_POINT ( 'NONE',  ( -2.948341650956583848, 1.229414983117780524, -1.599291783640734099 ) ) ;
#2993 = VECTOR ( 'NONE', #8195, 1000.000000000000114 ) ;
#2994 = EDGE_LOOP ( 'NONE', ( #6119, #2172, #2283, #653 ) ) ;
#2995 = EDGE_LOOP ( 'NONE', ( #3201, #4178, #4459, #2138, #2529, #1246, #7260 ) ) ;
#2996 = ORIENTED_EDGE ( 'NONE', *, *, #5030, .T. ) ;
#2997 = LINE ( 'NONE', #5409, #6685 ) ;
#2998 = LINE ( 'NONE', #5536, #3088 ) ;
#2999 = CARTESIAN_POINT ( 'NONE',  ( 3.049999999999996270, 0.7984470950255904143, 0.2337167737522867772 ) ) ;
#3000 = CARTESIAN_POINT ( 'NONE',  ( 4.800000000000007816, 1.574999999999999067, -0.8999999999999822586 ) ) ;
#3001 = ORIENTED_EDGE ( 'NONE', *, *, #3979, .T. ) ;
#3002 = ORIENTED_EDGE ( 'NONE', *, *, #4245, .F. ) ;
#3003 = DIRECTION ( 'NONE',  ( 0.000000000000000000, 1.000000000000000000, 0.000000000000000000 ) ) ;
#3004 = LINE ( 'NONE', #5503, #5892 ) ;
#3005 = CARTESIAN_POINT ( 'NONE',  ( -4.199999999999997513, 1.850000000000000089, -0.6000000000000146327 ) ) ;
#3006 = ADVANCED_FACE ( 'NONE', ( #7404 ), #510, .F. ) ;
#3007 = LINE ( 'NONE', #429, #1251 ) ;
#3008 = CARTESIAN_POINT ( 'NONE',  ( 2.973634140239837187, 0.6999999999999999556, 2.600000000000007194 ) ) ;
#3009 = CARTESIAN_POINT ( 'NONE',  ( 3.343670574398059703, 1.708330167704059654, 0.3853475368344537744 ) ) ;
#3010 = VERTEX_POINT ( 'NONE', #8106 ) ;
#3011 = ORIENTED_EDGE ( 'NONE', *, *, #3778, .T. ) ;
#3012 = EDGE_CURVE ( 'NONE', #2325, #1150, #2423, .T. ) ;
#3013 = DIRECTION ( 'NONE',  ( 0.000000000000000000, 1.000000000000000000, 0.000000000000000000 ) ) ;
#3014 = DIRECTION ( 'NONE',  ( 1.000000000000000000, 0.000000000000000000, 3.614007241618388608E-15 ) ) ;
#3015 = EDGE_CURVE ( 'NONE', #3432, #2918, #7490, .T. ) ;
#3016 = DIRECTION ( 'NONE',  ( -3.491481338843133355E-15, 0.000000000000000000, 1.000000000000000000 ) ) ;
#3017 = EDGE_CURVE ( 'NONE', #3249, #4045, #1797, .T. ) ;
#3018 = DIRECTION ( 'NONE',  ( 0.000000000000000000, 1.000000000000000000, 0.000000000000000000 ) ) ;
#3019 = DIRECTION ( 'NONE',  ( 1.000000000000000000, 0.000000000000000000, 3.491481338843133355E-15 ) ) ;
#3020 = ORIENTED_EDGE ( 'NONE', *, *, #3419, .F. ) ;
#3021 = EDGE_CURVE ( 'NONE', #6211, #7516, #6399, .T. ) ;
#3022 = DIRECTION ( 'NONE',  ( 0.7132504491541806768, 0.000000000000000000, 0.7009092642998517864 ) ) ;
#3023 = CARTESIAN_POINT ( 'NONE',  ( -4.190000000000001279, 0.3000000000000000444, 0.5999999999999853229 ) ) ;
#3024 = VERTEX_POINT ( 'NONE', #4998 ) ;
#3025 = FACE_OUTER_BOUND ( 'NONE', #6616, .T. ) ;
#3026 = DIRECTION ( 'NONE',  ( -3.097720492815726673E-16, 1.000000000000000000, -1.081563329361806339E-30 ) ) ;
#3027 = LINE ( 'NONE', #6314, #4571 ) ;
#3028 = DIRECTION ( 'NONE',  ( -3.491481338843133355E-15, 0.000000000000000000, 1.000000000000000000 ) ) ;
#3029 = EDGE_CURVE ( 'NONE', #2737, #3418, #5701, .T. ) ;
#3030 = LINE ( 'NONE', #2415, #1192 ) ;
#3031 = ORIENTED_EDGE ( 'NONE', *, *, #7964, .T. ) ;
#3032 = ORIENTED_EDGE ( 'NONE', *, *, #3268, .F. ) ;
#3033 = DIRECTION ( 'NONE',  ( 3.491481338843133355E-15, 0.000000000000000000, -1.000000000000000000 ) ) ;
#3034 = B_SPLINE_CURVE_WITH_KNOTS ( 'NONE', 3,
 ( #3314, #6595, #1479, #141 ),
 .UNSPECIFIED., .F., .F.,
 ( 4, 4 ),
 ( 5.421010862427522170E-19, 0.0003501961884814657790 ),
 .UNSPECIFIED. ) ;
#3035 = FACE_OUTER_BOUND ( 'NONE', #607, .T. ) ;
#3036 = VECTOR ( 'NONE', #7700, 1000.000000000000000 ) ;
#3037 = CARTESIAN_POINT ( 'NONE',  ( -6.554639883192855715E-15, 0.3500000000000000333, 2.000000000000003109 ) ) ;
#3038 = CARTESIAN_POINT ( 'NONE',  ( 3.233503465900521068, 1.810575256224715934, -0.5999999999999886535 ) ) ;
#3039 = ORIENTED_EDGE ( 'NONE', *, *, #626, .T. ) ;
#3040 = EDGE_CURVE ( 'NONE', #282, #7276, #4608, .T. ) ;
#3041 = ORIENTED_EDGE ( 'NONE', *, *, #1483, .F. ) ;
#3042 = PLANE ( 'NONE',  #2047 ) ;
#3043 = DIRECTION ( 'NONE',  ( 7.319508337454880503E-16, 1.000000000000000000, 2.555592676973044352E-30 ) ) ;
#3044 = ORIENTED_EDGE ( 'NONE', *, *, #2210, .F. ) ;
#3045 = CARTESIAN_POINT ( 'NONE',  ( -4.349999999999983658, 0.3000000000000007661, -3.944646165029784601 ) ) ;
#3046 = CARTESIAN_POINT ( 'NONE',  ( 3.221885342674463359, 1.799550068951460524, -0.3626357333681118345 ) ) ;
#3047 = VECTOR ( 'NONE', #3454, 1000.000000000000000 ) ;
#3048 = CARTESIAN_POINT ( 'NONE',  ( -2.503258662110536381, 0.3499999999999999778, -0.6000000000000087486 ) ) ;
#3049 = ORIENTED_EDGE ( 'NONE', *, *, #4552, .T. ) ;
#3050 = ORIENTED_EDGE ( 'NONE', *, *, #5438, .F. ) ;
#3051 = PLANE ( 'NONE',  #347 ) ;
#3052 = CARTESIAN_POINT ( 'NONE',  ( -4.500000000000001776, 0.1499999999999999667, 0.5999999999999842126 ) ) ;
#3053 = ORIENTED_EDGE ( 'NONE', *, *, #2148, .T. ) ;
#3054 = CARTESIAN_POINT ( 'NONE',  ( -4.500000000000001776, 0.3000000000000007661, 0.5999999999999842126 ) ) ;
#3055 = DIRECTION ( 'NONE',  ( -0.000000000000000000, -1.000000000000000000, 0.000000000000000000 ) ) ;
#3056 = FACE_OUTER_BOUND ( 'NONE', #1855, .T. ) ;
#3057 = ORIENTED_EDGE ( 'NONE', *, *, #5105, .F. ) ;
#3058 = PLANE ( 'NONE',  #6446 ) ;
#3059 = EDGE_CURVE ( 'NONE', #4520, #6611, #7203, .T. ) ;
#3060 = EDGE_CURVE ( 'NONE', #6321, #6125, #1496, .T. ) ;
#3061 = B_SPLINE_CURVE_WITH_KNOTS ( 'NONE', 3,
 ( #3960, #3994, #2085, #5743 ),
 .UNSPECIFIED., .F., .F.,
 ( 4, 4 ),
 ( 1.437145926823382430E-06, 0.0002071770398613165167 ),
 .UNSPECIFIED. ) ;
#3062 = ADVANCED_FACE ( 'NONE', ( #1923 ), #6012, .F. ) ;
#3063 = LINE ( 'NONE', #7468, #312 ) ;
#3064 = AXIS2_PLACEMENT_3D ( 'NONE', #1929, #4456, #6396 ) ;
#3065 = EDGE_LOOP ( 'NONE', ( #7222, #7020, #6134, #4750 ) ) ;
#3066 = LINE ( 'NONE', #3739, #7480 ) ;
#3067 = DIRECTION ( 'NONE',  ( -0.4305110968082908052, -0.9025852843498626266, -1.503121460671037026E-15 ) ) ;
#3068 = ADVANCED_FACE ( 'NONE', ( #785 ), #7608, .T. ) ;
#3069 = DIRECTION ( 'NONE',  ( -1.000000000000000000, 0.000000000000000000, -2.848997147103001084E-15 ) ) ;
#3070 = FACE_OUTER_BOUND ( 'NONE', #4491, .T. ) ;
#3071 = ADVANCED_FACE ( 'NONE', ( #6983 ), #7679, .T. ) ;
#3072 = CARTESIAN_POINT ( 'NONE',  ( -5.300000000000000711, 0.1500000000000052403, -0.3000000000000198619 ) ) ;
#3073 = AXIS2_PLACEMENT_3D ( 'NONE', #784, #3198, #705 ) ;
#3074 = ORIENTED_EDGE ( 'NONE', *, *, #6858, .T. ) ;
#3075 = APPLICATION_CONTEXT ( 'automotive_design' ) ;
#3076 = VERTEX_POINT ( 'NONE', #706 ) ;
#3077 = EDGE_CURVE ( 'NONE', #2507, #4250, #2167, .T. ) ;
#3078 = CARTESIAN_POINT ( 'NONE',  ( 3.889999999999995239, 0.5000000000000000000, 0.4000000000000135669 ) ) ;
#3079 = EDGE_LOOP ( 'NONE', ( #7874, #7736, #5825, #3299 ) ) ;
#3080 = DIRECTION ( 'NONE',  ( -0.000000000000000000, -1.000000000000000000, -0.000000000000000000 ) ) ;
#3081 = CARTESIAN_POINT ( 'NONE',  ( -2.973634140239840296, 0.000000000000000000, -1.600000000000014078 ) ) ;
#3082 = DIRECTION ( 'NONE',  ( -1.000000000000000000, 0.000000000000000000, -3.491481338843133750E-15 ) ) ;
#3083 = EDGE_CURVE ( 'NONE', #1278, #7652, #666, .T. ) ;
#3084 = ORIENTED_EDGE ( 'NONE', *, *, #4728, .F. ) ;
#3085 = CARTESIAN_POINT ( 'NONE',  ( -0.3117514303509965057, 1.007520338851501274, 0.5877090245699791993 ) ) ;
#3086 = CARTESIAN_POINT ( 'NONE',  ( -9.686612053762925153E-15, 0.6500000000000031308, 2.599999999999870859 ) ) ;
#3087 =( BOUNDED_CURVE ( )  B_SPLINE_CURVE ( 3, ( #796, #169, #6335, #6993 ),
 .UNSPECIFIED., .F., .T. ) 
 B_SPLINE_CURVE_WITH_KNOTS ( ( 4, 4 ),
 ( 4.567213991374194038, 4.712388980384689674 ),
 .UNSPECIFIED. ) 
 CURVE ( )  GEOMETRIC_REPRESENTATION_ITEM ( )  RATIONAL_B_SPLINE_CURVE ( ( 1.000000000000000000, 0.9982444562387966513, 0.9982444562387966513, 1.000000000000000000 ) ) 
 REPRESENTATION_ITEM ( '' )  );
#3088 = VECTOR ( 'NONE', #5659, 1000.000000000000000 ) ;
#3089 = DIRECTION ( 'NONE',  ( -3.491481338843133355E-15, 0.000000000000000000, 1.000000000000000000 ) ) ;
#3090 = VECTOR ( 'NONE', #2885, 1000.000000000000000 ) ;
#3091 = LINE ( 'NONE', #3555, #2480 ) ;
#3092 = CARTESIAN_POINT ( 'NONE',  ( 3.332051350969295278, 1.697303936377418943, 0.3863842541266195862 ) ) ;
#3093 = VECTOR ( 'NONE', #4599, 1000.000000000000000 ) ;
#3094 = EDGE_LOOP ( 'NONE', ( #2996, #382, #590, #4615, #6686, #959, #2149, #4485, #7080, #597, #7694, #4154 ) ) ;
#3095 = AXIS2_PLACEMENT_3D ( 'NONE', #4974, #4346, #3730 ) ;
#3096 = DIRECTION ( 'NONE',  ( 0.4305110968082908607, 0.9025852843498626266, 1.503121460671037223E-15 ) ) ;
#3097 = VECTOR ( 'NONE', #192, 1000.000000000000000 ) ;
#3098 = DIRECTION ( 'NONE',  ( 0.7044604723609756425, 0.08643428580064323186, 0.7044604723610004005 ) ) ;
#3099 = ORIENTED_EDGE ( 'NONE', *, *, #6167, .F. ) ;
#3100 = CARTESIAN_POINT ( 'NONE',  ( 3.749962936025414972, 0.4462448075682057258, 0.4000000000000130673 ) ) ;
#3101 = VECTOR ( 'NONE', #1111, 1000.000000000000000 ) ;
#3102 = DIRECTION ( 'NONE',  ( 0.000000000000000000, 1.000000000000000000, 0.000000000000000000 ) ) ;
#3103 = CARTESIAN_POINT ( 'NONE',  ( 4.349999999999996092, 1.967842712474619615, 0.5500000000000168088 ) ) ;
#3104 = VERTEX_POINT ( 'NONE', #3915 ) ;
#3105 = LINE ( 'NONE', #4224, #7115 ) ;
#3106 = AXIS2_PLACEMENT_3D ( 'NONE', #1981, #5222, #4015 ) ;
#3107 = EDGE_CURVE ( 'NONE', #2269, #5091, #750, .T. ) ;
#3108 = ORIENTED_EDGE ( 'NONE', *, *, #4884, .T. ) ;
#3109 = VECTOR ( 'NONE', #5624, 1000.000000000000114 ) ;
#3110 = CARTESIAN_POINT ( 'NONE',  ( 4.500000000000001776, 4.336808689942017736E-16, -0.5999999999999842126 ) ) ;
#3111 = AXIS2_PLACEMENT_3D ( 'NONE', #3585, #1621, #416 ) ;
#3112 = LINE ( 'NONE', #5689, #5218 ) ;
#3113 = CARTESIAN_POINT ( 'NONE',  ( 4.742946489584296543, 1.109999999999999876, 0.9000000000000153433 ) ) ;
#3114 = CARTESIAN_POINT ( 'NONE',  ( -0.4948968834970012276, 0.9201644387759413402, 0.5999999999999982014 ) ) ;
#3115 = CIRCLE ( 'NONE', #5113, 2.948711915483249513 ) ;
#3116 = CARTESIAN_POINT ( 'NONE',  ( 3.552499999999998881, 2.030000000000000249, -0.3455916415466093738 ) ) ;
#3117 = DIRECTION ( 'NONE',  ( -1.000000000000000000, 0.000000000000000000, -3.491481338843133355E-15 ) ) ;
#3118 = VECTOR ( 'NONE', #7483, 1000.000000000000000 ) ;
#3119 = VERTEX_POINT ( 'NONE', #1294 ) ;
#3120 = EDGE_CURVE ( 'NONE', #4340, #4866, #1771, .T. ) ;
#3121 = VECTOR ( 'NONE', #793, 1000.000000000000000 ) ;
#3122 = ORIENTED_EDGE ( 'NONE', *, *, #1959, .F. ) ;
#3123 = DIRECTION ( 'NONE',  ( 0.000000000000000000, 1.000000000000000000, 0.000000000000000000 ) ) ;
#3124 = EDGE_CURVE ( 'NONE', #4010, #460, #7606, .T. ) ;
#3125 = ORIENTED_EDGE ( 'NONE', *, *, #6049, .T. ) ;
#3126 = EDGE_CURVE ( 'NONE', #4374, #907, #5122, .T. ) ;
#3127 = CARTESIAN_POINT ( 'NONE',  ( -4.800000000000002487, 1.574999999999999956, 0.8999999999999822586 ) ) ;
#3128 = CARTESIAN_POINT ( 'NONE',  ( 4.499999999999998224, 0.3000000000000024314, 0.6000000000000156319 ) ) ;
#3129 = DIRECTION ( 'NONE',  ( -3.491481338843133355E-15, 0.000000000000000000, 1.000000000000000000 ) ) ;
#3130 = B_SPLINE_CURVE_WITH_KNOTS ( 'NONE', 3,
 ( #3381, #5207, #2597, #1460, #167, #1384, #6531, #2747, #7735, #1970 ),
 .UNSPECIFIED., .F., .F.,
 ( 4, 2, 2, 2, 4 ),
 ( 0.000000000000000000, 0.0003090703777074607335, 0.0006181407554149214671, 0.0009272111331223822006, 0.001236281510829842934 ),
 .UNSPECIFIED. ) ;
#3131 = ORIENTED_EDGE ( 'NONE', *, *, #7930, .F. ) ;
#3132 = ORIENTED_EDGE ( 'NONE', *, *, #5747, .T. ) ;
#3133 = CARTESIAN_POINT ( 'NONE',  ( 1.514188661106529085E-30, 0.7300000000000002043, -4.336808689942017736E-16 ) ) ;
#3134 = CARTESIAN_POINT ( 'NONE',  ( 3.552499999999996216, 2.030000000000000249, 0.3455916415466341873 ) ) ;
#3135 = PLANE ( 'NONE',  #7484 ) ;
#3136 = LINE ( 'NONE', #2518, #2993 ) ;
#3137 = CARTESIAN_POINT ( 'NONE',  ( -2.973634140239840296, 0.6999999999999999556, -1.600000000000014078 ) ) ;
#3138 = ORIENTED_EDGE ( 'NONE', *, *, #2661, .T. ) ;
#3139 = ORIENTED_EDGE ( 'NONE', *, *, #7709, .F. ) ;
#3140 = ORIENTED_EDGE ( 'NONE', *, *, #5843, .T. ) ;
#3141 = CARTESIAN_POINT ( 'NONE',  ( 4.149999999999999467, 1.685000000000000275, -0.5499999999999871658 ) ) ;
#3142 = CARTESIAN_POINT ( 'NONE',  ( 3.552499999999999769, 1.880000000000000115, -0.5999999999999875433 ) ) ;
#3143 = CARTESIAN_POINT ( 'NONE',  ( 3.332051350969297943, 1.697303936377418943, -0.3863842541265962716 ) ) ;
#3144 = CARTESIAN_POINT ( 'NONE',  ( 1.169646248512449832E-14, 0.000000000000000000, -3.350000000000000089 ) ) ;
#3145 = DIRECTION ( 'NONE',  ( 0.000000000000000000, -1.000000000000000000, 0.000000000000000000 ) ) ;
#3146 = ORIENTED_EDGE ( 'NONE', *, *, #6709, .F. ) ;
#3147 = LINE ( 'NONE', #1896, #1689 ) ;
#3148 = VECTOR ( 'NONE', #4378, 999.9999999999998863 ) ;
#3149 = VECTOR ( 'NONE', #2604, 1000.000000000000227 ) ;
#3150 = EDGE_LOOP ( 'NONE', ( #7764, #1585, #6792, #1330 ) ) ;
#3151 = CARTESIAN_POINT ( 'NONE',  ( -3.328798175118193647, 3.016664280782426211, -0.6500000000000127898 ) ) ;
#3152 = PLANE ( 'NONE',  #7727 ) ;
#3153 = ORIENTED_EDGE ( 'NONE', *, *, #6243, .F. ) ;
#3154 = CARTESIAN_POINT ( 'NONE',  ( 1.169646248512449832E-14, 0.7500000000000000000, -3.350000000000000089 ) ) ;
#3155 = DIRECTION ( 'NONE',  ( 0.5794841035564540777, 0.4999999999999976685, 0.6435822975543804558 ) ) ;
#3156 = CARTESIAN_POINT ( 'NONE',  ( 8.123961042495002356E-15, 0.5499999999997770006, -2.326794920000000211 ) ) ;
#3157 = EDGE_CURVE ( 'NONE', #4582, #3861, #5238, .T. ) ;
#3158 = VERTEX_POINT ( 'NONE', #1327 ) ;
#3159 = EDGE_LOOP ( 'NONE', ( #275, #4911, #4165 ) ) ;
#3160 = CARTESIAN_POINT ( 'NONE',  ( -2.793072950446625846, 2.700000000000000178, 2.793072947426531005 ) ) ;
#3161 = EDGE_CURVE ( 'NONE', #4073, #2934, #4542, .T. ) ;
#3162 = ORIENTED_EDGE ( 'NONE', *, *, #7064, .T. ) ;
#3163 = DIRECTION ( 'NONE',  ( 0.9335804264972046296, 0.3583679495452928299, 3.266412113938100308E-15 ) ) ;
#3164 = CARTESIAN_POINT ( 'NONE',  ( 4.189999999999995062, 0.5000000000000000000, 0.4000000000000146216 ) ) ;
#3165 = DIRECTION ( 'NONE',  ( 0.000000000000000000, -1.000000000000000000, 0.000000000000000000 ) ) ;
#3166 = EDGE_CURVE ( 'NONE', #4983, #1588, #3865, .T. ) ;
#3167 = AXIS2_PLACEMENT_3D ( 'NONE', #6154, #5613, #7403 ) ;
#3168 = EDGE_CURVE ( 'NONE', #6896, #5913, #2824, .T. ) ;
#3169 = ORIENTED_EDGE ( 'NONE', *, *, #101, .F. ) ;
#3170 = B_SPLINE_CURVE_WITH_KNOTS ( 'NONE', 3,
 ( #2411, #622, #4231, #4935 ),
 .UNSPECIFIED., .F., .F.,
 ( 4, 4 ),
 ( 0.000000000000000000, 7.118413634581448237E-05 ),
 .UNSPECIFIED. ) ;
#3171 = ORIENTED_EDGE ( 'NONE', *, *, #7980, .F. ) ;
#3172 = CARTESIAN_POINT ( 'NONE',  ( -3.311815967109281278, 2.700000000000000178, -0.6500000000000126787 ) ) ;
#3173 = EDGE_CURVE ( 'NONE', #4739, #8060, #5582, .T. ) ;
#3174 = CARTESIAN_POINT ( 'NONE',  ( -2.793071785686886965, 0.7500000000000000000, 2.793071785686841224 ) ) ;
#3175 = ORIENTED_EDGE ( 'NONE', *, *, #3734, .F. ) ;
#3176 = ORIENTED_EDGE ( 'NONE', *, *, #2966, .F. ) ;
#3177 = CARTESIAN_POINT ( 'NONE',  ( -2.724437398787041165, 0.7484940782194711151, 1.993105327909175717 ) ) ;
#3178 = FACE_OUTER_BOUND ( 'NONE', #7646, .T. ) ;
#3179 = CARTESIAN_POINT ( 'NONE',  ( 4.800000000000006928, 1.574999999999999956, -2.351671290311160512 ) ) ;
#3180 = DIRECTION ( 'NONE',  ( 3.491481338843133355E-15, -0.000000000000000000, -1.000000000000000000 ) ) ;
#3181 = DIRECTION ( 'NONE',  ( -3.491481338843133355E-15, 0.000000000000000000, 1.000000000000000000 ) ) ;
#3182 = EDGE_LOOP ( 'NONE', ( #1754, #2745, #241, #16 ) ) ;
#3183 = PLANE ( 'NONE',  #8179 ) ;
#3184 = VERTEX_POINT ( 'NONE', #3957 ) ;
#3185 = ORIENTED_EDGE ( 'NONE', *, *, #2547, .T. ) ;
#3186 = CIRCLE ( 'NONE', #3980, 0.09999999999999961697 ) ;
#3187 = EDGE_LOOP ( 'NONE', ( #3675, #3266, #4992, #8009 ) ) ;
#3188 = PLANE ( 'NONE',  #5079 ) ;
#3189 = DIRECTION ( 'NONE',  ( 0.9025852843498627376, -0.4305110968082905831, 3.151359677021968488E-15 ) ) ;
#3190 = CARTESIAN_POINT ( 'NONE',  ( 4.800000000000000711, 1.574999999999999067, 0.9000000000000158984 ) ) ;
#3191 = LINE ( 'NONE', #7006, #1921 ) ;
#3192 = CIRCLE ( 'NONE', #3458, 3.375000000000007550 ) ;
#3193 = ORIENTED_EDGE ( 'NONE', *, *, #4367, .T. ) ;
#3194 = VERTEX_POINT ( 'NONE', #2863 ) ;
#3195 = DIRECTION ( 'NONE',  ( 1.000000000000000000, 0.000000000000000000, 3.407492542097299143E-15 ) ) ;
#3196 = ORIENTED_EDGE ( 'NONE', *, *, #4373, .F. ) ;
#3197 = CARTESIAN_POINT ( 'NONE',  ( -0.000000000000000000, -0.3750000000000597300, 0.000000000000000000 ) ) ;
#3198 = DIRECTION ( 'NONE',  ( -1.000000000000000000, -5.595882180570348138E-16, -3.491481338843133355E-15 ) ) ;
#3199 = DIRECTION ( 'NONE',  ( -1.000000000000000000, 0.000000000000000000, -3.491481338843133355E-15 ) ) ;
#3200 = VERTEX_POINT ( 'NONE', #4150 ) ;
#3201 = ORIENTED_EDGE ( 'NONE', *, *, #5377, .T. ) ;
#3202 = AXIS2_PLACEMENT_3D ( 'NONE', #5215, #2098, #848 ) ;
#3203 = DIRECTION ( 'NONE',  ( -1.000000000000000000, 0.000000000000000000, -3.491481338843133355E-15 ) ) ;
#3204 = DIRECTION ( 'NONE',  ( 1.000000000000000000, 0.000000000000000000, 3.491481338843133355E-15 ) ) ;
#3205 = ORIENTED_EDGE ( 'NONE', *, *, #2414, .F. ) ;
#3206 = EDGE_LOOP ( 'NONE', ( #2513, #3819, #5246, #5979, #6234, #4432 ) ) ;
#3207 = ORIENTED_EDGE ( 'NONE', *, *, #3560, .T. ) ;
#3208 = AXIS2_PLACEMENT_3D ( 'NONE', #3517, #7866, #2189 ) ;
#3209 = CARTESIAN_POINT ( 'NONE',  ( 2.028445150527635299, 2.960461804438637490, 2.273301069127950935 ) ) ;
#3210 = EDGE_LOOP ( 'NONE', ( #3002, #4700, #4325, #5940, #2865, #1656 ) ) ;
#3211 = EDGE_CURVE ( 'NONE', #3389, #6879, #7796, .T. ) ;
#3212 = DIRECTION ( 'NONE',  ( 3.491481338843133355E-15, 0.000000000000000000, -1.000000000000000000 ) ) ;
#3213 = EDGE_CURVE ( 'NONE', #1447, #2163, #6022, .T. ) ;
#3214 = CARTESIAN_POINT ( 'NONE',  ( -5.200000000000001066, 0.1499999999999999944, 0.5999999999999818812 ) ) ;
#3215 = DIRECTION ( 'NONE',  ( 0.000000000000000000, 1.000000000000000000, 0.000000000000000000 ) ) ;
#3216 = EDGE_LOOP ( 'NONE', ( #4970, #8199, #2027, #7841 ) ) ;
#3217 = FILL_AREA_STYLE_COLOUR ( '', #627 ) ;
#3218 = AXIS2_PLACEMENT_3D ( 'NONE', #6637, #5937, #7227 ) ;
#3219 = AXIS2_PLACEMENT_3D ( 'NONE', #6699, #1014, #387 ) ;
#3220 = ORIENTED_EDGE ( 'NONE', *, *, #988, .T. ) ;
#3221 = ORIENTED_EDGE ( 'NONE', *, *, #489, .T. ) ;
#3222 = AXIS2_PLACEMENT_3D ( 'NONE', #4715, #2144, #809 ) ;
#3223 = EDGE_CURVE ( 'NONE', #3104, #168, #5746, .T. ) ;
#3224 = CARTESIAN_POINT ( 'NONE',  ( -2.417156442748882750, 0.1694829431300273470, 0.5999999999999915401 ) ) ;
#3225 = VECTOR ( 'NONE', #2320, 999.9999999999998863 ) ;
#3226 = VECTOR ( 'NONE', #6478, 1000.000000000000000 ) ;
#3227 = DIRECTION ( 'NONE',  ( -1.000000000000000000, 0.000000000000000000, -8.673617379884013384E-15 ) ) ;
#3228 = CARTESIAN_POINT ( 'NONE',  ( -2.068111038215015049E-15, 3.050000000000000266, 0.6500000000000001332 ) ) ;
#3229 = DIRECTION ( 'NONE',  ( 0.000000000000000000, 1.000000000000000000, 0.000000000000000000 ) ) ;
#3230 = AXIS2_PLACEMENT_3D ( 'NONE', #574, #1237, #6849 ) ;
#3231 = CARTESIAN_POINT ( 'NONE',  ( 4.349999999999999645, 1.685000000000000275, -0.5999999999999847677 ) ) ;
#3232 =( GEOMETRIC_REPRESENTATION_CONTEXT ( 3 ) GLOBAL_UNCERTAINTY_ASSIGNED_CONTEXT ( ( #130 ) ) GLOBAL_UNIT_ASSIGNED_CONTEXT ( ( #2389, #4369, #1848 ) ) REPRESENTATION_CONTEXT ( 'NONE', 'WORKASPACE' ) );
#3233 = ORIENTED_EDGE ( 'NONE', *, *, #2370, .F. ) ;
#3234 = CONICAL_SURFACE ( 'NONE', #7489, 3.000000000000001776, 1.047197551196600296 ) ;
#3235 = VERTEX_POINT ( 'NONE', #905 ) ;
#3236 = LINE ( 'NONE', #2769, #1911 ) ;
#3237 = VECTOR ( 'NONE', #2599, 1000.000000000000000 ) ;
#3238 = CARTESIAN_POINT ( 'NONE',  ( 1.442899194636068083, 2.700000000000000178, 2.688765901894655475 ) ) ;
#3239 = VECTOR ( 'NONE', #4717, 1000.000000000000000 ) ;
#3240 = LINE ( 'NONE', #5780, #1085 ) ;
#3241 = AXIS2_PLACEMENT_3D ( 'NONE', #277, #6350, #6320 ) ;
#3242 = DIRECTION ( 'NONE',  ( -0.000000000000000000, -1.000000000000000000, 0.000000000000000000 ) ) ;
#3243 = CIRCLE ( 'NONE', #3786, 0.2999999999999994893 ) ;
#3244 = ORIENTED_EDGE ( 'NONE', *, *, #4790, .F. ) ;
#3245 = ORIENTED_EDGE ( 'NONE', *, *, #1553, .T. ) ;
#3246 = DIRECTION ( 'NONE',  ( -1.000000000000000000, 0.000000000000000000, -3.491481338843132961E-15 ) ) ;
#3247 = CARTESIAN_POINT ( 'NONE',  ( -2.057042534157123015, 2.976334095216149223, -2.284577181970942394 ) ) ;
#3248 = ORIENTED_EDGE ( 'NONE', *, *, #3875, .T. ) ;
#3249 = VERTEX_POINT ( 'NONE', #870 ) ;
#3250 =( GEOMETRIC_REPRESENTATION_CONTEXT ( 3 ) GLOBAL_UNCERTAINTY_ASSIGNED_CONTEXT ( ( #1396 ) ) GLOBAL_UNIT_ASSIGNED_CONTEXT ( ( #7506, #8036, #6703 ) ) REPRESENTATION_CONTEXT ( 'NONE', 'WORKASPACE' ) );
#3251 = ADVANCED_FACE ( 'NONE', ( #4770 ), #3990, .T. ) ;
#3252 = CARTESIAN_POINT ( 'NONE',  ( -4.499999999999998224, -4.336808689942017736E-16, -0.6000000000000156319 ) ) ;
#3253 = CARTESIAN_POINT ( 'NONE',  ( 2.289499202506232400, 0.7306820342472281071, -1.863218079759830337 ) ) ;
#3254 = ORIENTED_EDGE ( 'NONE', *, *, #3634, .F. ) ;
#3255 = CARTESIAN_POINT ( 'NONE',  ( 4.544379967969495837, 0.2611455724296859460, 0.8055842846751072317 ) ) ;
#3256 = AXIS2_PLACEMENT_3D ( 'NONE', #3048, #5581, #2433 ) ;
#3257 = DIRECTION ( 'NONE',  ( 1.000000000000000000, 0.000000000000000000, 3.491481338843133355E-15 ) ) ;
#3259 = ADVANCED_FACE ( 'NONE', ( #6684 ), #1000, .T. ) ;
#3258 = CARTESIAN_POINT ( 'NONE',  ( -3.986143571373709893, 2.049999999999999378, -0.6500000000000168976 ) ) ;
#3260 = ORIENTED_EDGE ( 'NONE', *, *, #3870, .T. ) ;
#3261 = DIRECTION ( 'NONE',  ( 0.000000000000000000, 1.000000000000000000, 0.000000000000000000 ) ) ;
#3262 = CARTESIAN_POINT ( 'NONE',  ( -8.728703349751844285E-15, 0.6500000000000030198, 2.500000000757274687 ) ) ;
#3263 = VERTEX_POINT ( 'NONE', #6067 ) ;
#3264 = ADVANCED_FACE ( 'NONE', ( #7180 ), #1488, .T. ) ;
#3265 = EDGE_CURVE ( 'NONE', #3291, #3717, #371, .T. ) ;
#3266 = ORIENTED_EDGE ( 'NONE', *, *, #1788, .F. ) ;
#3267 = CARTESIAN_POINT ( 'NONE',  ( 4.086143571373707317, 0.000000000000000000, 1.500000000000016875 ) ) ;
#3268 = EDGE_CURVE ( 'NONE', #5634, #6988, #2900, .T. ) ;
#3269 = CARTESIAN_POINT ( 'NONE',  ( 1.514188661106529085E-30, 1.437346735502356143, -4.336808689942017736E-16 ) ) ;
#3270 = EDGE_CURVE ( 'NONE', #6808, #6603, #7924, .T. ) ;
#3271 = LINE ( 'NONE', #5180, #7734 ) ;
#3272 = CARTESIAN_POINT ( 'NONE',  ( -2.817392449966592771, 2.700000000000000178, -2.768644769791985816 ) ) ;
#3273 = VECTOR ( 'NONE', #3013, 1000.000000000000000 ) ;
#3274 = CIRCLE ( 'NONE', #6061, 0.1499999999999999667 ) ;
#3275 = LINE ( 'NONE', #100, #1380 ) ;
#3276 = ORIENTED_EDGE ( 'NONE', *, *, #5671, .T. ) ;
#3277 = CARTESIAN_POINT ( 'NONE',  ( -1.934429877430334788, 2.700000000000000178, -2.293028793823765010 ) ) ;
#3278 = ORIENTED_EDGE ( 'NONE', *, *, #2403, .T. ) ;
#3279 = CARTESIAN_POINT ( 'NONE',  ( 3.300883664653600835, 1.646940118482768556, 0.3917112505320229365 ) ) ;
#3280 = LINE ( 'NONE', #1446, #170 ) ;
#3281 = EDGE_CURVE ( 'NONE', #3540, #2627, #239, .T. ) ;
#3282 = EDGE_LOOP ( 'NONE', ( #7092, #7043, #4348, #6542, #3313 ) ) ;
#3283 = DIRECTION ( 'NONE',  ( -3.491481338843133355E-15, 3.729022710527641551E-16, 1.000000000000000000 ) ) ;
#3284 = CARTESIAN_POINT ( 'NONE',  ( 4.039999999999998259, 1.685000000000000275, -0.5999999999999858780 ) ) ;
#3285 = CARTESIAN_POINT ( 'NONE',  ( 4.628839468752896202, 0.1800000000000611944, -0.8999999999999838129 ) ) ;
#3286 = ORIENTED_EDGE ( 'NONE', *, *, #6259, .T. ) ;
#3287 = CARTESIAN_POINT ( 'NONE',  ( 4.199999999999995737, 1.685000000000000275, 0.6000000000000146327 ) ) ;
#3288 = PLANE ( 'NONE',  #4921 ) ;
#3289 = EDGE_CURVE ( 'NONE', #2072, #3548, #2817, .T. ) ;
#3290 = VERTEX_POINT ( 'NONE', #4687 ) ;
#3291 = VERTEX_POINT ( 'NONE', #2205 ) ;
#3292 = CARTESIAN_POINT ( 'NONE',  ( -2.642215976589622262, 0.7500000000000000000, 2.099838025433045985 ) ) ;
#3293 = EDGE_CURVE ( 'NONE', #4055, #6081, #3487, .T. ) ;
#3294 = DIRECTION ( 'NONE',  ( -1.000000000000000000, -1.936075308009828924E-16, -3.491481338843133355E-15 ) ) ;
#3295 = ORIENTED_EDGE ( 'NONE', *, *, #5046, .T. ) ;
#3296 = CARTESIAN_POINT ( 'NONE',  ( 3.599999999999999645, 1.880000000000000115, -0.5999999999999873213 ) ) ;
#3297 = EDGE_CURVE ( 'NONE', #1414, #223, #8212, .T. ) ;
#3298 = CARTESIAN_POINT ( 'NONE',  ( -4.349999999999999645, 0.3000000000000007661, 0.5999999999999847677 ) ) ;
#3299 = ORIENTED_EDGE ( 'NONE', *, *, #5377, .F. ) ;
#3300 = CYLINDRICAL_SURFACE ( 'NONE', #1156, 0.3599999999999999867 ) ;
#3301 = DIRECTION ( 'NONE',  ( 1.000000000000000000, 0.000000000000000000, 3.469446951953638249E-15 ) ) ;
#3302 = ORIENTED_EDGE ( 'NONE', *, *, #1579, .T. ) ;
#3303 = UNCERTAINTY_MEASURE_WITH_UNIT (LENGTH_MEASURE( 1.000000000000000082E-05 ), #889, 'distance_accuracy_value', 'NONE');
#3304 = VERTEX_POINT ( 'NONE', #1536 ) ;
#3305 = DIRECTION ( 'NONE',  ( -5.595882180570348138E-16, 1.000000000000000000, -1.953791820782619180E-30 ) ) ;
#3306 = CARTESIAN_POINT ( 'NONE',  ( 0.000000000000000000, 3.050000000000000266, 0.000000000000000000 ) ) ;
#3307 = DIRECTION ( 'NONE',  ( 1.000000000000000000, 0.000000000000000000, 3.491481338843133750E-15 ) ) ;
#3308 = DIRECTION ( 'NONE',  ( -1.000000000000000000, 0.000000000000000000, -3.491481338843133355E-15 ) ) ;
#3309 = ADVANCED_FACE ( 'NONE', ( #2735 ), #5443, .T. ) ;
#3310 = CARTESIAN_POINT ( 'NONE',  ( 4.349999999999999645, 0.1800000000000000488, -0.7999999999999847233 ) ) ;
#3311 = VECTOR ( 'NONE', #4736, 1000.000000000000000 ) ;
#3312 = EDGE_CURVE ( 'NONE', #3968, #6580, #4023, .T. ) ;
#3313 = ORIENTED_EDGE ( 'NONE', *, *, #1200, .F. ) ;
#3314 = CARTESIAN_POINT ( 'NONE',  ( 3.049999999999997158, 0.7936270760231673993, 1.021533721447734392E-14 ) ) ;
#3315 = VERTEX_POINT ( 'NONE', #1832 ) ;
#3316 = CYLINDRICAL_SURFACE ( 'NONE', #4027, 0.3000000000000025424 ) ;
#3317 = ADVANCED_FACE ( 'NONE', ( #7396 ), #8138, .F. ) ;
#3318 = EDGE_CURVE ( 'NONE', #7009, #3290, #4320, .T. ) ;
#3319 = CARTESIAN_POINT ( 'NONE',  ( 0.000000000000000000, 2.700000000000000178, 0.000000000000000000 ) ) ;
#3320 = ORIENTED_EDGE ( 'NONE', *, *, #313, .F. ) ;
#3321 = LINE ( 'NONE', #2117, #2950 ) ;
#3322 = DIRECTION ( 'NONE',  ( 0.000000000000000000, -1.000000000000000000, 0.000000000000000000 ) ) ;
#3323 = DIRECTION ( 'NONE',  ( 0.000000000000000000, -1.000000000000000000, 0.000000000000000000 ) ) ;
#3324 = ADVANCED_FACE ( 'NONE', ( #6229 ), #5028, .T. ) ;
#3325 = ORIENTED_EDGE ( 'NONE', *, *, #7386, .F. ) ;
#3326 = DIRECTION ( 'NONE',  ( 0.000000000000000000, 1.000000000000000000, 0.000000000000000000 ) ) ;
#3327 = VECTOR ( 'NONE', #556, 1000.000000000000114 ) ;
#3328 = EDGE_CURVE ( 'NONE', #2879, #6675, #2444, .T. ) ;
#3329 = CARTESIAN_POINT ( 'NONE',  ( 3.150000000000000355, 1.633265455320084714, -0.5999999999999888756 ) ) ;
#3330 = ORIENTED_EDGE ( 'NONE', *, *, #5854, .T. ) ;
#3331 = AXIS2_PLACEMENT_3D ( 'NONE', #4355, #5565, #1785 ) ;
#3332 = ORIENTED_EDGE ( 'NONE', *, *, #4005, .F. ) ;
#3333 = VERTEX_POINT ( 'NONE', #3743 ) ;
#3334 = CARTESIAN_POINT ( 'NONE',  ( 4.349999999999994316, 0.000000000000000000, 0.6500000000000146771 ) ) ;
#3335 = ORIENTED_EDGE ( 'NONE', *, *, #7171, .T. ) ;
#3336 = CARTESIAN_POINT ( 'NONE',  ( 4.499999999999999112, 0.3199999999999999512, -0.4999999999999842903 ) ) ;
#3337 = CARTESIAN_POINT ( 'NONE',  ( -2.208720231632328890, 3.095891748601405258, 2.426826996329984887 ) ) ;
#3338 = ORIENTED_EDGE ( 'NONE', *, *, #7930, .T. ) ;
#3339 = DIRECTION ( 'NONE',  ( -0.000000000000000000, -1.000000000000000000, 0.000000000000000000 ) ) ;
#3340 = ORIENTED_EDGE ( 'NONE', *, *, #7964, .F. ) ;
#3341 = AXIS2_PLACEMENT_3D ( 'NONE', #5722, #688, #3227 ) ;
#3342 = ORIENTED_EDGE ( 'NONE', *, *, #202, .T. ) ;
#3343 = LINE ( 'NONE', #7748, #5560 ) ;
#3344 = FACE_OUTER_BOUND ( 'NONE', #7770, .T. ) ;
#3345 = DIRECTION ( 'NONE',  ( -1.000000000000000000, 0.000000000000000000, -3.181709289561560885E-15 ) ) ;
#3346 = FACE_OUTER_BOUND ( 'NONE', #2194, .T. ) ;
#3347 = CIRCLE ( 'NONE', #568, 0.09999999999999961697 ) ;
#3348 = FACE_OUTER_BOUND ( 'NONE', #5459, .T. ) ;
#3349 = LINE ( 'NONE', #5182, #45 ) ;
#3350 = VECTOR ( 'NONE', #2053, 1000.000000000000000 ) ;
#3351 = AXIS2_PLACEMENT_3D ( 'NONE', #2849, #3055, #1732 ) ;
#3352 = VECTOR ( 'NONE', #6464, 1000.000000000000000 ) ;
#3353 = AXIS2_PLACEMENT_3D ( 'NONE', #8228, #1961, #1369 ) ;
#3354 = VERTEX_POINT ( 'NONE', #2333 ) ;
#3355 = DIRECTION ( 'NONE',  ( 0.000000000000000000, 1.000000000000000000, 0.000000000000000000 ) ) ;
#3356 = ORIENTED_EDGE ( 'NONE', *, *, #928, .F. ) ;
#3357 = AXIS2_PLACEMENT_3D ( 'NONE', #3078, #1836, #4359 ) ;
#3358 = LINE ( 'NONE', #699, #6809 ) ;
#3359 = LINE ( 'NONE', #5936, #4829 ) ;
#3360 = ORIENTED_EDGE ( 'NONE', *, *, #2898, .T. ) ;
#3361 = VECTOR ( 'NONE', #7900, 1000.000000000000000 ) ;
#3362 = DIRECTION ( 'NONE',  ( 0.000000000000000000, 1.000000000000000000, 0.000000000000000000 ) ) ;
#3363 = CARTESIAN_POINT ( 'NONE',  ( 4.552165105849415028, 0.2999999999999999334, 0.5000000000000159872 ) ) ;
#3364 = CARTESIAN_POINT ( 'NONE',  ( 0.000000000000000000, 1.201442841485029778, 0.000000000000000000 ) ) ;
#3365 = AXIS2_PLACEMENT_3D ( 'NONE', #3564, #894, #4753 ) ;
#3366 = EDGE_CURVE ( 'NONE', #4099, #5952, #6225, .T. ) ;
#3367 = ORIENTED_EDGE ( 'NONE', *, *, #2292, .F. ) ;
#3368 = VECTOR ( 'NONE', #4959, 1000.000000000000000 ) ;
#3369 = ORIENTED_EDGE ( 'NONE', *, *, #7686, .T. ) ;
#3370 = DIRECTION ( 'NONE',  ( -1.000000000000000000, 0.000000000000000000, -3.491481338843132961E-15 ) ) ;
#3371 = ADVANCED_FACE ( 'NONE', ( #5531 ), #542, .T. ) ;
#3372 = VECTOR ( 'NONE', #7596, 1000.000000000000000 ) ;
#3373 = VECTOR ( 'NONE', #3804, 1000.000000000000000 ) ;
#3374 = LINE ( 'NONE', #2870, #5045 ) ;
#3375 = DIRECTION ( 'NONE',  ( 1.000000000000000000, 0.000000000000000000, 3.614007241618359420E-15 ) ) ;
#3376 = VECTOR ( 'NONE', #2809, 1000.000000000000000 ) ;
#3377 = ORIENTED_EDGE ( 'NONE', *, *, #4827, .F. ) ;
#3378 = VERTEX_POINT ( 'NONE', #3072 ) ;
#3379 = ORIENTED_EDGE ( 'NONE', *, *, #5994, .F. ) ;
#3380 = CARTESIAN_POINT ( 'NONE',  ( -2.926266118837326236, 0.5998966974482737857, 1.681944903311860529 ) ) ;
#3381 = CARTESIAN_POINT ( 'NONE',  ( 2.971636754383003787, 1.437346735502356143, 1.600000000000015188 ) ) ;
#3382 = ORIENTED_EDGE ( 'NONE', *, *, #4274, .T. ) ;
#3383 = CARTESIAN_POINT ( 'NONE',  ( 4.800000000000002487, 3.050000000000000266, -1.499999999999983347 ) ) ;
#3384 = LINE ( 'NONE', #7656, #5619 ) ;
#3385 = EDGE_CURVE ( 'NONE', #4903, #1447, #7948, .T. ) ;
#3386 = DIRECTION ( 'NONE',  ( 1.000000000000000000, 0.000000000000000000, 3.491481338843133355E-15 ) ) ;
#3387 = FACE_OUTER_BOUND ( 'NONE', #8224, .T. ) ;
#3388 = EDGE_LOOP ( 'NONE', ( #3233, #83, #7056, #3175 ) ) ;
#3389 = VERTEX_POINT ( 'NONE', #7437 ) ;
#3390 = EDGE_LOOP ( 'NONE', ( #4544, #7589, #2867, #5417, #4237, #7306, #2337, #5941 ) ) ;
#3391 = CARTESIAN_POINT ( 'NONE',  ( 2.017712673449703509, 2.955459681652429449, -2.271246528709661927 ) ) ;
#3392 = CARTESIAN_POINT ( 'NONE',  ( 3.249999999999998668, 0.000000000000000000, -0.3499999999999903744 ) ) ;
#3393 = AXIS2_PLACEMENT_3D ( 'NONE', #482, #7414, #4919 ) ;
#3394 = LINE ( 'NONE', #5179, #4406 ) ;
#3395 = DIRECTION ( 'NONE',  ( 4.336808689942017736E-15, 0.000000000000000000, -1.000000000000000000 ) ) ;
#3396 = DIRECTION ( 'NONE',  ( -1.000000000000000000, 0.000000000000000000, -3.491481338843133355E-15 ) ) ;
#3397 = CARTESIAN_POINT ( 'NONE',  ( -4.349999999999997868, 0.000000000000000000, -1.518794382396762378E-14 ) ) ;
#3398 = LINE ( 'NONE', #4758, #6552 ) ;
#3399 = EDGE_CURVE ( 'NONE', #1507, #6296, #3667, .T. ) ;
#3400 = ORIENTED_EDGE ( 'NONE', *, *, #7361, .T. ) ;
#3401 = DIRECTION ( 'NONE',  ( 3.491481338843133355E-15, 1.204669080539449590E-15, -1.000000000000000000 ) ) ;
#3402 = ORIENTED_EDGE ( 'NONE', *, *, #326, .T. ) ;
#3403 = DIRECTION ( 'NONE',  ( 0.000000000000000000, 1.000000000000000000, 0.000000000000000000 ) ) ;
#3404 = PLANE ( 'NONE',  #1917 ) ;
#3405 = EDGE_CURVE ( 'NONE', #3717, #683, #4768, .T. ) ;
#3406 = CARTESIAN_POINT ( 'NONE',  ( -2.817339274159036844, 2.700000000000000178, 2.768591593984391253 ) ) ;
#3407 = CARTESIAN_POINT ( 'NONE',  ( -4.523008059478751619, 0.1499999999999999667, -2.351671290311192930 ) ) ;
#3408 = CARTESIAN_POINT ( 'NONE',  ( 1.854412673004262713, 0.7500000000000000000, 3.487642991792765823 ) ) ;
#3409 = VECTOR ( 'NONE', #5921, 1000.000000000000000 ) ;
#3410 = ORIENTED_EDGE ( 'NONE', *, *, #3562, .T. ) ;
#3411 = ORIENTED_EDGE ( 'NONE', *, *, #5600, .F. ) ;
#3412 = DIRECTION ( 'NONE',  ( 0.000000000000000000, 1.000000000000000000, 0.000000000000000000 ) ) ;
#3413 = CARTESIAN_POINT ( 'NONE',  ( 1.934429877430335676, 2.933493649053888319, 2.293028793823765010 ) ) ;
#3414 = EDGE_CURVE ( 'NONE', #1675, #3477, #3030, .T. ) ;
#3415 = CARTESIAN_POINT ( 'NONE',  ( 2.134476815985837383, 2.700000000000000178, -2.370576664446629955 ) ) ;
#3416 = CARTESIAN_POINT ( 'NONE',  ( 2.793071785686887409, 3.050000000000000266, -2.793071785686841224 ) ) ;
#3417 = B_SPLINE_CURVE_WITH_KNOTS ( 'NONE', 3,
 ( #3852, #2104, #7001, #1398, #6377, #2673, #3973, #5220, #4629, #3391, #5925, #1313, #686, #6087, #4666, #7864 ),
 .UNSPECIFIED., .F., .F.,
 ( 4, 3, 3, 3, 3, 4 ),
 ( 0.000000000000000000, 3.014886002918645740E-05, 6.018081032726317202E-05, 9.187161686365870664E-05, 0.0001278708812780849388, 0.0001651438938026604389 ),
 .UNSPECIFIED. ) ;
#3418 = VERTEX_POINT ( 'NONE', #4197 ) ;
#3419 = EDGE_CURVE ( 'NONE', #5644, #5532, #4937, .T. ) ;
#3420 = ORIENTED_EDGE ( 'NONE', *, *, #2698, .T. ) ;
#3421 = CYLINDRICAL_SURFACE ( 'NONE', #180, 0.1799999999999996048 ) ;
#3422 = CARTESIAN_POINT ( 'NONE',  ( -2.650000000000000355, 0.6603961780563999406, 0.6499999999999932498 ) ) ;
#3423 = ORIENTED_EDGE ( 'NONE', *, *, #5199, .T. ) ;
#3424 = CARTESIAN_POINT ( 'NONE',  ( 4.349999999999997868, 3.050000000000000266, -0.3499999999999864886 ) ) ;
#3425 = ADVANCED_FACE ( 'NONE', ( #1787 ), #1985, .F. ) ;
#3426 = CARTESIAN_POINT ( 'NONE',  ( 1.854412673004286916, 0.7500000000000000000, -3.487642991792752944 ) ) ;
#3427 = ORIENTED_EDGE ( 'NONE', *, *, #1845, .F. ) ;
#3428 = LINE ( 'NONE', #2880, #3816 ) ;
#3429 = EDGE_CURVE ( 'NONE', #7629, #1962, #495, .T. ) ;
#3430 = CARTESIAN_POINT ( 'NONE',  ( 0.000000000000000000, 3.050000000000000266, 0.000000000000000000 ) ) ;
#3431 = EDGE_LOOP ( 'NONE', ( #5583, #2855, #1220, #3340 ) ) ;
#3432 = VERTEX_POINT ( 'NONE', #5651 ) ;
#3433 = DIRECTION ( 'NONE',  ( 0.000000000000000000, 1.000000000000000000, 0.000000000000000000 ) ) ;
#3434 = CARTESIAN_POINT ( 'NONE',  ( 3.196629634861886782, 1.469163123116463465, -0.5999999999999888756 ) ) ;
#3435 = CARTESIAN_POINT ( 'NONE',  ( -2.220815370558882229, 0.7306820342472279961, 1.941772151898728094 ) ) ;
#3436 = VECTOR ( 'NONE', #132, 1000.000000000000000 ) ;
#3437 = DIRECTION ( 'NONE',  ( -1.000000000000000000, 0.000000000000000000, -3.491481338843133355E-15 ) ) ;
#3438 = DIRECTION ( 'NONE',  ( 0.4694715627858889184, 0.000000000000000000, 0.8829475928589279876 ) ) ;
#3439 = CARTESIAN_POINT ( 'NONE',  ( -4.350000000000000533, 0.000000000000000000, 0.6499999999999862554 ) ) ;
#3440 = EDGE_CURVE ( 'NONE', #4665, #7366, #8019, .T. ) ;
#3441 = ORIENTED_EDGE ( 'NONE', *, *, #11, .F. ) ;
#3442 = LINE ( 'NONE', #3277, #989 ) ;
#3443 = EDGE_LOOP ( 'NONE', ( #1232, #7809, #5080 ) ) ;
#3444 = CARTESIAN_POINT ( 'NONE',  ( 0.000000000000000000, 2.933493649053888319, 0.000000000000000000 ) ) ;
#3445 = DIRECTION ( 'NONE',  ( -1.301981320592949974E-30, -1.000000000000000000, 3.729022710527641551E-16 ) ) ;
#3446 = CARTESIAN_POINT ( 'NONE',  ( -2.220815370558868462, 0.7306820342472279961, -1.941772151898743637 ) ) ;
#3447 = VECTOR ( 'NONE', #953, 1000.000000000000000 ) ;
#3448 = LINE ( 'NONE', #2077, #806 ) ;
#3449 = DIRECTION ( 'NONE',  ( -0.7071067811865489050, -0.7071067811865461294, -2.468850131082270471E-15 ) ) ;
#3450 = ORIENTED_EDGE ( 'NONE', *, *, #2684, .T. ) ;
#3451 = ORIENTED_EDGE ( 'NONE', *, *, #4790, .T. ) ;
#3452 = FACE_OUTER_BOUND ( 'NONE', #2531, .T. ) ;
#3453 = CARTESIAN_POINT ( 'NONE',  ( -0.1250160051490180890, 1.114930702365728887, 0.5454356057317856221 ) ) ;
#3454 = DIRECTION ( 'NONE',  ( -0.000000000000000000, -1.000000000000000000, 0.000000000000000000 ) ) ;
#3455 = CARTESIAN_POINT ( 'NONE',  ( -4.499999999999998224, 0.3000000000000007661, -0.6000000000000156319 ) ) ;
#3456 = ORIENTED_EDGE ( 'NONE', *, *, #3440, .T. ) ;
#3457 = ORIENTED_EDGE ( 'NONE', *, *, #3800, .T. ) ;
#3458 = AXIS2_PLACEMENT_3D ( 'NONE', #2742, #246, #5283 ) ;
#3459 = LINE ( 'NONE', #4657, #2683 ) ;
#3460 = ORIENTED_EDGE ( 'NONE', *, *, #5708, .T. ) ;
#3461 = CARTESIAN_POINT ( 'NONE',  ( -3.889999999999997016, 0.1500000000000000222, -0.6000000000000135225 ) ) ;
#3462 = CARTESIAN_POINT ( 'NONE',  ( 3.249999999999996003, 0.000000000000000000, 0.3500000000000130229 ) ) ;
#3463 = VERTEX_POINT ( 'NONE', #2538 ) ;
#3464 = ADVANCED_FACE ( 'NONE', ( #4398 ), #7562, .F. ) ;
#3465 = CARTESIAN_POINT ( 'NONE',  ( -2.503258662110540822, 5.421010862427522170E-17, 0.5999999999999912070 ) ) ;
#3466 = DIRECTION ( 'NONE',  ( -0.000000000000000000, -1.000000000000000000, 0.000000000000000000 ) ) ;
#3467 = AXIS2_PLACEMENT_3D ( 'NONE', #5192, #5700, #4449 ) ;
#3468 = VERTEX_POINT ( 'NONE', #1245 ) ;
#3469 = ORIENTED_EDGE ( 'NONE', *, *, #6101, .F. ) ;
#3470 = ADVANCED_FACE ( 'NONE', ( #3788 ), #623, .T. ) ;
#3471 = CARTESIAN_POINT ( 'NONE',  ( 2.268242884571764595, 2.700000000000000178, 2.250133155302050270 ) ) ;
#3472 = DIRECTION ( 'NONE',  ( -0.9335804264972040745, -0.3583679495452945507, -3.259578637424201368E-15 ) ) ;
#3473 = EDGE_CURVE ( 'NONE', #3592, #947, #774, .T. ) ;
#3474 = CARTESIAN_POINT ( 'NONE',  ( -4.552165105849414140, 0.2999999999999999334, -0.8000000000000159206 ) ) ;
#3475 = CARTESIAN_POINT ( 'NONE',  ( 4.351339312526813607, 0.2999999999999999334, -0.4999999999999848455 ) ) ;
#3476 = DIRECTION ( 'NONE',  ( 3.491481338843133355E-15, 0.000000000000000000, -1.000000000000000000 ) ) ;
#3477 = VERTEX_POINT ( 'NONE', #2288 ) ;
#3478 = DIRECTION ( 'NONE',  ( -4.206079614184803695E-30, -1.000000000000000000, 1.204669080539449590E-15 ) ) ;
#3479 = VECTOR ( 'NONE', #2239, 1000.000000000000000 ) ;
#3480 = ORIENTED_EDGE ( 'NONE', *, *, #1692, .T. ) ;
#3481 = CARTESIAN_POINT ( 'NONE',  ( 0.000000000000000000, 0.6999999999999999556, 0.000000000000000000 ) ) ;
#3482 = AXIS2_PLACEMENT_3D ( 'NONE', #6837, #2489, #3768 ) ;
#3483 = CARTESIAN_POINT ( 'NONE',  ( 3.749962936025414972, 0.4462448075682057258, 0.4000000000000130673 ) ) ;
#3484 = CARTESIAN_POINT ( 'NONE',  ( -4.500000000000001776, 0.3000000000000007661, 0.5999999999999842126 ) ) ;
#3485 = LINE ( 'NONE', #1449, #6257 ) ;
#3486 = AXIS2_PLACEMENT_3D ( 'NONE', #4975, #8124, #612 ) ;
#3487 = LINE ( 'NONE', #200, #7335 ) ;
#3488 = VECTOR ( 'NONE', #3102, 1000.000000000000000 ) ;
#3489 = CIRCLE ( 'NONE', #4679, 3.000000000000001776 ) ;
#3490 = VERTEX_POINT ( 'NONE', #2247 ) ;
#3491 = ORIENTED_EDGE ( 'NONE', *, *, #2040, .T. ) ;
#3492 = DIRECTION ( 'NONE',  ( 3.491481338843133355E-15, 0.000000000000000000, -1.000000000000000000 ) ) ;
#3493 = MECHANICAL_DESIGN_GEOMETRIC_PRESENTATION_REPRESENTATION (  '', ( #3645 ), #3232 ) ;
#3494 = DIRECTION ( 'NONE',  ( -1.000000000000000000, -3.212450881438532241E-16, -3.491481338843133355E-15 ) ) ;
#3495 = CARTESIAN_POINT ( 'NONE',  ( 3.217774739737460532, 1.024953565432096703, -0.5499999999999904965 ) ) ;
#3496 = AXIS2_PLACEMENT_3D ( 'NONE', #2929, #2802, #5339 ) ;
#3497 = CARTESIAN_POINT ( 'NONE',  ( -0.3704073303297388819, 0.9795429097132490881, -0.5936883636811922660 ) ) ;
#3498 = VECTOR ( 'NONE', #6041, 1000.000000000000000 ) ;
#3499 = ORIENTED_EDGE ( 'NONE', *, *, #5338, .T. ) ;
#3500 = EDGE_LOOP ( 'NONE', ( #4293, #5729, #7621, #348, #4333, #153, #5561, #4871 ) ) ;
#3501 = PLANE ( 'NONE',  #4443 ) ;
#3502 = AXIS2_PLACEMENT_3D ( 'NONE', #3869, #669, #6393 ) ;
#3503 = CARTESIAN_POINT ( 'NONE',  ( -2.517439175034688947, 0.6500000000000019096, 0.6499999999999935829 ) ) ;
#3504 = ORIENTED_EDGE ( 'NONE', *, *, #2035, .F. ) ;
#3505 = CARTESIAN_POINT ( 'NONE',  ( 4.199999999999996625, 0.3000000000000025424, 0.6000000000000146327 ) ) ;
#3506 = VECTOR ( 'NONE', #3908, 1000.000000000000000 ) ;
#3507 = DIRECTION ( 'NONE',  ( 1.000000000000000000, 0.000000000000000000, 3.523657060577887833E-15 ) ) ;
#3508 = ORIENTED_EDGE ( 'NONE', *, *, #6049, .F. ) ;
#3509 = VECTOR ( 'NONE', #4808, 1000.000000000000000 ) ;
#3510 = SURFACE_STYLE_USAGE ( .BOTH. , #4707 ) ;
#3511 = VECTOR ( 'NONE', #1477, 1000.000000000000000 ) ;
#3512 = CARTESIAN_POINT ( 'NONE',  ( 1.542899194636067506, 2.700000000000000178, 2.688765901894655919 ) ) ;
#3513 = CIRCLE ( 'NONE', #5749, 0.5999999999999937605 ) ;
#3514 = EDGE_CURVE ( 'NONE', #7652, #7918, #3374, .T. ) ;
#3515 = ORIENTED_EDGE ( 'NONE', *, *, #7268, .T. ) ;
#3516 = CARTESIAN_POINT ( 'NONE',  ( 2.973833986494490045, 0.3500000000000000333, -1.999999999999993117 ) ) ;
#3517 = CARTESIAN_POINT ( 'NONE',  ( -2.503258662110540822, 0.3499999999999999778, 0.5999999999999912070 ) ) ;
#3518 = EDGE_CURVE ( 'NONE', #635, #4055, #6692, .T. ) ;
#3519 = CARTESIAN_POINT ( 'NONE',  ( -1.049725974647596602E-31, 0.6500000000000020206, 3.006534684774836921E-17 ) ) ;
#3520 = LINE ( 'NONE', #2230, #2290 ) ;
#3521 = DIRECTION ( 'NONE',  ( -1.000000000000000000, 0.000000000000000000, -3.491481338843133355E-15 ) ) ;
#3522 = ORIENTED_EDGE ( 'NONE', *, *, #7105, .T. ) ;
#3523 = CARTESIAN_POINT ( 'NONE',  ( 3.249999999999995115, 1.091144171148769493, 0.5500000000000130340 ) ) ;
#3524 = ADVANCED_FACE ( 'NONE', ( #6571 ), #7148, .F. ) ;
#3525 = EDGE_CURVE ( 'NONE', #4010, #7935, #1454, .T. ) ;
#3526 = ORIENTED_EDGE ( 'NONE', *, *, #8044, .T. ) ;
#3527 = EDGE_CURVE ( 'NONE', #872, #2086, #6608, .T. ) ;
#3528 = VECTOR ( 'NONE', #6245, 999.9999999999998863 ) ;
#3529 = DIRECTION ( 'NONE',  ( 1.000000000000000000, 0.000000000000000000, 3.614007241618388608E-15 ) ) ;
#3530 = VERTEX_POINT ( 'NONE', #4111 ) ;
#3531 = CYLINDRICAL_SURFACE ( 'NONE', #5486, 2.950000000000001066 ) ;
#3532 = CARTESIAN_POINT ( 'NONE',  ( 2.900255616155733129, 0.6456624174482453737, -1.727042187682582774 ) ) ;
#3533 = EDGE_CURVE ( 'NONE', #1270, #1260, #2125, .T. ) ;
#3534 = FACE_OUTER_BOUND ( 'NONE', #6520, .T. ) ;
#3535 = CARTESIAN_POINT ( 'NONE',  ( 4.200000000000000178, 0.3000000000000025424, -0.5999999999999853229 ) ) ;
#3536 = CARTESIAN_POINT ( 'NONE',  ( 3.151226813874055566, 1.705556797704835370, -0.3736435668984885994 ) ) ;
#3537 = ORIENTED_EDGE ( 'NONE', *, *, #4990, .F. ) ;
#3538 = EDGE_CURVE ( 'NONE', #1711, #6965, #534, .T. ) ;
#3539 = ORIENTED_EDGE ( 'NONE', *, *, #1563, .F. ) ;
#3540 = VERTEX_POINT ( 'NONE', #6033 ) ;
#3541 = EDGE_CURVE ( 'NONE', #1739, #828, #2169, .T. ) ;
#3542 = CARTESIAN_POINT ( 'NONE',  ( 1.998910873344696526, 2.700000000000000178, -2.369463086951209441 ) ) ;
#3543 = LINE ( 'NONE', #4109, #4371 ) ;
#3544 = VECTOR ( 'NONE', #977, 1000.000000000000000 ) ;
#3545 = DIRECTION ( 'NONE',  ( 0.000000000000000000, 1.000000000000000000, 0.000000000000000000 ) ) ;
#3546 = MECHANICAL_DESIGN_GEOMETRIC_PRESENTATION_REPRESENTATION (  '', ( #349 ), #5007 ) ;
#3547 = CARTESIAN_POINT ( 'NONE',  ( 5.299999999999998934, -0.6082762530298271297, -0.2999999999999828915 ) ) ;
#3548 = VERTEX_POINT ( 'NONE', #279 ) ;
#3549 = VERTEX_POINT ( 'NONE', #3993 ) ;
#3550 = ORIENTED_EDGE ( 'NONE', *, *, #567, .T. ) ;
#3551 = DIRECTION ( 'NONE',  ( 3.872150616019658341E-17, 1.000000000000000000, 1.351954161702257924E-31 ) ) ;
#3552 = DIRECTION ( 'NONE',  ( 0.7071067811865414665, 0.000000000000000000, 0.7071067811865536790 ) ) ;
#3553 = DIRECTION ( 'NONE',  ( -0.4694715627858889184, 0.000000000000000000, -0.8829475928589279876 ) ) ;
#3554 = DIRECTION ( 'NONE',  ( -1.000000000000000000, -3.212450881438532241E-16, -3.491481338843133355E-15 ) ) ;
#3555 = CARTESIAN_POINT ( 'NONE',  ( -5.200000000000001066, 0.000000000000000000, 0.5999999999999818812 ) ) ;
#3556 = LINE ( 'NONE', #295, #5386 ) ;
#3557 = VERTEX_POINT ( 'NONE', #3415 ) ;
#3558 = EDGE_CURVE ( 'NONE', #2627, #1417, #3722, .T. ) ;
#3559 = ORIENTED_EDGE ( 'NONE', *, *, #5406, .T. ) ;
#3560 = EDGE_CURVE ( 'NONE', #701, #6383, #4077, .T. ) ;
#3561 = DIRECTION ( 'NONE',  ( -1.000000000000000000, 0.000000000000000000, -3.491481338843133355E-15 ) ) ;
#3562 = EDGE_CURVE ( 'NONE', #4781, #7732, #2826, .T. ) ;
#3563 = DIRECTION ( 'NONE',  ( -1.000000000000000000, 0.000000000000000000, -3.523657060577887833E-15 ) ) ;
#3564 = CARTESIAN_POINT ( 'NONE',  ( -1.542899194636067506, 2.700000000000000178, -2.688765901894655919 ) ) ;
#3565 = CARTESIAN_POINT ( 'NONE',  ( 4.349999999999996980, 0.000000000000000000, 1.518794382396762063E-14 ) ) ;
#3566 = CARTESIAN_POINT ( 'NONE',  ( -4.800000000000002487, 1.574999999999999956, 0.8999999999999822586 ) ) ;
#3567 = ORIENTED_EDGE ( 'NONE', *, *, #1625, .T. ) ;
#3568 = CARTESIAN_POINT ( 'NONE',  ( 3.599999999999999645, 1.880000000000000115, -0.5999999999999873213 ) ) ;
#3569 = B_SPLINE_CURVE_WITH_KNOTS ( 'NONE', 3,
 ( #4767, #1037, #272, #4684, #6682, #998 ),
 .UNSPECIFIED., .F., .F.,
 ( 4, 2, 4 ),
 ( 0.000000000000000000, 0.0001563570264556179501, 0.0003127140529112359003 ),
 .UNSPECIFIED. ) ;
#3570 = ORIENTED_EDGE ( 'NONE', *, *, #7614, .F. ) ;
#3571 = DIRECTION ( 'NONE',  ( 0.000000000000000000, 1.000000000000000000, 0.000000000000000000 ) ) ;
#3572 = EDGE_CURVE ( 'NONE', #1666, #7151, #7271, .T. ) ;
#3573 = ORIENTED_EDGE ( 'NONE', *, *, #5902, .F. ) ;
#3574 = ADVANCED_FACE ( 'NONE', ( #4159 ), #832, .F. ) ;
#3575 = LINE ( 'NONE', #270, #5093 ) ;
#3576 = PLANE ( 'NONE',  #4287 ) ;
#3577 = CARTESIAN_POINT ( 'NONE',  ( -2.417156442748878309, 0.1694829431300273470, -0.6000000000000084155 ) ) ;
#3578 = LINE ( 'NONE', #456, #1472 ) ;
#3579 = CARTESIAN_POINT ( 'NONE',  ( -2.817392449966611867, 2.700000000000000178, 2.768644769791966276 ) ) ;
#3580 = ORIENTED_EDGE ( 'NONE', *, *, #5003, .T. ) ;
#3581 = ORIENTED_EDGE ( 'NONE', *, *, #3318, .F. ) ;
#3582 = EDGE_CURVE ( 'NONE', #4637, #4655, #379, .T. ) ;
#3583 = EDGE_CURVE ( 'NONE', #7935, #7028, #207, .T. ) ;
#3584 = ORIENTED_EDGE ( 'NONE', *, *, #8040, .F. ) ;
#3585 = CARTESIAN_POINT ( 'NONE',  ( 0.000000000000000000, 0.7500000000000000000, 0.000000000000000000 ) ) ;
#3586 = CARTESIAN_POINT ( 'NONE',  ( -0.2033197122205305241, 1.152279654758550098, 0.5851996545307698305 ) ) ;
#3587 = CARTESIAN_POINT ( 'NONE',  ( -4.086143571373717975, 0.000000000000000000, 1.499999999999988232 ) ) ;
#3588 = PLANE ( 'NONE',  #547 ) ;
#3589 = EDGE_CURVE ( 'NONE', #232, #7315, #1060, .T. ) ;
#3590 = ORIENTED_EDGE ( 'NONE', *, *, #4445, .F. ) ;
#3591 = VECTOR ( 'NONE', #2285, 1000.000000000000114 ) ;
#3592 = VERTEX_POINT ( 'NONE', #2778 ) ;
#3593 = CARTESIAN_POINT ( 'NONE',  ( -3.866143571373711119, 0.1699999999999997902, -0.6500000000000165645 ) ) ;
#3594 = DIRECTION ( 'NONE',  ( 1.000000000000000000, -3.872150616019658341E-17, 3.491481338843133355E-15 ) ) ;
#3595 = DIRECTION ( 'NONE',  ( 3.491481338843133355E-15, -0.000000000000000000, -1.000000000000000000 ) ) ;
#3596 = ORIENTED_EDGE ( 'NONE', *, *, #2680, .T. ) ;
#3597 = CARTESIAN_POINT ( 'NONE',  ( 0.000000000000000000, 0.7500000000000000000, 0.000000000000000000 ) ) ;
#3598 = EDGE_CURVE ( 'NONE', #5070, #1617, #7289, .T. ) ;
#3599 = CARTESIAN_POINT ( 'NONE',  ( 1.781226596065971668, 3.149999999999999911, -3.349999999999993872 ) ) ;
#3600 = CARTESIAN_POINT ( 'NONE',  ( 3.401316701949481214, 0.2999999999999999334, 0.5000000000000119904 ) ) ;
#3601 = DIRECTION ( 'NONE',  ( 3.491481338843133355E-15, -0.000000000000000000, -1.000000000000000000 ) ) ;
#3602 = CIRCLE ( 'NONE', #1207, 0.1499999999999995226 ) ;
#3603 = ORIENTED_EDGE ( 'NONE', *, *, #1965, .T. ) ;
#3604 = CARTESIAN_POINT ( 'NONE',  ( -3.889999999999997016, 1.035523411279787431E-50, -0.6000000000000135225 ) ) ;
#3605 = DIRECTION ( 'NONE',  ( -0.4305110968082908052, -0.9025852843498626266, -1.503121460671037026E-15 ) ) ;
#3606 = LINE ( 'NONE', #1107, #6290 ) ;
#3607 = DIRECTION ( 'NONE',  ( -3.491481338843133355E-15, 0.000000000000000000, 1.000000000000000000 ) ) ;
#3608 = LINE ( 'NONE', #6130, #6145 ) ;
#3609 = ORIENTED_EDGE ( 'NONE', *, *, #7640, .T. ) ;
#3610 = DIRECTION ( 'NONE',  ( -1.000000000000000000, 0.000000000000000000, -3.614007241618348376E-15 ) ) ;
#3611 = ORIENTED_EDGE ( 'NONE', *, *, #2796, .F. ) ;
#3612 = VECTOR ( 'NONE', #5734, 1000.000000000000000 ) ;
#3613 = CARTESIAN_POINT ( 'NONE',  ( 4.149999999999995914, 1.685000000000000275, 0.5500000000000161426 ) ) ;
#3614 = ORIENTED_EDGE ( 'NONE', *, *, #7779, .F. ) ;
#3615 = DIRECTION ( 'NONE',  ( -3.491481338843133355E-15, -1.807003620809174878E-16, 1.000000000000000000 ) ) ;
#3616 = PLANE ( 'NONE',  #7491 ) ;
#3617 = CARTESIAN_POINT ( 'NONE',  ( 0.000000000000000000, 1.201442841485020452, 0.000000000000000000 ) ) ;
#3618 = CARTESIAN_POINT ( 'NONE',  ( -3.299999999999996714, 1.450000000000000178, -0.6500000000000125677 ) ) ;
#3619 = CARTESIAN_POINT ( 'NONE',  ( -2.220815370558868462, 0.7306820342472279961, -1.941772151898743637 ) ) ;
#3620 = AXIS2_PLACEMENT_3D ( 'NONE', #1922, #3797, #6476 ) ;
#3621 = ORIENTED_EDGE ( 'NONE', *, *, #3281, .F. ) ;
#3622 = ORIENTED_EDGE ( 'NONE', *, *, #7246, .T. ) ;
#3623 = CIRCLE ( 'NONE', #1890, 0.3000000000000007661 ) ;
#3624 = VERTEX_POINT ( 'NONE', #6733 ) ;
#3625 = CARTESIAN_POINT ( 'NONE',  ( 4.189999999999995062, 0.5000000000000000000, 0.4000000000000146216 ) ) ;
#3626 = DIRECTION ( 'NONE',  ( 3.097720492815726673E-16, -1.000000000000000000, 1.081563329361806339E-30 ) ) ;
#3627 = LINE ( 'NONE', #4242, #1318 ) ;
#3628 = VECTOR ( 'NONE', #3553, 1000.000000000000227 ) ;
#3629 = PLANE ( 'NONE',  #5183 ) ;
#3630 = EDGE_CURVE ( 'NONE', #4201, #3463, #3543, .T. ) ;
#3631 = VECTOR ( 'NONE', #3018, 1000.000000000000000 ) ;
#3632 = ORIENTED_EDGE ( 'NONE', *, *, #997, .F. ) ;
#3633 = CIRCLE ( 'NONE', #4674, 2.326794920000000211 ) ;
#3634 = EDGE_CURVE ( 'NONE', #6748, #2382, #1045, .T. ) ;
#3635 = VECTOR ( 'NONE', #633, 1000.000000000000000 ) ;
#3636 = ORIENTED_EDGE ( 'NONE', *, *, #5912, .T. ) ;
#3637 = CARTESIAN_POINT ( 'NONE',  ( -0.1895926696702616987, 0.9795429097132495322, 0.5454356057317855111 ) ) ;
#3638 = EDGE_CURVE ( 'NONE', #667, #5500, #6831, .T. ) ;
#3639 = CARTESIAN_POINT ( 'NONE',  ( -1.484411776870660171, 2.933493649053891872, -2.607033308484960621 ) ) ;
#3640 = CARTESIAN_POINT ( 'NONE',  ( 3.249999999999995559, 0.000000000000000000, 0.5500000000000130340 ) ) ;
#3641 = EDGE_LOOP ( 'NONE', ( #6040, #319, #1953, #1058 ) ) ;
#3642 = VECTOR ( 'NONE', #655, 1000.000000000000000 ) ;
#3643 = LINE ( 'NONE', #2304, #3900 ) ;
#3644 = APPLICATION_PROTOCOL_DEFINITION ( 'draft international standard', 'automotive_design', 1998, #1643 ) ;
#3645 = STYLED_ITEM ( 'NONE', ( #4296 ), #5800 ) ;
#3646 = LINE ( 'NONE', #8115, #4056 ) ;
#3647 = FACE_OUTER_BOUND ( 'NONE', #8109, .T. ) ;
#3648 = ORIENTED_EDGE ( 'NONE', *, *, #2911, .T. ) ;
#3649 = ORIENTED_EDGE ( 'NONE', *, *, #3538, .F. ) ;
#3650 = LINE ( 'NONE', #8162, #5396 ) ;
#3651 = AXIS2_PLACEMENT_3D ( 'NONE', #145, #7139, #1363 ) ;
#3652 = DIRECTION ( 'NONE',  ( 0.9335804264972040745, 0.3583679495452941621, 3.259578637424201368E-15 ) ) ;
#3653 = ORIENTED_EDGE ( 'NONE', *, *, #1937, .T. ) ;
#3654 = EDGE_CURVE ( 'NONE', #2376, #6988, #6770, .T. ) ;
#3655 = DIRECTION ( 'NONE',  ( 0.000000000000000000, 1.000000000000000000, 0.000000000000000000 ) ) ;
#3656 = VECTOR ( 'NONE', #1614, 1000.000000000000000 ) ;
#3657 = DIRECTION ( 'NONE',  ( -1.000000000000000000, 0.000000000000000000, -3.614007241618353898E-15 ) ) ;
#3658 = CARTESIAN_POINT ( 'NONE',  ( -4.350000000000000533, 0.1800000000000000488, 0.7999999999999847233 ) ) ;
#3659 = VERTEX_POINT ( 'NONE', #2246 ) ;
#3660 = VECTOR ( 'NONE', #1005, 1000.000000000000000 ) ;
#3661 = DIRECTION ( 'NONE',  ( -3.491481338843132961E-15, 3.903127819765519555E-16, 1.000000000000000000 ) ) ;
#3662 = VECTOR ( 'NONE', #4291, 1000.000000000000000 ) ;
#3663 = LINE ( 'NONE', #2273, #2707 ) ;
#3664 = ORIENTED_EDGE ( 'NONE', *, *, #2475, .T. ) ;
#3665 = DIRECTION ( 'NONE',  ( -0.9025852843498626266, 0.4305110968082908607, -3.151359677021967305E-15 ) ) ;
#3666 = DIRECTION ( 'NONE',  ( -1.000000000000000000, 0.000000000000000000, -4.133965530583266021E-15 ) ) ;
#3667 = B_SPLINE_CURVE_WITH_KNOTS ( 'NONE', 3,
 ( #7526, #582, #6805, #3709 ),
 .UNSPECIFIED., .F., .F.,
 ( 4, 4 ),
 ( 0.000000000000000000, 8.450600826911382148E-05 ),
 .UNSPECIFIED. ) ;
#3668 = DIRECTION ( 'NONE',  ( 3.491481338843133355E-15, 0.000000000000000000, -1.000000000000000000 ) ) ;
#3669 = LINE ( 'NONE', #4936, #2663 ) ;
#3670 = EDGE_CURVE ( 'NONE', #7372, #1666, #5367, .T. ) ;
#3671 = DIRECTION ( 'NONE',  ( -1.000000000000000000, 0.000000000000000000, -1.326144395554451091E-14 ) ) ;
#3672 = AXIS2_PLACEMENT_3D ( 'NONE', #856, #7786, #7868 ) ;
#3673 = ORIENTED_EDGE ( 'NONE', *, *, #5808, .T. ) ;
#3674 = ADVANCED_FACE ( 'NONE', ( #7236 ), #6233, .F. ) ;
#3675 = ORIENTED_EDGE ( 'NONE', *, *, #2252, .T. ) ;
#3676 = DIRECTION ( 'NONE',  ( 0.000000000000000000, 1.000000000000000000, 0.000000000000000000 ) ) ;
#3677 = VECTOR ( 'NONE', #2060, 1000.000000000000000 ) ;
#3678 = PLANE ( 'NONE',  #7191 ) ;
#3679 = DIRECTION ( 'NONE',  ( -3.277319941596420758E-15, 0.000000000000000000, 1.000000000000000000 ) ) ;
#3680 = CARTESIAN_POINT ( 'NONE',  ( 1.442899194636086513, 2.963205231921812732, -2.688765901894646149 ) ) ;
#3681 = ORIENTED_EDGE ( 'NONE', *, *, #303, .F. ) ;
#3682 = ORIENTED_EDGE ( 'NONE', *, *, #5031, .F. ) ;
#3683 = CARTESIAN_POINT ( 'NONE',  ( -3.986143571373710781, 0.2900000000000003131, -0.6500000000000168976 ) ) ;
#3684 = CARTESIAN_POINT ( 'NONE',  ( 4.500000000000010658, 0.3199999999999999512, -3.944646165029753515 ) ) ;
#3685 = ORIENTED_EDGE ( 'NONE', *, *, #6238, .T. ) ;
#3686 = EDGE_CURVE ( 'NONE', #3592, #6896, #7419, .T. ) ;
#3687 = EDGE_CURVE ( 'NONE', #5997, #7986, #7889, .T. ) ;
#3688 = DIRECTION ( 'NONE',  ( -0.7132504491541865610, 0.000000000000000000, 0.7009092642998459022 ) ) ;
#3689 = ADVANCED_FACE ( 'NONE', ( #6645 ), #1622, .F. ) ;
#3690 = CARTESIAN_POINT ( 'NONE',  ( -4.349999999999999645, 0.3000000000000007661, 0.5999999999999847677 ) ) ;
#3691 = ORIENTED_EDGE ( 'NONE', *, *, #476, .F. ) ;
#3692 = CARTESIAN_POINT ( 'NONE',  ( 3.329883631600974336, 1.316979161707518609, 0.5500000000000132561 ) ) ;
#3693 = EDGE_CURVE ( 'NONE', #2499, #7894, #3186, .T. ) ;
#3694 = CARTESIAN_POINT ( 'NONE',  ( 0.000000000000000000, 0.7500000000000000000, 0.000000000000000000 ) ) ;
#3695 = ORIENTED_EDGE ( 'NONE', *, *, #5657, .T. ) ;
#3696 = LINE ( 'NONE', #7552, #5101 ) ;
#3697 = ADVANCED_FACE ( 'NONE', ( #7360 ), #4775, .T. ) ;
#3698 = CARTESIAN_POINT ( 'NONE',  ( 4.552081636884918403, 0.2999921102144696983, 0.8084377142705364561 ) ) ;
#3699 = DIRECTION ( 'NONE',  ( 1.000000000000000000, 0.000000000000000000, 3.491481338843133355E-15 ) ) ;
#3700 = ORIENTED_EDGE ( 'NONE', *, *, #5296, .T. ) ;
#3701 = CYLINDRICAL_SURFACE ( 'NONE', #2080, 0.09999999999999961697 ) ;
#3702 = PLANE ( 'NONE',  #7084 ) ;
#3703 = ORIENTED_EDGE ( 'NONE', *, *, #5980, .T. ) ;
#3704 = DIRECTION ( 'NONE',  ( -1.000000000000000000, 0.000000000000000000, -3.614007241618349165E-15 ) ) ;
#3705 = CARTESIAN_POINT ( 'NONE',  ( -4.349999999999996980, 1.850000000000000089, -0.6000000000000150768 ) ) ;
#3706 = LINE ( 'NONE', #3617, #8018 ) ;
#3707 = EDGE_CURVE ( 'NONE', #5690, #4678, #5448, .T. ) ;
#3708 = DIRECTION ( 'NONE',  ( 1.536286715444676861E-16, 0.000000000000000000, 1.000000000000000000 ) ) ;
#3709 = CARTESIAN_POINT ( 'NONE',  ( 3.149999999999996358, 1.633265455320084714, 0.3854590165138650493 ) ) ;
#3710 = EDGE_LOOP ( 'NONE', ( #8092, #5382, #6788, #5519, #44, #8204, #3367, #719 ) ) ;
#3711 = VERTEX_POINT ( 'NONE', #4824 ) ;
#3712 = CARTESIAN_POINT ( 'NONE',  ( 7.411285472179700583E-15, 0.3500000000000000333, -2.000000000000003109 ) ) ;
#3713 = ORIENTED_EDGE ( 'NONE', *, *, #86, .F. ) ;
#3714 = FACE_OUTER_BOUND ( 'NONE', #5799, .T. ) ;
#3715 = CARTESIAN_POINT ( 'NONE',  ( -1.169646248512449832E-14, 3.149999999999999911, 3.350000000000000089 ) ) ;
#3716 = CARTESIAN_POINT ( 'NONE',  ( 1.084202172485508970E-15, 0.000000000000000000, -1.301042606982601377E-15 ) ) ;
#3717 = VERTEX_POINT ( 'NONE', #1670 ) ;
#3718 = DIRECTION ( 'NONE',  ( -0.000000000000000000, 1.000000000000000000, -0.000000000000000000 ) ) ;
#3719 = CARTESIAN_POINT ( 'NONE',  ( 4.805000000000005933, 0.1834367172890583597, -0.7999999999999831690 ) ) ;
#3720 = DIRECTION ( 'NONE',  ( -1.000000000000000000, 0.000000000000000000, -3.299745742347197251E-15 ) ) ;
#3721 = CARTESIAN_POINT ( 'NONE',  ( 4.349999999999993427, 0.1800000000000000488, 0.9000000000000151212 ) ) ;
#3722 = CIRCLE ( 'NONE', #5570, 0.3599999999999999867 ) ;
#3723 = CARTESIAN_POINT ( 'NONE',  ( 1.442899194636067861, 2.963205231921812732, 2.688765901894655919 ) ) ;
#3724 = ORIENTED_EDGE ( 'NONE', *, *, #7670, .T. ) ;
#3725 = EDGE_LOOP ( 'NONE', ( #5827, #1031, #162, #2013, #7144, #1146, #2963 ) ) ;
#3726 = CARTESIAN_POINT ( 'NONE',  ( -2.396031216096949468, 3.149999999999999911, 2.376901220389473490 ) ) ;
#3727 = CARTESIAN_POINT ( 'NONE',  ( 3.336666698836467493, 1.522918315548257517, -0.5999999999999884315 ) ) ;
#3728 = ORIENTED_EDGE ( 'NONE', *, *, #5657, .F. ) ;
#3729 = CARTESIAN_POINT ( 'NONE',  ( -4.717386503038377477, 1.149990402432738312, -0.8695333621815698466 ) ) ;
#3730 = DIRECTION ( 'NONE',  ( -0.6691306063588519093, 0.000000000000000000, 0.7431448254773999063 ) ) ;
#3731 = DIRECTION ( 'NONE',  ( -8.453273510988851696E-16, 0.000000000000000000, -1.000000000000000000 ) ) ;
#3732 = ORIENTED_EDGE ( 'NONE', *, *, #5858, .T. ) ;
#3733 = DIRECTION ( 'NONE',  ( -1.000000000000000000, -0.000000000000000000, -4.133965530583266021E-15 ) ) ;
#3734 = EDGE_CURVE ( 'NONE', #511, #4262, #5608, .T. ) ;
#3735 = B_SPLINE_CURVE_WITH_KNOTS ( 'NONE', 3,
 ( #6964, #3813, #6337, #6883, #5020, #2446 ),
 .UNSPECIFIED., .F., .F.,
 ( 4, 2, 4 ),
 ( 0.000000000000000000, 0.0001563570264556179501, 0.0003127140529112359003 ),
 .UNSPECIFIED. ) ;
#3736 = ADVANCED_FACE ( 'NONE', ( #418 ), #2949, .T. ) ;
#3737 = DIRECTION ( 'NONE',  ( -1.000000000000000000, 0.000000000000000000, -3.469446951953638249E-15 ) ) ;
#3738 = VECTOR ( 'NONE', #913, 1000.000000000000000 ) ;
#3739 = CARTESIAN_POINT ( 'NONE',  ( -0.4566939757536555011, 1.000258500471809864, 0.5999999999999983125 ) ) ;
#3740 = DIRECTION ( 'NONE',  ( -3.491481338843133355E-15, 0.000000000000000000, 1.000000000000000000 ) ) ;
#3741 = CARTESIAN_POINT ( 'NONE',  ( -2.973634140239836299, 0.000000000000000000, -2.600000000000007638 ) ) ;
#3742 = DIRECTION ( 'NONE',  ( 0.000000000000000000, 1.000000000000000000, 0.000000000000000000 ) ) ;
#3743 = CARTESIAN_POINT ( 'NONE',  ( -5.200000000000001066, 0.000000000000000000, 0.5999999999999818812 ) ) ;
#3744 = AXIS2_PLACEMENT_3D ( 'NONE', #7264, #1615, #2862 ) ;
#3745 = ORIENTED_EDGE ( 'NONE', *, *, #4329, .T. ) ;
#3746 = ORIENTED_EDGE ( 'NONE', *, *, #5909, .T. ) ;
#3747 = FACE_OUTER_BOUND ( 'NONE', #5073, .T. ) ;
#3748 = EDGE_LOOP ( 'NONE', ( #4609, #1360, #1745, #6414, #1636, #7367 ) ) ;
#3749 = DIRECTION ( 'NONE',  ( 0.000000000000000000, 1.000000000000000000, 0.000000000000000000 ) ) ;
#3750 = DIRECTION ( 'NONE',  ( 3.491481338843133355E-15, -0.000000000000000000, -1.000000000000000000 ) ) ;
#3751 = DIRECTION ( 'NONE',  ( 1.000000000000000000, 0.000000000000000000, 4.133965530583266021E-15 ) ) ;
#3752 = VECTOR ( 'NONE', #7420, 1000.000000000000000 ) ;
#3753 = ORIENTED_EDGE ( 'NONE', *, *, #6104, .T. ) ;
#3754 = ORIENTED_EDGE ( 'NONE', *, *, #1214, .F. ) ;
#3755 = DIRECTION ( 'NONE',  ( 0.000000000000000000, 1.000000000000000000, 0.000000000000000000 ) ) ;
#3756 = DIRECTION ( 'NONE',  ( 0.000000000000000000, 1.000000000000000000, 0.000000000000000000 ) ) ;
#3757 = VECTOR ( 'NONE', #8146, 1000.000000000000000 ) ;
#3758 = LINE ( 'NONE', #2965, #5496 ) ;
#3759 = CIRCLE ( 'NONE', #6933, 0.1550000000000006373 ) ;
#3760 = B_SPLINE_CURVE_WITH_KNOTS ( 'NONE', 3,
 ( #7272, #1580, #1008, #4112, #6647, #7363, #2248, #6034, #335, #380 ),
 .UNSPECIFIED., .F., .F.,
 ( 4, 2, 2, 2, 4 ),
 ( 0.000000000000000000, 0.0003091389398890536646, 0.0006182778797781073293, 0.0009274168196671609939, 0.001236555759556214875 ),
 .UNSPECIFIED. ) ;
#3761 = DIRECTION ( 'NONE',  ( 3.491481338843133355E-15, -0.000000000000000000, -1.000000000000000000 ) ) ;
#3762 = CARTESIAN_POINT ( 'NONE',  ( 1.442899194636066973, 2.946516468107683639, 2.655960922766613663 ) ) ;
#3763 = CIRCLE ( 'NONE', #4545, 2.950000000000001066 ) ;
#3764 = AXIS2_PLACEMENT_3D ( 'NONE', #7102, #5857, #6354 ) ;
#3765 = ORIENTED_EDGE ( 'NONE', *, *, #815, .F. ) ;
#3766 = DIRECTION ( 'NONE',  ( 0.9025852843498627376, -0.4305110968082905831, 3.151359677021968488E-15 ) ) ;
#3767 = AXIS2_PLACEMENT_3D ( 'NONE', #1362, #4477, #6471 ) ;
#3768 = DIRECTION ( 'NONE',  ( 0.7132504491541806768, 0.000000000000000000, 0.7009092642998517864 ) ) ;
#3769 = LINE ( 'NONE', #4972, #6815 ) ;
#3770 = LINE ( 'NONE', #12, #3889 ) ;
#3771 = DIRECTION ( 'NONE',  ( 0.000000000000000000, -1.000000000000000000, 0.000000000000000000 ) ) ;
#3772 = ORIENTED_EDGE ( 'NONE', *, *, #1837, .T. ) ;
#3773 = DIRECTION ( 'NONE',  ( -3.082348443565584602E-15, -0.000000000000000000, 1.000000000000000000 ) ) ;
#3774 = EDGE_CURVE ( 'NONE', #1081, #828, #8103, .T. ) ;
#3775 = CIRCLE ( 'NONE', #4559, 3.375000000000000000 ) ;
#3776 = AXIS2_PLACEMENT_3D ( 'NONE', #921, #6701, #4002 ) ;
#3778 = EDGE_CURVE ( 'NONE', #3184, #5124, #2378, .T. ) ;
#3777 = ORIENTED_EDGE ( 'NONE', *, *, #5260, .F. ) ;
#3779 = CARTESIAN_POINT ( 'NONE',  ( 1.454604435350193903, 2.700000000000000178, -2.735713058173234291 ) ) ;
#3780 = AXIS2_PLACEMENT_3D ( 'NONE', #2906, #6643, #3492 ) ;
#3781 = LINE ( 'NONE', #8093, #2170 ) ;
#3782 = ADVANCED_FACE ( 'NONE', ( #4908 ), #7534, .F. ) ;
#3783 = CARTESIAN_POINT ( 'NONE',  ( 5.200000000000001066, 0.1499999999999999667, -0.5999999999999818812 ) ) ;
#3784 = LINE ( 'NONE', #6851, #4040 ) ;
#3785 = ADVANCED_FACE ( 'NONE', ( #4448 ), #2421, .T. ) ;
#3786 = AXIS2_PLACEMENT_3D ( 'NONE', #7134, #103, #5229 ) ;
#3787 = B_SPLINE_CURVE_WITH_KNOTS ( 'NONE', 3,
 ( #4436, #6971, #8171, #6185, #1281, #2501 ),
 .UNSPECIFIED., .F., .F.,
 ( 4, 2, 4 ),
 ( 0.000000000000000000, 8.219482579995380188E-05, 0.0001643896515999076038 ),
 .UNSPECIFIED. ) ;
#3788 = FACE_OUTER_BOUND ( 'NONE', #164, .T. ) ;
#3789 = EDGE_CURVE ( 'NONE', #990, #1106, #7487, .T. ) ;
#3790 = ORIENTED_EDGE ( 'NONE', *, *, #6769, .T. ) ;
#3791 = CIRCLE ( 'NONE', #3917, 0.1999999999999996503 ) ;
#3792 = ORIENTED_EDGE ( 'NONE', *, *, #421, .T. ) ;
#3793 = EDGE_CURVE ( 'NONE', #6211, #2522, #2998, .T. ) ;
#3794 = CARTESIAN_POINT ( 'NONE',  ( 4.595506135419562099, 0.1800000000000000488, -0.8666666666666514862 ) ) ;
#3795 = ORIENTED_EDGE ( 'NONE', *, *, #1143, .F. ) ;
#3796 = CARTESIAN_POINT ( 'NONE',  ( 4.349999999999996092, 1.967842712474619615, 0.5500000000000168088 ) ) ;
#3797 = DIRECTION ( 'NONE',  ( 3.491481338843133355E-15, 0.000000000000000000, -1.000000000000000000 ) ) ;
#3798 = AXIS2_PLACEMENT_3D ( 'NONE', #2483, #479, #6084 ) ;
#3799 = DIRECTION ( 'NONE',  ( -3.491481338843133355E-15, 0.000000000000000000, 1.000000000000000000 ) ) ;
#3800 = EDGE_CURVE ( 'NONE', #4565, #4402, #6981, .T. ) ;
#3801 = ORIENTED_EDGE ( 'NONE', *, *, #5050, .T. ) ;
#3802 = AXIS2_PLACEMENT_3D ( 'NONE', #3512, #7375, #1555 ) ;
#3803 = EDGE_LOOP ( 'NONE', ( #5040, #584, #3581, #5001 ) ) ;
#3804 = DIRECTION ( 'NONE',  ( 5.033795800825556582E-16, 1.000000000000000000, 1.757540410212935542E-30 ) ) ;
#3805 = CARTESIAN_POINT ( 'NONE',  ( 3.337863253356188054, 1.702819225807785664, 0.3858730410142345857 ) ) ;
#3806 = ORIENTED_EDGE ( 'NONE', *, *, #4161, .T. ) ;
#3807 = B_SPLINE_CURVE_WITH_KNOTS ( 'NONE', 3,
 ( #5828, #5872, #1423, #7626 ),
 .UNSPECIFIED., .F., .F.,
 ( 4, 4 ),
 ( 5.547677172294593865E-05, 0.0001643896515999738485 ),
 .UNSPECIFIED. ) ;
#3808 = CARTESIAN_POINT ( 'NONE',  ( -1.169646248512449832E-14, 3.149999999999999911, 3.350000000000000089 ) ) ;
#3809 = FACE_OUTER_BOUND ( 'NONE', #6526, .T. ) ;
#3810 = VERTEX_POINT ( 'NONE', #1795 ) ;
#3811 = LINE ( 'NONE', #3296, #712 ) ;
#3812 = CARTESIAN_POINT ( 'NONE',  ( 4.086143571373707317, 3.050000000000000266, 1.500000000000016875 ) ) ;
#3813 = CARTESIAN_POINT ( 'NONE',  ( 2.165260368043438355, 3.069708385573829634, 2.404765262612733157 ) ) ;
#3814 = VERTEX_POINT ( 'NONE', #508 ) ;
#3815 = EDGE_CURVE ( 'NONE', #4520, #3490, #5699, .T. ) ;
#3816 = VECTOR ( 'NONE', #846, 1000.000000000000000 ) ;
#3817 = ORIENTED_EDGE ( 'NONE', *, *, #7763, .T. ) ;
#3818 = ORIENTED_EDGE ( 'NONE', *, *, #6853, .T. ) ;
#3819 = ORIENTED_EDGE ( 'NONE', *, *, #1644, .T. ) ;
#3820 = CARTESIAN_POINT ( 'NONE',  ( 1.514188661106529085E-30, 0.7300000000000002043, -4.336808689942017736E-16 ) ) ;
#3821 = DIRECTION ( 'NONE',  ( -1.000000000000000000, 0.000000000000000000, -4.336808689942034302E-15 ) ) ;
#3822 = ORIENTED_EDGE ( 'NONE', *, *, #818, .F. ) ;
#3823 = CARTESIAN_POINT ( 'NONE',  ( 4.685892979168593264, 0.6449999999999997957, 0.9000000000000158984 ) ) ;
#3824 = CARTESIAN_POINT ( 'NONE',  ( 0.000000000000000000, 2.999999999999998668, 0.000000000000000000 ) ) ;
#3825 = ORIENTED_EDGE ( 'NONE', *, *, #1491, .F. ) ;
#3826 = ORIENTED_EDGE ( 'NONE', *, *, #7485, .F. ) ;
#3827 = CARTESIAN_POINT ( 'NONE',  ( -3.986143571373714778, 0.2899999999999997025, 0.6499999999999891420 ) ) ;
#3828 = EDGE_LOOP ( 'NONE', ( #5578, #941, #3590, #1383 ) ) ;
#3829 = CARTESIAN_POINT ( 'NONE',  ( 3.552499999999999769, 1.810000000000000053, -0.5999999999999875433 ) ) ;
#3830 = DIRECTION ( 'NONE',  ( -3.491481338843133355E-15, 0.000000000000000000, 1.000000000000000000 ) ) ;
#3831 = CARTESIAN_POINT ( 'NONE',  ( -3.866143571373712007, 0.1699999999999997902, -0.6500000000000165645 ) ) ;
#3832 = ADVANCED_FACE ( 'NONE', ( #5075 ), #3678, .T. ) ;
#3833 = ORIENTED_EDGE ( 'NONE', *, *, #2475, .F. ) ;
#3834 = ADVANCED_FACE ( 'NONE', ( #6863 ), #1131, .T. ) ;
#3835 = VERTEX_POINT ( 'NONE', #6279 ) ;
#3836 = CARTESIAN_POINT ( 'NONE',  ( 4.039999999999994706, 1.685000000000000275, 0.4000000000000140665 ) ) ;
#3837 = VECTOR ( 'NONE', #4876, 1000.000000000000227 ) ;
#3838 = ADVANCED_FACE ( 'NONE', ( #3035 ), #466, .F. ) ;
#3839 = CARTESIAN_POINT ( 'NONE',  ( 3.552499999999999769, 2.030000000000000249, -0.5999999999999875433 ) ) ;
#3840 = ORIENTED_EDGE ( 'NONE', *, *, #2364, .T. ) ;
#3841 = VERTEX_POINT ( 'NONE', #591 ) ;
#3842 = CARTESIAN_POINT ( 'NONE',  ( 2.971636754383014889, 1.437346735502356143, -1.599999999999994538 ) ) ;
#3843 = ORIENTED_EDGE ( 'NONE', *, *, #6484, .T. ) ;
#3844 = CARTESIAN_POINT ( 'NONE',  ( 4.526895665661528234, 0.1700000000000000122, -3.944646165029753515 ) ) ;
#3845 = CARTESIAN_POINT ( 'NONE',  ( 0.000000000000000000, 2.700000000000000178, 0.000000000000000000 ) ) ;
#3846 = CARTESIAN_POINT ( 'NONE',  ( -4.500000000000001776, -4.336808689942017736E-16, 0.5999999999999842126 ) ) ;
#3847 = EDGE_LOOP ( 'NONE', ( #4510, #2882, #5286, #2083 ) ) ;
#3848 = DIRECTION ( 'NONE',  ( 3.491481338843133355E-15, -0.000000000000000000, -1.000000000000000000 ) ) ;
#3849 = EDGE_LOOP ( 'NONE', ( #122, #8189, #642, #4576, #7383, #7610, #761 ) ) ;
#3850 = ORIENTED_EDGE ( 'NONE', *, *, #2650, .F. ) ;
#3851 = ORIENTED_EDGE ( 'NONE', *, *, #2857, .F. ) ;
#3852 = CARTESIAN_POINT ( 'NONE',  ( 1.934429877430351885, 2.933493649053888319, -2.293028793823750799 ) ) ;
#3853 = DIRECTION ( 'NONE',  ( 1.000000000000000000, 0.000000000000000000, -1.536286715444676861E-16 ) ) ;
#3854 = CARTESIAN_POINT ( 'NONE',  ( 3.313594002942626293, 1.677877601141779307, -0.3882361771441125153 ) ) ;
#3855 = CARTESIAN_POINT ( 'NONE',  ( -2.351707295243457379E-31, 0.5499999999997785549, 6.735557395310814760E-17 ) ) ;
#3856 = PLANE ( 'NONE',  #7088 ) ;
#3857 = AXIS2_PLACEMENT_3D ( 'NONE', #1133, #594, #6816 ) ;
#3858 = ORIENTED_EDGE ( 'NONE', *, *, #1076, .F. ) ;
#3859 = ORIENTED_EDGE ( 'NONE', *, *, #6861, .F. ) ;
#3860 = CARTESIAN_POINT ( 'NONE',  ( -3.986143571373717442, 0.3500000000000000333, 1.599999999999990097 ) ) ;
#3861 = VERTEX_POINT ( 'NONE', #3127 ) ;
#3862 = CARTESIAN_POINT ( 'NONE',  ( 4.799999999999991829, 3.050000000000000266, 1.500000000000016653 ) ) ;
#3863 = DIRECTION ( 'NONE',  ( -1.301981320592949974E-30, -1.000000000000000000, 3.729022710527641551E-16 ) ) ;
#3864 = ADVANCED_FACE ( 'NONE', ( #3714 ), #7442, .F. ) ;
#3865 = LINE ( 'NONE', #112, #33 ) ;
#3866 = VERTEX_POINT ( 'NONE', #6235 ) ;
#3867 = EDGE_CURVE ( 'NONE', #3868, #3104, #3347, .T. ) ;
#3868 = VERTEX_POINT ( 'NONE', #5612 ) ;
#3869 = CARTESIAN_POINT ( 'NONE',  ( 5.200000000000001066, 0.1499999999999999667, -0.5999999999999818812 ) ) ;
#3870 = EDGE_CURVE ( 'NONE', #1180, #1574, #2544, .T. ) ;
#3871 = CARTESIAN_POINT ( 'NONE',  ( 0.000000000000000000, 0.7500000000000000000, 0.000000000000000000 ) ) ;
#3872 = EDGE_CURVE ( 'NONE', #5575, #2738, #3950, .T. ) ;
#3873 = ADVANCED_FACE ( 'NONE', ( #2509 ), #2076, .T. ) ;
#3874 = VERTEX_POINT ( 'NONE', #3862 ) ;
#3875 = EDGE_CURVE ( 'NONE', #3104, #6585, #7141, .T. ) ;
#3876 = ORIENTED_EDGE ( 'NONE', *, *, #3793, .F. ) ;
#3877 = CARTESIAN_POINT ( 'NONE',  ( -5.200000000000001066, 0.1499999999999999944, 0.5999999999999818812 ) ) ;
#3878 = CIRCLE ( 'NONE', #2812, 2.326794920000000211 ) ;
#3879 = CARTESIAN_POINT ( 'NONE',  ( 2.047889727518607650, 2.971814703667329027, 2.282278960851288563 ) ) ;
#3880 = EDGE_LOOP ( 'NONE', ( #1043, #7953, #8021 ) ) ;
#3881 = DIRECTION ( 'NONE',  ( -0.000000000000000000, -1.000000000000000000, -0.000000000000000000 ) ) ;
#3882 = CARTESIAN_POINT ( 'NONE',  ( 4.199999999999999289, 1.685000000000000275, -0.3999999999999852562 ) ) ;
#3883 = DIRECTION ( 'NONE',  ( -1.000000000000000000, 0.000000000000000000, -3.491481338843133355E-15 ) ) ;
#3884 = ORIENTED_EDGE ( 'NONE', *, *, #390, .T. ) ;
#3885 = AXIS2_PLACEMENT_3D ( 'NONE', #1948, #3740, #4394 ) ;
#3886 =( BOUNDED_CURVE ( )  B_SPLINE_CURVE ( 3, ( #6294, #3009, #3805, #3092 ),
 .UNSPECIFIED., .F., .F. ) 
 B_SPLINE_CURVE_WITH_KNOTS ( ( 4, 4 ),
 ( 1.396263401595464027, 1.405588841232918940 ),
 .UNSPECIFIED. ) 
 CURVE ( )  GEOMETRIC_REPRESENTATION_ITEM ( )  RATIONAL_B_SPLINE_CURVE ( ( 1.000000000000000000, 0.9999927530277603616, 0.9999927530277603616, 1.000000000000000000 ) ) 
 REPRESENTATION_ITEM ( '' )  );
#3887 = LINE ( 'NONE', #1465, #7106 ) ;
#3888 = EDGE_LOOP ( 'NONE', ( #7805, #2711, #7011, #5057, #878, #2015, #2487, #3932, #5971 ) ) ;
#3889 = VECTOR ( 'NONE', #2562, 1000.000000000000000 ) ;
#3890 = VECTOR ( 'NONE', #2073, 1000.000000000000000 ) ;
#3891 = CARTESIAN_POINT ( 'NONE',  ( 1.169646248512449832E-14, 3.149999999999999911, -3.350000000000000089 ) ) ;
#3892 = EDGE_CURVE ( 'NONE', #2959, #4315, #4481, .T. ) ;
#3893 = VECTOR ( 'NONE', #5956, 1000.000000000000000 ) ;
#3894 = VECTOR ( 'NONE', #5359, 1000.000000000000000 ) ;
#3895 = DIRECTION ( 'NONE',  ( 0.000000000000000000, 1.000000000000000000, 0.000000000000000000 ) ) ;
#3896 = PLANE ( 'NONE',  #1370 ) ;
#3897 = PLANE ( 'NONE',  #5212 ) ;
#3898 = VECTOR ( 'NONE', #1659, 1000.000000000000000 ) ;
#3899 = LINE ( 'NONE', #6424, #3372 ) ;
#3900 = VECTOR ( 'NONE', #1680, 1000.000000000000000 ) ;
#3901 = ORIENTED_EDGE ( 'NONE', *, *, #3963, .T. ) ;
#3902 = AXIS2_PLACEMENT_3D ( 'NONE', #7584, #3016, #4422 ) ;
#3903 = LINE ( 'NONE', #2646, #6830 ) ;
#3904 = ORIENTED_EDGE ( 'NONE', *, *, #1749, .T. ) ;
#3905 = CARTESIAN_POINT ( 'NONE',  ( 3.302608882415160263, 1.653529090703944826, 0.3909622701304024672 ) ) ;
#3906 = AXIS2_PLACEMENT_3D ( 'NONE', #2330, #5479, #4230 ) ;
#3907 = VECTOR ( 'NONE', #6887, 1000.000000000000000 ) ;
#3908 = DIRECTION ( 'NONE',  ( 5.033795800825556582E-16, 1.000000000000000000, 1.757540410212935542E-30 ) ) ;
#3909 = EDGE_CURVE ( 'NONE', #2163, #1642, #3321, .T. ) ;
#3910 = ORIENTED_EDGE ( 'NONE', *, *, #7124, .T. ) ;
#3911 = CARTESIAN_POINT ( 'NONE',  ( -2.971635679190056223, 0.3500000000000000333, 1.600001996925271008 ) ) ;
#3912 = VECTOR ( 'NONE', #3069, 1000.000000000000000 ) ;
#3913 = CARTESIAN_POINT ( 'NONE',  ( -0.3704073303297388264, 0.9795429097132490881, -0.6000000000000011990 ) ) ;
#3914 = AXIS2_PLACEMENT_3D ( 'NONE', #8143, #1250, #1166 ) ;
#3915 = CARTESIAN_POINT ( 'NONE',  ( 1.442899194636068083, 2.700000000000000178, 2.688765901894655475 ) ) ;
#3916 = ADVANCED_FACE ( 'NONE', ( #783 ), #1958, .T. ) ;
#3917 = AXIS2_PLACEMENT_3D ( 'NONE', #339, #1548, #2785 ) ;
#3918 = ORIENTED_EDGE ( 'NONE', *, *, #533, .T. ) ;
#3919 = EDGE_CURVE ( 'NONE', #2041, #5195, #5475, .T. ) ;
#3920 = ORIENTED_EDGE ( 'NONE', *, *, #4626, .T. ) ;
#3921 = CARTESIAN_POINT ( 'NONE',  ( 3.379999999999999893, 1.633265455320084714, -0.5999999999999880984 ) ) ;
#3922 = LINE ( 'NONE', #3329, #3 ) ;
#3923 = ORIENTED_EDGE ( 'NONE', *, *, #2712, .F. ) ;
#3924 = VERTEX_POINT ( 'NONE', #7012 ) ;
#3925 = VECTOR ( 'NONE', #4215, 1000.000000000000000 ) ;
#3926 = ORIENTED_EDGE ( 'NONE', *, *, #1793, .T. ) ;
#3927 = ADVANCED_FACE ( 'NONE', ( #5899 ), #6388, .F. ) ;
#3928 = LINE ( 'NONE', #6447, #3350 ) ;
#3929 = ORIENTED_EDGE ( 'NONE', *, *, #576, .F. ) ;
#3930 = DIRECTION ( 'NONE',  ( -3.491481338843133355E-15, 0.000000000000000000, 1.000000000000000000 ) ) ;
#3931 = EDGE_CURVE ( 'NONE', #4718, #7424, #1409, .T. ) ;
#3932 = ORIENTED_EDGE ( 'NONE', *, *, #3789, .T. ) ;
#3933 = DIRECTION ( 'NONE',  ( 3.491481338843133355E-15, -0.000000000000000000, -1.000000000000000000 ) ) ;
#3934 = DIRECTION ( 'NONE',  ( -3.491481338843133355E-15, 0.000000000000000000, 1.000000000000000000 ) ) ;
#3935 = VERTEX_POINT ( 'NONE', #2621 ) ;
#3936 = ORIENTED_EDGE ( 'NONE', *, *, #634, .F. ) ;
#3937 = EDGE_CURVE ( 'NONE', #5640, #4113, #7099, .T. ) ;
#3938 = ADVANCED_FACE ( 'NONE', ( #7715 ), #6352, .T. ) ;
#3939 = ORIENTED_EDGE ( 'NONE', *, *, #7512, .T. ) ;
#3940 = FACE_OUTER_BOUND ( 'NONE', #5695, .T. ) ;
#3941 = CARTESIAN_POINT ( 'NONE',  ( -3.986143571373707228, 0.6999999999999999556, -1.600000000000017852 ) ) ;
#3942 = LINE ( 'NONE', #770, #41 ) ;
#3943 = DIRECTION ( 'NONE',  ( -1.000000000000000000, 0.000000000000000000, -3.801253388124705825E-15 ) ) ;
#3944 = VECTOR ( 'NONE', #3022, 1000.000000000000000 ) ;
#3945 = CARTESIAN_POINT ( 'NONE',  ( -2.649999999999996803, 0.6520081940905991802, -0.4337258946787726499 ) ) ;
#3946 = ADVANCED_FACE ( 'NONE', ( #821 ), #4570, .F. ) ;
#3947 = ORIENTED_EDGE ( 'NONE', *, *, #476, .T. ) ;
#3948 = CARTESIAN_POINT ( 'NONE',  ( 3.986143571373707228, 0.000000000000000000, 1.600000000000017852 ) ) ;
#3949 = ORIENTED_EDGE ( 'NONE', *, *, #3589, .F. ) ;
#3950 = B_SPLINE_CURVE_WITH_KNOTS ( 'NONE', 3,
 ( #1839, #4361, #2653, #1325 ),
 .UNSPECIFIED., .F., .F.,
 ( 4, 4 ),
 ( 0.000000000000000000, 1.000000000000000000 ),
 .UNSPECIFIED. ) ;
#3951 = DIRECTION ( 'NONE',  ( -3.491481338843133355E-15, 0.000000000000000000, 1.000000000000000000 ) ) ;
#3952 = EDGE_CURVE ( 'NONE', #7745, #5268, #7794, .T. ) ;
#3953 = DIRECTION ( 'NONE',  ( 1.000000000000000000, 0.000000000000000000, 3.277319941596422730E-15 ) ) ;
#3954 = EDGE_LOOP ( 'NONE', ( #7979, #6935, #6, #2775 ) ) ;
#3955 = DIRECTION ( 'NONE',  ( 1.000000000000000000, 0.000000000000000000, 3.491481338843133355E-15 ) ) ;
#3956 = PLANE ( 'NONE',  #3073 ) ;
#3957 = CARTESIAN_POINT ( 'NONE',  ( 4.349999999999996092, 1.685000000000000275, 0.5500000000000168088 ) ) ;
#3958 = ORIENTED_EDGE ( 'NONE', *, *, #7171, .F. ) ;
#3959 = CARTESIAN_POINT ( 'NONE',  ( -4.349999999999995204, 0.1800000000000000488, -0.8000000000000151434 ) ) ;
#3960 = CARTESIAN_POINT ( 'NONE',  ( -2.414021541698905704, 0.6500000000000017986, -0.6500000000000107914 ) ) ;
#3961 = ORIENTED_EDGE ( 'NONE', *, *, #7718, .F. ) ;
#3962 = LINE ( 'NONE', #3877, #1263 ) ;
#3963 = EDGE_CURVE ( 'NONE', #7366, #5634, #4521, .T. ) ;
#3964 = CARTESIAN_POINT ( 'NONE',  ( 4.349999999999999645, 0.3199966454378918579, -0.6499999999999843681 ) ) ;
#3965 = EDGE_LOOP ( 'NONE', ( #6097, #413, #3032, #4605, #4892 ) ) ;
#3966 = DIRECTION ( 'NONE',  ( -4.206079614184803695E-30, 1.000000000000000000, 1.204669080539449590E-15 ) ) ;
#3967 = CARTESIAN_POINT ( 'NONE',  ( -4.349999999999995204, 0.000000000000000000, -0.6500000000000165645 ) ) ;
#3968 = VERTEX_POINT ( 'NONE', #3911 ) ;
#3969 = DIRECTION ( 'NONE',  ( 1.000000000000000000, 0.000000000000000000, 3.614007241618385453E-15 ) ) ;
#3970 = LINE ( 'NONE', #4592, #7520 ) ;
#3971 = ORIENTED_EDGE ( 'NONE', *, *, #3293, .T. ) ;
#3972 = ORIENTED_EDGE ( 'NONE', *, *, #1753, .T. ) ;
#3973 = CARTESIAN_POINT ( 'NONE',  ( 1.988234997632202239, 2.943676604320287105, -2.270034591648720124 ) ) ;
#3974 = DIRECTION ( 'NONE',  ( -1.000000000000000000, 0.000000000000000000, -3.614007241618338910E-15 ) ) ;
#3975 = CARTESIAN_POINT ( 'NONE',  ( 5.299999999999998934, -0.6082762530298271297, -0.2999999999999828915 ) ) ;
#3976 = DIRECTION ( 'NONE',  ( 0.000000000000000000, 1.000000000000000000, 0.000000000000000000 ) ) ;
#3977 = CARTESIAN_POINT ( 'NONE',  ( -0.3036414152311071035, 1.161676991784185375, -0.6000000000000009770 ) ) ;
#3978 = DIRECTION ( 'NONE',  ( 0.000000000000000000, -1.000000000000000000, 0.000000000000000000 ) ) ;
#3979 = EDGE_CURVE ( 'NONE', #5029, #6035, #4642, .T. ) ;
#3980 = AXIS2_PLACEMENT_3D ( 'NONE', #5410, #6072, #7931 ) ;
#3981 = ADVANCED_FACE ( 'NONE', ( #2583 ), #6433, .T. ) ;
#3982 = ORIENTED_EDGE ( 'NONE', *, *, #101, .T. ) ;
#3983 = CARTESIAN_POINT ( 'NONE',  ( 4.799999999999993605, 0.1800000000000000488, 0.9000000000000167866 ) ) ;
#3984 = ORIENTED_EDGE ( 'NONE', *, *, #3774, .T. ) ;
#3985 = CARTESIAN_POINT ( 'NONE',  ( -5.300000000000002487, -0.6082762530298218007, 0.2999999999999800604 ) ) ;
#3986 = DIRECTION ( 'NONE',  ( -1.000000000000000000, 0.000000000000000000, -3.491481338843133355E-15 ) ) ;
#3987 = ORIENTED_EDGE ( 'NONE', *, *, #4891, .T. ) ;
#3988 = DIRECTION ( 'NONE',  ( -1.000000000000000000, 0.000000000000000000, -3.491481338843132961E-15 ) ) ;
#3989 = CARTESIAN_POINT ( 'NONE',  ( 2.396031216096934813, 3.149999999999999911, 2.376901220389489033 ) ) ;
#3990 = PLANE ( 'NONE',  #159 ) ;
#3991 = VERTEX_POINT ( 'NONE', #5817 ) ;
#3992 = CARTESIAN_POINT ( 'NONE',  ( 2.973634140239852730, 0.7500000000000000000, -1.999999999999992673 ) ) ;
#3993 = CARTESIAN_POINT ( 'NONE',  ( -4.499999999999998224, 0.1499999999999999667, -0.5000000000000157652 ) ) ;
#3994 = CARTESIAN_POINT ( 'NONE',  ( -2.354104822419153198, 0.6165967648585409799, -0.6500000000000105693 ) ) ;
#3995 = ORIENTED_EDGE ( 'NONE', *, *, #1249, .F. ) ;
#3996 = AXIS2_PLACEMENT_3D ( 'NONE', #5481, #1123, #2413 ) ;
#3997 = VERTEX_POINT ( 'NONE', #6475 ) ;
#3998 = ORIENTED_EDGE ( 'NONE', *, *, #2102, .F. ) ;
#3999 = EDGE_LOOP ( 'NONE', ( #6780, #1248, #3685, #786 ) ) ;
#4000 = DIRECTION ( 'NONE',  ( 1.000000000000000000, 0.000000000000000000, 3.469446951953638249E-15 ) ) ;
#4001 = ORIENTED_EDGE ( 'NONE', *, *, #5407, .T. ) ;
#4002 = DIRECTION ( 'NONE',  ( -1.000000000000000000, 0.000000000000000000, -3.491481338843133355E-15 ) ) ;
#4003 = LINE ( 'NONE', #3846, #1115 ) ;
#4004 = ORIENTED_EDGE ( 'NONE', *, *, #2049, .F. ) ;
#4005 = EDGE_CURVE ( 'NONE', #1588, #2096, #7394, .T. ) ;
#4006 = CARTESIAN_POINT ( 'NONE',  ( -5.199999999999998401, 0.1499999999999999944, -0.6000000000000180744 ) ) ;
#4007 = ORIENTED_EDGE ( 'NONE', *, *, #3059, .T. ) ;
#4008 = ORIENTED_EDGE ( 'NONE', *, *, #5809, .F. ) ;
#4009 = VECTOR ( 'NONE', #6343, 1000.000000000000114 ) ;
#4010 = VERTEX_POINT ( 'NONE', #4031 ) ;
#4011 = ADVANCED_FACE ( 'NONE', ( #6020 ), #903, .F. ) ;
#4012 = DIRECTION ( 'NONE',  ( -1.000000000000000000, 0.000000000000000000, -3.491481338843133355E-15 ) ) ;
#4013 = CARTESIAN_POINT ( 'NONE',  ( -2.417156442748882750, 0.1694829431300274303, 0.5999999999999915401 ) ) ;
#4014 = CARTESIAN_POINT ( 'NONE',  ( -4.500000000000001776, 0.3000000000000007661, 0.5999999999999842126 ) ) ;
#4015 = DIRECTION ( 'NONE',  ( -7.319508337454879517E-16, -1.000000000000000000, -2.555592676973044002E-30 ) ) ;
#4016 = CARTESIAN_POINT ( 'NONE',  ( -4.350000000000000533, 0.1800000000000000488, 0.7999999999999847233 ) ) ;
#4017 = VECTOR ( 'NONE', #3163, 1000.000000000000000 ) ;
#4018 = DIRECTION ( 'NONE',  ( -1.000000000000000000, 0.000000000000000000, -2.409338161078903914E-15 ) ) ;
#4019 = AXIS2_PLACEMENT_3D ( 'NONE', #7370, #2833, #4048 ) ;
#4020 = VECTOR ( 'NONE', #2887, 1000.000000000000000 ) ;
#4021 = EDGE_CURVE ( 'NONE', #6603, #8034, #1683, .T. ) ;
#4022 = VECTOR ( 'NONE', #4317, 1000.000000000000000 ) ;
#4023 = CIRCLE ( 'NONE', #4289, 0.9999999999999935607 ) ;
#4024 = FACE_OUTER_BOUND ( 'NONE', #4745, .T. ) ;
#4025 = ADVANCED_FACE ( 'NONE', ( #5974 ), #1662, .F. ) ;
#4026 = ORIENTED_EDGE ( 'NONE', *, *, #1749, .F. ) ;
#4027 = AXIS2_PLACEMENT_3D ( 'NONE', #5849, #5935, #7010 ) ;
#4028 = LINE ( 'NONE', #143, #446 ) ;
#4029 = CARTESIAN_POINT ( 'NONE',  ( -0.4349839948509865439, 1.114930702365728665, 0.5999999999999984235 ) ) ;
#4030 = AXIS2_PLACEMENT_3D ( 'NONE', #7812, #6654, #2790 ) ;
#4031 = CARTESIAN_POINT ( 'NONE',  ( 4.349999999999996092, 1.685000000000000275, 0.3500000000000168532 ) ) ;
#4032 = EDGE_CURVE ( 'NONE', #1962, #1395, #410, .T. ) ;
#4033 = LINE ( 'NONE', #3407, #5191 ) ;
#4034 = DIRECTION ( 'NONE',  ( 1.000000000000000000, -5.595882180570345180E-16, 3.491481338843133355E-15 ) ) ;
#4035 = AXIS2_PLACEMENT_3D ( 'NONE', #3519, #7823, #2143 ) ;
#4036 = VERTEX_POINT ( 'NONE', #944 ) ;
#4037 = AXIS2_PLACEMENT_3D ( 'NONE', #2133, #2835, #4620 ) ;
#4038 = VERTEX_POINT ( 'NONE', #237 ) ;
#4039 = DIRECTION ( 'NONE',  ( 1.000000000000000000, 0.000000000000000000, 2.848997147103001084E-15 ) ) ;
#4040 = VECTOR ( 'NONE', #1161, 1000.000000000000114 ) ;
#4041 = VECTOR ( 'NONE', #1083, 1000.000000000000000 ) ;
#4042 = DIRECTION ( 'NONE',  ( -1.000000000000000000, 0.000000000000000000, -3.491481338843133355E-15 ) ) ;
#4043 = DIRECTION ( 'NONE',  ( 1.000000000000000000, 0.000000000000000000, 3.614007241618349165E-15 ) ) ;
#4044 = CARTESIAN_POINT ( 'NONE',  ( 0.000000000000000000, 3.050000000000000266, 0.000000000000000000 ) ) ;
#4045 = VERTEX_POINT ( 'NONE', #6726 ) ;
#4046 = ORIENTED_EDGE ( 'NONE', *, *, #3265, .F. ) ;
#4047 = DIRECTION ( 'NONE',  ( -3.491481338843133355E-15, 0.000000000000000000, 1.000000000000000000 ) ) ;
#4048 = DIRECTION ( 'NONE',  ( 1.000000000000000000, 0.000000000000000000, 3.491481338843133355E-15 ) ) ;
#4049 = ORIENTED_EDGE ( 'NONE', *, *, #3120, .T. ) ;
#4050 = CARTESIAN_POINT ( 'NONE',  ( -4.349999999999999645, 0.3000000000000007661, 0.4999999999999848455 ) ) ;
#4051 = CARTESIAN_POINT ( 'NONE',  ( 2.817339274159032847, 2.700000000000000178, -2.768591593984394805 ) ) ;
#4052 = ORIENTED_EDGE ( 'NONE', *, *, #1607, .T. ) ;
#4053 = CARTESIAN_POINT ( 'NONE',  ( -3.986143571373715666, 0.2900000000000003131, 0.6499999999999891420 ) ) ;
#4054 = LINE ( 'NONE', #4088, #4994 ) ;
#4055 = VERTEX_POINT ( 'NONE', #6600 ) ;
#4056 = VECTOR ( 'NONE', #4918, 999.9999999999998863 ) ;
#4057 = ORIENTED_EDGE ( 'NONE', *, *, #2466, .T. ) ;
#4058 = LINE ( 'NONE', #7908, #8178 ) ;
#4059 = VECTOR ( 'NONE', #3601, 1000.000000000000000 ) ;
#4060 = LINE ( 'NONE', #6460, #6133 ) ;
#4061 = CARTESIAN_POINT ( 'NONE',  ( -3.890000000000001457, 0.1500000000000000222, 0.5999999999999864331 ) ) ;
#4062 = CYLINDRICAL_SURFACE ( 'NONE', #1103, 3.950000000000000178 ) ;
#4063 = LINE ( 'NONE', #983, #1495 ) ;
#4064 = CARTESIAN_POINT ( 'NONE',  ( 3.113868426172630599, 0.8837082545973328207, 0.4987380397920500585 ) ) ;
#4065 = ORIENTED_EDGE ( 'NONE', *, *, #4385, .T. ) ;
#4066 = CARTESIAN_POINT ( 'NONE',  ( 3.401316701949486099, 0.1800000000000000488, -0.8999999999999880318 ) ) ;
#4067 = ORIENTED_EDGE ( 'NONE', *, *, #4138, .T. ) ;
#4068 = FACE_OUTER_BOUND ( 'NONE', #424, .T. ) ;
#4069 = DIRECTION ( 'NONE',  ( 1.000000000000000000, 0.000000000000000000, -1.713039432527108870E-13 ) ) ;
#4070 = LINE ( 'NONE', #367, #8127 ) ;
#4071 = CARTESIAN_POINT ( 'NONE',  ( -4.562172802086229773, 0.1800000000000000488, 0.8333333333333193815 ) ) ;
#4072 = DIRECTION ( 'NONE',  ( 1.000000000000000000, 1.954586163371311563E-17, 3.491481338843133355E-15 ) ) ;
#4073 = VERTEX_POINT ( 'NONE', #2814 ) ;
#4074 = ORIENTED_EDGE ( 'NONE', *, *, #5000, .F. ) ;
#4075 = DIRECTION ( 'NONE',  ( -1.000000000000000000, 0.000000000000000000, -3.491481338843133355E-15 ) ) ;
#4076 = CARTESIAN_POINT ( 'NONE',  ( -4.500000000000001776, 0.1499999999999999667, 0.4999999999999842903 ) ) ;
#4077 = LINE ( 'NONE', #334, #2121 ) ;
#4078 = DIRECTION ( 'NONE',  ( -5.595882180570345180E-16, -1.000000000000000000, -1.953791820782618129E-30 ) ) ;
#4079 = EDGE_CURVE ( 'NONE', #3540, #7555, #323, .T. ) ;
#4080 = ORIENTED_EDGE ( 'NONE', *, *, #7701, .T. ) ;
#4081 = EDGE_CURVE ( 'NONE', #2593, #3557, #5995, .T. ) ;
#4082 = FACE_OUTER_BOUND ( 'NONE', #3431, .T. ) ;
#4083 = CARTESIAN_POINT ( 'NONE',  ( -2.628163906630328395, 0.6569434646789775734, 0.6499999999999930278 ) ) ;
#4084 = VERTEX_POINT ( 'NONE', #4861 ) ;
#4085 = CARTESIAN_POINT ( 'NONE',  ( 1.446941073239594422, 2.980872916395428618, 2.721300370238343813 ) ) ;
#4086 = CARTESIAN_POINT ( 'NONE',  ( 4.349999999999999645, 0.2999999999999999334, -0.7999999999999847233 ) ) ;
#4087 = LINE ( 'NONE', #7284, #5121 ) ;
#4088 = CARTESIAN_POINT ( 'NONE',  ( -2.352579778227635199, 0.03409515047754797801, -0.6000000000000081934 ) ) ;
#4089 = ORIENTED_EDGE ( 'NONE', *, *, #6630, .T. ) ;
#4090 = PLANE ( 'NONE',  #2869 ) ;
#4091 = DIRECTION ( 'NONE',  ( -0.3583679495452943842, 0.9335804264972039634, -1.301042606982605124E-15 ) ) ;
#4092 = CARTESIAN_POINT ( 'NONE',  ( 0.000000000000000000, 3.149999999999999911, 0.000000000000000000 ) ) ;
#4093 = VECTOR ( 'NONE', #3305, 1000.000000000000000 ) ;
#4094 = DIRECTION ( 'NONE',  ( 0.000000000000000000, 1.000000000000000000, 0.000000000000000000 ) ) ;
#4095 = CARTESIAN_POINT ( 'NONE',  ( -4.350000000000001421, 0.1800000000000000488, 0.8999999999999848121 ) ) ;
#4096 = CARTESIAN_POINT ( 'NONE',  ( 3.380550990593099492, 3.050000000000000266, 0.5500000000000134781 ) ) ;
#4097 = EDGE_LOOP ( 'NONE', ( #1791, #5835, #7638, #5739, #939, #7906, #2122, #4593, #4888 ) ) ;
#4098 = CARTESIAN_POINT ( 'NONE',  ( -1.542899194636086158, 2.700000000000000178, 2.688765901894645260 ) ) ;
#4099 = VERTEX_POINT ( 'NONE', #3446 ) ;
#4100 = DIRECTION ( 'NONE',  ( 1.000000000000000000, 0.000000000000000000, 3.491481338843133355E-15 ) ) ;
#4101 = CARTESIAN_POINT ( 'NONE',  ( 4.799999999999991829, 0.000000000000000000, 1.500000000000016653 ) ) ;
#4102 = DIRECTION ( 'NONE',  ( -0.000000000000000000, -1.000000000000000000, 0.000000000000000000 ) ) ;
#4103 = VECTOR ( 'NONE', #7311, 1000.000000000000000 ) ;
#4104 = CARTESIAN_POINT ( 'NONE',  ( 1.454604435350174807, 2.990297223484842171, 2.735713058173244505 ) ) ;
#4105 = DIRECTION ( 'NONE',  ( 0.000000000000000000, 1.000000000000000000, -0.000000000000000000 ) ) ;
#4106 = ORIENTED_EDGE ( 'NONE', *, *, #7200, .F. ) ;
#4107 = ORIENTED_EDGE ( 'NONE', *, *, #6807, .F. ) ;
#4108 = DIRECTION ( 'NONE',  ( 1.000000000000000000, 0.000000000000000000, 3.491481338843133355E-15 ) ) ;
#4109 = CARTESIAN_POINT ( 'NONE',  ( 0.000000000000000000, 1.201442841485020452, 0.000000000000000000 ) ) ;
#4110 = EDGE_CURVE ( 'NONE', #7898, #6380, #2771, .T. ) ;
#4111 = CARTESIAN_POINT ( 'NONE',  ( -2.817392449966592771, 2.700000000000000178, -2.768644769791985816 ) ) ;
#4112 = CARTESIAN_POINT ( 'NONE',  ( -2.541092933491475137, 0.7933285315360837364, 1.692851233945332323 ) ) ;
#4113 = VERTEX_POINT ( 'NONE', #4724 ) ;
#4114 = EDGE_CURVE ( 'NONE', #3463, #6231, #3569, .T. ) ;
#4115 = VECTOR ( 'NONE', #6282, 1000.000000000000000 ) ;
#4116 = ORIENTED_EDGE ( 'NONE', *, *, #4245, .T. ) ;
#4117 = DIRECTION ( 'NONE',  ( -1.000000000000000000, 0.000000000000000000, -2.409338161078903914E-15 ) ) ;
#4118 = DIRECTION ( 'NONE',  ( 3.491481338843133355E-15, 0.000000000000000000, -1.000000000000000000 ) ) ;
#4119 = EDGE_LOOP ( 'NONE', ( #2426, #129, #976, #1221, #900, #3567, #5436, #728 ) ) ;
#4120 = EDGE_CURVE ( 'NONE', #5716, #3866, #7023, .T. ) ;
#4121 = DIRECTION ( 'NONE',  ( 1.000000000000000000, 0.000000000000000000, 3.705642736089844770E-15 ) ) ;
#4122 = EDGE_CURVE ( 'NONE', #6965, #1447, #4070, .T. ) ;
#4123 = LINE ( 'NONE', #253, #3361 ) ;
#4124 = ORIENTED_EDGE ( 'NONE', *, *, #60, .F. ) ;
#4125 = FACE_OUTER_BOUND ( 'NONE', #1990, .T. ) ;
#4126 = LINE ( 'NONE', #5993, #7893 ) ;
#4127 = EDGE_CURVE ( 'NONE', #2067, #5476, #4535, .T. ) ;
#4128 = CIRCLE ( 'NONE', #8111, 2.599999999999870859 ) ;
#4129 = VERTEX_POINT ( 'NONE', #7263 ) ;
#4130 = VERTEX_POINT ( 'NONE', #1570 ) ;
#4131 = CARTESIAN_POINT ( 'NONE',  ( 4.349999999999996092, 0.3000000000000024314, 0.6000000000000150768 ) ) ;
#4132 = DIRECTION ( 'NONE',  ( 3.252606517456513696E-15, 0.000000000000000000, -1.000000000000000000 ) ) ;
#4133 = DIRECTION ( 'NONE',  ( -0.6691306063588469133, 0.000000000000000000, -0.7431448254774045692 ) ) ;
#4134 = DIRECTION ( 'NONE',  ( 1.000000000000000000, 0.000000000000000000, 3.491481338843133355E-15 ) ) ;
#4135 = CARTESIAN_POINT ( 'NONE',  ( 4.800000000000007816, 1.574999999999999067, -0.8999999999999822586 ) ) ;
#4136 = EDGE_LOOP ( 'NONE', ( #7241, #2336, #7814, #1, #3614, #5177, #659, #1284, #7319, #3254 ) ) ;
#4137 = PLANE ( 'NONE',  #5499 ) ;
#4138 = EDGE_CURVE ( 'NONE', #8161, #972, #4813, .T. ) ;
#4139 = ADVANCED_FACE ( 'NONE', ( #3534 ), #6063, .T. ) ;
#4140 = ORIENTED_EDGE ( 'NONE', *, *, #2680, .F. ) ;
#4141 = FACE_OUTER_BOUND ( 'NONE', #3965, .T. ) ;
#4142 = VECTOR ( 'NONE', #1252, 1000.000000000000000 ) ;
#4143 = EDGE_LOOP ( 'NONE', ( #2093, #7111, #6448, #1525, #6309, #6249, #1864, #6410, #5102 ) ) ;
#4144 = FACE_OUTER_BOUND ( 'NONE', #3888, .T. ) ;
#4145 = B_SPLINE_CURVE_WITH_KNOTS ( 'NONE', 3,
 ( #6572, #956, #876, #2780, #6693, #5322 ),
 .UNSPECIFIED., .F., .F.,
 ( 4, 2, 4 ),
 ( 0.004262744096259846183, 0.004328767956981668247, 0.004394791817703490311 ),
 .UNSPECIFIED. ) ;
#4146 = CARTESIAN_POINT ( 'NONE',  ( 1.781226596065948131, 3.149999999999999911, 3.350000000000006306 ) ) ;
#4147 = CARTESIAN_POINT ( 'NONE',  ( 4.349999999999983658, 0.000000000000000000, 3.944646165029784601 ) ) ;
#4148 = LINE ( 'NONE', #3535, #5593 ) ;
#4149 = AXIS2_PLACEMENT_3D ( 'NONE', #1196, #3666, #1870 ) ;
#4150 = CARTESIAN_POINT ( 'NONE',  ( -4.523008059478757836, 0.1499999999999999667, -0.5000000000000158762 ) ) ;
#4151 = ORIENTED_EDGE ( 'NONE', *, *, #1590, .F. ) ;
#4152 = VECTOR ( 'NONE', #2988, 1000.000000000000227 ) ;
#4153 = EDGE_LOOP ( 'NONE', ( #4501, #3801, #6862, #5170, #7439, #5631 ) ) ;
#4154 = ORIENTED_EDGE ( 'NONE', *, *, #3366, .T. ) ;
#4155 = EDGE_CURVE ( 'NONE', #2873, #6823, #3027, .T. ) ;
#4156 = PLANE ( 'NONE',  #5630 ) ;
#4157 = DIRECTION ( 'NONE',  ( -1.000000000000000000, 0.000000000000000000, -3.491481338843133355E-15 ) ) ;
#4158 = EDGE_CURVE ( 'NONE', #3549, #872, #4270, .T. ) ;
#4159 = FACE_OUTER_BOUND ( 'NONE', #4676, .T. ) ;
#4160 = VECTOR ( 'NONE', #7003, 1000.000000000000000 ) ;
#4161 = EDGE_CURVE ( 'NONE', #4690, #4660, #7352, .T. ) ;
#4162 = LINE ( 'NONE', #3547, #5718 ) ;
#4163 = VECTOR ( 'NONE', #2351, 1000.000000000000000 ) ;
#4164 = EDGE_CURVE ( 'NONE', #524, #2708, #3706, .T. ) ;
#4165 = ORIENTED_EDGE ( 'NONE', *, *, #2150, .F. ) ;
#4166 = ORIENTED_EDGE ( 'NONE', *, *, #725, .F. ) ;
#4167 = PLANE ( 'NONE',  #1387 ) ;
#4168 = CARTESIAN_POINT ( 'NONE',  ( 4.189999999999998614, 0.5000000000000000000, -0.3999999999999853117 ) ) ;
#4169 = FACE_OUTER_BOUND ( 'NONE', #1673, .T. ) ;
#4170 = EDGE_LOOP ( 'NONE', ( #1696, #5710, #5416, #1463 ) ) ;
#4171 = FACE_OUTER_BOUND ( 'NONE', #668, .T. ) ;
#4172 = VECTOR ( 'NONE', #1050, 1000.000000000000000 ) ;
#4173 = DIRECTION ( 'NONE',  ( 0.7237286012152432946, 0.6867927984713968481, 0.06732431767834422265 ) ) ;
#4174 = FACE_OUTER_BOUND ( 'NONE', #5820, .T. ) ;
#4175 = VECTOR ( 'NONE', #2469, 1000.000000000000000 ) ;
#4176 = ORIENTED_EDGE ( 'NONE', *, *, #8141, .F. ) ;
#4177 = EDGE_CURVE ( 'NONE', #6356, #5574, #1122, .T. ) ;
#4178 = ORIENTED_EDGE ( 'NONE', *, *, #3265, .T. ) ;
#4179 = DIRECTION ( 'NONE',  ( 3.181709289561560885E-15, 0.000000000000000000, -1.000000000000000000 ) ) ;
#4180 = DIRECTION ( 'NONE',  ( 0.000000000000000000, 1.000000000000000000, 0.000000000000000000 ) ) ;
#4181 = EDGE_CURVE ( 'NONE', #2522, #5997, #2990, .T. ) ;
#4182 = DIRECTION ( 'NONE',  ( -0.000000000000000000, 1.000000000000000000, -0.000000000000000000 ) ) ;
#4183 = DIRECTION ( 'NONE',  ( -3.491481338843133355E-15, 0.000000000000000000, 1.000000000000000000 ) ) ;
#4184 = FACE_OUTER_BOUND ( 'NONE', #4820, .T. ) ;
#4185 = VERTEX_POINT ( 'NONE', #5529 ) ;
#4186 = CARTESIAN_POINT ( 'NONE',  ( 0.000000000000000000, 2.700000000000000178, 0.000000000000000000 ) ) ;
#4187 = EDGE_CURVE ( 'NONE', #5091, #7918, #1871, .T. ) ;
#4188 = ADVANCED_FACE ( 'NONE', ( #6143 ), #5602, .F. ) ;
#4189 = ORIENTED_EDGE ( 'NONE', *, *, #1141, .F. ) ;
#4190 = DIRECTION ( 'NONE',  ( 3.491481338843133355E-15, -0.000000000000000000, -1.000000000000000000 ) ) ;
#4191 = VERTEX_POINT ( 'NONE', #6761 ) ;
#4192 = PLANE ( 'NONE',  #6943 ) ;
#4193 = DIRECTION ( 'NONE',  ( -3.491481338843133355E-15, 0.000000000000000000, 1.000000000000000000 ) ) ;
#4194 = EDGE_CURVE ( 'NONE', #662, #1700, #174, .T. ) ;
#4195 = DIRECTION ( 'NONE',  ( -1.000000000000000000, 0.000000000000000000, -3.614007241618307356E-15 ) ) ;
#4196 = DIRECTION ( 'NONE',  ( 1.000000000000000000, 0.000000000000000000, 3.705642736089844770E-15 ) ) ;
#4197 = CARTESIAN_POINT ( 'NONE',  ( 4.086143571373717975, 3.050000000000000711, -1.499999999999988232 ) ) ;
#4198 = ORIENTED_EDGE ( 'NONE', *, *, #2922, .F. ) ;
#4199 = ORIENTED_EDGE ( 'NONE', *, *, #1803, .T. ) ;
#4200 = EDGE_CURVE ( 'NONE', #3935, #2852, #7496, .T. ) ;
#4201 = VERTEX_POINT ( 'NONE', #4899 ) ;
#4202 = CARTESIAN_POINT ( 'NONE',  ( 4.349999999999983658, 0.000000000000000000, 3.944646165029784601 ) ) ;
#4203 = CARTESIAN_POINT ( 'NONE',  ( -0.3036414152311112669, 1.161676991784185375, 0.5999999999999988676 ) ) ;
#4204 = DIRECTION ( 'NONE',  ( 1.000000000000000000, 0.000000000000000000, 3.491481338843133355E-15 ) ) ;
#4205 = CIRCLE ( 'NONE', #5266, 0.3000000000000025424 ) ;
#4206 = CARTESIAN_POINT ( 'NONE',  ( -5.200000000000001066, 0.000000000000000000, 0.5999999999999818812 ) ) ;
#4207 = ORIENTED_EDGE ( 'NONE', *, *, #64, .T. ) ;
#4208 = ORIENTED_EDGE ( 'NONE', *, *, #4120, .T. ) ;
#4209 = PLANE ( 'NONE',  #5635 ) ;
#4210 = DIRECTION ( 'NONE',  ( 3.491481338843133355E-15, 0.000000000000000000, -1.000000000000000000 ) ) ;
#4211 = LINE ( 'NONE', #6740, #3628 ) ;
#4212 = ORIENTED_EDGE ( 'NONE', *, *, #3157, .T. ) ;
#4213 = DIRECTION ( 'NONE',  ( 1.000000000000000000, 0.000000000000000000, 3.491481338843133355E-15 ) ) ;
#4214 = FILL_AREA_STYLE ('',( #1681 ) ) ;
#4215 = DIRECTION ( 'NONE',  ( -0.000000000000000000, -1.000000000000000000, 0.000000000000000000 ) ) ;
#4216 = DIRECTION ( 'NONE',  ( 0.000000000000000000, 1.000000000000000000, 0.000000000000000000 ) ) ;
#4217 = ORIENTED_EDGE ( 'NONE', *, *, #5350, .F. ) ;
#4218 = FACE_OUTER_BOUND ( 'NONE', #2355, .T. ) ;
#4219 = CARTESIAN_POINT ( 'NONE',  ( -2.208720231632312458, 3.095891748601405258, -2.426826996329999986 ) ) ;
#4220 = PLANE ( 'NONE',  #6016 ) ;
#4221 = CARTESIAN_POINT ( 'NONE',  ( 4.349999999999996092, 0.3199999999999999512, 0.5500000000000168088 ) ) ;
#4222 = CARTESIAN_POINT ( 'NONE',  ( -4.717386503038387247, 1.149990402432737646, 0.8695333621815422021 ) ) ;
#4223 = VERTEX_POINT ( 'NONE', #7434 ) ;
#4224 = CARTESIAN_POINT ( 'NONE',  ( 2.220815370558883117, 0.6999999999999999556, -1.941772151898728094 ) ) ;
#4225 = ORIENTED_EDGE ( 'NONE', *, *, #6715, .T. ) ;
#4226 = DIRECTION ( 'NONE',  ( -0.4694715627858889184, 0.000000000000000000, -0.8829475928589279876 ) ) ;
#4227 = ORIENTED_EDGE ( 'NONE', *, *, #5708, .F. ) ;
#4228 = LINE ( 'NONE', #6060, #2827 ) ;
#4229 = ADVANCED_FACE ( 'NONE', ( #4318 ), #6928, .T. ) ;
#4230 = DIRECTION ( 'NONE',  ( -1.000000000000000000, 0.000000000000000000, -3.523657060577895721E-15 ) ) ;
#4231 = CARTESIAN_POINT ( 'NONE',  ( 3.363663505288931876, 3.033331677321564168, -0.5499999999999899414 ) ) ;
#4232 = CARTESIAN_POINT ( 'NONE',  ( -2.800673567555881593, 0.7290621477231959968, -1.884477528664973978 ) ) ;
#4233 = EDGE_CURVE ( 'NONE', #4265, #4099, #4434, .T. ) ;
#4234 = CARTESIAN_POINT ( 'NONE',  ( -2.971635679190010482, 1.437342676464024693, -1.600001996925291881 ) ) ;
#4235 = EDGE_CURVE ( 'NONE', #4830, #1101, #3170, .T. ) ;
#4236 = B_SPLINE_CURVE_WITH_KNOTS ( 'NONE', 3,
 ( #581, #800, #730, #2012 ),
 .UNSPECIFIED., .F., .F.,
 ( 4, 4 ),
 ( 0.9139991345532545441, 1.000000000000000000 ),
 .UNSPECIFIED. ) ;
#4237 = ORIENTED_EDGE ( 'NONE', *, *, #1860, .F. ) ;
#4238 = VERTEX_POINT ( 'NONE', #7473 ) ;
#4239 = ORIENTED_EDGE ( 'NONE', *, *, #4120, .F. ) ;
#4240 = DIRECTION ( 'NONE',  ( -0.7431448254774045692, 0.000000000000000000, 0.6691306063588468023 ) ) ;
#4241 = DIRECTION ( 'NONE',  ( 1.000000000000000000, 0.000000000000000000, 3.491481338843133355E-15 ) ) ;
#4242 = CARTESIAN_POINT ( 'NONE',  ( 3.401316701949481214, 0.2999999999999999334, 0.5000000000000119904 ) ) ;
#4243 = FACE_OUTER_BOUND ( 'NONE', #1717, .T. ) ;
#4244 = VERTEX_POINT ( 'NONE', #1784 ) ;
#4245 = EDGE_CURVE ( 'NONE', #2744, #8161, #3784, .T. ) ;
#4246 = ORIENTED_EDGE ( 'NONE', *, *, #938, .F. ) ;
#4247 = FACE_OUTER_BOUND ( 'NONE', #1887, .T. ) ;
#4248 = DIRECTION ( 'NONE',  ( 0.9025852843498630707, 0.4305110968082899170, 3.151359677021970066E-15 ) ) ;
#4249 = CARTESIAN_POINT ( 'NONE',  ( 0.000000000000000000, 1.201442841485020452, 0.000000000000000000 ) ) ;
#4250 = VERTEX_POINT ( 'NONE', #4986 ) ;
#4251 = LINE ( 'NONE', #7047, #589 ) ;
#4252 = CYLINDRICAL_SURFACE ( 'NONE', #333, 0.9999999999999931166 ) ;
#4253 = CARTESIAN_POINT ( 'NONE',  ( 3.820458146424481338, 0.7500000000000000000, -1.765685424949227977 ) ) ;
#4254 = AXIS2_PLACEMENT_3D ( 'NONE', #4044, #2171, #7978 ) ;
#4255 = ORIENTED_EDGE ( 'NONE', *, *, #2061, .T. ) ;
#4256 = CARTESIAN_POINT ( 'NONE',  ( 3.329883631600357496, 1.437346735502356143, 0.5500000000000132561 ) ) ;
#4257 = DIRECTION ( 'NONE',  ( 1.000000000000000000, 0.000000000000000000, 3.614007241618338910E-15 ) ) ;
#4258 = ORIENTED_EDGE ( 'NONE', *, *, #261, .F. ) ;
#4259 = EDGE_CURVE ( 'NONE', #3235, #1957, #4511, .T. ) ;
#4260 = CARTESIAN_POINT ( 'NONE',  ( -5.200000000000001066, 0.000000000000000000, 0.5999999999999818812 ) ) ;
#4261 = DIRECTION ( 'NONE',  ( -3.491481338843133355E-15, 0.000000000000000000, 1.000000000000000000 ) ) ;
#4262 = VERTEX_POINT ( 'NONE', #1829 ) ;
#4263 = LINE ( 'NONE', #445, #5791 ) ;
#4264 = ADVANCED_FACE ( 'NONE', ( #5649 ), #8173, .F. ) ;
#4265 = VERTEX_POINT ( 'NONE', #2021 ) ;
#4266 = CARTESIAN_POINT ( 'NONE',  ( -0.4349839948509865439, 1.114930702365728665, 0.5999999999999984235 ) ) ;
#4267 = ORIENTED_EDGE ( 'NONE', *, *, #6969, .T. ) ;
#4268 = CARTESIAN_POINT ( 'NONE',  ( 3.332051350969297943, 1.697303936377418943, -0.3863842541265962716 ) ) ;
#4269 = DIRECTION ( 'NONE',  ( -0.3583679495452942176, 0.9335804264972041855, -1.251235008276872297E-15 ) ) ;
#4270 = LINE ( 'NONE', #6187, #5365 ) ;
#4271 = PLANE ( 'NONE',  #3996 ) ;
#4272 = CARTESIAN_POINT ( 'NONE',  ( -2.631774918725748869, 0.8359623823828020717, -1.656674884428807060 ) ) ;
#4273 = EDGE_LOOP ( 'NONE', ( #7689, #7832, #2447, #3169, #5674 ) ) ;
#4274 = EDGE_CURVE ( 'NONE', #972, #4223, #24, .T. ) ;
#4275 = CIRCLE ( 'NONE', #693, 1.000000000000000222 ) ;
#4276 = VERTEX_POINT ( 'NONE', #3310 ) ;
#4277 = FACE_OUTER_BOUND ( 'NONE', #1944, .T. ) ;
#4278 = EDGE_CURVE ( 'NONE', #6403, #4864, #3191, .T. ) ;
#4279 = AXIS2_PLACEMENT_3D ( 'NONE', #7633, #4353, #6224 ) ;
#4280 = DIRECTION ( 'NONE',  ( 5.671190584124045157E-16, 0.9867201756097431220, -0.1624293540117598411 ) ) ;
#4281 = CARTESIAN_POINT ( 'NONE',  ( -3.311815967109281278, 2.999999999999998668, -0.6500000000000126787 ) ) ;
#4282 = AXIS2_PLACEMENT_3D ( 'NONE', #4379, #6914, #5051 ) ;
#4283 = CARTESIAN_POINT ( 'NONE',  ( 1.446941073239613296, 2.980872916395428618, -2.721300370238333599 ) ) ;
#4284 = AXIS2_PLACEMENT_3D ( 'NONE', #3144, #726, #3257 ) ;
#4285 = ADVANCED_FACE ( 'NONE', ( #5842 ), #4438, .F. ) ;
#4286 = ORIENTED_EDGE ( 'NONE', *, *, #988, .F. ) ;
#4287 = AXIS2_PLACEMENT_3D ( 'NONE', #5400, #5528, #2989 ) ;
#4288 = ADVANCED_FACE ( 'NONE', ( #5112 ), #7131, .T. ) ;
#4289 = AXIS2_PLACEMENT_3D ( 'NONE', #1572, #4105, #4356 ) ;
#4290 = ORIENTED_EDGE ( 'NONE', *, *, #4161, .F. ) ;
#4291 = DIRECTION ( 'NONE',  ( 1.000000000000000000, 0.000000000000000000, 3.277319941596422730E-15 ) ) ;
#4292 = CARTESIAN_POINT ( 'NONE',  ( 2.971636754383003787, 0.3500000000000000333, 1.600000000000015188 ) ) ;
#4293 = ORIENTED_EDGE ( 'NONE', *, *, #1286, .T. ) ;
#4294 = CIRCLE ( 'NONE', #2028, 3.425000000000000266 ) ;
#4295 = LINE ( 'NONE', #1847, #2179 ) ;
#4296 = PRESENTATION_STYLE_ASSIGNMENT (( #7503 ) ) ;
#4297 = CARTESIAN_POINT ( 'NONE',  ( 3.321645174544480827, 1.687428843675283785, -0.3873964333603452936 ) ) ;
#4298 = CARTESIAN_POINT ( 'NONE',  ( 1.934429877430335676, 2.700000000000000178, 2.293028793823765010 ) ) ;
#4299 = VECTOR ( 'NONE', #4509, 1000.000000000000000 ) ;
#4300 = ORIENTED_EDGE ( 'NONE', *, *, #2521, .F. ) ;
#4301 = LINE ( 'NONE', #6836, #4905 ) ;
#4302 = AXIS2_PLACEMENT_3D ( 'NONE', #2387, #7540, #3720 ) ;
#4303 = PLANE ( 'NONE',  #1231 ) ;
#4304 = ORIENTED_EDGE ( 'NONE', *, *, #313, .T. ) ;
#4305 = EDGE_CURVE ( 'NONE', #5455, #3991, #186, .T. ) ;
#4306 = LINE ( 'NONE', #527, #1641 ) ;
#4307 = AXIS2_PLACEMENT_3D ( 'NONE', #2503, #5027, #5726 ) ;
#4308 = CARTESIAN_POINT ( 'NONE',  ( -2.817339274159017748, 2.933333333333333570, -2.768591593984410792 ) ) ;
#4309 = FACE_OUTER_BOUND ( 'NONE', #1926, .T. ) ;
#4310 = VERTEX_POINT ( 'NONE', #5807 ) ;
#4311 = VECTOR ( 'NONE', #1333, 1000.000000000000000 ) ;
#4312 = DIRECTION ( 'NONE',  ( -1.000000000000000000, 0.000000000000000000, -3.491481338843133355E-15 ) ) ;
#4313 = VECTOR ( 'NONE', #3355, 1000.000000000000000 ) ;
#4314 = CARTESIAN_POINT ( 'NONE',  ( -3.311815967109281278, 2.999999999999998668, -0.6500000000000126787 ) ) ;
#4315 = VERTEX_POINT ( 'NONE', #3231 ) ;
#4316 = PLANE ( 'NONE',  #7609 ) ;
#4317 = DIRECTION ( 'NONE',  ( 0.000000000000000000, 1.000000000000000000, 0.000000000000000000 ) ) ;
#4318 = FACE_OUTER_BOUND ( 'NONE', #2808, .T. ) ;
#4319 = CARTESIAN_POINT ( 'NONE',  ( -2.926266118837313357, 0.5998966974482735637, -1.681944903311880957 ) ) ;
#4320 = LINE ( 'NONE', #1201, #2296 ) ;
#4321 = ORIENTED_EDGE ( 'NONE', *, *, #18, .T. ) ;
#4322 = VERTEX_POINT ( 'NONE', #4513 ) ;
#4323 = CARTESIAN_POINT ( 'NONE',  ( 4.562172802086228884, 0.1800000000000000488, -0.8333333333333193815 ) ) ;
#4324 = VECTOR ( 'NONE', #6329, 1000.000000000000000 ) ;
#4325 = ORIENTED_EDGE ( 'NONE', *, *, #6609, .T. ) ;
#4326 = CARTESIAN_POINT ( 'NONE',  ( 1.542899194636067506, 2.700000000000000178, 2.688765901894655919 ) ) ;
#4327 = LINE ( 'NONE', #5120, #7136 ) ;
#4328 = CARTESIAN_POINT ( 'NONE',  ( -1.454604435350193903, 2.700000000000000178, 2.735713058173234291 ) ) ;
#4329 = EDGE_CURVE ( 'NONE', #7035, #2072, #715, .T. ) ;
#4330 = VERTEX_POINT ( 'NONE', #6975 ) ;
#4331 = CARTESIAN_POINT ( 'NONE',  ( -3.889999999999997016, 0.1500000000000000222, -0.6000000000000135225 ) ) ;
#4332 = CARTESIAN_POINT ( 'NONE',  ( 5.299999999999997158, -0.6082762530298271297, 0.3000000000000170308 ) ) ;
#4333 = ORIENTED_EDGE ( 'NONE', *, *, #1393, .T. ) ;
#4334 = AXIS2_PLACEMENT_3D ( 'NONE', #3471, #2884, #7996 ) ;
#4335 = DIRECTION ( 'NONE',  ( -4.206079614184803695E-30, 1.000000000000000000, 1.204669080539449590E-15 ) ) ;
#4336 = EDGE_CURVE ( 'NONE', #6577, #1106, #5773, .T. ) ;
#4337 = FACE_OUTER_BOUND ( 'NONE', #1679, .T. ) ;
#4338 = EDGE_CURVE ( 'NONE', #7597, #3010, #2642, .T. ) ;
#4339 = LINE ( 'NONE', #8196, #4324 ) ;
#4340 = VERTEX_POINT ( 'NONE', #811 ) ;
#4341 = ADVANCED_FACE ( 'NONE', ( #1354 ), #3856, .F. ) ;
#4342 = ORIENTED_EDGE ( 'NONE', *, *, #7582, .T. ) ;
#4343 = CARTESIAN_POINT ( 'NONE',  ( 3.196629634861882341, 1.469163123116463465, 0.6000000000000111910 ) ) ;
#4344 = CARTESIAN_POINT ( 'NONE',  ( -1.839530750724082564, -0.2257025523579470616, -1.839530750724147623 ) ) ;
#4345 = CARTESIAN_POINT ( 'NONE',  ( -4.552081636884917515, 0.2999921102144699203, -0.8084377142705360120 ) ) ;
#4346 = DIRECTION ( 'NONE',  ( -0.7431448254773999063, 0.000000000000000000, -0.6691306063588519093 ) ) ;
#4347 = CARTESIAN_POINT ( 'NONE',  ( -1.169646248512449832E-14, 0.000000000000000000, 3.350000000000000089 ) ) ;
#4348 = ORIENTED_EDGE ( 'NONE', *, *, #3281, .T. ) ;
#4349 = DIRECTION ( 'NONE',  ( -0.7009092642998459022, 0.000000000000000000, -0.7132504491541865610 ) ) ;
#4350 = FACE_OUTER_BOUND ( 'NONE', #5048, .T. ) ;
#4351 = ORIENTED_EDGE ( 'NONE', *, *, #350, .F. ) ;
#4352 = CARTESIAN_POINT ( 'NONE',  ( 4.499999999999995559, 0.3199999999999999512, 0.5000000000000157652 ) ) ;
#4353 = DIRECTION ( 'NONE',  ( -0.000000000000000000, 1.000000000000000000, -0.000000000000000000 ) ) ;
#4354 = DIRECTION ( 'NONE',  ( -1.000000000000000000, 0.000000000000000000, -3.491481338843133355E-15 ) ) ;
#4355 = CARTESIAN_POINT ( 'NONE',  ( -3.890000000000001457, 0.000000000000000000, 0.5999999999999864331 ) ) ;
#4356 = DIRECTION ( 'NONE',  ( 1.000000000000000000, 0.000000000000000000, 1.773754754186296614E-13 ) ) ;
#4357 = ORIENTED_EDGE ( 'NONE', *, *, #4177, .T. ) ;
#4358 = ORIENTED_EDGE ( 'NONE', *, *, #4122, .F. ) ;
#4359 = DIRECTION ( 'NONE',  ( 1.000000000000000000, 0.000000000000000000, 3.614007241618359420E-15 ) ) ;
#4360 = ORIENTED_EDGE ( 'NONE', *, *, #920, .F. ) ;
#4361 = CARTESIAN_POINT ( 'NONE',  ( -4.595506135419556770, 0.1799999999999996048, -0.8666666666666840158 ) ) ;
#4362 = CARTESIAN_POINT ( 'NONE',  ( 4.500000000000010658, 0.1700000000000000122, -3.944646165029753515 ) ) ;
#4363 = LINE ( 'NONE', #4870, #4514 ) ;
#4364 = ORIENTED_EDGE ( 'NONE', *, *, #3077, .T. ) ;
#4365 = LINE ( 'NONE', #6777, #5774 ) ;
#4366 = LINE ( 'NONE', #3172, #4311 ) ;
#4367 = EDGE_CURVE ( 'NONE', #4983, #756, #3349, .T. ) ;
#4368 = CARTESIAN_POINT ( 'NONE',  ( -4.349999999999999645, 0.3000000000000007661, 0.5999999999999847677 ) ) ;
#4369 =( NAMED_UNIT ( * ) PLANE_ANGLE_UNIT ( ) SI_UNIT ( $, .RADIAN. ) );
#4370 = LINE ( 'NONE', #6293, #2334 ) ;
#4371 = VECTOR ( 'NONE', #6153, 1000.000000000000114 ) ;
#4372 = CARTESIAN_POINT ( 'NONE',  ( -2.973634140239840296, 0.3500000000000000333, -1.600000000000014078 ) ) ;
#4373 = EDGE_CURVE ( 'NONE', #5588, #743, #3899, .T. ) ;
#4374 = VERTEX_POINT ( 'NONE', #7042 ) ;
#4375 = B_SPLINE_CURVE_WITH_KNOTS ( 'NONE', 3,
 ( #2420, #3794, #4323, #2508 ),
 .UNSPECIFIED., .F., .F.,
 ( 4, 4 ),
 ( 0.000000000000000000, 1.000000000000000000 ),
 .UNSPECIFIED. ) ;
#4376 = EDGE_LOOP ( 'NONE', ( #7338, #4212, #7741, #6514 ) ) ;
#4377 = EDGE_CURVE ( 'NONE', #4532, #4920, #5148, .T. ) ;
#4378 = DIRECTION ( 'NONE',  ( 0.7237286012152438497, 0.6867927984713969591, -0.06732431767833917113 ) ) ;
#4379 = CARTESIAN_POINT ( 'NONE',  ( 0.000000000000000000, 2.700000000000000178, 0.000000000000000000 ) ) ;
#4380 = EDGE_CURVE ( 'NONE', #4244, #2656, #6631, .T. ) ;
#4381 = CARTESIAN_POINT ( 'NONE',  ( -4.086143571373717975, -12.43261838873854686, 1.499999999999988232 ) ) ;
#4382 = DIRECTION ( 'NONE',  ( -1.000000000000000000, 0.000000000000000000, -3.614007241618347587E-15 ) ) ;
#4383 = CARTESIAN_POINT ( 'NONE',  ( -5.300000000000000711, -0.6082762530298218007, -0.3000000000000198619 ) ) ;
#4384 = ORIENTED_EDGE ( 'NONE', *, *, #647, .T. ) ;
#4385 = EDGE_CURVE ( 'NONE', #402, #7745, #3275, .T. ) ;
#4386 = B_SPLINE_CURVE_WITH_KNOTS ( 'NONE', 3,
 ( #6588, #1559, #2760, #1601 ),
 .UNSPECIFIED., .F., .F.,
 ( 4, 4 ),
 ( 0.000000000000000000, 0.7777777777777785673 ),
 .UNSPECIFIED. ) ;
#4387 = CARTESIAN_POINT ( 'NONE',  ( 3.820458146424468460, 0.7500000000000000000, 1.765685424949254845 ) ) ;
#4388 = EDGE_LOOP ( 'NONE', ( #646, #2397, #4623, #5161, #3550, #888 ) ) ;
#4389 = EDGE_CURVE ( 'NONE', #2010, #5845, #6505, .T. ) ;
#4390 = ORIENTED_EDGE ( 'NONE', *, *, #1299, .T. ) ;
#4391 = CARTESIAN_POINT ( 'NONE',  ( 2.092844953645623285, 2.700000000000000178, 3.350000000000007638 ) ) ;
#4392 = CIRCLE ( 'NONE', #3064, 0.6500000000000000222 ) ;
#4393 = CARTESIAN_POINT ( 'NONE',  ( -0.3506623262364809701, 1.222558476567801256, -1.224330968289996215E-15 ) ) ;
#4394 = DIRECTION ( 'NONE',  ( -1.000000000000000000, 0.000000000000000000, -3.299745742347197251E-15 ) ) ;
#4395 = EDGE_CURVE ( 'NONE', #5716, #4374, #847, .T. ) ;
#4396 = DIRECTION ( 'NONE',  ( 1.000000000000000000, 1.175494350822286982E-30, 4.575683511328637789E-15 ) ) ;
#4397 = EDGE_CURVE ( 'NONE', #1260, #5455, #6930, .T. ) ;
#4398 = FACE_OUTER_BOUND ( 'NONE', #73, .T. ) ;
#4399 = VERTEX_POINT ( 'NONE', #5391 ) ;
#4400 = VERTEX_POINT ( 'NONE', #403 ) ;
#4401 = PLANE ( 'NONE',  #6690 ) ;
#4402 = VERTEX_POINT ( 'NONE', #4804 ) ;
#4403 = DIRECTION ( 'NONE',  ( -1.000000000000000000, 0.000000000000000000, 3.469446951953627442E-14 ) ) ;
#4404 = LINE ( 'NONE', #6941, #3612 ) ;
#4405 = DIRECTION ( 'NONE',  ( 3.491481338843133355E-15, -0.000000000000000000, -1.000000000000000000 ) ) ;
#4406 = VECTOR ( 'NONE', #7702, 1000.000000000000114 ) ;
#4407 = ORIENTED_EDGE ( 'NONE', *, *, #6260, .F. ) ;
#4408 = ORIENTED_EDGE ( 'NONE', *, *, #6922, .F. ) ;
#4409 = PLANE ( 'NONE',  #2982 ) ;
#4410 = VECTOR ( 'NONE', #3362, 1000.000000000000000 ) ;
#4411 = ADVANCED_FACE ( 'NONE', ( #1562 ), #4137, .F. ) ;
#4412 = AXIS2_PLACEMENT_3D ( 'NONE', #1549, #5951, #427 ) ;
#4413 = AXIS2_PLACEMENT_3D ( 'NONE', #6005, #5341, #982 ) ;
#4414 = LINE ( 'NONE', #3137, #1939 ) ;
#4415 = AXIS2_PLACEMENT_3D ( 'NONE', #1239, #657, #7560 ) ;
#4416 = ORIENTED_EDGE ( 'NONE', *, *, #911, .F. ) ;
#4417 = AXIS2_PLACEMENT_3D ( 'NONE', #5977, #4034, #5939 ) ;
#4418 = ORIENTED_EDGE ( 'NONE', *, *, #922, .F. ) ;
#4419 = DIRECTION ( 'NONE',  ( -0.6691306063588520203, 0.000000000000000000, 0.7431448254773999063 ) ) ;
#4420 = AXIS2_PLACEMENT_3D ( 'NONE', #6635, #5527, #6722 ) ;
#4421 = DIRECTION ( 'NONE',  ( 1.000000000000000000, 0.000000000000000000, 3.497426362856451513E-15 ) ) ;
#4422 = DIRECTION ( 'NONE',  ( 1.000000000000000000, 0.000000000000000000, 3.491481338843133355E-15 ) ) ;
#4423 = AXIS2_PLACEMENT_3D ( 'NONE', #7856, #2878, #1510 ) ;
#4424 = PLANE ( 'NONE',  #4284 ) ;
#4425 = LINE ( 'NONE', #1733, #3101 ) ;
#4426 = ORIENTED_EDGE ( 'NONE', *, *, #5671, .F. ) ;
#4427 = CARTESIAN_POINT ( 'NONE',  ( 4.350000000000000533, 0.2999999999999999334, -0.8083764270126218010 ) ) ;
#4429 = ADVANCED_FACE ( 'NONE', ( #6093 ), #7914, .T. ) ;
#4428 = VECTOR ( 'NONE', #135, 1000.000000000000227 ) ;
#4430 = EDGE_LOOP ( 'NONE', ( #1002, #4709, #5123, #3125 ) ) ;
#4431 = CIRCLE ( 'NONE', #4961, 3.375000000000000444 ) ;
#4432 = ORIENTED_EDGE ( 'NONE', *, *, #3919, .T. ) ;
#4433 = LINE ( 'NONE', #4391, #1378 ) ;
#4434 = CIRCLE ( 'NONE', #4973, 2.950000000000000622 ) ;
#4435 = VECTOR ( 'NONE', #789, 1000.000000000000000 ) ;
#4436 = CARTESIAN_POINT ( 'NONE',  ( -2.073225355892380328, 2.990297223484824851, 2.302550026315323350 ) ) ;
#4437 = DIRECTION ( 'NONE',  ( -1.000000000000000000, 0.000000000000000000, -3.491481338843133355E-15 ) ) ;
#4438 = PLANE ( 'NONE',  #6822 ) ;
#4439 = EDGE_CURVE ( 'NONE', #402, #6125, #2851, .T. ) ;
#4440 = AXIS2_PLACEMENT_3D ( 'NONE', #7297, #1116, #1610 ) ;
#4441 = EDGE_CURVE ( 'NONE', #1493, #767, #3398, .T. ) ;
#4442 = ORIENTED_EDGE ( 'NONE', *, *, #4999, .T. ) ;
#4443 = AXIS2_PLACEMENT_3D ( 'NONE', #7316, #5914, #881 ) ;
#4444 = ORIENTED_EDGE ( 'NONE', *, *, #6907, .F. ) ;
#4445 = EDGE_CURVE ( 'NONE', #5216, #6356, #6342, .T. ) ;
#4446 = CYLINDRICAL_SURFACE ( 'NONE', #1776, 0.4000000000000001887 ) ;
#4447 = ORIENTED_EDGE ( 'NONE', *, *, #6709, .T. ) ;
#4448 = FACE_OUTER_BOUND ( 'NONE', #1287, .T. ) ;
#4449 = DIRECTION ( 'NONE',  ( -1.000000000000000000, 0.000000000000000000, -3.614007241618353898E-15 ) ) ;
#4450 = VECTOR ( 'NONE', #5424, 1000.000000000000000 ) ;
#4451 = CARTESIAN_POINT ( 'NONE',  ( 4.086143571373717975, -12.43261838873854686, -1.499999999999988232 ) ) ;
#4452 = ORIENTED_EDGE ( 'NONE', *, *, #7962, .F. ) ;
#4453 = AXIS2_PLACEMENT_3D ( 'NONE', #518, #6909, #7454 ) ;
#4454 = EDGE_LOOP ( 'NONE', ( #7722, #7107, #3356, #5813 ) ) ;
#4455 = CARTESIAN_POINT ( 'NONE',  ( -4.190000000000001279, 0.3000000000000000444, 0.5999999999999853229 ) ) ;
#4456 = DIRECTION ( 'NONE',  ( 1.301981320592949974E-30, 1.000000000000000000, -3.729022710527641551E-16 ) ) ;
#4457 = VERTEX_POINT ( 'NONE', #1654 ) ;
#4458 = ORIENTED_EDGE ( 'NONE', *, *, #364, .F. ) ;
#4459 = ORIENTED_EDGE ( 'NONE', *, *, #3405, .T. ) ;
#4460 = LINE ( 'NONE', #6300, #8128 ) ;
#4461 = VERTEX_POINT ( 'NONE', #3439 ) ;
#4462 = FACE_OUTER_BOUND ( 'NONE', #6884, .T. ) ;
#4463 = DIRECTION ( 'NONE',  ( -1.000000000000000000, 0.000000000000000000, -3.491481338843133355E-15 ) ) ;
#4464 = EDGE_LOOP ( 'NONE', ( #864, #1300, #6632, #3929, #6767, #315 ) ) ;
#4465 = CARTESIAN_POINT ( 'NONE',  ( -2.417156442748882750, 0.1694829431300273470, 0.5999999999999915401 ) ) ;
#4466 = VECTOR ( 'NONE', #1512, 1000.000000000000000 ) ;
#4467 = EDGE_LOOP ( 'NONE', ( #6416, #1308, #7415, #291 ) ) ;
#4468 = DIRECTION ( 'NONE',  ( -0.000000000000000000, -1.000000000000000000, 0.000000000000000000 ) ) ;
#4469 = CARTESIAN_POINT ( 'NONE',  ( -4.040000000000000036, 1.850000000000000089, 0.5999999999999858780 ) ) ;
#4470 = DIRECTION ( 'NONE',  ( 5.033795800825556582E-16, 1.000000000000000000, 1.757540410212935542E-30 ) ) ;
#4471 = ADVANCED_FACE ( 'NONE', ( #6629 ), #359, .F. ) ;
#4472 = FACE_OUTER_BOUND ( 'NONE', #6932, .T. ) ;
#4473 = DIRECTION ( 'NONE',  ( 3.491481338843133355E-15, -0.000000000000000000, -1.000000000000000000 ) ) ;
#4474 = ORIENTED_EDGE ( 'NONE', *, *, #6662, .T. ) ;
#4475 = EDGE_CURVE ( 'NONE', #586, #1205, #7788, .T. ) ;
#4476 = ORIENTED_EDGE ( 'NONE', *, *, #7512, .F. ) ;
#4477 = DIRECTION ( 'NONE',  ( 0.9335804264972046296, 0.3583679495452928299, 3.259578637424203340E-15 ) ) ;
#4478 = EDGE_CURVE ( 'NONE', #6553, #5070, #4671, .T. ) ;
#4479 = ORIENTED_EDGE ( 'NONE', *, *, #206, .F. ) ;
#4480 = EDGE_CURVE ( 'NONE', #6556, #4262, #4634, .T. ) ;
#4481 = LINE ( 'NONE', #110, #4410 ) ;
#4482 = EDGE_CURVE ( 'NONE', #4400, #524, #308, .T. ) ;
#4483 = FACE_OUTER_BOUND ( 'NONE', #2262, .T. ) ;
#4484 = DIRECTION ( 'NONE',  ( -1.000000000000000000, 0.000000000000000000, -4.336808689942006692E-15 ) ) ;
#4485 = ORIENTED_EDGE ( 'NONE', *, *, #3686, .T. ) ;
#4486 = EDGE_LOOP ( 'NONE', ( #4067, #3382, #4589, #3596 ) ) ;
#4487 = DIRECTION ( 'NONE',  ( -1.000000000000000000, 0.000000000000000000, -3.491481338843133355E-15 ) ) ;
#4488 = AXIS2_PLACEMENT_3D ( 'NONE', #7127, #1350, #4506 ) ;
#4489 = CARTESIAN_POINT ( 'NONE',  ( -2.650000000000000355, 0.6603961780563999406, 0.6499999999999932498 ) ) ;
#4490 = EDGE_CURVE ( 'NONE', #2905, #7258, #2805, .T. ) ;
#4491 = EDGE_LOOP ( 'NONE', ( #6295, #3140, #1029, #1379 ) ) ;
#4492 = ORIENTED_EDGE ( 'NONE', *, *, #3525, .T. ) ;
#4493 = CARTESIAN_POINT ( 'NONE',  ( 2.793072949583591313, 2.700000000000000178, -2.793072948289685442 ) ) ;
#4494 = VECTOR ( 'NONE', #1208, 1000.000000000000000 ) ;
#4495 = CARTESIAN_POINT ( 'NONE',  ( 1.950911831399345209, 2.934431330114957159, 2.281179316741878349 ) ) ;
#4496 = ORIENTED_EDGE ( 'NONE', *, *, #7273, .T. ) ;
#4497 = PLANE ( 'NONE',  #843 ) ;
#4498 = AXIS2_PLACEMENT_3D ( 'NONE', #1163, #2943, #3117 ) ;
#4499 = CARTESIAN_POINT ( 'NONE',  ( 3.517483835197344089, 1.873272793427752880, -0.3691786868441016556 ) ) ;
#4500 = DIRECTION ( 'NONE',  ( 0.000000000000000000, 1.000000000000000000, 0.000000000000000000 ) ) ;
#4501 = ORIENTED_EDGE ( 'NONE', *, *, #5196, .T. ) ;
#4502 = CARTESIAN_POINT ( 'NONE',  ( 0.000000000000000000, 2.700000000000000178, 0.000000000000000000 ) ) ;
#4503 = CARTESIAN_POINT ( 'NONE',  ( -2.268242884571763707, 2.700000000000000178, -2.250133155302050714 ) ) ;
#4504 = ORIENTED_EDGE ( 'NONE', *, *, #5763, .T. ) ;
#4505 = B_SPLINE_CURVE_WITH_KNOTS ( 'NONE', 3,
 ( #2068, #3977, #5265, #810 ),
 .UNSPECIFIED., .F., .F.,
 ( 4, 4 ),
 ( 0.000000000000000000, 0.0002823698588942473160 ),
 .UNSPECIFIED. ) ;
#4506 = DIRECTION ( 'NONE',  ( 1.000000000000000000, 0.000000000000000000, 3.491481338843133355E-15 ) ) ;
#4507 = EDGE_CURVE ( 'NONE', #690, #4565, #6220, .T. ) ;
#4508 = DIRECTION ( 'NONE',  ( -0.000000000000000000, -1.000000000000000000, 0.000000000000000000 ) ) ;
#4509 = DIRECTION ( 'NONE',  ( -1.000000000000000000, -3.097720492815726673E-16, -3.181709289561560885E-15 ) ) ;
#4510 = ORIENTED_EDGE ( 'NONE', *, *, #5237, .T. ) ;
#4511 =( BOUNDED_CURVE ( )  B_SPLINE_CURVE ( 3, ( #6891, #1198, #579, #3114 ),
 .UNSPECIFIED., .F., .F. ) 
 B_SPLINE_CURVE_WITH_KNOTS ( ( 4, 4 ),
 ( 4.567213991374194038, 4.712388980384689674 ),
 .UNSPECIFIED. ) 
 CURVE ( )  GEOMETRIC_REPRESENTATION_ITEM ( )  RATIONAL_B_SPLINE_CURVE ( ( 1.000000000000000000, 0.9982444562387966513, 0.9982444562387966513, 1.000000000000000000 ) ) 
 REPRESENTATION_ITEM ( '' )  );
#4512 = DIRECTION ( 'NONE',  ( 1.000000000000000000, 1.525665858113907043E-31, 3.082348443565584602E-15 ) ) ;
#4513 = CARTESIAN_POINT ( 'NONE',  ( 4.349999999999999645, 1.685000000000000275, -0.5499999999999864997 ) ) ;
#4514 = VECTOR ( 'NONE', #6902, 1000.000000000000000 ) ;
#4515 = ORIENTED_EDGE ( 'NONE', *, *, #7686, .F. ) ;
#4516 = CARTESIAN_POINT ( 'NONE',  ( -1.457309618296186216, 2.940518207628542768, 2.636182602988184964 ) ) ;
#4517 = ORIENTED_EDGE ( 'NONE', *, *, #954, .F. ) ;
#4518 = CARTESIAN_POINT ( 'NONE',  ( 3.308622559101690452, 1.670477515828883375, 0.3890296062699221125 ) ) ;
#4519 = CARTESIAN_POINT ( 'NONE',  ( -4.499999999999985789, 0.1499999999999999667, -3.944646165029784601 ) ) ;
#4520 = VERTEX_POINT ( 'NONE', #2146 ) ;
#4521 = LINE ( 'NONE', #5119, #7598 ) ;
#4522 = VECTOR ( 'NONE', #6561, 1000.000000000000000 ) ;
#4523 = DIRECTION ( 'NONE',  ( -3.491481338843133355E-15, 0.000000000000000000, 1.000000000000000000 ) ) ;
#4524 = DIRECTION ( 'NONE',  ( 0.000000000000000000, 1.000000000000000000, 0.000000000000000000 ) ) ;
#4525 = ADVANCED_FACE ( 'NONE', ( #5343 ), #1524, .F. ) ;
#4526 = EDGE_CURVE ( 'NONE', #2232, #6603, #2871, .T. ) ;
#4527 = VERTEX_POINT ( 'NONE', #2496 ) ;
#4528 = EDGE_CURVE ( 'NONE', #5761, #1711, #2362, .T. ) ;
#4529 = CARTESIAN_POINT ( 'NONE',  ( -0.2799999999999979172, 0.7899999999997778799, -0.6000000000000009770 ) ) ;
#4530 = ADVANCED_FACE ( 'NONE', ( #1697 ), #3701, .T. ) ;
#4531 = CARTESIAN_POINT ( 'NONE',  ( -1.984285552467009328, 2.940977094287500204, -2.267342356785357005 ) ) ;
#4532 = VERTEX_POINT ( 'NONE', #6920 ) ;
#4533 = EDGE_CURVE ( 'NONE', #6306, #4966, #3274, .T. ) ;
#4534 = ORIENTED_EDGE ( 'NONE', *, *, #6318, .F. ) ;
#4535 = CIRCLE ( 'NONE', #1124, 0.1000000000000002554 ) ;
#4536 = DIRECTION ( 'NONE',  ( 3.491481338843133355E-15, 0.000000000000000000, -1.000000000000000000 ) ) ;
#4537 = AXIS2_PLACEMENT_3D ( 'NONE', #4631, #6545, #854 ) ;
#4538 = CARTESIAN_POINT ( 'NONE',  ( -2.973634140239851398, 0.000000000000000000, 1.599999999999993427 ) ) ;
#4539 = ORIENTED_EDGE ( 'NONE', *, *, #3558, .F. ) ;
#4540 = ADVANCED_FACE ( 'NONE', ( #566 ), #8049, .T. ) ;
#4541 = CARTESIAN_POINT ( 'NONE',  ( -4.350000000000001421, 0.000000000000000000, 0.6499999999999862554 ) ) ;
#4542 = B_SPLINE_CURVE_WITH_KNOTS ( 'NONE', 3,
 ( #3285, #5782, #5819, #1994 ),
 .UNSPECIFIED., .F., .F.,
 ( 4, 4 ),
 ( 0.000000000000000000, 1.000000000000000000 ),
 .UNSPECIFIED. ) ;
#4543 = CARTESIAN_POINT ( 'NONE',  ( -0.3704073303297430453, 0.9795429097132490881, 0.5999999999999986455 ) ) ;
#4544 = ORIENTED_EDGE ( 'NONE', *, *, #6404, .T. ) ;
#4545 = AXIS2_PLACEMENT_3D ( 'NONE', #4985, #6927, #4437 ) ;
#4546 = DIRECTION ( 'NONE',  ( -3.491481338843133355E-15, 0.000000000000000000, 1.000000000000000000 ) ) ;
#4547 = DIRECTION ( 'NONE',  ( -1.000000000000000000, 0.000000000000000000, -3.491481338843133355E-15 ) ) ;
#4548 = ORIENTED_EDGE ( 'NONE', *, *, #8074, .F. ) ;
#4549 = ORIENTED_EDGE ( 'NONE', *, *, #4850, .T. ) ;
#4550 = VECTOR ( 'NONE', #3043, 1000.000000000000000 ) ;
#4551 = AXIS2_PLACEMENT_3D ( 'NONE', #5477, #8013, #1034 ) ;
#4552 = EDGE_CURVE ( 'NONE', #5574, #460, #4263, .T. ) ;
#4553 = ORIENTED_EDGE ( 'NONE', *, *, #3012, .T. ) ;
#4554 = CARTESIAN_POINT ( 'NONE',  ( 4.500000000000001776, 0.1500000000000002720, -0.5999999999999842126 ) ) ;
#4555 = PRODUCT_DEFINITION_FORMATION_WITH_SPECIFIED_SOURCE ( 'ANY', '', #1295, .NOT_KNOWN. ) ;
#4556 = LINE ( 'NONE', #5767, #5206 ) ;
#4557 = CARTESIAN_POINT ( 'NONE',  ( -2.793071785686867869, -12.43261838873854686, -2.793071785686860320 ) ) ;
#4558 = DIRECTION ( 'NONE',  ( 0.000000000000000000, 1.000000000000000000, 0.000000000000000000 ) ) ;
#4559 = AXIS2_PLACEMENT_3D ( 'NONE', #4092, #981, #1693 ) ;
#4560 = CARTESIAN_POINT ( 'NONE',  ( 2.092844953645646822, 2.700000000000000178, -3.349999999999992539 ) ) ;
#4561 = CIRCLE ( 'NONE', #978, 0.2000000000000000944 ) ;
#4562 = ORIENTED_EDGE ( 'NONE', *, *, #3059, .F. ) ;
#4563 = CIRCLE ( 'NONE', #1126, 3.950000000000000178 ) ;
#4564 = CARTESIAN_POINT ( 'NONE',  ( -1.444221159965817458, 2.971814703667332136, 2.704972242432011509 ) ) ;
#4565 = VERTEX_POINT ( 'NONE', #7517 ) ;
#4566 = FACE_OUTER_BOUND ( 'NONE', #2821, .T. ) ;
#4567 = CIRCLE ( 'NONE', #52, 0.9999999999999935607 ) ;
#4568 = DIRECTION ( 'NONE',  ( 0.000000000000000000, 1.000000000000000000, 0.000000000000000000 ) ) ;
#4569 = EDGE_LOOP ( 'NONE', ( #7036, #7294, #1618, #3611 ) ) ;
#4570 = PLANE ( 'NONE',  #1229 ) ;
#4571 = VECTOR ( 'NONE', #6266, 1000.000000000000000 ) ;
#4572 = CARTESIAN_POINT ( 'NONE',  ( 3.401061993347372248, 1.969582361622702837, -0.3459679580028861556 ) ) ;
#4573 = AXIS2_PLACEMENT_3D ( 'NONE', #7565, #1792, #5033 ) ;
#4574 = DIRECTION ( 'NONE',  ( 0.000000000000000000, 1.000000000000000000, 0.000000000000000000 ) ) ;
#4575 = EDGE_CURVE ( 'NONE', #5500, #4399, #8053, .T. ) ;
#4576 = ORIENTED_EDGE ( 'NONE', *, *, #9, .F. ) ;
#4577 = ORIENTED_EDGE ( 'NONE', *, *, #3583, .F. ) ;
#4578 = CARTESIAN_POINT ( 'NONE',  ( -1.998910873344680095, 2.700000000000000178, -2.369463086951223207 ) ) ;
#4579 = CARTESIAN_POINT ( 'NONE',  ( 4.149999999999999467, 1.685000000000000275, -0.5499999999999871658 ) ) ;
#4580 = ORIENTED_EDGE ( 'NONE', *, *, #7673, .T. ) ;
#4581 = ORIENTED_EDGE ( 'NONE', *, *, #6212, .T. ) ;
#4582 = VERTEX_POINT ( 'NONE', #2933 ) ;
#4583 = CARTESIAN_POINT ( 'NONE',  ( -0.4948968834969971198, 0.9201644387759413402, -0.6000000000000016431 ) ) ;
#4584 = ORIENTED_EDGE ( 'NONE', *, *, #2414, .T. ) ;
#4585 = ADVANCED_FACE ( 'NONE', ( #6307 ), #3058, .T. ) ;
#4586 = CARTESIAN_POINT ( 'NONE',  ( -4.799999999999993605, 0.000000000000000000, -0.9000000000000170086 ) ) ;
#4587 = EDGE_CURVE ( 'NONE', #7601, #4223, #752, .T. ) ;
#4588 = FACE_OUTER_BOUND ( 'NONE', #5323, .T. ) ;
#4589 = ORIENTED_EDGE ( 'NONE', *, *, #7530, .T. ) ;
#4590 = CARTESIAN_POINT ( 'NONE',  ( -0.2800000000000021361, 0.7899999999997778799, 0.5999999999999989786 ) ) ;
#4591 = EDGE_CURVE ( 'NONE', #5549, #5845, #6844, .T. ) ;
#4592 = CARTESIAN_POINT ( 'NONE',  ( -4.349999999999999645, 0.2999999999999999334, 0.4999999999999848455 ) ) ;
#4593 = ORIENTED_EDGE ( 'NONE', *, *, #6747, .F. ) ;
#4594 = ORIENTED_EDGE ( 'NONE', *, *, #7246, .F. ) ;
#4595 = ORIENTED_EDGE ( 'NONE', *, *, #7822, .F. ) ;
#4596 = FACE_OUTER_BOUND ( 'NONE', #360, .T. ) ;
#4597 = DIRECTION ( 'NONE',  ( -3.491481338843133355E-15, 3.727710295965419738E-16, 1.000000000000000000 ) ) ;
#4598 = FACE_OUTER_BOUND ( 'NONE', #1971, .T. ) ;
#4599 = DIRECTION ( 'NONE',  ( 0.000000000000000000, -1.000000000000000000, 0.000000000000000000 ) ) ;
#4600 = CARTESIAN_POINT ( 'NONE',  ( -2.649999999999995914, 0.6603961780563999406, -0.6500000000000116795 ) ) ;
#4601 = LINE ( 'NONE', #2728, #2984 ) ;
#4602 = ORIENTED_EDGE ( 'NONE', *, *, #2521, .T. ) ;
#4603 = DIRECTION ( 'NONE',  ( 0.000000000000000000, 1.000000000000000000, 0.000000000000000000 ) ) ;
#4604 = CARTESIAN_POINT ( 'NONE',  ( 1.065648568742458265E-14, 0.7300000000000002043, -2.948711915483251289 ) ) ;
#4605 = ORIENTED_EDGE ( 'NONE', *, *, #3963, .F. ) ;
#4606 = DIRECTION ( 'NONE',  ( 1.000000000000000000, 0.000000000000000000, 2.848997147103001084E-15 ) ) ;
#4607 = CARTESIAN_POINT ( 'NONE',  ( 2.817391522009111249, 3.050000000000000711, 2.768645697749468226 ) ) ;
#4608 = LINE ( 'NONE', #3831, #3226 ) ;
#4609 = ORIENTED_EDGE ( 'NONE', *, *, #1995, .T. ) ;
#4610 = ORIENTED_EDGE ( 'NONE', *, *, #567, .F. ) ;
#4611 = CARTESIAN_POINT ( 'NONE',  ( 4.199999999999999289, 1.685000000000000275, -0.5999999999999853229 ) ) ;
#4612 = CIRCLE ( 'NONE', #1430, 0.1500000000000016875 ) ;
#4613 = DIRECTION ( 'NONE',  ( 3.491481338843133355E-15, 0.000000000000000000, -1.000000000000000000 ) ) ;
#4614 = ORIENTED_EDGE ( 'NONE', *, *, #394, .T. ) ;
#4615 = ORIENTED_EDGE ( 'NONE', *, *, #647, .F. ) ;
#4616 = EDGE_CURVE ( 'NONE', #4265, #6720, #3105, .T. ) ;
#4617 = CARTESIAN_POINT ( 'NONE',  ( -4.552165105849418580, 0.2999999999999999334, 0.4999999999999840683 ) ) ;
#4618 = DIRECTION ( 'NONE',  ( 0.000000000000000000, -1.000000000000000000, 0.000000000000000000 ) ) ;
#4619 = ORIENTED_EDGE ( 'NONE', *, *, #7640, .F. ) ;
#4620 = DIRECTION ( 'NONE',  ( 1.000000000000000000, 0.000000000000000000, 3.252606517456511724E-15 ) ) ;
#4622 = EDGE_CURVE ( 'NONE', #8039, #6677, #1821, .T. ) ;
#4621 = LINE ( 'NONE', #5173, #702 ) ;
#4623 = ORIENTED_EDGE ( 'NONE', *, *, #6519, .F. ) ;
#4624 = LINE ( 'NONE', #4792, #4466 ) ;
#4625 = DIRECTION ( 'NONE',  ( -1.000000000000000000, 0.000000000000000000, -6.156016597943509052E-15 ) ) ;
#4626 = EDGE_CURVE ( 'NONE', #3624, #958, #2983, .T. ) ;
#4627 = ORIENTED_EDGE ( 'NONE', *, *, #2861, .T. ) ;
#4628 = EDGE_CURVE ( 'NONE', #5081, #3624, #6426, .T. ) ;
#4629 = CARTESIAN_POINT ( 'NONE',  ( 2.008255741710366582, 2.951052056702719639, -2.269436168589605174 ) ) ;
#4630 = CARTESIAN_POINT ( 'NONE',  ( 4.194999999999999396, 1.685000000000000275, -0.3999999999999853117 ) ) ;
#4631 = CARTESIAN_POINT ( 'NONE',  ( -4.349999999999995204, 0.1800000000000000488, -0.8000000000000151434 ) ) ;
#4632 = DIRECTION ( 'NONE',  ( -1.000000000000000000, 0.000000000000000000, -3.491481338843133355E-15 ) ) ;
#4633 = DIRECTION ( 'NONE',  ( 0.000000000000000000, 1.000000000000000000, 0.000000000000000000 ) ) ;
#4634 = LINE ( 'NONE', #6550, #2183 ) ;
#4635 = EDGE_CURVE ( 'NONE', #461, #667, #5930, .T. ) ;
#4636 = AXIS2_PLACEMENT_3D ( 'NONE', #6931, #6316, #1873 ) ;
#4637 = VERTEX_POINT ( 'NONE', #8005 ) ;
#4638 = CARTESIAN_POINT ( 'NONE',  ( 1.493128252873631823, 2.933493649053888319, -2.602031517962560159 ) ) ;
#4639 = VERTEX_POINT ( 'NONE', #4979 ) ;
#4640 = CYLINDRICAL_SURFACE ( 'NONE', #4950, 0.1799999999999996048 ) ;
#4641 = DIRECTION ( 'NONE',  ( -3.491481338843133355E-15, 0.000000000000000000, 1.000000000000000000 ) ) ;
#4642 = LINE ( 'NONE', #3197, #1100 ) ;
#4643 = DIRECTION ( 'NONE',  ( 0.7132504491541865610, 0.000000000000000000, -0.7009092642998459022 ) ) ;
#4644 = CIRCLE ( 'NONE', #4254, 3.425000000000000266 ) ;
#4645 = DIRECTION ( 'NONE',  ( 0.7071067811865461294, -0.7071067811865489050, 2.468850131082260216E-15 ) ) ;
#4646 = ORIENTED_EDGE ( 'NONE', *, *, #2409, .F. ) ;
#4647 = ORIENTED_EDGE ( 'NONE', *, *, #3399, .F. ) ;
#4648 = CARTESIAN_POINT ( 'NONE',  ( -5.199999999999998401, 0.000000000000000000, -0.6000000000000180744 ) ) ;
#4649 = CARTESIAN_POINT ( 'NONE',  ( -4.799999999999990941, 1.574999999999999956, -2.351671290311194262 ) ) ;
#4650 = DIRECTION ( 'NONE',  ( -3.491481338843133355E-15, 3.729022710527641551E-16, 1.000000000000000000 ) ) ;
#4651 = DIRECTION ( 'NONE',  ( 1.000000000000000000, 0.000000000000000000, 4.133965530583266021E-15 ) ) ;
#4652 = ORIENTED_EDGE ( 'NONE', *, *, #1178, .T. ) ;
#4653 = CIRCLE ( 'NONE', #4794, 0.1550000000000006373 ) ;
#4654 = ORIENTED_EDGE ( 'NONE', *, *, #1039, .F. ) ;
#4655 = VERTEX_POINT ( 'NONE', #2323 ) ;
#4656 = LINE ( 'NONE', #917, #321 ) ;
#4657 = CARTESIAN_POINT ( 'NONE',  ( -4.349999999999998757, 3.050000000000000266, -1.518794382396762694E-14 ) ) ;
#4658 = CARTESIAN_POINT ( 'NONE',  ( -2.073225355892380328, 2.990297223484824851, 2.302550026315323350 ) ) ;
#4659 = LINE ( 'NONE', #4086, #5356 ) ;
#4660 = VERTEX_POINT ( 'NONE', #4854 ) ;
#4661 = FACE_OUTER_BOUND ( 'NONE', #6057, .T. ) ;
#4662 = CARTESIAN_POINT ( 'NONE',  ( 0.1908888443734365614, 0.9642518184828265948, 6.664848379231847793E-16 ) ) ;
#4663 = VECTOR ( 'NONE', #7568, 1000.000000000000000 ) ;
#4664 = ORIENTED_EDGE ( 'NONE', *, *, #1995, .F. ) ;
#4665 = VERTEX_POINT ( 'NONE', #7384 ) ;
#4666 = CARTESIAN_POINT ( 'NONE',  ( 2.066012353229883303, 2.984073581957591426, -2.294539175288796695 ) ) ;
#4667 = CARTESIAN_POINT ( 'NONE',  ( -3.986143571373709893, 1.449999999999999956, -0.6500000000000151212 ) ) ;
#4668 = DIRECTION ( 'NONE',  ( 3.491481338843133355E-15, -0.000000000000000000, -1.000000000000000000 ) ) ;
#4669 = CARTESIAN_POINT ( 'NONE',  ( -3.374999999999999556, 1.450000000000000178, -1.178374951859557350E-14 ) ) ;
#4670 = LINE ( 'NONE', #5303, #572 ) ;
#4671 = LINE ( 'NONE', #897, #4694 ) ;
#4672 = VECTOR ( 'NONE', #7772, 1000.000000000000000 ) ;
#4673 = AXIS2_PLACEMENT_3D ( 'NONE', #1862, #3180, #4382 ) ;
#4674 = AXIS2_PLACEMENT_3D ( 'NONE', #3855, #5181, #2679 ) ;
#4675 = VECTOR ( 'NONE', #5316, 1000.000000000000114 ) ;
#4676 = EDGE_LOOP ( 'NONE', ( #8051, #1556, #6467, #1184 ) ) ;
#4677 = CARTESIAN_POINT ( 'NONE',  ( -4.799999999999984723, 0.1499999999999999667, -3.944646165029785490 ) ) ;
#4678 = VERTEX_POINT ( 'NONE', #4427 ) ;
#4679 = AXIS2_PLACEMENT_3D ( 'NONE', #3444, #1703, #1567 ) ;
#4680 = DIRECTION ( 'NONE',  ( 3.491481338843133355E-15, 0.000000000000000000, -1.000000000000000000 ) ) ;
#4681 = EDGE_CURVE ( 'NONE', #3290, #2905, #4205, .T. ) ;
#4682 = CARTESIAN_POINT ( 'NONE',  ( -3.986143571373707228, 0.3500000000000000333, -1.600000000000017852 ) ) ;
#4683 = VECTOR ( 'NONE', #3215, 1000.000000000000000 ) ;
#4684 = CARTESIAN_POINT ( 'NONE',  ( 2.305312941396346016, 3.136392507641346139, -2.432845985925271126 ) ) ;
#4685 = EDGE_CURVE ( 'NONE', #7745, #6124, #684, .T. ) ;
#4686 = DIRECTION ( 'NONE',  ( -3.491481338843133355E-15, 0.000000000000000000, 1.000000000000000000 ) ) ;
#4687 = CARTESIAN_POINT ( 'NONE',  ( 4.199999999999996625, 0.3000000000000025424, 0.6000000000000146327 ) ) ;
#4688 = AXIS2_PLACEMENT_3D ( 'NONE', #1063, #2442, #5552 ) ;
#4689 = ADVANCED_FACE ( 'NONE', ( #6997 ), #3183, .T. ) ;
#4690 = VERTEX_POINT ( 'NONE', #8209 ) ;
#4691 = CIRCLE ( 'NONE', #454, 0.9999999999999931166 ) ;
#4692 = ORIENTED_EDGE ( 'NONE', *, *, #2150, .T. ) ;
#4693 = DIRECTION ( 'NONE',  ( -0.1908089953765383651, -0.9816271834476651970, -6.662060466405893451E-16 ) ) ;
#4694 = VECTOR ( 'NONE', #7871, 1000.000000000000000 ) ;
#4695 = CONICAL_SURFACE ( 'NONE', #2043, 3.375000000000002665, 1.047197551196601850 ) ;
#4696 = CARTESIAN_POINT ( 'NONE',  ( 5.299999999999998934, 0.1499999999999999667, -0.2999999999999828915 ) ) ;
#4697 = CARTESIAN_POINT ( 'NONE',  ( -3.986143571373717442, 0.6999999999999999556, 1.599999999999990097 ) ) ;
#4698 = CARTESIAN_POINT ( 'NONE',  ( 4.349999999999996980, 0.3199999999999999512, 1.518794382396762063E-14 ) ) ;
#4699 = AXIS2_PLACEMENT_3D ( 'NONE', #406, #2936, #5474 ) ;
#4700 = ORIENTED_EDGE ( 'NONE', *, *, #2753, .F. ) ;
#4701 = CARTESIAN_POINT ( 'NONE',  ( -5.200000000000001066, 0.000000000000000000, 0.5999999999999818812 ) ) ;
#4702 = LINE ( 'NONE', #7243, #7329 ) ;
#4703 = EDGE_LOOP ( 'NONE', ( #3920, #4818, #5487, #247, #7551 ) ) ;
#4704 = CARTESIAN_POINT ( 'NONE',  ( -3.890000000000001457, 0.1500000000000000222, 0.5999999999999864331 ) ) ;
#4705 = DIRECTION ( 'NONE',  ( 0.000000000000000000, 1.000000000000000000, 0.000000000000000000 ) ) ;
#4706 = VERTEX_POINT ( 'NONE', #765 ) ;
#4707 = SURFACE_SIDE_STYLE ('',( #2259 ) ) ;
#4708 = DIRECTION ( 'NONE',  ( -1.000000000000000000, 0.000000000000000000, -3.491481338843133355E-15 ) ) ;
#4709 = ORIENTED_EDGE ( 'NONE', *, *, #6364, .F. ) ;
#4710 = AXIS2_PLACEMENT_3D ( 'NONE', #6908, #5044, #1850 ) ;
#4711 = ORIENTED_EDGE ( 'NONE', *, *, #6490, .F. ) ;
#4712 = CARTESIAN_POINT ( 'NONE',  ( -4.349999999999983658, 0.3000000000000007661, -3.944646165029784601 ) ) ;
#4713 = CARTESIAN_POINT ( 'NONE',  ( -1.839530750724095443, -0.2257025523579470616, 1.839530750724134522 ) ) ;
#4714 = CARTESIAN_POINT ( 'NONE',  ( -2.973634140239851398, 0.3500000000000000333, 1.599999999999993427 ) ) ;
#4715 = CARTESIAN_POINT ( 'NONE',  ( -2.417156442748882750, 0.1694829431300274303, 0.5999999999999915401 ) ) ;
#4716 = CARTESIAN_POINT ( 'NONE',  ( 3.568512112672357794, 2.030000000000000249, -0.3466034459620471742 ) ) ;
#4717 = DIRECTION ( 'NONE',  ( 1.000000000000000000, 1.936075308009829170E-16, 3.491481338843133355E-15 ) ) ;
#4718 = VERTEX_POINT ( 'NONE', #6966 ) ;
#4719 = EDGE_CURVE ( 'NONE', #7358, #5845, #7529, .T. ) ;
#4720 = CARTESIAN_POINT ( 'NONE',  ( 2.220815370558869351, 0.000000000000000000, 1.941772151898743637 ) ) ;
#4721 = EDGE_LOOP ( 'NONE', ( #286, #6810, #1736, #1420 ) ) ;
#4722 = LINE ( 'NONE', #4859, #4152 ) ;
#4723 = CARTESIAN_POINT ( 'NONE',  ( 2.971636754383014889, 0.3500000000000000333, -1.599999999999994538 ) ) ;
#4724 = CARTESIAN_POINT ( 'NONE',  ( 4.349999999999996092, 1.685000000000000275, 0.6000000000000150768 ) ) ;
#4725 = EDGE_CURVE ( 'NONE', #3010, #7231, #7630, .T. ) ;
#4726 = FACE_OUTER_BOUND ( 'NONE', #6158, .T. ) ;
#4727 = DIRECTION ( 'NONE',  ( -0.7071067811865486830, 0.000000000000000000, -0.7071067811865464625 ) ) ;
#4728 = EDGE_CURVE ( 'NONE', #5268, #7622, #3147, .T. ) ;
#4729 = EDGE_LOOP ( 'NONE', ( #6429, #5629, #6274, #1296, #2088, #6843, #5961 ) ) ;
#4730 = ADVANCED_FACE ( 'NONE', ( #2635 ), #3300, .T. ) ;
#4731 = ORIENTED_EDGE ( 'NONE', *, *, #6265, .F. ) ;
#4732 = LINE ( 'NONE', #8025, #8148 ) ;
#4733 = EDGE_CURVE ( 'NONE', #1301, #3540, #5213, .T. ) ;
#4734 = EDGE_CURVE ( 'NONE', #4250, #7035, #6986, .T. ) ;
#4735 = DIRECTION ( 'NONE',  ( 1.000000000000000000, 4.566735726395462820E-32, 3.613946018757868503E-15 ) ) ;
#4736 = DIRECTION ( 'NONE',  ( -3.491481338843133355E-15, 0.000000000000000000, 1.000000000000000000 ) ) ;
#4737 = CARTESIAN_POINT ( 'NONE',  ( 2.973634140239838963, 0.7500000000000000000, 2.000000000000013323 ) ) ;
#4738 = ORIENTED_EDGE ( 'NONE', *, *, #718, .F. ) ;
#4739 = VERTEX_POINT ( 'NONE', #5797 ) ;
#4740 = LINE ( 'NONE', #7850, #4981 ) ;
#4741 = LINE ( 'NONE', #4838, #7599 ) ;
#4742 = ORIENTED_EDGE ( 'NONE', *, *, #6872, .T. ) ;
#4743 = LINE ( 'NONE', #3505, #3498 ) ;
#4744 = PLANE ( 'NONE',  #4423 ) ;
#4745 = EDGE_LOOP ( 'NONE', ( #1881, #7190, #2454, #4004 ) ) ;
#4746 = EDGE_CURVE ( 'NONE', #5644, #2738, #5684, .T. ) ;
#4747 =( NAMED_UNIT ( * ) SI_UNIT ( $, .STERADIAN. ) SOLID_ANGLE_UNIT ( ) );
#4748 = DIRECTION ( 'NONE',  ( -1.000000000000000000, 0.000000000000000000, -3.497426362856451513E-15 ) ) ;
#4749 = ORIENTED_EDGE ( 'NONE', *, *, #7447, .T. ) ;
#4750 = ORIENTED_EDGE ( 'NONE', *, *, #107, .T. ) ;
#4751 = CARTESIAN_POINT ( 'NONE',  ( -1.584466524402396992, 3.149999999999999911, 2.979948125898872036 ) ) ;
#4752 = LINE ( 'NONE', #5466, #3090 ) ;
#4753 = DIRECTION ( 'NONE',  ( -1.000000000000000000, 0.000000000000000000, -4.336808689942034302E-15 ) ) ;
#4754 = DIRECTION ( 'NONE',  ( -3.491481338843133355E-15, 3.729022710527641551E-16, 1.000000000000000000 ) ) ;
#4755 = CARTESIAN_POINT ( 'NONE',  ( -1.493128252873632267, 2.700000000000000178, 2.602031517962560159 ) ) ;
#4756 = EDGE_LOOP ( 'NONE', ( #2756, #5834, #2648, #813 ) ) ;
#4757 = MANIFOLD_SOLID_BREP ( 'Body-Move/Copy1[3]', #4846 ) ;
#4758 = CARTESIAN_POINT ( 'NONE',  ( 0.000000000000000000, 3.149999999999999911, 0.000000000000000000 ) ) ;
#4759 = EDGE_CURVE ( 'NONE', #5029, #7853, #2011, .T. ) ;
#4760 = ORIENTED_EDGE ( 'NONE', *, *, #6567, .F. ) ;
#4761 = LINE ( 'NONE', #2366, #1655 ) ;
#4762 = ORIENTED_EDGE ( 'NONE', *, *, #368, .T. ) ;
#4763 = CARTESIAN_POINT ( 'NONE',  ( 4.349999999999995204, 0.2999999999999999334, 0.8083764270126522211 ) ) ;
#4764 = ADVANCED_FACE ( 'NONE', ( #652 ), #57, .T. ) ;
#4765 = CARTESIAN_POINT ( 'NONE',  ( 4.552081636884918403, 0.2999921102144696983, 0.8084377142705364561 ) ) ;
#4766 = ADVANCED_FACE ( 'NONE', ( #6538 ), #293, .T. ) ;
#4767 = CARTESIAN_POINT ( 'NONE',  ( 2.134476815985837383, 3.043147215156305929, -2.370576664446629955 ) ) ;
#4768 = CIRCLE ( 'NONE', #115, 3.375000000000002665 ) ;
#4769 = DIRECTION ( 'NONE',  ( 0.000000000000000000, 1.000000000000000000, 0.000000000000000000 ) ) ;
#4770 = FACE_OUTER_BOUND ( 'NONE', #395, .T. ) ;
#4771 = ORIENTED_EDGE ( 'NONE', *, *, #11, .T. ) ;
#4772 = ORIENTED_EDGE ( 'NONE', *, *, #6260, .T. ) ;
#4773 = CYLINDRICAL_SURFACE ( 'NONE', #7354, 0.1000000000000002554 ) ;
#4774 = B_SPLINE_CURVE_WITH_KNOTS ( 'NONE', 3,
 ( #1551, #4085, #2258, #967 ),
 .UNSPECIFIED., .F., .F.,
 ( 4, 4 ),
 ( 0.000000000000000000, 5.547677172294671792E-05 ),
 .UNSPECIFIED. ) ;
#4775 = PLANE ( 'NONE',  #2532 ) ;
#4776 = CARTESIAN_POINT ( 'NONE',  ( 3.060581640119829583, 0.8240763817036215189, -0.4219274821826458632 ) ) ;
#4777 = EDGE_CURVE ( 'NONE', #4340, #683, #7778, .T. ) ;
#4778 = CARTESIAN_POINT ( 'NONE',  ( 4.349999999999994316, 0.2999999999999999334, 0.6500000000000146771 ) ) ;
#4779 = ORIENTED_EDGE ( 'NONE', *, *, #2147, .T. ) ;
#4780 = EDGE_CURVE ( 'NONE', #5464, #5588, #3428, .T. ) ;
#4781 = VERTEX_POINT ( 'NONE', #345 ) ;
#4782 = VECTOR ( 'NONE', #5946, 1000.000000000000000 ) ;
#4783 = EDGE_LOOP ( 'NONE', ( #7140, #7195, #4941, #2281 ) ) ;
#4784 = FACE_OUTER_BOUND ( 'NONE', #1517, .T. ) ;
#4785 = CARTESIAN_POINT ( 'NONE',  ( -1.442435138372522241, 2.960461804438641042, -2.683629697105323508 ) ) ;
#4786 = DIRECTION ( 'NONE',  ( -0.3583679495452928299, 0.9335804264972046296, -1.301042606982605321E-15 ) ) ;
#4787 = ORIENTED_EDGE ( 'NONE', *, *, #3015, .F. ) ;
#4788 = CARTESIAN_POINT ( 'NONE',  ( 0.000000000000000000, 1.450000000000001288, 0.000000000000000000 ) ) ;
#4789 = ADVANCED_FACE ( 'NONE', ( #4661 ), #2840, .F. ) ;
#4790 = EDGE_CURVE ( 'NONE', #1833, #1575, #4624, .T. ) ;
#4791 = FACE_OUTER_BOUND ( 'NONE', #47, .T. ) ;
#4792 = CARTESIAN_POINT ( 'NONE',  ( -2.396031216096949468, 2.700000000000000178, 2.376901220389473490 ) ) ;
#4793 = LINE ( 'NONE', #7325, #4059 ) ;
#4794 = AXIS2_PLACEMENT_3D ( 'NONE', #7923, #2241, #7142 ) ;
#4795 = ORIENTED_EDGE ( 'NONE', *, *, #2892, .T. ) ;
#4796 = ORIENTED_EDGE ( 'NONE', *, *, #2035, .T. ) ;
#4797 = PLANE ( 'NONE',  #240 ) ;
#4798 = EDGE_CURVE ( 'NONE', #6553, #2407, #5521, .T. ) ;
#4799 = CARTESIAN_POINT ( 'NONE',  ( -2.973634140239852730, 0.3500000000000000333, 1.999999999999993561 ) ) ;
#4800 = CARTESIAN_POINT ( 'NONE',  ( 2.973833986494476278, 0.3500000000000000333, 2.000000000000013767 ) ) ;
#4801 = CARTESIAN_POINT ( 'NONE',  ( -2.407220265895358757, 2.999999999999998668, -2.365568767011992257 ) ) ;
#4802 = CARTESIAN_POINT ( 'NONE',  ( -4.536612815540313370, 0.2199904024327404284, 0.8028666955148789919 ) ) ;
#4803 = ORIENTED_EDGE ( 'NONE', *, *, #5861, .F. ) ;
#4804 = CARTESIAN_POINT ( 'NONE',  ( 3.349473187838428956, 1.713836642253314002, 0.3848077530122198664 ) ) ;
#4805 = VECTOR ( 'NONE', #1825, 1000.000000000000000 ) ;
#4806 = EDGE_CURVE ( 'NONE', #8160, #2041, #970, .T. ) ;
#4807 = ORIENTED_EDGE ( 'NONE', *, *, #4780, .F. ) ;
#4808 = DIRECTION ( 'NONE',  ( 1.000000000000000000, -3.614007241618349264E-16, 3.491481338843133355E-15 ) ) ;
#4809 = VECTOR ( 'NONE', #2471, 1000.000000000000000 ) ;
#4810 = ORIENTED_EDGE ( 'NONE', *, *, #4081, .T. ) ;
#4811 = LINE ( 'NONE', #7347, #3898 ) ;
#4812 = DIRECTION ( 'NONE',  ( 1.000000000000000000, -2.710505431213754182E-16, 3.491481338843133355E-15 ) ) ;
#4813 = LINE ( 'NONE', #7301, #3656 ) ;
#4814 = CARTESIAN_POINT ( 'NONE',  ( -2.503258662110536381, 5.421010862427522170E-17, -0.6000000000000087486 ) ) ;
#4815 = VECTOR ( 'NONE', #935, 1000.000000000000000 ) ;
#4816 = VECTOR ( 'NONE', #2119, 1000.000000000000114 ) ;
#4817 = CARTESIAN_POINT ( 'NONE',  ( 3.180859652567133544, 1.767079994508929053, -0.3653883974043108385 ) ) ;
#4818 = ORIENTED_EDGE ( 'NONE', *, *, #158, .T. ) ;
#4819 = AXIS2_PLACEMENT_3D ( 'NONE', #7559, #2535, #3821 ) ;
#4820 = EDGE_LOOP ( 'NONE', ( #4731, #1502, #6013, #5444, #1371, #3332, #4873, #5174, #5783, #1311, #7343, #561, #7548, #6148, #3984, #7305, #1312, #3609, #3573, #6358, #5732, #2007, #17, #1265, #1082, #1667, #2766, #7618, #6482, #7440, #4476, #3795, #6149, #6730, #6776, #521, #3205, #4504 ) ) ;
#4821 = EDGE_LOOP ( 'NONE', ( #4049, #3754, #7563, #1913, #5816, #2810, #2903 ) ) ;
#4822 = CARTESIAN_POINT ( 'NONE',  ( -4.800000000000002487, 0.000000000000000000, 1.499999999999983347 ) ) ;
#4823 = PRESENTATION_LAYER_ASSIGNMENT (  '', '', ( #3645 ) ) ;
#4824 = CARTESIAN_POINT ( 'NONE',  ( 4.349999999999999645, 0.000000000000000000, -0.5499999999999864997 ) ) ;
#4825 = CARTESIAN_POINT ( 'NONE',  ( -3.986143571373717442, 0.3500000000000000333, 1.599999999999990097 ) ) ;
#4826 = CIRCLE ( 'NONE', #5224, 3.374999999999999556 ) ;
#4827 = EDGE_CURVE ( 'NONE', #343, #2163, #1464, .T. ) ;
#4828 = LINE ( 'NONE', #7846, #5315 ) ;
#4829 = VECTOR ( 'NONE', #866, 1000.000000000000000 ) ;
#4830 = VERTEX_POINT ( 'NONE', #7943 ) ;
#4831 = EDGE_LOOP ( 'NONE', ( #3772, #1135, #2185, #2783, #4426, #3041, #2087, #5698, #2830, #6068, #6427 ) ) ;
#4832 = AXIS2_PLACEMENT_3D ( 'NONE', #3741, #8135, #2459 ) ;
#4833 = EDGE_LOOP ( 'NONE', ( #4602, #5023, #7588, #3260 ) ) ;
#4834 = DIRECTION ( 'NONE',  ( -0.5043442292812710948, -0.7071067811865536790, 0.4956176937828914997 ) ) ;
#4836 = MANIFOLD_SOLID_BREP ( 'Body-Move/Copy1[1]', #995 ) ;
#4835 = VECTOR ( 'NONE', #2245, 1000.000000000000000 ) ;
#4837 = CARTESIAN_POINT ( 'NONE',  ( -1.449543689958790571, 2.984073581957598087, -2.726195180381288274 ) ) ;
#4838 = CARTESIAN_POINT ( 'NONE',  ( -5.300000000000000711, 0.000000000000000000, -0.3000000000000198619 ) ) ;
#4839 = VERTEX_POINT ( 'NONE', #2792 ) ;
#4840 = DIRECTION ( 'NONE',  ( 0.000000000000000000, 1.000000000000000000, 0.000000000000000000 ) ) ;
#4841 = VECTOR ( 'NONE', #5525, 1000.000000000000000 ) ;
#4842 = DIRECTION ( 'NONE',  ( 3.491481338843133355E-15, -0.000000000000000000, -1.000000000000000000 ) ) ;
#4843 = CYLINDRICAL_SURFACE ( 'NONE', #480, 3.000000000000001776 ) ;
#4844 = ORIENTED_EDGE ( 'NONE', *, *, #1901, .T. ) ;
#4845 = ADVANCED_FACE ( 'NONE', ( #2224 ), #6435, .F. ) ;
#4846 = CLOSED_SHELL ( 'NONE', ( #2416, #1997, #7016, #1174, #2091, #2412, #4845, #6821, #329, #5245, #2681, #6825, #3464, #2552, #1476, #773, #6892, #776, #7399, #8145, #6200, #4139, #5454, #374, #5277, #4890, #1851, #5243, #7940, #2476, #3470, #5498, #3981, #3697, #3251, #5117, #3946, #5013, #571, #7720, #2203, #2101, #154, #6228, #5194, #6174, #5766, #1003, #2404, #5737, #6620, #5840, #5652, #2491, #2452, #7119, #3916, #3317, #7432, #2286, #5596, #7675, #7492, #1386, #7840, #596, #745, #2115, #4530, #7322, #5606, #5663, #3864, #75, #5955, #3309, #4764, #4411, #2674, #1181, #1290, #3674, #7057, #7746, #6308, #3425, #1337, #980, #5847, #5042, #8090, #4188, #3873, #1699, #1328, #4429, #4264, #4789, #2237, #1599, #4525, #7460, #5008, #5488, #1023, #5053, #5154, #4943, #7393, #457, #3068, #2044, #8220, #7728, #5333, #3736, #5731, #3574, #8048, #6261, #5240, #187, #1035, #2082, #2765, #4878, #6064, #3062, #1425, #3689, #3938, #7310, #5863, #5662, #4585, #1991, #5108, #1798, #5557, #5062, #1233, #3785, #7942, #4341, #2907, #138, #7988, #3834, #6443, #957, #3071, #423, #7579, #2314, #1314, #7326, #7927, #4766, #3324, #7097, #7977, #502, #7635 ) ) ;
#4847 = CARTESIAN_POINT ( 'NONE',  ( -0.3941281571845471898, 1.131430466914578492, -0.6000000000000013101 ) ) ;
#4848 = CARTESIAN_POINT ( 'NONE',  ( -2.407220265895375633, 3.149999999999999911, 2.365568767011975826 ) ) ;
#4849 = DIRECTION ( 'NONE',  ( 3.491481338843133355E-15, 0.000000000000000000, -1.000000000000000000 ) ) ;
#4850 = EDGE_CURVE ( 'NONE', #5852, #7405, #2136, .T. ) ;
#4851 = CARTESIAN_POINT ( 'NONE',  ( -2.817392449966592771, 2.700000000000000178, -2.768644769791985816 ) ) ;
#4852 = DIRECTION ( 'NONE',  ( -0.000000000000000000, -1.000000000000000000, -0.000000000000000000 ) ) ;
#4853 = EDGE_LOOP ( 'NONE', ( #2031, #7731, #3522, #7818 ) ) ;
#4854 = CARTESIAN_POINT ( 'NONE',  ( -2.073225355892380328, 2.700000000000000178, 2.302550026315323350 ) ) ;
#4855 = VECTOR ( 'NONE', #6045, 1000.000000000000000 ) ;
#4856 = VERTEX_POINT ( 'NONE', #5957 ) ;
#4857 = LINE ( 'NONE', #4893, #4841 ) ;
#4858 = ORIENTED_EDGE ( 'NONE', *, *, #8098, .T. ) ;
#4859 = CARTESIAN_POINT ( 'NONE',  ( 3.566958012425242686, 1.880000000000000115, 0.3711975551409097962 ) ) ;
#4860 = LINE ( 'NONE', #3483, #2816 ) ;
#4861 = CARTESIAN_POINT ( 'NONE',  ( 4.350000000000000533, 0.000000000000000000, -0.8999999999999850342 ) ) ;
#4862 = CARTESIAN_POINT ( 'NONE',  ( -2.684203959073892420, 0.7500000000000001110, -2.047004751246662924 ) ) ;
#4863 = CARTESIAN_POINT ( 'NONE',  ( 2.973634140239855395, 0.6999999999999999556, -2.599999999999986322 ) ) ;
#4864 = VERTEX_POINT ( 'NONE', #5330 ) ;
#4865 = ORIENTED_EDGE ( 'NONE', *, *, #926, .F. ) ;
#4866 = VERTEX_POINT ( 'NONE', #1554 ) ;
#4867 = LINE ( 'NONE', #2209, #5109 ) ;
#4868 = CARTESIAN_POINT ( 'NONE',  ( 0.000000000000000000, 0.6999999999999999556, 0.000000000000000000 ) ) ;
#4869 = DIRECTION ( 'NONE',  ( -1.000000000000000000, 5.033795800825555596E-16, -3.491481338843133355E-15 ) ) ;
#4870 = CARTESIAN_POINT ( 'NONE',  ( -2.073225355892380328, 2.700000000000000178, 2.302550026315323350 ) ) ;
#4871 = ORIENTED_EDGE ( 'NONE', *, *, #2753, .T. ) ;
#4872 = EDGE_CURVE ( 'NONE', #7501, #2914, #4087, .T. ) ;
#4873 = ORIENTED_EDGE ( 'NONE', *, *, #297, .T. ) ;
#4874 = CARTESIAN_POINT ( 'NONE',  ( -4.799999999999991829, -12.43261838873854686, -1.500000000000016653 ) ) ;
#4875 = DIRECTION ( 'NONE',  ( 1.000000000000000000, -4.457541847879139630E-17, 3.082348443565584602E-15 ) ) ;
#4876 = DIRECTION ( 'NONE',  ( -0.4065742997269668479, -0.4999999999999977240, 0.7646550456261493878 ) ) ;
#4877 = DIRECTION ( 'NONE',  ( -3.491481338843133355E-15, 0.000000000000000000, 1.000000000000000000 ) ) ;
#4878 = ADVANCED_FACE ( 'NONE', ( #4125 ), #4252, .F. ) ;
#4879 = FILL_AREA_STYLE ('',( #6832 ) ) ;
#4880 = DIRECTION ( 'NONE',  ( 1.000000000000000000, 0.000000000000000000, 3.491481338843133750E-15 ) ) ;
#4881 = ORIENTED_EDGE ( 'NONE', *, *, #6872, .F. ) ;
#4882 = CARTESIAN_POINT ( 'NONE',  ( 1.454604435350174807, 2.700000000000000178, 2.735713058173244505 ) ) ;
#4883 = CARTESIAN_POINT ( 'NONE',  ( 1.493128252873631823, 2.700000000000000178, -2.602031517962560159 ) ) ;
#4884 = EDGE_CURVE ( 'NONE', #2737, #5091, #3646, .T. ) ;
#4885 = CARTESIAN_POINT ( 'NONE',  ( 2.642215976589600501, 0.7500000000000000000, 2.099838025433072186 ) ) ;
#4886 = DIRECTION ( 'NONE',  ( 0.000000000000000000, 1.000000000000000000, 0.000000000000000000 ) ) ;
#4887 = CARTESIAN_POINT ( 'NONE',  ( 0.000000000000000000, 3.149999999999999911, 0.000000000000000000 ) ) ;
#4888 = ORIENTED_EDGE ( 'NONE', *, *, #6581, .F. ) ;
#4889 = CARTESIAN_POINT ( 'NONE',  ( -1.049725974647596602E-31, 0.6500000000000020206, 3.006534684774836921E-17 ) ) ;
#4890 = ADVANCED_FACE ( 'NONE', ( #6745 ), #5627, .T. ) ;
#4891 = EDGE_CURVE ( 'NONE', #8080, #5607, #3091, .T. ) ;
#4892 = ORIENTED_EDGE ( 'NONE', *, *, #3440, .F. ) ;
#4893 = CARTESIAN_POINT ( 'NONE',  ( 4.349999999999994316, 0.1800000000000000488, 0.8000000000000151434 ) ) ;
#4894 = CIRCLE ( 'NONE', #5005, 0.3999999999999999667 ) ;
#4895 = ORIENTED_EDGE ( 'NONE', *, *, #1527, .T. ) ;
#4896 = DIRECTION ( 'NONE',  ( 1.000000000000000000, 0.000000000000000000, 3.491481338843133355E-15 ) ) ;
#4897 = CARTESIAN_POINT ( 'NONE',  ( -4.500000000000001776, -4.336808689942017736E-16, 0.5999999999999842126 ) ) ;
#4898 = ADVANCED_FACE ( 'NONE', ( #4337 ), #7453, .T. ) ;
#4899 = CARTESIAN_POINT ( 'NONE',  ( 2.073225355892423405, 2.990297223484838174, -2.302550026315323350 ) ) ;
#4900 = CARTESIAN_POINT ( 'NONE',  ( 4.086143571373707317, -12.43261838873854686, 1.500000000000016875 ) ) ;
#4901 = EDGE_CURVE ( 'NONE', #1422, #586, #1176, .T. ) ;
#4902 = CARTESIAN_POINT ( 'NONE',  ( -2.790085254681988758, 0.9600920627171842803, -1.613572198479739539 ) ) ;
#4903 = VERTEX_POINT ( 'NONE', #4962 ) ;
#4904 = ORIENTED_EDGE ( 'NONE', *, *, #7495, .T. ) ;
#4905 = VECTOR ( 'NONE', #4967, 1000.000000000000000 ) ;
#4906 = ORIENTED_EDGE ( 'NONE', *, *, #3083, .T. ) ;
#4907 = FACE_OUTER_BOUND ( 'NONE', #4833, .T. ) ;
#4908 = FACE_OUTER_BOUND ( 'NONE', #6368, .T. ) ;
#4909 = FACE_OUTER_BOUND ( 'NONE', #7356, .T. ) ;
#4910 = CARTESIAN_POINT ( 'NONE',  ( 3.986143571373705452, 0.7500000000000000000, 2.000000000000017764 ) ) ;
#4911 = ORIENTED_EDGE ( 'NONE', *, *, #3558, .T. ) ;
#4912 = EDGE_CURVE ( 'NONE', #39, #8208, #392, .T. ) ;
#4913 = EDGE_LOOP ( 'NONE', ( #7181, #3918, #2912, #4351 ) ) ;
#4914 = DIRECTION ( 'NONE',  ( -1.000000000000000000, 0.000000000000000000, -3.491481338843133355E-15 ) ) ;
#4915 = DIRECTION ( 'NONE',  ( 0.000000000000000000, 1.000000000000000000, 0.000000000000000000 ) ) ;
#4916 = ORIENTED_EDGE ( 'NONE', *, *, #1527, .F. ) ;
#4917 = DIRECTION ( 'NONE',  ( -3.491481338843133355E-15, 0.000000000000000000, 1.000000000000000000 ) ) ;
#4918 = DIRECTION ( 'NONE',  ( -0.7071067811865415775, 0.000000000000000000, -0.7071067811865535679 ) ) ;
#4919 = DIRECTION ( 'NONE',  ( -1.000000000000000000, 0.000000000000000000, -3.491481338843133355E-15 ) ) ;
#4920 = VERTEX_POINT ( 'NONE', #7992 ) ;
#4921 = AXIS2_PLACEMENT_3D ( 'NONE', #3871, #43, #1455 ) ;
#4922 = VERTEX_POINT ( 'NONE', #1684 ) ;
#4923 = DIRECTION ( 'NONE',  ( -1.000000000000000000, 0.000000000000000000, -3.614007241618307356E-15 ) ) ;
#4924 = DIRECTION ( 'NONE',  ( 0.7132504491541816760, 0.000000000000000000, 0.7009092642998507872 ) ) ;
#4925 = ORIENTED_EDGE ( 'NONE', *, *, #6170, .T. ) ;
#4926 = FACE_OUTER_BOUND ( 'NONE', #2197, .T. ) ;
#4927 = CARTESIAN_POINT ( 'NONE',  ( -2.817339274159017748, 2.816666666666666874, -2.768591593984410792 ) ) ;
#4928 = LINE ( 'NONE', #6791, #6010 ) ;
#4929 = ORIENTED_EDGE ( 'NONE', *, *, #5902, .T. ) ;
#4930 = CARTESIAN_POINT ( 'NONE',  ( 3.586143571373709538, 0.7500000000000000000, 2.000000000000016431 ) ) ;
#4931 = DIRECTION ( 'NONE',  ( -0.1908089953765383651, -0.9816271834476651970, -6.662060466405893451E-16 ) ) ;
#4932 = ORIENTED_EDGE ( 'NONE', *, *, #6501, .F. ) ;
#4933 = CARTESIAN_POINT ( 'NONE',  ( 1.920314736363728867E-15, 0.000000000000000000, -0.5500000000000017097 ) ) ;
#4934 = DIRECTION ( 'NONE',  ( -0.9025852843498627376, 0.4305110968082906386, -3.151359677021968488E-15 ) ) ;
#4935 = CARTESIAN_POINT ( 'NONE',  ( 3.380550990593103045, 3.050000000000000266, -0.5499999999999898304 ) ) ;
#4936 = CARTESIAN_POINT ( 'NONE',  ( 3.986143571373717442, 0.7500000000000000000, -1.599999999999990097 ) ) ;
#4937 = LINE ( 'NONE', #7477, #8223 ) ;
#4938 = EDGE_LOOP ( 'NONE', ( #3451, #4858, #6387, #1279 ) ) ;
#4939 = VECTOR ( 'NONE', #6587, 1000.000000000000000 ) ;
#4940 = EDGE_CURVE ( 'NONE', #3624, #8183, #2390, .T. ) ;
#4941 = ORIENTED_EDGE ( 'NONE', *, *, #3077, .F. ) ;
#4942 = CARTESIAN_POINT ( 'NONE',  ( 2.817392449966607426, 2.700000000000000178, -2.768644769791969829 ) ) ;
#4943 = ADVANCED_FACE ( 'NONE', ( #1056 ), #5580, .F. ) ;
#4944 = VERTEX_POINT ( 'NONE', #1762 ) ;
#4945 = VECTOR ( 'NONE', #2641, 1000.000000000000000 ) ;
#4946 = CARTESIAN_POINT ( 'NONE',  ( 3.749962936025418525, 0.4462448075682058368, -0.5999999999999868772 ) ) ;
#4947 = LINE ( 'NONE', #8027, #2099 ) ;
#4948 = CARTESIAN_POINT ( 'NONE',  ( 4.349999999999999645, 0.3000000000000024314, -0.5999999999999847677 ) ) ;
#4949 = VECTOR ( 'NONE', #2319, 1000.000000000000000 ) ;
#4950 = AXIS2_PLACEMENT_3D ( 'NONE', #7792, #3403, #5895 ) ;
#4951 = ORIENTED_EDGE ( 'NONE', *, *, #916, .T. ) ;
#4952 = VECTOR ( 'NONE', #7120, 1000.000000000000000 ) ;
#4953 = VECTOR ( 'NONE', #7885, 1000.000000000000114 ) ;
#4954 = ORIENTED_EDGE ( 'NONE', *, *, #1644, .F. ) ;
#4955 = DIRECTION ( 'NONE',  ( 3.491481338843133355E-15, 0.000000000000000000, -1.000000000000000000 ) ) ;
#4956 = FACE_OUTER_BOUND ( 'NONE', #30, .T. ) ;
#4957 = EDGE_LOOP ( 'NONE', ( #2257, #1954, #6108, #4321 ) ) ;
#4958 = AXIS2_PLACEMENT_3D ( 'NONE', #1224, #5054, #1770 ) ;
#4959 = DIRECTION ( 'NONE',  ( 3.491481338843133355E-15, -0.000000000000000000, -1.000000000000000000 ) ) ;
#4960 = CARTESIAN_POINT ( 'NONE',  ( 0.000000000000000000, 0.000000000000000000, 0.000000000000000000 ) ) ;
#4961 = AXIS2_PLACEMENT_3D ( 'NONE', #3597, #6166, #6202 ) ;
#4962 = CARTESIAN_POINT ( 'NONE',  ( -4.189999999999997726, 0.3000000000000000444, -0.6000000000000146327 ) ) ;
#4963 = CARTESIAN_POINT ( 'NONE',  ( 5.299999999999998934, -6.505213034913026604E-16, -0.2999999999999828915 ) ) ;
#4964 = ORIENTED_EDGE ( 'NONE', *, *, #2198, .F. ) ;
#4965 = AXIS2_PLACEMENT_3D ( 'NONE', #7421, #7461, #6915 ) ;
#4966 = VERTEX_POINT ( 'NONE', #2923 ) ;
#4967 = DIRECTION ( 'NONE',  ( 1.000000000000000000, -2.710505431213754182E-16, 3.491481338843133355E-15 ) ) ;
#4968 = VECTOR ( 'NONE', #7175, 1000.000000000000000 ) ;
#4969 = FACE_OUTER_BOUND ( 'NONE', #4376, .T. ) ;
#4970 = ORIENTED_EDGE ( 'NONE', *, *, #2661, .F. ) ;
#4971 = VECTOR ( 'NONE', #3003, 1000.000000000000000 ) ;
#4972 = CARTESIAN_POINT ( 'NONE',  ( 4.039999999999998259, 1.685000000000000275, -0.3999999999999858669 ) ) ;
#4973 = AXIS2_PLACEMENT_3D ( 'NONE', #6801, #1242, #8096 ) ;
#4974 = CARTESIAN_POINT ( 'NONE',  ( 0.000000000000000000, 2.700000000000000178, 0.000000000000000000 ) ) ;
#4975 = CARTESIAN_POINT ( 'NONE',  ( 0.000000000000000000, 2.700000000000000178, 0.000000000000000000 ) ) ;
#4976 = ORIENTED_EDGE ( 'NONE', *, *, #5164, .T. ) ;
#4978 = MANIFOLD_SOLID_BREP ( 'Body-Move/Copy1[2]', #7364 ) ;
#4977 = CONICAL_SURFACE ( 'NONE', #1381, 3.374999999999999556, 0.7853981633974396193 ) ;
#4979 = CARTESIAN_POINT ( 'NONE',  ( -4.799999999999991829, 0.000000000000000000, -1.500000000000016653 ) ) ;
#4980 = VERTEX_POINT ( 'NONE', #6203 ) ;
#4981 = VECTOR ( 'NONE', #2174, 1000.000000000000000 ) ;
#4982 = CARTESIAN_POINT ( 'NONE',  ( -4.799999999999991829, -12.43261838873854686, -1.500000000000016653 ) ) ;
#4983 = VERTEX_POINT ( 'NONE', #3721 ) ;
#4984 = DIRECTION ( 'NONE',  ( -3.491481338843133355E-15, 0.000000000000000000, 1.000000000000000000 ) ) ;
#4985 = CARTESIAN_POINT ( 'NONE',  ( 0.000000000000000000, 0.000000000000000000, 0.000000000000000000 ) ) ;
#4986 = CARTESIAN_POINT ( 'NONE',  ( -2.973634140239838963, 0.7500000000000000000, -2.000000000000013767 ) ) ;
#4987 = DIRECTION ( 'NONE',  ( 0.5794841035564478604, -0.4999999999999966138, 0.6435822975543868951 ) ) ;
#4988 = DIRECTION ( 'NONE',  ( 0.000000000000000000, 1.000000000000000000, 0.000000000000000000 ) ) ;
#4989 = AXIS2_PLACEMENT_3D ( 'NONE', #3600, #6871, #6122 ) ;
#4990 = EDGE_CURVE ( 'NONE', #1895, #4739, #517, .T. ) ;
#4991 = ORIENTED_EDGE ( 'NONE', *, *, #1692, .F. ) ;
#4992 = ORIENTED_EDGE ( 'NONE', *, *, #1389, .F. ) ;
#4993 = CARTESIAN_POINT ( 'NONE',  ( 4.500000000000001776, 0.3000000000000024314, -0.5999999999999842126 ) ) ;
#4994 = VECTOR ( 'NONE', #2184, 1000.000000000000000 ) ;
#4995 = ADVANCED_FACE ( 'NONE', ( #7542 ), #555, .T. ) ;
#4996 = CARTESIAN_POINT ( 'NONE',  ( 3.986143571373719219, 0.7500000000000000000, -1.999999999999990008 ) ) ;
#4997 = CARTESIAN_POINT ( 'NONE',  ( 3.552499999999998881, 2.030000000000000249, -0.3455916415466093738 ) ) ;
#4998 = CARTESIAN_POINT ( 'NONE',  ( -1.029537262653415166E-14, 0.7300000000000002043, 2.948711915483248625 ) ) ;
#4999 = EDGE_CURVE ( 'NONE', #6403, #5761, #1218, .T. ) ;
#5000 = EDGE_CURVE ( 'NONE', #2010, #5512, #4370, .T. ) ;
#5001 = ORIENTED_EDGE ( 'NONE', *, *, #6716, .T. ) ;
#5002 = DIRECTION ( 'NONE',  ( -1.000000000000000000, 0.000000000000000000, -4.336808689942006692E-15 ) ) ;
#5003 = EDGE_CURVE ( 'NONE', #3249, #5284, #3136, .T. ) ;
#5004 = CARTESIAN_POINT ( 'NONE',  ( 3.504315179701432914, 1.860776205970860131, 0.3704036912788197800 ) ) ;
#5005 = AXIS2_PLACEMENT_3D ( 'NONE', #3516, #7252, #6126 ) ;
#5006 = FACE_OUTER_BOUND ( 'NONE', #7279, .T. ) ;
#5007 =( GEOMETRIC_REPRESENTATION_CONTEXT ( 3 ) GLOBAL_UNCERTAINTY_ASSIGNED_CONTEXT ( ( #7406 ) ) GLOBAL_UNIT_ASSIGNED_CONTEXT ( ( #126, #7695, #5058 ) ) REPRESENTATION_CONTEXT ( 'NONE', 'WORKASPACE' ) );
#5008 = ADVANCED_FACE ( 'NONE', ( #3346 ), #5389, .F. ) ;
#5009 = CARTESIAN_POINT ( 'NONE',  ( -4.800000000000002487, -12.43261838873854686, 1.499999999999983347 ) ) ;
#5010 = DIRECTION ( 'NONE',  ( 0.000000000000000000, 1.000000000000000000, 0.000000000000000000 ) ) ;
#5011 = VERTEX_POINT ( 'NONE', #264 ) ;
#5012 = EDGE_LOOP ( 'NONE', ( #792, #6086, #6201, #492 ) ) ;
#5013 = ADVANCED_FACE ( 'NONE', ( #2803 ), #6972, .F. ) ;
#5014 = CYLINDRICAL_SURFACE ( 'NONE', #1725, 0.5999999999999999778 ) ;
#5015 = DIRECTION ( 'NONE',  ( 0.7071067811865415775, 0.000000000000000000, 0.7071067811865535679 ) ) ;
#5016 = ORIENTED_EDGE ( 'NONE', *, *, #5127, .F. ) ;
#5017 = EDGE_CURVE ( 'NONE', #5124, #6306, #6547, .T. ) ;
#5018 = DIRECTION ( 'NONE',  ( -3.491481338843133355E-15, 0.000000000000000000, 1.000000000000000000 ) ) ;
#5019 = DIRECTION ( 'NONE',  ( -1.000000000000000000, 0.000000000000000000, -3.491481338843133355E-15 ) ) ;
#5020 = CARTESIAN_POINT ( 'NONE',  ( 2.358419278579432898, 3.149999999999995914, 2.414815869772795942 ) ) ;
#5021 = ORIENTED_EDGE ( 'NONE', *, *, #4626, .F. ) ;
#5022 = CARTESIAN_POINT ( 'NONE',  ( 0.000000000000000000, 0.7500000000000000000, 0.000000000000000000 ) ) ;
#5023 = ORIENTED_EDGE ( 'NONE', *, *, #1845, .T. ) ;
#5024 = LINE ( 'NONE', #7558, #7989 ) ;
#5025 = CARTESIAN_POINT ( 'NONE',  ( -4.499999999999998224, -4.336808689942017736E-16, -0.6000000000000156319 ) ) ;
#5026 = CARTESIAN_POINT ( 'NONE',  ( -2.352579778227635199, 0.03409515047754796413, -0.6000000000000081934 ) ) ;
#5027 = DIRECTION ( 'NONE',  ( -0.7044604723609756425, 0.08643428580064323186, -0.7044604723610004005 ) ) ;
#5028 = PLANE ( 'NONE',  #5484 ) ;
#5029 = VERTEX_POINT ( 'NONE', #4801 ) ;
#5030 = EDGE_CURVE ( 'NONE', #5952, #6553, #7237, .T. ) ;
#5031 = EDGE_CURVE ( 'NONE', #660, #3810, #1474, .T. ) ;
#5032 = VERTEX_POINT ( 'NONE', #5965 ) ;
#5033 = DIRECTION ( 'NONE',  ( -1.000000000000000000, 0.000000000000000000, 6.278481277858244989E-15 ) ) ;
#5034 = EDGE_CURVE ( 'NONE', #3659, #3315, #1603, .T. ) ;
#5035 = DIRECTION ( 'NONE',  ( -0.06222994137277810395, 0.1621145397667554944, 0.9848077530122077983 ) ) ;
#5036 = DIRECTION ( 'NONE',  ( 7.319508337454880503E-16, 1.000000000000000000, 2.555592676973044352E-30 ) ) ;
#5037 = B_SPLINE_CURVE_WITH_KNOTS ( 'NONE', 3,
 ( #7229, #1535, #4071, #6601 ),
 .UNSPECIFIED., .F., .F.,
 ( 4, 4 ),
 ( 0.000000000000000000, 1.000000000000000000 ),
 .UNSPECIFIED. ) ;
#5038 = DIRECTION ( 'NONE',  ( 1.000000000000000000, 0.000000000000000000, 3.497426362856451513E-15 ) ) ;
#5039 = ORIENTED_EDGE ( 'NONE', *, *, #5050, .F. ) ;
#5040 = ORIENTED_EDGE ( 'NONE', *, *, #1431, .T. ) ;
#5041 = DIRECTION ( 'NONE',  ( -1.000000000000000000, 0.000000000000000000, -5.782411586589358033E-15 ) ) ;
#5042 = ADVANCED_FACE ( 'NONE', ( #6668 ), #7911, .F. ) ;
#5043 = PLANE ( 'NONE',  #7217 ) ;
#5044 = DIRECTION ( 'NONE',  ( -3.491481338843133355E-15, 0.000000000000000000, 1.000000000000000000 ) ) ;
#5045 = VECTOR ( 'NONE', #7802, 1000.000000000000000 ) ;
#5046 = EDGE_CURVE ( 'NONE', #8039, #6748, #3520, .T. ) ;
#5047 = CARTESIAN_POINT ( 'NONE',  ( 3.986143571373717442, 0.3500000000000000333, -1.599999999999990097 ) ) ;
#5048 = EDGE_LOOP ( 'NONE', ( #4001, #6176, #7577, #1321 ) ) ;
#5049 = CARTESIAN_POINT ( 'NONE',  ( -0.1250160051490183111, 1.114930702365728887, 0.5999999999999995337 ) ) ;
#5050 = EDGE_CURVE ( 'NONE', #7639, #1391, #7255, .T. ) ;
#5051 = DIRECTION ( 'NONE',  ( -1.000000000000000000, 0.000000000000000000, -3.491481338843133355E-15 ) ) ;
#5052 = ORIENTED_EDGE ( 'NONE', *, *, #725, .T. ) ;
#5053 = ADVANCED_FACE ( 'NONE', ( #5430 ), #1522, .F. ) ;
#5054 = DIRECTION ( 'NONE',  ( 3.491481338843133355E-15, -0.000000000000000000, -1.000000000000000000 ) ) ;
#5055 = DIRECTION ( 'NONE',  ( -0.000000000000000000, -1.000000000000000000, -0.000000000000000000 ) ) ;
#5056 = CARTESIAN_POINT ( 'NONE',  ( 0.000000000000000000, 2.700000000000000178, 0.000000000000000000 ) ) ;
#5057 = ORIENTED_EDGE ( 'NONE', *, *, #5980, .F. ) ;
#5058 =( NAMED_UNIT ( * ) SI_UNIT ( $, .STERADIAN. ) SOLID_ANGLE_UNIT ( ) );
#5059 =( BOUNDED_CURVE ( )  B_SPLINE_CURVE ( 3, ( #8159, #4253, #6171, #5047 ),
 .UNSPECIFIED., .F., .F. ) 
 B_SPLINE_CURVE_WITH_KNOTS ( ( 4, 4 ),
 ( 1.570796326794896558, 3.141592653589793116 ),
 .UNSPECIFIED. ) 
 CURVE ( )  GEOMETRIC_REPRESENTATION_ITEM ( )  RATIONAL_B_SPLINE_CURVE ( ( 1.000000000000000000, 0.8047378541243649375, 0.8047378541243649375, 1.000000000000000000 ) ) 
 REPRESENTATION_ITEM ( '' )  );
#5060 = ORIENTED_EDGE ( 'NONE', *, *, #1857, .F. ) ;
#5061 = EDGE_LOOP ( 'NONE', ( #3276, #7624, #7048, #5152, #5702, #4515, #5279, #7430, #1202, #1820 ) ) ;
#5062 = ADVANCED_FACE ( 'NONE', ( #2108 ), #4062, .T. ) ;
#5063 = ORIENTED_EDGE ( 'NONE', *, *, #6167, .T. ) ;
#5064 = DIRECTION ( 'NONE',  ( 0.000000000000000000, 1.000000000000000000, 0.000000000000000000 ) ) ;
#5065 = DIRECTION ( 'NONE',  ( 0.6691306063588545738, 0.000000000000000000, 0.7431448254773976858 ) ) ;
#5066 = CARTESIAN_POINT ( 'NONE',  ( -3.299999999999990052, 1.450000000000000178, -2.396424919657311303 ) ) ;
#5067 = DIRECTION ( 'NONE',  ( -5.671190584124045157E-16, 0.9867201756097431220, 0.1624293540117598411 ) ) ;
#5068 = ADVANCED_FACE ( 'NONE', ( #2191 ), #6502, .T. ) ;
#5069 = CIRCLE ( 'NONE', #2935, 3.950000000000000178 ) ;
#5070 = VERTEX_POINT ( 'NONE', #4669 ) ;
#5071 = ORIENTED_EDGE ( 'NONE', *, *, #7426, .F. ) ;
#5072 = CARTESIAN_POINT ( 'NONE',  ( -2.973634140239854506, 0.7500000000000000000, 2.599999999999986766 ) ) ;
#5073 = EDGE_LOOP ( 'NONE', ( #2620, #2274, #5115, #6092, #7066, #220, #1033, #2894 ) ) ;
#5074 = B_SPLINE_CURVE_WITH_KNOTS ( 'NONE', 3,
 ( #2619, #7672, #2691, #1989, #4518, #5271, #3905, #3279, #7833, #105 ),
 .UNSPECIFIED., .F., .F.,
 ( 4, 3, 3, 4 ),
 ( 0.000000000000000000, 2.686048800241617020E-05, 5.370455099014180371E-05, 7.424247969555137269E-05 ),
 .UNSPECIFIED. ) ;
#5075 = FACE_OUTER_BOUND ( 'NONE', #8219, .T. ) ;
#5076 = CARTESIAN_POINT ( 'NONE',  ( -5.300000000000002487, 0.1500000000000052403, 0.2999999999999800604 ) ) ;
#5077 = VECTOR ( 'NONE', #3830, 1000.000000000000000 ) ;
#5078 = DIRECTION ( 'NONE',  ( 0.000000000000000000, 1.000000000000000000, 0.000000000000000000 ) ) ;
#5079 = AXIS2_PLACEMENT_3D ( 'NONE', #6970, #7002, #2572 ) ;
#5080 = ORIENTED_EDGE ( 'NONE', *, *, #4635, .F. ) ;
#5081 = VERTEX_POINT ( 'NONE', #7213 ) ;
#5082 = CARTESIAN_POINT ( 'NONE',  ( 2.442882788353069046, 3.050000000000000266, 2.400614230226992607 ) ) ;
#5083 = AXIS2_PLACEMENT_3D ( 'NONE', #3829, #8064, #1168 ) ;
#5084 = CIRCLE ( 'NONE', #7193, 3.375000000000000444 ) ;
#5085 = VECTOR ( 'NONE', #6627, 1000.000000000000000 ) ;
#5086 = CARTESIAN_POINT ( 'NONE',  ( 1.169646248512449832E-14, 0.000000000000000000, -3.350000000000000089 ) ) ;
#5087 = PRODUCT_DEFINITION ( 'UNKNOWN', '', #4555, #802 ) ;
#5088 = AXIS2_PLACEMENT_3D ( 'NONE', #3397, #3521, #2192 ) ;
#5089 = ORIENTED_EDGE ( 'NONE', *, *, #1698, .F. ) ;
#5090 = VECTOR ( 'NONE', #7645, 1000.000000000000000 ) ;
#5091 = VERTEX_POINT ( 'NONE', #2724 ) ;
#5092 = ORIENTED_EDGE ( 'NONE', *, *, #5858, .F. ) ;
#5093 = VECTOR ( 'NONE', #7878, 1000.000000000000000 ) ;
#5094 = CARTESIAN_POINT ( 'NONE',  ( 2.973634140239837187, 0.7500000000000000000, 2.600000000000007194 ) ) ;
#5095 = ORIENTED_EDGE ( 'NONE', *, *, #616, .F. ) ;
#5096 = DIRECTION ( 'NONE',  ( -1.000000000000000000, 0.000000000000000000, -3.491481338843133355E-15 ) ) ;
#5097 = AXIS2_PLACEMENT_3D ( 'NONE', #3298, #5757, #2009 ) ;
#5098 = LINE ( 'NONE', #1973, #6141 ) ;
#5099 = DIRECTION ( 'NONE',  ( 3.491481338843133355E-15, -0.000000000000000000, -1.000000000000000000 ) ) ;
#5100 = EDGE_LOOP ( 'NONE', ( #2226, #1986, #5932, #2582, #5234, #7806, #2327 ) ) ;
#5101 = VECTOR ( 'NONE', #5589, 1000.000000000000000 ) ;
#5102 = ORIENTED_EDGE ( 'NONE', *, *, #2755, .T. ) ;
#5103 = EDGE_CURVE ( 'NONE', #4655, #4639, #6589, .T. ) ;
#5104 = VECTOR ( 'NONE', #4641, 1000.000000000000000 ) ;
#5105 = EDGE_CURVE ( 'NONE', #3835, #4678, #5264, .T. ) ;
#5106 = CARTESIAN_POINT ( 'NONE',  ( -0.3941281571845514642, 1.131430466914578492, 0.5999999999999985345 ) ) ;
#5107 = VECTOR ( 'NONE', #772, 1000.000000000000114 ) ;
#5108 = ADVANCED_FACE ( 'NONE', ( #934 ), #1359, .F. ) ;
#5109 = VECTOR ( 'NONE', #5490, 1000.000000000000000 ) ;
#5110 = CARTESIAN_POINT ( 'NONE',  ( 0.000000000000000000, 3.149999999999999911, 0.000000000000000000 ) ) ;
#5111 = CARTESIAN_POINT ( 'NONE',  ( -2.134476815985776987, 2.700000000000000178, -2.370576664446645054 ) ) ;
#5112 = FACE_OUTER_BOUND ( 'NONE', #2354, .T. ) ;
#5113 = AXIS2_PLACEMENT_3D ( 'NONE', #5576, #1802, #4914 ) ;
#5114 = EDGE_LOOP ( 'NONE', ( #5285, #1608, #2543, #3221 ) ) ;
#5115 = ORIENTED_EDGE ( 'NONE', *, *, #6376, .F. ) ;
#5116 = DIRECTION ( 'NONE',  ( -1.000000000000000000, 0.000000000000000000, -3.491481338843132961E-15 ) ) ;
#5117 = ADVANCED_FACE ( 'NONE', ( #305 ), #1818, .T. ) ;
#5118 = ORIENTED_EDGE ( 'NONE', *, *, #3952, .F. ) ;
#5119 = CARTESIAN_POINT ( 'NONE',  ( -4.350000000000000533, 0.2999999999999999334, 0.7999999999999847233 ) ) ;
#5120 = CARTESIAN_POINT ( 'NONE',  ( 4.199999999999999289, 1.685000000000000275, -0.5999999999999853229 ) ) ;
#5121 = VECTOR ( 'NONE', #1593, 1000.000000000000000 ) ;
#5122 = LINE ( 'NONE', #7717, #5090 ) ;
#5123 = ORIENTED_EDGE ( 'NONE', *, *, #1458, .T. ) ;
#5124 = VERTEX_POINT ( 'NONE', #4221 ) ;
#5125 = FACE_OUTER_BOUND ( 'NONE', #4097, .T. ) ;
#5126 = CARTESIAN_POINT ( 'NONE',  ( -2.034697853011650626, 2.962588108695060285, -2.272706507708773582 ) ) ;
#5127 = EDGE_CURVE ( 'NONE', #2672, #2232, #8082, .T. ) ;
#5128 = EDGE_LOOP ( 'NONE', ( #372, #2533, #7650, #2559, #1289, #4116, #4140 ) ) ;
#5129 = VERTEX_POINT ( 'NONE', #6178 ) ;
#5130 = ORIENTED_EDGE ( 'NONE', *, *, #926, .T. ) ;
#5131 = CARTESIAN_POINT ( 'NONE',  ( 2.370163855179317380, 0.7414683926030011252, -1.796316628059478893 ) ) ;
#5132 = EDGE_LOOP ( 'NONE', ( #109, #1259, #2902, #530 ) ) ;
#5133 = EDGE_CURVE ( 'NONE', #6211, #1266, #1110, .T. ) ;
#5134 = CARTESIAN_POINT ( 'NONE',  ( 3.552499999999996216, 1.880000000000000115, 0.3702839542245501825 ) ) ;
#5135 = CARTESIAN_POINT ( 'NONE',  ( 4.499999999999999112, 0.1699999999999997902, -0.4999999999999842903 ) ) ;
#5136 = CARTESIAN_POINT ( 'NONE',  ( -2.793071785686867869, 0.7500000000000000000, -2.793071785686860320 ) ) ;
#5137 = VERTEX_POINT ( 'NONE', #400 ) ;
#5138 = DIRECTION ( 'NONE',  ( 1.000000000000000000, 0.000000000000000000, 3.491481338843133355E-15 ) ) ;
#5139 = DIRECTION ( 'NONE',  ( 0.000000000000000000, -1.000000000000000000, 0.000000000000000000 ) ) ;
#5140 = ORIENTED_EDGE ( 'NONE', *, *, #381, .T. ) ;
#5141 = ORIENTED_EDGE ( 'NONE', *, *, #5030, .F. ) ;
#5142 = LINE ( 'NONE', #2757, #8076 ) ;
#5143 = CARTESIAN_POINT ( 'NONE',  ( -3.986143571373707228, 0.3500000000000000333, -1.600000000000017852 ) ) ;
#5144 = CARTESIAN_POINT ( 'NONE',  ( -1.049725974647596602E-31, 0.6500000000000020206, 3.006534684774836921E-17 ) ) ;
#5145 = ADVANCED_FACE ( 'NONE', ( #2930 ), #1772, .T. ) ;
#5146 = PLANE ( 'NONE',  #6803 ) ;
#5147 = EDGE_CURVE ( 'NONE', #2554, #5289, #8165, .T. ) ;
#5148 = LINE ( 'NONE', #7665, #2584 ) ;
#5149 = EDGE_CURVE ( 'NONE', #3530, #5352, #2309, .T. ) ;
#5150 = ORIENTED_EDGE ( 'NONE', *, *, #311, .T. ) ;
#5151 = DIRECTION ( 'NONE',  ( 3.491481338843133355E-15, -0.000000000000000000, -1.000000000000000000 ) ) ;
#5152 = ORIENTED_EDGE ( 'NONE', *, *, #6265, .T. ) ;
#5153 = CARTESIAN_POINT ( 'NONE',  ( 2.073225355892423405, 2.700000000000000178, -2.302550026315323350 ) ) ;
#5154 = ADVANCED_FACE ( 'NONE', ( #5638 ), #5468, .F. ) ;
#5155 = ORIENTED_EDGE ( 'NONE', *, *, #2704, .F. ) ;
#5156 = DIRECTION ( 'NONE',  ( -7.136591349230734421E-15, 0.000000000000000000, 1.000000000000000000 ) ) ;
#5157 = EDGE_CURVE ( 'NONE', #2072, #4866, #2493, .T. ) ;
#5158 = CARTESIAN_POINT ( 'NONE',  ( 2.973634140239851842, 0.3500000000000000333, -1.599999999999992983 ) ) ;
#5159 = DIRECTION ( 'NONE',  ( -3.252606517456513696E-15, 0.000000000000000000, 1.000000000000000000 ) ) ;
#5160 = VERTEX_POINT ( 'NONE', #3698 ) ;
#5161 = ORIENTED_EDGE ( 'NONE', *, *, #3405, .F. ) ;
#5162 = CYLINDRICAL_SURFACE ( 'NONE', #2703, 0.1000000000000002554 ) ;
#5163 = AXIS2_PLACEMENT_3D ( 'NONE', #2063, #63, #4012 ) ;
#5164 = EDGE_CURVE ( 'NONE', #4461, #5758, #528, .T. ) ;
#5165 = CARTESIAN_POINT ( 'NONE',  ( 3.889999999999997904, 0.5000000000000000000, -0.3999999999999863665 ) ) ;
#5166 = ORIENTED_EDGE ( 'NONE', *, *, #4235, .T. ) ;
#5167 = DIRECTION ( 'NONE',  ( 3.491481338843133355E-15, -0.000000000000000000, -1.000000000000000000 ) ) ;
#5168 = AXIS2_PLACEMENT_3D ( 'NONE', #4343, #608, #6332 ) ;
#5169 = CARTESIAN_POINT ( 'NONE',  ( 2.858967554800458277, 1.044169234246763445, -1.605587121104068649 ) ) ;
#5170 = ORIENTED_EDGE ( 'NONE', *, *, #911, .T. ) ;
#5171 = CARTESIAN_POINT ( 'NONE',  ( -4.349999999999994316, 0.1800000000000000488, -0.9000000000000151212 ) ) ;
#5172 = VECTOR ( 'NONE', #6606, 1000.000000000000000 ) ;
#5173 = CARTESIAN_POINT ( 'NONE',  ( -2.817339274159017748, 2.700000000000000178, -2.768591593984411237 ) ) ;
#5174 = ORIENTED_EDGE ( 'NONE', *, *, #7438, .T. ) ;
#5175 = DIRECTION ( 'NONE',  ( 1.000000000000000000, 0.000000000000000000, 3.614007241618317611E-15 ) ) ;
#5176 = CARTESIAN_POINT ( 'NONE',  ( 0.000000000000000000, 3.149999999999999911, 0.000000000000000000 ) ) ;
#5177 = ORIENTED_EDGE ( 'NONE', *, *, #5363, .F. ) ;
#5178 = DIRECTION ( 'NONE',  ( 1.000000000000000000, 0.000000000000000000, 3.469446951953636671E-15 ) ) ;
#5179 = CARTESIAN_POINT ( 'NONE',  ( 0.000000000000000000, 1.201442841485029778, 0.000000000000000000 ) ) ;
#5180 = CARTESIAN_POINT ( 'NONE',  ( -5.200000000000001066, 0.1499999999999999944, 0.5999999999999818812 ) ) ;
#5181 = DIRECTION ( 'NONE',  ( -1.301981320592949974E-30, -1.000000000000000000, 3.729022710527641551E-16 ) ) ;
#5182 = CARTESIAN_POINT ( 'NONE',  ( 3.401316701949479882, 0.1800000000000000488, 0.9000000000000119016 ) ) ;
#5183 = AXIS2_PLACEMENT_3D ( 'NONE', #5495, #1170, #8028 ) ;
#5184 = ORIENTED_EDGE ( 'NONE', *, *, #6961, .F. ) ;
#5185 = CARTESIAN_POINT ( 'NONE',  ( 3.379999999999999893, 1.633265455320084714, -0.5999999999999880984 ) ) ;
#5186 = ORIENTED_EDGE ( 'NONE', *, *, #1435, .T. ) ;
#5187 = LINE ( 'NONE', #2029, #8006 ) ;
#5188 = LINE ( 'NONE', #2030, #4968 ) ;
#5189 = VERTEX_POINT ( 'NONE', #7514 ) ;
#5190 = CARTESIAN_POINT ( 'NONE',  ( 4.199999999999995737, 1.685000000000000275, 0.6000000000000146327 ) ) ;
#5191 = VECTOR ( 'NONE', #4686, 1000.000000000000000 ) ;
#5192 = CARTESIAN_POINT ( 'NONE',  ( 3.889999999999998792, 0.5000000000000000000, -0.5999999999999864331 ) ) ;
#5193 = CARTESIAN_POINT ( 'NONE',  ( -4.800000000000006928, 1.574999999999999289, 0.8999999999999815925 ) ) ;
#5194 = ADVANCED_FACE ( 'NONE', ( #1027 ), #1064, .T. ) ;
#5195 = VERTEX_POINT ( 'NONE', #6129 ) ;
#5196 = EDGE_CURVE ( 'NONE', #2382, #7639, #2979, .T. ) ;
#5197 = ORIENTED_EDGE ( 'NONE', *, *, #3107, .T. ) ;
#5198 = CARTESIAN_POINT ( 'NONE',  ( -2.352579778227639640, 0.03409515047754797801, 0.5999999999999917621 ) ) ;
#5199 = EDGE_CURVE ( 'NONE', #5752, #2937, #6934, .T. ) ;
#5200 = CIRCLE ( 'NONE', #2022, 2.326794920000000211 ) ;
#5201 = LINE ( 'NONE', #2592, #6911 ) ;
#5202 = ORIENTED_EDGE ( 'NONE', *, *, #3161, .F. ) ;
#5203 = ORIENTED_EDGE ( 'NONE', *, *, #6869, .T. ) ;
#5204 = AXIS2_PLACEMENT_3D ( 'NONE', #1206, #6323, #5571 ) ;
#5205 = CARTESIAN_POINT ( 'NONE',  ( 2.407220265895376521, 2.999999999999999112, -2.365568767011983820 ) ) ;
#5206 = VECTOR ( 'NONE', #5221, 999.9999999999998863 ) ;
#5207 = CARTESIAN_POINT ( 'NONE',  ( 2.971636754383004231, 1.332917179245370898, 1.600000000000014966 ) ) ;
#5208 = EDGE_LOOP ( 'NONE', ( #6043, #7724, #6036, #4517 ) ) ;
#5209 = DIRECTION ( 'NONE',  ( -1.000000000000000000, 0.000000000000000000, -3.491481338843133355E-15 ) ) ;
#5210 = CYLINDRICAL_SURFACE ( 'NONE', #8008, 0.1000000000000002554 ) ;
#5211 = ORIENTED_EDGE ( 'NONE', *, *, #587, .F. ) ;
#5212 = AXIS2_PLACEMENT_3D ( 'NONE', #5223, #7168, #3943 ) ;
#5213 = LINE ( 'NONE', #4465, #7771 ) ;
#5214 = AXIS2_PLACEMENT_3D ( 'NONE', #1708, #6270, #1664 ) ;
#5215 = CARTESIAN_POINT ( 'NONE',  ( 1.084202172485508970E-15, 0.000000000000000000, -1.301042606982601377E-15 ) ) ;
#5216 = VERTEX_POINT ( 'NONE', #7422 ) ;
#5217 = ORIENTED_EDGE ( 'NONE', *, *, #8176, .F. ) ;
#5218 = VECTOR ( 'NONE', #7431, 1000.000000000000000 ) ;
#5219 = ORIENTED_EDGE ( 'NONE', *, *, #5958, .F. ) ;
#5220 = CARTESIAN_POINT ( 'NONE',  ( 1.998228104891474732, 2.947011965217751328, -2.268961607784717671 ) ) ;
#5221 = DIRECTION ( 'NONE',  ( -0.1908089953765382263, 0.9816271834476653080, -6.662060466405889507E-16 ) ) ;
#5222 = DIRECTION ( 'NONE',  ( -1.000000000000000000, 7.319508337454879517E-16, -3.491481338843133355E-15 ) ) ;
#5223 = CARTESIAN_POINT ( 'NONE',  ( 2.470814702281059102E-15, 0.000000000000000000, -0.6500000000000001332 ) ) ;
#5224 = AXIS2_PLACEMENT_3D ( 'NONE', #7333, #4182, #6053 ) ;
#5225 = CARTESIAN_POINT ( 'NONE',  ( 3.599999999999996092, 1.843663937147607124, 0.3792669524741068554 ) ) ;
#5226 = CIRCLE ( 'NONE', #1646, 3.374999999999999556 ) ;
#5227 = ORIENTED_EDGE ( 'NONE', *, *, #5017, .F. ) ;
#5228 = AXIS2_PLACEMENT_3D ( 'NONE', #2515, #5577, #1884 ) ;
#5229 = DIRECTION ( 'NONE',  ( 1.000000000000000000, 0.000000000000000000, 3.433306879537436361E-15 ) ) ;
#5230 = ORIENTED_EDGE ( 'NONE', *, *, #1143, .T. ) ;
#5231 = CYLINDRICAL_SURFACE ( 'NONE', #2575, 0.1499999999999999667 ) ;
#5232 = AXIS2_PLACEMENT_3D ( 'NONE', #4066, #3401, #7710 ) ;
#5233 = DIRECTION ( 'NONE',  ( -3.491481338843133355E-15, 0.000000000000000000, 1.000000000000000000 ) ) ;
#5234 = ORIENTED_EDGE ( 'NONE', *, *, #1553, .F. ) ;
#5235 = DIRECTION ( 'NONE',  ( 0.4694715627858951912, 0.000000000000000000, -0.8829475928589246569 ) ) ;
#5236 = CARTESIAN_POINT ( 'NONE',  ( 2.801196502457216742, 2.700000000000000178, 2.784947068914000123 ) ) ;
#5237 = EDGE_CURVE ( 'NONE', #3333, #5703, #5590, .T. ) ;
#5238 = LINE ( 'NONE', #5193, #2686 ) ;
#5239 = CIRCLE ( 'NONE', #1928, 3.375000000000000444 ) ;
#5240 = ADVANCED_FACE ( 'NONE', ( #8123 ), #2445, .T. ) ;
#5241 = ORIENTED_EDGE ( 'NONE', *, *, #4533, .F. ) ;
#5242 = CARTESIAN_POINT ( 'NONE',  ( -4.544804663974889358, 0.2621338091950923266, -0.5000000000000158762 ) ) ;
#5243 = ADVANCED_FACE ( 'NONE', ( #6254 ), #563, .T. ) ;
#5244 = CARTESIAN_POINT ( 'NONE',  ( -8.426332196123423320E-15, 0.5499999999997794431, 2.326794920000000211 ) ) ;
#5245 = ADVANCED_FACE ( 'NONE', ( #5943 ), #4424, .T. ) ;
#5246 = ORIENTED_EDGE ( 'NONE', *, *, #4719, .T. ) ;
#5247 = EDGE_CURVE ( 'NONE', #2386, #5032, #6370, .T. ) ;
#5248 = EDGE_LOOP ( 'NONE', ( #7233, #3132, #7959, #6855, #6736, #2280, #1194, #7286 ) ) ;
#5249 = VERTEX_POINT ( 'NONE', #244 ) ;
#5250 = VERTEX_POINT ( 'NONE', #6994 ) ;
#5251 = CARTESIAN_POINT ( 'NONE',  ( -3.986143571373698347, 0.2899999999999998690, -3.944646165029782825 ) ) ;
#5252 = ORIENTED_EDGE ( 'NONE', *, *, #375, .T. ) ;
#5253 = ADVANCED_FACE ( 'NONE', ( #2601 ), #1273, .F. ) ;
#5254 = CARTESIAN_POINT ( 'NONE',  ( 4.552081636884918403, 0.2999921102144696983, 0.8084377142705364561 ) ) ;
#5255 = CARTESIAN_POINT ( 'NONE',  ( 3.749962936025417637, 0.4462448075682057258, -0.3999999999999868661 ) ) ;
#5256 = ORIENTED_EDGE ( 'NONE', *, *, #303, .T. ) ;
#5257 = CARTESIAN_POINT ( 'NONE',  ( 0.000000000000000000, 0.7500000000000000000, 0.000000000000000000 ) ) ;
#5258 = CYLINDRICAL_SURFACE ( 'NONE', #740, 0.1799999999999996048 ) ;
#5259 = ORIENTED_EDGE ( 'NONE', *, *, #7331, .T. ) ;
#5260 = EDGE_CURVE ( 'NONE', #3194, #2132, #1940, .T. ) ;
#5261 = LINE ( 'NONE', #4554, #3036 ) ;
#5262 = CARTESIAN_POINT ( 'NONE',  ( 4.595506135419556770, 0.1799999999999996048, 0.8666666666666840158 ) ) ;
#5263 = PLANE ( 'NONE',  #3106 ) ;
#5264 = LINE ( 'NONE', #895, #5615 ) ;
#5265 = CARTESIAN_POINT ( 'NONE',  ( -0.2033197122205264717, 1.152279654758550098, -0.5851996545307712738 ) ) ;
#5266 = AXIS2_PLACEMENT_3D ( 'NONE', #1309, #4546, #5175 ) ;
#5267 = CARTESIAN_POINT ( 'NONE',  ( -4.200000000000000178, 0.3000000000000008771, 0.5999999999999853229 ) ) ;
#5268 = VERTEX_POINT ( 'NONE', #5756 ) ;
#5269 = CARTESIAN_POINT ( 'NONE',  ( -1.493128252873632267, 2.933493649053891872, 2.602031517962560159 ) ) ;
#5270 = ORIENTED_EDGE ( 'NONE', *, *, #2968, .F. ) ;
#5271 = CARTESIAN_POINT ( 'NONE',  ( 3.304862343019953297, 1.662135534283028182, 0.3899839601069258754 ) ) ;
#5272 = LINE ( 'NONE', #2116, #3506 ) ;
#5273 = ORIENTED_EDGE ( 'NONE', *, *, #6501, .T. ) ;
#5274 = CARTESIAN_POINT ( 'NONE',  ( 0.000000000000000000, 2.700000000000000178, 0.000000000000000000 ) ) ;
#5275 = LINE ( 'NONE', #904, #5463 ) ;
#5276 = CARTESIAN_POINT ( 'NONE',  ( 3.150035030069895825, 1.637279506272255825, -0.3848077530121971623 ) ) ;
#5277 = ADVANCED_FACE ( 'NONE', ( #874 ), #5681, .T. ) ;
#5278 = ORIENTED_EDGE ( 'NONE', *, *, #3634, .T. ) ;
#5279 = ORIENTED_EDGE ( 'NONE', *, *, #1650, .F. ) ;
#5280 = DIRECTION ( 'NONE',  ( -3.491481338843133355E-15, 0.000000000000000000, 1.000000000000000000 ) ) ;
#5281 = CARTESIAN_POINT ( 'NONE',  ( 3.599999999999998757, 1.843663937147607124, -0.3792669524740817089 ) ) ;
#5282 = CARTESIAN_POINT ( 'NONE',  ( 4.349999999999996092, 0.000000000000000000, 0.3500000000000168532 ) ) ;
#5283 = DIRECTION ( 'NONE',  ( -1.000000000000000000, 0.000000000000000000, -3.491481338843132961E-15 ) ) ;
#5284 = VERTEX_POINT ( 'NONE', #6304 ) ;
#5285 = ORIENTED_EDGE ( 'NONE', *, *, #4278, .F. ) ;
#5286 = ORIENTED_EDGE ( 'NONE', *, *, #5247, .F. ) ;
#5287 = AXIS2_PLACEMENT_3D ( 'NONE', #1433, #1979, #6459 ) ;
#5288 = DIRECTION ( 'NONE',  ( 1.000000000000000000, 0.000000000000000000, 3.469446951953636671E-15 ) ) ;
#5289 = VERTEX_POINT ( 'NONE', #3413 ) ;
#5290 = CARTESIAN_POINT ( 'NONE',  ( -5.200000000000001066, -0.6082762530298219117, -0.3000000000000195288 ) ) ;
#5291 = PLANE ( 'NONE',  #4030 ) ;
#5292 = VERTEX_POINT ( 'NONE', #5135 ) ;
#5293 = FACE_OUTER_BOUND ( 'NONE', #1015, .T. ) ;
#5294 = ORIENTED_EDGE ( 'NONE', *, *, #3892, .T. ) ;
#5295 = ORIENTED_EDGE ( 'NONE', *, *, #3654, .F. ) ;
#5296 = EDGE_CURVE ( 'NONE', #5761, #2918, #649, .T. ) ;
#5297 = FACE_OUTER_BOUND ( 'NONE', #4273, .T. ) ;
#5298 = CARTESIAN_POINT ( 'NONE',  ( -1.457309618296167786, 2.940518207628542768, -2.636182602988195178 ) ) ;
#5299 = CARTESIAN_POINT ( 'NONE',  ( 3.300089615150974431, 1.628894510344222057, 0.3937053338599064700 ) ) ;
#5300 = EDGE_CURVE ( 'NONE', #6611, #3557, #611, .T. ) ;
#5301 = DIRECTION ( 'NONE',  ( 3.456356746600548107E-15, 1.807003620809174385E-16, -1.000000000000000000 ) ) ;
#5302 = DIRECTION ( 'NONE',  ( -0.3583679495452942176, 0.9335804264972041855, -1.251235008276872297E-15 ) ) ;
#5303 = CARTESIAN_POINT ( 'NONE',  ( -4.799999999999991829, 0.000000000000000000, -1.500000000000016653 ) ) ;
#5304 = CARTESIAN_POINT ( 'NONE',  ( 3.151226813874052013, 1.705556797704835370, 0.3736435668985105818 ) ) ;
#5305 = ADVANCED_FACE ( 'NONE', ( #2124 ), #7185, .F. ) ;
#5306 = EDGE_LOOP ( 'NONE', ( #4176, #5790, #5130, #1432 ) ) ;
#5307 = CARTESIAN_POINT ( 'NONE',  ( -1.445991211082169769, 2.977785088822446635, 2.715749824516310085 ) ) ;
#5308 = ORIENTED_EDGE ( 'NONE', *, *, #2892, .F. ) ;
#5309 = LINE ( 'NONE', #5814, #36 ) ;
#5310 = DIRECTION ( 'NONE',  ( 0.000000000000000000, 1.000000000000000000, 0.000000000000000000 ) ) ;
#5311 = DIRECTION ( 'NONE',  ( 0.000000000000000000, 1.000000000000000000, 0.000000000000000000 ) ) ;
#5312 = B_SPLINE_CURVE_WITH_KNOTS ( 'NONE', 3,
 ( #4314, #3151, #6847, #536 ),
 .UNSPECIFIED., .F., .F.,
 ( 4, 4 ),
 ( 0.0001925833846953422005, 0.0002639615521093144324 ),
 .UNSPECIFIED. ) ;
#5313 = LINE ( 'NONE', #198, #7836 ) ;
#5314 =( BOUNDED_CURVE ( )  B_SPLINE_CURVE ( 3, ( #4997, #5660, #7444, #7362 ),
 .UNSPECIFIED., .F., .F. ) 
 B_SPLINE_CURVE_WITH_KNOTS ( ( 4, 4 ),
 ( 5.916666164260784733, 6.675884388878321474 ),
 .UNSPECIFIED. ) 
 CURVE ( )  GEOMETRIC_REPRESENTATION_ITEM ( )  RATIONAL_B_SPLINE_CURVE ( ( 1.000000000000000000, 0.9525397019146156774, 0.9525397019146156774, 1.000000000000000000 ) ) 
 REPRESENTATION_ITEM ( '' )  );
#5315 = VECTOR ( 'NONE', #4078, 1000.000000000000000 ) ;
#5316 = DIRECTION ( 'NONE',  ( 0.9025852843498630707, 0.4305110968082899170, 3.151359677021970066E-15 ) ) ;
#5317 = ORIENTED_EDGE ( 'NONE', *, *, #2776, .T. ) ;
#5318 = ORIENTED_EDGE ( 'NONE', *, *, #775, .T. ) ;
#5319 = CARTESIAN_POINT ( 'NONE',  ( 4.482169438968245601, -0.06009648915404923464, 0.5000000000000156541 ) ) ;
#5320 = CARTESIAN_POINT ( 'NONE',  ( 3.302162471717698278, 1.198285760403389189, -0.5499999999999900524 ) ) ;
#5321 = DIRECTION ( 'NONE',  ( 1.301981320592949974E-30, 1.000000000000000000, -3.729022710527641551E-16 ) ) ;
#5322 = CARTESIAN_POINT ( 'NONE',  ( -2.517439175034684506, 0.6500000000000019096, -0.6500000000000111244 ) ) ;
#5323 = EDGE_LOOP ( 'NONE', ( #7079, #51, #3584, #7355 ) ) ;
#5324 = CARTESIAN_POINT ( 'NONE',  ( 2.973634140239840740, 0.000000000000000000, 1.600000000000013856 ) ) ;
#5325 = CARTESIAN_POINT ( 'NONE',  ( -0.08099557433221113434, 0.2110006849814482222, -0.6000000000000004219 ) ) ;
#5326 = ORIENTED_EDGE ( 'NONE', *, *, #3029, .F. ) ;
#5327 = CYLINDRICAL_SURFACE ( 'NONE', #5889, 0.1550000000000006373 ) ;
#5328 = DIRECTION ( 'NONE',  ( 0.000000000000000000, 1.000000000000000000, 0.000000000000000000 ) ) ;
#5329 = VERTEX_POINT ( 'NONE', #6916 ) ;
#5330 = CARTESIAN_POINT ( 'NONE',  ( -4.040000000000000924, 0.2999999999999999889, 0.5999999999999858780 ) ) ;
#5331 = DIRECTION ( 'NONE',  ( -1.000000000000000000, 0.000000000000000000, -3.614007241618349165E-15 ) ) ;
#5332 = VERTEX_POINT ( 'NONE', #8206 ) ;
#5333 = ADVANCED_FACE ( 'NONE', ( #1306 ), #7030, .F. ) ;
#5334 = ORIENTED_EDGE ( 'NONE', *, *, #8087, .T. ) ;
#5335 = AXIS2_PLACEMENT_3D ( 'NONE', #7332, #1647, #2357 ) ;
#5336 = DIRECTION ( 'NONE',  ( -1.000000000000000000, 0.000000000000000000, -3.491481338843133355E-15 ) ) ;
#5337 = CARTESIAN_POINT ( 'NONE',  ( 3.249999999999996003, 0.000000000000000000, 0.3500000000000130229 ) ) ;
#5338 = EDGE_CURVE ( 'NONE', #898, #3874, #2527, .T. ) ;
#5339 = DIRECTION ( 'NONE',  ( -0.3583679495452944952, 0.9335804264972039634, -1.251235008276873283E-15 ) ) ;
#5340 = VECTOR ( 'NONE', #4193, 1000.000000000000000 ) ;
#5341 = DIRECTION ( 'NONE',  ( -1.000000000000000000, 0.000000000000000000, -2.848997147103001084E-15 ) ) ;
#5342 = DIRECTION ( 'NONE',  ( 1.000000000000000000, 0.000000000000000000, 3.491481338843132961E-15 ) ) ;
#5343 = FACE_OUTER_BOUND ( 'NONE', #7654, .T. ) ;
#5344 = EDGE_CURVE ( 'NONE', #7848, #4690, #2161, .T. ) ;
#5345 = VECTOR ( 'NONE', #4248, 1000.000000000000114 ) ;
#5346 = EDGE_CURVE ( 'NONE', #1270, #2096, #3770, .T. ) ;
#5347 = AXIS2_PLACEMENT_3D ( 'NONE', #4383, #7586, #2494 ) ;
#5348 = EDGE_CURVE ( 'NONE', #3548, #1397, #5098, .T. ) ;
#5349 = ORIENTED_EDGE ( 'NONE', *, *, #615, .F. ) ;
#5350 = EDGE_CURVE ( 'NONE', #8208, #4527, #496, .T. ) ;
#5351 = DIRECTION ( 'NONE',  ( -1.000000000000000000, 0.000000000000000000, -4.065758146820674760E-15 ) ) ;
#5352 = VERTEX_POINT ( 'NONE', #2385 ) ;
#5353 = VECTOR ( 'NONE', #7961, 1000.000000000000114 ) ;
#5354 = DIRECTION ( 'NONE',  ( 1.000000000000000000, 0.000000000000000000, 7.136591349230732844E-15 ) ) ;
#5355 = CARTESIAN_POINT ( 'NONE',  ( -2.003526488317634093E-15, 0.000000000000000000, 0.6500000000000013545 ) ) ;
#5356 = VECTOR ( 'NONE', #887, 1000.000000000000000 ) ;
#5357 = CARTESIAN_POINT ( 'NONE',  ( -3.311815967109285719, 2.999999999999998668, 0.6499999999999894751 ) ) ;
#5358 = CARTESIAN_POINT ( 'NONE',  ( 2.809285767808482603, 2.700000000000000178, 2.776786901586064005 ) ) ;
#5359 = DIRECTION ( 'NONE',  ( 3.491481338843133355E-15, 0.000000000000000000, -1.000000000000000000 ) ) ;
#5360 = VECTOR ( 'NONE', #5429, 1000.000000000000000 ) ;
#5361 = AXIS2_PLACEMENT_3D ( 'NONE', #7810, #252, #5421 ) ;
#5362 = ORIENTED_EDGE ( 'NONE', *, *, #4872, .T. ) ;
#5363 = EDGE_CURVE ( 'NONE', #5249, #1675, #2026, .T. ) ;
#5364 = DIRECTION ( 'NONE',  ( -3.491481338843133355E-15, 0.000000000000000000, 1.000000000000000000 ) ) ;
#5365 = VECTOR ( 'NONE', #7561, 1000.000000000000000 ) ;
#5366 = VECTOR ( 'NONE', #5942, 1000.000000000000000 ) ;
#5367 = LINE ( 'NONE', #4696, #1582 ) ;
#5368 = DIRECTION ( 'NONE',  ( 0.000000000000000000, 1.000000000000000000, 0.000000000000000000 ) ) ;
#5369 = CARTESIAN_POINT ( 'NONE',  ( -0.1895926696702578962, 0.9795429097132495322, -0.5454356057317868434 ) ) ;
#5370 = ORIENTED_EDGE ( 'NONE', *, *, #6922, .T. ) ;
#5371 = DIRECTION ( 'NONE',  ( -0.000000000000000000, -1.000000000000000000, 0.000000000000000000 ) ) ;
#5372 = PLANE ( 'NONE',  #4019 ) ;
#5373 = ORIENTED_EDGE ( 'NONE', *, *, #3533, .T. ) ;
#5374 = CARTESIAN_POINT ( 'NONE',  ( 2.793072949583572218, 2.700000000000000178, 2.793072948289704094 ) ) ;
#5375 = LINE ( 'NONE', #391, #3893 ) ;
#5376 = ORIENTED_EDGE ( 'NONE', *, *, #3582, .T. ) ;
#5377 = EDGE_CURVE ( 'NONE', #8004, #3291, #531, .T. ) ;
#5378 =( NAMED_UNIT ( * ) PLANE_ANGLE_UNIT ( ) SI_UNIT ( $, .RADIAN. ) );
#5379 = CARTESIAN_POINT ( 'NONE',  ( -4.195000000000001172, 1.850000000000000089, 0.5999999999999853229 ) ) ;
#5380 = ORIENTED_EDGE ( 'NONE', *, *, #3654, .T. ) ;
#5381 =( GEOMETRIC_REPRESENTATION_CONTEXT ( 3 ) GLOBAL_UNCERTAINTY_ASSIGNED_CONTEXT ( ( #3303 ) ) GLOBAL_UNIT_ASSIGNED_CONTEXT ( ( #889, #5378, #4747 ) ) REPRESENTATION_CONTEXT ( 'NONE', 'WORKASPACE' ) );
#5382 = ORIENTED_EDGE ( 'NONE', *, *, #5645, .F. ) ;
#5383 = EDGE_CURVE ( 'NONE', #2791, #1962, #6739, .T. ) ;
#5384 = DIRECTION ( 'NONE',  ( -3.491481338843133355E-15, 0.000000000000000000, 1.000000000000000000 ) ) ;
#5385 = EDGE_CURVE ( 'NONE', #5675, #667, #6827, .T. ) ;
#5386 = VECTOR ( 'NONE', #2881, 1000.000000000000000 ) ;
#5387 = CARTESIAN_POINT ( 'NONE',  ( -4.349999999999996092, 0.3000000000000007661, -0.5000000000000152101 ) ) ;
#5388 = FACE_OUTER_BOUND ( 'NONE', #2223, .T. ) ;
#5389 = PLANE ( 'NONE',  #474 ) ;
#5390 = DIRECTION ( 'NONE',  ( -3.491481338843133355E-15, 0.000000000000000000, 1.000000000000000000 ) ) ;
#5391 = CARTESIAN_POINT ( 'NONE',  ( 0.1908888443734366169, 0.9642518184828265948, 6.664848379231845820E-16 ) ) ;
#5392 = ORIENTED_EDGE ( 'NONE', *, *, #5645, .T. ) ;
#5393 = FACE_OUTER_BOUND ( 'NONE', #5696, .T. ) ;
#5394 = EDGE_CURVE ( 'NONE', #1301, #461, #1093, .T. ) ;
#5395 = EDGE_LOOP ( 'NONE', ( #7970, #7982, #8169 ) ) ;
#5396 = VECTOR ( 'NONE', #7418, 1000.000000000000114 ) ;
#5397 = EDGE_CURVE ( 'NONE', #1903, #5249, #472, .T. ) ;
#5398 = LINE ( 'NONE', #320, #2438 ) ;
#5399 = PRESENTATION_LAYER_ASSIGNMENT (  '', '', ( #349 ) ) ;
#5400 = CARTESIAN_POINT ( 'NONE',  ( -5.200000000000001954, 0.2999999999999999334, 0.8083764270126189144 ) ) ;
#5401 = CARTESIAN_POINT ( 'NONE',  ( -3.345778007093440642, 3.033330983244798773, 0.6499999999999893641 ) ) ;
#5402 = EDGE_CURVE ( 'NONE', #5332, #8080, #7783, .T. ) ;
#5403 = CARTESIAN_POINT ( 'NONE',  ( 2.793072949583572218, 2.700000000000000178, 2.793072948289704094 ) ) ;
#5404 = DIRECTION ( 'NONE',  ( 1.000000000000000000, 1.525665858113907043E-31, 3.082348443565584602E-15 ) ) ;
#5405 = ORIENTED_EDGE ( 'NONE', *, *, #1249, .T. ) ;
#5406 = EDGE_CURVE ( 'NONE', #4130, #6706, #6360, .T. ) ;
#5407 = EDGE_CURVE ( 'NONE', #908, #3158, #6672, .T. ) ;
#5408 = ORIENTED_EDGE ( 'NONE', *, *, #4377, .T. ) ;
#5409 = CARTESIAN_POINT ( 'NONE',  ( 3.401316701949486099, 0.1800000000000000488, -0.8999999999999880318 ) ) ;
#5410 = CARTESIAN_POINT ( 'NONE',  ( 1.542899194636086158, 2.700000000000000178, -2.688765901894645260 ) ) ;
#5411 = CARTESIAN_POINT ( 'NONE',  ( 5.200000000000001066, 0.000000000000000000, -0.5999999999999818812 ) ) ;
#5412 = CARTESIAN_POINT ( 'NONE',  ( 4.199999999999995737, 1.685000000000000275, 0.4000000000000146771 ) ) ;
#5413 = EDGE_CURVE ( 'NONE', #2618, #3841, #3004, .T. ) ;
#5414 = ORIENTED_EDGE ( 'NONE', *, *, #7273, .F. ) ;
#5415 = UNCERTAINTY_MEASURE_WITH_UNIT (LENGTH_MEASURE( 1.000000000000000082E-05 ), #7198, 'distance_accuracy_value', 'NONE');
#5416 = ORIENTED_EDGE ( 'NONE', *, *, #4806, .F. ) ;
#5417 = ORIENTED_EDGE ( 'NONE', *, *, #3270, .F. ) ;
#5418 = DIRECTION ( 'NONE',  ( 0.000000000000000000, 1.000000000000000000, 0.000000000000000000 ) ) ;
#5419 = DIRECTION ( 'NONE',  ( -0.8829475928589246569, 0.000000000000000000, -0.4694715627858951912 ) ) ;
#5420 = ORIENTED_EDGE ( 'NONE', *, *, #5149, .T. ) ;
#5421 = DIRECTION ( 'NONE',  ( -1.000000000000000000, 0.000000000000000000, -2.409338161078903914E-15 ) ) ;
#5422 = EDGE_CURVE ( 'NONE', #5555, #3024, #6031, .T. ) ;
#5423 = ORIENTED_EDGE ( 'NONE', *, *, #6347, .T. ) ;
#5424 = DIRECTION ( 'NONE',  ( 0.000000000000000000, 1.000000000000000000, 0.000000000000000000 ) ) ;
#5425 = CARTESIAN_POINT ( 'NONE',  ( -2.503258662110540822, 5.421010862427522170E-17, 0.5999999999999912070 ) ) ;
#5426 = ORIENTED_EDGE ( 'NONE', *, *, #7505, .T. ) ;
#5427 = PLANE ( 'NONE',  #7667 ) ;
#5428 = DIRECTION ( 'NONE',  ( 0.7044604723609805275, 0.08643428580064323186, -0.7044604723609955155 ) ) ;
#5429 = DIRECTION ( 'NONE',  ( 0.9335804264972046296, 0.3583679495452928299, 3.252745160910306766E-15 ) ) ;
#5430 = FACE_OUTER_BOUND ( 'NONE', #6452, .T. ) ;
#5431 = CARTESIAN_POINT ( 'NONE',  ( 4.634773006076766677, 0.7249808048654753367, -0.8390667243631015904 ) ) ;
#5432 = ORIENTED_EDGE ( 'NONE', *, *, #3909, .F. ) ;
#5433 = CARTESIAN_POINT ( 'NONE',  ( 3.049999999999994937, 0.8122217859411922092, 0.3871116837535338306 ) ) ;
#5434 = EDGE_LOOP ( 'NONE', ( #4976, #1451, #4581, #242, #5405, #3901, #557 ) ) ;
#5435 = CARTESIAN_POINT ( 'NONE',  ( -4.350000000000000533, 0.2999999999999999334, 0.7999999999999847233 ) ) ;
#5436 = ORIENTED_EDGE ( 'NONE', *, *, #18, .F. ) ;
#5437 = DIRECTION ( 'NONE',  ( -3.491481338843133355E-15, 0.000000000000000000, 1.000000000000000000 ) ) ;
#5438 = EDGE_CURVE ( 'NONE', #7405, #6848, #2348, .T. ) ;
#5439 = CARTESIAN_POINT ( 'NONE',  ( 2.837649919958297851, 0.7101622962472857736, -1.828086510217439287 ) ) ;
#5440 = CARTESIAN_POINT ( 'NONE',  ( -2.354104822419158083, 0.6165967648585407579, 0.6499999999999941380 ) ) ;
#5441 = AXIS2_PLACEMENT_3D ( 'NONE', #3156, #5321, #4650 ) ;
#5442 = FACE_OUTER_BOUND ( 'NONE', #3150, .T. ) ;
#5443 = PLANE ( 'NONE',  #5876 ) ;
#5444 = ORIENTED_EDGE ( 'NONE', *, *, #827, .T. ) ;
#5445 = EDGE_LOOP ( 'NONE', ( #4107, #376, #1091, #6247 ) ) ;
#5446 = ORIENTED_EDGE ( 'NONE', *, *, #3870, .F. ) ;
#5447 = DIRECTION ( 'NONE',  ( -1.000000000000000000, 0.000000000000000000, -4.336808689942006692E-15 ) ) ;
#5448 = LINE ( 'NONE', #7974, #3591 ) ;
#5449 = DIRECTION ( 'NONE',  ( -0.7071067811865464625, 0.000000000000000000, 0.7071067811865486830 ) ) ;
#5450 = LINE ( 'NONE', #4206, #5976 ) ;
#5451 = EDGE_CURVE ( 'NONE', #1150, #7424, #1721, .T. ) ;
#5452 = ORIENTED_EDGE ( 'NONE', *, *, #2615, .T. ) ;
#5453 = ORIENTED_EDGE ( 'NONE', *, *, #5909, .F. ) ;
#5454 = ADVANCED_FACE ( 'NONE', ( #7450 ), #1757, .T. ) ;
#5455 = VERTEX_POINT ( 'NONE', #2 ) ;
#5456 = FACE_OUTER_BOUND ( 'NONE', #3216, .T. ) ;
#5457 = CARTESIAN_POINT ( 'NONE',  ( 2.684325460196680169, 0.7500000000000001110, 2.046851866974675360 ) ) ;
#5458 = LINE ( 'NONE', #7985, #7851 ) ;
#5459 = EDGE_LOOP ( 'NONE', ( #6301, #7104, #1238, #698, #2206 ) ) ;
#5460 = DIRECTION ( 'NONE',  ( 0.000000000000000000, 1.000000000000000000, 0.000000000000000000 ) ) ;
#5461 = DIRECTION ( 'NONE',  ( -0.000000000000000000, -1.000000000000000000, 0.000000000000000000 ) ) ;
#5462 = FACE_OUTER_BOUND ( 'NONE', #84, .T. ) ;
#5463 = VECTOR ( 'NONE', #7302, 1000.000000000000000 ) ;
#5464 = VERTEX_POINT ( 'NONE', #6867 ) ;
#5465 = DIRECTION ( 'NONE',  ( -0.9025852843498630707, -0.4305110968082899725, -3.151359677021970066E-15 ) ) ;
#5466 = CARTESIAN_POINT ( 'NONE',  ( 3.049999999999997158, 0.000000000000000000, 1.064901808347154569E-14 ) ) ;
#5467 = CARTESIAN_POINT ( 'NONE',  ( -2.414021541698909701, 0.6500000000000017986, 0.6499999999999939160 ) ) ;
#5468 = PLANE ( 'NONE',  #1766 ) ;
#5469 = CARTESIAN_POINT ( 'NONE',  ( -4.200000000000000178, 1.850000000000000089, 0.5999999999999853229 ) ) ;
#5470 = ORIENTED_EDGE ( 'NONE', *, *, #4177, .F. ) ;
#5471 = CARTESIAN_POINT ( 'NONE',  ( -0.2800000000000021361, 0.7899999999997778799, 0.5999999999999989786 ) ) ;
#5472 = CIRCLE ( 'NONE', #5609, 3.374999999999999556 ) ;
#5473 = ORIENTED_EDGE ( 'NONE', *, *, #7543, .F. ) ;
#5474 = DIRECTION ( 'NONE',  ( -1.000000000000000000, 0.000000000000000000, -2.409338161078903914E-15 ) ) ;
#5475 = CIRCLE ( 'NONE', #6272, 3.375000000000007550 ) ;
#5476 = VERTEX_POINT ( 'NONE', #5622 ) ;
#5477 = CARTESIAN_POINT ( 'NONE',  ( 0.000000000000000000, 3.050000000000000266, 0.000000000000000000 ) ) ;
#5478 = AXIS2_PLACEMENT_3D ( 'NONE', #7852, #1506, #2917 ) ;
#5479 = DIRECTION ( 'NONE',  ( -0.000000000000000000, 1.000000000000000000, -0.000000000000000000 ) ) ;
#5480 = DIRECTION ( 'NONE',  ( 0.000000000000000000, -1.000000000000000000, 0.000000000000000000 ) ) ;
#5481 = CARTESIAN_POINT ( 'NONE',  ( -4.349999999999997868, 0.000000000000000000, -1.518794382396762378E-14 ) ) ;
#5482 = EDGE_CURVE ( 'NONE', #3841, #7372, #6947, .T. ) ;
#5483 = VECTOR ( 'NONE', #1773, 1000.000000000000000 ) ;
#5484 = AXIS2_PLACEMENT_3D ( 'NONE', #6894, #8099, #1125 ) ;
#5485 = CARTESIAN_POINT ( 'NONE',  ( -4.195000000000001172, 1.850000000000000089, 0.5999999999999853229 ) ) ;
#5486 = AXIS2_PLACEMENT_3D ( 'NONE', #3481, #6017, #451 ) ;
#5487 = ORIENTED_EDGE ( 'NONE', *, *, #8074, .T. ) ;
#5488 = ADVANCED_FACE ( 'NONE', ( #6289 ), #1213, .F. ) ;
#5489 = ORIENTED_EDGE ( 'NONE', *, *, #5397, .T. ) ;
#5490 = DIRECTION ( 'NONE',  ( 0.000000000000000000, 1.000000000000000000, 0.000000000000000000 ) ) ;
#5491 = AXIS2_PLACEMENT_3D ( 'NONE', #1055, #7281, #1552 ) ;
#5492 = DIRECTION ( 'NONE',  ( 0.000000000000000000, 1.000000000000000000, 0.000000000000000000 ) ) ;
#5493 = DIRECTION ( 'NONE',  ( 1.000000000000000000, 0.000000000000000000, 3.614007241618307356E-15 ) ) ;
#5494 = CIRCLE ( 'NONE', #7070, 0.7999999999999999334 ) ;
#5495 = CARTESIAN_POINT ( 'NONE',  ( -4.039999999999996483, 1.850000000000000089, -0.6000000000000140776 ) ) ;
#5496 = VECTOR ( 'NONE', #602, 999.9999999999998863 ) ;
#5497 = ORIENTED_EDGE ( 'NONE', *, *, #6138, .T. ) ;
#5498 = ADVANCED_FACE ( 'NONE', ( #4956 ), #593, .F. ) ;
#5499 = AXIS2_PLACEMENT_3D ( 'NONE', #4186, #7954, #5931 ) ;
#5500 = VERTEX_POINT ( 'NONE', #553 ) ;
#5501 = CARTESIAN_POINT ( 'NONE',  ( -4.350000000000001421, 3.050000000000000266, 0.6499999999999862554 ) ) ;
#5502 = AXIS2_PLACEMENT_3D ( 'NONE', #204, #3412, #4075 ) ;
#5503 = CARTESIAN_POINT ( 'NONE',  ( 5.299999999999998934, -4.336808689942017736E-16, -0.2999999999999828915 ) ) ;
#5504 = DIRECTION ( 'NONE',  ( 3.491481338843133355E-15, 0.000000000000000000, -1.000000000000000000 ) ) ;
#5505 = ORIENTED_EDGE ( 'NONE', *, *, #3514, .T. ) ;
#5506 = EDGE_CURVE ( 'NONE', #6319, #5690, #1927, .T. ) ;
#5507 = LINE ( 'NONE', #8035, #4163 ) ;
#5508 = CIRCLE ( 'NONE', #8151, 0.09999999999999961697 ) ;
#5509 = EDGE_CURVE ( 'NONE', #7798, #6874, #8227, .T. ) ;
#5510 = CARTESIAN_POINT ( 'NONE',  ( -2.948711915483249513, 0.7300000000000002043, -1.108602626375774118E-14 ) ) ;
#5511 = ORIENTED_EDGE ( 'NONE', *, *, #6341, .F. ) ;
#5512 = VERTEX_POINT ( 'NONE', #5082 ) ;
#5513 = VECTOR ( 'NONE', #213, 1000.000000000000000 ) ;
#5514 = CARTESIAN_POINT ( 'NONE',  ( 0.000000000000000000, 2.700000000000000178, 0.000000000000000000 ) ) ;
#5515 = CARTESIAN_POINT ( 'NONE',  ( -0.4152389907577245243, 1.087170683915321678, -1.449799187390651611E-15 ) ) ;
#5516 = DIRECTION ( 'NONE',  ( 0.3583679495452943842, -0.9335804264972040745, 1.251235008276872888E-15 ) ) ;
#5517 = DIRECTION ( 'NONE',  ( -4.457541847879139630E-17, -1.000000000000000000, -1.556342417898235383E-31 ) ) ;
#5518 = CARTESIAN_POINT ( 'NONE',  ( -4.634773006076766677, 0.7249808048654755588, 0.8390667243631015904 ) ) ;
#5519 = ORIENTED_EDGE ( 'NONE', *, *, #675, .T. ) ;
#5520 = CARTESIAN_POINT ( 'NONE',  ( -0.3506623262364809701, 1.222558476567801256, -1.224330968289996215E-15 ) ) ;
#5521 = CIRCLE ( 'NONE', #6047, 0.7999999999999999334 ) ;
#5522 = AXIS2_PLACEMENT_3D ( 'NONE', #7816, #7204, #1347 ) ;
#5523 = ORIENTED_EDGE ( 'NONE', *, *, #7673, .F. ) ;
#5524 = B_SPLINE_CURVE_WITH_KNOTS ( 'NONE', 3,
 ( #3723, #3762, #1852, #7575 ),
 .UNSPECIFIED., .F., .F.,
 ( 4, 4 ),
 ( 5.547677172294671792E-05, 0.0001643896515999738485 ),
 .UNSPECIFIED. ) ;
#5525 = DIRECTION ( 'NONE',  ( -3.491481338843133355E-15, 0.000000000000000000, 1.000000000000000000 ) ) ;
#5526 = EDGE_LOOP ( 'NONE', ( #849, #7113, #845, #2970 ) ) ;
#5527 = DIRECTION ( 'NONE',  ( -1.000000000000000000, -5.595882180570348138E-16, -3.491481338843133355E-15 ) ) ;
#5528 = DIRECTION ( 'NONE',  ( 3.482500937986975193E-15, 0.07167679137273028078, -0.9974279109682614441 ) ) ;
#5529 = CARTESIAN_POINT ( 'NONE',  ( -5.199999999999999289, 0.1499999999999999944, -0.3000000000000194733 ) ) ;
#5530 = CARTESIAN_POINT ( 'NONE',  ( 0.000000000000000000, 1.201442841485020452, 0.000000000000000000 ) ) ;
#5531 = FACE_OUTER_BOUND ( 'NONE', #850, .T. ) ;
#5532 = VERTEX_POINT ( 'NONE', #7572 ) ;
#5533 = EDGE_LOOP ( 'NONE', ( #6474, #5376, #7098, #3526, #6442, #2393, #4711, #7274, #2301 ) ) ;
#5534 = VERTEX_POINT ( 'NONE', #4455 ) ;
#5535 = CARTESIAN_POINT ( 'NONE',  ( -3.986143571373707228, 0.000000000000000000, -1.600000000000017852 ) ) ;
#5536 = CARTESIAN_POINT ( 'NONE',  ( 2.535399252178448735E-15, 0.000000000000000000, -0.6500000000000013545 ) ) ;
#5537 = LINE ( 'NONE', #3715, #6355 ) ;
#5538 = VECTOR ( 'NONE', #2448, 1000.000000000000000 ) ;
#5539 = DIRECTION ( 'NONE',  ( 3.491481338843133355E-15, -0.000000000000000000, -1.000000000000000000 ) ) ;
#5540 = ORIENTED_EDGE ( 'NONE', *, *, #7990, .F. ) ;
#5541 = ORIENTED_EDGE ( 'NONE', *, *, #5810, .T. ) ;
#5542 = DIRECTION ( 'NONE',  ( 1.000000000000000000, -7.393046231586717701E-32, 3.900614234120682109E-15 ) ) ;
#5543 = CARTESIAN_POINT ( 'NONE',  ( -9.077851480992143568E-15, 1.450000000000003730, 2.599999999999999201 ) ) ;
#5544 = PLANE ( 'NONE',  #1310 ) ;
#5545 = ORIENTED_EDGE ( 'NONE', *, *, #2807, .F. ) ;
#5546 = CARTESIAN_POINT ( 'NONE',  ( 0.000000000000000000, 3.050000000000000266, 0.000000000000000000 ) ) ;
#5547 = PRESENTATION_STYLE_ASSIGNMENT (( #1017 ) ) ;
#5548 = CARTESIAN_POINT ( 'NONE',  ( 5.299999999999998934, -4.336808689942017736E-16, -0.2999999999999828915 ) ) ;
#5549 = VERTEX_POINT ( 'NONE', #7021 ) ;
#5550 = LINE ( 'NONE', #2437, #6444 ) ;
#5551 = DIRECTION ( 'NONE',  ( 0.000000000000000000, 1.000000000000000000, 0.000000000000000000 ) ) ;
#5552 = DIRECTION ( 'NONE',  ( 1.000000000000000000, 0.000000000000000000, 3.614007241618317611E-15 ) ) ;
#5553 = CARTESIAN_POINT ( 'NONE',  ( 4.800000000000002487, -12.43261838873854686, -1.499999999999983347 ) ) ;
#5554 = FACE_OUTER_BOUND ( 'NONE', #6298, .T. ) ;
#5555 = VERTEX_POINT ( 'NONE', #3086 ) ;
#5556 = DIRECTION ( 'NONE',  ( -5.595882180570345180E-16, -1.000000000000000000, -1.953791820782618129E-30 ) ) ;
#5557 = ADVANCED_FACE ( 'NONE', ( #5125 ), #4409, .T. ) ;
#5558 = EDGE_CURVE ( 'NONE', #7231, #1277, #8175, .T. ) ;
#5559 = CARTESIAN_POINT ( 'NONE',  ( 1.839530750724095443, -0.2257025523579470616, -1.839530750724134522 ) ) ;
#5560 = VECTOR ( 'NONE', #1469, 1000.000000000000000 ) ;
#5561 = ORIENTED_EDGE ( 'NONE', *, *, #4114, .T. ) ;
#5562 = PLANE ( 'NONE',  #3230 ) ;
#5563 = CARTESIAN_POINT ( 'NONE',  ( 2.793071785686886965, 0.7500000000000000000, -2.793071785686841224 ) ) ;
#5564 = DIRECTION ( 'NONE',  ( 4.336808689942017736E-15, 0.000000000000000000, -1.000000000000000000 ) ) ;
#5565 = DIRECTION ( 'NONE',  ( -1.954586163371311563E-17, 1.000000000000000000, -6.824401114571930484E-32 ) ) ;
#5566 = CARTESIAN_POINT ( 'NONE',  ( -2.289521852382279565, 0.7306820342472278851, -1.863192174973412829 ) ) ;
#5567 = EDGE_LOOP ( 'NONE', ( #5771, #4106, #2374, #7657 ) ) ;
#5568 = ORIENTED_EDGE ( 'NONE', *, *, #6715, .F. ) ;
#5569 = CARTESIAN_POINT ( 'NONE',  ( -2.971635679190010482, 1.437342676464024693, -1.600001996925291881 ) ) ;
#5570 = AXIS2_PLACEMENT_3D ( 'NONE', #1545, #875, #5945 ) ;
#5571 = DIRECTION ( 'NONE',  ( 1.000000000000000000, 0.000000000000000000, 3.491481338843133355E-15 ) ) ;
#5572 = CARTESIAN_POINT ( 'NONE',  ( -4.529384319090804745, 0.1834367172890583597, -0.8000000000000158096 ) ) ;
#5573 = DIRECTION ( 'NONE',  ( 0.7253743710122836363, 0.6883545756937582416, 2.532631080064463839E-15 ) ) ;
#5574 = VERTEX_POINT ( 'NONE', #40 ) ;
#5575 = VERTEX_POINT ( 'NONE', #638 ) ;
#5576 = CARTESIAN_POINT ( 'NONE',  ( 1.514188661106529085E-30, 0.7300000000000002043, -4.336808689942017736E-16 ) ) ;
#5577 = DIRECTION ( 'NONE',  ( 0.000000000000000000, 1.000000000000000000, 0.000000000000000000 ) ) ;
#5578 = ORIENTED_EDGE ( 'NONE', *, *, #7546, .F. ) ;
#5579 = DIRECTION ( 'NONE',  ( -3.491481338843133355E-15, 0.000000000000000000, 1.000000000000000000 ) ) ;
#5580 = PLANE ( 'NONE',  #4989 ) ;
#5581 = DIRECTION ( 'NONE',  ( -3.491481338843133355E-15, 0.000000000000000000, 1.000000000000000000 ) ) ;
#5582 =( BOUNDED_CURVE ( )  B_SPLINE_CURVE ( 3, ( #2078, #4817, #3536, #5276 ),
 .UNSPECIFIED., .F., .F. ) 
 B_SPLINE_CURVE_WITH_KNOTS ( ( 4, 4 ),
 ( 0.3240051487875587610, 1.186823902350887527 ),
 .UNSPECIFIED. ) 
 CURVE ( )  GEOMETRIC_REPRESENTATION_ITEM ( )  RATIONAL_B_SPLINE_CURVE ( ( 1.000000000000000000, 0.9389182127205366601, 0.9389182127205366601, 1.000000000000000000 ) ) 
 REPRESENTATION_ITEM ( '' )  );
#5583 = ORIENTED_EDGE ( 'NONE', *, *, #1698, .T. ) ;
#5584 = CIRCLE ( 'NONE', #1602, 0.004999999999999796274 ) ;
#5585 = EDGE_LOOP ( 'NONE', ( #3427, #5197, #1158, #6222, #7926 ) ) ;
#5586 = DIRECTION ( 'NONE',  ( 3.491481338843133355E-15, 0.000000000000000000, -1.000000000000000000 ) ) ;
#5587 = CARTESIAN_POINT ( 'NONE',  ( -4.349999999999998757, 0.000000000000000000, -1.518794382396762694E-14 ) ) ;
#5588 = VERTEX_POINT ( 'NONE', #3836 ) ;
#5589 = DIRECTION ( 'NONE',  ( 4.206079614184803695E-30, -1.000000000000000000, -1.204669080539449590E-15 ) ) ;
#5590 = LINE ( 'NONE', #4260, #287 ) ;
#5591 = CARTESIAN_POINT ( 'NONE',  ( 2.973634140239851842, 0.000000000000000000, -1.599999999999993205 ) ) ;
#5592 = ORIENTED_EDGE ( 'NONE', *, *, #6238, .F. ) ;
#5593 = VECTOR ( 'NONE', #6517, 1000.000000000000000 ) ;
#5594 = DIRECTION ( 'NONE',  ( 1.000000000000000000, 0.000000000000000000, 3.491481338843133355E-15 ) ) ;
#5595 = EDGE_CURVE ( 'NONE', #1617, #1755, #4366, .T. ) ;
#5596 = ADVANCED_FACE ( 'NONE', ( #1964 ), #4977, .F. ) ;
#5597 = DIRECTION ( 'NONE',  ( 1.000000000000000000, 0.000000000000000000, 3.523657060577887833E-15 ) ) ;
#5598 = ORIENTED_EDGE ( 'NONE', *, *, #3017, .T. ) ;
#5599 = CARTESIAN_POINT ( 'NONE',  ( -4.500000000000001776, -4.336808689942017736E-16, 0.5999999999999842126 ) ) ;
#5600 = EDGE_CURVE ( 'NONE', #7276, #4244, #5667, .T. ) ;
#5601 = CARTESIAN_POINT ( 'NONE',  ( 8.408911237600033654E-15, 0.5499999999997776667, -2.326794920000000211 ) ) ;
#5602 = CYLINDRICAL_SURFACE ( 'NONE', #6030, 3.375000000000000000 ) ;
#5603 = ADVANCED_FACE ( 'NONE', ( #5704 ), #2591, .F. ) ;
#5604 = CARTESIAN_POINT ( 'NONE',  ( 1.514188661106529085E-30, 1.450000000000002842, -4.336808689942017736E-16 ) ) ;
#5605 = CARTESIAN_POINT ( 'NONE',  ( -2.857867044016739744, 1.042322325207151623, -1.605688869751947800 ) ) ;
#5606 = ADVANCED_FACE ( 'NONE', ( #710 ), #8112, .T. ) ;
#5607 = VERTEX_POINT ( 'NONE', #4648 ) ;
#5608 = CIRCLE ( 'NONE', #5866, 2.950000000000001066 ) ;
#5609 = AXIS2_PLACEMENT_3D ( 'NONE', #3269, #3895, #769 ) ;
#5610 = EDGE_LOOP ( 'NONE', ( #4407, #1188, #4418, #338, #4, #6463, #4692, #537 ) ) ;
#5611 = CARTESIAN_POINT ( 'NONE',  ( -1.493128252873632267, 2.700000000000000178, 2.602031517962560159 ) ) ;
#5612 = CARTESIAN_POINT ( 'NONE',  ( 1.454604435350174807, 2.700000000000000178, 2.735713058173244505 ) ) ;
#5613 = DIRECTION ( 'NONE',  ( 0.000000000000000000, -1.000000000000000000, 0.000000000000000000 ) ) ;
#5614 = CARTESIAN_POINT ( 'NONE',  ( -3.890000000000001457, 0.000000000000000000, 0.5999999999999864331 ) ) ;
#5615 = VECTOR ( 'NONE', #3437, 1000.000000000000000 ) ;
#5616 = EDGE_CURVE ( 'NONE', #5534, #4903, #7725, .T. ) ;
#5617 = AXIS2_PLACEMENT_3D ( 'NONE', #1073, #5972, #3615 ) ;
#5618 = EDGE_CURVE ( 'NONE', #6356, #5512, #1515, .T. ) ;
#5619 = VECTOR ( 'NONE', #7031, 1000.000000000000000 ) ;
#5620 = ORIENTED_EDGE ( 'NONE', *, *, #7361, .F. ) ;
#5621 = DIRECTION ( 'NONE',  ( -1.301981320592949974E-30, -1.000000000000000000, 3.729022710527641551E-16 ) ) ;
#5622 = CARTESIAN_POINT ( 'NONE',  ( -2.073225355892363897, 2.700000000000000178, -2.302550026315338005 ) ) ;
#5623 = AXIS2_PLACEMENT_3D ( 'NONE', #3179, #7692, #1938 ) ;
#5624 = DIRECTION ( 'NONE',  ( -0.7132504491541855618, 0.000000000000000000, 0.7009092642998467904 ) ) ;
#5625 = SURFACE_SIDE_STYLE ('',( #6744 ) ) ;
#5626 = VECTOR ( 'NONE', #236, 1000.000000000000000 ) ;
#5627 = PLANE ( 'NONE',  #3798 ) ;
#5628 = CARTESIAN_POINT ( 'NONE',  ( 0.000000000000000000, 1.437346735502356143, 0.000000000000000000 ) ) ;
#5629 = ORIENTED_EDGE ( 'NONE', *, *, #4329, .F. ) ;
#5630 = AXIS2_PLACEMENT_3D ( 'NONE', #6689, #4240, #6768 ) ;
#5631 = ORIENTED_EDGE ( 'NONE', *, *, #1607, .F. ) ;
#5632 = CARTESIAN_POINT ( 'NONE',  ( -2.517439175034684506, 0.6500000000000019096, -0.6500000000000111244 ) ) ;
#5633 = DIRECTION ( 'NONE',  ( -0.000000000000000000, -1.000000000000000000, 0.000000000000000000 ) ) ;
#5634 = VERTEX_POINT ( 'NONE', #6439 ) ;
#5635 = AXIS2_PLACEMENT_3D ( 'NONE', #4331, #4955, #1756 ) ;
#5636 = EDGE_CURVE ( 'NONE', #4185, #3378, #873, .T. ) ;
#5637 = CARTESIAN_POINT ( 'NONE',  ( 2.220815370558883117, 0.000000000000000000, -1.941772151898728094 ) ) ;
#5638 = FACE_OUTER_BOUND ( 'NONE', #3880, .T. ) ;
#5639 = CARTESIAN_POINT ( 'NONE',  ( -4.189999999999997726, 0.3000000000000000444, -0.6000000000000146327 ) ) ;
#5640 = VERTEX_POINT ( 'NONE', #3287 ) ;
#5641 = AXIS2_PLACEMENT_3D ( 'NONE', #1876, #6897, #3195 ) ;
#5642 = CARTESIAN_POINT ( 'NONE',  ( 3.749962936025418525, 0.4462448075682058368, -0.5999999999999868772 ) ) ;
#5643 = EDGE_CURVE ( 'NONE', #1710, #1180, #2042, .T. ) ;
#5644 = VERTEX_POINT ( 'NONE', #3959 ) ;
#5645 = EDGE_CURVE ( 'NONE', #3200, #2086, #1374, .T. ) ;
#5646 = CARTESIAN_POINT ( 'NONE',  ( 4.349999999999999645, 1.685000000000000275, -0.5999999999999847677 ) ) ;
#5647 = DIRECTION ( 'NONE',  ( -0.4305110968082906941, -0.9025852843498627376, -1.503121460671036632E-15 ) ) ;
#5648 = CARTESIAN_POINT ( 'NONE',  ( -0.4152389907577245243, 1.087170683915321678, -1.449799187390651611E-15 ) ) ;
#5649 = FACE_OUTER_BOUND ( 'NONE', #2945, .T. ) ;
#5650 = CARTESIAN_POINT ( 'NONE',  ( -4.799999999999990941, 1.574999999999999956, -2.351671290311194262 ) ) ;
#5651 = CARTESIAN_POINT ( 'NONE',  ( -4.190000000000000391, 1.850000000000000089, 0.5999999999999853229 ) ) ;
#5652 = ADVANCED_FACE ( 'NONE', ( #2084 ), #5162, .T. ) ;
#5653 = ORIENTED_EDGE ( 'NONE', *, *, #6461, .T. ) ;
#5654 = EDGE_CURVE ( 'NONE', #1801, #1266, #7108, .T. ) ;
#5655 = ORIENTED_EDGE ( 'NONE', *, *, #2801, .F. ) ;
#5656 = FACE_OUTER_BOUND ( 'NONE', #6239, .T. ) ;
#5657 = EDGE_CURVE ( 'NONE', #2732, #1957, #6480, .T. ) ;
#5658 = ORIENTED_EDGE ( 'NONE', *, *, #5438, .T. ) ;
#5659 = DIRECTION ( 'NONE',  ( -1.000000000000000000, 0.000000000000000000, -3.900614234120682109E-15 ) ) ;
#5660 = CARTESIAN_POINT ( 'NONE',  ( 3.495443665173357140, 2.030000000000000249, -0.3419862552563948666 ) ) ;
#5661 = CARTESIAN_POINT ( 'NONE',  ( -4.189999999999996838, 1.850000000000000089, -0.6000000000000146327 ) ) ;
#5662 = ADVANCED_FACE ( 'NONE', ( #1541 ), #7800, .F. ) ;
#5663 = ADVANCED_FACE ( 'NONE', ( #7184 ), #4695, .F. ) ;
#5664 = ORIENTED_EDGE ( 'NONE', *, *, #7064, .F. ) ;
#5665 = ORIENTED_EDGE ( 'NONE', *, *, #4478, .F. ) ;
#5666 = LINE ( 'NONE', #72, #4971 ) ;
#5667 = LINE ( 'NONE', #5740, #2455 ) ;
#5668 = CIRCLE ( 'NONE', #1822, 3.375000000000000000 ) ;
#5669 = PLANE ( 'NONE',  #1777 ) ;
#5670 = VECTOR ( 'NONE', #7076, 1000.000000000000000 ) ;
#5671 = EDGE_CURVE ( 'NONE', #4830, #6896, #7684, .T. ) ;
#5672 = CARTESIAN_POINT ( 'NONE',  ( -4.040000000000000036, 1.850000000000000089, 0.5999999999999858780 ) ) ;
#5673 = CARTESIAN_POINT ( 'NONE',  ( 2.396031216096951244, 2.700000000000000178, -2.376901220389472602 ) ) ;
#5674 = ORIENTED_EDGE ( 'NONE', *, *, #7208, .F. ) ;
#5675 = VERTEX_POINT ( 'NONE', #156 ) ;
#5676 = CARTESIAN_POINT ( 'NONE',  ( 4.349999999999993427, 0.000000000000000000, 0.9000000000000153433 ) ) ;
#5677 = DIRECTION ( 'NONE',  ( 0.3583679495452939956, -0.9335804264972041855, 1.301042606982605321E-15 ) ) ;
#5678 = ORIENTED_EDGE ( 'NONE', *, *, #7829, .F. ) ;
#5679 = ADVANCED_FACE ( 'NONE', ( #7058 ), #2702, .F. ) ;
#5680 = CARTESIAN_POINT ( 'NONE',  ( -4.523008059478761389, 0.1499999999999999667, 0.4999999999999841793 ) ) ;
#5681 = PLANE ( 'NONE',  #2818 ) ;
#5682 = PLANE ( 'NONE',  #5347 ) ;
#5683 = ORIENTED_EDGE ( 'NONE', *, *, #7663, .T. ) ;
#5684 = LINE ( 'NONE', #15, #882 ) ;
#5685 = VERTEX_POINT ( 'NONE', #4611 ) ;
#5686 = ORIENTED_EDGE ( 'NONE', *, *, #7481, .T. ) ;
#5687 = ORIENTED_EDGE ( 'NONE', *, *, #7385, .F. ) ;
#5688 = CARTESIAN_POINT ( 'NONE',  ( -1.584466524402399434, 0.7500000000000000000, 2.979948125898870259 ) ) ;
#5689 = CARTESIAN_POINT ( 'NONE',  ( -3.311815967109285719, 2.700000000000000178, 0.6499999999999894751 ) ) ;
#5690 = VERTEX_POINT ( 'NONE', #7146 ) ;
#5691 = CARTESIAN_POINT ( 'NONE',  ( 4.039999999999998259, 0.5000000000000000000, -0.3999999999999858669 ) ) ;
#5692 = CIRCLE ( 'NONE', #3167, 3.374999999999999556 ) ;
#5693 = CARTESIAN_POINT ( 'NONE',  ( 0.000000000000000000, 2.700000000000000178, 0.000000000000000000 ) ) ;
#5694 = CARTESIAN_POINT ( 'NONE',  ( -5.200000000000001954, 0.2999999999999999334, 0.8083764270126189144 ) ) ;
#5695 = EDGE_LOOP ( 'NONE', ( #6256, #3653, #1996, #7578, #79, #4026, #2495, #1453, #6497, #6024, #3559 ) ) ;
#5696 = EDGE_LOOP ( 'NONE', ( #7945, #4881, #7007, #1275 ) ) ;
#5697 = LINE ( 'NONE', #5611, #2843 ) ;
#5698 = ORIENTED_EDGE ( 'NONE', *, *, #6609, .F. ) ;
#5699 = LINE ( 'NONE', #1750, #3757 ) ;
#5700 = DIRECTION ( 'NONE',  ( -3.491481338843133355E-15, 0.000000000000000000, 1.000000000000000000 ) ) ;
#5701 = LINE ( 'NONE', #4451, #7476 ) ;
#5702 = ORIENTED_EDGE ( 'NONE', *, *, #1583, .F. ) ;
#5703 = VERTEX_POINT ( 'NONE', #2625 ) ;
#5704 = FACE_OUTER_BOUND ( 'NONE', #7150, .T. ) ;
#5705 = EDGE_CURVE ( 'NONE', #1739, #4839, #7051, .T. ) ;
#5706 = VECTOR ( 'NONE', #2779, 1000.000000000000000 ) ;
#5707 = LINE ( 'NONE', #3690, #7636 ) ;
#5708 = EDGE_CURVE ( 'NONE', #5129, #3315, #6521, .T. ) ;
#5709 = VERTEX_POINT ( 'NONE', #7234 ) ;
#5710 = ORIENTED_EDGE ( 'NONE', *, *, #7975, .T. ) ;
#5711 = CARTESIAN_POINT ( 'NONE',  ( -2.800673567555894472, 0.7290621477231956638, 1.884477528664955104 ) ) ;
#5712 = LINE ( 'NONE', #2439, #2953 ) ;
#5713 = LINE ( 'NONE', #7118, #5887 ) ;
#5714 = DIRECTION ( 'NONE',  ( 1.000000000000000000, 0.000000000000000000, -1.536286715444669219E-16 ) ) ;
#5715 = DIRECTION ( 'NONE',  ( 0.000000000000000000, 1.000000000000000000, 0.000000000000000000 ) ) ;
#5716 = VERTEX_POINT ( 'NONE', #6605 ) ;
#5717 = DIRECTION ( 'NONE',  ( -1.000000000000000000, 0.000000000000000000, -3.614007241618348376E-15 ) ) ;
#5718 = VECTOR ( 'NONE', #6074, 1000.000000000000000 ) ;
#5719 = ORIENTED_EDGE ( 'NONE', *, *, #4850, .F. ) ;
#5720 = ORIENTED_EDGE ( 'NONE', *, *, #4021, .F. ) ;
#5721 = ADVANCED_FACE ( 'NONE', ( #5786 ), #1999, .F. ) ;
#5722 = CARTESIAN_POINT ( 'NONE',  ( 1.998910873344680095, 2.700000000000000178, 2.369463086951223207 ) ) ;
#5723 = CARTESIAN_POINT ( 'NONE',  ( 4.500000000000001776, 0.1500000000000002720, -0.5999999999999842126 ) ) ;
#5724 = ORIENTED_EDGE ( 'NONE', *, *, #5968, .T. ) ;
#5725 = FACE_OUTER_BOUND ( 'NONE', #8011, .T. ) ;
#5726 = DIRECTION ( 'NONE',  ( -0.7071067811865598962, 0.000000000000000000, 0.7071067811865350272 ) ) ;
#5727 = TOROIDAL_SURFACE ( 'NONE', #2417, 2.599999999999999645, 0.8000000000000010436 ) ;
#5728 = VERTEX_POINT ( 'NONE', #2822 ) ;
#5729 = ORIENTED_EDGE ( 'NONE', *, *, #2968, .T. ) ;
#5730 = DIRECTION ( 'NONE',  ( -1.000000000000000000, 0.000000000000000000, -3.705642736089843981E-15 ) ) ;
#5731 = ADVANCED_FACE ( 'NONE', ( #7888 ), #950, .T. ) ;
#5732 = ORIENTED_EDGE ( 'NONE', *, *, #812, .F. ) ;
#5733 = DIRECTION ( 'NONE',  ( -0.5043442292812682082, 0.7071067811865536790, -0.4956176937828943307 ) ) ;
#5734 = DIRECTION ( 'NONE',  ( -3.491481338843133355E-15, 0.000000000000000000, 1.000000000000000000 ) ) ;
#5735 = CARTESIAN_POINT ( 'NONE',  ( 4.199999999999995737, 1.685000000000000275, 0.4000000000000146771 ) ) ;
#5736 = CIRCLE ( 'NONE', #3341, 0.1000000000000002554 ) ;
#5737 = ADVANCED_FACE ( 'NONE', ( #4277 ), #4773, .T. ) ;
#5738 = EDGE_LOOP ( 'NONE', ( #506, #1165, #172, #6875, #1592 ) ) ;
#5739 = ORIENTED_EDGE ( 'NONE', *, *, #2198, .T. ) ;
#5740 = CARTESIAN_POINT ( 'NONE',  ( -2.649999999999996358, 0.000000000000000000, -0.6500000000000116795 ) ) ;
#5741 = AXIS2_PLACEMENT_3D ( 'NONE', #5325, #2218, #4786 ) ;
#5742 = VECTOR ( 'NONE', #1497, 1000.000000000000000 ) ;
#5743 = CARTESIAN_POINT ( 'NONE',  ( -2.234160826739604921, 0.5499999999997781108, -0.6500000000000100142 ) ) ;
#5744 = CIRCLE ( 'NONE', #6278, 0.1799999999999996048 ) ;
#5745 = VERTEX_POINT ( 'NONE', #3625 ) ;
#5746 = CIRCLE ( 'NONE', #1631, 0.09999999999999961697 ) ;
#5747 = EDGE_CURVE ( 'NONE', #5728, #6979, #4732, .T. ) ;
#5748 = ORIENTED_EDGE ( 'NONE', *, *, #5960, .T. ) ;
#5750 = EDGE_CURVE ( 'NONE', #1099, #6865, #4867, .T. ) ;
#5749 = AXIS2_PLACEMENT_3D ( 'NONE', #5072, #7602, #545 ) ;
#5751 = CARTESIAN_POINT ( 'NONE',  ( 2.542006242324033494, 0.7936697080123086279, -1.692376341744274759 ) ) ;
#5752 = VERTEX_POINT ( 'NONE', #6732 ) ;
#5753 = CARTESIAN_POINT ( 'NONE',  ( 1.493128252873613615, 2.700000000000000178, 2.602031517962570817 ) ) ;
#5754 = VECTOR ( 'NONE', #2751, 1000.000000000000000 ) ;
#5755 = ADVANCED_FACE ( 'NONE', ( #7269 ), #1576, .F. ) ;
#5756 = CARTESIAN_POINT ( 'NONE',  ( -4.350000000000000533, 1.850000000000000089, 0.5999999999999847677 ) ) ;
#5757 = DIRECTION ( 'NONE',  ( -3.491481338843133355E-15, 0.000000000000000000, 1.000000000000000000 ) ) ;
#5758 = VERTEX_POINT ( 'NONE', #6029 ) ;
#5759 = CIRCLE ( 'NONE', #2175, 0.1500000000000016875 ) ;
#5760 = ORIENTED_EDGE ( 'NONE', *, *, #6461, .F. ) ;
#5761 = VERTEX_POINT ( 'NONE', #6071 ) ;
#5762 = AXIS2_PLACEMENT_3D ( 'NONE', #2788, #7855, #2178 ) ;
#5763 = EDGE_CURVE ( 'NONE', #4084, #3711, #7401, .T. ) ;
#5764 = ORIENTED_EDGE ( 'NONE', *, *, #4441, .F. ) ;
#5765 = DIRECTION ( 'NONE',  ( 1.000000000000000000, 0.000000000000000000, 3.491481338843133355E-15 ) ) ;
#5766 = ADVANCED_FACE ( 'NONE', ( #330 ), #2866, .T. ) ;
#5767 = CARTESIAN_POINT ( 'NONE',  ( -4.544804663974892911, 0.2621338091950923266, 0.4999999999999841793 ) ) ;
#5768 = AXIS2_PLACEMENT_3D ( 'NONE', #7965, #7350, #2331 ) ;
#5769 = AXIS2_PLACEMENT_3D ( 'NONE', #3921, #5280, #2123 ) ;
#5770 = DIRECTION ( 'NONE',  ( 3.491481338843133355E-15, 0.000000000000000000, -1.000000000000000000 ) ) ;
#5771 = ORIENTED_EDGE ( 'NONE', *, *, #6244, .F. ) ;
#5772 = DIRECTION ( 'NONE',  ( 1.000000000000000000, 0.000000000000000000, 3.469446951953638249E-15 ) ) ;
#5773 = LINE ( 'NONE', #7752, #2462 ) ;
#5774 = VECTOR ( 'NONE', #8070, 1000.000000000000000 ) ;
#5775 = ORIENTED_EDGE ( 'NONE', *, *, #2164, .T. ) ;
#5776 = ORIENTED_EDGE ( 'NONE', *, *, #1543, .T. ) ;
#5777 = DIRECTION ( 'NONE',  ( 3.491481338843133355E-15, 0.000000000000000000, -1.000000000000000000 ) ) ;
#5778 = EDGE_CURVE ( 'NONE', #414, #4073, #2997, .T. ) ;
#5779 = DIRECTION ( 'NONE',  ( 1.000000000000000000, 0.000000000000000000, 3.491481338843133355E-15 ) ) ;
#5780 = CARTESIAN_POINT ( 'NONE',  ( 0.000000000000000000, 3.149999999999999911, 0.000000000000000000 ) ) ;
#5781 = STYLED_ITEM ( 'NONE', ( #6494 ), #4836 ) ;
#5782 = CARTESIAN_POINT ( 'NONE',  ( 4.685892979168598593, 0.6449999999999997957, -0.8999999999999832578 ) ) ;
#5783 = ORIENTED_EDGE ( 'NONE', *, *, #1335, .T. ) ;
#5784 = VECTOR ( 'NONE', #5010, 1000.000000000000000 ) ;
#5785 = ORIENTED_EDGE ( 'NONE', *, *, #2650, .T. ) ;
#5786 = FACE_OUTER_BOUND ( 'NONE', #7123, .T. ) ;
#5787 = LINE ( 'NONE', #81, #670 ) ;
#5788 = ORIENTED_EDGE ( 'NONE', *, *, #5133, .T. ) ;
#5789 = ORIENTED_EDGE ( 'NONE', *, *, #158, .F. ) ;
#5790 = ORIENTED_EDGE ( 'NONE', *, *, #3693, .T. ) ;
#5791 = VECTOR ( 'NONE', #6793, 1000.000000000000000 ) ;
#5792 = CARTESIAN_POINT ( 'NONE',  ( 2.073225355892406974, 2.990297223484838174, 2.302550026315338005 ) ) ;
#5793 = FACE_OUTER_BOUND ( 'NONE', #2100, .T. ) ;
#5794 = CARTESIAN_POINT ( 'NONE',  ( 0.000000000000000000, 2.700000000000000178, 0.000000000000000000 ) ) ;
#5795 = DIRECTION ( 'NONE',  ( -0.000000000000000000, -1.000000000000000000, 0.000000000000000000 ) ) ;
#5796 = ORIENTED_EDGE ( 'NONE', *, *, #700, .T. ) ;
#5797 = CARTESIAN_POINT ( 'NONE',  ( 3.233503465900520624, 1.810575256224715934, -0.3615549660506618967 ) ) ;
#5798 = CARTESIAN_POINT ( 'NONE',  ( 3.986143571373717442, 0.3500000000000000333, -1.599999999999990097 ) ) ;
#5799 = EDGE_LOOP ( 'NONE', ( #5665, #5141, #4664, #1688, #3745, #637, #7699, #2743, #6230, #7411, #929, #7591, #8101 ) ) ;
#5800 = ADVANCED_BREP_SHAPE_REPRESENTATION ( '1376164-1', ( #4836, #4978, #4757, #6812 ), #7210 ) ;
#5801 = EDGE_LOOP ( 'NONE', ( #1794, #3248, #5864, #2689 ) ) ;
#5802 = LINE ( 'NONE', #7782, #520 ) ;
#5803 = EDGE_CURVE ( 'NONE', #7501, #1072, #4563, .T. ) ;
#5804 = CARTESIAN_POINT ( 'NONE',  ( -3.586143571373709982, 0.7500000000000000000, -2.000000000000015987 ) ) ;
#5805 = DIRECTION ( 'NONE',  ( 3.491481338843133355E-15, -0.000000000000000000, -1.000000000000000000 ) ) ;
#5806 = DIRECTION ( 'NONE',  ( 1.000000000000000000, 0.000000000000000000, 3.491481338843133355E-15 ) ) ;
#5807 = CARTESIAN_POINT ( 'NONE',  ( 3.299999999999970512, 1.633265455320082049, -0.3932307364972931762 ) ) ;
#5808 = EDGE_CURVE ( 'NONE', #4639, #7986, #5981, .T. ) ;
#5809 = EDGE_CURVE ( 'NONE', #2709, #8004, #2586, .T. ) ;
#5810 = EDGE_CURVE ( 'NONE', #6937, #3468, #985, .T. ) ;
#5811 = ORIENTED_EDGE ( 'NONE', *, *, #4373, .T. ) ;
#5812 = DIRECTION ( 'NONE',  ( 0.000000000000000000, -1.000000000000000000, 0.000000000000000000 ) ) ;
#5813 = ORIENTED_EDGE ( 'NONE', *, *, #3525, .F. ) ;
#5814 = CARTESIAN_POINT ( 'NONE',  ( -4.800000000000002487, 0.000000000000000000, 1.499999999999983347 ) ) ;
#5815 = CARTESIAN_POINT ( 'NONE',  ( 2.092844953645623285, 3.149999999999999911, 3.350000000000007638 ) ) ;
#5816 = ORIENTED_EDGE ( 'NONE', *, *, #4127, .T. ) ;
#5817 = CARTESIAN_POINT ( 'NONE',  ( 3.049999999999995826, 0.000000000000000000, 0.3500000000000123013 ) ) ;
#5818 = CARTESIAN_POINT ( 'NONE',  ( -1.049725974647594412E-31, 0.6500000000000021316, 3.006534684774830758E-17 ) ) ;
#5819 = CARTESIAN_POINT ( 'NONE',  ( 4.742946489584303649, 1.109999999999999654, -0.8999999999999823697 ) ) ;
#5820 = EDGE_LOOP ( 'NONE', ( #4865, #7857, #6191, #2419 ) ) ;
#5821 = DIRECTION ( 'NONE',  ( -1.000000000000000000, 0.000000000000000000, -4.336808689942006692E-15 ) ) ;
#5822 = FACE_OUTER_BOUND ( 'NONE', #4729, .T. ) ;
#5823 = ORIENTED_EDGE ( 'NONE', *, *, #4685, .T. ) ;
#5824 = ORIENTED_EDGE ( 'NONE', *, *, #7132, .T. ) ;
#5825 = ORIENTED_EDGE ( 'NONE', *, *, #364, .T. ) ;
#5826 = CARTESIAN_POINT ( 'NONE',  ( 1.960029227186062872, 2.936181402197361567, 2.277331563616394217 ) ) ;
#5827 = ORIENTED_EDGE ( 'NONE', *, *, #4719, .F. ) ;
#5828 = CARTESIAN_POINT ( 'NONE',  ( 1.442899194636086513, 2.963205231921812732, -2.688765901894646149 ) ) ;
#5829 = AXIS2_PLACEMENT_3D ( 'NONE', #7891, #7186, #4043 ) ;
#5830 = DIRECTION ( 'NONE',  ( -0.000000000000000000, -1.000000000000000000, 0.000000000000000000 ) ) ;
#5831 = ORIENTED_EDGE ( 'NONE', *, *, #344, .T. ) ;
#5832 = DIRECTION ( 'NONE',  ( -0.7071067811865464625, 0.000000000000000000, 0.7071067811865486830 ) ) ;
#5833 = VERTEX_POINT ( 'NONE', #2948 ) ;
#5834 = ORIENTED_EDGE ( 'NONE', *, *, #4305, .F. ) ;
#5835 = ORIENTED_EDGE ( 'NONE', *, *, #5705, .T. ) ;
#5836 = CYLINDRICAL_SURFACE ( 'NONE', #1714, 0.9999999999999935607 ) ;
#5837 = DIRECTION ( 'NONE',  ( 0.000000000000000000, 1.000000000000000000, 0.000000000000000000 ) ) ;
#5838 = CARTESIAN_POINT ( 'NONE',  ( 3.308622559101693117, 1.670477515828883375, -0.3890296062698990198 ) ) ;
#5839 = ORIENTED_EDGE ( 'NONE', *, *, #1089, .T. ) ;
#5840 = ADVANCED_FACE ( 'NONE', ( #3452 ), #4156, .T. ) ;
#5841 = CARTESIAN_POINT ( 'NONE',  ( 2.973634140239851842, 0.3500000000000000333, -1.599999999999993205 ) ) ;
#5842 = FACE_OUTER_BOUND ( 'NONE', #4569, .T. ) ;
#5843 = EDGE_CURVE ( 'NONE', #1700, #4637, #377, .T. ) ;
#5844 = VECTOR ( 'NONE', #3751, 1000.000000000000000 ) ;
#5845 = VERTEX_POINT ( 'NONE', #2377 ) ;
#5846 = DIRECTION ( 'NONE',  ( -3.491481338843133355E-15, 0.000000000000000000, 1.000000000000000000 ) ) ;
#5847 = ADVANCED_FACE ( 'NONE', ( #4907 ), #1748, .F. ) ;
#5848 = ORIENTED_EDGE ( 'NONE', *, *, #6170, .F. ) ;
#5849 = CARTESIAN_POINT ( 'NONE',  ( 4.500000000000001776, 0.3000000000000024314, -0.5999999999999842126 ) ) ;
#5850 = EDGE_CURVE ( 'NONE', #2593, #6231, #1288, .T. ) ;
#5851 = FACE_OUTER_BOUND ( 'NONE', #434, .T. ) ;
#5852 = VERTEX_POINT ( 'NONE', #3827 ) ;
#5853 = CARTESIAN_POINT ( 'NONE',  ( 0.000000000000000000, 3.149999999999999911, 0.000000000000000000 ) ) ;
#5854 = EDGE_CURVE ( 'NONE', #7848, #4191, #5697, .T. ) ;
#5855 = CONICAL_SURFACE ( 'NONE', #7973, 3.375000000000002665, 1.047197551196601850 ) ;
#5856 = LINE ( 'NONE', #5158, #4663 ) ;
#5857 = DIRECTION ( 'NONE',  ( 0.7071067811865486830, 0.000000000000000000, 0.7071067811865464625 ) ) ;
#5858 = EDGE_CURVE ( 'NONE', #4856, #4191, #7499, .T. ) ;
#5859 = ORIENTED_EDGE ( 'NONE', *, *, #5636, .F. ) ;
#5860 = DIRECTION ( 'NONE',  ( -0.000000000000000000, -1.000000000000000000, -0.000000000000000000 ) ) ;
#5861 = EDGE_CURVE ( 'NONE', #598, #2067, #8155, .T. ) ;
#5862 = FACE_OUTER_BOUND ( 'NONE', #14, .T. ) ;
#5863 = ADVANCED_FACE ( 'NONE', ( #5656 ), #8181, .T. ) ;
#5864 = ORIENTED_EDGE ( 'NONE', *, *, #2506, .T. ) ;
#5865 = EDGE_LOOP ( 'NONE', ( #2361, #753, #7173, #6527, #3020, #6437, #3958 ) ) ;
#5866 = AXIS2_PLACEMENT_3D ( 'NONE', #2341, #8026, #6110 ) ;
#5867 = DIRECTION ( 'NONE',  ( 1.000000000000000000, 0.000000000000000000, 3.491481338843133355E-15 ) ) ;
#5868 = CIRCLE ( 'NONE', #6140, 1.000000000000000000 ) ;
#5869 = CARTESIAN_POINT ( 'NONE',  ( 1.969126718394317965, 2.937927653622212976, 2.273492210686073101 ) ) ;
#5870 = ORIENTED_EDGE ( 'NONE', *, *, #6212, .F. ) ;
#5871 = VECTOR ( 'NONE', #2740, 1000.000000000000114 ) ;
#5872 = CARTESIAN_POINT ( 'NONE',  ( 1.442899194636085403, 2.946516468107683639, -2.655960922766603893 ) ) ;
#5873 = CARTESIAN_POINT ( 'NONE',  ( -2.165163965172540728, 3.069625205664044731, 2.404658196377813972 ) ) ;
#5874 = EDGE_LOOP ( 'NONE', ( #7651, #8100, #3728, #3664, #6331, #7135 ) ) ;
#5875 = AXIS2_PLACEMENT_3D ( 'NONE', #1561, #4852, #6628 ) ;
#5876 = AXIS2_PLACEMENT_3D ( 'NONE', #7353, #4727, #7265 ) ;
#5877 = DIRECTION ( 'NONE',  ( -1.000000000000000000, 0.000000000000000000, -3.491481338843133355E-15 ) ) ;
#5878 = ORIENTED_EDGE ( 'NONE', *, *, #3518, .T. ) ;
#5879 = CIRCLE ( 'NONE', #3357, 0.1499999999999995226 ) ;
#5880 = DIRECTION ( 'NONE',  ( 0.000000000000000000, 1.000000000000000000, 0.000000000000000000 ) ) ;
#5881 = AXIS2_PLACEMENT_3D ( 'NONE', #4887, #7423, #1187 ) ;
#5882 = CARTESIAN_POINT ( 'NONE',  ( 4.628839468752889097, 0.1800000000000611944, 0.9000000000000161204 ) ) ;
#5883 = CARTESIAN_POINT ( 'NONE',  ( -4.040000000000000036, 1.850000000000000089, 0.5999999999999858780 ) ) ;
#5884 = DIRECTION ( 'NONE',  ( -1.000000000000000000, 0.000000000000000000, -3.491481338843133355E-15 ) ) ;
#5885 = DIRECTION ( 'NONE',  ( -3.482500937986975193E-15, -0.07167679137273029466, 0.9974279109682614441 ) ) ;
#5886 = EDGE_CURVE ( 'NONE', #49, #4665, #6192, .T. ) ;
#5887 = VECTOR ( 'NONE', #6369, 1000.000000000000000 ) ;
#5888 = DIRECTION ( 'NONE',  ( -1.000000000000000000, 0.000000000000000000, -3.491481338843133355E-15 ) ) ;
#5889 = AXIS2_PLACEMENT_3D ( 'NONE', #7197, #1016, #1508 ) ;
#5890 = VECTOR ( 'NONE', #1403, 1000.000000000000000 ) ;
#5891 = VERTEX_POINT ( 'NONE', #4942 ) ;
#5892 = VECTOR ( 'NONE', #7409, 1000.000000000000000 ) ;
#5893 = CARTESIAN_POINT ( 'NONE',  ( 4.199999999999995737, 1.685000000000000275, 0.6000000000000146327 ) ) ;
#5894 = ORIENTED_EDGE ( 'NONE', *, *, #7268, .F. ) ;
#5895 = DIRECTION ( 'NONE',  ( -1.000000000000000000, 0.000000000000000000, -2.409338161078903914E-15 ) ) ;
#5896 = AXIS2_PLACEMENT_3D ( 'NONE', #2986, #6096, #3529 ) ;
#5897 = CARTESIAN_POINT ( 'NONE',  ( -2.503258662110540822, 0.3499999999999999778, 0.5999999999999912070 ) ) ;
#5898 = EDGE_LOOP ( 'NONE', ( #7267, #1408, #3377, #6923 ) ) ;
#5899 = FACE_OUTER_BOUND ( 'NONE', #4913, .T. ) ;
#5900 = CARTESIAN_POINT ( 'NONE',  ( -2.817392914024854367, 3.050000000000000711, 2.768644305733723332 ) ) ;
#5901 = CARTESIAN_POINT ( 'NONE',  ( -2.003526488317634093E-15, 0.6500000000000017986, 0.6500000000000013545 ) ) ;
#5902 = EDGE_CURVE ( 'NONE', #5758, #6868, #2581, .T. ) ;
#5903 = ORIENTED_EDGE ( 'NONE', *, *, #2342, .F. ) ;
#5904 = ORIENTED_EDGE ( 'NONE', *, *, #5344, .T. ) ;
#5905 = DIRECTION ( 'NONE',  ( 0.000000000000000000, 1.000000000000000000, 0.000000000000000000 ) ) ;
#5906 = VECTOR ( 'NONE', #3761, 1000.000000000000000 ) ;
#5907 = DIRECTION ( 'NONE',  ( -1.000000000000000000, 5.033795800825555596E-16, -3.491481338843133355E-15 ) ) ;
#5908 = CARTESIAN_POINT ( 'NONE',  ( 1.584466524402396104, 2.700000000000000178, -2.979948125898870703 ) ) ;
#5909 = EDGE_CURVE ( 'NONE', #4073, #6319, #4375, .T. ) ;
#5910 = VECTOR ( 'NONE', #58, 1000.000000000000000 ) ;
#5911 = ORIENTED_EDGE ( 'NONE', *, *, #8191, .F. ) ;
#5912 = EDGE_CURVE ( 'NONE', #5081, #6937, #629, .T. ) ;
#5913 = VERTEX_POINT ( 'NONE', #6980 ) ;
#5914 = DIRECTION ( 'NONE',  ( -3.491481338843133355E-15, 0.000000000000000000, 1.000000000000000000 ) ) ;
#5915 = CARTESIAN_POINT ( 'NONE',  ( -2.134476815985793419, 2.700000000000000178, 2.370576664446630399 ) ) ;
#5916 = ORIENTED_EDGE ( 'NONE', *, *, #8044, .F. ) ;
#5917 = EDGE_CURVE ( 'NONE', #343, #2732, #2050, .T. ) ;
#5918 = DIRECTION ( 'NONE',  ( -1.000000000000000000, 0.000000000000000000, -3.614007241618349165E-15 ) ) ;
#5919 = LINE ( 'NONE', #89, #6397 ) ;
#5920 = ORIENTED_EDGE ( 'NONE', *, *, #1292, .F. ) ;
#5921 = DIRECTION ( 'NONE',  ( 0.000000000000000000, 1.000000000000000000, 0.000000000000000000 ) ) ;
#5922 = DIRECTION ( 'NONE',  ( -0.4305110968082906941, -0.9025852843498627376, -1.503121460671036632E-15 ) ) ;
#5923 = ORIENTED_EDGE ( 'NONE', *, *, #3060, .T. ) ;
#5924 = ORIENTED_EDGE ( 'NONE', *, *, #4032, .F. ) ;
#5925 = CARTESIAN_POINT ( 'NONE',  ( 2.028445150527650842, 2.960461804438637490, -2.273301069127937168 ) ) ;
#5926 = CARTESIAN_POINT ( 'NONE',  ( -5.300000000000000711, 0.000000000000000000, -0.3000000000000198619 ) ) ;
#5927 = DIRECTION ( 'NONE',  ( -0.7071067811865415775, 0.000000000000000000, -0.7071067811865535679 ) ) ;
#5928 = CARTESIAN_POINT ( 'NONE',  ( 4.349999999999995204, 0.3199999999999999512, 0.5000000000000156541 ) ) ;
#5929 = PLANE ( 'NONE',  #1630 ) ;
#5930 = CIRCLE ( 'NONE', #6723, 0.3599999999999999867 ) ;
#5931 = DIRECTION ( 'NONE',  ( -0.4694715627858889184, 0.000000000000000000, -0.8829475928589278766 ) ) ;
#5932 = ORIENTED_EDGE ( 'NONE', *, *, #6456, .F. ) ;
#5933 = CARTESIAN_POINT ( 'NONE',  ( -1.445708504353946822, 2.951052056702723192, 2.663335984785621502 ) ) ;
#5934 = ORIENTED_EDGE ( 'NONE', *, *, #8191, .T. ) ;
#5935 = DIRECTION ( 'NONE',  ( -3.491481338843133355E-15, 0.000000000000000000, 1.000000000000000000 ) ) ;
#5936 = CARTESIAN_POINT ( 'NONE',  ( 4.349999999999994316, 0.2999999999999999334, 0.8000000000000151434 ) ) ;
#5937 = DIRECTION ( 'NONE',  ( 3.491481338843133355E-15, -0.000000000000000000, -1.000000000000000000 ) ) ;
#5938 = DIRECTION ( 'NONE',  ( 0.000000000000000000, 1.000000000000000000, 0.000000000000000000 ) ) ;
#5939 = DIRECTION ( 'NONE',  ( 5.595882180570345180E-16, 1.000000000000000000, 1.953791820782618129E-30 ) ) ;
#5940 = ORIENTED_EDGE ( 'NONE', *, *, #973, .T. ) ;
#5941 = ORIENTED_EDGE ( 'NONE', *, *, #106, .T. ) ;
#5942 = DIRECTION ( 'NONE',  ( -1.000000000000000000, 2.710505431213754182E-16, -3.491481338843133355E-15 ) ) ;
#5943 = FACE_OUTER_BOUND ( 'NONE', #4486, .T. ) ;
#5944 = EDGE_CURVE ( 'NONE', #1900, #7629, #2675, .T. ) ;
#5945 = DIRECTION ( 'NONE',  ( -1.000000000000000000, 0.000000000000000000, -3.614007241618348376E-15 ) ) ;
#5946 = DIRECTION ( 'NONE',  ( 0.7071067811865414665, 0.000000000000000000, 0.7071067811865536790 ) ) ;
#5947 = ORIENTED_EDGE ( 'NONE', *, *, #5994, .T. ) ;
#5948 = ORIENTED_EDGE ( 'NONE', *, *, #5509, .T. ) ;
#5949 = VECTOR ( 'NONE', #7378, 1000.000000000000000 ) ;
#5950 = CARTESIAN_POINT ( 'NONE',  ( 3.300887082815648021, 1.619185261362809491, -0.3947396360053139208 ) ) ;
#5951 = DIRECTION ( 'NONE',  ( 0.000000000000000000, 1.000000000000000000, 0.000000000000000000 ) ) ;
#5952 = VERTEX_POINT ( 'NONE', #5569 ) ;
#5953 = ADVANCED_FACE ( 'NONE', ( #3747 ), #4401, .T. ) ;
#5954 = CYLINDRICAL_SURFACE ( 'NONE', #5361, 0.1799999999999996048 ) ;
#5955 = ADVANCED_FACE ( 'NONE', ( #6860 ), #4446, .F. ) ;
#5956 = DIRECTION ( 'NONE',  ( 3.491481338843133355E-15, -0.000000000000000000, -1.000000000000000000 ) ) ;
#5957 = CARTESIAN_POINT ( 'NONE',  ( -1.934429877430350997, 2.933493649053891872, 2.293028793823750799 ) ) ;
#5958 = EDGE_CURVE ( 'NONE', #8020, #5752, #3513, .T. ) ;
#5959 = DIRECTION ( 'NONE',  ( 0.000000000000000000, 1.000000000000000000, 0.000000000000000000 ) ) ;
#5960 = EDGE_CURVE ( 'NONE', #743, #6677, #5879, .T. ) ;
#5961 = ORIENTED_EDGE ( 'NONE', *, *, #1930, .F. ) ;
#5962 = CARTESIAN_POINT ( 'NONE',  ( 3.332051350969298831, 1.697303936377418943, -0.5999999999999883205 ) ) ;
#5963 = CARTESIAN_POINT ( 'NONE',  ( -4.499999999999998224, -4.336808689942017736E-16, -0.6000000000000156319 ) ) ;
#5964 = DIRECTION ( 'NONE',  ( 1.000000000000000000, 0.000000000000000000, 3.491481338843133355E-15 ) ) ;
#5965 = CARTESIAN_POINT ( 'NONE',  ( -4.500000000000001776, 0.1499999999999999667, 0.5999999999999842126 ) ) ;
#5966 = DIRECTION ( 'NONE',  ( -1.000000000000000000, 0.000000000000000000, -3.491481338843133355E-15 ) ) ;
#5967 = DIRECTION ( 'NONE',  ( -0.000000000000000000, -1.000000000000000000, 0.000000000000000000 ) ) ;
#5968 = EDGE_CURVE ( 'NONE', #4457, #3866, #4294, .T. ) ;
#5969 = ORIENTED_EDGE ( 'NONE', *, *, #1435, .F. ) ;
#5970 = DIRECTION ( 'NONE',  ( 0.000000000000000000, 1.000000000000000000, 0.000000000000000000 ) ) ;
#5971 = ORIENTED_EDGE ( 'NONE', *, *, #4336, .F. ) ;
#5972 = DIRECTION ( 'NONE',  ( -6.309119421277207295E-31, 1.000000000000000000, 1.807003620809174878E-16 ) ) ;
#5973 = FACE_OUTER_BOUND ( 'NONE', #2128, .T. ) ;
#5974 = FACE_OUTER_BOUND ( 'NONE', #2365, .T. ) ;
#5975 = DIRECTION ( 'NONE',  ( -0.000000000000000000, -1.000000000000000000, -0.000000000000000000 ) ) ;
#5976 = VECTOR ( 'NONE', #5539, 1000.000000000000000 ) ;
#5977 = CARTESIAN_POINT ( 'NONE',  ( -4.040000000000000036, 1.850000000000000089, 0.5999999999999858780 ) ) ;
#5978 = ORIENTED_EDGE ( 'NONE', *, *, #5482, .F. ) ;
#5979 = ORIENTED_EDGE ( 'NONE', *, *, #4591, .F. ) ;
#5980 = EDGE_CURVE ( 'NONE', #4276, #414, #31, .T. ) ;
#5981 = LINE ( 'NONE', #4822, #4835 ) ;
#5982 = DIRECTION ( 'NONE',  ( -1.000000000000000000, 0.000000000000000000, -3.491481338843133355E-15 ) ) ;
#5983 = DIRECTION ( 'NONE',  ( -1.000000000000000000, 0.000000000000000000, 0.000000000000000000 ) ) ;
#5984 = DIRECTION ( 'NONE',  ( 1.000000000000000000, 0.000000000000000000, 3.614007241618307356E-15 ) ) ;
#5985 = ORIENTED_EDGE ( 'NONE', *, *, #3328, .T. ) ;
#5986 = ORIENTED_EDGE ( 'NONE', *, *, #7883, .F. ) ;
#5987 = CARTESIAN_POINT ( 'NONE',  ( 3.552499999999999769, 1.810000000000000053, -0.5999999999999875433 ) ) ;
#5988 = FACE_OUTER_BOUND ( 'NONE', #4388, .T. ) ;
#5989 = ORIENTED_EDGE ( 'NONE', *, *, #3541, .T. ) ;
#5990 = CARTESIAN_POINT ( 'NONE',  ( 2.971636754383014889, 0.000000000000000000, -1.599999999999994538 ) ) ;
#5991 = CARTESIAN_POINT ( 'NONE',  ( -3.311815967109285719, 1.450000000000000178, 0.6499999999999894751 ) ) ;
#5992 = ORIENTED_EDGE ( 'NONE', *, *, #439, .F. ) ;
#5993 = CARTESIAN_POINT ( 'NONE',  ( -4.189999999999996838, 1.850000000000000089, -0.6000000000000146327 ) ) ;
#5994 = EDGE_CURVE ( 'NONE', #5607, #6321, #7757, .T. ) ;
#5995 = CIRCLE ( 'NONE', #7054, 0.1799999999999996048 ) ;
#5996 = EDGE_CURVE ( 'NONE', #7545, #743, #3236, .T. ) ;
#5997 = VERTEX_POINT ( 'NONE', #7046 ) ;
#5998 = CIRCLE ( 'NONE', #1626, 3.950000000000001954 ) ;
#5999 = DIRECTION ( 'NONE',  ( -2.502581795060402787E-16, -0.9974279109682614441, 0.07167679137273028078 ) ) ;
#6000 = CARTESIAN_POINT ( 'NONE',  ( -2.396031216096933036, 3.149999999999999911, -2.376901220389489922 ) ) ;
#6001 = EDGE_CURVE ( 'NONE', #1709, #1422, #5309, .T. ) ;
#6002 = B_SPLINE_CURVE_WITH_KNOTS ( 'NONE', 3,
 ( #5269, #7876, #7790, #233, #1358, #4516, #863, #7044, #5933, #2025, #1404, #1442, #4564, #5307, #7093, #6468 ),
 .UNSPECIFIED., .F., .F.,
 ( 4, 3, 3, 3, 3, 4 ),
 ( 0.000000000000000000, 3.014886002918616264E-05, 6.018081032726305005E-05, 9.187161686365828651E-05, 0.0001278708812780844780, 0.0001651438938026702781 ),
 .UNSPECIFIED. ) ;
#6003 = CARTESIAN_POINT ( 'NONE',  ( -3.374999999999999556, 1.437346735502356143, -1.180411209287754414E-14 ) ) ;
#6004 = AXIS2_PLACEMENT_3D ( 'NONE', #5648, #3067, #4934 ) ;
#6005 = CARTESIAN_POINT ( 'NONE',  ( 5.697994294206006113E-15, 0.3500000000000000333, -2.000000000000001332 ) ) ;
#6006 = DIRECTION ( 'NONE',  ( -1.000000000000000000, 0.000000000000000000, -3.491481338843133355E-15 ) ) ;
#6007 = CARTESIAN_POINT ( 'NONE',  ( -4.349999999999999645, 0.2999999999999999334, 0.4999999999999848455 ) ) ;
#6008 = VECTOR ( 'NONE', #6752, 999.9999999999998863 ) ;
#6009 = EDGE_CURVE ( 'NONE', #6611, #4201, #1481, .T. ) ;
#6010 = VECTOR ( 'NONE', #3731, 1000.000000000000000 ) ;
#6011 = EDGE_CURVE ( 'NONE', #5685, #4315, #6430, .T. ) ;
#6012 = CONICAL_SURFACE ( 'NONE', #6539, 3.374999999999999556, 0.7853981633974396193 ) ;
#6013 = ORIENTED_EDGE ( 'NONE', *, *, #885, .F. ) ;
#6014 = DIRECTION ( 'NONE',  ( 3.491481338843133355E-15, -0.000000000000000000, -1.000000000000000000 ) ) ;
#6015 = ORIENTED_EDGE ( 'NONE', *, *, #2196, .T. ) ;
#6016 = AXIS2_PLACEMENT_3D ( 'NONE', #1026, #1521, #5964 ) ;
#6017 = DIRECTION ( 'NONE',  ( -0.000000000000000000, -1.000000000000000000, 0.000000000000000000 ) ) ;
#6018 = CARTESIAN_POINT ( 'NONE',  ( 5.299999999999997158, 0.1499999999999999667, 0.3000000000000170308 ) ) ;
#6019 = EDGE_CURVE ( 'NONE', #4374, #4457, #4028, .T. ) ;
#6020 = FACE_OUTER_BOUND ( 'NONE', #1727, .T. ) ;
#6021 = LINE ( 'NONE', #2734, #552 ) ;
#6022 = LINE ( 'NONE', #325, #1109 ) ;
#6023 = AXIS2_PLACEMENT_3D ( 'NONE', #3684, #8192, #5041 ) ;
#6024 = ORIENTED_EDGE ( 'NONE', *, *, #381, .F. ) ;
#6025 = AXIS2_PLACEMENT_3D ( 'NONE', #943, #1569, #2200 ) ;
#6026 = ADVANCED_FACE ( 'NONE', ( #74 ), #1445, .T. ) ;
#6027 = VECTOR ( 'NONE', #4226, 1000.000000000000227 ) ;
#6028 = ORIENTED_EDGE ( 'NONE', *, *, #7804, .F. ) ;
#6029 = CARTESIAN_POINT ( 'NONE',  ( -4.350000000000001421, 0.000000000000000000, 0.8999999999999850342 ) ) ;
#6030 = AXIS2_PLACEMENT_3D ( 'NONE', #5693, #1075, #4354 ) ;
#6031 = CIRCLE ( 'NONE', #7078, 0.8000000000000012657 ) ;
#6032 = CARTESIAN_POINT ( 'NONE',  ( 0.000000000000000000, 1.450000000000001288, 0.000000000000000000 ) ) ;
#6033 = CARTESIAN_POINT ( 'NONE',  ( -2.417156442748878309, 0.1694829431300273470, -0.6000000000000084155 ) ) ;
#6034 = CARTESIAN_POINT ( 'NONE',  ( -2.948341650956595839, 1.229414983117781190, 1.599291783640713893 ) ) ;
#6035 = VERTEX_POINT ( 'NONE', #2730 ) ;
#6036 = ORIENTED_EDGE ( 'NONE', *, *, #4200, .T. ) ;
#6037 = ORIENTED_EDGE ( 'NONE', *, *, #3867, .F. ) ;
#6038 = DIRECTION ( 'NONE',  ( -1.000000000000000000, 0.000000000000000000, -3.491481338843133355E-15 ) ) ;
#6039 = LINE ( 'NONE', #2786, #6530 ) ;
#6040 = ORIENTED_EDGE ( 'NONE', *, *, #1956, .T. ) ;
#6041 = DIRECTION ( 'NONE',  ( 6.262539624465017671E-16, -1.000000000000000000, 2.186554023258529173E-30 ) ) ;
#6042 = CARTESIAN_POINT ( 'NONE',  ( 1.442899194636086735, 2.700000000000000178, -2.688765901894645705 ) ) ;
#6043 = ORIENTED_EDGE ( 'NONE', *, *, #5406, .F. ) ;
#6044 = DIRECTION ( 'NONE',  ( 0.000000000000000000, -1.000000000000000000, 0.000000000000000000 ) ) ;
#6045 = DIRECTION ( 'NONE',  ( 1.000000000000000000, -7.393046231586717701E-32, 3.082348443565584602E-15 ) ) ;
#6046 = ORIENTED_EDGE ( 'NONE', *, *, #2749, .T. ) ;
#6047 = AXIS2_PLACEMENT_3D ( 'NONE', #1639, #7202, #221 ) ;
#6048 = ORIENTED_EDGE ( 'NONE', *, *, #1084, .F. ) ;
#6049 = EDGE_CURVE ( 'NONE', #363, #1529, #5074, .T. ) ;
#6050 = CARTESIAN_POINT ( 'NONE',  ( 3.299999999999967848, 1.633265455320082049, 0.3932307364973161579 ) ) ;
#6051 = VECTOR ( 'NONE', #2353, 1000.000000000000000 ) ;
#6052 = PLANE ( 'NONE',  #6794 ) ;
#6053 = DIRECTION ( 'NONE',  ( -1.000000000000000000, 0.000000000000000000, 7.727764574790662314E-13 ) ) ;
#6054 = CARTESIAN_POINT ( 'NONE',  ( 3.609925872050838258, 0.3924896151364118402, -0.5999999999999873213 ) ) ;
#6055 = CARTESIAN_POINT ( 'NONE',  ( -4.529384319090810074, 0.1834367172890583597, 0.7999999999999840572 ) ) ;
#6056 = CARTESIAN_POINT ( 'NONE',  ( 3.346774409994781596, 3.016664985629801343, 0.5500000000000133671 ) ) ;
#6057 = EDGE_LOOP ( 'NONE', ( #8139, #8197, #269, #519 ) ) ;
#6058 = LINE ( 'NONE', #3023, #3509 ) ;
#6059 = ORIENTED_EDGE ( 'NONE', *, *, #7804, .T. ) ;
#6060 = CARTESIAN_POINT ( 'NONE',  ( -1.934429877430350997, 2.700000000000000178, 2.293028793823750799 ) ) ;
#6061 = AXIS2_PLACEMENT_3D ( 'NONE', #6181, #3773, #493 ) ;
#6062 = EDGE_CURVE ( 'NONE', #1324, #2708, #5187, .T. ) ;
#6063 = PLANE ( 'NONE',  #5768 ) ;
#6064 = ADVANCED_FACE ( 'NONE', ( #865 ), #4640, .F. ) ;
#6065 = CARTESIAN_POINT ( 'NONE',  ( -2.642215976589607607, 0.7500000000000000000, -2.099838025433064193 ) ) ;
#6066 = ADVANCED_FACE ( 'NONE', ( #4566 ), #5231, .F. ) ;
#6067 = CARTESIAN_POINT ( 'NONE',  ( 5.199999999999998401, 0.1499999999999999667, 0.6000000000000180744 ) ) ;
#6068 = ORIENTED_EDGE ( 'NONE', *, *, #66, .F. ) ;
#6069 = ORIENTED_EDGE ( 'NONE', *, *, #2701, .T. ) ;
#6070 = ORIENTED_EDGE ( 'NONE', *, *, #4872, .F. ) ;
#6071 = CARTESIAN_POINT ( 'NONE',  ( -4.039999999999996483, 1.850000000000000089, -0.6000000000000140776 ) ) ;
#6072 = DIRECTION ( 'NONE',  ( -0.000000000000000000, 1.000000000000000000, -0.000000000000000000 ) ) ;
#6073 = DIRECTION ( 'NONE',  ( -1.000000000000000000, 0.000000000000000000, -3.491481338843133355E-15 ) ) ;
#6074 = DIRECTION ( 'NONE',  ( 5.033795800825556582E-16, 1.000000000000000000, 1.757540410212935542E-30 ) ) ;
#6075 = ORIENTED_EDGE ( 'NONE', *, *, #4164, .T. ) ;
#6076 = ORIENTED_EDGE ( 'NONE', *, *, #7670, .F. ) ;
#6077 = ORIENTED_EDGE ( 'NONE', *, *, #4005, .T. ) ;
#6078 = DIRECTION ( 'NONE',  ( 0.000000000000000000, -1.000000000000000000, 0.000000000000000000 ) ) ;
#6079 = CARTESIAN_POINT ( 'NONE',  ( 2.962158534152394829, 0.4852312103594244586, 1.617889021913344383 ) ) ;
#6080 = LINE ( 'NONE', #6576, #435 ) ;
#6081 = VERTEX_POINT ( 'NONE', #1406 ) ;
#6082 = VECTOR ( 'NONE', #1715, 1000.000000000000000 ) ;
#6083 = CYLINDRICAL_SURFACE ( 'NONE', #3776, 3.374999999999999556 ) ;
#6084 = DIRECTION ( 'NONE',  ( 0.7071067811865495711, 0.7071067811865454633, 2.468850131082272443E-15 ) ) ;
#6085 = FACE_OUTER_BOUND ( 'NONE', #6455, .T. ) ;
#6086 = ORIENTED_EDGE ( 'NONE', *, *, #1959, .T. ) ;
#6087 = CARTESIAN_POINT ( 'NONE',  ( 2.057411948736642238, 2.977785088822441750, -2.287628414992899373 ) ) ;
#6088 = DIRECTION ( 'NONE',  ( 1.000000000000000000, 0.000000000000000000, 3.491481338843133355E-15 ) ) ;
#6089 = CARTESIAN_POINT ( 'NONE',  ( 2.575000000000000178, 1.437346735502356143, 8.556883578526866616E-15 ) ) ;
#6090 = DIRECTION ( 'NONE',  ( 0.000000000000000000, 1.000000000000000000, 0.000000000000000000 ) ) ;
#6091 = CARTESIAN_POINT ( 'NONE',  ( -4.552081636884922844, 0.2999921102144699203, 0.8084377142705041486 ) ) ;
#6092 = ORIENTED_EDGE ( 'NONE', *, *, #3560, .F. ) ;
#6093 = FACE_OUTER_BOUND ( 'NONE', #3210, .T. ) ;
#6094 = EDGE_LOOP ( 'NONE', ( #6687, #5920, #4619, #7939, #1658, #3320, #3673, #94 ) ) ;
#6095 = ADVANCED_FACE ( 'NONE', ( #780 ), #3316, .T. ) ;
#6096 = DIRECTION ( 'NONE',  ( 0.000000000000000000, 1.000000000000000000, 0.000000000000000000 ) ) ;
#6097 = ORIENTED_EDGE ( 'NONE', *, *, #5886, .F. ) ;
#6098 = FACE_OUTER_BOUND ( 'NONE', #643, .T. ) ;
#6099 = DIRECTION ( 'NONE',  ( -0.000000000000000000, -1.000000000000000000, -0.000000000000000000 ) ) ;
#6100 = DIRECTION ( 'NONE',  ( -1.000000000000000000, 0.000000000000000000, -4.336808689942006692E-15 ) ) ;
#6101 = EDGE_CURVE ( 'NONE', #6580, #1739, #1323, .T. ) ;
#6102 = FACE_OUTER_BOUND ( 'NONE', #4143, .T. ) ;
#6103 = CARTESIAN_POINT ( 'NONE',  ( -2.817445625774186890, 2.933333333333334014, 2.768697945599540855 ) ) ;
#6104 = EDGE_CURVE ( 'NONE', #7160, #1824, #6386, .T. ) ;
#6105 = VERTEX_POINT ( 'NONE', #817 ) ;
#6106 = ORIENTED_EDGE ( 'NONE', *, *, #4158, .F. ) ;
#6107 = EDGE_CURVE ( 'NONE', #586, #2791, #3358, .T. ) ;
#6108 = ORIENTED_EDGE ( 'NONE', *, *, #477, .T. ) ;
#6109 = DIRECTION ( 'NONE',  ( 1.000000000000000000, 0.000000000000000000, 3.491481338843133750E-15 ) ) ;
#6110 = DIRECTION ( 'NONE',  ( -1.000000000000000000, 0.000000000000000000, -3.491481338843133355E-15 ) ) ;
#6111 = DIRECTION ( 'NONE',  ( -5.595882180570348138E-16, 1.000000000000000000, -1.953791820782619180E-30 ) ) ;
#6112 = CARTESIAN_POINT ( 'NONE',  ( 3.986143571373707228, 0.6999999999999999556, 1.600000000000017852 ) ) ;
#6113 = EDGE_CURVE ( 'NONE', #373, #3490, #3489, .T. ) ;
#6114 = ORIENTED_EDGE ( 'NONE', *, *, #5402, .T. ) ;
#6115 = ORIENTED_EDGE ( 'NONE', *, *, #6718, .T. ) ;
#6116 = CARTESIAN_POINT ( 'NONE',  ( -1.998910873344696526, 2.700000000000000178, 2.369463086951209441 ) ) ;
#6117 = CARTESIAN_POINT ( 'NONE',  ( -1.445708504353928392, 2.951052056702723192, -2.663335984785631716 ) ) ;
#6118 = PLANE ( 'NONE',  #3219 ) ;
#6119 = ORIENTED_EDGE ( 'NONE', *, *, #1329, .F. ) ;
#6120 = FACE_OUTER_BOUND ( 'NONE', #6137, .T. ) ;
#6121 = PRODUCT_CONTEXT ( 'NONE', #3075, 'mechanical' ) ;
#6122 = DIRECTION ( 'NONE',  ( 3.491481338843133355E-15, -1.807003620809174878E-16, -1.000000000000000000 ) ) ;
#6123 = CYLINDRICAL_SURFACE ( 'NONE', #6977, 0.1999999999999996503 ) ;
#6124 = VERTEX_POINT ( 'NONE', #2153 ) ;
#6125 = VERTEX_POINT ( 'NONE', #2328 ) ;
#6126 = DIRECTION ( 'NONE',  ( -2.168404344971008868E-15, 0.000000000000000000, 1.000000000000000000 ) ) ;
#6127 = DIRECTION ( 'NONE',  ( -0.9025852843498627376, 0.4305110968082906386, -3.151359677021968488E-15 ) ) ;
#6128 = CARTESIAN_POINT ( 'NONE',  ( 0.000000000000000000, 3.149999999999999911, 0.000000000000000000 ) ) ;
#6129 = CARTESIAN_POINT ( 'NONE',  ( 1.584466524402378340, 3.149999999999999911, 2.979948125898887579 ) ) ;
#6130 = CARTESIAN_POINT ( 'NONE',  ( -2.649999999999984812, 0.1699999999999997902, -3.944646165029778384 ) ) ;
#6131 = ORIENTED_EDGE ( 'NONE', *, *, #6259, .F. ) ;
#6132 = CARTESIAN_POINT ( 'NONE',  ( -1.542899194636067506, 2.700000000000000178, -2.688765901894655919 ) ) ;
#6133 = VECTOR ( 'NONE', #7661, 1000.000000000000000 ) ;
#6134 = ORIENTED_EDGE ( 'NONE', *, *, #1746, .F. ) ;
#6135 = LINE ( 'NONE', #6183, #851 ) ;
#6136 = AXIS2_PLACEMENT_3D ( 'NONE', #748, #32, #3283 ) ;
#6137 = EDGE_LOOP ( 'NONE', ( #4954, #3570, #1975, #5349 ) ) ;
#6138 = EDGE_CURVE ( 'NONE', #6874, #7597, #4722, .T. ) ;
#6139 = LINE ( 'NONE', #901, #6283 ) ;
#6140 = AXIS2_PLACEMENT_3D ( 'NONE', #3727, #3652, #5677 ) ;
#6141 = VECTOR ( 'NONE', #7627, 1000.000000000000000 ) ;
#6142 = DIRECTION ( 'NONE',  ( 0.000000000000000000, -1.000000000000000000, 0.000000000000000000 ) ) ;
#6143 = FACE_OUTER_BOUND ( 'NONE', #4831, .T. ) ;
#6144 = CARTESIAN_POINT ( 'NONE',  ( -2.837239667081685290, 0.7104571188074499943, -1.828727839844865199 ) ) ;
#6145 = VECTOR ( 'NONE', #6669, 1000.000000000000000 ) ;
#6146 = AXIS2_PLACEMENT_3D ( 'NONE', #6325, #3165, #3199 ) ;
#6147 = DIRECTION ( 'NONE',  ( -3.491481338843133355E-15, 0.000000000000000000, 1.000000000000000000 ) ) ;
#6148 = ORIENTED_EDGE ( 'NONE', *, *, #576, .T. ) ;
#6149 = ORIENTED_EDGE ( 'NONE', *, *, #4187, .F. ) ;
#6150 = EDGE_LOOP ( 'NONE', ( #1835, #820, #8131, #7482, #5598, #4779, #165 ) ) ;
#6151 = DIRECTION ( 'NONE',  ( -1.000000000000000000, 0.000000000000000000, -3.491481338843133355E-15 ) ) ;
#6152 = PRODUCT_RELATED_PRODUCT_CATEGORY ( 'part', '', ( #1295 ) ) ;
#6153 = DIRECTION ( 'NONE',  ( 0.5794841035564585185, 0.4999999999999976685, -0.6435822975543764590 ) ) ;
#6154 = CARTESIAN_POINT ( 'NONE',  ( 0.000000000000000000, 2.999999999999998668, 0.000000000000000000 ) ) ;
#6155 = AXIS2_PLACEMENT_3D ( 'NONE', #6128, #2977, #1151 ) ;
#6156 = DIRECTION ( 'NONE',  ( 1.000000000000000000, 0.000000000000000000, 0.000000000000000000 ) ) ;
#6157 = VECTOR ( 'NONE', #3966, 1000.000000000000000 ) ;
#6158 = EDGE_LOOP ( 'NONE', ( #4904, #388, #5270, #3682 ) ) ;
#6159 = VECTOR ( 'NONE', #3476, 1000.000000000000000 ) ;
#6160 = ORIENTED_EDGE ( 'NONE', *, *, #7737, .F. ) ;
#6161 = DIRECTION ( 'NONE',  ( 0.7071067811865461294, -0.7071067811865489050, 2.758150775739499827E-15 ) ) ;
#6162 = AXIS2_PLACEMENT_3D ( 'NONE', #465, #6151, #1044 ) ;
#6163 = DIRECTION ( 'NONE',  ( -1.000000000000000000, 0.000000000000000000, -3.523657060577887833E-15 ) ) ;
#6164 = CARTESIAN_POINT ( 'NONE',  ( 3.249999999999995115, 1.091144171148769493, 0.5500000000000130340 ) ) ;
#6165 = ORIENTED_EDGE ( 'NONE', *, *, #5451, .T. ) ;
#6166 = DIRECTION ( 'NONE',  ( 0.000000000000000000, 1.000000000000000000, 0.000000000000000000 ) ) ;
#6167 = EDGE_CURVE ( 'NONE', #5160, #6823, #3575, .T. ) ;
#6168 = AXIS2_PLACEMENT_3D ( 'NONE', #3133, #3718, #1843 ) ;
#6169 = DIRECTION ( 'NONE',  ( 1.000000000000000000, -5.033795800825556582E-16, 3.491481338843133355E-15 ) ) ;
#6170 = EDGE_CURVE ( 'NONE', #4690, #4856, #4228, .T. ) ;
#6171 = CARTESIAN_POINT ( 'NONE',  ( 3.986143571373717442, 0.5843145750507620084, -1.599999999999989875 ) ) ;
#6172 = ORIENTED_EDGE ( 'NONE', *, *, #3328, .F. ) ;
#6173 = LINE ( 'NONE', #4882, #3273 ) ;
#6174 = ADVANCED_FACE ( 'NONE', ( #4144 ), #4192, .T. ) ;
#6175 = CARTESIAN_POINT ( 'NONE',  ( 4.349999999999999645, 0.2999999999999999334, -0.6499999999999843681 ) ) ;
#6176 = ORIENTED_EDGE ( 'NONE', *, *, #7774, .T. ) ;
#6177 = CARTESIAN_POINT ( 'NONE',  ( 3.336666698836467049, 1.522918315548257517, -0.3999999999999883094 ) ) ;
#6178 = CARTESIAN_POINT ( 'NONE',  ( 4.552165105849415028, 0.2999999999999999334, 0.5000000000000159872 ) ) ;
#6179 = DIRECTION ( 'NONE',  ( 0.000000000000000000, 1.000000000000000000, 0.000000000000000000 ) ) ;
#6180 = ORIENTED_EDGE ( 'NONE', *, *, #3211, .T. ) ;
#6181 = CARTESIAN_POINT ( 'NONE',  ( 4.499999999999994671, 0.3199999999999999512, 0.6500000000000152323 ) ) ;
#6182 = CIRCLE ( 'NONE', #2340, 3.000000000000001776 ) ;
#6183 = CARTESIAN_POINT ( 'NONE',  ( -5.200000000000001066, 0.000000000000000000, 0.5999999999999818812 ) ) ;
#6184 = ORIENTED_EDGE ( 'NONE', *, *, #5348, .T. ) ;
#6185 = CARTESIAN_POINT ( 'NONE',  ( -1.984285552467025315, 2.940977094287500204, 2.267342356785342350 ) ) ;
#6186 = LINE ( 'NONE', #3154, #441 ) ;
#6187 = CARTESIAN_POINT ( 'NONE',  ( -4.499999999999998224, 0.1499999999999999667, -0.5000000000000157652 ) ) ;
#6188 = DIRECTION ( 'NONE',  ( 3.705642736089844770E-15, 0.000000000000000000, -1.000000000000000000 ) ) ;
#6189 = DIRECTION ( 'NONE',  ( -0.000000000000000000, 1.000000000000000000, -0.000000000000000000 ) ) ;
#6190 = ORIENTED_EDGE ( 'NONE', *, *, #5506, .T. ) ;
#6191 = ORIENTED_EDGE ( 'NONE', *, *, #3815, .T. ) ;
#6192 = LINE ( 'NONE', #588, #4175 ) ;
#6193 = CARTESIAN_POINT ( 'NONE',  ( -0.1432255157049890371, 0.3731152247482037998, 0.3848077530122077095 ) ) ;
#6194 = CARTESIAN_POINT ( 'NONE',  ( -4.544379967969495837, 0.2611455724296859460, -0.8055842846751071207 ) ) ;
#6195 = CARTESIAN_POINT ( 'NONE',  ( 4.499999999999998224, 4.336808689942017736E-16, 0.6000000000000156319 ) ) ;
#6196 = EDGE_LOOP ( 'NONE', ( #5370, #2024, #6392, #6565, #5241, #5227, #8125, #1139, #4057, #3410 ) ) ;
#6197 = ORIENTED_EDGE ( 'NONE', *, *, #3670, .F. ) ;
#6198 = CARTESIAN_POINT ( 'NONE',  ( -1.049725974647594412E-31, 0.6500000000000021316, 3.006534684774830758E-17 ) ) ;
#6199 = CARTESIAN_POINT ( 'NONE',  ( -1.448692216849476466, 2.947011965217754881, -2.653750779108493774 ) ) ;
#6200 = ADVANCED_FACE ( 'NONE', ( #6098 ), #6759, .F. ) ;
#6201 = ORIENTED_EDGE ( 'NONE', *, *, #4338, .F. ) ;
#6202 = DIRECTION ( 'NONE',  ( 1.000000000000000000, 0.000000000000000000, 3.491481338843133355E-15 ) ) ;
#6203 = CARTESIAN_POINT ( 'NONE',  ( 3.196629634861883673, 1.469163123116463687, 0.4000000000000111244 ) ) ;
#6204 = DIRECTION ( 'NONE',  ( 1.000000000000000000, 7.228014483236698528E-16, 3.491481338843133355E-15 ) ) ;
#6205 = ADVANCED_FACE ( 'NONE', ( #2199 ), #6679, .T. ) ;
#6206 = VERTEX_POINT ( 'NONE', #2811 ) ;
#6207 = ORIENTED_EDGE ( 'NONE', *, *, #1486, .T. ) ;
#6208 = EDGE_CURVE ( 'NONE', #2937, #5284, #2236, .T. ) ;
#6209 = CARTESIAN_POINT ( 'NONE',  ( 3.586143571373723304, 0.7500000000000000000, -1.999999999999991340 ) ) ;
#6210 = DIRECTION ( 'NONE',  ( 1.000000000000000000, 0.000000000000000000, 3.491481338843133355E-15 ) ) ;
#6211 = VERTEX_POINT ( 'NONE', #2856 ) ;
#6212 = EDGE_CURVE ( 'NONE', #444, #777, #6139, .T. ) ;
#6213 = CARTESIAN_POINT ( 'NONE',  ( 4.349999999999995204, 0.1834367172890583597, 0.8000000000000151434 ) ) ;
#6214 = ADVANCED_FACE ( 'NONE', ( #7224 ), #942, .T. ) ;
#6215 = CARTESIAN_POINT ( 'NONE',  ( 3.165276501905642359, 1.550840826924667626, -0.3999999999999889200 ) ) ;
#6216 = CARTESIAN_POINT ( 'NONE',  ( 1.493128252873631823, 2.700000000000000178, -2.602031517962560159 ) ) ;
#6217 = EDGE_LOOP ( 'NONE', ( #7266, #4906, #2570, #7698 ) ) ;
#6218 = EDGE_CURVE ( 'NONE', #6035, #4718, #1499, .T. ) ;
#6219 = DIRECTION ( 'NONE',  ( -1.301981320592949974E-30, -1.000000000000000000, 3.729022710527641551E-16 ) ) ;
#6220 =( BOUNDED_CURVE ( )  B_SPLINE_CURVE ( 3, ( #2193, #859, #5304, #7827 ),
 .UNSPECIFIED., .F., .F. ) 
 B_SPLINE_CURVE_WITH_KNOTS ( ( 4, 4 ),
 ( 0.3240051487875597047, 1.186823902350887527 ),
 .UNSPECIFIED. ) 
 CURVE ( )  GEOMETRIC_REPRESENTATION_ITEM ( )  RATIONAL_B_SPLINE_CURVE ( ( 1.000000000000000000, 0.9389182127205366601, 0.9389182127205366601, 1.000000000000000000 ) ) 
 REPRESENTATION_ITEM ( '' )  );
#6221 = DIRECTION ( 'NONE',  ( -1.536286715444676861E-16, 0.000000000000000000, -1.000000000000000000 ) ) ;
#6222 = ORIENTED_EDGE ( 'NONE', *, *, #3514, .F. ) ;
#6223 = CARTESIAN_POINT ( 'NONE',  ( 3.380550990593099492, 3.050000000000000266, 0.5500000000000134781 ) ) ;
#6224 = DIRECTION ( 'NONE',  ( -1.000000000000000000, 0.000000000000000000, 8.673617379884068604E-15 ) ) ;
#6225 = B_SPLINE_CURVE_WITH_KNOTS ( 'NONE', 3,
 ( #3619, #5566, #1078, #8174, #4272, #4902, #5605, #2992, #504, #4234 ),
 .UNSPECIFIED., .F., .F.,
 ( 4, 2, 2, 2, 4 ),
 ( 0.000000000000000000, 0.0003091389398890537188, 0.0006182778797781074377, 0.0009274168196671611023, 0.001236555759556214875 ),
 .UNSPECIFIED. ) ;
#6226 = DIRECTION ( 'NONE',  ( 0.000000000000000000, 1.000000000000000000, 0.000000000000000000 ) ) ;
#6227 = CARTESIAN_POINT ( 'NONE',  ( 4.349999999999996092, 0.000000000000000000, 0.5500000000000168088 ) ) ;
#6228 = ADVANCED_FACE ( 'NONE', ( #4068 ), #3531, .T. ) ;
#6229 = FACE_OUTER_BOUND ( 'NONE', #3206, .T. ) ;
#6230 = ORIENTED_EDGE ( 'NONE', *, *, #6519, .T. ) ;
#6231 = VERTEX_POINT ( 'NONE', #6597 ) ;
#6232 = CARTESIAN_POINT ( 'NONE',  ( 2.396031216096951244, 2.700000000000000178, -2.376901220389472602 ) ) ;
#6233 = CONICAL_SURFACE ( 'NONE', #2643, 3.375000000000000000, 0.7853981633974396193 ) ;
#6234 = ORIENTED_EDGE ( 'NONE', *, *, #8058, .F. ) ;
#6235 = CARTESIAN_POINT ( 'NONE',  ( -3.362755566496026916, 3.050000000000000266, 0.6499999999999894751 ) ) ;
#6236 = CARTESIAN_POINT ( 'NONE',  ( 2.973634140239852730, 0.7500000000000000000, -1.999999999999992673 ) ) ;
#6237 = DIRECTION ( 'NONE',  ( 0.000000000000000000, -1.000000000000000000, 0.000000000000000000 ) ) ;
#6238 = EDGE_CURVE ( 'NONE', #4903, #1711, #5398, .T. ) ;
#6239 = EDGE_LOOP ( 'NONE', ( #3330, #3884, #7400, #965 ) ) ;
#6240 = CARTESIAN_POINT ( 'NONE',  ( 4.086143571373707317, 0.000000000000000000, 1.500000000000017097 ) ) ;
#6241 = DIRECTION ( 'NONE',  ( -3.491481338843133355E-15, 3.727710295965419738E-16, 1.000000000000000000 ) ) ;
#6242 = LINE ( 'NONE', #3045, #8144 ) ;
#6243 = EDGE_CURVE ( 'NONE', #6737, #6823, #7919, .T. ) ;
#6244 = EDGE_CURVE ( 'NONE', #1301, #2732, #2895, .T. ) ;
#6245 = DIRECTION ( 'NONE',  ( -0.7237286012152429615, -0.6867927984713974032, -0.06732431767834430592 ) ) ;
#6246 = CARTESIAN_POINT ( 'NONE',  ( 4.800000000000011369, 0.1700000000000000122, -3.944646165029752627 ) ) ;
#6247 = ORIENTED_EDGE ( 'NONE', *, *, #6104, .F. ) ;
#6248 = AXIS2_PLACEMENT_3D ( 'NONE', #2511, #3129, #5038 ) ;
#6249 = ORIENTED_EDGE ( 'NONE', *, *, #1860, .T. ) ;
#6250 = DIRECTION ( 'NONE',  ( 0.4305110968082908607, 0.9025852843498627376, 1.503121460671037026E-15 ) ) ;
#6251 = DIRECTION ( 'NONE',  ( -1.000000000000000000, 0.000000000000000000, -3.491481338843133355E-15 ) ) ;
#6252 = EDGE_LOOP ( 'NONE', ( #2891, #4304, #4771, #4479 ) ) ;
#6253 = PLANE ( 'NONE',  #3902 ) ;
#6254 = FACE_OUTER_BOUND ( 'NONE', #2956, .T. ) ;
#6255 = FACE_OUTER_BOUND ( 'NONE', #3725, .T. ) ;
#6256 = ORIENTED_EDGE ( 'NONE', *, *, #7170, .F. ) ;
#6257 = VECTOR ( 'NONE', #4643, 1000.000000000000000 ) ;
#6258 = DIRECTION ( 'NONE',  ( 1.000000000000000000, 0.000000000000000000, 3.491481338843133355E-15 ) ) ;
#6259 = EDGE_CURVE ( 'NONE', #4322, #795, #4811, .T. ) ;
#6260 = EDGE_CURVE ( 'NONE', #4399, #4036, #1114, .T. ) ;
#6261 = ADVANCED_FACE ( 'NONE', ( #1827 ), #4316, .F. ) ;
#6262 = CARTESIAN_POINT ( 'NONE',  ( 4.482169438968249153, -0.06009648915404923464, -0.4999999999999844014 ) ) ;
#6263 = CARTESIAN_POINT ( 'NONE',  ( 3.149999999999996358, 1.633265455320084714, 0.3854590165138650493 ) ) ;
#6264 = CARTESIAN_POINT ( 'NONE',  ( -0.1895926696702578962, 0.9795429097132495322, -0.5454356057317868434 ) ) ;
#6265 = EDGE_CURVE ( 'NONE', #3158, #3711, #7523, .T. ) ;
#6266 = DIRECTION ( 'NONE',  ( -3.491481338843133355E-15, 1.807003620809174878E-16, 1.000000000000000000 ) ) ;
#6267 = CIRCLE ( 'NONE', #5335, 2.948711915483249513 ) ;
#6268 = EDGE_CURVE ( 'NONE', #1957, #5675, #3066, .T. ) ;
#6269 = CARTESIAN_POINT ( 'NONE',  ( -2.793071785686886965, -12.43261838873854686, 2.793071785686841224 ) ) ;
#6270 = DIRECTION ( 'NONE',  ( -0.000000000000000000, -1.000000000000000000, 0.000000000000000000 ) ) ;
#6271 = ORIENTED_EDGE ( 'NONE', *, *, #1788, .T. ) ;
#6272 = AXIS2_PLACEMENT_3D ( 'NONE', #5853, #1448, #3988 ) ;
#6273 = CIRCLE ( 'NONE', #7995, 0.9999999999999931166 ) ;
#6274 = ORIENTED_EDGE ( 'NONE', *, *, #4734, .F. ) ;
#6275 = ADVANCED_FACE ( 'NONE', ( #6926 ), #7470, .T. ) ;
#6276 = CARTESIAN_POINT ( 'NONE',  ( 0.000000000000000000, 3.050000000000000266, 0.000000000000000000 ) ) ;
#6277 = VERTEX_POINT ( 'NONE', #7593 ) ;
#6278 = AXIS2_PLACEMENT_3D ( 'NONE', #2109, #4633, #4018 ) ;
#6279 = CARTESIAN_POINT ( 'NONE',  ( 4.552081636884923732, 0.2999921102144696983, -0.8084377142705045927 ) ) ;
#6280 = AXIS2_PLACEMENT_3D ( 'NONE', #3716, #6237, #3082 ) ;
#6281 = CARTESIAN_POINT ( 'NONE',  ( -4.039999999999997371, 0.2999999999999999889, -0.6000000000000140776 ) ) ;
#6282 = DIRECTION ( 'NONE',  ( -3.491481338843133355E-15, -1.807003620809174632E-16, 1.000000000000000000 ) ) ;
#6283 = VECTOR ( 'NONE', #4680, 1000.000000000000000 ) ;
#6284 = EDGE_CURVE ( 'NONE', #2852, #5011, #1781, .T. ) ;
#6285 = ORIENTED_EDGE ( 'NONE', *, *, #7314, .T. ) ;
#6286 = AXIS2_PLACEMENT_3D ( 'NONE', #5056, #5715, #529 ) ;
#6287 = ORIENTED_EDGE ( 'NONE', *, *, #194, .F. ) ;
#6288 = LINE ( 'NONE', #8110, #1518 ) ;
#6289 = FACE_OUTER_BOUND ( 'NONE', #483, .T. ) ;
#6290 = VECTOR ( 'NONE', #6840, 1000.000000000000000 ) ;
#6291 = DIRECTION ( 'NONE',  ( 0.6691306063588545738, 0.000000000000000000, 0.7431448254773976858 ) ) ;
#6292 = AXIS2_PLACEMENT_3D ( 'NONE', #6405, #3881, #7073 ) ;
#6293 = CARTESIAN_POINT ( 'NONE',  ( 0.000000000000000000, 3.050000000000000266, 0.000000000000000000 ) ) ;
#6294 = CARTESIAN_POINT ( 'NONE',  ( 3.349473187838428956, 1.713836642253314002, 0.3848077530122198664 ) ) ;
#6295 = ORIENTED_EDGE ( 'NONE', *, *, #2561, .T. ) ;
#6296 = VERTEX_POINT ( 'NONE', #6263 ) ;
#6297 = VECTOR ( 'NONE', #5860, 1000.000000000000000 ) ;
#6298 = EDGE_LOOP ( 'NONE', ( #6764, #3753, #3859, #1394 ) ) ;
#6299 = LINE ( 'NONE', #3141, #7680 ) ;
#6300 = CARTESIAN_POINT ( 'NONE',  ( 0.000000000000000000, 3.149999999999999911, 0.000000000000000000 ) ) ;
#6301 = ORIENTED_EDGE ( 'NONE', *, *, #1753, .F. ) ;
#6302 = AXIS2_PLACEMENT_3D ( 'NONE', #5435, #1565, #6676 ) ;
#6303 = LINE ( 'NONE', #4381, #1118 ) ;
#6304 = CARTESIAN_POINT ( 'NONE',  ( -1.584466524402399434, 2.700000000000000178, 2.979948125898870259 ) ) ;
#6305 = CARTESIAN_POINT ( 'NONE',  ( 2.793072949583591313, 2.700000000000000178, -2.793072948289685442 ) ) ;
#6306 = VERTEX_POINT ( 'NONE', #499 ) ;
#6307 = FACE_OUTER_BOUND ( 'NONE', #6327, .T. ) ;
#6308 = ADVANCED_FACE ( 'NONE', ( #8215 ), #1908, .T. ) ;
#6309 = ORIENTED_EDGE ( 'NONE', *, *, #5422, .F. ) ;
#6310 = VERTEX_POINT ( 'NONE', #6344 ) ;
#6311 = CARTESIAN_POINT ( 'NONE',  ( -2.220815370558868462, 0.000000000000000000, -1.941772151898743637 ) ) ;
#6312 = DIRECTION ( 'NONE',  ( -0.7431448254773976858, 0.000000000000000000, 0.6691306063588545738 ) ) ;
#6313 = DIRECTION ( 'NONE',  ( -1.000000000000000000, 0.000000000000000000, -3.491481338843133355E-15 ) ) ;
#6314 = CARTESIAN_POINT ( 'NONE',  ( 4.349999999999995204, 0.2999999999999999334, 0.5000000000000152101 ) ) ;
#6315 = TOROIDAL_SURFACE ( 'NONE', #2721, 0.5999999999999933165, 0.4000000000000000222 ) ;
#6316 = DIRECTION ( 'NONE',  ( -3.491481338843133355E-15, 0.000000000000000000, 1.000000000000000000 ) ) ;
#6317 = ORIENTED_EDGE ( 'NONE', *, *, #7666, .T. ) ;
#6318 = EDGE_CURVE ( 'NONE', #7000, #4856, #3787, .T. ) ;
#6319 = VERTEX_POINT ( 'NONE', #8052 ) ;
#6320 = DIRECTION ( 'NONE',  ( 2.848997147102999901E-15, 0.000000000000000000, -1.000000000000000000 ) ) ;
#6321 = VERTEX_POINT ( 'NONE', #5025 ) ;
#6322 = EDGE_CURVE ( 'NONE', #1069, #4129, #1869, .T. ) ;
#6323 = DIRECTION ( 'NONE',  ( 0.000000000000000000, -1.000000000000000000, 0.000000000000000000 ) ) ;
#6324 = PLANE ( 'NONE',  #3620 ) ;
#6325 = CARTESIAN_POINT ( 'NONE',  ( 0.000000000000000000, 2.700000000000000178, 0.000000000000000000 ) ) ;
#6326 = ORIENTED_EDGE ( 'NONE', *, *, #2901, .T. ) ;
#6327 = EDGE_LOOP ( 'NONE', ( #6921, #6441, #2667, #2435, #613 ) ) ;
#6328 = CARTESIAN_POINT ( 'NONE',  ( 3.442449196334510741, 2.008857350772936368, 0.3421179440653019932 ) ) ;
#6329 = DIRECTION ( 'NONE',  ( 1.000000000000000000, 0.000000000000000000, 3.491481338843133355E-15 ) ) ;
#6330 = ORIENTED_EDGE ( 'NONE', *, *, #4575, .T. ) ;
#6331 = ORIENTED_EDGE ( 'NONE', *, *, #2425, .T. ) ;
#6332 = DIRECTION ( 'NONE',  ( -0.3583679495452943842, 0.9335804264972039634, -1.301042606982605124E-15 ) ) ;
#6333 = DIRECTION ( 'NONE',  ( 0.000000000000000000, 1.000000000000000000, 0.000000000000000000 ) ) ;
#6334 = ORIENTED_EDGE ( 'NONE', *, *, #6774, .T. ) ;
#6335 = CARTESIAN_POINT ( 'NONE',  ( -0.4532176340879355836, 0.9400444209652876193, -0.6000000000000015321 ) ) ;
#6336 = DIRECTION ( 'NONE',  ( 0.1908089953765382263, -0.9816271834476651970, 6.662060466405889507E-16 ) ) ;
#6337 = CARTESIAN_POINT ( 'NONE',  ( 2.208385763673337276, 3.095707534802579097, 2.426698419907190374 ) ) ;
#6338 = ORIENTED_EDGE ( 'NONE', *, *, #209, .T. ) ;
#6339 = CARTESIAN_POINT ( 'NONE',  ( -2.407220265895358757, 2.700000000000000178, -2.365568767011992257 ) ) ;
#6340 = ORIENTED_EDGE ( 'NONE', *, *, #1429, .F. ) ;
#6341 = EDGE_CURVE ( 'NONE', #5476, #5137, #3781, .T. ) ;
#6342 = B_SPLINE_CURVE_WITH_KNOTS ( 'NONE', 3,
 ( #266, #6056, #6592, #4096 ),
 .UNSPECIFIED., .F., .F.,
 ( 4, 4 ),
 ( 0.000000000000000000, 7.118413634581448237E-05 ),
 .UNSPECIFIED. ) ;
#6343 = DIRECTION ( 'NONE',  ( -0.4694715627858961904, 0.000000000000000000, 0.8829475928589239908 ) ) ;
#6344 = CARTESIAN_POINT ( 'NONE',  ( 2.948711915483249513, 0.7300000000000002043, 1.060588020357066238E-14 ) ) ;
#6345 = LINE ( 'NONE', #6890, #7726 ) ;
#6346 = DIRECTION ( 'NONE',  ( 0.000000000000000000, 1.000000000000000000, 0.000000000000000000 ) ) ;
#6347 = EDGE_CURVE ( 'NONE', #5833, #3659, #298, .T. ) ;
#6348 = ORIENTED_EDGE ( 'NONE', *, *, #7677, .F. ) ;
#6349 = ORIENTED_EDGE ( 'NONE', *, *, #1793, .F. ) ;
#6350 = DIRECTION ( 'NONE',  ( -1.000000000000000000, 0.000000000000000000, -2.848997147103001084E-15 ) ) ;
#6351 = ADVANCED_FACE ( 'NONE', ( #3025 ), #5562, .F. ) ;
#6352 = PLANE ( 'NONE',  #824 ) ;
#6353 = CARTESIAN_POINT ( 'NONE',  ( 0.000000000000000000, 0.7500000000000000000, 0.000000000000000000 ) ) ;
#6354 = DIRECTION ( 'NONE',  ( 0.7071067811865464625, 0.000000000000000000, -0.7071067811865486830 ) ) ;
#6355 = VECTOR ( 'NONE', #4204, 1000.000000000000000 ) ;
#6356 = VERTEX_POINT ( 'NONE', #6223 ) ;
#6357 = ADVANCED_FACE ( 'NONE', ( #538 ), #3152, .T. ) ;
#6358 = ORIENTED_EDGE ( 'NONE', *, *, #5164, .F. ) ;
#6359 = CARTESIAN_POINT ( 'NONE',  ( 0.000000000000000000, 2.999999999999998668, 0.000000000000000000 ) ) ;
#6360 = B_SPLINE_CURVE_WITH_KNOTS ( 'NONE', 3,
 ( #4292, #2105, #6079, #7163, #386, #1470, #6544, #2916, #5457, #1137 ),
 .UNSPECIFIED., .F., .F.,
 ( 4, 2, 2, 2, 4 ),
 ( 0.000000000000000000, 0.0002021190989382541897, 0.0004042381978765082710, 0.0006063572968147624065, 0.0008084763957530169756 ),
 .UNSPECIFIED. ) ;
#6361 = EDGE_CURVE ( 'NONE', #8221, #5716, #3112, .T. ) ;
#6362 = DIRECTION ( 'NONE',  ( 1.000000000000000000, 0.000000000000000000, 3.491481338843133355E-15 ) ) ;
#6363 = ORIENTED_EDGE ( 'NONE', *, *, #4478, .T. ) ;
#6364 = EDGE_CURVE ( 'NONE', #7207, #4310, #404, .T. ) ;
#6365 = ORIENTED_EDGE ( 'NONE', *, *, #5944, .F. ) ;
#6366 = ORIENTED_EDGE ( 'NONE', *, *, #7125, .T. ) ;
#6367 = CARTESIAN_POINT ( 'NONE',  ( 5.200000000000001066, 0.000000000000000000, -0.5999999999999818812 ) ) ;
#6368 = EDGE_LOOP ( 'NONE', ( #5408, #3220, #1931, #6574, #3295, #5894 ) ) ;
#6369 = DIRECTION ( 'NONE',  ( -3.491481338843133355E-15, 0.000000000000000000, 1.000000000000000000 ) ) ;
#6370 = LINE ( 'NONE', #3214, #5742 ) ;
#6371 = FACE_OUTER_BOUND ( 'NONE', #3182, .T. ) ;
#6372 = ORIENTED_EDGE ( 'NONE', *, *, #485, .F. ) ;
#6373 = DIRECTION ( 'NONE',  ( 0.000000000000000000, 1.000000000000000000, 0.000000000000000000 ) ) ;
#6374 = VECTOR ( 'NONE', #118, 1000.000000000000000 ) ;
#6375 = ORIENTED_EDGE ( 'NONE', *, *, #7386, .T. ) ;
#6376 = EDGE_CURVE ( 'NONE', #6383, #2959, #1637, .T. ) ;
#6377 = CARTESIAN_POINT ( 'NONE',  ( 1.969126718394333508, 2.937927653622212976, -2.273492210686058890 ) ) ;
#6378 = LINE ( 'NONE', #8091, #4939 ) ;
#6379 = FACE_OUTER_BOUND ( 'NONE', #7903, .T. ) ;
#6380 = VERTEX_POINT ( 'NONE', #183 ) ;
#6381 = FACE_OUTER_BOUND ( 'NONE', #464, .T. ) ;
#6382 = CARTESIAN_POINT ( 'NONE',  ( -1.920314736363728867E-15, 0.000000000000000000, 0.5500000000000017097 ) ) ;
#6383 = VERTEX_POINT ( 'NONE', #5723 ) ;
#6384 = B_SPLINE_CURVE_WITH_KNOTS ( 'NONE', 3,
 ( #577, #3823, #3113, #3190 ),
 .UNSPECIFIED., .F., .F.,
 ( 4, 4 ),
 ( 0.000000000000000000, 1.000000000000000000 ),
 .UNSPECIFIED. ) ;
#6385 = EDGE_LOOP ( 'NONE', ( #5511, #8153, #4762, #3923 ) ) ;
#6386 = LINE ( 'NONE', #3985, #6673 ) ;
#6387 = ORIENTED_EDGE ( 'NONE', *, *, #5750, .F. ) ;
#6388 = PLANE ( 'NONE',  #1489 ) ;
#6389 = FACE_OUTER_BOUND ( 'NONE', #5526, .T. ) ;
#6390 = DIRECTION ( 'NONE',  ( -1.000000000000000000, 0.000000000000000000, -3.491481338843133355E-15 ) ) ;
#6391 = VERTEX_POINT ( 'NONE', #1352 ) ;
#6392 = ORIENTED_EDGE ( 'NONE', *, *, #6347, .F. ) ;
#6393 = DIRECTION ( 'NONE',  ( 3.491481338843133355E-15, 0.000000000000000000, -1.000000000000000000 ) ) ;
#6394 = AXIS2_PLACEMENT_3D ( 'NONE', #8054, #7300, #1613 ) ;
#6395 = AXIS2_PLACEMENT_3D ( 'NONE', #2359, #4886, #7462 ) ;
#6396 = DIRECTION ( 'NONE',  ( -3.491481338843133355E-15, 3.336006684570782608E-16, 1.000000000000000000 ) ) ;
#6397 = VECTOR ( 'NONE', #5830, 1000.000000000000000 ) ;
#6398 = ORIENTED_EDGE ( 'NONE', *, *, #6361, .T. ) ;
#6399 = CIRCLE ( 'NONE', #6280, 0.6500000000000000222 ) ;
#6400 = ORIENTED_EDGE ( 'NONE', *, *, #2922, .T. ) ;
#6401 = PLANE ( 'NONE',  #7504 ) ;
#6402 = LINE ( 'NONE', #3334, #696 ) ;
#6403 = VERTEX_POINT ( 'NONE', #5883 ) ;
#6404 = EDGE_CURVE ( 'NONE', #4706, #433, #2303, .T. ) ;
#6405 = CARTESIAN_POINT ( 'NONE',  ( 2.973634140239855395, 0.3500000000000000333, -2.599999999999986322 ) ) ;
#6406 = AXIS2_PLACEMENT_3D ( 'NONE', #3336, #1589, #5918 ) ;
#6407 = ADVANCED_FACE ( 'NONE', ( #4598 ), #3896, .T. ) ;
#6408 = DIRECTION ( 'NONE',  ( 3.491481338843133355E-15, 0.000000000000000000, -1.000000000000000000 ) ) ;
#6409 = CARTESIAN_POINT ( 'NONE',  ( 3.150035030069895825, 1.637279506272255825, -0.3848077530121971623 ) ) ;
#6410 = ORIENTED_EDGE ( 'NONE', *, *, #4380, .F. ) ;
#6411 = DIRECTION ( 'NONE',  ( 0.000000000000000000, 1.000000000000000000, 0.000000000000000000 ) ) ;
#6412 = LINE ( 'NONE', #5650, #6438 ) ;
#6413 = VECTOR ( 'NONE', #8043, 1000.000000000000000 ) ;
#6414 = ORIENTED_EDGE ( 'NONE', *, *, #4194, .T. ) ;
#6415 = CIRCLE ( 'NONE', #2451, 0.3999999999999999667 ) ;
#6416 = ORIENTED_EDGE ( 'NONE', *, *, #4728, .T. ) ;
#6417 = AXIS2_PLACEMENT_3D ( 'NONE', #7631, #5064, #3737 ) ;
#6418 = CARTESIAN_POINT ( 'NONE',  ( 5.200000000000001066, 0.000000000000000000, -0.5999999999999818812 ) ) ;
#6419 = CARTESIAN_POINT ( 'NONE',  ( 3.305313565880220406, 1.604596019356461234, 0.3961655152405497704 ) ) ;
#6420 = VECTOR ( 'NONE', #7339, 1000.000000000000000 ) ;
#6421 = VECTOR ( 'NONE', #4039, 1000.000000000000000 ) ;
#6422 = DIRECTION ( 'NONE',  ( -1.000000000000000000, 0.000000000000000000, -3.491481338843133355E-15 ) ) ;
#6423 = LINE ( 'NONE', #98, #3093 ) ;
#6424 = CARTESIAN_POINT ( 'NONE',  ( 4.039999999999994706, 1.685000000000000275, 0.4000000000000140665 ) ) ;
#6425 = CIRCLE ( 'NONE', #6417, 0.9999999999999931166 ) ;
#6426 =( BOUNDED_CURVE ( )  B_SPLINE_CURVE ( 3, ( #4930, #4387, #1228, #6755 ),
 .UNSPECIFIED., .F., .F. ) 
 B_SPLINE_CURVE_WITH_KNOTS ( ( 4, 4 ),
 ( 1.570796326794896558, 3.141592653589793116 ),
 .UNSPECIFIED. ) 
 CURVE ( )  GEOMETRIC_REPRESENTATION_ITEM ( )  RATIONAL_B_SPLINE_CURVE ( ( 1.000000000000000000, 0.8047378541243649375, 0.8047378541243649375, 1.000000000000000000 ) ) 
 REPRESENTATION_ITEM ( '' )  );
#6427 = ORIENTED_EDGE ( 'NONE', *, *, #1331, .F. ) ;
#6428 = LINE ( 'NONE', #3948, #3376 ) ;
#6429 = ORIENTED_EDGE ( 'NONE', *, *, #3289, .F. ) ;
#6430 = LINE ( 'NONE', #744, #2964 ) ;
#6431 = CARTESIAN_POINT ( 'NONE',  ( -4.350000000000000533, 0.2999999999999999334, 0.8083764270126218010 ) ) ;
#6432 = EDGE_LOOP ( 'NONE', ( #2768, #4208, #7571, #7205 ) ) ;
#6433 = PLANE ( 'NONE',  #6136 ) ;
#6434 = CARTESIAN_POINT ( 'NONE',  ( -3.586143571373709982, 0.7500000000000000000, -2.000000000000015987 ) ) ;
#6435 = CONICAL_SURFACE ( 'NONE', #1401, 2.326794920000000211, 1.047197551196596743 ) ;
#6436 = DIRECTION ( 'NONE',  ( 1.000000000000000000, 0.000000000000000000, 3.491481338843133355E-15 ) ) ;
#6437 = ORIENTED_EDGE ( 'NONE', *, *, #1537, .F. ) ;
#6438 = VECTOR ( 'NONE', #3934, 1000.000000000000000 ) ;
#6439 = CARTESIAN_POINT ( 'NONE',  ( -4.350000000000000533, 0.2999999999999999334, 0.6499999999999882538 ) ) ;
#6440 = DIRECTION ( 'NONE',  ( -0.000000000000000000, -1.000000000000000000, -0.000000000000000000 ) ) ;
#6441 = ORIENTED_EDGE ( 'NONE', *, *, #4032, .T. ) ;
#6442 = ORIENTED_EDGE ( 'NONE', *, *, #5149, .F. ) ;
#6443 = ADVANCED_FACE ( 'NONE', ( #2723 ), #3234, .F. ) ;
#6444 = VECTOR ( 'NONE', #7549, 1000.000000000000000 ) ;
#6445 = FACE_OUTER_BOUND ( 'NONE', #1853, .T. ) ;
#6446 = AXIS2_PLACEMENT_3D ( 'NONE', #8126, #4349, #6885 ) ;
#6447 = CARTESIAN_POINT ( 'NONE',  ( 4.349999999999997868, 0.000000000000000000, -0.3499999999999864886 ) ) ;
#6448 = ORIENTED_EDGE ( 'NONE', *, *, #199, .T. ) ;
#6449 = LINE ( 'NONE', #2713, #3237 ) ;
#6451 = ADVANCED_FACE ( 'NONE', ( #6379 ), #5263, .F. ) ;
#6450 = LINE ( 'NONE', #3967, #1365 ) ;
#6452 = EDGE_LOOP ( 'NONE', ( #7642, #2177, #1875, #3691 ) ) ;
#6453 = CARTESIAN_POINT ( 'NONE',  ( 3.568512112672355130, 2.030000000000000249, 0.3466034459620721542 ) ) ;
#6454 = CARTESIAN_POINT ( 'NONE',  ( -4.349999999999995204, 0.2999999999999999334, -0.8083764270126522211 ) ) ;
#6455 = EDGE_LOOP ( 'NONE', ( #2556, #4803, #550, #4008 ) ) ;
#6456 = EDGE_CURVE ( 'NONE', #5195, #7479, #6500, .T. ) ;
#6457 = EDGE_CURVE ( 'NONE', #4185, #6996, #3271, .T. ) ;
#6458 = ORIENTED_EDGE ( 'NONE', *, *, #8086, .T. ) ;
#6459 = DIRECTION ( 'NONE',  ( 0.7132504491541855618, 0.000000000000000000, -0.7009092642998467904 ) ) ;
#6460 = CARTESIAN_POINT ( 'NONE',  ( -2.134476815985776987, 2.700000000000000178, -2.370576664446645054 ) ) ;
#6461 = EDGE_CURVE ( 'NONE', #8221, #4330, #2639, .T. ) ;
#6462 = FACE_OUTER_BOUND ( 'NONE', #7759, .T. ) ;
#6463 = ORIENTED_EDGE ( 'NONE', *, *, #1200, .T. ) ;
#6464 = DIRECTION ( 'NONE',  ( 1.000000000000000000, 1.954586163371311871E-17, 3.491481338843133355E-15 ) ) ;
#6465 = CARTESIAN_POINT ( 'NONE',  ( -2.649999999999997691, 0.6515652444366243357, -0.2169942583551106308 ) ) ;
#6466 = EDGE_CURVE ( 'NONE', #5332, #3378, #7089, .T. ) ;
#6467 = ORIENTED_EDGE ( 'NONE', *, *, #5147, .F. ) ;
#6468 = CARTESIAN_POINT ( 'NONE',  ( -1.454604435350193903, 2.990297223484845279, 2.735713058173234291 ) ) ;
#6469 = ORIENTED_EDGE ( 'NONE', *, *, #6665, .F. ) ;
#6470 = EDGE_CURVE ( 'NONE', #3866, #296, #807, .T. ) ;
#6471 = DIRECTION ( 'NONE',  ( -0.3583679495452928299, 0.9335804264972046296, -1.301042606982605321E-15 ) ) ;
#6472 = DIRECTION ( 'NONE',  ( 0.000000000000000000, 1.000000000000000000, 0.000000000000000000 ) ) ;
#6473 = ADVANCED_FACE ( 'NONE', ( #6462 ), #7785, .F. ) ;
#6474 = ORIENTED_EDGE ( 'NONE', *, *, #673, .T. ) ;
#6475 = CARTESIAN_POINT ( 'NONE',  ( 5.199999999999999289, 0.000000000000000000, 0.3000000000000166978 ) ) ;
#6476 = DIRECTION ( 'NONE',  ( 1.000000000000000000, 0.000000000000000000, 3.491481338843133355E-15 ) ) ;
#6477 =( BOUNDED_CURVE ( )  B_SPLINE_CURVE ( 3, ( #8205, #610, #1731, #3143 ),
 .UNSPECIFIED., .F., .T. ) 
 B_SPLINE_CURVE_WITH_KNOTS ( ( 4, 4 ),
 ( 1.396263401595464249, 1.405588841232918940 ),
 .UNSPECIFIED. ) 
 CURVE ( )  GEOMETRIC_REPRESENTATION_ITEM ( )  RATIONAL_B_SPLINE_CURVE ( ( 1.000000000000000000, 0.9999927530277603616, 0.9999927530277603616, 1.000000000000000000 ) ) 
 REPRESENTATION_ITEM ( '' )  );
#6478 = DIRECTION ( 'NONE',  ( 1.000000000000000000, -4.457541847879139630E-17, 3.900614234120682109E-15 ) ) ;
#6479 = ORIENTED_EDGE ( 'NONE', *, *, #6101, .T. ) ;
#6480 = LINE ( 'NONE', #5198, #4435 ) ;
#6481 = LINE ( 'NONE', #208, #6374 ) ;
#6482 = ORIENTED_EDGE ( 'NONE', *, *, #5843, .F. ) ;
#6483 = ORIENTED_EDGE ( 'NONE', *, *, #3789, .F. ) ;
#6484 = EDGE_CURVE ( 'NONE', #4864, #4944, #307, .T. ) ;
#6485 = ORIENTED_EDGE ( 'NONE', *, *, #3638, .F. ) ;
#6486 = EDGE_CURVE ( 'NONE', #3418, #4238, #7165, .T. ) ;
#6487 = CARTESIAN_POINT ( 'NONE',  ( 2.442882788353085477, 3.050000000000000266, -2.400614230226975288 ) ) ;
#6488 = ORIENTED_EDGE ( 'NONE', *, *, #4733, .F. ) ;
#6489 = CARTESIAN_POINT ( 'NONE',  ( 2.220815370558869351, 0.7306820342472279961, 1.941772151898743637 ) ) ;
#6490 = EDGE_CURVE ( 'NONE', #8030, #7451, #1316, .T. ) ;
#6491 = VECTOR ( 'NONE', #7270, 1000.000000000000000 ) ;
#6492 = DIRECTION ( 'NONE',  ( 0.000000000000000000, 1.000000000000000000, 0.000000000000000000 ) ) ;
#6493 = ORIENTED_EDGE ( 'NONE', *, *, #858, .T. ) ;
#6494 = PRESENTATION_STYLE_ASSIGNMENT (( #3510 ) ) ;
#6495 = DIRECTION ( 'NONE',  ( -3.491481338843133355E-15, 0.000000000000000000, 1.000000000000000000 ) ) ;
#6496 = EDGE_LOOP ( 'NONE', ( #1428, #5923, #605, #3765 ) ) ;
#6497 = ORIENTED_EDGE ( 'NONE', *, *, #2644, .T. ) ;
#6498 = CARTESIAN_POINT ( 'NONE',  ( 2.134476815985820952, 2.700000000000000178, 2.370576664446644610 ) ) ;
#6499 = DIRECTION ( 'NONE',  ( -1.000000000000000000, 0.000000000000000000, -3.491481338843133355E-15 ) ) ;
#6500 = LINE ( 'NONE', #5110, #4428 ) ;
#6501 = EDGE_CURVE ( 'NONE', #7732, #2564, #3942, .T. ) ;
#6502 = PLANE ( 'NONE',  #3222 ) ;
#6503 = PLANE ( 'NONE',  #2023 ) ;
#6504 = EDGE_CURVE ( 'NONE', #6391, #598, #585, .T. ) ;
#6505 = LINE ( 'NONE', #1283, #7619 ) ;
#6506 = EDGE_CURVE ( 'NONE', #958, #5011, #2832, .T. ) ;
#6507 = ORIENTED_EDGE ( 'NONE', *, *, #7663, .F. ) ;
#6508 = LINE ( 'NONE', #7172, #4313 ) ;
#6509 = ORIENTED_EDGE ( 'NONE', *, *, #5917, .F. ) ;
#6510 = DIRECTION ( 'NONE',  ( 5.033795800825556582E-16, 1.000000000000000000, 1.757540410212935542E-30 ) ) ;
#6511 = EDGE_CURVE ( 'NONE', #4944, #337, #7950, .T. ) ;
#6512 = ADVANCED_FACE ( 'NONE', ( #5388 ), #7867, .T. ) ;
#6513 = FACE_OUTER_BOUND ( 'NONE', #709, .T. ) ;
#6514 = ORIENTED_EDGE ( 'NONE', *, *, #7829, .T. ) ;
#6515 = DIRECTION ( 'NONE',  ( -1.000000000000000000, 0.000000000000000000, -3.801253388124705825E-15 ) ) ;
#6516 = VECTOR ( 'NONE', #1663, 1000.000000000000000 ) ;
#6517 = DIRECTION ( 'NONE',  ( 6.262539624465017671E-16, -1.000000000000000000, 2.186554023258529173E-30 ) ) ;
#6518 = DIRECTION ( 'NONE',  ( -0.4065742997269618519, 0.4999999999999965583, -0.7646550456261529405 ) ) ;
#6519 = EDGE_CURVE ( 'NONE', #683, #7853, #4826, .T. ) ;
#6520 = EDGE_LOOP ( 'NONE', ( #3342, #2523, #6483 ) ) ;
#6521 = LINE ( 'NONE', #5319, #7744 ) ;
#6522 = CARTESIAN_POINT ( 'NONE',  ( 3.049999999999996714, 0.8122217859411922092, -0.3871116837535122923 ) ) ;
#6523 = AXIS2_PLACEMENT_3D ( 'NONE', #5337, #1600, #3563 ) ;
#6524 = EDGE_CURVE ( 'NONE', #5476, #7527, #2848, .T. ) ;
#6525 = FACE_OUTER_BOUND ( 'NONE', #788, .T. ) ;
#6526 = EDGE_LOOP ( 'NONE', ( #7547, #6984, #203, #3904, #1179 ) ) ;
#6527 = ORIENTED_EDGE ( 'NONE', *, *, #1579, .F. ) ;
#6528 = AXIS2_PLACEMENT_3D ( 'NONE', #4868, #7402, #4241 ) ;
#6529 = CARTESIAN_POINT ( 'NONE',  ( 2.801196399049318941, 2.700000000000001066, -2.784947172324408360 ) ) ;
#6530 = VECTOR ( 'NONE', #1678, 1000.000000000000000 ) ;
#6531 = CARTESIAN_POINT ( 'NONE',  ( 2.542006242324021947, 0.7936697080123081838, 1.692376341744292523 ) ) ;
#6532 = EDGE_LOOP ( 'NONE', ( #2058, #4246, #5916, #3441, #7904, #8084, #1925, #3491, #5724, #383, #4652, #2310 ) ) ;
#6533 = VECTOR ( 'NONE', #205, 1000.000000000000114 ) ;
#6534 = CARTESIAN_POINT ( 'NONE',  ( -2.971636754383002454, 0.7500000000000000000, -2.000000000000013767 ) ) ;
#6535 = CARTESIAN_POINT ( 'NONE',  ( 0.000000000000000000, 2.700000000000000178, 0.000000000000000000 ) ) ;
#6536 = ORIENTED_EDGE ( 'NONE', *, *, #6729, .F. ) ;
#6537 = VECTOR ( 'NONE', #3145, 1000.000000000000000 ) ;
#6538 = FACE_OUTER_BOUND ( 'NONE', #1345, .T. ) ;
#6539 = AXIS2_PLACEMENT_3D ( 'NONE', #2546, #5078, #2623 ) ;
#6540 = DIRECTION ( 'NONE',  ( 0.000000000000000000, 1.000000000000000000, 0.000000000000000000 ) ) ;
#6541 = AXIS2_PLACEMENT_3D ( 'NONE', #4393, #2408, #3665 ) ;
#6542 = ORIENTED_EDGE ( 'NONE', *, *, #1834, .F. ) ;
#6543 = LINE ( 'NONE', #3267, #906 ) ;
#6544 = CARTESIAN_POINT ( 'NONE',  ( 2.801232124052358330, 0.7288393868208529192, 1.883650694317469343 ) ) ;
#6545 = DIRECTION ( 'NONE',  ( 3.491481338843133355E-15, 0.000000000000000000, -1.000000000000000000 ) ) ;
#6546 = CARTESIAN_POINT ( 'NONE',  ( 4.086143571373717975, 3.050000000000000266, -1.499999999999988232 ) ) ;
#6547 = LINE ( 'NONE', #5928, #2595 ) ;
#6548 = FACE_OUTER_BOUND ( 'NONE', #5434, .T. ) ;
#6549 = AXIS2_PLACEMENT_3D ( 'NONE', #2107, #4632, #5770 ) ;
#6550 = CARTESIAN_POINT ( 'NONE',  ( -2.220815370558882229, 0.6999999999999999556, 1.941772151898728094 ) ) ;
#6551 = CIRCLE ( 'NONE', #6406, 0.1499999999999999667 ) ;
#6552 = VECTOR ( 'NONE', #7295, 1000.000000000000114 ) ;
#6553 = VERTEX_POINT ( 'NONE', #6003 ) ;
#6554 = AXIS2_PLACEMENT_3D ( 'NONE', #2428, #7500, #1804 ) ;
#6555 = DIRECTION ( 'NONE',  ( -0.000000000000000000, -1.000000000000000000, -0.000000000000000000 ) ) ;
#6556 = VERTEX_POINT ( 'NONE', #3435 ) ;
#6557 = DIRECTION ( 'NONE',  ( -0.5043442292812717609, 0.7071067811865536790, 0.4956176937828907780 ) ) ;
#6558 = AXIS2_PLACEMENT_3D ( 'NONE', #6116, #1172, #5002 ) ;
#6559 = DIRECTION ( 'NONE',  ( -0.9335804264972040745, -0.3583679495452941621, -3.259578637424201368E-15 ) ) ;
#6560 = DIRECTION ( 'NONE',  ( 3.491481338843133355E-15, -0.000000000000000000, -1.000000000000000000 ) ) ;
#6561 = DIRECTION ( 'NONE',  ( 3.456356746600548107E-15, -1.807003620809174878E-16, -1.000000000000000000 ) ) ;
#6562 = CARTESIAN_POINT ( 'NONE',  ( 1.542899194636067506, 2.700000000000000178, 2.688765901894655919 ) ) ;
#6563 = EDGE_CURVE ( 'NONE', #6124, #2918, #2311, .T. ) ;
#6564 = ORIENTED_EDGE ( 'NONE', *, *, #1951, .F. ) ;
#6565 = ORIENTED_EDGE ( 'NONE', *, *, #7763, .F. ) ;
#6566 = CARTESIAN_POINT ( 'NONE',  ( -3.820458146424481782, 0.7499999999999997780, 1.765685424949227977 ) ) ;
#6567 = EDGE_CURVE ( 'NONE', #8060, #39, #304, .T. ) ;
#6568 = ADVANCED_FACE ( 'NONE', ( #6751 ), #4220, .T. ) ;
#6569 = DIRECTION ( 'NONE',  ( 0.000000000000000000, -1.000000000000000000, 0.000000000000000000 ) ) ;
#6570 = PRESENTATION_LAYER_ASSIGNMENT (  '', '', ( #7890 ) ) ;
#6571 = FACE_OUTER_BOUND ( 'NONE', #2798, .T. ) ;
#6572 = CARTESIAN_POINT ( 'NONE',  ( -2.649999999999995914, 0.6603961780563999406, -0.6500000000000116795 ) ) ;
#6573 = VECTOR ( 'NONE', #7159, 1000.000000000000000 ) ;
#6574 = ORIENTED_EDGE ( 'NONE', *, *, #4622, .F. ) ;
#6575 = DIRECTION ( 'NONE',  ( 1.000000000000000000, 0.000000000000000000, 3.491481338843133750E-15 ) ) ;
#6576 = CARTESIAN_POINT ( 'NONE',  ( -0.4566939757536512823, 1.000258500471809864, -0.6000000000000015321 ) ) ;
#6577 = VERTEX_POINT ( 'NONE', #2317 ) ;
#6578 = CARTESIAN_POINT ( 'NONE',  ( -3.986143571373709893, 0.2899999999999997025, -0.6500000000000168976 ) ) ;
#6579 = CARTESIAN_POINT ( 'NONE',  ( 3.986143571373707228, 0.000000000000000000, 1.600000000000017852 ) ) ;
#6580 = VERTEX_POINT ( 'NONE', #4714 ) ;
#6581 = EDGE_CURVE ( 'NONE', #828, #1709, #7910, .T. ) ;
#6582 = DIRECTION ( 'NONE',  ( 0.7071067811865461294, -0.7071067811865489050, 2.179549486425021000E-15 ) ) ;
#6583 = CARTESIAN_POINT ( 'NONE',  ( 5.200000000000001066, 0.1499999999999999667, -0.5999999999999818812 ) ) ;
#6584 = EDGE_LOOP ( 'NONE', ( #2215, #1418, #179, #4929, #7566 ) ) ;
#6585 = VERTEX_POINT ( 'NONE', #6666 ) ;
#6586 = CARTESIAN_POINT ( 'NONE',  ( -2.503258662110536381, 5.421010862427522170E-17, -0.6000000000000087486 ) ) ;
#6587 = DIRECTION ( 'NONE',  ( 5.033795800825556582E-16, 1.000000000000000000, 1.757540410212935542E-30 ) ) ;
#6588 = CARTESIAN_POINT ( 'NONE',  ( 2.817392449966607426, 2.700000000000000178, -2.768644769791969829 ) ) ;
#6589 = LINE ( 'NONE', #1560, #5085 ) ;
#6590 = CARTESIAN_POINT ( 'NONE',  ( 0.000000000000000000, 0.000000000000000000, 0.000000000000000000 ) ) ;
#6591 = AXIS2_PLACEMENT_3D ( 'NONE', #1735, #7465, #6258 ) ;
#6592 = CARTESIAN_POINT ( 'NONE',  ( 3.363663505288928768, 3.033331677321564168, 0.5500000000000133671 ) ) ;
#6593 = EDGE_CURVE ( 'NONE', #2113, #6310, #5494, .T. ) ;
#6594 = ORIENTED_EDGE ( 'NONE', *, *, #526, .F. ) ;
#6595 = CARTESIAN_POINT ( 'NONE',  ( 3.049999999999997602, 0.7936270760231673993, -0.1170309623725149656 ) ) ;
#6596 = ORIENTED_EDGE ( 'NONE', *, *, #5616, .T. ) ;
#6597 = CARTESIAN_POINT ( 'NONE',  ( 2.396031216096951244, 3.149999999999999911, -2.376901220389472602 ) ) ;
#6598 = LINE ( 'NONE', #4519, #5104 ) ;
#6599 = ADVANCED_FACE ( 'NONE', ( #228 ), #7380, .F. ) ;
#6600 = CARTESIAN_POINT ( 'NONE',  ( 5.200000000000001066, 0.000000000000000000, -0.5999999999999818812 ) ) ;
#6601 = CARTESIAN_POINT ( 'NONE',  ( -4.529384319090810074, 0.1834367172890583597, 0.7999999999999840572 ) ) ;
#6602 = DIRECTION ( 'NONE',  ( -1.000000000000000000, 0.000000000000000000, -4.336808689942034302E-15 ) ) ;
#6603 = VERTEX_POINT ( 'NONE', #5467 ) ;
#6604 = ORIENTED_EDGE ( 'NONE', *, *, #2807, .T. ) ;
#6605 = CARTESIAN_POINT ( 'NONE',  ( -3.311815967109285719, 2.999999999999998668, 0.6499999999999894751 ) ) ;
#6606 = DIRECTION ( 'NONE',  ( 0.7071067811865495711, 0.7071067811865454633, 2.468850131082272443E-15 ) ) ;
#6607 = EDGE_CURVE ( 'NONE', #5891, #7765, #4386, .T. ) ;
#6608 = LINE ( 'NONE', #7932, #5706 ) ;
#6609 = EDGE_CURVE ( 'NONE', #6231, #5189, #3775, .T. ) ;
#6610 = DIRECTION ( 'NONE',  ( 3.491481338843133355E-15, -0.000000000000000000, -1.000000000000000000 ) ) ;
#6611 = VERTEX_POINT ( 'NONE', #6626 ) ;
#6612 = EDGE_CURVE ( 'NONE', #2086, #7668, #355, .T. ) ;
#6613 = VECTOR ( 'NONE', #5765, 1000.000000000000000 ) ;
#6614 = DIRECTION ( 'NONE',  ( -1.000000000000000000, 3.872150616019658341E-17, -3.491481338843133355E-15 ) ) ;
#6615 = CARTESIAN_POINT ( 'NONE',  ( -2.606053808706559227, 0.6543303418964474538, 0.6499999999999933609 ) ) ;
#6616 = EDGE_LOOP ( 'NONE', ( #2838, #7387, #2693, #7687, #6741, #7587 ) ) ;
#6617 = CARTESIAN_POINT ( 'NONE',  ( 2.973634140239852730, 0.3500000000000000333, -1.999999999999993117 ) ) ;
#6618 = EDGE_CURVE ( 'NONE', #433, #2232, #7615, .T. ) ;
#6619 = CARTESIAN_POINT ( 'NONE',  ( 3.504315179701435579, 1.860776205970860131, -0.3704036912787952440 ) ) ;
#6620 = ADVANCED_FACE ( 'NONE', ( #2886 ), #932, .F. ) ;
#6621 = FACE_OUTER_BOUND ( 'NONE', #2367, .T. ) ;
#6622 = ORIENTED_EDGE ( 'NONE', *, *, #3040, .F. ) ;
#6623 = DIRECTION ( 'NONE',  ( -3.482500937986975193E-15, 0.07167679137273028078, 0.9974279109682614441 ) ) ;
#6624 = VECTOR ( 'NONE', #5368, 1000.000000000000000 ) ;
#6625 = CARTESIAN_POINT ( 'NONE',  ( 2.817339274159013307, 2.816666666666666874, 2.768591593984415233 ) ) ;
#6626 = CARTESIAN_POINT ( 'NONE',  ( 2.073225355892423405, 2.700000000000000178, -2.302550026315323350 ) ) ;
#6627 = DIRECTION ( 'NONE',  ( -1.000000000000000000, 0.000000000000000000, 1.536286715444676861E-16 ) ) ;
#6628 = DIRECTION ( 'NONE',  ( -1.000000000000000000, 0.000000000000000000, 6.278481277858243412E-15 ) ) ;
#6629 = FACE_OUTER_BOUND ( 'NONE', #5012, .T. ) ;
#6630 = EDGE_CURVE ( 'NONE', #1277, #690, #4306, .T. ) ;
#6631 = B_SPLINE_CURVE_WITH_KNOTS ( 'NONE', 3,
 ( #4600, #3945, #6465, #1439, #738, #2682 ),
 .UNSPECIFIED., .F., .F.,
 ( 4, 2, 4 ),
 ( 0.0006581697653685726710, 0.001307365636342645680, 0.001956561507316718906 ),
 .UNSPECIFIED. ) ;
#6632 = ORIENTED_EDGE ( 'NONE', *, *, #987, .T. ) ;
#6633 = DIRECTION ( 'NONE',  ( -1.000000000000000000, 0.000000000000000000, -4.336808689942034302E-15 ) ) ;
#6634 = ORIENTED_EDGE ( 'NONE', *, *, #6364, .T. ) ;
#6635 = CARTESIAN_POINT ( 'NONE',  ( -4.349999999999999645, 0.3000000000000007661, 0.5999999999999847677 ) ) ;
#6636 = CARTESIAN_POINT ( 'NONE',  ( 4.634773006076757795, 0.7249808048654760029, 0.8390667243631306782 ) ) ;
#6637 = CARTESIAN_POINT ( 'NONE',  ( -3.890000000000001457, 0.2999999999999999889, 0.5999999999999864331 ) ) ;
#6638 = DIRECTION ( 'NONE',  ( 0.000000000000000000, 1.000000000000000000, 0.000000000000000000 ) ) ;
#6639 = VECTOR ( 'NONE', #2474, 1000.000000000000000 ) ;
#6640 = CARTESIAN_POINT ( 'NONE',  ( -1.584466524402378562, 0.7500000000000000000, -2.979948125898881806 ) ) ;
#6641 = EDGE_LOOP ( 'NONE', ( #136, #4810, #2925, #4562, #6956, #469, #8029, #5426 ) ) ;
#6642 = ORIENTED_EDGE ( 'NONE', *, *, #5127, .T. ) ;
#6643 = DIRECTION ( 'NONE',  ( -1.000000000000000000, 0.000000000000000000, -3.491481338843133355E-15 ) ) ;
#6644 = VECTOR ( 'NONE', #4987, 1000.000000000000114 ) ;
#6645 = FACE_OUTER_BOUND ( 'NONE', #4464, .T. ) ;
#6646 = CARTESIAN_POINT ( 'NONE',  ( 3.249999999999995559, 0.8330113701371560930, 0.5500000000000130340 ) ) ;
#6647 = CARTESIAN_POINT ( 'NONE',  ( -2.631774918725761303, 0.8359623823828021827, 1.656674884428789074 ) ) ;
#6648 = VERTEX_POINT ( 'NONE', #5680 ) ;
#6649 = ORIENTED_EDGE ( 'NONE', *, *, #7331, .F. ) ;
#6650 = FACE_OUTER_BOUND ( 'NONE', #6731, .T. ) ;
#6651 = CARTESIAN_POINT ( 'NONE',  ( -4.799999999999991829, 3.050000000000000266, -1.500000000000016653 ) ) ;
#6652 = EDGE_LOOP ( 'NONE', ( #4052, #6985, #1129, #146, #6834, #6634, #4207, #3515, #5278 ) ) ;
#6653 = LINE ( 'NONE', #4704, #2315 ) ;
#6654 = DIRECTION ( 'NONE',  ( -1.000000000000000000, 0.000000000000000000, -3.491481338843133355E-15 ) ) ;
#6655 = ORIENTED_EDGE ( 'NONE', *, *, #5296, .F. ) ;
#6656 = DIRECTION ( 'NONE',  ( 3.482500937986975193E-15, -0.07167679137273029466, -0.9974279109682614441 ) ) ;
#6657 = CARTESIAN_POINT ( 'NONE',  ( -2.351707295243457379E-31, 0.5499999999997785549, 6.735557395310814760E-17 ) ) ;
#6658 = ORIENTED_EDGE ( 'NONE', *, *, #202, .F. ) ;
#6659 = VECTOR ( 'NONE', #1485, 1000.000000000000000 ) ;
#6660 = ORIENTED_EDGE ( 'NONE', *, *, #2147, .F. ) ;
#6661 = AXIS2_PLACEMENT_3D ( 'NONE', #3306, #5837, #6499 ) ;
#6662 = EDGE_CURVE ( 'NONE', #414, #4084, #3696, .T. ) ;
#6663 = CARTESIAN_POINT ( 'NONE',  ( -1.781226596065948131, 3.149999999999999911, -3.350000000000006306 ) ) ;
#6664 = CARTESIAN_POINT ( 'NONE',  ( -4.500000000000001776, 0.3000000000000007661, 0.5999999999999842126 ) ) ;
#6665 = EDGE_CURVE ( 'NONE', #1021, #7668, #1019, .T. ) ;
#6666 = CARTESIAN_POINT ( 'NONE',  ( 1.442899194636067861, 2.963205231921812732, 2.688765901894655919 ) ) ;
#6667 = AXIS2_PLACEMENT_3D ( 'NONE', #7881, #6142, #1036 ) ;
#6668 = FACE_OUTER_BOUND ( 'NONE', #6217, .T. ) ;
#6669 = DIRECTION ( 'NONE',  ( -3.491481338843133355E-15, 0.000000000000000000, 1.000000000000000000 ) ) ;
#6670 = EDGE_LOOP ( 'NONE', ( #4166, #6363, #2616, #6398, #1919, #685, #5217, #3244, #2346, #1385, #1665, #470, #3402 ) ) ;
#6671 = DIRECTION ( 'NONE',  ( 0.000000000000000000, 1.000000000000000000, 0.000000000000000000 ) ) ;
#6672 = CIRCLE ( 'NONE', #6845, 0.2000000000000000944 ) ;
#6673 = VECTOR ( 'NONE', #6510, 1000.000000000000000 ) ;
#6674 = VECTOR ( 'NONE', #5328, 1000.000000000000000 ) ;
#6675 = VERTEX_POINT ( 'NONE', #488 ) ;
#6676 = DIRECTION ( 'NONE',  ( 3.491481338843133355E-15, -1.807003620809174632E-16, -1.000000000000000000 ) ) ;
#6677 = VERTEX_POINT ( 'NONE', #3100 ) ;
#6678 = VECTOR ( 'NONE', #88, 1000.000000000000000 ) ;
#6679 = PLANE ( 'NONE',  #4420 ) ;
#6680 = CARTESIAN_POINT ( 'NONE',  ( 2.971636754383014889, 0.3500000000000000333, -1.599999999999994538 ) ) ;
#6681 = AXIS2_PLACEMENT_3D ( 'NONE', #1407, #6559, #7713 ) ;
#6682 = CARTESIAN_POINT ( 'NONE',  ( 2.358419278579449774, 3.149999999999995914, -2.414815869772780399 ) ) ;
#6683 = CARTESIAN_POINT ( 'NONE',  ( -0.4948968834970012276, 0.9201644387759413402, 0.5999999999999982014 ) ) ;
#6684 = FACE_OUTER_BOUND ( 'NONE', #798, .T. ) ;
#6685 = VECTOR ( 'NONE', #6109, 1000.000000000000000 ) ;
#6686 = ORIENTED_EDGE ( 'NONE', *, *, #6593, .F. ) ;
#6687 = ORIENTED_EDGE ( 'NONE', *, *, #2292, .T. ) ;
#6688 = EDGE_LOOP ( 'NONE', ( #7244, #5092, #4534, #6713, #358, #2394, #6660 ) ) ;
#6689 = CARTESIAN_POINT ( 'NONE',  ( 0.000000000000000000, 2.700000000000000178, 0.000000000000000000 ) ) ;
#6690 = AXIS2_PLACEMENT_3D ( 'NONE', #4993, #3033, #8222 ) ;
#6691 = DIRECTION ( 'NONE',  ( 3.613946018757866926E-15, 0.000000000000000000, -1.000000000000000000 ) ) ;
#6692 = LINE ( 'NONE', #5411, #8089 ) ;
#6693 = CARTESIAN_POINT ( 'NONE',  ( -2.539508580704181284, 0.6499999999999864775, -0.6500000000000114575 ) ) ;
#6694 = ORIENTED_EDGE ( 'NONE', *, *, #4725, .T. ) ;
#6695 = VERTEX_POINT ( 'NONE', #6789 ) ;
#6696 = ORIENTED_EDGE ( 'NONE', *, *, #3774, .F. ) ;
#6697 = DIRECTION ( 'NONE',  ( -1.000000000000000000, 0.000000000000000000, -3.449734185181148285E-15 ) ) ;
#6698 = DIRECTION ( 'NONE',  ( 1.000000000000000000, 0.000000000000000000, 0.000000000000000000 ) ) ;
#6699 = CARTESIAN_POINT ( 'NONE',  ( -3.890000000000001457, 0.1500000000000000222, 0.5999999999999864331 ) ) ;
#6700 = ORIENTED_EDGE ( 'NONE', *, *, #687, .F. ) ;
#6701 = DIRECTION ( 'NONE',  ( 0.000000000000000000, 1.000000000000000000, 0.000000000000000000 ) ) ;
#6702 = LINE ( 'NONE', #3426, #5754 ) ;
#6703 =( NAMED_UNIT ( * ) SI_UNIT ( $, .STERADIAN. ) SOLID_ANGLE_UNIT ( ) );
#6704 = FACE_OUTER_BOUND ( 'NONE', #5801, .T. ) ;
#6705 = ADVANCED_FACE ( 'NONE', ( #4926 ), #6253, .T. ) ;
#6706 = VERTEX_POINT ( 'NONE', #4885 ) ;
#6707 = DIRECTION ( 'NONE',  ( -3.491481338843133355E-15, 0.000000000000000000, 1.000000000000000000 ) ) ;
#6708 = CARTESIAN_POINT ( 'NONE',  ( -2.003526488317634093E-15, 0.000000000000000000, 0.6500000000000013545 ) ) ;
#6709 = EDGE_CURVE ( 'NONE', #5534, #337, #1505, .T. ) ;
#6710 = CARTESIAN_POINT ( 'NONE',  ( 0.000000000000000000, 2.700000000000000178, 0.000000000000000000 ) ) ;
#6711 = CARTESIAN_POINT ( 'NONE',  ( -1.584466524402378562, 0.000000000000000000, -2.979948125898881806 ) ) ;
#6712 = DIRECTION ( 'NONE',  ( -1.000000000000000000, 0.000000000000000000, -3.491481338843133355E-15 ) ) ;
#6713 = ORIENTED_EDGE ( 'NONE', *, *, #739, .F. ) ;
#6714 = CARTESIAN_POINT ( 'NONE',  ( 3.093038126539686239, 0.8602229815646921240, 0.4781243459794516926 ) ) ;
#6715 = EDGE_CURVE ( 'NONE', #7745, #3432, #2579, .T. ) ;
#6716 = EDGE_CURVE ( 'NONE', #7009, #635, #2449, .T. ) ;
#6717 = ORIENTED_EDGE ( 'NONE', *, *, #2654, .T. ) ;
#6718 = EDGE_CURVE ( 'NONE', #5464, #7545, #3769, .T. ) ;
#6719 = DIRECTION ( 'NONE',  ( -0.7071067811865550112, 0.000000000000000000, -0.7071067811865400232 ) ) ;
#6720 = VERTEX_POINT ( 'NONE', #5637 ) ;
#6721 = AXIS2_PLACEMENT_3D ( 'NONE', #6586, #1813, #1856 ) ;
#6722 = DIRECTION ( 'NONE',  ( 5.595882180570348138E-16, -1.000000000000000000, 1.953791820782619180E-30 ) ) ;
#6723 = AXIS2_PLACEMENT_3D ( 'NONE', #5471, #1067, #3610 ) ;
#6724 = CARTESIAN_POINT ( 'NONE',  ( -2.793072950446606750, 2.700000000000000178, -2.793072947426550101 ) ) ;
#6725 = EDGE_CURVE ( 'NONE', #39, #7207, #6477, .T. ) ;
#6726 = CARTESIAN_POINT ( 'NONE',  ( -1.454604435350193903, 2.990297223484845279, 2.735713058173234291 ) ) ;
#6727 = CARTESIAN_POINT ( 'NONE',  ( 4.349999999999998757, 0.2999999999999999334, -0.4999999999999848455 ) ) ;
#6728 = DIRECTION ( 'NONE',  ( -0.000000000000000000, -1.000000000000000000, 0.000000000000000000 ) ) ;
#6729 = EDGE_CURVE ( 'NONE', #2376, #6648, #3606, .T. ) ;
#6730 = ORIENTED_EDGE ( 'NONE', *, *, #4884, .F. ) ;
#6731 = EDGE_LOOP ( 'NONE', ( #6015, #5252, #4364, #2972 ) ) ;
#6732 = CARTESIAN_POINT ( 'NONE',  ( -2.642215976589622262, 0.7500000000000000000, 2.099838025433045985 ) ) ;
#6733 = CARTESIAN_POINT ( 'NONE',  ( 3.986143571373707228, 0.3500000000000000333, 1.600000000000017852 ) ) ;
#6734 = DIRECTION ( 'NONE',  ( 0.000000000000000000, 1.000000000000000000, 0.000000000000000000 ) ) ;
#6735 = CARTESIAN_POINT ( 'NONE',  ( -4.086143571373717975, 3.050000000000001599, 1.499999999999988232 ) ) ;
#6736 = ORIENTED_EDGE ( 'NONE', *, *, #7235, .F. ) ;
#6737 = VERTEX_POINT ( 'NONE', #6213 ) ;
#6738 = CARTESIAN_POINT ( 'NONE',  ( 2.971635679190011370, 0.3500000000000000333, 1.600000000000013634 ) ) ;
#6739 = LINE ( 'NONE', #1634, #2568 ) ;
#6740 = CARTESIAN_POINT ( 'NONE',  ( 0.000000000000000000, 2.700000000000000178, 0.000000000000000000 ) ) ;
#6741 = ORIENTED_EDGE ( 'NONE', *, *, #1812, .F. ) ;
#6742 = AXIS2_PLACEMENT_3D ( 'NONE', #3037, #1087, #3679 ) ;
#6743 = CARTESIAN_POINT ( 'NONE',  ( 5.199999999999999289, 0.1499999999999999667, -0.2999999999999832245 ) ) ;
#6744 = SURFACE_STYLE_FILL_AREA ( #4214 ) ;
#6745 = FACE_OUTER_BOUND ( 'NONE', #188, .T. ) ;
#6746 = FACE_OUTER_BOUND ( 'NONE', #328, .T. ) ;
#6747 = EDGE_CURVE ( 'NONE', #1709, #2791, #6303, .T. ) ;
#6748 = VERTEX_POINT ( 'NONE', #6177 ) ;
#6749 = LINE ( 'NONE', #5962, #6856 ) ;
#6750 = DIRECTION ( 'NONE',  ( 1.000000000000000000, 0.000000000000000000, 3.491481338843133355E-15 ) ) ;
#6751 = FACE_OUTER_BOUND ( 'NONE', #7773, .T. ) ;
#6752 = DIRECTION ( 'NONE',  ( -3.023711536277454628E-15, 0.5000000000000012212, 0.8660254037844380415 ) ) ;
#6753 = LINE ( 'NONE', #2888, #1235 ) ;
#6754 = ORIENTED_EDGE ( 'NONE', *, *, #1214, .T. ) ;
#6755 = CARTESIAN_POINT ( 'NONE',  ( 3.986143571373707228, 0.3500000000000000333, 1.600000000000017852 ) ) ;
#6756 = ORIENTED_EDGE ( 'NONE', *, *, #7228, .F. ) ;
#6757 = CARTESIAN_POINT ( 'NONE',  ( -4.200000000000000178, 0.3000000000000008771, 0.5999999999999853229 ) ) ;
#6758 = ORIENTED_EDGE ( 'NONE', *, *, #2542, .F. ) ;
#6759 = PLANE ( 'NONE',  #5617 ) ;
#6760 = CARTESIAN_POINT ( 'NONE',  ( 2.684325460196693935, 0.7500000000000000000, -2.046851866974656708 ) ) ;
#6761 = CARTESIAN_POINT ( 'NONE',  ( -1.493128252873632267, 2.933493649053891872, 2.602031517962560159 ) ) ;
#6762 = LINE ( 'NONE', #2372, #6644 ) ;
#6763 = DIRECTION ( 'NONE',  ( 3.491481338843133355E-15, -0.000000000000000000, -1.000000000000000000 ) ) ;
#6764 = ORIENTED_EDGE ( 'NONE', *, *, #1189, .F. ) ;
#6765 = ORIENTED_EDGE ( 'NONE', *, *, #2482, .T. ) ;
#6766 = EDGE_CURVE ( 'NONE', #972, #3354, #1375, .T. ) ;
#6767 = ORIENTED_EDGE ( 'NONE', *, *, #4480, .F. ) ;
#6768 = DIRECTION ( 'NONE',  ( -0.6691306063588468023, 0.000000000000000000, -0.7431448254774045692 ) ) ;
#6769 = EDGE_CURVE ( 'NONE', #5032, #3304, #5759, .T. ) ;
#6770 = LINE ( 'NONE', #4076, #5172 ) ;
#6771 = AXIS2_PLACEMENT_3D ( 'NONE', #3839, #2001, #3204 ) ;
#6772 = CARTESIAN_POINT ( 'NONE',  ( 2.407220265895376521, 2.700000000000000178, -2.365568767011983820 ) ) ;
#6773 = LINE ( 'NONE', #7536, #263 ) ;
#6774 = EDGE_CURVE ( 'NONE', #4980, #1391, #1817, .T. ) ;
#6775 = ORIENTED_EDGE ( 'NONE', *, *, #6886, .T. ) ;
#6776 = ORIENTED_EDGE ( 'NONE', *, *, #2698, .F. ) ;
#6777 = CARTESIAN_POINT ( 'NONE',  ( -0.3704073303297430453, 0.9795429097132490881, 0.5999999999999986455 ) ) ;
#6778 = DIRECTION ( 'NONE',  ( 0.4305110968082906941, 0.9025852843498627376, 1.503121460671036632E-15 ) ) ;
#6779 = FACE_OUTER_BOUND ( 'NONE', #5061, .T. ) ;
#6780 = ORIENTED_EDGE ( 'NONE', *, *, #4122, .T. ) ;
#6781 = DIRECTION ( 'NONE',  ( 1.000000000000000000, 0.000000000000000000, 3.491481338843133355E-15 ) ) ;
#6782 = CARTESIAN_POINT ( 'NONE',  ( -2.220815370558868462, 0.6999999999999999556, -1.941772151898743637 ) ) ;
#6783 = VECTOR ( 'NONE', #6540, 1000.000000000000000 ) ;
#6784 = ORIENTED_EDGE ( 'NONE', *, *, #4746, .F. ) ;
#6785 = ORIENTED_EDGE ( 'NONE', *, *, #1230, .T. ) ;
#6786 = FACE_OUTER_BOUND ( 'NONE', #2606, .T. ) ;
#6787 = CYLINDRICAL_SURFACE ( 'NONE', #3208, 0.2000000000000000944 ) ;
#6788 = ORIENTED_EDGE ( 'NONE', *, *, #2049, .T. ) ;
#6789 = CARTESIAN_POINT ( 'NONE',  ( -4.349999999999996092, 0.3000000000000007661, -0.6000000000000150768 ) ) ;
#6790 = DIRECTION ( 'NONE',  ( 1.000000000000000000, -3.872150616019658341E-17, 3.491481338843133355E-15 ) ) ;
#6791 = CARTESIAN_POINT ( 'NONE',  ( 4.349999999999996092, 1.685000000000000275, 0.5500000000000168088 ) ) ;
#6792 = ORIENTED_EDGE ( 'NONE', *, *, #5338, .F. ) ;
#6793 = DIRECTION ( 'NONE',  ( -0.000000000000000000, -1.000000000000000000, -0.000000000000000000 ) ) ;
#6794 = AXIS2_PLACEMENT_3D ( 'NONE', #931, #353, #6750 ) ;
#6795 = ORIENTED_EDGE ( 'NONE', *, *, #1189, .T. ) ;
#6796 = FACE_OUTER_BOUND ( 'NONE', #747, .T. ) ;
#6797 = VECTOR ( 'NONE', #8016, 1000.000000000000114 ) ;
#6798 = ORIENTED_EDGE ( 'NONE', *, *, #4164, .F. ) ;
#6799 = CARTESIAN_POINT ( 'NONE',  ( 3.324891642914577616, 1.691943123269270766, -0.3867908915905832190 ) ) ;
#6800 = LINE ( 'NONE', #4101, #5340 ) ;
#6801 = CARTESIAN_POINT ( 'NONE',  ( 0.000000000000000000, 0.7306820342472279961, 0.000000000000000000 ) ) ;
#6802 = FACE_OUTER_BOUND ( 'NONE', #5865, .T. ) ;
#6803 = AXIS2_PLACEMENT_3D ( 'NONE', #2612, #5885, #137 ) ;
#6804 = AXIS2_PLACEMENT_3D ( 'NONE', #78, #6390, #5159 ) ;
#6805 = CARTESIAN_POINT ( 'NONE',  ( 3.149999999999996358, 1.605021147079878974, 0.3900054565423307085 ) ) ;
#6806 = B_SPLINE_CURVE_WITH_KNOTS ( 'NONE', 3,
 ( #7535, #2999, #1671, #8065 ),
 .UNSPECIFIED., .F., .F.,
 ( 4, 4 ),
 ( -0.0003501961884814657790, 5.421010862427522170E-19 ),
 .UNSPECIFIED. ) ;
#6807 = EDGE_CURVE ( 'NONE', #1069, #7160, #6881, .T. ) ;
#6808 = VERTEX_POINT ( 'NONE', #2526 ) ;
#6809 = VECTOR ( 'NONE', #5354, 1000.000000000000000 ) ;
#6810 = ORIENTED_EDGE ( 'NONE', *, *, #1491, .T. ) ;
#6811 = DIRECTION ( 'NONE',  ( -1.000000000000000000, 0.000000000000000000, -4.336808689942034302E-15 ) ) ;
#6812 = AXIS2_PLACEMENT_3D ( 'NONE', #4960, #1097, #6949 ) ;
#6813 = DIRECTION ( 'NONE',  ( -1.000000000000000000, 0.000000000000000000, -3.491481338843133355E-15 ) ) ;
#6814 = CARTESIAN_POINT ( 'NONE',  ( -4.552081636884917515, 0.2999921102144699203, -0.8084377142705360120 ) ) ;
#6815 = VECTOR ( 'NONE', #7513, 1000.000000000000000 ) ;
#6816 = DIRECTION ( 'NONE',  ( -1.000000000000000000, 0.000000000000000000, -3.491481338843133355E-15 ) ) ;
#6817 = EDGE_CURVE ( 'NONE', #2981, #1095, #3087, .T. ) ;
#6818 = VECTOR ( 'NONE', #4335, 1000.000000000000000 ) ;
#6819 = ORIENTED_EDGE ( 'NONE', *, *, #6218, .T. ) ;
#6820 = EDGE_CURVE ( 'NONE', #2440, #373, #3807, .T. ) ;
#6821 = ADVANCED_FACE ( 'NONE', ( #1892 ), #2560, .T. ) ;
#6822 = AXIS2_PLACEMENT_3D ( 'NONE', #7708, #692, #1984 ) ;
#6823 = VERTEX_POINT ( 'NONE', #648 ) ;
#6824 = CARTESIAN_POINT ( 'NONE',  ( -0.3704073303297429898, 0.9795429097132490881, 0.5936883636811896015 ) ) ;
#6825 = ADVANCED_FACE ( 'NONE', ( #4462 ), #1388, .F. ) ;
#6826 = VECTOR ( 'NONE', #3123, 1000.000000000000000 ) ;
#6827 = LINE ( 'NONE', #2299, #8133 ) ;
#6828 = ORIENTED_EDGE ( 'NONE', *, *, #916, .F. ) ;
#6829 = CARTESIAN_POINT ( 'NONE',  ( -1.169646248512449832E-14, 0.000000000000000000, 3.350000000000000089 ) ) ;
#6830 = VECTOR ( 'NONE', #2767, 1000.000000000000000 ) ;
#6831 = B_SPLINE_CURVE_WITH_KNOTS ( 'NONE', 3,
 ( #910, #4203, #3586, #3453 ),
 .UNSPECIFIED., .F., .F.,
 ( 4, 4 ),
 ( 0.000000000000000000, 0.0002823698588942473702 ),
 .UNSPECIFIED. ) ;
#6832 = FILL_AREA_STYLE_COLOUR ( '', #7101 ) ;
#6833 = FACE_OUTER_BOUND ( 'NONE', #3065, .T. ) ;
#6834 = ORIENTED_EDGE ( 'NONE', *, *, #6725, .T. ) ;
#6835 = ORIENTED_EDGE ( 'NONE', *, *, #5348, .F. ) ;
#6836 = CARTESIAN_POINT ( 'NONE',  ( -5.300000000000002487, 0.1500000000000052403, 0.2999999999999800604 ) ) ;
#6837 = CARTESIAN_POINT ( 'NONE',  ( 0.000000000000000000, 2.700000000000000178, 0.000000000000000000 ) ) ;
#6838 = ORIENTED_EDGE ( 'NONE', *, *, #7543, .T. ) ;
#6839 = EDGE_CURVE ( 'NONE', #168, #8061, #1305, .T. ) ;
#6840 = DIRECTION ( 'NONE',  ( -1.000000000000000000, 0.000000000000000000, -3.491481338843133355E-15 ) ) ;
#6841 = DIRECTION ( 'NONE',  ( 1.000000000000000000, 0.000000000000000000, 3.491481338843133355E-15 ) ) ;
#6842 = PLANE ( 'NONE',  #2032 ) ;
#6843 = ORIENTED_EDGE ( 'NONE', *, *, #949, .F. ) ;
#6844 = LINE ( 'NONE', #532, #3944 ) ;
#6845 = AXIS2_PLACEMENT_3D ( 'NONE', #3392, #7984, #6163 ) ;
#6846 = CIRCLE ( 'NONE', #3256, 0.3500000000000000333 ) ;
#6847 = CARTESIAN_POINT ( 'NONE',  ( -3.345778007093436202, 3.033330983244798773, -0.6500000000000127898 ) ) ;
#6848 = VERTEX_POINT ( 'NONE', #7775 ) ;
#6849 = DIRECTION ( 'NONE',  ( -6.262539624465017671E-16, 1.000000000000000000, -2.186554023258529173E-30 ) ) ;
#6850 = CARTESIAN_POINT ( 'NONE',  ( -2.817392449966611867, 2.700000000000000178, 2.768644769791966276 ) ) ;
#6851 = CARTESIAN_POINT ( 'NONE',  ( 0.000000000000000000, 3.149999999999999911, 0.000000000000000000 ) ) ;
#6852 = CARTESIAN_POINT ( 'NONE',  ( -2.962151195665938985, 0.4854861879992198870, -1.617909870804569605 ) ) ;
#6853 = EDGE_CURVE ( 'NONE', #5634, #296, #53, .T. ) ;
#6854 = CARTESIAN_POINT ( 'NONE',  ( -3.889999999999997016, 0.2999999999999999889, -0.6000000000000135225 ) ) ;
#6855 = ORIENTED_EDGE ( 'NONE', *, *, #6961, .T. ) ;
#6856 = VECTOR ( 'NONE', #1059, 1000.000000000000000 ) ;
#6857 = AXIS2_PLACEMENT_3D ( 'NONE', #4889, #6219, #3661 ) ;
#6858 = EDGE_CURVE ( 'NONE', #3315, #59, #2094, .T. ) ;
#6859 = ORIENTED_EDGE ( 'NONE', *, *, #5350, .T. ) ;
#6860 = FACE_OUTER_BOUND ( 'NONE', #4783, .T. ) ;
#6861 = EDGE_CURVE ( 'NONE', #3378, #1824, #5713, .T. ) ;
#6862 = ORIENTED_EDGE ( 'NONE', *, *, #6774, .F. ) ;
#6863 = FACE_OUTER_BOUND ( 'NONE', #1702, .T. ) ;
#6864 = DIRECTION ( 'NONE',  ( 0.000000000000000000, 1.000000000000000000, 0.000000000000000000 ) ) ;
#6865 = VERTEX_POINT ( 'NONE', #1271 ) ;
#6866 = CARTESIAN_POINT ( 'NONE',  ( -4.086143571373707317, -12.43261838873854686, -1.500000000000016875 ) ) ;
#6867 = CARTESIAN_POINT ( 'NONE',  ( 4.039999999999998259, 1.685000000000000275, -0.3999999999999858669 ) ) ;
#6868 = VERTEX_POINT ( 'NONE', #680 ) ;
#6869 = EDGE_CURVE ( 'NONE', #6695, #6125, #6449, .T. ) ;
#6870 = CARTESIAN_POINT ( 'NONE',  ( -5.300000000000002487, -1.149788611495921022E-32, 0.2999999999999800604 ) ) ;
#6871 = DIRECTION ( 'NONE',  ( 6.309119421277207295E-31, 1.000000000000000000, -1.807003620809174878E-16 ) ) ;
#6872 = EDGE_CURVE ( 'NONE', #5160, #6380, #2611, .T. ) ;
#6873 = DIRECTION ( 'NONE',  ( 0.000000000000000000, -1.000000000000000000, 0.000000000000000000 ) ) ;
#6874 = VERTEX_POINT ( 'NONE', #5134 ) ;
#6875 = ORIENTED_EDGE ( 'NONE', *, *, #1905, .T. ) ;
#6876 = DIRECTION ( 'NONE',  ( 1.000000000000000000, 0.000000000000000000, 3.491481338843133355E-15 ) ) ;
#6877 = ADVANCED_FACE ( 'NONE', ( #2632 ), #4497, .F. ) ;
#6878 = CARTESIAN_POINT ( 'NONE',  ( 4.149999999999996803, 3.050000000000000266, 0.3500000000000161315 ) ) ;
#6879 = VERTEX_POINT ( 'NONE', #1342 ) ;
#6880 = EDGE_CURVE ( 'NONE', #7652, #7456, #8015, .T. ) ;
#6881 = LINE ( 'NONE', #562, #6413 ) ;
#6882 = CARTESIAN_POINT ( 'NONE',  ( 3.609933337664433776E-15, 0.000000000000000000, -0.6500000000000013545 ) ) ;
#6883 = CARTESIAN_POINT ( 'NONE',  ( 2.305312941396327808, 3.136392507641345251, 2.432845985925286669 ) ) ;
#6884 = EDGE_LOOP ( 'NONE', ( #2505, #224, #4408, #5273 ) ) ;
#6885 = DIRECTION ( 'NONE',  ( -0.7132504491541865610, 0.000000000000000000, 0.7009092642998459022 ) ) ;
#6886 = EDGE_CURVE ( 'NONE', #3194, #7597, #3811, .T. ) ;
#6887 = DIRECTION ( 'NONE',  ( 1.000000000000000000, 1.954586163371311871E-17, 3.491481338843133355E-15 ) ) ;
#6888 = ORIENTED_EDGE ( 'NONE', *, *, #6506, .T. ) ;
#6889 = DIRECTION ( 'NONE',  ( 0.000000000000000000, 1.000000000000000000, 0.000000000000000000 ) ) ;
#6890 = CARTESIAN_POINT ( 'NONE',  ( -0.000000000000000000, -0.3750000000000592859, 0.000000000000000000 ) ) ;
#6891 = CARTESIAN_POINT ( 'NONE',  ( -0.3704073303297429898, 0.9795429097132490881, 0.5936883636811896015 ) ) ;
#6892 = ADVANCED_FACE ( 'NONE', ( #5793 ), #123, .F. ) ;
#6893 = DIRECTION ( 'NONE',  ( 1.000000000000000000, 0.000000000000000000, -1.536286715444676861E-16 ) ) ;
#6894 = CARTESIAN_POINT ( 'NONE',  ( 0.000000000000000000, 3.149999999999999911, 0.000000000000000000 ) ) ;
#6895 = ORIENTED_EDGE ( 'NONE', *, *, #8194, .T. ) ;
#6896 = VERTEX_POINT ( 'NONE', #7738 ) ;
#6897 = DIRECTION ( 'NONE',  ( -3.491481338843133355E-15, 0.000000000000000000, 1.000000000000000000 ) ) ;
#6898 = VECTOR ( 'NONE', #1006, 1000.000000000000000 ) ;
#6899 = EDGE_LOOP ( 'NONE', ( #6184, #4610, #4046, #4458, #6754, #2291, #2120 ) ) ;
#6900 = CARTESIAN_POINT ( 'NONE',  ( -3.986143571373717442, 0.000000000000000000, 1.599999999999990097 ) ) ;
#6901 = LINE ( 'NONE', #2343, #8201 ) ;
#6902 = DIRECTION ( 'NONE',  ( 0.000000000000000000, 1.000000000000000000, 0.000000000000000000 ) ) ;
#6903 = ORIENTED_EDGE ( 'NONE', *, *, #5705, .F. ) ;
#6904 = LINE ( 'NONE', #3683, #7357 ) ;
#6905 = DIRECTION ( 'NONE',  ( 0.000000000000000000, 1.000000000000000000, 0.000000000000000000 ) ) ;
#6906 = CARTESIAN_POINT ( 'NONE',  ( -4.349999999999994316, 0.000000000000000000, -0.9000000000000153433 ) ) ;
#6907 = EDGE_CURVE ( 'NONE', #7986, #1021, #2056, .T. ) ;
#6908 = CARTESIAN_POINT ( 'NONE',  ( -0.1250160051490182556, 1.114930702365728887, 0.5999999999999995337 ) ) ;
#6909 = DIRECTION ( 'NONE',  ( -0.6883545756937579085, 0.7253743710122840804, -2.403377155542038690E-15 ) ) ;
#6910 = VERTEX_POINT ( 'NONE', #6489 ) ;
#6911 = VECTOR ( 'NONE', #7685, 1000.000000000000000 ) ;
#6912 = ORIENTED_EDGE ( 'NONE', *, *, #2470, .F. ) ;
#6913 = CARTESIAN_POINT ( 'NONE',  ( -0.3506623262364810256, 1.222558476567801033, -1.224330968289996412E-15 ) ) ;
#6914 = DIRECTION ( 'NONE',  ( 0.000000000000000000, 1.000000000000000000, 0.000000000000000000 ) ) ;
#6915 = DIRECTION ( 'NONE',  ( 1.000000000000000000, 0.000000000000000000, 3.614007241618349165E-15 ) ) ;
#6916 = CARTESIAN_POINT ( 'NONE',  ( 4.499999999999998224, 0.1500000000000002720, 0.6000000000000156319 ) ) ;
#6917 = CARTESIAN_POINT ( 'NONE',  ( -4.799999999999993605, 0.000000000000000000, -0.9000000000000170086 ) ) ;
#6918 = ORIENTED_EDGE ( 'NONE', *, *, #2820, .F. ) ;
#6919 = AXIS2_PLACEMENT_3D ( 'NONE', #7179, #4769, #1487 ) ;
#6920 = CARTESIAN_POINT ( 'NONE',  ( 3.305313565880223070, 1.604596019356461234, -0.3961655152405266778 ) ) ;
#6921 = ORIENTED_EDGE ( 'NONE', *, *, #2040, .F. ) ;
#6922 = EDGE_CURVE ( 'NONE', #7732, #5292, #6551, .T. ) ;
#6923 = ORIENTED_EDGE ( 'NONE', *, *, #2952, .F. ) ;
#6924 = EDGE_CURVE ( 'NONE', #7456, #5913, #7941, .T. ) ;
#6925 = DIRECTION ( 'NONE',  ( -0.000000000000000000, 1.000000000000000000, -0.000000000000000000 ) ) ;
#6926 = FACE_OUTER_BOUND ( 'NONE', #5610, .T. ) ;
#6927 = DIRECTION ( 'NONE',  ( 0.000000000000000000, 1.000000000000000000, 0.000000000000000000 ) ) ;
#6928 = PLANE ( 'NONE',  #1253 ) ;
#6929 = AXIS2_PLACEMENT_3D ( 'NONE', #4014, #2141, #3974 ) ;
#6930 = B_SPLINE_CURVE_WITH_KNOTS ( 'NONE', 3,
 ( #3523, #231, #2110, #4064, #6714, #7257, #5433, #1030 ),
 .UNSPECIFIED., .F., .F.,
 ( 4, 2, 2, 4 ),
 ( 2.168404344971008146E-19, 0.0002186054784063648959, 0.0003279082176095472626, 0.0004372109568127295750 ),
 .UNSPECIFIED. ) ;
#6931 = CARTESIAN_POINT ( 'NONE',  ( -4.349999999999996092, 0.2999999999999999334, -0.5000000000000152101 ) ) ;
#6932 = EDGE_LOOP ( 'NONE', ( #1550, #6349, #2261, #2005, #2312, #1304, #341, #3207 ) ) ;
#6933 = AXIS2_PLACEMENT_3D ( 'NONE', #7581, #1891, #4421 ) ;
#6934 = CIRCLE ( 'NONE', #6395, 3.375000000000000888 ) ;
#6935 = ORIENTED_EDGE ( 'NONE', *, *, #7925, .T. ) ;
#6936 = CARTESIAN_POINT ( 'NONE',  ( -2.809321012555565655, 2.700000000000001066, 2.776822558818162090 ) ) ;
#6937 = VERTEX_POINT ( 'NONE', #389 ) ;
#6938 = CIRCLE ( 'NONE', #5875, 3.375000000000002665 ) ;
#6939 = DIRECTION ( 'NONE',  ( 0.000000000000000000, 1.000000000000000000, 0.000000000000000000 ) ) ;
#6940 = AXIS2_PLACEMENT_3D ( 'NONE', #7143, #7053, #4484 ) ;
#6941 = CARTESIAN_POINT ( 'NONE',  ( 4.349999999999999645, 1.685000000000000275, -0.5999999999999847677 ) ) ;
#6942 = LINE ( 'NONE', #1256, #2000 ) ;
#6943 = AXIS2_PLACEMENT_3D ( 'NONE', #7261, #4100, #5437 ) ;
#6944 = EDGE_LOOP ( 'NONE', ( #3982, #7145, #5166, #5317 ) ) ;
#6945 = AXIS2_PLACEMENT_3D ( 'NONE', #7628, #2669, #7740 ) ;
#6946 = ORIENTED_EDGE ( 'NONE', *, *, #3414, .T. ) ;
#6947 = LINE ( 'NONE', #4332, #3373 ) ;
#6948 = AXIS2_PLACEMENT_3D ( 'NONE', #4800, #2265, #3395 ) ;
#6949 = DIRECTION ( 'NONE',  ( 1.000000000000000000, 0.000000000000000000, 0.000000000000000000 ) ) ;
#6950 = VECTOR ( 'NONE', #3688, 1000.000000000000000 ) ;
#6951 = CARTESIAN_POINT ( 'NONE',  ( -4.349999999999995204, 0.000000000000000000, -0.6500000000000165645 ) ) ;
#6952 = EDGE_CURVE ( 'NONE', #7652, #1710, #6415, .T. ) ;
#6953 = VERTEX_POINT ( 'NONE', #218 ) ;
#6954 = VECTOR ( 'NONE', #3668, 1000.000000000000000 ) ;
#6955 = AXIS2_PLACEMENT_3D ( 'NONE', #7307, #1712, #8063 ) ;
#6956 = ORIENTED_EDGE ( 'NONE', *, *, #2305, .F. ) ;
#6957 = PLANE ( 'NONE',  #751 ) ;
#6958 = CARTESIAN_POINT ( 'NONE',  ( -4.499999999999998224, 0.1499999999999999667, -0.6000000000000156319 ) ) ;
#6959 = ORIENTED_EDGE ( 'NONE', *, *, #2249, .T. ) ;
#6960 = AXIS2_PLACEMENT_3D ( 'NONE', #5185, #5846, #5351 ) ;
#6961 = EDGE_CURVE ( 'NONE', #4238, #3874, #7987, .T. ) ;
#6962 = DIRECTION ( 'NONE',  ( -1.000000000000000000, 0.000000000000000000, -3.491481338843133355E-15 ) ) ;
#6963 = DIRECTION ( 'NONE',  ( -3.491481338843133355E-15, 1.204669080539449590E-15, 1.000000000000000000 ) ) ;
#6964 = CARTESIAN_POINT ( 'NONE',  ( 2.134476815985820952, 3.043147215156305929, 2.370576664446644610 ) ) ;
#6965 = VERTEX_POINT ( 'NONE', #3461 ) ;
#6966 = CARTESIAN_POINT ( 'NONE',  ( -3.362755566496022475, 3.050000000000000266, -0.6500000000000129008 ) ) ;
#6967 = ORIENTED_EDGE ( 'NONE', *, *, #4526, .F. ) ;
#6969 = EDGE_CURVE ( 'NONE', #1642, #3540, #1783, .T. ) ;
#6968 = ORIENTED_EDGE ( 'NONE', *, *, #1543, .F. ) ;
#6970 = CARTESIAN_POINT ( 'NONE',  ( -0.1250160051490140922, 1.114930702365728887, -0.6000000000000004219 ) ) ;
#6971 = CARTESIAN_POINT ( 'NONE',  ( -2.057042534157139446, 2.976334095216149223, 2.284577181970928628 ) ) ;
#6972 = TOROIDAL_SURFACE ( 'NONE', #1526, 2.599999999999999645, 0.8000000000000010436 ) ;
#6973 = ADVANCED_FACE ( 'NONE', ( #4171 ), #5327, .T. ) ;
#6974 = PLANE ( 'NONE',  #4415 ) ;
#6975 = CARTESIAN_POINT ( 'NONE',  ( -3.986143571373714778, 1.449999999999999956, 0.6499999999999873657 ) ) ;
#6976 = EDGE_CURVE ( 'NONE', #8221, #5070, #5226, .T. ) ;
#6977 = AXIS2_PLACEMENT_3D ( 'NONE', #1018, #7860, #2842 ) ;
#6978 = ORIENTED_EDGE ( 'NONE', *, *, #720, .T. ) ;
#6979 = VERTEX_POINT ( 'NONE', #1638 ) ;
#6980 = CARTESIAN_POINT ( 'NONE',  ( 2.971636754383014889, 1.437346735502356143, -1.599999999999994538 ) ) ;
#6981 = LINE ( 'NONE', #6193, #4017 ) ;
#6982 = DIRECTION ( 'NONE',  ( -3.491481338843133355E-15, 0.000000000000000000, 1.000000000000000000 ) ) ;
#6983 = FACE_OUTER_BOUND ( 'NONE', #948, .T. ) ;
#6984 = ORIENTED_EDGE ( 'NONE', *, *, #5000, .T. ) ;
#6985 = ORIENTED_EDGE ( 'NONE', *, *, #3297, .T. ) ;
#6986 = CIRCLE ( 'NONE', #7907, 0.5999999999999937605 ) ;
#6987 = PLANE ( 'NONE',  #7166 ) ;
#6988 = VERTEX_POINT ( 'NONE', #4050 ) ;
#6989 = ORIENTED_EDGE ( 'NONE', *, *, #7183, .T. ) ;
#6990 = EDGE_LOOP ( 'NONE', ( #3139, #7377, #961, #3278 ) ) ;
#6991 = FACE_OUTER_BOUND ( 'NONE', #2671, .T. ) ;
#6992 = ORIENTED_EDGE ( 'NONE', *, *, #2647, .T. ) ;
#6993 = CARTESIAN_POINT ( 'NONE',  ( -0.4948968834969971198, 0.9201644387759413402, -0.6000000000000016431 ) ) ;
#6994 = CARTESIAN_POINT ( 'NONE',  ( -2.971635679190045121, 0.3500000000000000333, -1.600001996925291881 ) ) ;
#6995 = PLANE ( 'NONE',  #5097 ) ;
#6996 = VERTEX_POINT ( 'NONE', #7155 ) ;
#6997 = FACE_OUTER_BOUND ( 'NONE', #5445, .T. ) ;
#6998 = ORIENTED_EDGE ( 'NONE', *, *, #5960, .F. ) ;
#6999 = ORIENTED_EDGE ( 'NONE', *, *, #6880, .T. ) ;
#7000 = VERTEX_POINT ( 'NONE', #4658 ) ;
#7001 = CARTESIAN_POINT ( 'NONE',  ( 1.950911831399360974, 2.934431330114957159, -2.281179316741864582 ) ) ;
#7002 = DIRECTION ( 'NONE',  ( 3.491481338843133355E-15, 0.000000000000000000, -1.000000000000000000 ) ) ;
#7003 = DIRECTION ( 'NONE',  ( 1.000000000000000000, 0.000000000000000000, 7.136591349230732844E-15 ) ) ;
#7004 = ORIENTED_EDGE ( 'NONE', *, *, #4155, .T. ) ;
#7005 = CARTESIAN_POINT ( 'NONE',  ( 3.599999999999996092, 1.880000000000000115, 0.3732854763045355129 ) ) ;
#7006 = CARTESIAN_POINT ( 'NONE',  ( -4.040000000000000036, 1.850000000000000089, 0.5999999999999858780 ) ) ;
#7007 = ORIENTED_EDGE ( 'NONE', *, *, #7447, .F. ) ;
#7008 = B_SPLINE_CURVE_WITH_KNOTS ( 'NONE', 3,
 ( #755, #3247, #5126, #4531, #7149, #2660 ),
 .UNSPECIFIED., .F., .F.,
 ( 4, 2, 4 ),
 ( 0.000000000000000000, 8.219482579995380188E-05, 0.0001643896515999076038 ),
 .UNSPECIFIED. ) ;
#7009 = VERTEX_POINT ( 'NONE', #1461 ) ;
#7010 = DIRECTION ( 'NONE',  ( -1.000000000000000000, 0.000000000000000000, -3.614007241618317611E-15 ) ) ;
#7011 = ORIENTED_EDGE ( 'NONE', *, *, #6662, .F. ) ;
#7012 = CARTESIAN_POINT ( 'NONE',  ( -2.134476815985776987, 3.043147215156292607, -2.370576664446645054 ) ) ;
#7013 = PLANE ( 'NONE',  #22 ) ;
#7014 = DIRECTION ( 'NONE',  ( -0.1217824742457074561, 0.9925568139741893781, -1.890901080420296632E-15 ) ) ;
#7015 = VECTOR ( 'NONE', #6876, 1000.000000000000000 ) ;
#7016 = ADVANCED_FACE ( 'NONE', ( #886 ), #6083, .F. ) ;
#7017 = VERTEX_POINT ( 'NONE', #2750 ) ;
#7018 = AXIS2_PLACEMENT_3D ( 'NONE', #6854, #6147, #8059 ) ;
#7019 = EDGE_CURVE ( 'NONE', #1867, #4250, #7280, .T. ) ;
#7020 = ORIENTED_EDGE ( 'NONE', *, *, #5034, .F. ) ;
#7021 = CARTESIAN_POINT ( 'NONE',  ( 2.407220265895360090, 3.149999999999999911, 2.365568767012000251 ) ) ;
#7022 = DIRECTION ( 'NONE',  ( -3.491481338843133355E-15, 0.000000000000000000, 1.000000000000000000 ) ) ;
#7023 = B_SPLINE_CURVE_WITH_KNOTS ( 'NONE', 3,
 ( #5357, #7882, #5401, #2277 ),
 .UNSPECIFIED., .F., .F.,
 ( 4, 4 ),
 ( 0.0001925833846953422005, 0.0002639615521093144324 ),
 .UNSPECIFIED. ) ;
#7024 = VERTEX_POINT ( 'NONE', #6578 ) ;
#7025 = VERTEX_POINT ( 'NONE', #5374 ) ;
#7026 = CARTESIAN_POINT ( 'NONE',  ( 2.809321012411750917, 2.700000000000001066, -2.776822558961977272 ) ) ;
#7027 = CARTESIAN_POINT ( 'NONE',  ( -5.200000000000001066, 0.000000000000000000, 0.2999999999999803935 ) ) ;
#7028 = VERTEX_POINT ( 'NONE', #3424 ) ;
#7029 = DIRECTION ( 'NONE',  ( 3.491481338843133355E-15, 0.000000000000000000, -1.000000000000000000 ) ) ;
#7030 = PLANE ( 'NONE',  #7471 ) ;
#7031 = DIRECTION ( 'NONE',  ( 0.7071067811865463515, 0.000000000000000000, -0.7071067811865487940 ) ) ;
#7032 = CARTESIAN_POINT ( 'NONE',  ( -4.200000000000000178, 1.850000000000000089, 0.5999999999999853229 ) ) ;
#7033 = CONICAL_SURFACE ( 'NONE', #3857, 3.375000000000000000, 0.7853981633974396193 ) ;
#7034 = LINE ( 'NONE', #4006, #6573 ) ;
#7035 = VERTEX_POINT ( 'NONE', #7899 ) ;
#7036 = ORIENTED_EDGE ( 'NONE', *, *, #3015, .T. ) ;
#7037 = DIRECTION ( 'NONE',  ( 1.000000000000000000, 0.000000000000000000, 3.491481338843133355E-15 ) ) ;
#7038 = CARTESIAN_POINT ( 'NONE',  ( 3.299999999999967848, 1.633265455320082049, 0.3932307364973161579 ) ) ;
#7039 = AXIS2_PLACEMENT_3D ( 'NONE', #2622, #111, #2655 ) ;
#7040 = DIRECTION ( 'NONE',  ( 1.000000000000000000, 0.000000000000000000, 3.614007241618307356E-15 ) ) ;
#7041 = CARTESIAN_POINT ( 'NONE',  ( -5.199999999999997513, 0.2999999999999999334, -0.8083764270126551077 ) ) ;
#7042 = CARTESIAN_POINT ( 'NONE',  ( -2.407220265895375633, 2.999999999999998668, 2.365568767011975826 ) ) ;
#7043 = ORIENTED_EDGE ( 'NONE', *, *, #4079, .F. ) ;
#7044 = CARTESIAN_POINT ( 'NONE',  ( -1.448692216849495118, 2.947011965217754881, 2.653750779108483115 ) ) ;
#7045 = ORIENTED_EDGE ( 'NONE', *, *, #7228, .T. ) ;
#7046 = CARTESIAN_POINT ( 'NONE',  ( -4.349999999999994316, 0.000000000000000000, -0.9000000000000153433 ) ) ;
#7047 = CARTESIAN_POINT ( 'NONE',  ( 5.200000000000001066, 0.1499999999999999667, -0.5999999999999818812 ) ) ;
#7048 = ORIENTED_EDGE ( 'NONE', *, *, #7774, .F. ) ;
#7049 = DIRECTION ( 'NONE',  ( 3.491481338843133355E-15, -1.807003620809174632E-16, -1.000000000000000000 ) ) ;
#7050 = CYLINDRICAL_SURFACE ( 'NONE', #7039, 0.004999999999999796274 ) ;
#7051 =( BOUNDED_CURVE ( )  B_SPLINE_CURVE ( 3, ( #829, #1494, #6566, #2777 ),
 .UNSPECIFIED., .F., .T. ) 
 B_SPLINE_CURVE_WITH_KNOTS ( ( 4, 4 ),
 ( 0.000000000000000000, 1.570796326794895448 ),
 .UNSPECIFIED. ) 
 CURVE ( )  GEOMETRIC_REPRESENTATION_ITEM ( )  RATIONAL_B_SPLINE_CURVE ( ( 1.000000000000000000, 0.8047378541243652705, 0.8047378541243652705, 1.000000000000000000 ) ) 
 REPRESENTATION_ITEM ( '' )  );
#7052 = EDGE_CURVE ( 'NONE', #8080, #4185, #842, .T. ) ;
#7053 = DIRECTION ( 'NONE',  ( -0.000000000000000000, 1.000000000000000000, -0.000000000000000000 ) ) ;
#7054 = AXIS2_PLACEMENT_3D ( 'NONE', #2859, #2201, #1533 ) ;
#7055 = AXIS2_PLACEMENT_3D ( 'NONE', #4799, #6088, #4132 ) ;
#7056 = ORIENTED_EDGE ( 'NONE', *, *, #4480, .T. ) ;
#7057 = ADVANCED_FACE ( 'NONE', ( #2220 ), #5954, .F. ) ;
#7058 = FACE_OUTER_BOUND ( 'NONE', #4430, .T. ) ;
#7059 = CIRCLE ( 'NONE', #3486, 3.000000000000001776 ) ;
#7060 = EDGE_CURVE ( 'NONE', #8061, #5289, #1372, .T. ) ;
#7061 = VECTOR ( 'NONE', #5019, 1000.000000000000000 ) ;
#7062 = VECTOR ( 'NONE', #2456, 1000.000000000000000 ) ;
#7063 = CARTESIAN_POINT ( 'NONE',  ( 4.086143571373717975, 0.000000000000000000, -1.499999999999988232 ) ) ;
#7064 = EDGE_CURVE ( 'NONE', #4944, #6965, #6653, .T. ) ;
#7065 = COLOUR_RGB ( '',0.7921568627450980005, 0.8196078431372548767, 0.9333333333333333481 ) ;
#7066 = ORIENTED_EDGE ( 'NONE', *, *, #2450, .F. ) ;
#7067 = EDGE_CURVE ( 'NONE', #1934, #6585, #4774, .T. ) ;
#7068 = ORIENTED_EDGE ( 'NONE', *, *, #533, .F. ) ;
#7069 = ORIENTED_EDGE ( 'NONE', *, *, #7183, .F. ) ;
#7070 = AXIS2_PLACEMENT_3D ( 'NONE', #6089, #4849, #7254 ) ;
#7071 = CARTESIAN_POINT ( 'NONE',  ( 2.008255741710351039, 2.951052056702719639, 2.269436168589618941 ) ) ;
#7072 = ORIENTED_EDGE ( 'NONE', *, *, #261, .T. ) ;
#7073 = DIRECTION ( 'NONE',  ( 1.000000000000000000, 0.000000000000000000, 1.786765180256123677E-13 ) ) ;
#7074 = DIRECTION ( 'NONE',  ( 0.000000000000000000, 1.000000000000000000, 0.000000000000000000 ) ) ;
#7075 = ORIENTED_EDGE ( 'NONE', *, *, #2302, .F. ) ;
#7076 = DIRECTION ( 'NONE',  ( 3.491481338843133355E-15, -0.000000000000000000, -1.000000000000000000 ) ) ;
#7077 = FACE_OUTER_BOUND ( 'NONE', #5208, .T. ) ;
#7078 = AXIS2_PLACEMENT_3D ( 'NONE', #5543, #226, #8032 ) ;
#7079 = ORIENTED_EDGE ( 'NONE', *, *, #2614, .F. ) ;
#7080 = ORIENTED_EDGE ( 'NONE', *, *, #3168, .T. ) ;
#7081 = EDGE_CURVE ( 'NONE', #5640, #3290, #4743, .T. ) ;
#7082 = TOROIDAL_SURFACE ( 'NONE', #6667, 2.575000000000000178, 0.8000000000000000444 ) ;
#7083 = ORIENTED_EDGE ( 'NONE', *, *, #7081, .T. ) ;
#7084 = AXIS2_PLACEMENT_3D ( 'NONE', #4982, #6221, #3853 ) ;
#7085 = CARTESIAN_POINT ( 'NONE',  ( 3.609925872050834705, 0.3924896151364117292, 0.4000000000000126232 ) ) ;
#7086 = EDGE_CURVE ( 'NONE', #4400, #1324, #4295, .T. ) ;
#7087 = CARTESIAN_POINT ( 'NONE',  ( 3.150011643433324515, 1.635939685916372843, 0.3850268302998232639 ) ) ;
#7088 = AXIS2_PLACEMENT_3D ( 'NONE', #6382, #139, #70 ) ;
#7089 = LINE ( 'NONE', #7704, #7870 ) ;
#7090 = CARTESIAN_POINT ( 'NONE',  ( -3.890000000000001457, 0.1499999999999999944, 0.5999999999999864331 ) ) ;
#7091 = DIRECTION ( 'NONE',  ( 3.491481338843133355E-15, 0.000000000000000000, -1.000000000000000000 ) ) ;
#7092 = ORIENTED_EDGE ( 'NONE', *, *, #2425, .F. ) ;
#7093 = CARTESIAN_POINT ( 'NONE',  ( -1.449543689958809445, 2.984073581957598087, 2.726195180381278060 ) ) ;
#7094 = ORIENTED_EDGE ( 'NONE', *, *, #1089, .F. ) ;
#7095 = CARTESIAN_POINT ( 'NONE',  ( 3.889999999999998792, 0.5000000000000000000, -0.5999999999999864331 ) ) ;
#7096 = LINE ( 'NONE', #7392, #2836 ) ;
#7097 = ADVANCED_FACE ( 'NONE', ( #6120 ), #3135, .T. ) ;
#7098 = ORIENTED_EDGE ( 'NONE', *, *, #206, .T. ) ;
#7099 = LINE ( 'NONE', #5190, #7327 ) ;
#7100 = FACE_OUTER_BOUND ( 'NONE', #7417, .T. ) ;
#7101 = COLOUR_RGB ( '',0.9019607843137255054, 0.5686274509803921351, 0.2196078431372548989 ) ;
#7102 = CARTESIAN_POINT ( 'NONE',  ( 4.086143571373707317, -12.43261838873854686, 1.500000000000016875 ) ) ;
#7103 = ADVANCED_FACE ( 'NONE', ( #1096 ), #1140, .T. ) ;
#7104 = ORIENTED_EDGE ( 'NONE', *, *, #4305, .T. ) ;
#7105 = EDGE_CURVE ( 'NONE', #3557, #3463, #8114, .T. ) ;
#7106 = VECTOR ( 'NONE', #6495, 1000.000000000000000 ) ;
#7107 = ORIENTED_EDGE ( 'NONE', *, *, #4552, .F. ) ;
#7108 = LINE ( 'NONE', #2657, #46 ) ;
#7109 = CARTESIAN_POINT ( 'NONE',  ( -4.529384319090804745, 0.1834367172890583597, -0.8000000000000158096 ) ) ;
#7110 = EDGE_LOOP ( 'NONE', ( #1854, #2297, #7133, #6798, #3858, #2345, #1112, #331 ) ) ;
#7111 = ORIENTED_EDGE ( 'NONE', *, *, #3589, .T. ) ;
#7112 = CIRCLE ( 'NONE', #4334, 0.1799999999999996048 ) ;
#7113 = ORIENTED_EDGE ( 'NONE', *, *, #7962, .T. ) ;
#7114 = ADVANCED_FACE ( 'NONE', ( #5006 ), #2481, .T. ) ;
#7115 = VECTOR ( 'NONE', #2402, 1000.000000000000000 ) ;
#7116 = CARTESIAN_POINT ( 'NONE',  ( 3.380550990593103045, 3.050000000000000266, -0.5499999999999898304 ) ) ;
#7117 = EDGE_LOOP ( 'NONE', ( #3648, #6775, #7469, #1164 ) ) ;
#7118 = CARTESIAN_POINT ( 'NONE',  ( -5.300000000000000711, 0.1500000000000052403, -0.3000000000000198619 ) ) ;
#7119 = ADVANCED_FACE ( 'NONE', ( #1054 ), #5669, .T. ) ;
#7120 = DIRECTION ( 'NONE',  ( -1.000000000000000000, -0.000000000000000000, -3.705642736089844770E-15 ) ) ;
#7121 = ORIENTED_EDGE ( 'NONE', *, *, #8068, .F. ) ;
#7122 = LINE ( 'NONE', #1514, #2484 ) ;
#7123 = EDGE_LOOP ( 'NONE', ( #3379, #3724, #6959, #7464 ) ) ;
#7124 = EDGE_CURVE ( 'NONE', #907, #1395, #7452, .T. ) ;
#7125 = EDGE_CURVE ( 'NONE', #7797, #757, #3643, .T. ) ;
#7126 = ORIENTED_EDGE ( 'NONE', *, *, #1857, .T. ) ;
#7127 = CARTESIAN_POINT ( 'NONE',  ( 0.000000000000000000, 0.7500000000000000000, 0.000000000000000000 ) ) ;
#7128 = CARTESIAN_POINT ( 'NONE',  ( 3.300268487634762327, 1.626716719873263273, 0.3939373284622411098 ) ) ;
#7129 = CARTESIAN_POINT ( 'NONE',  ( 3.302608882415162928, 1.653529090703944826, -0.3909622701303793746 ) ) ;
#7130 = FACE_OUTER_BOUND ( 'NONE', #4957, .T. ) ;
#7131 = PLANE ( 'NONE',  #2978 ) ;
#7132 = EDGE_CURVE ( 'NONE', #1150, #872, #6242, .T. ) ;
#7133 = ORIENTED_EDGE ( 'NONE', *, *, #7975, .F. ) ;
#7134 = CARTESIAN_POINT ( 'NONE',  ( 3.889999999999997904, 0.5000000000000000000, -0.3999999999999863665 ) ) ;
#7135 = ORIENTED_EDGE ( 'NONE', *, *, #6817, .F. ) ;
#7136 = VECTOR ( 'NONE', #4523, 1000.000000000000000 ) ;
#7137 = CARTESIAN_POINT ( 'NONE',  ( -5.199999999999998401, 0.000000000000000000, -0.6000000000000180744 ) ) ;
#7138 = EDGE_CURVE ( 'NONE', #3304, #6695, #1724, .T. ) ;
#7139 = DIRECTION ( 'NONE',  ( -0.8829475928589279876, 0.000000000000000000, 0.4694715627858889739 ) ) ;
#7140 = ORIENTED_EDGE ( 'NONE', *, *, #731, .T. ) ;
#7141 = LINE ( 'NONE', #3238, #6659 ) ;
#7142 = DIRECTION ( 'NONE',  ( -1.000000000000000000, 0.000000000000000000, -3.497426362856451513E-15 ) ) ;
#7143 = CARTESIAN_POINT ( 'NONE',  ( 1.998910873344696526, 2.700000000000000178, -2.369463086951209441 ) ) ;
#7144 = ORIENTED_EDGE ( 'NONE', *, *, #1951, .T. ) ;
#7145 = ORIENTED_EDGE ( 'NONE', *, *, #1483, .T. ) ;
#7146 = CARTESIAN_POINT ( 'NONE',  ( 4.350000000000000533, 0.1834367172890583597, -0.7999999999999847233 ) ) ;
#7147 = B_SPLINE_CURVE_WITH_KNOTS ( 'NONE', 3,
 ( #6680, #2369, #996, #8014, #3532, #5439, #1661, #409, #6760, #2940 ),
 .UNSPECIFIED., .F., .F.,
 ( 4, 2, 2, 2, 4 ),
 ( 0.000000000000000000, 0.0002021190989382541084, 0.0004042381978765082168, 0.0006063572968147624065, 0.0008084763957530169756 ),
 .UNSPECIFIED. ) ;
#7148 = CYLINDRICAL_SURFACE ( 'NONE', #1452, 0.004999999999999796274 ) ;
#7149 = CARTESIAN_POINT ( 'NONE',  ( -1.955884509120575654, 2.933493649053892316, -2.274929378472918984 ) ) ;
#7150 = EDGE_LOOP ( 'NONE', ( #5620, #2004, #210, #6207 ) ) ;
#7151 = VERTEX_POINT ( 'NONE', #6743 ) ;
#7152 = CARTESIAN_POINT ( 'NONE',  ( -2.684203959073906631, 0.7500000000000001110, 2.047004751246643384 ) ) ;
#7153 = CARTESIAN_POINT ( 'NONE',  ( 1.988234997632186696, 2.943676604320287105, 2.270034591648734335 ) ) ;
#7154 = ORIENTED_EDGE ( 'NONE', *, *, #7125, .F. ) ;
#7155 = CARTESIAN_POINT ( 'NONE',  ( -5.199999999999998401, 0.1499999999999999944, -0.6000000000000180744 ) ) ;
#7156 = CARTESIAN_POINT ( 'NONE',  ( -2.396031216096949468, 3.149999999999999911, 2.376901220389473490 ) ) ;
#7157 = ORIENTED_EDGE ( 'NONE', *, *, #616, .T. ) ;
#7158 = FILL_AREA_STYLE_COLOUR ( '', #1933 ) ;
#7159 = DIRECTION ( 'NONE',  ( 1.000000000000000000, -3.872150616019658341E-17, 3.491481338843133355E-15 ) ) ;
#7160 = VERTEX_POINT ( 'NONE', #6870 ) ;
#7161 = EDGE_LOOP ( 'NONE', ( #2038, #1004, #4065, #2634 ) ) ;
#7162 = CYLINDRICAL_SURFACE ( 'NONE', #5163, 3.375000000000000000 ) ;
#7163 = CARTESIAN_POINT ( 'NONE',  ( 2.926600981638579846, 0.5990584378575432023, 1.681355037745353220 ) ) ;
#7164 = CARTESIAN_POINT ( 'NONE',  ( 3.302600666138124197, 1.611663364808207488, 0.3955006634215538774 ) ) ;
#7165 = LINE ( 'NONE', #6546, #4160 ) ;
#7166 = AXIS2_PLACEMENT_3D ( 'NONE', #5086, #4613, #6362 ) ;
#7167 = CARTESIAN_POINT ( 'NONE',  ( 1.514188661106529085E-30, 1.450000000000002842, -4.336808689942017736E-16 ) ) ;
#7168 = DIRECTION ( 'NONE',  ( -3.801253388124705825E-15, 0.000000000000000000, 1.000000000000000000 ) ) ;
#7169 = DIRECTION ( 'NONE',  ( 0.000000000000000000, 1.000000000000000000, 0.000000000000000000 ) ) ;
#7170 = EDGE_CURVE ( 'NONE', #6879, #6706, #4431, .T. ) ;
#7171 = EDGE_CURVE ( 'NONE', #5997, #257, #1760, .T. ) ;
#7172 = CARTESIAN_POINT ( 'NONE',  ( -1.454604435350174807, 2.700000000000000178, -2.735713058173244505 ) ) ;
#7173 = ORIENTED_EDGE ( 'NONE', *, *, #3012, .F. ) ;
#7174 = DIRECTION ( 'NONE',  ( -1.000000000000000000, 0.000000000000000000, -7.136591349230734421E-15 ) ) ;
#7175 = DIRECTION ( 'NONE',  ( -0.9335804264972046296, -0.3583679495452928299, -3.259578637424203340E-15 ) ) ;
#7176 = B_SPLINE_CURVE_WITH_KNOTS ( 'NONE', 3,
 ( #3422, #4083, #6615, #963, #1587, #3503 ),
 .UNSPECIFIED., .F., .F.,
 ( 4, 2, 4 ),
 ( 0.004262744096259846183, 0.004328767956981668247, 0.004394791817703490311 ),
 .UNSPECIFIED. ) ;
#7177 = DIRECTION ( 'NONE',  ( 1.000000000000000000, 0.000000000000000000, 7.136591349230734421E-15 ) ) ;
#7178 = AXIS2_PLACEMENT_3D ( 'NONE', #4900, #3708, #6893 ) ;
#7179 = CARTESIAN_POINT ( 'NONE',  ( 4.149999999999996803, 0.000000000000000000, 0.3500000000000161315 ) ) ;
#7180 = FACE_OUTER_BOUND ( 'NONE', #3641, .T. ) ;
#7181 = ORIENTED_EDGE ( 'NONE', *, *, #3937, .T. ) ;
#7182 = ORIENTED_EDGE ( 'NONE', *, *, #7436, .T. ) ;
#7183 = EDGE_CURVE ( 'NONE', #3835, #2564, #3007, .T. ) ;
#7184 = FACE_OUTER_BOUND ( 'NONE', #2995, .T. ) ;
#7185 = CYLINDRICAL_SURFACE ( 'NONE', #4673, 0.2100000000000000200 ) ;
#7186 = DIRECTION ( 'NONE',  ( -3.491481338843133355E-15, 0.000000000000000000, 1.000000000000000000 ) ) ;
#7187 = CARTESIAN_POINT ( 'NONE',  ( 4.349999999999996092, 0.3000000000000024314, 0.6000000000000150768 ) ) ;
#7188 = EDGE_LOOP ( 'NONE', ( #1203, #1466, #4749, #3603, #3460, #3074, #8142, #7069 ) ) ;
#7189 = ORIENTED_EDGE ( 'NONE', *, *, #82, .T. ) ;
#7190 = ORIENTED_EDGE ( 'NONE', *, *, #7320, .T. ) ;
#7191 = AXIS2_PLACEMENT_3D ( 'NONE', #1291, #5035, #4280 ) ;
#7192 = LINE ( 'NONE', #2831, #5513 ) ;
#7193 = AXIS2_PLACEMENT_3D ( 'NONE', #7897, #285, #883 ) ;
#7194 = CARTESIAN_POINT ( 'NONE',  ( 2.973833986494490045, 0.7500000000000000000, -1.999999999999992673 ) ) ;
#7195 = ORIENTED_EDGE ( 'NONE', *, *, #7019, .T. ) ;
#7196 = AXIS2_PLACEMENT_3D ( 'NONE', #1694, #7336, #3657 ) ;
#7197 = CARTESIAN_POINT ( 'NONE',  ( 4.194999999999999396, 1.685000000000000275, -0.5999999999999853229 ) ) ;
#7198 =( LENGTH_UNIT ( ) NAMED_UNIT ( * ) SI_UNIT ( .MILLI., .METRE. ) );
#7199 = EDGE_LOOP ( 'NONE', ( #5473, #5796, #6642, #7486 ) ) ;
#7200 = EDGE_CURVE ( 'NONE', #4038, #1301, #4561, .T. ) ;
#7201 = VECTOR ( 'NONE', #4512, 1000.000000000000000 ) ;
#7202 = DIRECTION ( 'NONE',  ( -3.369016658928398207E-15, 0.000000000000000000, 1.000000000000000000 ) ) ;
#7203 = CIRCLE ( 'NONE', #6940, 0.1000000000000002554 ) ;
#7204 = DIRECTION ( 'NONE',  ( -3.491481338843133355E-15, 1.204669080539449590E-15, 1.000000000000000000 ) ) ;
#7205 = ORIENTED_EDGE ( 'NONE', *, *, #6019, .F. ) ;
#7206 = VECTOR ( 'NONE', #7299, 1000.000000000000114 ) ;
#7207 = VERTEX_POINT ( 'NONE', #7502 ) ;
#7208 = EDGE_CURVE ( 'NONE', #7765, #1117, #1807, .T. ) ;
#7209 = FACE_OUTER_BOUND ( 'NONE', #3282, .T. ) ;
#7210 =( GEOMETRIC_REPRESENTATION_CONTEXT ( 3 ) GLOBAL_UNCERTAINTY_ASSIGNED_CONTEXT ( ( #5415 ) ) GLOBAL_UNIT_ASSIGNED_CONTEXT ( ( #7198, #2180, #7323 ) ) REPRESENTATION_CONTEXT ( 'NONE', 'WORKASPACE' ) );
#7211 = LINE ( 'NONE', #5963, #430 ) ;
#7212 = DIRECTION ( 'NONE',  ( -0.000000000000000000, -1.000000000000000000, 0.000000000000000000 ) ) ;
#7213 = CARTESIAN_POINT ( 'NONE',  ( 3.586143571373709538, 0.7500000000000000000, 2.000000000000016431 ) ) ;
#7214 = CARTESIAN_POINT ( 'NONE',  ( 4.717386503038387247, 1.149990402432737424, -0.8695333621815422021 ) ) ;
#7215 = AXIS2_PLACEMENT_3D ( 'NONE', #2018, #855, #1473 ) ;
#7216 = CARTESIAN_POINT ( 'NONE',  ( 5.199999999999998401, 0.000000000000000000, 0.6000000000000180744 ) ) ;
#7217 = AXIS2_PLACEMENT_3D ( 'NONE', #3319, #4568, #3986 ) ;
#7218 = AXIS2_PLACEMENT_3D ( 'NONE', #2233, #6671, #986 ) ;
#7219 = ORIENTED_EDGE ( 'NONE', *, *, #5344, .F. ) ;
#7220 = AXIS2_PLACEMENT_3D ( 'NONE', #4529, #5364, #1668 ) ;
#7221 = DIRECTION ( 'NONE',  ( 1.000000000000000000, 0.000000000000000000, 3.491481338843133355E-15 ) ) ;
#7222 = ORIENTED_EDGE ( 'NONE', *, *, #6858, .F. ) ;
#7223 = EDGE_CURVE ( 'NONE', #8030, #1867, #3758, .T. ) ;
#7224 = FACE_OUTER_BOUND ( 'NONE', #4136, .T. ) ;
#7225 = CIRCLE ( 'NONE', #4699, 0.1799999999999996048 ) ;
#7226 = DIRECTION ( 'NONE',  ( 0.000000000000000000, 1.000000000000000000, -0.000000000000000000 ) ) ;
#7227 = DIRECTION ( 'NONE',  ( -1.000000000000000000, 0.000000000000000000, -3.614007241618338910E-15 ) ) ;
#7228 = EDGE_CURVE ( 'NONE', #7516, #3119, #5507, .T. ) ;
#7229 = CARTESIAN_POINT ( 'NONE',  ( -4.628839468752896202, 0.1800000000000043787, 0.8999999999999838129 ) ) ;
#7230 = CARTESIAN_POINT ( 'NONE',  ( 3.149999999999999467, 1.633265455320084714, -0.3854590165138429558 ) ) ;
#7231 = VERTEX_POINT ( 'NONE', #8073 ) ;
#7232 = EDGE_CURVE ( 'NONE', #1605, #3263, #4251, .T. ) ;
#7233 = ORIENTED_EDGE ( 'NONE', *, *, #2470, .T. ) ;
#7234 = CARTESIAN_POINT ( 'NONE',  ( 1.584466524402396770, 0.7500000000000000000, -2.979948125898870703 ) ) ;
#7235 = EDGE_CURVE ( 'NONE', #6105, #3874, #2770, .T. ) ;
#7236 = FACE_OUTER_BOUND ( 'NONE', #6944, .T. ) ;
#7237 = CIRCLE ( 'NONE', #3672, 3.374999999999999556 ) ;
#7238 = DIRECTION ( 'NONE',  ( 3.491481338843133355E-15, -0.000000000000000000, -1.000000000000000000 ) ) ;
#7239 = CARTESIAN_POINT ( 'NONE',  ( -4.350000000000000533, 0.000000000000000000, 0.6499999999999862554 ) ) ;
#7240 = AXIS2_PLACEMENT_3D ( 'NONE', #2793, #256, #5331 ) ;
#7241 = ORIENTED_EDGE ( 'NONE', *, *, #5046, .F. ) ;
#7242 = CARTESIAN_POINT ( 'NONE',  ( 3.302600666138126417, 1.611663364808207488, -0.3955006634215307848 ) ) ;
#7243 = CARTESIAN_POINT ( 'NONE',  ( 4.086143571373707317, -12.43261838873854686, 1.500000000000016875 ) ) ;
#7244 = ORIENTED_EDGE ( 'NONE', *, *, #390, .F. ) ;
#7245 = DIRECTION ( 'NONE',  ( 3.491481338843133355E-15, -0.000000000000000000, -1.000000000000000000 ) ) ;
#7246 = EDGE_CURVE ( 'NONE', #461, #2627, #1484, .T. ) ;
#7247 = DIRECTION ( 'NONE',  ( -1.000000000000000000, 0.000000000000000000, -7.797594201567525738E-13 ) ) ;
#7248 = DIRECTION ( 'NONE',  ( -3.491481338843133355E-15, 3.727710295965419738E-16, 1.000000000000000000 ) ) ;
#7249 = CARTESIAN_POINT ( 'NONE',  ( -2.003526488317634093E-15, 0.2999999999999999334, 0.6500000000000013545 ) ) ;
#7250 = ORIENTED_EDGE ( 'NONE', *, *, #949, .T. ) ;
#7251 = VERTEX_POINT ( 'NONE', #4682 ) ;
#7252 = DIRECTION ( 'NONE',  ( -1.000000000000000000, -1.175494350822286982E-30, -2.407279166357629316E-15 ) ) ;
#7253 = DIRECTION ( 'NONE',  ( 0.7071067811865550112, 0.000000000000000000, 0.7071067811865400232 ) ) ;
#7254 = DIRECTION ( 'NONE',  ( -1.000000000000000000, 0.000000000000000000, -3.491481338843133750E-15 ) ) ;
#7255 = LINE ( 'NONE', #6054, #4020 ) ;
#7256 = CARTESIAN_POINT ( 'NONE',  ( 4.552081636884923732, 0.2999921102144696983, -0.8084377142705045927 ) ) ;
#7257 = CARTESIAN_POINT ( 'NONE',  ( 3.060581640119826918, 0.8240763817036218519, 0.4219274821826672350 ) ) ;
#7258 = VERTEX_POINT ( 'NONE', #7793 ) ;
#7259 = CARTESIAN_POINT ( 'NONE',  ( 2.073225355892406974, 2.990297223484838174, 2.302550026315338005 ) ) ;
#7260 = ORIENTED_EDGE ( 'NONE', *, *, #5809, .T. ) ;
#7261 = CARTESIAN_POINT ( 'NONE',  ( 4.350000000000011191, 0.000000000000000000, -3.944646165029753515 ) ) ;
#7262 = LINE ( 'NONE', #2276, #2458 ) ;
#7263 = CARTESIAN_POINT ( 'NONE',  ( -5.200000000000001954, 0.1500000000000052125, 0.2999999999999803935 ) ) ;
#7264 = CARTESIAN_POINT ( 'NONE',  ( 1.542899194636086158, 2.700000000000000178, -2.688765901894645260 ) ) ;
#7265 = DIRECTION ( 'NONE',  ( 0.7071067811865464625, 0.000000000000000000, -0.7071067811865486830 ) ) ;
#7266 = ORIENTED_EDGE ( 'NONE', *, *, #1440, .F. ) ;
#7267 = ORIENTED_EDGE ( 'NONE', *, *, #1241, .T. ) ;
#7268 = EDGE_CURVE ( 'NONE', #4532, #6748, #2039, .T. ) ;
#7269 = FACE_OUTER_BOUND ( 'NONE', #2994, .T. ) ;
#7270 = DIRECTION ( 'NONE',  ( -1.000000000000000000, 0.000000000000000000, -3.491481338843133355E-15 ) ) ;
#7271 = LINE ( 'NONE', #1578, #4103 ) ;
#7272 = CARTESIAN_POINT ( 'NONE',  ( -2.220815370558882229, 0.7306820342472279961, 1.941772151898728094 ) ) ;
#7273 = EDGE_CURVE ( 'NONE', #6848, #2656, #3280, .T. ) ;
#7274 = ORIENTED_EDGE ( 'NONE', *, *, #7223, .T. ) ;
#7275 = EDGE_CURVE ( 'NONE', #6737, #7898, #3359, .T. ) ;
#7276 = VERTEX_POINT ( 'NONE', #1531 ) ;
#7277 = CARTESIAN_POINT ( 'NONE',  ( 2.642215976589615600, 0.7500000000000000000, -2.099838025433053978 ) ) ;
#7278 = DIRECTION ( 'NONE',  ( 0.000000000000000000, 1.000000000000000000, 0.000000000000000000 ) ) ;
#7279 = EDGE_LOOP ( 'NONE', ( #1719, #7768, #1480, #7397 ) ) ;
#7280 = LINE ( 'NONE', #6534, #2829 ) ;
#7281 = DIRECTION ( 'NONE',  ( 0.000000000000000000, 1.000000000000000000, 0.000000000000000000 ) ) ;
#7282 = ORIENTED_EDGE ( 'NONE', *, *, #1800, .T. ) ;
#7283 = B_SPLINE_CURVE_WITH_KNOTS ( 'NONE', 3,
 ( #5882, #5262, #7784, #2106 ),
 .UNSPECIFIED., .F., .F.,
 ( 4, 4 ),
 ( 0.000000000000000000, 1.000000000000000000 ),
 .UNSPECIFIED. ) ;
#7284 = CARTESIAN_POINT ( 'NONE',  ( -2.092844953645623285, 2.700000000000000178, -3.350000000000007638 ) ) ;
#7285 = CYLINDRICAL_SURFACE ( 'NONE', #3393, 3.000000000000001776 ) ;
#7286 = ORIENTED_EDGE ( 'NONE', *, *, #1816, .F. ) ;
#7287 = ORIENTED_EDGE ( 'NONE', *, *, #5413, .T. ) ;
#7288 = CARTESIAN_POINT ( 'NONE',  ( 3.165276501905639694, 1.550840826924667404, 0.3961655152405493263 ) ) ;
#7289 = CIRCLE ( 'NONE', #1866, 3.374999999999999556 ) ;
#7290 = DIRECTION ( 'NONE',  ( -3.491481338843133355E-15, 0.000000000000000000, 1.000000000000000000 ) ) ;
#7291 = CARTESIAN_POINT ( 'NONE',  ( -4.199999999999997513, 1.850000000000000089, -0.6000000000000146327 ) ) ;
#7292 = DIRECTION ( 'NONE',  ( -3.491481338843133355E-15, -0.000000000000000000, 1.000000000000000000 ) ) ;
#7293 = LINE ( 'NONE', #7382, #7858 ) ;
#7294 = ORIENTED_EDGE ( 'NONE', *, *, #2409, .T. ) ;
#7295 = DIRECTION ( 'NONE',  ( -0.4694715627858951912, 0.000000000000000000, 0.8829475928589246569 ) ) ;
#7296 = ORIENTED_EDGE ( 'NONE', *, *, #5643, .F. ) ;
#7297 = CARTESIAN_POINT ( 'NONE',  ( -8.267931061166536775E-15, 0.3500000000000000333, 2.000000000000001332 ) ) ;
#7298 = EDGE_LOOP ( 'NONE', ( #3131, #7887, #8, #7004, #3153, #7511, #3947, #1629, #6077 ) ) ;
#7299 = DIRECTION ( 'NONE',  ( -2.502581795060402787E-16, 0.9974279109682614441, 0.07167679137273028078 ) ) ;
#7300 = DIRECTION ( 'NONE',  ( -1.954586163371311563E-17, 1.000000000000000000, -6.824401114571930484E-32 ) ) ;
#7301 = CARTESIAN_POINT ( 'NONE',  ( 1.169646248512449832E-14, 3.149999999999999911, -3.350000000000000089 ) ) ;
#7302 = DIRECTION ( 'NONE',  ( 0.000000000000000000, 1.000000000000000000, 0.000000000000000000 ) ) ;
#7303 = AXIS2_PLACEMENT_3D ( 'NONE', #3038, #8149, #5573 ) ;
#7304 = DIRECTION ( 'NONE',  ( -0.000000000000000000, -1.000000000000000000, -0.000000000000000000 ) ) ;
#7305 = ORIENTED_EDGE ( 'NONE', *, *, #6581, .T. ) ;
#7306 = ORIENTED_EDGE ( 'NONE', *, *, #309, .F. ) ;
#7307 = CARTESIAN_POINT ( 'NONE',  ( 0.000000000000000000, 2.933493649053891872, 0.000000000000000000 ) ) ;
#7308 = VECTOR ( 'NONE', #5922, 1000.000000000000000 ) ;
#7309 = CARTESIAN_POINT ( 'NONE',  ( -3.986143571373698347, 2.049999999999999378, -3.944646165029782825 ) ) ;
#7310 = ADVANCED_FACE ( 'NONE', ( #5851 ), #3404, .T. ) ;
#7311 = DIRECTION ( 'NONE',  ( -1.000000000000000000, 2.710505431213754182E-16, -3.491481338843133355E-15 ) ) ;
#7312 = CARTESIAN_POINT ( 'NONE',  ( -2.092844953645649930, 0.7500000000000000000, 3.349999999999992539 ) ) ;
#7313 = ORIENTED_EDGE ( 'NONE', *, *, #1799, .T. ) ;
#7314 = EDGE_CURVE ( 'NONE', #3935, #4130, #4691, .T. ) ;
#7315 = VERTEX_POINT ( 'NONE', #4604 ) ;
#7316 = CARTESIAN_POINT ( 'NONE',  ( 5.299999999999997158, -0.6082762530298271297, 0.3000000000000170308 ) ) ;
#7317 = CARTESIAN_POINT ( 'NONE',  ( -1.454604435350174807, 2.990297223484845279, -2.735713058173244505 ) ) ;
#7318 = LINE ( 'NONE', #1635, #151 ) ;
#7319 = ORIENTED_EDGE ( 'NONE', *, *, #5196, .F. ) ;
#7320 = EDGE_CURVE ( 'NONE', #3549, #2376, #6598, .T. ) ;
#7321 = DIRECTION ( 'NONE',  ( -3.491481338843133355E-15, 0.000000000000000000, 1.000000000000000000 ) ) ;
#7322 = ADVANCED_FACE ( 'NONE', ( #781 ), #5043, .F. ) ;
#7323 =( NAMED_UNIT ( * ) SI_UNIT ( $, .STERADIAN. ) SOLID_ANGLE_UNIT ( ) );
#7324 = DIRECTION ( 'NONE',  ( 2.502581795060403280E-16, 0.9974279109682614441, -0.07167679137273029466 ) ) ;
#7325 = CARTESIAN_POINT ( 'NONE',  ( -2.352579778227639640, 0.03409515047754796413, 0.5999999999999917621 ) ) ;
#7326 = ADVANCED_FACE ( 'NONE', ( #902 ), #2074, .T. ) ;
#7327 = VECTOR ( 'NONE', #3955, 1000.000000000000000 ) ;
#7328 = ORIENTED_EDGE ( 'NONE', *, *, #2569, .F. ) ;
#7329 = VECTOR ( 'NONE', #7278, 1000.000000000000000 ) ;
#7330 = CARTESIAN_POINT ( 'NONE',  ( -2.068111038215015049E-15, 0.000000000000000000, 0.6500000000000001332 ) ) ;
#7331 = EDGE_CURVE ( 'NONE', #741, #4330, #2692, .T. ) ;
#7332 = CARTESIAN_POINT ( 'NONE',  ( 1.514188661106529085E-30, 0.7300000000000002043, -4.336808689942017736E-16 ) ) ;
#7333 = CARTESIAN_POINT ( 'NONE',  ( 0.000000000000000000, 3.149999999999999911, 0.000000000000000000 ) ) ;
#7334 = CIRCLE ( 'NONE', #2434, 2.950000000000000622 ) ;
#7335 = VECTOR ( 'NONE', #1616, 1000.000000000000000 ) ;
#7336 = DIRECTION ( 'NONE',  ( 3.491481338843133355E-15, -0.000000000000000000, -1.000000000000000000 ) ) ;
#7337 = DIRECTION ( 'NONE',  ( 0.000000000000000000, 1.000000000000000000, 0.000000000000000000 ) ) ;
#7338 = ORIENTED_EDGE ( 'NONE', *, *, #2061, .F. ) ;
#7339 = DIRECTION ( 'NONE',  ( 3.491481338843133355E-15, -0.000000000000000000, -1.000000000000000000 ) ) ;
#7340 = EDGE_CURVE ( 'NONE', #1584, #232, #1121, .T. ) ;
#7341 = VECTOR ( 'NONE', #2649, 1000.000000000000000 ) ;
#7342 = ADVANCED_FACE ( 'NONE', ( #6513 ), #819, .T. ) ;
#7343 = ORIENTED_EDGE ( 'NONE', *, *, #352, .T. ) ;
#7344 = PLANE ( 'NONE',  #462 ) ;
#7345 = VERTEX_POINT ( 'NONE', #2731 ) ;
#7346 = VECTOR ( 'NONE', #4133, 1000.000000000000000 ) ;
#7347 = CARTESIAN_POINT ( 'NONE',  ( 4.349999999999999645, 1.685000000000000275, -0.5499999999999864997 ) ) ;
#7348 = DIRECTION ( 'NONE',  ( -1.000000000000000000, 0.000000000000000000, -3.082348443565584602E-15 ) ) ;
#7349 = VECTOR ( 'NONE', #6472, 1000.000000000000000 ) ;
#7350 = DIRECTION ( 'NONE',  ( -3.900614234120682109E-15, 0.000000000000000000, 1.000000000000000000 ) ) ;
#7351 = CARTESIAN_POINT ( 'NONE',  ( 3.599999999999998757, 2.030000000000000249, -0.3485931636265944267 ) ) ;
#7353 = CARTESIAN_POINT ( 'NONE',  ( -4.086143571373707317, -12.43261838873854686, -1.500000000000016875 ) ) ;
#7352 = CIRCLE ( 'NONE', #7873, 0.1000000000000002554 ) ;
#7354 = AXIS2_PLACEMENT_3D ( 'NONE', #3542, #909, #5447 ) ;
#7355 = ORIENTED_EDGE ( 'NONE', *, *, #815, .T. ) ;
#7356 = EDGE_LOOP ( 'NONE', ( #6903, #3469, #6493, #2520 ) ) ;
#7357 = VECTOR ( 'NONE', #6161, 1000.000000000000114 ) ;
#7358 = VERTEX_POINT ( 'NONE', #5815 ) ;
#7359 = DIRECTION ( 'NONE',  ( 3.491481338843133355E-15, 0.000000000000000000, -1.000000000000000000 ) ) ;
#7360 = FACE_OUTER_BOUND ( 'NONE', #835, .T. ) ;
#7361 = EDGE_CURVE ( 'NONE', #6081, #7151, #5272, .T. ) ;
#7362 = CARTESIAN_POINT ( 'NONE',  ( 3.401061993347372248, 1.969582361622702837, -0.3459679580028861556 ) ) ;
#7363 = CARTESIAN_POINT ( 'NONE',  ( -2.790085254682000748, 0.9600920627171842803, 1.613572198479720443 ) ) ;
#7364 = CLOSED_SHELL ( 'NONE', ( #6275, #8200, #7997, #6357, #6705, #7103, #1243, #1197, #4540, #879, #4995, #1542, #1568, #4730, #5068, #877, #7478, #4025, #3264, #3371, #6205, #4011, #7576, #7637, #113, #733, #1872, #3524, #4285, #5145, #2181, #7342, #1419, #5305, #6877, #1648, #1846, #48, #2904, #6512, #152, #7956, #2781, #1539, #624, #5721, #7960, #4288, #4689 ) ) ;
#7365 = ORIENTED_EDGE ( 'NONE', *, *, #7105, .F. ) ;
#7366 = VERTEX_POINT ( 'NONE', #6431 ) ;
#7367 = ORIENTED_EDGE ( 'NONE', *, *, #375, .F. ) ;
#7368 = CARTESIAN_POINT ( 'NONE',  ( 2.268242884571764595, 2.700000000000000178, 2.250133155302050270 ) ) ;
#7369 = CARTESIAN_POINT ( 'NONE',  ( 3.552499999999998881, 1.880000000000000115, -0.3702839542245253690 ) ) ;
#7370 = CARTESIAN_POINT ( 'NONE',  ( -4.190000000000001279, 0.3000000000000000444, 0.5999999999999853229 ) ) ;
#7371 = PRESENTATION_LAYER_ASSIGNMENT (  '', '', ( #5781 ) ) ;
#7372 = VERTEX_POINT ( 'NONE', #2651 ) ;
#7373 = DIRECTION ( 'NONE',  ( 1.000000000000000000, 0.000000000000000000, 7.136591349230734421E-15 ) ) ;
#7374 = CARTESIAN_POINT ( 'NONE',  ( 5.299999999999998934, -0.6082762530298271297, -0.2999999999999828915 ) ) ;
#7375 = DIRECTION ( 'NONE',  ( 0.000000000000000000, 1.000000000000000000, 0.000000000000000000 ) ) ;
#7376 = EDGE_CURVE ( 'NONE', #695, #4980, #5188, .T. ) ;
#7377 = ORIENTED_EDGE ( 'NONE', *, *, #6511, .T. ) ;
#7378 = DIRECTION ( 'NONE',  ( -3.491481338843133355E-15, 0.000000000000000000, 1.000000000000000000 ) ) ;
#7379 = CARTESIAN_POINT ( 'NONE',  ( 3.049999999999998490, 0.000000000000000000, -0.3499999999999910405 ) ) ;
#7380 = PLANE ( 'NONE',  #3496 ) ;
#7381 = CARTESIAN_POINT ( 'NONE',  ( -4.349999999999997868, 0.000000000000000000, -1.518794382396762378E-14 ) ) ;
#7382 = CARTESIAN_POINT ( 'NONE',  ( 4.351339312526797620, 0.3000000000000005440, 3.944646165029784601 ) ) ;
#7383 = ORIENTED_EDGE ( 'NONE', *, *, #2555, .F. ) ;
#7384 = CARTESIAN_POINT ( 'NONE',  ( -4.552081636884922844, 0.2999921102144699203, 0.8084377142705041486 ) ) ;
#7385 = EDGE_CURVE ( 'NONE', #5216, #6206, #7096, .T. ) ;
#7386 = EDGE_CURVE ( 'NONE', #7028, #861, #1376, .T. ) ;
#7387 = ORIENTED_EDGE ( 'NONE', *, *, #7081, .F. ) ;
#7388 = LINE ( 'NONE', #1701, #6027 ) ;
#7389 = ORIENTED_EDGE ( 'NONE', *, *, #481, .T. ) ;
#7390 = DIRECTION ( 'NONE',  ( 1.000000000000000000, -3.614007241618349264E-16, 3.491481338843133355E-15 ) ) ;
#7391 = AXIS2_PLACEMENT_3D ( 'NONE', #5257, #6044, #3386 ) ;
#7392 = CARTESIAN_POINT ( 'NONE',  ( 3.329883631600357496, 2.700000000000000178, 0.5500000000000132561 ) ) ;
#7393 = ADVANCED_FACE ( 'NONE', ( #5973 ), #3616, .T. ) ;
#7394 = LINE ( 'NONE', #4147, #2566 ) ;
#7395 = DIRECTION ( 'NONE',  ( 0.4305110968082906941, 0.9025852843498627376, 1.503121460671036632E-15 ) ) ;
#7396 = FACE_OUTER_BOUND ( 'NONE', #2054, .T. ) ;
#7397 = ORIENTED_EDGE ( 'NONE', *, *, #3399, .T. ) ;
#7398 = ORIENTED_EDGE ( 'NONE', *, *, #5402, .F. ) ;
#7399 = ADVANCED_FACE ( 'NONE', ( #2813 ), #1120, .F. ) ;
#7400 = ORIENTED_EDGE ( 'NONE', *, *, #3017, .F. ) ;
#7401 = LINE ( 'NONE', #7972, #4041 ) ;
#7402 = DIRECTION ( 'NONE',  ( -0.000000000000000000, -1.000000000000000000, 0.000000000000000000 ) ) ;
#7403 = DIRECTION ( 'NONE',  ( -1.000000000000000000, 0.000000000000000000, -3.491481338843133355E-15 ) ) ;
#7404 = FACE_OUTER_BOUND ( 'NONE', #4721, .T. ) ;
#7405 = VERTEX_POINT ( 'NONE', #366 ) ;
#7406 = UNCERTAINTY_MEASURE_WITH_UNIT (LENGTH_MEASURE( 1.000000000000000082E-05 ), #126, 'distance_accuracy_value', 'NONE');
#7407 = ORIENTED_EDGE ( 'NONE', *, *, #7530, .F. ) ;
#7408 = CARTESIAN_POINT ( 'NONE',  ( 2.535399252178448735E-15, 0.2999999999999999334, -0.6500000000000013545 ) ) ;
#7409 = DIRECTION ( 'NONE',  ( -3.491481338843133355E-15, 0.000000000000000000, 1.000000000000000000 ) ) ;
#7410 = LINE ( 'NONE', #4249, #3837 ) ;
#7411 = ORIENTED_EDGE ( 'NONE', *, *, #4759, .F. ) ;
#7412 = CARTESIAN_POINT ( 'NONE',  ( 2.134476815985837383, 2.700000000000000178, -2.370576664446629955 ) ) ;
#7413 = CARTESIAN_POINT ( 'NONE',  ( 3.986143571373707228, 0.6999999999999999556, 1.600000000000017852 ) ) ;
#7414 = DIRECTION ( 'NONE',  ( 0.000000000000000000, 1.000000000000000000, 0.000000000000000000 ) ) ;
#7415 = ORIENTED_EDGE ( 'NONE', *, *, #7138, .F. ) ;
#7416 = VECTOR ( 'NONE', #6707, 1000.000000000000000 ) ;
#7417 = EDGE_LOOP ( 'NONE', ( #7861, #6946, #4198, #7075 ) ) ;
#7418 = DIRECTION ( 'NONE',  ( 2.502581795060402787E-16, 0.9974279109682614441, -0.07167679137273028078 ) ) ;
#7419 = B_SPLINE_CURVE_WITH_KNOTS ( 'NONE', 3,
 ( #2825, #5320, #1544, #278 ),
 .UNSPECIFIED., .F., .F.,
 ( 4, 4 ),
 ( 0.0003270686932962844429, 0.0006830287684011987015 ),
 .UNSPECIFIED. ) ;
#7420 = DIRECTION ( 'NONE',  ( -1.000000000000000000, 0.000000000000000000, -3.082348443565584602E-15 ) ) ;
#7421 = CARTESIAN_POINT ( 'NONE',  ( -3.890000000000001457, 0.2999999999999999889, 0.5999999999999864331 ) ) ;
#7422 = CARTESIAN_POINT ( 'NONE',  ( 3.329883631600357496, 2.999999999999999112, 0.5500000000000132561 ) ) ;
#7423 = DIRECTION ( 'NONE',  ( 0.000000000000000000, 1.000000000000000000, 0.000000000000000000 ) ) ;
#7424 = VERTEX_POINT ( 'NONE', #7963 ) ;
#7425 = DIRECTION ( 'NONE',  ( 3.491481338843133355E-15, 0.000000000000000000, -1.000000000000000000 ) ) ;
#7426 = EDGE_CURVE ( 'NONE', #5575, #1021, #7262, .T. ) ;
#7427 = ORIENTED_EDGE ( 'NONE', *, *, #920, .T. ) ;
#7428 = ORIENTED_EDGE ( 'NONE', *, *, #7779, .T. ) ;
#7429 = CARTESIAN_POINT ( 'NONE',  ( 3.150035030069895825, 1.637279506272255825, -0.3848077530121971623 ) ) ;
#7430 = ORIENTED_EDGE ( 'NONE', *, *, #2684, .F. ) ;
#7431 = DIRECTION ( 'NONE',  ( 0.000000000000000000, 1.000000000000000000, 0.000000000000000000 ) ) ;
#7432 = ADVANCED_FACE ( 'NONE', ( #1741 ), #7082, .F. ) ;
#7433 = DIRECTION ( 'NONE',  ( 3.491481338843133355E-15, -0.000000000000000000, -1.000000000000000000 ) ) ;
#7434 = CARTESIAN_POINT ( 'NONE',  ( 2.092844953645649930, 0.7500000000000000000, -3.349999999999992539 ) ) ;
#7435 = EDGE_CURVE ( 'NONE', #1605, #7372, #1704, .T. ) ;
#7436 = EDGE_CURVE ( 'NONE', #6677, #695, #4860, .T. ) ;
#7437 = CARTESIAN_POINT ( 'NONE',  ( 1.781226596065949241, 0.7500000000000000000, 3.350000000000006306 ) ) ;
#7438 = EDGE_CURVE ( 'NONE', #405, #6105, #6800, .T. ) ;
#7439 = ORIENTED_EDGE ( 'NONE', *, *, #640, .F. ) ;
#7440 = ORIENTED_EDGE ( 'NONE', *, *, #4194, .F. ) ;
#7441 = DIRECTION ( 'NONE',  ( -1.000000000000000000, 0.000000000000000000, -8.269460797427574610E-16 ) ) ;
#7442 = CYLINDRICAL_SURFACE ( 'NONE', #2019, 3.374999999999999556 ) ;
#7443 = CIRCLE ( 'NONE', #1071, 0.1500000000000016875 ) ;
#7444 = CARTESIAN_POINT ( 'NONE',  ( 3.442449196334513406, 2.008857350772936368, -0.3421179440652779569 ) ) ;
#7445 = CARTESIAN_POINT ( 'NONE',  ( 1.454604435350193903, 2.990297223484842171, -2.735713058173234291 ) ) ;
#7446 = ORIENTED_EDGE ( 'NONE', *, *, #3173, .T. ) ;
#7447 = EDGE_CURVE ( 'NONE', #2375, #5160, #2295, .T. ) ;
#7448 = EDGE_LOOP ( 'NONE', ( #837, #620, #1779, #7830 ) ) ;
#7449 = LINE ( 'NONE', #7538, #3662 ) ;
#7450 = FACE_OUTER_BOUND ( 'NONE', #6196, .T. ) ;
#7451 = VERTEX_POINT ( 'NONE', #6724 ) ;
#7452 = LINE ( 'NONE', #554, #6950 ) ;
#7453 = PLANE ( 'NONE',  #2853 ) ;
#7454 = DIRECTION ( 'NONE',  ( -0.7253743710122839694, -0.6883545756937577975, -2.532631080064465022E-15 ) ) ;
#7455 = ORIENTED_EDGE ( 'NONE', *, *, #6593, .T. ) ;
#7456 = VERTEX_POINT ( 'NONE', #4723 ) ;
#7457 = CARTESIAN_POINT ( 'NONE',  ( 5.199999999999999289, 0.1499999999999999667, 0.3000000000000166978 ) ) ;
#7458 = PLANE ( 'NONE',  #1898 ) ;
#7459 = ORIENTED_EDGE ( 'NONE', *, *, #4891, .F. ) ;
#7460 = ADVANCED_FACE ( 'NONE', ( #322 ), #3576, .T. ) ;
#7461 = DIRECTION ( 'NONE',  ( -3.491481338843133355E-15, 0.000000000000000000, 1.000000000000000000 ) ) ;
#7462 = DIRECTION ( 'NONE',  ( 1.000000000000000000, 0.000000000000000000, 3.491481338843132961E-15 ) ) ;
#7463 = CARTESIAN_POINT ( 'NONE',  ( 4.349999999999996092, 3.050000000000000266, 0.3500000000000168532 ) ) ;
#7464 = ORIENTED_EDGE ( 'NONE', *, *, #775, .F. ) ;
#7465 = DIRECTION ( 'NONE',  ( -3.491481338843133355E-15, 0.000000000000000000, 1.000000000000000000 ) ) ;
#7466 = CIRCLE ( 'NONE', #955, 0.5999999999999998668 ) ;
#7467 = VECTOR ( 'NONE', #7433, 1000.000000000000000 ) ;
#7468 = CARTESIAN_POINT ( 'NONE',  ( 2.793071785686868314, 3.050000000000000266, 2.793071785686860320 ) ) ;
#7469 = ORIENTED_EDGE ( 'NONE', *, *, #6138, .F. ) ;
#7470 = CYLINDRICAL_SURFACE ( 'NONE', #7862, 0.5999999999999999778 ) ;
#7471 = AXIS2_PLACEMENT_3D ( 'NONE', #1893, #6963, #54 ) ;
#7472 = FACE_OUTER_BOUND ( 'NONE', #2795, .T. ) ;
#7473 = CARTESIAN_POINT ( 'NONE',  ( 4.800000000000002487, 3.050000000000000266, -1.499999999999983347 ) ) ;
#7474 = DIRECTION ( 'NONE',  ( 3.491481338843133355E-15, 1.807003620809174878E-16, -1.000000000000000000 ) ) ;
#7475 = AXIS2_PLACEMENT_3D ( 'NONE', #7776, #4500, #3883 ) ;
#7476 = VECTOR ( 'NONE', #4574, 1000.000000000000000 ) ;
#7477 = CARTESIAN_POINT ( 'NONE',  ( -4.349999999999995204, 0.1800000000000000488, -0.8000000000000151434 ) ) ;
#7478 = ADVANCED_FACE ( 'NONE', ( #7920 ), #2238, .T. ) ;
#7479 = VERTEX_POINT ( 'NONE', #4146 ) ;
#7481 = EDGE_CURVE ( 'NONE', #7456, #114, #7147, .T. ) ;
#7480 = VECTOR ( 'NONE', #8132, 1000.000000000000000 ) ;
#7482 = ORIENTED_EDGE ( 'NONE', *, *, #5003, .F. ) ;
#7483 = DIRECTION ( 'NONE',  ( -1.000000000000000000, 0.000000000000000000, -3.491481338843133355E-15 ) ) ;
#7484 = AXIS2_PLACEMENT_3D ( 'NONE', #6829, #3089, #6781 ) ;
#7485 = EDGE_CURVE ( 'NONE', #5703, #6321, #1074, .T. ) ;
#7486 = ORIENTED_EDGE ( 'NONE', *, *, #6618, .F. ) ;
#7487 = LINE ( 'NONE', #631, #4809 ) ;
#7488 = LINE ( 'NONE', #4362, #6082 ) ;
#7489 = AXIS2_PLACEMENT_3D ( 'NONE', #97, #7632, #689 ) ;
#7490 = LINE ( 'NONE', #1880, #127 ) ;
#7491 = AXIS2_PLACEMENT_3D ( 'NONE', #5355, #453, #7348 ) ;
#7492 = ADVANCED_FACE ( 'NONE', ( #500 ), #2457, .T. ) ;
#7493 = ORIENTED_EDGE ( 'NONE', *, *, #5750, .T. ) ;
#7494 = VECTOR ( 'NONE', #4931, 1000.000000000000114 ) ;
#7495 = EDGE_CURVE ( 'NONE', #660, #2499, #7604, .T. ) ;
#7496 = CIRCLE ( 'NONE', #314, 0.3999999999999999667 ) ;
#7497 = EDGE_LOOP ( 'NONE', ( #5203, #1382, #5318, #6604 ) ) ;
#7498 = DIRECTION ( 'NONE',  ( -4.206079614184803695E-30, 1.000000000000000000, 1.204669080539449590E-15 ) ) ;
#7499 = CIRCLE ( 'NONE', #3914, 3.000000000000001776 ) ;
#7500 = DIRECTION ( 'NONE',  ( -0.7009092642998507872, 0.000000000000000000, 0.7132504491541816760 ) ) ;
#7501 = VERTEX_POINT ( 'NONE', #1910 ) ;
#7502 = CARTESIAN_POINT ( 'NONE',  ( 3.332051350969297943, 1.697303936377418943, -0.3863842541265962716 ) ) ;
#7503 = SURFACE_STYLE_USAGE ( .BOTH. , #5625 ) ;
#7504 = AXIS2_PLACEMENT_3D ( 'NONE', #3252, #4536, #5867 ) ;
#7505 = EDGE_CURVE ( 'NONE', #660, #2652, #539, .T. ) ;
#7506 =( LENGTH_UNIT ( ) NAMED_UNIT ( * ) SI_UNIT ( .MILLI., .METRE. ) );
#7507 = DIRECTION ( 'NONE',  ( -0.000000000000000000, -1.000000000000000000, 0.000000000000000000 ) ) ;
#7508 = ORIENTED_EDGE ( 'NONE', *, *, #7922, .F. ) ;
#7509 = LINE ( 'NONE', #3808, #7015 ) ;
#7510 = DIRECTION ( 'NONE',  ( -0.000000000000000000, -1.000000000000000000, -0.000000000000000000 ) ) ;
#7511 = ORIENTED_EDGE ( 'NONE', *, *, #7275, .T. ) ;
#7512 = EDGE_CURVE ( 'NONE', #6720, #662, #3763, .T. ) ;
#7513 = DIRECTION ( 'NONE',  ( -0.000000000000000000, -1.000000000000000000, 0.000000000000000000 ) ) ;
#7514 = CARTESIAN_POINT ( 'NONE',  ( 2.407220265895376521, 3.149999999999999911, -2.365568767011983820 ) ) ;
#7515 = LINE ( 'NONE', #3103, #6537 ) ;
#7516 = VERTEX_POINT ( 'NONE', #1828 ) ;
#7517 = CARTESIAN_POINT ( 'NONE',  ( 3.150035030069893605, 1.637279506272255825, 0.3848077530122192003 ) ) ;
#7518 = VECTOR ( 'NONE', #4173, 1000.000000000000000 ) ;
#7519 = B_SPLINE_CURVE_WITH_KNOTS ( 'NONE', 3,
 ( #6814, #6194, #509, #5572 ),
 .UNSPECIFIED., .F., .F.,
 ( 4, 4 ),
 ( 0.000000000000000000, 1.000000000000000000 ),
 .UNSPECIFIED. ) ;
#7520 = VECTOR ( 'NONE', #5877, 1000.000000000000000 ) ;
#7521 = DIRECTION ( 'NONE',  ( -0.000000000000000000, -1.000000000000000000, -0.000000000000000000 ) ) ;
#7522 = VERTEX_POINT ( 'NONE', #6264 ) ;
#7523 = LINE ( 'NONE', #4933, #578 ) ;
#7524 = LINE ( 'NONE', #5601, #1904 ) ;
#7525 = CARTESIAN_POINT ( 'NONE',  ( -3.986143571373707228, 0.6999999999999999556, -1.600000000000017852 ) ) ;
#7526 = CARTESIAN_POINT ( 'NONE',  ( 3.165276501905639694, 1.550840826924667404, 0.3961655152405493263 ) ) ;
#7527 = VERTEX_POINT ( 'NONE', #5111 ) ;
#7528 = VECTOR ( 'NONE', #4419, 1000.000000000000000 ) ;
#7529 = CIRCLE ( 'NONE', #1285, 3.950000000000000178 ) ;
#7530 = EDGE_CURVE ( 'NONE', #4223, #7345, #6186, .T. ) ;
#7531 = ORIENTED_EDGE ( 'NONE', *, *, #5558, .T. ) ;
#7532 = CARTESIAN_POINT ( 'NONE',  ( 3.986143571373707228, 0.7500000000000000000, 1.600000000000017852 ) ) ;
#7533 = ORIENTED_EDGE ( 'NONE', *, *, #3598, .T. ) ;
#7534 = PLANE ( 'NONE',  #7719 ) ;
#7535 = CARTESIAN_POINT ( 'NONE',  ( 3.049999999999995826, 0.8088891983536503627, 0.3500000000000110245 ) ) ;
#7536 = CARTESIAN_POINT ( 'NONE',  ( 3.566958012425245350, 1.880000000000000115, -0.3711975551408848162 ) ) ;
#7537 = EDGE_LOOP ( 'NONE', ( #2553, #2665, #6485, #7681, #7886, #1338, #3681, #2596 ) ) ;
#7538 = CARTESIAN_POINT ( 'NONE',  ( -2.971636754383016221, 0.7500000000000000000, 1.999999999999993117 ) ) ;
#7539 = CARTESIAN_POINT ( 'NONE',  ( 3.495443665173354919, 2.030000000000000249, 0.3419862552564192915 ) ) ;
#7540 = DIRECTION ( 'NONE',  ( -3.491481338843133355E-15, 0.000000000000000000, 1.000000000000000000 ) ) ;
#7541 = EDGE_CURVE ( 'NONE', #1341, #7017, #283, .T. ) ;
#7542 = FACE_OUTER_BOUND ( 'NONE', #3443, .T. ) ;
#7543 = EDGE_CURVE ( 'NONE', #630, #433, #7524, .T. ) ;
#7544 = CARTESIAN_POINT ( 'NONE',  ( -3.866143571373699128, 0.1699999999999997902, -3.944646165029782825 ) ) ;
#7545 = VERTEX_POINT ( 'NONE', #5691 ) ;
#7546 = EDGE_CURVE ( 'NONE', #5512, #62, #6345, .T. ) ;
#7547 = ORIENTED_EDGE ( 'NONE', *, *, #4389, .F. ) ;
#7548 = ORIENTED_EDGE ( 'NONE', *, *, #3734, .T. ) ;
#7549 = DIRECTION ( 'NONE',  ( 0.000000000000000000, -1.000000000000000000, 0.000000000000000000 ) ) ;
#7550 = FACE_OUTER_BOUND ( 'NONE', #2787, .T. ) ;
#7551 = ORIENTED_EDGE ( 'NONE', *, *, #4940, .F. ) ;
#7552 = CARTESIAN_POINT ( 'NONE',  ( 4.350000000000000533, 0.1800000000000000488, -0.8999999999999848121 ) ) ;
#7553 = DIRECTION ( 'NONE',  ( -0.9816271834476653080, -0.1908089953765382540, -3.427332992708668179E-15 ) ) ;
#7554 = CYLINDRICAL_SURFACE ( 'NONE', #6286, 3.950000000000000178 ) ;
#7555 = VERTEX_POINT ( 'NONE', #5026 ) ;
#7556 = CARTESIAN_POINT ( 'NONE',  ( 2.973634140239840740, 0.3500000000000000333, 1.600000000000013634 ) ) ;
#7557 = EDGE_LOOP ( 'NONE', ( #6340, #1877, #3539, #4290, #7219, #6594, #3580 ) ) ;
#7558 = CARTESIAN_POINT ( 'NONE',  ( 3.165276501905643247, 1.550840826924667404, -0.5999999999999888756 ) ) ;
#7559 = CARTESIAN_POINT ( 'NONE',  ( 1.542899194636086158, 2.700000000000000178, -2.688765901894645260 ) ) ;
#7560 = DIRECTION ( 'NONE',  ( -1.000000000000000000, 3.872150616019658341E-17, -3.491481338843133355E-15 ) ) ;
#7561 = DIRECTION ( 'NONE',  ( 0.7071067811865495711, 0.7071067811865454633, 2.468850131082272443E-15 ) ) ;
#7562 = PLANE ( 'NONE',  #4636 ) ;
#7563 = ORIENTED_EDGE ( 'NONE', *, *, #6504, .T. ) ;
#7564 = VERTEX_POINT ( 'NONE', #2574 ) ;
#7565 = CARTESIAN_POINT ( 'NONE',  ( 0.000000000000000000, 2.700000000000000178, 0.000000000000000000 ) ) ;
#7566 = ORIENTED_EDGE ( 'NONE', *, *, #1292, .T. ) ;
#7567 = DIRECTION ( 'NONE',  ( -0.9335804264972041855, -0.3583679495452942176, -3.259578637424201368E-15 ) ) ;
#7568 = DIRECTION ( 'NONE',  ( -1.000000000000000000, -0.000000000000000000, -2.848997147103001084E-15 ) ) ;
#7569 = CARTESIAN_POINT ( 'NONE',  ( -0.3704073303297388819, 0.9795429097132490881, -0.5936883636811922660 ) ) ;
#7570 = ORIENTED_EDGE ( 'NONE', *, *, #106, .F. ) ;
#7571 = ORIENTED_EDGE ( 'NONE', *, *, #5968, .F. ) ;
#7572 = CARTESIAN_POINT ( 'NONE',  ( -4.349999999999995204, 0.1834367172890583597, -0.8000000000000151434 ) ) ;
#7573 = ADVANCED_FACE ( 'NONE', ( #4472 ), #1782, .F. ) ;
#7574 = CARTESIAN_POINT ( 'NONE',  ( -1.049725974647594412E-31, 0.6500000000000021316, 3.006534684774830758E-17 ) ) ;
#7575 = CARTESIAN_POINT ( 'NONE',  ( 1.493128252873613615, 2.933493649053888319, 2.602031517962570817 ) ) ;
#7576 = ADVANCED_FACE ( 'NONE', ( #8216 ), #6974, .T. ) ;
#7577 = ORIENTED_EDGE ( 'NONE', *, *, #3473, .T. ) ;
#7578 = ORIENTED_EDGE ( 'NONE', *, *, #4806, .T. ) ;
#7579 = ADVANCED_FACE ( 'NONE', ( #7472 ), #2536, .F. ) ;
#7580 = DIRECTION ( 'NONE',  ( -0.9025852843498626266, 0.4305110968082908607, -3.151359677021968488E-15 ) ) ;
#7581 = CARTESIAN_POINT ( 'NONE',  ( 4.194999999999995843, 1.685000000000000275, 0.4000000000000146216 ) ) ;
#7582 = EDGE_CURVE ( 'NONE', #756, #2375, #6384, .T. ) ;
#7583 = B_SPLINE_CURVE_WITH_KNOTS ( 'NONE', 3,
 ( #3842, #2630, #760, #5169, #7653, #2006, #5751, #5131, #3253, #121 ),
 .UNSPECIFIED., .F., .F.,
 ( 4, 2, 2, 2, 4 ),
 ( 0.000000000000000000, 0.0003090703777074606793, 0.0006181407554149213586, 0.0009272111331223820922, 0.001236281510829842717 ),
 .UNSPECIFIED. ) ;
#7584 = CARTESIAN_POINT ( 'NONE',  ( -4.040000000000000036, 1.850000000000000089, 0.5999999999999858780 ) ) ;
#7585 = CARTESIAN_POINT ( 'NONE',  ( -4.039999999999996483, 1.850000000000000089, -0.6000000000000140776 ) ) ;
#7586 = DIRECTION ( 'NONE',  ( -1.000000000000000000, 5.033795800825556582E-16, -3.491481338843133355E-15 ) ) ;
#7587 = ORIENTED_EDGE ( 'NONE', *, *, #2046, .T. ) ;
#7588 = ORIENTED_EDGE ( 'NONE', *, *, #1440, .T. ) ;
#7589 = ORIENTED_EDGE ( 'NONE', *, *, #6618, .T. ) ;
#7590 = ADVANCED_FACE ( 'NONE', ( #5725 ), #23, .T. ) ;
#7591 = ORIENTED_EDGE ( 'NONE', *, *, #5595, .F. ) ;
#7592 = CARTESIAN_POINT ( 'NONE',  ( -4.800000000000002487, 3.050000000000000266, 1.499999999999983347 ) ) ;
#7593 = CARTESIAN_POINT ( 'NONE',  ( -1.781226596065975887, 0.7500000000000000000, 3.349999999999993872 ) ) ;
#7594 = CIRCLE ( 'NONE', #1478, 3.375000000000000444 ) ;
#7595 = DIRECTION ( 'NONE',  ( 1.000000000000000000, -5.033795800825555596E-16, 3.491481338843133355E-15 ) ) ;
#7596 = DIRECTION ( 'NONE',  ( -0.000000000000000000, -1.000000000000000000, 0.000000000000000000 ) ) ;
#7597 = VERTEX_POINT ( 'NONE', #7005 ) ;
#7598 = VECTOR ( 'NONE', #7049, 1000.000000000000000 ) ;
#7599 = VECTOR ( 'NONE', #5504, 1000.000000000000000 ) ;
#7600 = AXIS2_PLACEMENT_3D ( 'NONE', #3845, #5055, #1225 ) ;
#7601 = VERTEX_POINT ( 'NONE', #5563 ) ;
#7602 = DIRECTION ( 'NONE',  ( -0.000000000000000000, -1.000000000000000000, 0.000000000000000000 ) ) ;
#7603 = ORIENTED_EDGE ( 'NONE', *, *, #987, .F. ) ;
#7604 = CIRCLE ( 'NONE', #4279, 0.09999999999999961697 ) ;
#7605 = DIRECTION ( 'NONE',  ( 0.000000000000000000, -1.000000000000000000, 0.000000000000000000 ) ) ;
#7606 = CIRCLE ( 'NONE', #2571, 0.1999999999999996503 ) ;
#7607 = PLANE ( 'NONE',  #1758 ) ;
#7608 = PLANE ( 'NONE',  #8001 ) ;
#7609 = AXIS2_PLACEMENT_3D ( 'NONE', #1195, #6312, #5065 ) ;
#7610 = ORIENTED_EDGE ( 'NONE', *, *, #4587, .T. ) ;
#7611 = AXIS2_PLACEMENT_3D ( 'NONE', #2222, #290, #7247 ) ;
#7612 = ORIENTED_EDGE ( 'NONE', *, *, #6563, .T. ) ;
#7613 = CARTESIAN_POINT ( 'NONE',  ( 3.517483835197341868, 1.873272793427752880, 0.3691786868441263025 ) ) ;
#7614 = EDGE_CURVE ( 'NONE', #3389, #7479, #8094, .T. ) ;
#7615 = CIRCLE ( 'NONE', #4035, 2.500000000757275131 ) ;
#7616 = VECTOR ( 'NONE', #4840, 1000.000000000000000 ) ;
#7617 = DIRECTION ( 'NONE',  ( 3.491481338843133355E-15, 0.000000000000000000, -1.000000000000000000 ) ) ;
#7618 = ORIENTED_EDGE ( 'NONE', *, *, #3582, .F. ) ;
#7619 = VECTOR ( 'NONE', #6346, 1000.000000000000000 ) ;
#7620 = VECTOR ( 'NONE', #243, 999.9999999999998863 ) ;
#7621 = ORIENTED_EDGE ( 'NONE', *, *, #6820, .T. ) ;
#7622 = VERTEX_POINT ( 'NONE', #3705 ) ;
#7623 = PLANE ( 'NONE',  #1619 ) ;
#7624 = ORIENTED_EDGE ( 'NONE', *, *, #3686, .F. ) ;
#7625 = CIRCLE ( 'NONE', #2460, 2.599999999999870859 ) ;
#7626 = CARTESIAN_POINT ( 'NONE',  ( 1.493128252873631823, 2.933493649053888319, -2.602031517962560159 ) ) ;
#7627 = DIRECTION ( 'NONE',  ( 0.000000000000000000, 1.000000000000000000, 0.000000000000000000 ) ) ;
#7628 = CARTESIAN_POINT ( 'NONE',  ( 2.973634140239855395, 0.3500000000000000333, -2.599999999999986322 ) ) ;
#7629 = VERTEX_POINT ( 'NONE', #6850 ) ;
#7630 = LINE ( 'NONE', #6453, #3149 ) ;
#7631 = CARTESIAN_POINT ( 'NONE',  ( -2.973634140239854506, 0.000000000000000000, 2.599999999999986766 ) ) ;
#7632 = DIRECTION ( 'NONE',  ( 0.000000000000000000, 1.000000000000000000, 0.000000000000000000 ) ) ;
#7633 = CARTESIAN_POINT ( 'NONE',  ( 1.542899194636086158, 2.700000000000000178, -2.688765901894645260 ) ) ;
#7634 = DIRECTION ( 'NONE',  ( -0.000000000000000000, -1.000000000000000000, -0.000000000000000000 ) ) ;
#7635 = ADVANCED_FACE ( 'NONE', ( #2145 ), #5146, .F. ) ;
#7636 = VECTOR ( 'NONE', #6204, 1000.000000000000000 ) ;
#7637 = ADVANCED_FACE ( 'NONE', ( #7130 ), #6503, .T. ) ;
#7638 = ORIENTED_EDGE ( 'NONE', *, *, #2647, .F. ) ;
#7639 = VERTEX_POINT ( 'NONE', #1402 ) ;
#7640 = EDGE_CURVE ( 'NONE', #1422, #6868, #4670, .T. ) ;
#7641 = DIRECTION ( 'NONE',  ( 0.000000000000000000, 1.000000000000000000, 0.000000000000000000 ) ) ;
#7642 = ORIENTED_EDGE ( 'NONE', *, *, #4110, .T. ) ;
#7643 = CARTESIAN_POINT ( 'NONE',  ( 3.986143571373717442, 0.6999999999999999556, -1.599999999999990097 ) ) ;
#7644 = FACE_OUTER_BOUND ( 'NONE', #1456, .T. ) ;
#7645 = DIRECTION ( 'NONE',  ( 0.000000000000000000, 1.000000000000000000, 0.000000000000000000 ) ) ;
#7646 = EDGE_LOOP ( 'NONE', ( #3053, #2727, #841, #656, #7971, #5326, #3108, #2424, #4300 ) ) ;
#7647 = ORIENTED_EDGE ( 'NONE', *, *, #4827, .T. ) ;
#7648 = DIRECTION ( 'NONE',  ( 0.7071067811865415775, 0.000000000000000000, 0.7071067811865535679 ) ) ;
#7649 = CARTESIAN_POINT ( 'NONE',  ( 5.299999999999997158, -4.336808689942017736E-16, 0.3000000000000170308 ) ) ;
#7650 = ORIENTED_EDGE ( 'NONE', *, *, #7505, .F. ) ;
#7651 = ORIENTED_EDGE ( 'NONE', *, *, #8087, .F. ) ;
#7652 = VERTEX_POINT ( 'NONE', #5841 ) ;
#7653 = CARTESIAN_POINT ( 'NONE',  ( 2.791670460153612865, 0.9616747425803102711, -1.613269845089266852 ) ) ;
#7654 = EDGE_LOOP ( 'NONE', ( #2834, #6536, #5380, #3840 ) ) ;
#7655 = CARTESIAN_POINT ( 'NONE',  ( 4.536820553614575147, 0.2222911448593721528, 0.8027921423375615761 ) ) ;
#7656 = CARTESIAN_POINT ( 'NONE',  ( -4.086143571373707317, 3.050000000000000266, -1.500000000000016875 ) ) ;
#7657 = ORIENTED_EDGE ( 'NONE', *, *, #5917, .T. ) ;
#7658 = DIRECTION ( 'NONE',  ( -3.491481338843133355E-15, 0.000000000000000000, 1.000000000000000000 ) ) ;
#7659 = CARTESIAN_POINT ( 'NONE',  ( -2.971635679190012258, 0.4185568802477984129, -1.600001996925289882 ) ) ;
#7660 = PLANE ( 'NONE',  #5287 ) ;
#7661 = DIRECTION ( 'NONE',  ( 0.000000000000000000, 1.000000000000000000, 0.000000000000000000 ) ) ;
#7662 = DIRECTION ( 'NONE',  ( 3.491481338843133355E-15, 0.000000000000000000, -1.000000000000000000 ) ) ;
#7663 = EDGE_CURVE ( 'NONE', #8034, #3119, #230, .T. ) ;
#7664 = CARTESIAN_POINT ( 'NONE',  ( -5.200000000000001066, 0.000000000000000000, 0.5999999999999818812 ) ) ;
#7665 = CARTESIAN_POINT ( 'NONE',  ( 3.305313565880223958, 1.604596019356461234, -0.5999999999999884315 ) ) ;
#7666 = EDGE_CURVE ( 'NONE', #7668, #2325, #1317, .T. ) ;
#7667 = AXIS2_PLACEMENT_3D ( 'NONE', #7330, #4179, #300 ) ;
#7668 = VERTEX_POINT ( 'NONE', #7826 ) ;
#7669 = CARTESIAN_POINT ( 'NONE',  ( -4.349999999999994316, 0.1800000000000000488, -0.9000000000000151212 ) ) ;
#7670 = EDGE_CURVE ( 'NONE', #5607, #6996, #1475, .T. ) ;
#7671 = ORIENTED_EDGE ( 'NONE', *, *, #4616, .F. ) ;
#7672 = CARTESIAN_POINT ( 'NONE',  ( 3.324891642914574952, 1.691943123269270766, 0.3867908915906064782 ) ) ;
#7673 = EDGE_CURVE ( 'NONE', #2672, #8034, #3633, .T. ) ;
#7674 = ORIENTED_EDGE ( 'NONE', *, *, #1930, .T. ) ;
#7675 = ADVANCED_FACE ( 'NONE', ( #6381 ), #3897, .T. ) ;
#7676 = DIRECTION ( 'NONE',  ( 3.491481338843133355E-15, 0.000000000000000000, -1.000000000000000000 ) ) ;
#7677 = EDGE_CURVE ( 'NONE', #93, #511, #1356, .T. ) ;
#7678 = CARTESIAN_POINT ( 'NONE',  ( 4.189999999999998614, 0.5000000000000000000, -0.3999999999999853117 ) ) ;
#7679 = PLANE ( 'NONE',  #3764 ) ;
#7680 = VECTOR ( 'NONE', #2951, 1000.000000000000000 ) ;
#7681 = ORIENTED_EDGE ( 'NONE', *, *, #5385, .F. ) ;
#7682 = AXIS2_PLACEMENT_3D ( 'NONE', #1086, #4735, #6691 ) ;
#7683 = ORIENTED_EDGE ( 'NONE', *, *, #4338, .T. ) ;
#7684 = LINE ( 'NONE', #7842, #6297 ) ;
#7685 = DIRECTION ( 'NONE',  ( 1.000000000000000000, 0.000000000000000000, 3.491481338843133355E-15 ) ) ;
#7686 = EDGE_CURVE ( 'NONE', #4322, #6577, #6423, .T. ) ;
#7687 = ORIENTED_EDGE ( 'NONE', *, *, #3414, .F. ) ;
#7688 = ORIENTED_EDGE ( 'NONE', *, *, #1956, .F. ) ;
#7689 = ORIENTED_EDGE ( 'NONE', *, *, #8108, .T. ) ;
#7690 = DIRECTION ( 'NONE',  ( 0.000000000000000000, 1.000000000000000000, 0.000000000000000000 ) ) ;
#7691 = ORIENTED_EDGE ( 'NONE', *, *, #2901, .F. ) ;
#7692 = DIRECTION ( 'NONE',  ( 0.9816271834476651970, -0.1908089953765383373, 3.427332992708668179E-15 ) ) ;
#7693 = LINE ( 'NONE', #4543, #1501 ) ;
#7694 = ORIENTED_EDGE ( 'NONE', *, *, #4233, .T. ) ;
#7695 =( NAMED_UNIT ( * ) PLANE_ANGLE_UNIT ( ) SI_UNIT ( $, .RADIAN. ) );
#7696 = CIRCLE ( 'NONE', #6248, 0.1550000000000006373 ) ;
#7697 = DIRECTION ( 'NONE',  ( -1.000000000000000000, 0.000000000000000000, -2.409338161078903914E-15 ) ) ;
#7698 = ORIENTED_EDGE ( 'NONE', *, *, #5643, .T. ) ;
#7699 = ORIENTED_EDGE ( 'NONE', *, *, #3120, .F. ) ;
#7700 = DIRECTION ( 'NONE',  ( -3.491481338843133355E-15, 0.000000000000000000, 1.000000000000000000 ) ) ;
#7701 = EDGE_CURVE ( 'NONE', #7451, #3530, #7872, .T. ) ;
#7702 = DIRECTION ( 'NONE',  ( 0.5794841035564523013, -0.4999999999999966138, -0.6435822975543828983 ) ) ;
#7703 = VECTOR ( 'NONE', #1571, 1000.000000000000000 ) ;
#7704 = CARTESIAN_POINT ( 'NONE',  ( -5.300000000000000711, -0.6082762530298218007, -0.3000000000000198619 ) ) ;
#7705 = ORIENTED_EDGE ( 'NONE', *, *, #1217, .T. ) ;
#7706 = DIRECTION ( 'NONE',  ( 3.491481338843133355E-15, 0.000000000000000000, -1.000000000000000000 ) ) ;
#7707 = EDGE_CURVE ( 'NONE', #6979, #4238, #2725, .T. ) ;
#7708 = CARTESIAN_POINT ( 'NONE',  ( -4.190000000000000391, 1.850000000000000089, 0.5999999999999853229 ) ) ;
#7709 = EDGE_CURVE ( 'NONE', #4944, #4038, #2763, .T. ) ;
#7710 = DIRECTION ( 'NONE',  ( -4.206079614184803695E-30, 1.000000000000000000, 1.204669080539449590E-15 ) ) ;
#7711 = ORIENTED_EDGE ( 'NONE', *, *, #4681, .T. ) ;
#7712 = DIRECTION ( 'NONE',  ( -3.491481338843133355E-15, 0.000000000000000000, 1.000000000000000000 ) ) ;
#7713 = DIRECTION ( 'NONE',  ( 0.3583679495452939956, -0.9335804264972041855, 1.301042606982605321E-15 ) ) ;
#7714 = ORIENTED_EDGE ( 'NONE', *, *, #1812, .T. ) ;
#7715 = FACE_OUTER_BOUND ( 'NONE', #5132, .T. ) ;
#7716 = LINE ( 'NONE', #1254, #7703 ) ;
#7717 = CARTESIAN_POINT ( 'NONE',  ( -2.407220265895375633, 2.700000000000000178, 2.365568767011975826 ) ) ;
#7718 = EDGE_CURVE ( 'NONE', #1417, #4036, #4505, .T. ) ;
#7719 = AXIS2_PLACEMENT_3D ( 'NONE', #4946, #7567, #1920 ) ;
#7720 = ADVANCED_FACE ( 'NONE', ( #3348 ), #5929, .F. ) ;
#7721 = AXIS2_PLACEMENT_3D ( 'NONE', #6878, #7510, #486 ) ;
#7722 = ORIENTED_EDGE ( 'NONE', *, *, #3124, .T. ) ;
#7723 = EDGE_CURVE ( 'NONE', #1833, #1099, #5744, .T. ) ;
#7724 = ORIENTED_EDGE ( 'NONE', *, *, #7314, .F. ) ;
#7725 = LINE ( 'NONE', #754, #716 ) ;
#7726 = VECTOR ( 'NONE', #2502, 1000.000000000000000 ) ;
#7727 = AXIS2_PLACEMENT_3D ( 'NONE', #5599, #4984, #4896 ) ;
#7728 = ADVANCED_FACE ( 'NONE', ( #6548 ), #857, .T. ) ;
#7729 = CARTESIAN_POINT ( 'NONE',  ( -1.934429877430334788, 2.933493649053891872, -2.293028793823765010 ) ) ;
#7730 = EDGE_CURVE ( 'NONE', #444, #4582, #2931, .T. ) ;
#7731 = ORIENTED_EDGE ( 'NONE', *, *, #5300, .T. ) ;
#7732 = VERTEX_POINT ( 'NONE', #3475 ) ;
#7733 = ORIENTED_EDGE ( 'NONE', *, *, #3875, .F. ) ;
#7734 = VECTOR ( 'NONE', #5805, 1000.000000000000000 ) ;
#7735 = CARTESIAN_POINT ( 'NONE',  ( 2.289499202506218634, 0.7306820342472279961, 1.863218079759846102 ) ) ;
#7736 = ORIENTED_EDGE ( 'NONE', *, *, #6504, .F. ) ;
#7737 = EDGE_CURVE ( 'NONE', #6910, #6556, #7334, .T. ) ;
#7738 = CARTESIAN_POINT ( 'NONE',  ( 3.329883631600361049, 1.437346735502356143, -0.5499999999999900524 ) ) ;
#7739 = AXIS2_PLACEMENT_3D ( 'NONE', #5171, #2668, #5209 ) ;
#7740 = DIRECTION ( 'NONE',  ( 1.000000000000000000, 0.000000000000000000, 3.469446951953638249E-15 ) ) ;
#7741 = ORIENTED_EDGE ( 'NONE', *, *, #7879, .T. ) ;
#7742 = SURFACE_STYLE_FILL_AREA ( #2565 ) ;
#7743 = DIRECTION ( 'NONE',  ( -0.000000000000000000, -1.000000000000000000, -0.000000000000000000 ) ) ;
#7744 = VECTOR ( 'NONE', #4693, 1000.000000000000114 ) ;
#7745 = VERTEX_POINT ( 'NONE', #5469 ) ;
#7746 = ADVANCED_FACE ( 'NONE', ( #2268 ), #357, .F. ) ;
#7747 = VECTOR ( 'NONE', #3755, 1000.000000000000000 ) ;
#7748 = CARTESIAN_POINT ( 'NONE',  ( -4.800000000000000711, 0.000000000000000000, 0.8999999999999833689 ) ) ;
#7749 = CARTESIAN_POINT ( 'NONE',  ( -2.396031216096933036, 3.149999999999999911, -2.376901220389489922 ) ) ;
#7750 = DIRECTION ( 'NONE',  ( -1.301981320592949974E-30, -1.000000000000000000, 3.729022710527641551E-16 ) ) ;
#7751 = CARTESIAN_POINT ( 'NONE',  ( -2.793072950446606750, 2.700000000000000178, -2.793072947426550101 ) ) ;
#7752 = CARTESIAN_POINT ( 'NONE',  ( 4.349999999999998757, 0.3199999999999999512, -0.4999999999999852895 ) ) ;
#7753 = VECTOR ( 'NONE', #6038, 1000.000000000000000 ) ;
#7754 = ORIENTED_EDGE ( 'NONE', *, *, #6563, .F. ) ;
#7755 = PLANE ( 'NONE',  #2588 ) ;
#7756 = EDGE_LOOP ( 'NONE', ( #5362, #7250, #2987, #4080, #5420, #6458, #2051 ) ) ;
#7757 = LINE ( 'NONE', #7137, #3097 ) ;
#7758 = CARTESIAN_POINT ( 'NONE',  ( -3.986143571373698347, 1.449999999999999956, -3.944646165029782825 ) ) ;
#7759 = EDGE_LOOP ( 'NONE', ( #2844, #7068, #4916, #8072, #5294, #4844 ) ) ;
#7760 = DIRECTION ( 'NONE',  ( -0.8829475928589246569, 0.000000000000000000, -0.4694715627858951912 ) ) ;
#7761 = LINE ( 'NONE', #238, #2550 ) ;
#7762 = DIRECTION ( 'NONE',  ( -4.206079614184803695E-30, -1.000000000000000000, 1.204669080539449590E-15 ) ) ;
#7763 = EDGE_CURVE ( 'NONE', #4966, #5833, #7293, .T. ) ;
#7764 = ORIENTED_EDGE ( 'NONE', *, *, #1335, .F. ) ;
#7765 = VERTEX_POINT ( 'NONE', #1604 ) ;
#7766 = DIRECTION ( 'NONE',  ( 3.491481338843133355E-15, -0.000000000000000000, -1.000000000000000000 ) ) ;
#7767 = DIRECTION ( 'NONE',  ( -1.000000000000000000, 0.000000000000000000, -7.136591349230734421E-15 ) ) ;
#7768 = ORIENTED_EDGE ( 'NONE', *, *, #3297, .F. ) ;
#7769 = ORIENTED_EDGE ( 'NONE', *, *, #3161, .T. ) ;
#7770 = EDGE_LOOP ( 'NONE', ( #5155, #6784, #993 ) ) ;
#7771 = VECTOR ( 'NONE', #3933, 1000.000000000000000 ) ;
#7772 = DIRECTION ( 'NONE',  ( -3.491481338843133355E-15, 0.000000000000000000, 1.000000000000000000 ) ) ;
#7773 = EDGE_LOOP ( 'NONE', ( #606, #7083, #7711, #2819, #5150, #3926, #6271, #4895 ) ) ;
#7774 = EDGE_CURVE ( 'NONE', #3158, #3592, #1028, .T. ) ;
#7775 = CARTESIAN_POINT ( 'NONE',  ( -2.650000000000000799, 0.1699999999999997902, 0.6499999999999932498 ) ) ;
#7776 = CARTESIAN_POINT ( 'NONE',  ( 0.000000000000000000, 3.149999999999999911, 0.000000000000000000 ) ) ;
#7777 = ORIENTED_EDGE ( 'NONE', *, *, #3572, .F. ) ;
#7778 = LINE ( 'NONE', #2097, #3409 ) ;
#7779 = EDGE_CURVE ( 'NONE', #1675, #7564, #1652, .T. ) ;
#7780 = LINE ( 'NONE', #175, #2860 ) ;
#7781 = ORIENTED_EDGE ( 'NONE', *, *, #1068, .T. ) ;
#7782 = CARTESIAN_POINT ( 'NONE',  ( -3.986143571373714778, 2.049999999999999378, 0.6499999999999891420 ) ) ;
#7783 = LINE ( 'NONE', #5926, #966 ) ;
#7784 = CARTESIAN_POINT ( 'NONE',  ( 4.562172802086223555, 0.1799999999999996048, 0.8333333333333514670 ) ) ;
#7785 = PLANE ( 'NONE',  #6549 ) ;
#7786 = DIRECTION ( 'NONE',  ( 0.000000000000000000, 1.000000000000000000, 0.000000000000000000 ) ) ;
#7787 = DIRECTION ( 'NONE',  ( -1.000000000000000000, 0.000000000000000000, -3.491481338843133355E-15 ) ) ;
#7788 = LINE ( 'NONE', #936, #6159 ) ;
#7789 = ORIENTED_EDGE ( 'NONE', *, *, #7822, .T. ) ;
#7790 = CARTESIAN_POINT ( 'NONE',  ( -1.476356226440844965, 2.934431330114960268, 2.613466728633490721 ) ) ;
#7791 = ORIENTED_EDGE ( 'NONE', *, *, #5854, .F. ) ;
#7792 = CARTESIAN_POINT ( 'NONE',  ( -2.268242884571779250, 2.700000000000000178, 2.250133155302035171 ) ) ;
#7793 = CARTESIAN_POINT ( 'NONE',  ( 5.199999999999998401, 0.000000000000000000, 0.6000000000000180744 ) ) ;
#7794 = LINE ( 'NONE', #1992, #1897 ) ;
#7795 = CARTESIAN_POINT ( 'NONE',  ( 2.817392449966588330, 2.700000000000000178, 2.768644769791989813 ) ) ;
#7796 = LINE ( 'NONE', #3408, #4816 ) ;
#7797 = VERTEX_POINT ( 'NONE', #6055 ) ;
#7798 = VERTEX_POINT ( 'NONE', #443 ) ;
#7799 = EDGE_CURVE ( 'NONE', #3868, #2664, #6753, .T. ) ;
#7800 = PLANE ( 'NONE',  #5502 ) ;
#7801 = DIRECTION ( 'NONE',  ( 1.000000000000000000, 0.000000000000000000, 3.491481338843133355E-15 ) ) ;
#7802 = DIRECTION ( 'NONE',  ( -0.000000000000000000, -1.000000000000000000, 0.000000000000000000 ) ) ;
#7803 = FACE_OUTER_BOUND ( 'NONE', #4703, .T. ) ;
#7804 = EDGE_CURVE ( 'NONE', #2132, #2293, #306, .T. ) ;
#7805 = ORIENTED_EDGE ( 'NONE', *, *, #1583, .T. ) ;
#7806 = ORIENTED_EDGE ( 'NONE', *, *, #7799, .T. ) ;
#7807 = CARTESIAN_POINT ( 'NONE',  ( 3.300268487634764991, 1.626716719873263273, -0.3939373284622180171 ) ) ;
#7808 = PLANE ( 'NONE',  #825 ) ;
#7809 = ORIENTED_EDGE ( 'NONE', *, *, #5385, .T. ) ;
#7810 = CARTESIAN_POINT ( 'NONE',  ( 2.268242884571780138, 2.700000000000000178, -2.250133155302034726 ) ) ;
#7811 = AXIS2_PLACEMENT_3D ( 'NONE', #1007, #3545, #6073 ) ;
#7813 = EDGE_CURVE ( 'NONE', #2934, #3835, #1147, .T. ) ;
#7812 = CARTESIAN_POINT ( 'NONE',  ( -5.200000000000001066, 0.000000000000000000, 0.5999999999999818812 ) ) ;
#7814 = ORIENTED_EDGE ( 'NONE', *, *, #6718, .F. ) ;
#7815 = DIRECTION ( 'NONE',  ( 1.301981320592949974E-30, 1.000000000000000000, -3.729022710527641551E-16 ) ) ;
#7816 = CARTESIAN_POINT ( 'NONE',  ( 3.401316701949479882, 0.1800000000000000488, 0.9000000000000119016 ) ) ;
#7817 = EDGE_CURVE ( 'NONE', #3549, #3200, #4063, .T. ) ;
#7818 = ORIENTED_EDGE ( 'NONE', *, *, #3630, .F. ) ;
#7819 = LINE ( 'NONE', #2140, #7905 ) ;
#7820 = CARTESIAN_POINT ( 'NONE',  ( -1.493128252873614059, 2.933493649053891872, -2.602031517962570817 ) ) ;
#7821 = LINE ( 'NONE', #3941, #2282 ) ;
#7822 = EDGE_CURVE ( 'NONE', #8208, #7798, #7952, .T. ) ;
#7823 = DIRECTION ( 'NONE',  ( -1.301981320592949974E-30, -1.000000000000000000, 3.729022710527641551E-16 ) ) ;
#7824 = VECTOR ( 'NONE', #1966, 1000.000000000000000 ) ;
#7825 = CARTESIAN_POINT ( 'NONE',  ( 3.401316701949480326, 0.1800000000000000488, 0.8000000000000118128 ) ) ;
#7826 = CARTESIAN_POINT ( 'NONE',  ( -4.552081636884917515, 0.2999921102144699203, -0.8084377142705360120 ) ) ;
#7827 = CARTESIAN_POINT ( 'NONE',  ( 3.150035030069893605, 1.637279506272255825, 0.3848077530122192003 ) ) ;
#7828 = EDGE_CURVE ( 'NONE', #1493, #1575, #6938, .T. ) ;
#7829 = EDGE_CURVE ( 'NONE', #4665, #7797, #1849, .T. ) ;
#7830 = ORIENTED_EDGE ( 'NONE', *, *, #808, .F. ) ;
#7831 = DIRECTION ( 'NONE',  ( 0.000000000000000000, 1.000000000000000000, 0.000000000000000000 ) ) ;
#7832 = ORIENTED_EDGE ( 'NONE', *, *, #973, .F. ) ;
#7833 = CARTESIAN_POINT ( 'NONE',  ( 3.299999999999995826, 1.640077121507191205, 0.3924870250925316384 ) ) ;
#7834 = CARTESIAN_POINT ( 'NONE',  ( -3.986143571373717442, 0.6999999999999999556, 1.599999999999990097 ) ) ;
#7835 = DIRECTION ( 'NONE',  ( 3.491481338843133355E-15, 0.000000000000000000, -1.000000000000000000 ) ) ;
#7836 = VECTOR ( 'NONE', #2815, 1000.000000000000000 ) ;
#7837 = FACE_OUTER_BOUND ( 'NONE', #6688, .T. ) ;
#7838 = CARTESIAN_POINT ( 'NONE',  ( 3.165276501905642359, 1.550840826924667404, -0.3961655152405271774 ) ) ;
#7839 = ORIENTED_EDGE ( 'NONE', *, *, #7916, .T. ) ;
#7840 = ADVANCED_FACE ( 'NONE', ( #4184 ), #2231, .F. ) ;
#7841 = ORIENTED_EDGE ( 'NONE', *, *, #671, .F. ) ;
#7842 = CARTESIAN_POINT ( 'NONE',  ( 3.329883631600361049, 2.700000000000000178, -0.5499999999999900524 ) ) ;
#7843 = CARTESIAN_POINT ( 'NONE',  ( 4.349999999999996980, 3.050000000000000266, 1.518794382396762063E-14 ) ) ;
#7844 = CARTESIAN_POINT ( 'NONE',  ( 3.093038126539688459, 0.8602229815646921240, -0.4781243459794299877 ) ) ;
#7845 = AXIS2_PLACEMENT_3D ( 'NONE', #3820, #6925, #1236 ) ;
#7846 = CARTESIAN_POINT ( 'NONE',  ( -4.190000000000000391, 1.850000000000000089, 0.5999999999999853229 ) ) ;
#7847 = EDGE_LOOP ( 'NONE', ( #1134, #163, #212, #104, #7839, #3039, #1769, #1322 ) ) ;
#7848 = VERTEX_POINT ( 'NONE', #4755 ) ;
#7849 = AXIS2_PLACEMENT_3D ( 'NONE', #5066, #3026, #8172 ) ;
#7850 = CARTESIAN_POINT ( 'NONE',  ( 4.799999999999999822, 0.1700000000000000122, -0.4999999999999831801 ) ) ;
#7851 = VECTOR ( 'NONE', #2300, 1000.000000000000114 ) ;
#7852 = CARTESIAN_POINT ( 'NONE',  ( 1.514188661106529085E-30, 1.437346735502356143, -4.336808689942017736E-16 ) ) ;
#7853 = VERTEX_POINT ( 'NONE', #896 ) ;
#7854 = VECTOR ( 'NONE', #8045, 1000.000000000000000 ) ;
#7855 = DIRECTION ( 'NONE',  ( 0.000000000000000000, 1.000000000000000000, 0.000000000000000000 ) ) ;
#7856 = CARTESIAN_POINT ( 'NONE',  ( 3.401316701949485655, 0.2999999999999999334, -0.7999999999999880540 ) ) ;
#7857 = ORIENTED_EDGE ( 'NONE', *, *, #2305, .T. ) ;
#7858 = VECTOR ( 'NONE', #2804, 1000.000000000000000 ) ;
#7859 = AXIS2_PLACEMENT_3D ( 'NONE', #2036, #4524, #149 ) ;
#7860 = DIRECTION ( 'NONE',  ( 0.000000000000000000, 1.000000000000000000, 0.000000000000000000 ) ) ;
#7861 = ORIENTED_EDGE ( 'NONE', *, *, #5363, .T. ) ;
#7862 = AXIS2_PLACEMENT_3D ( 'NONE', #1119, #5647, #3189 ) ;
#7863 = ORIENTED_EDGE ( 'NONE', *, *, #1682, .F. ) ;
#7864 = CARTESIAN_POINT ( 'NONE',  ( 2.073225355892423405, 2.990297223484838174, -2.302550026315323350 ) ) ;
#7865 = CIRCLE ( 'NONE', #7475, 3.375000000000000000 ) ;
#7866 = DIRECTION ( 'NONE',  ( 3.491481338843133355E-15, -0.000000000000000000, -1.000000000000000000 ) ) ;
#7867 = PLANE ( 'NONE',  #839 ) ;
#7868 = DIRECTION ( 'NONE',  ( 1.000000000000000000, 0.000000000000000000, 3.491481338843133355E-15 ) ) ;
#7869 = CARTESIAN_POINT ( 'NONE',  ( 3.249999999999999112, 0.8330113701371560930, -0.5499999999999902744 ) ) ;
#7870 = VECTOR ( 'NONE', #4470, 1000.000000000000000 ) ;
#7871 = DIRECTION ( 'NONE',  ( 0.000000000000000000, 1.000000000000000000, 0.000000000000000000 ) ) ;
#7872 = B_SPLINE_CURVE_WITH_KNOTS ( 'NONE', 3,
 ( #7751, #2020, #69, #3272 ),
 .UNSPECIFIED., .F., .F.,
 ( 4, 4 ),
 ( 0.9714285731986300743, 1.000000000000000000 ),
 .UNSPECIFIED. ) ;
#7873 = AXIS2_PLACEMENT_3D ( 'NONE', #2537, #6226, #501 ) ;
#7874 = ORIENTED_EDGE ( 'NONE', *, *, #2055, .F. ) ;
#7875 = AXIS2_PLACEMENT_3D ( 'NONE', #1262, #2551, #6241 ) ;
#7876 = CARTESIAN_POINT ( 'NONE',  ( -1.484411776870678379, 2.933493649053891872, 2.607033308484949963 ) ) ;
#7877 = ORIENTED_EDGE ( 'NONE', *, *, #5346, .F. ) ;
#7878 = DIRECTION ( 'NONE',  ( -1.000000000000000000, 0.000000000000000000, -3.491481338843133355E-15 ) ) ;
#7879 = EDGE_CURVE ( 'NONE', #3861, #4665, #452, .T. ) ;
#7880 = VECTOR ( 'NONE', #814, 1000.000000000000000 ) ;
#7881 = CARTESIAN_POINT ( 'NONE',  ( 1.514188661106529085E-30, 1.437346735502356143, -4.336808689942017736E-16 ) ) ;
#7882 = CARTESIAN_POINT ( 'NONE',  ( -3.328798175118198088, 3.016664280782425767, 0.6499999999999895861 ) ) ;
#7883 = EDGE_CURVE ( 'NONE', #7276, #6848, #3608, .T. ) ;
#7884 = DIRECTION ( 'NONE',  ( 0.000000000000000000, 1.000000000000000000, 0.000000000000000000 ) ) ;
#7885 = DIRECTION ( 'NONE',  ( -0.4694715627858899731, 0.000000000000000000, -0.8829475928589273215 ) ) ;
#7886 = ORIENTED_EDGE ( 'NONE', *, *, #6268, .F. ) ;
#7887 = ORIENTED_EDGE ( 'NONE', *, *, #5017, .T. ) ;
#7888 = FACE_OUTER_BOUND ( 'NONE', #7298, .T. ) ;
#7889 = LINE ( 'NONE', #378, #6491 ) ;
#7890 = STYLED_ITEM ( 'NONE', ( #5547 ), #4978 ) ;
#7891 = CARTESIAN_POINT ( 'NONE',  ( -3.889999999999997016, 0.2999999999999999889, -0.6000000000000135225 ) ) ;
#7892 = CARTESIAN_POINT ( 'NONE',  ( -0.2430706720622895223, 1.005050608391821587, -0.5725927094796937622 ) ) ;
#7893 = VECTOR ( 'NONE', #2225, 1000.000000000000000 ) ;
#7894 = VERTEX_POINT ( 'NONE', #6216 ) ;
#7895 = ORIENTED_EDGE ( 'NONE', *, *, #463, .T. ) ;
#7896 = CARTESIAN_POINT ( 'NONE',  ( 3.300089615150977096, 1.628894510344222057, -0.3937053338598833774 ) ) ;
#7897 = CARTESIAN_POINT ( 'NONE',  ( 0.000000000000000000, 2.700000000000000178, 0.000000000000000000 ) ) ;
#7898 = VERTEX_POINT ( 'NONE', #1226 ) ;
#7899 = CARTESIAN_POINT ( 'NONE',  ( -2.642215976589607607, 0.7500000000000000000, -2.099838025433064193 ) ) ;
#7900 = DIRECTION ( 'NONE',  ( -1.000000000000000000, 0.000000000000000000, -3.491481338843133355E-15 ) ) ;
#7901 = ORIENTED_EDGE ( 'NONE', *, *, #3527, .T. ) ;
#7902 = DIRECTION ( 'NONE',  ( 3.491481338843133355E-15, 0.000000000000000000, -1.000000000000000000 ) ) ;
#7903 = EDGE_LOOP ( 'NONE', ( #5489, #1167, #5060, #2947 ) ) ;
#7904 = ORIENTED_EDGE ( 'NONE', *, *, #4475, .F. ) ;
#7905 = VECTOR ( 'NONE', #2263, 1000.000000000000000 ) ;
#7906 = ORIENTED_EDGE ( 'NONE', *, *, #3429, .T. ) ;
#7907 = AXIS2_PLACEMENT_3D ( 'NONE', #1346, #6373, #3969 ) ;
#7908 = CARTESIAN_POINT ( 'NONE',  ( 3.233503465900521068, 1.810575256224715934, -0.5999999999999886535 ) ) ;
#7909 = CARTESIAN_POINT ( 'NONE',  ( -2.134476815985776987, 3.043147215156292607, -2.370576664446645054 ) ) ;
#7910 = LINE ( 'NONE', #262, #1914 ) ;
#7911 = CYLINDRICAL_SURFACE ( 'NONE', #4413, 0.4000000000000001887 ) ;
#7912 = DIRECTION ( 'NONE',  ( 0.000000000000000000, 1.000000000000000000, 0.000000000000000000 ) ) ;
#7913 = ORIENTED_EDGE ( 'NONE', *, *, #6725, .F. ) ;
#7914 = PLANE ( 'NONE',  #7218 ) ;
#7915 = VERTEX_POINT ( 'NONE', #8166 ) ;
#7916 = EDGE_CURVE ( 'NONE', #168, #2554, #7059, .T. ) ;
#7917 = CARTESIAN_POINT ( 'NONE',  ( 4.799999999999993605, 0.000000000000000000, 0.9000000000000170086 ) ) ;
#7918 = VERTEX_POINT ( 'NONE', #5591 ) ;
#7919 = LINE ( 'NONE', #4763, #7206 ) ;
#7920 = FACE_OUTER_BOUND ( 'NONE', #625, .T. ) ;
#7921 = CARTESIAN_POINT ( 'NONE',  ( -1.998910873344680095, 2.700000000000000178, -2.369463086951223207 ) ) ;
#7922 = EDGE_CURVE ( 'NONE', #777, #757, #650, .T. ) ;
#7923 = CARTESIAN_POINT ( 'NONE',  ( -4.194999999999997620, 1.850000000000000089, -0.6000000000000146327 ) ) ;
#7924 = LINE ( 'NONE', #5901, #294 ) ;
#7925 = EDGE_CURVE ( 'NONE', #4310, #1529, #1894, .T. ) ;
#7926 = ORIENTED_EDGE ( 'NONE', *, *, #3083, .F. ) ;
#7927 = ADVANCED_FACE ( 'NONE', ( #6255 ), #7554, .T. ) ;
#7928 = EDGE_LOOP ( 'NONE', ( #5831, #764, #7691, #5039 ) ) ;
#7929 = CARTESIAN_POINT ( 'NONE',  ( 0.000000000000000000, 3.149999999999999911, 0.000000000000000000 ) ) ;
#7930 = EDGE_CURVE ( 'NONE', #5124, #2096, #7515, .T. ) ;
#7931 = DIRECTION ( 'NONE',  ( -1.000000000000000000, 0.000000000000000000, -4.336808689942034302E-15 ) ) ;
#7932 = CARTESIAN_POINT ( 'NONE',  ( -4.349999999999996092, 0.2999999999999999334, -0.5000000000000152101 ) ) ;
#7933 = FACE_OUTER_BOUND ( 'NONE', #1686, .T. ) ;
#7934 = ORIENTED_EDGE ( 'NONE', *, *, #2064, .T. ) ;
#7935 = VERTEX_POINT ( 'NONE', #7463 ) ;
#7936 = ORIENTED_EDGE ( 'NONE', *, *, #4733, .T. ) ;
#7937 = LINE ( 'NONE', #249, #7753 ) ;
#7938 = DIRECTION ( 'NONE',  ( 0.4305110968082906941, 0.9025852843498627376, 1.503121460671036632E-15 ) ) ;
#7939 = ORIENTED_EDGE ( 'NONE', *, *, #4901, .T. ) ;
#7940 = ADVANCED_FACE ( 'NONE', ( #1274 ), #8083, .T. ) ;
#7941 = LINE ( 'NONE', #5990, #2975 ) ;
#7942 = ADVANCED_FACE ( 'NONE', ( #564 ), #8207, .T. ) ;
#7943 = CARTESIAN_POINT ( 'NONE',  ( 3.329883631600361049, 2.999999999999999112, -0.5499999999999900524 ) ) ;
#7944 = CARTESIAN_POINT ( 'NONE',  ( 0.000000000000000000, 2.700000000000000178, 0.000000000000000000 ) ) ;
#7945 = ORIENTED_EDGE ( 'NONE', *, *, #759, .T. ) ;
#7946 = ORIENTED_EDGE ( 'NONE', *, *, #4798, .F. ) ;
#7947 = LINE ( 'NONE', #2313, #2497 ) ;
#7948 = CIRCLE ( 'NONE', #7018, 0.2999999999999999334 ) ;
#7949 = FACE_OUTER_BOUND ( 'NONE', #2465, .T. ) ;
#7950 = LINE ( 'NONE', #4061, #8012 ) ;
#7951 = CARTESIAN_POINT ( 'NONE',  ( 0.000000000000000000, 2.700000000000000178, 0.000000000000000000 ) ) ;
#7952 = LINE ( 'NONE', #1065, #1764 ) ;
#7953 = ORIENTED_EDGE ( 'NONE', *, *, #82, .F. ) ;
#7954 = DIRECTION ( 'NONE',  ( -0.8829475928589279876, 0.000000000000000000, 0.4694715627858889739 ) ) ;
#7955 = VERTEX_POINT ( 'NONE', #6305 ) ;
#7956 = ADVANCED_FACE ( 'NONE', ( #4309 ), #6842, .T. ) ;
#7957 = ORIENTED_EDGE ( 'NONE', *, *, #7138, .T. ) ;
#7958 = PLANE ( 'NONE',  #6302 ) ;
#7959 = ORIENTED_EDGE ( 'NONE', *, *, #7707, .T. ) ;
#7960 = ADVANCED_FACE ( 'NONE', ( #5554 ), #5682, .T. ) ;
#7961 = DIRECTION ( 'NONE',  ( 0.4305110968082895284, -0.9025852843498632927, 1.503121460671032490E-15 ) ) ;
#7962 = EDGE_CURVE ( 'NONE', #6125, #6124, #4425, .T. ) ;
#7963 = CARTESIAN_POINT ( 'NONE',  ( -4.349999999999996092, 3.050000000000000266, -0.6500000000000165645 ) ) ;
#7964 = EDGE_CURVE ( 'NONE', #2293, #7231, #1863, .T. ) ;
#7965 = CARTESIAN_POINT ( 'NONE',  ( 2.535399252178448735E-15, 0.000000000000000000, -0.6500000000000013545 ) ) ;
#7966 = LINE ( 'NONE', #5530, #417 ) ;
#7967 = VECTOR ( 'NONE', #7022, 1000.000000000000000 ) ;
#7968 = CARTESIAN_POINT ( 'NONE',  ( 3.155025749821623648, 1.577544949083632408, -0.3936533578381044562 ) ) ;
#7969 = EDGE_LOOP ( 'NONE', ( #1888, #6075, #2081, #1010 ) ) ;
#7970 = ORIENTED_EDGE ( 'NONE', *, *, #194, .T. ) ;
#7971 = ORIENTED_EDGE ( 'NONE', *, *, #2801, .T. ) ;
#7972 = CARTESIAN_POINT ( 'NONE',  ( 4.350000000000011191, 0.000000000000000000, -3.944646165029753515 ) ) ;
#7973 = AXIS2_PLACEMENT_3D ( 'NONE', #2695, #6638, #822 ) ;
#7974 = CARTESIAN_POINT ( 'NONE',  ( 4.350000000000000533, 0.2999999999999999334, -0.8083764270126218010 ) ) ;
#7975 = EDGE_CURVE ( 'NONE', #2708, #2041, #3735, .T. ) ;
#7976 = CARTESIAN_POINT ( 'NONE',  ( 3.249999999999998668, 1.091144171148769493, -0.5499999999999902744 ) ) ;
#7977 = ADVANCED_FACE ( 'NONE', ( #3056 ), #2400, .T. ) ;
#7978 = DIRECTION ( 'NONE',  ( -1.000000000000000000, 0.000000000000000000, -3.491481338843132961E-15 ) ) ;
#7979 = ORIENTED_EDGE ( 'NONE', *, *, #64, .F. ) ;
#7980 = EDGE_CURVE ( 'NONE', #3184, #4010, #4928, .T. ) ;
#7981 = ORIENTED_EDGE ( 'NONE', *, *, #2974, .T. ) ;
#7982 = ORIENTED_EDGE ( 'NONE', *, *, #922, .T. ) ;
#7983 = DIRECTION ( 'NONE',  ( -1.000000000000000000, 0.000000000000000000, -3.491481338843133355E-15 ) ) ;
#7984 = DIRECTION ( 'NONE',  ( 0.000000000000000000, -1.000000000000000000, 0.000000000000000000 ) ) ;
#7985 = CARTESIAN_POINT ( 'NONE',  ( -4.350000000000000533, 0.2999999999999999334, 0.8083764270126218010 ) ) ;
#7986 = VERTEX_POINT ( 'NONE', #6917 ) ;
#7987 = LINE ( 'NONE', #3383, #301 ) ;
#7988 = ADVANCED_FACE ( 'NONE', ( #2057 ), #727, .F. ) ;
#7989 = VECTOR ( 'NONE', #1868, 1000.000000000000000 ) ;
#7990 = EDGE_CURVE ( 'NONE', #6937, #7025, #1462, .T. ) ;
#7991 = APPLICATION_PROTOCOL_DEFINITION ( 'draft international standard', 'automotive_design', 1998, #3075 ) ;
#7992 = CARTESIAN_POINT ( 'NONE',  ( 3.305313565880220406, 1.604596019356461234, 0.3961655152405497704 ) ) ;
#7993 = LINE ( 'NONE', #2260, #1669 ) ;
#7994 = EDGE_LOOP ( 'NONE', ( #5202, #984, #4474, #4584, #6912 ) ) ;
#7995 = AXIS2_PLACEMENT_3D ( 'NONE', #2092, #4618, #4000 ) ;
#7996 = DIRECTION ( 'NONE',  ( -1.000000000000000000, 0.000000000000000000, -4.818676322157807827E-15 ) ) ;
#7997 = ADVANCED_FACE ( 'NONE', ( #4588 ), #6995, .T. ) ;
#7998 = CARTESIAN_POINT ( 'NONE',  ( 4.349999999999997868, 1.685000000000000275, -0.3499999999999864886 ) ) ;
#7999 = CARTESIAN_POINT ( 'NONE',  ( -0.1432255157049863448, 0.3731152247482037998, -0.3848077530122086531 ) ) ;
#8000 = VECTOR ( 'NONE', #4558, 1000.000000000000000 ) ;
#8001 = AXIS2_PLACEMENT_3D ( 'NONE', #5735, #3323, #6436 ) ;
#8002 = CARTESIAN_POINT ( 'NONE',  ( -2.817392914024835271, 3.050000000000000711, -2.768644305733743316 ) ) ;
#8003 = CARTESIAN_POINT ( 'NONE',  ( 0.000000000000000000, 2.700000000000000178, 0.000000000000000000 ) ) ;
#8004 = VERTEX_POINT ( 'NONE', #1307 ) ;
#8005 = CARTESIAN_POINT ( 'NONE',  ( -3.986143571373706340, 0.000000000000000000, -1.600000000000018296 ) ) ;
#8006 = VECTOR ( 'NONE', #4603, 1000.000000000000000 ) ;
#8007 = EDGE_CURVE ( 'NONE', #2507, #7251, #55, .T. ) ;
#8008 = AXIS2_PLACEMENT_3D ( 'NONE', #1974, #682, #124 ) ;
#8009 = ORIENTED_EDGE ( 'NONE', *, *, #6376, .T. ) ;
#8010 = CARTESIAN_POINT ( 'NONE',  ( 4.189999999999995950, 1.685000000000000275, 0.4000000000000146216 ) ) ;
#8011 = EDGE_LOOP ( 'NONE', ( #5992, #6046, #6978, #2782, #3825, #7446 ) ) ;
#8012 = VECTOR ( 'NONE', #7212, 1000.000000000000000 ) ;
#8013 = DIRECTION ( 'NONE',  ( -0.000000000000000000, 1.000000000000000000, -0.000000000000000000 ) ) ;
#8014 = CARTESIAN_POINT ( 'NONE',  ( 2.926600981638591392, 0.5990584378575429803, -1.681355037745333458 ) ) ;
#8015 = CIRCLE ( 'NONE', #6292, 0.9999999999999931166 ) ;
#8016 = DIRECTION ( 'NONE',  ( 0.4305110968082895284, -0.9025852843498632927, 1.503121460671032490E-15 ) ) ;
#8017 = PLANE ( 'NONE',  #134 ) ;
#8019 = LINE ( 'NONE', #5694, #915 ) ;
#8018 = VECTOR ( 'NONE', #3155, 1000.000000000000114 ) ;
#8020 = VERTEX_POINT ( 'NONE', #1344 ) ;
#8021 = ORIENTED_EDGE ( 'NONE', *, *, #4110, .F. ) ;
#8022 = B_SPLINE_CURVE_WITH_KNOTS ( 'NONE', 3,
 ( #7445, #4283, #1716, #3680 ),
 .UNSPECIFIED., .F., .F.,
 ( 4, 4 ),
 ( 0.000000000000000000, 5.547677172294593865E-05 ),
 .UNSPECIFIED. ) ;
#8023 = VECTOR ( 'NONE', #3478, 1000.000000000000000 ) ;
#8024 = ORIENTED_EDGE ( 'NONE', *, *, #4940, .T. ) ;
#8025 = CARTESIAN_POINT ( 'NONE',  ( 4.800000000000002487, 0.000000000000000000, -1.499999999999983347 ) ) ;
#8026 = DIRECTION ( 'NONE',  ( 0.000000000000000000, -1.000000000000000000, 0.000000000000000000 ) ) ;
#8027 = CARTESIAN_POINT ( 'NONE',  ( 5.199999999999998401, 0.1499999999999999667, 0.6000000000000180744 ) ) ;
#8028 = DIRECTION ( 'NONE',  ( 1.000000000000000000, 0.000000000000000000, 3.491481338843133355E-15 ) ) ;
#8029 = ORIENTED_EDGE ( 'NONE', *, *, #7495, .F. ) ;
#8030 = VERTEX_POINT ( 'NONE', #5136 ) ;
#8031 = CARTESIAN_POINT ( 'NONE',  ( 1.002637266809728561E-14, 0.6500000000000011324, -2.599999999999870859 ) ) ;
#8032 = DIRECTION ( 'NONE',  ( -3.491481338843132566E-15, 0.000000000000000000, 1.000000000000000000 ) ) ;
#8033 = FACE_OUTER_BOUND ( 'NONE', #6990, .T. ) ;
#8034 = VERTEX_POINT ( 'NONE', #2563 ) ;
#8035 = CARTESIAN_POINT ( 'NONE',  ( -9.289924028316492493E-16, 0.000000000000000000, 0.6500000000000013545 ) ) ;
#8036 =( NAMED_UNIT ( * ) PLANE_ANGLE_UNIT ( ) SI_UNIT ( $, .RADIAN. ) );
#8037 = VECTOR ( 'NONE', #2392, 1000.000000000000000 ) ;
#8038 = DIRECTION ( 'NONE',  ( 1.301981320592949974E-30, 1.000000000000000000, -3.729022710527641551E-16 ) ) ;
#8039 = VERTEX_POINT ( 'NONE', #5255 ) ;
#8040 = EDGE_CURVE ( 'NONE', #5703, #5032, #4003, .T. ) ;
#8041 = CARTESIAN_POINT ( 'NONE',  ( -0.1895926696702619485, 0.9795429097132495322, 0.5999999999999993117 ) ) ;
#8042 = CARTESIAN_POINT ( 'NONE',  ( -2.358608783879768467, 3.149999999999999911, -2.414624839278422197 ) ) ;
#8043 = DIRECTION ( 'NONE',  ( -1.000000000000000000, 3.872150616019658341E-17, -3.491481338843133355E-15 ) ) ;
#8044 = EDGE_CURVE ( 'NONE', #1405, #5352, #3384, .T. ) ;
#8045 = DIRECTION ( 'NONE',  ( 0.3583679495452943842, -0.9335804264972040745, 1.251235008276872888E-15 ) ) ;
#8046 = CARTESIAN_POINT ( 'NONE',  ( 4.199999999999999289, 1.685000000000000275, -0.3999999999999852562 ) ) ;
#8047 = ORIENTED_EDGE ( 'NONE', *, *, #2701, .F. ) ;
#8048 = ADVANCED_FACE ( 'NONE', ( #6371 ), #5210, .T. ) ;
#8049 = PLANE ( 'NONE',  #6591 ) ;
#8050 = CARTESIAN_POINT ( 'NONE',  ( 3.150011643433327180, 1.635939685916372843, -0.3850268302998012260 ) ) ;
#8051 = ORIENTED_EDGE ( 'NONE', *, *, #6839, .T. ) ;
#8052 = CARTESIAN_POINT ( 'NONE',  ( 4.529022631662146914, 0.1818845829607163567, -0.7999999999999840572 ) ) ;
#8053 = CIRCLE ( 'NONE', #1413, 0.6000000000000000888 ) ;
#8054 = CARTESIAN_POINT ( 'NONE',  ( -3.890000000000001457, 0.1499999999999999944, 0.5999999999999864331 ) ) ;
#8055 = CARTESIAN_POINT ( 'NONE',  ( -1.920314736363728867E-15, 3.050000000000000266, 0.5500000000000017097 ) ) ;
#8056 = DIRECTION ( 'NONE',  ( 1.301981320592949974E-30, 1.000000000000000000, -3.729022710527641551E-16 ) ) ;
#8057 = PRODUCT_DEFINITION_SHAPE ( 'NONE', 'NONE',  #5087 ) ;
#8058 = EDGE_CURVE ( 'NONE', #2041, #5549, #7865, .T. ) ;
#8059 = DIRECTION ( 'NONE',  ( 1.000000000000000000, 0.000000000000000000, 3.614007241618349165E-15 ) ) ;
#8060 = VERTEX_POINT ( 'NONE', #6409 ) ;
#8061 = VERTEX_POINT ( 'NONE', #763 ) ;
#8062 = EDGE_LOOP ( 'NONE', ( #2645, #5414, #5986, #2628 ) ) ;
#8063 = DIRECTION ( 'NONE',  ( -1.000000000000000000, 0.000000000000000000, -3.491481338843133355E-15 ) ) ;
#8064 = DIRECTION ( 'NONE',  ( -3.491481338843133355E-15, 0.000000000000000000, 1.000000000000000000 ) ) ;
#8065 = CARTESIAN_POINT ( 'NONE',  ( 3.049999999999997158, 0.7936270760231673993, 1.021533721447734392E-14 ) ) ;
#8066 = LINE ( 'NONE', #5614, #6639 ) ;
#8067 = ORIENTED_EDGE ( 'NONE', *, *, #1537, .T. ) ;
#8068 = EDGE_CURVE ( 'NONE', #741, #7024, #1424, .T. ) ;
#8069 = ORIENTED_EDGE ( 'NONE', *, *, #1563, .T. ) ;
#8070 = DIRECTION ( 'NONE',  ( -0.4305110968082898060, 0.9025852843498631817, -1.503121460671033279E-15 ) ) ;
#8071 = CARTESIAN_POINT ( 'NONE',  ( -4.349999999999996092, 0.000000000000000000, -0.6500000000000165645 ) ) ;
#8072 = ORIENTED_EDGE ( 'NONE', *, *, #2252, .F. ) ;
#8073 = CARTESIAN_POINT ( 'NONE',  ( 3.552499999999996216, 2.030000000000000249, 0.3455916415466341873 ) ) ;
#8074 = EDGE_CURVE ( 'NONE', #3935, #93, #5919, .T. ) ;
#8075 = LINE ( 'NONE', #6782, #8037 ) ;
#8076 = VECTOR ( 'NONE', #5880, 1000.000000000000000 ) ;
#8077 = ORIENTED_EDGE ( 'NONE', *, *, #1431, .F. ) ;
#8078 = FACE_OUTER_BOUND ( 'NONE', #3187, .T. ) ;
#8079 = DIRECTION ( 'NONE',  ( 0.7071067811865535679, 0.000000000000000000, -0.7071067811865415775 ) ) ;
#8080 = VERTEX_POINT ( 'NONE', #2633 ) ;
#8081 = DIRECTION ( 'NONE',  ( 0.6691306063588596809, 0.000000000000000000, -0.7431448254773930229 ) ) ;
#8082 = LINE ( 'NONE', #2399, #6008 ) ;
#8083 = PLANE ( 'NONE',  #38 ) ;
#8084 = ORIENTED_EDGE ( 'NONE', *, *, #6107, .T. ) ;
#8085 = DIRECTION ( 'NONE',  ( -1.000000000000000000, 0.000000000000000000, -4.336808689942034302E-15 ) ) ;
#8086 = EDGE_CURVE ( 'NONE', #5352, #1072, #4621, .T. ) ;
#8087 = EDGE_CURVE ( 'NONE', #3235, #2981, #7693, .T. ) ;
#8088 = AXIS2_PLACEMENT_3D ( 'NONE', #1132, #6734, #467 ) ;
#8089 = VECTOR ( 'NONE', #245, 1000.000000000000000 ) ;
#8090 = ADVANCED_FACE ( 'NONE', ( #1390 ), #2577, .F. ) ;
#8091 = CARTESIAN_POINT ( 'NONE',  ( 5.199999999999997513, -0.6082762530298271297, 0.3000000000000166978 ) ) ;
#8092 = ORIENTED_EDGE ( 'NONE', *, *, #6612, .F. ) ;
#8093 = CARTESIAN_POINT ( 'NONE',  ( -2.073225355892363897, 2.700000000000000178, -2.302550026315338005 ) ) ;
#8094 = LINE ( 'NONE', #2410, #4022 ) ;
#8095 = EDGE_CURVE ( 'NONE', #2522, #1150, #6450, .T. ) ;
#8096 = DIRECTION ( 'NONE',  ( 1.000000000000000000, 0.000000000000000000, 3.491481338843132961E-15 ) ) ;
#8097 = DIRECTION ( 'NONE',  ( -0.4065742997269672365, 0.4999999999999966138, 0.7646550456261500539 ) ) ;
#8098 = EDGE_CURVE ( 'NONE', #1575, #6865, #2927, .T. ) ;
#8099 = DIRECTION ( 'NONE',  ( 0.000000000000000000, 1.000000000000000000, 0.000000000000000000 ) ) ;
#8100 = ORIENTED_EDGE ( 'NONE', *, *, #4259, .T. ) ;
#8101 = ORIENTED_EDGE ( 'NONE', *, *, #3598, .F. ) ;
#8102 = CARTESIAN_POINT ( 'NONE',  ( -4.350000000000001421, 0.000000000000000000, 0.8999999999999850342 ) ) ;
#8103 = LINE ( 'NONE', #6900, #952 ) ;
#8104 = VECTOR ( 'NONE', #6440, 1000.000000000000000 ) ;
#8105 = LINE ( 'NONE', #2422, #2512 ) ;
#8106 = CARTESIAN_POINT ( 'NONE',  ( 3.599999999999996092, 2.030000000000000249, 0.3485931636266195732 ) ) ;
#8107 = ORIENTED_EDGE ( 'NONE', *, *, #6486, .T. ) ;
#8108 = EDGE_CURVE ( 'NONE', #7765, #3354, #219, .T. ) ;
#8109 = EDGE_LOOP ( 'NONE', ( #2864, #7789, #6968, #3185, #1978, #7913 ) ) ;
#8110 = CARTESIAN_POINT ( 'NONE',  ( -0.1895926696702618930, 0.9795429097132495322, 0.5999999999999993117 ) ) ;
#8111 = AXIS2_PLACEMENT_3D ( 'NONE', #5818, #3863, #1368 ) ;
#8112 = PLANE ( 'NONE',  #6554 ) ;
#8113 = ORIENTED_EDGE ( 'NONE', *, *, #4746, .T. ) ;
#8114 = LINE ( 'NONE', #7412, #7616 ) ;
#8115 = CARTESIAN_POINT ( 'NONE',  ( 4.086143571373717975, 0.000000000000000000, -1.499999999999988232 ) ) ;
#8116 = CARTESIAN_POINT ( 'NONE',  ( 4.552165105849418580, 0.2999999999999999334, -0.4999999999999840683 ) ) ;
#8117 = ORIENTED_EDGE ( 'NONE', *, *, #7320, .F. ) ;
#8118 = ORIENTED_EDGE ( 'NONE', *, *, #4021, .T. ) ;
#8119 = LINE ( 'NONE', #5514, #7528 ) ;
#8120 = CARTESIAN_POINT ( 'NONE',  ( 3.049999999999998490, 0.8088891983536503627, -0.3499999999999897637 ) ) ;
#8121 = ORIENTED_EDGE ( 'NONE', *, *, #3173, .F. ) ;
#8122 = CARTESIAN_POINT ( 'NONE',  ( 0.000000000000000000, 2.700000000000000178, 0.000000000000000000 ) ) ;
#8123 = FACE_OUTER_BOUND ( 'NONE', #617, .T. ) ;
#8124 = DIRECTION ( 'NONE',  ( 0.000000000000000000, 1.000000000000000000, 0.000000000000000000 ) ) ;
#8125 = ORIENTED_EDGE ( 'NONE', *, *, #2797, .T. ) ;
#8126 = CARTESIAN_POINT ( 'NONE',  ( 0.000000000000000000, 2.700000000000000178, 0.000000000000000000 ) ) ;
#8127 = VECTOR ( 'NONE', #4102, 1000.000000000000000 ) ;
#8128 = VECTOR ( 'NONE', #2396, 1000.000000000000114 ) ;
#8129 = VECTOR ( 'NONE', #6179, 1000.000000000000000 ) ;
#8130 = CARTESIAN_POINT ( 'NONE',  ( 8.721888143615728726E-15, 0.5499999999997776667, -2.326794920000000211 ) ) ;
#8131 = ORIENTED_EDGE ( 'NONE', *, *, #6208, .T. ) ;
#8132 = DIRECTION ( 'NONE',  ( 0.4305110968082906941, 0.9025852843498627376, 1.503121460671036632E-15 ) ) ;
#8133 = VECTOR ( 'NONE', #6778, 1000.000000000000000 ) ;
#8134 = CARTESIAN_POINT ( 'NONE',  ( 0.000000000000000000, 2.700000000000000178, 0.000000000000000000 ) ) ;
#8135 = DIRECTION ( 'NONE',  ( 0.000000000000000000, -1.000000000000000000, 0.000000000000000000 ) ) ;
#8136 = LINE ( 'NONE', #3618, #6516 ) ;
#8137 = VECTOR ( 'NONE', #4705, 1000.000000000000000 ) ;
#8138 = CYLINDRICAL_SURFACE ( 'NONE', #831, 0.9999999999999931166 ) ;
#8139 = ORIENTED_EDGE ( 'NONE', *, *, #5506, .F. ) ;
#8140 = VECTOR ( 'NONE', #5516, 1000.000000000000000 ) ;
#8141 = EDGE_CURVE ( 'NONE', #2499, #2440, #2921, .T. ) ;
#8142 = ORIENTED_EDGE ( 'NONE', *, *, #583, .F. ) ;
#8143 = CARTESIAN_POINT ( 'NONE',  ( 0.000000000000000000, 2.933493649053891872, 0.000000000000000000 ) ) ;
#8144 = VECTOR ( 'NONE', #4877, 1000.000000000000000 ) ;
#8145 = ADVANCED_FACE ( 'NONE', ( #2837 ), #4744, .F. ) ;
#8146 = DIRECTION ( 'NONE',  ( 0.000000000000000000, 1.000000000000000000, 0.000000000000000000 ) ) ;
#8147 = CYLINDRICAL_SURFACE ( 'NONE', #6742, 0.4000000000000001887 ) ;
#8148 = VECTOR ( 'NONE', #2339, 1000.000000000000000 ) ;
#8149 = DIRECTION ( 'NONE',  ( 0.6883545756937582416, -0.7253743710122836363, 2.403377155542039873E-15 ) ) ;
#8150 = AXIS2_PLACEMENT_3D ( 'NONE', #5897, #193, #108 ) ;
#8151 = AXIS2_PLACEMENT_3D ( 'NONE', #4098, #3571, #6633 ) ;
#8152 = VECTOR ( 'NONE', #8217, 1000.000000000000000 ) ;
#8153 = ORIENTED_EDGE ( 'NONE', *, *, #4127, .F. ) ;
#8154 = LINE ( 'NONE', #2347, #4172 ) ;
#8155 = CIRCLE ( 'NONE', #4573, 3.000000000000001776 ) ;
#8156 = CARTESIAN_POINT ( 'NONE',  ( -4.086143571373717975, -12.43261838873854686, 1.499999999999988232 ) ) ;
#8157 = CARTESIAN_POINT ( 'NONE',  ( -4.200000000000000178, 1.850000000000000089, 0.5999999999999853229 ) ) ;
#8158 = DIRECTION ( 'NONE',  ( 1.000000000000000000, 0.000000000000000000, 3.469446951953638249E-15 ) ) ;
#8159 = CARTESIAN_POINT ( 'NONE',  ( 3.586143571373723304, 0.7500000000000000000, -1.999999999999991340 ) ) ;
#8160 = VERTEX_POINT ( 'NONE', #1591 ) ;
#8161 = VERTEX_POINT ( 'NONE', #3599 ) ;
#8162 = CARTESIAN_POINT ( 'NONE',  ( -4.349999999999995204, 0.2999999999999999334, -0.8083764270126522211 ) ) ;
#8163 = DIRECTION ( 'NONE',  ( 0.7071067811865598962, 0.000000000000000000, -0.7071067811865350272 ) ) ;
#8164 = DIRECTION ( 'NONE',  ( 1.000000000000000000, 0.000000000000000000, 3.614007241618307356E-15 ) ) ;
#8165 = LINE ( 'NONE', #1152, #3631 ) ;
#8166 = CARTESIAN_POINT ( 'NONE',  ( 4.349999999999996092, 1.685000000000000275, 0.4000000000000151212 ) ) ;
#8167 = ORIENTED_EDGE ( 'NONE', *, *, #2755, .F. ) ;
#8168 = DIRECTION ( 'NONE',  ( 0.000000000000000000, 1.000000000000000000, 0.000000000000000000 ) ) ;
#8169 = ORIENTED_EDGE ( 'NONE', *, *, #7541, .T. ) ;
#8170 = LINE ( 'NONE', #20, #2839 ) ;
#8171 = CARTESIAN_POINT ( 'NONE',  ( -2.034697853011666169, 2.962588108695060285, 2.272706507708760260 ) ) ;
#8172 = DIRECTION ( 'NONE',  ( -1.000000000000000000, -3.097720492815726673E-16, -3.491481338843133355E-15 ) ) ;
#8173 = PLANE ( 'NONE',  #4307 ) ;
#8174 = CARTESIAN_POINT ( 'NONE',  ( -2.541092933491463146, 0.7933285315360836254, -1.692851233945349643 ) ) ;
#8175 =( BOUNDED_CURVE ( )  B_SPLINE_CURVE ( 3, ( #3134, #7539, #6328, #1844 ),
 .UNSPECIFIED., .F., .T. ) 
 B_SPLINE_CURVE_WITH_KNOTS ( ( 4, 4 ),
 ( 5.916666164260785621, 6.675884388878322362 ),
 .UNSPECIFIED. ) 
 CURVE ( )  GEOMETRIC_REPRESENTATION_ITEM ( )  RATIONAL_B_SPLINE_CURVE ( ( 1.000000000000000000, 0.9525397019146156774, 0.9525397019146156774, 1.000000000000000000 ) ) 
 REPRESENTATION_ITEM ( '' )  );
#8176 = EDGE_CURVE ( 'NONE', #1575, #907, #2823, .T. ) ;
#8177 = ORIENTED_EDGE ( 'NONE', *, *, #3385, .T. ) ;
#8178 = VECTOR ( 'NONE', #396, 1000.000000000000000 ) ;
#8179 = AXIS2_PLACEMENT_3D ( 'NONE', #1392, #7658, #5138 ) ;
#8180 = EDGE_LOOP ( 'NONE', ( #6596, #8177, #1936, #3146 ) ) ;
#8181 = CYLINDRICAL_SURFACE ( 'NONE', #991, 0.09999999999999961697 ) ;
#8182 = EDGE_CURVE ( 'NONE', #62, #5216, #708, .T. ) ;
#8183 = VERTEX_POINT ( 'NONE', #6579 ) ;
#8184 = CARTESIAN_POINT ( 'NONE',  ( 0.000000000000000000, 2.700000000000000178, 0.000000000000000000 ) ) ;
#8185 = CARTESIAN_POINT ( 'NONE',  ( -4.349999999999999645, 0.3000000000000007661, 0.5999999999999847677 ) ) ;
#8186 = DIRECTION ( 'NONE',  ( 3.491481338843133355E-15, -0.000000000000000000, -1.000000000000000000 ) ) ;
#8187 = EDGE_CURVE ( 'NONE', #5690, #4276, #4659, .T. ) ;
#8188 = EDGE_CURVE ( 'NONE', #7345, #5709, #6702, .T. ) ;
#8189 = ORIENTED_EDGE ( 'NONE', *, *, #8108, .F. ) ;
#8190 = ORIENTED_EDGE ( 'NONE', *, *, #6511, .F. ) ;
#8191 = EDGE_CURVE ( 'NONE', #4038, #1642, #5375, .T. ) ;
#8192 = DIRECTION ( 'NONE',  ( -3.491481338843133355E-15, 0.000000000000000000, 1.000000000000000000 ) ) ;
#8193 = DIRECTION ( 'NONE',  ( -3.277319941596422730E-15, 0.000000000000000000, 1.000000000000000000 ) ) ;
#8194 = EDGE_CURVE ( 'NONE', #6277, #2879, #4123, .T. ) ;
#8195 = DIRECTION ( 'NONE',  ( -0.4694715627858951912, 0.000000000000000000, 0.8829475928589246569 ) ) ;
#8196 = CARTESIAN_POINT ( 'NONE',  ( 1.920314736363728867E-15, 3.050000000000000266, -0.5500000000000017097 ) ) ;
#8197 = ORIENTED_EDGE ( 'NONE', *, *, #2207, .F. ) ;
#8198 = ORIENTED_EDGE ( 'NONE', *, *, #700, .F. ) ;
#8199 = ORIENTED_EDGE ( 'NONE', *, *, #5482, .T. ) ;
#8200 = ADVANCED_FACE ( 'NONE', ( #4791 ), #5291, .T. ) ;
#8201 = VECTOR ( 'NONE', #548, 1000.000000000000000 ) ;
#8202 = CARTESIAN_POINT ( 'NONE',  ( 3.302162471717694281, 1.198285760403389411, 0.5500000000000132561 ) ) ;
#8203 = DIRECTION ( 'NONE',  ( 3.491481338843133355E-15, -0.000000000000000000, -1.000000000000000000 ) ) ;
#8204 = ORIENTED_EDGE ( 'NONE', *, *, #7879, .F. ) ;
#8205 = CARTESIAN_POINT ( 'NONE',  ( 3.349473187838431176, 1.713836642253314002, -0.3848077530121964407 ) ) ;
#8206 = CARTESIAN_POINT ( 'NONE',  ( -5.300000000000000711, -1.149788611495921022E-32, -0.3000000000000198619 ) ) ;
#8207 = PLANE ( 'NONE',  #5881 ) ;
#8208 = VERTEX_POINT ( 'NONE', #6619 ) ;
#8209 = CARTESIAN_POINT ( 'NONE',  ( -1.934429877430350997, 2.700000000000000178, 2.293028793823750799 ) ) ;
#8210 = ORIENTED_EDGE ( 'NONE', *, *, #463, .F. ) ;
#8211 = EDGE_LOOP ( 'NONE', ( #5686, #1041, #1988, #6999 ) ) ;
#8212 = B_SPLINE_CURVE_WITH_KNOTS ( 'NONE', 3,
 ( #7838, #7968, #2158, #7230 ),
 .UNSPECIFIED., .F., .F.,
 ( 4, 4 ),
 ( 0.000000000000000000, 8.450600826911382148E-05 ),
 .UNSPECIFIED. ) ;
#8213 = ORIENTED_EDGE ( 'NONE', *, *, #2441, .F. ) ;
#8214 = LINE ( 'NONE', #5646, #1761 ) ;
#8215 = FACE_OUTER_BOUND ( 'NONE', #5306, .T. ) ;
#8216 = FACE_OUTER_BOUND ( 'NONE', #4119, .T. ) ;
#8217 = DIRECTION ( 'NONE',  ( 1.000000000000000000, 0.000000000000000000, 3.491481338843133355E-15 ) ) ;
#8218 = DIRECTION ( 'NONE',  ( 1.000000000000000000, 0.000000000000000000, 3.491481338843133355E-15 ) ) ;
#8219 = EDGE_LOOP ( 'NONE', ( #1734, #3457, #5776, #5948, #5497, #7683, #6694, #7531, #4089 ) ) ;
#8220 = ADVANCED_FACE ( 'NONE', ( #923 ), #2134, .F. ) ;
#8221 = VERTEX_POINT ( 'NONE', #5991 ) ;
#8222 = DIRECTION ( 'NONE',  ( 1.000000000000000000, 0.000000000000000000, 3.491481338843133355E-15 ) ) ;
#8223 = VECTOR ( 'NONE', #4988, 1000.000000000000000 ) ;
#8224 = EDGE_LOOP ( 'NONE', ( #2874, #1674, #836, #7045 ) ) ;
#8225 = DIRECTION ( 'NONE',  ( -1.000000000000000000, 0.000000000000000000, -4.336808689942034302E-15 ) ) ;
#8226 = CARTESIAN_POINT ( 'NONE',  ( 4.800000000000006928, 1.574999999999999956, -2.351671290311160512 ) ) ;
#8227 =( BOUNDED_CURVE ( )  B_SPLINE_CURVE ( 3, ( #5004, #7613, #601, #1173 ),
 .UNSPECIFIED., .F., .T. ) 
 B_SPLINE_CURVE_WITH_KNOTS ( ( 4, 4 ),
 ( 5.890486225480849214, 6.649704450098386843 ),
 .UNSPECIFIED. ) 
 CURVE ( )  GEOMETRIC_REPRESENTATION_ITEM ( )  RATIONAL_B_SPLINE_CURVE ( ( 1.000000000000000000, 0.9525397019146156774, 0.9525397019146156774, 1.000000000000000000 ) ) 
 REPRESENTATION_ITEM ( '' )  );
#8228 = CARTESIAN_POINT ( 'NONE',  ( -4.499999999999998224, 0.3000000000000007661, -0.6000000000000156319 ) ) ;
#8229 = ORIENTED_EDGE ( 'NONE', *, *, #5654, .T. ) ;
ENDSEC;
END-ISO-10303-21;
