#VRML V2.0 utf8
#kicad StepUp wrl exported

Shape {
    appearance Appearance {material DEF PIN-01 Material {
        ambientIntensity 0.271
        diffuseColor 0.824 0.820 0.781
        specularColor 0.328 0.258 0.172
        emissiveColor 0.0 0.0 0.0
        shininess 0.70
        transparency 0.0
        }
    }
}
Shape {
    appearance Appearance {material DEF MET-01 Material {
        ambientIntensity 0.249999
        diffuseColor 0.298 0.298 0.298
        specularColor 0.398 0.398 0.398
        emissiveColor 0.0 0.0 0.0
        shininess 0.056122
        transparency 0.0
        }
    }
}
Shape {
    appearance Appearance {material DEF PIN-02 Material {
        ambientIntensity 0.379
        diffuseColor 0.859 0.738 0.496
        specularColor 0.137 0.145 0.184
        emissiveColor 0.0 0.0 0.0
        shininess 0.40
        transparency 0.0
        }
    }
}
Shape {
    appearance Appearance {material DEF IC-BODY-EPOXY-04 Material {
        ambientIntensity 0.293
        diffuseColor 0.148 0.145 0.145
        specularColor 0.180 0.168 0.160
        emissiveColor 0.0 0.0 0.0
        shininess 0.35
        transparency 0.0
        }
    }
}
Shape {
    appearance Appearance {material DEF RES-SMD-01 Material {
        diffuseColor 0.082 0.086 0.094
        emissiveColor 0.000 0.000 0.000
        specularColor 0.066 0.063 0.063
        ambientIntensity 0.638
        transparency 0.0
        shininess 0.3
        }
    }
}
Shape {
    appearance Appearance {material DEF IC-BODY-EPOXY-01 Material {
        ambientIntensity 0.117
        diffuseColor 0.250 0.262 0.281
        specularColor 0.316 0.281 0.176
        emissiveColor 0.0 0.0 0.0
        shininess 0.25
        transparency 0.0
        }
    }
}
Shape {
    appearance Appearance {material DEF CAP-CERAMIC-05 Material {
        ambientIntensity 0.179
        diffuseColor 0.273 0.273 0.273
        specularColor 0.203 0.188 0.176
        emissiveColor 0.0 0.0 0.0
        shininess 0.15
        transparency 0.0
        }
    }
}
Shape {
    appearance Appearance {material DEF CAP-CERAMIC-06 Material {
        ambientIntensity 0.453
        diffuseColor 0.379 0.270 0.215
        specularColor 0.223 0.223 0.223
        emissiveColor 0.0 0.0 0.0
        shininess 0.15
        transparency 0.0
        }
    }
}
Shape {
    appearance Appearance {material DEF RES-THT-01 Material {
        ambientIntensity 0.149
        diffuseColor 0.883 0.711 0.492
        specularColor 0.043 0.121 0.281
        emissiveColor 0.0 0.0 0.0
        shininess 0.40
        transparency 0.0
        }
    }
}
Shape {
    appearance Appearance {material DEF PLASTIC-BLUE-01 Material {
        ambientIntensity 0.565
        diffuseColor 0.137 0.402 0.727
        specularColor 0.359 0.379 0.270
        emissiveColor 0.0 0.0 0.0
        shininess 0.25
        transparency 0.0
        }
    }
}
Shape {
    appearance Appearance {material DEF PLASTIC-GREEN-01 Material {
        ambientIntensity 0.315
        diffuseColor 0.340 0.680 0.445
        specularColor 0.176 0.105 0.195
        emissiveColor 0.0 0.0 0.0
        shininess 0.25
        transparency 0.0
        }
    }
}
Shape {
    appearance Appearance {material DEF PLASTIC-ORANGE-01 Material {
        ambientIntensity 0.284
        diffuseColor 0.809 0.426 0.148
        specularColor 0.039 0.102 0.145
        emissiveColor 0.0 0.0 0.0
        shininess 0.25
        transparency 0.0
        }
    }
}
Shape {
    appearance Appearance {material DEF RED-BODY Material {
        ambientIntensity 0.683
        diffuseColor 0.700 0.100 0.050
        emissiveColor 0.000 0.000 0.000
        specularColor 0.300 0.400 0.150
        shininess 0.25
        transparency 0.0
        }
    }
}
Shape {
    appearance Appearance {material DEF CAP-CERAMIC-02 Material {
        ambientIntensity 0.683
        diffuseColor 0.578 0.336 0.352
        specularColor 0.105 0.273 0.270
        emissiveColor 0.0 0.0 0.0
        shininess 0.25
        transparency 0.0
        }
    }
}
Shape {
    appearance Appearance {material DEF PLASTIC-YELLOW-01 Material {
        ambientIntensity 0.522
        diffuseColor 0.832 0.680 0.066
        specularColor 0.160 0.203 0.320
        emissiveColor 0.0 0.0 0.0
        shininess 0.25
        transparency 0.0
        }
    }
}
Shape {
    appearance Appearance {material DEF PLASTIC-WHITE-01 Material {
        ambientIntensity 0.494
        diffuseColor 0.895 0.891 0.813
        specularColor 0.047 0.055 0.109
        emissiveColor 0.0 0.0 0.0
        shininess 0.25
        transparency 0.0
        }
    }
}
Shape {
    appearance Appearance {material DEF IC-LABEL-01 Material {
        ambientIntensity 0.082
        diffuseColor 0.691 0.664 0.598
        specularColor 0.000 0.000 0.000
        emissiveColor 0.0 0.0 0.0
        shininess 0.01
        transparency 0.0
        }
    }
}
Shape {
    appearance Appearance {material DEF LED-RED Material {
        ambientIntensity 0.789
        diffuseColor 0.700 0.100 0.050
        emissiveColor 0.000 0.000 0.000
        specularColor 0.300 0.400 0.150
        shininess 0.125
        transparency 0.15
        }
    }
}
Shape {
    appearance Appearance {material DEF LED-GREEN Material {
        ambientIntensity 0.789
        diffuseColor 0.400 0.700 0.150
        emissiveColor 0.000 0.000 0.000
        specularColor 0.600 0.300 0.100
        shininess 0.05
        transparency 0.15
        }
    }
}
Shape {
    appearance Appearance {material DEF LED-BLUE Material {
        ambientIntensity 0.789
        diffuseColor 0.100 0.250 0.700
        emissiveColor 0.000 0.000 0.000
        specularColor 0.500 0.600 0.300
        shininess 0.125
        transparency 0.15
        }
    }
}
Shape {
    appearance Appearance {material DEF LED-YELLOW Material {
        ambientIntensity 0.522
        diffuseColor 0.98 0.840 0.066
        specularColor 0.160 0.203 0.320
        emissiveColor 0.0 0.0 0.0
        shininess 0.125
        transparency 0.15
        }
    }
}
Shape {
    appearance Appearance {material DEF LED-WHITE Material {
        ambientIntensity 0.494
        diffuseColor 0.895 0.891 0.813
        specularColor 0.047 0.055 0.109
        emissiveColor 0.0 0.0 0.0
        shininess 0.125
        transparency 0.15
        }
    }
}
Shape {
    appearance Appearance {material DEF LED-GREY Material {
        ambientIntensity 0.494
        diffuseColor 0.27 0.25 0.27
        specularColor 0.5 0.5 0.6
        emissiveColor 0.0 0.0 0.0
        shininess 0.35
        transparency 0.15
        }
    }
}
Shape {
    appearance Appearance {material DEF LED-BLACK Material {
        ambientIntensity 0.494
        diffuseColor 0.1 0.05 0.1
        specularColor 0.6 0.5 0.6
        emissiveColor 0.0 0.0 0.0
        shininess 0.5
        transparency 0.15
        }
    }
}
Shape {
    appearance Appearance {material DEF GLASS-19 Material {
        ambientIntensity 0.2018212
        diffuseColor 0.400769 0.441922 0.459091
        specularColor 0.573887 0.649271 0.810811
        emissiveColor 0.000000 0.000000 0.000000
        shininess 0.127273
        transparency 0.37
        }
    }
}
Shape {
    appearance Appearance {material DEF GLASS-29 Material {
        ambientIntensity 0.379
        diffuseColor 0.859 0.738 0.496
        specularColor 0.137 0.145 0.184
        emissiveColor 0.0 0.0 0.0
        shininess 0.40
        transparency 0.39
        }
    }
}
Shape {
    appearance Appearance {material DEF GLASS-13 Material {
        ambientIntensity 0.250000
        diffuseColor 0.000000 0.631244 0.748016
        specularColor 0.915152 0.915152 0.915152
        emissiveColor 0.000000 0.000000 0.000000
        shininess 0.642424
        transparency 0.39
        }
    }
}
Shape {
    appearance Appearance {material DEF GLASS-GREEN Material {
        ambientIntensity 0.250000
        diffuseColor 0.000000 0.75 0.44
        specularColor 0.915152 0.915152 0.915152
        emissiveColor 0.000000 0.000000 0.000000
        shininess 0.642424
        transparency 0.39
        }
    }
}
Shape {
    appearance Appearance {material DEF GLASS-ORANGE Material {
        ambientIntensity 0.250000
        diffuseColor 0.75 0.44 0.000000
        specularColor 0.915152 0.915152 0.915152
        emissiveColor 0.000000 0.000000 0.000000
        shininess 0.642424
        transparency 0.39
        }
    }
}
Shape {
    appearance Appearance {material DEF BOARD-GREEN-02 Material {
        ambientIntensity 1
        diffuseColor 0.07 0.3 0.12
        specularColor 0.07 0.3 0.12
        emissiveColor 0.0 0.0 0.0
        shininess 0.40
        transparency 0.0
        }
    }
}
Shape {
    appearance Appearance {material DEF BOARD-BLUE-01 Material {
        ambientIntensity 1
        diffuseColor 0.07 0.12 0.3
        specularColor 0.07 0.12 0.3
        emissiveColor 0.0 0.0 0.0
        shininess 0.40
        transparency 0.0
        }
    }
}
Shape {
    appearance Appearance {material DEF BOARD-BLACK-03 Material {
        ambientIntensity 1
        diffuseColor 0.16 0.16 0.16
        specularColor 0.16 0.16 0.16
        emissiveColor 0.0 0.0 0.0
        shininess 0.40
        transparency 0.0
        }
    }
}
Shape {
    appearance Appearance {material DEF MET-ALUMINUM Material {
        ambientIntensity 0.256000
        diffuseColor 0.372322 0.371574 0.373173
        specularColor 0.556122 0.554201 0.556122
        emissiveColor 0.0 0.0 0.0
        shininess 0.127551
        transparency 0.0
        }
    }
}
Shape {
    appearance Appearance {material DEF MET-BRONZE Material {
        ambientIntensity 0.022727
        diffuseColor 0.714 0.4284 0.18144
        specularColor 0.393548 0.271906 0.166721
        emissiveColor 0.000000 0.000000 0.000000
        shininess 0.2
        transparency 0.0
        }
    }
}
Shape {
    appearance Appearance {material DEF MET-SILVER Material {
        ambientIntensity 0.022727
        diffuseColor 0.50754 0.50754 0.50754
        specularColor 0.508273 0.508273 0.508273
        emissiveColor 0.000000 0.000000 0.000000
        shininess 0.4
        transparency 0.0
        }
    }
}
Shape {
    appearance Appearance {material DEF MET-COPPER Material {
        ambientIntensity 0.022727
        diffuseColor 0.7038 0.27048 0.0828
        specularColor 0.780612 0.37 0.000000
        emissiveColor 0.000000 0.000000 0.000000
        shininess 0.2
        transparency 0.0
        }
    }
}
Shape { geometry IndexedFaceSet 
{ creaseAngle 1.00 coordIndex [0,1,2,-1,0,2,3,-1]
coord Coordinate { point [42.3818 -31.7716 0,42.3818 -27.8346 0,42.3818 -27.8346 -0.62677,42.3818 -31.7716 -0.62677]
}}
appearance Appearance{material Material{diffuseColor 0.2 0.6 0.4
transparency 0}}}
Shape { geometry IndexedFaceSet 
{ creaseAngle 1.00 coordIndex [0,1,2,-1,0,2,3,-1]
coord Coordinate { point [42.3818 -27.8346 0,48.4999 -27.8346 0,48.4999 -27.8346 -0.62677,42.3818 -27.8346 -0.62677]
}}
appearance Appearance{material Material{diffuseColor 0.2 0.6 0.4
transparency 0}}}
Shape { geometry IndexedFaceSet 
{ creaseAngle 1.00 coordIndex [0,1,2,-1,0,2,3,-1]
coord Coordinate { point [48.4999 -31.7716 0,42.3818 -31.7716 0,42.3818 -31.7716 -0.62677,48.4999 -31.7716 -0.62677]
}}
appearance Appearance{material Material{diffuseColor 0.2 0.6 0.4
transparency 0}}}
Shape { geometry IndexedFaceSet 
{ creaseAngle 1.00 coordIndex [0,1,2,-1,3,2,1,-1,4,5,0,-1,4,0,2,-1,6,2,3,-1,6,7,2,-1,8,4,2,-1,9,3,5,-1,9,6,3,-1,10,9,5,-1,11,5,4,-1,11,10,5,-1,12,6,9,-1,13,11,14,-1,13,15,10,-1,13,10,11,-1,16,13,14,-1,17,18,19,-1,20,15,13,-1,21,8,2,-1,22,21,2,-1,23,12,15,-1,23,6,12,-1,23,15,20,-1,24,14,8,-1,24,8,21,-1,24,16,14,-1,25,23,20,-1,25,20,26,-1,27,22,2,-1,28,27,2,-1,29,22,27,-1,29,30,22,-1,31,25,26,-1,32,33,34,-1,35,28,2,-1,36,31,26,-1,37,30,29,-1,37,16,24,-1,37,24,30,-1,37,26,16,-1,38,34,25,-1,38,25,31,-1,39,37,29,-1,39,29,40,-1,41,36,26,-1,41,42,36,-1,43,41,26,-1,43,26,37,-1,44,40,28,-1,44,28,35,-1,45,42,41,-1,46,47,48,-1,46,48,49,-1,46,49,50,-1,46,50,42,-1,46,42,45,-1,51,41,43,-1,52,39,40,-1,53,51,43,-1,54,55,56,-1,57,51,53,-1,58,40,44,-1,58,52,40,-1,59,32,34,-1,59,34,38,-1,60,39,52,-1,60,53,39,-1,60,57,53,-1,61,55,54,-1,62,58,44,-1,63,64,32,-1,63,32,59,-1,65,58,62,-1,65,57,60,-1,66,67,68,-1,69,70,71,-1,72,69,71,-1,73,66,68,-1,74,44,55,-1,74,62,44,-1,75,69,72,-1,75,72,76,-1,77,65,62,-1,78,57,65,-1,79,67,66,-1,80,17,81,-1,80,81,67,-1,82,69,75,-1,82,83,69,-1,82,75,84,-1,85,55,61,-1,85,74,55,-1,86,73,68,-1,86,87,73,-1,88,85,61,-1,88,61,89,-1,90,83,82,-1,90,68,64,-1,90,63,83,-1,90,86,68,-1,90,64,63,-1,91,74,85,-1,91,92,74,-1,93,80,67,-1,93,67,79,-1,93,79,87,-1,94,93,87,-1,95,87,86,-1,95,94,87,-1,96,80,93,-1,97,80,96,-1,98,95,99,-1,98,94,95,-1,100,88,89,-1,100,101,88,-1,102,98,99,-1,103,54,56,-1,103,35,2,-1,103,56,35,-1,103,104,54,-1,105,101,100,-1,106,97,94,-1,106,80,97,-1,106,94,98,-1,107,89,104,-1,107,104,103,-1,107,100,89,-1,107,108,100,-1,109,80,106,-1,110,108,107,-1,111,101,105,-1,111,105,112,-1,113,107,103,-1,114,101,111,-1,114,92,91,-1,114,91,101,-1,115,90,82,-1,115,82,116,-1,117,111,112,-1,118,113,103,-1,119,110,120,-1,119,108,110,-1,119,112,108,-1,121,116,78,-1,121,115,116,-1,122,112,119,-1,122,117,112,-1,123,117,122,-1,124,99,90,-1,124,90,115,-1,125,121,78,-1,126,113,118,-1,127,119,120,-1,128,126,118,-1,128,118,129,-1,130,78,65,-1,130,125,78,-1,131,99,124,-1,131,102,99,-1,131,109,102,-1,132,121,125,-1,132,133,121,-1,134,131,124,-1,135,120,113,-1,135,113,126,-1,136,65,77,-1,136,130,65,-1,137,123,122,-1,138,123,137,-1,138,114,123,-1,139,128,129,-1,139,140,128,-1,141,109,131,-1,141,80,109,-1,142,139,129,-1,143,136,77,-1,143,77,92,-1,143,92,114,-1,144,120,135,-1,144,127,120,-1,144,145,127,-1,146,130,136,-1,146,147,130,-1,148,134,124,-1,148,124,133,-1,149,144,135,-1,149,135,140,-1,150,151,152,-1,150,142,129,-1,150,129,151,-1,153,137,122,-1,153,122,145,-1,154,133,132,-1,154,148,133,-1,154,132,147,-1,155,143,114,-1,156,140,139,-1,157,114,138,-1,158,145,144,-1,159,114,157,-1,160,155,114,-1,160,114,159,-1,161,134,148,-1,161,162,134,-1,163,164,153,-1,163,145,158,-1,163,153,145,-1,165,166,143,-1,165,143,155,-1,167,140,156,-1,167,149,140,-1,168,156,169,-1,168,167,156,-1,170,164,163,-1,171,138,164,-1,171,157,138,-1,171,164,170,-1,172,163,158,-1,172,158,173,-1,174,147,146,-1,174,154,147,-1,174,146,166,-1,175,168,169,-1,175,142,150,-1,175,169,142,-1,176,175,150,-1,176,150,177,-1,178,149,167,-1,178,172,173,-1,178,173,149,-1,179,152,151,-1,179,151,103,-1,179,180,152,-1,179,177,180,-1,181,172,178,-1,182,174,166,-1,182,166,165,-1,183,181,178,-1,184,171,170,-1,184,185,171,-1,186,159,185,-1,186,160,159,-1,187,154,174,-1,187,188,154,-1,189,160,186,-1,190,185,184,-1,191,170,181,-1,191,184,170,-1,192,182,165,-1,192,165,193,-1,194,186,185,-1,194,185,190,-1,195,192,193,-1,196,183,168,-1,196,168,175,-1,197,160,189,-1,198,182,192,-1,198,199,182,-1,200,160,197,-1,200,193,160,-1,201,196,202,-1,201,183,196,-1,203,197,189,-1,203,189,204,-1,205,176,177,-1,205,177,179,-1,206,205,179,-1,207,194,190,-1,207,203,204,-1,207,190,208,-1,207,204,194,-1,209,195,193,-1,209,193,200,-1,209,210,195,-1,211,183,201,-1,211,181,183,-1,212,209,200,-1,213,214,203,-1,213,203,207,-1,215,191,181,-1,215,211,216,-1,215,181,211,-1,215,208,191,-1,217,210,209,-1,218,200,214,-1,218,212,200,-1,219,206,179,-1,220,218,214,-1,221,207,208,-1,222,223,219,-1,222,219,179,-1,224,225,212,-1,224,212,218,-1,226,221,208,-1,226,208,215,-1,227,214,213,-1,227,220,214,-1,228,221,226,-1,229,228,226,-1,230,220,227,-1,230,231,220,-1,232,233,234,-1,235,221,228,-1,235,236,221,-1,237,227,213,-1,237,213,236,-1,237,236,235,-1,238,237,235,-1,239,231,230,-1,240,241,242,-1,243,237,238,-1,243,239,237,-1,244,243,238,-1,245,231,239,-1,245,239,243,-1,246,238,247,-1,246,244,238,-1,248,247,249,-1,248,246,247,-1,250,251,244,-1,250,244,246,-1,252,249,240,-1,252,242,232,-1,252,240,242,-1,252,231,245,-1,252,245,251,-1,252,250,253,-1,252,253,248,-1,252,248,249,-1,252,251,250,-1,80,2,18,-1,18,2,7,-1,80,18,17,-1,2,179,103,-1,179,252,232,-1,179,232,234,-1,179,234,222,-1,252,80,217,-1,217,80,210,-1,210,80,198,-1,198,80,199,-1,199,80,187,-1,187,80,188,-1,188,80,161,-1,161,80,162,-1,162,80,141,-1,252,217,225,-1,252,225,224,-1,252,224,231,-1,38,57,59,-1,59,57,78,-1]
coord Coordinate { point [43.2928 -31.1405 0,43.2141 -31.1405 0,42.3818 -31.7716 0,43.2141 -30.9594 0,43.529 -31.1405 0,43.2928 -30.9594 0,42.6483 -30.2106 0,42.5983 -30.1606 0,43.6078 -31.1405 0,43.2332 -30.7381 -1.09274e-17,43.2844 -30.7381 -1.09274e-17,43.529 -30.9594 0,43.2332 -30.5413 -1.09274e-17,43.5481 -30.7381 -1.09274e-17,43.6078 -30.9594 0,43.2844 -30.5413 -1.09274e-17,43.5993 -30.7381 -1.09274e-17,42.5983 -29.6606 0,42.5983 -29.7606 0,42.6483 -29.7106 0,43.5481 -30.5413 -1.09274e-17,44.2716 -31.2519 0,44.3503 -31.2519 0,43.3751 -30.2106 0,44.2716 -31.0708 0,43.4251 -30.1606 0,43.5993 -30.5413 -1.09274e-17,44.5865 -31.2519 0,44.6653 -31.2519 0,44.5865 -31.0708 0,44.3503 -31.0708 0,43.7794 -30.0521 -1.36592e-18,43.4251 -29.6606 0,43.3751 -29.7106 0,43.4251 -29.7606 0,45.0334 -31.2598 -1.09274e-17,43.8346 -30.0521 -6.82961e-19,44.4586 -30.6692 -5.46369e-17,43.7794 -29.9379 -1.36592e-18,44.5767 -30.6692 -5.46369e-17,44.6653 -31.0708 0,43.9999 -30.0521 -1.36592e-18,43.8409 -30.0205 0,44.4586 -30.4921 -5.46369e-17,45.0334 -31.0629 -1.09274e-17,43.9936 -30.0205 0,43.9757 -29.9936 0,43.9489 -29.9757 0,43.9172 -29.9694 0,43.8856 -29.9757 0,43.8588 -29.9936 0,44.055 -30.0521 -1.36592e-18,44.7145 -30.6692 -5.46369e-17,44.5767 -30.4921 -5.46369e-17,45.3483 -31.2598 -1.09274e-17,45.0846 -31.0629 -1.09274e-17,45.0846 -31.2598 -1.09274e-17,44.055 -29.9379 -1.36592e-18,44.8326 -30.6692 -5.46369e-17,43.7794 -29.56 -1.36592e-18,44.7145 -30.4921 -5.46369e-17,45.3483 -31.0629 -1.09274e-17,44.9704 -30.6692 -5.46369e-17,43.7794 -29.4458 -1.36592e-18,43.4251 -29.2606 0,44.8326 -30.4921 -5.46369e-17,43.2037 -28.8582 -1.09274e-17,42.6483 -29.2106 0,43.3751 -29.2106 0,43.8409 -29.4774 0,43.8588 -29.5043 0,43.8856 -29.5222 0,43.9172 -29.5285 0,43.2548 -28.8582 -1.09274e-17,45.0885 -30.6692 -5.46369e-17,43.9757 -29.5043 0,43.9489 -29.5222 0,44.9704 -30.4921 -5.46369e-17,44.055 -29.56 -1.36592e-18,43.2037 -28.6614 -1.09274e-17,42.3818 -27.8346 0,42.5983 -29.2606 0,43.9999 -29.4458 -6.82961e-19,43.8346 -29.4458 -1.36592e-18,43.9936 -29.4774 0,45.2263 -30.6692 -5.46369e-17,43.5186 -28.8582 -1.09274e-17,43.2548 -28.6614 -1.09274e-17,45.3444 -30.6692 -5.46369e-17,45.3995 -31.0629 -1.09274e-17,43.5698 -28.8582 -1.09274e-17,45.2263 -30.4921 -5.46369e-17,45.0885 -30.4921 -5.46369e-17,43.2031 -28.4405 0,43.2818 -28.4405 0,43.5186 -28.6614 -1.09274e-17,43.2031 -28.2594 0,43.2818 -28.2594 0,43.518 -28.4405 0,43.5698 -28.6614 -1.09274e-17,45.7094 -30.5968 0,45.3444 -30.4921 -5.46369e-17,43.5968 -28.4405 0,46.7716 -31.6082 0,45.3995 -31.2598 -1.09274e-17,45.7094 -30.518 0,43.518 -28.2594 0,46.0826 -30.7736 -1.09274e-17,45.8905 -30.5968 0,43.5968 -28.2594 0,46.0826 -30.7224 -1.09274e-17,45.7094 -30.2818 0,45.8905 -30.518 0,46.2794 -30.7736 -1.09274e-17,45.7094 -30.2031 0,44.4586 -28.9173 -5.46369e-17,44.055 -29.4458 -1.36592e-18,45.8905 -30.2818 0,46.7716 -31.1476 0,46.0826 -30.4586 -1.09274e-17,46.2794 -30.7224 -1.09274e-17,44.5767 -28.9173 -5.46369e-17,46.0826 -30.4074 -1.09274e-17,45.8905 -30.2031 0,44.4586 -28.7401 -5.46369e-17,44.7145 -28.9173 -5.46369e-17,46.7066 -30.9054 -1.09274e-17,46.2794 -30.4586 -1.09274e-17,46.7578 -30.9054 -1.09274e-17,46.929 -31.1476 0,44.8326 -28.9173 -5.46369e-17,44.2853 -28.3562 -1.09274e-17,44.7145 -28.7401 -5.46369e-17,44.5767 -28.7401 -5.46369e-17,44.3365 -28.3562 -1.09274e-17,46.7066 -30.7086 -1.09274e-17,44.9704 -28.9173 -5.46369e-17,46.0826 -30.0255 -1.09274e-17,46.0826 -29.9743 -1.09274e-17,47.0216 -30.9054 -1.09274e-17,46.7578 -30.7086 -1.09274e-17,44.2853 -28.1594 -1.09274e-17,47.0727 -30.9054 -1.09274e-17,45.0885 -28.9173 -5.46369e-17,46.7066 -30.5117 -1.09274e-17,46.2794 -30.4074 -1.09274e-17,44.9704 -28.7401 -5.46369e-17,44.8326 -28.7401 -5.46369e-17,44.6003 -28.3562 -1.09274e-17,46.7578 -30.5117 -1.09274e-17,47.4015 -31.1476 0,46.929 -31.6082 0,47.4015 -31.6082 0,46.2794 -30.0255 -1.09274e-17,44.6515 -28.3562 -1.09274e-17,45.2263 -28.9173 -5.46369e-17,47.0216 -30.7086 -1.09274e-17,46.0826 -29.7106 -1.09274e-17,46.7066 -30.3149 -1.09274e-17,46.0826 -29.6594 -1.09274e-17,45.3444 -28.9173 -5.46369e-17,44.6003 -28.1594 -1.09274e-17,44.3365 -28.1594 -1.09274e-17,46.4842 -29.9999 0,46.2794 -29.9743 -1.09274e-17,45.2263 -28.7401 -5.46369e-17,45.0885 -28.7401 -5.46369e-17,47.0216 -30.5117 -1.09274e-17,47.0727 -30.5117 -1.09274e-17,47.0727 -30.7086 -1.09274e-17,46.4842 -29.9212 0,46.2794 -29.7106 -1.09274e-17,46.6653 -29.9999 0,46.7578 -30.3149 -1.09274e-17,45.0196 -28.3484 0,47.4605 -30.7551 0,47.5105 -30.8051 0,47.559 -31.1476 0,47.0216 -30.3149 -1.09274e-17,48.4999 -31.7716 0,47.559 -31.6082 0,46.6653 -29.9212 0,45.0983 -28.3484 0,47.0727 -30.3149 -1.09274e-17,46.4842 -29.685 0,46.2794 -29.6594 -1.09274e-17,46.0826 -29.2696 -1.09274e-17,45.0196 -28.1673 0,44.6515 -28.1594 -1.09274e-17,46.0826 -29.2184 -1.09274e-17,46.4842 -29.6062 0,46.6653 -29.685 0,45.3346 -28.3484 0,45.3444 -28.7401 -5.46369e-17,46.2794 -29.2696 -1.09274e-17,45.4133 -28.3484 0,47.4605 -30.3551 0,46.0826 -28.9547 -1.09274e-17,45.3346 -28.1673 0,45.0983 -28.1673 0,46.0826 -28.9035 -1.09274e-17,47.4605 -30.2551 0,47.5105 -30.3051 0,46.2794 -28.9547 -1.09274e-17,46.2794 -29.2184 -1.09274e-17,48.2373 -30.8051 0,48.2873 -30.7551 0,46.6594 -29.1141 0,46.6653 -29.6062 0,45.9251 -28.3385 0,45.4133 -28.1673 0,47.4605 -29.8551 0,46.0038 -28.3385 0,46.6594 -28.9566 0,46.2794 -28.9035 -1.09274e-17,47.4605 -29.7551 0,47.5105 -29.8051 0,45.9251 -28.1574 0,46.2401 -28.3385 0,48.2873 -30.3551 0,46.3188 -28.3385 0,47.12 -29.1141 0,48.2873 -30.2551 0,48.2373 -30.3051 0,46.2401 -28.1574 0,46.0038 -28.1574 0,47.4605 -29.3551 0,46.6594 -28.4842 0,47.4605 -29.2551 0,47.5105 -29.3051 0,46.6594 -28.3267 0,46.3188 -28.1574 0,48.2873 -29.7551 0,48.2373 -29.8051 0,48.2873 -29.8551 0,47.4605 -28.8551 0,47.12 -28.9566 0,47.12 -28.4842 0,47.5105 -28.8051 0,47.12 -28.3267 0,48.2873 -29.2551 0,48.2373 -29.3051 0,48.2873 -29.3551 0,47.559 -28.4527 0,47.6771 -28.4527 0,47.559 -28.1614 0,48.0708 -28.4527 0,48.2373 -28.8051 0,48.1889 -28.4527 0,48.2873 -28.8551 0,48.0708 -28.1614 0,47.6771 -28.1614 0,48.4999 -27.8346 0,48.1889 -28.1614 0]
}}
appearance Appearance{material Material{diffuseColor 0.2 0.6 0.4
transparency 0}}}
Shape { geometry IndexedFaceSet 
{ creaseAngle 1.00 coordIndex [0,1,2,-1,2,3,0,-1,1,4,2,-1,2,5,3,-1,4,6,2,-1,2,7,5,-1,6,8,2,-1,8,9,2,-1,9,10,2,-1,11,12,13,-1,12,14,13,-1,15,16,11,-1,11,16,12,-1,17,18,19,-1,13,18,17,-1,14,18,13,-1,7,20,15,-1,15,20,16,-1,18,21,19,-1,22,23,24,-1,19,23,22,-1,21,23,19,-1,23,25,24,-1,24,26,27,-1,25,26,24,-1,27,28,29,-1,26,28,27,-1,29,30,31,-1,28,30,29,-1,7,32,20,-1,2,32,7,-1,33,32,34,-1,35,32,33,-1,36,32,35,-1,37,32,36,-1,38,32,37,-1,39,32,38,-1,40,32,39,-1,41,32,40,-1,20,32,41,-1,2,42,43,-1,42,44,43,-1,2,45,42,-1,10,45,2,-1,44,46,43,-1,10,47,45,-1,48,47,10,-1,46,49,43,-1,31,50,48,-1,48,50,47,-1,49,51,43,-1,51,52,43,-1,52,53,43,-1,53,54,43,-1,54,55,43,-1,56,57,58,-1,59,57,56,-1,57,60,58,-1,50,61,59,-1,59,61,57,-1,62,63,64,-1,58,63,62,-1,60,63,58,-1,31,65,50,-1,50,65,61,-1,63,66,64,-1,31,67,65,-1,66,68,64,-1,64,68,69,-1,69,70,71,-1,68,70,69,-1,71,72,73,-1,70,72,71,-1,74,75,55,-1,73,75,74,-1,72,75,73,-1,55,76,43,-1,75,76,55,-1,77,78,79,-1,80,78,77,-1,81,78,80,-1,82,83,80,-1,80,83,81,-1,78,84,79,-1,30,85,31,-1,67,85,82,-1,31,85,67,-1,82,85,83,-1,79,86,87,-1,84,86,79,-1,30,88,85,-1,86,89,87,-1,87,89,90,-1,89,91,90,-1,90,91,92,-1,91,93,92,-1,94,93,95,-1,92,93,94,-1,93,96,95,-1,76,97,43,-1,95,97,76,-1,96,97,95,-1,98,99,100,-1,99,101,100,-1,100,101,102,-1,98,103,99,-1,104,103,98,-1,101,105,102,-1,102,105,106,-1,104,107,103,-1,30,107,88,-1,108,107,30,-1,88,107,104,-1,105,109,106,-1,108,110,107,-1,34,110,108,-1,109,111,106,-1,106,111,112,-1,34,113,110,-1,32,113,34,-1,111,114,112,-1,115,114,116,-1,112,114,115,-1,32,117,113,-1,114,118,116,-1,116,118,119,-1,118,120,119,-1,119,120,97,-1,120,121,97,-1,122,123,121,-1,124,123,122,-1,125,123,124,-1,126,123,125,-1,127,123,126,-1,128,123,127,-1,129,123,128,-1,117,123,129,-1,97,123,43,-1,32,123,117,-1,121,123,97,-1]
coord Coordinate { point [42.9251 -30.0409 -0.62677,42.9527 -30.0629 -0.62677,42.3818 -31.7716 -0.62677,42.9053 -30.0118 -0.62677,42.9854 -30.0757 -0.62677,42.8949 -29.9782 -0.62677,43.0206 -30.0783 -0.62677,42.8949 -29.943 -0.62677,43.0549 -30.0705 -0.62677,43.0854 -30.0529 -0.62677,43.1093 -30.0271 -0.62677,42.9251 -29.8802 -0.62677,42.9251 -29.5409 -0.62677,42.9527 -29.8583 -0.62677,42.9527 -29.5629 -0.62677,42.9053 -29.9093 -0.62677,42.9053 -29.5118 -0.62677,42.9854 -29.8454 -0.62677,42.9854 -29.5757 -0.62677,43.0206 -29.8428 -0.62677,42.8949 -29.4782 -0.62677,43.0206 -29.5784 -0.62677,43.0549 -29.8506 -0.62677,43.0549 -29.5705 -0.62677,43.0854 -29.8682 -0.62677,43.0854 -29.5529 -0.62677,43.1093 -29.5271 -0.62677,43.1093 -29.894 -0.62677,43.1246 -29.4954 -0.62677,43.1246 -29.9258 -0.62677,43.1298 -29.4606 -0.62677,43.1298 -29.9606 -0.62677,42.3818 -27.8346 -0.62677,43.0854 -29.3682 -0.62677,43.1093 -29.394 -0.62677,43.0549 -29.3506 -0.62677,43.0206 -29.3428 -0.62677,42.9854 -29.3454 -0.62677,42.9527 -29.3583 -0.62677,42.9251 -29.3802 -0.62677,42.9053 -29.4093 -0.62677,42.8949 -29.443 -0.62677,47.7873 -30.6354 -0.62677,48.4999 -31.7716 -0.62677,47.8149 -30.6573 -0.62677,47.7675 -30.6063 -0.62677,47.8476 -30.6702 -0.62677,47.7571 -30.5727 -0.62677,43.1246 -29.9954 -0.62677,47.8827 -30.6728 -0.62677,47.7571 -30.5375 -0.62677,47.9171 -30.665 -0.62677,47.9476 -30.6474 -0.62677,47.9715 -30.6216 -0.62677,47.9868 -30.5899 -0.62677,47.992 -30.5551 -0.62677,47.7873 -30.4747 -0.62677,47.7873 -30.1354 -0.62677,47.8149 -30.4528 -0.62677,47.7675 -30.5038 -0.62677,47.8149 -30.1573 -0.62677,47.7675 -30.1063 -0.62677,47.8476 -30.4399 -0.62677,47.8476 -30.1702 -0.62677,47.8827 -30.4373 -0.62677,47.7571 -30.0727 -0.62677,47.8827 -30.1728 -0.62677,47.7571 -30.0375 -0.62677,47.9171 -30.165 -0.62677,47.9171 -30.4451 -0.62677,47.9476 -30.1474 -0.62677,47.9476 -30.4627 -0.62677,47.9715 -30.1216 -0.62677,47.9715 -30.4885 -0.62677,47.9868 -30.5202 -0.62677,47.9868 -30.0899 -0.62677,47.992 -30.0551 -0.62677,47.8149 -29.9528 -0.62677,47.8149 -29.6573 -0.62677,47.8476 -29.9399 -0.62677,47.7873 -29.9747 -0.62677,47.7873 -29.6354 -0.62677,47.7675 -30.0038 -0.62677,47.7675 -29.6063 -0.62677,47.8476 -29.6702 -0.62677,47.7571 -29.5727 -0.62677,47.8827 -29.6728 -0.62677,47.8827 -29.9373 -0.62677,47.7571 -29.5375 -0.62677,47.9171 -29.665 -0.62677,47.9171 -29.9451 -0.62677,47.9476 -29.6474 -0.62677,47.9476 -29.9627 -0.62677,47.9715 -29.6216 -0.62677,47.9715 -29.9885 -0.62677,47.9868 -30.0202 -0.62677,47.9868 -29.5899 -0.62677,47.992 -29.5551 -0.62677,47.7873 -29.4747 -0.62677,47.7873 -29.1354 -0.62677,47.8149 -29.4528 -0.62677,47.8149 -29.1573 -0.62677,47.8476 -29.4399 -0.62677,47.7675 -29.1063 -0.62677,47.7675 -29.5038 -0.62677,47.8476 -29.1702 -0.62677,47.8827 -29.4373 -0.62677,47.7571 -29.0727 -0.62677,43.1246 -29.4258 -0.62677,47.8827 -29.1728 -0.62677,47.7571 -29.0375 -0.62677,47.9171 -29.165 -0.62677,47.9171 -29.4451 -0.62677,47.7675 -29.0038 -0.62677,47.9476 -29.1474 -0.62677,47.9476 -29.4627 -0.62677,47.9715 -29.4885 -0.62677,47.7873 -28.9747 -0.62677,47.9715 -29.1216 -0.62677,47.9868 -29.5202 -0.62677,47.9868 -29.0899 -0.62677,47.992 -29.0551 -0.62677,47.9868 -29.0202 -0.62677,48.4999 -27.8346 -0.62677,47.9715 -28.9885 -0.62677,47.9476 -28.9627 -0.62677,47.9171 -28.9451 -0.62677,47.8827 -28.9373 -0.62677,47.8476 -28.9399 -0.62677,47.8149 -28.9528 -0.62677]
}}
appearance Appearance{material Material{diffuseColor 0.2 0.6 0.4
transparency 0}}}
Shape { geometry IndexedFaceSet 
{ creaseAngle 1.00 coordIndex [0,1,2,-1,0,2,3,-1]
coord Coordinate { point [48.4999 -27.8346 0,48.4999 -31.7716 0,48.4999 -31.7716 -0.62677,48.4999 -27.8346 -0.62677]
}}
appearance Appearance{material Material{diffuseColor 0.2 0.6 0.4
transparency 0}}}
Shape { geometry IndexedFaceSet 
{ creaseAngle 1.00 coordIndex [0,1,2,-1,0,3,1,-1,4,2,5,-1,4,0,2,-1,6,5,7,-1,6,4,5,-1]
coord Coordinate { point [43.2928 -31.1473 0.003937,43.2141 -31.1484 0.007874,43.2141 -31.1473 0.003937,43.2928 -31.1484 0.007874,43.2928 -31.1444 0.00105492,43.2141 -31.1444 0.00105492,43.2928 -31.1405 0,43.2141 -31.1405 0]
}}
appearance Appearance{material USE PIN-01 }}
Shape { geometry IndexedFaceSet 
{ creaseAngle 1.00 coordIndex [0,1,2,-1,3,4,5,-1,3,2,4,-1,3,0,2,-1,6,3,5,-1,7,1,0,-1,8,9,1,-1,8,1,7,-1,10,5,11,-1,10,6,5,-1,12,13,9,-1,12,9,8,-1,14,11,15,-1,14,10,11,-1,16,12,17,-1,16,13,12,-1,18,15,19,-1,18,14,15,-1,20,17,21,-1,20,16,17,-1,22,23,18,-1,22,18,19,-1,24,25,26,-1,27,28,29,-1,27,29,23,-1,27,23,22,-1,30,26,28,-1,30,28,27,-1,31,24,26,-1,31,26,30,-1,24,20,21,-1,24,21,25,-1]
coord Coordinate { point [43.2928 -30.9633 0.00892892,43.2928 -30.9594 0,43.2928 -30.9554 0.00105492,43.2928 -30.9604 0.011811,43.2928 -30.9526 0.003937,43.2928 -30.9515 0.007874,43.2928 -30.9594 0.015748,43.2928 -30.9673 0.007874,43.2928 -31.1326 0.007874,43.2928 -31.1405 0,43.2928 -30.9594 0.181102,43.2928 -30.9515 0.188976,43.2928 -31.1366 0.00892892,43.2928 -31.1444 0.00105492,43.2928 -30.9604 0.185039,43.2928 -30.9526 0.192913,43.2928 -31.1473 0.003937,43.2928 -31.1394 0.011811,43.2928 -30.9633 0.187921,43.2928 -30.9554 0.195795,43.2928 -31.1484 0.007874,43.2928 -31.1405 0.015748,43.2928 -30.9594 0.19685,43.2928 -30.9673 0.188976,43.2928 -31.1484 0.188976,43.2928 -31.1405 0.181102,43.2928 -31.1394 0.185039,43.2928 -31.1405 0.19685,43.2928 -31.1366 0.187921,43.2928 -31.1326 0.188976,43.2928 -31.1444 0.195795,43.2928 -31.1473 0.192913]
}}
appearance Appearance{material USE PIN-01 }}
Shape { geometry IndexedFaceSet 
{ creaseAngle 1.00 coordIndex [0,1,2,-1,0,2,3,-1,4,3,5,-1,4,0,3,-1,6,5,7,-1,6,4,5,-1]
coord Coordinate { point [43.2928 -30.9554 0.00105492,43.2928 -30.9594 0,43.2141 -30.9594 0,43.2141 -30.9554 0.00105492,43.2928 -30.9526 0.003937,43.2141 -30.9526 0.003937,43.2928 -30.9515 0.007874,43.2141 -30.9515 0.007874]
}}
appearance Appearance{material USE PIN-01 }}
Shape { geometry IndexedFaceSet 
{ creaseAngle 1.00 coordIndex [0,1,2,-1,3,1,0,-1,4,5,6,-1,6,5,7,-1,8,9,10,-1,10,9,11,-1,12,13,5,-1,7,13,1,-1,2,13,8,-1,1,13,2,-1,8,13,9,-1,5,13,7,-1,13,14,15,-1,12,14,13,-1]
coord Coordinate { point [43.2141 -30.9526 0.003937,43.2141 -30.9594 0,43.2141 -30.9515 0.007874,43.2141 -30.9554 0.00105492,43.2141 -31.1473 0.003937,43.2141 -31.1484 0.007874,43.2141 -31.1444 0.00105492,43.2141 -31.1405 0,43.2141 -30.9515 0.188976,43.2141 -30.9594 0.19685,43.2141 -30.9526 0.192913,43.2141 -30.9554 0.195795,43.2141 -31.1484 0.188976,43.2141 -31.1405 0.19685,43.2141 -31.1473 0.192913,43.2141 -31.1444 0.195795]
}}
appearance Appearance{material USE PIN-01 }}
Shape { geometry IndexedFaceSet 
{ creaseAngle 1.00 coordIndex [0,1,2,-1,0,3,1,-1,4,2,5,-1,4,0,2,-1,6,5,7,-1,6,4,5,-1]
coord Coordinate { point [43.6078 -31.1473 0.003937,43.529 -31.1484 0.007874,43.529 -31.1473 0.003937,43.6078 -31.1484 0.007874,43.6078 -31.1444 0.00105492,43.529 -31.1444 0.00105492,43.6078 -31.1405 0,43.529 -31.1405 0]
}}
appearance Appearance{material USE PIN-01 }}
Shape { geometry IndexedFaceSet 
{ creaseAngle 1.00 coordIndex [0,1,2,-1,0,3,1,-1,4,5,6,-1,4,6,7,-1,8,9,10,-1,8,10,11,-1,12,13,4,-1,12,7,0,-1,12,2,9,-1,12,0,2,-1,12,9,8,-1,12,4,7,-1,14,12,15,-1,14,13,12,-1]
coord Coordinate { point [43.6078 -30.9594 0,43.6078 -30.9526 0.003937,43.6078 -30.9515 0.007874,43.6078 -30.9554 0.00105492,43.6078 -31.1484 0.007874,43.6078 -31.1473 0.003937,43.6078 -31.1444 0.00105492,43.6078 -31.1405 0,43.6078 -30.9594 0.19685,43.6078 -30.9515 0.188976,43.6078 -30.9526 0.192913,43.6078 -30.9554 0.195795,43.6078 -31.1405 0.19685,43.6078 -31.1484 0.188976,43.6078 -31.1473 0.192913,43.6078 -31.1444 0.195795]
}}
appearance Appearance{material USE PIN-01 }}
Shape { geometry IndexedFaceSet 
{ creaseAngle 1.00 coordIndex [0,1,2,-1,0,2,3,-1,4,3,5,-1,4,0,3,-1,6,5,7,-1,6,4,5,-1]
coord Coordinate { point [43.6078 -30.9554 0.00105492,43.6078 -30.9594 0,43.529 -30.9594 0,43.529 -30.9554 0.00105492,43.6078 -30.9526 0.003937,43.529 -30.9526 0.003937,43.6078 -30.9515 0.007874,43.529 -30.9515 0.007874]
}}
appearance Appearance{material USE PIN-01 }}
Shape { geometry IndexedFaceSet 
{ creaseAngle 1.00 coordIndex [0,1,2,-1,3,4,5,-1,2,4,3,-1,1,4,2,-1,4,6,5,-1,0,7,1,-1,8,9,0,-1,0,9,7,-1,5,10,11,-1,6,10,5,-1,12,13,8,-1,8,13,9,-1,11,14,15,-1,10,14,11,-1,13,16,17,-1,12,16,13,-1,15,18,19,-1,14,18,15,-1,17,20,21,-1,16,20,17,-1,22,23,18,-1,18,23,19,-1,24,25,26,-1,27,28,29,-1,29,28,22,-1,22,28,23,-1,26,30,27,-1,27,30,28,-1,25,31,26,-1,26,31,30,-1,20,25,21,-1,21,25,24,-1]
coord Coordinate { point [43.529 -30.9594 0,43.529 -30.9633 0.00892892,43.529 -30.9554 0.00105492,43.529 -30.9526 0.003937,43.529 -30.9604 0.011811,43.529 -30.9515 0.007874,43.529 -30.9594 0.015748,43.529 -30.9673 0.007874,43.529 -31.1405 0,43.529 -31.1326 0.007874,43.529 -30.9594 0.181102,43.529 -30.9515 0.188976,43.529 -31.1444 0.00105492,43.529 -31.1366 0.00892892,43.529 -30.9604 0.185039,43.529 -30.9526 0.192913,43.529 -31.1473 0.003937,43.529 -31.1394 0.011811,43.529 -30.9633 0.187921,43.529 -30.9554 0.195795,43.529 -31.1484 0.007874,43.529 -31.1405 0.015748,43.529 -30.9673 0.188976,43.529 -30.9594 0.19685,43.529 -31.1405 0.181102,43.529 -31.1484 0.188976,43.529 -31.1394 0.185039,43.529 -31.1366 0.187921,43.529 -31.1405 0.19685,43.529 -31.1326 0.188976,43.529 -31.1444 0.195795,43.529 -31.1473 0.192913]
}}
appearance Appearance{material USE PIN-01 }}
Shape { geometry IndexedFaceSet 
{ creaseAngle 1.00 coordIndex [0,1,2,-1,0,3,1,-1,4,2,5,-1,4,0,2,-1,6,5,7,-1,6,4,5,-1]
coord Coordinate { point [44.3503 -31.2587 0.003937,44.2716 -31.2598 0.007874,44.2716 -31.2587 0.003937,44.3503 -31.2598 0.007874,44.3503 -31.2558 0.00105492,44.2716 -31.2558 0.00105492,44.3503 -31.2519 0,44.2716 -31.2519 0]
}}
appearance Appearance{material USE PIN-01 }}
Shape { geometry IndexedFaceSet 
{ creaseAngle 1.00 coordIndex [0,1,2,-1,3,4,5,-1,3,2,4,-1,3,0,2,-1,6,3,5,-1,7,1,0,-1,8,9,1,-1,8,1,7,-1,10,5,11,-1,10,6,5,-1,12,13,9,-1,12,9,8,-1,14,11,15,-1,14,10,11,-1,16,12,17,-1,16,13,12,-1,18,15,19,-1,18,14,15,-1,20,17,21,-1,20,16,17,-1,22,23,18,-1,22,18,19,-1,24,25,26,-1,27,28,29,-1,27,29,23,-1,27,23,22,-1,30,26,28,-1,30,28,27,-1,31,24,26,-1,31,26,30,-1,24,20,21,-1,24,21,25,-1]
coord Coordinate { point [44.3503 -31.0747 0.00892892,44.3503 -31.0708 0,44.3503 -31.0669 0.00105492,44.3503 -31.0719 0.011811,44.3503 -31.064 0.003937,44.3503 -31.0629 0.007874,44.3503 -31.0708 0.015748,44.3503 -31.0787 0.007874,44.3503 -31.244 0.007874,44.3503 -31.2519 0,44.3503 -31.0708 0.181102,44.3503 -31.0629 0.188976,44.3503 -31.248 0.00892892,44.3503 -31.2558 0.00105492,44.3503 -31.0719 0.185039,44.3503 -31.064 0.192913,44.3503 -31.2587 0.003937,44.3503 -31.2509 0.011811,44.3503 -31.0747 0.187921,44.3503 -31.0669 0.195795,44.3503 -31.2598 0.007874,44.3503 -31.2519 0.015748,44.3503 -31.0708 0.19685,44.3503 -31.0787 0.188976,44.3503 -31.2598 0.188976,44.3503 -31.2519 0.181102,44.3503 -31.2509 0.185039,44.3503 -31.2519 0.19685,44.3503 -31.248 0.187921,44.3503 -31.244 0.188976,44.3503 -31.2558 0.195795,44.3503 -31.2587 0.192913]
}}
appearance Appearance{material USE PIN-01 }}
Shape { geometry IndexedFaceSet 
{ creaseAngle 1.00 coordIndex [0,1,2,-1,0,2,3,-1,4,3,5,-1,4,0,3,-1,6,5,7,-1,6,4,5,-1]
coord Coordinate { point [44.3503 -31.0669 0.00105492,44.3503 -31.0708 0,44.2716 -31.0708 0,44.2716 -31.0669 0.00105492,44.3503 -31.064 0.003937,44.2716 -31.064 0.003937,44.3503 -31.0629 0.007874,44.2716 -31.0629 0.007874]
}}
appearance Appearance{material USE PIN-01 }}
Shape { geometry IndexedFaceSet 
{ creaseAngle 1.00 coordIndex [0,1,2,-1,3,1,0,-1,4,5,6,-1,6,5,7,-1,8,9,10,-1,10,9,11,-1,12,13,5,-1,7,13,1,-1,2,13,8,-1,1,13,2,-1,8,13,9,-1,5,13,7,-1,13,14,15,-1,12,14,13,-1]
coord Coordinate { point [44.2716 -31.064 0.003937,44.2716 -31.0708 0,44.2716 -31.0629 0.007874,44.2716 -31.0669 0.00105492,44.2716 -31.2587 0.003937,44.2716 -31.2598 0.007874,44.2716 -31.2558 0.00105492,44.2716 -31.2519 0,44.2716 -31.0629 0.188976,44.2716 -31.0708 0.19685,44.2716 -31.064 0.192913,44.2716 -31.0669 0.195795,44.2716 -31.2598 0.188976,44.2716 -31.2519 0.19685,44.2716 -31.2587 0.192913,44.2716 -31.2558 0.195795]
}}
appearance Appearance{material USE PIN-01 }}
Shape { geometry IndexedFaceSet 
{ creaseAngle 1.00 coordIndex [0,1,2,-1,0,3,1,-1,4,2,5,-1,4,0,2,-1,6,5,7,-1,6,4,5,-1]
coord Coordinate { point [44.6653 -31.2587 0.003937,44.5865 -31.2598 0.007874,44.5865 -31.2587 0.003937,44.6653 -31.2598 0.007874,44.6653 -31.2558 0.00105492,44.5865 -31.2558 0.00105492,44.6653 -31.2519 0,44.5865 -31.2519 0]
}}
appearance Appearance{material USE PIN-01 }}
Shape { geometry IndexedFaceSet 
{ creaseAngle 1.00 coordIndex [0,1,2,-1,0,3,1,-1,4,5,6,-1,4,6,7,-1,8,9,10,-1,8,10,11,-1,12,13,4,-1,12,7,0,-1,12,2,9,-1,12,0,2,-1,12,9,8,-1,12,4,7,-1,14,12,15,-1,14,13,12,-1]
coord Coordinate { point [44.6653 -31.0708 0,44.6653 -31.064 0.003937,44.6653 -31.0629 0.007874,44.6653 -31.0669 0.00105492,44.6653 -31.2598 0.007874,44.6653 -31.2587 0.003937,44.6653 -31.2558 0.00105492,44.6653 -31.2519 0,44.6653 -31.0708 0.19685,44.6653 -31.0629 0.188976,44.6653 -31.064 0.192913,44.6653 -31.0669 0.195795,44.6653 -31.2519 0.19685,44.6653 -31.2598 0.188976,44.6653 -31.2587 0.192913,44.6653 -31.2558 0.195795]
}}
appearance Appearance{material USE PIN-01 }}
Shape { geometry IndexedFaceSet 
{ creaseAngle 1.00 coordIndex [0,1,2,-1,0,2,3,-1,4,3,5,-1,4,0,3,-1,6,5,7,-1,6,4,5,-1]
coord Coordinate { point [44.6653 -31.0669 0.00105492,44.6653 -31.0708 0,44.5865 -31.0708 0,44.5865 -31.0669 0.00105492,44.6653 -31.064 0.003937,44.5865 -31.064 0.003937,44.6653 -31.0629 0.007874,44.5865 -31.0629 0.007874]
}}
appearance Appearance{material USE PIN-01 }}
Shape { geometry IndexedFaceSet 
{ creaseAngle 1.00 coordIndex [0,1,2,-1,3,4,5,-1,2,4,3,-1,1,4,2,-1,4,6,5,-1,0,7,1,-1,8,9,0,-1,0,9,7,-1,5,10,11,-1,6,10,5,-1,12,13,8,-1,8,13,9,-1,11,14,15,-1,10,14,11,-1,13,16,17,-1,12,16,13,-1,15,18,19,-1,14,18,15,-1,17,20,21,-1,16,20,17,-1,22,23,18,-1,18,23,19,-1,24,25,26,-1,27,28,29,-1,29,28,22,-1,22,28,23,-1,26,30,27,-1,27,30,28,-1,25,31,26,-1,26,31,30,-1,20,25,21,-1,21,25,24,-1]
coord Coordinate { point [44.5865 -31.0708 0,44.5865 -31.0747 0.00892892,44.5865 -31.0669 0.00105492,44.5865 -31.064 0.003937,44.5865 -31.0719 0.011811,44.5865 -31.0629 0.007874,44.5865 -31.0708 0.015748,44.5865 -31.0787 0.007874,44.5865 -31.2519 0,44.5865 -31.244 0.007874,44.5865 -31.0708 0.181102,44.5865 -31.0629 0.188976,44.5865 -31.2558 0.00105492,44.5865 -31.248 0.00892892,44.5865 -31.0719 0.185039,44.5865 -31.064 0.192913,44.5865 -31.2587 0.003937,44.5865 -31.2509 0.011811,44.5865 -31.0747 0.187921,44.5865 -31.0669 0.195795,44.5865 -31.2598 0.007874,44.5865 -31.2519 0.015748,44.5865 -31.0787 0.188976,44.5865 -31.0708 0.19685,44.5865 -31.2519 0.181102,44.5865 -31.2598 0.188976,44.5865 -31.2509 0.185039,44.5865 -31.248 0.187921,44.5865 -31.2519 0.19685,44.5865 -31.244 0.188976,44.5865 -31.2558 0.195795,44.5865 -31.2587 0.192913]
}}
appearance Appearance{material USE PIN-01 }}
Shape { geometry IndexedFaceSet 
{ creaseAngle 1.00 coordIndex [0,1,2,-1,3,1,0,-1,4,1,3,-1,4,5,1,-1,6,7,8,-1,8,7,5,-1,5,7,1,-1,2,9,10,-1,10,9,11,-1,1,9,2,-1,9,12,11,-1,9,13,12,-1,9,14,13,-1,9,15,14,-1,14,16,17,-1,15,16,14,-1]
coord Coordinate { point [45.0214 -31.2598 0.00688975,45.0334 -31.2598 0.0137795,45.0196 -31.2598 0.0137795,45.0265 -31.2598 0.0018461,45.0334 -31.2598 -1.09274e-17,45.0846 -31.2598 -1.09274e-17,45.0965 -31.2598 0.00688975,45.0983 -31.2598 0.0137795,45.0914 -31.2598 0.0018461,45.0334 -31.2598 0.124016,45.0196 -31.2598 0.124016,45.0214 -31.2598 0.130905,45.0265 -31.2598 0.135949,45.0334 -31.2598 0.137795,45.0846 -31.2598 0.137795,45.0983 -31.2598 0.124016,45.0965 -31.2598 0.130905,45.0914 -31.2598 0.135949]
}}
appearance Appearance{material USE PIN-01 }}
Shape { geometry IndexedFaceSet 
{ creaseAngle 1.00 coordIndex [0,1,2,-1,0,3,1,-1,4,2,5,-1,4,0,2,-1,6,5,7,-1,6,4,5,-1]
coord Coordinate { point [45.0965 -31.0629 0.00688975,45.0983 -31.2598 0.0137795,45.0965 -31.2598 0.00688975,45.0983 -31.0629 0.0137795,45.0914 -31.0629 0.0018461,45.0914 -31.2598 0.0018461,45.0846 -31.0629 -1.09274e-17,45.0846 -31.2598 -1.09274e-17]
}}
appearance Appearance{material USE PIN-01 }}
Shape { geometry IndexedFaceSet 
{ creaseAngle 1.00 coordIndex [0,1,2,-1,0,3,1,-1,0,4,3,-1,5,4,0,-1,6,7,8,-1,6,8,5,-1,6,5,0,-1,9,2,10,-1,9,10,11,-1,9,0,2,-1,12,9,11,-1,13,9,12,-1,14,9,13,-1,15,9,14,-1,16,14,17,-1,16,15,14,-1]
coord Coordinate { point [45.0334 -31.0629 0.0137795,45.0214 -31.0629 0.00688975,45.0196 -31.0629 0.0137795,45.0265 -31.0629 0.0018461,45.0334 -31.0629 -1.09274e-17,45.0846 -31.0629 -1.09274e-17,45.0983 -31.0629 0.0137795,45.0965 -31.0629 0.00688975,45.0914 -31.0629 0.0018461,45.0334 -31.0629 0.124016,45.0196 -31.0629 0.124016,45.0214 -31.0629 0.130905,45.0265 -31.0629 0.135949,45.0334 -31.0629 0.137795,45.0846 -31.0629 0.137795,45.0983 -31.0629 0.124016,45.0965 -31.0629 0.130905,45.0914 -31.0629 0.135949]
}}
appearance Appearance{material USE PIN-01 }}
Shape { geometry IndexedFaceSet 
{ creaseAngle 1.00 coordIndex [0,1,2,-1,0,2,3,-1,4,3,5,-1,4,0,3,-1,6,5,7,-1,6,4,5,-1]
coord Coordinate { point [45.0265 -31.0629 0.0018461,45.0334 -31.0629 -1.09274e-17,45.0334 -31.2598 -1.09274e-17,45.0265 -31.2598 0.0018461,45.0214 -31.0629 0.00688975,45.0214 -31.2598 0.00688975,45.0196 -31.0629 0.0137795,45.0196 -31.2598 0.0137795]
}}
appearance Appearance{material USE PIN-01 }}
Shape { geometry IndexedFaceSet 
{ creaseAngle 1.00 coordIndex [0,1,2,-1,3,1,0,-1,4,5,1,-1,6,5,4,-1,1,5,2,-1,6,7,5,-1,7,8,5,-1,9,10,11,-1,11,10,12,-1,9,13,10,-1,13,14,10,-1,5,15,13,-1,8,15,5,-1,13,16,14,-1,15,17,13,-1,13,17,16,-1]
coord Coordinate { point [45.3364 -31.2598 0.00688975,45.3483 -31.2598 -1.09274e-17,45.3346 -31.2598 0.0137795,45.3414 -31.2598 0.0018461,45.3995 -31.2598 -1.09274e-17,45.3995 -31.2598 0.0137795,45.4064 -31.2598 0.0018461,45.4114 -31.2598 0.00688975,45.4133 -31.2598 0.0137795,45.3346 -31.2598 0.124016,45.3483 -31.2598 0.137795,45.3364 -31.2598 0.130905,45.3414 -31.2598 0.135949,45.3995 -31.2598 0.124016,45.3995 -31.2598 0.137795,45.4133 -31.2598 0.124016,45.4064 -31.2598 0.135949,45.4114 -31.2598 0.130905]
}}
appearance Appearance{material USE PIN-01 }}
Shape { geometry IndexedFaceSet 
{ creaseAngle 1.00 coordIndex [0,1,2,-1,0,3,1,-1,4,2,5,-1,4,0,2,-1,6,5,7,-1,6,4,5,-1]
coord Coordinate { point [45.4114 -31.0629 0.00688975,45.4133 -31.2598 0.0137795,45.4114 -31.2598 0.00688975,45.4133 -31.0629 0.0137795,45.4064 -31.0629 0.0018461,45.4064 -31.2598 0.0018461,45.3995 -31.0629 -1.09274e-17,45.3995 -31.2598 -1.09274e-17]
}}
appearance Appearance{material USE PIN-01 }}
Shape { geometry IndexedFaceSet 
{ creaseAngle 1.00 coordIndex [0,1,2,-1,0,3,1,-1,4,5,0,-1,4,6,5,-1,4,0,2,-1,7,6,4,-1,8,7,4,-1,9,10,11,-1,9,11,12,-1,13,10,9,-1,14,13,9,-1,15,4,13,-1,15,8,4,-1,16,13,14,-1,17,15,13,-1,17,13,16,-1]
coord Coordinate { point [45.3483 -31.0629 -1.09274e-17,45.3364 -31.0629 0.00688975,45.3346 -31.0629 0.0137795,45.3414 -31.0629 0.0018461,45.3995 -31.0629 0.0137795,45.3995 -31.0629 -1.09274e-17,45.4064 -31.0629 0.0018461,45.4114 -31.0629 0.00688975,45.4133 -31.0629 0.0137795,45.3483 -31.0629 0.137795,45.3346 -31.0629 0.124016,45.3364 -31.0629 0.130905,45.3414 -31.0629 0.135949,45.3995 -31.0629 0.124016,45.3995 -31.0629 0.137795,45.4133 -31.0629 0.124016,45.4064 -31.0629 0.135949,45.4114 -31.0629 0.130905]
}}
appearance Appearance{material USE PIN-01 }}
Shape { geometry IndexedFaceSet 
{ creaseAngle 1.00 coordIndex [0,1,2,-1,0,2,3,-1,4,3,5,-1,4,0,3,-1,6,5,7,-1,6,4,5,-1]
coord Coordinate { point [45.3414 -31.0629 0.0018461,45.3483 -31.0629 -1.09274e-17,45.3483 -31.2598 -1.09274e-17,45.3414 -31.2598 0.0018461,45.3364 -31.0629 0.00688975,45.3364 -31.2598 0.00688975,45.3346 -31.0629 0.0137795,45.3346 -31.2598 0.0137795]
}}
appearance Appearance{material USE PIN-01 }}
Shape { geometry IndexedFaceSet 
{ creaseAngle 1.00 coordIndex [0,1,2,-1,3,1,0,-1,4,1,3,-1,4,5,1,-1,6,7,8,-1,8,7,5,-1,5,7,1,-1,2,9,10,-1,10,9,11,-1,1,9,2,-1,9,12,11,-1,9,13,12,-1,9,14,13,-1,9,15,14,-1,14,16,17,-1,15,16,14,-1]
coord Coordinate { point [43.2212 -30.7381 0.00688975,43.2332 -30.7381 0.0137795,43.2194 -30.7381 0.0137795,43.2263 -30.7381 0.0018461,43.2332 -30.7381 -1.09274e-17,43.2844 -30.7381 -1.09274e-17,43.2963 -30.7381 0.00688975,43.2981 -30.7381 0.0137795,43.2913 -30.7381 0.0018461,43.2332 -30.7381 0.124016,43.2194 -30.7381 0.124016,43.2212 -30.7381 0.130905,43.2263 -30.7381 0.135949,43.2332 -30.7381 0.137795,43.2844 -30.7381 0.137795,43.2981 -30.7381 0.124016,43.2963 -30.7381 0.130905,43.2913 -30.7381 0.135949]
}}
appearance Appearance{material USE PIN-01 }}
Shape { geometry IndexedFaceSet 
{ creaseAngle 1.00 coordIndex [0,1,2,-1,0,3,1,-1,4,2,5,-1,4,0,2,-1,6,5,7,-1,6,4,5,-1]
coord Coordinate { point [43.2963 -30.5413 0.00688975,43.2981 -30.7381 0.0137795,43.2963 -30.7381 0.00688975,43.2981 -30.5413 0.0137795,43.2913 -30.5413 0.0018461,43.2913 -30.7381 0.0018461,43.2844 -30.5413 -1.09274e-17,43.2844 -30.7381 -1.09274e-17]
}}
appearance Appearance{material USE PIN-01 }}
Shape { geometry IndexedFaceSet 
{ creaseAngle 1.00 coordIndex [0,1,2,-1,0,3,1,-1,0,4,3,-1,5,4,0,-1,6,7,8,-1,6,8,5,-1,6,5,0,-1,9,2,10,-1,9,10,11,-1,9,0,2,-1,12,9,11,-1,13,9,12,-1,14,9,13,-1,15,9,14,-1,16,14,17,-1,16,15,14,-1]
coord Coordinate { point [43.2332 -30.5413 0.0137795,43.2212 -30.5413 0.00688975,43.2194 -30.5413 0.0137795,43.2263 -30.5413 0.0018461,43.2332 -30.5413 -1.09274e-17,43.2844 -30.5413 -1.09274e-17,43.2981 -30.5413 0.0137795,43.2963 -30.5413 0.00688975,43.2913 -30.5413 0.0018461,43.2332 -30.5413 0.124016,43.2194 -30.5413 0.124016,43.2212 -30.5413 0.130905,43.2263 -30.5413 0.135949,43.2332 -30.5413 0.137795,43.2844 -30.5413 0.137795,43.2981 -30.5413 0.124016,43.2963 -30.5413 0.130905,43.2913 -30.5413 0.135949]
}}
appearance Appearance{material USE PIN-01 }}
Shape { geometry IndexedFaceSet 
{ creaseAngle 1.00 coordIndex [0,1,2,-1,0,2,3,-1,4,3,5,-1,4,0,3,-1,6,5,7,-1,6,4,5,-1]
coord Coordinate { point [43.2263 -30.5413 0.0018461,43.2332 -30.5413 -1.09274e-17,43.2332 -30.7381 -1.09274e-17,43.2263 -30.7381 0.0018461,43.2212 -30.5413 0.00688975,43.2212 -30.7381 0.00688975,43.2194 -30.5413 0.0137795,43.2194 -30.7381 0.0137795]
}}
appearance Appearance{material USE PIN-01 }}
Shape { geometry IndexedFaceSet 
{ creaseAngle 1.00 coordIndex [0,1,2,-1,3,1,0,-1,4,5,1,-1,6,5,4,-1,1,5,2,-1,6,7,5,-1,7,8,5,-1,9,10,11,-1,11,10,12,-1,9,13,10,-1,13,14,10,-1,5,15,13,-1,8,15,5,-1,13,16,14,-1,15,17,13,-1,13,17,16,-1]
coord Coordinate { point [43.5362 -30.7381 0.00688975,43.5481 -30.7381 -1.09274e-17,43.5344 -30.7381 0.0137795,43.5413 -30.7381 0.0018461,43.5993 -30.7381 -1.09274e-17,43.5993 -30.7381 0.0137795,43.6062 -30.7381 0.0018461,43.6113 -30.7381 0.00688975,43.6131 -30.7381 0.0137795,43.5344 -30.7381 0.124016,43.5481 -30.7381 0.137795,43.5362 -30.7381 0.130905,43.5413 -30.7381 0.135949,43.5993 -30.7381 0.124016,43.5993 -30.7381 0.137795,43.6131 -30.7381 0.124016,43.6062 -30.7381 0.135949,43.6113 -30.7381 0.130905]
}}
appearance Appearance{material USE PIN-01 }}
Shape { geometry IndexedFaceSet 
{ creaseAngle 1.00 coordIndex [0,1,2,-1,0,3,1,-1,4,2,5,-1,4,0,2,-1,6,5,7,-1,6,4,5,-1]
coord Coordinate { point [43.6113 -30.5413 0.00688975,43.6131 -30.7381 0.0137795,43.6113 -30.7381 0.00688975,43.6131 -30.5413 0.0137795,43.6062 -30.5413 0.0018461,43.6062 -30.7381 0.0018461,43.5993 -30.5413 -1.09274e-17,43.5993 -30.7381 -1.09274e-17]
}}
appearance Appearance{material USE PIN-01 }}
Shape { geometry IndexedFaceSet 
{ creaseAngle 1.00 coordIndex [0,1,2,-1,0,3,1,-1,4,5,0,-1,4,6,5,-1,4,0,2,-1,7,6,4,-1,8,7,4,-1,9,10,11,-1,9,11,12,-1,13,10,9,-1,14,13,9,-1,15,4,13,-1,15,8,4,-1,16,13,14,-1,17,15,13,-1,17,13,16,-1]
coord Coordinate { point [43.5481 -30.5413 -1.09274e-17,43.5362 -30.5413 0.00688975,43.5344 -30.5413 0.0137795,43.5413 -30.5413 0.0018461,43.5993 -30.5413 0.0137795,43.5993 -30.5413 -1.09274e-17,43.6062 -30.5413 0.0018461,43.6113 -30.5413 0.00688975,43.6131 -30.5413 0.0137795,43.5481 -30.5413 0.137795,43.5344 -30.5413 0.124016,43.5362 -30.5413 0.130905,43.5413 -30.5413 0.135949,43.5993 -30.5413 0.124016,43.5993 -30.5413 0.137795,43.6131 -30.5413 0.124016,43.6062 -30.5413 0.135949,43.6113 -30.5413 0.130905]
}}
appearance Appearance{material USE PIN-01 }}
Shape { geometry IndexedFaceSet 
{ creaseAngle 1.00 coordIndex [0,1,2,-1,0,2,3,-1,4,3,5,-1,4,0,3,-1,6,5,7,-1,6,4,5,-1]
coord Coordinate { point [43.5413 -30.5413 0.0018461,43.5481 -30.5413 -1.09274e-17,43.5481 -30.7381 -1.09274e-17,43.5413 -30.7381 0.0018461,43.5362 -30.5413 0.00688975,43.5362 -30.7381 0.00688975,43.5344 -30.5413 0.0137795,43.5344 -30.7381 0.0137795]
}}
appearance Appearance{material USE PIN-01 }}
Shape { geometry IndexedFaceSet 
{ creaseAngle 1.00 coordIndex [0,1,2,-1,0,3,1,-1,4,2,5,-1,4,0,2,-1,6,5,7,-1,6,4,5,-1]
coord Coordinate { point [43.7794 -29.9277 0.0059055,44.055 -29.9261 0.011811,44.055 -29.9277 0.0059055,43.7794 -29.9261 0.011811,43.7794 -29.932 0.00158237,44.055 -29.932 0.00158237,43.7794 -29.9379 -1.36592e-18,44.055 -29.9379 -1.36592e-18]
}}
appearance Appearance{material USE PIN-01 }}
Shape { geometry IndexedFaceSet 
{ creaseAngle 1.00 coordIndex [0,1,2,-1,0,3,1,-1,0,4,3,-1,5,4,0,-1,6,7,8,-1,6,8,5,-1,6,5,0,-1,9,2,10,-1,9,0,2,-1,11,9,10,-1,12,9,11,-1,13,9,12,-1,14,15,9,-1,14,9,13,-1,16,17,15,-1,16,15,14,-1]
coord Coordinate { point [43.7794 -30.058 0.011811,43.7794 -30.0623 0.0059055,43.7794 -30.0639 0.011811,43.7794 -30.058 0.00158237,43.7794 -30.0521 -1.36592e-18,43.7794 -29.9379 -1.36592e-18,43.7794 -29.9261 0.011811,43.7794 -29.9277 0.0059055,43.7794 -29.932 0.00158237,43.7794 -30.058 0.248031,43.7794 -30.0639 0.248031,43.7794 -30.0623 0.253937,43.7794 -30.058 0.25826,43.7794 -30.0521 0.259842,43.7794 -29.9379 0.259842,43.7794 -29.9261 0.248031,43.7794 -29.932 0.25826,43.7794 -29.9277 0.253937]
}}
appearance Appearance{material USE PIN-01 }}
Shape { geometry IndexedFaceSet 
{ creaseAngle 1.00 coordIndex [0,1,2,-1,3,2,4,-1,3,0,2,-1,5,3,4,-1]
coord Coordinate { point [43.7794 -30.058 0.00158237,43.7794 -30.0521 -1.36592e-18,43.8346 -30.0521 -6.82961e-19,43.7794 -30.0623 0.0059055,43.8354 -30.0639 0.011811,43.7794 -30.0639 0.011811]
}}
appearance Appearance{material USE PIN-01 }}
Shape { geometry IndexedFaceSet 
{ creaseAngle 1.00 coordIndex [0,1,2,-1,2,1,3,-1,3,4,5,-1,1,4,3,-1,5,6,7,-1,4,6,5,-1,7,8,9,-1,6,8,7,-1,9,10,11,-1,8,10,9,-1,11,12,13,-1,10,12,11,-1,13,14,15,-1,12,14,13,-1,15,16,17,-1,14,16,15,-1,17,18,19,-1,16,18,17,-1,19,20,21,-1,18,20,19,-1]
coord Coordinate { point [43.9991 -30.0639 0.248031,43.9999 -30.0521 0.259842,43.9991 -30.0639 0.011811,43.9999 -30.0521 -1.36592e-18,43.9936 -30.0205 0.259842,43.9936 -30.0205 0,43.9757 -29.9936 0.259842,43.9757 -29.9936 0,43.9489 -29.9757 0.259842,43.9489 -29.9757 0,43.9172 -29.9694 0.259842,43.9172 -29.9694 0,43.8856 -29.9757 0.259842,43.8856 -29.9757 0,43.8588 -29.9936 0.259842,43.8588 -29.9936 0,43.8409 -30.0205 0.259842,43.8409 -30.0205 0,43.8346 -30.0521 0.259842,43.8346 -30.0521 -6.82961e-19,43.8354 -30.0639 0.248031,43.8354 -30.0639 0.011811]
}}
appearance Appearance{material USE PIN-01 }}
Shape { geometry IndexedFaceSet 
{ creaseAngle 1.00 coordIndex [0,1,2,-1,0,3,1,-1,4,2,5,-1,4,0,2,-1]
coord Coordinate { point [43.9999 -30.0521 -1.36592e-18,44.055 -30.058 0.00158237,44.055 -30.0623 0.0059055,44.055 -30.0521 -1.36592e-18,43.9991 -30.0639 0.011811,44.055 -30.0639 0.011811]
}}
appearance Appearance{material USE PIN-01 }}
Shape { geometry IndexedFaceSet 
{ creaseAngle 1.00 coordIndex [0,1,2,-1,3,1,0,-1,4,1,3,-1,4,5,1,-1,6,7,8,-1,8,7,5,-1,5,7,1,-1,2,9,10,-1,1,9,2,-1,9,11,10,-1,9,12,11,-1,9,13,12,-1,14,15,9,-1,9,15,13,-1,16,17,14,-1,14,17,15,-1]
coord Coordinate { point [44.055 -30.0623 0.0059055,44.055 -30.058 0.011811,44.055 -30.0639 0.011811,44.055 -30.058 0.00158237,44.055 -30.0521 -1.36592e-18,44.055 -29.9379 -1.36592e-18,44.055 -29.9277 0.0059055,44.055 -29.9261 0.011811,44.055 -29.932 0.00158237,44.055 -30.058 0.248031,44.055 -30.0639 0.248031,44.055 -30.0623 0.253937,44.055 -30.058 0.25826,44.055 -30.0521 0.259842,44.055 -29.9261 0.248031,44.055 -29.9379 0.259842,44.055 -29.9277 0.253937,44.055 -29.932 0.25826]
}}
appearance Appearance{material USE PIN-01 }}
Shape { geometry IndexedFaceSet 
{ creaseAngle 1.00 coordIndex [0,1,2,-1,0,2,3,-1,0,3,4,-1,5,1,0,-1,6,1,5,-1,7,6,5,-1,8,7,9,-1,8,6,7,-1,10,8,9,-1,11,9,12,-1,11,12,13,-1,11,10,9,-1,14,11,13,-1,15,14,13,-1,16,14,15,-1,17,18,16,-1,17,16,15,-1,19,18,17,-1,20,18,19,-1,21,20,19,-1]
coord Coordinate { point [44.4586 -30.4921 0.059055,44.4586 -30.4619 0.00599373,44.4586 -30.4921 -5.46369e-17,44.4586 -30.6692 -5.46369e-17,44.4586 -30.6692 0.059055,44.4586 -30.4822 0.0616923,44.4586 -30.4364 0.0230624,44.4586 -30.475 0.0688975,44.4586 -30.4193 0.0486075,44.4586 -30.4724 0.07874,44.4586 -30.4133 0.07874,44.4586 -30.4133 0.15748,44.4586 -30.4724 0.15748,44.4586 -30.4664 0.187612,44.4586 -30.4107 0.167322,44.4586 -30.4493 0.213158,44.4586 -30.4035 0.174528,44.4586 -30.4238 0.230226,44.4586 -30.3936 0.177165,44.4586 -30.3936 0.23622,44.4586 -30.2952 0.177165,44.4586 -30.2952 0.23622]
}}
appearance Appearance{material USE PIN-01 }}
Shape { geometry IndexedFaceSet 
{ creaseAngle 1.00 coordIndex [0,1,2,-1,2,1,3,-1]
coord Coordinate { point [44.5767 -30.6692 -5.46369e-17,44.5767 -30.6692 0.059055,44.4586 -30.6692 -5.46369e-17,44.4586 -30.6692 0.059055]
}}
appearance Appearance{material USE PIN-01 }}
Shape { geometry IndexedFaceSet 
{ creaseAngle 1.00 coordIndex [0,1,2,-1,2,1,3,-1,3,1,4,-1,0,5,1,-1,0,6,5,-1,6,7,5,-1,7,8,9,-1,6,8,7,-1,8,10,9,-1,9,11,12,-1,12,11,13,-1,10,11,9,-1,11,14,13,-1,14,15,13,-1,14,16,15,-1,17,18,16,-1,16,18,15,-1,17,19,18,-1,17,20,19,-1,20,21,19,-1]
coord Coordinate { point [44.5767 -30.4619 0.00599373,44.5767 -30.4921 0.059055,44.5767 -30.4921 -5.46369e-17,44.5767 -30.6692 -5.46369e-17,44.5767 -30.6692 0.059055,44.5767 -30.4822 0.0616923,44.5767 -30.4364 0.0230624,44.5767 -30.475 0.0688975,44.5767 -30.4193 0.0486075,44.5767 -30.4724 0.07874,44.5767 -30.4133 0.07874,44.5767 -30.4133 0.15748,44.5767 -30.4724 0.15748,44.5767 -30.4664 0.187612,44.5767 -30.4107 0.167322,44.5767 -30.4493 0.213158,44.5767 -30.4035 0.174528,44.5767 -30.3936 0.177165,44.5767 -30.4238 0.230226,44.5767 -30.3936 0.23622,44.5767 -30.2952 0.177165,44.5767 -30.2952 0.23622]
}}
appearance Appearance{material USE PIN-01 }}
Shape { geometry IndexedFaceSet 
{ creaseAngle 1.00 coordIndex [0,1,2,-1,0,2,3,-1,4,3,5,-1,4,0,3,-1,6,5,7,-1,6,4,5,-1,8,7,9,-1,8,6,7,-1]
coord Coordinate { point [44.5767 -30.4619 0.00599373,44.5767 -30.4921 -5.46369e-17,44.4586 -30.4921 -5.46369e-17,44.4586 -30.4619 0.00599373,44.5767 -30.4364 0.0230624,44.4586 -30.4364 0.0230624,44.5767 -30.4193 0.0486075,44.4586 -30.4193 0.0486075,44.5767 -30.4133 0.07874,44.4586 -30.4133 0.07874]
}}
appearance Appearance{material USE PIN-01 }}
Shape { geometry IndexedFaceSet 
{ creaseAngle 1.00 coordIndex [0,1,2,-1,0,2,3,-1,0,3,4,-1,5,1,0,-1,6,1,5,-1,7,6,5,-1,8,7,9,-1,8,6,7,-1,10,8,9,-1,11,9,12,-1,11,12,13,-1,11,10,9,-1,14,11,13,-1,15,14,13,-1,16,14,15,-1,17,18,16,-1,17,16,15,-1,19,18,17,-1,20,18,19,-1,21,20,19,-1]
coord Coordinate { point [44.7145 -30.4921 0.059055,44.7145 -30.4619 0.00599373,44.7145 -30.4921 -5.46369e-17,44.7145 -30.6692 -5.46369e-17,44.7145 -30.6692 0.059055,44.7145 -30.4822 0.0616923,44.7145 -30.4364 0.0230624,44.7145 -30.475 0.0688975,44.7145 -30.4193 0.0486075,44.7145 -30.4724 0.07874,44.7145 -30.4133 0.07874,44.7145 -30.4133 0.15748,44.7145 -30.4724 0.15748,44.7145 -30.4664 0.187612,44.7145 -30.4107 0.167322,44.7145 -30.4493 0.213158,44.7145 -30.4035 0.174528,44.7145 -30.4238 0.230226,44.7145 -30.3936 0.177165,44.7145 -30.3936 0.23622,44.7145 -30.2952 0.177165,44.7145 -30.2952 0.23622]
}}
appearance Appearance{material USE PIN-01 }}
Shape { geometry IndexedFaceSet 
{ creaseAngle 1.00 coordIndex [0,1,2,-1,2,1,3,-1]
coord Coordinate { point [44.8326 -30.6692 -5.46369e-17,44.8326 -30.6692 0.059055,44.7145 -30.6692 -5.46369e-17,44.7145 -30.6692 0.059055]
}}
appearance Appearance{material USE PIN-01 }}
Shape { geometry IndexedFaceSet 
{ creaseAngle 1.00 coordIndex [0,1,2,-1,2,1,3,-1,3,1,4,-1,0,5,1,-1,0,6,5,-1,6,7,5,-1,7,8,9,-1,6,8,7,-1,8,10,9,-1,9,11,12,-1,12,11,13,-1,10,11,9,-1,11,14,13,-1,14,15,13,-1,14,16,15,-1,17,18,16,-1,16,18,15,-1,17,19,18,-1,17,20,19,-1,20,21,19,-1]
coord Coordinate { point [44.8326 -30.4619 0.00599373,44.8326 -30.4921 0.059055,44.8326 -30.4921 -5.46369e-17,44.8326 -30.6692 -5.46369e-17,44.8326 -30.6692 0.059055,44.8326 -30.4822 0.0616923,44.8326 -30.4364 0.0230624,44.8326 -30.475 0.0688975,44.8326 -30.4193 0.0486075,44.8326 -30.4724 0.07874,44.8326 -30.4133 0.07874,44.8326 -30.4133 0.15748,44.8326 -30.4724 0.15748,44.8326 -30.4664 0.187612,44.8326 -30.4107 0.167322,44.8326 -30.4493 0.213158,44.8326 -30.4035 0.174528,44.8326 -30.3936 0.177165,44.8326 -30.4238 0.230226,44.8326 -30.3936 0.23622,44.8326 -30.2952 0.177165,44.8326 -30.2952 0.23622]
}}
appearance Appearance{material USE PIN-01 }}
Shape { geometry IndexedFaceSet 
{ creaseAngle 1.00 coordIndex [0,1,2,-1,0,2,3,-1,4,3,5,-1,4,0,3,-1,6,5,7,-1,6,4,5,-1,8,7,9,-1,8,6,7,-1]
coord Coordinate { point [44.8326 -30.4619 0.00599373,44.8326 -30.4921 -5.46369e-17,44.7145 -30.4921 -5.46369e-17,44.7145 -30.4619 0.00599373,44.8326 -30.4364 0.0230624,44.7145 -30.4364 0.0230624,44.8326 -30.4193 0.0486075,44.7145 -30.4193 0.0486075,44.8326 -30.4133 0.07874,44.7145 -30.4133 0.07874]
}}
appearance Appearance{material USE PIN-01 }}
Shape { geometry IndexedFaceSet 
{ creaseAngle 1.00 coordIndex [0,1,2,-1,0,2,3,-1,4,3,5,-1,4,0,3,-1,6,5,7,-1,6,4,5,-1,8,7,9,-1,8,6,7,-1]
coord Coordinate { point [45.0885 -30.4619 0.00599373,45.0885 -30.4921 -5.46369e-17,44.9704 -30.4921 -5.46369e-17,44.9704 -30.4619 0.00599373,45.0885 -30.4364 0.0230624,44.9704 -30.4364 0.0230624,45.0885 -30.4193 0.0486075,44.9704 -30.4193 0.0486075,45.0885 -30.4133 0.07874,44.9704 -30.4133 0.07874]
}}
appearance Appearance{material USE PIN-01 }}
Shape { geometry IndexedFaceSet 
{ creaseAngle 1.00 coordIndex [0,1,2,-1,0,2,3,-1,0,3,4,-1,5,1,0,-1,6,1,5,-1,7,6,5,-1,8,7,9,-1,8,6,7,-1,10,8,9,-1,11,9,12,-1,11,12,13,-1,11,10,9,-1,14,11,13,-1,15,14,13,-1,16,14,15,-1,17,18,16,-1,17,16,15,-1,19,18,17,-1,20,18,19,-1,21,20,19,-1]
coord Coordinate { point [44.9704 -30.4921 0.059055,44.9704 -30.4619 0.00599373,44.9704 -30.4921 -5.46369e-17,44.9704 -30.6692 -5.46369e-17,44.9704 -30.6692 0.059055,44.9704 -30.4822 0.0616923,44.9704 -30.4364 0.0230624,44.9704 -30.475 0.0688975,44.9704 -30.4193 0.0486075,44.9704 -30.4724 0.07874,44.9704 -30.4133 0.07874,44.9704 -30.4133 0.15748,44.9704 -30.4724 0.15748,44.9704 -30.4664 0.187612,44.9704 -30.4107 0.167322,44.9704 -30.4493 0.213158,44.9704 -30.4035 0.174528,44.9704 -30.4238 0.230226,44.9704 -30.3936 0.177165,44.9704 -30.3936 0.23622,44.9704 -30.2952 0.177165,44.9704 -30.2952 0.23622]
}}
appearance Appearance{material USE PIN-01 }}
Shape { geometry IndexedFaceSet 
{ creaseAngle 1.00 coordIndex [0,1,2,-1,2,1,3,-1]
coord Coordinate { point [45.0885 -30.6692 -5.46369e-17,45.0885 -30.6692 0.059055,44.9704 -30.6692 -5.46369e-17,44.9704 -30.6692 0.059055]
}}
appearance Appearance{material USE PIN-01 }}
Shape { geometry IndexedFaceSet 
{ creaseAngle 1.00 coordIndex [0,1,2,-1,2,1,3,-1,3,1,4,-1,0,5,1,-1,0,6,5,-1,6,7,5,-1,7,8,9,-1,6,8,7,-1,8,10,9,-1,9,11,12,-1,12,11,13,-1,10,11,9,-1,11,14,13,-1,14,15,13,-1,14,16,15,-1,17,18,16,-1,16,18,15,-1,17,19,18,-1,17,20,19,-1,20,21,19,-1]
coord Coordinate { point [45.0885 -30.4619 0.00599373,45.0885 -30.4921 0.059055,45.0885 -30.4921 -5.46369e-17,45.0885 -30.6692 -5.46369e-17,45.0885 -30.6692 0.059055,45.0885 -30.4822 0.0616923,45.0885 -30.4364 0.0230624,45.0885 -30.475 0.0688975,45.0885 -30.4193 0.0486075,45.0885 -30.4724 0.07874,45.0885 -30.4133 0.07874,45.0885 -30.4133 0.15748,45.0885 -30.4724 0.15748,45.0885 -30.4664 0.187612,45.0885 -30.4107 0.167322,45.0885 -30.4493 0.213158,45.0885 -30.4035 0.174528,45.0885 -30.3936 0.177165,45.0885 -30.4238 0.230226,45.0885 -30.3936 0.23622,45.0885 -30.2952 0.177165,45.0885 -30.2952 0.23622]
}}
appearance Appearance{material USE PIN-01 }}
Shape { geometry IndexedFaceSet 
{ creaseAngle 1.00 coordIndex [0,1,2,-1,0,2,3,-1,4,3,5,-1,4,0,3,-1,6,5,7,-1,6,4,5,-1,8,7,9,-1,8,6,7,-1]
coord Coordinate { point [45.3444 -30.4619 0.00599373,45.3444 -30.4921 -5.46369e-17,45.2263 -30.4921 -5.46369e-17,45.2263 -30.4619 0.00599373,45.3444 -30.4364 0.0230624,45.2263 -30.4364 0.0230624,45.3444 -30.4193 0.0486075,45.2263 -30.4193 0.0486075,45.3444 -30.4133 0.07874,45.2263 -30.4133 0.07874]
}}
appearance Appearance{material USE PIN-01 }}
Shape { geometry IndexedFaceSet 
{ creaseAngle 1.00 coordIndex [0,1,2,-1,0,2,3,-1,0,3,4,-1,5,1,0,-1,6,1,5,-1,7,6,5,-1,8,7,9,-1,8,6,7,-1,10,8,9,-1,11,9,12,-1,11,12,13,-1,11,10,9,-1,14,11,13,-1,15,14,13,-1,16,14,15,-1,17,18,16,-1,17,16,15,-1,19,18,17,-1,20,18,19,-1,21,20,19,-1]
coord Coordinate { point [45.2263 -30.4921 0.059055,45.2263 -30.4619 0.00599373,45.2263 -30.4921 -5.46369e-17,45.2263 -30.6692 -5.46369e-17,45.2263 -30.6692 0.059055,45.2263 -30.4822 0.0616923,45.2263 -30.4364 0.0230624,45.2263 -30.475 0.0688975,45.2263 -30.4193 0.0486075,45.2263 -30.4724 0.07874,45.2263 -30.4133 0.07874,45.2263 -30.4133 0.15748,45.2263 -30.4724 0.15748,45.2263 -30.4664 0.187612,45.2263 -30.4107 0.167322,45.2263 -30.4493 0.213158,45.2263 -30.4035 0.174528,45.2263 -30.4238 0.230226,45.2263 -30.3936 0.177165,45.2263 -30.3936 0.23622,45.2263 -30.2952 0.177165,45.2263 -30.2952 0.23622]
}}
appearance Appearance{material USE PIN-01 }}
Shape { geometry IndexedFaceSet 
{ creaseAngle 1.00 coordIndex [0,1,2,-1,2,1,3,-1]
coord Coordinate { point [45.3444 -30.6692 -5.46369e-17,45.3444 -30.6692 0.059055,45.2263 -30.6692 -5.46369e-17,45.2263 -30.6692 0.059055]
}}
appearance Appearance{material USE PIN-01 }}
Shape { geometry IndexedFaceSet 
{ creaseAngle 1.00 coordIndex [0,1,2,-1,2,1,3,-1,3,1,4,-1,0,5,1,-1,0,6,5,-1,6,7,5,-1,7,8,9,-1,6,8,7,-1,8,10,9,-1,9,11,12,-1,12,11,13,-1,10,11,9,-1,11,14,13,-1,14,15,13,-1,14,16,15,-1,17,18,16,-1,16,18,15,-1,17,19,18,-1,17,20,19,-1,20,21,19,-1]
coord Coordinate { point [45.3444 -30.4619 0.00599373,45.3444 -30.4921 0.059055,45.3444 -30.4921 -5.46369e-17,45.3444 -30.6692 -5.46369e-17,45.3444 -30.6692 0.059055,45.3444 -30.4822 0.0616923,45.3444 -30.4364 0.0230624,45.3444 -30.475 0.0688975,45.3444 -30.4193 0.0486075,45.3444 -30.4724 0.07874,45.3444 -30.4133 0.07874,45.3444 -30.4133 0.15748,45.3444 -30.4724 0.15748,45.3444 -30.4664 0.187612,45.3444 -30.4107 0.167322,45.3444 -30.4493 0.213158,45.3444 -30.4035 0.174528,45.3444 -30.3936 0.177165,45.3444 -30.4238 0.230226,45.3444 -30.3936 0.23622,45.3444 -30.2952 0.177165,45.3444 -30.2952 0.23622]
}}
appearance Appearance{material USE PIN-01 }}
Shape { geometry IndexedFaceSet 
{ creaseAngle 1.00 coordIndex [0,1,2,-1,0,3,1,-1,4,2,5,-1,4,0,2,-1,6,5,7,-1,6,4,5,-1]
coord Coordinate { point [46.929 -31.6218 0.007874,46.7716 -31.624 0.015748,46.7716 -31.6218 0.007874,46.929 -31.624 0.015748,46.929 -31.6161 0.00210983,46.7716 -31.6161 0.00210983,46.929 -31.6082 0,46.7716 -31.6082 0]
}}
appearance Appearance{material USE PIN-01 }}
Shape { geometry IndexedFaceSet 
{ creaseAngle 1.00 coordIndex [0,1,2,-1,3,4,5,-1,3,2,4,-1,3,0,2,-1,6,3,5,-1,7,1,0,-1,8,5,9,-1,8,6,5,-1,10,7,11,-1,10,1,7,-1,12,10,11,-1,13,10,12,-1,14,9,15,-1,14,8,9,-1,16,15,17,-1,16,14,15,-1,18,19,13,-1,18,13,12,-1,20,21,16,-1,20,16,17,-1,22,18,23,-1,22,19,18,-1,24,25,26,-1,27,28,29,-1,27,29,21,-1,27,21,20,-1,30,28,27,-1,31,26,28,-1,31,24,26,-1,31,28,30,-1,24,22,23,-1,24,23,25,-1]
coord Coordinate { point [46.929 -31.1554 0.0178578,46.929 -31.1476 0,46.929 -31.1397 0.00210983,46.929 -31.1497 0.023622,46.929 -31.1339 0.007874,46.929 -31.1318 0.015748,46.929 -31.1476 0.031496,46.929 -31.1633 0.015748,46.929 -31.1476 0.460629,46.929 -31.1318 0.476377,46.929 -31.6082 0,46.929 -31.5925 0.015748,46.929 -31.6003 0.0178578,46.929 -31.6161 0.00210983,46.929 -31.1497 0.468503,46.929 -31.1339 0.484251,46.929 -31.1554 0.474267,46.929 -31.1397 0.490015,46.929 -31.6061 0.023622,46.929 -31.6218 0.007874,46.929 -31.1476 0.492125,46.929 -31.1633 0.476377,46.929 -31.624 0.015748,46.929 -31.6082 0.031496,46.929 -31.624 0.476377,46.929 -31.6082 0.460629,46.929 -31.6061 0.468503,46.929 -31.6082 0.492125,46.929 -31.6003 0.474267,46.929 -31.5925 0.476377,46.929 -31.6161 0.490015,46.929 -31.6218 0.484251]
}}
appearance Appearance{material USE PIN-01 }}
Shape { geometry IndexedFaceSet 
{ creaseAngle 1.00 coordIndex [0,1,2,-1,0,2,3,-1,4,3,5,-1,4,0,3,-1,6,5,7,-1,6,4,5,-1]
coord Coordinate { point [46.929 -31.1397 0.00210983,46.929 -31.1476 0,46.7716 -31.1476 0,46.7716 -31.1397 0.00210983,46.929 -31.1339 0.007874,46.7716 -31.1339 0.007874,46.929 -31.1318 0.015748,46.7716 -31.1318 0.015748]
}}
appearance Appearance{material USE PIN-01 }}
Shape { geometry IndexedFaceSet 
{ creaseAngle 1.00 coordIndex [0,1,2,-1,3,1,0,-1,2,4,5,-1,5,4,6,-1,6,4,7,-1,1,4,2,-1,8,9,10,-1,10,9,11,-1,11,9,1,-1,12,13,9,-1,9,13,1,-1,1,13,4,-1,13,14,15,-1,12,14,13,-1]
coord Coordinate { point [46.7716 -31.1339 0.007874,46.7716 -31.1476 0,46.7716 -31.1318 0.015748,46.7716 -31.1397 0.00210983,46.7716 -31.1476 0.492125,46.7716 -31.1318 0.476377,46.7716 -31.1339 0.484251,46.7716 -31.1397 0.490015,46.7716 -31.6218 0.007874,46.7716 -31.624 0.015748,46.7716 -31.6161 0.00210983,46.7716 -31.6082 0,46.7716 -31.624 0.476377,46.7716 -31.6082 0.492125,46.7716 -31.6218 0.484251,46.7716 -31.6161 0.490015]
}}
appearance Appearance{material USE PIN-01 }}
Shape { geometry IndexedFaceSet 
{ creaseAngle 1.00 coordIndex [0,1,2,-1,3,1,0,-1,4,5,1,-1,6,5,4,-1,1,5,2,-1,6,7,5,-1,7,8,5,-1,9,10,11,-1,11,10,12,-1,9,13,10,-1,13,14,10,-1,5,15,13,-1,8,15,5,-1,13,16,14,-1,15,17,13,-1,13,17,16,-1]
coord Coordinate { point [46.0826 -30.7104 0.00688975,46.0826 -30.7224 -1.09274e-17,46.0826 -30.7086 0.0137795,46.0826 -30.7155 0.0018461,46.0826 -30.7736 -1.09274e-17,46.0826 -30.7736 0.0137795,46.0826 -30.7805 0.0018461,46.0826 -30.7855 0.00688975,46.0826 -30.7873 0.0137795,46.0826 -30.7086 0.124016,46.0826 -30.7224 0.137795,46.0826 -30.7104 0.130905,46.0826 -30.7155 0.135949,46.0826 -30.7736 0.124016,46.0826 -30.7736 0.137795,46.0826 -30.7873 0.124016,46.0826 -30.7805 0.135949,46.0826 -30.7855 0.130905]
}}
appearance Appearance{material USE PIN-01 }}
Shape { geometry IndexedFaceSet 
{ creaseAngle 1.00 coordIndex [0,1,2,-1,0,3,1,-1,4,2,5,-1,4,0,2,-1,6,5,7,-1,6,4,5,-1]
coord Coordinate { point [46.2794 -30.7855 0.00688975,46.0826 -30.7873 0.0137795,46.0826 -30.7855 0.00688975,46.2794 -30.7873 0.0137795,46.2794 -30.7805 0.0018461,46.0826 -30.7805 0.0018461,46.2794 -30.7736 -1.09274e-17,46.0826 -30.7736 -1.09274e-17]
}}
appearance Appearance{material USE PIN-01 }}
Shape { geometry IndexedFaceSet 
{ creaseAngle 1.00 coordIndex [0,1,2,-1,0,3,1,-1,4,5,0,-1,4,6,5,-1,4,0,2,-1,7,6,4,-1,8,7,4,-1,9,10,11,-1,9,11,12,-1,13,10,9,-1,14,13,9,-1,15,4,13,-1,15,8,4,-1,16,13,14,-1,17,15,13,-1,17,13,16,-1]
coord Coordinate { point [46.2794 -30.7224 -1.09274e-17,46.2794 -30.7104 0.00688975,46.2794 -30.7086 0.0137795,46.2794 -30.7155 0.0018461,46.2794 -30.7736 0.0137795,46.2794 -30.7736 -1.09274e-17,46.2794 -30.7805 0.0018461,46.2794 -30.7855 0.00688975,46.2794 -30.7873 0.0137795,46.2794 -30.7224 0.137795,46.2794 -30.7086 0.124016,46.2794 -30.7104 0.130905,46.2794 -30.7155 0.135949,46.2794 -30.7736 0.124016,46.2794 -30.7736 0.137795,46.2794 -30.7873 0.124016,46.2794 -30.7805 0.135949,46.2794 -30.7855 0.130905]
}}
appearance Appearance{material USE PIN-01 }}
Shape { geometry IndexedFaceSet 
{ creaseAngle 1.00 coordIndex [0,1,2,-1,0,2,3,-1,4,3,5,-1,4,0,3,-1,6,5,7,-1,6,4,5,-1]
coord Coordinate { point [46.2794 -30.7155 0.0018461,46.2794 -30.7224 -1.09274e-17,46.0826 -30.7224 -1.09274e-17,46.0826 -30.7155 0.0018461,46.2794 -30.7104 0.00688975,46.0826 -30.7104 0.00688975,46.2794 -30.7086 0.0137795,46.0826 -30.7086 0.0137795]
}}
appearance Appearance{material USE PIN-01 }}
Shape { geometry IndexedFaceSet 
{ creaseAngle 1.00 coordIndex [0,1,2,-1,3,1,0,-1,4,5,1,-1,6,5,4,-1,1,5,2,-1,6,7,5,-1,7,8,5,-1,9,10,11,-1,11,10,12,-1,9,13,10,-1,13,14,10,-1,5,15,13,-1,8,15,5,-1,13,16,14,-1,15,17,13,-1,13,17,16,-1]
coord Coordinate { point [46.7697 -30.7086 0.00688975,46.7578 -30.7086 -1.09274e-17,46.7716 -30.7086 0.0137795,46.7647 -30.7086 0.0018461,46.7066 -30.7086 -1.09274e-17,46.7066 -30.7086 0.0137795,46.6997 -30.7086 0.0018461,46.6947 -30.7086 0.00688975,46.6928 -30.7086 0.0137795,46.7716 -30.7086 0.124016,46.7578 -30.7086 0.137795,46.7697 -30.7086 0.130905,46.7647 -30.7086 0.135949,46.7066 -30.7086 0.124016,46.7066 -30.7086 0.137795,46.6928 -30.7086 0.124016,46.6997 -30.7086 0.135949,46.6947 -30.7086 0.130905]
}}
appearance Appearance{material USE PIN-01 }}
Shape { geometry IndexedFaceSet 
{ creaseAngle 1.00 coordIndex [0,1,2,-1,0,3,1,-1,4,2,5,-1,4,0,2,-1,6,5,7,-1,6,4,5,-1]
coord Coordinate { point [46.6947 -30.9054 0.00688975,46.6928 -30.7086 0.0137795,46.6947 -30.7086 0.00688975,46.6928 -30.9054 0.0137795,46.6997 -30.9054 0.0018461,46.6997 -30.7086 0.0018461,46.7066 -30.9054 -1.09274e-17,46.7066 -30.7086 -1.09274e-17]
}}
appearance Appearance{material USE PIN-01 }}
Shape { geometry IndexedFaceSet 
{ creaseAngle 1.00 coordIndex [0,1,2,-1,0,3,1,-1,4,5,0,-1,4,6,5,-1,4,0,2,-1,7,6,4,-1,8,7,4,-1,9,10,11,-1,9,11,12,-1,13,10,9,-1,14,13,9,-1,15,4,13,-1,15,8,4,-1,16,13,14,-1,17,15,13,-1,17,13,16,-1]
coord Coordinate { point [46.7578 -30.9054 -1.09274e-17,46.7697 -30.9054 0.00688975,46.7716 -30.9054 0.0137795,46.7647 -30.9054 0.0018461,46.7066 -30.9054 0.0137795,46.7066 -30.9054 -1.09274e-17,46.6997 -30.9054 0.0018461,46.6947 -30.9054 0.00688975,46.6928 -30.9054 0.0137795,46.7578 -30.9054 0.137795,46.7716 -30.9054 0.124016,46.7697 -30.9054 0.130905,46.7647 -30.9054 0.135949,46.7066 -30.9054 0.124016,46.7066 -30.9054 0.137795,46.6928 -30.9054 0.124016,46.6997 -30.9054 0.135949,46.6947 -30.9054 0.130905]
}}
appearance Appearance{material USE PIN-01 }}
Shape { geometry IndexedFaceSet 
{ creaseAngle 1.00 coordIndex [0,1,2,-1,0,2,3,-1,4,3,5,-1,4,0,3,-1,6,5,7,-1,6,4,5,-1]
coord Coordinate { point [46.7647 -30.9054 0.0018461,46.7578 -30.9054 -1.09274e-17,46.7578 -30.7086 -1.09274e-17,46.7647 -30.7086 0.0018461,46.7697 -30.9054 0.00688975,46.7697 -30.7086 0.00688975,46.7716 -30.9054 0.0137795,46.7716 -30.7086 0.0137795]
}}
appearance Appearance{material USE PIN-01 }}
Shape { geometry IndexedFaceSet 
{ creaseAngle 1.00 coordIndex [0,1,2,-1,0,3,1,-1,4,2,5,-1,4,0,2,-1,6,5,7,-1,6,4,5,-1]
coord Coordinate { point [47.559 -31.6218 0.007874,47.4015 -31.624 0.015748,47.4015 -31.6218 0.007874,47.559 -31.624 0.015748,47.559 -31.6161 0.00210983,47.4015 -31.6161 0.00210983,47.559 -31.6082 0,47.4015 -31.6082 0]
}}
appearance Appearance{material USE PIN-01 }}
Shape { geometry IndexedFaceSet 
{ creaseAngle 1.00 coordIndex [0,1,2,-1,0,3,1,-1,4,2,5,-1,4,5,6,-1,4,6,7,-1,4,0,2,-1,8,9,10,-1,8,10,11,-1,8,11,0,-1,12,13,8,-1,12,8,0,-1,12,0,4,-1,14,12,15,-1,14,13,12,-1]
coord Coordinate { point [47.559 -31.1476 0,47.559 -31.1339 0.007874,47.559 -31.1318 0.015748,47.559 -31.1397 0.00210983,47.559 -31.1476 0.492125,47.559 -31.1318 0.476377,47.559 -31.1339 0.484251,47.559 -31.1397 0.490015,47.559 -31.624 0.015748,47.559 -31.6218 0.007874,47.559 -31.6161 0.00210983,47.559 -31.6082 0,47.559 -31.6082 0.492125,47.559 -31.624 0.476377,47.559 -31.6218 0.484251,47.559 -31.6161 0.490015]
}}
appearance Appearance{material USE PIN-01 }}
Shape { geometry IndexedFaceSet 
{ creaseAngle 1.00 coordIndex [0,1,2,-1,0,2,3,-1,4,3,5,-1,4,0,3,-1,6,5,7,-1,6,4,5,-1]
coord Coordinate { point [47.559 -31.1397 0.00210983,47.559 -31.1476 0,47.4015 -31.1476 0,47.4015 -31.1397 0.00210983,47.559 -31.1339 0.007874,47.4015 -31.1339 0.007874,47.559 -31.1318 0.015748,47.4015 -31.1318 0.015748]
}}
appearance Appearance{material USE PIN-01 }}
Shape { geometry IndexedFaceSet 
{ creaseAngle 1.00 coordIndex [0,1,2,-1,3,4,5,-1,2,4,3,-1,1,4,2,-1,4,6,5,-1,0,7,1,-1,5,8,9,-1,6,8,5,-1,7,10,11,-1,0,10,7,-1,10,12,11,-1,10,13,12,-1,9,14,15,-1,8,14,9,-1,15,16,17,-1,14,16,15,-1,18,19,13,-1,13,19,12,-1,20,21,16,-1,16,21,17,-1,19,22,23,-1,18,22,19,-1,24,25,26,-1,27,28,29,-1,29,28,20,-1,20,28,21,-1,27,30,28,-1,26,31,27,-1,25,31,26,-1,27,31,30,-1,22,25,23,-1,23,25,24,-1]
coord Coordinate { point [47.4015 -31.1476 0,47.4015 -31.1554 0.0178578,47.4015 -31.1397 0.00210983,47.4015 -31.1339 0.007874,47.4015 -31.1497 0.023622,47.4015 -31.1318 0.015748,47.4015 -31.1476 0.031496,47.4015 -31.1633 0.015748,47.4015 -31.1476 0.460629,47.4015 -31.1318 0.476377,47.4015 -31.6082 0,47.4015 -31.5925 0.015748,47.4015 -31.6003 0.0178578,47.4015 -31.6161 0.00210983,47.4015 -31.1497 0.468503,47.4015 -31.1339 0.484251,47.4015 -31.1554 0.474267,47.4015 -31.1397 0.490015,47.4015 -31.6218 0.007874,47.4015 -31.6061 0.023622,47.4015 -31.1633 0.476377,47.4015 -31.1476 0.492125,47.4015 -31.624 0.015748,47.4015 -31.6082 0.031496,47.4015 -31.6082 0.460629,47.4015 -31.624 0.476377,47.4015 -31.6061 0.468503,47.4015 -31.6003 0.474267,47.4015 -31.6082 0.492125,47.4015 -31.5925 0.476377,47.4015 -31.6161 0.490015,47.4015 -31.6218 0.484251]
}}
appearance Appearance{material USE PIN-01 }}
Shape { geometry IndexedFaceSet 
{ creaseAngle 1.00 coordIndex [0,1,2,-1,3,1,0,-1,4,1,3,-1,4,5,1,-1,6,7,8,-1,8,7,5,-1,5,7,1,-1,2,9,10,-1,10,9,11,-1,1,9,2,-1,9,12,11,-1,9,13,12,-1,9,14,13,-1,9,15,14,-1,14,16,17,-1,15,16,14,-1]
coord Coordinate { point [47.0847 -30.7086 0.00688975,47.0727 -30.7086 0.0137795,47.0865 -30.7086 0.0137795,47.0796 -30.7086 0.0018461,47.0727 -30.7086 -1.09274e-17,47.0216 -30.7086 -1.09274e-17,47.0096 -30.7086 0.00688975,47.0078 -30.7086 0.0137795,47.0147 -30.7086 0.0018461,47.0727 -30.7086 0.124016,47.0865 -30.7086 0.124016,47.0847 -30.7086 0.130905,47.0796 -30.7086 0.135949,47.0727 -30.7086 0.137795,47.0216 -30.7086 0.137795,47.0078 -30.7086 0.124016,47.0096 -30.7086 0.130905,47.0147 -30.7086 0.135949]
}}
appearance Appearance{material USE PIN-01 }}
Shape { geometry IndexedFaceSet 
{ creaseAngle 1.00 coordIndex [0,1,2,-1,0,3,1,-1,4,2,5,-1,4,0,2,-1,6,5,7,-1,6,4,5,-1]
coord Coordinate { point [47.0096 -30.9054 0.00688975,47.0078 -30.7086 0.0137795,47.0096 -30.7086 0.00688975,47.0078 -30.9054 0.0137795,47.0147 -30.9054 0.0018461,47.0147 -30.7086 0.0018461,47.0216 -30.9054 -1.09274e-17,47.0216 -30.7086 -1.09274e-17]
}}
appearance Appearance{material USE PIN-01 }}
Shape { geometry IndexedFaceSet 
{ creaseAngle 1.00 coordIndex [0,1,2,-1,0,3,1,-1,0,4,3,-1,5,4,0,-1,6,7,8,-1,6,8,5,-1,6,5,0,-1,9,2,10,-1,9,10,11,-1,9,0,2,-1,12,9,11,-1,13,9,12,-1,14,9,13,-1,15,9,14,-1,16,14,17,-1,16,15,14,-1]
coord Coordinate { point [47.0727 -30.9054 0.0137795,47.0847 -30.9054 0.00688975,47.0865 -30.9054 0.0137795,47.0796 -30.9054 0.0018461,47.0727 -30.9054 -1.09274e-17,47.0216 -30.9054 -1.09274e-17,47.0078 -30.9054 0.0137795,47.0096 -30.9054 0.00688975,47.0147 -30.9054 0.0018461,47.0727 -30.9054 0.124016,47.0865 -30.9054 0.124016,47.0847 -30.9054 0.130905,47.0796 -30.9054 0.135949,47.0727 -30.9054 0.137795,47.0216 -30.9054 0.137795,47.0078 -30.9054 0.124016,47.0096 -30.9054 0.130905,47.0147 -30.9054 0.135949]
}}
appearance Appearance{material USE PIN-01 }}
Shape { geometry IndexedFaceSet 
{ creaseAngle 1.00 coordIndex [0,1,2,-1,0,2,3,-1,4,3,5,-1,4,0,3,-1,6,5,7,-1,6,4,5,-1]
coord Coordinate { point [47.0796 -30.9054 0.0018461,47.0727 -30.9054 -1.09274e-17,47.0727 -30.7086 -1.09274e-17,47.0796 -30.7086 0.0018461,47.0847 -30.9054 0.00688975,47.0847 -30.7086 0.00688975,47.0865 -30.9054 0.0137795,47.0865 -30.7086 0.0137795]
}}
appearance Appearance{material USE PIN-01 }}
Shape { geometry IndexedFaceSet 
{ creaseAngle 1.00 coordIndex [0,1,2,-1,0,3,1,-1,4,2,5,-1,4,0,2,-1,6,5,7,-1,6,4,5,-1]
coord Coordinate { point [45.7025 -30.5968 0.003937,45.7015 -30.518 0.007874,45.7025 -30.518 0.003937,45.7015 -30.5968 0.007874,45.7054 -30.5968 0.00105492,45.7054 -30.518 0.00105492,45.7094 -30.5968 0,45.7094 -30.518 0]
}}
appearance Appearance{material USE PIN-01 }}
Shape { geometry IndexedFaceSet 
{ creaseAngle 1.00 coordIndex [0,1,2,-1,0,3,1,-1,4,5,6,-1,4,6,7,-1,8,9,10,-1,8,10,11,-1,12,13,4,-1,12,7,0,-1,12,2,9,-1,12,0,2,-1,12,9,8,-1,12,4,7,-1,14,12,15,-1,14,13,12,-1]
coord Coordinate { point [45.8905 -30.5968 0,45.8973 -30.5968 0.003937,45.8983 -30.5968 0.007874,45.8944 -30.5968 0.00105492,45.7015 -30.5968 0.007874,45.7025 -30.5968 0.003937,45.7054 -30.5968 0.00105492,45.7094 -30.5968 0,45.8905 -30.5968 0.19685,45.8983 -30.5968 0.188976,45.8973 -30.5968 0.192913,45.8944 -30.5968 0.195795,45.7094 -30.5968 0.19685,45.7015 -30.5968 0.188976,45.7025 -30.5968 0.192913,45.7054 -30.5968 0.195795]
}}
appearance Appearance{material USE PIN-01 }}
Shape { geometry IndexedFaceSet 
{ creaseAngle 1.00 coordIndex [0,1,2,-1,0,2,3,-1,4,3,5,-1,4,0,3,-1,6,5,7,-1,6,4,5,-1]
coord Coordinate { point [45.8944 -30.5968 0.00105492,45.8905 -30.5968 0,45.8905 -30.518 0,45.8944 -30.518 0.00105492,45.8973 -30.5968 0.003937,45.8973 -30.518 0.003937,45.8983 -30.5968 0.007874,45.8983 -30.518 0.007874]
}}
appearance Appearance{material USE PIN-01 }}
Shape { geometry IndexedFaceSet 
{ creaseAngle 1.00 coordIndex [0,1,2,-1,3,4,5,-1,2,4,3,-1,1,4,2,-1,4,6,5,-1,0,7,1,-1,8,9,0,-1,0,9,7,-1,5,10,11,-1,6,10,5,-1,12,13,8,-1,8,13,9,-1,11,14,15,-1,10,14,11,-1,13,16,17,-1,12,16,13,-1,15,18,19,-1,14,18,15,-1,17,20,21,-1,16,20,17,-1,22,23,18,-1,18,23,19,-1,24,25,26,-1,27,28,29,-1,29,28,22,-1,22,28,23,-1,26,30,27,-1,27,30,28,-1,25,31,26,-1,26,31,30,-1,20,25,21,-1,21,25,24,-1]
coord Coordinate { point [45.8905 -30.518 0,45.8865 -30.518 0.00892892,45.8944 -30.518 0.00105492,45.8973 -30.518 0.003937,45.8894 -30.518 0.011811,45.8983 -30.518 0.007874,45.8905 -30.518 0.015748,45.8826 -30.518 0.007874,45.7094 -30.518 0,45.7172 -30.518 0.007874,45.8905 -30.518 0.181102,45.8983 -30.518 0.188976,45.7054 -30.518 0.00105492,45.7133 -30.518 0.00892892,45.8894 -30.518 0.185039,45.8973 -30.518 0.192913,45.7025 -30.518 0.003937,45.7104 -30.518 0.011811,45.8865 -30.518 0.187921,45.8944 -30.518 0.195795,45.7015 -30.518 0.007874,45.7094 -30.518 0.015748,45.8826 -30.518 0.188976,45.8905 -30.518 0.19685,45.7094 -30.518 0.181102,45.7015 -30.518 0.188976,45.7104 -30.518 0.185039,45.7133 -30.518 0.187921,45.7094 -30.518 0.19685,45.7172 -30.518 0.188976,45.7054 -30.518 0.195795,45.7025 -30.518 0.192913]
}}
appearance Appearance{material USE PIN-01 }}
Shape { geometry IndexedFaceSet 
{ creaseAngle 1.00 coordIndex [0,1,2,-1,3,1,0,-1,4,1,3,-1,4,5,1,-1,6,7,8,-1,8,7,5,-1,5,7,1,-1,2,9,10,-1,10,9,11,-1,1,9,2,-1,9,12,11,-1,9,13,12,-1,9,14,13,-1,9,15,14,-1,14,16,17,-1,15,16,14,-1]
coord Coordinate { point [46.0826 -30.3955 0.00688975,46.0826 -30.4074 0.0137795,46.0826 -30.3936 0.0137795,46.0826 -30.4005 0.0018461,46.0826 -30.4074 -1.09274e-17,46.0826 -30.4586 -1.09274e-17,46.0826 -30.4705 0.00688975,46.0826 -30.4724 0.0137795,46.0826 -30.4655 0.0018461,46.0826 -30.4074 0.124016,46.0826 -30.3936 0.124016,46.0826 -30.3955 0.130905,46.0826 -30.4005 0.135949,46.0826 -30.4074 0.137795,46.0826 -30.4586 0.137795,46.0826 -30.4724 0.124016,46.0826 -30.4705 0.130905,46.0826 -30.4655 0.135949]
}}
appearance Appearance{material USE PIN-01 }}
Shape { geometry IndexedFaceSet 
{ creaseAngle 1.00 coordIndex [0,1,2,-1,0,3,1,-1,4,2,5,-1,4,0,2,-1,6,5,7,-1,6,4,5,-1]
coord Coordinate { point [46.2794 -30.4705 0.00688975,46.0826 -30.4724 0.0137795,46.0826 -30.4705 0.00688975,46.2794 -30.4724 0.0137795,46.2794 -30.4655 0.0018461,46.0826 -30.4655 0.0018461,46.2794 -30.4586 -1.09274e-17,46.0826 -30.4586 -1.09274e-17]
}}
appearance Appearance{material USE PIN-01 }}
Shape { geometry IndexedFaceSet 
{ creaseAngle 1.00 coordIndex [0,1,2,-1,0,3,1,-1,0,4,3,-1,5,4,0,-1,6,7,8,-1,6,8,5,-1,6,5,0,-1,9,2,10,-1,9,10,11,-1,9,0,2,-1,12,9,11,-1,13,9,12,-1,14,9,13,-1,15,9,14,-1,16,14,17,-1,16,15,14,-1]
coord Coordinate { point [46.2794 -30.4074 0.0137795,46.2794 -30.3955 0.00688975,46.2794 -30.3936 0.0137795,46.2794 -30.4005 0.0018461,46.2794 -30.4074 -1.09274e-17,46.2794 -30.4586 -1.09274e-17,46.2794 -30.4724 0.0137795,46.2794 -30.4705 0.00688975,46.2794 -30.4655 0.0018461,46.2794 -30.4074 0.124016,46.2794 -30.3936 0.124016,46.2794 -30.3955 0.130905,46.2794 -30.4005 0.135949,46.2794 -30.4074 0.137795,46.2794 -30.4586 0.137795,46.2794 -30.4724 0.124016,46.2794 -30.4705 0.130905,46.2794 -30.4655 0.135949]
}}
appearance Appearance{material USE PIN-01 }}
Shape { geometry IndexedFaceSet 
{ creaseAngle 1.00 coordIndex [0,1,2,-1,0,2,3,-1,4,3,5,-1,4,0,3,-1,6,5,7,-1,6,4,5,-1]
coord Coordinate { point [46.2794 -30.4005 0.0018461,46.2794 -30.4074 -1.09274e-17,46.0826 -30.4074 -1.09274e-17,46.0826 -30.4005 0.0018461,46.2794 -30.3955 0.00688975,46.0826 -30.3955 0.00688975,46.2794 -30.3936 0.0137795,46.0826 -30.3936 0.0137795]
}}
appearance Appearance{material USE PIN-01 }}
Shape { geometry IndexedFaceSet 
{ creaseAngle 1.00 coordIndex [0,1,2,-1,3,1,0,-1,4,1,3,-1,4,5,1,-1,6,7,8,-1,8,7,5,-1,5,7,1,-1,2,9,10,-1,10,9,11,-1,1,9,2,-1,9,12,11,-1,9,13,12,-1,9,14,13,-1,9,15,14,-1,14,16,17,-1,15,16,14,-1]
coord Coordinate { point [46.6947 -30.5117 0.00688975,46.7066 -30.5117 0.0137795,46.6928 -30.5117 0.0137795,46.6997 -30.5117 0.0018461,46.7066 -30.5117 -1.09274e-17,46.7578 -30.5117 -1.09274e-17,46.7697 -30.5117 0.00688975,46.7716 -30.5117 0.0137795,46.7647 -30.5117 0.0018461,46.7066 -30.5117 0.124016,46.6928 -30.5117 0.124016,46.6947 -30.5117 0.130905,46.6997 -30.5117 0.135949,46.7066 -30.5117 0.137795,46.7578 -30.5117 0.137795,46.7716 -30.5117 0.124016,46.7697 -30.5117 0.130905,46.7647 -30.5117 0.135949]
}}
appearance Appearance{material USE PIN-01 }}
Shape { geometry IndexedFaceSet 
{ creaseAngle 1.00 coordIndex [0,1,2,-1,0,3,1,-1,4,2,5,-1,4,0,2,-1,6,5,7,-1,6,4,5,-1]
coord Coordinate { point [46.7697 -30.3149 0.00688975,46.7716 -30.5117 0.0137795,46.7697 -30.5117 0.00688975,46.7716 -30.3149 0.0137795,46.7647 -30.3149 0.0018461,46.7647 -30.5117 0.0018461,46.7578 -30.3149 -1.09274e-17,46.7578 -30.5117 -1.09274e-17]
}}
appearance Appearance{material USE PIN-01 }}
Shape { geometry IndexedFaceSet 
{ creaseAngle 1.00 coordIndex [0,1,2,-1,0,3,1,-1,0,4,3,-1,5,4,0,-1,6,7,8,-1,6,8,5,-1,6,5,0,-1,9,2,10,-1,9,10,11,-1,9,0,2,-1,12,9,11,-1,13,9,12,-1,14,9,13,-1,15,9,14,-1,16,14,17,-1,16,15,14,-1]
coord Coordinate { point [46.7066 -30.3149 0.0137795,46.6947 -30.3149 0.00688975,46.6928 -30.3149 0.0137795,46.6997 -30.3149 0.0018461,46.7066 -30.3149 -1.09274e-17,46.7578 -30.3149 -1.09274e-17,46.7716 -30.3149 0.0137795,46.7697 -30.3149 0.00688975,46.7647 -30.3149 0.0018461,46.7066 -30.3149 0.124016,46.6928 -30.3149 0.124016,46.6947 -30.3149 0.130905,46.6997 -30.3149 0.135949,46.7066 -30.3149 0.137795,46.7578 -30.3149 0.137795,46.7716 -30.3149 0.124016,46.7697 -30.3149 0.130905,46.7647 -30.3149 0.135949]
}}
appearance Appearance{material USE PIN-01 }}
Shape { geometry IndexedFaceSet 
{ creaseAngle 1.00 coordIndex [0,1,2,-1,0,2,3,-1,4,3,5,-1,4,0,3,-1,6,5,7,-1,6,4,5,-1]
coord Coordinate { point [46.6997 -30.3149 0.0018461,46.7066 -30.3149 -1.09274e-17,46.7066 -30.5117 -1.09274e-17,46.6997 -30.5117 0.0018461,46.6947 -30.3149 0.00688975,46.6947 -30.5117 0.00688975,46.6928 -30.3149 0.0137795,46.6928 -30.5117 0.0137795]
}}
appearance Appearance{material USE PIN-01 }}
Shape { geometry IndexedFaceSet 
{ creaseAngle 1.00 coordIndex [0,1,2,-1,0,3,1,-1,4,2,5,-1,4,0,2,-1,6,5,7,-1,6,4,5,-1]
coord Coordinate { point [45.7025 -30.2818 0.003937,45.7015 -30.2031 0.007874,45.7025 -30.2031 0.003937,45.7015 -30.2818 0.007874,45.7054 -30.2818 0.00105492,45.7054 -30.2031 0.00105492,45.7094 -30.2818 0,45.7094 -30.2031 0]
}}
appearance Appearance{material USE PIN-01 }}
Shape { geometry IndexedFaceSet 
{ creaseAngle 1.00 coordIndex [0,1,2,-1,3,4,5,-1,3,2,4,-1,3,0,2,-1,6,3,5,-1,7,1,0,-1,8,9,1,-1,8,1,7,-1,10,5,11,-1,10,6,5,-1,12,13,9,-1,12,9,8,-1,14,11,15,-1,14,10,11,-1,16,12,17,-1,16,13,12,-1,18,15,19,-1,18,14,15,-1,20,17,21,-1,20,16,17,-1,22,23,18,-1,22,18,19,-1,24,25,26,-1,27,28,29,-1,27,29,23,-1,27,23,22,-1,30,26,28,-1,30,28,27,-1,31,24,26,-1,31,26,30,-1,24,20,21,-1,24,21,25,-1]
coord Coordinate { point [45.8865 -30.2818 0.00892892,45.8905 -30.2818 0,45.8944 -30.2818 0.00105492,45.8894 -30.2818 0.011811,45.8973 -30.2818 0.003937,45.8983 -30.2818 0.007874,45.8905 -30.2818 0.015748,45.8826 -30.2818 0.007874,45.7172 -30.2818 0.007874,45.7094 -30.2818 0,45.8905 -30.2818 0.181102,45.8983 -30.2818 0.188976,45.7133 -30.2818 0.00892892,45.7054 -30.2818 0.00105492,45.8894 -30.2818 0.185039,45.8973 -30.2818 0.192913,45.7025 -30.2818 0.003937,45.7104 -30.2818 0.011811,45.8865 -30.2818 0.187921,45.8944 -30.2818 0.195795,45.7015 -30.2818 0.007874,45.7094 -30.2818 0.015748,45.8905 -30.2818 0.19685,45.8826 -30.2818 0.188976,45.7015 -30.2818 0.188976,45.7094 -30.2818 0.181102,45.7104 -30.2818 0.185039,45.7094 -30.2818 0.19685,45.7133 -30.2818 0.187921,45.7172 -30.2818 0.188976,45.7054 -30.2818 0.195795,45.7025 -30.2818 0.192913]
}}
appearance Appearance{material USE PIN-01 }}
Shape { geometry IndexedFaceSet 
{ creaseAngle 1.00 coordIndex [0,1,2,-1,0,2,3,-1,4,3,5,-1,4,0,3,-1,6,5,7,-1,6,4,5,-1]
coord Coordinate { point [45.8944 -30.2818 0.00105492,45.8905 -30.2818 0,45.8905 -30.2031 0,45.8944 -30.2031 0.00105492,45.8973 -30.2818 0.003937,45.8973 -30.2031 0.003937,45.8983 -30.2818 0.007874,45.8983 -30.2031 0.007874]
}}
appearance Appearance{material USE PIN-01 }}
Shape { geometry IndexedFaceSet 
{ creaseAngle 1.00 coordIndex [0,1,2,-1,3,1,0,-1,4,5,6,-1,6,5,7,-1,8,9,10,-1,10,9,11,-1,12,13,5,-1,7,13,1,-1,2,13,8,-1,1,13,2,-1,8,13,9,-1,5,13,7,-1,13,14,15,-1,12,14,13,-1]
coord Coordinate { point [45.8973 -30.2031 0.003937,45.8905 -30.2031 0,45.8983 -30.2031 0.007874,45.8944 -30.2031 0.00105492,45.7025 -30.2031 0.003937,45.7015 -30.2031 0.007874,45.7054 -30.2031 0.00105492,45.7094 -30.2031 0,45.8983 -30.2031 0.188976,45.8905 -30.2031 0.19685,45.8973 -30.2031 0.192913,45.8944 -30.2031 0.195795,45.7015 -30.2031 0.188976,45.7094 -30.2031 0.19685,45.7025 -30.2031 0.192913,45.7054 -30.2031 0.195795]
}}
appearance Appearance{material USE PIN-01 }}
Shape { geometry IndexedFaceSet 
{ creaseAngle 1.00 coordIndex [0,1,2,-1,3,1,0,-1,4,5,1,-1,6,5,4,-1,1,5,2,-1,6,7,5,-1,7,8,5,-1,9,10,11,-1,11,10,12,-1,9,13,10,-1,13,14,10,-1,5,15,13,-1,8,15,5,-1,13,16,14,-1,15,17,13,-1,13,17,16,-1]
coord Coordinate { point [46.0826 -29.9624 0.00688975,46.0826 -29.9743 -1.09274e-17,46.0826 -29.9606 0.0137795,46.0826 -29.9675 0.0018461,46.0826 -30.0255 -1.09274e-17,46.0826 -30.0255 0.0137795,46.0826 -30.0324 0.0018461,46.0826 -30.0375 0.00688975,46.0826 -30.0393 0.0137795,46.0826 -29.9606 0.124016,46.0826 -29.9743 0.137795,46.0826 -29.9624 0.130905,46.0826 -29.9675 0.135949,46.0826 -30.0255 0.124016,46.0826 -30.0255 0.137795,46.0826 -30.0393 0.124016,46.0826 -30.0324 0.135949,46.0826 -30.0375 0.130905]
}}
appearance Appearance{material USE PIN-01 }}
Shape { geometry IndexedFaceSet 
{ creaseAngle 1.00 coordIndex [0,1,2,-1,0,3,1,-1,4,2,5,-1,4,0,2,-1,6,5,7,-1,6,4,5,-1]
coord Coordinate { point [46.2794 -30.0375 0.00688975,46.0826 -30.0393 0.0137795,46.0826 -30.0375 0.00688975,46.2794 -30.0393 0.0137795,46.2794 -30.0324 0.0018461,46.0826 -30.0324 0.0018461,46.2794 -30.0255 -1.09274e-17,46.0826 -30.0255 -1.09274e-17]
}}
appearance Appearance{material USE PIN-01 }}
Shape { geometry IndexedFaceSet 
{ creaseAngle 1.00 coordIndex [0,1,2,-1,0,3,1,-1,4,5,0,-1,4,6,5,-1,4,0,2,-1,7,6,4,-1,8,7,4,-1,9,10,11,-1,9,11,12,-1,13,10,9,-1,14,13,9,-1,15,4,13,-1,15,8,4,-1,16,13,14,-1,17,15,13,-1,17,13,16,-1]
coord Coordinate { point [46.2794 -29.9743 -1.09274e-17,46.2794 -29.9624 0.00688975,46.2794 -29.9606 0.0137795,46.2794 -29.9675 0.0018461,46.2794 -30.0255 0.0137795,46.2794 -30.0255 -1.09274e-17,46.2794 -30.0324 0.0018461,46.2794 -30.0375 0.00688975,46.2794 -30.0393 0.0137795,46.2794 -29.9743 0.137795,46.2794 -29.9606 0.124016,46.2794 -29.9624 0.130905,46.2794 -29.9675 0.135949,46.2794 -30.0255 0.124016,46.2794 -30.0255 0.137795,46.2794 -30.0393 0.124016,46.2794 -30.0324 0.135949,46.2794 -30.0375 0.130905]
}}
appearance Appearance{material USE PIN-01 }}
Shape { geometry IndexedFaceSet 
{ creaseAngle 1.00 coordIndex [0,1,2,-1,0,2,3,-1,4,3,5,-1,4,0,3,-1,6,5,7,-1,6,4,5,-1]
coord Coordinate { point [46.2794 -29.9675 0.0018461,46.2794 -29.9743 -1.09274e-17,46.0826 -29.9743 -1.09274e-17,46.0826 -29.9675 0.0018461,46.2794 -29.9624 0.00688975,46.0826 -29.9624 0.00688975,46.2794 -29.9606 0.0137795,46.0826 -29.9606 0.0137795]
}}
appearance Appearance{material USE PIN-01 }}
Shape { geometry IndexedFaceSet 
{ creaseAngle 1.00 coordIndex [0,1,2,-1,0,3,1,-1,4,2,5,-1,4,0,2,-1,6,5,7,-1,6,4,5,-1]
coord Coordinate { point [46.4773 -29.9999 0.003937,46.4763 -29.9212 0.007874,46.4773 -29.9212 0.003937,46.4763 -29.9999 0.007874,46.4802 -29.9999 0.00105492,46.4802 -29.9212 0.00105492,46.4842 -29.9999 0,46.4842 -29.9212 0]
}}
appearance Appearance{material USE PIN-01 }}
Shape { geometry IndexedFaceSet 
{ creaseAngle 1.00 coordIndex [0,1,2,-1,0,3,1,-1,4,5,6,-1,4,6,7,-1,8,9,10,-1,8,10,11,-1,12,13,4,-1,12,7,0,-1,12,2,9,-1,12,0,2,-1,12,9,8,-1,12,4,7,-1,14,12,15,-1,14,13,12,-1]
coord Coordinate { point [46.6653 -29.9999 0,46.6721 -29.9999 0.003937,46.6731 -29.9999 0.007874,46.6692 -29.9999 0.00105492,46.4763 -29.9999 0.007874,46.4773 -29.9999 0.003937,46.4802 -29.9999 0.00105492,46.4842 -29.9999 0,46.6653 -29.9999 0.19685,46.6731 -29.9999 0.188976,46.6721 -29.9999 0.192913,46.6692 -29.9999 0.195795,46.4842 -29.9999 0.19685,46.4763 -29.9999 0.188976,46.4773 -29.9999 0.192913,46.4802 -29.9999 0.195795]
}}
appearance Appearance{material USE PIN-01 }}
Shape { geometry IndexedFaceSet 
{ creaseAngle 1.00 coordIndex [0,1,2,-1,0,2,3,-1,4,3,5,-1,4,0,3,-1,6,5,7,-1,6,4,5,-1]
coord Coordinate { point [46.6692 -29.9999 0.00105492,46.6653 -29.9999 0,46.6653 -29.9212 0,46.6692 -29.9212 0.00105492,46.6721 -29.9999 0.003937,46.6721 -29.9212 0.003937,46.6731 -29.9999 0.007874,46.6731 -29.9212 0.007874]
}}
appearance Appearance{material USE PIN-01 }}
Shape { geometry IndexedFaceSet 
{ creaseAngle 1.00 coordIndex [0,1,2,-1,3,4,5,-1,2,4,3,-1,1,4,2,-1,4,6,5,-1,0,7,1,-1,8,9,0,-1,0,9,7,-1,5,10,11,-1,6,10,5,-1,12,13,8,-1,8,13,9,-1,11,14,15,-1,10,14,11,-1,13,16,17,-1,12,16,13,-1,15,18,19,-1,14,18,15,-1,17,20,21,-1,16,20,17,-1,22,23,18,-1,18,23,19,-1,24,25,26,-1,27,28,29,-1,29,28,22,-1,22,28,23,-1,26,30,27,-1,27,30,28,-1,25,31,26,-1,26,31,30,-1,20,25,21,-1,21,25,24,-1]
coord Coordinate { point [46.6653 -29.9212 0,46.6613 -29.9212 0.00892892,46.6692 -29.9212 0.00105492,46.6721 -29.9212 0.003937,46.6642 -29.9212 0.011811,46.6731 -29.9212 0.007874,46.6653 -29.9212 0.015748,46.6574 -29.9212 0.007874,46.4842 -29.9212 0,46.492 -29.9212 0.007874,46.6653 -29.9212 0.181102,46.6731 -29.9212 0.188976,46.4802 -29.9212 0.00105492,46.4881 -29.9212 0.00892892,46.6642 -29.9212 0.185039,46.6721 -29.9212 0.192913,46.4773 -29.9212 0.003937,46.4852 -29.9212 0.011811,46.6613 -29.9212 0.187921,46.6692 -29.9212 0.195795,46.4763 -29.9212 0.007874,46.4842 -29.9212 0.015748,46.6574 -29.9212 0.188976,46.6653 -29.9212 0.19685,46.4842 -29.9212 0.181102,46.4763 -29.9212 0.188976,46.4852 -29.9212 0.185039,46.4881 -29.9212 0.187921,46.4842 -29.9212 0.19685,46.492 -29.9212 0.188976,46.4802 -29.9212 0.195795,46.4773 -29.9212 0.192913]
}}
appearance Appearance{material USE PIN-01 }}
Shape { geometry IndexedFaceSet 
{ creaseAngle 1.00 coordIndex [0,1,2,-1,3,1,0,-1,4,5,1,-1,6,5,4,-1,1,5,2,-1,6,7,5,-1,7,8,5,-1,9,10,11,-1,11,10,12,-1,9,13,10,-1,13,14,10,-1,5,15,13,-1,8,15,5,-1,13,16,14,-1,15,17,13,-1,13,17,16,-1]
coord Coordinate { point [47.0096 -30.5117 0.00688975,47.0216 -30.5117 -1.09274e-17,47.0078 -30.5117 0.0137795,47.0147 -30.5117 0.0018461,47.0727 -30.5117 -1.09274e-17,47.0727 -30.5117 0.0137795,47.0796 -30.5117 0.0018461,47.0847 -30.5117 0.00688975,47.0865 -30.5117 0.0137795,47.0078 -30.5117 0.124016,47.0216 -30.5117 0.137795,47.0096 -30.5117 0.130905,47.0147 -30.5117 0.135949,47.0727 -30.5117 0.124016,47.0727 -30.5117 0.137795,47.0865 -30.5117 0.124016,47.0796 -30.5117 0.135949,47.0847 -30.5117 0.130905]
}}
appearance Appearance{material USE PIN-01 }}
Shape { geometry IndexedFaceSet 
{ creaseAngle 1.00 coordIndex [0,1,2,-1,0,3,1,-1,4,2,5,-1,4,0,2,-1,6,5,7,-1,6,4,5,-1]
coord Coordinate { point [47.0847 -30.3149 0.00688975,47.0865 -30.5117 0.0137795,47.0847 -30.5117 0.00688975,47.0865 -30.3149 0.0137795,47.0796 -30.3149 0.0018461,47.0796 -30.5117 0.0018461,47.0727 -30.3149 -1.09274e-17,47.0727 -30.5117 -1.09274e-17]
}}
appearance Appearance{material USE PIN-01 }}
Shape { geometry IndexedFaceSet 
{ creaseAngle 1.00 coordIndex [0,1,2,-1,0,3,1,-1,4,5,0,-1,4,6,5,-1,4,0,2,-1,7,6,4,-1,8,7,4,-1,9,10,11,-1,9,11,12,-1,13,10,9,-1,14,13,9,-1,15,4,13,-1,15,8,4,-1,16,13,14,-1,17,15,13,-1,17,13,16,-1]
coord Coordinate { point [47.0216 -30.3149 -1.09274e-17,47.0096 -30.3149 0.00688975,47.0078 -30.3149 0.0137795,47.0147 -30.3149 0.0018461,47.0727 -30.3149 0.0137795,47.0727 -30.3149 -1.09274e-17,47.0796 -30.3149 0.0018461,47.0847 -30.3149 0.00688975,47.0865 -30.3149 0.0137795,47.0216 -30.3149 0.137795,47.0078 -30.3149 0.124016,47.0096 -30.3149 0.130905,47.0147 -30.3149 0.135949,47.0727 -30.3149 0.124016,47.0727 -30.3149 0.137795,47.0865 -30.3149 0.124016,47.0796 -30.3149 0.135949,47.0847 -30.3149 0.130905]
}}
appearance Appearance{material USE PIN-01 }}
Shape { geometry IndexedFaceSet 
{ creaseAngle 1.00 coordIndex [0,1,2,-1,0,2,3,-1,4,3,5,-1,4,0,3,-1,6,5,7,-1,6,4,5,-1]
coord Coordinate { point [47.0147 -30.3149 0.0018461,47.0216 -30.3149 -1.09274e-17,47.0216 -30.5117 -1.09274e-17,47.0147 -30.5117 0.0018461,47.0096 -30.3149 0.00688975,47.0096 -30.5117 0.00688975,47.0078 -30.3149 0.0137795,47.0078 -30.5117 0.0137795]
}}
appearance Appearance{material USE PIN-01 }}
Shape { geometry IndexedFaceSet 
{ creaseAngle 1.00 coordIndex [0,1,2,-1,2,1,3,-1]
coord Coordinate { point [43.3751 -30.2106 0,43.4251 -30.1606 0,43.3751 -30.2106 0.3937,43.4251 -30.1606 0.3937]
}}
appearance Appearance{material USE IC-BODY-EPOXY-04 }}
Shape { geometry IndexedFaceSet 
{ creaseAngle 1.00 coordIndex [0,1,2,-1,2,1,3,-1]
coord Coordinate { point [43.4251 -30.1606 0,43.4251 -29.7606 0,43.4251 -30.1606 0.3937,43.4251 -29.7606 0.3937]
}}
appearance Appearance{material USE IC-BODY-EPOXY-04 }}
Shape { geometry IndexedFaceSet 
{ creaseAngle 1.00 coordIndex [0,1,2,-1,2,1,3,-1]
coord Coordinate { point [43.4251 -29.7606 0,43.3751 -29.7106 0,43.4251 -29.7606 0.3937,43.3751 -29.7106 0.3937]
}}
appearance Appearance{material USE IC-BODY-EPOXY-04 }}
Shape { geometry IndexedFaceSet 
{ creaseAngle 1.00 coordIndex [0,1,2,-1,2,1,3,-1]
coord Coordinate { point [43.3751 -29.7106 0,43.4251 -29.6606 0,43.3751 -29.7106 0.3937,43.4251 -29.6606 0.3937]
}}
appearance Appearance{material USE IC-BODY-EPOXY-04 }}
Shape { geometry IndexedFaceSet 
{ creaseAngle 1.00 coordIndex [0,1,2,-1,2,1,3,-1]
coord Coordinate { point [43.4251 -29.6606 0,43.4251 -29.2606 0,43.4251 -29.6606 0.3937,43.4251 -29.2606 0.3937]
}}
appearance Appearance{material USE IC-BODY-EPOXY-04 }}
Shape { geometry IndexedFaceSet 
{ creaseAngle 1.00 coordIndex [0,1,2,-1,2,1,3,-1]
coord Coordinate { point [43.4251 -29.2606 0,43.3751 -29.2106 0,43.4251 -29.2606 0.3937,43.3751 -29.2106 0.3937]
}}
appearance Appearance{material USE IC-BODY-EPOXY-04 }}
Shape { geometry IndexedFaceSet 
{ creaseAngle 1.00 coordIndex [0,1,2,-1,2,1,3,-1]
coord Coordinate { point [43.3751 -29.2106 0,42.6483 -29.2106 0,43.3751 -29.2106 0.3937,42.6483 -29.2106 0.3937]
}}
appearance Appearance{material USE IC-BODY-EPOXY-04 }}
Shape { geometry IndexedFaceSet 
{ creaseAngle 1.00 coordIndex [0,1,2,-1,2,1,3,-1]
coord Coordinate { point [42.6483 -29.2106 0,42.5983 -29.2606 0,42.6483 -29.2106 0.3937,42.5983 -29.2606 0.3937]
}}
appearance Appearance{material USE IC-BODY-EPOXY-04 }}
Shape { geometry IndexedFaceSet 
{ creaseAngle 1.00 coordIndex [0,1,2,-1,2,1,3,-1]
coord Coordinate { point [42.5983 -29.2606 0,42.5983 -29.6606 0,42.5983 -29.2606 0.3937,42.5983 -29.6606 0.3937]
}}
appearance Appearance{material USE IC-BODY-EPOXY-04 }}
Shape { geometry IndexedFaceSet 
{ creaseAngle 1.00 coordIndex [0,1,2,-1,2,1,3,-1]
coord Coordinate { point [42.5983 -29.6606 0,42.6483 -29.7106 0,42.5983 -29.6606 0.3937,42.6483 -29.7106 0.3937]
}}
appearance Appearance{material USE IC-BODY-EPOXY-04 }}
Shape { geometry IndexedFaceSet 
{ creaseAngle 1.00 coordIndex [0,1,2,-1,2,1,3,-1]
coord Coordinate { point [42.6483 -29.7106 0,42.5983 -29.7606 0,42.6483 -29.7106 0.3937,42.5983 -29.7606 0.3937]
}}
appearance Appearance{material USE IC-BODY-EPOXY-04 }}
Shape { geometry IndexedFaceSet 
{ creaseAngle 1.00 coordIndex [0,1,2,-1,2,1,3,-1]
coord Coordinate { point [42.5983 -29.7606 0,42.5983 -30.1606 0,42.5983 -29.7606 0.3937,42.5983 -30.1606 0.3937]
}}
appearance Appearance{material USE IC-BODY-EPOXY-04 }}
Shape { geometry IndexedFaceSet 
{ creaseAngle 1.00 coordIndex [0,1,2,-1,2,1,3,-1]
coord Coordinate { point [42.5983 -30.1606 0,42.6483 -30.2106 0,42.5983 -30.1606 0.3937,42.6483 -30.2106 0.3937]
}}
appearance Appearance{material USE IC-BODY-EPOXY-04 }}
Shape { geometry IndexedFaceSet 
{ creaseAngle 1.00 coordIndex [0,1,2,-1,2,1,3,-1]
coord Coordinate { point [42.6483 -30.2106 0,43.3751 -30.2106 0,42.6483 -30.2106 0.3937,43.3751 -30.2106 0.3937]
}}
appearance Appearance{material USE IC-BODY-EPOXY-04 }}
Shape { geometry IndexedFaceSet 
{ creaseAngle 1.00 coordIndex [0,1,2,-1,0,3,1,-1,0,4,3,-1,5,4,0,-1,6,7,8,-1,6,8,5,-1,6,5,0,-1,9,2,10,-1,9,0,2,-1,11,9,10,-1,12,9,11,-1,13,9,12,-1,14,15,9,-1,14,9,13,-1,16,17,15,-1,16,15,14,-1]
coord Coordinate { point [44.055 -29.4399 0.011811,44.055 -29.4356 0.0059055,44.055 -29.434 0.011811,44.055 -29.4399 0.00158237,44.055 -29.4458 -1.36592e-18,44.055 -29.56 -1.36592e-18,44.055 -29.5718 0.011811,44.055 -29.5702 0.0059055,44.055 -29.5659 0.00158237,44.055 -29.4399 0.248031,44.055 -29.434 0.248031,44.055 -29.4356 0.253937,44.055 -29.4399 0.25826,44.055 -29.4458 0.259842,44.055 -29.56 0.259842,44.055 -29.5718 0.248031,44.055 -29.5659 0.25826,44.055 -29.5702 0.253937]
}}
appearance Appearance{material USE PIN-01 }}
Shape { geometry IndexedFaceSet 
{ creaseAngle 1.00 coordIndex [0,1,2,-1,3,2,4,-1,3,0,2,-1,5,3,4,-1]
coord Coordinate { point [44.055 -29.4399 0.00158237,44.055 -29.4458 -1.36592e-18,43.9999 -29.4458 -6.82961e-19,44.055 -29.4356 0.0059055,43.9991 -29.434 0.011811,44.055 -29.434 0.011811]
}}
appearance Appearance{material USE PIN-01 }}
Shape { geometry IndexedFaceSet 
{ creaseAngle 1.00 coordIndex [0,1,2,-1,2,1,3,-1,3,4,5,-1,1,4,3,-1,5,6,7,-1,4,6,5,-1,7,8,9,-1,6,8,7,-1,9,10,11,-1,8,10,9,-1,11,12,13,-1,10,12,11,-1,13,14,15,-1,12,14,13,-1,15,16,17,-1,14,16,15,-1,17,18,19,-1,16,18,17,-1,19,20,21,-1,18,20,19,-1]
coord Coordinate { point [43.8354 -29.434 0.248031,43.8346 -29.4458 0.259842,43.8354 -29.434 0.011811,43.8346 -29.4458 -1.36592e-18,43.8409 -29.4774 0.259842,43.8409 -29.4774 0,43.8588 -29.5043 0.259842,43.8588 -29.5043 0,43.8856 -29.5222 0.259842,43.8856 -29.5222 0,43.9172 -29.5285 0.259842,43.9172 -29.5285 0,43.9489 -29.5222 0.259842,43.9489 -29.5222 0,43.9757 -29.5043 0.259842,43.9757 -29.5043 0,43.9936 -29.4774 0.259842,43.9936 -29.4774 0,43.9999 -29.4458 0.259842,43.9999 -29.4458 -6.82961e-19,43.9991 -29.434 0.248031,43.9991 -29.434 0.011811]
}}
appearance Appearance{material USE PIN-01 }}
Shape { geometry IndexedFaceSet 
{ creaseAngle 1.00 coordIndex [0,1,2,-1,0,3,1,-1,4,2,5,-1,4,0,2,-1]
coord Coordinate { point [43.8346 -29.4458 -1.36592e-18,43.7794 -29.4399 0.00158237,43.7794 -29.4356 0.0059055,43.7794 -29.4458 -1.36592e-18,43.8354 -29.434 0.011811,43.7794 -29.434 0.011811]
}}
appearance Appearance{material USE PIN-01 }}
Shape { geometry IndexedFaceSet 
{ creaseAngle 1.00 coordIndex [0,1,2,-1,3,1,0,-1,4,1,3,-1,4,5,1,-1,6,7,8,-1,8,7,5,-1,5,7,1,-1,2,9,10,-1,1,9,2,-1,9,11,10,-1,9,12,11,-1,9,13,12,-1,14,15,9,-1,9,15,13,-1,16,17,14,-1,14,17,15,-1]
coord Coordinate { point [43.7794 -29.4356 0.0059055,43.7794 -29.4399 0.011811,43.7794 -29.434 0.011811,43.7794 -29.4399 0.00158237,43.7794 -29.4458 -1.36592e-18,43.7794 -29.56 -1.36592e-18,43.7794 -29.5702 0.0059055,43.7794 -29.5718 0.011811,43.7794 -29.5659 0.00158237,43.7794 -29.4399 0.248031,43.7794 -29.434 0.248031,43.7794 -29.4356 0.253937,43.7794 -29.4399 0.25826,43.7794 -29.4458 0.259842,43.7794 -29.5718 0.248031,43.7794 -29.56 0.259842,43.7794 -29.5702 0.253937,43.7794 -29.5659 0.25826]
}}
appearance Appearance{material USE PIN-01 }}
Shape { geometry IndexedFaceSet 
{ creaseAngle 1.00 coordIndex [0,1,2,-1,0,3,1,-1,4,2,5,-1,4,0,2,-1,6,5,7,-1,6,4,5,-1]
coord Coordinate { point [44.055 -29.5702 0.0059055,43.7794 -29.5718 0.011811,43.7794 -29.5702 0.0059055,44.055 -29.5718 0.011811,44.055 -29.5659 0.00158237,43.7794 -29.5659 0.00158237,44.055 -29.56 -1.36592e-18,43.7794 -29.56 -1.36592e-18]
}}
appearance Appearance{material USE PIN-01 }}
Shape { geometry IndexedFaceSet 
{ creaseAngle 1.00 coordIndex [0,1,2,-1,3,1,0,-1,4,5,1,-1,6,5,4,-1,1,5,2,-1,6,7,5,-1,7,8,5,-1,9,10,11,-1,11,10,12,-1,9,13,10,-1,13,14,10,-1,5,15,13,-1,8,15,5,-1,13,16,14,-1,15,17,13,-1,13,17,16,-1]
coord Coordinate { point [43.2668 -28.6614 0.00688975,43.2548 -28.6614 -1.09274e-17,43.2686 -28.6614 0.0137795,43.2617 -28.6614 0.0018461,43.2037 -28.6614 -1.09274e-17,43.2037 -28.6614 0.0137795,43.1968 -28.6614 0.0018461,43.1917 -28.6614 0.00688975,43.1899 -28.6614 0.0137795,43.2686 -28.6614 0.124016,43.2548 -28.6614 0.137795,43.2668 -28.6614 0.130905,43.2617 -28.6614 0.135949,43.2037 -28.6614 0.124016,43.2037 -28.6614 0.137795,43.1899 -28.6614 0.124016,43.1968 -28.6614 0.135949,43.1917 -28.6614 0.130905]
}}
appearance Appearance{material USE PIN-01 }}
Shape { geometry IndexedFaceSet 
{ creaseAngle 1.00 coordIndex [0,1,2,-1,0,3,1,-1,4,2,5,-1,4,0,2,-1,6,5,7,-1,6,4,5,-1]
coord Coordinate { point [43.1917 -28.8582 0.00688975,43.1899 -28.6614 0.0137795,43.1917 -28.6614 0.00688975,43.1899 -28.8582 0.0137795,43.1968 -28.8582 0.0018461,43.1968 -28.6614 0.0018461,43.2037 -28.8582 -1.09274e-17,43.2037 -28.6614 -1.09274e-17]
}}
appearance Appearance{material USE PIN-01 }}
Shape { geometry IndexedFaceSet 
{ creaseAngle 1.00 coordIndex [0,1,2,-1,0,3,1,-1,4,5,0,-1,4,6,5,-1,4,0,2,-1,7,6,4,-1,8,7,4,-1,9,10,11,-1,9,11,12,-1,13,10,9,-1,14,13,9,-1,15,4,13,-1,15,8,4,-1,16,13,14,-1,17,15,13,-1,17,13,16,-1]
coord Coordinate { point [43.2548 -28.8582 -1.09274e-17,43.2668 -28.8582 0.00688975,43.2686 -28.8582 0.0137795,43.2617 -28.8582 0.0018461,43.2037 -28.8582 0.0137795,43.2037 -28.8582 -1.09274e-17,43.1968 -28.8582 0.0018461,43.1917 -28.8582 0.00688975,43.1899 -28.8582 0.0137795,43.2548 -28.8582 0.137795,43.2686 -28.8582 0.124016,43.2668 -28.8582 0.130905,43.2617 -28.8582 0.135949,43.2037 -28.8582 0.124016,43.2037 -28.8582 0.137795,43.1899 -28.8582 0.124016,43.1968 -28.8582 0.135949,43.1917 -28.8582 0.130905]
}}
appearance Appearance{material USE PIN-01 }}
Shape { geometry IndexedFaceSet 
{ creaseAngle 1.00 coordIndex [0,1,2,-1,0,2,3,-1,4,3,5,-1,4,0,3,-1,6,5,7,-1,6,4,5,-1]
coord Coordinate { point [43.2617 -28.8582 0.0018461,43.2548 -28.8582 -1.09274e-17,43.2548 -28.6614 -1.09274e-17,43.2617 -28.6614 0.0018461,43.2668 -28.8582 0.00688975,43.2668 -28.6614 0.00688975,43.2686 -28.8582 0.0137795,43.2686 -28.6614 0.0137795]
}}
appearance Appearance{material USE PIN-01 }}
Shape { geometry IndexedFaceSet 
{ creaseAngle 1.00 coordIndex [0,1,2,-1,3,1,0,-1,4,1,3,-1,4,5,1,-1,6,7,8,-1,8,7,5,-1,5,7,1,-1,2,9,10,-1,10,9,11,-1,1,9,2,-1,9,12,11,-1,9,13,12,-1,9,14,13,-1,9,15,14,-1,14,16,17,-1,15,16,14,-1]
coord Coordinate { point [43.5817 -28.6614 0.00688975,43.5698 -28.6614 0.0137795,43.5836 -28.6614 0.0137795,43.5767 -28.6614 0.0018461,43.5698 -28.6614 -1.09274e-17,43.5186 -28.6614 -1.09274e-17,43.5067 -28.6614 0.00688975,43.5048 -28.6614 0.0137795,43.5117 -28.6614 0.0018461,43.5698 -28.6614 0.124016,43.5836 -28.6614 0.124016,43.5817 -28.6614 0.130905,43.5767 -28.6614 0.135949,43.5698 -28.6614 0.137795,43.5186 -28.6614 0.137795,43.5048 -28.6614 0.124016,43.5067 -28.6614 0.130905,43.5117 -28.6614 0.135949]
}}
appearance Appearance{material USE PIN-01 }}
Shape { geometry IndexedFaceSet 
{ creaseAngle 1.00 coordIndex [0,1,2,-1,0,3,1,-1,4,2,5,-1,4,0,2,-1,6,5,7,-1,6,4,5,-1]
coord Coordinate { point [43.5067 -28.8582 0.00688975,43.5048 -28.6614 0.0137795,43.5067 -28.6614 0.00688975,43.5048 -28.8582 0.0137795,43.5117 -28.8582 0.0018461,43.5117 -28.6614 0.0018461,43.5186 -28.8582 -1.09274e-17,43.5186 -28.6614 -1.09274e-17]
}}
appearance Appearance{material USE PIN-01 }}
Shape { geometry IndexedFaceSet 
{ creaseAngle 1.00 coordIndex [0,1,2,-1,0,3,1,-1,0,4,3,-1,5,4,0,-1,6,7,8,-1,6,8,5,-1,6,5,0,-1,9,2,10,-1,9,10,11,-1,9,0,2,-1,12,9,11,-1,13,9,12,-1,14,9,13,-1,15,9,14,-1,16,14,17,-1,16,15,14,-1]
coord Coordinate { point [43.5698 -28.8582 0.0137795,43.5817 -28.8582 0.00688975,43.5836 -28.8582 0.0137795,43.5767 -28.8582 0.0018461,43.5698 -28.8582 -1.09274e-17,43.5186 -28.8582 -1.09274e-17,43.5048 -28.8582 0.0137795,43.5067 -28.8582 0.00688975,43.5117 -28.8582 0.0018461,43.5698 -28.8582 0.124016,43.5836 -28.8582 0.124016,43.5817 -28.8582 0.130905,43.5767 -28.8582 0.135949,43.5698 -28.8582 0.137795,43.5186 -28.8582 0.137795,43.5048 -28.8582 0.124016,43.5067 -28.8582 0.130905,43.5117 -28.8582 0.135949]
}}
appearance Appearance{material USE PIN-01 }}
Shape { geometry IndexedFaceSet 
{ creaseAngle 1.00 coordIndex [0,1,2,-1,0,2,3,-1,4,3,5,-1,4,0,3,-1,6,5,7,-1,6,4,5,-1]
coord Coordinate { point [43.5767 -28.8582 0.0018461,43.5698 -28.8582 -1.09274e-17,43.5698 -28.6614 -1.09274e-17,43.5767 -28.6614 0.0018461,43.5817 -28.8582 0.00688975,43.5817 -28.6614 0.00688975,43.5836 -28.8582 0.0137795,43.5836 -28.6614 0.0137795]
}}
appearance Appearance{material USE PIN-01 }}
Shape { geometry IndexedFaceSet 
{ creaseAngle 1.00 coordIndex [0,1,2,-1,0,3,1,-1,4,2,5,-1,4,0,2,-1,6,5,7,-1,6,4,5,-1]
coord Coordinate { point [43.2818 -28.4473 0.003937,43.2031 -28.4484 0.007874,43.2031 -28.4473 0.003937,43.2818 -28.4484 0.007874,43.2818 -28.4444 0.00105492,43.2031 -28.4444 0.00105492,43.2818 -28.4405 0,43.2031 -28.4405 0]
}}
appearance Appearance{material USE PIN-01 }}
Shape { geometry IndexedFaceSet 
{ creaseAngle 1.00 coordIndex [0,1,2,-1,3,4,5,-1,3,2,4,-1,3,0,2,-1,6,3,5,-1,7,1,0,-1,8,9,1,-1,8,1,7,-1,10,5,11,-1,10,6,5,-1,12,13,9,-1,12,9,8,-1,14,11,15,-1,14,10,11,-1,16,12,17,-1,16,13,12,-1,18,15,19,-1,18,14,15,-1,20,17,21,-1,20,16,17,-1,22,23,18,-1,22,18,19,-1,24,25,26,-1,27,28,29,-1,27,29,23,-1,27,23,22,-1,30,26,28,-1,30,28,27,-1,31,24,26,-1,31,26,30,-1,24,20,21,-1,24,21,25,-1]
coord Coordinate { point [43.2818 -28.2633 0.00892892,43.2818 -28.2594 0,43.2818 -28.2555 0.00105492,43.2818 -28.2604 0.011811,43.2818 -28.2526 0.003937,43.2818 -28.2515 0.007874,43.2818 -28.2594 0.015748,43.2818 -28.2673 0.007874,43.2818 -28.4326 0.007874,43.2818 -28.4405 0,43.2818 -28.2594 0.181102,43.2818 -28.2515 0.188976,43.2818 -28.4366 0.00892892,43.2818 -28.4444 0.00105492,43.2818 -28.2604 0.185039,43.2818 -28.2526 0.192913,43.2818 -28.4473 0.003937,43.2818 -28.4394 0.011811,43.2818 -28.2633 0.187921,43.2818 -28.2555 0.195795,43.2818 -28.4484 0.007874,43.2818 -28.4405 0.015748,43.2818 -28.2594 0.19685,43.2818 -28.2673 0.188976,43.2818 -28.4484 0.188976,43.2818 -28.4405 0.181102,43.2818 -28.4394 0.185039,43.2818 -28.4405 0.19685,43.2818 -28.4366 0.187921,43.2818 -28.4326 0.188976,43.2818 -28.4444 0.195795,43.2818 -28.4473 0.192913]
}}
appearance Appearance{material USE PIN-01 }}
Shape { geometry IndexedFaceSet 
{ creaseAngle 1.00 coordIndex [0,1,2,-1,0,2,3,-1,4,3,5,-1,4,0,3,-1,6,5,7,-1,6,4,5,-1]
coord Coordinate { point [43.2818 -28.2555 0.00105492,43.2818 -28.2594 0,43.2031 -28.2594 0,43.2031 -28.2555 0.00105492,43.2818 -28.2526 0.003937,43.2031 -28.2526 0.003937,43.2818 -28.2515 0.007874,43.2031 -28.2515 0.007874]
}}
appearance Appearance{material USE PIN-01 }}
Shape { geometry IndexedFaceSet 
{ creaseAngle 1.00 coordIndex [0,1,2,-1,3,1,0,-1,4,5,6,-1,6,5,7,-1,8,9,10,-1,10,9,11,-1,12,13,5,-1,7,13,1,-1,2,13,8,-1,1,13,2,-1,8,13,9,-1,5,13,7,-1,13,14,15,-1,12,14,13,-1]
coord Coordinate { point [43.2031 -28.2526 0.003937,43.2031 -28.2594 0,43.2031 -28.2515 0.007874,43.2031 -28.2555 0.00105492,43.2031 -28.4473 0.003937,43.2031 -28.4484 0.007874,43.2031 -28.4444 0.00105492,43.2031 -28.4405 0,43.2031 -28.2515 0.188976,43.2031 -28.2594 0.19685,43.2031 -28.2526 0.192913,43.2031 -28.2555 0.195795,43.2031 -28.4484 0.188976,43.2031 -28.4405 0.19685,43.2031 -28.4473 0.192913,43.2031 -28.4444 0.195795]
}}
appearance Appearance{material USE PIN-01 }}
Shape { geometry IndexedFaceSet 
{ creaseAngle 1.00 coordIndex [0,1,2,-1,0,3,1,-1,4,2,5,-1,4,0,2,-1,6,5,7,-1,6,4,5,-1]
coord Coordinate { point [43.5968 -28.4473 0.003937,43.518 -28.4484 0.007874,43.518 -28.4473 0.003937,43.5968 -28.4484 0.007874,43.5968 -28.4444 0.00105492,43.518 -28.4444 0.00105492,43.5968 -28.4405 0,43.518 -28.4405 0]
}}
appearance Appearance{material USE PIN-01 }}
Shape { geometry IndexedFaceSet 
{ creaseAngle 1.00 coordIndex [0,1,2,-1,0,3,1,-1,4,5,6,-1,4,6,7,-1,8,9,10,-1,8,10,11,-1,12,13,4,-1,12,7,0,-1,12,2,9,-1,12,0,2,-1,12,9,8,-1,12,4,7,-1,14,12,15,-1,14,13,12,-1]
coord Coordinate { point [43.5968 -28.2594 0,43.5968 -28.2526 0.003937,43.5968 -28.2515 0.007874,43.5968 -28.2555 0.00105492,43.5968 -28.4484 0.007874,43.5968 -28.4473 0.003937,43.5968 -28.4444 0.00105492,43.5968 -28.4405 0,43.5968 -28.2594 0.19685,43.5968 -28.2515 0.188976,43.5968 -28.2526 0.192913,43.5968 -28.2555 0.195795,43.5968 -28.4405 0.19685,43.5968 -28.4484 0.188976,43.5968 -28.4473 0.192913,43.5968 -28.4444 0.195795]
}}
appearance Appearance{material USE PIN-01 }}
Shape { geometry IndexedFaceSet 
{ creaseAngle 1.00 coordIndex [0,1,2,-1,0,2,3,-1,4,3,5,-1,4,0,3,-1,6,5,7,-1,6,4,5,-1]
coord Coordinate { point [43.5968 -28.2555 0.00105492,43.5968 -28.2594 0,43.518 -28.2594 0,43.518 -28.2555 0.00105492,43.5968 -28.2526 0.003937,43.518 -28.2526 0.003937,43.5968 -28.2515 0.007874,43.518 -28.2515 0.007874]
}}
appearance Appearance{material USE PIN-01 }}
Shape { geometry IndexedFaceSet 
{ creaseAngle 1.00 coordIndex [0,1,2,-1,3,4,5,-1,2,4,3,-1,1,4,2,-1,4,6,5,-1,0,7,1,-1,8,9,0,-1,0,9,7,-1,5,10,11,-1,6,10,5,-1,12,13,8,-1,8,13,9,-1,11,14,15,-1,10,14,11,-1,13,16,17,-1,12,16,13,-1,15,18,19,-1,14,18,15,-1,17,20,21,-1,16,20,17,-1,22,23,18,-1,18,23,19,-1,24,25,26,-1,27,28,29,-1,29,28,22,-1,22,28,23,-1,26,30,27,-1,27,30,28,-1,25,31,26,-1,26,31,30,-1,20,25,21,-1,21,25,24,-1]
coord Coordinate { point [43.518 -28.2594 0,43.518 -28.2633 0.00892892,43.518 -28.2555 0.00105492,43.518 -28.2526 0.003937,43.518 -28.2604 0.011811,43.518 -28.2515 0.007874,43.518 -28.2594 0.015748,43.518 -28.2673 0.007874,43.518 -28.4405 0,43.518 -28.4326 0.007874,43.518 -28.2594 0.181102,43.518 -28.2515 0.188976,43.518 -28.4444 0.00105492,43.518 -28.4366 0.00892892,43.518 -28.2604 0.185039,43.518 -28.2526 0.192913,43.518 -28.4473 0.003937,43.518 -28.4394 0.011811,43.518 -28.2633 0.187921,43.518 -28.2555 0.195795,43.518 -28.4484 0.007874,43.518 -28.4405 0.015748,43.518 -28.2673 0.188976,43.518 -28.2594 0.19685,43.518 -28.4405 0.181102,43.518 -28.4484 0.188976,43.518 -28.4394 0.185039,43.518 -28.4366 0.187921,43.518 -28.4405 0.19685,43.518 -28.4326 0.188976,43.518 -28.4444 0.195795,43.518 -28.4473 0.192913]
}}
appearance Appearance{material USE PIN-01 }}
Shape { geometry IndexedFaceSet 
{ creaseAngle 1.00 coordIndex [0,1,2,-1,0,2,3,-1,4,3,5,-1,4,0,3,-1,6,5,7,-1,6,4,5,-1,8,7,9,-1,8,6,7,-1]
coord Coordinate { point [44.4586 -28.9474 0.00599373,44.4586 -28.9173 -5.46369e-17,44.5767 -28.9173 -5.46369e-17,44.5767 -28.9474 0.00599373,44.4586 -28.9729 0.0230624,44.5767 -28.9729 0.0230624,44.4586 -28.99 0.0486075,44.5767 -28.99 0.0486075,44.4586 -28.996 0.07874,44.5767 -28.996 0.07874]
}}
appearance Appearance{material USE PIN-01 }}
Shape { geometry IndexedFaceSet 
{ creaseAngle 1.00 coordIndex [0,1,2,-1,0,2,3,-1,0,3,4,-1,5,1,0,-1,6,1,5,-1,7,6,5,-1,8,7,9,-1,8,6,7,-1,10,8,9,-1,11,9,12,-1,11,12,13,-1,11,10,9,-1,14,11,13,-1,15,14,13,-1,16,14,15,-1,17,18,16,-1,17,16,15,-1,19,18,17,-1,20,18,19,-1,21,20,19,-1]
coord Coordinate { point [44.5767 -28.9173 0.059055,44.5767 -28.9474 0.00599373,44.5767 -28.9173 -5.46369e-17,44.5767 -28.7401 -5.46369e-17,44.5767 -28.7401 0.059055,44.5767 -28.9271 0.0616923,44.5767 -28.9729 0.0230624,44.5767 -28.9343 0.0688975,44.5767 -28.99 0.0486075,44.5767 -28.9369 0.07874,44.5767 -28.996 0.07874,44.5767 -28.996 0.15748,44.5767 -28.9369 0.15748,44.5767 -28.9429 0.187612,44.5767 -28.9986 0.167322,44.5767 -28.96 0.213158,44.5767 -29.0058 0.174528,44.5767 -28.9856 0.230226,44.5767 -29.0157 0.177165,44.5767 -29.0157 0.23622,44.5767 -29.1141 0.177165,44.5767 -29.1141 0.23622]
}}
appearance Appearance{material USE PIN-01 }}
Shape { geometry IndexedFaceSet 
{ creaseAngle 1.00 coordIndex [0,1,2,-1,2,1,3,-1]
coord Coordinate { point [44.4586 -28.7401 -5.46369e-17,44.4586 -28.7401 0.059055,44.5767 -28.7401 -5.46369e-17,44.5767 -28.7401 0.059055]
}}
appearance Appearance{material USE PIN-01 }}
Shape { geometry IndexedFaceSet 
{ creaseAngle 1.00 coordIndex [0,1,2,-1,2,1,3,-1,3,1,4,-1,0,5,1,-1,0,6,5,-1,6,7,5,-1,7,8,9,-1,6,8,7,-1,8,10,9,-1,9,11,12,-1,12,11,13,-1,10,11,9,-1,11,14,13,-1,14,15,13,-1,14,16,15,-1,17,18,16,-1,16,18,15,-1,17,19,18,-1,17,20,19,-1,20,21,19,-1]
coord Coordinate { point [44.4586 -28.9474 0.00599373,44.4586 -28.9173 0.059055,44.4586 -28.9173 -5.46369e-17,44.4586 -28.7401 -5.46369e-17,44.4586 -28.7401 0.059055,44.4586 -28.9271 0.0616923,44.4586 -28.9729 0.0230624,44.4586 -28.9343 0.0688975,44.4586 -28.99 0.0486075,44.4586 -28.9369 0.07874,44.4586 -28.996 0.07874,44.4586 -28.996 0.15748,44.4586 -28.9369 0.15748,44.4586 -28.9429 0.187612,44.4586 -28.9986 0.167322,44.4586 -28.96 0.213158,44.4586 -29.0058 0.174528,44.4586 -29.0157 0.177165,44.4586 -28.9856 0.230226,44.4586 -29.0157 0.23622,44.4586 -29.1141 0.177165,44.4586 -29.1141 0.23622]
}}
appearance Appearance{material USE PIN-01 }}
Shape { geometry IndexedFaceSet 
{ creaseAngle 1.00 coordIndex [0,1,2,-1,0,2,3,-1,4,3,5,-1,4,0,3,-1,6,5,7,-1,6,4,5,-1,8,7,9,-1,8,6,7,-1]
coord Coordinate { point [44.7145 -28.9474 0.00599373,44.7145 -28.9173 -5.46369e-17,44.8326 -28.9173 -5.46369e-17,44.8326 -28.9474 0.00599373,44.7145 -28.9729 0.0230624,44.8326 -28.9729 0.0230624,44.7145 -28.99 0.0486075,44.8326 -28.99 0.0486075,44.7145 -28.996 0.07874,44.8326 -28.996 0.07874]
}}
appearance Appearance{material USE PIN-01 }}
Shape { geometry IndexedFaceSet 
{ creaseAngle 1.00 coordIndex [0,1,2,-1,0,2,3,-1,0,3,4,-1,5,1,0,-1,6,1,5,-1,7,6,5,-1,8,7,9,-1,8,6,7,-1,10,8,9,-1,11,9,12,-1,11,12,13,-1,11,10,9,-1,14,11,13,-1,15,14,13,-1,16,14,15,-1,17,18,16,-1,17,16,15,-1,19,18,17,-1,20,18,19,-1,21,20,19,-1]
coord Coordinate { point [44.8326 -28.9173 0.059055,44.8326 -28.9474 0.00599373,44.8326 -28.9173 -5.46369e-17,44.8326 -28.7401 -5.46369e-17,44.8326 -28.7401 0.059055,44.8326 -28.9271 0.0616923,44.8326 -28.9729 0.0230624,44.8326 -28.9343 0.0688975,44.8326 -28.99 0.0486075,44.8326 -28.9369 0.07874,44.8326 -28.996 0.07874,44.8326 -28.996 0.15748,44.8326 -28.9369 0.15748,44.8326 -28.9429 0.187612,44.8326 -28.9986 0.167322,44.8326 -28.96 0.213158,44.8326 -29.0058 0.174528,44.8326 -28.9856 0.230226,44.8326 -29.0157 0.177165,44.8326 -29.0157 0.23622,44.8326 -29.1141 0.177165,44.8326 -29.1141 0.23622]
}}
appearance Appearance{material USE PIN-01 }}
Shape { geometry IndexedFaceSet 
{ creaseAngle 1.00 coordIndex [0,1,2,-1,2,1,3,-1]
coord Coordinate { point [44.7145 -28.7401 -5.46369e-17,44.7145 -28.7401 0.059055,44.8326 -28.7401 -5.46369e-17,44.8326 -28.7401 0.059055]
}}
appearance Appearance{material USE PIN-01 }}
Shape { geometry IndexedFaceSet 
{ creaseAngle 1.00 coordIndex [0,1,2,-1,2,1,3,-1,3,1,4,-1,0,5,1,-1,0,6,5,-1,6,7,5,-1,7,8,9,-1,6,8,7,-1,8,10,9,-1,9,11,12,-1,12,11,13,-1,10,11,9,-1,11,14,13,-1,14,15,13,-1,14,16,15,-1,17,18,16,-1,16,18,15,-1,17,19,18,-1,17,20,19,-1,20,21,19,-1]
coord Coordinate { point [44.7145 -28.9474 0.00599373,44.7145 -28.9173 0.059055,44.7145 -28.9173 -5.46369e-17,44.7145 -28.7401 -5.46369e-17,44.7145 -28.7401 0.059055,44.7145 -28.9271 0.0616923,44.7145 -28.9729 0.0230624,44.7145 -28.9343 0.0688975,44.7145 -28.99 0.0486075,44.7145 -28.9369 0.07874,44.7145 -28.996 0.07874,44.7145 -28.996 0.15748,44.7145 -28.9369 0.15748,44.7145 -28.9429 0.187612,44.7145 -28.9986 0.167322,44.7145 -28.96 0.213158,44.7145 -29.0058 0.174528,44.7145 -29.0157 0.177165,44.7145 -28.9856 0.230226,44.7145 -29.0157 0.23622,44.7145 -29.1141 0.177165,44.7145 -29.1141 0.23622]
}}
appearance Appearance{material USE PIN-01 }}
Shape { geometry IndexedFaceSet 
{ creaseAngle 1.00 coordIndex [0,1,2,-1,0,2,3,-1,0,3,4,-1,5,1,0,-1,6,1,5,-1,7,6,5,-1,8,7,9,-1,8,6,7,-1,10,8,9,-1,11,9,12,-1,11,12,13,-1,11,10,9,-1,14,11,13,-1,15,14,13,-1,16,14,15,-1,17,18,16,-1,17,16,15,-1,19,18,17,-1,20,18,19,-1,21,20,19,-1]
coord Coordinate { point [45.0885 -28.9173 0.059055,45.0885 -28.9474 0.00599373,45.0885 -28.9173 -5.46369e-17,45.0885 -28.7401 -5.46369e-17,45.0885 -28.7401 0.059055,45.0885 -28.9271 0.0616923,45.0885 -28.9729 0.0230624,45.0885 -28.9343 0.0688975,45.0885 -28.99 0.0486075,45.0885 -28.9369 0.07874,45.0885 -28.996 0.07874,45.0885 -28.996 0.15748,45.0885 -28.9369 0.15748,45.0885 -28.9429 0.187612,45.0885 -28.9986 0.167322,45.0885 -28.96 0.213158,45.0885 -29.0058 0.174528,45.0885 -28.9856 0.230226,45.0885 -29.0157 0.177165,45.0885 -29.0157 0.23622,45.0885 -29.1141 0.177165,45.0885 -29.1141 0.23622]
}}
appearance Appearance{material USE PIN-01 }}
Shape { geometry IndexedFaceSet 
{ creaseAngle 1.00 coordIndex [0,1,2,-1,2,1,3,-1]
coord Coordinate { point [44.9704 -28.7401 -5.46369e-17,44.9704 -28.7401 0.059055,45.0885 -28.7401 -5.46369e-17,45.0885 -28.7401 0.059055]
}}
appearance Appearance{material USE PIN-01 }}
Shape { geometry IndexedFaceSet 
{ creaseAngle 1.00 coordIndex [0,1,2,-1,2,1,3,-1,3,1,4,-1,0,5,1,-1,0,6,5,-1,6,7,5,-1,7,8,9,-1,6,8,7,-1,8,10,9,-1,9,11,12,-1,12,11,13,-1,10,11,9,-1,11,14,13,-1,14,15,13,-1,14,16,15,-1,17,18,16,-1,16,18,15,-1,17,19,18,-1,17,20,19,-1,20,21,19,-1]
coord Coordinate { point [44.9704 -28.9474 0.00599373,44.9704 -28.9173 0.059055,44.9704 -28.9173 -5.46369e-17,44.9704 -28.7401 -5.46369e-17,44.9704 -28.7401 0.059055,44.9704 -28.9271 0.0616923,44.9704 -28.9729 0.0230624,44.9704 -28.9343 0.0688975,44.9704 -28.99 0.0486075,44.9704 -28.9369 0.07874,44.9704 -28.996 0.07874,44.9704 -28.996 0.15748,44.9704 -28.9369 0.15748,44.9704 -28.9429 0.187612,44.9704 -28.9986 0.167322,44.9704 -28.96 0.213158,44.9704 -29.0058 0.174528,44.9704 -29.0157 0.177165,44.9704 -28.9856 0.230226,44.9704 -29.0157 0.23622,44.9704 -29.1141 0.177165,44.9704 -29.1141 0.23622]
}}
appearance Appearance{material USE PIN-01 }}
Shape { geometry IndexedFaceSet 
{ creaseAngle 1.00 coordIndex [0,1,2,-1,0,2,3,-1,4,3,5,-1,4,0,3,-1,6,5,7,-1,6,4,5,-1,8,7,9,-1,8,6,7,-1]
coord Coordinate { point [44.9704 -28.9474 0.00599373,44.9704 -28.9173 -5.46369e-17,45.0885 -28.9173 -5.46369e-17,45.0885 -28.9474 0.00599373,44.9704 -28.9729 0.0230624,45.0885 -28.9729 0.0230624,44.9704 -28.99 0.0486075,45.0885 -28.99 0.0486075,44.9704 -28.996 0.07874,45.0885 -28.996 0.07874]
}}
appearance Appearance{material USE PIN-01 }}
Shape { geometry IndexedFaceSet 
{ creaseAngle 1.00 coordIndex [0,1,2,-1,0,2,3,-1,0,3,4,-1,5,1,0,-1,6,1,5,-1,7,6,5,-1,8,7,9,-1,8,6,7,-1,10,8,9,-1,11,9,12,-1,11,12,13,-1,11,10,9,-1,14,11,13,-1,15,14,13,-1,16,14,15,-1,17,18,16,-1,17,16,15,-1,19,18,17,-1,20,18,19,-1,21,20,19,-1]
coord Coordinate { point [45.3444 -28.9173 0.059055,45.3444 -28.9474 0.00599373,45.3444 -28.9173 -5.46369e-17,45.3444 -28.7401 -5.46369e-17,45.3444 -28.7401 0.059055,45.3444 -28.9271 0.0616923,45.3444 -28.9729 0.0230624,45.3444 -28.9343 0.0688975,45.3444 -28.99 0.0486075,45.3444 -28.9369 0.07874,45.3444 -28.996 0.07874,45.3444 -28.996 0.15748,45.3444 -28.9369 0.15748,45.3444 -28.9429 0.187612,45.3444 -28.9986 0.167322,45.3444 -28.96 0.213158,45.3444 -29.0058 0.174528,45.3444 -28.9856 0.230226,45.3444 -29.0157 0.177165,45.3444 -29.0157 0.23622,45.3444 -29.1141 0.177165,45.3444 -29.1141 0.23622]
}}
appearance Appearance{material USE PIN-01 }}
Shape { geometry IndexedFaceSet 
{ creaseAngle 1.00 coordIndex [0,1,2,-1,2,1,3,-1]
coord Coordinate { point [45.2263 -28.7401 -5.46369e-17,45.2263 -28.7401 0.059055,45.3444 -28.7401 -5.46369e-17,45.3444 -28.7401 0.059055]
}}
appearance Appearance{material USE PIN-01 }}
Shape { geometry IndexedFaceSet 
{ creaseAngle 1.00 coordIndex [0,1,2,-1,2,1,3,-1,3,1,4,-1,0,5,1,-1,0,6,5,-1,6,7,5,-1,7,8,9,-1,6,8,7,-1,8,10,9,-1,9,11,12,-1,12,11,13,-1,10,11,9,-1,11,14,13,-1,14,15,13,-1,14,16,15,-1,17,18,16,-1,16,18,15,-1,17,19,18,-1,17,20,19,-1,20,21,19,-1]
coord Coordinate { point [45.2263 -28.9474 0.00599373,45.2263 -28.9173 0.059055,45.2263 -28.9173 -5.46369e-17,45.2263 -28.7401 -5.46369e-17,45.2263 -28.7401 0.059055,45.2263 -28.9271 0.0616923,45.2263 -28.9729 0.0230624,45.2263 -28.9343 0.0688975,45.2263 -28.99 0.0486075,45.2263 -28.9369 0.07874,45.2263 -28.996 0.07874,45.2263 -28.996 0.15748,45.2263 -28.9369 0.15748,45.2263 -28.9429 0.187612,45.2263 -28.9986 0.167322,45.2263 -28.96 0.213158,45.2263 -29.0058 0.174528,45.2263 -29.0157 0.177165,45.2263 -28.9856 0.230226,45.2263 -29.0157 0.23622,45.2263 -29.1141 0.177165,45.2263 -29.1141 0.23622]
}}
appearance Appearance{material USE PIN-01 }}
Shape { geometry IndexedFaceSet 
{ creaseAngle 1.00 coordIndex [0,1,2,-1,0,2,3,-1,4,3,5,-1,4,0,3,-1,6,5,7,-1,6,4,5,-1,8,7,9,-1,8,6,7,-1]
coord Coordinate { point [45.2263 -28.9474 0.00599373,45.2263 -28.9173 -5.46369e-17,45.3444 -28.9173 -5.46369e-17,45.3444 -28.9474 0.00599373,45.2263 -28.9729 0.0230624,45.3444 -28.9729 0.0230624,45.2263 -28.99 0.0486075,45.3444 -28.99 0.0486075,45.2263 -28.996 0.07874,45.3444 -28.996 0.07874]
}}
appearance Appearance{material USE PIN-01 }}
Shape { geometry IndexedFaceSet 
{ creaseAngle 1.00 coordIndex [0,1,2,-1,3,1,0,-1,4,5,1,-1,6,5,4,-1,1,5,2,-1,6,7,5,-1,7,8,5,-1,9,10,11,-1,11,10,12,-1,9,13,10,-1,13,14,10,-1,5,15,13,-1,8,15,5,-1,13,16,14,-1,15,17,13,-1,13,17,16,-1]
coord Coordinate { point [44.3485 -28.1594 0.00688975,44.3365 -28.1594 -1.09274e-17,44.3503 -28.1594 0.0137795,44.3434 -28.1594 0.0018461,44.2853 -28.1594 -1.09274e-17,44.2853 -28.1594 0.0137795,44.2785 -28.1594 0.0018461,44.2734 -28.1594 0.00688975,44.2716 -28.1594 0.0137795,44.3503 -28.1594 0.124016,44.3365 -28.1594 0.137795,44.3485 -28.1594 0.130905,44.3434 -28.1594 0.135949,44.2853 -28.1594 0.124016,44.2853 -28.1594 0.137795,44.2716 -28.1594 0.124016,44.2785 -28.1594 0.135949,44.2734 -28.1594 0.130905]
}}
appearance Appearance{material USE PIN-01 }}
Shape { geometry IndexedFaceSet 
{ creaseAngle 1.00 coordIndex [0,1,2,-1,0,3,1,-1,4,2,5,-1,4,0,2,-1,6,5,7,-1,6,4,5,-1]
coord Coordinate { point [44.2734 -28.3562 0.00688975,44.2716 -28.1594 0.0137795,44.2734 -28.1594 0.00688975,44.2716 -28.3562 0.0137795,44.2785 -28.3562 0.0018461,44.2785 -28.1594 0.0018461,44.2853 -28.3562 -1.09274e-17,44.2853 -28.1594 -1.09274e-17]
}}
appearance Appearance{material USE PIN-01 }}
Shape { geometry IndexedFaceSet 
{ creaseAngle 1.00 coordIndex [0,1,2,-1,0,3,1,-1,4,5,0,-1,4,6,5,-1,4,0,2,-1,7,6,4,-1,8,7,4,-1,9,10,11,-1,9,11,12,-1,13,10,9,-1,14,13,9,-1,15,4,13,-1,15,8,4,-1,16,13,14,-1,17,15,13,-1,17,13,16,-1]
coord Coordinate { point [44.3365 -28.3562 -1.09274e-17,44.3485 -28.3562 0.00688975,44.3503 -28.3562 0.0137795,44.3434 -28.3562 0.0018461,44.2853 -28.3562 0.0137795,44.2853 -28.3562 -1.09274e-17,44.2785 -28.3562 0.0018461,44.2734 -28.3562 0.00688975,44.2716 -28.3562 0.0137795,44.3365 -28.3562 0.137795,44.3503 -28.3562 0.124016,44.3485 -28.3562 0.130905,44.3434 -28.3562 0.135949,44.2853 -28.3562 0.124016,44.2853 -28.3562 0.137795,44.2716 -28.3562 0.124016,44.2785 -28.3562 0.135949,44.2734 -28.3562 0.130905]
}}
appearance Appearance{material USE PIN-01 }}
Shape { geometry IndexedFaceSet 
{ creaseAngle 1.00 coordIndex [0,1,2,-1,0,2,3,-1,4,3,5,-1,4,0,3,-1,6,5,7,-1,6,4,5,-1]
coord Coordinate { point [44.3434 -28.3562 0.0018461,44.3365 -28.3562 -1.09274e-17,44.3365 -28.1594 -1.09274e-17,44.3434 -28.1594 0.0018461,44.3485 -28.3562 0.00688975,44.3485 -28.1594 0.00688975,44.3503 -28.3562 0.0137795,44.3503 -28.1594 0.0137795]
}}
appearance Appearance{material USE PIN-01 }}
Shape { geometry IndexedFaceSet 
{ creaseAngle 1.00 coordIndex [0,1,2,-1,3,1,0,-1,4,1,3,-1,4,5,1,-1,6,7,8,-1,8,7,5,-1,5,7,1,-1,2,9,10,-1,10,9,11,-1,1,9,2,-1,9,12,11,-1,9,13,12,-1,9,14,13,-1,9,15,14,-1,14,16,17,-1,15,16,14,-1]
coord Coordinate { point [44.6634 -28.1594 0.00688975,44.6515 -28.1594 0.0137795,44.6653 -28.1594 0.0137795,44.6584 -28.1594 0.0018461,44.6515 -28.1594 -1.09274e-17,44.6003 -28.1594 -1.09274e-17,44.5884 -28.1594 0.00688975,44.5865 -28.1594 0.0137795,44.5934 -28.1594 0.0018461,44.6515 -28.1594 0.124016,44.6653 -28.1594 0.124016,44.6634 -28.1594 0.130905,44.6584 -28.1594 0.135949,44.6515 -28.1594 0.137795,44.6003 -28.1594 0.137795,44.5865 -28.1594 0.124016,44.5884 -28.1594 0.130905,44.5934 -28.1594 0.135949]
}}
appearance Appearance{material USE PIN-01 }}
Shape { geometry IndexedFaceSet 
{ creaseAngle 1.00 coordIndex [0,1,2,-1,0,3,1,-1,4,2,5,-1,4,0,2,-1,6,5,7,-1,6,4,5,-1]
coord Coordinate { point [44.5884 -28.3562 0.00688975,44.5865 -28.1594 0.0137795,44.5884 -28.1594 0.00688975,44.5865 -28.3562 0.0137795,44.5934 -28.3562 0.0018461,44.5934 -28.1594 0.0018461,44.6003 -28.3562 -1.09274e-17,44.6003 -28.1594 -1.09274e-17]
}}
appearance Appearance{material USE PIN-01 }}
Shape { geometry IndexedFaceSet 
{ creaseAngle 1.00 coordIndex [0,1,2,-1,0,3,1,-1,0,4,3,-1,5,4,0,-1,6,7,8,-1,6,8,5,-1,6,5,0,-1,9,2,10,-1,9,10,11,-1,9,0,2,-1,12,9,11,-1,13,9,12,-1,14,9,13,-1,15,9,14,-1,16,14,17,-1,16,15,14,-1]
coord Coordinate { point [44.6515 -28.3562 0.0137795,44.6634 -28.3562 0.00688975,44.6653 -28.3562 0.0137795,44.6584 -28.3562 0.0018461,44.6515 -28.3562 -1.09274e-17,44.6003 -28.3562 -1.09274e-17,44.5865 -28.3562 0.0137795,44.5884 -28.3562 0.00688975,44.5934 -28.3562 0.0018461,44.6515 -28.3562 0.124016,44.6653 -28.3562 0.124016,44.6634 -28.3562 0.130905,44.6584 -28.3562 0.135949,44.6515 -28.3562 0.137795,44.6003 -28.3562 0.137795,44.5865 -28.3562 0.124016,44.5884 -28.3562 0.130905,44.5934 -28.3562 0.135949]
}}
appearance Appearance{material USE PIN-01 }}
Shape { geometry IndexedFaceSet 
{ creaseAngle 1.00 coordIndex [0,1,2,-1,0,2,3,-1,4,3,5,-1,4,0,3,-1,6,5,7,-1,6,4,5,-1]
coord Coordinate { point [44.6584 -28.3562 0.0018461,44.6515 -28.3562 -1.09274e-17,44.6515 -28.1594 -1.09274e-17,44.6584 -28.1594 0.0018461,44.6634 -28.3562 0.00688975,44.6634 -28.1594 0.00688975,44.6653 -28.3562 0.0137795,44.6653 -28.1594 0.0137795]
}}
appearance Appearance{material USE PIN-01 }}
Shape { geometry IndexedFaceSet 
{ creaseAngle 1.00 coordIndex [0,1,2,-1,0,3,1,-1,4,2,5,-1,4,0,2,-1,6,5,7,-1,6,4,5,-1]
coord Coordinate { point [45.0983 -28.3552 0.003937,45.0196 -28.3562 0.007874,45.0196 -28.3552 0.003937,45.0983 -28.3562 0.007874,45.0983 -28.3523 0.00105492,45.0196 -28.3523 0.00105492,45.0983 -28.3484 0,45.0196 -28.3484 0]
}}
appearance Appearance{material USE PIN-01 }}
Shape { geometry IndexedFaceSet 
{ creaseAngle 1.00 coordIndex [0,1,2,-1,3,4,5,-1,3,2,4,-1,3,0,2,-1,6,3,5,-1,7,1,0,-1,8,9,1,-1,8,1,7,-1,10,5,11,-1,10,6,5,-1,12,13,9,-1,12,9,8,-1,14,11,15,-1,14,10,11,-1,16,12,17,-1,16,13,12,-1,18,15,19,-1,18,14,15,-1,20,17,21,-1,20,16,17,-1,22,23,18,-1,22,18,19,-1,24,25,26,-1,27,28,29,-1,27,29,23,-1,27,23,22,-1,30,26,28,-1,30,28,27,-1,31,24,26,-1,31,26,30,-1,24,20,21,-1,24,21,25,-1]
coord Coordinate { point [45.0983 -28.1712 0.00892892,45.0983 -28.1673 0,45.0983 -28.1633 0.00105492,45.0983 -28.1683 0.011811,45.0983 -28.1604 0.003937,45.0983 -28.1594 0.007874,45.0983 -28.1673 0.015748,45.0983 -28.1751 0.007874,45.0983 -28.3405 0.007874,45.0983 -28.3484 0,45.0983 -28.1673 0.181102,45.0983 -28.1594 0.188976,45.0983 -28.3444 0.00892892,45.0983 -28.3523 0.00105492,45.0983 -28.1683 0.185039,45.0983 -28.1604 0.192913,45.0983 -28.3552 0.003937,45.0983 -28.3473 0.011811,45.0983 -28.1712 0.187921,45.0983 -28.1633 0.195795,45.0983 -28.3562 0.007874,45.0983 -28.3484 0.015748,45.0983 -28.1673 0.19685,45.0983 -28.1751 0.188976,45.0983 -28.3562 0.188976,45.0983 -28.3484 0.181102,45.0983 -28.3473 0.185039,45.0983 -28.3484 0.19685,45.0983 -28.3444 0.187921,45.0983 -28.3405 0.188976,45.0983 -28.3523 0.195795,45.0983 -28.3552 0.192913]
}}
appearance Appearance{material USE PIN-01 }}
Shape { geometry IndexedFaceSet 
{ creaseAngle 1.00 coordIndex [0,1,2,-1,0,2,3,-1,4,3,5,-1,4,0,3,-1,6,5,7,-1,6,4,5,-1]
coord Coordinate { point [45.0983 -28.1633 0.00105492,45.0983 -28.1673 0,45.0196 -28.1673 0,45.0196 -28.1633 0.00105492,45.0983 -28.1604 0.003937,45.0196 -28.1604 0.003937,45.0983 -28.1594 0.007874,45.0196 -28.1594 0.007874]
}}
appearance Appearance{material USE PIN-01 }}
Shape { geometry IndexedFaceSet 
{ creaseAngle 1.00 coordIndex [0,1,2,-1,3,1,0,-1,4,5,6,-1,6,5,7,-1,8,9,10,-1,10,9,11,-1,12,13,5,-1,7,13,1,-1,2,13,8,-1,1,13,2,-1,8,13,9,-1,5,13,7,-1,13,14,15,-1,12,14,13,-1]
coord Coordinate { point [45.0196 -28.1604 0.003937,45.0196 -28.1673 0,45.0196 -28.1594 0.007874,45.0196 -28.1633 0.00105492,45.0196 -28.3552 0.003937,45.0196 -28.3562 0.007874,45.0196 -28.3523 0.00105492,45.0196 -28.3484 0,45.0196 -28.1594 0.188976,45.0196 -28.1673 0.19685,45.0196 -28.1604 0.192913,45.0196 -28.1633 0.195795,45.0196 -28.3562 0.188976,45.0196 -28.3484 0.19685,45.0196 -28.3552 0.192913,45.0196 -28.3523 0.195795]
}}
appearance Appearance{material USE PIN-01 }}
Shape { geometry IndexedFaceSet 
{ creaseAngle 1.00 coordIndex [0,1,2,-1,0,3,1,-1,4,2,5,-1,4,0,2,-1,6,5,7,-1,6,4,5,-1]
coord Coordinate { point [45.4133 -28.3552 0.003937,45.3346 -28.3562 0.007874,45.3346 -28.3552 0.003937,45.4133 -28.3562 0.007874,45.4133 -28.3523 0.00105492,45.3346 -28.3523 0.00105492,45.4133 -28.3484 0,45.3346 -28.3484 0]
}}
appearance Appearance{material USE PIN-01 }}
Shape { geometry IndexedFaceSet 
{ creaseAngle 1.00 coordIndex [0,1,2,-1,0,3,1,-1,4,5,6,-1,4,6,7,-1,8,9,10,-1,8,10,11,-1,12,13,4,-1,12,7,0,-1,12,2,9,-1,12,0,2,-1,12,9,8,-1,12,4,7,-1,14,12,15,-1,14,13,12,-1]
coord Coordinate { point [45.4133 -28.1673 0,45.4133 -28.1604 0.003937,45.4133 -28.1594 0.007874,45.4133 -28.1633 0.00105492,45.4133 -28.3562 0.007874,45.4133 -28.3552 0.003937,45.4133 -28.3523 0.00105492,45.4133 -28.3484 0,45.4133 -28.1673 0.19685,45.4133 -28.1594 0.188976,45.4133 -28.1604 0.192913,45.4133 -28.1633 0.195795,45.4133 -28.3484 0.19685,45.4133 -28.3562 0.188976,45.4133 -28.3552 0.192913,45.4133 -28.3523 0.195795]
}}
appearance Appearance{material USE PIN-01 }}
Shape { geometry IndexedFaceSet 
{ creaseAngle 1.00 coordIndex [0,1,2,-1,0,2,3,-1,4,3,5,-1,4,0,3,-1,6,5,7,-1,6,4,5,-1]
coord Coordinate { point [45.4133 -28.1633 0.00105492,45.4133 -28.1673 0,45.3346 -28.1673 0,45.3346 -28.1633 0.00105492,45.4133 -28.1604 0.003937,45.3346 -28.1604 0.003937,45.4133 -28.1594 0.007874,45.3346 -28.1594 0.007874]
}}
appearance Appearance{material USE PIN-01 }}
Shape { geometry IndexedFaceSet 
{ creaseAngle 1.00 coordIndex [0,1,2,-1,3,4,5,-1,2,4,3,-1,1,4,2,-1,4,6,5,-1,0,7,1,-1,8,9,0,-1,0,9,7,-1,5,10,11,-1,6,10,5,-1,12,13,8,-1,8,13,9,-1,11,14,15,-1,10,14,11,-1,13,16,17,-1,12,16,13,-1,15,18,19,-1,14,18,15,-1,17,20,21,-1,16,20,17,-1,22,23,18,-1,18,23,19,-1,24,25,26,-1,27,28,29,-1,29,28,22,-1,22,28,23,-1,26,30,27,-1,27,30,28,-1,25,31,26,-1,26,31,30,-1,20,25,21,-1,21,25,24,-1]
coord Coordinate { point [45.3346 -28.1673 0,45.3346 -28.1712 0.00892892,45.3346 -28.1633 0.00105492,45.3346 -28.1604 0.003937,45.3346 -28.1683 0.011811,45.3346 -28.1594 0.007874,45.3346 -28.1673 0.015748,45.3346 -28.1751 0.007874,45.3346 -28.3484 0,45.3346 -28.3405 0.007874,45.3346 -28.1673 0.181102,45.3346 -28.1594 0.188976,45.3346 -28.3523 0.00105492,45.3346 -28.3444 0.00892892,45.3346 -28.1683 0.185039,45.3346 -28.1604 0.192913,45.3346 -28.3552 0.003937,45.3346 -28.3473 0.011811,45.3346 -28.1712 0.187921,45.3346 -28.1633 0.195795,45.3346 -28.3562 0.007874,45.3346 -28.3484 0.015748,45.3346 -28.1751 0.188976,45.3346 -28.1673 0.19685,45.3346 -28.3484 0.181102,45.3346 -28.3562 0.188976,45.3346 -28.3473 0.185039,45.3346 -28.3444 0.187921,45.3346 -28.3484 0.19685,45.3346 -28.3405 0.188976,45.3346 -28.3523 0.195795,45.3346 -28.3552 0.192913]
}}
appearance Appearance{material USE PIN-01 }}
Shape { geometry IndexedFaceSet 
{ creaseAngle 1.00 coordIndex [0,1,2,-1,3,1,0,-1,4,1,3,-1,4,5,1,-1,6,7,8,-1,8,7,5,-1,5,7,1,-1,2,9,10,-1,10,9,11,-1,1,9,2,-1,9,12,11,-1,9,13,12,-1,9,14,13,-1,9,15,14,-1,14,16,17,-1,15,16,14,-1]
coord Coordinate { point [46.0826 -29.6475 0.00688975,46.0826 -29.6594 0.0137795,46.0826 -29.6456 0.0137795,46.0826 -29.6525 0.0018461,46.0826 -29.6594 -1.09274e-17,46.0826 -29.7106 -1.09274e-17,46.0826 -29.7225 0.00688975,46.0826 -29.7244 0.0137795,46.0826 -29.7175 0.0018461,46.0826 -29.6594 0.124016,46.0826 -29.6456 0.124016,46.0826 -29.6475 0.130905,46.0826 -29.6525 0.135949,46.0826 -29.6594 0.137795,46.0826 -29.7106 0.137795,46.0826 -29.7244 0.124016,46.0826 -29.7225 0.130905,46.0826 -29.7175 0.135949]
}}
appearance Appearance{material USE PIN-01 }}
Shape { geometry IndexedFaceSet 
{ creaseAngle 1.00 coordIndex [0,1,2,-1,0,3,1,-1,4,2,5,-1,4,0,2,-1,6,5,7,-1,6,4,5,-1]
coord Coordinate { point [46.2794 -29.7225 0.00688975,46.0826 -29.7244 0.0137795,46.0826 -29.7225 0.00688975,46.2794 -29.7244 0.0137795,46.2794 -29.7175 0.0018461,46.0826 -29.7175 0.0018461,46.2794 -29.7106 -1.09274e-17,46.0826 -29.7106 -1.09274e-17]
}}
appearance Appearance{material USE PIN-01 }}
Shape { geometry IndexedFaceSet 
{ creaseAngle 1.00 coordIndex [0,1,2,-1,0,3,1,-1,0,4,3,-1,5,4,0,-1,6,7,8,-1,6,8,5,-1,6,5,0,-1,9,2,10,-1,9,10,11,-1,9,0,2,-1,12,9,11,-1,13,9,12,-1,14,9,13,-1,15,9,14,-1,16,14,17,-1,16,15,14,-1]
coord Coordinate { point [46.2794 -29.6594 0.0137795,46.2794 -29.6475 0.00688975,46.2794 -29.6456 0.0137795,46.2794 -29.6525 0.0018461,46.2794 -29.6594 -1.09274e-17,46.2794 -29.7106 -1.09274e-17,46.2794 -29.7244 0.0137795,46.2794 -29.7225 0.00688975,46.2794 -29.7175 0.0018461,46.2794 -29.6594 0.124016,46.2794 -29.6456 0.124016,46.2794 -29.6475 0.130905,46.2794 -29.6525 0.135949,46.2794 -29.6594 0.137795,46.2794 -29.7106 0.137795,46.2794 -29.7244 0.124016,46.2794 -29.7225 0.130905,46.2794 -29.7175 0.135949]
}}
appearance Appearance{material USE PIN-01 }}
Shape { geometry IndexedFaceSet 
{ creaseAngle 1.00 coordIndex [0,1,2,-1,0,2,3,-1,4,3,5,-1,4,0,3,-1,6,5,7,-1,6,4,5,-1]
coord Coordinate { point [46.2794 -29.6525 0.0018461,46.2794 -29.6594 -1.09274e-17,46.0826 -29.6594 -1.09274e-17,46.0826 -29.6525 0.0018461,46.2794 -29.6475 0.00688975,46.0826 -29.6475 0.00688975,46.2794 -29.6456 0.0137795,46.0826 -29.6456 0.0137795]
}}
appearance Appearance{material USE PIN-01 }}
Shape { geometry IndexedFaceSet 
{ creaseAngle 1.00 coordIndex [0,1,2,-1,0,3,1,-1,4,2,5,-1,4,0,2,-1,6,5,7,-1,6,4,5,-1]
coord Coordinate { point [46.4773 -29.685 0.003937,46.4763 -29.6062 0.007874,46.4773 -29.6062 0.003937,46.4763 -29.685 0.007874,46.4802 -29.685 0.00105492,46.4802 -29.6062 0.00105492,46.4842 -29.685 0,46.4842 -29.6062 0]
}}
appearance Appearance{material USE PIN-01 }}
Shape { geometry IndexedFaceSet 
{ creaseAngle 1.00 coordIndex [0,1,2,-1,3,4,5,-1,3,2,4,-1,3,0,2,-1,6,3,5,-1,7,1,0,-1,8,9,1,-1,8,1,7,-1,10,5,11,-1,10,6,5,-1,12,13,9,-1,12,9,8,-1,14,11,15,-1,14,10,11,-1,16,12,17,-1,16,13,12,-1,18,15,19,-1,18,14,15,-1,20,17,21,-1,20,16,17,-1,22,23,18,-1,22,18,19,-1,24,25,26,-1,27,28,29,-1,27,29,23,-1,27,23,22,-1,30,26,28,-1,30,28,27,-1,31,24,26,-1,31,26,30,-1,24,20,21,-1,24,21,25,-1]
coord Coordinate { point [46.6613 -29.685 0.00892892,46.6653 -29.685 0,46.6692 -29.685 0.00105492,46.6642 -29.685 0.011811,46.6721 -29.685 0.003937,46.6731 -29.685 0.007874,46.6653 -29.685 0.015748,46.6574 -29.685 0.007874,46.492 -29.685 0.007874,46.4842 -29.685 0,46.6653 -29.685 0.181102,46.6731 -29.685 0.188976,46.4881 -29.685 0.00892892,46.4802 -29.685 0.00105492,46.6642 -29.685 0.185039,46.6721 -29.685 0.192913,46.4773 -29.685 0.003937,46.4852 -29.685 0.011811,46.6613 -29.685 0.187921,46.6692 -29.685 0.195795,46.4763 -29.685 0.007874,46.4842 -29.685 0.015748,46.6653 -29.685 0.19685,46.6574 -29.685 0.188976,46.4763 -29.685 0.188976,46.4842 -29.685 0.181102,46.4852 -29.685 0.185039,46.4842 -29.685 0.19685,46.4881 -29.685 0.187921,46.492 -29.685 0.188976,46.4802 -29.685 0.195795,46.4773 -29.685 0.192913]
}}
appearance Appearance{material USE PIN-01 }}
Shape { geometry IndexedFaceSet 
{ creaseAngle 1.00 coordIndex [0,1,2,-1,0,2,3,-1,4,3,5,-1,4,0,3,-1,6,5,7,-1,6,4,5,-1]
coord Coordinate { point [46.6692 -29.685 0.00105492,46.6653 -29.685 0,46.6653 -29.6062 0,46.6692 -29.6062 0.00105492,46.6721 -29.685 0.003937,46.6721 -29.6062 0.003937,46.6731 -29.685 0.007874,46.6731 -29.6062 0.007874]
}}
appearance Appearance{material USE PIN-01 }}
Shape { geometry IndexedFaceSet 
{ creaseAngle 1.00 coordIndex [0,1,2,-1,3,1,0,-1,4,5,6,-1,6,5,7,-1,8,9,10,-1,10,9,11,-1,12,13,5,-1,7,13,1,-1,2,13,8,-1,1,13,2,-1,8,13,9,-1,5,13,7,-1,13,14,15,-1,12,14,13,-1]
coord Coordinate { point [46.6721 -29.6062 0.003937,46.6653 -29.6062 0,46.6731 -29.6062 0.007874,46.6692 -29.6062 0.00105492,46.4773 -29.6062 0.003937,46.4763 -29.6062 0.007874,46.4802 -29.6062 0.00105492,46.4842 -29.6062 0,46.6731 -29.6062 0.188976,46.6653 -29.6062 0.19685,46.6721 -29.6062 0.192913,46.6692 -29.6062 0.195795,46.4763 -29.6062 0.188976,46.4842 -29.6062 0.19685,46.4773 -29.6062 0.192913,46.4802 -29.6062 0.195795]
}}
appearance Appearance{material USE PIN-01 }}
Shape { geometry IndexedFaceSet 
{ creaseAngle 1.00 coordIndex [0,1,2,-1,3,1,0,-1,4,1,3,-1,4,5,1,-1,6,7,8,-1,8,7,5,-1,5,7,1,-1,2,9,10,-1,10,9,11,-1,1,9,2,-1,9,12,11,-1,9,13,12,-1,9,14,13,-1,9,15,14,-1,14,16,17,-1,15,16,14,-1]
coord Coordinate { point [46.2794 -29.2816 0.00688975,46.2794 -29.2696 0.0137795,46.2794 -29.2834 0.0137795,46.2794 -29.2765 0.0018461,46.2794 -29.2696 -1.09274e-17,46.2794 -29.2184 -1.09274e-17,46.2794 -29.2065 0.00688975,46.2794 -29.2047 0.0137795,46.2794 -29.2116 0.0018461,46.2794 -29.2696 0.124016,46.2794 -29.2834 0.124016,46.2794 -29.2816 0.130905,46.2794 -29.2765 0.135949,46.2794 -29.2696 0.137795,46.2794 -29.2184 0.137795,46.2794 -29.2047 0.124016,46.2794 -29.2065 0.130905,46.2794 -29.2116 0.135949]
}}
appearance Appearance{material USE PIN-01 }}
Shape { geometry IndexedFaceSet 
{ creaseAngle 1.00 coordIndex [0,1,2,-1,0,3,1,-1,4,2,5,-1,4,0,2,-1,6,5,7,-1,6,4,5,-1]
coord Coordinate { point [46.0826 -29.2065 0.00688975,46.2794 -29.2047 0.0137795,46.2794 -29.2065 0.00688975,46.0826 -29.2047 0.0137795,46.0826 -29.2116 0.0018461,46.2794 -29.2116 0.0018461,46.0826 -29.2184 -1.09274e-17,46.2794 -29.2184 -1.09274e-17]
}}
appearance Appearance{material USE PIN-01 }}
Shape { geometry IndexedFaceSet 
{ creaseAngle 1.00 coordIndex [0,1,2,-1,0,3,1,-1,0,4,3,-1,5,4,0,-1,6,7,8,-1,6,8,5,-1,6,5,0,-1,9,2,10,-1,9,10,11,-1,9,0,2,-1,12,9,11,-1,13,9,12,-1,14,9,13,-1,15,9,14,-1,16,14,17,-1,16,15,14,-1]
coord Coordinate { point [46.0826 -29.2696 0.0137795,46.0826 -29.2816 0.00688975,46.0826 -29.2834 0.0137795,46.0826 -29.2765 0.0018461,46.0826 -29.2696 -1.09274e-17,46.0826 -29.2184 -1.09274e-17,46.0826 -29.2047 0.0137795,46.0826 -29.2065 0.00688975,46.0826 -29.2116 0.0018461,46.0826 -29.2696 0.124016,46.0826 -29.2834 0.124016,46.0826 -29.2816 0.130905,46.0826 -29.2765 0.135949,46.0826 -29.2696 0.137795,46.0826 -29.2184 0.137795,46.0826 -29.2047 0.124016,46.0826 -29.2065 0.130905,46.0826 -29.2116 0.135949]
}}
appearance Appearance{material USE PIN-01 }}
Shape { geometry IndexedFaceSet 
{ creaseAngle 1.00 coordIndex [0,1,2,-1,0,2,3,-1,4,3,5,-1,4,0,3,-1,6,5,7,-1,6,4,5,-1]
coord Coordinate { point [46.0826 -29.2765 0.0018461,46.0826 -29.2696 -1.09274e-17,46.2794 -29.2696 -1.09274e-17,46.2794 -29.2765 0.0018461,46.0826 -29.2816 0.00688975,46.2794 -29.2816 0.00688975,46.0826 -29.2834 0.0137795,46.2794 -29.2834 0.0137795]
}}
appearance Appearance{material USE PIN-01 }}
Shape { geometry IndexedFaceSet 
{ creaseAngle 1.00 coordIndex [0,1,2,-1,2,1,3,-1]
coord Coordinate { point [47.5105 -28.8051 0,47.4605 -28.8551 0,47.5105 -28.8051 0.3937,47.4605 -28.8551 0.3937]
}}
appearance Appearance{material USE IC-BODY-EPOXY-04 }}
Shape { geometry IndexedFaceSet 
{ creaseAngle 1.00 coordIndex [0,1,2,-1,2,1,3,-1]
coord Coordinate { point [47.4605 -28.8551 0,47.4605 -29.2551 0,47.4605 -28.8551 0.3937,47.4605 -29.2551 0.3937]
}}
appearance Appearance{material USE IC-BODY-EPOXY-04 }}
Shape { geometry IndexedFaceSet 
{ creaseAngle 1.00 coordIndex [0,1,2,-1,2,1,3,-1]
coord Coordinate { point [47.4605 -29.2551 0,47.5105 -29.3051 0,47.4605 -29.2551 0.3937,47.5105 -29.3051 0.3937]
}}
appearance Appearance{material USE IC-BODY-EPOXY-04 }}
Shape { geometry IndexedFaceSet 
{ creaseAngle 1.00 coordIndex [0,1,2,-1,2,1,3,-1]
coord Coordinate { point [47.5105 -29.3051 0,47.4605 -29.3551 0,47.5105 -29.3051 0.3937,47.4605 -29.3551 0.3937]
}}
appearance Appearance{material USE IC-BODY-EPOXY-04 }}
Shape { geometry IndexedFaceSet 
{ creaseAngle 1.00 coordIndex [0,1,2,-1,2,1,3,-1]
coord Coordinate { point [47.4605 -29.3551 0,47.4605 -29.7551 0,47.4605 -29.3551 0.3937,47.4605 -29.7551 0.3937]
}}
appearance Appearance{material USE IC-BODY-EPOXY-04 }}
Shape { geometry IndexedFaceSet 
{ creaseAngle 1.00 coordIndex [0,1,2,-1,2,1,3,-1]
coord Coordinate { point [47.4605 -29.7551 0,47.5105 -29.8051 0,47.4605 -29.7551 0.3937,47.5105 -29.8051 0.3937]
}}
appearance Appearance{material USE IC-BODY-EPOXY-04 }}
Shape { geometry IndexedFaceSet 
{ creaseAngle 1.00 coordIndex [0,1,2,-1,2,1,3,-1]
coord Coordinate { point [47.5105 -29.8051 0,47.4605 -29.8551 0,47.5105 -29.8051 0.3937,47.4605 -29.8551 0.3937]
}}
appearance Appearance{material USE IC-BODY-EPOXY-04 }}
Shape { geometry IndexedFaceSet 
{ creaseAngle 1.00 coordIndex [0,1,2,-1,2,1,3,-1]
coord Coordinate { point [47.4605 -29.8551 0,47.4605 -30.2551 0,47.4605 -29.8551 0.3937,47.4605 -30.2551 0.3937]
}}
appearance Appearance{material USE IC-BODY-EPOXY-04 }}
Shape { geometry IndexedFaceSet 
{ creaseAngle 1.00 coordIndex [0,1,2,-1,2,1,3,-1]
coord Coordinate { point [47.4605 -30.2551 0,47.5105 -30.3051 0,47.4605 -30.2551 0.3937,47.5105 -30.3051 0.3937]
}}
appearance Appearance{material USE IC-BODY-EPOXY-04 }}
Shape { geometry IndexedFaceSet 
{ creaseAngle 1.00 coordIndex [0,1,2,-1,2,1,3,-1]
coord Coordinate { point [47.5105 -30.3051 0,47.4605 -30.3551 0,47.5105 -30.3051 0.3937,47.4605 -30.3551 0.3937]
}}
appearance Appearance{material USE IC-BODY-EPOXY-04 }}
Shape { geometry IndexedFaceSet 
{ creaseAngle 1.00 coordIndex [0,1,2,-1,2,1,3,-1]
coord Coordinate { point [47.4605 -30.3551 0,47.4605 -30.7551 0,47.4605 -30.3551 0.3937,47.4605 -30.7551 0.3937]
}}
appearance Appearance{material USE IC-BODY-EPOXY-04 }}
Shape { geometry IndexedFaceSet 
{ creaseAngle 1.00 coordIndex [0,1,2,-1,2,1,3,-1]
coord Coordinate { point [47.4605 -30.7551 0,47.5105 -30.8051 0,47.4605 -30.7551 0.3937,47.5105 -30.8051 0.3937]
}}
appearance Appearance{material USE IC-BODY-EPOXY-04 }}
Shape { geometry IndexedFaceSet 
{ creaseAngle 1.00 coordIndex [0,1,2,-1,2,1,3,-1]
coord Coordinate { point [47.5105 -30.8051 0,48.2373 -30.8051 0,47.5105 -30.8051 0.3937,48.2373 -30.8051 0.3937]
}}
appearance Appearance{material USE IC-BODY-EPOXY-04 }}
Shape { geometry IndexedFaceSet 
{ creaseAngle 1.00 coordIndex [0,1,2,-1,2,1,3,-1]
coord Coordinate { point [48.2373 -30.8051 0,48.2873 -30.7551 0,48.2373 -30.8051 0.3937,48.2873 -30.7551 0.3937]
}}
appearance Appearance{material USE IC-BODY-EPOXY-04 }}
Shape { geometry IndexedFaceSet 
{ creaseAngle 1.00 coordIndex [0,1,2,-1,2,1,3,-1]
coord Coordinate { point [48.2873 -30.7551 0,48.2873 -30.3551 0,48.2873 -30.7551 0.3937,48.2873 -30.3551 0.3937]
}}
appearance Appearance{material USE IC-BODY-EPOXY-04 }}
Shape { geometry IndexedFaceSet 
{ creaseAngle 1.00 coordIndex [0,1,2,-1,2,1,3,-1]
coord Coordinate { point [48.2873 -30.3551 0,48.2373 -30.3051 0,48.2873 -30.3551 0.3937,48.2373 -30.3051 0.3937]
}}
appearance Appearance{material USE IC-BODY-EPOXY-04 }}
Shape { geometry IndexedFaceSet 
{ creaseAngle 1.00 coordIndex [0,1,2,-1,2,1,3,-1]
coord Coordinate { point [48.2373 -30.3051 0,48.2873 -30.2551 0,48.2373 -30.3051 0.3937,48.2873 -30.2551 0.3937]
}}
appearance Appearance{material USE IC-BODY-EPOXY-04 }}
Shape { geometry IndexedFaceSet 
{ creaseAngle 1.00 coordIndex [0,1,2,-1,2,1,3,-1]
coord Coordinate { point [48.2873 -30.2551 0,48.2873 -29.8551 0,48.2873 -30.2551 0.3937,48.2873 -29.8551 0.3937]
}}
appearance Appearance{material USE IC-BODY-EPOXY-04 }}
Shape { geometry IndexedFaceSet 
{ creaseAngle 1.00 coordIndex [0,1,2,-1,2,1,3,-1]
coord Coordinate { point [48.2873 -29.8551 0,48.2373 -29.8051 0,48.2873 -29.8551 0.3937,48.2373 -29.8051 0.3937]
}}
appearance Appearance{material USE IC-BODY-EPOXY-04 }}
Shape { geometry IndexedFaceSet 
{ creaseAngle 1.00 coordIndex [0,1,2,-1,2,1,3,-1]
coord Coordinate { point [48.2373 -29.8051 0,48.2873 -29.7551 0,48.2373 -29.8051 0.3937,48.2873 -29.7551 0.3937]
}}
appearance Appearance{material USE IC-BODY-EPOXY-04 }}
Shape { geometry IndexedFaceSet 
{ creaseAngle 1.00 coordIndex [0,1,2,-1,2,1,3,-1]
coord Coordinate { point [48.2873 -29.7551 0,48.2873 -29.3551 0,48.2873 -29.7551 0.3937,48.2873 -29.3551 0.3937]
}}
appearance Appearance{material USE IC-BODY-EPOXY-04 }}
Shape { geometry IndexedFaceSet 
{ creaseAngle 1.00 coordIndex [0,1,2,-1,2,1,3,-1]
coord Coordinate { point [48.2873 -29.3551 0,48.2373 -29.3051 0,48.2873 -29.3551 0.3937,48.2373 -29.3051 0.3937]
}}
appearance Appearance{material USE IC-BODY-EPOXY-04 }}
Shape { geometry IndexedFaceSet 
{ creaseAngle 1.00 coordIndex [0,1,2,-1,2,1,3,-1]
coord Coordinate { point [48.2373 -29.3051 0,48.2873 -29.2551 0,48.2373 -29.3051 0.3937,48.2873 -29.2551 0.3937]
}}
appearance Appearance{material USE IC-BODY-EPOXY-04 }}
Shape { geometry IndexedFaceSet 
{ creaseAngle 1.00 coordIndex [0,1,2,-1,2,1,3,-1]
coord Coordinate { point [48.2873 -29.2551 0,48.2873 -28.8551 0,48.2873 -29.2551 0.3937,48.2873 -28.8551 0.3937]
}}
appearance Appearance{material USE IC-BODY-EPOXY-04 }}
Shape { geometry IndexedFaceSet 
{ creaseAngle 1.00 coordIndex [0,1,2,-1,2,1,3,-1]
coord Coordinate { point [48.2873 -28.8551 0,48.2373 -28.8051 0,48.2873 -28.8551 0.3937,48.2373 -28.8051 0.3937]
}}
appearance Appearance{material USE IC-BODY-EPOXY-04 }}
Shape { geometry IndexedFaceSet 
{ creaseAngle 1.00 coordIndex [0,1,2,-1,2,1,3,-1]
coord Coordinate { point [48.2373 -28.8051 0,47.5105 -28.8051 0,48.2373 -28.8051 0.3937,47.5105 -28.8051 0.3937]
}}
appearance Appearance{material USE IC-BODY-EPOXY-04 }}
Shape { geometry IndexedFaceSet 
{ creaseAngle 1.00 coordIndex [0,1,2,-1,0,3,1,-1,4,2,5,-1,4,0,2,-1,6,5,7,-1,6,4,5,-1]
coord Coordinate { point [46.6457 -29.1141 0.007874,46.6436 -28.9566 0.015748,46.6457 -28.9566 0.007874,46.6436 -29.1141 0.015748,46.6515 -29.1141 0.00210983,46.6515 -28.9566 0.00210983,46.6594 -29.1141 0,46.6594 -28.9566 0]
}}
appearance Appearance{material USE PIN-01 }}
Shape { geometry IndexedFaceSet 
{ creaseAngle 1.00 coordIndex [0,1,2,-1,0,3,1,-1,4,2,5,-1,4,5,6,-1,4,6,7,-1,4,0,2,-1,8,9,10,-1,8,10,11,-1,8,11,0,-1,12,13,8,-1,12,8,0,-1,12,0,4,-1,14,12,15,-1,14,13,12,-1]
coord Coordinate { point [47.12 -29.1141 0,47.1336 -29.1141 0.007874,47.1357 -29.1141 0.015748,47.1279 -29.1141 0.00210983,47.12 -29.1141 0.492125,47.1357 -29.1141 0.476377,47.1336 -29.1141 0.484251,47.1279 -29.1141 0.490015,46.6436 -29.1141 0.015748,46.6457 -29.1141 0.007874,46.6515 -29.1141 0.00210983,46.6594 -29.1141 0,46.6594 -29.1141 0.492125,46.6436 -29.1141 0.476377,46.6457 -29.1141 0.484251,46.6515 -29.1141 0.490015]
}}
appearance Appearance{material USE PIN-01 }}
Shape { geometry IndexedFaceSet 
{ creaseAngle 1.00 coordIndex [0,1,2,-1,0,2,3,-1,4,3,5,-1,4,0,3,-1,6,5,7,-1,6,4,5,-1]
coord Coordinate { point [47.1279 -29.1141 0.00210983,47.12 -29.1141 0,47.12 -28.9566 0,47.1279 -28.9566 0.00210983,47.1336 -29.1141 0.007874,47.1336 -28.9566 0.007874,47.1357 -29.1141 0.015748,47.1357 -28.9566 0.015748]
}}
appearance Appearance{material USE PIN-01 }}
Shape { geometry IndexedFaceSet 
{ creaseAngle 1.00 coordIndex [0,1,2,-1,3,4,5,-1,2,4,3,-1,1,4,2,-1,4,6,5,-1,0,7,1,-1,5,8,9,-1,6,8,5,-1,7,10,11,-1,0,10,7,-1,10,12,11,-1,10,13,12,-1,9,14,15,-1,8,14,9,-1,15,16,17,-1,14,16,15,-1,18,19,13,-1,13,19,12,-1,20,21,16,-1,16,21,17,-1,19,22,23,-1,18,22,19,-1,24,25,26,-1,27,28,29,-1,29,28,20,-1,20,28,21,-1,27,30,28,-1,26,31,27,-1,25,31,26,-1,27,31,30,-1,22,25,23,-1,23,25,24,-1]
coord Coordinate { point [47.12 -28.9566 0,47.1121 -28.9566 0.0178578,47.1279 -28.9566 0.00210983,47.1336 -28.9566 0.007874,47.1179 -28.9566 0.023622,47.1357 -28.9566 0.015748,47.12 -28.9566 0.031496,47.1042 -28.9566 0.015748,47.12 -28.9566 0.460629,47.1357 -28.9566 0.476377,46.6594 -28.9566 0,46.6751 -28.9566 0.015748,46.6672 -28.9566 0.0178578,46.6515 -28.9566 0.00210983,47.1179 -28.9566 0.468503,47.1336 -28.9566 0.484251,47.1121 -28.9566 0.474267,47.1279 -28.9566 0.490015,46.6457 -28.9566 0.007874,46.6615 -28.9566 0.023622,47.1042 -28.9566 0.476377,47.12 -28.9566 0.492125,46.6436 -28.9566 0.015748,46.6594 -28.9566 0.031496,46.6594 -28.9566 0.460629,46.6436 -28.9566 0.476377,46.6615 -28.9566 0.468503,46.6672 -28.9566 0.474267,46.6594 -28.9566 0.492125,46.6751 -28.9566 0.476377,46.6515 -28.9566 0.490015,46.6457 -28.9566 0.484251]
}}
appearance Appearance{material USE PIN-01 }}
Shape { geometry IndexedFaceSet 
{ creaseAngle 1.00 coordIndex [0,1,2,-1,3,1,0,-1,4,5,1,-1,6,5,4,-1,1,5,2,-1,6,7,5,-1,7,8,5,-1,9,10,11,-1,11,10,12,-1,9,13,10,-1,13,14,10,-1,5,15,13,-1,8,15,5,-1,13,16,14,-1,15,17,13,-1,13,17,16,-1]
coord Coordinate { point [46.2794 -28.9666 0.00688975,46.2794 -28.9547 -1.09274e-17,46.2794 -28.9684 0.0137795,46.2794 -28.9616 0.0018461,46.2794 -28.9035 -1.09274e-17,46.2794 -28.9035 0.0137795,46.2794 -28.8966 0.0018461,46.2794 -28.8916 0.00688975,46.2794 -28.8897 0.0137795,46.2794 -28.9684 0.124016,46.2794 -28.9547 0.137795,46.2794 -28.9666 0.130905,46.2794 -28.9616 0.135949,46.2794 -28.9035 0.124016,46.2794 -28.9035 0.137795,46.2794 -28.8897 0.124016,46.2794 -28.8966 0.135949,46.2794 -28.8916 0.130905]
}}
appearance Appearance{material USE PIN-01 }}
Shape { geometry IndexedFaceSet 
{ creaseAngle 1.00 coordIndex [0,1,2,-1,0,3,1,-1,4,2,5,-1,4,0,2,-1,6,5,7,-1,6,4,5,-1]
coord Coordinate { point [46.0826 -28.8916 0.00688975,46.2794 -28.8897 0.0137795,46.2794 -28.8916 0.00688975,46.0826 -28.8897 0.0137795,46.0826 -28.8966 0.0018461,46.2794 -28.8966 0.0018461,46.0826 -28.9035 -1.09274e-17,46.2794 -28.9035 -1.09274e-17]
}}
appearance Appearance{material USE PIN-01 }}
Shape { geometry IndexedFaceSet 
{ creaseAngle 1.00 coordIndex [0,1,2,-1,0,3,1,-1,4,5,0,-1,4,6,5,-1,4,0,2,-1,7,6,4,-1,8,7,4,-1,9,10,11,-1,9,11,12,-1,13,10,9,-1,14,13,9,-1,15,4,13,-1,15,8,4,-1,16,13,14,-1,17,15,13,-1,17,13,16,-1]
coord Coordinate { point [46.0826 -28.9547 -1.09274e-17,46.0826 -28.9666 0.00688975,46.0826 -28.9684 0.0137795,46.0826 -28.9616 0.0018461,46.0826 -28.9035 0.0137795,46.0826 -28.9035 -1.09274e-17,46.0826 -28.8966 0.0018461,46.0826 -28.8916 0.00688975,46.0826 -28.8897 0.0137795,46.0826 -28.9547 0.137795,46.0826 -28.9684 0.124016,46.0826 -28.9666 0.130905,46.0826 -28.9616 0.135949,46.0826 -28.9035 0.124016,46.0826 -28.9035 0.137795,46.0826 -28.8897 0.124016,46.0826 -28.8966 0.135949,46.0826 -28.8916 0.130905]
}}
appearance Appearance{material USE PIN-01 }}
Shape { geometry IndexedFaceSet 
{ creaseAngle 1.00 coordIndex [0,1,2,-1,0,2,3,-1,4,3,5,-1,4,0,3,-1,6,5,7,-1,6,4,5,-1]
coord Coordinate { point [46.0826 -28.9616 0.0018461,46.0826 -28.9547 -1.09274e-17,46.2794 -28.9547 -1.09274e-17,46.2794 -28.9616 0.0018461,46.0826 -28.9666 0.00688975,46.2794 -28.9666 0.00688975,46.0826 -28.9684 0.0137795,46.2794 -28.9684 0.0137795]
}}
appearance Appearance{material USE PIN-01 }}
Shape { geometry IndexedFaceSet 
{ creaseAngle 1.00 coordIndex [0,1,2,-1,0,3,1,-1,4,2,5,-1,4,0,2,-1,6,5,7,-1,6,4,5,-1]
coord Coordinate { point [45.9251 -28.1506 0.003937,46.0038 -28.1495 0.007874,46.0038 -28.1506 0.003937,45.9251 -28.1495 0.007874,45.9251 -28.1535 0.00105492,46.0038 -28.1535 0.00105492,45.9251 -28.1574 0,46.0038 -28.1574 0]
}}
appearance Appearance{material USE PIN-01 }}
Shape { geometry IndexedFaceSet 
{ creaseAngle 1.00 coordIndex [0,1,2,-1,0,3,1,-1,4,5,6,-1,4,6,7,-1,8,9,10,-1,8,10,11,-1,12,13,4,-1,12,7,0,-1,12,2,9,-1,12,0,2,-1,12,9,8,-1,12,4,7,-1,14,12,15,-1,14,13,12,-1]
coord Coordinate { point [45.9251 -28.3385 0,45.9251 -28.3453 0.003937,45.9251 -28.3464 0.007874,45.9251 -28.3425 0.00105492,45.9251 -28.1495 0.007874,45.9251 -28.1506 0.003937,45.9251 -28.1535 0.00105492,45.9251 -28.1574 0,45.9251 -28.3385 0.19685,45.9251 -28.3464 0.188976,45.9251 -28.3453 0.192913,45.9251 -28.3425 0.195795,45.9251 -28.1574 0.19685,45.9251 -28.1495 0.188976,45.9251 -28.1506 0.192913,45.9251 -28.1535 0.195795]
}}
appearance Appearance{material USE PIN-01 }}
Shape { geometry IndexedFaceSet 
{ creaseAngle 1.00 coordIndex [0,1,2,-1,0,2,3,-1,4,3,5,-1,4,0,3,-1,6,5,7,-1,6,4,5,-1]
coord Coordinate { point [45.9251 -28.3425 0.00105492,45.9251 -28.3385 0,46.0038 -28.3385 0,46.0038 -28.3425 0.00105492,45.9251 -28.3453 0.003937,46.0038 -28.3453 0.003937,45.9251 -28.3464 0.007874,46.0038 -28.3464 0.007874]
}}
appearance Appearance{material USE PIN-01 }}
Shape { geometry IndexedFaceSet 
{ creaseAngle 1.00 coordIndex [0,1,2,-1,3,4,5,-1,2,4,3,-1,1,4,2,-1,4,6,5,-1,0,7,1,-1,8,9,0,-1,0,9,7,-1,5,10,11,-1,6,10,5,-1,12,13,8,-1,8,13,9,-1,11,14,15,-1,10,14,11,-1,13,16,17,-1,12,16,13,-1,15,18,19,-1,14,18,15,-1,17,20,21,-1,16,20,17,-1,22,23,18,-1,18,23,19,-1,24,25,26,-1,27,28,29,-1,29,28,22,-1,22,28,23,-1,26,30,27,-1,27,30,28,-1,25,31,26,-1,26,31,30,-1,20,25,21,-1,21,25,24,-1]
coord Coordinate { point [46.0038 -28.3385 0,46.0038 -28.3346 0.00892892,46.0038 -28.3425 0.00105492,46.0038 -28.3453 0.003937,46.0038 -28.3375 0.011811,46.0038 -28.3464 0.007874,46.0038 -28.3385 0.015748,46.0038 -28.3307 0.007874,46.0038 -28.1574 0,46.0038 -28.1653 0.007874,46.0038 -28.3385 0.181102,46.0038 -28.3464 0.188976,46.0038 -28.1535 0.00105492,46.0038 -28.1614 0.00892892,46.0038 -28.3375 0.185039,46.0038 -28.3453 0.192913,46.0038 -28.1506 0.003937,46.0038 -28.1585 0.011811,46.0038 -28.3346 0.187921,46.0038 -28.3425 0.195795,46.0038 -28.1495 0.007874,46.0038 -28.1574 0.015748,46.0038 -28.3307 0.188976,46.0038 -28.3385 0.19685,46.0038 -28.1574 0.181102,46.0038 -28.1495 0.188976,46.0038 -28.1585 0.185039,46.0038 -28.1614 0.187921,46.0038 -28.1574 0.19685,46.0038 -28.1653 0.188976,46.0038 -28.1535 0.195795,46.0038 -28.1506 0.192913]
}}
appearance Appearance{material USE PIN-01 }}
Shape { geometry IndexedFaceSet 
{ creaseAngle 1.00 coordIndex [0,1,2,-1,0,3,1,-1,4,2,5,-1,4,0,2,-1,6,5,7,-1,6,4,5,-1]
coord Coordinate { point [46.2401 -28.1506 0.003937,46.3188 -28.1495 0.007874,46.3188 -28.1506 0.003937,46.2401 -28.1495 0.007874,46.2401 -28.1535 0.00105492,46.3188 -28.1535 0.00105492,46.2401 -28.1574 0,46.3188 -28.1574 0]
}}
appearance Appearance{material USE PIN-01 }}
Shape { geometry IndexedFaceSet 
{ creaseAngle 1.00 coordIndex [0,1,2,-1,3,4,5,-1,3,2,4,-1,3,0,2,-1,6,3,5,-1,7,1,0,-1,8,9,1,-1,8,1,7,-1,10,5,11,-1,10,6,5,-1,12,13,9,-1,12,9,8,-1,14,11,15,-1,14,10,11,-1,16,12,17,-1,16,13,12,-1,18,15,19,-1,18,14,15,-1,20,17,21,-1,20,16,17,-1,22,23,18,-1,22,18,19,-1,24,25,26,-1,27,28,29,-1,27,29,23,-1,27,23,22,-1,30,26,28,-1,30,28,27,-1,31,24,26,-1,31,26,30,-1,24,20,21,-1,24,21,25,-1]
coord Coordinate { point [46.2401 -28.3346 0.00892892,46.2401 -28.3385 0,46.2401 -28.3425 0.00105492,46.2401 -28.3375 0.011811,46.2401 -28.3453 0.003937,46.2401 -28.3464 0.007874,46.2401 -28.3385 0.015748,46.2401 -28.3307 0.007874,46.2401 -28.1653 0.007874,46.2401 -28.1574 0,46.2401 -28.3385 0.181102,46.2401 -28.3464 0.188976,46.2401 -28.1614 0.00892892,46.2401 -28.1535 0.00105492,46.2401 -28.3375 0.185039,46.2401 -28.3453 0.192913,46.2401 -28.1506 0.003937,46.2401 -28.1585 0.011811,46.2401 -28.3346 0.187921,46.2401 -28.3425 0.195795,46.2401 -28.1495 0.007874,46.2401 -28.1574 0.015748,46.2401 -28.3385 0.19685,46.2401 -28.3307 0.188976,46.2401 -28.1495 0.188976,46.2401 -28.1574 0.181102,46.2401 -28.1585 0.185039,46.2401 -28.1574 0.19685,46.2401 -28.1614 0.187921,46.2401 -28.1653 0.188976,46.2401 -28.1535 0.195795,46.2401 -28.1506 0.192913]
}}
appearance Appearance{material USE PIN-01 }}
Shape { geometry IndexedFaceSet 
{ creaseAngle 1.00 coordIndex [0,1,2,-1,0,2,3,-1,4,3,5,-1,4,0,3,-1,6,5,7,-1,6,4,5,-1]
coord Coordinate { point [46.2401 -28.3425 0.00105492,46.2401 -28.3385 0,46.3188 -28.3385 0,46.3188 -28.3425 0.00105492,46.2401 -28.3453 0.003937,46.3188 -28.3453 0.003937,46.2401 -28.3464 0.007874,46.3188 -28.3464 0.007874]
}}
appearance Appearance{material USE PIN-01 }}
Shape { geometry IndexedFaceSet 
{ creaseAngle 1.00 coordIndex [0,1,2,-1,3,1,0,-1,4,5,6,-1,6,5,7,-1,8,9,10,-1,10,9,11,-1,12,13,5,-1,7,13,1,-1,2,13,8,-1,1,13,2,-1,8,13,9,-1,5,13,7,-1,13,14,15,-1,12,14,13,-1]
coord Coordinate { point [46.3188 -28.3453 0.003937,46.3188 -28.3385 0,46.3188 -28.3464 0.007874,46.3188 -28.3425 0.00105492,46.3188 -28.1506 0.003937,46.3188 -28.1495 0.007874,46.3188 -28.1535 0.00105492,46.3188 -28.1574 0,46.3188 -28.3464 0.188976,46.3188 -28.3385 0.19685,46.3188 -28.3453 0.192913,46.3188 -28.3425 0.195795,46.3188 -28.1495 0.188976,46.3188 -28.1574 0.19685,46.3188 -28.1506 0.192913,46.3188 -28.1535 0.195795]
}}
appearance Appearance{material USE PIN-01 }}
Shape { geometry IndexedFaceSet 
{ creaseAngle 1.00 coordIndex [0,1,2,-1,0,3,1,-1,4,2,5,-1,4,0,2,-1,6,5,7,-1,6,4,5,-1]
coord Coordinate { point [46.6457 -28.4842 0.007874,46.6436 -28.3267 0.015748,46.6457 -28.3267 0.007874,46.6436 -28.4842 0.015748,46.6515 -28.4842 0.00210983,46.6515 -28.3267 0.00210983,46.6594 -28.4842 0,46.6594 -28.3267 0]
}}
appearance Appearance{material USE PIN-01 }}
Shape { geometry IndexedFaceSet 
{ creaseAngle 1.00 coordIndex [0,1,2,-1,3,4,5,-1,3,2,4,-1,3,0,2,-1,6,3,5,-1,7,1,0,-1,8,5,9,-1,8,6,5,-1,10,7,11,-1,10,1,7,-1,12,10,11,-1,13,10,12,-1,14,9,15,-1,14,8,9,-1,16,15,17,-1,16,14,15,-1,18,19,13,-1,18,13,12,-1,20,21,16,-1,20,16,17,-1,22,18,23,-1,22,19,18,-1,24,25,26,-1,27,28,29,-1,27,29,21,-1,27,21,20,-1,30,28,27,-1,31,26,28,-1,31,24,26,-1,31,28,30,-1,24,22,23,-1,24,23,25,-1]
coord Coordinate { point [47.1121 -28.4842 0.0178578,47.12 -28.4842 0,47.1279 -28.4842 0.00210983,47.1179 -28.4842 0.023622,47.1336 -28.4842 0.007874,47.1357 -28.4842 0.015748,47.12 -28.4842 0.031496,47.1042 -28.4842 0.015748,47.12 -28.4842 0.460629,47.1357 -28.4842 0.476377,46.6594 -28.4842 0,46.6751 -28.4842 0.015748,46.6672 -28.4842 0.0178578,46.6515 -28.4842 0.00210983,47.1179 -28.4842 0.468503,47.1336 -28.4842 0.484251,47.1121 -28.4842 0.474267,47.1279 -28.4842 0.490015,46.6615 -28.4842 0.023622,46.6457 -28.4842 0.007874,47.12 -28.4842 0.492125,47.1042 -28.4842 0.476377,46.6436 -28.4842 0.015748,46.6594 -28.4842 0.031496,46.6436 -28.4842 0.476377,46.6594 -28.4842 0.460629,46.6615 -28.4842 0.468503,46.6594 -28.4842 0.492125,46.6672 -28.4842 0.474267,46.6751 -28.4842 0.476377,46.6515 -28.4842 0.490015,46.6457 -28.4842 0.484251]
}}
appearance Appearance{material USE PIN-01 }}
Shape { geometry IndexedFaceSet 
{ creaseAngle 1.00 coordIndex [0,1,2,-1,0,2,3,-1,4,3,5,-1,4,0,3,-1,6,5,7,-1,6,4,5,-1]
coord Coordinate { point [47.1279 -28.4842 0.00210983,47.12 -28.4842 0,47.12 -28.3267 0,47.1279 -28.3267 0.00210983,47.1336 -28.4842 0.007874,47.1336 -28.3267 0.007874,47.1357 -28.4842 0.015748,47.1357 -28.3267 0.015748]
}}
appearance Appearance{material USE PIN-01 }}
Shape { geometry IndexedFaceSet 
{ creaseAngle 1.00 coordIndex [0,1,2,-1,3,1,0,-1,2,4,5,-1,5,4,6,-1,6,4,7,-1,1,4,2,-1,8,9,10,-1,10,9,11,-1,11,9,1,-1,12,13,9,-1,9,13,1,-1,1,13,4,-1,13,14,15,-1,12,14,13,-1]
coord Coordinate { point [47.1336 -28.3267 0.007874,47.12 -28.3267 0,47.1357 -28.3267 0.015748,47.1279 -28.3267 0.00210983,47.12 -28.3267 0.492125,47.1357 -28.3267 0.476377,47.1336 -28.3267 0.484251,47.1279 -28.3267 0.490015,46.6457 -28.3267 0.007874,46.6436 -28.3267 0.015748,46.6515 -28.3267 0.00210983,46.6594 -28.3267 0,46.6436 -28.3267 0.476377,46.6594 -28.3267 0.492125,46.6457 -28.3267 0.484251,46.6515 -28.3267 0.490015]
}}
appearance Appearance{material USE PIN-01 }}
Shape { geometry IndexedFaceSet 
{ creaseAngle 1.00 coordIndex [0,1,2,-1,0,3,1,-1,4,2,5,-1,4,0,2,-1,6,5,7,-1,6,4,5,-1]
coord Coordinate { point [47.6771 -28.4629 0.0059055,47.559 -28.4645 0.011811,47.559 -28.4629 0.0059055,47.6771 -28.4645 0.011811,47.6771 -28.4586 0.00158237,47.559 -28.4586 0.00158237,47.6771 -28.4527 0,47.559 -28.4527 0]
}}
appearance Appearance{material USE PIN-01 }}
Shape { geometry IndexedFaceSet 
{ creaseAngle 1.00 coordIndex [0,1,2,-1,3,4,1,-1,3,5,4,-1,3,1,0,-1,6,0,2,-1,7,5,3,-1,8,2,9,-1,8,6,2,-1,10,7,11,-1,10,5,7,-1,12,9,13,-1,12,8,9,-1,14,10,11,-1,15,10,14,-1,16,13,17,-1,16,12,13,-1,18,14,19,-1,18,15,14,-1,20,16,17,-1,21,16,20,-1,22,19,23,-1,22,18,19,-1,24,25,26,-1,24,26,21,-1,24,21,20,-1,27,28,29,-1,30,25,24,-1,31,29,25,-1,31,27,29,-1,31,25,30,-1,27,22,23,-1,27,23,28,-1]
coord Coordinate { point [47.6771 -28.1629 0.0177165,47.6771 -28.1511 0.0059055,47.6771 -28.1495 0.011811,47.6771 -28.1673 0.0133934,47.6771 -28.1555 0.00158237,47.6771 -28.1614 0,47.6771 -28.1614 0.023622,47.6771 -28.1732 0.011811,47.6771 -28.1614 0.291338,47.6771 -28.1495 0.303149,47.6771 -28.4527 0,47.6771 -28.4409 0.011811,47.6771 -28.1629 0.297243,47.6771 -28.1511 0.309055,47.6771 -28.4468 0.0133934,47.6771 -28.4586 0.00158237,47.6771 -28.1673 0.301567,47.6771 -28.1555 0.313378,47.6771 -28.4629 0.0059055,47.6771 -28.4511 0.0177165,47.6771 -28.1614 0.31496,47.6771 -28.1732 0.303149,47.6771 -28.4645 0.011811,47.6771 -28.4527 0.023622,47.6771 -28.4527 0.31496,47.6771 -28.4468 0.301567,47.6771 -28.4409 0.303149,47.6771 -28.4645 0.303149,47.6771 -28.4527 0.291338,47.6771 -28.4511 0.297243,47.6771 -28.4586 0.313378,47.6771 -28.4629 0.309055]
}}
appearance Appearance{material USE PIN-01 }}
Shape { geometry IndexedFaceSet 
{ creaseAngle 1.00 coordIndex [0,1,2,-1,0,2,3,-1,4,3,5,-1,4,0,3,-1,6,5,7,-1,6,4,5,-1]
coord Coordinate { point [47.6771 -28.1555 0.00158237,47.6771 -28.1614 0,47.559 -28.1614 0,47.559 -28.1555 0.00158237,47.6771 -28.1511 0.0059055,47.559 -28.1511 0.0059055,47.6771 -28.1495 0.011811,47.559 -28.1495 0.011811]
}}
appearance Appearance{material USE PIN-01 }}
Shape { geometry IndexedFaceSet 
{ creaseAngle 1.00 coordIndex [0,1,2,-1,3,1,0,-1,4,5,6,-1,2,7,4,-1,1,7,2,-1,4,7,5,-1,8,9,10,-1,10,9,11,-1,11,12,1,-1,1,12,7,-1,9,13,11,-1,11,13,12,-1,12,14,15,-1,13,14,12,-1]
coord Coordinate { point [47.559 -28.1511 0.0059055,47.559 -28.1614 0,47.559 -28.1495 0.011811,47.559 -28.1555 0.00158237,47.559 -28.1495 0.303149,47.559 -28.1555 0.313378,47.559 -28.1511 0.309055,47.559 -28.1614 0.31496,47.559 -28.4629 0.0059055,47.559 -28.4645 0.011811,47.559 -28.4586 0.00158237,47.559 -28.4527 0,47.559 -28.4527 0.31496,47.559 -28.4645 0.303149,47.559 -28.4629 0.309055,47.559 -28.4586 0.313378]
}}
appearance Appearance{material USE PIN-01 }}
Shape { geometry IndexedFaceSet 
{ creaseAngle 1.00 coordIndex [0,1,2,-1,0,3,1,-1,4,2,5,-1,4,0,2,-1,6,5,7,-1,6,4,5,-1]
coord Coordinate { point [48.1889 -28.4629 0.0059055,48.0708 -28.4645 0.011811,48.0708 -28.4629 0.0059055,48.1889 -28.4645 0.011811,48.1889 -28.4586 0.00158237,48.0708 -28.4586 0.00158237,48.1889 -28.4527 0,48.0708 -28.4527 0]
}}
appearance Appearance{material USE PIN-01 }}
Shape { geometry IndexedFaceSet 
{ creaseAngle 1.00 coordIndex [0,1,2,-1,0,3,1,-1,4,5,6,-1,7,2,5,-1,7,0,2,-1,7,5,4,-1,8,9,10,-1,8,10,11,-1,12,11,0,-1,12,0,7,-1,13,8,11,-1,13,11,12,-1,14,12,15,-1,14,13,12,-1]
coord Coordinate { point [48.1889 -28.1614 0,48.1889 -28.1511 0.0059055,48.1889 -28.1495 0.011811,48.1889 -28.1555 0.00158237,48.1889 -28.1555 0.313378,48.1889 -28.1495 0.303149,48.1889 -28.1511 0.309055,48.1889 -28.1614 0.31496,48.1889 -28.4645 0.011811,48.1889 -28.4629 0.0059055,48.1889 -28.4586 0.00158237,48.1889 -28.4527 0,48.1889 -28.4527 0.31496,48.1889 -28.4645 0.303149,48.1889 -28.4629 0.309055,48.1889 -28.4586 0.313378]
}}
appearance Appearance{material USE PIN-01 }}
Shape { geometry IndexedFaceSet 
{ creaseAngle 1.00 coordIndex [0,1,2,-1,0,2,3,-1,4,3,5,-1,4,0,3,-1,6,5,7,-1,6,4,5,-1]
coord Coordinate { point [48.1889 -28.1555 0.00158237,48.1889 -28.1614 0,48.0708 -28.1614 0,48.0708 -28.1555 0.00158237,48.1889 -28.1511 0.0059055,48.0708 -28.1511 0.0059055,48.1889 -28.1495 0.011811,48.0708 -28.1495 0.011811]
}}
appearance Appearance{material USE PIN-01 }}
Shape { geometry IndexedFaceSet 
{ creaseAngle 1.00 coordIndex [0,1,2,-1,3,4,0,-1,5,4,3,-1,0,4,1,-1,1,6,2,-1,5,7,4,-1,2,8,9,-1,6,8,2,-1,7,10,11,-1,5,10,7,-1,9,12,13,-1,8,12,9,-1,10,14,11,-1,10,15,14,-1,13,16,17,-1,12,16,13,-1,14,18,19,-1,15,18,14,-1,16,20,17,-1,16,21,20,-1,19,22,23,-1,18,22,19,-1,24,25,26,-1,26,25,21,-1,21,25,20,-1,27,28,29,-1,24,30,25,-1,29,31,24,-1,28,31,29,-1,24,31,30,-1,22,28,23,-1,23,28,27,-1]
coord Coordinate { point [48.0708 -28.1511 0.0059055,48.0708 -28.1629 0.0177165,48.0708 -28.1495 0.011811,48.0708 -28.1555 0.00158237,48.0708 -28.1673 0.0133934,48.0708 -28.1614 0,48.0708 -28.1614 0.023622,48.0708 -28.1732 0.011811,48.0708 -28.1614 0.291338,48.0708 -28.1495 0.303149,48.0708 -28.4527 0,48.0708 -28.4409 0.011811,48.0708 -28.1629 0.297243,48.0708 -28.1511 0.309055,48.0708 -28.4468 0.0133934,48.0708 -28.4586 0.00158237,48.0708 -28.1673 0.301567,48.0708 -28.1555 0.313378,48.0708 -28.4629 0.0059055,48.0708 -28.4511 0.0177165,48.0708 -28.1614 0.31496,48.0708 -28.1732 0.303149,48.0708 -28.4645 0.011811,48.0708 -28.4527 0.023622,48.0708 -28.4468 0.301567,48.0708 -28.4527 0.31496,48.0708 -28.4409 0.303149,48.0708 -28.4527 0.291338,48.0708 -28.4645 0.303149,48.0708 -28.4511 0.297243,48.0708 -28.4586 0.313378,48.0708 -28.4629 0.309055]
}}
appearance Appearance{material USE PIN-01 }}
Shape { geometry IndexedFaceSet 
{ creaseAngle 1.00 coordIndex [0,1,2,-1,2,1,3,-1,3,4,5,-1,1,4,3,-1,5,6,7,-1,4,6,5,-1,7,8,9,-1,9,8,10,-1,6,8,7,-1,10,11,12,-1,8,11,10,-1,11,13,12,-1,12,14,15,-1,13,14,12,-1,15,16,17,-1,14,16,15,-1,17,18,19,-1,16,18,17,-1,19,20,21,-1,18,20,19,-1,21,22,23,-1,20,22,21,-1,23,24,25,-1,25,24,26,-1,22,24,23,-1,24,27,26,-1,26,28,29,-1,29,28,30,-1,27,28,26,-1,28,31,30,-1,31,32,30,-1,30,32,33,-1,32,34,33,-1,33,34,35,-1,35,34,36,-1,34,37,36,-1,36,38,39,-1,37,38,36,-1,39,40,41,-1,38,40,39,-1,41,0,2,-1,40,0,41,-1]
coord Coordinate { point [43.1298 -29.9606 0,43.1246 -29.9258 0,43.1298 -29.9606 -0.62677,43.1246 -29.9258 -0.62677,43.1093 -29.894 0,43.1093 -29.894 -0.62677,43.0854 -29.8682 0,43.0854 -29.8682 -0.62677,43.0549 -29.8506 0,43.0549 -29.8506 -0.62677,43.0206 -29.8428 -0.62677,43.0206 -29.8428 0,42.9854 -29.8454 -0.62677,42.9854 -29.8454 0,42.9527 -29.8583 0,42.9527 -29.8583 -0.62677,42.9251 -29.8802 0,42.9251 -29.8802 -0.62677,42.9053 -29.9093 0,42.9053 -29.9093 -0.62677,42.8949 -29.943 0,42.8949 -29.943 -0.62677,42.8949 -29.9782 0,42.8949 -29.9782 -0.62677,42.9053 -30.0118 0,42.9053 -30.0118 -0.62677,42.9251 -30.0409 -0.62677,42.9251 -30.0409 0,42.9527 -30.0629 0,42.9527 -30.0629 -0.62677,42.9854 -30.0757 -0.62677,42.9854 -30.0757 0,43.0206 -30.0783 0,43.0206 -30.0783 -0.62677,43.0549 -30.0705 0,43.0549 -30.0705 -0.62677,43.0854 -30.0529 -0.62677,43.0854 -30.0529 0,43.1093 -30.0271 0,43.1093 -30.0271 -0.62677,43.1246 -29.9954 0,43.1246 -29.9954 -0.62677]
}}
appearance Appearance{material Material{diffuseColor 0.2 0.6 0.4
transparency 0}}}
Shape { geometry IndexedFaceSet 
{ creaseAngle 1.00 coordIndex [0,1,2,-1,2,1,3,-1,3,4,5,-1,1,4,3,-1,5,6,7,-1,4,6,5,-1,7,8,9,-1,9,8,10,-1,6,8,7,-1,10,11,12,-1,8,11,10,-1,11,13,12,-1,12,14,15,-1,13,14,12,-1,15,16,17,-1,14,16,15,-1,17,18,19,-1,16,18,17,-1,19,20,21,-1,18,20,19,-1,21,22,23,-1,20,22,21,-1,23,24,25,-1,25,24,26,-1,22,24,23,-1,24,27,26,-1,26,28,29,-1,29,28,30,-1,27,28,26,-1,28,31,30,-1,31,32,30,-1,30,32,33,-1,32,34,33,-1,33,34,35,-1,35,34,36,-1,34,37,36,-1,36,38,39,-1,37,38,36,-1,39,40,41,-1,38,40,39,-1,41,0,2,-1,40,0,41,-1]
coord Coordinate { point [47.992 -30.5551 0,47.9868 -30.5202 0,47.992 -30.5551 -0.62677,47.9868 -30.5202 -0.62677,47.9715 -30.4885 0,47.9715 -30.4885 -0.62677,47.9476 -30.4627 0,47.9476 -30.4627 -0.62677,47.9171 -30.4451 0,47.9171 -30.4451 -0.62677,47.8827 -30.4373 -0.62677,47.8827 -30.4373 0,47.8476 -30.4399 -0.62677,47.8476 -30.4399 0,47.8149 -30.4528 0,47.8149 -30.4528 -0.62677,47.7873 -30.4747 0,47.7873 -30.4747 -0.62677,47.7675 -30.5038 0,47.7675 -30.5038 -0.62677,47.7571 -30.5375 0,47.7571 -30.5375 -0.62677,47.7571 -30.5727 0,47.7571 -30.5727 -0.62677,47.7675 -30.6063 0,47.7675 -30.6063 -0.62677,47.7873 -30.6354 -0.62677,47.7873 -30.6354 0,47.8149 -30.6573 0,47.8149 -30.6573 -0.62677,47.8476 -30.6702 -0.62677,47.8476 -30.6702 0,47.8827 -30.6728 0,47.8827 -30.6728 -0.62677,47.9171 -30.665 0,47.9171 -30.665 -0.62677,47.9476 -30.6474 -0.62677,47.9476 -30.6474 0,47.9715 -30.6216 0,47.9715 -30.6216 -0.62677,47.9868 -30.5899 0,47.9868 -30.5899 -0.62677]
}}
appearance Appearance{material Material{diffuseColor 0.2 0.6 0.4
transparency 0}}}
Shape { geometry IndexedFaceSet 
{ creaseAngle 1.00 coordIndex [0,1,2,-1,2,1,3,-1,3,4,5,-1,1,4,3,-1,5,6,7,-1,4,6,5,-1,7,8,9,-1,9,8,10,-1,6,8,7,-1,10,11,12,-1,8,11,10,-1,11,13,12,-1,12,14,15,-1,13,14,12,-1,15,16,17,-1,14,16,15,-1,17,18,19,-1,16,18,17,-1,19,20,21,-1,18,20,19,-1,21,22,23,-1,20,22,21,-1,23,24,25,-1,25,24,26,-1,22,24,23,-1,24,27,26,-1,26,28,29,-1,29,28,30,-1,27,28,26,-1,28,31,30,-1,31,32,30,-1,30,32,33,-1,32,34,33,-1,33,34,35,-1,35,34,36,-1,34,37,36,-1,36,38,39,-1,37,38,36,-1,39,40,41,-1,38,40,39,-1,41,0,2,-1,40,0,41,-1]
coord Coordinate { point [47.992 -30.0551 0,47.9868 -30.0202 0,47.992 -30.0551 -0.62677,47.9868 -30.0202 -0.62677,47.9715 -29.9885 0,47.9715 -29.9885 -0.62677,47.9476 -29.9627 0,47.9476 -29.9627 -0.62677,47.9171 -29.9451 0,47.9171 -29.9451 -0.62677,47.8827 -29.9373 -0.62677,47.8827 -29.9373 0,47.8476 -29.9399 -0.62677,47.8476 -29.9399 0,47.8149 -29.9528 0,47.8149 -29.9528 -0.62677,47.7873 -29.9747 0,47.7873 -29.9747 -0.62677,47.7675 -30.0038 0,47.7675 -30.0038 -0.62677,47.7571 -30.0375 0,47.7571 -30.0375 -0.62677,47.7571 -30.0727 0,47.7571 -30.0727 -0.62677,47.7675 -30.1063 0,47.7675 -30.1063 -0.62677,47.7873 -30.1354 -0.62677,47.7873 -30.1354 0,47.8149 -30.1573 0,47.8149 -30.1573 -0.62677,47.8476 -30.1702 -0.62677,47.8476 -30.1702 0,47.8827 -30.1728 0,47.8827 -30.1728 -0.62677,47.9171 -30.165 0,47.9171 -30.165 -0.62677,47.9476 -30.1474 -0.62677,47.9476 -30.1474 0,47.9715 -30.1216 0,47.9715 -30.1216 -0.62677,47.9868 -30.0899 0,47.9868 -30.0899 -0.62677]
}}
appearance Appearance{material Material{diffuseColor 0.2 0.6 0.4
transparency 0}}}
Shape { geometry IndexedFaceSet 
{ creaseAngle 1.00 coordIndex [0,1,2,-1,2,1,3,-1,3,4,5,-1,1,4,3,-1,5,6,7,-1,4,6,5,-1,7,8,9,-1,9,8,10,-1,6,8,7,-1,10,11,12,-1,8,11,10,-1,11,13,12,-1,12,14,15,-1,13,14,12,-1,15,16,17,-1,14,16,15,-1,17,18,19,-1,16,18,17,-1,19,20,21,-1,18,20,19,-1,21,22,23,-1,20,22,21,-1,23,24,25,-1,25,24,26,-1,22,24,23,-1,24,27,26,-1,26,28,29,-1,29,28,30,-1,27,28,26,-1,28,31,30,-1,31,32,30,-1,30,32,33,-1,32,34,33,-1,33,34,35,-1,35,34,36,-1,34,37,36,-1,36,38,39,-1,37,38,36,-1,39,40,41,-1,38,40,39,-1,41,0,2,-1,40,0,41,-1]
coord Coordinate { point [43.1298 -29.4606 0,43.1246 -29.4258 0,43.1298 -29.4606 -0.62677,43.1246 -29.4258 -0.62677,43.1093 -29.394 0,43.1093 -29.394 -0.62677,43.0854 -29.3682 0,43.0854 -29.3682 -0.62677,43.0549 -29.3506 0,43.0549 -29.3506 -0.62677,43.0206 -29.3428 -0.62677,43.0206 -29.3428 0,42.9854 -29.3454 -0.62677,42.9854 -29.3454 0,42.9527 -29.3583 0,42.9527 -29.3583 -0.62677,42.9251 -29.3802 0,42.9251 -29.3802 -0.62677,42.9053 -29.4093 0,42.9053 -29.4093 -0.62677,42.8949 -29.443 0,42.8949 -29.443 -0.62677,42.8949 -29.4782 0,42.8949 -29.4782 -0.62677,42.9053 -29.5118 0,42.9053 -29.5118 -0.62677,42.9251 -29.5409 -0.62677,42.9251 -29.5409 0,42.9527 -29.5629 0,42.9527 -29.5629 -0.62677,42.9854 -29.5757 -0.62677,42.9854 -29.5757 0,43.0206 -29.5784 0,43.0206 -29.5784 -0.62677,43.0549 -29.5705 0,43.0549 -29.5705 -0.62677,43.0854 -29.5529 -0.62677,43.0854 -29.5529 0,43.1093 -29.5271 0,43.1093 -29.5271 -0.62677,43.1246 -29.4954 0,43.1246 -29.4954 -0.62677]
}}
appearance Appearance{material Material{diffuseColor 0.2 0.6 0.4
transparency 0}}}
Shape { geometry IndexedFaceSet 
{ creaseAngle 1.00 coordIndex [0,1,2,-1,2,1,3,-1,3,4,5,-1,1,4,3,-1,5,6,7,-1,4,6,5,-1,7,8,9,-1,9,8,10,-1,6,8,7,-1,10,11,12,-1,8,11,10,-1,11,13,12,-1,12,14,15,-1,13,14,12,-1,15,16,17,-1,14,16,15,-1,17,18,19,-1,16,18,17,-1,19,20,21,-1,18,20,19,-1,21,22,23,-1,20,22,21,-1,23,24,25,-1,25,24,26,-1,22,24,23,-1,24,27,26,-1,26,28,29,-1,29,28,30,-1,27,28,26,-1,28,31,30,-1,31,32,30,-1,30,32,33,-1,32,34,33,-1,33,34,35,-1,35,34,36,-1,34,37,36,-1,36,38,39,-1,37,38,36,-1,39,40,41,-1,38,40,39,-1,41,0,2,-1,40,0,41,-1]
coord Coordinate { point [47.992 -29.5551 0,47.9868 -29.5202 0,47.992 -29.5551 -0.62677,47.9868 -29.5202 -0.62677,47.9715 -29.4885 0,47.9715 -29.4885 -0.62677,47.9476 -29.4627 0,47.9476 -29.4627 -0.62677,47.9171 -29.4451 0,47.9171 -29.4451 -0.62677,47.8827 -29.4373 -0.62677,47.8827 -29.4373 0,47.8476 -29.4399 -0.62677,47.8476 -29.4399 0,47.8149 -29.4528 0,47.8149 -29.4528 -0.62677,47.7873 -29.4747 0,47.7873 -29.4747 -0.62677,47.7675 -29.5038 0,47.7675 -29.5038 -0.62677,47.7571 -29.5375 0,47.7571 -29.5375 -0.62677,47.7571 -29.5727 0,47.7571 -29.5727 -0.62677,47.7675 -29.6063 0,47.7675 -29.6063 -0.62677,47.7873 -29.6354 -0.62677,47.7873 -29.6354 0,47.8149 -29.6573 0,47.8149 -29.6573 -0.62677,47.8476 -29.6702 -0.62677,47.8476 -29.6702 0,47.8827 -29.6728 0,47.8827 -29.6728 -0.62677,47.9171 -29.665 0,47.9171 -29.665 -0.62677,47.9476 -29.6474 -0.62677,47.9476 -29.6474 0,47.9715 -29.6216 0,47.9715 -29.6216 -0.62677,47.9868 -29.5899 0,47.9868 -29.5899 -0.62677]
}}
appearance Appearance{material Material{diffuseColor 0.2 0.6 0.4
transparency 0}}}
Shape { geometry IndexedFaceSet 
{ creaseAngle 1.00 coordIndex [0,1,2,-1,2,1,3,-1,3,4,5,-1,1,4,3,-1,5,6,7,-1,4,6,5,-1,7,8,9,-1,9,8,10,-1,6,8,7,-1,10,11,12,-1,8,11,10,-1,11,13,12,-1,12,14,15,-1,13,14,12,-1,15,16,17,-1,14,16,15,-1,17,18,19,-1,16,18,17,-1,19,20,21,-1,18,20,19,-1,21,22,23,-1,20,22,21,-1,23,24,25,-1,25,24,26,-1,22,24,23,-1,24,27,26,-1,26,28,29,-1,29,28,30,-1,27,28,26,-1,28,31,30,-1,31,32,30,-1,30,32,33,-1,32,34,33,-1,33,34,35,-1,35,34,36,-1,34,37,36,-1,36,38,39,-1,37,38,36,-1,39,40,41,-1,38,40,39,-1,41,0,2,-1,40,0,41,-1]
coord Coordinate { point [47.992 -29.0551 0,47.9868 -29.0202 0,47.992 -29.0551 -0.62677,47.9868 -29.0202 -0.62677,47.9715 -28.9885 0,47.9715 -28.9885 -0.62677,47.9476 -28.9627 0,47.9476 -28.9627 -0.62677,47.9171 -28.9451 0,47.9171 -28.9451 -0.62677,47.8827 -28.9373 -0.62677,47.8827 -28.9373 0,47.8476 -28.9399 -0.62677,47.8476 -28.9399 0,47.8149 -28.9528 0,47.8149 -28.9528 -0.62677,47.7873 -28.9747 0,47.7873 -28.9747 -0.62677,47.7675 -29.0038 0,47.7675 -29.0038 -0.62677,47.7571 -29.0375 0,47.7571 -29.0375 -0.62677,47.7571 -29.0727 0,47.7571 -29.0727 -0.62677,47.7675 -29.1063 0,47.7675 -29.1063 -0.62677,47.7873 -29.1354 -0.62677,47.7873 -29.1354 0,47.8149 -29.1573 0,47.8149 -29.1573 -0.62677,47.8476 -29.1702 -0.62677,47.8476 -29.1702 0,47.8827 -29.1728 0,47.8827 -29.1728 -0.62677,47.9171 -29.165 0,47.9171 -29.165 -0.62677,47.9476 -29.1474 -0.62677,47.9476 -29.1474 0,47.9715 -29.1216 0,47.9715 -29.1216 -0.62677,47.9868 -29.0899 0,47.9868 -29.0899 -0.62677]
}}
appearance Appearance{material Material{diffuseColor 0.2 0.6 0.4
transparency 0}}}
Shape { geometry IndexedFaceSet 
{ creaseAngle 1.00 coordIndex [0,1,2,-1,2,1,3,-1]
coord Coordinate { point [43.2928 -31.1484 0.007874,43.2928 -31.1484 0.188976,43.2141 -31.1484 0.007874,43.2141 -31.1484 0.188976]
}}
appearance Appearance{material USE PIN-01 }}
Shape { geometry IndexedFaceSet 
{ creaseAngle 1.00 coordIndex [0,1,2,-1,0,2,3,-1]
coord Coordinate { point [43.2928 -30.9515 0.188976,43.2928 -30.9515 0.007874,43.2141 -30.9515 0.007874,43.2141 -30.9515 0.188976]
}}
appearance Appearance{material USE PIN-01 }}
Shape { geometry IndexedFaceSet 
{ creaseAngle 1.00 coordIndex [0,1,2,-1,0,3,1,-1,4,2,5,-1,4,0,2,-1,6,5,7,-1,6,4,5,-1]
coord Coordinate { point [43.2928 -30.9526 0.192913,43.2141 -30.9515 0.188976,43.2141 -30.9526 0.192913,43.2928 -30.9515 0.188976,43.2928 -30.9554 0.195795,43.2141 -30.9554 0.195795,43.2928 -30.9594 0.19685,43.2141 -30.9594 0.19685]
}}
appearance Appearance{material USE PIN-01 }}
Shape { geometry IndexedFaceSet 
{ creaseAngle 1.00 coordIndex [0,1,2,-1,0,2,3,-1]
coord Coordinate { point [43.2928 -30.9594 0.19685,43.2141 -30.9594 0.19685,43.2141 -31.1405 0.19685,43.2928 -31.1405 0.19685]
}}
appearance Appearance{material USE PIN-01 }}
Shape { geometry IndexedFaceSet 
{ creaseAngle 1.00 coordIndex [0,1,2,-1,0,2,3,-1,4,3,5,-1,4,0,3,-1,6,5,7,-1,6,4,5,-1]
coord Coordinate { point [43.2928 -31.1444 0.195795,43.2928 -31.1405 0.19685,43.2141 -31.1405 0.19685,43.2141 -31.1444 0.195795,43.2928 -31.1473 0.192913,43.2141 -31.1473 0.192913,43.2928 -31.1484 0.188976,43.2141 -31.1484 0.188976]
}}
appearance Appearance{material USE PIN-01 }}
Shape { geometry IndexedFaceSet 
{ creaseAngle 1.00 coordIndex [0,1,2,-1,0,3,1,-1,4,2,5,-1,4,0,2,-1,6,5,7,-1,6,4,5,-1]
coord Coordinate { point [43.529 -31.1394 0.011811,43.2928 -31.1405 0.015748,43.2928 -31.1394 0.011811,43.529 -31.1405 0.015748,43.529 -31.1366 0.00892892,43.2928 -31.1366 0.00892892,43.529 -31.1326 0.007874,43.2928 -31.1326 0.007874]
}}
appearance Appearance{material USE CAP-CERAMIC-06 }}
Shape { geometry IndexedFaceSet 
{ creaseAngle 1.00 coordIndex [0,1,2,-1,2,1,3,-1]
coord Coordinate { point [43.529 -31.1405 0.015748,43.529 -31.1405 0.181102,43.2928 -31.1405 0.015748,43.2928 -31.1405 0.181102]
}}
appearance Appearance{material USE CAP-CERAMIC-06 }}
Shape { geometry IndexedFaceSet 
{ creaseAngle 1.00 coordIndex [0,1,2,-1,0,2,3,-1,4,3,5,-1,4,0,3,-1,6,5,7,-1,6,4,5,-1]
coord Coordinate { point [43.529 -31.1366 0.187921,43.529 -31.1326 0.188976,43.2928 -31.1326 0.188976,43.2928 -31.1366 0.187921,43.529 -31.1394 0.185039,43.2928 -31.1394 0.185039,43.529 -31.1405 0.181102,43.2928 -31.1405 0.181102]
}}
appearance Appearance{material USE CAP-CERAMIC-06 }}
Shape { geometry IndexedFaceSet 
{ creaseAngle 1.00 coordIndex [0,1,2,-1,0,2,3,-1]
coord Coordinate { point [43.529 -30.9673 0.188976,43.2928 -30.9673 0.188976,43.2928 -31.1326 0.188976,43.529 -31.1326 0.188976]
}}
appearance Appearance{material USE CAP-CERAMIC-06 }}
Shape { geometry IndexedFaceSet 
{ creaseAngle 1.00 coordIndex [0,1,2,-1,0,3,1,-1,4,2,5,-1,4,0,2,-1,6,5,7,-1,6,4,5,-1]
coord Coordinate { point [43.529 -30.9604 0.185039,43.2928 -30.9594 0.181102,43.2928 -30.9604 0.185039,43.529 -30.9594 0.181102,43.529 -30.9633 0.187921,43.2928 -30.9633 0.187921,43.529 -30.9673 0.188976,43.2928 -30.9673 0.188976]
}}
appearance Appearance{material USE CAP-CERAMIC-06 }}
Shape { geometry IndexedFaceSet 
{ creaseAngle 1.00 coordIndex [0,1,2,-1,0,2,3,-1]
coord Coordinate { point [43.529 -30.9594 0.181102,43.529 -30.9594 0.015748,43.2928 -30.9594 0.015748,43.2928 -30.9594 0.181102]
}}
appearance Appearance{material USE CAP-CERAMIC-06 }}
Shape { geometry IndexedFaceSet 
{ creaseAngle 1.00 coordIndex [0,1,2,-1,0,2,3,-1,4,3,5,-1,4,0,3,-1,6,5,7,-1,6,4,5,-1]
coord Coordinate { point [43.529 -30.9633 0.00892892,43.529 -30.9673 0.007874,43.2928 -30.9673 0.007874,43.2928 -30.9633 0.00892892,43.529 -30.9604 0.011811,43.2928 -30.9604 0.011811,43.529 -30.9594 0.015748,43.2928 -30.9594 0.015748]
}}
appearance Appearance{material USE CAP-CERAMIC-06 }}
Shape { geometry IndexedFaceSet 
{ creaseAngle 1.00 coordIndex [0,1,2,-1,2,1,3,-1]
coord Coordinate { point [43.2928 -30.9673 0.007874,43.529 -30.9673 0.007874,43.2928 -31.1326 0.007874,43.529 -31.1326 0.007874]
}}
appearance Appearance{material USE CAP-CERAMIC-06 }}
Shape { geometry IndexedFaceSet 
{ creaseAngle 1.00 coordIndex [0,1,2,-1,2,1,3,-1]
coord Coordinate { point [43.6078 -31.1484 0.007874,43.6078 -31.1484 0.188976,43.529 -31.1484 0.007874,43.529 -31.1484 0.188976]
}}
appearance Appearance{material USE PIN-01 }}
Shape { geometry IndexedFaceSet 
{ creaseAngle 1.00 coordIndex [0,1,2,-1,0,2,3,-1]
coord Coordinate { point [43.6078 -30.9515 0.188976,43.6078 -30.9515 0.007874,43.529 -30.9515 0.007874,43.529 -30.9515 0.188976]
}}
appearance Appearance{material USE PIN-01 }}
Shape { geometry IndexedFaceSet 
{ creaseAngle 1.00 coordIndex [0,1,2,-1,0,3,1,-1,4,2,5,-1,4,0,2,-1,6,5,7,-1,6,4,5,-1]
coord Coordinate { point [43.6078 -30.9526 0.192913,43.529 -30.9515 0.188976,43.529 -30.9526 0.192913,43.6078 -30.9515 0.188976,43.6078 -30.9554 0.195795,43.529 -30.9554 0.195795,43.6078 -30.9594 0.19685,43.529 -30.9594 0.19685]
}}
appearance Appearance{material USE PIN-01 }}
Shape { geometry IndexedFaceSet 
{ creaseAngle 1.00 coordIndex [0,1,2,-1,0,2,3,-1]
coord Coordinate { point [43.6078 -30.9594 0.19685,43.529 -30.9594 0.19685,43.529 -31.1405 0.19685,43.6078 -31.1405 0.19685]
}}
appearance Appearance{material USE PIN-01 }}
Shape { geometry IndexedFaceSet 
{ creaseAngle 1.00 coordIndex [0,1,2,-1,0,2,3,-1,4,3,5,-1,4,0,3,-1,6,5,7,-1,6,4,5,-1]
coord Coordinate { point [43.6078 -31.1444 0.195795,43.6078 -31.1405 0.19685,43.529 -31.1405 0.19685,43.529 -31.1444 0.195795,43.6078 -31.1473 0.192913,43.529 -31.1473 0.192913,43.6078 -31.1484 0.188976,43.529 -31.1484 0.188976]
}}
appearance Appearance{material USE PIN-01 }}
Shape { geometry IndexedFaceSet 
{ creaseAngle 1.00 coordIndex [0,1,2,-1,2,1,3,-1]
coord Coordinate { point [44.3503 -31.2598 0.007874,44.3503 -31.2598 0.188976,44.2716 -31.2598 0.007874,44.2716 -31.2598 0.188976]
}}
appearance Appearance{material USE PIN-01 }}
Shape { geometry IndexedFaceSet 
{ creaseAngle 1.00 coordIndex [0,1,2,-1,0,2,3,-1]
coord Coordinate { point [44.3503 -31.0629 0.188976,44.3503 -31.0629 0.007874,44.2716 -31.0629 0.007874,44.2716 -31.0629 0.188976]
}}
appearance Appearance{material USE PIN-01 }}
Shape { geometry IndexedFaceSet 
{ creaseAngle 1.00 coordIndex [0,1,2,-1,0,3,1,-1,4,2,5,-1,4,0,2,-1,6,5,7,-1,6,4,5,-1]
coord Coordinate { point [44.3503 -31.064 0.192913,44.2716 -31.0629 0.188976,44.2716 -31.064 0.192913,44.3503 -31.0629 0.188976,44.3503 -31.0669 0.195795,44.2716 -31.0669 0.195795,44.3503 -31.0708 0.19685,44.2716 -31.0708 0.19685]
}}
appearance Appearance{material USE PIN-01 }}
Shape { geometry IndexedFaceSet 
{ creaseAngle 1.00 coordIndex [0,1,2,-1,0,2,3,-1]
coord Coordinate { point [44.3503 -31.0708 0.19685,44.2716 -31.0708 0.19685,44.2716 -31.2519 0.19685,44.3503 -31.2519 0.19685]
}}
appearance Appearance{material USE PIN-01 }}
Shape { geometry IndexedFaceSet 
{ creaseAngle 1.00 coordIndex [0,1,2,-1,0,2,3,-1,4,3,5,-1,4,0,3,-1,6,5,7,-1,6,4,5,-1]
coord Coordinate { point [44.3503 -31.2558 0.195795,44.3503 -31.2519 0.19685,44.2716 -31.2519 0.19685,44.2716 -31.2558 0.195795,44.3503 -31.2587 0.192913,44.2716 -31.2587 0.192913,44.3503 -31.2598 0.188976,44.2716 -31.2598 0.188976]
}}
appearance Appearance{material USE PIN-01 }}
Shape { geometry IndexedFaceSet 
{ creaseAngle 1.00 coordIndex [0,1,2,-1,0,3,1,-1,4,2,5,-1,4,0,2,-1,6,5,7,-1,6,4,5,-1]
coord Coordinate { point [44.5865 -31.2509 0.011811,44.3503 -31.2519 0.015748,44.3503 -31.2509 0.011811,44.5865 -31.2519 0.015748,44.5865 -31.248 0.00892892,44.3503 -31.248 0.00892892,44.5865 -31.244 0.007874,44.3503 -31.244 0.007874]
}}
appearance Appearance{material USE CAP-CERAMIC-06 }}
Shape { geometry IndexedFaceSet 
{ creaseAngle 1.00 coordIndex [0,1,2,-1,2,1,3,-1]
coord Coordinate { point [44.5865 -31.2519 0.015748,44.5865 -31.2519 0.181102,44.3503 -31.2519 0.015748,44.3503 -31.2519 0.181102]
}}
appearance Appearance{material USE CAP-CERAMIC-06 }}
Shape { geometry IndexedFaceSet 
{ creaseAngle 1.00 coordIndex [0,1,2,-1,0,2,3,-1,4,3,5,-1,4,0,3,-1,6,5,7,-1,6,4,5,-1]
coord Coordinate { point [44.5865 -31.248 0.187921,44.5865 -31.244 0.188976,44.3503 -31.244 0.188976,44.3503 -31.248 0.187921,44.5865 -31.2509 0.185039,44.3503 -31.2509 0.185039,44.5865 -31.2519 0.181102,44.3503 -31.2519 0.181102]
}}
appearance Appearance{material USE CAP-CERAMIC-06 }}
Shape { geometry IndexedFaceSet 
{ creaseAngle 1.00 coordIndex [0,1,2,-1,0,2,3,-1]
coord Coordinate { point [44.5865 -31.0787 0.188976,44.3503 -31.0787 0.188976,44.3503 -31.244 0.188976,44.5865 -31.244 0.188976]
}}
appearance Appearance{material USE CAP-CERAMIC-06 }}
Shape { geometry IndexedFaceSet 
{ creaseAngle 1.00 coordIndex [0,1,2,-1,0,3,1,-1,4,2,5,-1,4,0,2,-1,6,5,7,-1,6,4,5,-1]
coord Coordinate { point [44.5865 -31.0719 0.185039,44.3503 -31.0708 0.181102,44.3503 -31.0719 0.185039,44.5865 -31.0708 0.181102,44.5865 -31.0747 0.187921,44.3503 -31.0747 0.187921,44.5865 -31.0787 0.188976,44.3503 -31.0787 0.188976]
}}
appearance Appearance{material USE CAP-CERAMIC-06 }}
Shape { geometry IndexedFaceSet 
{ creaseAngle 1.00 coordIndex [0,1,2,-1,0,2,3,-1]
coord Coordinate { point [44.5865 -31.0708 0.181102,44.5865 -31.0708 0.015748,44.3503 -31.0708 0.015748,44.3503 -31.0708 0.181102]
}}
appearance Appearance{material USE CAP-CERAMIC-06 }}
Shape { geometry IndexedFaceSet 
{ creaseAngle 1.00 coordIndex [0,1,2,-1,0,2,3,-1,4,3,5,-1,4,0,3,-1,6,5,7,-1,6,4,5,-1]
coord Coordinate { point [44.5865 -31.0747 0.00892892,44.5865 -31.0787 0.007874,44.3503 -31.0787 0.007874,44.3503 -31.0747 0.00892892,44.5865 -31.0719 0.011811,44.3503 -31.0719 0.011811,44.5865 -31.0708 0.015748,44.3503 -31.0708 0.015748]
}}
appearance Appearance{material USE CAP-CERAMIC-06 }}
Shape { geometry IndexedFaceSet 
{ creaseAngle 1.00 coordIndex [0,1,2,-1,2,1,3,-1]
coord Coordinate { point [44.3503 -31.0787 0.007874,44.5865 -31.0787 0.007874,44.3503 -31.244 0.007874,44.5865 -31.244 0.007874]
}}
appearance Appearance{material USE CAP-CERAMIC-06 }}
Shape { geometry IndexedFaceSet 
{ creaseAngle 1.00 coordIndex [0,1,2,-1,2,1,3,-1]
coord Coordinate { point [44.6653 -31.2598 0.007874,44.6653 -31.2598 0.188976,44.5865 -31.2598 0.007874,44.5865 -31.2598 0.188976]
}}
appearance Appearance{material USE PIN-01 }}
Shape { geometry IndexedFaceSet 
{ creaseAngle 1.00 coordIndex [0,1,2,-1,0,2,3,-1]
coord Coordinate { point [44.6653 -31.0629 0.188976,44.6653 -31.0629 0.007874,44.5865 -31.0629 0.007874,44.5865 -31.0629 0.188976]
}}
appearance Appearance{material USE PIN-01 }}
Shape { geometry IndexedFaceSet 
{ creaseAngle 1.00 coordIndex [0,1,2,-1,0,3,1,-1,4,2,5,-1,4,0,2,-1,6,5,7,-1,6,4,5,-1]
coord Coordinate { point [44.6653 -31.064 0.192913,44.5865 -31.0629 0.188976,44.5865 -31.064 0.192913,44.6653 -31.0629 0.188976,44.6653 -31.0669 0.195795,44.5865 -31.0669 0.195795,44.6653 -31.0708 0.19685,44.5865 -31.0708 0.19685]
}}
appearance Appearance{material USE PIN-01 }}
Shape { geometry IndexedFaceSet 
{ creaseAngle 1.00 coordIndex [0,1,2,-1,0,2,3,-1]
coord Coordinate { point [44.6653 -31.0708 0.19685,44.5865 -31.0708 0.19685,44.5865 -31.2519 0.19685,44.6653 -31.2519 0.19685]
}}
appearance Appearance{material USE PIN-01 }}
Shape { geometry IndexedFaceSet 
{ creaseAngle 1.00 coordIndex [0,1,2,-1,0,2,3,-1,4,3,5,-1,4,0,3,-1,6,5,7,-1,6,4,5,-1]
coord Coordinate { point [44.6653 -31.2558 0.195795,44.6653 -31.2519 0.19685,44.5865 -31.2519 0.19685,44.5865 -31.2558 0.195795,44.6653 -31.2587 0.192913,44.5865 -31.2587 0.192913,44.6653 -31.2598 0.188976,44.5865 -31.2598 0.188976]
}}
appearance Appearance{material USE PIN-01 }}
Shape { geometry IndexedFaceSet 
{ creaseAngle 1.00 coordIndex [0,1,2,-1,2,1,3,-1]
coord Coordinate { point [45.0196 -31.2598 0.0137795,45.0196 -31.2598 0.124016,45.0196 -31.0629 0.0137795,45.0196 -31.0629 0.124016]
}}
appearance Appearance{material USE PIN-01 }}
Shape { geometry IndexedFaceSet 
{ creaseAngle 1.00 coordIndex [0,1,2,-1,0,3,1,-1,4,2,5,-1,4,0,2,-1,6,5,7,-1,6,4,5,-1]
coord Coordinate { point [45.0214 -31.0629 0.130905,45.0196 -31.2598 0.124016,45.0214 -31.2598 0.130905,45.0196 -31.0629 0.124016,45.0265 -31.0629 0.135949,45.0265 -31.2598 0.135949,45.0334 -31.0629 0.137795,45.0334 -31.2598 0.137795]
}}
appearance Appearance{material USE PIN-01 }}
Shape { geometry IndexedFaceSet 
{ creaseAngle 1.00 coordIndex [0,1,2,-1,0,2,3,-1]
coord Coordinate { point [45.0846 -31.0629 0.137795,45.0334 -31.0629 0.137795,45.0334 -31.2598 0.137795,45.0846 -31.2598 0.137795]
}}
appearance Appearance{material USE PIN-01 }}
Shape { geometry IndexedFaceSet 
{ creaseAngle 1.00 coordIndex [0,1,2,-1,0,2,3,-1,4,3,5,-1,4,0,3,-1,6,5,7,-1,6,4,5,-1]
coord Coordinate { point [45.0914 -31.0629 0.135949,45.0846 -31.0629 0.137795,45.0846 -31.2598 0.137795,45.0914 -31.2598 0.135949,45.0965 -31.0629 0.130905,45.0965 -31.2598 0.130905,45.0983 -31.0629 0.124016,45.0983 -31.2598 0.124016]
}}
appearance Appearance{material USE PIN-01 }}
Shape { geometry IndexedFaceSet 
{ creaseAngle 1.00 coordIndex [0,1,2,-1,2,1,3,-1,4,5,0,-1,0,5,1,-1,6,7,4,-1,4,7,5,-1]
coord Coordinate { point [45.0983 -31.2598 0.0137795,45.0983 -31.2598 0.124016,45.0334 -31.2598 0.0137795,45.0334 -31.2598 0.124016,45.3346 -31.2598 0.0137795,45.3346 -31.2598 0.124016,45.3995 -31.2598 0.0137795,45.3995 -31.2598 0.124016]
}}
appearance Appearance{material USE PLASTIC-WHITE-01 }}
Shape { geometry IndexedFaceSet 
{ creaseAngle 1.00 coordIndex [0,1,2,-1,2,1,3,-1]
coord Coordinate { point [45.0983 -31.0629 0.0137795,45.3346 -31.0629 0.0137795,45.0983 -31.2598 0.0137795,45.3346 -31.2598 0.0137795]
}}
appearance Appearance{material USE PLASTIC-WHITE-01 }}
Shape { geometry IndexedFaceSet 
{ creaseAngle 1.00 coordIndex [0,1,2,-1,0,2,3,-1,4,5,1,-1,4,1,0,-1,6,7,5,-1,6,5,4,-1]
coord Coordinate { point [45.0983 -31.0629 0.124016,45.0983 -31.0629 0.0137795,45.0334 -31.0629 0.0137795,45.0334 -31.0629 0.124016,45.3346 -31.0629 0.124016,45.3346 -31.0629 0.0137795,45.3995 -31.0629 0.124016,45.3995 -31.0629 0.0137795]
}}
appearance Appearance{material USE PLASTIC-WHITE-01 }}
Shape { geometry IndexedFaceSet 
{ creaseAngle 1.00 coordIndex [0,1,2,-1,0,3,1,-1,4,2,5,-1,4,0,2,-1,6,5,7,-1,6,4,5,-1]
coord Coordinate { point [45.3364 -31.0629 0.130905,45.3346 -31.2598 0.124016,45.3364 -31.2598 0.130905,45.3346 -31.0629 0.124016,45.3414 -31.0629 0.135949,45.3414 -31.2598 0.135949,45.3483 -31.0629 0.137795,45.3483 -31.2598 0.137795]
}}
appearance Appearance{material USE PIN-01 }}
Shape { geometry IndexedFaceSet 
{ creaseAngle 1.00 coordIndex [0,1,2,-1,0,2,3,-1]
coord Coordinate { point [45.3995 -31.0629 0.137795,45.3483 -31.0629 0.137795,45.3483 -31.2598 0.137795,45.3995 -31.2598 0.137795]
}}
appearance Appearance{material USE PIN-01 }}
Shape { geometry IndexedFaceSet 
{ creaseAngle 1.00 coordIndex [0,1,2,-1,0,2,3,-1,4,3,5,-1,4,0,3,-1,6,5,7,-1,6,4,5,-1]
coord Coordinate { point [45.4064 -31.0629 0.135949,45.3995 -31.0629 0.137795,45.3995 -31.2598 0.137795,45.4064 -31.2598 0.135949,45.4114 -31.0629 0.130905,45.4114 -31.2598 0.130905,45.4133 -31.0629 0.124016,45.4133 -31.2598 0.124016]
}}
appearance Appearance{material USE PIN-01 }}
Shape { geometry IndexedFaceSet 
{ creaseAngle 1.00 coordIndex [0,1,2,-1,0,2,3,-1]
coord Coordinate { point [45.4133 -31.2598 0.124016,45.4133 -31.2598 0.0137795,45.4133 -31.0629 0.0137795,45.4133 -31.0629 0.124016]
}}
appearance Appearance{material USE PIN-01 }}
Shape { geometry IndexedFaceSet 
{ creaseAngle 1.00 coordIndex [0,1,2,-1,2,1,3,-1]
coord Coordinate { point [43.2194 -30.7381 0.0137795,43.2194 -30.7381 0.124016,43.2194 -30.5413 0.0137795,43.2194 -30.5413 0.124016]
}}
appearance Appearance{material USE PIN-01 }}
Shape { geometry IndexedFaceSet 
{ creaseAngle 1.00 coordIndex [0,1,2,-1,0,3,1,-1,4,2,5,-1,4,0,2,-1,6,5,7,-1,6,4,5,-1]
coord Coordinate { point [43.2212 -30.5413 0.130905,43.2194 -30.7381 0.124016,43.2212 -30.7381 0.130905,43.2194 -30.5413 0.124016,43.2263 -30.5413 0.135949,43.2263 -30.7381 0.135949,43.2332 -30.5413 0.137795,43.2332 -30.7381 0.137795]
}}
appearance Appearance{material USE PIN-01 }}
Shape { geometry IndexedFaceSet 
{ creaseAngle 1.00 coordIndex [0,1,2,-1,0,2,3,-1]
coord Coordinate { point [43.2844 -30.5413 0.137795,43.2332 -30.5413 0.137795,43.2332 -30.7381 0.137795,43.2844 -30.7381 0.137795]
}}
appearance Appearance{material USE PIN-01 }}
Shape { geometry IndexedFaceSet 
{ creaseAngle 1.00 coordIndex [0,1,2,-1,0,2,3,-1,4,3,5,-1,4,0,3,-1,6,5,7,-1,6,4,5,-1]
coord Coordinate { point [43.2913 -30.5413 0.135949,43.2844 -30.5413 0.137795,43.2844 -30.7381 0.137795,43.2913 -30.7381 0.135949,43.2963 -30.5413 0.130905,43.2963 -30.7381 0.130905,43.2981 -30.5413 0.124016,43.2981 -30.7381 0.124016]
}}
appearance Appearance{material USE PIN-01 }}
Shape { geometry IndexedFaceSet 
{ creaseAngle 1.00 coordIndex [0,1,2,-1,2,1,3,-1,4,5,0,-1,0,5,1,-1,6,7,4,-1,4,7,5,-1]
coord Coordinate { point [43.2981 -30.7381 0.0137795,43.2981 -30.7381 0.124016,43.2332 -30.7381 0.0137795,43.2332 -30.7381 0.124016,43.5344 -30.7381 0.0137795,43.5344 -30.7381 0.124016,43.5993 -30.7381 0.0137795,43.5993 -30.7381 0.124016]
}}
appearance Appearance{material USE PLASTIC-WHITE-01 }}
Shape { geometry IndexedFaceSet 
{ creaseAngle 1.00 coordIndex [0,1,2,-1,2,1,3,-1]
coord Coordinate { point [43.2981 -30.5413 0.0137795,43.5344 -30.5413 0.0137795,43.2981 -30.7381 0.0137795,43.5344 -30.7381 0.0137795]
}}
appearance Appearance{material USE PLASTIC-WHITE-01 }}
Shape { geometry IndexedFaceSet 
{ creaseAngle 1.00 coordIndex [0,1,2,-1,0,2,3,-1,4,5,1,-1,4,1,0,-1,6,7,5,-1,6,5,4,-1]
coord Coordinate { point [43.2981 -30.5413 0.124016,43.2981 -30.5413 0.0137795,43.2332 -30.5413 0.0137795,43.2332 -30.5413 0.124016,43.5344 -30.5413 0.124016,43.5344 -30.5413 0.0137795,43.5993 -30.5413 0.124016,43.5993 -30.5413 0.0137795]
}}
appearance Appearance{material USE PLASTIC-WHITE-01 }}
Shape { geometry IndexedFaceSet 
{ creaseAngle 1.00 coordIndex [0,1,2,-1,0,3,1,-1,4,2,5,-1,4,0,2,-1,6,5,7,-1,6,4,5,-1]
coord Coordinate { point [43.5362 -30.5413 0.130905,43.5344 -30.7381 0.124016,43.5362 -30.7381 0.130905,43.5344 -30.5413 0.124016,43.5413 -30.5413 0.135949,43.5413 -30.7381 0.135949,43.5481 -30.5413 0.137795,43.5481 -30.7381 0.137795]
}}
appearance Appearance{material USE PIN-01 }}
Shape { geometry IndexedFaceSet 
{ creaseAngle 1.00 coordIndex [0,1,2,-1,0,2,3,-1]
coord Coordinate { point [43.5993 -30.5413 0.137795,43.5481 -30.5413 0.137795,43.5481 -30.7381 0.137795,43.5993 -30.7381 0.137795]
}}
appearance Appearance{material USE PIN-01 }}
Shape { geometry IndexedFaceSet 
{ creaseAngle 1.00 coordIndex [0,1,2,-1,0,2,3,-1,4,3,5,-1,4,0,3,-1,6,5,7,-1,6,4,5,-1]
coord Coordinate { point [43.6062 -30.5413 0.135949,43.5993 -30.5413 0.137795,43.5993 -30.7381 0.137795,43.6062 -30.7381 0.135949,43.6113 -30.5413 0.130905,43.6113 -30.7381 0.130905,43.6131 -30.5413 0.124016,43.6131 -30.7381 0.124016]
}}
appearance Appearance{material USE PIN-01 }}
Shape { geometry IndexedFaceSet 
{ creaseAngle 1.00 coordIndex [0,1,2,-1,0,2,3,-1]
coord Coordinate { point [43.6131 -30.7381 0.124016,43.6131 -30.7381 0.0137795,43.6131 -30.5413 0.0137795,43.6131 -30.5413 0.124016]
}}
appearance Appearance{material USE PIN-01 }}
Shape { geometry IndexedFaceSet 
{ creaseAngle 1.00 coordIndex [0,1,2,-1,3,4,5,-1,1,6,2,-1,7,6,1,-1,7,8,6,-1,4,9,1,-1,1,9,7,-1,9,10,11,-1,3,10,4,-1,4,10,9,-1]
coord Coordinate { point [43.7794 -29.4399 0.011811,43.7794 -29.5718 0.011811,43.746 -29.4399 0.011811,44.0885 -29.4399 0.011811,44.055 -29.5718 0.011811,44.055 -29.4399 0.011811,43.746 -30.058 0.011811,43.7794 -29.9261 0.011811,43.7794 -30.058 0.011811,44.055 -29.9261 0.011811,44.0885 -30.058 0.011811,44.055 -30.058 0.011811]
}}
appearance Appearance{material USE IC-BODY-EPOXY-04 }}
Shape { geometry IndexedFaceSet 
{ creaseAngle 1.00 coordIndex [0,1,2,-1,0,2,3,-1]
coord Coordinate { point [43.7794 -30.0639 0.248031,43.7794 -30.0639 0.011811,43.8354 -30.0639 0.011811,43.8354 -30.0639 0.248031]
}}
appearance Appearance{material USE PIN-01 }}
Shape { geometry IndexedFaceSet 
{ creaseAngle 1.00 coordIndex [0,1,2,-1,0,2,3,-1,4,0,3,-1,5,4,3,-1]
coord Coordinate { point [43.7794 -30.0623 0.253937,43.7794 -30.0639 0.248031,43.8354 -30.0639 0.248031,43.8346 -30.0521 0.259842,43.7794 -30.058 0.25826,43.7794 -30.0521 0.259842]
}}
appearance Appearance{material USE PIN-01 }}
Shape { geometry IndexedFaceSet 
{ creaseAngle 1.00 coordIndex [0,1,2,-1,0,2,3,-1,4,3,2,-1,5,1,0,-1,6,4,2,-1,7,8,6,-1,7,9,8,-1,7,6,2,-1,10,9,7,-1,11,12,10,-1,11,10,7,-1]
coord Coordinate { point [43.9936 -30.0205 0.259842,44.055 -30.0521 0.259842,44.055 -29.9379 0.259842,43.9757 -29.9936 0.259842,43.9489 -29.9757 0.259842,43.9999 -30.0521 0.259842,43.9172 -29.9694 0.259842,43.7794 -29.9379 0.259842,43.8856 -29.9757 0.259842,43.8588 -29.9936 0.259842,43.8409 -30.0205 0.259842,43.7794 -30.0521 0.259842,43.8346 -30.0521 0.259842]
}}
appearance Appearance{material USE PIN-01 }}
Shape { geometry IndexedFaceSet 
{ creaseAngle 1.00 coordIndex [0,1,2,-1,0,2,3,-1,4,3,5,-1,4,0,3,-1,6,5,7,-1,6,4,5,-1]
coord Coordinate { point [43.7794 -29.932 0.25826,43.7794 -29.9379 0.259842,44.055 -29.9379 0.259842,44.055 -29.932 0.25826,43.7794 -29.9277 0.253937,44.055 -29.9277 0.253937,43.7794 -29.9261 0.248031,44.055 -29.9261 0.248031]
}}
appearance Appearance{material USE PIN-01 }}
Shape { geometry IndexedFaceSet 
{ creaseAngle 1.00 coordIndex [0,1,2,-1,0,2,3,-1,4,5,6,-1,7,5,4,-1,8,9,10,-1,11,9,8,-1,12,13,10,-1,12,10,9,-1,14,12,15,-1,14,5,7,-1,14,7,13,-1,14,13,12,-1,2,8,10,-1,2,10,3,-1,3,7,4,-1,3,4,0,-1]
coord Coordinate { point [43.7794 -29.5718 0.248031,43.7794 -29.4399 0.248031,43.746 -29.4399 0.248031,43.7519 -29.5777 0.248031,44.055 -29.5718 0.248031,44.0885 -29.4399 0.248031,44.055 -29.4399 0.248031,44.0826 -29.5777 0.248031,43.746 -30.058 0.248031,43.7794 -29.9261 0.248031,43.7519 -29.6249 0.248031,43.7794 -30.058 0.248031,44.055 -29.9261 0.248031,44.0826 -29.6249 0.248031,44.0885 -30.058 0.248031,44.055 -30.058 0.248031]
}}
appearance Appearance{material USE IC-BODY-EPOXY-04 }}
Shape { geometry IndexedFaceSet 
{ creaseAngle 1.00 coordIndex [0,1,2,-1,0,2,3,-1]
coord Coordinate { point [43.746 -30.058 0.248031,43.746 -30.058 0.011811,43.7794 -30.058 0.011811,43.7794 -30.058 0.248031]
}}
appearance Appearance{material USE IC-BODY-EPOXY-04 }}
Shape { geometry IndexedFaceSet 
{ creaseAngle 1.00 coordIndex [0,1,2,-1,3,2,4,-1,3,4,5,-1,3,0,2,-1]
coord Coordinate { point [43.9991 -30.0639 0.248031,44.055 -30.0639 0.248031,44.055 -30.0623 0.253937,43.9999 -30.0521 0.259842,44.055 -30.058 0.25826,44.055 -30.0521 0.259842]
}}
appearance Appearance{material USE PIN-01 }}
Shape { geometry IndexedFaceSet 
{ creaseAngle 1.00 coordIndex [0,1,2,-1,0,2,3,-1]
coord Coordinate { point [43.9991 -30.0639 0.248031,43.9991 -30.0639 0.011811,44.055 -30.0639 0.011811,44.055 -30.0639 0.248031]
}}
appearance Appearance{material USE PIN-01 }}
Shape { geometry IndexedFaceSet 
{ creaseAngle 1.00 coordIndex [0,1,2,-1,0,2,3,-1]
coord Coordinate { point [44.055 -30.058 0.248031,44.055 -30.058 0.011811,44.0885 -30.058 0.011811,44.0885 -30.058 0.248031]
}}
appearance Appearance{material USE IC-BODY-EPOXY-04 }}
Shape { geometry IndexedFaceSet 
{ creaseAngle 1.00 coordIndex [0,1,2,-1,2,1,3,-1]
coord Coordinate { point [44.4586 -30.2952 0.23622,44.3798 -30.2952 0.23622,44.4586 -30.2952 0.177165,44.3798 -30.2952 0.177165]
}}
appearance Appearance{material USE IC-BODY-EPOXY-04 }}
Shape { geometry IndexedFaceSet 
{ creaseAngle 1.00 coordIndex [0,1,2,-1,2,1,3,-1]
coord Coordinate { point [44.5767 -30.2952 0.177165,44.5767 -30.3936 0.177165,44.4586 -30.2952 0.177165,44.4586 -30.3936 0.177165]
}}
appearance Appearance{material USE PIN-01 }}
Shape { geometry IndexedFaceSet 
{ creaseAngle 1.00 coordIndex [0,1,2,-1,2,1,3,-1,3,4,5,-1,1,4,3,-1,5,6,7,-1,4,6,5,-1]
coord Coordinate { point [44.5767 -30.3936 0.177165,44.5767 -30.4035 0.174528,44.4586 -30.3936 0.177165,44.4586 -30.4035 0.174528,44.5767 -30.4107 0.167322,44.4586 -30.4107 0.167322,44.5767 -30.4133 0.15748,44.4586 -30.4133 0.15748]
}}
appearance Appearance{material USE PIN-01 }}
Shape { geometry IndexedFaceSet 
{ creaseAngle 1.00 coordIndex [0,1,2,-1,2,1,3,-1]
coord Coordinate { point [44.5767 -30.4133 0.15748,44.5767 -30.4133 0.07874,44.4586 -30.4133 0.15748,44.4586 -30.4133 0.07874]
}}
appearance Appearance{material USE PIN-01 }}
Shape { geometry IndexedFaceSet 
{ creaseAngle 1.00 coordIndex [0,1,2,-1,2,1,3,-1]
coord Coordinate { point [44.5767 -30.6692 0.059055,44.5767 -30.4921 0.059055,44.4586 -30.6692 0.059055,44.4586 -30.4921 0.059055]
}}
appearance Appearance{material USE PIN-01 }}
Shape { geometry IndexedFaceSet 
{ creaseAngle 1.00 coordIndex [0,1,2,-1,2,1,3,-1,3,4,5,-1,1,4,3,-1,5,6,7,-1,4,6,5,-1]
coord Coordinate { point [44.5767 -30.4921 0.059055,44.5767 -30.4822 0.0616923,44.4586 -30.4921 0.059055,44.4586 -30.4822 0.0616923,44.5767 -30.475 0.0688975,44.4586 -30.475 0.0688975,44.5767 -30.4724 0.07874,44.4586 -30.4724 0.07874]
}}
appearance Appearance{material USE PIN-01 }}
Shape { geometry IndexedFaceSet 
{ creaseAngle 1.00 coordIndex [0,1,2,-1,2,1,3,-1]
coord Coordinate { point [44.5767 -30.4724 0.07874,44.5767 -30.4724 0.15748,44.4586 -30.4724 0.07874,44.4586 -30.4724 0.15748]
}}
appearance Appearance{material USE PIN-01 }}
Shape { geometry IndexedFaceSet 
{ creaseAngle 1.00 coordIndex [0,1,2,-1,0,2,3,-1,4,3,5,-1,4,0,3,-1,6,5,7,-1,6,4,5,-1,8,7,9,-1,8,6,7,-1]
coord Coordinate { point [44.5767 -30.4238 0.230226,44.5767 -30.3936 0.23622,44.4586 -30.3936 0.23622,44.4586 -30.4238 0.230226,44.5767 -30.4493 0.213158,44.4586 -30.4493 0.213158,44.5767 -30.4664 0.187612,44.4586 -30.4664 0.187612,44.5767 -30.4724 0.15748,44.4586 -30.4724 0.15748]
}}
appearance Appearance{material USE PIN-01 }}
Shape { geometry IndexedFaceSet 
{ creaseAngle 1.00 coordIndex [0,1,2,-1,2,1,3,-1,3,4,5,-1,1,4,3,-1]
coord Coordinate { point [44.5767 -30.3936 0.23622,44.5767 -30.2952 0.23622,44.4586 -30.3936 0.23622,44.4586 -30.2952 0.23622,44.5767 -30.2657 0.23622,44.4586 -30.2657 0.23622]
}}
appearance Appearance{material USE PIN-01 }}
Shape { geometry IndexedFaceSet 
{ creaseAngle 1.00 coordIndex [0,1,2,-1,2,1,3,-1]
coord Coordinate { point [44.7145 -30.2952 0.23622,44.5767 -30.2952 0.23622,44.7145 -30.2952 0.177165,44.5767 -30.2952 0.177165]
}}
appearance Appearance{material USE IC-BODY-EPOXY-04 }}
Shape { geometry IndexedFaceSet 
{ creaseAngle 1.00 coordIndex [0,1,2,-1,2,1,3,-1]
coord Coordinate { point [44.8326 -30.2952 0.177165,44.8326 -30.3936 0.177165,44.7145 -30.2952 0.177165,44.7145 -30.3936 0.177165]
}}
appearance Appearance{material USE PIN-01 }}
Shape { geometry IndexedFaceSet 
{ creaseAngle 1.00 coordIndex [0,1,2,-1,2,1,3,-1,3,4,5,-1,1,4,3,-1,5,6,7,-1,4,6,5,-1]
coord Coordinate { point [44.8326 -30.3936 0.177165,44.8326 -30.4035 0.174528,44.7145 -30.3936 0.177165,44.7145 -30.4035 0.174528,44.8326 -30.4107 0.167322,44.7145 -30.4107 0.167322,44.8326 -30.4133 0.15748,44.7145 -30.4133 0.15748]
}}
appearance Appearance{material USE PIN-01 }}
Shape { geometry IndexedFaceSet 
{ creaseAngle 1.00 coordIndex [0,1,2,-1,2,1,3,-1]
coord Coordinate { point [44.8326 -30.4133 0.15748,44.8326 -30.4133 0.07874,44.7145 -30.4133 0.15748,44.7145 -30.4133 0.07874]
}}
appearance Appearance{material USE PIN-01 }}
Shape { geometry IndexedFaceSet 
{ creaseAngle 1.00 coordIndex [0,1,2,-1,2,1,3,-1]
coord Coordinate { point [44.8326 -30.6692 0.059055,44.8326 -30.4921 0.059055,44.7145 -30.6692 0.059055,44.7145 -30.4921 0.059055]
}}
appearance Appearance{material USE PIN-01 }}
Shape { geometry IndexedFaceSet 
{ creaseAngle 1.00 coordIndex [0,1,2,-1,2,1,3,-1,3,4,5,-1,1,4,3,-1,5,6,7,-1,4,6,5,-1]
coord Coordinate { point [44.8326 -30.4921 0.059055,44.8326 -30.4822 0.0616923,44.7145 -30.4921 0.059055,44.7145 -30.4822 0.0616923,44.8326 -30.475 0.0688975,44.7145 -30.475 0.0688975,44.8326 -30.4724 0.07874,44.7145 -30.4724 0.07874]
}}
appearance Appearance{material USE PIN-01 }}
Shape { geometry IndexedFaceSet 
{ creaseAngle 1.00 coordIndex [0,1,2,-1,2,1,3,-1]
coord Coordinate { point [44.8326 -30.4724 0.07874,44.8326 -30.4724 0.15748,44.7145 -30.4724 0.07874,44.7145 -30.4724 0.15748]
}}
appearance Appearance{material USE PIN-01 }}
Shape { geometry IndexedFaceSet 
{ creaseAngle 1.00 coordIndex [0,1,2,-1,0,2,3,-1,4,3,5,-1,4,0,3,-1,6,5,7,-1,6,4,5,-1,8,7,9,-1,8,6,7,-1]
coord Coordinate { point [44.8326 -30.4238 0.230226,44.8326 -30.3936 0.23622,44.7145 -30.3936 0.23622,44.7145 -30.4238 0.230226,44.8326 -30.4493 0.213158,44.7145 -30.4493 0.213158,44.8326 -30.4664 0.187612,44.7145 -30.4664 0.187612,44.8326 -30.4724 0.15748,44.7145 -30.4724 0.15748]
}}
appearance Appearance{material USE PIN-01 }}
Shape { geometry IndexedFaceSet 
{ creaseAngle 1.00 coordIndex [0,1,2,-1,2,1,3,-1,3,4,5,-1,1,4,3,-1]
coord Coordinate { point [44.8326 -30.3936 0.23622,44.8326 -30.2952 0.23622,44.7145 -30.3936 0.23622,44.7145 -30.2952 0.23622,44.8326 -30.2657 0.23622,44.7145 -30.2657 0.23622]
}}
appearance Appearance{material USE PIN-01 }}
Shape { geometry IndexedFaceSet 
{ creaseAngle 1.00 coordIndex [0,1,2,-1,2,1,3,-1]
coord Coordinate { point [44.9704 -30.2952 0.23622,44.8326 -30.2952 0.23622,44.9704 -30.2952 0.177165,44.8326 -30.2952 0.177165]
}}
appearance Appearance{material USE IC-BODY-EPOXY-04 }}
Shape { geometry IndexedFaceSet 
{ creaseAngle 1.00 coordIndex [0,1,2,-1,2,1,3,-1]
coord Coordinate { point [45.0885 -30.4133 0.15748,45.0885 -30.4133 0.07874,44.9704 -30.4133 0.15748,44.9704 -30.4133 0.07874]
}}
appearance Appearance{material USE PIN-01 }}
Shape { geometry IndexedFaceSet 
{ creaseAngle 1.00 coordIndex [0,1,2,-1,2,1,3,-1]
coord Coordinate { point [45.0885 -30.2952 0.177165,45.0885 -30.3936 0.177165,44.9704 -30.2952 0.177165,44.9704 -30.3936 0.177165]
}}
appearance Appearance{material USE PIN-01 }}
Shape { geometry IndexedFaceSet 
{ creaseAngle 1.00 coordIndex [0,1,2,-1,2,1,3,-1,3,4,5,-1,1,4,3,-1,5,6,7,-1,4,6,5,-1]
coord Coordinate { point [45.0885 -30.3936 0.177165,45.0885 -30.4035 0.174528,44.9704 -30.3936 0.177165,44.9704 -30.4035 0.174528,45.0885 -30.4107 0.167322,44.9704 -30.4107 0.167322,45.0885 -30.4133 0.15748,44.9704 -30.4133 0.15748]
}}
appearance Appearance{material USE PIN-01 }}
Shape { geometry IndexedFaceSet 
{ creaseAngle 1.00 coordIndex [0,1,2,-1,2,1,3,-1]
coord Coordinate { point [45.0885 -30.6692 0.059055,45.0885 -30.4921 0.059055,44.9704 -30.6692 0.059055,44.9704 -30.4921 0.059055]
}}
appearance Appearance{material USE PIN-01 }}
Shape { geometry IndexedFaceSet 
{ creaseAngle 1.00 coordIndex [0,1,2,-1,2,1,3,-1,3,4,5,-1,1,4,3,-1,5,6,7,-1,4,6,5,-1]
coord Coordinate { point [45.0885 -30.4921 0.059055,45.0885 -30.4822 0.0616923,44.9704 -30.4921 0.059055,44.9704 -30.4822 0.0616923,45.0885 -30.475 0.0688975,44.9704 -30.475 0.0688975,45.0885 -30.4724 0.07874,44.9704 -30.4724 0.07874]
}}
appearance Appearance{material USE PIN-01 }}
Shape { geometry IndexedFaceSet 
{ creaseAngle 1.00 coordIndex [0,1,2,-1,2,1,3,-1]
coord Coordinate { point [45.0885 -30.4724 0.07874,45.0885 -30.4724 0.15748,44.9704 -30.4724 0.07874,44.9704 -30.4724 0.15748]
}}
appearance Appearance{material USE PIN-01 }}
Shape { geometry IndexedFaceSet 
{ creaseAngle 1.00 coordIndex [0,1,2,-1,0,2,3,-1,4,3,5,-1,4,0,3,-1,6,5,7,-1,6,4,5,-1,8,7,9,-1,8,6,7,-1]
coord Coordinate { point [45.0885 -30.4238 0.230226,45.0885 -30.3936 0.23622,44.9704 -30.3936 0.23622,44.9704 -30.4238 0.230226,45.0885 -30.4493 0.213158,44.9704 -30.4493 0.213158,45.0885 -30.4664 0.187612,44.9704 -30.4664 0.187612,45.0885 -30.4724 0.15748,44.9704 -30.4724 0.15748]
}}
appearance Appearance{material USE PIN-01 }}
Shape { geometry IndexedFaceSet 
{ creaseAngle 1.00 coordIndex [0,1,2,-1,2,1,3,-1,3,4,5,-1,1,4,3,-1]
coord Coordinate { point [45.0885 -30.3936 0.23622,45.0885 -30.2952 0.23622,44.9704 -30.3936 0.23622,44.9704 -30.2952 0.23622,45.0885 -30.2657 0.23622,44.9704 -30.2657 0.23622]
}}
appearance Appearance{material USE PIN-01 }}
Shape { geometry IndexedFaceSet 
{ creaseAngle 1.00 coordIndex [0,1,2,-1,2,1,3,-1]
coord Coordinate { point [45.2263 -30.2952 0.23622,45.0885 -30.2952 0.23622,45.2263 -30.2952 0.177165,45.0885 -30.2952 0.177165]
}}
appearance Appearance{material USE IC-BODY-EPOXY-04 }}
Shape { geometry IndexedFaceSet 
{ creaseAngle 1.00 coordIndex [0,1,2,-1,2,1,3,-1]
coord Coordinate { point [45.3444 -30.4133 0.15748,45.3444 -30.4133 0.07874,45.2263 -30.4133 0.15748,45.2263 -30.4133 0.07874]
}}
appearance Appearance{material USE PIN-01 }}
Shape { geometry IndexedFaceSet 
{ creaseAngle 1.00 coordIndex [0,1,2,-1,2,1,3,-1]
coord Coordinate { point [45.3444 -30.2952 0.177165,45.3444 -30.3936 0.177165,45.2263 -30.2952 0.177165,45.2263 -30.3936 0.177165]
}}
appearance Appearance{material USE PIN-01 }}
Shape { geometry IndexedFaceSet 
{ creaseAngle 1.00 coordIndex [0,1,2,-1,2,1,3,-1,3,4,5,-1,1,4,3,-1,5,6,7,-1,4,6,5,-1]
coord Coordinate { point [45.3444 -30.3936 0.177165,45.3444 -30.4035 0.174528,45.2263 -30.3936 0.177165,45.2263 -30.4035 0.174528,45.3444 -30.4107 0.167322,45.2263 -30.4107 0.167322,45.3444 -30.4133 0.15748,45.2263 -30.4133 0.15748]
}}
appearance Appearance{material USE PIN-01 }}
Shape { geometry IndexedFaceSet 
{ creaseAngle 1.00 coordIndex [0,1,2,-1,2,1,3,-1]
coord Coordinate { point [45.3444 -30.6692 0.059055,45.3444 -30.4921 0.059055,45.2263 -30.6692 0.059055,45.2263 -30.4921 0.059055]
}}
appearance Appearance{material USE PIN-01 }}
Shape { geometry IndexedFaceSet 
{ creaseAngle 1.00 coordIndex [0,1,2,-1,2,1,3,-1,3,4,5,-1,1,4,3,-1,5,6,7,-1,4,6,5,-1]
coord Coordinate { point [45.3444 -30.4921 0.059055,45.3444 -30.4822 0.0616923,45.2263 -30.4921 0.059055,45.2263 -30.4822 0.0616923,45.3444 -30.475 0.0688975,45.2263 -30.475 0.0688975,45.3444 -30.4724 0.07874,45.2263 -30.4724 0.07874]
}}
appearance Appearance{material USE PIN-01 }}
Shape { geometry IndexedFaceSet 
{ creaseAngle 1.00 coordIndex [0,1,2,-1,2,1,3,-1]
coord Coordinate { point [45.3444 -30.4724 0.07874,45.3444 -30.4724 0.15748,45.2263 -30.4724 0.07874,45.2263 -30.4724 0.15748]
}}
appearance Appearance{material USE PIN-01 }}
Shape { geometry IndexedFaceSet 
{ creaseAngle 1.00 coordIndex [0,1,2,-1,0,2,3,-1,4,3,5,-1,4,0,3,-1,6,5,7,-1,6,4,5,-1,8,7,9,-1,8,6,7,-1]
coord Coordinate { point [45.3444 -30.4238 0.230226,45.3444 -30.3936 0.23622,45.2263 -30.3936 0.23622,45.2263 -30.4238 0.230226,45.3444 -30.4493 0.213158,45.2263 -30.4493 0.213158,45.3444 -30.4664 0.187612,45.2263 -30.4664 0.187612,45.3444 -30.4724 0.15748,45.2263 -30.4724 0.15748]
}}
appearance Appearance{material USE PIN-01 }}
Shape { geometry IndexedFaceSet 
{ creaseAngle 1.00 coordIndex [0,1,2,-1,2,1,3,-1,3,4,5,-1,1,4,3,-1]
coord Coordinate { point [45.3444 -30.3936 0.23622,45.3444 -30.2952 0.23622,45.2263 -30.3936 0.23622,45.2263 -30.2952 0.23622,45.3444 -30.2657 0.23622,45.2263 -30.2657 0.23622]
}}
appearance Appearance{material USE PIN-01 }}
Shape { geometry IndexedFaceSet 
{ creaseAngle 1.00 coordIndex [0,1,2,-1,2,1,3,-1]
coord Coordinate { point [45.4231 -30.2952 0.23622,45.3444 -30.2952 0.23622,45.4231 -30.2952 0.177165,45.3444 -30.2952 0.177165]
}}
appearance Appearance{material USE IC-BODY-EPOXY-04 }}
Shape { geometry IndexedFaceSet 
{ creaseAngle 1.00 coordIndex [0,1,2,-1,2,1,3,-1]
coord Coordinate { point [46.929 -31.624 0.015748,46.929 -31.624 0.476377,46.7716 -31.624 0.015748,46.7716 -31.624 0.476377]
}}
appearance Appearance{material USE PIN-01 }}
Shape { geometry IndexedFaceSet 
{ creaseAngle 1.00 coordIndex [0,1,2,-1,0,2,3,-1]
coord Coordinate { point [46.929 -31.1318 0.476377,46.929 -31.1318 0.015748,46.7716 -31.1318 0.015748,46.7716 -31.1318 0.476377]
}}
appearance Appearance{material USE PIN-01 }}
Shape { geometry IndexedFaceSet 
{ creaseAngle 1.00 coordIndex [0,1,2,-1,0,3,1,-1,4,2,5,-1,4,0,2,-1,6,5,7,-1,6,4,5,-1]
coord Coordinate { point [46.929 -31.1339 0.484251,46.7716 -31.1318 0.476377,46.7716 -31.1339 0.484251,46.929 -31.1318 0.476377,46.929 -31.1397 0.490015,46.7716 -31.1397 0.490015,46.929 -31.1476 0.492125,46.7716 -31.1476 0.492125]
}}
appearance Appearance{material USE PIN-01 }}
Shape { geometry IndexedFaceSet 
{ creaseAngle 1.00 coordIndex [0,1,2,-1,0,2,3,-1]
coord Coordinate { point [46.929 -31.1476 0.492125,46.7716 -31.1476 0.492125,46.7716 -31.6082 0.492125,46.929 -31.6082 0.492125]
}}
appearance Appearance{material USE PIN-01 }}
Shape { geometry IndexedFaceSet 
{ creaseAngle 1.00 coordIndex [0,1,2,-1,0,2,3,-1,4,3,5,-1,4,0,3,-1,6,5,7,-1,6,4,5,-1]
coord Coordinate { point [46.929 -31.6161 0.490015,46.929 -31.6082 0.492125,46.7716 -31.6082 0.492125,46.7716 -31.6161 0.490015,46.929 -31.6218 0.484251,46.7716 -31.6218 0.484251,46.929 -31.624 0.476377,46.7716 -31.624 0.476377]
}}
appearance Appearance{material USE PIN-01 }}
Shape { geometry IndexedFaceSet 
{ creaseAngle 1.00 coordIndex [0,1,2,-1,0,3,1,-1,4,2,5,-1,4,0,2,-1,6,5,7,-1,6,4,5,-1]
coord Coordinate { point [47.4015 -31.6061 0.023622,46.929 -31.6082 0.031496,46.929 -31.6061 0.023622,47.4015 -31.6082 0.031496,47.4015 -31.6003 0.0178578,46.929 -31.6003 0.0178578,47.4015 -31.5925 0.015748,46.929 -31.5925 0.015748]
}}
appearance Appearance{material USE CAP-CERAMIC-06 }}
Shape { geometry IndexedFaceSet 
{ creaseAngle 1.00 coordIndex [0,1,2,-1,2,1,3,-1]
coord Coordinate { point [47.4015 -31.6082 0.031496,47.4015 -31.6082 0.460629,46.929 -31.6082 0.031496,46.929 -31.6082 0.460629]
}}
appearance Appearance{material USE CAP-CERAMIC-06 }}
Shape { geometry IndexedFaceSet 
{ creaseAngle 1.00 coordIndex [0,1,2,-1,0,2,3,-1,4,3,5,-1,4,0,3,-1,6,5,7,-1,6,4,5,-1]
coord Coordinate { point [47.4015 -31.6003 0.474267,47.4015 -31.5925 0.476377,46.929 -31.5925 0.476377,46.929 -31.6003 0.474267,47.4015 -31.6061 0.468503,46.929 -31.6061 0.468503,47.4015 -31.6082 0.460629,46.929 -31.6082 0.460629]
}}
appearance Appearance{material USE CAP-CERAMIC-06 }}
Shape { geometry IndexedFaceSet 
{ creaseAngle 1.00 coordIndex [0,1,2,-1,0,2,3,-1]
coord Coordinate { point [47.4015 -31.1633 0.476377,46.929 -31.1633 0.476377,46.929 -31.5925 0.476377,47.4015 -31.5925 0.476377]
}}
appearance Appearance{material USE CAP-CERAMIC-06 }}
Shape { geometry IndexedFaceSet 
{ creaseAngle 1.00 coordIndex [0,1,2,-1,0,3,1,-1,4,2,5,-1,4,0,2,-1,6,5,7,-1,6,4,5,-1]
coord Coordinate { point [47.4015 -31.1497 0.468503,46.929 -31.1476 0.460629,46.929 -31.1497 0.468503,47.4015 -31.1476 0.460629,47.4015 -31.1554 0.474267,46.929 -31.1554 0.474267,47.4015 -31.1633 0.476377,46.929 -31.1633 0.476377]
}}
appearance Appearance{material USE CAP-CERAMIC-06 }}
Shape { geometry IndexedFaceSet 
{ creaseAngle 1.00 coordIndex [0,1,2,-1,0,2,3,-1]
coord Coordinate { point [47.4015 -31.1476 0.460629,47.4015 -31.1476 0.031496,46.929 -31.1476 0.031496,46.929 -31.1476 0.460629]
}}
appearance Appearance{material USE CAP-CERAMIC-06 }}
Shape { geometry IndexedFaceSet 
{ creaseAngle 1.00 coordIndex [0,1,2,-1,0,2,3,-1,4,3,5,-1,4,0,3,-1,6,5,7,-1,6,4,5,-1]
coord Coordinate { point [47.4015 -31.1554 0.0178578,47.4015 -31.1633 0.015748,46.929 -31.1633 0.015748,46.929 -31.1554 0.0178578,47.4015 -31.1497 0.023622,46.929 -31.1497 0.023622,47.4015 -31.1476 0.031496,46.929 -31.1476 0.031496]
}}
appearance Appearance{material USE CAP-CERAMIC-06 }}
Shape { geometry IndexedFaceSet 
{ creaseAngle 1.00 coordIndex [0,1,2,-1,2,1,3,-1]
coord Coordinate { point [46.929 -31.1633 0.015748,47.4015 -31.1633 0.015748,46.929 -31.5925 0.015748,47.4015 -31.5925 0.015748]
}}
appearance Appearance{material USE CAP-CERAMIC-06 }}
Shape { geometry IndexedFaceSet 
{ creaseAngle 1.00 coordIndex [0,1,2,-1,2,1,3,-1,4,5,0,-1,0,5,1,-1,6,7,4,-1,4,7,5,-1]
coord Coordinate { point [46.0826 -30.4724 0.0137795,46.0826 -30.4724 0.124016,46.0826 -30.4074 0.0137795,46.0826 -30.4074 0.124016,46.0826 -30.7086 0.0137795,46.0826 -30.7086 0.124016,46.0826 -30.7736 0.0137795,46.0826 -30.7736 0.124016]
}}
appearance Appearance{material USE PLASTIC-WHITE-01 }}
Shape { geometry IndexedFaceSet 
{ creaseAngle 1.00 coordIndex [0,1,2,-1,0,3,1,-1,4,2,5,-1,4,0,2,-1,6,5,7,-1,6,4,5,-1]
coord Coordinate { point [46.2794 -30.7104 0.130905,46.0826 -30.7086 0.124016,46.0826 -30.7104 0.130905,46.2794 -30.7086 0.124016,46.2794 -30.7155 0.135949,46.0826 -30.7155 0.135949,46.2794 -30.7224 0.137795,46.0826 -30.7224 0.137795]
}}
appearance Appearance{material USE PIN-01 }}
Shape { geometry IndexedFaceSet 
{ creaseAngle 1.00 coordIndex [0,1,2,-1,0,2,3,-1]
coord Coordinate { point [46.2794 -30.7736 0.137795,46.2794 -30.7224 0.137795,46.0826 -30.7224 0.137795,46.0826 -30.7736 0.137795]
}}
appearance Appearance{material USE PIN-01 }}
Shape { geometry IndexedFaceSet 
{ creaseAngle 1.00 coordIndex [0,1,2,-1,0,2,3,-1,4,3,5,-1,4,0,3,-1,6,5,7,-1,6,4,5,-1]
coord Coordinate { point [46.2794 -30.7805 0.135949,46.2794 -30.7736 0.137795,46.0826 -30.7736 0.137795,46.0826 -30.7805 0.135949,46.2794 -30.7855 0.130905,46.0826 -30.7855 0.130905,46.2794 -30.7873 0.124016,46.0826 -30.7873 0.124016]
}}
appearance Appearance{material USE PIN-01 }}
Shape { geometry IndexedFaceSet 
{ creaseAngle 1.00 coordIndex [0,1,2,-1,0,2,3,-1]
coord Coordinate { point [46.0826 -30.7873 0.124016,46.0826 -30.7873 0.0137795,46.2794 -30.7873 0.0137795,46.2794 -30.7873 0.124016]
}}
appearance Appearance{material USE PIN-01 }}
Shape { geometry IndexedFaceSet 
{ creaseAngle 1.00 coordIndex [0,1,2,-1,0,2,3,-1,4,5,1,-1,4,1,0,-1,6,7,5,-1,6,5,4,-1]
coord Coordinate { point [46.2794 -30.4724 0.124016,46.2794 -30.4724 0.0137795,46.2794 -30.4074 0.0137795,46.2794 -30.4074 0.124016,46.2794 -30.7086 0.124016,46.2794 -30.7086 0.0137795,46.2794 -30.7736 0.124016,46.2794 -30.7736 0.0137795]
}}
appearance Appearance{material USE PLASTIC-WHITE-01 }}
Shape { geometry IndexedFaceSet 
{ creaseAngle 1.00 coordIndex [0,1,2,-1,2,1,3,-1]
coord Coordinate { point [46.2794 -30.4724 0.0137795,46.2794 -30.7086 0.0137795,46.0826 -30.4724 0.0137795,46.0826 -30.7086 0.0137795]
}}
appearance Appearance{material USE PLASTIC-WHITE-01 }}
Shape { geometry IndexedFaceSet 
{ creaseAngle 1.00 coordIndex [0,1,2,-1,2,1,3,-1,4,5,0,-1,0,5,1,-1,6,7,4,-1,4,7,5,-1]
coord Coordinate { point [47.0078 -30.7086 0.0137795,47.0078 -30.7086 0.124016,47.0727 -30.7086 0.0137795,47.0727 -30.7086 0.124016,46.7716 -30.7086 0.0137795,46.7716 -30.7086 0.124016,46.7066 -30.7086 0.0137795,46.7066 -30.7086 0.124016]
}}
appearance Appearance{material USE PLASTIC-WHITE-01 }}
Shape { geometry IndexedFaceSet 
{ creaseAngle 1.00 coordIndex [0,1,2,-1,0,3,1,-1,4,2,5,-1,4,0,2,-1,6,5,7,-1,6,4,5,-1]
coord Coordinate { point [46.7697 -30.9054 0.130905,46.7716 -30.7086 0.124016,46.7697 -30.7086 0.130905,46.7716 -30.9054 0.124016,46.7647 -30.9054 0.135949,46.7647 -30.7086 0.135949,46.7578 -30.9054 0.137795,46.7578 -30.7086 0.137795]
}}
appearance Appearance{material USE PIN-01 }}
Shape { geometry IndexedFaceSet 
{ creaseAngle 1.00 coordIndex [0,1,2,-1,0,2,3,-1]
coord Coordinate { point [46.7066 -30.9054 0.137795,46.7578 -30.9054 0.137795,46.7578 -30.7086 0.137795,46.7066 -30.7086 0.137795]
}}
appearance Appearance{material USE PIN-01 }}
Shape { geometry IndexedFaceSet 
{ creaseAngle 1.00 coordIndex [0,1,2,-1,0,2,3,-1,4,3,5,-1,4,0,3,-1,6,5,7,-1,6,4,5,-1]
coord Coordinate { point [46.6997 -30.9054 0.135949,46.7066 -30.9054 0.137795,46.7066 -30.7086 0.137795,46.6997 -30.7086 0.135949,46.6947 -30.9054 0.130905,46.6947 -30.7086 0.130905,46.6928 -30.9054 0.124016,46.6928 -30.7086 0.124016]
}}
appearance Appearance{material USE PIN-01 }}
Shape { geometry IndexedFaceSet 
{ creaseAngle 1.00 coordIndex [0,1,2,-1,0,2,3,-1]
coord Coordinate { point [46.6928 -30.7086 0.124016,46.6928 -30.7086 0.0137795,46.6928 -30.9054 0.0137795,46.6928 -30.9054 0.124016]
}}
appearance Appearance{material USE PIN-01 }}
Shape { geometry IndexedFaceSet 
{ creaseAngle 1.00 coordIndex [0,1,2,-1,0,2,3,-1,4,5,1,-1,4,1,0,-1,6,7,5,-1,6,5,4,-1]
coord Coordinate { point [47.0078 -30.9054 0.124016,47.0078 -30.9054 0.0137795,47.0727 -30.9054 0.0137795,47.0727 -30.9054 0.124016,46.7716 -30.9054 0.124016,46.7716 -30.9054 0.0137795,46.7066 -30.9054 0.124016,46.7066 -30.9054 0.0137795]
}}
appearance Appearance{material USE PLASTIC-WHITE-01 }}
Shape { geometry IndexedFaceSet 
{ creaseAngle 1.00 coordIndex [0,1,2,-1,2,1,3,-1]
coord Coordinate { point [47.0078 -30.9054 0.0137795,46.7716 -30.9054 0.0137795,47.0078 -30.7086 0.0137795,46.7716 -30.7086 0.0137795]
}}
appearance Appearance{material USE PLASTIC-WHITE-01 }}
Shape { geometry IndexedFaceSet 
{ creaseAngle 1.00 coordIndex [0,1,2,-1,2,1,3,-1]
coord Coordinate { point [47.559 -31.624 0.015748,47.559 -31.624 0.476377,47.4015 -31.624 0.015748,47.4015 -31.624 0.476377]
}}
appearance Appearance{material USE PIN-01 }}
Shape { geometry IndexedFaceSet 
{ creaseAngle 1.00 coordIndex [0,1,2,-1,0,2,3,-1]
coord Coordinate { point [47.559 -31.1318 0.476377,47.559 -31.1318 0.015748,47.4015 -31.1318 0.015748,47.4015 -31.1318 0.476377]
}}
appearance Appearance{material USE PIN-01 }}
Shape { geometry IndexedFaceSet 
{ creaseAngle 1.00 coordIndex [0,1,2,-1,0,3,1,-1,4,2,5,-1,4,0,2,-1,6,5,7,-1,6,4,5,-1]
coord Coordinate { point [47.559 -31.1339 0.484251,47.4015 -31.1318 0.476377,47.4015 -31.1339 0.484251,47.559 -31.1318 0.476377,47.559 -31.1397 0.490015,47.4015 -31.1397 0.490015,47.559 -31.1476 0.492125,47.4015 -31.1476 0.492125]
}}
appearance Appearance{material USE PIN-01 }}
Shape { geometry IndexedFaceSet 
{ creaseAngle 1.00 coordIndex [0,1,2,-1,0,2,3,-1]
coord Coordinate { point [47.559 -31.1476 0.492125,47.4015 -31.1476 0.492125,47.4015 -31.6082 0.492125,47.559 -31.6082 0.492125]
}}
appearance Appearance{material USE PIN-01 }}
Shape { geometry IndexedFaceSet 
{ creaseAngle 1.00 coordIndex [0,1,2,-1,0,2,3,-1,4,3,5,-1,4,0,3,-1,6,5,7,-1,6,4,5,-1]
coord Coordinate { point [47.559 -31.6161 0.490015,47.559 -31.6082 0.492125,47.4015 -31.6082 0.492125,47.4015 -31.6161 0.490015,47.559 -31.6218 0.484251,47.4015 -31.6218 0.484251,47.559 -31.624 0.476377,47.4015 -31.624 0.476377]
}}
appearance Appearance{material USE PIN-01 }}
Shape { geometry IndexedFaceSet 
{ creaseAngle 1.00 coordIndex [0,1,2,-1,2,1,3,-1]
coord Coordinate { point [47.0865 -30.7086 0.0137795,47.0865 -30.7086 0.124016,47.0865 -30.9054 0.0137795,47.0865 -30.9054 0.124016]
}}
appearance Appearance{material USE PIN-01 }}
Shape { geometry IndexedFaceSet 
{ creaseAngle 1.00 coordIndex [0,1,2,-1,0,3,1,-1,4,2,5,-1,4,0,2,-1,6,5,7,-1,6,4,5,-1]
coord Coordinate { point [47.0847 -30.9054 0.130905,47.0865 -30.7086 0.124016,47.0847 -30.7086 0.130905,47.0865 -30.9054 0.124016,47.0796 -30.9054 0.135949,47.0796 -30.7086 0.135949,47.0727 -30.9054 0.137795,47.0727 -30.7086 0.137795]
}}
appearance Appearance{material USE PIN-01 }}
Shape { geometry IndexedFaceSet 
{ creaseAngle 1.00 coordIndex [0,1,2,-1,0,2,3,-1]
coord Coordinate { point [47.0216 -30.9054 0.137795,47.0727 -30.9054 0.137795,47.0727 -30.7086 0.137795,47.0216 -30.7086 0.137795]
}}
appearance Appearance{material USE PIN-01 }}
Shape { geometry IndexedFaceSet 
{ creaseAngle 1.00 coordIndex [0,1,2,-1,0,2,3,-1,4,3,5,-1,4,0,3,-1,6,5,7,-1,6,4,5,-1]
coord Coordinate { point [47.0147 -30.9054 0.135949,47.0216 -30.9054 0.137795,47.0216 -30.7086 0.137795,47.0147 -30.7086 0.135949,47.0096 -30.9054 0.130905,47.0096 -30.7086 0.130905,47.0078 -30.9054 0.124016,47.0078 -30.7086 0.124016]
}}
appearance Appearance{material USE PIN-01 }}
Shape { geometry IndexedFaceSet 
{ creaseAngle 1.00 coordIndex [0,1,2,-1,2,1,3,-1]
coord Coordinate { point [45.7015 -30.5968 0.007874,45.7015 -30.5968 0.188976,45.7015 -30.518 0.007874,45.7015 -30.518 0.188976]
}}
appearance Appearance{material USE PIN-01 }}
Shape { geometry IndexedFaceSet 
{ creaseAngle 1.00 coordIndex [0,1,2,-1,0,2,3,-1]
coord Coordinate { point [45.8983 -30.5968 0.188976,45.8983 -30.5968 0.007874,45.8983 -30.518 0.007874,45.8983 -30.518 0.188976]
}}
appearance Appearance{material USE PIN-01 }}
Shape { geometry IndexedFaceSet 
{ creaseAngle 1.00 coordIndex [0,1,2,-1,0,3,1,-1,4,2,5,-1,4,0,2,-1,6,5,7,-1,6,4,5,-1]
coord Coordinate { point [45.8973 -30.5968 0.192913,45.8983 -30.518 0.188976,45.8973 -30.518 0.192913,45.8983 -30.5968 0.188976,45.8944 -30.5968 0.195795,45.8944 -30.518 0.195795,45.8905 -30.5968 0.19685,45.8905 -30.518 0.19685]
}}
appearance Appearance{material USE PIN-01 }}
Shape { geometry IndexedFaceSet 
{ creaseAngle 1.00 coordIndex [0,1,2,-1,0,2,3,-1]
coord Coordinate { point [45.8905 -30.5968 0.19685,45.8905 -30.518 0.19685,45.7094 -30.518 0.19685,45.7094 -30.5968 0.19685]
}}
appearance Appearance{material USE PIN-01 }}
Shape { geometry IndexedFaceSet 
{ creaseAngle 1.00 coordIndex [0,1,2,-1,0,2,3,-1,4,3,5,-1,4,0,3,-1,6,5,7,-1,6,4,5,-1]
coord Coordinate { point [45.7054 -30.5968 0.195795,45.7094 -30.5968 0.19685,45.7094 -30.518 0.19685,45.7054 -30.518 0.195795,45.7025 -30.5968 0.192913,45.7025 -30.518 0.192913,45.7015 -30.5968 0.188976,45.7015 -30.518 0.188976]
}}
appearance Appearance{material USE PIN-01 }}
Shape { geometry IndexedFaceSet 
{ creaseAngle 1.00 coordIndex [0,1,2,-1,0,3,1,-1,4,2,5,-1,4,0,2,-1,6,5,7,-1,6,4,5,-1]
coord Coordinate { point [45.7104 -30.518 0.011811,45.7094 -30.2818 0.015748,45.7104 -30.2818 0.011811,45.7094 -30.518 0.015748,45.7133 -30.518 0.00892892,45.7133 -30.2818 0.00892892,45.7172 -30.518 0.007874,45.7172 -30.2818 0.007874]
}}
appearance Appearance{material USE CAP-CERAMIC-06 }}
Shape { geometry IndexedFaceSet 
{ creaseAngle 1.00 coordIndex [0,1,2,-1,2,1,3,-1]
coord Coordinate { point [45.7094 -30.518 0.015748,45.7094 -30.518 0.181102,45.7094 -30.2818 0.015748,45.7094 -30.2818 0.181102]
}}
appearance Appearance{material USE CAP-CERAMIC-06 }}
Shape { geometry IndexedFaceSet 
{ creaseAngle 1.00 coordIndex [0,1,2,-1,0,2,3,-1,4,3,5,-1,4,0,3,-1,6,5,7,-1,6,4,5,-1]
coord Coordinate { point [45.7133 -30.518 0.187921,45.7172 -30.518 0.188976,45.7172 -30.2818 0.188976,45.7133 -30.2818 0.187921,45.7104 -30.518 0.185039,45.7104 -30.2818 0.185039,45.7094 -30.518 0.181102,45.7094 -30.2818 0.181102]
}}
appearance Appearance{material USE CAP-CERAMIC-06 }}
Shape { geometry IndexedFaceSet 
{ creaseAngle 1.00 coordIndex [0,1,2,-1,0,2,3,-1]
coord Coordinate { point [45.8826 -30.518 0.188976,45.8826 -30.2818 0.188976,45.7172 -30.2818 0.188976,45.7172 -30.518 0.188976]
}}
appearance Appearance{material USE CAP-CERAMIC-06 }}
Shape { geometry IndexedFaceSet 
{ creaseAngle 1.00 coordIndex [0,1,2,-1,0,3,1,-1,4,2,5,-1,4,0,2,-1,6,5,7,-1,6,4,5,-1]
coord Coordinate { point [45.8894 -30.518 0.185039,45.8905 -30.2818 0.181102,45.8894 -30.2818 0.185039,45.8905 -30.518 0.181102,45.8865 -30.518 0.187921,45.8865 -30.2818 0.187921,45.8826 -30.518 0.188976,45.8826 -30.2818 0.188976]
}}
appearance Appearance{material USE CAP-CERAMIC-06 }}
Shape { geometry IndexedFaceSet 
{ creaseAngle 1.00 coordIndex [0,1,2,-1,0,2,3,-1]
coord Coordinate { point [45.8905 -30.518 0.181102,45.8905 -30.518 0.015748,45.8905 -30.2818 0.015748,45.8905 -30.2818 0.181102]
}}
appearance Appearance{material USE CAP-CERAMIC-06 }}
Shape { geometry IndexedFaceSet 
{ creaseAngle 1.00 coordIndex [0,1,2,-1,0,2,3,-1,4,3,5,-1,4,0,3,-1,6,5,7,-1,6,4,5,-1]
coord Coordinate { point [45.8865 -30.518 0.00892892,45.8826 -30.518 0.007874,45.8826 -30.2818 0.007874,45.8865 -30.2818 0.00892892,45.8894 -30.518 0.011811,45.8894 -30.2818 0.011811,45.8905 -30.518 0.015748,45.8905 -30.2818 0.015748]
}}
appearance Appearance{material USE CAP-CERAMIC-06 }}
Shape { geometry IndexedFaceSet 
{ creaseAngle 1.00 coordIndex [0,1,2,-1,2,1,3,-1]
coord Coordinate { point [45.8826 -30.2818 0.007874,45.8826 -30.518 0.007874,45.7172 -30.2818 0.007874,45.7172 -30.518 0.007874]
}}
appearance Appearance{material USE CAP-CERAMIC-06 }}
Shape { geometry IndexedFaceSet 
{ creaseAngle 1.00 coordIndex [0,1,2,-1,2,1,3,-1]
coord Coordinate { point [46.0826 -30.3936 0.0137795,46.0826 -30.3936 0.124016,46.2794 -30.3936 0.0137795,46.2794 -30.3936 0.124016]
}}
appearance Appearance{material USE PIN-01 }}
Shape { geometry IndexedFaceSet 
{ creaseAngle 1.00 coordIndex [0,1,2,-1,0,3,1,-1,4,2,5,-1,4,0,2,-1,6,5,7,-1,6,4,5,-1]
coord Coordinate { point [46.2794 -30.3955 0.130905,46.0826 -30.3936 0.124016,46.0826 -30.3955 0.130905,46.2794 -30.3936 0.124016,46.2794 -30.4005 0.135949,46.0826 -30.4005 0.135949,46.2794 -30.4074 0.137795,46.0826 -30.4074 0.137795]
}}
appearance Appearance{material USE PIN-01 }}
Shape { geometry IndexedFaceSet 
{ creaseAngle 1.00 coordIndex [0,1,2,-1,0,2,3,-1]
coord Coordinate { point [46.2794 -30.4586 0.137795,46.2794 -30.4074 0.137795,46.0826 -30.4074 0.137795,46.0826 -30.4586 0.137795]
}}
appearance Appearance{material USE PIN-01 }}
Shape { geometry IndexedFaceSet 
{ creaseAngle 1.00 coordIndex [0,1,2,-1,0,2,3,-1,4,3,5,-1,4,0,3,-1,6,5,7,-1,6,4,5,-1]
coord Coordinate { point [46.2794 -30.4655 0.135949,46.2794 -30.4586 0.137795,46.0826 -30.4586 0.137795,46.0826 -30.4655 0.135949,46.2794 -30.4705 0.130905,46.0826 -30.4705 0.130905,46.2794 -30.4724 0.124016,46.0826 -30.4724 0.124016]
}}
appearance Appearance{material USE PIN-01 }}
Shape { geometry IndexedFaceSet 
{ creaseAngle 1.00 coordIndex [0,1,2,-1,2,1,3,-1]
coord Coordinate { point [46.6928 -30.5117 0.0137795,46.6928 -30.5117 0.124016,46.6928 -30.3149 0.0137795,46.6928 -30.3149 0.124016]
}}
appearance Appearance{material USE PIN-01 }}
Shape { geometry IndexedFaceSet 
{ creaseAngle 1.00 coordIndex [0,1,2,-1,0,3,1,-1,4,2,5,-1,4,0,2,-1,6,5,7,-1,6,4,5,-1]
coord Coordinate { point [46.6947 -30.3149 0.130905,46.6928 -30.5117 0.124016,46.6947 -30.5117 0.130905,46.6928 -30.3149 0.124016,46.6997 -30.3149 0.135949,46.6997 -30.5117 0.135949,46.7066 -30.3149 0.137795,46.7066 -30.5117 0.137795]
}}
appearance Appearance{material USE PIN-01 }}
Shape { geometry IndexedFaceSet 
{ creaseAngle 1.00 coordIndex [0,1,2,-1,0,2,3,-1]
coord Coordinate { point [46.7578 -30.3149 0.137795,46.7066 -30.3149 0.137795,46.7066 -30.5117 0.137795,46.7578 -30.5117 0.137795]
}}
appearance Appearance{material USE PIN-01 }}
Shape { geometry IndexedFaceSet 
{ creaseAngle 1.00 coordIndex [0,1,2,-1,0,2,3,-1,4,3,5,-1,4,0,3,-1,6,5,7,-1,6,4,5,-1]
coord Coordinate { point [46.7647 -30.3149 0.135949,46.7578 -30.3149 0.137795,46.7578 -30.5117 0.137795,46.7647 -30.5117 0.135949,46.7697 -30.3149 0.130905,46.7697 -30.5117 0.130905,46.7716 -30.3149 0.124016,46.7716 -30.5117 0.124016]
}}
appearance Appearance{material USE PIN-01 }}
Shape { geometry IndexedFaceSet 
{ creaseAngle 1.00 coordIndex [0,1,2,-1,2,1,3,-1,4,5,0,-1,0,5,1,-1,6,7,4,-1,4,7,5,-1]
coord Coordinate { point [46.7716 -30.5117 0.0137795,46.7716 -30.5117 0.124016,46.7066 -30.5117 0.0137795,46.7066 -30.5117 0.124016,47.0078 -30.5117 0.0137795,47.0078 -30.5117 0.124016,47.0727 -30.5117 0.0137795,47.0727 -30.5117 0.124016]
}}
appearance Appearance{material USE PLASTIC-WHITE-01 }}
Shape { geometry IndexedFaceSet 
{ creaseAngle 1.00 coordIndex [0,1,2,-1,2,1,3,-1]
coord Coordinate { point [46.7716 -30.3149 0.0137795,47.0078 -30.3149 0.0137795,46.7716 -30.5117 0.0137795,47.0078 -30.5117 0.0137795]
}}
appearance Appearance{material USE PLASTIC-WHITE-01 }}
Shape { geometry IndexedFaceSet 
{ creaseAngle 1.00 coordIndex [0,1,2,-1,0,2,3,-1,4,5,1,-1,4,1,0,-1,6,7,5,-1,6,5,4,-1]
coord Coordinate { point [46.7716 -30.3149 0.124016,46.7716 -30.3149 0.0137795,46.7066 -30.3149 0.0137795,46.7066 -30.3149 0.124016,47.0078 -30.3149 0.124016,47.0078 -30.3149 0.0137795,47.0727 -30.3149 0.124016,47.0727 -30.3149 0.0137795]
}}
appearance Appearance{material USE PLASTIC-WHITE-01 }}
Shape { geometry IndexedFaceSet 
{ creaseAngle 1.00 coordIndex [0,1,2,-1,2,1,3,-1]
coord Coordinate { point [45.7015 -30.2818 0.007874,45.7015 -30.2818 0.188976,45.7015 -30.2031 0.007874,45.7015 -30.2031 0.188976]
}}
appearance Appearance{material USE PIN-01 }}
Shape { geometry IndexedFaceSet 
{ creaseAngle 1.00 coordIndex [0,1,2,-1,0,2,3,-1]
coord Coordinate { point [45.8983 -30.2818 0.188976,45.8983 -30.2818 0.007874,45.8983 -30.2031 0.007874,45.8983 -30.2031 0.188976]
}}
appearance Appearance{material USE PIN-01 }}
Shape { geometry IndexedFaceSet 
{ creaseAngle 1.00 coordIndex [0,1,2,-1,0,3,1,-1,4,2,5,-1,4,0,2,-1,6,5,7,-1,6,4,5,-1]
coord Coordinate { point [45.8973 -30.2818 0.192913,45.8983 -30.2031 0.188976,45.8973 -30.2031 0.192913,45.8983 -30.2818 0.188976,45.8944 -30.2818 0.195795,45.8944 -30.2031 0.195795,45.8905 -30.2818 0.19685,45.8905 -30.2031 0.19685]
}}
appearance Appearance{material USE PIN-01 }}
Shape { geometry IndexedFaceSet 
{ creaseAngle 1.00 coordIndex [0,1,2,-1,0,2,3,-1]
coord Coordinate { point [45.8905 -30.2818 0.19685,45.8905 -30.2031 0.19685,45.7094 -30.2031 0.19685,45.7094 -30.2818 0.19685]
}}
appearance Appearance{material USE PIN-01 }}
Shape { geometry IndexedFaceSet 
{ creaseAngle 1.00 coordIndex [0,1,2,-1,0,2,3,-1,4,3,5,-1,4,0,3,-1,6,5,7,-1,6,4,5,-1]
coord Coordinate { point [45.7054 -30.2818 0.195795,45.7094 -30.2818 0.19685,45.7094 -30.2031 0.19685,45.7054 -30.2031 0.195795,45.7025 -30.2818 0.192913,45.7025 -30.2031 0.192913,45.7015 -30.2818 0.188976,45.7015 -30.2031 0.188976]
}}
appearance Appearance{material USE PIN-01 }}
Shape { geometry IndexedFaceSet 
{ creaseAngle 1.00 coordIndex [0,1,2,-1,2,1,3,-1,4,5,0,-1,0,5,1,-1,6,7,4,-1,4,7,5,-1]
coord Coordinate { point [46.0826 -29.7244 0.0137795,46.0826 -29.7244 0.124016,46.0826 -29.6594 0.0137795,46.0826 -29.6594 0.124016,46.0826 -29.9606 0.0137795,46.0826 -29.9606 0.124016,46.0826 -30.0255 0.0137795,46.0826 -30.0255 0.124016]
}}
appearance Appearance{material USE PLASTIC-WHITE-01 }}
Shape { geometry IndexedFaceSet 
{ creaseAngle 1.00 coordIndex [0,1,2,-1,0,3,1,-1,4,2,5,-1,4,0,2,-1,6,5,7,-1,6,4,5,-1]
coord Coordinate { point [46.2794 -29.9624 0.130905,46.0826 -29.9606 0.124016,46.0826 -29.9624 0.130905,46.2794 -29.9606 0.124016,46.2794 -29.9675 0.135949,46.0826 -29.9675 0.135949,46.2794 -29.9743 0.137795,46.0826 -29.9743 0.137795]
}}
appearance Appearance{material USE PIN-01 }}
Shape { geometry IndexedFaceSet 
{ creaseAngle 1.00 coordIndex [0,1,2,-1,0,2,3,-1]
coord Coordinate { point [46.2794 -30.0255 0.137795,46.2794 -29.9743 0.137795,46.0826 -29.9743 0.137795,46.0826 -30.0255 0.137795]
}}
appearance Appearance{material USE PIN-01 }}
Shape { geometry IndexedFaceSet 
{ creaseAngle 1.00 coordIndex [0,1,2,-1,0,2,3,-1,4,3,5,-1,4,0,3,-1,6,5,7,-1,6,4,5,-1]
coord Coordinate { point [46.2794 -30.0324 0.135949,46.2794 -30.0255 0.137795,46.0826 -30.0255 0.137795,46.0826 -30.0324 0.135949,46.2794 -30.0375 0.130905,46.0826 -30.0375 0.130905,46.2794 -30.0393 0.124016,46.0826 -30.0393 0.124016]
}}
appearance Appearance{material USE PIN-01 }}
Shape { geometry IndexedFaceSet 
{ creaseAngle 1.00 coordIndex [0,1,2,-1,0,2,3,-1]
coord Coordinate { point [46.0826 -30.0393 0.124016,46.0826 -30.0393 0.0137795,46.2794 -30.0393 0.0137795,46.2794 -30.0393 0.124016]
}}
appearance Appearance{material USE PIN-01 }}
Shape { geometry IndexedFaceSet 
{ creaseAngle 1.00 coordIndex [0,1,2,-1,0,2,3,-1,4,5,1,-1,4,1,0,-1,6,7,5,-1,6,5,4,-1]
coord Coordinate { point [46.2794 -29.7244 0.124016,46.2794 -29.7244 0.0137795,46.2794 -29.6594 0.0137795,46.2794 -29.6594 0.124016,46.2794 -29.9606 0.124016,46.2794 -29.9606 0.0137795,46.2794 -30.0255 0.124016,46.2794 -30.0255 0.0137795]
}}
appearance Appearance{material USE PLASTIC-WHITE-01 }}
Shape { geometry IndexedFaceSet 
{ creaseAngle 1.00 coordIndex [0,1,2,-1,2,1,3,-1]
coord Coordinate { point [46.2794 -29.7244 0.0137795,46.2794 -29.9606 0.0137795,46.0826 -29.7244 0.0137795,46.0826 -29.9606 0.0137795]
}}
appearance Appearance{material USE PLASTIC-WHITE-01 }}
Shape { geometry IndexedFaceSet 
{ creaseAngle 1.00 coordIndex [0,1,2,-1,2,1,3,-1]
coord Coordinate { point [46.4763 -29.9999 0.007874,46.4763 -29.9999 0.188976,46.4763 -29.9212 0.007874,46.4763 -29.9212 0.188976]
}}
appearance Appearance{material USE PIN-01 }}
Shape { geometry IndexedFaceSet 
{ creaseAngle 1.00 coordIndex [0,1,2,-1,0,2,3,-1]
coord Coordinate { point [46.6731 -29.9999 0.188976,46.6731 -29.9999 0.007874,46.6731 -29.9212 0.007874,46.6731 -29.9212 0.188976]
}}
appearance Appearance{material USE PIN-01 }}
Shape { geometry IndexedFaceSet 
{ creaseAngle 1.00 coordIndex [0,1,2,-1,0,3,1,-1,4,2,5,-1,4,0,2,-1,6,5,7,-1,6,4,5,-1]
coord Coordinate { point [46.6721 -29.9999 0.192913,46.6731 -29.9212 0.188976,46.6721 -29.9212 0.192913,46.6731 -29.9999 0.188976,46.6692 -29.9999 0.195795,46.6692 -29.9212 0.195795,46.6653 -29.9999 0.19685,46.6653 -29.9212 0.19685]
}}
appearance Appearance{material USE PIN-01 }}
Shape { geometry IndexedFaceSet 
{ creaseAngle 1.00 coordIndex [0,1,2,-1,0,2,3,-1]
coord Coordinate { point [46.6653 -29.9999 0.19685,46.6653 -29.9212 0.19685,46.4842 -29.9212 0.19685,46.4842 -29.9999 0.19685]
}}
appearance Appearance{material USE PIN-01 }}
Shape { geometry IndexedFaceSet 
{ creaseAngle 1.00 coordIndex [0,1,2,-1,0,2,3,-1,4,3,5,-1,4,0,3,-1,6,5,7,-1,6,4,5,-1]
coord Coordinate { point [46.4802 -29.9999 0.195795,46.4842 -29.9999 0.19685,46.4842 -29.9212 0.19685,46.4802 -29.9212 0.195795,46.4773 -29.9999 0.192913,46.4773 -29.9212 0.192913,46.4763 -29.9999 0.188976,46.4763 -29.9212 0.188976]
}}
appearance Appearance{material USE PIN-01 }}
Shape { geometry IndexedFaceSet 
{ creaseAngle 1.00 coordIndex [0,1,2,-1,0,3,1,-1,4,2,5,-1,4,0,2,-1,6,5,7,-1,6,4,5,-1]
coord Coordinate { point [46.4852 -29.9212 0.011811,46.4842 -29.685 0.015748,46.4852 -29.685 0.011811,46.4842 -29.9212 0.015748,46.4881 -29.9212 0.00892892,46.4881 -29.685 0.00892892,46.492 -29.9212 0.007874,46.492 -29.685 0.007874]
}}
appearance Appearance{material USE CAP-CERAMIC-06 }}
Shape { geometry IndexedFaceSet 
{ creaseAngle 1.00 coordIndex [0,1,2,-1,2,1,3,-1]
coord Coordinate { point [46.4842 -29.9212 0.015748,46.4842 -29.9212 0.181102,46.4842 -29.685 0.015748,46.4842 -29.685 0.181102]
}}
appearance Appearance{material USE CAP-CERAMIC-06 }}
Shape { geometry IndexedFaceSet 
{ creaseAngle 1.00 coordIndex [0,1,2,-1,0,2,3,-1,4,3,5,-1,4,0,3,-1,6,5,7,-1,6,4,5,-1]
coord Coordinate { point [46.4881 -29.9212 0.187921,46.492 -29.9212 0.188976,46.492 -29.685 0.188976,46.4881 -29.685 0.187921,46.4852 -29.9212 0.185039,46.4852 -29.685 0.185039,46.4842 -29.9212 0.181102,46.4842 -29.685 0.181102]
}}
appearance Appearance{material USE CAP-CERAMIC-06 }}
Shape { geometry IndexedFaceSet 
{ creaseAngle 1.00 coordIndex [0,1,2,-1,0,2,3,-1]
coord Coordinate { point [46.6574 -29.9212 0.188976,46.6574 -29.685 0.188976,46.492 -29.685 0.188976,46.492 -29.9212 0.188976]
}}
appearance Appearance{material USE CAP-CERAMIC-06 }}
Shape { geometry IndexedFaceSet 
{ creaseAngle 1.00 coordIndex [0,1,2,-1,0,3,1,-1,4,2,5,-1,4,0,2,-1,6,5,7,-1,6,4,5,-1]
coord Coordinate { point [46.6642 -29.9212 0.185039,46.6653 -29.685 0.181102,46.6642 -29.685 0.185039,46.6653 -29.9212 0.181102,46.6613 -29.9212 0.187921,46.6613 -29.685 0.187921,46.6574 -29.9212 0.188976,46.6574 -29.685 0.188976]
}}
appearance Appearance{material USE CAP-CERAMIC-06 }}
Shape { geometry IndexedFaceSet 
{ creaseAngle 1.00 coordIndex [0,1,2,-1,0,2,3,-1]
coord Coordinate { point [46.6653 -29.9212 0.181102,46.6653 -29.9212 0.015748,46.6653 -29.685 0.015748,46.6653 -29.685 0.181102]
}}
appearance Appearance{material USE CAP-CERAMIC-06 }}
Shape { geometry IndexedFaceSet 
{ creaseAngle 1.00 coordIndex [0,1,2,-1,0,2,3,-1,4,3,5,-1,4,0,3,-1,6,5,7,-1,6,4,5,-1]
coord Coordinate { point [46.6613 -29.9212 0.00892892,46.6574 -29.9212 0.007874,46.6574 -29.685 0.007874,46.6613 -29.685 0.00892892,46.6642 -29.9212 0.011811,46.6642 -29.685 0.011811,46.6653 -29.9212 0.015748,46.6653 -29.685 0.015748]
}}
appearance Appearance{material USE CAP-CERAMIC-06 }}
Shape { geometry IndexedFaceSet 
{ creaseAngle 1.00 coordIndex [0,1,2,-1,2,1,3,-1]
coord Coordinate { point [46.6574 -29.685 0.007874,46.6574 -29.9212 0.007874,46.492 -29.685 0.007874,46.492 -29.9212 0.007874]
}}
appearance Appearance{material USE CAP-CERAMIC-06 }}
Shape { geometry IndexedFaceSet 
{ creaseAngle 1.00 coordIndex [0,1,2,-1,0,3,1,-1,4,2,5,-1,4,0,2,-1,6,5,7,-1,6,4,5,-1]
coord Coordinate { point [47.0096 -30.3149 0.130905,47.0078 -30.5117 0.124016,47.0096 -30.5117 0.130905,47.0078 -30.3149 0.124016,47.0147 -30.3149 0.135949,47.0147 -30.5117 0.135949,47.0216 -30.3149 0.137795,47.0216 -30.5117 0.137795]
}}
appearance Appearance{material USE PIN-01 }}
Shape { geometry IndexedFaceSet 
{ creaseAngle 1.00 coordIndex [0,1,2,-1,0,2,3,-1]
coord Coordinate { point [47.0727 -30.3149 0.137795,47.0216 -30.3149 0.137795,47.0216 -30.5117 0.137795,47.0727 -30.5117 0.137795]
}}
appearance Appearance{material USE PIN-01 }}
Shape { geometry IndexedFaceSet 
{ creaseAngle 1.00 coordIndex [0,1,2,-1,0,2,3,-1,4,3,5,-1,4,0,3,-1,6,5,7,-1,6,4,5,-1]
coord Coordinate { point [47.0796 -30.3149 0.135949,47.0727 -30.3149 0.137795,47.0727 -30.5117 0.137795,47.0796 -30.5117 0.135949,47.0847 -30.3149 0.130905,47.0847 -30.5117 0.130905,47.0865 -30.3149 0.124016,47.0865 -30.5117 0.124016]
}}
appearance Appearance{material USE PIN-01 }}
Shape { geometry IndexedFaceSet 
{ creaseAngle 1.00 coordIndex [0,1,2,-1,0,2,3,-1]
coord Coordinate { point [47.0865 -30.5117 0.124016,47.0865 -30.5117 0.0137795,47.0865 -30.3149 0.0137795,47.0865 -30.3149 0.124016]
}}
appearance Appearance{material USE PIN-01 }}
Shape { geometry IndexedFaceSet 
{ creaseAngle 1.00 coordIndex [0,1,2,-1,3,4,5,-1,3,5,1,-1,3,1,0,-1,6,7,0,-1,6,0,2,-1,8,9,7,-1,8,7,6,-1,10,11,4,-1,10,4,3,-1,12,3,9,-1,12,10,3,-1,13,14,15,-1,13,15,11,-1,13,11,10,-1,16,9,8,-1,17,12,9,-1,17,9,16,-1,18,12,17,-1,19,20,12,-1,19,12,18,-1,21,13,20,-1,21,14,13,-1,21,20,19,-1]
coord Coordinate { point [43.0905 -29.3818 0.3937,43.4251 -29.2606 0.3937,43.3751 -29.2106 0.3937,43.0905 -29.5393 0.3937,43.3751 -29.7106 0.3937,43.4251 -29.6606 0.3937,42.6483 -29.2106 0.3937,42.933 -29.3818 0.3937,42.5983 -29.2606 0.3937,42.933 -29.5393 0.3937,43.0905 -29.8818 0.3937,43.4251 -29.7606 0.3937,42.933 -29.8818 0.3937,43.0905 -30.0393 0.3937,43.3751 -30.2106 0.3937,43.4251 -30.1606 0.3937,42.5983 -29.6606 0.3937,42.6483 -29.7106 0.3937,42.5983 -29.7606 0.3937,42.5983 -30.1606 0.3937,42.933 -30.0393 0.3937,42.6483 -30.2106 0.3937]
}}
appearance Appearance{material USE IC-BODY-EPOXY-04 }}
Shape { geometry IndexedFaceSet 
{ creaseAngle 1.00 coordIndex [0,1,2,-1,0,2,3,-1]
coord Coordinate { point [44.055 -29.434 0.248031,44.055 -29.434 0.011811,43.9991 -29.434 0.011811,43.9991 -29.434 0.248031]
}}
appearance Appearance{material USE PIN-01 }}
Shape { geometry IndexedFaceSet 
{ creaseAngle 1.00 coordIndex [0,1,2,-1,0,2,3,-1,4,0,3,-1,5,4,3,-1]
coord Coordinate { point [44.055 -29.4356 0.253937,44.055 -29.434 0.248031,43.9991 -29.434 0.248031,43.9999 -29.4458 0.259842,44.055 -29.4399 0.25826,44.055 -29.4458 0.259842]
}}
appearance Appearance{material USE PIN-01 }}
Shape { geometry IndexedFaceSet 
{ creaseAngle 1.00 coordIndex [0,1,2,-1,0,2,3,-1,4,3,2,-1,5,1,0,-1,6,4,2,-1,7,8,6,-1,7,9,8,-1,7,6,2,-1,10,9,7,-1,11,12,10,-1,11,10,7,-1]
coord Coordinate { point [43.8409 -29.4774 0.259842,43.7794 -29.4458 0.259842,43.7794 -29.56 0.259842,43.8588 -29.5043 0.259842,43.8856 -29.5222 0.259842,43.8346 -29.4458 0.259842,43.9172 -29.5285 0.259842,44.055 -29.56 0.259842,43.9489 -29.5222 0.259842,43.9757 -29.5043 0.259842,43.9936 -29.4774 0.259842,44.055 -29.4458 0.259842,43.9999 -29.4458 0.259842]
}}
appearance Appearance{material USE PIN-01 }}
Shape { geometry IndexedFaceSet 
{ creaseAngle 1.00 coordIndex [0,1,2,-1,0,2,3,-1,4,3,5,-1,4,0,3,-1,6,5,7,-1,6,4,5,-1]
coord Coordinate { point [44.055 -29.5659 0.25826,44.055 -29.56 0.259842,43.7794 -29.56 0.259842,43.7794 -29.5659 0.25826,44.055 -29.5702 0.253937,43.7794 -29.5702 0.253937,44.055 -29.5718 0.248031,43.7794 -29.5718 0.248031]
}}
appearance Appearance{material USE PIN-01 }}
Shape { geometry IndexedFaceSet 
{ creaseAngle 1.00 coordIndex [0,1,2,-1,2,1,3,-1]
coord Coordinate { point [44.055 -29.4399 0.011811,44.055 -29.4399 0.248031,44.0885 -29.4399 0.011811,44.0885 -29.4399 0.248031]
}}
appearance Appearance{material USE IC-BODY-EPOXY-04 }}
Shape { geometry IndexedFaceSet 
{ creaseAngle 1.00 coordIndex [0,1,2,-1,3,2,4,-1,3,4,5,-1,3,0,2,-1]
coord Coordinate { point [43.8354 -29.434 0.248031,43.7794 -29.434 0.248031,43.7794 -29.4356 0.253937,43.8346 -29.4458 0.259842,43.7794 -29.4399 0.25826,43.7794 -29.4458 0.259842]
}}
appearance Appearance{material USE PIN-01 }}
Shape { geometry IndexedFaceSet 
{ creaseAngle 1.00 coordIndex [0,1,2,-1,0,2,3,-1]
coord Coordinate { point [43.8354 -29.434 0.248031,43.8354 -29.434 0.011811,43.7794 -29.434 0.011811,43.7794 -29.434 0.248031]
}}
appearance Appearance{material USE PIN-01 }}
Shape { geometry IndexedFaceSet 
{ creaseAngle 1.00 coordIndex [0,1,2,-1,2,1,3,-1]
coord Coordinate { point [43.746 -29.4399 0.011811,43.746 -29.4399 0.248031,43.7794 -29.4399 0.011811,43.7794 -29.4399 0.248031]
}}
appearance Appearance{material USE IC-BODY-EPOXY-04 }}
Shape { geometry IndexedFaceSet 
{ creaseAngle 1.00 coordIndex [0,1,2,-1,2,1,3,-1,4,5,0,-1,0,5,1,-1,6,7,4,-1,4,7,5,-1]
coord Coordinate { point [43.5048 -28.6614 0.0137795,43.5048 -28.6614 0.124016,43.5698 -28.6614 0.0137795,43.5698 -28.6614 0.124016,43.2686 -28.6614 0.0137795,43.2686 -28.6614 0.124016,43.2037 -28.6614 0.0137795,43.2037 -28.6614 0.124016]
}}
appearance Appearance{material USE PLASTIC-WHITE-01 }}
Shape { geometry IndexedFaceSet 
{ creaseAngle 1.00 coordIndex [0,1,2,-1,0,3,1,-1,4,2,5,-1,4,0,2,-1,6,5,7,-1,6,4,5,-1]
coord Coordinate { point [43.2668 -28.8582 0.130905,43.2686 -28.6614 0.124016,43.2668 -28.6614 0.130905,43.2686 -28.8582 0.124016,43.2617 -28.8582 0.135949,43.2617 -28.6614 0.135949,43.2548 -28.8582 0.137795,43.2548 -28.6614 0.137795]
}}
appearance Appearance{material USE PIN-01 }}
Shape { geometry IndexedFaceSet 
{ creaseAngle 1.00 coordIndex [0,1,2,-1,0,2,3,-1]
coord Coordinate { point [43.2037 -28.8582 0.137795,43.2548 -28.8582 0.137795,43.2548 -28.6614 0.137795,43.2037 -28.6614 0.137795]
}}
appearance Appearance{material USE PIN-01 }}
Shape { geometry IndexedFaceSet 
{ creaseAngle 1.00 coordIndex [0,1,2,-1,0,2,3,-1,4,3,5,-1,4,0,3,-1,6,5,7,-1,6,4,5,-1]
coord Coordinate { point [43.1968 -28.8582 0.135949,43.2037 -28.8582 0.137795,43.2037 -28.6614 0.137795,43.1968 -28.6614 0.135949,43.1917 -28.8582 0.130905,43.1917 -28.6614 0.130905,43.1899 -28.8582 0.124016,43.1899 -28.6614 0.124016]
}}
appearance Appearance{material USE PIN-01 }}
Shape { geometry IndexedFaceSet 
{ creaseAngle 1.00 coordIndex [0,1,2,-1,0,2,3,-1]
coord Coordinate { point [43.1899 -28.6614 0.124016,43.1899 -28.6614 0.0137795,43.1899 -28.8582 0.0137795,43.1899 -28.8582 0.124016]
}}
appearance Appearance{material USE PIN-01 }}
Shape { geometry IndexedFaceSet 
{ creaseAngle 1.00 coordIndex [0,1,2,-1,0,2,3,-1,4,5,1,-1,4,1,0,-1,6,7,5,-1,6,5,4,-1]
coord Coordinate { point [43.5048 -28.8582 0.124016,43.5048 -28.8582 0.0137795,43.5698 -28.8582 0.0137795,43.5698 -28.8582 0.124016,43.2686 -28.8582 0.124016,43.2686 -28.8582 0.0137795,43.2037 -28.8582 0.124016,43.2037 -28.8582 0.0137795]
}}
appearance Appearance{material USE PLASTIC-WHITE-01 }}
Shape { geometry IndexedFaceSet 
{ creaseAngle 1.00 coordIndex [0,1,2,-1,2,1,3,-1]
coord Coordinate { point [43.5048 -28.8582 0.0137795,43.2686 -28.8582 0.0137795,43.5048 -28.6614 0.0137795,43.2686 -28.6614 0.0137795]
}}
appearance Appearance{material USE PLASTIC-WHITE-01 }}
Shape { geometry IndexedFaceSet 
{ creaseAngle 1.00 coordIndex [0,1,2,-1,2,1,3,-1]
coord Coordinate { point [43.5836 -28.6614 0.0137795,43.5836 -28.6614 0.124016,43.5836 -28.8582 0.0137795,43.5836 -28.8582 0.124016]
}}
appearance Appearance{material USE PIN-01 }}
Shape { geometry IndexedFaceSet 
{ creaseAngle 1.00 coordIndex [0,1,2,-1,0,3,1,-1,4,2,5,-1,4,0,2,-1,6,5,7,-1,6,4,5,-1]
coord Coordinate { point [43.5817 -28.8582 0.130905,43.5836 -28.6614 0.124016,43.5817 -28.6614 0.130905,43.5836 -28.8582 0.124016,43.5767 -28.8582 0.135949,43.5767 -28.6614 0.135949,43.5698 -28.8582 0.137795,43.5698 -28.6614 0.137795]
}}
appearance Appearance{material USE PIN-01 }}
Shape { geometry IndexedFaceSet 
{ creaseAngle 1.00 coordIndex [0,1,2,-1,0,2,3,-1]
coord Coordinate { point [43.5186 -28.8582 0.137795,43.5698 -28.8582 0.137795,43.5698 -28.6614 0.137795,43.5186 -28.6614 0.137795]
}}
appearance Appearance{material USE PIN-01 }}
Shape { geometry IndexedFaceSet 
{ creaseAngle 1.00 coordIndex [0,1,2,-1,0,2,3,-1,4,3,5,-1,4,0,3,-1,6,5,7,-1,6,4,5,-1]
coord Coordinate { point [43.5117 -28.8582 0.135949,43.5186 -28.8582 0.137795,43.5186 -28.6614 0.137795,43.5117 -28.6614 0.135949,43.5067 -28.8582 0.130905,43.5067 -28.6614 0.130905,43.5048 -28.8582 0.124016,43.5048 -28.6614 0.124016]
}}
appearance Appearance{material USE PIN-01 }}
Shape { geometry IndexedFaceSet 
{ creaseAngle 1.00 coordIndex [0,1,2,-1,2,1,3,-1]
coord Coordinate { point [43.2818 -28.4484 0.007874,43.2818 -28.4484 0.188976,43.2031 -28.4484 0.007874,43.2031 -28.4484 0.188976]
}}
appearance Appearance{material USE PIN-01 }}
Shape { geometry IndexedFaceSet 
{ creaseAngle 1.00 coordIndex [0,1,2,-1,0,2,3,-1]
coord Coordinate { point [43.2818 -28.2515 0.188976,43.2818 -28.2515 0.007874,43.2031 -28.2515 0.007874,43.2031 -28.2515 0.188976]
}}
appearance Appearance{material USE PIN-01 }}
Shape { geometry IndexedFaceSet 
{ creaseAngle 1.00 coordIndex [0,1,2,-1,0,3,1,-1,4,2,5,-1,4,0,2,-1,6,5,7,-1,6,4,5,-1]
coord Coordinate { point [43.2818 -28.2526 0.192913,43.2031 -28.2515 0.188976,43.2031 -28.2526 0.192913,43.2818 -28.2515 0.188976,43.2818 -28.2555 0.195795,43.2031 -28.2555 0.195795,43.2818 -28.2594 0.19685,43.2031 -28.2594 0.19685]
}}
appearance Appearance{material USE PIN-01 }}
Shape { geometry IndexedFaceSet 
{ creaseAngle 1.00 coordIndex [0,1,2,-1,0,2,3,-1]
coord Coordinate { point [43.2818 -28.2594 0.19685,43.2031 -28.2594 0.19685,43.2031 -28.4405 0.19685,43.2818 -28.4405 0.19685]
}}
appearance Appearance{material USE PIN-01 }}
Shape { geometry IndexedFaceSet 
{ creaseAngle 1.00 coordIndex [0,1,2,-1,0,2,3,-1,4,3,5,-1,4,0,3,-1,6,5,7,-1,6,4,5,-1]
coord Coordinate { point [43.2818 -28.4444 0.195795,43.2818 -28.4405 0.19685,43.2031 -28.4405 0.19685,43.2031 -28.4444 0.195795,43.2818 -28.4473 0.192913,43.2031 -28.4473 0.192913,43.2818 -28.4484 0.188976,43.2031 -28.4484 0.188976]
}}
appearance Appearance{material USE PIN-01 }}
Shape { geometry IndexedFaceSet 
{ creaseAngle 1.00 coordIndex [0,1,2,-1,0,3,1,-1,4,2,5,-1,4,0,2,-1,6,5,7,-1,6,4,5,-1]
coord Coordinate { point [43.518 -28.4394 0.011811,43.2818 -28.4405 0.015748,43.2818 -28.4394 0.011811,43.518 -28.4405 0.015748,43.518 -28.4366 0.00892892,43.2818 -28.4366 0.00892892,43.518 -28.4326 0.007874,43.2818 -28.4326 0.007874]
}}
appearance Appearance{material USE CAP-CERAMIC-06 }}
Shape { geometry IndexedFaceSet 
{ creaseAngle 1.00 coordIndex [0,1,2,-1,2,1,3,-1]
coord Coordinate { point [43.518 -28.4405 0.015748,43.518 -28.4405 0.181102,43.2818 -28.4405 0.015748,43.2818 -28.4405 0.181102]
}}
appearance Appearance{material USE CAP-CERAMIC-06 }}
Shape { geometry IndexedFaceSet 
{ creaseAngle 1.00 coordIndex [0,1,2,-1,0,2,3,-1,4,3,5,-1,4,0,3,-1,6,5,7,-1,6,4,5,-1]
coord Coordinate { point [43.518 -28.4366 0.187921,43.518 -28.4326 0.188976,43.2818 -28.4326 0.188976,43.2818 -28.4366 0.187921,43.518 -28.4394 0.185039,43.2818 -28.4394 0.185039,43.518 -28.4405 0.181102,43.2818 -28.4405 0.181102]
}}
appearance Appearance{material USE CAP-CERAMIC-06 }}
Shape { geometry IndexedFaceSet 
{ creaseAngle 1.00 coordIndex [0,1,2,-1,0,2,3,-1]
coord Coordinate { point [43.518 -28.2673 0.188976,43.2818 -28.2673 0.188976,43.2818 -28.4326 0.188976,43.518 -28.4326 0.188976]
}}
appearance Appearance{material USE CAP-CERAMIC-06 }}
Shape { geometry IndexedFaceSet 
{ creaseAngle 1.00 coordIndex [0,1,2,-1,0,3,1,-1,4,2,5,-1,4,0,2,-1,6,5,7,-1,6,4,5,-1]
coord Coordinate { point [43.518 -28.2604 0.185039,43.2818 -28.2594 0.181102,43.2818 -28.2604 0.185039,43.518 -28.2594 0.181102,43.518 -28.2633 0.187921,43.2818 -28.2633 0.187921,43.518 -28.2673 0.188976,43.2818 -28.2673 0.188976]
}}
appearance Appearance{material USE CAP-CERAMIC-06 }}
Shape { geometry IndexedFaceSet 
{ creaseAngle 1.00 coordIndex [0,1,2,-1,0,2,3,-1]
coord Coordinate { point [43.518 -28.2594 0.181102,43.518 -28.2594 0.015748,43.2818 -28.2594 0.015748,43.2818 -28.2594 0.181102]
}}
appearance Appearance{material USE CAP-CERAMIC-06 }}
Shape { geometry IndexedFaceSet 
{ creaseAngle 1.00 coordIndex [0,1,2,-1,0,2,3,-1,4,3,5,-1,4,0,3,-1,6,5,7,-1,6,4,5,-1]
coord Coordinate { point [43.518 -28.2633 0.00892892,43.518 -28.2673 0.007874,43.2818 -28.2673 0.007874,43.2818 -28.2633 0.00892892,43.518 -28.2604 0.011811,43.2818 -28.2604 0.011811,43.518 -28.2594 0.015748,43.2818 -28.2594 0.015748]
}}
appearance Appearance{material USE CAP-CERAMIC-06 }}
Shape { geometry IndexedFaceSet 
{ creaseAngle 1.00 coordIndex [0,1,2,-1,2,1,3,-1]
coord Coordinate { point [43.2818 -28.2673 0.007874,43.518 -28.2673 0.007874,43.2818 -28.4326 0.007874,43.518 -28.4326 0.007874]
}}
appearance Appearance{material USE CAP-CERAMIC-06 }}
Shape { geometry IndexedFaceSet 
{ creaseAngle 1.00 coordIndex [0,1,2,-1,2,1,3,-1]
coord Coordinate { point [43.5968 -28.4484 0.007874,43.5968 -28.4484 0.188976,43.518 -28.4484 0.007874,43.518 -28.4484 0.188976]
}}
appearance Appearance{material USE PIN-01 }}
Shape { geometry IndexedFaceSet 
{ creaseAngle 1.00 coordIndex [0,1,2,-1,0,2,3,-1]
coord Coordinate { point [43.5968 -28.2515 0.188976,43.5968 -28.2515 0.007874,43.518 -28.2515 0.007874,43.518 -28.2515 0.188976]
}}
appearance Appearance{material USE PIN-01 }}
Shape { geometry IndexedFaceSet 
{ creaseAngle 1.00 coordIndex [0,1,2,-1,0,3,1,-1,4,2,5,-1,4,0,2,-1,6,5,7,-1,6,4,5,-1]
coord Coordinate { point [43.5968 -28.2526 0.192913,43.518 -28.2515 0.188976,43.518 -28.2526 0.192913,43.5968 -28.2515 0.188976,43.5968 -28.2555 0.195795,43.518 -28.2555 0.195795,43.5968 -28.2594 0.19685,43.518 -28.2594 0.19685]
}}
appearance Appearance{material USE PIN-01 }}
Shape { geometry IndexedFaceSet 
{ creaseAngle 1.00 coordIndex [0,1,2,-1,0,2,3,-1]
coord Coordinate { point [43.5968 -28.2594 0.19685,43.518 -28.2594 0.19685,43.518 -28.4405 0.19685,43.5968 -28.4405 0.19685]
}}
appearance Appearance{material USE PIN-01 }}
Shape { geometry IndexedFaceSet 
{ creaseAngle 1.00 coordIndex [0,1,2,-1,0,2,3,-1,4,3,5,-1,4,0,3,-1,6,5,7,-1,6,4,5,-1]
coord Coordinate { point [43.5968 -28.4444 0.195795,43.5968 -28.4405 0.19685,43.518 -28.4405 0.19685,43.518 -28.4444 0.195795,43.5968 -28.4473 0.192913,43.518 -28.4473 0.192913,43.5968 -28.4484 0.188976,43.518 -28.4484 0.188976]
}}
appearance Appearance{material USE PIN-01 }}
Shape { geometry IndexedFaceSet 
{ creaseAngle 1.00 coordIndex [0,1,2,-1,2,1,3,-1]
coord Coordinate { point [44.4586 -28.996 0.15748,44.4586 -28.996 0.07874,44.5767 -28.996 0.15748,44.5767 -28.996 0.07874]
}}
appearance Appearance{material USE PIN-01 }}
Shape { geometry IndexedFaceSet 
{ creaseAngle 1.00 coordIndex [0,1,2,-1,2,1,3,-1]
coord Coordinate { point [44.5767 -29.1141 0.23622,44.7145 -29.1141 0.23622,44.5767 -29.1141 0.177165,44.7145 -29.1141 0.177165]
}}
appearance Appearance{material USE IC-BODY-EPOXY-04 }}
Shape { geometry IndexedFaceSet 
{ creaseAngle 1.00 coordIndex [0,1,2,-1,2,1,3,-1]
coord Coordinate { point [44.4586 -29.1141 0.177165,44.4586 -29.0157 0.177165,44.5767 -29.1141 0.177165,44.5767 -29.0157 0.177165]
}}
appearance Appearance{material USE PIN-01 }}
Shape { geometry IndexedFaceSet 
{ creaseAngle 1.00 coordIndex [0,1,2,-1,2,1,3,-1,3,4,5,-1,1,4,3,-1,5,6,7,-1,4,6,5,-1]
coord Coordinate { point [44.4586 -29.0157 0.177165,44.4586 -29.0058 0.174528,44.5767 -29.0157 0.177165,44.5767 -29.0058 0.174528,44.4586 -28.9986 0.167322,44.5767 -28.9986 0.167322,44.4586 -28.996 0.15748,44.5767 -28.996 0.15748]
}}
appearance Appearance{material USE PIN-01 }}
Shape { geometry IndexedFaceSet 
{ creaseAngle 1.00 coordIndex [0,1,2,-1,2,1,3,-1]
coord Coordinate { point [44.4586 -28.7401 0.059055,44.4586 -28.9173 0.059055,44.5767 -28.7401 0.059055,44.5767 -28.9173 0.059055]
}}
appearance Appearance{material USE PIN-01 }}
Shape { geometry IndexedFaceSet 
{ creaseAngle 1.00 coordIndex [0,1,2,-1,2,1,3,-1,3,4,5,-1,1,4,3,-1,5,6,7,-1,4,6,5,-1]
coord Coordinate { point [44.4586 -28.9173 0.059055,44.4586 -28.9271 0.0616923,44.5767 -28.9173 0.059055,44.5767 -28.9271 0.0616923,44.4586 -28.9343 0.0688975,44.5767 -28.9343 0.0688975,44.4586 -28.9369 0.07874,44.5767 -28.9369 0.07874]
}}
appearance Appearance{material USE PIN-01 }}
Shape { geometry IndexedFaceSet 
{ creaseAngle 1.00 coordIndex [0,1,2,-1,2,1,3,-1]
coord Coordinate { point [44.4586 -28.9369 0.07874,44.4586 -28.9369 0.15748,44.5767 -28.9369 0.07874,44.5767 -28.9369 0.15748]
}}
appearance Appearance{material USE PIN-01 }}
Shape { geometry IndexedFaceSet 
{ creaseAngle 1.00 coordIndex [0,1,2,-1,0,2,3,-1,4,3,5,-1,4,0,3,-1,6,5,7,-1,6,4,5,-1,8,7,9,-1,8,6,7,-1]
coord Coordinate { point [44.4586 -28.9856 0.230226,44.4586 -29.0157 0.23622,44.5767 -29.0157 0.23622,44.5767 -28.9856 0.230226,44.4586 -28.96 0.213158,44.5767 -28.96 0.213158,44.4586 -28.9429 0.187612,44.5767 -28.9429 0.187612,44.4586 -28.9369 0.15748,44.5767 -28.9369 0.15748]
}}
appearance Appearance{material USE PIN-01 }}
Shape { geometry IndexedFaceSet 
{ creaseAngle 1.00 coordIndex [0,1,2,-1,2,1,3,-1,3,4,5,-1,1,4,3,-1]
coord Coordinate { point [44.4586 -29.0157 0.23622,44.4586 -29.1141 0.23622,44.5767 -29.0157 0.23622,44.5767 -29.1141 0.23622,44.4586 -29.1436 0.23622,44.5767 -29.1436 0.23622]
}}
appearance Appearance{material USE PIN-01 }}
Shape { geometry IndexedFaceSet 
{ creaseAngle 1.00 coordIndex [0,1,2,-1,2,1,3,-1]
coord Coordinate { point [44.3798 -29.1141 0.23622,44.4586 -29.1141 0.23622,44.3798 -29.1141 0.177165,44.4586 -29.1141 0.177165]
}}
appearance Appearance{material USE IC-BODY-EPOXY-04 }}
Shape { geometry IndexedFaceSet 
{ creaseAngle 1.00 coordIndex [0,1,2,-1,2,1,3,-1]
coord Coordinate { point [44.7145 -28.996 0.15748,44.7145 -28.996 0.07874,44.8326 -28.996 0.15748,44.8326 -28.996 0.07874]
}}
appearance Appearance{material USE PIN-01 }}
Shape { geometry IndexedFaceSet 
{ creaseAngle 1.00 coordIndex [0,1,2,-1,2,1,3,-1]
coord Coordinate { point [44.8326 -29.1141 0.23622,44.9704 -29.1141 0.23622,44.8326 -29.1141 0.177165,44.9704 -29.1141 0.177165]
}}
appearance Appearance{material USE IC-BODY-EPOXY-04 }}
Shape { geometry IndexedFaceSet 
{ creaseAngle 1.00 coordIndex [0,1,2,-1,2,1,3,-1]
coord Coordinate { point [44.7145 -29.1141 0.177165,44.7145 -29.0157 0.177165,44.8326 -29.1141 0.177165,44.8326 -29.0157 0.177165]
}}
appearance Appearance{material USE PIN-01 }}
Shape { geometry IndexedFaceSet 
{ creaseAngle 1.00 coordIndex [0,1,2,-1,2,1,3,-1,3,4,5,-1,1,4,3,-1,5,6,7,-1,4,6,5,-1]
coord Coordinate { point [44.7145 -29.0157 0.177165,44.7145 -29.0058 0.174528,44.8326 -29.0157 0.177165,44.8326 -29.0058 0.174528,44.7145 -28.9986 0.167322,44.8326 -28.9986 0.167322,44.7145 -28.996 0.15748,44.8326 -28.996 0.15748]
}}
appearance Appearance{material USE PIN-01 }}
Shape { geometry IndexedFaceSet 
{ creaseAngle 1.00 coordIndex [0,1,2,-1,2,1,3,-1]
coord Coordinate { point [44.7145 -28.7401 0.059055,44.7145 -28.9173 0.059055,44.8326 -28.7401 0.059055,44.8326 -28.9173 0.059055]
}}
appearance Appearance{material USE PIN-01 }}
Shape { geometry IndexedFaceSet 
{ creaseAngle 1.00 coordIndex [0,1,2,-1,2,1,3,-1,3,4,5,-1,1,4,3,-1,5,6,7,-1,4,6,5,-1]
coord Coordinate { point [44.7145 -28.9173 0.059055,44.7145 -28.9271 0.0616923,44.8326 -28.9173 0.059055,44.8326 -28.9271 0.0616923,44.7145 -28.9343 0.0688975,44.8326 -28.9343 0.0688975,44.7145 -28.9369 0.07874,44.8326 -28.9369 0.07874]
}}
appearance Appearance{material USE PIN-01 }}
Shape { geometry IndexedFaceSet 
{ creaseAngle 1.00 coordIndex [0,1,2,-1,2,1,3,-1]
coord Coordinate { point [44.7145 -28.9369 0.07874,44.7145 -28.9369 0.15748,44.8326 -28.9369 0.07874,44.8326 -28.9369 0.15748]
}}
appearance Appearance{material USE PIN-01 }}
Shape { geometry IndexedFaceSet 
{ creaseAngle 1.00 coordIndex [0,1,2,-1,0,2,3,-1,4,3,5,-1,4,0,3,-1,6,5,7,-1,6,4,5,-1,8,7,9,-1,8,6,7,-1]
coord Coordinate { point [44.7145 -28.9856 0.230226,44.7145 -29.0157 0.23622,44.8326 -29.0157 0.23622,44.8326 -28.9856 0.230226,44.7145 -28.96 0.213158,44.8326 -28.96 0.213158,44.7145 -28.9429 0.187612,44.8326 -28.9429 0.187612,44.7145 -28.9369 0.15748,44.8326 -28.9369 0.15748]
}}
appearance Appearance{material USE PIN-01 }}
Shape { geometry IndexedFaceSet 
{ creaseAngle 1.00 coordIndex [0,1,2,-1,2,1,3,-1,3,4,5,-1,1,4,3,-1]
coord Coordinate { point [44.7145 -29.0157 0.23622,44.7145 -29.1141 0.23622,44.8326 -29.0157 0.23622,44.8326 -29.1141 0.23622,44.7145 -29.1436 0.23622,44.8326 -29.1436 0.23622]
}}
appearance Appearance{material USE PIN-01 }}
Shape { geometry IndexedFaceSet 
{ creaseAngle 1.00 coordIndex [0,1,2,-1,2,1,3,-1]
coord Coordinate { point [45.0885 -29.1141 0.23622,45.2263 -29.1141 0.23622,45.0885 -29.1141 0.177165,45.2263 -29.1141 0.177165]
}}
appearance Appearance{material USE IC-BODY-EPOXY-04 }}
Shape { geometry IndexedFaceSet 
{ creaseAngle 1.00 coordIndex [0,1,2,-1,2,1,3,-1]
coord Coordinate { point [44.9704 -29.1141 0.177165,44.9704 -29.0157 0.177165,45.0885 -29.1141 0.177165,45.0885 -29.0157 0.177165]
}}
appearance Appearance{material USE PIN-01 }}
Shape { geometry IndexedFaceSet 
{ creaseAngle 1.00 coordIndex [0,1,2,-1,2,1,3,-1,3,4,5,-1,1,4,3,-1,5,6,7,-1,4,6,5,-1]
coord Coordinate { point [44.9704 -29.0157 0.177165,44.9704 -29.0058 0.174528,45.0885 -29.0157 0.177165,45.0885 -29.0058 0.174528,44.9704 -28.9986 0.167322,45.0885 -28.9986 0.167322,44.9704 -28.996 0.15748,45.0885 -28.996 0.15748]
}}
appearance Appearance{material USE PIN-01 }}
Shape { geometry IndexedFaceSet 
{ creaseAngle 1.00 coordIndex [0,1,2,-1,2,1,3,-1]
coord Coordinate { point [44.9704 -28.996 0.15748,44.9704 -28.996 0.07874,45.0885 -28.996 0.15748,45.0885 -28.996 0.07874]
}}
appearance Appearance{material USE PIN-01 }}
Shape { geometry IndexedFaceSet 
{ creaseAngle 1.00 coordIndex [0,1,2,-1,2,1,3,-1]
coord Coordinate { point [44.9704 -28.7401 0.059055,44.9704 -28.9173 0.059055,45.0885 -28.7401 0.059055,45.0885 -28.9173 0.059055]
}}
appearance Appearance{material USE PIN-01 }}
Shape { geometry IndexedFaceSet 
{ creaseAngle 1.00 coordIndex [0,1,2,-1,2,1,3,-1,3,4,5,-1,1,4,3,-1,5,6,7,-1,4,6,5,-1]
coord Coordinate { point [44.9704 -28.9173 0.059055,44.9704 -28.9271 0.0616923,45.0885 -28.9173 0.059055,45.0885 -28.9271 0.0616923,44.9704 -28.9343 0.0688975,45.0885 -28.9343 0.0688975,44.9704 -28.9369 0.07874,45.0885 -28.9369 0.07874]
}}
appearance Appearance{material USE PIN-01 }}
Shape { geometry IndexedFaceSet 
{ creaseAngle 1.00 coordIndex [0,1,2,-1,2,1,3,-1]
coord Coordinate { point [44.9704 -28.9369 0.07874,44.9704 -28.9369 0.15748,45.0885 -28.9369 0.07874,45.0885 -28.9369 0.15748]
}}
appearance Appearance{material USE PIN-01 }}
Shape { geometry IndexedFaceSet 
{ creaseAngle 1.00 coordIndex [0,1,2,-1,0,2,3,-1,4,3,5,-1,4,0,3,-1,6,5,7,-1,6,4,5,-1,8,7,9,-1,8,6,7,-1]
coord Coordinate { point [44.9704 -28.9856 0.230226,44.9704 -29.0157 0.23622,45.0885 -29.0157 0.23622,45.0885 -28.9856 0.230226,44.9704 -28.96 0.213158,45.0885 -28.96 0.213158,44.9704 -28.9429 0.187612,45.0885 -28.9429 0.187612,44.9704 -28.9369 0.15748,45.0885 -28.9369 0.15748]
}}
appearance Appearance{material USE PIN-01 }}
Shape { geometry IndexedFaceSet 
{ creaseAngle 1.00 coordIndex [0,1,2,-1,2,1,3,-1,3,4,5,-1,1,4,3,-1]
coord Coordinate { point [44.9704 -29.0157 0.23622,44.9704 -29.1141 0.23622,45.0885 -29.0157 0.23622,45.0885 -29.1141 0.23622,44.9704 -29.1436 0.23622,45.0885 -29.1436 0.23622]
}}
appearance Appearance{material USE PIN-01 }}
Shape { geometry IndexedFaceSet 
{ creaseAngle 1.00 coordIndex [0,1,2,-1,2,1,3,-1]
coord Coordinate { point [45.3444 -29.1141 0.23622,45.4231 -29.1141 0.23622,45.3444 -29.1141 0.177165,45.4231 -29.1141 0.177165]
}}
appearance Appearance{material USE IC-BODY-EPOXY-04 }}
Shape { geometry IndexedFaceSet 
{ creaseAngle 1.00 coordIndex [0,1,2,-1,2,1,3,-1]
coord Coordinate { point [45.2263 -29.1141 0.177165,45.2263 -29.0157 0.177165,45.3444 -29.1141 0.177165,45.3444 -29.0157 0.177165]
}}
appearance Appearance{material USE PIN-01 }}
Shape { geometry IndexedFaceSet 
{ creaseAngle 1.00 coordIndex [0,1,2,-1,2,1,3,-1,3,4,5,-1,1,4,3,-1,5,6,7,-1,4,6,5,-1]
coord Coordinate { point [45.2263 -29.0157 0.177165,45.2263 -29.0058 0.174528,45.3444 -29.0157 0.177165,45.3444 -29.0058 0.174528,45.2263 -28.9986 0.167322,45.3444 -28.9986 0.167322,45.2263 -28.996 0.15748,45.3444 -28.996 0.15748]
}}
appearance Appearance{material USE PIN-01 }}
Shape { geometry IndexedFaceSet 
{ creaseAngle 1.00 coordIndex [0,1,2,-1,2,1,3,-1]
coord Coordinate { point [45.2263 -28.996 0.15748,45.2263 -28.996 0.07874,45.3444 -28.996 0.15748,45.3444 -28.996 0.07874]
}}
appearance Appearance{material USE PIN-01 }}
Shape { geometry IndexedFaceSet 
{ creaseAngle 1.00 coordIndex [0,1,2,-1,2,1,3,-1]
coord Coordinate { point [45.2263 -28.7401 0.059055,45.2263 -28.9173 0.059055,45.3444 -28.7401 0.059055,45.3444 -28.9173 0.059055]
}}
appearance Appearance{material USE PIN-01 }}
Shape { geometry IndexedFaceSet 
{ creaseAngle 1.00 coordIndex [0,1,2,-1,2,1,3,-1,3,4,5,-1,1,4,3,-1,5,6,7,-1,4,6,5,-1]
coord Coordinate { point [45.2263 -28.9173 0.059055,45.2263 -28.9271 0.0616923,45.3444 -28.9173 0.059055,45.3444 -28.9271 0.0616923,45.2263 -28.9343 0.0688975,45.3444 -28.9343 0.0688975,45.2263 -28.9369 0.07874,45.3444 -28.9369 0.07874]
}}
appearance Appearance{material USE PIN-01 }}
Shape { geometry IndexedFaceSet 
{ creaseAngle 1.00 coordIndex [0,1,2,-1,2,1,3,-1]
coord Coordinate { point [45.2263 -28.9369 0.07874,45.2263 -28.9369 0.15748,45.3444 -28.9369 0.07874,45.3444 -28.9369 0.15748]
}}
appearance Appearance{material USE PIN-01 }}
Shape { geometry IndexedFaceSet 
{ creaseAngle 1.00 coordIndex [0,1,2,-1,0,2,3,-1,4,3,5,-1,4,0,3,-1,6,5,7,-1,6,4,5,-1,8,7,9,-1,8,6,7,-1]
coord Coordinate { point [45.2263 -28.9856 0.230226,45.2263 -29.0157 0.23622,45.3444 -29.0157 0.23622,45.3444 -28.9856 0.230226,45.2263 -28.96 0.213158,45.3444 -28.96 0.213158,45.2263 -28.9429 0.187612,45.3444 -28.9429 0.187612,45.2263 -28.9369 0.15748,45.3444 -28.9369 0.15748]
}}
appearance Appearance{material USE PIN-01 }}
Shape { geometry IndexedFaceSet 
{ creaseAngle 1.00 coordIndex [0,1,2,-1,2,1,3,-1,3,4,5,-1,1,4,3,-1]
coord Coordinate { point [45.2263 -29.0157 0.23622,45.2263 -29.1141 0.23622,45.3444 -29.0157 0.23622,45.3444 -29.1141 0.23622,45.2263 -29.1436 0.23622,45.3444 -29.1436 0.23622]
}}
appearance Appearance{material USE PIN-01 }}
Shape { geometry IndexedFaceSet 
{ creaseAngle 1.00 coordIndex [0,1,2,-1,2,1,3,-1,4,5,0,-1,0,5,1,-1,6,7,4,-1,4,7,5,-1]
coord Coordinate { point [44.5865 -28.1594 0.0137795,44.5865 -28.1594 0.124016,44.6515 -28.1594 0.0137795,44.6515 -28.1594 0.124016,44.3503 -28.1594 0.0137795,44.3503 -28.1594 0.124016,44.2853 -28.1594 0.0137795,44.2853 -28.1594 0.124016]
}}
appearance Appearance{material USE PLASTIC-WHITE-01 }}
Shape { geometry IndexedFaceSet 
{ creaseAngle 1.00 coordIndex [0,1,2,-1,0,3,1,-1,4,2,5,-1,4,0,2,-1,6,5,7,-1,6,4,5,-1]
coord Coordinate { point [44.3485 -28.3562 0.130905,44.3503 -28.1594 0.124016,44.3485 -28.1594 0.130905,44.3503 -28.3562 0.124016,44.3434 -28.3562 0.135949,44.3434 -28.1594 0.135949,44.3365 -28.3562 0.137795,44.3365 -28.1594 0.137795]
}}
appearance Appearance{material USE PIN-01 }}
Shape { geometry IndexedFaceSet 
{ creaseAngle 1.00 coordIndex [0,1,2,-1,0,2,3,-1]
coord Coordinate { point [44.2853 -28.3562 0.137795,44.3365 -28.3562 0.137795,44.3365 -28.1594 0.137795,44.2853 -28.1594 0.137795]
}}
appearance Appearance{material USE PIN-01 }}
Shape { geometry IndexedFaceSet 
{ creaseAngle 1.00 coordIndex [0,1,2,-1,0,2,3,-1,4,3,5,-1,4,0,3,-1,6,5,7,-1,6,4,5,-1]
coord Coordinate { point [44.2785 -28.3562 0.135949,44.2853 -28.3562 0.137795,44.2853 -28.1594 0.137795,44.2785 -28.1594 0.135949,44.2734 -28.3562 0.130905,44.2734 -28.1594 0.130905,44.2716 -28.3562 0.124016,44.2716 -28.1594 0.124016]
}}
appearance Appearance{material USE PIN-01 }}
Shape { geometry IndexedFaceSet 
{ creaseAngle 1.00 coordIndex [0,1,2,-1,0,2,3,-1]
coord Coordinate { point [44.2716 -28.1594 0.124016,44.2716 -28.1594 0.0137795,44.2716 -28.3562 0.0137795,44.2716 -28.3562 0.124016]
}}
appearance Appearance{material USE PIN-01 }}
Shape { geometry IndexedFaceSet 
{ creaseAngle 1.00 coordIndex [0,1,2,-1,0,2,3,-1,4,5,1,-1,4,1,0,-1,6,7,5,-1,6,5,4,-1]
coord Coordinate { point [44.5865 -28.3562 0.124016,44.5865 -28.3562 0.0137795,44.6515 -28.3562 0.0137795,44.6515 -28.3562 0.124016,44.3503 -28.3562 0.124016,44.3503 -28.3562 0.0137795,44.2853 -28.3562 0.124016,44.2853 -28.3562 0.0137795]
}}
appearance Appearance{material USE PLASTIC-WHITE-01 }}
Shape { geometry IndexedFaceSet 
{ creaseAngle 1.00 coordIndex [0,1,2,-1,2,1,3,-1]
coord Coordinate { point [44.5865 -28.3562 0.0137795,44.3503 -28.3562 0.0137795,44.5865 -28.1594 0.0137795,44.3503 -28.1594 0.0137795]
}}
appearance Appearance{material USE PLASTIC-WHITE-01 }}
Shape { geometry IndexedFaceSet 
{ creaseAngle 1.00 coordIndex [0,1,2,-1,2,1,3,-1]
coord Coordinate { point [44.6653 -28.1594 0.0137795,44.6653 -28.1594 0.124016,44.6653 -28.3562 0.0137795,44.6653 -28.3562 0.124016]
}}
appearance Appearance{material USE PIN-01 }}
Shape { geometry IndexedFaceSet 
{ creaseAngle 1.00 coordIndex [0,1,2,-1,0,3,1,-1,4,2,5,-1,4,0,2,-1,6,5,7,-1,6,4,5,-1]
coord Coordinate { point [44.6634 -28.3562 0.130905,44.6653 -28.1594 0.124016,44.6634 -28.1594 0.130905,44.6653 -28.3562 0.124016,44.6584 -28.3562 0.135949,44.6584 -28.1594 0.135949,44.6515 -28.3562 0.137795,44.6515 -28.1594 0.137795]
}}
appearance Appearance{material USE PIN-01 }}
Shape { geometry IndexedFaceSet 
{ creaseAngle 1.00 coordIndex [0,1,2,-1,0,2,3,-1]
coord Coordinate { point [44.6003 -28.3562 0.137795,44.6515 -28.3562 0.137795,44.6515 -28.1594 0.137795,44.6003 -28.1594 0.137795]
}}
appearance Appearance{material USE PIN-01 }}
Shape { geometry IndexedFaceSet 
{ creaseAngle 1.00 coordIndex [0,1,2,-1,0,2,3,-1,4,3,5,-1,4,0,3,-1,6,5,7,-1,6,4,5,-1]
coord Coordinate { point [44.5934 -28.3562 0.135949,44.6003 -28.3562 0.137795,44.6003 -28.1594 0.137795,44.5934 -28.1594 0.135949,44.5884 -28.3562 0.130905,44.5884 -28.1594 0.130905,44.5865 -28.3562 0.124016,44.5865 -28.1594 0.124016]
}}
appearance Appearance{material USE PIN-01 }}
Shape { geometry IndexedFaceSet 
{ creaseAngle 1.00 coordIndex [0,1,2,-1,2,1,3,-1]
coord Coordinate { point [45.0983 -28.3562 0.007874,45.0983 -28.3562 0.188976,45.0196 -28.3562 0.007874,45.0196 -28.3562 0.188976]
}}
appearance Appearance{material USE PIN-01 }}
Shape { geometry IndexedFaceSet 
{ creaseAngle 1.00 coordIndex [0,1,2,-1,0,2,3,-1]
coord Coordinate { point [45.0983 -28.1594 0.188976,45.0983 -28.1594 0.007874,45.0196 -28.1594 0.007874,45.0196 -28.1594 0.188976]
}}
appearance Appearance{material USE PIN-01 }}
Shape { geometry IndexedFaceSet 
{ creaseAngle 1.00 coordIndex [0,1,2,-1,0,3,1,-1,4,2,5,-1,4,0,2,-1,6,5,7,-1,6,4,5,-1]
coord Coordinate { point [45.0983 -28.1604 0.192913,45.0196 -28.1594 0.188976,45.0196 -28.1604 0.192913,45.0983 -28.1594 0.188976,45.0983 -28.1633 0.195795,45.0196 -28.1633 0.195795,45.0983 -28.1673 0.19685,45.0196 -28.1673 0.19685]
}}
appearance Appearance{material USE PIN-01 }}
Shape { geometry IndexedFaceSet 
{ creaseAngle 1.00 coordIndex [0,1,2,-1,0,2,3,-1]
coord Coordinate { point [45.0983 -28.1673 0.19685,45.0196 -28.1673 0.19685,45.0196 -28.3484 0.19685,45.0983 -28.3484 0.19685]
}}
appearance Appearance{material USE PIN-01 }}
Shape { geometry IndexedFaceSet 
{ creaseAngle 1.00 coordIndex [0,1,2,-1,0,2,3,-1,4,3,5,-1,4,0,3,-1,6,5,7,-1,6,4,5,-1]
coord Coordinate { point [45.0983 -28.3523 0.195795,45.0983 -28.3484 0.19685,45.0196 -28.3484 0.19685,45.0196 -28.3523 0.195795,45.0983 -28.3552 0.192913,45.0196 -28.3552 0.192913,45.0983 -28.3562 0.188976,45.0196 -28.3562 0.188976]
}}
appearance Appearance{material USE PIN-01 }}
Shape { geometry IndexedFaceSet 
{ creaseAngle 1.00 coordIndex [0,1,2,-1,0,3,1,-1,4,2,5,-1,4,0,2,-1,6,5,7,-1,6,4,5,-1]
coord Coordinate { point [45.3346 -28.3473 0.011811,45.0983 -28.3484 0.015748,45.0983 -28.3473 0.011811,45.3346 -28.3484 0.015748,45.3346 -28.3444 0.00892892,45.0983 -28.3444 0.00892892,45.3346 -28.3405 0.007874,45.0983 -28.3405 0.007874]
}}
appearance Appearance{material USE CAP-CERAMIC-06 }}
Shape { geometry IndexedFaceSet 
{ creaseAngle 1.00 coordIndex [0,1,2,-1,2,1,3,-1]
coord Coordinate { point [45.3346 -28.3484 0.015748,45.3346 -28.3484 0.181102,45.0983 -28.3484 0.015748,45.0983 -28.3484 0.181102]
}}
appearance Appearance{material USE CAP-CERAMIC-06 }}
Shape { geometry IndexedFaceSet 
{ creaseAngle 1.00 coordIndex [0,1,2,-1,0,2,3,-1,4,3,5,-1,4,0,3,-1,6,5,7,-1,6,4,5,-1]
coord Coordinate { point [45.3346 -28.3444 0.187921,45.3346 -28.3405 0.188976,45.0983 -28.3405 0.188976,45.0983 -28.3444 0.187921,45.3346 -28.3473 0.185039,45.0983 -28.3473 0.185039,45.3346 -28.3484 0.181102,45.0983 -28.3484 0.181102]
}}
appearance Appearance{material USE CAP-CERAMIC-06 }}
Shape { geometry IndexedFaceSet 
{ creaseAngle 1.00 coordIndex [0,1,2,-1,0,2,3,-1]
coord Coordinate { point [45.3346 -28.1751 0.188976,45.0983 -28.1751 0.188976,45.0983 -28.3405 0.188976,45.3346 -28.3405 0.188976]
}}
appearance Appearance{material USE CAP-CERAMIC-06 }}
Shape { geometry IndexedFaceSet 
{ creaseAngle 1.00 coordIndex [0,1,2,-1,0,3,1,-1,4,2,5,-1,4,0,2,-1,6,5,7,-1,6,4,5,-1]
coord Coordinate { point [45.3346 -28.1683 0.185039,45.0983 -28.1673 0.181102,45.0983 -28.1683 0.185039,45.3346 -28.1673 0.181102,45.3346 -28.1712 0.187921,45.0983 -28.1712 0.187921,45.3346 -28.1751 0.188976,45.0983 -28.1751 0.188976]
}}
appearance Appearance{material USE CAP-CERAMIC-06 }}
Shape { geometry IndexedFaceSet 
{ creaseAngle 1.00 coordIndex [0,1,2,-1,0,2,3,-1]
coord Coordinate { point [45.3346 -28.1673 0.181102,45.3346 -28.1673 0.015748,45.0983 -28.1673 0.015748,45.0983 -28.1673 0.181102]
}}
appearance Appearance{material USE CAP-CERAMIC-06 }}
Shape { geometry IndexedFaceSet 
{ creaseAngle 1.00 coordIndex [0,1,2,-1,0,2,3,-1,4,3,5,-1,4,0,3,-1,6,5,7,-1,6,4,5,-1]
coord Coordinate { point [45.3346 -28.1712 0.00892892,45.3346 -28.1751 0.007874,45.0983 -28.1751 0.007874,45.0983 -28.1712 0.00892892,45.3346 -28.1683 0.011811,45.0983 -28.1683 0.011811,45.3346 -28.1673 0.015748,45.0983 -28.1673 0.015748]
}}
appearance Appearance{material USE CAP-CERAMIC-06 }}
Shape { geometry IndexedFaceSet 
{ creaseAngle 1.00 coordIndex [0,1,2,-1,2,1,3,-1]
coord Coordinate { point [45.0983 -28.1751 0.007874,45.3346 -28.1751 0.007874,45.0983 -28.3405 0.007874,45.3346 -28.3405 0.007874]
}}
appearance Appearance{material USE CAP-CERAMIC-06 }}
Shape { geometry IndexedFaceSet 
{ creaseAngle 1.00 coordIndex [0,1,2,-1,2,1,3,-1]
coord Coordinate { point [45.4133 -28.3562 0.007874,45.4133 -28.3562 0.188976,45.3346 -28.3562 0.007874,45.3346 -28.3562 0.188976]
}}
appearance Appearance{material USE PIN-01 }}
Shape { geometry IndexedFaceSet 
{ creaseAngle 1.00 coordIndex [0,1,2,-1,0,2,3,-1]
coord Coordinate { point [45.4133 -28.1594 0.188976,45.4133 -28.1594 0.007874,45.3346 -28.1594 0.007874,45.3346 -28.1594 0.188976]
}}
appearance Appearance{material USE PIN-01 }}
Shape { geometry IndexedFaceSet 
{ creaseAngle 1.00 coordIndex [0,1,2,-1,0,3,1,-1,4,2,5,-1,4,0,2,-1,6,5,7,-1,6,4,5,-1]
coord Coordinate { point [45.4133 -28.1604 0.192913,45.3346 -28.1594 0.188976,45.3346 -28.1604 0.192913,45.4133 -28.1594 0.188976,45.4133 -28.1633 0.195795,45.3346 -28.1633 0.195795,45.4133 -28.1673 0.19685,45.3346 -28.1673 0.19685]
}}
appearance Appearance{material USE PIN-01 }}
Shape { geometry IndexedFaceSet 
{ creaseAngle 1.00 coordIndex [0,1,2,-1,0,2,3,-1]
coord Coordinate { point [45.4133 -28.1673 0.19685,45.3346 -28.1673 0.19685,45.3346 -28.3484 0.19685,45.4133 -28.3484 0.19685]
}}
appearance Appearance{material USE PIN-01 }}
Shape { geometry IndexedFaceSet 
{ creaseAngle 1.00 coordIndex [0,1,2,-1,0,2,3,-1,4,3,5,-1,4,0,3,-1,6,5,7,-1,6,4,5,-1]
coord Coordinate { point [45.4133 -28.3523 0.195795,45.4133 -28.3484 0.19685,45.3346 -28.3484 0.19685,45.3346 -28.3523 0.195795,45.4133 -28.3552 0.192913,45.3346 -28.3552 0.192913,45.4133 -28.3562 0.188976,45.3346 -28.3562 0.188976]
}}
appearance Appearance{material USE PIN-01 }}
Shape { geometry IndexedFaceSet 
{ creaseAngle 1.00 coordIndex [0,1,2,-1,2,1,3,-1]
coord Coordinate { point [46.0826 -29.6456 0.0137795,46.0826 -29.6456 0.124016,46.2794 -29.6456 0.0137795,46.2794 -29.6456 0.124016]
}}
appearance Appearance{material USE PIN-01 }}
Shape { geometry IndexedFaceSet 
{ creaseAngle 1.00 coordIndex [0,1,2,-1,0,3,1,-1,4,2,5,-1,4,0,2,-1,6,5,7,-1,6,4,5,-1]
coord Coordinate { point [46.2794 -29.6475 0.130905,46.0826 -29.6456 0.124016,46.0826 -29.6475 0.130905,46.2794 -29.6456 0.124016,46.2794 -29.6525 0.135949,46.0826 -29.6525 0.135949,46.2794 -29.6594 0.137795,46.0826 -29.6594 0.137795]
}}
appearance Appearance{material USE PIN-01 }}
Shape { geometry IndexedFaceSet 
{ creaseAngle 1.00 coordIndex [0,1,2,-1,0,2,3,-1]
coord Coordinate { point [46.2794 -29.7106 0.137795,46.2794 -29.6594 0.137795,46.0826 -29.6594 0.137795,46.0826 -29.7106 0.137795]
}}
appearance Appearance{material USE PIN-01 }}
Shape { geometry IndexedFaceSet 
{ creaseAngle 1.00 coordIndex [0,1,2,-1,0,2,3,-1,4,3,5,-1,4,0,3,-1,6,5,7,-1,6,4,5,-1]
coord Coordinate { point [46.2794 -29.7175 0.135949,46.2794 -29.7106 0.137795,46.0826 -29.7106 0.137795,46.0826 -29.7175 0.135949,46.2794 -29.7225 0.130905,46.0826 -29.7225 0.130905,46.2794 -29.7244 0.124016,46.0826 -29.7244 0.124016]
}}
appearance Appearance{material USE PIN-01 }}
Shape { geometry IndexedFaceSet 
{ creaseAngle 1.00 coordIndex [0,1,2,-1,2,1,3,-1]
coord Coordinate { point [46.4763 -29.685 0.007874,46.4763 -29.685 0.188976,46.4763 -29.6062 0.007874,46.4763 -29.6062 0.188976]
}}
appearance Appearance{material USE PIN-01 }}
Shape { geometry IndexedFaceSet 
{ creaseAngle 1.00 coordIndex [0,1,2,-1,0,2,3,-1]
coord Coordinate { point [46.6731 -29.685 0.188976,46.6731 -29.685 0.007874,46.6731 -29.6062 0.007874,46.6731 -29.6062 0.188976]
}}
appearance Appearance{material USE PIN-01 }}
Shape { geometry IndexedFaceSet 
{ creaseAngle 1.00 coordIndex [0,1,2,-1,0,3,1,-1,4,2,5,-1,4,0,2,-1,6,5,7,-1,6,4,5,-1]
coord Coordinate { point [46.6721 -29.685 0.192913,46.6731 -29.6062 0.188976,46.6721 -29.6062 0.192913,46.6731 -29.685 0.188976,46.6692 -29.685 0.195795,46.6692 -29.6062 0.195795,46.6653 -29.685 0.19685,46.6653 -29.6062 0.19685]
}}
appearance Appearance{material USE PIN-01 }}
Shape { geometry IndexedFaceSet 
{ creaseAngle 1.00 coordIndex [0,1,2,-1,0,2,3,-1]
coord Coordinate { point [46.6653 -29.685 0.19685,46.6653 -29.6062 0.19685,46.4842 -29.6062 0.19685,46.4842 -29.685 0.19685]
}}
appearance Appearance{material USE PIN-01 }}
Shape { geometry IndexedFaceSet 
{ creaseAngle 1.00 coordIndex [0,1,2,-1,0,2,3,-1,4,3,5,-1,4,0,3,-1,6,5,7,-1,6,4,5,-1]
coord Coordinate { point [46.4802 -29.685 0.195795,46.4842 -29.685 0.19685,46.4842 -29.6062 0.19685,46.4802 -29.6062 0.195795,46.4773 -29.685 0.192913,46.4773 -29.6062 0.192913,46.4763 -29.685 0.188976,46.4763 -29.6062 0.188976]
}}
appearance Appearance{material USE PIN-01 }}
Shape { geometry IndexedFaceSet 
{ creaseAngle 1.00 coordIndex [0,1,2,-1,2,1,3,-1]
coord Coordinate { point [46.2794 -29.2834 0.0137795,46.2794 -29.2834 0.124016,46.0826 -29.2834 0.0137795,46.0826 -29.2834 0.124016]
}}
appearance Appearance{material USE PIN-01 }}
Shape { geometry IndexedFaceSet 
{ creaseAngle 1.00 coordIndex [0,1,2,-1,0,3,1,-1,4,2,5,-1,4,0,2,-1,6,5,7,-1,6,4,5,-1]
coord Coordinate { point [46.0826 -29.2816 0.130905,46.2794 -29.2834 0.124016,46.2794 -29.2816 0.130905,46.0826 -29.2834 0.124016,46.0826 -29.2765 0.135949,46.2794 -29.2765 0.135949,46.0826 -29.2696 0.137795,46.2794 -29.2696 0.137795]
}}
appearance Appearance{material USE PIN-01 }}
Shape { geometry IndexedFaceSet 
{ creaseAngle 1.00 coordIndex [0,1,2,-1,0,2,3,-1]
coord Coordinate { point [46.0826 -29.2184 0.137795,46.0826 -29.2696 0.137795,46.2794 -29.2696 0.137795,46.2794 -29.2184 0.137795]
}}
appearance Appearance{material USE PIN-01 }}
Shape { geometry IndexedFaceSet 
{ creaseAngle 1.00 coordIndex [0,1,2,-1,0,2,3,-1,4,3,5,-1,4,0,3,-1,6,5,7,-1,6,4,5,-1]
coord Coordinate { point [46.0826 -29.2116 0.135949,46.0826 -29.2184 0.137795,46.2794 -29.2184 0.137795,46.2794 -29.2116 0.135949,46.0826 -29.2065 0.130905,46.2794 -29.2065 0.130905,46.0826 -29.2047 0.124016,46.2794 -29.2047 0.124016]
}}
appearance Appearance{material USE PIN-01 }}
Shape { geometry IndexedFaceSet 
{ creaseAngle 1.00 coordIndex [0,1,2,-1,2,1,3,-1,4,5,0,-1,0,5,1,-1,6,7,4,-1,4,7,5,-1]
coord Coordinate { point [46.2794 -29.2047 0.0137795,46.2794 -29.2047 0.124016,46.2794 -29.2696 0.0137795,46.2794 -29.2696 0.124016,46.2794 -28.9684 0.0137795,46.2794 -28.9684 0.124016,46.2794 -28.9035 0.0137795,46.2794 -28.9035 0.124016]
}}
appearance Appearance{material USE PLASTIC-WHITE-01 }}
Shape { geometry IndexedFaceSet 
{ creaseAngle 1.00 coordIndex [0,1,2,-1,2,1,3,-1]
coord Coordinate { point [46.0826 -29.2047 0.0137795,46.0826 -28.9684 0.0137795,46.2794 -29.2047 0.0137795,46.2794 -28.9684 0.0137795]
}}
appearance Appearance{material USE PLASTIC-WHITE-01 }}
Shape { geometry IndexedFaceSet 
{ creaseAngle 1.00 coordIndex [0,1,2,-1,0,2,3,-1,4,5,1,-1,4,1,0,-1,6,7,5,-1,6,5,4,-1]
coord Coordinate { point [46.0826 -29.2047 0.124016,46.0826 -29.2047 0.0137795,46.0826 -29.2696 0.0137795,46.0826 -29.2696 0.124016,46.0826 -28.9684 0.124016,46.0826 -28.9684 0.0137795,46.0826 -28.9035 0.124016,46.0826 -28.9035 0.0137795]
}}
appearance Appearance{material USE PLASTIC-WHITE-01 }}
Shape { geometry IndexedFaceSet 
{ creaseAngle 1.00 coordIndex [0,1,2,-1,3,4,5,-1,3,5,1,-1,3,1,0,-1,6,7,0,-1,6,0,2,-1,8,7,6,-1,9,10,4,-1,9,4,3,-1,11,3,12,-1,11,9,3,-1,13,14,15,-1,13,15,10,-1,13,10,9,-1,16,12,7,-1,16,7,8,-1,17,11,12,-1,17,12,16,-1,18,11,17,-1,19,20,14,-1,19,14,13,-1,21,13,22,-1,21,19,13,-1,23,24,25,-1,23,25,20,-1,23,20,19,-1,26,22,11,-1,26,11,18,-1,27,22,26,-1,27,21,22,-1,28,21,27,-1,29,30,24,-1,29,24,23,-1,31,29,23,-1,31,23,32,-1,33,34,35,-1,33,35,30,-1,33,30,29,-1,36,32,21,-1,36,21,28,-1,37,32,36,-1,37,31,32,-1,38,31,37,-1,38,39,31,-1,40,39,38,-1,41,39,40,-1,41,34,33,-1,41,33,39,-1]
coord Coordinate { point [47.7952 -30.6338 0.3937,47.4605 -30.7551 0.3937,47.5105 -30.8051 0.3937,47.7952 -30.4763 0.3937,47.5105 -30.3051 0.3937,47.4605 -30.3551 0.3937,48.2373 -30.8051 0.3937,47.9527 -30.6338 0.3937,48.2873 -30.7551 0.3937,47.7952 -30.1338 0.3937,47.4605 -30.2551 0.3937,47.9527 -30.1338 0.3937,47.9527 -30.4763 0.3937,47.7952 -29.9763 0.3937,47.5105 -29.8051 0.3937,47.4605 -29.8551 0.3937,48.2873 -30.3551 0.3937,48.2373 -30.3051 0.3937,48.2873 -30.2551 0.3937,47.7952 -29.6338 0.3937,47.4605 -29.7551 0.3937,47.9527 -29.6338 0.3937,47.9527 -29.9763 0.3937,47.7952 -29.4763 0.3937,47.5105 -29.3051 0.3937,47.4605 -29.3551 0.3937,48.2873 -29.8551 0.3937,48.2373 -29.8051 0.3937,48.2873 -29.7551 0.3937,47.7952 -29.1338 0.3937,47.4605 -29.2551 0.3937,47.9527 -29.1338 0.3937,47.9527 -29.4763 0.3937,47.7952 -28.9763 0.3937,47.5105 -28.8051 0.3937,47.4605 -28.8551 0.3937,48.2873 -29.3551 0.3937,48.2373 -29.3051 0.3937,48.2873 -29.2551 0.3937,47.9527 -28.9763 0.3937,48.2873 -28.8551 0.3937,48.2373 -28.8051 0.3937]
}}
appearance Appearance{material USE IC-BODY-EPOXY-04 }}
Shape { geometry IndexedFaceSet 
{ creaseAngle 1.00 coordIndex [0,1,2,-1,2,1,3,-1]
coord Coordinate { point [46.6436 -29.1141 0.015748,46.6436 -29.1141 0.476377,46.6436 -28.9566 0.015748,46.6436 -28.9566 0.476377]
}}
appearance Appearance{material USE PIN-01 }}
Shape { geometry IndexedFaceSet 
{ creaseAngle 1.00 coordIndex [0,1,2,-1,0,2,3,-1]
coord Coordinate { point [47.1357 -29.1141 0.476377,47.1357 -29.1141 0.015748,47.1357 -28.9566 0.015748,47.1357 -28.9566 0.476377]
}}
appearance Appearance{material USE PIN-01 }}
Shape { geometry IndexedFaceSet 
{ creaseAngle 1.00 coordIndex [0,1,2,-1,0,3,1,-1,4,2,5,-1,4,0,2,-1,6,5,7,-1,6,4,5,-1]
coord Coordinate { point [47.1336 -29.1141 0.484251,47.1357 -28.9566 0.476377,47.1336 -28.9566 0.484251,47.1357 -29.1141 0.476377,47.1279 -29.1141 0.490015,47.1279 -28.9566 0.490015,47.12 -29.1141 0.492125,47.12 -28.9566 0.492125]
}}
appearance Appearance{material USE PIN-01 }}
Shape { geometry IndexedFaceSet 
{ creaseAngle 1.00 coordIndex [0,1,2,-1,0,2,3,-1]
coord Coordinate { point [47.12 -29.1141 0.492125,47.12 -28.9566 0.492125,46.6594 -28.9566 0.492125,46.6594 -29.1141 0.492125]
}}
appearance Appearance{material USE PIN-01 }}
Shape { geometry IndexedFaceSet 
{ creaseAngle 1.00 coordIndex [0,1,2,-1,0,2,3,-1,4,3,5,-1,4,0,3,-1,6,5,7,-1,6,4,5,-1]
coord Coordinate { point [46.6515 -29.1141 0.490015,46.6594 -29.1141 0.492125,46.6594 -28.9566 0.492125,46.6515 -28.9566 0.490015,46.6457 -29.1141 0.484251,46.6457 -28.9566 0.484251,46.6436 -29.1141 0.476377,46.6436 -28.9566 0.476377]
}}
appearance Appearance{material USE PIN-01 }}
Shape { geometry IndexedFaceSet 
{ creaseAngle 1.00 coordIndex [0,1,2,-1,0,3,1,-1,4,2,5,-1,4,0,2,-1,6,5,7,-1,6,4,5,-1]
coord Coordinate { point [46.6615 -28.9566 0.023622,46.6594 -28.4842 0.031496,46.6615 -28.4842 0.023622,46.6594 -28.9566 0.031496,46.6672 -28.9566 0.0178578,46.6672 -28.4842 0.0178578,46.6751 -28.9566 0.015748,46.6751 -28.4842 0.015748]
}}
appearance Appearance{material USE CAP-CERAMIC-06 }}
Shape { geometry IndexedFaceSet 
{ creaseAngle 1.00 coordIndex [0,1,2,-1,2,1,3,-1]
coord Coordinate { point [46.6594 -28.9566 0.031496,46.6594 -28.9566 0.460629,46.6594 -28.4842 0.031496,46.6594 -28.4842 0.460629]
}}
appearance Appearance{material USE CAP-CERAMIC-06 }}
Shape { geometry IndexedFaceSet 
{ creaseAngle 1.00 coordIndex [0,1,2,-1,0,2,3,-1,4,3,5,-1,4,0,3,-1,6,5,7,-1,6,4,5,-1]
coord Coordinate { point [46.6672 -28.9566 0.474267,46.6751 -28.9566 0.476377,46.6751 -28.4842 0.476377,46.6672 -28.4842 0.474267,46.6615 -28.9566 0.468503,46.6615 -28.4842 0.468503,46.6594 -28.9566 0.460629,46.6594 -28.4842 0.460629]
}}
appearance Appearance{material USE CAP-CERAMIC-06 }}
Shape { geometry IndexedFaceSet 
{ creaseAngle 1.00 coordIndex [0,1,2,-1,0,2,3,-1]
coord Coordinate { point [47.1042 -28.9566 0.476377,47.1042 -28.4842 0.476377,46.6751 -28.4842 0.476377,46.6751 -28.9566 0.476377]
}}
appearance Appearance{material USE CAP-CERAMIC-06 }}
Shape { geometry IndexedFaceSet 
{ creaseAngle 1.00 coordIndex [0,1,2,-1,0,3,1,-1,4,2,5,-1,4,0,2,-1,6,5,7,-1,6,4,5,-1]
coord Coordinate { point [47.1179 -28.9566 0.468503,47.12 -28.4842 0.460629,47.1179 -28.4842 0.468503,47.12 -28.9566 0.460629,47.1121 -28.9566 0.474267,47.1121 -28.4842 0.474267,47.1042 -28.9566 0.476377,47.1042 -28.4842 0.476377]
}}
appearance Appearance{material USE CAP-CERAMIC-06 }}
Shape { geometry IndexedFaceSet 
{ creaseAngle 1.00 coordIndex [0,1,2,-1,0,2,3,-1]
coord Coordinate { point [47.12 -28.9566 0.460629,47.12 -28.9566 0.031496,47.12 -28.4842 0.031496,47.12 -28.4842 0.460629]
}}
appearance Appearance{material USE CAP-CERAMIC-06 }}
Shape { geometry IndexedFaceSet 
{ creaseAngle 1.00 coordIndex [0,1,2,-1,0,2,3,-1,4,3,5,-1,4,0,3,-1,6,5,7,-1,6,4,5,-1]
coord Coordinate { point [47.1121 -28.9566 0.0178578,47.1042 -28.9566 0.015748,47.1042 -28.4842 0.015748,47.1121 -28.4842 0.0178578,47.1179 -28.9566 0.023622,47.1179 -28.4842 0.023622,47.12 -28.9566 0.031496,47.12 -28.4842 0.031496]
}}
appearance Appearance{material USE CAP-CERAMIC-06 }}
Shape { geometry IndexedFaceSet 
{ creaseAngle 1.00 coordIndex [0,1,2,-1,2,1,3,-1]
coord Coordinate { point [47.1042 -28.4842 0.015748,47.1042 -28.9566 0.015748,46.6751 -28.4842 0.015748,46.6751 -28.9566 0.015748]
}}
appearance Appearance{material USE CAP-CERAMIC-06 }}
Shape { geometry IndexedFaceSet 
{ creaseAngle 1.00 coordIndex [0,1,2,-1,0,3,1,-1,4,2,5,-1,4,0,2,-1,6,5,7,-1,6,4,5,-1]
coord Coordinate { point [46.0826 -28.9666 0.130905,46.2794 -28.9684 0.124016,46.2794 -28.9666 0.130905,46.0826 -28.9684 0.124016,46.0826 -28.9616 0.135949,46.2794 -28.9616 0.135949,46.0826 -28.9547 0.137795,46.2794 -28.9547 0.137795]
}}
appearance Appearance{material USE PIN-01 }}
Shape { geometry IndexedFaceSet 
{ creaseAngle 1.00 coordIndex [0,1,2,-1,0,2,3,-1]
coord Coordinate { point [46.0826 -28.9035 0.137795,46.0826 -28.9547 0.137795,46.2794 -28.9547 0.137795,46.2794 -28.9035 0.137795]
}}
appearance Appearance{material USE PIN-01 }}
Shape { geometry IndexedFaceSet 
{ creaseAngle 1.00 coordIndex [0,1,2,-1,0,2,3,-1,4,3,5,-1,4,0,3,-1,6,5,7,-1,6,4,5,-1]
coord Coordinate { point [46.0826 -28.8966 0.135949,46.0826 -28.9035 0.137795,46.2794 -28.9035 0.137795,46.2794 -28.8966 0.135949,46.0826 -28.8916 0.130905,46.2794 -28.8916 0.130905,46.0826 -28.8897 0.124016,46.2794 -28.8897 0.124016]
}}
appearance Appearance{material USE PIN-01 }}
Shape { geometry IndexedFaceSet 
{ creaseAngle 1.00 coordIndex [0,1,2,-1,0,2,3,-1]
coord Coordinate { point [46.2794 -28.8897 0.124016,46.2794 -28.8897 0.0137795,46.0826 -28.8897 0.0137795,46.0826 -28.8897 0.124016]
}}
appearance Appearance{material USE PIN-01 }}
Shape { geometry IndexedFaceSet 
{ creaseAngle 1.00 coordIndex [0,1,2,-1,2,1,3,-1]
coord Coordinate { point [45.9251 -28.1495 0.007874,45.9251 -28.1495 0.188976,46.0038 -28.1495 0.007874,46.0038 -28.1495 0.188976]
}}
appearance Appearance{material USE PIN-01 }}
Shape { geometry IndexedFaceSet 
{ creaseAngle 1.00 coordIndex [0,1,2,-1,0,2,3,-1]
coord Coordinate { point [45.9251 -28.3464 0.188976,45.9251 -28.3464 0.007874,46.0038 -28.3464 0.007874,46.0038 -28.3464 0.188976]
}}
appearance Appearance{material USE PIN-01 }}
Shape { geometry IndexedFaceSet 
{ creaseAngle 1.00 coordIndex [0,1,2,-1,0,3,1,-1,4,2,5,-1,4,0,2,-1,6,5,7,-1,6,4,5,-1]
coord Coordinate { point [45.9251 -28.3453 0.192913,46.0038 -28.3464 0.188976,46.0038 -28.3453 0.192913,45.9251 -28.3464 0.188976,45.9251 -28.3425 0.195795,46.0038 -28.3425 0.195795,45.9251 -28.3385 0.19685,46.0038 -28.3385 0.19685]
}}
appearance Appearance{material USE PIN-01 }}
Shape { geometry IndexedFaceSet 
{ creaseAngle 1.00 coordIndex [0,1,2,-1,0,2,3,-1]
coord Coordinate { point [45.9251 -28.3385 0.19685,46.0038 -28.3385 0.19685,46.0038 -28.1574 0.19685,45.9251 -28.1574 0.19685]
}}
appearance Appearance{material USE PIN-01 }}
Shape { geometry IndexedFaceSet 
{ creaseAngle 1.00 coordIndex [0,1,2,-1,0,2,3,-1,4,3,5,-1,4,0,3,-1,6,5,7,-1,6,4,5,-1]
coord Coordinate { point [45.9251 -28.1535 0.195795,45.9251 -28.1574 0.19685,46.0038 -28.1574 0.19685,46.0038 -28.1535 0.195795,45.9251 -28.1506 0.192913,46.0038 -28.1506 0.192913,45.9251 -28.1495 0.188976,46.0038 -28.1495 0.188976]
}}
appearance Appearance{material USE PIN-01 }}
Shape { geometry IndexedFaceSet 
{ creaseAngle 1.00 coordIndex [0,1,2,-1,0,3,1,-1,4,2,5,-1,4,0,2,-1,6,5,7,-1,6,4,5,-1]
coord Coordinate { point [46.0038 -28.1585 0.011811,46.2401 -28.1574 0.015748,46.2401 -28.1585 0.011811,46.0038 -28.1574 0.015748,46.0038 -28.1614 0.00892892,46.2401 -28.1614 0.00892892,46.0038 -28.1653 0.007874,46.2401 -28.1653 0.007874]
}}
appearance Appearance{material USE CAP-CERAMIC-06 }}
Shape { geometry IndexedFaceSet 
{ creaseAngle 1.00 coordIndex [0,1,2,-1,2,1,3,-1]
coord Coordinate { point [46.0038 -28.1574 0.015748,46.0038 -28.1574 0.181102,46.2401 -28.1574 0.015748,46.2401 -28.1574 0.181102]
}}
appearance Appearance{material USE CAP-CERAMIC-06 }}
Shape { geometry IndexedFaceSet 
{ creaseAngle 1.00 coordIndex [0,1,2,-1,0,2,3,-1,4,3,5,-1,4,0,3,-1,6,5,7,-1,6,4,5,-1]
coord Coordinate { point [46.0038 -28.1614 0.187921,46.0038 -28.1653 0.188976,46.2401 -28.1653 0.188976,46.2401 -28.1614 0.187921,46.0038 -28.1585 0.185039,46.2401 -28.1585 0.185039,46.0038 -28.1574 0.181102,46.2401 -28.1574 0.181102]
}}
appearance Appearance{material USE CAP-CERAMIC-06 }}
Shape { geometry IndexedFaceSet 
{ creaseAngle 1.00 coordIndex [0,1,2,-1,0,2,3,-1]
coord Coordinate { point [46.0038 -28.3307 0.188976,46.2401 -28.3307 0.188976,46.2401 -28.1653 0.188976,46.0038 -28.1653 0.188976]
}}
appearance Appearance{material USE CAP-CERAMIC-06 }}
Shape { geometry IndexedFaceSet 
{ creaseAngle 1.00 coordIndex [0,1,2,-1,0,3,1,-1,4,2,5,-1,4,0,2,-1,6,5,7,-1,6,4,5,-1]
coord Coordinate { point [46.0038 -28.3375 0.185039,46.2401 -28.3385 0.181102,46.2401 -28.3375 0.185039,46.0038 -28.3385 0.181102,46.0038 -28.3346 0.187921,46.2401 -28.3346 0.187921,46.0038 -28.3307 0.188976,46.2401 -28.3307 0.188976]
}}
appearance Appearance{material USE CAP-CERAMIC-06 }}
Shape { geometry IndexedFaceSet 
{ creaseAngle 1.00 coordIndex [0,1,2,-1,0,2,3,-1]
coord Coordinate { point [46.0038 -28.3385 0.181102,46.0038 -28.3385 0.015748,46.2401 -28.3385 0.015748,46.2401 -28.3385 0.181102]
}}
appearance Appearance{material USE CAP-CERAMIC-06 }}
Shape { geometry IndexedFaceSet 
{ creaseAngle 1.00 coordIndex [0,1,2,-1,0,2,3,-1,4,3,5,-1,4,0,3,-1,6,5,7,-1,6,4,5,-1]
coord Coordinate { point [46.0038 -28.3346 0.00892892,46.0038 -28.3307 0.007874,46.2401 -28.3307 0.007874,46.2401 -28.3346 0.00892892,46.0038 -28.3375 0.011811,46.2401 -28.3375 0.011811,46.0038 -28.3385 0.015748,46.2401 -28.3385 0.015748]
}}
appearance Appearance{material USE CAP-CERAMIC-06 }}
Shape { geometry IndexedFaceSet 
{ creaseAngle 1.00 coordIndex [0,1,2,-1,2,1,3,-1]
coord Coordinate { point [46.2401 -28.3307 0.007874,46.0038 -28.3307 0.007874,46.2401 -28.1653 0.007874,46.0038 -28.1653 0.007874]
}}
appearance Appearance{material USE CAP-CERAMIC-06 }}
Shape { geometry IndexedFaceSet 
{ creaseAngle 1.00 coordIndex [0,1,2,-1,2,1,3,-1]
coord Coordinate { point [46.2401 -28.1495 0.007874,46.2401 -28.1495 0.188976,46.3188 -28.1495 0.007874,46.3188 -28.1495 0.188976]
}}
appearance Appearance{material USE PIN-01 }}
Shape { geometry IndexedFaceSet 
{ creaseAngle 1.00 coordIndex [0,1,2,-1,0,2,3,-1]
coord Coordinate { point [46.2401 -28.3464 0.188976,46.2401 -28.3464 0.007874,46.3188 -28.3464 0.007874,46.3188 -28.3464 0.188976]
}}
appearance Appearance{material USE PIN-01 }}
Shape { geometry IndexedFaceSet 
{ creaseAngle 1.00 coordIndex [0,1,2,-1,0,3,1,-1,4,2,5,-1,4,0,2,-1,6,5,7,-1,6,4,5,-1]
coord Coordinate { point [46.2401 -28.3453 0.192913,46.3188 -28.3464 0.188976,46.3188 -28.3453 0.192913,46.2401 -28.3464 0.188976,46.2401 -28.3425 0.195795,46.3188 -28.3425 0.195795,46.2401 -28.3385 0.19685,46.3188 -28.3385 0.19685]
}}
appearance Appearance{material USE PIN-01 }}
Shape { geometry IndexedFaceSet 
{ creaseAngle 1.00 coordIndex [0,1,2,-1,0,2,3,-1]
coord Coordinate { point [46.2401 -28.3385 0.19685,46.3188 -28.3385 0.19685,46.3188 -28.1574 0.19685,46.2401 -28.1574 0.19685]
}}
appearance Appearance{material USE PIN-01 }}
Shape { geometry IndexedFaceSet 
{ creaseAngle 1.00 coordIndex [0,1,2,-1,0,2,3,-1,4,3,5,-1,4,0,3,-1,6,5,7,-1,6,4,5,-1]
coord Coordinate { point [46.2401 -28.1535 0.195795,46.2401 -28.1574 0.19685,46.3188 -28.1574 0.19685,46.3188 -28.1535 0.195795,46.2401 -28.1506 0.192913,46.3188 -28.1506 0.192913,46.2401 -28.1495 0.188976,46.3188 -28.1495 0.188976]
}}
appearance Appearance{material USE PIN-01 }}
Shape { geometry IndexedFaceSet 
{ creaseAngle 1.00 coordIndex [0,1,2,-1,2,1,3,-1]
coord Coordinate { point [46.6436 -28.4842 0.015748,46.6436 -28.4842 0.476377,46.6436 -28.3267 0.015748,46.6436 -28.3267 0.476377]
}}
appearance Appearance{material USE PIN-01 }}
Shape { geometry IndexedFaceSet 
{ creaseAngle 1.00 coordIndex [0,1,2,-1,0,2,3,-1]
coord Coordinate { point [47.1357 -28.4842 0.476377,47.1357 -28.4842 0.015748,47.1357 -28.3267 0.015748,47.1357 -28.3267 0.476377]
}}
appearance Appearance{material USE PIN-01 }}
Shape { geometry IndexedFaceSet 
{ creaseAngle 1.00 coordIndex [0,1,2,-1,0,3,1,-1,4,2,5,-1,4,0,2,-1,6,5,7,-1,6,4,5,-1]
coord Coordinate { point [47.1336 -28.4842 0.484251,47.1357 -28.3267 0.476377,47.1336 -28.3267 0.484251,47.1357 -28.4842 0.476377,47.1279 -28.4842 0.490015,47.1279 -28.3267 0.490015,47.12 -28.4842 0.492125,47.12 -28.3267 0.492125]
}}
appearance Appearance{material USE PIN-01 }}
Shape { geometry IndexedFaceSet 
{ creaseAngle 1.00 coordIndex [0,1,2,-1,0,2,3,-1]
coord Coordinate { point [47.12 -28.4842 0.492125,47.12 -28.3267 0.492125,46.6594 -28.3267 0.492125,46.6594 -28.4842 0.492125]
}}
appearance Appearance{material USE PIN-01 }}
Shape { geometry IndexedFaceSet 
{ creaseAngle 1.00 coordIndex [0,1,2,-1,0,2,3,-1,4,3,5,-1,4,0,3,-1,6,5,7,-1,6,4,5,-1]
coord Coordinate { point [46.6515 -28.4842 0.490015,46.6594 -28.4842 0.492125,46.6594 -28.3267 0.492125,46.6515 -28.3267 0.490015,46.6457 -28.4842 0.484251,46.6457 -28.3267 0.484251,46.6436 -28.4842 0.476377,46.6436 -28.3267 0.476377]
}}
appearance Appearance{material USE PIN-01 }}
Shape { geometry IndexedFaceSet 
{ creaseAngle 1.00 coordIndex [0,1,2,-1,2,1,3,-1]
coord Coordinate { point [47.6771 -28.4645 0.011811,47.6771 -28.4645 0.303149,47.559 -28.4645 0.011811,47.559 -28.4645 0.303149]
}}
appearance Appearance{material USE PIN-01 }}
Shape { geometry IndexedFaceSet 
{ creaseAngle 1.00 coordIndex [0,1,2,-1,0,2,3,-1]
coord Coordinate { point [47.6771 -28.1495 0.303149,47.6771 -28.1495 0.011811,47.559 -28.1495 0.011811,47.559 -28.1495 0.303149]
}}
appearance Appearance{material USE PIN-01 }}
Shape { geometry IndexedFaceSet 
{ creaseAngle 1.00 coordIndex [0,1,2,-1,0,3,1,-1,4,2,5,-1,4,0,2,-1,6,5,7,-1,6,4,5,-1]
coord Coordinate { point [47.6771 -28.1511 0.309055,47.559 -28.1495 0.303149,47.559 -28.1511 0.309055,47.6771 -28.1495 0.303149,47.6771 -28.1555 0.313378,47.559 -28.1555 0.313378,47.6771 -28.1614 0.31496,47.559 -28.1614 0.31496]
}}
appearance Appearance{material USE PIN-01 }}
Shape { geometry IndexedFaceSet 
{ creaseAngle 1.00 coordIndex [0,1,2,-1,0,2,3,-1]
coord Coordinate { point [47.6771 -28.1614 0.31496,47.559 -28.1614 0.31496,47.559 -28.4527 0.31496,47.6771 -28.4527 0.31496]
}}
appearance Appearance{material USE PIN-01 }}
Shape { geometry IndexedFaceSet 
{ creaseAngle 1.00 coordIndex [0,1,2,-1,0,2,3,-1,4,3,5,-1,4,0,3,-1,6,5,7,-1,6,4,5,-1]
coord Coordinate { point [47.6771 -28.4586 0.313378,47.6771 -28.4527 0.31496,47.559 -28.4527 0.31496,47.559 -28.4586 0.313378,47.6771 -28.4629 0.309055,47.559 -28.4629 0.309055,47.6771 -28.4645 0.303149,47.559 -28.4645 0.303149]
}}
appearance Appearance{material USE PIN-01 }}
Shape { geometry IndexedFaceSet 
{ creaseAngle 1.00 coordIndex [0,1,2,-1,0,3,1,-1,4,2,5,-1,4,0,2,-1,6,5,7,-1,6,4,5,-1]
coord Coordinate { point [48.0708 -28.4511 0.0177165,47.6771 -28.4527 0.023622,47.6771 -28.4511 0.0177165,48.0708 -28.4527 0.023622,48.0708 -28.4468 0.0133934,47.6771 -28.4468 0.0133934,48.0708 -28.4409 0.011811,47.6771 -28.4409 0.011811]
}}
appearance Appearance{material USE CAP-CERAMIC-05 }}
Shape { geometry IndexedFaceSet 
{ creaseAngle 1.00 coordIndex [0,1,2,-1,2,1,3,-1]
coord Coordinate { point [48.0708 -28.4527 0.023622,48.0708 -28.4527 0.291338,47.6771 -28.4527 0.023622,47.6771 -28.4527 0.291338]
}}
appearance Appearance{material USE CAP-CERAMIC-05 }}
Shape { geometry IndexedFaceSet 
{ creaseAngle 1.00 coordIndex [0,1,2,-1,0,2,3,-1,4,3,5,-1,4,0,3,-1,6,5,7,-1,6,4,5,-1]
coord Coordinate { point [48.0708 -28.4468 0.301567,48.0708 -28.4409 0.303149,47.6771 -28.4409 0.303149,47.6771 -28.4468 0.301567,48.0708 -28.4511 0.297243,47.6771 -28.4511 0.297243,48.0708 -28.4527 0.291338,47.6771 -28.4527 0.291338]
}}
appearance Appearance{material USE CAP-CERAMIC-05 }}
Shape { geometry IndexedFaceSet 
{ creaseAngle 1.00 coordIndex [0,1,2,-1,0,2,3,-1]
coord Coordinate { point [48.0708 -28.1732 0.303149,47.6771 -28.1732 0.303149,47.6771 -28.4409 0.303149,48.0708 -28.4409 0.303149]
}}
appearance Appearance{material USE CAP-CERAMIC-05 }}
Shape { geometry IndexedFaceSet 
{ creaseAngle 1.00 coordIndex [0,1,2,-1,0,3,1,-1,4,2,5,-1,4,0,2,-1,6,5,7,-1,6,4,5,-1]
coord Coordinate { point [48.0708 -28.1629 0.297243,47.6771 -28.1614 0.291338,47.6771 -28.1629 0.297243,48.0708 -28.1614 0.291338,48.0708 -28.1673 0.301567,47.6771 -28.1673 0.301567,48.0708 -28.1732 0.303149,47.6771 -28.1732 0.303149]
}}
appearance Appearance{material USE CAP-CERAMIC-05 }}
Shape { geometry IndexedFaceSet 
{ creaseAngle 1.00 coordIndex [0,1,2,-1,0,2,3,-1]
coord Coordinate { point [48.0708 -28.1614 0.291338,48.0708 -28.1614 0.023622,47.6771 -28.1614 0.023622,47.6771 -28.1614 0.291338]
}}
appearance Appearance{material USE CAP-CERAMIC-05 }}
Shape { geometry IndexedFaceSet 
{ creaseAngle 1.00 coordIndex [0,1,2,-1,0,2,3,-1,4,3,5,-1,4,0,3,-1,6,5,7,-1,6,4,5,-1]
coord Coordinate { point [48.0708 -28.1673 0.0133934,48.0708 -28.1732 0.011811,47.6771 -28.1732 0.011811,47.6771 -28.1673 0.0133934,48.0708 -28.1629 0.0177165,47.6771 -28.1629 0.0177165,48.0708 -28.1614 0.023622,47.6771 -28.1614 0.023622]
}}
appearance Appearance{material USE CAP-CERAMIC-05 }}
Shape { geometry IndexedFaceSet 
{ creaseAngle 1.00 coordIndex [0,1,2,-1,2,1,3,-1]
coord Coordinate { point [47.6771 -28.1732 0.011811,48.0708 -28.1732 0.011811,47.6771 -28.4409 0.011811,48.0708 -28.4409 0.011811]
}}
appearance Appearance{material USE CAP-CERAMIC-05 }}
Shape { geometry IndexedFaceSet 
{ creaseAngle 1.00 coordIndex [0,1,2,-1,2,1,3,-1]
coord Coordinate { point [48.1889 -28.4645 0.011811,48.1889 -28.4645 0.303149,48.0708 -28.4645 0.011811,48.0708 -28.4645 0.303149]
}}
appearance Appearance{material USE PIN-01 }}
Shape { geometry IndexedFaceSet 
{ creaseAngle 1.00 coordIndex [0,1,2,-1,0,2,3,-1]
coord Coordinate { point [48.1889 -28.1495 0.303149,48.1889 -28.1495 0.011811,48.0708 -28.1495 0.011811,48.0708 -28.1495 0.303149]
}}
appearance Appearance{material USE PIN-01 }}
Shape { geometry IndexedFaceSet 
{ creaseAngle 1.00 coordIndex [0,1,2,-1,0,3,1,-1,4,2,5,-1,4,0,2,-1,6,5,7,-1,6,4,5,-1]
coord Coordinate { point [48.1889 -28.1511 0.309055,48.0708 -28.1495 0.303149,48.0708 -28.1511 0.309055,48.1889 -28.1495 0.303149,48.1889 -28.1555 0.313378,48.0708 -28.1555 0.313378,48.1889 -28.1614 0.31496,48.0708 -28.1614 0.31496]
}}
appearance Appearance{material USE PIN-01 }}
Shape { geometry IndexedFaceSet 
{ creaseAngle 1.00 coordIndex [0,1,2,-1,0,2,3,-1]
coord Coordinate { point [48.1889 -28.1614 0.31496,48.0708 -28.1614 0.31496,48.0708 -28.4527 0.31496,48.1889 -28.4527 0.31496]
}}
appearance Appearance{material USE PIN-01 }}
Shape { geometry IndexedFaceSet 
{ creaseAngle 1.00 coordIndex [0,1,2,-1,0,2,3,-1,4,3,5,-1,4,0,3,-1,6,5,7,-1,6,4,5,-1]
coord Coordinate { point [48.1889 -28.4586 0.313378,48.1889 -28.4527 0.31496,48.0708 -28.4527 0.31496,48.0708 -28.4586 0.313378,48.1889 -28.4629 0.309055,48.0708 -28.4629 0.309055,48.1889 -28.4645 0.303149,48.0708 -28.4645 0.303149]
}}
appearance Appearance{material USE PIN-01 }}
Shape { geometry IndexedFaceSet 
{ creaseAngle 1.00 coordIndex [0,1,2,-1,1,3,2,-1,0,4,1,-1,1,5,3,-1,4,6,1,-1,7,8,9,-1,9,8,6,-1,6,8,1,-1,5,10,11,-1,11,10,12,-1,1,10,5,-1,10,13,12,-1,7,14,8,-1,10,15,13,-1,14,16,8,-1,10,17,15,-1,16,18,8,-1,17,19,20,-1,21,19,18,-1,10,19,17,-1,18,19,8,-1,19,22,20,-1,21,23,19,-1,19,24,22,-1,23,24,19,-1]
coord Coordinate { point [43.1093 -29.894 0,43.0905 -29.8818 0,43.0854 -29.8682 0,43.0549 -29.8506 0,43.1246 -29.9258 0,43.0206 -29.8428 0,43.1298 -29.9606 0,43.1093 -30.0271 0,43.0905 -30.0393 0,43.1246 -29.9954 0,42.933 -29.8818 0,42.9854 -29.8454 0,42.9527 -29.8583 0,42.9251 -29.8802 0,43.0854 -30.0529 0,42.9053 -29.9093 0,43.0549 -30.0705 0,42.8949 -29.943 0,43.0206 -30.0783 0,42.933 -30.0393 0,42.8949 -29.9782 0,42.9854 -30.0757 0,42.9053 -30.0118 0,42.9527 -30.0629 0,42.9251 -30.0409 0]
}}
appearance Appearance{material USE IC-BODY-EPOXY-04 }}
Shape { geometry IndexedFaceSet 
{ creaseAngle 1.00 coordIndex [0,1,2,-1,2,1,3,-1,1,4,3,-1,0,5,1,-1,1,6,4,-1,5,7,1,-1,8,9,10,-1,10,9,7,-1,7,9,1,-1,6,11,12,-1,12,11,13,-1,1,11,6,-1,11,14,13,-1,8,15,9,-1,11,16,14,-1,15,17,9,-1,11,18,16,-1,17,19,9,-1,18,20,21,-1,22,20,19,-1,11,20,18,-1,19,20,9,-1,20,23,21,-1,22,24,20,-1,20,24,23,-1]
coord Coordinate { point [47.7675 -30.6063 0,47.7952 -30.6338 0,47.7873 -30.6354 0,47.8149 -30.6573 0,47.8476 -30.6702 0,47.7571 -30.5727 0,47.8827 -30.6728 0,47.7571 -30.5375 0,47.7873 -30.4747 0,47.7952 -30.4763 0,47.7675 -30.5038 0,47.9527 -30.6338 0,47.9171 -30.665 0,47.9476 -30.6474 0,47.9715 -30.6216 0,47.8149 -30.4528 0,47.9868 -30.5899 0,47.8476 -30.4399 0,47.992 -30.5551 0,47.8827 -30.4373 0,47.9527 -30.4763 0,47.9868 -30.5202 0,47.9171 -30.4451 0,47.9715 -30.4885 0,47.9476 -30.4627 0]
}}
appearance Appearance{material USE IC-BODY-EPOXY-04 }}
Shape { geometry IndexedFaceSet 
{ creaseAngle 1.00 coordIndex [0,1,2,-1,2,1,3,-1,1,4,3,-1,0,5,1,-1,1,6,4,-1,5,7,1,-1,8,9,10,-1,10,9,7,-1,7,9,1,-1,6,11,12,-1,12,11,13,-1,1,11,6,-1,11,14,13,-1,8,15,9,-1,11,16,14,-1,15,17,9,-1,11,18,16,-1,17,19,9,-1,18,20,21,-1,22,20,19,-1,11,20,18,-1,19,20,9,-1,20,23,21,-1,22,24,20,-1,20,24,23,-1]
coord Coordinate { point [47.7675 -30.1063 0,47.7952 -30.1338 0,47.7873 -30.1354 0,47.8149 -30.1573 0,47.8476 -30.1702 0,47.7571 -30.0727 0,47.8827 -30.1728 0,47.7571 -30.0375 0,47.7873 -29.9747 0,47.7952 -29.9763 0,47.7675 -30.0038 0,47.9527 -30.1338 0,47.9171 -30.165 0,47.9476 -30.1474 0,47.9715 -30.1216 0,47.8149 -29.9528 0,47.9868 -30.0899 0,47.8476 -29.9399 0,47.992 -30.0551 0,47.8827 -29.9373 0,47.9527 -29.9763 0,47.9868 -30.0202 0,47.9171 -29.9451 0,47.9715 -29.9885 0,47.9476 -29.9627 0]
}}
appearance Appearance{material USE IC-BODY-EPOXY-04 }}
Shape { geometry IndexedFaceSet 
{ creaseAngle 1.00 coordIndex [0,1,2,-1,1,3,2,-1,0,4,1,-1,1,5,3,-1,4,6,1,-1,7,8,9,-1,9,8,6,-1,6,8,1,-1,5,10,11,-1,11,10,12,-1,1,10,5,-1,10,13,12,-1,7,14,8,-1,10,15,13,-1,14,16,8,-1,10,17,15,-1,16,18,8,-1,17,19,20,-1,21,19,18,-1,10,19,17,-1,18,19,8,-1,19,22,20,-1,21,23,19,-1,19,24,22,-1,23,24,19,-1]
coord Coordinate { point [43.1093 -29.394 0,43.0905 -29.3818 0,43.0854 -29.3682 0,43.0549 -29.3506 0,43.1246 -29.4258 0,43.0206 -29.3428 0,43.1298 -29.4606 0,43.1093 -29.5271 0,43.0905 -29.5393 0,43.1246 -29.4954 0,42.933 -29.3818 0,42.9854 -29.3454 0,42.9527 -29.3583 0,42.9251 -29.3802 0,43.0854 -29.5529 0,42.9053 -29.4093 0,43.0549 -29.5705 0,42.8949 -29.443 0,43.0206 -29.5784 0,42.933 -29.5393 0,42.8949 -29.4782 0,42.9854 -29.5757 0,42.9053 -29.5118 0,42.9527 -29.5629 0,42.9251 -29.5409 0]
}}
appearance Appearance{material USE IC-BODY-EPOXY-04 }}
Shape { geometry IndexedFaceSet 
{ creaseAngle 1.00 coordIndex [0,1,2,-1,2,1,3,-1,1,4,3,-1,0,5,1,-1,1,6,4,-1,7,8,9,-1,9,8,10,-1,10,8,5,-1,5,8,1,-1,6,11,12,-1,12,11,13,-1,1,11,6,-1,11,14,13,-1,7,15,8,-1,11,16,14,-1,15,17,8,-1,11,18,16,-1,17,19,8,-1,18,20,21,-1,22,20,19,-1,11,20,18,-1,19,20,8,-1,20,23,21,-1,22,24,20,-1,20,24,23,-1]
coord Coordinate { point [47.7675 -29.6063 0,47.7952 -29.6338 0,47.7873 -29.6354 0,47.8149 -29.6573 0,47.8476 -29.6702 0,47.7571 -29.5727 0,47.8827 -29.6728 0,47.7873 -29.4747 0,47.7952 -29.4763 0,47.7675 -29.5038 0,47.7571 -29.5375 0,47.9527 -29.6338 0,47.9171 -29.665 0,47.9476 -29.6474 0,47.9715 -29.6216 0,47.8149 -29.4528 0,47.9868 -29.5899 0,47.8476 -29.4399 0,47.992 -29.5551 0,47.8827 -29.4373 0,47.9527 -29.4763 0,47.9868 -29.5202 0,47.9171 -29.4451 0,47.9715 -29.4885 0,47.9476 -29.4627 0]
}}
appearance Appearance{material USE IC-BODY-EPOXY-04 }}
Shape { geometry IndexedFaceSet 
{ creaseAngle 1.00 coordIndex [0,1,2,-1,2,1,3,-1,1,4,3,-1,0,5,1,-1,1,6,4,-1,7,8,9,-1,9,8,10,-1,10,8,5,-1,5,8,1,-1,6,11,12,-1,12,11,13,-1,1,11,6,-1,11,14,13,-1,7,15,8,-1,11,16,14,-1,15,17,8,-1,11,18,16,-1,17,19,8,-1,18,20,21,-1,22,20,19,-1,11,20,18,-1,19,20,8,-1,20,23,21,-1,22,24,20,-1,20,24,23,-1]
coord Coordinate { point [47.7675 -29.1063 0,47.7952 -29.1338 0,47.7873 -29.1354 0,47.8149 -29.1573 0,47.8476 -29.1702 0,47.7571 -29.0727 0,47.8827 -29.1728 0,47.7873 -28.9747 0,47.7952 -28.9763 0,47.7675 -29.0038 0,47.7571 -29.0375 0,47.9527 -29.1338 0,47.9171 -29.165 0,47.9476 -29.1474 0,47.9715 -29.1216 0,47.8149 -28.9528 0,47.9868 -29.0899 0,47.8476 -28.9399 0,47.992 -29.0551 0,47.8827 -28.9373 0,47.9527 -28.9763 0,47.9868 -29.0202 0,47.9171 -28.9451 0,47.9715 -28.9885 0,47.9476 -28.9627 0]
}}
appearance Appearance{material USE IC-BODY-EPOXY-04 }}
Shape { geometry IndexedFaceSet 
{ creaseAngle 1.00 coordIndex [0,1,2,-1,2,1,3,-1]
coord Coordinate { point [45.0983 -31.2598 0.124016,45.0983 -31.2598 0.137795,45.0983 -31.0629 0.124016,45.0983 -31.0629 0.137795]
}}
appearance Appearance{material USE RES-SMD-01 }}
Shape { geometry IndexedFaceSet 
{ creaseAngle 1.00 coordIndex [0,1,2,-1,2,1,3,-1]
coord Coordinate { point [45.3346 -31.2598 0.124016,45.3346 -31.2598 0.137795,45.0983 -31.2598 0.124016,45.0983 -31.2598 0.137795]
}}
appearance Appearance{material USE RES-SMD-01 }}
Shape { geometry IndexedFaceSet 
{ creaseAngle 1.00 coordIndex [0,1,2,-1,0,2,3,-1]
coord Coordinate { point [45.3346 -31.0629 0.137795,45.3346 -31.0629 0.124016,45.0983 -31.0629 0.124016,45.0983 -31.0629 0.137795]
}}
appearance Appearance{material USE RES-SMD-01 }}
Shape { geometry IndexedFaceSet 
{ creaseAngle 1.00 coordIndex [0,1,2,-1,0,2,3,-1]
coord Coordinate { point [45.3346 -31.2598 0.137795,45.3346 -31.2598 0.124016,45.3346 -31.0629 0.124016,45.3346 -31.0629 0.137795]
}}
appearance Appearance{material USE RES-SMD-01 }}
Shape { geometry IndexedFaceSet 
{ creaseAngle 1.00 coordIndex [0,1,2,-1,2,1,3,-1]
coord Coordinate { point [43.2981 -30.7381 0.124016,43.2981 -30.7381 0.137795,43.2981 -30.5413 0.124016,43.2981 -30.5413 0.137795]
}}
appearance Appearance{material USE RES-SMD-01 }}
Shape { geometry IndexedFaceSet 
{ creaseAngle 1.00 coordIndex [0,1,2,-1,2,1,3,-1]
coord Coordinate { point [43.5344 -30.7381 0.124016,43.5344 -30.7381 0.137795,43.2981 -30.7381 0.124016,43.2981 -30.7381 0.137795]
}}
appearance Appearance{material USE RES-SMD-01 }}
Shape { geometry IndexedFaceSet 
{ creaseAngle 1.00 coordIndex [0,1,2,-1,0,2,3,-1]
coord Coordinate { point [43.5344 -30.5413 0.137795,43.5344 -30.5413 0.124016,43.2981 -30.5413 0.124016,43.2981 -30.5413 0.137795]
}}
appearance Appearance{material USE RES-SMD-01 }}
Shape { geometry IndexedFaceSet 
{ creaseAngle 1.00 coordIndex [0,1,2,-1,0,2,3,-1]
coord Coordinate { point [43.5344 -30.7381 0.137795,43.5344 -30.7381 0.124016,43.5344 -30.5413 0.124016,43.5344 -30.5413 0.137795]
}}
appearance Appearance{material USE RES-SMD-01 }}
Shape { geometry IndexedFaceSet 
{ creaseAngle 1.00 coordIndex [0,1,2,-1,0,2,3,-1]
coord Coordinate { point [44.0885 -30.058 0.248031,44.0885 -30.058 0.011811,44.0885 -29.4399 0.011811,44.0885 -29.4399 0.248031]
}}
appearance Appearance{material USE IC-BODY-EPOXY-04 }}
Shape { geometry IndexedFaceSet 
{ creaseAngle 1.00 coordIndex [0,1,2,-1,2,1,3,-1]
coord Coordinate { point [43.746 -30.058 0.011811,43.746 -30.058 0.248031,43.746 -29.4399 0.011811,43.746 -29.4399 0.248031]
}}
appearance Appearance{material USE IC-BODY-EPOXY-04 }}
Shape { geometry IndexedFaceSet 
{ creaseAngle 1.00 coordIndex [0,1,2,-1,2,1,3,-1]
coord Coordinate { point [43.7519 -29.6249 0.244094,43.7519 -29.6249 0.248031,44.0826 -29.6249 0.244094,44.0826 -29.6249 0.248031]
}}
appearance Appearance{material USE IC-LABEL-01 }}
Shape { geometry IndexedFaceSet 
{ creaseAngle 1.00 coordIndex [0,1,2,-1,0,2,3,-1]
coord Coordinate { point [43.7519 -29.6249 0.248031,43.7519 -29.6249 0.244094,43.7519 -29.5777 0.244094,43.7519 -29.5777 0.248031]
}}
appearance Appearance{material USE IC-LABEL-01 }}
Shape { geometry IndexedFaceSet 
{ creaseAngle 1.00 coordIndex [0,1,2,-1,0,2,3,-1]
coord Coordinate { point [43.7519 -29.5777 0.248031,43.7519 -29.5777 0.244094,44.0826 -29.5777 0.244094,44.0826 -29.5777 0.248031]
}}
appearance Appearance{material USE IC-LABEL-01 }}
Shape { geometry IndexedFaceSet 
{ creaseAngle 1.00 coordIndex [0,1,2,-1,2,1,3,-1]
coord Coordinate { point [44.0826 -29.6249 0.244094,44.0826 -29.6249 0.248031,44.0826 -29.5777 0.244094,44.0826 -29.5777 0.248031]
}}
appearance Appearance{material USE IC-LABEL-01 }}
Shape { geometry IndexedFaceSet 
{ creaseAngle 1.00 coordIndex [0,1,2,-1,1,3,2,-1,3,4,2,-1,4,5,2,-1,6,7,8,-1,8,7,9,-1,9,7,5,-1,5,7,2,-1,6,10,7,-1,10,11,7,-1]
coord Coordinate { point [45.4231 -30.2952 0.177165,45.3444 -30.2952 0.177165,45.4085 -30.2659 0.03937,45.2263 -30.2952 0.177165,45.0885 -30.2952 0.177165,44.9704 -30.2952 0.177165,44.5767 -30.2952 0.177165,44.3945 -30.2659 0.03937,44.7145 -30.2952 0.177165,44.8326 -30.2952 0.177165,44.4586 -30.2952 0.177165,44.3798 -30.2952 0.177165]
}}
appearance Appearance{material USE IC-BODY-EPOXY-04 }}
Shape { geometry IndexedFaceSet 
{ creaseAngle 1.00 coordIndex [0,1,2,-1,3,1,0,-1]
coord Coordinate { point [44.3798 -30.2952 0.177165,44.3109 -30.2263 0.23622,44.3109 -30.2263 0.177165,44.3798 -30.2952 0.23622]
}}
appearance Appearance{material USE IC-BODY-EPOXY-04 }}
Shape { geometry IndexedFaceSet 
{ creaseAngle 1.00 coordIndex [0,1,2,-1,0,3,1,-1]
coord Coordinate { point [44.4586 -30.2657 0.23622,44.3798 -30.2952 0.23622,44.4586 -30.2952 0.23622,44.3946 -30.2657 0.23622]
}}
appearance Appearance{material USE IC-BODY-EPOXY-04 }}
Shape { geometry IndexedFaceSet 
{ creaseAngle 1.00 coordIndex [0,1,2,-1,1,3,2,-1,1,4,3,-1,1,5,4,-1,6,7,8,-1,8,7,9,-1,9,7,10,-1,10,7,11,-1,1,7,5,-1,5,7,6,-1]
coord Coordinate { point [45.4084 -30.2657 0.23622,45.3937 -30.2364 0.374015,45.3444 -30.2657 0.23622,45.2263 -30.2657 0.23622,45.0885 -30.2657 0.23622,44.9704 -30.2657 0.23622,44.8326 -30.2657 0.23622,44.4092 -30.2364 0.374015,44.7145 -30.2657 0.23622,44.5767 -30.2657 0.23622,44.4586 -30.2657 0.23622,44.3946 -30.2657 0.23622]
}}
appearance Appearance{material USE IC-BODY-EPOXY-04 }}
Shape { geometry IndexedFaceSet 
{ creaseAngle 1.00 coordIndex [0,1,2,-1,0,3,1,-1]
coord Coordinate { point [44.7145 -30.2657 0.23622,44.5767 -30.2952 0.23622,44.7145 -30.2952 0.23622,44.5767 -30.2657 0.23622]
}}
appearance Appearance{material USE IC-BODY-EPOXY-04 }}
Shape { geometry IndexedFaceSet 
{ creaseAngle 1.00 coordIndex [0,1,2,-1,2,1,3,-1]
coord Coordinate { point [44.9704 -30.2657 0.23622,44.8326 -30.2657 0.23622,44.9704 -30.2952 0.23622,44.8326 -30.2952 0.23622]
}}
appearance Appearance{material USE IC-BODY-EPOXY-04 }}
Shape { geometry IndexedFaceSet 
{ creaseAngle 1.00 coordIndex [0,1,2,-1,2,1,3,-1]
coord Coordinate { point [45.2263 -30.2657 0.23622,45.0885 -30.2657 0.23622,45.2263 -30.2952 0.23622,45.0885 -30.2952 0.23622]
}}
appearance Appearance{material USE IC-BODY-EPOXY-04 }}
Shape { geometry IndexedFaceSet 
{ creaseAngle 1.00 coordIndex [0,1,2,-1,2,1,3,-1]
coord Coordinate { point [45.4084 -30.2657 0.23622,45.3444 -30.2657 0.23622,45.4231 -30.2952 0.23622,45.3444 -30.2952 0.23622]
}}
appearance Appearance{material USE IC-BODY-EPOXY-04 }}
Shape { geometry IndexedFaceSet 
{ creaseAngle 1.00 coordIndex [0,1,2,-1,3,1,0,-1]
coord Coordinate { point [45.492 -30.2263 0.177165,45.4231 -30.2952 0.23622,45.4231 -30.2952 0.177165,45.492 -30.2263 0.23622]
}}
appearance Appearance{material USE IC-BODY-EPOXY-04 }}
Shape { geometry IndexedFaceSet 
{ creaseAngle 1.00 coordIndex [0,1,2,-1,2,1,3,-1]
coord Coordinate { point [46.0826 -30.7086 0.124016,46.0826 -30.7086 0.137795,46.0826 -30.4724 0.124016,46.0826 -30.4724 0.137795]
}}
appearance Appearance{material USE RES-SMD-01 }}
Shape { geometry IndexedFaceSet 
{ creaseAngle 1.00 coordIndex [0,1,2,-1,0,2,3,-1]
coord Coordinate { point [46.0826 -30.7086 0.137795,46.0826 -30.7086 0.124016,46.2794 -30.7086 0.124016,46.2794 -30.7086 0.137795]
}}
appearance Appearance{material USE RES-SMD-01 }}
Shape { geometry IndexedFaceSet 
{ creaseAngle 1.00 coordIndex [0,1,2,-1,0,2,3,-1]
coord Coordinate { point [46.2794 -30.7086 0.137795,46.2794 -30.7086 0.124016,46.2794 -30.4724 0.124016,46.2794 -30.4724 0.137795]
}}
appearance Appearance{material USE RES-SMD-01 }}
Shape { geometry IndexedFaceSet 
{ creaseAngle 1.00 coordIndex [0,1,2,-1,2,1,3,-1]
coord Coordinate { point [46.7716 -30.7086 0.124016,46.7716 -30.7086 0.137795,47.0078 -30.7086 0.124016,47.0078 -30.7086 0.137795]
}}
appearance Appearance{material USE RES-SMD-01 }}
Shape { geometry IndexedFaceSet 
{ creaseAngle 1.00 coordIndex [0,1,2,-1,0,2,3,-1]
coord Coordinate { point [46.7716 -30.7086 0.137795,46.7716 -30.7086 0.124016,46.7716 -30.9054 0.124016,46.7716 -30.9054 0.137795]
}}
appearance Appearance{material USE RES-SMD-01 }}
Shape { geometry IndexedFaceSet 
{ creaseAngle 1.00 coordIndex [0,1,2,-1,0,2,3,-1]
coord Coordinate { point [46.7716 -30.9054 0.137795,46.7716 -30.9054 0.124016,47.0078 -30.9054 0.124016,47.0078 -30.9054 0.137795]
}}
appearance Appearance{material USE RES-SMD-01 }}
Shape { geometry IndexedFaceSet 
{ creaseAngle 1.00 coordIndex [0,1,2,-1,2,1,3,-1]
coord Coordinate { point [47.0078 -30.7086 0.124016,47.0078 -30.7086 0.137795,47.0078 -30.9054 0.124016,47.0078 -30.9054 0.137795]
}}
appearance Appearance{material USE RES-SMD-01 }}
Shape { geometry IndexedFaceSet 
{ creaseAngle 1.00 coordIndex [0,1,2,-1,2,1,3,-1]
coord Coordinate { point [46.0826 -30.4724 0.124016,46.0826 -30.4724 0.137795,46.2794 -30.4724 0.124016,46.2794 -30.4724 0.137795]
}}
appearance Appearance{material USE RES-SMD-01 }}
Shape { geometry IndexedFaceSet 
{ creaseAngle 1.00 coordIndex [0,1,2,-1,2,1,3,-1]
coord Coordinate { point [46.7716 -30.5117 0.124016,46.7716 -30.5117 0.137795,46.7716 -30.3149 0.124016,46.7716 -30.3149 0.137795]
}}
appearance Appearance{material USE RES-SMD-01 }}
Shape { geometry IndexedFaceSet 
{ creaseAngle 1.00 coordIndex [0,1,2,-1,2,1,3,-1]
coord Coordinate { point [47.0078 -30.5117 0.124016,47.0078 -30.5117 0.137795,46.7716 -30.5117 0.124016,46.7716 -30.5117 0.137795]
}}
appearance Appearance{material USE RES-SMD-01 }}
Shape { geometry IndexedFaceSet 
{ creaseAngle 1.00 coordIndex [0,1,2,-1,0,2,3,-1]
coord Coordinate { point [47.0078 -30.3149 0.137795,47.0078 -30.3149 0.124016,46.7716 -30.3149 0.124016,46.7716 -30.3149 0.137795]
}}
appearance Appearance{material USE RES-SMD-01 }}
Shape { geometry IndexedFaceSet 
{ creaseAngle 1.00 coordIndex [0,1,2,-1,2,1,3,-1]
coord Coordinate { point [46.0826 -29.9606 0.124016,46.0826 -29.9606 0.137795,46.0826 -29.7244 0.124016,46.0826 -29.7244 0.137795]
}}
appearance Appearance{material USE RES-SMD-01 }}
Shape { geometry IndexedFaceSet 
{ creaseAngle 1.00 coordIndex [0,1,2,-1,0,2,3,-1]
coord Coordinate { point [46.0826 -29.9606 0.137795,46.0826 -29.9606 0.124016,46.2794 -29.9606 0.124016,46.2794 -29.9606 0.137795]
}}
appearance Appearance{material USE RES-SMD-01 }}
Shape { geometry IndexedFaceSet 
{ creaseAngle 1.00 coordIndex [0,1,2,-1,0,2,3,-1]
coord Coordinate { point [46.2794 -29.9606 0.137795,46.2794 -29.9606 0.124016,46.2794 -29.7244 0.124016,46.2794 -29.7244 0.137795]
}}
appearance Appearance{material USE RES-SMD-01 }}
Shape { geometry IndexedFaceSet 
{ creaseAngle 1.00 coordIndex [0,1,2,-1,0,2,3,-1]
coord Coordinate { point [47.0078 -30.5117 0.137795,47.0078 -30.5117 0.124016,47.0078 -30.3149 0.124016,47.0078 -30.3149 0.137795]
}}
appearance Appearance{material USE RES-SMD-01 }}
Shape { geometry IndexedFaceSet 
{ creaseAngle 1.00 coordIndex [0,1,2,-1,0,2,3,-1]
coord Coordinate { point [42.933 -29.8818 1.53543,42.933 -29.8818 0.3937,42.933 -30.0393 0.3937,42.933 -30.0393 1.53543]
}}
appearance Appearance{material USE PIN-02 }}
Shape { geometry IndexedFaceSet 
{ creaseAngle 1.00 coordIndex [0,1,2,-1,2,1,3,-1]
coord Coordinate { point [42.933 -29.8818 0.3937,42.933 -29.8818 1.53543,43.0905 -29.8818 0.3937,43.0905 -29.8818 1.53543]
}}
appearance Appearance{material USE PIN-02 }}
Shape { geometry IndexedFaceSet 
{ creaseAngle 1.00 coordIndex [0,1,2,-1,2,1,3,-1]
coord Coordinate { point [43.0905 -29.8818 0.3937,43.0905 -29.8818 1.53543,43.0905 -30.0393 0.3937,43.0905 -30.0393 1.53543]
}}
appearance Appearance{material USE PIN-02 }}
Shape { geometry IndexedFaceSet 
{ creaseAngle 1.00 coordIndex [0,1,2,-1,0,2,3,-1]
coord Coordinate { point [42.933 -30.0393 1.53543,42.933 -30.0393 0.3937,43.0905 -30.0393 0.3937,43.0905 -30.0393 1.53543]
}}
appearance Appearance{material USE PIN-02 }}
Shape { geometry IndexedFaceSet 
{ creaseAngle 1.00 coordIndex [0,1,2,-1,2,1,3,-1]
coord Coordinate { point [42.933 -29.3818 0.3937,42.933 -29.3818 1.53543,43.0905 -29.3818 0.3937,43.0905 -29.3818 1.53543]
}}
appearance Appearance{material USE PIN-02 }}
Shape { geometry IndexedFaceSet 
{ creaseAngle 1.00 coordIndex [0,1,2,-1,2,1,3,-1]
coord Coordinate { point [43.0905 -29.3818 0.3937,43.0905 -29.3818 1.53543,43.0905 -29.5393 0.3937,43.0905 -29.5393 1.53543]
}}
appearance Appearance{material USE PIN-02 }}
Shape { geometry IndexedFaceSet 
{ creaseAngle 1.00 coordIndex [0,1,2,-1,0,2,3,-1]
coord Coordinate { point [42.933 -29.5393 1.53543,42.933 -29.5393 0.3937,43.0905 -29.5393 0.3937,43.0905 -29.5393 1.53543]
}}
appearance Appearance{material USE PIN-02 }}
Shape { geometry IndexedFaceSet 
{ creaseAngle 1.00 coordIndex [0,1,2,-1,0,2,3,-1]
coord Coordinate { point [42.933 -29.3818 1.53543,42.933 -29.3818 0.3937,42.933 -29.5393 0.3937,42.933 -29.5393 1.53543]
}}
appearance Appearance{material USE PIN-02 }}
Shape { geometry IndexedFaceSet 
{ creaseAngle 1.00 coordIndex [0,1,2,-1,2,1,3,-1]
coord Coordinate { point [43.2686 -28.6614 0.124016,43.2686 -28.6614 0.137795,43.5048 -28.6614 0.124016,43.5048 -28.6614 0.137795]
}}
appearance Appearance{material USE RES-SMD-01 }}
Shape { geometry IndexedFaceSet 
{ creaseAngle 1.00 coordIndex [0,1,2,-1,0,2,3,-1]
coord Coordinate { point [43.2686 -28.6614 0.137795,43.2686 -28.6614 0.124016,43.2686 -28.8582 0.124016,43.2686 -28.8582 0.137795]
}}
appearance Appearance{material USE RES-SMD-01 }}
Shape { geometry IndexedFaceSet 
{ creaseAngle 1.00 coordIndex [0,1,2,-1,0,2,3,-1]
coord Coordinate { point [43.2686 -28.8582 0.137795,43.2686 -28.8582 0.124016,43.5048 -28.8582 0.124016,43.5048 -28.8582 0.137795]
}}
appearance Appearance{material USE RES-SMD-01 }}
Shape { geometry IndexedFaceSet 
{ creaseAngle 1.00 coordIndex [0,1,2,-1,2,1,3,-1]
coord Coordinate { point [43.5048 -28.6614 0.124016,43.5048 -28.6614 0.137795,43.5048 -28.8582 0.124016,43.5048 -28.8582 0.137795]
}}
appearance Appearance{material USE RES-SMD-01 }}
Shape { geometry IndexedFaceSet 
{ creaseAngle 1.00 coordIndex [0,1,2,-1,1,3,2,-1,3,4,2,-1,4,5,2,-1,6,7,8,-1,8,7,9,-1,9,7,5,-1,5,7,2,-1,6,10,7,-1,10,11,7,-1]
coord Coordinate { point [44.3798 -29.1141 0.177165,44.4586 -29.1141 0.177165,44.3945 -29.1434 0.03937,44.5767 -29.1141 0.177165,44.7145 -29.1141 0.177165,44.8326 -29.1141 0.177165,45.2263 -29.1141 0.177165,45.4085 -29.1434 0.03937,45.0885 -29.1141 0.177165,44.9704 -29.1141 0.177165,45.3444 -29.1141 0.177165,45.4231 -29.1141 0.177165]
}}
appearance Appearance{material USE IC-BODY-EPOXY-04 }}
Shape { geometry IndexedFaceSet 
{ creaseAngle 1.00 coordIndex [0,1,2,-1,2,1,3,-1]
coord Coordinate { point [44.5767 -29.1436 0.23622,44.7145 -29.1436 0.23622,44.5767 -29.1141 0.23622,44.7145 -29.1141 0.23622]
}}
appearance Appearance{material USE IC-BODY-EPOXY-04 }}
Shape { geometry IndexedFaceSet 
{ creaseAngle 1.00 coordIndex [0,1,2,-1,1,3,2,-1,1,4,3,-1,1,5,4,-1,6,7,8,-1,8,7,9,-1,9,7,10,-1,10,7,11,-1,1,7,5,-1,5,7,6,-1]
coord Coordinate { point [44.3946 -29.1436 0.23622,44.4092 -29.1729 0.374015,44.4586 -29.1436 0.23622,44.5767 -29.1436 0.23622,44.7145 -29.1436 0.23622,44.8326 -29.1436 0.23622,44.9704 -29.1436 0.23622,45.3937 -29.1729 0.374015,45.0885 -29.1436 0.23622,45.2263 -29.1436 0.23622,45.3444 -29.1436 0.23622,45.4084 -29.1436 0.23622]
}}
appearance Appearance{material USE IC-BODY-EPOXY-04 }}
Shape { geometry IndexedFaceSet 
{ creaseAngle 1.00 coordIndex [0,1,2,-1,2,1,3,-1]
coord Coordinate { point [44.3946 -29.1436 0.23622,44.4586 -29.1436 0.23622,44.3798 -29.1141 0.23622,44.4586 -29.1141 0.23622]
}}
appearance Appearance{material USE IC-BODY-EPOXY-04 }}
Shape { geometry IndexedFaceSet 
{ creaseAngle 1.00 coordIndex [0,1,2,-1,3,1,0,-1]
coord Coordinate { point [44.3109 -29.183 0.177165,44.3798 -29.1141 0.23622,44.3798 -29.1141 0.177165,44.3109 -29.183 0.23622]
}}
appearance Appearance{material USE IC-BODY-EPOXY-04 }}
Shape { geometry IndexedFaceSet 
{ creaseAngle 1.00 coordIndex [0,1,2,-1,2,1,3,-1]
coord Coordinate { point [44.8326 -29.1436 0.23622,44.9704 -29.1436 0.23622,44.8326 -29.1141 0.23622,44.9704 -29.1141 0.23622]
}}
appearance Appearance{material USE IC-BODY-EPOXY-04 }}
Shape { geometry IndexedFaceSet 
{ creaseAngle 1.00 coordIndex [0,1,2,-1,0,3,1,-1]
coord Coordinate { point [45.0885 -29.1436 0.23622,45.2263 -29.1141 0.23622,45.0885 -29.1141 0.23622,45.2263 -29.1436 0.23622]
}}
appearance Appearance{material USE IC-BODY-EPOXY-04 }}
Shape { geometry IndexedFaceSet 
{ creaseAngle 1.00 coordIndex [0,1,2,-1,3,1,0,-1]
coord Coordinate { point [45.4231 -29.1141 0.177165,45.492 -29.183 0.23622,45.492 -29.183 0.177165,45.4231 -29.1141 0.23622]
}}
appearance Appearance{material USE IC-BODY-EPOXY-04 }}
Shape { geometry IndexedFaceSet 
{ creaseAngle 1.00 coordIndex [0,1,2,-1,0,3,1,-1]
coord Coordinate { point [45.3444 -29.1436 0.23622,45.4231 -29.1141 0.23622,45.3444 -29.1141 0.23622,45.4084 -29.1436 0.23622]
}}
appearance Appearance{material USE IC-BODY-EPOXY-04 }}
Shape { geometry IndexedFaceSet 
{ creaseAngle 1.00 coordIndex [0,1,2,-1,2,1,3,-1]
coord Coordinate { point [44.3503 -28.1594 0.124016,44.3503 -28.1594 0.137795,44.5865 -28.1594 0.124016,44.5865 -28.1594 0.137795]
}}
appearance Appearance{material USE RES-SMD-01 }}
Shape { geometry IndexedFaceSet 
{ creaseAngle 1.00 coordIndex [0,1,2,-1,0,2,3,-1]
coord Coordinate { point [44.3503 -28.1594 0.137795,44.3503 -28.1594 0.124016,44.3503 -28.3562 0.124016,44.3503 -28.3562 0.137795]
}}
appearance Appearance{material USE RES-SMD-01 }}
Shape { geometry IndexedFaceSet 
{ creaseAngle 1.00 coordIndex [0,1,2,-1,0,2,3,-1]
coord Coordinate { point [44.3503 -28.3562 0.137795,44.3503 -28.3562 0.124016,44.5865 -28.3562 0.124016,44.5865 -28.3562 0.137795]
}}
appearance Appearance{material USE RES-SMD-01 }}
Shape { geometry IndexedFaceSet 
{ creaseAngle 1.00 coordIndex [0,1,2,-1,2,1,3,-1]
coord Coordinate { point [44.5865 -28.1594 0.124016,44.5865 -28.1594 0.137795,44.5865 -28.3562 0.124016,44.5865 -28.3562 0.137795]
}}
appearance Appearance{material USE RES-SMD-01 }}
Shape { geometry IndexedFaceSet 
{ creaseAngle 1.00 coordIndex [0,1,2,-1,2,1,3,-1]
coord Coordinate { point [46.0826 -29.7244 0.124016,46.0826 -29.7244 0.137795,46.2794 -29.7244 0.124016,46.2794 -29.7244 0.137795]
}}
appearance Appearance{material USE RES-SMD-01 }}
Shape { geometry IndexedFaceSet 
{ creaseAngle 1.00 coordIndex [0,1,2,-1,2,1,3,-1]
coord Coordinate { point [46.2794 -29.2047 0.124016,46.2794 -29.2047 0.137795,46.0826 -29.2047 0.124016,46.0826 -29.2047 0.137795]
}}
appearance Appearance{material USE RES-SMD-01 }}
Shape { geometry IndexedFaceSet 
{ creaseAngle 1.00 coordIndex [0,1,2,-1,2,1,3,-1]
coord Coordinate { point [46.2794 -28.9684 0.124016,46.2794 -28.9684 0.137795,46.2794 -29.2047 0.124016,46.2794 -29.2047 0.137795]
}}
appearance Appearance{material USE RES-SMD-01 }}
Shape { geometry IndexedFaceSet 
{ creaseAngle 1.00 coordIndex [0,1,2,-1,0,2,3,-1]
coord Coordinate { point [46.0826 -28.9684 0.137795,46.0826 -28.9684 0.124016,46.0826 -29.2047 0.124016,46.0826 -29.2047 0.137795]
}}
appearance Appearance{material USE RES-SMD-01 }}
Shape { geometry IndexedFaceSet 
{ creaseAngle 1.00 coordIndex [0,1,2,-1,0,2,3,-1]
coord Coordinate { point [47.9527 -29.9763 1.53543,47.9527 -29.9763 0.3937,47.7952 -29.9763 0.3937,47.7952 -29.9763 1.53543]
}}
appearance Appearance{material USE PIN-02 }}
Shape { geometry IndexedFaceSet 
{ creaseAngle 1.00 coordIndex [0,1,2,-1,0,2,3,-1]
coord Coordinate { point [47.9527 -30.1338 1.53543,47.9527 -30.1338 0.3937,47.9527 -29.9763 0.3937,47.9527 -29.9763 1.53543]
}}
appearance Appearance{material USE PIN-02 }}
Shape { geometry IndexedFaceSet 
{ creaseAngle 1.00 coordIndex [0,1,2,-1,2,1,3,-1]
coord Coordinate { point [47.9527 -30.1338 0.3937,47.9527 -30.1338 1.53543,47.7952 -30.1338 0.3937,47.7952 -30.1338 1.53543]
}}
appearance Appearance{material USE PIN-02 }}
Shape { geometry IndexedFaceSet 
{ creaseAngle 1.00 coordIndex [0,1,2,-1,2,1,3,-1]
coord Coordinate { point [47.7952 -30.1338 0.3937,47.7952 -30.1338 1.53543,47.7952 -29.9763 0.3937,47.7952 -29.9763 1.53543]
}}
appearance Appearance{material USE PIN-02 }}
Shape { geometry IndexedFaceSet 
{ creaseAngle 1.00 coordIndex [0,1,2,-1,0,2,3,-1]
coord Coordinate { point [47.9527 -30.6338 1.53543,47.9527 -30.6338 0.3937,47.9527 -30.4763 0.3937,47.9527 -30.4763 1.53543]
}}
appearance Appearance{material USE PIN-02 }}
Shape { geometry IndexedFaceSet 
{ creaseAngle 1.00 coordIndex [0,1,2,-1,2,1,3,-1]
coord Coordinate { point [47.9527 -30.6338 0.3937,47.9527 -30.6338 1.53543,47.7952 -30.6338 0.3937,47.7952 -30.6338 1.53543]
}}
appearance Appearance{material USE PIN-02 }}
Shape { geometry IndexedFaceSet 
{ creaseAngle 1.00 coordIndex [0,1,2,-1,2,1,3,-1]
coord Coordinate { point [47.7952 -30.6338 0.3937,47.7952 -30.6338 1.53543,47.7952 -30.4763 0.3937,47.7952 -30.4763 1.53543]
}}
appearance Appearance{material USE PIN-02 }}
Shape { geometry IndexedFaceSet 
{ creaseAngle 1.00 coordIndex [0,1,2,-1,0,2,3,-1]
coord Coordinate { point [47.9527 -30.4763 1.53543,47.9527 -30.4763 0.3937,47.7952 -30.4763 0.3937,47.7952 -30.4763 1.53543]
}}
appearance Appearance{material USE PIN-02 }}
Shape { geometry IndexedFaceSet 
{ creaseAngle 1.00 coordIndex [0,1,2,-1,0,2,3,-1]
coord Coordinate { point [47.9527 -29.1338 1.53543,47.9527 -29.1338 0.3937,47.9527 -28.9763 0.3937,47.9527 -28.9763 1.53543]
}}
appearance Appearance{material USE PIN-02 }}
Shape { geometry IndexedFaceSet 
{ creaseAngle 1.00 coordIndex [0,1,2,-1,2,1,3,-1]
coord Coordinate { point [47.9527 -29.1338 0.3937,47.9527 -29.1338 1.53543,47.7952 -29.1338 0.3937,47.7952 -29.1338 1.53543]
}}
appearance Appearance{material USE PIN-02 }}
Shape { geometry IndexedFaceSet 
{ creaseAngle 1.00 coordIndex [0,1,2,-1,2,1,3,-1]
coord Coordinate { point [47.7952 -29.1338 0.3937,47.7952 -29.1338 1.53543,47.7952 -28.9763 0.3937,47.7952 -28.9763 1.53543]
}}
appearance Appearance{material USE PIN-02 }}
Shape { geometry IndexedFaceSet 
{ creaseAngle 1.00 coordIndex [0,1,2,-1,0,2,3,-1]
coord Coordinate { point [47.9527 -28.9763 1.53543,47.9527 -28.9763 0.3937,47.7952 -28.9763 0.3937,47.7952 -28.9763 1.53543]
}}
appearance Appearance{material USE PIN-02 }}
Shape { geometry IndexedFaceSet 
{ creaseAngle 1.00 coordIndex [0,1,2,-1,0,2,3,-1]
coord Coordinate { point [47.9527 -29.4763 1.53543,47.9527 -29.4763 0.3937,47.7952 -29.4763 0.3937,47.7952 -29.4763 1.53543]
}}
appearance Appearance{material USE PIN-02 }}
Shape { geometry IndexedFaceSet 
{ creaseAngle 1.00 coordIndex [0,1,2,-1,0,2,3,-1]
coord Coordinate { point [47.9527 -29.6338 1.53543,47.9527 -29.6338 0.3937,47.9527 -29.4763 0.3937,47.9527 -29.4763 1.53543]
}}
appearance Appearance{material USE PIN-02 }}
Shape { geometry IndexedFaceSet 
{ creaseAngle 1.00 coordIndex [0,1,2,-1,2,1,3,-1]
coord Coordinate { point [47.9527 -29.6338 0.3937,47.9527 -29.6338 1.53543,47.7952 -29.6338 0.3937,47.7952 -29.6338 1.53543]
}}
appearance Appearance{material USE PIN-02 }}
Shape { geometry IndexedFaceSet 
{ creaseAngle 1.00 coordIndex [0,1,2,-1,2,1,3,-1]
coord Coordinate { point [47.7952 -29.6338 0.3937,47.7952 -29.6338 1.53543,47.7952 -29.4763 0.3937,47.7952 -29.4763 1.53543]
}}
appearance Appearance{material USE PIN-02 }}
Shape { geometry IndexedFaceSet 
{ creaseAngle 1.00 coordIndex [0,1,2,-1,0,2,3,-1]
coord Coordinate { point [46.2794 -28.9684 0.137795,46.2794 -28.9684 0.124016,46.0826 -28.9684 0.124016,46.0826 -28.9684 0.137795]
}}
appearance Appearance{material USE RES-SMD-01 }}
Shape { geometry IndexedFaceSet 
{ creaseAngle 1.00 coordIndex [0,1,2,-1,0,2,3,-1]
coord Coordinate { point [42.933 -29.8818 0,42.933 -29.8818 -0.86614,42.933 -30.0393 -0.86614,42.933 -30.0393 0]
}}
appearance Appearance{material USE PIN-02 }}
Shape { geometry IndexedFaceSet 
{ creaseAngle 1.00 coordIndex [0,1,2,-1,2,1,3,-1]
coord Coordinate { point [42.933 -29.8818 -0.86614,42.933 -29.8818 0,43.0905 -29.8818 -0.86614,43.0905 -29.8818 0]
}}
appearance Appearance{material USE PIN-02 }}
Shape { geometry IndexedFaceSet 
{ creaseAngle 1.00 coordIndex [0,1,2,-1,0,2,3,-1]
coord Coordinate { point [42.933 -30.0393 0,42.933 -30.0393 -0.86614,43.0905 -30.0393 -0.86614,43.0905 -30.0393 0]
}}
appearance Appearance{material USE PIN-02 }}
Shape { geometry IndexedFaceSet 
{ creaseAngle 1.00 coordIndex [0,1,2,-1,2,1,3,-1]
coord Coordinate { point [43.0905 -29.8818 -0.86614,43.0905 -29.8818 0,43.0905 -30.0393 -0.86614,43.0905 -30.0393 0]
}}
appearance Appearance{material USE PIN-02 }}
Shape { geometry IndexedFaceSet 
{ creaseAngle 1.00 coordIndex [0,1,2,-1,0,2,3,-1]
coord Coordinate { point [47.9527 -30.6338 0,47.9527 -30.6338 -0.86614,47.9527 -30.4763 -0.86614,47.9527 -30.4763 0]
}}
appearance Appearance{material USE PIN-02 }}
Shape { geometry IndexedFaceSet 
{ creaseAngle 1.00 coordIndex [0,1,2,-1,2,1,3,-1]
coord Coordinate { point [47.9527 -30.6338 -0.86614,47.9527 -30.6338 0,47.7952 -30.6338 -0.86614,47.7952 -30.6338 0]
}}
appearance Appearance{material USE PIN-02 }}
Shape { geometry IndexedFaceSet 
{ creaseAngle 1.00 coordIndex [0,1,2,-1,0,2,3,-1]
coord Coordinate { point [47.9527 -30.4763 0,47.9527 -30.4763 -0.86614,47.7952 -30.4763 -0.86614,47.7952 -30.4763 0]
}}
appearance Appearance{material USE PIN-02 }}
Shape { geometry IndexedFaceSet 
{ creaseAngle 1.00 coordIndex [0,1,2,-1,2,1,3,-1]
coord Coordinate { point [47.7952 -30.6338 -0.86614,47.7952 -30.6338 0,47.7952 -30.4763 -0.86614,47.7952 -30.4763 0]
}}
appearance Appearance{material USE PIN-02 }}
Shape { geometry IndexedFaceSet 
{ creaseAngle 1.00 coordIndex [0,1,2,-1,0,2,3,-1]
coord Coordinate { point [47.9527 -29.9763 0,47.9527 -29.9763 -0.86614,47.7952 -29.9763 -0.86614,47.7952 -29.9763 0]
}}
appearance Appearance{material USE PIN-02 }}
Shape { geometry IndexedFaceSet 
{ creaseAngle 1.00 coordIndex [0,1,2,-1,0,2,3,-1]
coord Coordinate { point [47.9527 -30.1338 0,47.9527 -30.1338 -0.86614,47.9527 -29.9763 -0.86614,47.9527 -29.9763 0]
}}
appearance Appearance{material USE PIN-02 }}
Shape { geometry IndexedFaceSet 
{ creaseAngle 1.00 coordIndex [0,1,2,-1,2,1,3,-1]
coord Coordinate { point [47.7952 -30.1338 -0.86614,47.7952 -30.1338 0,47.7952 -29.9763 -0.86614,47.7952 -29.9763 0]
}}
appearance Appearance{material USE PIN-02 }}
Shape { geometry IndexedFaceSet 
{ creaseAngle 1.00 coordIndex [0,1,2,-1,2,1,3,-1]
coord Coordinate { point [47.9527 -30.1338 -0.86614,47.9527 -30.1338 0,47.7952 -30.1338 -0.86614,47.7952 -30.1338 0]
}}
appearance Appearance{material USE PIN-02 }}
Shape { geometry IndexedFaceSet 
{ creaseAngle 1.00 coordIndex [0,1,2,-1,2,1,3,-1]
coord Coordinate { point [42.933 -29.3818 -0.86614,42.933 -29.3818 0,43.0905 -29.3818 -0.86614,43.0905 -29.3818 0]
}}
appearance Appearance{material USE PIN-02 }}
Shape { geometry IndexedFaceSet 
{ creaseAngle 1.00 coordIndex [0,1,2,-1,0,2,3,-1]
coord Coordinate { point [42.933 -29.3818 0,42.933 -29.3818 -0.86614,42.933 -29.5393 -0.86614,42.933 -29.5393 0]
}}
appearance Appearance{material USE PIN-02 }}
Shape { geometry IndexedFaceSet 
{ creaseAngle 1.00 coordIndex [0,1,2,-1,2,1,3,-1]
coord Coordinate { point [43.0905 -29.3818 -0.86614,43.0905 -29.3818 0,43.0905 -29.5393 -0.86614,43.0905 -29.5393 0]
}}
appearance Appearance{material USE PIN-02 }}
Shape { geometry IndexedFaceSet 
{ creaseAngle 1.00 coordIndex [0,1,2,-1,0,2,3,-1]
coord Coordinate { point [42.933 -29.5393 0,42.933 -29.5393 -0.86614,43.0905 -29.5393 -0.86614,43.0905 -29.5393 0]
}}
appearance Appearance{material USE PIN-02 }}
Shape { geometry IndexedFaceSet 
{ creaseAngle 1.00 coordIndex [0,1,2,-1,0,2,3,-1]
coord Coordinate { point [47.9527 -29.4763 0,47.9527 -29.4763 -0.86614,47.7952 -29.4763 -0.86614,47.7952 -29.4763 0]
}}
appearance Appearance{material USE PIN-02 }}
Shape { geometry IndexedFaceSet 
{ creaseAngle 1.00 coordIndex [0,1,2,-1,0,2,3,-1]
coord Coordinate { point [47.9527 -29.6338 0,47.9527 -29.6338 -0.86614,47.9527 -29.4763 -0.86614,47.9527 -29.4763 0]
}}
appearance Appearance{material USE PIN-02 }}
Shape { geometry IndexedFaceSet 
{ creaseAngle 1.00 coordIndex [0,1,2,-1,2,1,3,-1]
coord Coordinate { point [47.7952 -29.6338 -0.86614,47.7952 -29.6338 0,47.7952 -29.4763 -0.86614,47.7952 -29.4763 0]
}}
appearance Appearance{material USE PIN-02 }}
Shape { geometry IndexedFaceSet 
{ creaseAngle 1.00 coordIndex [0,1,2,-1,2,1,3,-1]
coord Coordinate { point [47.9527 -29.6338 -0.86614,47.9527 -29.6338 0,47.7952 -29.6338 -0.86614,47.7952 -29.6338 0]
}}
appearance Appearance{material USE PIN-02 }}
Shape { geometry IndexedFaceSet 
{ creaseAngle 1.00 coordIndex [0,1,2,-1,0,2,3,-1]
coord Coordinate { point [47.9527 -29.1338 0,47.9527 -29.1338 -0.86614,47.9527 -28.9763 -0.86614,47.9527 -28.9763 0]
}}
appearance Appearance{material USE PIN-02 }}
Shape { geometry IndexedFaceSet 
{ creaseAngle 1.00 coordIndex [0,1,2,-1,2,1,3,-1]
coord Coordinate { point [47.9527 -29.1338 -0.86614,47.9527 -29.1338 0,47.7952 -29.1338 -0.86614,47.7952 -29.1338 0]
}}
appearance Appearance{material USE PIN-02 }}
Shape { geometry IndexedFaceSet 
{ creaseAngle 1.00 coordIndex [0,1,2,-1,0,2,3,-1]
coord Coordinate { point [47.9527 -28.9763 0,47.9527 -28.9763 -0.86614,47.7952 -28.9763 -0.86614,47.7952 -28.9763 0]
}}
appearance Appearance{material USE PIN-02 }}
Shape { geometry IndexedFaceSet 
{ creaseAngle 1.00 coordIndex [0,1,2,-1,2,1,3,-1]
coord Coordinate { point [47.7952 -29.1338 -0.86614,47.7952 -29.1338 0,47.7952 -28.9763 -0.86614,47.7952 -28.9763 0]
}}
appearance Appearance{material USE PIN-02 }}
Shape { geometry IndexedFaceSet 
{ creaseAngle 1.00 coordIndex [0,1,2,-1,0,2,3,-1]
coord Coordinate { point [45.3346 -31.0629 0.137795,45.0983 -31.0629 0.137795,45.0983 -31.2598 0.137795,45.3346 -31.2598 0.137795]
}}
appearance Appearance{material USE RES-SMD-01 }}
Shape { geometry IndexedFaceSet 
{ creaseAngle 1.00 coordIndex [0,1,2,-1,0,2,3,-1]
coord Coordinate { point [43.5344 -30.5413 0.137795,43.2981 -30.5413 0.137795,43.2981 -30.7381 0.137795,43.5344 -30.7381 0.137795]
}}
appearance Appearance{material USE RES-SMD-01 }}
Shape { geometry IndexedFaceSet 
{ creaseAngle 1.00 coordIndex [0,1,2,-1,0,2,3,-1]
coord Coordinate { point [44.0826 -29.6249 0.244094,44.0826 -29.5777 0.244094,43.7519 -29.5777 0.244094,43.7519 -29.6249 0.244094]
}}
appearance Appearance{material USE IC-LABEL-01 }}
Shape { geometry IndexedFaceSet 
{ creaseAngle 1.00 coordIndex [0,1,2,-1,3,4,0,-1,1,5,6,-1,6,5,7,-1,0,5,1,-1,4,5,0,-1]
coord Coordinate { point [45.4627 -29.1977 0.03937,44.3945 -29.1434 0.03937,45.4085 -29.1434 0.03937,45.4627 -30.2117 0.03937,45.4085 -30.2659 0.03937,44.3945 -30.2659 0.03937,44.3402 -29.1977 0.03937,44.3402 -30.2117 0.03937]
}}
appearance Appearance{material USE IC-BODY-EPOXY-04 }}
Shape { geometry IndexedFaceSet 
{ creaseAngle 1.00 coordIndex [0,1,2,-1,1,3,2,-1]
coord Coordinate { point [44.3945 -30.2659 0.03937,44.3798 -30.2952 0.177165,44.3402 -30.2117 0.03937,44.3109 -30.2263 0.177165]
}}
appearance Appearance{material USE IC-BODY-EPOXY-04 }}
Shape { geometry IndexedFaceSet 
{ creaseAngle 1.00 coordIndex [0,1,2,-1,1,3,2,-1]
coord Coordinate { point [45.4627 -30.2117 0.03937,45.492 -30.2263 0.177165,45.4085 -30.2659 0.03937,45.4231 -30.2952 0.177165]
}}
appearance Appearance{material USE IC-BODY-EPOXY-04 }}
Shape { geometry IndexedFaceSet 
{ creaseAngle 1.00 coordIndex [0,1,2,-1,3,1,0,-1]
coord Coordinate { point [44.3109 -30.2263 0.177165,44.3109 -29.183 0.23622,44.3109 -29.183 0.177165,44.3109 -30.2263 0.23622]
}}
appearance Appearance{material USE IC-BODY-EPOXY-04 }}
Shape { geometry IndexedFaceSet 
{ creaseAngle 1.00 coordIndex [0,1,2,-1,3,1,0,-1]
coord Coordinate { point [44.3798 -30.2952 0.23622,44.3405 -30.2116 0.23622,44.3109 -30.2263 0.23622,44.3946 -30.2657 0.23622]
}}
appearance Appearance{material USE IC-BODY-EPOXY-04 }}
Shape { geometry IndexedFaceSet 
{ creaseAngle 1.00 coordIndex [0,1,2,-1,3,1,0,-1]
coord Coordinate { point [44.3946 -30.2657 0.23622,44.3698 -30.1969 0.374015,44.3405 -30.2116 0.23622,44.4092 -30.2364 0.374015]
}}
appearance Appearance{material USE IC-BODY-EPOXY-04 }}
Shape { geometry IndexedFaceSet 
{ creaseAngle 1.00 coordIndex [0,1,2,-1,3,2,1,-1,4,2,5,-1,4,0,2,-1,6,7,2,-1,6,2,3,-1,8,4,5,-1,9,7,6,-1,10,8,5,-1,11,7,9,-1,12,5,13,-1,12,10,5,-1,14,7,11,-1,15,12,13,-1,16,17,18,-1,16,19,17,-1,16,20,19,-1,16,14,20,-1,16,7,14,-1,21,18,22,-1,21,16,18,-1,23,24,15,-1,23,15,13,-1,25,22,24,-1,25,21,22,-1,25,24,23,-1]
coord Coordinate { point [45.1602 -29.3319 0.374015,45.1944 -29.3319 0.374015,45.3937 -29.1729 0.374015,45.2265 -29.3436 0.374015,45.1281 -29.3436 0.374015,44.4092 -29.1729 0.374015,45.2527 -29.3656 0.374015,45.4332 -29.2124 0.374015,45.1019 -29.3656 0.374015,45.2698 -29.3952 0.374015,45.0848 -29.3952 0.374015,45.2757 -29.4288 0.374015,45.0789 -29.4288 0.374015,44.3698 -29.2124 0.374015,45.2698 -29.4625 0.374015,45.0848 -29.4625 0.374015,45.4332 -30.1969 0.374015,45.1944 -29.5258 0.374015,45.1602 -29.5258 0.374015,45.2265 -29.5141 0.374015,45.2527 -29.4921 0.374015,45.3937 -30.2364 0.374015,45.1281 -29.5141 0.374015,44.3698 -30.1969 0.374015,45.1019 -29.4921 0.374015,44.4092 -30.2364 0.374015]
}}
appearance Appearance{material USE IC-BODY-EPOXY-04 }}
Shape { geometry IndexedFaceSet 
{ creaseAngle 1.00 coordIndex [0,1,2,-1,3,1,0,-1]
coord Coordinate { point [45.4625 -30.2116 0.23622,45.3937 -30.2364 0.374015,45.4084 -30.2657 0.23622,45.4332 -30.1969 0.374015]
}}
appearance Appearance{material USE IC-BODY-EPOXY-04 }}
Shape { geometry IndexedFaceSet 
{ creaseAngle 1.00 coordIndex [0,1,2,-1,3,1,0,-1]
coord Coordinate { point [45.492 -30.2263 0.23622,45.4084 -30.2657 0.23622,45.4231 -30.2952 0.23622,45.4625 -30.2116 0.23622]
}}
appearance Appearance{material USE IC-BODY-EPOXY-04 }}
Shape { geometry IndexedFaceSet 
{ creaseAngle 1.00 coordIndex [0,1,2,-1,3,1,0,-1]
coord Coordinate { point [45.492 -29.183 0.177165,45.492 -30.2263 0.23622,45.492 -30.2263 0.177165,45.492 -29.183 0.23622]
}}
appearance Appearance{material USE IC-BODY-EPOXY-04 }}
Shape { geometry IndexedFaceSet 
{ creaseAngle 1.00 coordIndex [0,1,2,-1,0,2,3,-1]
coord Coordinate { point [46.2794 -30.7086 0.137795,46.2794 -30.4724 0.137795,46.0826 -30.4724 0.137795,46.0826 -30.7086 0.137795]
}}
appearance Appearance{material USE RES-SMD-01 }}
Shape { geometry IndexedFaceSet 
{ creaseAngle 1.00 coordIndex [0,1,2,-1,0,2,3,-1]
coord Coordinate { point [46.7716 -30.9054 0.137795,47.0078 -30.9054 0.137795,47.0078 -30.7086 0.137795,46.7716 -30.7086 0.137795]
}}
appearance Appearance{material USE RES-SMD-01 }}
Shape { geometry IndexedFaceSet 
{ creaseAngle 1.00 coordIndex [0,1,2,-1,0,2,3,-1]
coord Coordinate { point [47.0078 -30.3149 0.137795,46.7716 -30.3149 0.137795,46.7716 -30.5117 0.137795,47.0078 -30.5117 0.137795]
}}
appearance Appearance{material USE RES-SMD-01 }}
Shape { geometry IndexedFaceSet 
{ creaseAngle 1.00 coordIndex [0,1,2,-1,0,2,3,-1]
coord Coordinate { point [46.2794 -29.9606 0.137795,46.2794 -29.7244 0.137795,46.0826 -29.7244 0.137795,46.0826 -29.9606 0.137795]
}}
appearance Appearance{material USE RES-SMD-01 }}
Shape { geometry IndexedFaceSet 
{ creaseAngle 1.00 coordIndex [0,1,2,-1,0,2,3,-1]
coord Coordinate { point [42.9724 -29.9999 1.5748,42.9724 -29.9212 1.5748,42.933 -29.8818 1.53543,42.933 -30.0393 1.53543]
}}
appearance Appearance{material USE PIN-02 }}
Shape { geometry IndexedFaceSet 
{ creaseAngle 1.00 coordIndex [0,1,2,-1,2,1,3,-1]
coord Coordinate { point [42.9724 -29.9212 1.5748,43.0511 -29.9212 1.5748,42.933 -29.8818 1.53543,43.0905 -29.8818 1.53543]
}}
appearance Appearance{material USE PIN-02 }}
Shape { geometry IndexedFaceSet 
{ creaseAngle 1.00 coordIndex [0,1,2,-1,2,1,3,-1]
coord Coordinate { point [43.0511 -29.9212 1.5748,43.0511 -29.9999 1.5748,43.0905 -29.8818 1.53543,43.0905 -30.0393 1.53543]
}}
appearance Appearance{material USE PIN-02 }}
Shape { geometry IndexedFaceSet 
{ creaseAngle 1.00 coordIndex [0,1,2,-1,0,2,3,-1]
coord Coordinate { point [43.0511 -29.9999 1.5748,42.9724 -29.9999 1.5748,42.933 -30.0393 1.53543,43.0905 -30.0393 1.53543]
}}
appearance Appearance{material USE PIN-02 }}
Shape { geometry IndexedFaceSet 
{ creaseAngle 1.00 coordIndex [0,1,2,-1,2,1,3,-1]
coord Coordinate { point [42.9724 -29.4212 1.5748,43.0511 -29.4212 1.5748,42.933 -29.3818 1.53543,43.0905 -29.3818 1.53543]
}}
appearance Appearance{material USE PIN-02 }}
Shape { geometry IndexedFaceSet 
{ creaseAngle 1.00 coordIndex [0,1,2,-1,2,1,3,-1]
coord Coordinate { point [43.0511 -29.4212 1.5748,43.0511 -29.4999 1.5748,43.0905 -29.3818 1.53543,43.0905 -29.5393 1.53543]
}}
appearance Appearance{material USE PIN-02 }}
Shape { geometry IndexedFaceSet 
{ creaseAngle 1.00 coordIndex [0,1,2,-1,0,2,3,-1]
coord Coordinate { point [43.0511 -29.4999 1.5748,42.9724 -29.4999 1.5748,42.933 -29.5393 1.53543,43.0905 -29.5393 1.53543]
}}
appearance Appearance{material USE PIN-02 }}
Shape { geometry IndexedFaceSet 
{ creaseAngle 1.00 coordIndex [0,1,2,-1,3,1,0,-1]
coord Coordinate { point [42.933 -29.5393 1.53543,42.9724 -29.4212 1.5748,42.933 -29.3818 1.53543,42.9724 -29.4999 1.5748]
}}
appearance Appearance{material USE PIN-02 }}
Shape { geometry IndexedFaceSet 
{ creaseAngle 1.00 coordIndex [0,1,2,-1,0,2,3,-1]
coord Coordinate { point [43.2686 -28.8582 0.137795,43.5048 -28.8582 0.137795,43.5048 -28.6614 0.137795,43.2686 -28.6614 0.137795]
}}
appearance Appearance{material USE RES-SMD-01 }}
Shape { geometry IndexedFaceSet 
{ creaseAngle 1.00 coordIndex [0,1,2,-1,1,3,2,-1]
coord Coordinate { point [45.4085 -29.1434 0.03937,45.4231 -29.1141 0.177165,45.4627 -29.1977 0.03937,45.492 -29.183 0.177165]
}}
appearance Appearance{material USE IC-BODY-EPOXY-04 }}
Shape { geometry IndexedFaceSet 
{ creaseAngle 1.00 coordIndex [0,1,2,-1,1,3,2,-1]
coord Coordinate { point [44.3402 -29.1977 0.03937,44.3109 -29.183 0.177165,44.3945 -29.1434 0.03937,44.3798 -29.1141 0.177165]
}}
appearance Appearance{material USE IC-BODY-EPOXY-04 }}
Shape { geometry IndexedFaceSet 
{ creaseAngle 1.00 coordIndex [0,1,2,-1,3,1,0,-1]
coord Coordinate { point [45.4084 -29.1436 0.23622,45.4332 -29.2124 0.374015,45.4625 -29.1978 0.23622,45.3937 -29.1729 0.374015]
}}
appearance Appearance{material USE IC-BODY-EPOXY-04 }}
Shape { geometry IndexedFaceSet 
{ creaseAngle 1.00 coordIndex [0,1,2,-1,3,1,0,-1]
coord Coordinate { point [44.3405 -29.1978 0.23622,44.4092 -29.1729 0.374015,44.3946 -29.1436 0.23622,44.3698 -29.2124 0.374015]
}}
appearance Appearance{material USE IC-BODY-EPOXY-04 }}
Shape { geometry IndexedFaceSet 
{ creaseAngle 1.00 coordIndex [0,1,2,-1,3,1,0,-1]
coord Coordinate { point [44.3109 -29.183 0.23622,44.3946 -29.1436 0.23622,44.3798 -29.1141 0.23622,44.3405 -29.1978 0.23622]
}}
appearance Appearance{material USE IC-BODY-EPOXY-04 }}
Shape { geometry IndexedFaceSet 
{ creaseAngle 1.00 coordIndex [0,1,2,-1,3,1,0,-1]
coord Coordinate { point [45.4231 -29.1141 0.23622,45.4625 -29.1978 0.23622,45.492 -29.183 0.23622,45.4084 -29.1436 0.23622]
}}
appearance Appearance{material USE IC-BODY-EPOXY-04 }}
Shape { geometry IndexedFaceSet 
{ creaseAngle 1.00 coordIndex [0,1,2,-1,0,2,3,-1]
coord Coordinate { point [44.3503 -28.3562 0.137795,44.5865 -28.3562 0.137795,44.5865 -28.1594 0.137795,44.3503 -28.1594 0.137795]
}}
appearance Appearance{material USE RES-SMD-01 }}
Shape { geometry IndexedFaceSet 
{ creaseAngle 1.00 coordIndex [0,1,2,-1,0,2,3,-1]
coord Coordinate { point [46.0826 -28.9684 0.137795,46.0826 -29.2047 0.137795,46.2794 -29.2047 0.137795,46.2794 -28.9684 0.137795]
}}
appearance Appearance{material USE RES-SMD-01 }}
Shape { geometry IndexedFaceSet 
{ creaseAngle 1.00 coordIndex [0,1,2,-1,0,2,3,-1]
coord Coordinate { point [47.8346 -30.0157 1.5748,47.9133 -30.0157 1.5748,47.9527 -29.9763 1.53543,47.7952 -29.9763 1.53543]
}}
appearance Appearance{material USE PIN-02 }}
Shape { geometry IndexedFaceSet 
{ creaseAngle 1.00 coordIndex [0,1,2,-1,3,1,0,-1]
coord Coordinate { point [47.9527 -29.9763 1.53543,47.9133 -30.0944 1.5748,47.9527 -30.1338 1.53543,47.9133 -30.0157 1.5748]
}}
appearance Appearance{material USE PIN-02 }}
Shape { geometry IndexedFaceSet 
{ creaseAngle 1.00 coordIndex [0,1,2,-1,2,1,3,-1]
coord Coordinate { point [47.9133 -30.0944 1.5748,47.8346 -30.0944 1.5748,47.9527 -30.1338 1.53543,47.7952 -30.1338 1.53543]
}}
appearance Appearance{material USE PIN-02 }}
Shape { geometry IndexedFaceSet 
{ creaseAngle 1.00 coordIndex [0,1,2,-1,2,1,3,-1]
coord Coordinate { point [47.8346 -30.0944 1.5748,47.8346 -30.0157 1.5748,47.7952 -30.1338 1.53543,47.7952 -29.9763 1.53543]
}}
appearance Appearance{material USE PIN-02 }}
Shape { geometry IndexedFaceSet 
{ creaseAngle 1.00 coordIndex [0,1,2,-1,3,1,0,-1]
coord Coordinate { point [47.9527 -30.4763 1.53543,47.9133 -30.5944 1.5748,47.9527 -30.6338 1.53543,47.9133 -30.5157 1.5748]
}}
appearance Appearance{material USE PIN-02 }}
Shape { geometry IndexedFaceSet 
{ creaseAngle 1.00 coordIndex [0,1,2,-1,2,1,3,-1]
coord Coordinate { point [47.9133 -30.5944 1.5748,47.8346 -30.5944 1.5748,47.9527 -30.6338 1.53543,47.7952 -30.6338 1.53543]
}}
appearance Appearance{material USE PIN-02 }}
Shape { geometry IndexedFaceSet 
{ creaseAngle 1.00 coordIndex [0,1,2,-1,2,1,3,-1]
coord Coordinate { point [47.8346 -30.5944 1.5748,47.8346 -30.5157 1.5748,47.7952 -30.6338 1.53543,47.7952 -30.4763 1.53543]
}}
appearance Appearance{material USE PIN-02 }}
Shape { geometry IndexedFaceSet 
{ creaseAngle 1.00 coordIndex [0,1,2,-1,0,2,3,-1]
coord Coordinate { point [47.8346 -30.5157 1.5748,47.9133 -30.5157 1.5748,47.9527 -30.4763 1.53543,47.7952 -30.4763 1.53543]
}}
appearance Appearance{material USE PIN-02 }}
Shape { geometry IndexedFaceSet 
{ creaseAngle 1.00 coordIndex [0,1,2,-1,0,2,3,-1]
coord Coordinate { point [47.9133 -29.0157 1.5748,47.9133 -29.0944 1.5748,47.9527 -29.1338 1.53543,47.9527 -28.9763 1.53543]
}}
appearance Appearance{material USE PIN-02 }}
Shape { geometry IndexedFaceSet 
{ creaseAngle 1.00 coordIndex [0,1,2,-1,2,1,3,-1]
coord Coordinate { point [47.9133 -29.0944 1.5748,47.8346 -29.0944 1.5748,47.9527 -29.1338 1.53543,47.7952 -29.1338 1.53543]
}}
appearance Appearance{material USE PIN-02 }}
Shape { geometry IndexedFaceSet 
{ creaseAngle 1.00 coordIndex [0,1,2,-1,2,1,3,-1]
coord Coordinate { point [47.8346 -29.0944 1.5748,47.8346 -29.0157 1.5748,47.7952 -29.1338 1.53543,47.7952 -28.9763 1.53543]
}}
appearance Appearance{material USE PIN-02 }}
Shape { geometry IndexedFaceSet 
{ creaseAngle 1.00 coordIndex [0,1,2,-1,0,2,3,-1]
coord Coordinate { point [47.8346 -29.0157 1.5748,47.9133 -29.0157 1.5748,47.9527 -28.9763 1.53543,47.7952 -28.9763 1.53543]
}}
appearance Appearance{material USE PIN-02 }}
Shape { geometry IndexedFaceSet 
{ creaseAngle 1.00 coordIndex [0,1,2,-1,0,2,3,-1]
coord Coordinate { point [47.8346 -29.5157 1.5748,47.9133 -29.5157 1.5748,47.9527 -29.4763 1.53543,47.7952 -29.4763 1.53543]
}}
appearance Appearance{material USE PIN-02 }}
Shape { geometry IndexedFaceSet 
{ creaseAngle 1.00 coordIndex [0,1,2,-1,3,1,0,-1]
coord Coordinate { point [47.9527 -29.4763 1.53543,47.9133 -29.5944 1.5748,47.9527 -29.6338 1.53543,47.9133 -29.5157 1.5748]
}}
appearance Appearance{material USE PIN-02 }}
Shape { geometry IndexedFaceSet 
{ creaseAngle 1.00 coordIndex [0,1,2,-1,2,1,3,-1]
coord Coordinate { point [47.9133 -29.5944 1.5748,47.8346 -29.5944 1.5748,47.9527 -29.6338 1.53543,47.7952 -29.6338 1.53543]
}}
appearance Appearance{material USE PIN-02 }}
Shape { geometry IndexedFaceSet 
{ creaseAngle 1.00 coordIndex [0,1,2,-1,2,1,3,-1]
coord Coordinate { point [47.8346 -29.5944 1.5748,47.8346 -29.5157 1.5748,47.7952 -29.6338 1.53543,47.7952 -29.4763 1.53543]
}}
appearance Appearance{material USE PIN-02 }}
Shape { geometry IndexedFaceSet 
{ creaseAngle 1.00 coordIndex [0,1,2,-1,2,1,3,-1]
coord Coordinate { point [42.9724 -29.9212 -0.90551,42.9724 -29.9999 -0.90551,42.933 -29.8818 -0.86614,42.933 -30.0393 -0.86614]
}}
appearance Appearance{material USE PIN-02 }}
Shape { geometry IndexedFaceSet 
{ creaseAngle 1.00 coordIndex [0,1,2,-1,0,2,3,-1]
coord Coordinate { point [43.0511 -29.9212 -0.90551,42.9724 -29.9212 -0.90551,42.933 -29.8818 -0.86614,43.0905 -29.8818 -0.86614]
}}
appearance Appearance{material USE PIN-02 }}
Shape { geometry IndexedFaceSet 
{ creaseAngle 1.00 coordIndex [0,1,2,-1,2,1,3,-1]
coord Coordinate { point [42.9724 -29.9999 -0.90551,43.0511 -29.9999 -0.90551,42.933 -30.0393 -0.86614,43.0905 -30.0393 -0.86614]
}}
appearance Appearance{material USE PIN-02 }}
Shape { geometry IndexedFaceSet 
{ creaseAngle 1.00 coordIndex [0,1,2,-1,0,2,3,-1]
coord Coordinate { point [43.0511 -29.9999 -0.90551,43.0511 -29.9212 -0.90551,43.0905 -29.8818 -0.86614,43.0905 -30.0393 -0.86614]
}}
appearance Appearance{material USE PIN-02 }}
Shape { geometry IndexedFaceSet 
{ creaseAngle 1.00 coordIndex [0,1,2,-1,0,3,1,-1]
coord Coordinate { point [47.9133 -30.5944 -0.90551,47.9527 -30.4763 -0.86614,47.9527 -30.6338 -0.86614,47.9133 -30.5157 -0.90551]
}}
appearance Appearance{material USE PIN-02 }}
Shape { geometry IndexedFaceSet 
{ creaseAngle 1.00 coordIndex [0,1,2,-1,0,2,3,-1]
coord Coordinate { point [47.8346 -30.5944 -0.90551,47.9133 -30.5944 -0.90551,47.9527 -30.6338 -0.86614,47.7952 -30.6338 -0.86614]
}}
appearance Appearance{material USE PIN-02 }}
Shape { geometry IndexedFaceSet 
{ creaseAngle 1.00 coordIndex [0,1,2,-1,2,1,3,-1]
coord Coordinate { point [47.9133 -30.5157 -0.90551,47.8346 -30.5157 -0.90551,47.9527 -30.4763 -0.86614,47.7952 -30.4763 -0.86614]
}}
appearance Appearance{material USE PIN-02 }}
Shape { geometry IndexedFaceSet 
{ creaseAngle 1.00 coordIndex [0,1,2,-1,0,2,3,-1]
coord Coordinate { point [47.8346 -30.5157 -0.90551,47.8346 -30.5944 -0.90551,47.7952 -30.6338 -0.86614,47.7952 -30.4763 -0.86614]
}}
appearance Appearance{material USE PIN-02 }}
Shape { geometry IndexedFaceSet 
{ creaseAngle 1.00 coordIndex [0,1,2,-1,2,1,3,-1]
coord Coordinate { point [47.9133 -30.0157 -0.90551,47.8346 -30.0157 -0.90551,47.9527 -29.9763 -0.86614,47.7952 -29.9763 -0.86614]
}}
appearance Appearance{material USE PIN-02 }}
Shape { geometry IndexedFaceSet 
{ creaseAngle 1.00 coordIndex [0,1,2,-1,0,3,1,-1]
coord Coordinate { point [47.9133 -30.0944 -0.90551,47.9527 -29.9763 -0.86614,47.9527 -30.1338 -0.86614,47.9133 -30.0157 -0.90551]
}}
appearance Appearance{material USE PIN-02 }}
Shape { geometry IndexedFaceSet 
{ creaseAngle 1.00 coordIndex [0,1,2,-1,0,2,3,-1]
coord Coordinate { point [47.8346 -30.0157 -0.90551,47.8346 -30.0944 -0.90551,47.7952 -30.1338 -0.86614,47.7952 -29.9763 -0.86614]
}}
appearance Appearance{material USE PIN-02 }}
Shape { geometry IndexedFaceSet 
{ creaseAngle 1.00 coordIndex [0,1,2,-1,0,2,3,-1]
coord Coordinate { point [47.8346 -30.0944 -0.90551,47.9133 -30.0944 -0.90551,47.9527 -30.1338 -0.86614,47.7952 -30.1338 -0.86614]
}}
appearance Appearance{material USE PIN-02 }}
Shape { geometry IndexedFaceSet 
{ creaseAngle 1.00 coordIndex [0,1,2,-1,0,2,3,-1]
coord Coordinate { point [43.0511 -29.4212 -0.90551,42.9724 -29.4212 -0.90551,42.933 -29.3818 -0.86614,43.0905 -29.3818 -0.86614]
}}
appearance Appearance{material USE PIN-02 }}
Shape { geometry IndexedFaceSet 
{ creaseAngle 1.00 coordIndex [0,1,2,-1,0,3,1,-1]
coord Coordinate { point [42.9724 -29.4212 -0.90551,42.933 -29.5393 -0.86614,42.933 -29.3818 -0.86614,42.9724 -29.4999 -0.90551]
}}
appearance Appearance{material USE PIN-02 }}
Shape { geometry IndexedFaceSet 
{ creaseAngle 1.00 coordIndex [0,1,2,-1,0,2,3,-1]
coord Coordinate { point [43.0511 -29.4999 -0.90551,43.0511 -29.4212 -0.90551,43.0905 -29.3818 -0.86614,43.0905 -29.5393 -0.86614]
}}
appearance Appearance{material USE PIN-02 }}
Shape { geometry IndexedFaceSet 
{ creaseAngle 1.00 coordIndex [0,1,2,-1,2,1,3,-1]
coord Coordinate { point [42.9724 -29.4999 -0.90551,43.0511 -29.4999 -0.90551,42.933 -29.5393 -0.86614,43.0905 -29.5393 -0.86614]
}}
appearance Appearance{material USE PIN-02 }}
Shape { geometry IndexedFaceSet 
{ creaseAngle 1.00 coordIndex [0,1,2,-1,2,1,3,-1]
coord Coordinate { point [47.9133 -29.5157 -0.90551,47.8346 -29.5157 -0.90551,47.9527 -29.4763 -0.86614,47.7952 -29.4763 -0.86614]
}}
appearance Appearance{material USE PIN-02 }}
Shape { geometry IndexedFaceSet 
{ creaseAngle 1.00 coordIndex [0,1,2,-1,0,3,1,-1]
coord Coordinate { point [47.9133 -29.5944 -0.90551,47.9527 -29.4763 -0.86614,47.9527 -29.6338 -0.86614,47.9133 -29.5157 -0.90551]
}}
appearance Appearance{material USE PIN-02 }}
Shape { geometry IndexedFaceSet 
{ creaseAngle 1.00 coordIndex [0,1,2,-1,0,2,3,-1]
coord Coordinate { point [47.8346 -29.5157 -0.90551,47.8346 -29.5944 -0.90551,47.7952 -29.6338 -0.86614,47.7952 -29.4763 -0.86614]
}}
appearance Appearance{material USE PIN-02 }}
Shape { geometry IndexedFaceSet 
{ creaseAngle 1.00 coordIndex [0,1,2,-1,0,2,3,-1]
coord Coordinate { point [47.8346 -29.5944 -0.90551,47.9133 -29.5944 -0.90551,47.9527 -29.6338 -0.86614,47.7952 -29.6338 -0.86614]
}}
appearance Appearance{material USE PIN-02 }}
Shape { geometry IndexedFaceSet 
{ creaseAngle 1.00 coordIndex [0,1,2,-1,2,1,3,-1]
coord Coordinate { point [47.9133 -29.0944 -0.90551,47.9133 -29.0157 -0.90551,47.9527 -29.1338 -0.86614,47.9527 -28.9763 -0.86614]
}}
appearance Appearance{material USE PIN-02 }}
Shape { geometry IndexedFaceSet 
{ creaseAngle 1.00 coordIndex [0,1,2,-1,0,2,3,-1]
coord Coordinate { point [47.8346 -29.0944 -0.90551,47.9133 -29.0944 -0.90551,47.9527 -29.1338 -0.86614,47.7952 -29.1338 -0.86614]
}}
appearance Appearance{material USE PIN-02 }}
Shape { geometry IndexedFaceSet 
{ creaseAngle 1.00 coordIndex [0,1,2,-1,2,1,3,-1]
coord Coordinate { point [47.9133 -29.0157 -0.90551,47.8346 -29.0157 -0.90551,47.9527 -28.9763 -0.86614,47.7952 -28.9763 -0.86614]
}}
appearance Appearance{material USE PIN-02 }}
Shape { geometry IndexedFaceSet 
{ creaseAngle 1.00 coordIndex [0,1,2,-1,0,2,3,-1]
coord Coordinate { point [47.8346 -29.0157 -0.90551,47.8346 -29.0944 -0.90551,47.7952 -29.1338 -0.86614,47.7952 -28.9763 -0.86614]
}}
appearance Appearance{material USE PIN-02 }}
Shape { geometry IndexedFaceSet 
{ creaseAngle 1.00 coordIndex [0,1,2,-1,3,1,0,-1]
coord Coordinate { point [45.4627 -29.1977 0.03937,45.492 -30.2263 0.177165,45.4627 -30.2117 0.03937,45.492 -29.183 0.177165]
}}
appearance Appearance{material USE IC-BODY-EPOXY-04 }}
Shape { geometry IndexedFaceSet 
{ creaseAngle 1.00 coordIndex [0,1,2,-1,3,1,0,-1]
coord Coordinate { point [44.3402 -30.2117 0.03937,44.3109 -29.183 0.177165,44.3402 -29.1977 0.03937,44.3109 -30.2263 0.177165]
}}
appearance Appearance{material USE IC-BODY-EPOXY-04 }}
Shape { geometry IndexedFaceSet 
{ creaseAngle 1.00 coordIndex [0,1,2,-1,3,1,0,-1]
coord Coordinate { point [44.3109 -30.2263 0.23622,44.3405 -29.1978 0.23622,44.3109 -29.183 0.23622,44.3405 -30.2116 0.23622]
}}
appearance Appearance{material USE IC-BODY-EPOXY-04 }}
Shape { geometry IndexedFaceSet 
{ creaseAngle 1.00 coordIndex [0,1,2,-1,3,1,0,-1]
coord Coordinate { point [44.3405 -30.2116 0.23622,44.3698 -29.2124 0.374015,44.3405 -29.1978 0.23622,44.3698 -30.1969 0.374015]
}}
appearance Appearance{material USE IC-BODY-EPOXY-04 }}
Shape { geometry IndexedFaceSet 
{ creaseAngle 1.00 coordIndex [0,1,2,-1,3,1,0,-1]
coord Coordinate { point [45.4625 -29.1978 0.23622,45.4332 -30.1969 0.374015,45.4625 -30.2116 0.23622,45.4332 -29.2124 0.374015]
}}
appearance Appearance{material USE IC-BODY-EPOXY-04 }}
Shape { geometry IndexedFaceSet 
{ creaseAngle 1.00 coordIndex [0,1,2,-1,2,1,3,-1,3,4,5,-1,1,4,3,-1,5,6,7,-1,4,6,5,-1,7,8,9,-1,6,8,7,-1,9,10,11,-1,8,10,9,-1,11,12,13,-1,10,12,11,-1,13,14,15,-1,12,14,13,-1,15,16,17,-1,14,16,15,-1,17,18,19,-1,16,18,17,-1,19,20,21,-1,18,20,19,-1,21,22,23,-1,20,22,21,-1,24,25,26,-1,23,25,24,-1,22,25,23,-1,26,27,28,-1,25,27,26,-1,27,29,28,-1,29,30,28,-1,31,30,32,-1,28,30,31,-1,30,33,32,-1,33,34,32,-1,35,34,2,-1,32,34,35,-1,34,0,2,-1]
coord Coordinate { point [45.0789 -29.4288 0.334645,45.0848 -29.3952 0.334645,45.0789 -29.4288 0.374015,45.0848 -29.3952 0.374015,45.1019 -29.3656 0.334645,45.1019 -29.3656 0.374015,45.1281 -29.3436 0.334645,45.1281 -29.3436 0.374015,45.1602 -29.3319 0.334645,45.1602 -29.3319 0.374015,45.1944 -29.3319 0.334645,45.1944 -29.3319 0.374015,45.2265 -29.3436 0.334645,45.2265 -29.3436 0.374015,45.2527 -29.3656 0.334645,45.2527 -29.3656 0.374015,45.2698 -29.3952 0.334645,45.2698 -29.3952 0.374015,45.2757 -29.4288 0.334645,45.2757 -29.4288 0.374015,45.2698 -29.4625 0.334645,45.2698 -29.4625 0.374015,45.2527 -29.4921 0.334645,45.2527 -29.4921 0.374015,45.2265 -29.5141 0.374015,45.2265 -29.5141 0.334645,45.1944 -29.5258 0.374015,45.1944 -29.5258 0.334645,45.1602 -29.5258 0.374015,45.1602 -29.5258 0.334645,45.1281 -29.5141 0.334645,45.1281 -29.5141 0.374015,45.1019 -29.4921 0.374015,45.1019 -29.4921 0.334645,45.0848 -29.4625 0.334645,45.0848 -29.4625 0.374015]
}}
appearance Appearance{material USE IC-LABEL-01 }}
Shape { geometry IndexedFaceSet 
{ creaseAngle 1.00 coordIndex [0,1,2,-1,3,1,0,-1]
coord Coordinate { point [45.492 -29.183 0.23622,45.4625 -30.2116 0.23622,45.492 -30.2263 0.23622,45.4625 -29.1978 0.23622]
}}
appearance Appearance{material USE IC-BODY-EPOXY-04 }}
Shape { geometry IndexedFaceSet 
{ creaseAngle 1.00 coordIndex [0,1,2,-1,0,2,3,-1]
coord Coordinate { point [42.9724 -29.9999 1.5748,43.0511 -29.9999 1.5748,43.0511 -29.9212 1.5748,42.9724 -29.9212 1.5748]
}}
appearance Appearance{material USE PIN-02 }}
Shape { geometry IndexedFaceSet 
{ creaseAngle 1.00 coordIndex [0,1,2,-1,0,2,3,-1]
coord Coordinate { point [42.9724 -29.4999 1.5748,43.0511 -29.4999 1.5748,43.0511 -29.4212 1.5748,42.9724 -29.4212 1.5748]
}}
appearance Appearance{material USE PIN-02 }}
Shape { geometry IndexedFaceSet 
{ creaseAngle 1.00 coordIndex [0,1,2,-1,0,3,1,-1]
coord Coordinate { point [47.9133 -30.0157 1.5748,47.8346 -30.0944 1.5748,47.9133 -30.0944 1.5748,47.8346 -30.0157 1.5748]
}}
appearance Appearance{material USE PIN-02 }}
Shape { geometry IndexedFaceSet 
{ creaseAngle 1.00 coordIndex [0,1,2,-1,0,3,1,-1]
coord Coordinate { point [47.9133 -30.5157 1.5748,47.8346 -30.5944 1.5748,47.9133 -30.5944 1.5748,47.8346 -30.5157 1.5748]
}}
appearance Appearance{material USE PIN-02 }}
Shape { geometry IndexedFaceSet 
{ creaseAngle 1.00 coordIndex [0,1,2,-1,0,3,1,-1]
coord Coordinate { point [47.9133 -29.0157 1.5748,47.8346 -29.0944 1.5748,47.9133 -29.0944 1.5748,47.8346 -29.0157 1.5748]
}}
appearance Appearance{material USE PIN-02 }}
Shape { geometry IndexedFaceSet 
{ creaseAngle 1.00 coordIndex [0,1,2,-1,0,3,1,-1]
coord Coordinate { point [47.9133 -29.5157 1.5748,47.8346 -29.5944 1.5748,47.9133 -29.5944 1.5748,47.8346 -29.5157 1.5748]
}}
appearance Appearance{material USE PIN-02 }}
Shape { geometry IndexedFaceSet 
{ creaseAngle 1.00 coordIndex [0,1,2,-1,3,1,0,-1]
coord Coordinate { point [43.0511 -29.9212 -0.90551,42.9724 -29.9999 -0.90551,42.9724 -29.9212 -0.90551,43.0511 -29.9999 -0.90551]
}}
appearance Appearance{material USE PIN-02 }}
Shape { geometry IndexedFaceSet 
{ creaseAngle 1.00 coordIndex [0,1,2,-1,2,1,3,-1]
coord Coordinate { point [47.8346 -30.5157 -0.90551,47.9133 -30.5157 -0.90551,47.8346 -30.5944 -0.90551,47.9133 -30.5944 -0.90551]
}}
appearance Appearance{material USE PIN-02 }}
Shape { geometry IndexedFaceSet 
{ creaseAngle 1.00 coordIndex [0,1,2,-1,2,1,3,-1]
coord Coordinate { point [47.8346 -30.0157 -0.90551,47.9133 -30.0157 -0.90551,47.8346 -30.0944 -0.90551,47.9133 -30.0944 -0.90551]
}}
appearance Appearance{material USE PIN-02 }}
Shape { geometry IndexedFaceSet 
{ creaseAngle 1.00 coordIndex [0,1,2,-1,3,1,0,-1]
coord Coordinate { point [43.0511 -29.4212 -0.90551,42.9724 -29.4999 -0.90551,42.9724 -29.4212 -0.90551,43.0511 -29.4999 -0.90551]
}}
appearance Appearance{material USE PIN-02 }}
Shape { geometry IndexedFaceSet 
{ creaseAngle 1.00 coordIndex [0,1,2,-1,2,1,3,-1]
coord Coordinate { point [47.8346 -29.5157 -0.90551,47.9133 -29.5157 -0.90551,47.8346 -29.5944 -0.90551,47.9133 -29.5944 -0.90551]
}}
appearance Appearance{material USE PIN-02 }}
Shape { geometry IndexedFaceSet 
{ creaseAngle 1.00 coordIndex [0,1,2,-1,2,1,3,-1]
coord Coordinate { point [47.8346 -29.0157 -0.90551,47.9133 -29.0157 -0.90551,47.8346 -29.0944 -0.90551,47.9133 -29.0944 -0.90551]
}}
appearance Appearance{material USE PIN-02 }}
Shape { geometry IndexedFaceSet 
{ creaseAngle 1.00 coordIndex [0,1,2,-1,0,2,3,-1,0,3,4,-1,0,4,5,-1,0,5,6,-1,0,6,7,-1,8,9,10,-1,8,11,0,-1,8,7,12,-1,8,12,13,-1,8,13,14,-1,8,14,15,-1,8,15,16,-1,8,16,17,-1,8,17,9,-1,8,0,7,-1]
coord Coordinate { point [45.1602 -29.5258 0.334645,45.1944 -29.5258 0.334645,45.2265 -29.5141 0.334645,45.2527 -29.4921 0.334645,45.2698 -29.4625 0.334645,45.2757 -29.4288 0.334645,45.2698 -29.3952 0.334645,45.2527 -29.3656 0.334645,45.1019 -29.4921 0.334645,45.0789 -29.4288 0.334645,45.0848 -29.4625 0.334645,45.1281 -29.5141 0.334645,45.2265 -29.3436 0.334645,45.1944 -29.3319 0.334645,45.1602 -29.3319 0.334645,45.1281 -29.3436 0.334645,45.1019 -29.3656 0.334645,45.0848 -29.3952 0.334645]
}}
appearance Appearance{material USE IC-LABEL-01 }}
