ISO-10303-21;
HEADER;
FILE_DESCRIPTION (( 'STEP AP214' ),
    '1' );
FILE_NAME ('TLV320ADC6120IRTER.STEP',
    '2024-08-21T09:52:40',
    ( 'LENOVO' ),
    ( '' ),
    'SwSTEP 2.0',
    'SolidWorks 2021',
    '' );
FILE_SCHEMA (( 'AUTOMOTIVE_DESIGN' ));
ENDSEC;

DATA;
#1 = EDGE_CURVE ( 'NONE', #3610, #4867, #1269, .T. ) ;
#2 = PLANE ( 'NONE',  #6872 ) ;
#3 = CARTESIAN_POINT ( 'NONE',  ( -0.7499999999999997780, 0.1000000000000000056, -1.224999999999999867 ) ) ;
#4 = VECTOR ( 'NONE', #7825, 1000.000000000000000 ) ;
#5 = FACE_OUTER_BOUND ( 'NONE', #718, .T. ) ;
#6 = ADVANCED_FACE ( 'NONE', ( #3923 ), #5263, .F. ) ;
#7 = CARTESIAN_POINT ( 'NONE',  ( -0.6999999999999998446, 0.09999999999999982514, -0.4000000000000012434 ) ) ;
#8 = ORIENTED_EDGE ( 'NONE', *, *, #818, .T. ) ;
#9 = VERTEX_POINT ( 'NONE', #1161 ) ;
#10 = CARTESIAN_POINT ( 'NONE',  ( -1.125000000000000222, 0.8000000000000000444, -1.250000000000000222 ) ) ;
#11 = DIRECTION ( 'NONE',  ( 0.000000000000000000, 0.000000000000000000, 1.000000000000000000 ) ) ;
#12 = VECTOR ( 'NONE', #887, 1000.000000000000000 ) ;
#13 = CYLINDRICAL_SURFACE ( 'NONE', #3566, 0.1250000000000003331 ) ;
#14 = PLANE ( 'NONE',  #4741 ) ;
#15 = VECTOR ( 'NONE', #3665, 1000.000000000000000 ) ;
#16 = PLANE ( 'NONE',  #1999 ) ;
#17 = DIRECTION ( 'NONE',  ( 0.000000000000000000, -1.000000000000000000, 0.000000000000000000 ) ) ;
#18 = UNCERTAINTY_MEASURE_WITH_UNIT (LENGTH_MEASURE( 1.000000000000000082E-05 ), #5024, 'distance_accuracy_value', 'NONE');
#19 = ORIENTED_EDGE ( 'NONE', *, *, #1916, .T. ) ;
#20 = EDGE_LOOP ( 'NONE', ( #608, #5881, #1723, #6278 ) ) ;
#21 = CARTESIAN_POINT ( 'NONE',  ( -1.500000000000000000, 0.000000000000000000, 0.6250000000000008882 ) ) ;
#22 = DIRECTION ( 'NONE',  ( -1.000000000000000000, 0.000000000000000000, -3.942553354492735642E-16 ) ) ;
#23 = AXIS2_PLACEMENT_3D ( 'NONE', #5095, #4521, #6266 ) ;
#24 = CARTESIAN_POINT ( 'NONE',  ( -1.224999999999999645, 0.6303300858899107961, -1.125000000000000222 ) ) ;
#25 = LINE ( 'NONE', #7329, #2647 ) ;
#26 = DIRECTION ( 'NONE',  ( 0.000000000000000000, -0.000000000000000000, 1.000000000000000000 ) ) ;
#27 = PLANE ( 'NONE',  #1787 ) ;
#28 = VECTOR ( 'NONE', #4933, 1000.000000000000000 ) ;
#29 = VECTOR ( 'NONE', #5506, 1000.000000000000000 ) ;
#30 = DIRECTION ( 'NONE',  ( 0.000000000000000000, 0.000000000000000000, -1.000000000000000000 ) ) ;
#31 = CARTESIAN_POINT ( 'NONE',  ( -0.2499999999999995837, 0.1000000000000000056, 1.225000000000000311 ) ) ;
#32 = EDGE_CURVE ( 'NONE', #7180, #5237, #3834, .T. ) ;
#33 = ORIENTED_EDGE ( 'NONE', *, *, #3775, .F. ) ;
#34 = EDGE_LOOP ( 'NONE', ( #1257, #6858, #1699, #3823 ) ) ;
#35 = ADVANCED_FACE ( 'NONE', ( #6435 ), #1210, .F. ) ;
#36 = CARTESIAN_POINT ( 'NONE',  ( 0.1250000000000005551, 0.5716990566028304910, -1.500000000000000222 ) ) ;
#37 = CARTESIAN_POINT ( 'NONE',  ( -1.500000000000000000, 0.5716990566028299359, 0.3749999999999998890 ) ) ;
#38 = AXIS2_PLACEMENT_3D ( 'NONE', #1372, #1431, #4382 ) ;
#39 = CARTESIAN_POINT ( 'NONE',  ( 1.500000000000000000, 0.09999999999999999167, 0.3749999999999998890 ) ) ;
#40 = DIRECTION ( 'NONE',  ( 0.000000000000000000, 0.000000000000000000, 1.000000000000000000 ) ) ;
#41 = PRESENTATION_LAYER_ASSIGNMENT (  '', '', ( #2086 ) ) ;
#42 = VECTOR ( 'NONE', #7608, 1000.000000000000000 ) ;
#43 = EDGE_CURVE ( 'NONE', #6981, #5905, #3681, .T. ) ;
#44 = CARTESIAN_POINT ( 'NONE',  ( -1.299999999999999156, 0.09999999999999999167, -1.500000000000000222 ) ) ;
#45 = LINE ( 'NONE', #7085, #2664 ) ;
#46 = LINE ( 'NONE', #181, #5196 ) ;
#47 = ORIENTED_EDGE ( 'NONE', *, *, #49, .F. ) ;
#48 = EDGE_LOOP ( 'NONE', ( #468, #1542, #4350, #5999 ) ) ;
#49 = EDGE_CURVE ( 'NONE', #7472, #3698, #1088, .T. ) ;
#50 = AXIS2_PLACEMENT_3D ( 'NONE', #1354, #6843, #4246 ) ;
#51 = AXIS2_PLACEMENT_3D ( 'NONE', #5574, #1319, #6465 ) ;
#52 = DIRECTION ( 'NONE',  ( 0.000000000000000000, 0.000000000000000000, 1.000000000000000000 ) ) ;
#53 = ADVANCED_FACE ( 'NONE', ( #981 ), #5640, .F. ) ;
#54 = ADVANCED_FACE ( 'NONE', ( #3822 ), #1131, .F. ) ;
#55 = VECTOR ( 'NONE', #6668, 1000.000000000000000 ) ;
#56 = CARTESIAN_POINT ( 'NONE',  ( 2.464095846557960947E-16, 0.05000000000000000278, 0.6250000000000003331 ) ) ;
#57 = DIRECTION ( 'NONE',  ( -1.000000000000000000, 0.000000000000000000, 0.000000000000000000 ) ) ;
#58 = FACE_OUTER_BOUND ( 'NONE', #3940, .T. ) ;
#59 = VECTOR ( 'NONE', #3026, 1000.000000000000000 ) ;
#60 = DIRECTION ( 'NONE',  ( 0.000000000000000000, 0.000000000000000000, -1.000000000000000000 ) ) ;
#61 = ORIENTED_EDGE ( 'NONE', *, *, #7513, .F. ) ;
#62 = VERTEX_POINT ( 'NONE', #7696 ) ;
#63 = AXIS2_PLACEMENT_3D ( 'NONE', #110, #4817, #5543 ) ;
#64 = CARTESIAN_POINT ( 'NONE',  ( 1.299999999999999600, 0.000000000000000000, 1.499999999999999778 ) ) ;
#65 = VECTOR ( 'NONE', #7237, 1000.000000000000000 ) ;
#66 = EDGE_CURVE ( 'NONE', #1326, #625, #3789, .T. ) ;
#67 = PRESENTATION_LAYER_ASSIGNMENT (  '', '', ( #6186 ) ) ;
#68 = CARTESIAN_POINT ( 'NONE',  ( -1.224999999999999423, 0.09999999999999999167, -0.2499999999999996669 ) ) ;
#69 = DIRECTION ( 'NONE',  ( -1.000000000000000000, 0.000000000000000000, -3.942553354492735642E-16 ) ) ;
#70 = VECTOR ( 'NONE', #3097, 1000.000000000000000 ) ;
#71 = VECTOR ( 'NONE', #5560, 1000.000000000000000 ) ;
#72 = ADVANCED_FACE ( 'NONE', ( #6270 ), #1268, .F. ) ;
#73 = EDGE_CURVE ( 'NONE', #3703, #3621, #6446, .T. ) ;
#74 = EDGE_CURVE ( 'NONE', #4097, #5333, #3612, .T. ) ;
#75 = CARTESIAN_POINT ( 'NONE',  ( 1.499999999999999556, 0.05000000000000000278, 1.499999999999999778 ) ) ;
#76 = CARTESIAN_POINT ( 'NONE',  ( -0.6999999999999998446, 2.079898987322333248, 0.6999999999999996225 ) ) ;
#77 = DIRECTION ( 'NONE',  ( 7.228014483236695816E-17, -0.000000000000000000, 1.000000000000000000 ) ) ;
#78 = ORIENTED_EDGE ( 'NONE', *, *, #6846, .T. ) ;
#79 = VERTEX_POINT ( 'NONE', #1739 ) ;
#80 = VECTOR ( 'NONE', #6739, 1000.000000000000000 ) ;
#81 = DIRECTION ( 'NONE',  ( -0.000000000000000000, -1.000000000000000000, -0.000000000000000000 ) ) ;
#82 = LINE ( 'NONE', #5442, #70 ) ;
#83 = PLANE ( 'NONE',  #3327 ) ;
#84 = PLANE ( 'NONE',  #333 ) ;
#85 = DIRECTION ( 'NONE',  ( 0.000000000000000000, -0.000000000000000000, 1.000000000000000000 ) ) ;
#86 = LINE ( 'NONE', #4078, #7735 ) ;
#87 = FACE_OUTER_BOUND ( 'NONE', #7114, .T. ) ;
#88 = DIRECTION ( 'NONE',  ( 0.000000000000000000, 0.000000000000000000, -1.000000000000000000 ) ) ;
#89 = DIRECTION ( 'NONE',  ( 1.000000000000000000, -0.000000000000000000, 0.000000000000000000 ) ) ;
#90 = EDGE_CURVE ( 'NONE', #2642, #6751, #3629, .T. ) ;
#91 = VERTEX_POINT ( 'NONE', #3635 ) ;
#92 = ORIENTED_EDGE ( 'NONE', *, *, #3865, .F. ) ;
#93 = VECTOR ( 'NONE', #620, 1000.000000000000000 ) ;
#94 = CARTESIAN_POINT ( 'NONE',  ( -1.224999999999999423, 0.000000000000000000, -0.2499999999999996669 ) ) ;
#95 = CARTESIAN_POINT ( 'NONE',  ( 1.224999999999999423, 0.05000000000000002359, 0.6250000000000007772 ) ) ;
#96 = LINE ( 'NONE', #5680, #42 ) ;
#97 = AXIS2_PLACEMENT_3D ( 'NONE', #2745, #4735, #3306 ) ;
#98 = CARTESIAN_POINT ( 'NONE',  ( 1.500000000000000000, 0.09999999999999999167, 0.3749999999999998890 ) ) ;
#99 = VERTEX_POINT ( 'NONE', #3509 ) ;
#100 = EDGE_LOOP ( 'NONE', ( #2986, #1639, #3000, #1212 ) ) ;
#101 = EDGE_CURVE ( 'NONE', #5861, #7135, #3877, .T. ) ;
#102 = LINE ( 'NONE', #860, #2504 ) ;
#103 = ADVANCED_FACE ( 'NONE', ( #1042 ), #7311, .T. ) ;
#104 = DIRECTION ( 'NONE',  ( -0.000000000000000000, -0.000000000000000000, 1.000000000000000000 ) ) ;
#105 = MANIFOLD_SOLID_BREP ( 'LPattern3[1]', #1365 ) ;
#106 = ORIENTED_EDGE ( 'NONE', *, *, #7090, .F. ) ;
#107 = VECTOR ( 'NONE', #4932, 1000.000000000000000 ) ;
#108 = CARTESIAN_POINT ( 'NONE',  ( 1.299999999999999600, 0.09999999999999999167, -1.299999999999999822 ) ) ;
#109 = COLOUR_RGB ( '',1.000000000000000000, 1.000000000000000000, 1.000000000000000000 ) ;
#110 = CARTESIAN_POINT ( 'NONE',  ( -0.7499999999999995559, 0.1000000000000000056, 1.225000000000000311 ) ) ;
#111 = ORIENTED_EDGE ( 'NONE', *, *, #2790, .T. ) ;
#112 = ORIENTED_EDGE ( 'NONE', *, *, #500, .T. ) ;
#113 = LINE ( 'NONE', #5516, #5336 ) ;
#114 = CARTESIAN_POINT ( 'NONE',  ( -0.8749999999999991118, 0.000000000000000000, 1.500000000000000222 ) ) ;
#115 = CARTESIAN_POINT ( 'NONE',  ( -1.224999999999999423, 0.09999999999999999167, -0.8749999999999992228 ) ) ;
#116 = ADVANCED_FACE ( 'NONE', ( #1558 ), #4056, .F. ) ;
#117 = LINE ( 'NONE', #39, #252 ) ;
#118 = SURFACE_STYLE_FILL_AREA ( #852 ) ;
#119 =( GEOMETRIC_REPRESENTATION_CONTEXT ( 3 ) GLOBAL_UNCERTAINTY_ASSIGNED_CONTEXT ( ( #18 ) ) GLOBAL_UNIT_ASSIGNED_CONTEXT ( ( #5024, #3782, #4419 ) ) REPRESENTATION_CONTEXT ( 'NONE', 'WORKASPACE' ) );
#120 = PLANE ( 'NONE',  #4837 ) ;
#121 = DIRECTION ( 'NONE',  ( 1.000000000000000000, -0.000000000000000000, -1.734723475976807094E-15 ) ) ;
#122 = CARTESIAN_POINT ( 'NONE',  ( -1.224999999999999645, 0.6303300858899107961, 1.125000000000000222 ) ) ;
#123 = VERTEX_POINT ( 'NONE', #5588 ) ;
#124 = EDGE_CURVE ( 'NONE', #7107, #9, #4006, .T. ) ;
#125 = ORIENTED_EDGE ( 'NONE', *, *, #5805, .F. ) ;
#126 = DIRECTION ( 'NONE',  ( 0.000000000000000000, 0.000000000000000000, 1.000000000000000000 ) ) ;
#127 = LINE ( 'NONE', #535, #65 ) ;
#128 = CARTESIAN_POINT ( 'NONE',  ( 1.499999999999999556, 0.05000000000000000278, 1.499999999999999778 ) ) ;
#129 = CARTESIAN_POINT ( 'NONE',  ( 1.225000000000000089, 0.6303300858899107961, 1.124999999999999778 ) ) ;
#130 = EDGE_CURVE ( 'NONE', #5849, #6701, #6744, .T. ) ;
#131 = VECTOR ( 'NONE', #2442, 1000.000000000000000 ) ;
#132 = DIRECTION ( 'NONE',  ( 0.000000000000000000, 0.000000000000000000, 1.000000000000000000 ) ) ;
#133 = DIRECTION ( 'NONE',  ( 1.000000000000000000, 0.000000000000000000, 0.000000000000000000 ) ) ;
#134 = DIRECTION ( 'NONE',  ( 0.000000000000000000, 1.000000000000000000, -0.000000000000000000 ) ) ;
#135 = CARTESIAN_POINT ( 'NONE',  ( 0.7500000000000004441, 0.1000000000000000056, 1.225000000000000311 ) ) ;
#136 = VECTOR ( 'NONE', #3435, 1000.000000000000000 ) ;
#137 = ADVANCED_FACE ( 'NONE', ( #4196 ), #5678, .F. ) ;
#138 =( NAMED_UNIT ( * ) PLANE_ANGLE_UNIT ( ) SI_UNIT ( $, .RADIAN. ) );
#139 = DIRECTION ( 'NONE',  ( 0.000000000000000000, 1.000000000000000000, 0.000000000000000000 ) ) ;
#140 = ORIENTED_EDGE ( 'NONE', *, *, #4819, .T. ) ;
#141 = ORIENTED_EDGE ( 'NONE', *, *, #339, .F. ) ;
#142 = LINE ( 'NONE', #234, #2682 ) ;
#143 = CARTESIAN_POINT ( 'NONE',  ( -1.499999999999999112, 0.6303300858899107961, 1.300000000000000266 ) ) ;
#144 = DIRECTION ( 'NONE',  ( 2.365532012695651739E-15, 0.000000000000000000, 1.000000000000000000 ) ) ;
#145 = DIRECTION ( 'NONE',  ( -1.000000000000000000, -0.000000000000000000, -0.000000000000000000 ) ) ;
#146 = DIRECTION ( 'NONE',  ( 0.000000000000000000, 0.000000000000000000, -1.000000000000000000 ) ) ;
#147 = EDGE_CURVE ( 'NONE', #3622, #2445, #6578, .T. ) ;
#148 = AXIS2_PLACEMENT_3D ( 'NONE', #4094, #3017, #1104 ) ;
#149 = VECTOR ( 'NONE', #3832, 1000.000000000000000 ) ;
#150 = AXIS2_PLACEMENT_3D ( 'NONE', #4993, #7684, #927 ) ;
#151 = PLANE ( 'NONE',  #2622 ) ;
#152 = EDGE_LOOP ( 'NONE', ( #6934, #1139, #5850, #5825 ) ) ;
#153 = ORIENTED_EDGE ( 'NONE', *, *, #1201, .F. ) ;
#154 = VECTOR ( 'NONE', #1118, 1000.000000000000000 ) ;
#155 = EDGE_CURVE ( 'NONE', #3115, #5057, #1442, .T. ) ;
#156 = FILL_AREA_STYLE ('',( #7474 ) ) ;
#157 = DIRECTION ( 'NONE',  ( 0.000000000000000000, 0.000000000000000000, 1.000000000000000000 ) ) ;
#158 =( GEOMETRIC_REPRESENTATION_CONTEXT ( 3 ) GLOBAL_UNCERTAINTY_ASSIGNED_CONTEXT ( ( #4224 ) ) GLOBAL_UNIT_ASSIGNED_CONTEXT ( ( #3669, #2881, #2395 ) ) REPRESENTATION_CONTEXT ( 'NONE', 'WORKASPACE' ) );
#159 = DIRECTION ( 'NONE',  ( 1.000000000000000000, -0.000000000000000000, -7.228014483236695816E-17 ) ) ;
#160 = DIRECTION ( 'NONE',  ( 0.000000000000000000, -0.000000000000000000, 1.000000000000000000 ) ) ;
#161 = VECTOR ( 'NONE', #4691, 1000.000000000000000 ) ;
#162 = CARTESIAN_POINT ( 'NONE',  ( 1.124999999999999556, 0.1000000000000000472, 1.499999999999999778 ) ) ;
#163 = AXIS2_PLACEMENT_3D ( 'NONE', #6699, #552, #1852 ) ;
#164 = ORIENTED_EDGE ( 'NONE', *, *, #4739, .T. ) ;
#165 = ORIENTED_EDGE ( 'NONE', *, *, #3470, .F. ) ;
#166 = VECTOR ( 'NONE', #2478, 1000.000000000000000 ) ;
#167 = ADVANCED_FACE ( 'NONE', ( #6816 ), #3098, .T. ) ;
#168 = DIRECTION ( 'NONE',  ( 0.000000000000000000, 1.000000000000000000, 0.000000000000000000 ) ) ;
#169 = EDGE_CURVE ( 'NONE', #2753, #1648, #6619, .T. ) ;
#170 = EDGE_CURVE ( 'NONE', #6526, #2159, #1363, .T. ) ;
#171 = VECTOR ( 'NONE', #5195, 1000.000000000000000 ) ;
#172 = CARTESIAN_POINT ( 'NONE',  ( 0.6250000000000004441, 0.05000000000000000278, 1.225000000000000311 ) ) ;
#173 = CARTESIAN_POINT ( 'NONE',  ( 0.8749999999999998890, 0.000000000000000000, -1.225000000000000311 ) ) ;
#174 = DIRECTION ( 'NONE',  ( -0.000000000000000000, -1.000000000000000000, -0.000000000000000000 ) ) ;
#175 = CARTESIAN_POINT ( 'NONE',  ( -1.499999999999999112, 0.1000000000000000472, 1.300000000000000266 ) ) ;
#176 = DIRECTION ( 'NONE',  ( 0.000000000000000000, 0.000000000000000000, 1.000000000000000000 ) ) ;
#177 = ORIENTED_EDGE ( 'NONE', *, *, #1050, .T. ) ;
#178 = ORIENTED_EDGE ( 'NONE', *, *, #6950, .F. ) ;
#179 = CARTESIAN_POINT ( 'NONE',  ( -0.6999999999999998446, 0.09999999999999982514, 0.6999999999999996225 ) ) ;
#180 = FACE_OUTER_BOUND ( 'NONE', #3020, .T. ) ;
#181 = CARTESIAN_POINT ( 'NONE',  ( -1.299999999999999156, 0.6303300858899107961, 1.300000000000000266 ) ) ;
#182 = PLANE ( 'NONE',  #4200 ) ;
#183 = ADVANCED_FACE ( 'NONE', ( #1379 ), #5591, .F. ) ;
#184 = EDGE_CURVE ( 'NONE', #449, #2808, #3933, .T. ) ;
#185 = FACE_OUTER_BOUND ( 'NONE', #1818, .T. ) ;
#186 = DIRECTION ( 'NONE',  ( -1.000000000000000000, 0.000000000000000000, 0.000000000000000000 ) ) ;
#187 = CARTESIAN_POINT ( 'NONE',  ( 0.8750000000000005551, 0.09999999999999999167, -1.499999999999999778 ) ) ;
#188 = CARTESIAN_POINT ( 'NONE',  ( -0.7499999999999995559, 0.1000000000000000056, 1.225000000000000311 ) ) ;
#189 = PLANE ( 'NONE',  #7816 ) ;
#190 = LINE ( 'NONE', #214, #2797 ) ;
#191 = DIRECTION ( 'NONE',  ( 1.000000000000000000, 0.000000000000000000, 0.000000000000000000 ) ) ;
#192 = EDGE_LOOP ( 'NONE', ( #899, #3531, #2389, #1915 ) ) ;
#193 = EDGE_LOOP ( 'NONE', ( #106, #4291, #6312, #6156 ) ) ;
#194 = LINE ( 'NONE', #3690, #5405 ) ;
#195 = AXIS2_PLACEMENT_3D ( 'NONE', #2426, #4890, #126 ) ;
#196 = DIRECTION ( 'NONE',  ( 2.365532012695651739E-15, 0.000000000000000000, 1.000000000000000000 ) ) ;
#197 = CARTESIAN_POINT ( 'NONE',  ( 1.299999999999999600, 0.000000000000000000, 1.499999999999999778 ) ) ;
#198 = CARTESIAN_POINT ( 'NONE',  ( -0.1249999999999994588, 0.1000000000000000056, -1.499999999999999778 ) ) ;
#199 = CARTESIAN_POINT ( 'NONE',  ( 0.2500000000000004441, 0.1000000000000000056, 1.100000000000000533 ) ) ;
#200 = FACE_OUTER_BOUND ( 'NONE', #4414, .T. ) ;
#201 = EDGE_CURVE ( 'NONE', #1730, #3350, #4020, .T. ) ;
#202 = LINE ( 'NONE', #1671, #136 ) ;
#203 = VERTEX_POINT ( 'NONE', #716 ) ;
#204 = ORIENTED_EDGE ( 'NONE', *, *, #326, .T. ) ;
#205 = SURFACE_STYLE_FILL_AREA ( #5908 ) ;
#206 = CARTESIAN_POINT ( 'NONE',  ( -1.499999999999999112, 0.09999999999999999167, 1.125000000000000222 ) ) ;
#207 = DIRECTION ( 'NONE',  ( -0.000000000000000000, -1.000000000000000000, -0.000000000000000000 ) ) ;
#208 = CARTESIAN_POINT ( 'NONE',  ( 1.224999999999999423, 0.09999999999999999167, -0.8749999999999992228 ) ) ;
#209 = LINE ( 'NONE', #5806, #2959 ) ;
#210 = PLANE ( 'NONE',  #1943 ) ;
#211 = DIRECTION ( 'NONE',  ( 0.000000000000000000, 0.000000000000000000, 1.000000000000000000 ) ) ;
#212 = ORIENTED_EDGE ( 'NONE', *, *, #6525, .F. ) ;
#213 = VERTEX_POINT ( 'NONE', #2044 ) ;
#214 = CARTESIAN_POINT ( 'NONE',  ( 0.8750000000000005551, 0.000000000000000000, -1.499999999999999778 ) ) ;
#215 = VECTOR ( 'NONE', #1520, 1000.000000000000000 ) ;
#216 = CARTESIAN_POINT ( 'NONE',  ( 0.1250000000000004441, 0.000000000000000000, 1.225000000000000311 ) ) ;
#217 = DIRECTION ( 'NONE',  ( -1.000000000000000000, 0.000000000000000000, -2.365532012695651739E-15 ) ) ;
#218 = LINE ( 'NONE', #2225, #2926 ) ;
#219 = EDGE_CURVE ( 'NONE', #1459, #3762, #1391, .T. ) ;
#220 = PRESENTATION_STYLE_ASSIGNMENT (( #3701 ) ) ;
#221 = DIRECTION ( 'NONE',  ( 0.7071067811865487940, -0.000000000000000000, -0.7071067811865463515 ) ) ;
#222 = CARTESIAN_POINT ( 'NONE',  ( 1.499999999999999556, 0.1000000000000002554, 0.6250000000000007772 ) ) ;
#223 = PLANE ( 'NONE',  #4560 ) ;
#224 =( NAMED_UNIT ( * ) PLANE_ANGLE_UNIT ( ) SI_UNIT ( $, .RADIAN. ) );
#225 = VERTEX_POINT ( 'NONE', #5005 ) ;
#226 = ORIENTED_EDGE ( 'NONE', *, *, #2630, .T. ) ;
#227 = EDGE_CURVE ( 'NONE', #3754, #2588, #6729, .T. ) ;
#228 = CARTESIAN_POINT ( 'NONE',  ( 1.225000000000000089, 0.09999999999999999167, -1.124999999999999778 ) ) ;
#229 = COLOUR_RGB ( '',0.7921568627450980005, 0.8196078431372548767, 0.9333333333333333481 ) ;
#230 = ADVANCED_FACE ( 'NONE', ( #4029 ), #4632, .F. ) ;
#231 = DIRECTION ( 'NONE',  ( -0.000000000000000000, -1.000000000000000000, -0.000000000000000000 ) ) ;
#232 = LINE ( 'NONE', #6290, #2915 ) ;
#233 =( LENGTH_UNIT ( ) NAMED_UNIT ( * ) SI_UNIT ( .MILLI., .METRE. ) );
#234 = CARTESIAN_POINT ( 'NONE',  ( 1.499999999999999556, 0.09999999999999999167, 1.124999999999999778 ) ) ;
#235 = VECTOR ( 'NONE', #6275, 1000.000000000000000 ) ;
#236 = ORIENTED_EDGE ( 'NONE', *, *, #1688, .T. ) ;
#237 = ORIENTED_EDGE ( 'NONE', *, *, #4734, .F. ) ;
#238 = AXIS2_PLACEMENT_3D ( 'NONE', #6617, #2388, #4250 ) ;
#239 = EDGE_CURVE ( 'NONE', #2554, #881, #6561, .T. ) ;
#240 = DIRECTION ( 'NONE',  ( 1.577021341797098201E-15, 0.000000000000000000, -1.000000000000000000 ) ) ;
#241 = CARTESIAN_POINT ( 'NONE',  ( -1.299999999999999156, 0.000000000000000000, -1.500000000000000222 ) ) ;
#242 = AXIS2_PLACEMENT_3D ( 'NONE', #6863, #752, #3960 ) ;
#243 = CARTESIAN_POINT ( 'NONE',  ( 0.8749999999999998890, 0.1000000000000000056, -1.225000000000000311 ) ) ;
#244 = ADVANCED_FACE ( 'NONE', ( #6633 ), #1544, .F. ) ;
#245 = PRESENTATION_STYLE_ASSIGNMENT (( #731 ) ) ;
#246 = LINE ( 'NONE', #6996, #149 ) ;
#247 = EDGE_CURVE ( 'NONE', #1056, #937, #1302, .T. ) ;
#248 = ORIENTED_EDGE ( 'NONE', *, *, #3148, .T. ) ;
#249 = ORIENTED_EDGE ( 'NONE', *, *, #2353, .F. ) ;
#250 = LINE ( 'NONE', #98, #407 ) ;
#251 = AXIS2_PLACEMENT_3D ( 'NONE', #3883, #4522, #301 ) ;
#252 = VECTOR ( 'NONE', #5525, 1000.000000000000000 ) ;
#253 = CARTESIAN_POINT ( 'NONE',  ( -0.8749999999999994449, 0.1000000000000000056, -1.500000000000000222 ) ) ;
#254 = DIRECTION ( 'NONE',  ( -1.000000000000000000, -0.000000000000000000, -0.000000000000000000 ) ) ;
#255 = LINE ( 'NONE', #3892, #2844 ) ;
#256 = CARTESIAN_POINT ( 'NONE',  ( 1.124999999999999556, 0.05000000000000001665, 1.225000000000000311 ) ) ;
#257 = CARTESIAN_POINT ( 'NONE',  ( -1.224999999999999423, 0.09999999999999999167, 0.8749999999999998890 ) ) ;
#258 = EDGE_CURVE ( 'NONE', #7706, #1030, #1453, .T. ) ;
#259 = EDGE_CURVE ( 'NONE', #635, #6781, #3993, .T. ) ;
#260 = ORIENTED_EDGE ( 'NONE', *, *, #4137, .T. ) ;
#261 = ORIENTED_EDGE ( 'NONE', *, *, #4568, .F. ) ;
#262 = CARTESIAN_POINT ( 'NONE',  ( 1.224999999999999423, 0.5716990566028299359, -0.2499999999999996669 ) ) ;
#263 = LINE ( 'NONE', #724, #2863 ) ;
#264 = DIRECTION ( 'NONE',  ( -0.000000000000000000, -1.000000000000000000, -0.000000000000000000 ) ) ;
#265 = PLANE ( 'NONE',  #5338 ) ;
#266 = VECTOR ( 'NONE', #1227, 1000.000000000000000 ) ;
#267 = DIRECTION ( 'NONE',  ( 0.000000000000000000, -1.000000000000000000, 0.000000000000000000 ) ) ;
#268 = DIRECTION ( 'NONE',  ( 1.000000000000000000, 0.000000000000000000, 0.000000000000000000 ) ) ;
#269 = ORIENTED_EDGE ( 'NONE', *, *, #5457, .T. ) ;
#270 = VERTEX_POINT ( 'NONE', #5882 ) ;
#271 = CARTESIAN_POINT ( 'NONE',  ( -1.499999999999999112, 0.09999999999999999167, -1.300000000000000266 ) ) ;
#272 = EDGE_CURVE ( 'NONE', #1006, #4216, #3949, .T. ) ;
#273 = LINE ( 'NONE', #4281, #5589 ) ;
#274 = CARTESIAN_POINT ( 'NONE',  ( -1.224999999999999423, 0.5716990566028299359, -0.6250000000000001110 ) ) ;
#275 = DIRECTION ( 'NONE',  ( 1.000000000000000000, 0.000000000000000000, 3.942553354492735642E-16 ) ) ;
#276 = VECTOR ( 'NONE', #848, 1000.000000000000000 ) ;
#277 = CARTESIAN_POINT ( 'NONE',  ( -1.124999999999999112, 0.09999999999999999167, -1.225000000000000755 ) ) ;
#278 = DIRECTION ( 'NONE',  ( -0.000000000000000000, -1.000000000000000000, -0.000000000000000000 ) ) ;
#279 = CARTESIAN_POINT ( 'NONE',  ( -1.224999999999999423, 0.05000000000000002359, -0.8749999999999992228 ) ) ;
#280 = CARTESIAN_POINT ( 'NONE',  ( 0.1250000000000008604, 0.000000000000000000, 1.500000000000000222 ) ) ;
#281 = VECTOR ( 'NONE', #5198, 1000.000000000000000 ) ;
#282 = FILL_AREA_STYLE ('',( #4985 ) ) ;
#283 = ORIENTED_EDGE ( 'NONE', *, *, #6477, .F. ) ;
#284 = ORIENTED_EDGE ( 'NONE', *, *, #7679, .T. ) ;
#285 = VECTOR ( 'NONE', #1346, 1000.000000000000000 ) ;
#286 = ADVANCED_FACE ( 'NONE', ( #1504 ), #6800, .T. ) ;
#287 = EDGE_CURVE ( 'NONE', #1867, #880, #6591, .T. ) ;
#288 = CARTESIAN_POINT ( 'NONE',  ( 1.499999999999999556, 0.05000000000000001665, -1.299999999999999822 ) ) ;
#289 = DIRECTION ( 'NONE',  ( -0.000000000000000000, -1.000000000000000000, -0.000000000000000000 ) ) ;
#290 = DIRECTION ( 'NONE',  ( 0.000000000000000000, 0.000000000000000000, -1.000000000000000000 ) ) ;
#291 = LINE ( 'NONE', #6952, #2758 ) ;
#292 = CYLINDRICAL_SURFACE ( 'NONE', #2770, 0.1249999999999995698 ) ;
#293 = ORIENTED_EDGE ( 'NONE', *, *, #558, .T. ) ;
#294 = ORIENTED_EDGE ( 'NONE', *, *, #1582, .F. ) ;
#295 = LINE ( 'NONE', #5648, #5641 ) ;
#296 = FILL_AREA_STYLE_COLOUR ( '', #3506 ) ;
#297 = ADVANCED_FACE ( 'NONE', ( #4143 ), #5136, .T. ) ;
#298 = DIRECTION ( 'NONE',  ( -1.000000000000000000, 0.000000000000000000, 1.734723475976807292E-15 ) ) ;
#299 = CYLINDRICAL_SURFACE ( 'NONE', #7276, 0.1249999999999998890 ) ;
#300 = CARTESIAN_POINT ( 'NONE',  ( 1.225000000000000089, 0.000000000000000000, 1.124999999999999778 ) ) ;
#301 = DIRECTION ( 'NONE',  ( 1.000000000000000000, 0.000000000000000000, -0.000000000000000000 ) ) ;
#302 = VECTOR ( 'NONE', #4054, 1000.000000000000000 ) ;
#303 = DIRECTION ( 'NONE',  ( 0.000000000000000000, 1.000000000000000000, 0.000000000000000000 ) ) ;
#304 = DIRECTION ( 'NONE',  ( -0.000000000000000000, -1.000000000000000000, -0.000000000000000000 ) ) ;
#305 = AXIS2_PLACEMENT_3D ( 'NONE', #7204, #7092, #2242 ) ;
#306 = ORIENTED_EDGE ( 'NONE', *, *, #4810, .T. ) ;
#307 = ORIENTED_EDGE ( 'NONE', *, *, #4913, .F. ) ;
#308 = AXIS2_PLACEMENT_3D ( 'NONE', #24, #912, #3027 ) ;
#309 = DIRECTION ( 'NONE',  ( -0.000000000000000000, -1.000000000000000000, -0.000000000000000000 ) ) ;
#310 = LINE ( 'NONE', #3001, #2877 ) ;
#311 = EDGE_CURVE ( 'NONE', #1612, #2640, #1406, .T. ) ;
#312 = FACE_OUTER_BOUND ( 'NONE', #3161, .T. ) ;
#313 = EDGE_CURVE ( 'NONE', #3157, #6942, #1545, .T. ) ;
#314 = PLANE ( 'NONE',  #1289 ) ;
#315 = DIRECTION ( 'NONE',  ( -0.000000000000000000, -1.000000000000000000, -0.000000000000000000 ) ) ;
#316 = ORIENTED_EDGE ( 'NONE', *, *, #5667, .T. ) ;
#317 = ORIENTED_EDGE ( 'NONE', *, *, #4430, .T. ) ;
#318 = CARTESIAN_POINT ( 'NONE',  ( -1.224999999999999423, 0.05000000000000002359, 0.3749999999999998890 ) ) ;
#319 = VECTOR ( 'NONE', #6070, 1000.000000000000000 ) ;
#320 = CARTESIAN_POINT ( 'NONE',  ( 1.224999999999999423, 0.5716990566028299359, -0.3749999999999992228 ) ) ;
#321 = VECTOR ( 'NONE', #267, 1000.000000000000000 ) ;
#322 = DIRECTION ( 'NONE',  ( 0.000000000000000000, 0.000000000000000000, 1.000000000000000000 ) ) ;
#323 = CARTESIAN_POINT ( 'NONE',  ( 0.000000000000000000, 0.05000000000000000278, 0.000000000000000000 ) ) ;
#324 = DIRECTION ( 'NONE',  ( 0.000000000000000000, 1.000000000000000000, 0.000000000000000000 ) ) ;
#325 = COLOUR_RGB ( '',0.7921568627450980005, 0.8196078431372548767, 0.9333333333333333481 ) ;
#326 = EDGE_CURVE ( 'NONE', #2277, #1665, #1573, .T. ) ;
#327 = AXIS2_PLACEMENT_3D ( 'NONE', #7767, #453, #7846 ) ;
#328 = PLANE ( 'NONE',  #5451 ) ;
#329 = ORIENTED_EDGE ( 'NONE', *, *, #5232, .F. ) ;
#330 = EDGE_LOOP ( 'NONE', ( #1035, #4517, #1896, #884 ) ) ;
#331 = VECTOR ( 'NONE', #1940, 1000.000000000000000 ) ;
#332 = CARTESIAN_POINT ( 'NONE',  ( -0.1249999999999996808, 0.1000000000000000056, 1.225000000000000311 ) ) ;
#333 = AXIS2_PLACEMENT_3D ( 'NONE', #1303, #2522, #5515 ) ;
#334 = CARTESIAN_POINT ( 'NONE',  ( 0.8749999999999998890, 0.1000000000000000056, -1.225000000000000311 ) ) ;
#335 = CIRCLE ( 'NONE', #3192, 0.1249999999999998890 ) ;
#336 = LINE ( 'NONE', #5235, #5583 ) ;
#337 = ORIENTED_EDGE ( 'NONE', *, *, #2430, .F. ) ;
#338 = ORIENTED_EDGE ( 'NONE', *, *, #710, .T. ) ;
#339 = EDGE_CURVE ( 'NONE', #942, #7797, #1420, .T. ) ;
#340 = CYLINDRICAL_SURFACE ( 'NONE', #2529, 0.1249999999999998890 ) ;
#341 = ADVANCED_FACE ( 'NONE', ( #6659 ), #1441, .F. ) ;
#342 = CARTESIAN_POINT ( 'NONE',  ( 0.6250000000000005551, 0.000000000000000000, -1.500000000000000222 ) ) ;
#343 = EDGE_CURVE ( 'NONE', #5103, #6750, #1432, .T. ) ;
#344 = DIRECTION ( 'NONE',  ( 0.000000000000000000, -1.000000000000000000, 0.000000000000000000 ) ) ;
#345 = VECTOR ( 'NONE', #7665, 1000.000000000000000 ) ;
#346 = PLANE ( 'NONE',  #1971 ) ;
#347 = DIRECTION ( 'NONE',  ( 0.000000000000000000, 0.000000000000000000, -1.000000000000000000 ) ) ;
#348 = FACE_OUTER_BOUND ( 'NONE', #7429, .T. ) ;
#349 = DIRECTION ( 'NONE',  ( 0.000000000000000000, 0.000000000000000000, -1.000000000000000000 ) ) ;
#350 = DIRECTION ( 'NONE',  ( 1.000000000000000000, -0.000000000000000000, 0.000000000000000000 ) ) ;
#351 = ORIENTED_EDGE ( 'NONE', *, *, #6066, .F. ) ;
#352 = ORIENTED_EDGE ( 'NONE', *, *, #2304, .F. ) ;
#353 = DIRECTION ( 'NONE',  ( 0.000000000000000000, 0.000000000000000000, -1.000000000000000000 ) ) ;
#354 = CARTESIAN_POINT ( 'NONE',  ( 1.499999999999999556, 0.05000000000000000278, -1.500000000000000222 ) ) ;
#355 = VECTOR ( 'NONE', #69, 1000.000000000000000 ) ;
#356 = AXIS2_PLACEMENT_3D ( 'NONE', #4806, #5341, #5911 ) ;
#357 = CARTESIAN_POINT ( 'NONE',  ( -1.224999999999999423, 0.000000000000000000, 0.6250000000000007772 ) ) ;
#358 = ADVANCED_FACE ( 'NONE', ( #1480 ), #5221, .T. ) ;
#359 = LINE ( 'NONE', #1457, #345 ) ;
#360 = EDGE_CURVE ( 'NONE', #6175, #2640, #4129, .T. ) ;
#361 = LINE ( 'NONE', #2646, #2836 ) ;
#362 = CARTESIAN_POINT ( 'NONE',  ( 1.224999999999999423, 0.09999999999999999167, -0.8749999999999992228 ) ) ;
#363 = ORIENTED_EDGE ( 'NONE', *, *, #7703, .T. ) ;
#364 = EDGE_LOOP ( 'NONE', ( #1503, #248, #4583, #4407 ) ) ;
#365 = FACE_OUTER_BOUND ( 'NONE', #6985, .T. ) ;
#366 = CARTESIAN_POINT ( 'NONE',  ( 1.299999999999999600, 0.000000000000000000, -1.299999999999999822 ) ) ;
#367 = VECTOR ( 'NONE', #3637, 1000.000000000000000 ) ;
#368 = DIRECTION ( 'NONE',  ( 0.000000000000000000, 0.000000000000000000, 1.000000000000000000 ) ) ;
#369 = DIRECTION ( 'NONE',  ( -0.000000000000000000, 0.000000000000000000, -1.000000000000000000 ) ) ;
#370 = DIRECTION ( 'NONE',  ( 7.228014483236695816E-17, -0.000000000000000000, 1.000000000000000000 ) ) ;
#371 = DIRECTION ( 'NONE',  ( -1.000000000000000000, -0.000000000000000000, -3.942553354492736135E-16 ) ) ;
#372 = CIRCLE ( 'NONE', #5932, 0.1249999999999995698 ) ;
#373 = DIRECTION ( 'NONE',  ( 1.000000000000000000, 0.000000000000000000, -1.734723475976807292E-15 ) ) ;
#374 = ORIENTED_EDGE ( 'NONE', *, *, #1158, .T. ) ;
#375 = ORIENTED_EDGE ( 'NONE', *, *, #553, .F. ) ;
#376 = VECTOR ( 'NONE', #6815, 1000.000000000000000 ) ;
#377 = CARTESIAN_POINT ( 'NONE',  ( -1.500000000000000222, 0.1000000000000002554, 0.3749999999999998890 ) ) ;
#378 = CARTESIAN_POINT ( 'NONE',  ( 1.225000000000000089, 0.09999999999999999167, -1.225000000000000311 ) ) ;
#379 = MECHANICAL_DESIGN_GEOMETRIC_PRESENTATION_REPRESENTATION (  '', ( #3714 ), #119 ) ;
#380 = VECTOR ( 'NONE', #7725, 1000.000000000000000 ) ;
#381 = EDGE_CURVE ( 'NONE', #777, #4370, #4446, .T. ) ;
#382 = VECTOR ( 'NONE', #3518, 1000.000000000000000 ) ;
#383 = ORIENTED_EDGE ( 'NONE', *, *, #2852, .T. ) ;
#384 = ORIENTED_EDGE ( 'NONE', *, *, #1953, .F. ) ;
#385 = EDGE_CURVE ( 'NONE', #2230, #1074, #1651, .T. ) ;
#386 = DIRECTION ( 'NONE',  ( -0.000000000000000000, -0.000000000000000000, -1.000000000000000000 ) ) ;
#387 = DIRECTION ( 'NONE',  ( -0.000000000000000000, -1.000000000000000000, -0.000000000000000000 ) ) ;
#388 = AXIS2_PLACEMENT_3D ( 'NONE', #1907, #4323, #7349 ) ;
#389 = DIRECTION ( 'NONE',  ( 0.000000000000000000, 0.000000000000000000, -1.000000000000000000 ) ) ;
#390 = VECTOR ( 'NONE', #7153, 1000.000000000000000 ) ;
#391 = DIRECTION ( 'NONE',  ( -2.365532012695651739E-15, 0.000000000000000000, -1.000000000000000000 ) ) ;
#392 = AXIS2_PLACEMENT_3D ( 'NONE', #2321, #4072, #2361 ) ;
#393 = EDGE_CURVE ( 'NONE', #62, #5905, #4275, .T. ) ;
#394 = ORIENTED_EDGE ( 'NONE', *, *, #5776, .F. ) ;
#395 = ORIENTED_EDGE ( 'NONE', *, *, #6829, .T. ) ;
#396 = DIRECTION ( 'NONE',  ( -1.577021341797098398E-15, 0.000000000000000000, -1.000000000000000000 ) ) ;
#397 = FACE_OUTER_BOUND ( 'NONE', #3183, .T. ) ;
#398 = EDGE_CURVE ( 'NONE', #4480, #3157, #6980, .T. ) ;
#399 = ADVANCED_FACE ( 'NONE', ( #7071 ), #4223, .T. ) ;
#400 = MECHANICAL_DESIGN_GEOMETRIC_PRESENTATION_REPRESENTATION (  '', ( #2602 ), #2857 ) ;
#401 = CARTESIAN_POINT ( 'NONE',  ( 0.1250000000000003331, 0.1000000000000002554, -1.500000000000000222 ) ) ;
#402 = AXIS2_PLACEMENT_3D ( 'NONE', #2944, #6639, #6808 ) ;
#403 = FACE_OUTER_BOUND ( 'NONE', #1847, .T. ) ;
#404 = DIRECTION ( 'NONE',  ( 0.000000000000000000, -0.000000000000000000, 1.000000000000000000 ) ) ;
#405 = VERTEX_POINT ( 'NONE', #3952 ) ;
#406 = ORIENTED_EDGE ( 'NONE', *, *, #7029, .F. ) ;
#407 = VECTOR ( 'NONE', #3753, 1000.000000000000000 ) ;
#408 = AXIS2_PLACEMENT_3D ( 'NONE', #3768, #7209, #1748 ) ;
#409 = CARTESIAN_POINT ( 'NONE',  ( -1.224999999999999423, 0.000000000000000000, 0.3749999999999998890 ) ) ;
#410 = EDGE_CURVE ( 'NONE', #7662, #6401, #1705, .T. ) ;
#411 = AXIS2_PLACEMENT_3D ( 'NONE', #6358, #913, #6239 ) ;
#412 = ADVANCED_FACE ( 'NONE', ( #4285 ), #3211, .T. ) ;
#413 = FACE_OUTER_BOUND ( 'NONE', #5393, .T. ) ;
#414 = MANIFOLD_SOLID_BREP ( 'Chamfer1', #3420 ) ;
#415 = CARTESIAN_POINT ( 'NONE',  ( 0.2500000000000004441, 0.000000000000000000, 1.100000000000000533 ) ) ;
#416 = DIRECTION ( 'NONE',  ( 1.000000000000000000, 0.000000000000000000, -0.000000000000000000 ) ) ;
#417 = CARTESIAN_POINT ( 'NONE',  ( -1.224999999999999423, 0.000000000000000000, 0.2500000000000003331 ) ) ;
#418 = DIRECTION ( 'NONE',  ( 0.000000000000000000, 0.000000000000000000, 1.000000000000000000 ) ) ;
#419 = CARTESIAN_POINT ( 'NONE',  ( 0.3750000000000008882, 0.5716990566028304910, 1.499999999999999778 ) ) ;
#420 = EDGE_CURVE ( 'NONE', #5332, #2431, #4397, .T. ) ;
#421 = EDGE_CURVE ( 'NONE', #4228, #4833, #4327, .T. ) ;
#422 = ORIENTED_EDGE ( 'NONE', *, *, #227, .F. ) ;
#423 = VERTEX_POINT ( 'NONE', #357 ) ;
#424 = PRESENTATION_LAYER_ASSIGNMENT (  '', '', ( #5795 ) ) ;
#425 = DIRECTION ( 'NONE',  ( 0.000000000000000000, 1.000000000000000000, 0.000000000000000000 ) ) ;
#426 = PLANE ( 'NONE',  #5412 ) ;
#427 = LINE ( 'NONE', #6062, #2994 ) ;
#428 = ORIENTED_EDGE ( 'NONE', *, *, #3600, .T. ) ;
#429 = VERTEX_POINT ( 'NONE', #2700 ) ;
#430 = EDGE_CURVE ( 'NONE', #1796, #6411, #1729, .T. ) ;
#431 = CIRCLE ( 'NONE', #327, 0.1000000000000006994 ) ;
#432 = DIRECTION ( 'NONE',  ( 0.000000000000000000, -0.000000000000000000, 1.000000000000000000 ) ) ;
#433 = DIRECTION ( 'NONE',  ( -0.000000000000000000, 0.000000000000000000, 1.000000000000000000 ) ) ;
#434 = FACE_OUTER_BOUND ( 'NONE', #5028, .T. ) ;
#435 = FACE_OUTER_BOUND ( 'NONE', #849, .T. ) ;
#436 = AXIS2_PLACEMENT_3D ( 'NONE', #419, #6650, #2853 ) ;
#437 = ORIENTED_EDGE ( 'NONE', *, *, #2398, .T. ) ;
#438 = CARTESIAN_POINT ( 'NONE',  ( 0.7500000000000004441, 0.1000000000000000056, 1.225000000000000311 ) ) ;
#439 = LINE ( 'NONE', #6720, #5483 ) ;
#440 = EDGE_CURVE ( 'NONE', #935, #2209, #6888, .T. ) ;
#441 = CARTESIAN_POINT ( 'NONE',  ( 0.7500000000000004441, 0.1000000000000000056, 1.100000000000000533 ) ) ;
#442 = DIRECTION ( 'NONE',  ( 0.000000000000000000, -1.000000000000000000, 0.000000000000000000 ) ) ;
#443 = SURFACE_SIDE_STYLE ('',( #5709 ) ) ;
#444 = VECTOR ( 'NONE', #5770, 1000.000000000000000 ) ;
#445 = CARTESIAN_POINT ( 'NONE',  ( 1.499999999999999556, 0.05000000000000000278, 1.499999999999999778 ) ) ;
#446 = VECTOR ( 'NONE', #5353, 1000.000000000000000 ) ;
#447 = CARTESIAN_POINT ( 'NONE',  ( 0.3750000000000008882, 0.09999999999999999167, 1.499999999999999778 ) ) ;
#448 = CARTESIAN_POINT ( 'NONE',  ( 0.3749999999999998890, 0.5716990566028304910, -1.225000000000000311 ) ) ;
#449 = VERTEX_POINT ( 'NONE', #401 ) ;
#450 = VECTOR ( 'NONE', #2952, 1000.000000000000000 ) ;
#451 = DIRECTION ( 'NONE',  ( 0.000000000000000000, 1.000000000000000000, 0.000000000000000000 ) ) ;
#452 = DIRECTION ( 'NONE',  ( -1.000000000000000000, 0.000000000000000000, 3.942553354492735642E-16 ) ) ;
#453 = DIRECTION ( 'NONE',  ( -0.000000000000000000, -1.000000000000000000, -0.000000000000000000 ) ) ;
#454 = DIRECTION ( 'NONE',  ( -1.734723475976807292E-15, 0.000000000000000000, 1.000000000000000000 ) ) ;
#455 = FACE_OUTER_BOUND ( 'NONE', #5439, .T. ) ;
#456 = AXIS2_PLACEMENT_3D ( 'NONE', #1637, #2412, #2293 ) ;
#457 = VERTEX_POINT ( 'NONE', #7572 ) ;
#458 = VECTOR ( 'NONE', #2552, 1000.000000000000000 ) ;
#459 = EDGE_CURVE ( 'NONE', #7601, #6453, #1716, .T. ) ;
#460 = CARTESIAN_POINT ( 'NONE',  ( -1.124999999999999112, 0.04999999999999971134, -1.500000000000000222 ) ) ;
#461 = DIRECTION ( 'NONE',  ( -1.000000000000000000, 0.000000000000000000, -0.000000000000000000 ) ) ;
#462 = ADVANCED_FACE ( 'NONE', ( #4353 ), #2218, .T. ) ;
#463 = FACE_OUTER_BOUND ( 'NONE', #2776, .T. ) ;
#464 = CARTESIAN_POINT ( 'NONE',  ( 0.3750000000000008882, 0.5716990566028304910, 1.499999999999999778 ) ) ;
#465 = EDGE_CURVE ( 'NONE', #1051, #4320, #6844, .T. ) ;
#466 = LINE ( 'NONE', #7370, #446 ) ;
#467 =( NAMED_UNIT ( * ) SI_UNIT ( $, .STERADIAN. ) SOLID_ANGLE_UNIT ( ) );
#468 = ORIENTED_EDGE ( 'NONE', *, *, #6208, .F. ) ;
#469 = AXIS2_PLACEMENT_3D ( 'NONE', #5084, #7463, #144 ) ;
#470 = ORIENTED_EDGE ( 'NONE', *, *, #868, .F. ) ;
#471 = FACE_OUTER_BOUND ( 'NONE', #6140, .T. ) ;
#472 = DIRECTION ( 'NONE',  ( 3.942553354492735642E-16, 0.000000000000000000, 1.000000000000000000 ) ) ;
#473 = CARTESIAN_POINT ( 'NONE',  ( -1.500000000000000222, 0.05000000000000000278, 1.500000000000000000 ) ) ;
#474 = FACE_OUTER_BOUND ( 'NONE', #6244, .T. ) ;
#475 = CARTESIAN_POINT ( 'NONE',  ( 1.224999999999999423, 0.5716990566028299359, -0.8749999999999992228 ) ) ;
#476 = EDGE_CURVE ( 'NONE', #825, #3301, #4369, .T. ) ;
#477 = CARTESIAN_POINT ( 'NONE',  ( 1.225000000000000089, 0.1000000000000000472, 1.124999999999999778 ) ) ;
#478 = AXIS2_PLACEMENT_3D ( 'NONE', #6205, #2097, #7524 ) ;
#479 = MECHANICAL_DESIGN_GEOMETRIC_PRESENTATION_REPRESENTATION (  '', ( #6042 ), #1588 ) ;
#480 = ORIENTED_EDGE ( 'NONE', *, *, #784, .F. ) ;
#481 = ORIENTED_EDGE ( 'NONE', *, *, #219, .T. ) ;
#482 = LINE ( 'NONE', #5555, #3342 ) ;
#483 = CARTESIAN_POINT ( 'NONE',  ( 1.299999999999999600, 0.09999999999999999167, 1.299999999999999822 ) ) ;
#484 = EDGE_CURVE ( 'NONE', #4676, #3864, #1744, .T. ) ;
#485 = CARTESIAN_POINT ( 'NONE',  ( -1.500000000000000444, 0.1000000000000002554, -0.6250000000000001110 ) ) ;
#486 = CARTESIAN_POINT ( 'NONE',  ( -1.500000000000000000, 0.5716990566028299359, -0.8749999999999991118 ) ) ;
#487 = EDGE_LOOP ( 'NONE', ( #3169, #7210, #3091, #6402 ) ) ;
#488 = LINE ( 'NONE', #4034, #3190 ) ;
#489 = CARTESIAN_POINT ( 'NONE',  ( 1.299999999999999600, 0.000000000000000000, -1.299999999999999822 ) ) ;
#490 = DIRECTION ( 'NONE',  ( 7.228014483236695816E-17, -0.000000000000000000, 1.000000000000000000 ) ) ;
#491 = CARTESIAN_POINT ( 'NONE',  ( -0.6249999999999996669, 0.5716990566028304910, 1.225000000000000311 ) ) ;
#492 = ORIENTED_EDGE ( 'NONE', *, *, #1164, .T. ) ;
#493 = DIRECTION ( 'NONE',  ( -1.000000000000000000, 0.000000000000000000, -2.365532012695651739E-15 ) ) ;
#494 = AXIS2_PLACEMENT_3D ( 'NONE', #188, #3387, #1469 ) ;
#495 = VERTEX_POINT ( 'NONE', #949 ) ;
#496 = VECTOR ( 'NONE', #1387, 1000.000000000000000 ) ;
#497 = CARTESIAN_POINT ( 'NONE',  ( -1.224999999999999423, 0.05000000000000002359, 0.7500000000000003331 ) ) ;
#498 = ORIENTED_EDGE ( 'NONE', *, *, #4039, .T. ) ;
#499 = EDGE_CURVE ( 'NONE', #960, #6323, #7057, .T. ) ;
#500 = EDGE_CURVE ( 'NONE', #1796, #4461, #4243, .T. ) ;
#501 = FACE_OUTER_BOUND ( 'NONE', #6122, .T. ) ;
#502 = AXIS2_PLACEMENT_3D ( 'NONE', #1063, #4111, #1180 ) ;
#503 = VECTOR ( 'NONE', #7676, 1000.000000000000000 ) ;
#504 = DIRECTION ( 'NONE',  ( 0.000000000000000000, 1.000000000000000000, 0.000000000000000000 ) ) ;
#505 = ORIENTED_EDGE ( 'NONE', *, *, #3795, .F. ) ;
#506 = ORIENTED_EDGE ( 'NONE', *, *, #4175, .F. ) ;
#507 = VECTOR ( 'NONE', #5605, 1000.000000000000000 ) ;
#508 = ADVANCED_FACE ( 'NONE', ( #4412 ), #7042, .F. ) ;
#509 = PLANE ( 'NONE',  #305 ) ;
#510 = DIRECTION ( 'NONE',  ( 0.000000000000000000, 0.000000000000000000, 1.000000000000000000 ) ) ;
#511 = VERTEX_POINT ( 'NONE', #7181 ) ;
#512 = FACE_BOUND ( 'NONE', #3959, .T. ) ;
#513 = CARTESIAN_POINT ( 'NONE',  ( 0.3750000000000003331, 0.000000000000000000, 1.225000000000000311 ) ) ;
#514 = EDGE_CURVE ( 'NONE', #1753, #6527, #4475, .T. ) ;
#515 = PRESENTATION_STYLE_ASSIGNMENT (( #6152 ) ) ;
#516 = ORIENTED_EDGE ( 'NONE', *, *, #7663, .F. ) ;
#517 = CARTESIAN_POINT ( 'NONE',  ( -1.124999999999999112, 0.000000000000000000, 1.500000000000000222 ) ) ;
#518 = ORIENTED_EDGE ( 'NONE', *, *, #5105, .F. ) ;
#519 = VECTOR ( 'NONE', #3197, 1000.000000000000000 ) ;
#520 = AXIS2_PLACEMENT_3D ( 'NONE', #7411, #6931, #5674 ) ;
#521 = ORIENTED_EDGE ( 'NONE', *, *, #4959, .T. ) ;
#522 = ADVANCED_FACE ( 'NONE', ( #1809 ), #6114, .T. ) ;
#523 = DIRECTION ( 'NONE',  ( -1.000000000000000000, 0.000000000000000000, 0.000000000000000000 ) ) ;
#524 = CYLINDRICAL_SURFACE ( 'NONE', #6899, 0.1250000000000003331 ) ;
#525 = DIRECTION ( 'NONE',  ( -0.000000000000000000, -1.000000000000000000, -0.000000000000000000 ) ) ;
#526 = CARTESIAN_POINT ( 'NONE',  ( 1.499999999999999556, 0.1000000000000000472, -1.299999999999999822 ) ) ;
#527 = CARTESIAN_POINT ( 'NONE',  ( 0.6250000000000008882, 0.1000000000000000056, 1.500000000000000222 ) ) ;
#528 = EDGE_CURVE ( 'NONE', #2679, #123, #7099, .T. ) ;
#529 = DIRECTION ( 'NONE',  ( 0.000000000000000000, -1.000000000000000000, 0.000000000000000000 ) ) ;
#530 = ORIENTED_EDGE ( 'NONE', *, *, #4512, .F. ) ;
#531 = DIRECTION ( 'NONE',  ( -0.000000000000000000, -0.000000000000000000, -1.000000000000000000 ) ) ;
#532 = ORIENTED_EDGE ( 'NONE', *, *, #5523, .T. ) ;
#533 = LINE ( 'NONE', #6456, #3133 ) ;
#534 = DIRECTION ( 'NONE',  ( -0.000000000000000000, -1.000000000000000000, -0.000000000000000000 ) ) ;
#535 = CARTESIAN_POINT ( 'NONE',  ( 1.299999999999999600, 0.6303300858899107961, -1.299999999999999822 ) ) ;
#536 = VERTEX_POINT ( 'NONE', #7283 ) ;
#537 = LINE ( 'NONE', #1740, #550 ) ;
#538 = DIRECTION ( 'NONE',  ( -0.000000000000000000, -1.000000000000000000, -0.000000000000000000 ) ) ;
#539 = CARTESIAN_POINT ( 'NONE',  ( -0.1250000000000026923, 0.05000000000000000278, 2.956915015869628276E-16 ) ) ;
#540 = FACE_OUTER_BOUND ( 'NONE', #4675, .T. ) ;
#541 = DIRECTION ( 'NONE',  ( 1.000000000000000000, 0.000000000000000000, -0.000000000000000000 ) ) ;
#542 = DIRECTION ( 'NONE',  ( 0.000000000000000000, -1.000000000000000000, 0.000000000000000000 ) ) ;
#543 = ORIENTED_EDGE ( 'NONE', *, *, #3656, .T. ) ;
#544 = PLANE ( 'NONE',  #5756 ) ;
#545 = DIRECTION ( 'NONE',  ( 1.000000000000000000, -0.000000000000000000, 0.000000000000000000 ) ) ;
#546 = EDGE_LOOP ( 'NONE', ( #7835, #6318, #3144, #1175 ) ) ;
#547 = CARTESIAN_POINT ( 'NONE',  ( -0.2499999999999995837, 0.1000000000000000056, 1.225000000000000311 ) ) ;
#548 = DIRECTION ( 'NONE',  ( 1.000000000000000000, 0.000000000000000000, 3.942553354492735642E-16 ) ) ;
#549 = EDGE_LOOP ( 'NONE', ( #7223, #7814, #7156, #4392 ) ) ;
#550 = VECTOR ( 'NONE', #2373, 1000.000000000000000 ) ;
#551 = AXIS2_PLACEMENT_3D ( 'NONE', #1517, #4936, #6111 ) ;
#552 = DIRECTION ( 'NONE',  ( -1.000000000000000000, 0.000000000000000000, 0.000000000000000000 ) ) ;
#553 = EDGE_CURVE ( 'NONE', #4515, #3914, #4492, .T. ) ;
#554 = COLOUR_RGB ( '',0.7921568627450980005, 0.8196078431372548767, 0.9333333333333333481 ) ;
#555 = ORIENTED_EDGE ( 'NONE', *, *, #3075, .F. ) ;
#556 = ORIENTED_EDGE ( 'NONE', *, *, #1084, .T. ) ;
#557 = FACE_OUTER_BOUND ( 'NONE', #847, .T. ) ;
#558 = EDGE_CURVE ( 'NONE', #6022, #4123, #4208, .T. ) ;
#559 = DIRECTION ( 'NONE',  ( 1.000000000000000000, 0.000000000000000000, -3.942553354492735642E-16 ) ) ;
#560 = DIRECTION ( 'NONE',  ( 0.000000000000000000, 1.000000000000000000, 0.000000000000000000 ) ) ;
#561 = ORIENTED_EDGE ( 'NONE', *, *, #3003, .F. ) ;
#562 = LINE ( 'NONE', #6927, #3016 ) ;
#563 = DIRECTION ( 'NONE',  ( 0.000000000000000000, 1.000000000000000000, 0.000000000000000000 ) ) ;
#564 = DIRECTION ( 'NONE',  ( 0.000000000000000000, 0.000000000000000000, 1.000000000000000000 ) ) ;
#565 = ORIENTED_EDGE ( 'NONE', *, *, #6255, .F. ) ;
#566 = ORIENTED_EDGE ( 'NONE', *, *, #6460, .T. ) ;
#567 = CARTESIAN_POINT ( 'NONE',  ( 0.7000000000000000666, 0.05000000000000012768, -0.7000000000000000666 ) ) ;
#568 = PLANE ( 'NONE',  #7591 ) ;
#569 = VERTEX_POINT ( 'NONE', #2932 ) ;
#570 = FACE_OUTER_BOUND ( 'NONE', #5473, .T. ) ;
#571 = ADVANCED_FACE ( 'NONE', ( #1616 ), #1117, .F. ) ;
#572 = EDGE_CURVE ( 'NONE', #881, #4334, #2050, .T. ) ;
#573 = PRESENTATION_LAYER_ASSIGNMENT (  '', '', ( #2112 ) ) ;
#574 = ORIENTED_EDGE ( 'NONE', *, *, #7202, .F. ) ;
#575 = CARTESIAN_POINT ( 'NONE',  ( 1.500000000000000000, 0.5716990566028299359, -0.3749999999999991673 ) ) ;
#576 = VECTOR ( 'NONE', #4221, 1000.000000000000000 ) ;
#577 = CARTESIAN_POINT ( 'NONE',  ( 0.8750000000000008882, 0.04999999999999969746, 1.499999999999999778 ) ) ;
#578 = CYLINDRICAL_SURFACE ( 'NONE', #5012, 0.1250000000000003331 ) ;
#579 = CARTESIAN_POINT ( 'NONE',  ( 0.3750000000000005551, 0.09999999999999999167, -1.499999999999999778 ) ) ;
#580 = EDGE_CURVE ( 'NONE', #7182, #5251, #4575, .T. ) ;
#581 = ORIENTED_EDGE ( 'NONE', *, *, #7826, .T. ) ;
#582 = CARTESIAN_POINT ( 'NONE',  ( -0.1249999999999994588, 0.000000000000000000, -1.499999999999999778 ) ) ;
#583 = ORIENTED_EDGE ( 'NONE', *, *, #650, .F. ) ;
#584 = VECTOR ( 'NONE', #4695, 1000.000000000000000 ) ;
#585 = CARTESIAN_POINT ( 'NONE',  ( -3.449734185181142763E-16, 0.05000000000000000278, -0.8749999999999996669 ) ) ;
#586 = DIRECTION ( 'NONE',  ( -0.000000000000000000, -1.000000000000000000, -0.000000000000000000 ) ) ;
#587 = ORIENTED_EDGE ( 'NONE', *, *, #3442, .F. ) ;
#588 = ADVANCED_FACE ( 'NONE', ( #1988 ), #5375, .T. ) ;
#589 = LINE ( 'NONE', #243, #444 ) ;
#590 = CARTESIAN_POINT ( 'NONE',  ( 1.225000000000000089, 0.6303300858899107961, -1.225000000000000311 ) ) ;
#591 = AXIS2_PLACEMENT_3D ( 'NONE', #1554, #7615, #5691 ) ;
#592 = PLANE ( 'NONE',  #7849 ) ;
#593 = LINE ( 'NONE', #2913, #382 ) ;
#594 = PLANE ( 'NONE',  #1888 ) ;
#595 = VERTEX_POINT ( 'NONE', #1832 ) ;
#596 = EDGE_CURVE ( 'NONE', #975, #3964, #7389, .T. ) ;
#597 = EDGE_CURVE ( 'NONE', #877, #1083, #7131, .T. ) ;
#598 = DIRECTION ( 'NONE',  ( 0.000000000000000000, 0.000000000000000000, 1.000000000000000000 ) ) ;
#599 = ORIENTED_EDGE ( 'NONE', *, *, #2276, .F. ) ;
#600 = DIRECTION ( 'NONE',  ( 2.365532012695651739E-15, 0.000000000000000000, 1.000000000000000000 ) ) ;
#601 = DIRECTION ( 'NONE',  ( -1.000000000000000000, -0.000000000000000000, -0.000000000000000000 ) ) ;
#602 = VERTEX_POINT ( 'NONE', #3077 ) ;
#603 = VECTOR ( 'NONE', #3697, 1000.000000000000000 ) ;
#604 = CARTESIAN_POINT ( 'NONE',  ( 1.299999999999999600, 0.09999999999999999167, 1.499999999999999778 ) ) ;
#605 = AXIS2_PLACEMENT_3D ( 'NONE', #1246, #6187, #4944 ) ;
#606 = ORIENTED_EDGE ( 'NONE', *, *, #2299, .F. ) ;
#607 = DIRECTION ( 'NONE',  ( -3.942553354492735642E-16, 0.000000000000000000, 1.000000000000000000 ) ) ;
#608 = ORIENTED_EDGE ( 'NONE', *, *, #3626, .T. ) ;
#609 = FACE_OUTER_BOUND ( 'NONE', #1672, .T. ) ;
#610 = EDGE_CURVE ( 'NONE', #5237, #3417, #7147, .T. ) ;
#611 = CARTESIAN_POINT ( 'NONE',  ( 1.500000000000000000, 0.09999999999999999167, 0.8749999999999998890 ) ) ;
#612 = CARTESIAN_POINT ( 'NONE',  ( 0.6250000000000004441, 0.5716990566028304910, 1.225000000000000311 ) ) ;
#613 = VERTEX_POINT ( 'NONE', #4373 ) ;
#614 = CIRCLE ( 'NONE', #2604, 0.1249999999999998890 ) ;
#615 = CARTESIAN_POINT ( 'NONE',  ( 1.500000000000000000, 0.000000000000000000, -0.6250000000000001110 ) ) ;
#616 = DIRECTION ( 'NONE',  ( 0.000000000000000000, 1.000000000000000000, 0.000000000000000000 ) ) ;
#617 = VERTEX_POINT ( 'NONE', #5418 ) ;
#618 = ADVANCED_FACE ( 'NONE', ( #2148 ), #5996, .F. ) ;
#619 = VERTEX_POINT ( 'NONE', #7341 ) ;
#620 = DIRECTION ( 'NONE',  ( -0.000000000000000000, -1.000000000000000000, -0.000000000000000000 ) ) ;
#621 = DIRECTION ( 'NONE',  ( -1.000000000000000000, 0.000000000000000000, -1.734723475976807094E-15 ) ) ;
#622 = ORIENTED_EDGE ( 'NONE', *, *, #5744, .F. ) ;
#623 = VECTOR ( 'NONE', #1946, 1000.000000000000000 ) ;
#624 = EDGE_CURVE ( 'NONE', #5459, #6319, #4720, .T. ) ;
#625 = VERTEX_POINT ( 'NONE', #1894 ) ;
#626 = DIRECTION ( 'NONE',  ( 1.577021341797098201E-15, -0.000000000000000000, 1.000000000000000000 ) ) ;
#627 = CARTESIAN_POINT ( 'NONE',  ( -1.299999999999999156, 0.1000000000000000472, 1.300000000000000266 ) ) ;
#628 = VECTOR ( 'NONE', #5097, 1000.000000000000000 ) ;
#629 = DIRECTION ( 'NONE',  ( 0.000000000000000000, -1.000000000000000000, 0.000000000000000000 ) ) ;
#630 = FACE_OUTER_BOUND ( 'NONE', #6641, .T. ) ;
#631 = CARTESIAN_POINT ( 'NONE',  ( -0.7499999999999995559, 0.1000000000000000056, 1.225000000000000311 ) ) ;
#632 = DIRECTION ( 'NONE',  ( 1.000000000000000000, -0.000000000000000000, -7.228014483236695816E-17 ) ) ;
#633 = ORIENTED_EDGE ( 'NONE', *, *, #5635, .T. ) ;
#634 = DIRECTION ( 'NONE',  ( 0.000000000000000000, 0.000000000000000000, 1.000000000000000000 ) ) ;
#635 = VERTEX_POINT ( 'NONE', #6046 ) ;
#636 = ADVANCED_FACE ( 'NONE', ( #2105 ), #84, .T. ) ;
#637 = CARTESIAN_POINT ( 'NONE',  ( 0.2500000000000004441, 0.000000000000000000, 1.225000000000000311 ) ) ;
#638 = CARTESIAN_POINT ( 'NONE',  ( -0.3749999999999991673, 0.5716990566028304910, 1.500000000000000222 ) ) ;
#639 = ORIENTED_EDGE ( 'NONE', *, *, #2586, .F. ) ;
#640 = CYLINDRICAL_SURFACE ( 'NONE', #6198, 0.1249999999999998890 ) ;
#641 = CARTESIAN_POINT ( 'NONE',  ( 1.225000000000000089, 0.09999999999999999167, -1.124999999999999778 ) ) ;
#642 = CARTESIAN_POINT ( 'NONE',  ( -0.1250000000000001110, 0.5716990566028304910, -1.225000000000000311 ) ) ;
#643 = CYLINDRICAL_SURFACE ( 'NONE', #5780, 0.1249999999999995698 ) ;
#644 = EDGE_LOOP ( 'NONE', ( #890, #7164, #727, #4342 ) ) ;
#645 = PLANE ( 'NONE',  #38 ) ;
#646 = AXIS2_PLACEMENT_3D ( 'NONE', #6747, #2841, #4797 ) ;
#647 = ORIENTED_EDGE ( 'NONE', *, *, #2546, .F. ) ;
#648 = STYLED_ITEM ( 'NONE', ( #7783 ), #4630 ) ;
#649 = UNCERTAINTY_MEASURE_WITH_UNIT (LENGTH_MEASURE( 1.000000000000000082E-05 ), #4488, 'distance_accuracy_value', 'NONE');
#650 = EDGE_CURVE ( 'NONE', #6503, #6735, #4672, .T. ) ;
#651 = VERTEX_POINT ( 'NONE', #1060 ) ;
#652 = ADVANCED_FACE ( 'NONE', ( #7307 ), #7189, .F. ) ;
#653 = CARTESIAN_POINT ( 'NONE',  ( -1.500000000000000000, 0.000000000000000000, 0.3749999999999998890 ) ) ;
#654 = FACE_OUTER_BOUND ( 'NONE', #6297, .T. ) ;
#655 = EDGE_CURVE ( 'NONE', #3350, #1393, #7350, .T. ) ;
#656 = AXIS2_PLACEMENT_3D ( 'NONE', #2123, #2007, #4883 ) ;
#657 = VERTEX_POINT ( 'NONE', #5663 ) ;
#658 = CARTESIAN_POINT ( 'NONE',  ( -1.224999999999999423, 0.000000000000000000, -0.8749999999999992228 ) ) ;
#659 = ORIENTED_EDGE ( 'NONE', *, *, #6718, .T. ) ;
#660 = LINE ( 'NONE', #206, #714 ) ;
#661 = CARTESIAN_POINT ( 'NONE',  ( -0.3749999999999998890, 0.09999999999999999167, -1.225000000000000311 ) ) ;
#662 = DIRECTION ( 'NONE',  ( 1.577021341797098201E-15, 0.000000000000000000, -1.000000000000000000 ) ) ;
#663 = ORIENTED_EDGE ( 'NONE', *, *, #259, .T. ) ;
#664 = FACE_OUTER_BOUND ( 'NONE', #3146, .T. ) ;
#665 = CARTESIAN_POINT ( 'NONE',  ( 0.3750000000000009992, 0.1000000000000002554, 1.499999999999999778 ) ) ;
#666 = MECHANICAL_DESIGN_GEOMETRIC_PRESENTATION_REPRESENTATION (  '', ( #4553 ), #4067 ) ;
#667 = VECTOR ( 'NONE', #5892, 1000.000000000000000 ) ;
#668 = DIRECTION ( 'NONE',  ( 0.000000000000000000, 1.000000000000000000, 0.000000000000000000 ) ) ;
#669 = EDGE_CURVE ( 'NONE', #457, #4195, #1881, .T. ) ;
#670 = VERTEX_POINT ( 'NONE', #187 ) ;
#671 =( GEOMETRIC_REPRESENTATION_CONTEXT ( 3 ) GLOBAL_UNCERTAINTY_ASSIGNED_CONTEXT ( ( #4825 ) ) GLOBAL_UNIT_ASSIGNED_CONTEXT ( ( #7573, #6947, #4587 ) ) REPRESENTATION_CONTEXT ( 'NONE', 'WORKASPACE' ) );
#672 = CARTESIAN_POINT ( 'NONE',  ( 0.6250000000000001110, 0.1000000000000000056, -1.225000000000000311 ) ) ;
#673 = DIRECTION ( 'NONE',  ( 0.000000000000000000, 1.000000000000000000, 0.000000000000000000 ) ) ;
#674 = ORIENTED_EDGE ( 'NONE', *, *, #5581, .F. ) ;
#675 = VECTOR ( 'NONE', #1352, 1000.000000000000000 ) ;
#676 = ORIENTED_EDGE ( 'NONE', *, *, #6182, .F. ) ;
#677 = EDGE_CURVE ( 'NONE', #5144, #6817, #7293, .T. ) ;
#678 = EDGE_CURVE ( 'NONE', #5391, #6235, #2026, .T. ) ;
#679 = PLANE ( 'NONE',  #5675 ) ;
#680 = CARTESIAN_POINT ( 'NONE',  ( -1.500000000000000000, 0.04999999999999969746, 0.1250000000000008604 ) ) ;
#681 = LINE ( 'NONE', #3203, #879 ) ;
#682 = DIRECTION ( 'NONE',  ( 1.577021341797098398E-15, 0.000000000000000000, -1.000000000000000000 ) ) ;
#683 = CARTESIAN_POINT ( 'NONE',  ( -1.224999999999999423, 0.09999999999999999167, -0.8749999999999992228 ) ) ;
#684 = ADVANCED_FACE ( 'NONE', ( #4589 ), #4697, .F. ) ;
#685 = ORIENTED_EDGE ( 'NONE', *, *, #7043, .T. ) ;
#686 = CIRCLE ( 'NONE', #1908, 0.1249999999999995698 ) ;
#687 = CARTESIAN_POINT ( 'NONE',  ( 1.499999999999999556, 0.000000000000000000, 1.299999999999999822 ) ) ;
#688 = ORIENTED_EDGE ( 'NONE', *, *, #6614, .F. ) ;
#689 = VECTOR ( 'NONE', #7438, 1000.000000000000000 ) ;
#690 = EDGE_CURVE ( 'NONE', #3703, #7180, #4728, .T. ) ;
#691 = ORIENTED_EDGE ( 'NONE', *, *, #6193, .T. ) ;
#692 = CIRCLE ( 'NONE', #6618, 0.1249999999999998890 ) ;
#693 = SURFACE_STYLE_USAGE ( .BOTH. , #3237 ) ;
#694 = DIRECTION ( 'NONE',  ( 0.000000000000000000, 0.000000000000000000, 1.000000000000000000 ) ) ;
#695 = ORIENTED_EDGE ( 'NONE', *, *, #1084, .F. ) ;
#696 = EDGE_CURVE ( 'NONE', #2590, #4431, #4758, .T. ) ;
#697 = ORIENTED_EDGE ( 'NONE', *, *, #3256, .T. ) ;
#698 = DIRECTION ( 'NONE',  ( 0.000000000000000000, -0.000000000000000000, 1.000000000000000000 ) ) ;
#699 = CARTESIAN_POINT ( 'NONE',  ( 1.124999999999999556, 0.05000000000000000278, 0.000000000000000000 ) ) ;
#700 = FACE_OUTER_BOUND ( 'NONE', #6987, .T. ) ;
#701 = CARTESIAN_POINT ( 'NONE',  ( 0.2500000000000002220, 0.000000000000000000, -1.224999999999999867 ) ) ;
#702 = VERTEX_POINT ( 'NONE', #5568 ) ;
#703 = FACE_OUTER_BOUND ( 'NONE', #5992, .T. ) ;
#704 = ADVANCED_FACE ( 'NONE', ( #4565 ), #4554, .F. ) ;
#705 = AXIS2_PLACEMENT_3D ( 'NONE', #228, #3275, #3173 ) ;
#706 = ORIENTED_EDGE ( 'NONE', *, *, #170, .T. ) ;
#707 = VECTOR ( 'NONE', #2644, 1000.000000000000000 ) ;
#708 = CARTESIAN_POINT ( 'NONE',  ( -0.8749999999999994449, 0.000000000000000000, -1.500000000000000222 ) ) ;
#709 = VECTOR ( 'NONE', #2645, 1000.000000000000000 ) ;
#710 = EDGE_CURVE ( 'NONE', #7601, #5459, #4518, .T. ) ;
#711 = ORIENTED_EDGE ( 'NONE', *, *, #4079, .T. ) ;
#712 = DIRECTION ( 'NONE',  ( -0.000000000000000000, -1.000000000000000000, -0.000000000000000000 ) ) ;
#713 = ORIENTED_EDGE ( 'NONE', *, *, #2398, .F. ) ;
#714 = VECTOR ( 'NONE', #6878, 1000.000000000000000 ) ;
#715 = PLANE ( 'NONE',  #1140 ) ;
#716 = CARTESIAN_POINT ( 'NONE',  ( 1.224999999999999423, 0.05000000000000002359, 0.1250000000000007494 ) ) ;
#717 = CARTESIAN_POINT ( 'NONE',  ( 1.299999999999999600, 0.09999999999999999167, 1.299999999999999822 ) ) ;
#718 = EDGE_LOOP ( 'NONE', ( #7301, #1710, #4569, #4501 ) ) ;
#719 = PLANE ( 'NONE',  #6912 ) ;
#720 = CIRCLE ( 'NONE', #2787, 0.1249999999999998890 ) ;
#721 = CARTESIAN_POINT ( 'NONE',  ( -1.224999999999999423, 0.09999999999999999167, -0.2499999999999996669 ) ) ;
#722 = ORIENTED_EDGE ( 'NONE', *, *, #1876, .T. ) ;
#723 = LINE ( 'NONE', #1040, #5927 ) ;
#724 = CARTESIAN_POINT ( 'NONE',  ( 0.3750000000000005551, 0.1000000000000000056, -1.499999999999999778 ) ) ;
#725 = EDGE_LOOP ( 'NONE', ( #4638, #3585, #1591, #5511 ) ) ;
#726 = FACE_OUTER_BOUND ( 'NONE', #759, .T. ) ;
#727 = ORIENTED_EDGE ( 'NONE', *, *, #2620, .F. ) ;
#728 = AXIS2_PLACEMENT_3D ( 'NONE', #1143, #7310, #6429 ) ;
#729 = CARTESIAN_POINT ( 'NONE',  ( 0.1250000000000003331, 0.000000000000000000, -1.225000000000000311 ) ) ;
#730 = FACE_OUTER_BOUND ( 'NONE', #4151, .T. ) ;
#731 = SURFACE_STYLE_USAGE ( .BOTH. , #6840 ) ;
#732 = DIRECTION ( 'NONE',  ( 0.000000000000000000, -1.000000000000000000, 0.000000000000000000 ) ) ;
#733 = EDGE_CURVE ( 'NONE', #1011, #4037, #4744, .T. ) ;
#734 = LINE ( 'NONE', #4608, #3319 ) ;
#735 = CARTESIAN_POINT ( 'NONE',  ( -0.7499999999999995559, 0.09999999999999999167, 1.100000000000000533 ) ) ;
#736 = DIRECTION ( 'NONE',  ( 2.365532012695651739E-15, 0.000000000000000000, -1.000000000000000000 ) ) ;
#737 = ORIENTED_EDGE ( 'NONE', *, *, #5700, .T. ) ;
#738 = CIRCLE ( 'NONE', #1496, 0.1000000000000006994 ) ;
#739 = CARTESIAN_POINT ( 'NONE',  ( -0.2499999999999995837, 0.1000000000000000056, 1.100000000000000533 ) ) ;
#740 = ORIENTED_EDGE ( 'NONE', *, *, #2299, .T. ) ;
#741 = VECTOR ( 'NONE', #52, 1000.000000000000000 ) ;
#742 = EDGE_CURVE ( 'NONE', #5345, #1641, #4534, .T. ) ;
#743 = DIRECTION ( 'NONE',  ( 0.000000000000000000, -1.000000000000000000, 0.000000000000000000 ) ) ;
#744 = CARTESIAN_POINT ( 'NONE',  ( 0.3750000000000008882, 0.1000000000000000056, 1.499999999999999778 ) ) ;
#745 = CARTESIAN_POINT ( 'NONE',  ( 0.3749999999999998890, 0.1000000000000000056, -1.225000000000000311 ) ) ;
#746 = ORIENTED_EDGE ( 'NONE', *, *, #1332, .T. ) ;
#747 = APPLICATION_CONTEXT ( 'automotive_design' ) ;
#748 = VECTOR ( 'NONE', #1366, 1000.000000000000000 ) ;
#749 = MECHANICAL_DESIGN_GEOMETRIC_PRESENTATION_REPRESENTATION (  '', ( #648 ), #2188 ) ;
#750 = UNCERTAINTY_MEASURE_WITH_UNIT (LENGTH_MEASURE( 1.000000000000000082E-05 ), #5276, 'distance_accuracy_value', 'NONE');
#751 = EDGE_CURVE ( 'NONE', #1073, #4454, #2036, .T. ) ;
#752 = DIRECTION ( 'NONE',  ( -3.942553354492735642E-16, 0.000000000000000000, 1.000000000000000000 ) ) ;
#753 = EDGE_LOOP ( 'NONE', ( #1124, #4988, #1448, #2534 ) ) ;
#754 = CARTESIAN_POINT ( 'NONE',  ( -1.224999999999999423, 0.09999999999999999167, -0.8749999999999992228 ) ) ;
#755 = ORIENTED_EDGE ( 'NONE', *, *, #2852, .F. ) ;
#756 = FACE_OUTER_BOUND ( 'NONE', #4001, .T. ) ;
#757 = EDGE_CURVE ( 'NONE', #7125, #5158, #4550, .T. ) ;
#758 = AXIS2_PLACEMENT_3D ( 'NONE', #1725, #7843, #548 ) ;
#759 = EDGE_LOOP ( 'NONE', ( #5902, #6141, #3893, #518 ) ) ;
#760 = AXIS2_PLACEMENT_3D ( 'NONE', #3099, #773, #3827 ) ;
#761 = FACE_OUTER_BOUND ( 'NONE', #7127, .T. ) ;
#762 = CIRCLE ( 'NONE', #7109, 0.1249999999999995698 ) ;
#763 = EDGE_CURVE ( 'NONE', #7158, #5250, #1949, .T. ) ;
#764 = ORIENTED_EDGE ( 'NONE', *, *, #476, .T. ) ;
#765 = PLANE ( 'NONE',  #5410 ) ;
#766 = VECTOR ( 'NONE', #992, 1000.000000000000000 ) ;
#767 = ORIENTED_EDGE ( 'NONE', *, *, #4245, .T. ) ;
#768 = FACE_OUTER_BOUND ( 'NONE', #1778, .T. ) ;
#769 = ADVANCED_FACE ( 'NONE', ( #1962 ), #1421, .F. ) ;
#770 = CARTESIAN_POINT ( 'NONE',  ( -1.224999999999999645, 0.05000000000000001665, 1.125000000000000222 ) ) ;
#771 = AXIS2_PLACEMENT_3D ( 'NONE', #5909, #5339, #2901 ) ;
#772 = DIRECTION ( 'NONE',  ( -0.000000000000000000, -0.000000000000000000, 1.000000000000000000 ) ) ;
#773 = DIRECTION ( 'NONE',  ( 1.000000000000000000, 0.000000000000000000, 0.000000000000000000 ) ) ;
#774 = ORIENTED_EDGE ( 'NONE', *, *, #4357, .T. ) ;
#775 = EDGE_CURVE ( 'NONE', #1429, #5332, #7256, .T. ) ;
#776 = FACE_OUTER_BOUND ( 'NONE', #1444, .T. ) ;
#777 = VERTEX_POINT ( 'NONE', #6913 ) ;
#778 = CARTESIAN_POINT ( 'NONE',  ( 1.499999999999999556, 0.8000000000000003775, -1.500000000000000222 ) ) ;
#779 = PRESENTATION_LAYER_ASSIGNMENT (  '', '', ( #5101 ) ) ;
#780 = FACE_OUTER_BOUND ( 'NONE', #34, .T. ) ;
#781 = DIRECTION ( 'NONE',  ( 0.000000000000000000, 0.000000000000000000, -1.000000000000000000 ) ) ;
#782 = EDGE_LOOP ( 'NONE', ( #4284, #1154, #4126, #1488 ) ) ;
#783 = CARTESIAN_POINT ( 'NONE',  ( -1.124999999999999112, 0.000000000000000000, -1.500000000000000222 ) ) ;
#784 = EDGE_CURVE ( 'NONE', #928, #1867, #4617, .T. ) ;
#785 = EDGE_CURVE ( 'NONE', #1074, #4333, #4602, .T. ) ;
#786 = CARTESIAN_POINT ( 'NONE',  ( -0.8749999999999996669, 0.1000000000000000056, -1.225000000000000311 ) ) ;
#787 = ORIENTED_EDGE ( 'NONE', *, *, #5039, .T. ) ;
#788 = MECHANICAL_DESIGN_GEOMETRIC_PRESENTATION_REPRESENTATION (  '', ( #5795 ), #4865 ) ;
#789 = ORIENTED_EDGE ( 'NONE', *, *, #6032, .T. ) ;
#790 = CARTESIAN_POINT ( 'NONE',  ( -0.7499999999999995559, 0.1000000000000000056, 1.225000000000000311 ) ) ;
#791 = LINE ( 'NONE', #7750, #5937 ) ;
#792 = ORIENTED_EDGE ( 'NONE', *, *, #878, .F. ) ;
#793 = CARTESIAN_POINT ( 'NONE',  ( -0.3749999999999991673, 0.000000000000000000, 1.500000000000000222 ) ) ;
#794 = CARTESIAN_POINT ( 'NONE',  ( 1.299999999999999600, 0.1000000000000000472, 1.299999999999999822 ) ) ;
#795 = LINE ( 'NONE', #5593, #3468 ) ;
#796 = DIRECTION ( 'NONE',  ( 3.942553354492735642E-16, -0.000000000000000000, 1.000000000000000000 ) ) ;
#797 = CARTESIAN_POINT ( 'NONE',  ( -0.3749999999999991673, 0.04999999999999969746, 1.500000000000000222 ) ) ;
#798 = VERTEX_POINT ( 'NONE', #2619 ) ;
#799 = VECTOR ( 'NONE', #6438, 1000.000000000000000 ) ;
#800 = CARTESIAN_POINT ( 'NONE',  ( -1.125000000000000222, 0.8000000000000000444, -1.125000000000000000 ) ) ;
#801 = ORIENTED_EDGE ( 'NONE', *, *, #7196, .T. ) ;
#802 = EDGE_CURVE ( 'NONE', #6968, #3864, #4656, .T. ) ;
#803 = MANIFOLD_SOLID_BREP ( 'LPattern3[5]', #3480 ) ;
#804 = FILL_AREA_STYLE_COLOUR ( '', #7277 ) ;
#805 = CARTESIAN_POINT ( 'NONE',  ( -1.299999999999999156, 0.09999999999999999167, -1.500000000000000222 ) ) ;
#806 = ORIENTED_EDGE ( 'NONE', *, *, #3340, .T. ) ;
#807 = LINE ( 'NONE', #4404, #820 ) ;
#808 = ORIENTED_EDGE ( 'NONE', *, *, #6433, .F. ) ;
#809 = CARTESIAN_POINT ( 'NONE',  ( 1.299999999999999600, 0.1000000000000000472, 1.299999999999999822 ) ) ;
#810 = CIRCLE ( 'NONE', #63, 0.1249999999999998890 ) ;
#811 = AXIS2_PLACEMENT_3D ( 'NONE', #6671, #3025, #682 ) ;
#812 = CARTESIAN_POINT ( 'NONE',  ( -0.1249999999999994588, 0.5716990566028304910, -1.499999999999999778 ) ) ;
#813 = ORIENTED_EDGE ( 'NONE', *, *, #610, .T. ) ;
#814 = CARTESIAN_POINT ( 'NONE',  ( -1.125000000000000222, 0.6999999999999999556, -1.250000000000000222 ) ) ;
#815 = LINE ( 'NONE', #5259, #799 ) ;
#816 = ORIENTED_EDGE ( 'NONE', *, *, #4474, .T. ) ;
#817 = LINE ( 'NONE', #5307, #3402 ) ;
#818 = EDGE_CURVE ( 'NONE', #1030, #3560, #3351, .T. ) ;
#819 = EDGE_LOOP ( 'NONE', ( #4103, #1857, #4653, #1712 ) ) ;
#820 = VECTOR ( 'NONE', #3152, 1000.000000000000000 ) ;
#821 = ORIENTED_EDGE ( 'NONE', *, *, #2088, .T. ) ;
#822 = EDGE_LOOP ( 'NONE', ( #4525, #6664, #1802, #3011 ) ) ;
#823 = CARTESIAN_POINT ( 'NONE',  ( -0.7499999999999997780, 0.1000000000000000056, -1.224999999999999867 ) ) ;
#824 = VECTOR ( 'NONE', #7161, 1000.000000000000000 ) ;
#825 = VERTEX_POINT ( 'NONE', #1627 ) ;
#826 = PRESENTATION_STYLE_ASSIGNMENT (( #2584 ) ) ;
#827 = DIRECTION ( 'NONE',  ( 0.000000000000000000, -0.000000000000000000, 1.000000000000000000 ) ) ;
#828 = DIRECTION ( 'NONE',  ( 0.000000000000000000, 0.000000000000000000, -1.000000000000000000 ) ) ;
#829 = CARTESIAN_POINT ( 'NONE',  ( 0.1250000000000001110, 0.1000000000000000056, -1.225000000000000311 ) ) ;
#830 = CLOSED_SHELL ( 'NONE', ( #7749, #6316, #2472, #4968, #72, #2867, #4957 ) ) ;
#831 = CARTESIAN_POINT ( 'NONE',  ( -1.500000000000000000, 0.5716990566028299359, -0.1250000000000001110 ) ) ;
#832 = VECTOR ( 'NONE', #6630, 1000.000000000000000 ) ;
#833 = EDGE_LOOP ( 'NONE', ( #4826, #3251, #6830, #3238 ) ) ;
#834 = VECTOR ( 'NONE', #6628, 1000.000000000000000 ) ;
#835 = DIRECTION ( 'NONE',  ( -0.000000000000000000, -1.000000000000000000, -0.000000000000000000 ) ) ;
#836 = ORIENTED_EDGE ( 'NONE', *, *, #6055, .F. ) ;
#837 = VECTOR ( 'NONE', #5447, 1000.000000000000000 ) ;
#838 = DIRECTION ( 'NONE',  ( 1.000000000000000000, -0.000000000000000000, -1.734723475976807094E-15 ) ) ;
#839 = CARTESIAN_POINT ( 'NONE',  ( 1.124999999999999556, 0.1000000000000000472, 1.499999999999999778 ) ) ;
#840 = ORIENTED_EDGE ( 'NONE', *, *, #6647, .F. ) ;
#841 = AXIS2_PLACEMENT_3D ( 'NONE', #5348, #7261, #7723 ) ;
#842 = ADVANCED_FACE ( 'NONE', ( #6183 ), #6473, .T. ) ;
#843 = EDGE_CURVE ( 'NONE', #4191, #7378, #948, .T. ) ;
#844 = ORIENTED_EDGE ( 'NONE', *, *, #2131, .T. ) ;
#845 = DIRECTION ( 'NONE',  ( 1.000000000000000000, 0.000000000000000000, 0.000000000000000000 ) ) ;
#846 = PRESENTATION_STYLE_ASSIGNMENT (( #1308 ) ) ;
#847 = EDGE_LOOP ( 'NONE', ( #1765, #4724, #4774, #6528 ) ) ;
#848 = DIRECTION ( 'NONE',  ( 1.000000000000000000, -0.000000000000000000, 0.000000000000000000 ) ) ;
#849 = EDGE_LOOP ( 'NONE', ( #6572, #316, #3380, #1714, #5959 ) ) ;
#850 = EDGE_CURVE ( 'NONE', #7699, #5326, #738, .T. ) ;
#851 = DIRECTION ( 'NONE',  ( 0.000000000000000000, 0.000000000000000000, 1.000000000000000000 ) ) ;
#852 = FILL_AREA_STYLE ('',( #6293 ) ) ;
#853 = VERTEX_POINT ( 'NONE', #4121 ) ;
#854 = LINE ( 'NONE', #7715, #5918 ) ;
#855 = CARTESIAN_POINT ( 'NONE',  ( -1.224999999999999423, 0.09999999999999999167, 0.8749999999999998890 ) ) ;
#856 = VERTEX_POINT ( 'NONE', #4074 ) ;
#857 = VECTOR ( 'NONE', #4725, 1000.000000000000000 ) ;
#858 = DIRECTION ( 'NONE',  ( 0.000000000000000000, -1.000000000000000000, 0.000000000000000000 ) ) ;
#859 = DIRECTION ( 'NONE',  ( 0.000000000000000000, 0.000000000000000000, 1.000000000000000000 ) ) ;
#860 = CARTESIAN_POINT ( 'NONE',  ( 0.8749999999999998890, 0.1000000000000000056, -1.225000000000000311 ) ) ;
#861 = PLANE ( 'NONE',  #3134 ) ;
#862 = ORIENTED_EDGE ( 'NONE', *, *, #4701, .F. ) ;
#863 = VECTOR ( 'NONE', #6684, 1000.000000000000000 ) ;
#864 = ORIENTED_EDGE ( 'NONE', *, *, #7008, .T. ) ;
#865 = DIRECTION ( 'NONE',  ( 0.000000000000000000, 1.000000000000000000, 0.000000000000000000 ) ) ;
#866 = ORIENTED_EDGE ( 'NONE', *, *, #6224, .T. ) ;
#867 = VECTOR ( 'NONE', #5569, 1000.000000000000000 ) ;
#868 = EDGE_CURVE ( 'NONE', #4558, #1550, #854, .T. ) ;
#869 = VERTEX_POINT ( 'NONE', #1024 ) ;
#870 = PLANE ( 'NONE',  #7566 ) ;
#871 = CARTESIAN_POINT ( 'NONE',  ( -1.299999999999999156, 0.09999999999999999167, 1.300000000000000266 ) ) ;
#872 = AXIS2_PLACEMENT_3D ( 'NONE', #5432, #7249, #1132 ) ;
#873 = AXIS2_PLACEMENT_3D ( 'NONE', #701, #3042, #5427 ) ;
#874 = DIRECTION ( 'NONE',  ( -0.000000000000000000, -1.000000000000000000, -0.000000000000000000 ) ) ;
#875 = ORIENTED_EDGE ( 'NONE', *, *, #1917, .T. ) ;
#876 = SURFACE_STYLE_FILL_AREA ( #1540 ) ;
#877 = VERTEX_POINT ( 'NONE', #1676 ) ;
#878 = EDGE_CURVE ( 'NONE', #3080, #1648, #6164, .T. ) ;
#879 = VECTOR ( 'NONE', #7423, 1000.000000000000000 ) ;
#880 = VERTEX_POINT ( 'NONE', #1097 ) ;
#881 = VERTEX_POINT ( 'NONE', #7815 ) ;
#882 = ORIENTED_EDGE ( 'NONE', *, *, #2725, .F. ) ;
#883 = FACE_OUTER_BOUND ( 'NONE', #330, .T. ) ;
#884 = ORIENTED_EDGE ( 'NONE', *, *, #1378, .T. ) ;
#885 = AXIS2_PLACEMENT_3D ( 'NONE', #7122, #2309, #6515 ) ;
#886 = DIRECTION ( 'NONE',  ( 1.000000000000000000, 0.000000000000000000, 0.000000000000000000 ) ) ;
#887 = DIRECTION ( 'NONE',  ( 0.000000000000000000, 0.000000000000000000, 1.000000000000000000 ) ) ;
#888 = CARTESIAN_POINT ( 'NONE',  ( -1.224999999999999423, 0.5716990566028299359, 0.8749999999999998890 ) ) ;
#889 = VERTEX_POINT ( 'NONE', #5924 ) ;
#890 = ORIENTED_EDGE ( 'NONE', *, *, #2246, .F. ) ;
#891 = EDGE_LOOP ( 'NONE', ( #3567, #1031, #4225, #4280 ) ) ;
#892 = EDGE_CURVE ( 'NONE', #5251, #6821, #5973, .T. ) ;
#893 = EDGE_CURVE ( 'NONE', #4876, #635, #723, .T. ) ;
#894 = LINE ( 'NONE', #2934, #5938 ) ;
#895 = CARTESIAN_POINT ( 'NONE',  ( -1.224999999999999423, 0.5716990566028299359, 0.1250000000000007494 ) ) ;
#896 = ADVANCED_FACE ( 'NONE', ( #883 ), #3449, .F. ) ;
#897 = ORIENTED_EDGE ( 'NONE', *, *, #4430, .F. ) ;
#898 = VECTOR ( 'NONE', #3386, 1000.000000000000000 ) ;
#899 = ORIENTED_EDGE ( 'NONE', *, *, #3110, .F. ) ;
#900 = VECTOR ( 'NONE', #6554, 1000.000000000000000 ) ;
#901 = ORIENTED_EDGE ( 'NONE', *, *, #5823, .T. ) ;
#902 = VECTOR ( 'NONE', #1392, 1000.000000000000000 ) ;
#903 = ORIENTED_EDGE ( 'NONE', *, *, #4467, .T. ) ;
#904 = ORIENTED_EDGE ( 'NONE', *, *, #6719, .F. ) ;
#905 = DIRECTION ( 'NONE',  ( 0.000000000000000000, 0.000000000000000000, 1.000000000000000000 ) ) ;
#906 = EDGE_CURVE ( 'NONE', #6949, #4123, #3379, .T. ) ;
#907 = ORIENTED_EDGE ( 'NONE', *, *, #1816, .T. ) ;
#908 = LINE ( 'NONE', #5491, #6132 ) ;
#909 = CARTESIAN_POINT ( 'NONE',  ( -1.500000000000000000, 0.5716990566028299359, 0.6250000000000008882 ) ) ;
#910 = ORIENTED_EDGE ( 'NONE', *, *, #1701, .T. ) ;
#911 = ADVANCED_FACE ( 'NONE', ( #5984 ), #2825, .F. ) ;
#912 = DIRECTION ( 'NONE',  ( 0.000000000000000000, 0.000000000000000000, -1.000000000000000000 ) ) ;
#913 = DIRECTION ( 'NONE',  ( 0.000000000000000000, 1.000000000000000000, 0.000000000000000000 ) ) ;
#914 = DIRECTION ( 'NONE',  ( -0.000000000000000000, -1.000000000000000000, -0.000000000000000000 ) ) ;
#915 = DIRECTION ( 'NONE',  ( 0.000000000000000000, 0.000000000000000000, 1.000000000000000000 ) ) ;
#916 = ORIENTED_EDGE ( 'NONE', *, *, #2904, .F. ) ;
#917 = PRESENTATION_LAYER_ASSIGNMENT (  '', '', ( #5044 ) ) ;
#918 = ORIENTED_EDGE ( 'NONE', *, *, #272, .F. ) ;
#919 =( NAMED_UNIT ( * ) SI_UNIT ( $, .STERADIAN. ) SOLID_ANGLE_UNIT ( ) );
#920 = DIRECTION ( 'NONE',  ( 0.000000000000000000, -0.000000000000000000, 1.000000000000000000 ) ) ;
#921 = ORIENTED_EDGE ( 'NONE', *, *, #4670, .F. ) ;
#922 = VECTOR ( 'NONE', #3581, 1000.000000000000000 ) ;
#923 = EDGE_CURVE ( 'NONE', #6216, #2230, #3338, .T. ) ;
#924 = CLOSED_SHELL ( 'NONE', ( #2827, #2928, #3375, #5191, #3675, #3730 ) ) ;
#925 = DIRECTION ( 'NONE',  ( 0.000000000000000000, 0.000000000000000000, 1.000000000000000000 ) ) ;
#926 = DIRECTION ( 'NONE',  ( 0.000000000000000000, 0.000000000000000000, 1.000000000000000000 ) ) ;
#927 = DIRECTION ( 'NONE',  ( 0.000000000000000000, -0.000000000000000000, -1.000000000000000000 ) ) ;
#928 = VERTEX_POINT ( 'NONE', #5779 ) ;
#929 = ORIENTED_EDGE ( 'NONE', *, *, #3340, .F. ) ;
#930 = ORIENTED_EDGE ( 'NONE', *, *, #5314, .F. ) ;
#931 = ORIENTED_EDGE ( 'NONE', *, *, #7028, .F. ) ;
#932 = EDGE_LOOP ( 'NONE', ( #4717, #1958, #4669, #1741 ) ) ;
#933 = CARTESIAN_POINT ( 'NONE',  ( 1.224999999999999423, 0.5716990566028299359, 0.2500000000000003331 ) ) ;
#934 = VECTOR ( 'NONE', #1750, 1000.000000000000000 ) ;
#935 = VERTEX_POINT ( 'NONE', #7266 ) ;
#936 = CIRCLE ( 'NONE', #4451, 0.1249999999999998890 ) ;
#937 = VERTEX_POINT ( 'NONE', #517 ) ;
#938 = ORIENTED_EDGE ( 'NONE', *, *, #6433, .T. ) ;
#939 = DIRECTION ( 'NONE',  ( 0.000000000000000000, -1.000000000000000000, 0.000000000000000000 ) ) ;
#940 = CIRCLE ( 'NONE', #6509, 0.1249999999999995698 ) ;
#941 = ORIENTED_EDGE ( 'NONE', *, *, #170, .F. ) ;
#942 = VERTEX_POINT ( 'NONE', #2253 ) ;
#943 = LINE ( 'NONE', #7315, #6356 ) ;
#944 = AXIS2_PLACEMENT_3D ( 'NONE', #1129, #3618, #3559 ) ;
#945 = CARTESIAN_POINT ( 'NONE',  ( -1.124999999999999334, 0.1000000000000002554, 1.500000000000000000 ) ) ;
#946 = EDGE_CURVE ( 'NONE', #7718, #6767, #6021, .T. ) ;
#947 = ORIENTED_EDGE ( 'NONE', *, *, #1566, .T. ) ;
#948 = LINE ( 'NONE', #2284, #898 ) ;
#949 = CARTESIAN_POINT ( 'NONE',  ( -1.500000000000000000, 0.09999999999999999167, 0.6250000000000008882 ) ) ;
#950 = PLANE ( 'NONE',  #1792 ) ;
#951 = ORIENTED_EDGE ( 'NONE', *, *, #184, .F. ) ;
#952 = COLOUR_RGB ( '',0.7921568627450980005, 0.8196078431372548767, 0.9333333333333333481 ) ;
#953 = EDGE_CURVE ( 'NONE', #7084, #2616, #6011, .T. ) ;
#954 = ORIENTED_EDGE ( 'NONE', *, *, #1332, .F. ) ;
#955 = VERTEX_POINT ( 'NONE', #1696 ) ;
#956 = DIRECTION ( 'NONE',  ( 0.000000000000000000, 0.000000000000000000, -1.000000000000000000 ) ) ;
#957 = FACE_OUTER_BOUND ( 'NONE', #3826, .T. ) ;
#958 = EDGE_LOOP ( 'NONE', ( #2151, #806, #7203, #2126 ) ) ;
#959 = CARTESIAN_POINT ( 'NONE',  ( -0.3749999999999996669, 0.1000000000000002554, -1.500000000000000222 ) ) ;
#960 = VERTEX_POINT ( 'NONE', #5177 ) ;
#961 = LINE ( 'NONE', #3601, #979 ) ;
#962 = ADVANCED_FACE ( 'NONE', ( #6117 ), #5875, .T. ) ;
#963 = ORIENTED_EDGE ( 'NONE', *, *, #6392, .F. ) ;
#964 = VECTOR ( 'NONE', #6158, 1000.000000000000000 ) ;
#965 = ORIENTED_EDGE ( 'NONE', *, *, #6670, .T. ) ;
#966 = LINE ( 'NONE', #7781, #6245 ) ;
#967 = MECHANICAL_DESIGN_GEOMETRIC_PRESENTATION_REPRESENTATION (  '', ( #2207 ), #2866 ) ;
#968 = CARTESIAN_POINT ( 'NONE',  ( 1.224999999999999423, 0.05000000000000002359, 0.3749999999999998890 ) ) ;
#969 = CARTESIAN_POINT ( 'NONE',  ( -1.224999999999999423, 0.5716990566028299359, -0.3749999999999992228 ) ) ;
#970 = PLANE ( 'NONE',  #1191 ) ;
#971 = CARTESIAN_POINT ( 'NONE',  ( -0.8749999999999995559, 0.000000000000000000, 1.225000000000000311 ) ) ;
#972 = ORIENTED_EDGE ( 'NONE', *, *, #3557, .F. ) ;
#973 = EDGE_CURVE ( 'NONE', #1125, #6175, #815, .T. ) ;
#974 = CYLINDRICAL_SURFACE ( 'NONE', #7680, 0.1000000000000006994 ) ;
#975 = VERTEX_POINT ( 'NONE', #5355 ) ;
#976 = AXIS2_PLACEMENT_3D ( 'NONE', #2669, #7082, #7675 ) ;
#977 = DIRECTION ( 'NONE',  ( 1.577021341797098201E-15, 0.000000000000000000, -1.000000000000000000 ) ) ;
#978 = ORIENTED_EDGE ( 'NONE', *, *, #3600, .F. ) ;
#979 = VECTOR ( 'NONE', #1301, 1000.000000000000000 ) ;
#980 = ORIENTED_EDGE ( 'NONE', *, *, #3795, .T. ) ;
#981 = FACE_OUTER_BOUND ( 'NONE', #7445, .T. ) ;
#982 = DIRECTION ( 'NONE',  ( -1.000000000000000000, 0.000000000000000000, 0.000000000000000000 ) ) ;
#983 = VERTEX_POINT ( 'NONE', #2336 ) ;
#984 = LINE ( 'NONE', #1752, #3571 ) ;
#985 = ADVANCED_FACE ( 'NONE', ( #3416 ), #7100, .T. ) ;
#986 = EDGE_LOOP ( 'NONE', ( #5972, #6944, #3193, #1998 ) ) ;
#987 = LINE ( 'NONE', #4264, #1152 ) ;
#988 = ORIENTED_EDGE ( 'NONE', *, *, #5397, .T. ) ;
#989 = ORIENTED_EDGE ( 'NONE', *, *, #6143, .F. ) ;
#990 = AXIS2_PLACEMENT_3D ( 'NONE', #6556, #5837, #6369 ) ;
#991 = SURFACE_STYLE_FILL_AREA ( #2349 ) ;
#992 = DIRECTION ( 'NONE',  ( -0.000000000000000000, -1.000000000000000000, -0.000000000000000000 ) ) ;
#993 = ORIENTED_EDGE ( 'NONE', *, *, #6577, .F. ) ;
#994 = EDGE_LOOP ( 'NONE', ( #713, #506, #5808, #3262 ) ) ;
#995 = ORIENTED_EDGE ( 'NONE', *, *, #5782, .T. ) ;
#996 = SURFACE_STYLE_FILL_AREA ( #156 ) ;
#997 = EDGE_CURVE ( 'NONE', #457, #7491, #3472, .T. ) ;
#998 = DIRECTION ( 'NONE',  ( 1.000000000000000000, -0.000000000000000000, -7.228014483236695816E-17 ) ) ;
#999 = DIRECTION ( 'NONE',  ( 0.000000000000000000, 0.000000000000000000, -1.000000000000000000 ) ) ;
#1000 = CARTESIAN_POINT ( 'NONE',  ( -0.8749999999999994449, 0.1000000000000000056, -1.500000000000000222 ) ) ;
#1001 = ORIENTED_EDGE ( 'NONE', *, *, #155, .T. ) ;
#1002 = PLANE ( 'NONE',  #97 ) ;
#1003 = ORIENTED_EDGE ( 'NONE', *, *, #4457, .F. ) ;
#1004 = ORIENTED_EDGE ( 'NONE', *, *, #5939, .F. ) ;
#1005 = CARTESIAN_POINT ( 'NONE',  ( -1.124999999999999112, 0.09999999999999999167, 1.225000000000000755 ) ) ;
#1006 = VERTEX_POINT ( 'NONE', #2736 ) ;
#1007 = FILL_AREA_STYLE_COLOUR ( '', #1822 ) ;
#1008 = ORIENTED_EDGE ( 'NONE', *, *, #7469, .T. ) ;
#1009 = FACE_OUTER_BOUND ( 'NONE', #3910, .T. ) ;
#1010 = EDGE_CURVE ( 'NONE', #5649, #3685, #3520, .T. ) ;
#1011 = VERTEX_POINT ( 'NONE', #7213 ) ;
#1012 = DIRECTION ( 'NONE',  ( -1.000000000000000000, 0.000000000000000000, -3.942553354492735642E-16 ) ) ;
#1013 = CARTESIAN_POINT ( 'NONE',  ( -0.2499999999999995837, 0.09999999999999999167, 1.100000000000000533 ) ) ;
#1014 = ORIENTED_EDGE ( 'NONE', *, *, #5478, .T. ) ;
#1015 = DIRECTION ( 'NONE',  ( 0.000000000000000000, 1.000000000000000000, -0.000000000000000000 ) ) ;
#1016 = ORIENTED_EDGE ( 'NONE', *, *, #3678, .T. ) ;
#1017 = CARTESIAN_POINT ( 'NONE',  ( 0.3749999999999973355, 0.05000000000000000278, -8.870745047608632392E-16 ) ) ;
#1018 = PRESENTATION_STYLE_ASSIGNMENT (( #5444 ) ) ;
#1019 = CARTESIAN_POINT ( 'NONE',  ( 1.299999999999999600, 0.000000000000000000, 1.299999999999999822 ) ) ;
#1020 = ORIENTED_EDGE ( 'NONE', *, *, #923, .F. ) ;
#1021 = ORIENTED_EDGE ( 'NONE', *, *, #2446, .F. ) ;
#1022 = CARTESIAN_POINT ( 'NONE',  ( 1.224999999999999423, 0.5716990566028299359, 0.3749999999999998890 ) ) ;
#1023 = ORIENTED_EDGE ( 'NONE', *, *, #4049, .T. ) ;
#1024 = CARTESIAN_POINT ( 'NONE',  ( 0.6250000000000008882, 0.09999999999999999167, 1.500000000000000222 ) ) ;
#1025 = DIRECTION ( 'NONE',  ( 0.000000000000000000, 0.000000000000000000, -1.000000000000000000 ) ) ;
#1026 = PLANE ( 'NONE',  #771 ) ;
#1027 = VERTEX_POINT ( 'NONE', #2779 ) ;
#1028 = ORIENTED_EDGE ( 'NONE', *, *, #1475, .T. ) ;
#1029 = DIRECTION ( 'NONE',  ( 0.000000000000000000, 1.000000000000000000, 0.000000000000000000 ) ) ;
#1030 = VERTEX_POINT ( 'NONE', #1873 ) ;
#1031 = ORIENTED_EDGE ( 'NONE', *, *, #5397, .F. ) ;
#1032 = CARTESIAN_POINT ( 'NONE',  ( -0.6999999999999998446, 0.000000000000000000, 0.6999999999999996225 ) ) ;
#1033 = ORIENTED_EDGE ( 'NONE', *, *, #5021, .F. ) ;
#1034 = PLANE ( 'NONE',  #6165 ) ;
#1035 = ORIENTED_EDGE ( 'NONE', *, *, #6679, .T. ) ;
#1036 = ORIENTED_EDGE ( 'NONE', *, *, #2111, .F. ) ;
#1037 = ORIENTED_EDGE ( 'NONE', *, *, #843, .T. ) ;
#1038 = EDGE_LOOP ( 'NONE', ( #5878, #4009, #4969, #907 ) ) ;
#1039 = VECTOR ( 'NONE', #5374, 1000.000000000000000 ) ;
#1040 = CARTESIAN_POINT ( 'NONE',  ( 1.299999999999999600, 0.09999999999999999167, -1.499999999999999778 ) ) ;
#1041 = CLOSED_SHELL ( 'NONE', ( #7221, #6983, #2587, #6138, #1273, #5706 ) ) ;
#1042 = FACE_OUTER_BOUND ( 'NONE', #20, .T. ) ;
#1043 = ORIENTED_EDGE ( 'NONE', *, *, #4943, .F. ) ;
#1044 = CIRCLE ( 'NONE', #2198, 0.1250000000000003331 ) ;
#1045 = AXIS2_PLACEMENT_3D ( 'NONE', #274, #5704, #5029 ) ;
#1046 = ADVANCED_FACE ( 'NONE', ( #700 ), #6832, .F. ) ;
#1047 = CARTESIAN_POINT ( 'NONE',  ( -0.7499999999999997780, 0.5716990566028304910, -1.224999999999999867 ) ) ;
#1048 = DIRECTION ( 'NONE',  ( 2.365532012695651739E-15, 0.000000000000000000, 1.000000000000000000 ) ) ;
#1049 = AXIS2_PLACEMENT_3D ( 'NONE', #4119, #2810, #2899 ) ;
#1050 = EDGE_CURVE ( 'NONE', #3157, #2431, #6034, .T. ) ;
#1051 = VERTEX_POINT ( 'NONE', #4410 ) ;
#1052 = ORIENTED_EDGE ( 'NONE', *, *, #5048, .F. ) ;
#1053 = ORIENTED_EDGE ( 'NONE', *, *, #4286, .T. ) ;
#1054 = DIRECTION ( 'NONE',  ( -1.000000000000000000, 0.000000000000000000, 7.228014483236695816E-17 ) ) ;
#1055 = EDGE_CURVE ( 'NONE', #6323, #1592, #6200, .T. ) ;
#1056 = VERTEX_POINT ( 'NONE', #4966 ) ;
#1057 = AXIS2_PLACEMENT_3D ( 'NONE', #2226, #1842, #404 ) ;
#1058 = CARTESIAN_POINT ( 'NONE',  ( 1.225000000000000089, 0.05000000000000001665, -1.124999999999999778 ) ) ;
#1059 = PRESENTATION_STYLE_ASSIGNMENT (( #4770 ) ) ;
#1060 = CARTESIAN_POINT ( 'NONE',  ( -1.499999999999999112, 0.1000000000000000472, -1.300000000000000266 ) ) ;
#1061 = ORIENTED_EDGE ( 'NONE', *, *, #2777, .F. ) ;
#1062 = LINE ( 'NONE', #2575, #1179 ) ;
#1063 = CARTESIAN_POINT ( 'NONE',  ( 0.7500000000000004441, 0.5716990566028304910, 1.225000000000000311 ) ) ;
#1064 = VERTEX_POINT ( 'NONE', #6221 ) ;
#1065 = EDGE_LOOP ( 'NONE', ( #1086, #3866, #1678, #1320 ) ) ;
#1066 = ORIENTED_EDGE ( 'NONE', *, *, #5211, .T. ) ;
#1067 = DIRECTION ( 'NONE',  ( -1.000000000000000000, 0.000000000000000000, -1.548860246407863336E-16 ) ) ;
#1068 = LINE ( 'NONE', #7426, #3820 ) ;
#1069 = PRESENTATION_LAYER_ASSIGNMENT (  '', '', ( #2297 ) ) ;
#1070 = EDGE_LOOP ( 'NONE', ( #1133, #7227, #492, #4069 ) ) ;
#1071 = DIRECTION ( 'NONE',  ( 0.000000000000000000, -1.000000000000000000, 0.000000000000000000 ) ) ;
#1072 = EDGE_CURVE ( 'NONE', #4333, #1570, #908, .T. ) ;
#1073 = VERTEX_POINT ( 'NONE', #10 ) ;
#1074 = VERTEX_POINT ( 'NONE', #567 ) ;
#1075 = LINE ( 'NONE', #1127, #3926 ) ;
#1076 = AXIS2_PLACEMENT_3D ( 'NONE', #3898, #3650, #7375 ) ;
#1077 = DIRECTION ( 'NONE',  ( 0.000000000000000000, 1.000000000000000000, 0.000000000000000000 ) ) ;
#1078 = DIRECTION ( 'NONE',  ( -1.577021341797098201E-15, 0.000000000000000000, -1.000000000000000000 ) ) ;
#1079 = VERTEX_POINT ( 'NONE', #114 ) ;
#1080 = VECTOR ( 'NONE', #538, 1000.000000000000000 ) ;
#1081 = ORIENTED_EDGE ( 'NONE', *, *, #1347, .F. ) ;
#1082 = CARTESIAN_POINT ( 'NONE',  ( -0.7499999999999997780, 0.1000000000000000056, -1.224999999999999867 ) ) ;
#1083 = VERTEX_POINT ( 'NONE', #3773 ) ;
#1084 = EDGE_CURVE ( 'NONE', #853, #6981, #5906, .T. ) ;
#1085 = EDGE_CURVE ( 'NONE', #2058, #3080, #3458, .T. ) ;
#1086 = ORIENTED_EDGE ( 'NONE', *, *, #3774, .F. ) ;
#1087 = CARTESIAN_POINT ( 'NONE',  ( -1.499999999999999112, 0.05000000000000001665, 1.125000000000000222 ) ) ;
#1088 = LINE ( 'NONE', #5668, #3739 ) ;
#1089 = ORIENTED_EDGE ( 'NONE', *, *, #7619, .T. ) ;
#1090 = CYLINDRICAL_SURFACE ( 'NONE', #3217, 0.1249999999999995698 ) ;
#1091 = STYLED_ITEM ( 'NONE', ( #1059 ), #105 ) ;
#1092 = ORIENTED_EDGE ( 'NONE', *, *, #7651, .F. ) ;
#1093 = CARTESIAN_POINT ( 'NONE',  ( 1.225000000000000089, 0.000000000000000000, 1.225000000000000311 ) ) ;
#1094 = CLOSED_SHELL ( 'NONE', ( #2774, #7840, #1467, #2018, #1533, #4279, #4086, #2929, #3751 ) ) ;
#1095 = ORIENTED_EDGE ( 'NONE', *, *, #4245, .F. ) ;
#1096 = COLOUR_RGB ( '',0.7921568627450980005, 0.8196078431372548767, 0.9333333333333333481 ) ;
#1097 = CARTESIAN_POINT ( 'NONE',  ( -1.224999999999999423, 0.05000000000000002359, 0.1250000000000007494 ) ) ;
#1098 = EDGE_CURVE ( 'NONE', #6835, #4172, #3485, .T. ) ;
#1099 = ORIENTED_EDGE ( 'NONE', *, *, #398, .F. ) ;
#1100 = VECTOR ( 'NONE', #5083, 1000.000000000000000 ) ;
#1101 = ORIENTED_EDGE ( 'NONE', *, *, #5869, .F. ) ;
#1102 = LINE ( 'NONE', #3614, #3856 ) ;
#1103 = CARTESIAN_POINT ( 'NONE',  ( 0.2500000000000002220, 0.1000000000000000056, -1.224999999999999867 ) ) ;
#1104 = DIRECTION ( 'NONE',  ( 0.000000000000000000, 0.000000000000000000, -1.000000000000000000 ) ) ;
#1105 = CARTESIAN_POINT ( 'NONE',  ( -1.224999999999999645, 0.09999999999999999167, 1.225000000000000755 ) ) ;
#1106 = DIRECTION ( 'NONE',  ( -1.000000000000000000, 0.000000000000000000, -3.942553354492735642E-16 ) ) ;
#1107 = ORIENTED_EDGE ( 'NONE', *, *, #465, .T. ) ;
#1108 = CARTESIAN_POINT ( 'NONE',  ( 1.225000000000000089, 0.000000000000000000, -1.225000000000000311 ) ) ;
#1109 = AXIS2_PLACEMENT_3D ( 'NONE', #631, #2467, #6620 ) ;
#1110 = CARTESIAN_POINT ( 'NONE',  ( -0.2499999999999995837, 0.5716990566028304910, 1.100000000000000533 ) ) ;
#1111 = ORIENTED_EDGE ( 'NONE', *, *, #3090, .F. ) ;
#1112 = VERTEX_POINT ( 'NONE', #3649 ) ;
#1113 = EDGE_CURVE ( 'NONE', #7456, #1285, #3569, .T. ) ;
#1114 = ORIENTED_EDGE ( 'NONE', *, *, #3393, .F. ) ;
#1115 = CARTESIAN_POINT ( 'NONE',  ( -1.224999999999999423, 0.5716990566028299359, 0.1250000000000007494 ) ) ;
#1116 = VECTOR ( 'NONE', #4813, 1000.000000000000000 ) ;
#1117 = PLANE ( 'NONE',  #5343 ) ;
#1118 = DIRECTION ( 'NONE',  ( -1.000000000000000000, -0.000000000000000000, -3.942553354492736135E-16 ) ) ;
#1119 = ORIENTED_EDGE ( 'NONE', *, *, #4332, .F. ) ;
#1120 = VECTOR ( 'NONE', #6746, 1000.000000000000000 ) ;
#1121 = ADVANCED_FACE ( 'NONE', ( #3584 ), #7374, .F. ) ;
#1122 = CARTESIAN_POINT ( 'NONE',  ( -0.6249999999999991118, 0.09999999999999999167, 1.499999999999999778 ) ) ;
#1123 = DIRECTION ( 'NONE',  ( 0.000000000000000000, -1.000000000000000000, 0.000000000000000000 ) ) ;
#1124 = ORIENTED_EDGE ( 'NONE', *, *, #4231, .F. ) ;
#1125 = VERTEX_POINT ( 'NONE', #6029 ) ;
#1126 = EDGE_LOOP ( 'NONE', ( #3273, #7064, #688, #4450 ) ) ;
#1127 = CARTESIAN_POINT ( 'NONE',  ( 1.299999999999999600, 0.05000000000000000278, 0.000000000000000000 ) ) ;
#1128 = CARTESIAN_POINT ( 'NONE',  ( 0.1250000000000008604, 0.1000000000000000056, 1.500000000000000222 ) ) ;
#1129 = CARTESIAN_POINT ( 'NONE',  ( 1.224999999999999423, 0.5716990566028299359, 0.8749999999999998890 ) ) ;
#1130 = VERTEX_POINT ( 'NONE', #6717 ) ;
#1131 = CYLINDRICAL_SURFACE ( 'NONE', #5517, 0.1249999999999995698 ) ;
#1132 = DIRECTION ( 'NONE',  ( 0.000000000000000000, 0.000000000000000000, -1.000000000000000000 ) ) ;
#1133 = ORIENTED_EDGE ( 'NONE', *, *, #5933, .F. ) ;
#1134 = VECTOR ( 'NONE', #3592, 1000.000000000000000 ) ;
#1135 = CARTESIAN_POINT ( 'NONE',  ( 1.224999999999999423, 0.000000000000000000, -0.6250000000000001110 ) ) ;
#1136 = ORIENTED_EDGE ( 'NONE', *, *, #6032, .F. ) ;
#1137 = ORIENTED_EDGE ( 'NONE', *, *, #6182, .T. ) ;
#1138 = CARTESIAN_POINT ( 'NONE',  ( -0.1249999999999996808, 0.05000000000000000278, 1.225000000000000311 ) ) ;
#1139 = ORIENTED_EDGE ( 'NONE', *, *, #4423, .F. ) ;
#1140 = AXIS2_PLACEMENT_3D ( 'NONE', #4463, #5003, #2452 ) ;
#1141 = EDGE_CURVE ( 'NONE', #2495, #595, #3597, .T. ) ;
#1142 = VERTEX_POINT ( 'NONE', #6893 ) ;
#1143 = CARTESIAN_POINT ( 'NONE',  ( 1.224999999999999423, 0.09999999999999999167, -0.2499999999999996669 ) ) ;
#1144 = EDGE_LOOP ( 'NONE', ( #5907, #177, #3932, #6378 ) ) ;
#1145 = CARTESIAN_POINT ( 'NONE',  ( -0.8749999999999991118, 0.1000000000000000056, 1.500000000000000222 ) ) ;
#1146 = ORIENTED_EDGE ( 'NONE', *, *, #5015, .F. ) ;
#1147 = FACE_OUTER_BOUND ( 'NONE', #6371, .T. ) ;
#1148 = DIRECTION ( 'NONE',  ( 0.000000000000000000, -0.000000000000000000, 1.000000000000000000 ) ) ;
#1149 = EDGE_CURVE ( 'NONE', #7049, #1484, #686, .T. ) ;
#1150 = ORIENTED_EDGE ( 'NONE', *, *, #3557, .T. ) ;
#1151 = PLANE ( 'NONE',  #2444 ) ;
#1152 = VECTOR ( 'NONE', #4898, 1000.000000000000000 ) ;
#1153 = ORIENTED_EDGE ( 'NONE', *, *, #7228, .F. ) ;
#1154 = ORIENTED_EDGE ( 'NONE', *, *, #7029, .T. ) ;
#1155 = CYLINDRICAL_SURFACE ( 'NONE', #5955, 0.1249999999999995698 ) ;
#1156 = DIRECTION ( 'NONE',  ( -3.942553354492735642E-16, 0.000000000000000000, 1.000000000000000000 ) ) ;
#1157 = ORIENTED_EDGE ( 'NONE', *, *, #1202, .F. ) ;
#1158 = EDGE_CURVE ( 'NONE', #6902, #5564, #3309, .T. ) ;
#1159 = ORIENTED_EDGE ( 'NONE', *, *, #420, .T. ) ;
#1160 = ORIENTED_EDGE ( 'NONE', *, *, #2680, .T. ) ;
#1161 = CARTESIAN_POINT ( 'NONE',  ( 1.500000000000000000, 0.04999999999999969746, 0.6250000000000008882 ) ) ;
#1162 = CARTESIAN_POINT ( 'NONE',  ( -0.3749999999999996669, 0.5716990566028304910, -1.225000000000000311 ) ) ;
#1163 = ORIENTED_EDGE ( 'NONE', *, *, #1769, .T. ) ;
#1164 = EDGE_CURVE ( 'NONE', #2640, #6199, #5155, .T. ) ;
#1165 = DIRECTION ( 'NONE',  ( 0.000000000000000000, 0.000000000000000000, -1.000000000000000000 ) ) ;
#1166 = DIRECTION ( 'NONE',  ( -0.000000000000000000, -1.000000000000000000, -0.000000000000000000 ) ) ;
#1167 = VERTEX_POINT ( 'NONE', #3064 ) ;
#1168 = AXIS2_PLACEMENT_3D ( 'NONE', #6937, #1328, #3095 ) ;
#1169 = ORIENTED_EDGE ( 'NONE', *, *, #7138, .T. ) ;
#1170 = AXIS2_PLACEMENT_3D ( 'NONE', #5592, #5006, #2101 ) ;
#1171 = LINE ( 'NONE', #585, #1039 ) ;
#1172 = ADVANCED_FACE ( 'NONE', ( #5373 ), #6773, .T. ) ;
#1173 = ORIENTED_EDGE ( 'NONE', *, *, #3065, .F. ) ;
#1174 = DIRECTION ( 'NONE',  ( 1.000000000000000000, 0.000000000000000000, -3.942553354492735642E-16 ) ) ;
#1175 = ORIENTED_EDGE ( 'NONE', *, *, #1933, .F. ) ;
#1176 = DIRECTION ( 'NONE',  ( 1.000000000000000000, 0.000000000000000000, -3.942553354492735642E-16 ) ) ;
#1177 = EDGE_CURVE ( 'NONE', #6761, #1130, #2767, .T. ) ;
#1178 = EDGE_LOOP ( 'NONE', ( #2453, #3745, #5040, #6853 ) ) ;
#1179 = VECTOR ( 'NONE', #523, 1000.000000000000000 ) ;
#1180 = DIRECTION ( 'NONE',  ( 0.000000000000000000, 0.000000000000000000, -1.000000000000000000 ) ) ;
#1181 = DIRECTION ( 'NONE',  ( 0.000000000000000000, -0.000000000000000000, 1.000000000000000000 ) ) ;
#1182 = AXIS2_PLACEMENT_3D ( 'NONE', #6966, #324, #915 ) ;
#1183 = DIRECTION ( 'NONE',  ( 1.000000000000000000, -0.000000000000000000, 3.097720492815726673E-16 ) ) ;
#1184 = VERTEX_POINT ( 'NONE', #216 ) ;
#1185 = VERTEX_POINT ( 'NONE', #783 ) ;
#1186 = CARTESIAN_POINT ( 'NONE',  ( -0.1249999999999994588, 0.09999999999999999167, -1.499999999999999778 ) ) ;
#1187 = EDGE_LOOP ( 'NONE', ( #2987, #7271, #4609, #7069, #2845 ) ) ;
#1188 = EDGE_CURVE ( 'NONE', #4431, #3922, #2532, .T. ) ;
#1189 = CARTESIAN_POINT ( 'NONE',  ( 1.224999999999999423, 0.09999999999999999167, -0.3749999999999992228 ) ) ;
#1190 = DIRECTION ( 'NONE',  ( -1.000000000000000000, 0.000000000000000000, 0.000000000000000000 ) ) ;
#1191 = AXIS2_PLACEMENT_3D ( 'NONE', #805, #4556, #1628 ) ;
#1192 = VECTOR ( 'NONE', #6827, 1000.000000000000000 ) ;
#1193 = DIRECTION ( 'NONE',  ( -1.000000000000000000, 0.000000000000000000, -1.734723475976807094E-15 ) ) ;
#1194 = PLANE ( 'NONE',  #4046 ) ;
#1195 = VERTEX_POINT ( 'NONE', #5402 ) ;
#1196 = EDGE_LOOP ( 'NONE', ( #1505, #3779, #4235, #4144, #1850, #7486, #4906 ) ) ;
#1197 =( LENGTH_UNIT ( ) NAMED_UNIT ( * ) SI_UNIT ( .MILLI., .METRE. ) );
#1198 = ORIENTED_EDGE ( 'NONE', *, *, #6208, .T. ) ;
#1199 = LINE ( 'NONE', #6558, #3706 ) ;
#1200 = ADVANCED_FACE ( 'NONE', ( #5319 ), #4982, .T. ) ;
#1201 = EDGE_CURVE ( 'NONE', #702, #2831, #113, .T. ) ;
#1202 = EDGE_CURVE ( 'NONE', #3862, #4511, #5347, .T. ) ;
#1203 = FILL_AREA_STYLE_COLOUR ( '', #229 ) ;
#1204 =( GEOMETRIC_REPRESENTATION_CONTEXT ( 3 ) GLOBAL_UNCERTAINTY_ASSIGNED_CONTEXT ( ( #1491 ) ) GLOBAL_UNIT_ASSIGNED_CONTEXT ( ( #3426, #138, #919 ) ) REPRESENTATION_CONTEXT ( 'NONE', 'WORKASPACE' ) );
#1205 = EDGE_LOOP ( 'NONE', ( #6790, #6895, #4543, #2668 ) ) ;
#1206 = VERTEX_POINT ( 'NONE', #1304 ) ;
#1207 = ORIENTED_EDGE ( 'NONE', *, *, #3620, .T. ) ;
#1208 = VERTEX_POINT ( 'NONE', #7342 ) ;
#1209 = PLANE ( 'NONE',  #5147 ) ;
#1210 = CYLINDRICAL_SURFACE ( 'NONE', #7600, 0.1249999999999995698 ) ;
#1211 = DIRECTION ( 'NONE',  ( -0.000000000000000000, -1.000000000000000000, -0.000000000000000000 ) ) ;
#1212 = ORIENTED_EDGE ( 'NONE', *, *, #7839, .T. ) ;
#1213 = FACE_OUTER_BOUND ( 'NONE', #1509, .T. ) ;
#1214 = CARTESIAN_POINT ( 'NONE',  ( 0.1250000000000008604, 0.09999999999999999167, 1.500000000000000222 ) ) ;
#1215 = EDGE_CURVE ( 'NONE', #6751, #1978, #2723, .T. ) ;
#1216 = VERTEX_POINT ( 'NONE', #2985 ) ;
#1217 = DIRECTION ( 'NONE',  ( 0.000000000000000000, 1.000000000000000000, 0.000000000000000000 ) ) ;
#1218 = ORIENTED_EDGE ( 'NONE', *, *, #7416, .T. ) ;
#1219 = ORIENTED_EDGE ( 'NONE', *, *, #3209, .T. ) ;
#1220 = FACE_OUTER_BOUND ( 'NONE', #2886, .T. ) ;
#1221 = CARTESIAN_POINT ( 'NONE',  ( 1.224999999999999423, 0.09999999999999999167, 0.3749999999999998890 ) ) ;
#1222 = EDGE_LOOP ( 'NONE', ( #4622, #4157, #3646, #4542 ) ) ;
#1223 = AXIS2_PLACEMENT_3D ( 'NONE', #7623, #1510, #1461 ) ;
#1224 = ORIENTED_EDGE ( 'NONE', *, *, #5291, .T. ) ;
#1225 = LINE ( 'NONE', #4901, #6408 ) ;
#1226 = CARTESIAN_POINT ( 'NONE',  ( -1.500000000000000000, 0.09999999999999999167, -0.1250000000000001110 ) ) ;
#1227 = DIRECTION ( 'NONE',  ( 1.577021341797098201E-15, -0.000000000000000000, 1.000000000000000000 ) ) ;
#1228 = ORIENTED_EDGE ( 'NONE', *, *, #6541, .T. ) ;
#1229 = DIRECTION ( 'NONE',  ( -1.000000000000000000, 0.000000000000000000, -1.734723475976807292E-15 ) ) ;
#1230 = EDGE_CURVE ( 'NONE', #2176, #7778, #127, .T. ) ;
#1231 = ORIENTED_EDGE ( 'NONE', *, *, #6803, .T. ) ;
#1232 = DIRECTION ( 'NONE',  ( 0.000000000000000000, -1.000000000000000000, 0.000000000000000000 ) ) ;
#1233 = ORIENTED_EDGE ( 'NONE', *, *, #4861, .T. ) ;
#1234 = ADVANCED_FACE ( 'NONE', ( #5441 ), #3604, .T. ) ;
#1235 = LINE ( 'NONE', #4887, #4140 ) ;
#1236 = CARTESIAN_POINT ( 'NONE',  ( -1.299999999999999156, 0.000000000000000000, 1.500000000000000222 ) ) ;
#1237 = ORIENTED_EDGE ( 'NONE', *, *, #287, .F. ) ;
#1238 = DIRECTION ( 'NONE',  ( -0.000000000000000000, 0.000000000000000000, -1.000000000000000000 ) ) ;
#1239 = ORIENTED_EDGE ( 'NONE', *, *, #3850, .F. ) ;
#1240 = DIRECTION ( 'NONE',  ( -1.577021341797098398E-15, 0.000000000000000000, -1.000000000000000000 ) ) ;
#1241 = DIRECTION ( 'NONE',  ( -0.000000000000000000, 0.000000000000000000, 1.000000000000000000 ) ) ;
#1242 = ORIENTED_EDGE ( 'NONE', *, *, #499, .F. ) ;
#1243 = CARTESIAN_POINT ( 'NONE',  ( -0.7499999999999997780, 0.1000000000000000056, -1.224999999999999867 ) ) ;
#1244 = VECTOR ( 'NONE', #3432, 1000.000000000000000 ) ;
#1245 = DIRECTION ( 'NONE',  ( -0.000000000000000000, -1.000000000000000000, -0.000000000000000000 ) ) ;
#1246 = CARTESIAN_POINT ( 'NONE',  ( -1.299999999999999156, 0.6303300858899107961, 1.300000000000000266 ) ) ;
#1247 = ORIENTED_EDGE ( 'NONE', *, *, #6377, .F. ) ;
#1248 = EDGE_LOOP ( 'NONE', ( #2487, #6706, #6626, #7631, #5124 ) ) ;
#1249 = ORIENTED_EDGE ( 'NONE', *, *, #5622, .F. ) ;
#1250 = PLANE ( 'NONE',  #3047 ) ;
#1251 = DIRECTION ( 'NONE',  ( -1.000000000000000000, 0.000000000000000000, 0.000000000000000000 ) ) ;
#1252 = LINE ( 'NONE', #5409, #6470 ) ;
#1253 = CARTESIAN_POINT ( 'NONE',  ( 1.499999999999999556, 0.09999999999999999167, -1.124999999999999778 ) ) ;
#1254 = ADVANCED_FACE ( 'NONE', ( #5416 ), #4436, .T. ) ;
#1255 = ORIENTED_EDGE ( 'NONE', *, *, #7532, .F. ) ;
#1256 = ORIENTED_EDGE ( 'NONE', *, *, #1264, .F. ) ;
#1257 = ORIENTED_EDGE ( 'NONE', *, *, #4767, .T. ) ;
#1258 = VECTOR ( 'NONE', #5424, 1000.000000000000000 ) ;
#1259 = DIRECTION ( 'NONE',  ( 0.000000000000000000, 0.000000000000000000, -1.000000000000000000 ) ) ;
#1260 = EDGE_CURVE ( 'NONE', #7132, #2718, #2744, .T. ) ;
#1261 = ORIENTED_EDGE ( 'NONE', *, *, #5482, .F. ) ;
#1262 = VERTEX_POINT ( 'NONE', #6574 ) ;
#1263 = VERTEX_POINT ( 'NONE', #485 ) ;
#1264 = EDGE_CURVE ( 'NONE', #2431, #4443, #5123, .T. ) ;
#1265 = ORIENTED_EDGE ( 'NONE', *, *, #5869, .T. ) ;
#1266 = CARTESIAN_POINT ( 'NONE',  ( -1.224999999999999423, 0.000000000000000000, 0.8749999999999998890 ) ) ;
#1267 = EDGE_CURVE ( 'NONE', #3994, #3644, #2824, .T. ) ;
#1268 = PLANE ( 'NONE',  #7427 ) ;
#1269 = LINE ( 'NONE', #3360, #3806 ) ;
#1270 = PLANE ( 'NONE',  #4452 ) ;
#1271 = ORIENTED_EDGE ( 'NONE', *, *, #5957, .F. ) ;
#1272 = VECTOR ( 'NONE', #4852, 1000.000000000000000 ) ;
#1273 = ADVANCED_FACE ( 'NONE', ( #2520 ), #7024, .F. ) ;
#1274 = DIRECTION ( 'NONE',  ( 1.000000000000000000, -0.000000000000000000, -0.000000000000000000 ) ) ;
#1275 = AXIS2_PLACEMENT_3D ( 'NONE', #6806, #2578, #4850 ) ;
#1276 = ORIENTED_EDGE ( 'NONE', *, *, #892, .T. ) ;
#1277 = PLANE ( 'NONE',  #6567 ) ;
#1278 = EDGE_LOOP ( 'NONE', ( #897, #6091, #6096, #7032, #6876, #1348, #1224, #6047, #4937, #6010, #6181, #566, #3835, #1929, #4118, #6786, #6492, #947, #7362, #3693, #4276, #3699, #3787, #3481, #6220, #7059, #6534, #1300 ) ) ;
#1279 = ORIENTED_EDGE ( 'NONE', *, *, #7196, .F. ) ;
#1280 = LINE ( 'NONE', #5788, #6740 ) ;
#1281 = CARTESIAN_POINT ( 'NONE',  ( 0.000000000000000000, 0.05000000000000000278, 0.8749999999999998890 ) ) ;
#1282 = DIRECTION ( 'NONE',  ( -0.000000000000000000, -0.000000000000000000, 1.000000000000000000 ) ) ;
#1283 = AXIS2_PLACEMENT_3D ( 'NONE', #3796, #6179, #132 ) ;
#1284 = UNCERTAINTY_MEASURE_WITH_UNIT (LENGTH_MEASURE( 1.000000000000000082E-05 ), #6024, 'distance_accuracy_value', 'NONE');
#1285 = VERTEX_POINT ( 'NONE', #4027 ) ;
#1286 = EDGE_CURVE ( 'NONE', #7084, #3748, #2493, .T. ) ;
#1287 = EDGE_LOOP ( 'NONE', ( #875, #4643, #2873, #5917 ) ) ;
#1288 = VECTOR ( 'NONE', #5361, 1000.000000000000000 ) ;
#1289 = AXIS2_PLACEMENT_3D ( 'NONE', #7664, #2271, #1562 ) ;
#1290 = DIRECTION ( 'NONE',  ( 0.000000000000000000, 0.000000000000000000, -1.000000000000000000 ) ) ;
#1291 = CARTESIAN_POINT ( 'NONE',  ( 0.7500000000000002220, 0.1000000000000000056, -1.224999999999999867 ) ) ;
#1292 = CARTESIAN_POINT ( 'NONE',  ( -1.499999999999999112, 0.05000000000000001665, 1.300000000000000266 ) ) ;
#1293 = ORIENTED_EDGE ( 'NONE', *, *, #7280, .T. ) ;
#1294 = DIRECTION ( 'NONE',  ( 1.000000000000000000, -0.000000000000000000, -7.228014483236695816E-17 ) ) ;
#1295 = CLOSED_SHELL ( 'NONE', ( #7318, #5651, #7006, #116, #652, #6531, #7284, #6161, #7459, #1386, #5360, #1647, #4328, #5637, #6295, #2533, #1942, #7625, #3867, #3249, #5475, #6666, #769, #5420, #5587, #3039, #3815, #684, #5541, #2473, #3814, #6078, #4456, #3160, #3094, #2760, #5941, #1993, #7479, #7358, #4381, #3490, #5179, #6, #896, #636, #6097, #1878, #4343, #4787, #7522, #5940, #3934, #2717, #358, #5125, #7733, #2282, #6812, #1959, #35, #3227, #4415, #4683, #2574, #2884, #6792, #6922, #54, #985, #3069, #2087, #6020, #167, #2488, #6652, #4916, #2154, #7409, #2698, #2332, #588, #2266, #2319, #4984, #6771, #7078, #6388, #5446, #1254, #1331, #7408, #508, #3651, #2544, #1449, #5240, #7387, #522, #1789, #6217, #1200, #462, #4476, #6703, #5752, #4147, #7695, #1172, #2383, #5961 ) ) ;
#1296 = CARTESIAN_POINT ( 'NONE',  ( 0.3750000000000005551, 0.1000000000000000056, -1.499999999999999778 ) ) ;
#1297 = VERTEX_POINT ( 'NONE', #6420 ) ;
#1298 = EDGE_CURVE ( 'NONE', #1208, #2220, #2778, .T. ) ;
#1299 = DIRECTION ( 'NONE',  ( 0.000000000000000000, 0.000000000000000000, 1.000000000000000000 ) ) ;
#1300 = ORIENTED_EDGE ( 'NONE', *, *, #3393, .T. ) ;
#1301 = DIRECTION ( 'NONE',  ( -0.000000000000000000, -1.000000000000000000, -0.000000000000000000 ) ) ;
#1302 = LINE ( 'NONE', #1490, #4041 ) ;
#1303 = CARTESIAN_POINT ( 'NONE',  ( 0.6250000000000001110, 0.1000000000000000056, -1.225000000000000311 ) ) ;
#1304 = CARTESIAN_POINT ( 'NONE',  ( 1.500000000000000000, 0.09999999999999999167, 0.8749999999999998890 ) ) ;
#1305 = ORIENTED_EDGE ( 'NONE', *, *, #3924, .F. ) ;
#1306 = CARTESIAN_POINT ( 'NONE',  ( -0.6999999999999998446, 0.000000000000000000, -0.7000000000000002887 ) ) ;
#1307 = FACE_OUTER_BOUND ( 'NONE', #5854, .T. ) ;
#1308 = SURFACE_STYLE_USAGE ( .BOTH. , #1715 ) ;
#1309 = EDGE_CURVE ( 'NONE', #5391, #7048, #2801, .T. ) ;
#1310 = CARTESIAN_POINT ( 'NONE',  ( -1.224999999999999423, 0.09999999999999999167, 0.2500000000000003331 ) ) ;
#1311 = ORIENTED_EDGE ( 'NONE', *, *, #696, .T. ) ;
#1312 = VERTEX_POINT ( 'NONE', #3335 ) ;
#1313 = EDGE_LOOP ( 'NONE', ( #5602, #5551, #4453, #6962 ) ) ;
#1314 = ADVANCED_FACE ( 'NONE', ( #7751 ), #5712, .F. ) ;
#1315 = DIRECTION ( 'NONE',  ( -1.000000000000000000, 0.000000000000000000, -1.734723475976807094E-15 ) ) ;
#1316 = LINE ( 'NONE', #2005, #6683 ) ;
#1317 = EDGE_CURVE ( 'NONE', #6527, #1867, #5431, .T. ) ;
#1318 = EDGE_CURVE ( 'NONE', #1730, #7729, #142, .T. ) ;
#1319 = DIRECTION ( 'NONE',  ( 0.000000000000000000, 1.000000000000000000, 0.000000000000000000 ) ) ;
#1320 = ORIENTED_EDGE ( 'NONE', *, *, #5156, .F. ) ;
#1321 = VECTOR ( 'NONE', #7530, 1000.000000000000000 ) ;
#1322 = ORIENTED_EDGE ( 'NONE', *, *, #5434, .T. ) ;
#1323 = LINE ( 'NONE', #75, #6395 ) ;
#1324 = CARTESIAN_POINT ( 'NONE',  ( -1.499999999999999112, 0.1000000000000000472, -1.300000000000000266 ) ) ;
#1325 = ORIENTED_EDGE ( 'NONE', *, *, #3609, .T. ) ;
#1326 = VERTEX_POINT ( 'NONE', #7630 ) ;
#1327 = ORIENTED_EDGE ( 'NONE', *, *, #1072, .F. ) ;
#1328 = DIRECTION ( 'NONE',  ( 3.942553354492735642E-16, -0.000000000000000000, 1.000000000000000000 ) ) ;
#1329 = LINE ( 'NONE', #1904, #6644 ) ;
#1330 = ADVANCED_FACE ( 'NONE', ( #2755 ), #2766, .F. ) ;
#1331 = ADVANCED_FACE ( 'NONE', ( #180 ), #970, .T. ) ;
#1332 = EDGE_CURVE ( 'NONE', #1030, #536, #2735, .T. ) ;
#1333 = ORIENTED_EDGE ( 'NONE', *, *, #7777, .F. ) ;
#1334 = DIRECTION ( 'NONE',  ( -1.000000000000000000, 0.000000000000000000, -2.365532012695651739E-15 ) ) ;
#1335 = DIRECTION ( 'NONE',  ( 0.000000000000000000, -0.000000000000000000, 1.000000000000000000 ) ) ;
#1336 = VECTOR ( 'NONE', #772, 1000.000000000000000 ) ;
#1337 = DIRECTION ( 'NONE',  ( -1.000000000000000000, 0.000000000000000000, 0.000000000000000000 ) ) ;
#1338 = VERTEX_POINT ( 'NONE', #5618 ) ;
#1339 = LINE ( 'NONE', #2273, #6304 ) ;
#1340 = DIRECTION ( 'NONE',  ( 0.000000000000000000, -1.000000000000000000, 0.000000000000000000 ) ) ;
#1341 = ORIENTED_EDGE ( 'NONE', *, *, #4598, .T. ) ;
#1342 = FILL_AREA_STYLE_COLOUR ( '', #554 ) ;
#1343 = ORIENTED_EDGE ( 'NONE', *, *, #580, .T. ) ;
#1344 = ORIENTED_EDGE ( 'NONE', *, *, #6507, .T. ) ;
#1345 = CYLINDRICAL_SURFACE ( 'NONE', #238, 0.1249999999999998890 ) ;
#1346 = DIRECTION ( 'NONE',  ( -0.000000000000000000, -1.000000000000000000, -0.000000000000000000 ) ) ;
#1347 = EDGE_CURVE ( 'NONE', #4252, #7415, #2814, .T. ) ;
#1348 = ORIENTED_EDGE ( 'NONE', *, *, #5246, .F. ) ;
#1349 = VECTOR ( 'NONE', #2464, 1000.000000000000000 ) ;
#1350 = ADVANCED_FACE ( 'NONE', ( #5285 ), #6965, .T. ) ;
#1351 = CARTESIAN_POINT ( 'NONE',  ( 1.224999999999999423, 0.5716990566028299359, 0.8749999999999998890 ) ) ;
#1352 = DIRECTION ( 'NONE',  ( -0.000000000000000000, -0.000000000000000000, 1.000000000000000000 ) ) ;
#1353 = DIRECTION ( 'NONE',  ( 0.000000000000000000, -0.000000000000000000, 1.000000000000000000 ) ) ;
#1354 = CARTESIAN_POINT ( 'NONE',  ( -1.224999999999999423, 0.09999999999999999167, -0.7499999999999996669 ) ) ;
#1355 = VERTEX_POINT ( 'NONE', #7588 ) ;
#1356 = PLANE ( 'NONE',  #811 ) ;
#1357 = EDGE_LOOP ( 'NONE', ( #6505, #5550, #2235, #3365 ) ) ;
#1358 = CARTESIAN_POINT ( 'NONE',  ( 0.1250000000000008604, 0.5716990566028304910, 1.500000000000000222 ) ) ;
#1359 = PLANE ( 'NONE',  #1045 ) ;
#1360 = FACE_OUTER_BOUND ( 'NONE', #7355, .T. ) ;
#1361 = PLANE ( 'NONE',  #3498 ) ;
#1362 = CARTESIAN_POINT ( 'NONE',  ( 0.1250000000000003331, 0.05000000000000000278, -1.225000000000000311 ) ) ;
#1363 = LINE ( 'NONE', #1390, #4081 ) ;
#1364 = DIRECTION ( 'NONE',  ( 0.000000000000000000, -1.000000000000000000, 0.000000000000000000 ) ) ;
#1365 = CLOSED_SHELL ( 'NONE', ( #183, #1513, #1727, #1405, #53, #3356 ) ) ;
#1366 = DIRECTION ( 'NONE',  ( -0.000000000000000000, -1.000000000000000000, -0.000000000000000000 ) ) ;
#1367 = LINE ( 'NONE', #812, #4010 ) ;
#1368 = CARTESIAN_POINT ( 'NONE',  ( 0.8750000000000008882, 0.000000000000000000, 1.499999999999999778 ) ) ;
#1369 = VERTEX_POINT ( 'NONE', #279 ) ;
#1370 = EDGE_LOOP ( 'NONE', ( #6916, #2135, #3219, #3598 ) ) ;
#1371 = DIRECTION ( 'NONE',  ( -1.000000000000000000, 0.000000000000000000, 0.000000000000000000 ) ) ;
#1372 = CARTESIAN_POINT ( 'NONE',  ( -1.224999999999999645, 0.09999999999999999167, 1.225000000000000755 ) ) ;
#1373 = DIRECTION ( 'NONE',  ( 0.000000000000000000, 0.000000000000000000, -1.000000000000000000 ) ) ;
#1374 = LINE ( 'NONE', #441, #1487 ) ;
#1375 = PRESENTATION_LAYER_ASSIGNMENT (  '', '', ( #2768 ) ) ;
#1376 = CARTESIAN_POINT ( 'NONE',  ( -1.500000000000000000, 0.09999999999999999167, -0.3749999999999991673 ) ) ;
#1377 = AXIS2_PLACEMENT_3D ( 'NONE', #3727, #1955, #1299 ) ;
#1378 = EDGE_CURVE ( 'NONE', #7468, #4413, #102, .T. ) ;
#1379 = FACE_OUTER_BOUND ( 'NONE', #4141, .T. ) ;
#1380 = ORIENTED_EDGE ( 'NONE', *, *, #3574, .F. ) ;
#1381 = LINE ( 'NONE', #2061, #1472 ) ;
#1382 = DIRECTION ( 'NONE',  ( 0.000000000000000000, 1.000000000000000000, 0.000000000000000000 ) ) ;
#1383 = ORIENTED_EDGE ( 'NONE', *, *, #2269, .T. ) ;
#1384 = EDGE_CURVE ( 'NONE', #5440, #2567, #2693, .T. ) ;
#1385 = ORIENTED_EDGE ( 'NONE', *, *, #5351, .F. ) ;
#1386 = ADVANCED_FACE ( 'NONE', ( #5359 ), #7509, .F. ) ;
#1387 = DIRECTION ( 'NONE',  ( -0.000000000000000000, -1.000000000000000000, -0.000000000000000000 ) ) ;
#1388 = VECTOR ( 'NONE', #2788, 1000.000000000000000 ) ;
#1389 = DIRECTION ( 'NONE',  ( -1.577021341797098201E-15, 0.000000000000000000, 1.000000000000000000 ) ) ;
#1390 = CARTESIAN_POINT ( 'NONE',  ( 1.499999999999999556, 0.05000000000000000278, 1.499999999999999778 ) ) ;
#1391 = LINE ( 'NONE', #888, #1518 ) ;
#1392 = DIRECTION ( 'NONE',  ( 1.577021341797098398E-15, 0.000000000000000000, -1.000000000000000000 ) ) ;
#1393 = VERTEX_POINT ( 'NONE', #1575 ) ;
#1394 = LINE ( 'NONE', #5654, #6802 ) ;
#1395 = CARTESIAN_POINT ( 'NONE',  ( -1.224999999999999423, 0.09999999999999999167, 0.3749999999999998890 ) ) ;
#1396 = CARTESIAN_POINT ( 'NONE',  ( 1.124999999999999556, 0.09999999999999999167, -1.499999999999999778 ) ) ;
#1397 = VERTEX_POINT ( 'NONE', #5243 ) ;
#1398 = DIRECTION ( 'NONE',  ( -0.000000000000000000, -1.000000000000000000, -0.000000000000000000 ) ) ;
#1399 = ORIENTED_EDGE ( 'NONE', *, *, #2807, .F. ) ;
#1400 = EDGE_CURVE ( 'NONE', #3102, #4191, #7786, .T. ) ;
#1401 = AXIS2_PLACEMENT_3D ( 'NONE', #7629, #4661, #2020 ) ;
#1402 = VECTOR ( 'NONE', #4989, 1000.000000000000000 ) ;
#1403 = DIRECTION ( 'NONE',  ( 0.000000000000000000, 1.000000000000000000, 0.000000000000000000 ) ) ;
#1404 = CARTESIAN_POINT ( 'NONE',  ( 0.8750000000000003331, 0.000000000000000000, 1.225000000000000311 ) ) ;
#1405 = ADVANCED_FACE ( 'NONE', ( #7776 ), #2900, .F. ) ;
#1406 = LINE ( 'NONE', #5682, #4159 ) ;
#1407 = ORIENTED_EDGE ( 'NONE', *, *, #690, .F. ) ;
#1408 = EDGE_CURVE ( 'NONE', #2567, #1326, #5394, .T. ) ;
#1409 = CARTESIAN_POINT ( 'NONE',  ( -1.224999999999999423, 0.09999999999999999167, -0.6250000000000001110 ) ) ;
#1410 = DIRECTION ( 'NONE',  ( 0.000000000000000000, 0.000000000000000000, -1.000000000000000000 ) ) ;
#1411 =( LENGTH_UNIT ( ) NAMED_UNIT ( * ) SI_UNIT ( .MILLI., .METRE. ) );
#1412 = SURFACE_SIDE_STYLE ('',( #4109 ) ) ;
#1413 = ORIENTED_EDGE ( 'NONE', *, *, #6950, .T. ) ;
#1414 = ORIENTED_EDGE ( 'NONE', *, *, #1594, .F. ) ;
#1415 = CARTESIAN_POINT ( 'NONE',  ( 1.299999999999999600, 0.09999999999999999167, 1.499999999999999778 ) ) ;
#1416 = LINE ( 'NONE', #5311, #3990 ) ;
#1417 = PLANE ( 'NONE',  #5903 ) ;
#1418 = AXIS2_PLACEMENT_3D ( 'NONE', #1047, #4304, #4929 ) ;
#1419 = CARTESIAN_POINT ( 'NONE',  ( 1.500000000000000000, 0.09999999999999999167, 0.6250000000000007772 ) ) ;
#1420 = LINE ( 'NONE', #6823, #6548 ) ;
#1421 = PLANE ( 'NONE',  #1401 ) ;
#1422 = DIRECTION ( 'NONE',  ( 0.000000000000000000, 1.000000000000000000, 0.000000000000000000 ) ) ;
#1423 = ORIENTED_EDGE ( 'NONE', *, *, #1799, .T. ) ;
#1424 = DIRECTION ( 'NONE',  ( -1.000000000000000000, 0.000000000000000000, -2.365532012695651739E-15 ) ) ;
#1425 = VECTOR ( 'NONE', #6123, 1000.000000000000000 ) ;
#1426 = CARTESIAN_POINT ( 'NONE',  ( 1.124999999999999556, 0.000000000000000000, -1.225000000000000311 ) ) ;
#1427 = EDGE_CURVE ( 'NONE', #942, #4354, #194, .T. ) ;
#1428 = MANIFOLD_SOLID_BREP ( 'Boss-Extrude4[4]', #7299 ) ;
#1429 = VERTEX_POINT ( 'NONE', #1135 ) ;
#1430 = VERTEX_POINT ( 'NONE', #1677 ) ;
#1431 = DIRECTION ( 'NONE',  ( 0.000000000000000000, -1.000000000000000000, 0.000000000000000000 ) ) ;
#1432 = LINE ( 'NONE', #5096, #6713 ) ;
#1433 = AXIS2_PLACEMENT_3D ( 'NONE', #1310, #4266, #4437 ) ;
#1434 = ORIENTED_EDGE ( 'NONE', *, *, #6174, .F. ) ;
#1435 = VECTOR ( 'NONE', #1456, 1000.000000000000000 ) ;
#1436 = EDGE_LOOP ( 'NONE', ( #1690, #5563, #3296, #3911 ) ) ;
#1437 = EDGE_CURVE ( 'NONE', #937, #7132, #273, .T. ) ;
#1438 = ORIENTED_EDGE ( 'NONE', *, *, #5750, .T. ) ;
#1439 = DIRECTION ( 'NONE',  ( 0.000000000000000000, -0.000000000000000000, 1.000000000000000000 ) ) ;
#1440 = VECTOR ( 'NONE', #186, 1000.000000000000000 ) ;
#1441 = PLANE ( 'NONE',  #251 ) ;
#1442 = CIRCLE ( 'NONE', #1694, 0.1249999999999998890 ) ;
#1443 = DIRECTION ( 'NONE',  ( 1.000000000000000000, 0.000000000000000000, 0.000000000000000000 ) ) ;
#1444 = EDGE_LOOP ( 'NONE', ( #4667, #5358, #1956, #1801 ) ) ;
#1445 = LINE ( 'NONE', #6170, #4161 ) ;
#1446 = ORIENTED_EDGE ( 'NONE', *, *, #1700, .F. ) ;
#1447 = PLANE ( 'NONE',  #3839 ) ;
#1448 = ORIENTED_EDGE ( 'NONE', *, *, #1905, .T. ) ;
#1449 = ADVANCED_FACE ( 'NONE', ( #3038 ), #5435, .T. ) ;
#1450 = LINE ( 'NONE', #6688, #3905 ) ;
#1451 = DIRECTION ( 'NONE',  ( 0.000000000000000000, 0.000000000000000000, 1.000000000000000000 ) ) ;
#1452 = DIRECTION ( 'NONE',  ( -2.365532012695651739E-15, 0.000000000000000000, 1.000000000000000000 ) ) ;
#1453 = LINE ( 'NONE', #1226, #6700 ) ;
#1454 = ORIENTED_EDGE ( 'NONE', *, *, #4851, .F. ) ;
#1455 = AXIS2_PLACEMENT_3D ( 'NONE', #3999, #5884, #7650 ) ;
#1456 = DIRECTION ( 'NONE',  ( 1.000000000000000000, -0.000000000000000000, 0.000000000000000000 ) ) ;
#1457 = CARTESIAN_POINT ( 'NONE',  ( 1.124999999999999556, 0.1000000000000000472, -1.499999999999999778 ) ) ;
#1458 = CARTESIAN_POINT ( 'NONE',  ( 0.2500000000000004441, 0.1000000000000000056, 1.225000000000000311 ) ) ;
#1459 = VERTEX_POINT ( 'NONE', #6645 ) ;
#1460 = FILL_AREA_STYLE ('',( #3785 ) ) ;
#1461 = DIRECTION ( 'NONE',  ( 0.000000000000000000, 0.000000000000000000, 1.000000000000000000 ) ) ;
#1462 = VERTEX_POINT ( 'NONE', #2362 ) ;
#1463 = DIRECTION ( 'NONE',  ( 0.000000000000000000, -0.000000000000000000, 1.000000000000000000 ) ) ;
#1464 = FACE_OUTER_BOUND ( 'NONE', #2654, .T. ) ;
#1465 = DIRECTION ( 'NONE',  ( 0.000000000000000000, 0.000000000000000000, -1.000000000000000000 ) ) ;
#1466 = ORIENTED_EDGE ( 'NONE', *, *, #6819, .F. ) ;
#1467 = ADVANCED_FACE ( 'NONE', ( #365 ), #5450, .T. ) ;
#1468 =( NAMED_UNIT ( * ) SI_UNIT ( $, .STERADIAN. ) SOLID_ANGLE_UNIT ( ) );
#1469 = DIRECTION ( 'NONE',  ( 0.000000000000000000, -0.000000000000000000, 1.000000000000000000 ) ) ;
#1470 = ORIENTED_EDGE ( 'NONE', *, *, #5553, .F. ) ;
#1471 = DIRECTION ( 'NONE',  ( -1.000000000000000000, 0.000000000000000000, 0.000000000000000000 ) ) ;
#1472 = VECTOR ( 'NONE', #5062, 1000.000000000000000 ) ;
#1473 = ORIENTED_EDGE ( 'NONE', *, *, #7808, .T. ) ;
#1474 = EDGE_LOOP ( 'NONE', ( #1869, #3228, #5919, #587 ) ) ;
#1475 = EDGE_CURVE ( 'NONE', #3901, #6526, #5672, .T. ) ;
#1476 = DIRECTION ( 'NONE',  ( 0.000000000000000000, 0.000000000000000000, -1.000000000000000000 ) ) ;
#1477 = DIRECTION ( 'NONE',  ( -2.365532012695651739E-15, 0.000000000000000000, -1.000000000000000000 ) ) ;
#1478 = CIRCLE ( 'NONE', #7215, 0.1249999999999998890 ) ;
#1479 = ORIENTED_EDGE ( 'NONE', *, *, #430, .T. ) ;
#1480 = FACE_OUTER_BOUND ( 'NONE', #1205, .T. ) ;
#1481 = ORIENTED_EDGE ( 'NONE', *, *, #4356, .T. ) ;
#1482 = PRESENTATION_LAYER_ASSIGNMENT (  '', '', ( #2602 ) ) ;
#1483 = PRESENTATION_LAYER_ASSIGNMENT (  '', '', ( #6042 ) ) ;
#1484 = VERTEX_POINT ( 'NONE', #3565 ) ;
#1485 = ORIENTED_EDGE ( 'NONE', *, *, #2505, .F. ) ;
#1486 = PLANE ( 'NONE',  #2366 ) ;
#1487 = VECTOR ( 'NONE', #3126, 1000.000000000000000 ) ;
#1488 = ORIENTED_EDGE ( 'NONE', *, *, #2855, .T. ) ;
#1489 = CARTESIAN_POINT ( 'NONE',  ( -0.3749999999999995559, 0.09999999999999999167, 1.225000000000000311 ) ) ;
#1490 = CARTESIAN_POINT ( 'NONE',  ( -1.124999999999999112, 0.6303300858899107961, 1.500000000000000222 ) ) ;
#1491 = UNCERTAINTY_MEASURE_WITH_UNIT (LENGTH_MEASURE( 1.000000000000000082E-05 ), #3426, 'distance_accuracy_value', 'NONE');
#1492 = ORIENTED_EDGE ( 'NONE', *, *, #5635, .F. ) ;
#1493 = VECTOR ( 'NONE', #3715, 1000.000000000000000 ) ;
#1494 = EDGE_CURVE ( 'NONE', #6022, #1839, #5537, .T. ) ;
#1495 = CARTESIAN_POINT ( 'NONE',  ( 1.225000000000000089, 0.09999999999999999167, 1.124999999999999778 ) ) ;
#1496 = AXIS2_PLACEMENT_3D ( 'NONE', #2322, #7142, #3445 ) ;
#1497 = ORIENTED_EDGE ( 'NONE', *, *, #997, .F. ) ;
#1498 = DIRECTION ( 'NONE',  ( -0.000000000000000000, -1.000000000000000000, -0.000000000000000000 ) ) ;
#1499 = ORIENTED_EDGE ( 'NONE', *, *, #4272, .T. ) ;
#1500 = VECTOR ( 'NONE', #7698, 1000.000000000000000 ) ;
#1501 = EDGE_CURVE ( 'NONE', #6735, #4403, #431, .T. ) ;
#1502 = DIRECTION ( 'NONE',  ( 0.000000000000000000, 0.000000000000000000, -1.000000000000000000 ) ) ;
#1503 = ORIENTED_EDGE ( 'NONE', *, *, #3997, .F. ) ;
#1504 = FACE_OUTER_BOUND ( 'NONE', #4406, .T. ) ;
#1505 = ORIENTED_EDGE ( 'NONE', *, *, #1260, .F. ) ;
#1506 = CARTESIAN_POINT ( 'NONE',  ( 1.499999999999999556, 0.000000000000000000, -1.299999999999999822 ) ) ;
#1507 = CARTESIAN_POINT ( 'NONE',  ( 1.225000000000000089, 0.000000000000000000, -1.124999999999999778 ) ) ;
#1508 = EDGE_CURVE ( 'NONE', #5979, #4676, #3012, .T. ) ;
#1509 = EDGE_LOOP ( 'NONE', ( #4207, #4740, #7332, #5893 ) ) ;
#1510 = DIRECTION ( 'NONE',  ( -0.000000000000000000, -1.000000000000000000, -0.000000000000000000 ) ) ;
#1511 = ORIENTED_EDGE ( 'NONE', *, *, #3890, .F. ) ;
#1512 = SURFACE_STYLE_USAGE ( .BOTH. , #5282 ) ;
#1513 = ADVANCED_FACE ( 'NONE', ( #5632 ), #340, .T. ) ;
#1514 = CIRCLE ( 'NONE', #3969, 0.1249999999999998890 ) ;
#1515 = ORIENTED_EDGE ( 'NONE', *, *, #5434, .F. ) ;
#1516 = EDGE_CURVE ( 'NONE', #3514, #3901, #2902, .T. ) ;
#1517 = CARTESIAN_POINT ( 'NONE',  ( -1.125000000000000222, 0.8000000000000000444, -1.125000000000000000 ) ) ;
#1518 = VECTOR ( 'NONE', #3939, 1000.000000000000000 ) ;
#1519 = SURFACE_SIDE_STYLE ('',( #4646 ) ) ;
#1520 = DIRECTION ( 'NONE',  ( -0.000000000000000000, -1.000000000000000000, -0.000000000000000000 ) ) ;
#1521 = ORIENTED_EDGE ( 'NONE', *, *, #6136, .F. ) ;
#1522 = CARTESIAN_POINT ( 'NONE',  ( -1.224999999999999645, 0.09999999999999999167, 1.225000000000000755 ) ) ;
#1523 = COLOUR_RGB ( '',0.7921568627450980005, 0.8196078431372548767, 0.9333333333333333481 ) ;
#1524 = CARTESIAN_POINT ( 'NONE',  ( 1.224999999999999423, 0.000000000000000000, -0.7499999999999996669 ) ) ;
#1525 = ORIENTED_EDGE ( 'NONE', *, *, #5524, .T. ) ;
#1526 = EDGE_LOOP ( 'NONE', ( #6642, #5082, #1634, #7183 ) ) ;
#1527 = AXIS2_PLACEMENT_3D ( 'NONE', #5935, #2834, #6622 ) ;
#1528 = DIRECTION ( 'NONE',  ( 0.000000000000000000, 0.000000000000000000, 1.000000000000000000 ) ) ;
#1529 = DIRECTION ( 'NONE',  ( 0.000000000000000000, -1.000000000000000000, 0.000000000000000000 ) ) ;
#1530 = VECTOR ( 'NONE', #1012, 1000.000000000000000 ) ;
#1531 = DIRECTION ( 'NONE',  ( 0.000000000000000000, 1.000000000000000000, 0.000000000000000000 ) ) ;
#1532 = ORIENTED_EDGE ( 'NONE', *, *, #3148, .F. ) ;
#1533 = ADVANCED_FACE ( 'NONE', ( #397 ), #3625, .F. ) ;
#1534 = VECTOR ( 'NONE', #1649, 1000.000000000000000 ) ;
#1535 = EDGE_CURVE ( 'NONE', #2159, #975, #310, .T. ) ;
#1536 = ORIENTED_EDGE ( 'NONE', *, *, #7043, .F. ) ;
#1537 = LINE ( 'NONE', #6167, #6732 ) ;
#1538 = ORIENTED_EDGE ( 'NONE', *, *, #74, .T. ) ;
#1539 = ORIENTED_EDGE ( 'NONE', *, *, #1594, .T. ) ;
#1540 = FILL_AREA_STYLE ('',( #296 ) ) ;
#1541 = LINE ( 'NONE', #2193, #7174 ) ;
#1542 = ORIENTED_EDGE ( 'NONE', *, *, #553, .T. ) ;
#1543 = CARTESIAN_POINT ( 'NONE',  ( -0.7499999999999995559, 0.5716990566028304910, 1.100000000000000533 ) ) ;
#1544 = PLANE ( 'NONE',  #4677 ) ;
#1545 = LINE ( 'NONE', #208, #6646 ) ;
#1546 = ORIENTED_EDGE ( 'NONE', *, *, #7303, .T. ) ;
#1547 = VECTOR ( 'NONE', #221, 1000.000000000000000 ) ;
#1548 = SURFACE_SIDE_STYLE ('',( #2440 ) ) ;
#1549 = CARTESIAN_POINT ( 'NONE',  ( 1.499999999999999556, 5.842640687119284415, -1.500000000000000222 ) ) ;
#1550 = VERTEX_POINT ( 'NONE', #1920 ) ;
#1551 = DIRECTION ( 'NONE',  ( -0.000000000000000000, -1.000000000000000000, -0.000000000000000000 ) ) ;
#1552 = ORIENTED_EDGE ( 'NONE', *, *, #5683, .F. ) ;
#1553 = FACE_OUTER_BOUND ( 'NONE', #2809, .T. ) ;
#1554 = CARTESIAN_POINT ( 'NONE',  ( -0.7499999999999995559, 0.1000000000000000056, 1.225000000000000311 ) ) ;
#1555 = AXIS2_PLACEMENT_3D ( 'NONE', #5454, #525, #5606 ) ;
#1556 = ORIENTED_EDGE ( 'NONE', *, *, #1298, .F. ) ;
#1557 = EDGE_CURVE ( 'NONE', #657, #613, #5513, .T. ) ;
#1558 = FACE_OUTER_BOUND ( 'NONE', #5115, .T. ) ;
#1559 = VERTEX_POINT ( 'NONE', #708 ) ;
#1560 = VECTOR ( 'NONE', #3780, 1000.000000000000000 ) ;
#1561 = CARTESIAN_POINT ( 'NONE',  ( 1.500000000000000000, 0.09999999999999999167, -0.1250000000000001110 ) ) ;
#1562 = DIRECTION ( 'NONE',  ( -1.000000000000000000, 0.000000000000000000, -0.000000000000000000 ) ) ;
#1563 = CARTESIAN_POINT ( 'NONE',  ( -0.2499999999999995837, 0.1000000000000000056, 1.225000000000000311 ) ) ;
#1564 = PLANE ( 'NONE',  #1057 ) ;
#1565 = ORIENTED_EDGE ( 'NONE', *, *, #5750, .F. ) ;
#1566 = EDGE_CURVE ( 'NONE', #619, #4399, #250, .T. ) ;
#1567 = ORIENTED_EDGE ( 'NONE', *, *, #892, .F. ) ;
#1568 = FACE_OUTER_BOUND ( 'NONE', #2240, .T. ) ;
#1569 =( NAMED_UNIT ( * ) SI_UNIT ( $, .STERADIAN. ) SOLID_ANGLE_UNIT ( ) );
#1570 = VERTEX_POINT ( 'NONE', #7414 ) ;
#1571 = DIRECTION ( 'NONE',  ( -0.000000000000000000, -1.000000000000000000, -0.000000000000000000 ) ) ;
#1572 = PRESENTATION_LAYER_ASSIGNMENT (  '', '', ( #4553 ) ) ;
#1573 = LINE ( 'NONE', #5539, #4106 ) ;
#1574 = DIRECTION ( 'NONE',  ( 0.000000000000000000, 0.000000000000000000, -1.000000000000000000 ) ) ;
#1575 = CARTESIAN_POINT ( 'NONE',  ( 1.225000000000000089, 0.05000000000000001665, 1.124999999999999778 ) ) ;
#1576 = ORIENTED_EDGE ( 'NONE', *, *, #5372, .T. ) ;
#1577 = LINE ( 'NONE', #6951, #4226 ) ;
#1578 = EDGE_CURVE ( 'NONE', #3562, #1338, #2940, .T. ) ;
#1579 = CARTESIAN_POINT ( 'NONE',  ( -1.500000000000000000, 0.000000000000000000, 0.3749999999999998890 ) ) ;
#1580 = ORIENTED_EDGE ( 'NONE', *, *, #2803, .T. ) ;
#1581 = VERTEX_POINT ( 'NONE', #653 ) ;
#1582 = EDGE_CURVE ( 'NONE', #2590, #651, #3023, .T. ) ;
#1583 = ADVANCED_FACE ( 'NONE', ( #3051 ), #151, .F. ) ;
#1584 = DIRECTION ( 'NONE',  ( -0.000000000000000000, -1.000000000000000000, -0.000000000000000000 ) ) ;
#1585 = SURFACE_SIDE_STYLE ('',( #6825 ) ) ;
#1586 = AXIS2_PLACEMENT_3D ( 'NONE', #2557, #4972, #7380 ) ;
#1587 = LINE ( 'NONE', #871, #6837 ) ;
#1588 =( GEOMETRIC_REPRESENTATION_CONTEXT ( 3 ) GLOBAL_UNCERTAINTY_ASSIGNED_CONTEXT ( ( #5086 ) ) GLOBAL_UNIT_ASSIGNED_CONTEXT ( ( #1411, #2063, #2607 ) ) REPRESENTATION_CONTEXT ( 'NONE', 'WORKASPACE' ) );
#1589 = PLANE ( 'NONE',  #3631 ) ;
#1590 = CARTESIAN_POINT ( 'NONE',  ( 1.299999999999999600, 0.6303300858899107961, -1.499999999999999778 ) ) ;
#1591 = ORIENTED_EDGE ( 'NONE', *, *, #6777, .T. ) ;
#1592 = VERTEX_POINT ( 'NONE', #6135 ) ;
#1593 = LINE ( 'NONE', #2064, #4277 ) ;
#1594 = EDGE_CURVE ( 'NONE', #1978, #7118, #2912, .T. ) ;
#1595 = ORIENTED_EDGE ( 'NONE', *, *, #2269, .F. ) ;
#1596 = ORIENTED_EDGE ( 'NONE', *, *, #381, .F. ) ;
#1597 = AXIS2_PLACEMENT_3D ( 'NONE', #2931, #5417, #6738 ) ;
#1598 =( NAMED_UNIT ( * ) SI_UNIT ( $, .STERADIAN. ) SOLID_ANGLE_UNIT ( ) );
#1599 = LINE ( 'NONE', #7556, #4460 ) ;
#1600 = EDGE_CURVE ( 'NONE', #5708, #423, #5462, .T. ) ;
#1601 = ORIENTED_EDGE ( 'NONE', *, *, #6466, .F. ) ;
#1602 = AXIS2_PLACEMENT_3D ( 'NONE', #1772, #2396, #2933 ) ;
#1603 = ADVANCED_FACE ( 'NONE', ( #5566 ), #2461, .F. ) ;
#1604 = CARTESIAN_POINT ( 'NONE',  ( 0.1250000000000008604, 0.1000000000000000056, 1.500000000000000222 ) ) ;
#1605 = ORIENTED_EDGE ( 'NONE', *, *, #1865, .T. ) ;
#1606 =( LENGTH_UNIT ( ) NAMED_UNIT ( * ) SI_UNIT ( .MILLI., .METRE. ) );
#1607 = EDGE_CURVE ( 'NONE', #99, #3115, #2990, .T. ) ;
#1608 = ORIENTED_EDGE ( 'NONE', *, *, #7690, .F. ) ;
#1609 = FILL_AREA_STYLE ('',( #7058 ) ) ;
#1610 = PRODUCT_DEFINITION ( 'UNKNOWN', '', #3662, #5042 ) ;
#1611 = DIRECTION ( 'NONE',  ( 0.000000000000000000, -1.000000000000000000, 0.000000000000000000 ) ) ;
#1612 = VERTEX_POINT ( 'NONE', #6093 ) ;
#1613 = CARTESIAN_POINT ( 'NONE',  ( -0.1249999999999996808, 0.5716990566028304910, 1.225000000000000311 ) ) ;
#1614 = DIRECTION ( 'NONE',  ( 1.000000000000000000, 0.000000000000000000, 0.000000000000000000 ) ) ;
#1615 = ORIENTED_EDGE ( 'NONE', *, *, #2939, .T. ) ;
#1616 = FACE_OUTER_BOUND ( 'NONE', #6330, .T. ) ;
#1617 = EDGE_LOOP ( 'NONE', ( #1951, #4795, #6353, #1228 ) ) ;
#1618 = VECTOR ( 'NONE', #732, 1000.000000000000000 ) ;
#1619 = DIRECTION ( 'NONE',  ( 0.000000000000000000, -1.000000000000000000, 0.000000000000000000 ) ) ;
#1620 = ORIENTED_EDGE ( 'NONE', *, *, #3470, .T. ) ;
#1621 = EDGE_CURVE ( 'NONE', #635, #602, #5679, .T. ) ;
#1622 = EDGE_LOOP ( 'NONE', ( #2195, #7166, #5318, #1845, #5576 ) ) ;
#1623 = CARTESIAN_POINT ( 'NONE',  ( 1.225000000000000089, 0.6303300858899107961, -1.124999999999999778 ) ) ;
#1624 = ORIENTED_EDGE ( 'NONE', *, *, #7393, .F. ) ;
#1625 = CARTESIAN_POINT ( 'NONE',  ( -0.1249999999999996808, 0.09999999999999999167, 1.225000000000000311 ) ) ;
#1626 = SURFACE_STYLE_FILL_AREA ( #2651 ) ;
#1627 = CARTESIAN_POINT ( 'NONE',  ( 1.124999999999999556, 0.09999999999999999167, 1.225000000000000311 ) ) ;
#1628 = DIRECTION ( 'NONE',  ( -0.000000000000000000, 0.000000000000000000, -1.000000000000000000 ) ) ;
#1629 = EDGE_LOOP ( 'NONE', ( #6321, #7769, #4138, #5014 ) ) ;
#1630 = DIRECTION ( 'NONE',  ( 0.000000000000000000, 0.000000000000000000, -1.000000000000000000 ) ) ;
#1631 = CIRCLE ( 'NONE', #2294, 0.1249999999999995698 ) ;
#1632 =( GEOMETRIC_REPRESENTATION_CONTEXT ( 3 ) GLOBAL_UNCERTAINTY_ASSIGNED_CONTEXT ( ( #2816 ) ) GLOBAL_UNIT_ASSIGNED_CONTEXT ( ( #5200, #6355, #1569 ) ) REPRESENTATION_CONTEXT ( 'NONE', 'WORKASPACE' ) );
#1633 = DIRECTION ( 'NONE',  ( 0.000000000000000000, 1.000000000000000000, 0.000000000000000000 ) ) ;
#1634 = ORIENTED_EDGE ( 'NONE', *, *, #2353, .T. ) ;
#1635 = VERTEX_POINT ( 'NONE', #3776 ) ;
#1636 = EDGE_CURVE ( 'NONE', #5585, #4868, #5652, .T. ) ;
#1637 = CARTESIAN_POINT ( 'NONE',  ( 1.224999999999999423, 0.5716990566028299359, 0.3749999999999998890 ) ) ;
#1638 = CARTESIAN_POINT ( 'NONE',  ( 1.224999999999999423, 0.000000000000000000, 0.8749999999999998890 ) ) ;
#1639 = ORIENTED_EDGE ( 'NONE', *, *, #6615, .F. ) ;
#1640 = VECTOR ( 'NONE', #264, 1000.000000000000000 ) ;
#1641 = VERTEX_POINT ( 'NONE', #4300 ) ;
#1642 = FACE_OUTER_BOUND ( 'NONE', #4317, .T. ) ;
#1643 = ORIENTED_EDGE ( 'NONE', *, *, #2939, .F. ) ;
#1644 = ORIENTED_EDGE ( 'NONE', *, *, #2560, .T. ) ;
#1645 = DIRECTION ( 'NONE',  ( 0.000000000000000000, 0.000000000000000000, -1.000000000000000000 ) ) ;
#1646 = ORIENTED_EDGE ( 'NONE', *, *, #4473, .F. ) ;
#1647 = ADVANCED_FACE ( 'NONE', ( #3083 ), #3838, .F. ) ;
#1648 = VERTEX_POINT ( 'NONE', #6833 ) ;
#1649 = DIRECTION ( 'NONE',  ( 1.000000000000000000, 0.000000000000000000, -3.942553354492735642E-16 ) ) ;
#1650 = CARTESIAN_POINT ( 'NONE',  ( -1.500000000000000222, 0.8000000000000003775, 1.500000000000000000 ) ) ;
#1651 = LINE ( 'NONE', #6986, #1758 ) ;
#1652 = ORIENTED_EDGE ( 'NONE', *, *, #7570, .F. ) ;
#1653 = VECTOR ( 'NONE', #4016, 1000.000000000000000 ) ;
#1654 = ORIENTED_EDGE ( 'NONE', *, *, #5722, .F. ) ;
#1655 = CARTESIAN_POINT ( 'NONE',  ( 1.224999999999999423, 0.09999999999999999167, 0.8749999999999998890 ) ) ;
#1656 = CARTESIAN_POINT ( 'NONE',  ( 1.124999999999999556, 0.09999999999999999167, -1.499999999999999778 ) ) ;
#1657 = AXIS2_PLACEMENT_3D ( 'NONE', #5796, #835, #2748 ) ;
#1658 = EDGE_LOOP ( 'NONE', ( #204, #4559, #4439, #2681 ) ) ;
#1659 = ORIENTED_EDGE ( 'NONE', *, *, #5853, .F. ) ;
#1660 = EDGE_CURVE ( 'NONE', #4600, #449, #263, .T. ) ;
#1661 = ORIENTED_EDGE ( 'NONE', *, *, #6719, .T. ) ;
#1662 = ADVANCED_FACE ( 'NONE', ( #5695 ), #568, .F. ) ;
#1663 = EDGE_CURVE ( 'NONE', #3914, #3132, #2965, .T. ) ;
#1664 = VECTOR ( 'NONE', #5190, 1000.000000000000000 ) ;
#1665 = VERTEX_POINT ( 'NONE', #3067 ) ;
#1666 = ORIENTED_EDGE ( 'NONE', *, *, #5762, .F. ) ;
#1667 = PLANE ( 'NONE',  #7412 ) ;
#1668 = DIRECTION ( 'NONE',  ( -0.000000000000000000, -1.000000000000000000, -0.000000000000000000 ) ) ;
#1669 = ORIENTED_EDGE ( 'NONE', *, *, #4349, .F. ) ;
#1670 = ORIENTED_EDGE ( 'NONE', *, *, #4861, .F. ) ;
#1671 = CARTESIAN_POINT ( 'NONE',  ( -1.499999999999999112, 0.6303300858899107961, -1.300000000000000266 ) ) ;
#1672 = EDGE_LOOP ( 'NONE', ( #2324, #7275, #383, #5925 ) ) ;
#1673 = CARTESIAN_POINT ( 'NONE',  ( -1.224999999999999645, 0.1000000000000000472, -1.125000000000000222 ) ) ;
#1674 = VERTEX_POINT ( 'NONE', #4352 ) ;
#1675 = DIRECTION ( 'NONE',  ( -1.000000000000000000, 0.000000000000000000, 0.000000000000000000 ) ) ;
#1676 = CARTESIAN_POINT ( 'NONE',  ( -1.224999999999999423, 0.09999999999999999167, -0.3749999999999992228 ) ) ;
#1677 = CARTESIAN_POINT ( 'NONE',  ( 0.7500000000000004441, 0.000000000000000000, 1.100000000000000533 ) ) ;
#1678 = ORIENTED_EDGE ( 'NONE', *, *, #2737, .T. ) ;
#1679 = SURFACE_STYLE_FILL_AREA ( #1849 ) ;
#1680 = EDGE_CURVE ( 'NONE', #3696, #536, #439, .T. ) ;
#1681 = ORIENTED_EDGE ( 'NONE', *, *, #1202, .T. ) ;
#1682 = AXIS2_PLACEMENT_3D ( 'NONE', #6168, #6839, #7493 ) ;
#1683 = ORIENTED_EDGE ( 'NONE', *, *, #1717, .T. ) ;
#1684 = UNCERTAINTY_MEASURE_WITH_UNIT (LENGTH_MEASURE( 1.000000000000000082E-05 ), #1197, 'distance_accuracy_value', 'NONE');
#1685 = ORIENTED_EDGE ( 'NONE', *, *, #4014, .T. ) ;
#1686 = DIRECTION ( 'NONE',  ( 7.228014483236695816E-17, -0.000000000000000000, 1.000000000000000000 ) ) ;
#1687 = CARTESIAN_POINT ( 'NONE',  ( 0.8750000000000008882, 0.5716990566028304910, 1.499999999999999778 ) ) ;
#1688 = EDGE_CURVE ( 'NONE', #4555, #5849, #2922, .T. ) ;
#1689 = CARTESIAN_POINT ( 'NONE',  ( -1.500000000000000000, 0.09999999999999999167, 0.3749999999999998890 ) ) ;
#1690 = ORIENTED_EDGE ( 'NONE', *, *, #558, .F. ) ;
#1691 = ORIENTED_EDGE ( 'NONE', *, *, #1981, .T. ) ;
#1692 = VECTOR ( 'NONE', #5151, 1000.000000000000000 ) ;
#1693 = EDGE_LOOP ( 'NONE', ( #3448, #4961, #4459, #2034 ) ) ;
#1694 = AXIS2_PLACEMENT_3D ( 'NONE', #5868, #4237, #4869 ) ;
#1695 = ORIENTED_EDGE ( 'NONE', *, *, #5211, .F. ) ;
#1696 = CARTESIAN_POINT ( 'NONE',  ( -1.124999999999999112, 0.09999999999999999167, -1.500000000000000222 ) ) ;
#1697 = VERTEX_POINT ( 'NONE', #3163 ) ;
#1698 = DIRECTION ( 'NONE',  ( -1.000000000000000000, -0.000000000000000000, -3.942553354492736135E-16 ) ) ;
#1699 = ORIENTED_EDGE ( 'NONE', *, *, #4949, .T. ) ;
#1700 = EDGE_CURVE ( 'NONE', #2616, #3315, #5603, .T. ) ;
#1701 = EDGE_CURVE ( 'NONE', #2287, #4558, #3002, .T. ) ;
#1702 = CARTESIAN_POINT ( 'NONE',  ( -1.224999999999999423, 0.5716990566028299359, 0.7500000000000003331 ) ) ;
#1703 = DIRECTION ( 'NONE',  ( -1.000000000000000000, 0.000000000000000000, 2.365532012695651739E-15 ) ) ;
#1704 = CARTESIAN_POINT ( 'NONE',  ( 1.224999999999999423, 0.09999999999999999167, 0.3749999999999998890 ) ) ;
#1705 = LINE ( 'NONE', #4644, #4301 ) ;
#1706 = VERTEX_POINT ( 'NONE', #1404 ) ;
#1707 = VECTOR ( 'NONE', #4096, 1000.000000000000000 ) ;
#1708 = ORIENTED_EDGE ( 'NONE', *, *, #6174, .T. ) ;
#1709 = PLANE ( 'NONE',  #2055 ) ;
#1710 = ORIENTED_EDGE ( 'NONE', *, *, #850, .T. ) ;
#1711 = DIRECTION ( 'NONE',  ( 0.000000000000000000, -1.000000000000000000, 0.000000000000000000 ) ) ;
#1712 = ORIENTED_EDGE ( 'NONE', *, *, #2196, .F. ) ;
#1713 = FILL_AREA_STYLE_COLOUR ( '', #6223 ) ;
#1714 = ORIENTED_EDGE ( 'NONE', *, *, #1408, .T. ) ;
#1715 = SURFACE_SIDE_STYLE ('',( #6058 ) ) ;
#1716 = LINE ( 'NONE', #5738, #7014 ) ;
#1717 = EDGE_CURVE ( 'NONE', #6374, #798, #5474, .T. ) ;
#1718 = ORIENTED_EDGE ( 'NONE', *, *, #3269, .F. ) ;
#1719 = VERTEX_POINT ( 'NONE', #6159 ) ;
#1720 = DIRECTION ( 'NONE',  ( 0.000000000000000000, 1.000000000000000000, 0.000000000000000000 ) ) ;
#1721 = ORIENTED_EDGE ( 'NONE', *, *, #5622, .T. ) ;
#1722 = ORIENTED_EDGE ( 'NONE', *, *, #7641, .T. ) ;
#1723 = ORIENTED_EDGE ( 'NONE', *, *, #7765, .T. ) ;
#1724 = CARTESIAN_POINT ( 'NONE',  ( -0.6999999999999998446, 0.09999999999999982514, -0.4000000000000001332 ) ) ;
#1725 = CARTESIAN_POINT ( 'NONE',  ( 1.224999999999999423, 0.5716990566028299359, -0.3749999999999992228 ) ) ;
#1726 = ORIENTED_EDGE ( 'NONE', *, *, #923, .T. ) ;
#1727 = ADVANCED_FACE ( 'NONE', ( #471 ), #5600, .F. ) ;
#1728 = DIRECTION ( 'NONE',  ( 1.000000000000000000, 0.000000000000000000, -1.734723475976807292E-15 ) ) ;
#1729 = CIRCLE ( 'NONE', #2716, 0.1249999999999998890 ) ;
#1730 = VERTEX_POINT ( 'NONE', #2114 ) ;
#1731 = DIRECTION ( 'NONE',  ( 1.000000000000000000, 0.000000000000000000, -1.577021341797098201E-15 ) ) ;
#1732 = LINE ( 'NONE', #5572, #1854 ) ;
#1733 = ORIENTED_EDGE ( 'NONE', *, *, #3156, .T. ) ;
#1734 = EDGE_CURVE ( 'NONE', #856, #4777, #5495, .T. ) ;
#1735 = PLANE ( 'NONE',  #356 ) ;
#1736 = ORIENTED_EDGE ( 'NONE', *, *, #3029, .T. ) ;
#1737 = VERTEX_POINT ( 'NONE', #4531 ) ;
#1738 = CARTESIAN_POINT ( 'NONE',  ( 1.499999999999999556, 0.8000000000000003775, 1.499999999999999778 ) ) ;
#1739 = CARTESIAN_POINT ( 'NONE',  ( -0.7499999999999995559, 0.05000000000000000278, 1.100000000000000533 ) ) ;
#1740 = CARTESIAN_POINT ( 'NONE',  ( 1.299999999999999600, 0.05000000000000000278, 0.000000000000000000 ) ) ;
#1741 = ORIENTED_EDGE ( 'NONE', *, *, #5805, .T. ) ;
#1742 = FACE_OUTER_BOUND ( 'NONE', #2382, .T. ) ;
#1743 = DIRECTION ( 'NONE',  ( -1.000000000000000000, 0.000000000000000000, 0.000000000000000000 ) ) ;
#1744 = LINE ( 'NONE', #6403, #4385 ) ;
#1745 = VERTEX_POINT ( 'NONE', #5106 ) ;
#1746 = VECTOR ( 'NONE', #2806, 1000.000000000000000 ) ;
#1747 = ORIENTED_EDGE ( 'NONE', *, *, #4457, .T. ) ;
#1748 = DIRECTION ( 'NONE',  ( 0.000000000000000000, -0.000000000000000000, 1.000000000000000000 ) ) ;
#1749 = ORIENTED_EDGE ( 'NONE', *, *, #2348, .F. ) ;
#1750 = DIRECTION ( 'NONE',  ( 1.000000000000000000, -0.000000000000000000, 1.548860246407863336E-16 ) ) ;
#1751 = ORIENTED_EDGE ( 'NONE', *, *, #3850, .T. ) ;
#1752 = CARTESIAN_POINT ( 'NONE',  ( -1.500000000000000000, 0.5716990566028299359, 0.6250000000000008882 ) ) ;
#1753 = VERTEX_POINT ( 'NONE', #7322 ) ;
#1754 = AXIS2_PLACEMENT_3D ( 'NONE', #2121, #2659, #4975 ) ;
#1755 = DIRECTION ( 'NONE',  ( 0.000000000000000000, 1.000000000000000000, 0.000000000000000000 ) ) ;
#1756 = CARTESIAN_POINT ( 'NONE',  ( -0.6249999999999991118, 0.1000000000000000056, 1.499999999999999778 ) ) ;
#1757 = AXIS2_PLACEMENT_3D ( 'NONE', #7758, #2278, #7579 ) ;
#1758 = VECTOR ( 'NONE', #5181, 1000.000000000000000 ) ;
#1759 = ORIENTED_EDGE ( 'NONE', *, *, #1508, .F. ) ;
#1760 = VECTOR ( 'NONE', #6272, 1000.000000000000000 ) ;
#1761 = EDGE_CURVE ( 'NONE', #3590, #5861, #295, .T. ) ;
#1762 = ORIENTED_EDGE ( 'NONE', *, *, #6507, .F. ) ;
#1763 = DIRECTION ( 'NONE',  ( 1.000000000000000000, 0.000000000000000000, 0.000000000000000000 ) ) ;
#1764 = DIRECTION ( 'NONE',  ( 0.000000000000000000, -1.000000000000000000, 0.000000000000000000 ) ) ;
#1765 = ORIENTED_EDGE ( 'NONE', *, *, #3756, .F. ) ;
#1766 = SURFACE_STYLE_USAGE ( .BOTH. , #4640 ) ;
#1767 = ORIENTED_EDGE ( 'NONE', *, *, #3135, .T. ) ;
#1768 = MANIFOLD_SOLID_BREP ( 'Boss-Extrude4[2]', #7208 ) ;
#1769 = EDGE_CURVE ( 'NONE', #6821, #4268, #3241, .T. ) ;
#1770 = CARTESIAN_POINT ( 'NONE',  ( -0.7499999999999997780, 0.1000000000000000056, -1.224999999999999867 ) ) ;
#1771 = DIRECTION ( 'NONE',  ( 1.000000000000000000, 0.000000000000000000, -1.577021341797098201E-15 ) ) ;
#1772 = CARTESIAN_POINT ( 'NONE',  ( -0.7499999999999995559, 0.09999999999999999167, 1.225000000000000311 ) ) ;
#1773 = ORIENTED_EDGE ( 'NONE', *, *, #2855, .F. ) ;
#1774 = VECTOR ( 'NONE', #3812, 1000.000000000000000 ) ;
#1775 = DIRECTION ( 'NONE',  ( 0.000000000000000000, -1.000000000000000000, 0.000000000000000000 ) ) ;
#1776 = CARTESIAN_POINT ( 'NONE',  ( 0.000000000000000000, 0.05000000000000000278, 0.8749999999999998890 ) ) ;
#1777 = VECTOR ( 'NONE', #7658, 1000.000000000000000 ) ;
#1778 = EDGE_LOOP ( 'NONE', ( #2067, #6173, #4449, #2081 ) ) ;
#1779 = LINE ( 'NONE', #5904, #1950 ) ;
#1780 = PLANE ( 'NONE',  #6265 ) ;
#1781 = ORIENTED_EDGE ( 'NONE', *, *, #272, .T. ) ;
#1782 = DIRECTION ( 'NONE',  ( 0.000000000000000000, 0.000000000000000000, 1.000000000000000000 ) ) ;
#1783 = ORIENTED_EDGE ( 'NONE', *, *, #757, .T. ) ;
#1784 = PLANE ( 'NONE',  #7002 ) ;
#1785 = VERTEX_POINT ( 'NONE', #5146 ) ;
#1786 = CARTESIAN_POINT ( 'NONE',  ( -0.3749999999999991673, 0.1000000000000000056, 1.500000000000000222 ) ) ;
#1787 = AXIS2_PLACEMENT_3D ( 'NONE', #3671, #4939, #3079 ) ;
#1788 = ADVANCED_FACE ( 'NONE', ( #756 ), #950, .F. ) ;
#1789 = ADVANCED_FACE ( 'NONE', ( #5758 ), #265, .T. ) ;
#1790 = EDGE_CURVE ( 'NONE', #5237, #270, #3263, .T. ) ;
#1791 = ORIENTED_EDGE ( 'NONE', *, *, #7643, .F. ) ;
#1792 = AXIS2_PLACEMENT_3D ( 'NONE', #4742, #4012, #5848 ) ;
#1793 = LINE ( 'NONE', #1844, #1530 ) ;
#1794 = VECTOR ( 'NONE', #7746, 1000.000000000000000 ) ;
#1795 = DIRECTION ( 'NONE',  ( 0.000000000000000000, 0.000000000000000000, 1.000000000000000000 ) ) ;
#1796 = VERTEX_POINT ( 'NONE', #2883 ) ;
#1797 = LINE ( 'NONE', #5731, #7073 ) ;
#1798 = ORIENTED_EDGE ( 'NONE', *, *, #2233, .T. ) ;
#1799 = EDGE_CURVE ( 'NONE', #7150, #1263, #5775, .T. ) ;
#1800 = EDGE_CURVE ( 'NONE', #2292, #6552, #533, .T. ) ;
#1801 = ORIENTED_EDGE ( 'NONE', *, *, #66, .F. ) ;
#1802 = ORIENTED_EDGE ( 'NONE', *, *, #3196, .T. ) ;
#1803 = CARTESIAN_POINT ( 'NONE',  ( 1.299999999999999600, 0.6303300858899107961, 1.299999999999999822 ) ) ;
#1804 = ORIENTED_EDGE ( 'NONE', *, *, #4393, .T. ) ;
#1805 = ADVANCED_FACE ( 'NONE', ( #703 ), #3953, .T. ) ;
#1806 = FACE_OUTER_BOUND ( 'NONE', #7848, .T. ) ;
#1807 = DIRECTION ( 'NONE',  ( 0.000000000000000000, 0.000000000000000000, -1.000000000000000000 ) ) ;
#1808 = PRESENTATION_LAYER_ASSIGNMENT (  '', '', ( #1091 ) ) ;
#1809 = FACE_OUTER_BOUND ( 'NONE', #4785, .T. ) ;
#1810 = ORIENTED_EDGE ( 'NONE', *, *, #7063, .F. ) ;
#1811 = DIRECTION ( 'NONE',  ( -0.000000000000000000, -1.000000000000000000, -0.000000000000000000 ) ) ;
#1812 = ORIENTED_EDGE ( 'NONE', *, *, #5433, .T. ) ;
#1813 =( LENGTH_UNIT ( ) NAMED_UNIT ( * ) SI_UNIT ( .MILLI., .METRE. ) );
#1814 = ORIENTED_EDGE ( 'NONE', *, *, #6499, .F. ) ;
#1815 = CARTESIAN_POINT ( 'NONE',  ( -1.224999999999999645, 0.000000000000000000, -1.125000000000000222 ) ) ;
#1816 = EDGE_CURVE ( 'NONE', #2588, #3797, #3367, .T. ) ;
#1817 = EDGE_LOOP ( 'NONE', ( #4749, #2542, #3974, #3828 ) ) ;
#1818 = EDGE_LOOP ( 'NONE', ( #3382, #6892, #1231, #1081 ) ) ;
#1819 = CARTESIAN_POINT ( 'NONE',  ( 1.299999999999999600, 0.1000000000000000472, 1.499999999999999778 ) ) ;
#1820 = CARTESIAN_POINT ( 'NONE',  ( -0.1249999999999991396, 0.5716990566028304910, 1.499999999999999778 ) ) ;
#1821 = CARTESIAN_POINT ( 'NONE',  ( 0.7000000000000000666, 0.000000000000000000, 0.7000000000000000666 ) ) ;
#1822 = COLOUR_RGB ( '',0.7921568627450980005, 0.8196078431372548767, 0.9333333333333333481 ) ;
#1823 = ORIENTED_EDGE ( 'NONE', *, *, #775, .T. ) ;
#1824 = ORIENTED_EDGE ( 'NONE', *, *, #6736, .F. ) ;
#1825 = CARTESIAN_POINT ( 'NONE',  ( -0.3999999999999986899, 2.079898987322333248, -0.7000000000000002887 ) ) ;
#1826 = AXIS2_PLACEMENT_3D ( 'NONE', #6743, #4215, #6052 ) ;
#1827 = DIRECTION ( 'NONE',  ( -1.000000000000000000, 0.000000000000000000, -0.000000000000000000 ) ) ;
#1828 = VERTEX_POINT ( 'NONE', #3781 ) ;
#1829 = CARTESIAN_POINT ( 'NONE',  ( 1.224999999999999423, 0.09999999999999999167, 0.8749999999999998890 ) ) ;
#1830 = ORIENTED_EDGE ( 'NONE', *, *, #6940, .F. ) ;
#1831 = EDGE_CURVE ( 'NONE', #1839, #5677, #3195, .T. ) ;
#1832 = CARTESIAN_POINT ( 'NONE',  ( 1.500000000000000000, 0.04999999999999969746, -0.3749999999999991673 ) ) ;
#1833 = DIRECTION ( 'NONE',  ( 0.000000000000000000, 1.000000000000000000, 0.000000000000000000 ) ) ;
#1834 = CARTESIAN_POINT ( 'NONE',  ( -0.8749999999999998890, 0.09999999999999999167, -1.225000000000000311 ) ) ;
#1835 = ORIENTED_EDGE ( 'NONE', *, *, #5939, .T. ) ;
#1836 = CYLINDRICAL_SURFACE ( 'NONE', #5926, 0.1249999999999998890 ) ;
#1837 = DIRECTION ( 'NONE',  ( -2.365532012695651739E-15, 0.000000000000000000, -1.000000000000000000 ) ) ;
#1838 = CARTESIAN_POINT ( 'NONE',  ( -0.6249999999999991118, 0.05000000000000000278, 1.499999999999999778 ) ) ;
#1839 = VERTEX_POINT ( 'NONE', #627 ) ;
#1840 = PRESENTATION_STYLE_ASSIGNMENT (( #6529 ) ) ;
#1841 = ORIENTED_EDGE ( 'NONE', *, *, #3507, .T. ) ;
#1842 = DIRECTION ( 'NONE',  ( 0.000000000000000000, 1.000000000000000000, 0.000000000000000000 ) ) ;
#1843 = DIRECTION ( 'NONE',  ( 1.548860246407863336E-16, 0.000000000000000000, -1.000000000000000000 ) ) ;
#1844 = CARTESIAN_POINT ( 'NONE',  ( 1.224999999999999423, 0.09999999999999999167, 0.1250000000000007494 ) ) ;
#1845 = ORIENTED_EDGE ( 'NONE', *, *, #997, .T. ) ;
#1846 = CARTESIAN_POINT ( 'NONE',  ( -0.3749999999999996669, 0.05000000000000000278, -1.225000000000000311 ) ) ;
#1847 = EDGE_LOOP ( 'NONE', ( #6698, #6555, #6841, #1804 ) ) ;
#1848 = DIRECTION ( 'NONE',  ( 0.000000000000000000, -1.000000000000000000, 0.000000000000000000 ) ) ;
#1849 = FILL_AREA_STYLE ('',( #2280 ) ) ;
#1850 = ORIENTED_EDGE ( 'NONE', *, *, #4544, .F. ) ;
#1851 = VECTOR ( 'NONE', #6573, 1000.000000000000000 ) ;
#1852 = DIRECTION ( 'NONE',  ( 0.000000000000000000, 0.000000000000000000, 1.000000000000000000 ) ) ;
#1853 = ORIENTED_EDGE ( 'NONE', *, *, #7679, .F. ) ;
#1854 = VECTOR ( 'NONE', #2082, 1000.000000000000000 ) ;
#1855 = ORIENTED_EDGE ( 'NONE', *, *, #1933, .T. ) ;
#1856 = AXIS2_PLACEMENT_3D ( 'NONE', #6901, #315, #3323 ) ;
#1857 = ORIENTED_EDGE ( 'NONE', *, *, #2697, .T. ) ;
#1858 = ORIENTED_EDGE ( 'NONE', *, *, #2611, .T. ) ;
#1859 = EDGE_CURVE ( 'NONE', #6367, #569, #3171, .T. ) ;
#1860 = CARTESIAN_POINT ( 'NONE',  ( -1.500000000000000000, 0.09999999999999999167, -0.6250000000000001110 ) ) ;
#1861 = CARTESIAN_POINT ( 'NONE',  ( 3.449734185181142763E-16, 0.05000000000000000278, -0.8749999999999996669 ) ) ;
#1862 = ORIENTED_EDGE ( 'NONE', *, *, #3299, .F. ) ;
#1863 = LINE ( 'NONE', #7635, #4218 ) ;
#1864 = CARTESIAN_POINT ( 'NONE',  ( -1.299999999999999156, 0.09999999999999999167, -1.500000000000000222 ) ) ;
#1865 = EDGE_CURVE ( 'NONE', #6750, #5631, #5920, .T. ) ;
#1866 = VECTOR ( 'NONE', #4011, 1000.000000000000000 ) ;
#1867 = VERTEX_POINT ( 'NONE', #680 ) ;
#1868 = VECTOR ( 'NONE', #7753, 1000.000000000000000 ) ;
#1869 = ORIENTED_EDGE ( 'NONE', *, *, #2750, .F. ) ;
#1870 = CARTESIAN_POINT ( 'NONE',  ( 0.6250000000000008882, 0.1000000000000000056, 1.500000000000000222 ) ) ;
#1871 = AXIS2_PLACEMENT_3D ( 'NONE', #7188, #493, #2357 ) ;
#1872 = ORIENTED_EDGE ( 'NONE', *, *, #5524, .F. ) ;
#1873 = CARTESIAN_POINT ( 'NONE',  ( -1.500000000000000000, 0.09999999999999999167, -0.1250000000000001110 ) ) ;
#1874 = ORIENTED_EDGE ( 'NONE', *, *, #5879, .T. ) ;
#1875 = AXIS2_PLACEMENT_3D ( 'NONE', #438, #1711, #4274 ) ;
#1876 = EDGE_CURVE ( 'NONE', #825, #3514, #3286, .T. ) ;
#1877 = ORIENTED_EDGE ( 'NONE', *, *, #4842, .T. ) ;
#1878 = ADVANCED_FACE ( 'NONE', ( #3326 ), #4483, .F. ) ;
#1879 = CARTESIAN_POINT ( 'NONE',  ( 1.499999999999999556, 0.05000000000000000278, 1.499999999999999778 ) ) ;
#1880 = DIRECTION ( 'NONE',  ( 0.000000000000000000, -0.000000000000000000, 1.000000000000000000 ) ) ;
#1881 = LINE ( 'NONE', #3972, #2006 ) ;
#1882 = ORIENTED_EDGE ( 'NONE', *, *, #5039, .F. ) ;
#1883 = VECTOR ( 'NONE', #2320, 1000.000000000000000 ) ;
#1884 = EDGE_CURVE ( 'NONE', #4282, #6545, #3274, .T. ) ;
#1885 = ORIENTED_EDGE ( 'NONE', *, *, #2726, .T. ) ;
#1886 = CARTESIAN_POINT ( 'NONE',  ( 0.2500000000000002220, 0.09999999999999999167, -1.224999999999999867 ) ) ;
#1887 = DIRECTION ( 'NONE',  ( 1.000000000000000000, 0.000000000000000000, 0.000000000000000000 ) ) ;
#1888 = AXIS2_PLACEMENT_3D ( 'NONE', #1966, #4946, #196 ) ;
#1889 = AXIS2_PLACEMENT_3D ( 'NONE', #3291, #6195, #982 ) ;
#1890 = ORIENTED_EDGE ( 'NONE', *, *, #6979, .T. ) ;
#1891 = CARTESIAN_POINT ( 'NONE',  ( -1.124999999999999112, 0.05000000000000000278, 0.000000000000000000 ) ) ;
#1892 = ORIENTED_EDGE ( 'NONE', *, *, #7280, .F. ) ;
#1893 = CARTESIAN_POINT ( 'NONE',  ( 1.500000000000000000, 0.5716990566028299359, 0.3749999999999998890 ) ) ;
#1894 = CARTESIAN_POINT ( 'NONE',  ( 0.6250000000000004441, 0.000000000000000000, 1.225000000000000311 ) ) ;
#1895 = DIRECTION ( 'NONE',  ( 0.000000000000000000, 1.000000000000000000, 0.000000000000000000 ) ) ;
#1896 = ORIENTED_EDGE ( 'NONE', *, *, #3720, .T. ) ;
#1897 = LINE ( 'NONE', #1561, #7187 ) ;
#1898 = CARTESIAN_POINT ( 'NONE',  ( 1.225000000000000089, 0.09999999999999999167, -1.124999999999999778 ) ) ;
#1899 = VECTOR ( 'NONE', #3334, 1000.000000000000000 ) ;
#1900 = ORIENTED_EDGE ( 'NONE', *, *, #4107, .F. ) ;
#1901 = AXIS2_PLACEMENT_3D ( 'NONE', #7252, #454, #3500 ) ;
#1902 = ORIENTED_EDGE ( 'NONE', *, *, #5623, .T. ) ;
#1903 = DIRECTION ( 'NONE',  ( 1.000000000000000000, 0.000000000000000000, -0.000000000000000000 ) ) ;
#1904 = CARTESIAN_POINT ( 'NONE',  ( -1.299999999999999156, 0.09999999999999999167, -1.300000000000000266 ) ) ;
#1905 = EDGE_CURVE ( 'NONE', #7118, #4320, #3117, .T. ) ;
#1906 = DIRECTION ( 'NONE',  ( -0.000000000000000000, -1.000000000000000000, -0.000000000000000000 ) ) ;
#1907 = CARTESIAN_POINT ( 'NONE',  ( 1.225000000000000089, 0.09999999999999999167, 1.225000000000000311 ) ) ;
#1908 = AXIS2_PLACEMENT_3D ( 'NONE', #3162, #1403, #5058 ) ;
#1909 = ORIENTED_EDGE ( 'NONE', *, *, #5392, .F. ) ;
#1910 = DIRECTION ( 'NONE',  ( 0.000000000000000000, 1.000000000000000000, 0.000000000000000000 ) ) ;
#1911 = ORIENTED_EDGE ( 'NONE', *, *, #7244, .T. ) ;
#1912 = DIRECTION ( 'NONE',  ( 0.000000000000000000, -1.000000000000000000, 0.000000000000000000 ) ) ;
#1913 = CLOSED_SHELL ( 'NONE', ( #4551, #3304, #4329, #5073, #6868, #297 ) ) ;
#1914 = UNCERTAINTY_MEASURE_WITH_UNIT (LENGTH_MEASURE( 1.000000000000000082E-05 ), #3345, 'distance_accuracy_value', 'NONE');
#1915 = ORIENTED_EDGE ( 'NONE', *, *, #1437, .T. ) ;
#1916 = EDGE_CURVE ( 'NONE', #4370, #225, #482, .T. ) ;
#1917 = EDGE_CURVE ( 'NONE', #5671, #3102, #5975, .T. ) ;
#1918 = VECTOR ( 'NONE', #956, 1000.000000000000000 ) ;
#1919 = VECTOR ( 'NONE', #5161, 1000.000000000000000 ) ;
#1920 = CARTESIAN_POINT ( 'NONE',  ( -0.8749999999999994449, 0.05000000000000000278, -1.500000000000000222 ) ) ;
#1921 = PRESENTATION_LAYER_ASSIGNMENT (  '', '', ( #2631 ) ) ;
#1922 = VECTOR ( 'NONE', #3437, 1000.000000000000000 ) ;
#1923 = ORIENTED_EDGE ( 'NONE', *, *, #1535, .F. ) ;
#1924 = ADVANCED_FACE ( 'NONE', ( #5786 ), #4418, .F. ) ;
#1925 = ORIENTED_EDGE ( 'NONE', *, *, #1298, .T. ) ;
#1926 = ORIENTED_EDGE ( 'NONE', *, *, #1916, .F. ) ;
#1927 = DIRECTION ( 'NONE',  ( 1.000000000000000000, -0.000000000000000000, -0.000000000000000000 ) ) ;
#1928 = DIRECTION ( 'NONE',  ( -1.000000000000000000, 0.000000000000000000, 1.734723475976807292E-15 ) ) ;
#1929 = ORIENTED_EDGE ( 'NONE', *, *, #7747, .T. ) ;
#1930 = FACE_OUTER_BOUND ( 'NONE', #3750, .T. ) ;
#1931 = DIRECTION ( 'NONE',  ( 0.000000000000000000, -1.000000000000000000, 0.000000000000000000 ) ) ;
#1932 = VECTOR ( 'NONE', #7023, 1000.000000000000000 ) ;
#1933 = EDGE_CURVE ( 'NONE', #7706, #3696, #3224, .T. ) ;
#1934 = LINE ( 'NONE', #5286, #1922 ) ;
#1935 = VERTEX_POINT ( 'NONE', #173 ) ;
#1936 = DIRECTION ( 'NONE',  ( 0.000000000000000000, 1.000000000000000000, 0.000000000000000000 ) ) ;
#1937 = ORIENTED_EDGE ( 'NONE', *, *, #3196, .F. ) ;
#1938 = CARTESIAN_POINT ( 'NONE',  ( -1.125000000000000222, 0.6999999999999999556, -1.125000000000000000 ) ) ;
#1939 = CARTESIAN_POINT ( 'NONE',  ( -0.2499999999999995837, 0.5716990566028304910, 1.225000000000000311 ) ) ;
#1940 = DIRECTION ( 'NONE',  ( -1.000000000000000000, 0.000000000000000000, 0.000000000000000000 ) ) ;
#1941 = ORIENTED_EDGE ( 'NONE', *, *, #4684, .T. ) ;
#1942 = ADVANCED_FACE ( 'NONE', ( #557 ), #3103, .F. ) ;
#1943 = AXIS2_PLACEMENT_3D ( 'NONE', #5009, #6149, #6826 ) ;
#1944 = ORIENTED_EDGE ( 'NONE', *, *, #1188, .T. ) ;
#1945 = DIRECTION ( 'NONE',  ( 0.000000000000000000, 1.000000000000000000, 0.000000000000000000 ) ) ;
#1946 = DIRECTION ( 'NONE',  ( -1.000000000000000000, 0.000000000000000000, -1.734723475976807094E-15 ) ) ;
#1947 = FACE_OUTER_BOUND ( 'NONE', #4596, .T. ) ;
#1948 = FILL_AREA_STYLE ('',( #3019 ) ) ;
#1949 = CIRCLE ( 'NONE', #411, 0.1249999999999998890 ) ;
#1950 = VECTOR ( 'NONE', #452, 1000.000000000000000 ) ;
#1951 = ORIENTED_EDGE ( 'NONE', *, *, #6712, .F. ) ;
#1952 = DIRECTION ( 'NONE',  ( 0.000000000000000000, 0.000000000000000000, 1.000000000000000000 ) ) ;
#1953 = EDGE_CURVE ( 'NONE', #702, #3221, #5930, .T. ) ;
#1954 = CARTESIAN_POINT ( 'NONE',  ( 1.124999999999999556, 0.6303300858899107961, -1.499999999999999778 ) ) ;
#1955 = DIRECTION ( 'NONE',  ( -1.000000000000000000, 0.000000000000000000, 0.000000000000000000 ) ) ;
#1956 = ORIENTED_EDGE ( 'NONE', *, *, #2430, .T. ) ;
#1957 = DIRECTION ( 'NONE',  ( 0.000000000000000000, 0.000000000000000000, 1.000000000000000000 ) ) ;
#1958 = ORIENTED_EDGE ( 'NONE', *, *, #1582, .T. ) ;
#1959 = ADVANCED_FACE ( 'NONE', ( #570 ), #1486, .F. ) ;
#1960 = SURFACE_STYLE_FILL_AREA ( #1460 ) ;
#1961 = PLANE ( 'NONE',  #605 ) ;
#1962 = FACE_OUTER_BOUND ( 'NONE', #7075, .T. ) ;
#1963 = FACE_OUTER_BOUND ( 'NONE', #6653, .T. ) ;
#1964 = ORIENTED_EDGE ( 'NONE', *, *, #1636, .F. ) ;
#1965 = DIRECTION ( 'NONE',  ( -1.000000000000000000, 0.000000000000000000, 0.000000000000000000 ) ) ;
#1966 = CARTESIAN_POINT ( 'NONE',  ( 0.3750000000000008882, 0.1000000000000000056, 1.499999999999999778 ) ) ;
#1967 = DIRECTION ( 'NONE',  ( 1.000000000000000000, 0.000000000000000000, -0.000000000000000000 ) ) ;
#1968 = CARTESIAN_POINT ( 'NONE',  ( 0.3750000000000005551, 0.000000000000000000, -1.499999999999999778 ) ) ;
#1969 = ORIENTED_EDGE ( 'NONE', *, *, #3355, .T. ) ;
#1970 = ORIENTED_EDGE ( 'NONE', *, *, #6416, .T. ) ;
#1971 = AXIS2_PLACEMENT_3D ( 'NONE', #1604, #2157, #3408 ) ;
#1972 = FACE_OUTER_BOUND ( 'NONE', #4567, .T. ) ;
#1973 = VECTOR ( 'NONE', #3127, 1000.000000000000000 ) ;
#1974 = CARTESIAN_POINT ( 'NONE',  ( -1.500000000000000000, 0.5716990566028299359, 0.8749999999999998890 ) ) ;
#1975 = VECTOR ( 'NONE', #7548, 1000.000000000000000 ) ;
#1976 = EDGE_CURVE ( 'NONE', #1828, #1559, #5883, .T. ) ;
#1977 = VECTOR ( 'NONE', #1123, 1000.000000000000000 ) ;
#1978 = VERTEX_POINT ( 'NONE', #2686 ) ;
#1979 = DIRECTION ( 'NONE',  ( 1.000000000000000000, 0.000000000000000000, -0.000000000000000000 ) ) ;
#1980 = VERTEX_POINT ( 'NONE', #658 ) ;
#1981 = EDGE_CURVE ( 'NONE', #2263, #1581, #3311, .T. ) ;
#1982 = DIRECTION ( 'NONE',  ( 0.000000000000000000, 0.000000000000000000, 1.000000000000000000 ) ) ;
#1983 = DIRECTION ( 'NONE',  ( -0.000000000000000000, -1.000000000000000000, -0.000000000000000000 ) ) ;
#1984 = CARTESIAN_POINT ( 'NONE',  ( 1.299999999999999600, 0.6303300858899107961, -1.499999999999999778 ) ) ;
#1985 = VERTEX_POINT ( 'NONE', #4958 ) ;
#1986 = LINE ( 'NONE', #3679, #2090 ) ;
#1987 = DIRECTION ( 'NONE',  ( -1.000000000000000000, 0.000000000000000000, 3.942553354492736135E-16 ) ) ;
#1988 = FACE_OUTER_BOUND ( 'NONE', #7101, .T. ) ;
#1989 = VECTOR ( 'NONE', #3913, 1000.000000000000000 ) ;
#1990 = LINE ( 'NONE', #6859, #7247 ) ;
#1991 = ORIENTED_EDGE ( 'NONE', *, *, #155, .F. ) ;
#1992 = SURFACE_SIDE_STYLE ('',( #3111 ) ) ;
#1993 = ADVANCED_FACE ( 'NONE', ( #609 ), #4338, .T. ) ;
#1994 = CARTESIAN_POINT ( 'NONE',  ( 1.500000000000000000, 0.000000000000000000, -0.1250000000000001110 ) ) ;
#1995 = DIRECTION ( 'NONE',  ( 0.7071067811865462405, 0.000000000000000000, 0.7071067811865487940 ) ) ;
#1996 = VERTEX_POINT ( 'NONE', #6704 ) ;
#1997 = EDGE_CURVE ( 'NONE', #2554, #6503, #660, .T. ) ;
#1998 = ORIENTED_EDGE ( 'NONE', *, *, #3548, .T. ) ;
#1999 = AXIS2_PLACEMENT_3D ( 'NONE', #1820, #4779, #6725 ) ;
#2000 = AXIS2_PLACEMENT_3D ( 'NONE', #3189, #5173, #6375 ) ;
#2001 = CARTESIAN_POINT ( 'NONE',  ( 1.224999999999999423, 0.09999999999999999167, 0.7500000000000003331 ) ) ;
#2002 = CARTESIAN_POINT ( 'NONE',  ( -1.299999999999999156, 0.1000000000000000472, 1.300000000000000266 ) ) ;
#2003 = VECTOR ( 'NONE', #2315, 1000.000000000000000 ) ;
#2004 = CARTESIAN_POINT ( 'NONE',  ( 1.224999999999999423, 0.09999999999999999167, -0.8749999999999992228 ) ) ;
#2005 = CARTESIAN_POINT ( 'NONE',  ( -1.224999999999999423, 0.09999999999999999167, 0.6250000000000007772 ) ) ;
#2006 = VECTOR ( 'NONE', #278, 1000.000000000000000 ) ;
#2007 = DIRECTION ( 'NONE',  ( 1.000000000000000000, -0.000000000000000000, 0.000000000000000000 ) ) ;
#2008 = SURFACE_STYLE_FILL_AREA ( #4491 ) ;
#2009 = VECTOR ( 'NONE', #7719, 1000.000000000000000 ) ;
#2010 = ORIENTED_EDGE ( 'NONE', *, *, #6783, .F. ) ;
#2011 = DIRECTION ( 'NONE',  ( -1.000000000000000000, 0.000000000000000000, 3.942553354492735642E-16 ) ) ;
#2012 = CARTESIAN_POINT ( 'NONE',  ( -1.499999999999999112, 0.000000000000000000, -1.125000000000000222 ) ) ;
#2013 = EDGE_CURVE ( 'NONE', #2230, #617, #5947, .T. ) ;
#2014 = DIRECTION ( 'NONE',  ( 0.000000000000000000, -1.000000000000000000, 0.000000000000000000 ) ) ;
#2015 = CARTESIAN_POINT ( 'NONE',  ( -1.299999999999999156, 0.6303300858899107961, -1.500000000000000222 ) ) ;
#2016 = ORIENTED_EDGE ( 'NONE', *, *, #2425, .T. ) ;
#2017 = ADVANCED_FACE ( 'NONE', ( #726 ), #2538, .F. ) ;
#2018 = ADVANCED_FACE ( 'NONE', ( #3353 ), #765, .F. ) ;
#2019 = CARTESIAN_POINT ( 'NONE',  ( -1.224999999999999423, 0.5716990566028299359, -0.8749999999999992228 ) ) ;
#2020 = DIRECTION ( 'NONE',  ( 0.000000000000000000, -0.000000000000000000, 1.000000000000000000 ) ) ;
#2021 = SURFACE_SIDE_STYLE ('',( #3363 ) ) ;
#2022 = ORIENTED_EDGE ( 'NONE', *, *, #1557, .T. ) ;
#2023 = CYLINDRICAL_SURFACE ( 'NONE', #388, 0.1000000000000006994 ) ;
#2024 = AXIS2_PLACEMENT_3D ( 'NONE', #2167, #2701, #7616 ) ;
#2025 = DIRECTION ( 'NONE',  ( -0.000000000000000000, -1.000000000000000000, -0.000000000000000000 ) ) ;
#2026 = LINE ( 'NONE', #4605, #2122 ) ;
#2027 = LINE ( 'NONE', #1898, #2201 ) ;
#2028 = EDGE_LOOP ( 'NONE', ( #164, #5295, #5304, #8 ) ) ;
#2029 = DIRECTION ( 'NONE',  ( 0.000000000000000000, -0.000000000000000000, 1.000000000000000000 ) ) ;
#2030 = DIRECTION ( 'NONE',  ( 7.228014483236695816E-17, -0.000000000000000000, 1.000000000000000000 ) ) ;
#2031 = EDGE_CURVE ( 'NONE', #6817, #6490, #5721, .T. ) ;
#2032 = CARTESIAN_POINT ( 'NONE',  ( -0.8749999999999996669, 0.09999999999999999167, -1.225000000000000311 ) ) ;
#2033 = ORIENTED_EDGE ( 'NONE', *, *, #2888, .F. ) ;
#2034 = ORIENTED_EDGE ( 'NONE', *, *, #6286, .T. ) ;
#2035 = FACE_OUTER_BOUND ( 'NONE', #48, .T. ) ;
#2036 = CIRCLE ( 'NONE', #7672, 0.1250000000000003331 ) ;
#2037 = VECTOR ( 'NONE', #5612, 1000.000000000000000 ) ;
#2038 = LINE ( 'NONE', #5165, #2150 ) ;
#2039 = ORIENTED_EDGE ( 'NONE', *, *, #5423, .T. ) ;
#2040 = SURFACE_SIDE_STYLE ('',( #996 ) ) ;
#2041 = EDGE_LOOP ( 'NONE', ( #951, #4366, #2060, #3018 ) ) ;
#2042 = EDGE_CURVE ( 'NONE', #7259, #2753, #5729, .T. ) ;
#2043 = CARTESIAN_POINT ( 'NONE',  ( -1.500000000000000000, 0.000000000000000000, -0.8749999999999991118 ) ) ;
#2044 = CARTESIAN_POINT ( 'NONE',  ( 1.124999999999999556, 0.05000000000000001665, -1.225000000000000311 ) ) ;
#2045 = PLANE ( 'NONE',  #7306 ) ;
#2046 = EDGE_LOOP ( 'NONE', ( #4737, #4808, #5534, #7381 ) ) ;
#2048 = DIRECTION ( 'NONE',  ( 0.000000000000000000, 0.000000000000000000, -1.000000000000000000 ) ) ;
#2047 = VECTOR ( 'NONE', #1668, 1000.000000000000000 ) ;
#2049 = DIRECTION ( 'NONE',  ( -0.000000000000000000, 0.000000000000000000, -1.000000000000000000 ) ) ;
#2050 = LINE ( 'NONE', #5322, #2091 ) ;
#2051 = VECTOR ( 'NONE', #3153, 1000.000000000000000 ) ;
#2052 = VECTOR ( 'NONE', #7796, 1000.000000000000000 ) ;
#2053 = ORIENTED_EDGE ( 'NONE', *, *, #3371, .F. ) ;
#2054 = DIRECTION ( 'NONE',  ( 0.000000000000000000, 0.000000000000000000, 1.000000000000000000 ) ) ;
#2055 = AXIS2_PLACEMENT_3D ( 'NONE', #4153, #2160, #2694 ) ;
#2056 = CARTESIAN_POINT ( 'NONE',  ( 1.224999999999999423, 0.5716990566028299359, -0.3749999999999992228 ) ) ;
#2057 = CARTESIAN_POINT ( 'NONE',  ( 0.000000000000000000, 0.05000000000000000278, 0.000000000000000000 ) ) ;
#2058 = VERTEX_POINT ( 'NONE', #5094 ) ;
#2059 = EDGE_CURVE ( 'NONE', #5251, #5250, #3647, .T. ) ;
#2060 = ORIENTED_EDGE ( 'NONE', *, *, #4949, .F. ) ;
#2061 = CARTESIAN_POINT ( 'NONE',  ( -1.224999999999999423, 0.5716990566028299359, -0.8749999999999992228 ) ) ;
#2062 = LINE ( 'NONE', #7292, #2003 ) ;
#2063 =( NAMED_UNIT ( * ) PLANE_ANGLE_UNIT ( ) SI_UNIT ( $, .RADIAN. ) );
#2064 = CARTESIAN_POINT ( 'NONE',  ( 0.8749999999999998890, 0.000000000000000000, -1.225000000000000311 ) ) ;
#2065 = FACE_OUTER_BOUND ( 'NONE', #1196, .T. ) ;
#2066 = FACE_OUTER_BOUND ( 'NONE', #6426, .T. ) ;
#2067 = ORIENTED_EDGE ( 'NONE', *, *, #4357, .F. ) ;
#2068 = DIRECTION ( 'NONE',  ( 0.000000000000000000, 1.000000000000000000, 0.000000000000000000 ) ) ;
#2069 = CARTESIAN_POINT ( 'NONE',  ( -0.6249999999999991118, 0.09999999999999999167, 1.499999999999999778 ) ) ;
#2070 = ADVANCED_FACE ( 'NONE', ( #6013 ), #3145, .F. ) ;
#2071 = DIRECTION ( 'NONE',  ( -3.097720492815726673E-16, 0.000000000000000000, 1.000000000000000000 ) ) ;
#2072 = ORIENTED_EDGE ( 'NONE', *, *, #430, .F. ) ;
#2073 = DIRECTION ( 'NONE',  ( 1.000000000000000000, 0.000000000000000000, -3.942553354492735642E-16 ) ) ;
#2074 = CARTESIAN_POINT ( 'NONE',  ( -1.500000000000000000, 0.5716990566028299359, 0.1250000000000008604 ) ) ;
#2075 = CARTESIAN_POINT ( 'NONE',  ( 0.1249999999999981820, 0.05000000000000000278, 1.971276677246344402E-16 ) ) ;
#2076 = CARTESIAN_POINT ( 'NONE',  ( 1.499999999999999556, 0.6303300858899107961, 1.299999999999999822 ) ) ;
#2077 = ORIENTED_EDGE ( 'NONE', *, *, #5264, .T. ) ;
#2078 = PRESENTATION_STYLE_ASSIGNMENT (( #3172 ) ) ;
#2079 = FACE_OUTER_BOUND ( 'NONE', #1436, .T. ) ;
#2080 = LINE ( 'NONE', #4312, #4699 ) ;
#2081 = ORIENTED_EDGE ( 'NONE', *, *, #6915, .F. ) ;
#2082 = DIRECTION ( 'NONE',  ( 0.000000000000000000, 0.000000000000000000, -1.000000000000000000 ) ) ;
#2083 = CARTESIAN_POINT ( 'NONE',  ( -1.125000000000000222, 0.6999999999999999556, -1.125000000000000000 ) ) ;
#2084 = DIRECTION ( 'NONE',  ( 0.000000000000000000, -0.000000000000000000, 1.000000000000000000 ) ) ;
#2085 = EDGE_LOOP ( 'NONE', ( #269, #606, #2839, #543 ) ) ;
#2086 = STYLED_ITEM ( 'NONE', ( #4899 ), #4259 ) ;
#2087 = ADVANCED_FACE ( 'NONE', ( #6050 ), #6818, .F. ) ;
#2088 = EDGE_CURVE ( 'NONE', #3397, #1338, #6119, .T. ) ;
#2089 = ORIENTED_EDGE ( 'NONE', *, *, #946, .F. ) ;
#2090 = VECTOR ( 'NONE', #7632, 1000.000000000000000 ) ;
#2091 = VECTOR ( 'NONE', #6627, 1000.000000000000000 ) ;
#2093 = MANIFOLD_SOLID_BREP ( 'Boss-Extrude2[2]', #7687 ) ;
#2092 = VECTOR ( 'NONE', #4836, 1000.000000000000000 ) ;
#2094 = LINE ( 'NONE', #1891, #4710 ) ;
#2095 = EDGE_CURVE ( 'NONE', #4278, #1985, #1044, .T. ) ;
#2096 = ORIENTED_EDGE ( 'NONE', *, *, #2117, .F. ) ;
#2097 = DIRECTION ( 'NONE',  ( 1.000000000000000000, 0.000000000000000000, 1.577021341797098398E-15 ) ) ;
#2098 = ORIENTED_EDGE ( 'NONE', *, *, #3956, .T. ) ;
#2099 = DIRECTION ( 'NONE',  ( 0.000000000000000000, -1.000000000000000000, 0.000000000000000000 ) ) ;
#2100 = CARTESIAN_POINT ( 'NONE',  ( -1.478457507934774695E-16, 0.05000000000000000278, -0.3749999999999997224 ) ) ;
#2101 = DIRECTION ( 'NONE',  ( -1.577021341797098398E-15, 0.000000000000000000, -1.000000000000000000 ) ) ;
#2102 = ORIENTED_EDGE ( 'NONE', *, *, #7513, .T. ) ;
#2103 = VECTOR ( 'NONE', #5069, 1000.000000000000000 ) ;
#2104 = DIRECTION ( 'NONE',  ( -1.000000000000000000, 0.000000000000000000, 0.000000000000000000 ) ) ;
#2105 = FACE_OUTER_BOUND ( 'NONE', #4693, .T. ) ;
#2106 = LINE ( 'NONE', #320, #2037 ) ;
#2107 = STYLED_ITEM ( 'NONE', ( #3689 ), #5489 ) ;
#2108 = CIRCLE ( 'NONE', #551, 0.1250000000000003331 ) ;
#2109 = ORIENTED_EDGE ( 'NONE', *, *, #4925, .F. ) ;
#2110 = DIRECTION ( 'NONE',  ( 0.000000000000000000, 0.000000000000000000, -1.000000000000000000 ) ) ;
#2111 = EDGE_CURVE ( 'NONE', #4380, #4282, #6000, .T. ) ;
#2112 = STYLED_ITEM ( 'NONE', ( #6273 ), #2156 ) ;
#2113 = CARTESIAN_POINT ( 'NONE',  ( 1.224999999999999423, 0.000000000000000000, 0.3749999999999998890 ) ) ;
#2114 = CARTESIAN_POINT ( 'NONE',  ( 1.499999999999999556, 0.09999999999999999167, 1.124999999999999778 ) ) ;
#2115 = ORIENTED_EDGE ( 'NONE', *, *, #6631, .T. ) ;
#2116 = EDGE_LOOP ( 'NONE', ( #6261, #3545, #1747, #5866, #4783 ) ) ;
#2117 = EDGE_CURVE ( 'NONE', #6296, #2394, #6169, .T. ) ;
#2118 = CARTESIAN_POINT ( 'NONE',  ( -1.499999999999999112, 0.09999999999999999167, 1.125000000000000222 ) ) ;
#2119 = FACE_OUTER_BOUND ( 'NONE', #4283, .T. ) ;
#2120 = CARTESIAN_POINT ( 'NONE',  ( 0.6250000000000003331, 0.1000000000000000056, -1.225000000000000311 ) ) ;
#2121 = CARTESIAN_POINT ( 'NONE',  ( -0.7499999999999997780, 0.1000000000000000056, -1.224999999999999867 ) ) ;
#2122 = VECTOR ( 'NONE', #1364, 1000.000000000000000 ) ;
#2123 = CARTESIAN_POINT ( 'NONE',  ( -1.500000000000000000, 0.5716990566028299359, -0.6250000000000001110 ) ) ;
#2124 = FACE_OUTER_BOUND ( 'NONE', #100, .T. ) ;
#2125 = CYLINDRICAL_SURFACE ( 'NONE', #7297, 0.1249999999999998890 ) ;
#2126 = ORIENTED_EDGE ( 'NONE', *, *, #2139, .F. ) ;
#2127 = DIRECTION ( 'NONE',  ( 0.000000000000000000, 1.000000000000000000, 0.000000000000000000 ) ) ;
#2128 = PLANE ( 'NONE',  #5577 ) ;
#2129 = CARTESIAN_POINT ( 'NONE',  ( 1.499999999999999556, 0.09999999999999999167, -1.299999999999999822 ) ) ;
#2130 = ORIENTED_EDGE ( 'NONE', *, *, #6366, .T. ) ;
#2131 = EDGE_CURVE ( 'NONE', #5250, #4268, #3555, .T. ) ;
#2132 = DIRECTION ( 'NONE',  ( -1.000000000000000000, 0.000000000000000000, -1.548860246407863336E-16 ) ) ;
#2133 = DIRECTION ( 'NONE',  ( 0.000000000000000000, -0.000000000000000000, 1.000000000000000000 ) ) ;
#2134 = DIRECTION ( 'NONE',  ( 0.000000000000000000, -0.000000000000000000, -1.000000000000000000 ) ) ;
#2135 = ORIENTED_EDGE ( 'NONE', *, *, #2459, .T. ) ;
#2136 = LINE ( 'NONE', #4977, #4616 ) ;
#2137 = PLANE ( 'NONE',  #2241 ) ;
#2138 = VECTOR ( 'NONE', #743, 1000.000000000000000 ) ;
#2139 = EDGE_CURVE ( 'NONE', #6592, #1996, #3615, .T. ) ;
#2140 = EDGE_CURVE ( 'NONE', #3942, #3705, #6150, .T. ) ;
#2141 = LINE ( 'NONE', #5030, #4800 ) ;
#2142 = CIRCLE ( 'NONE', #2678, 0.1249999999999998890 ) ;
#2143 = ORIENTED_EDGE ( 'NONE', *, *, #5423, .F. ) ;
#2144 = ADVANCED_FACE ( 'NONE', ( #3460 ), #6258, .T. ) ;
#2145 = ORIENTED_EDGE ( 'NONE', *, *, #5000, .F. ) ;
#2146 = ORIENTED_EDGE ( 'NONE', *, *, #440, .F. ) ;
#2147 = VECTOR ( 'NONE', #6638, 1000.000000000000000 ) ;
#2148 = FACE_OUTER_BOUND ( 'NONE', #6326, .T. ) ;
#2149 = VECTOR ( 'NONE', #2614, 1000.000000000000000 ) ;
#2150 = VECTOR ( 'NONE', #5713, 1000.000000000000000 ) ;
#2151 = ORIENTED_EDGE ( 'NONE', *, *, #4598, .F. ) ;
#2152 = EDGE_CURVE ( 'NONE', #6216, #4333, #966, .T. ) ;
#2153 = ORIENTED_EDGE ( 'NONE', *, *, #6829, .F. ) ;
#2154 = ADVANCED_FACE ( 'NONE', ( #1009 ), #2381, .T. ) ;
#2155 = CARTESIAN_POINT ( 'NONE',  ( -0.3749999999999991673, 0.1000000000000000056, 1.500000000000000222 ) ) ;
#2156 = MANIFOLD_SOLID_BREP ( 'Boss-Extrude4[1]', #1094 ) ;
#2157 = DIRECTION ( 'NONE',  ( 1.000000000000000000, 0.000000000000000000, -1.577021341797098398E-15 ) ) ;
#2158 = DIRECTION ( 'NONE',  ( 0.000000000000000000, -0.000000000000000000, 1.000000000000000000 ) ) ;
#2159 = VERTEX_POINT ( 'NONE', #4043 ) ;
#2160 = DIRECTION ( 'NONE',  ( 0.000000000000000000, 0.000000000000000000, -1.000000000000000000 ) ) ;
#2161 = LINE ( 'NONE', #1110, #4759 ) ;
#2162 = LINE ( 'NONE', #539, #4794 ) ;
#2163 = ORIENTED_EDGE ( 'NONE', *, *, #4701, .T. ) ;
#2164 = CARTESIAN_POINT ( 'NONE',  ( -1.299999999999999156, 0.6303300858899107961, 1.500000000000000222 ) ) ;
#2165 = EDGE_CURVE ( 'NONE', #1216, #3935, #936, .T. ) ;
#2166 = CARTESIAN_POINT ( 'NONE',  ( 0.000000000000000000, 0.05000000000000000278, -0.1250000000000001110 ) ) ;
#2167 = CARTESIAN_POINT ( 'NONE',  ( 0.7500000000000004441, 0.05000000000000000278, 1.225000000000000311 ) ) ;
#2168 = ORIENTED_EDGE ( 'NONE', *, *, #4878, .T. ) ;
#2169 = ORIENTED_EDGE ( 'NONE', *, *, #5880, .T. ) ;
#2170 = PLANE ( 'NONE',  #6163 ) ;
#2171 = LINE ( 'NONE', #2992, #4645 ) ;
#2172 = DIRECTION ( 'NONE',  ( 0.000000000000000000, 0.000000000000000000, -1.000000000000000000 ) ) ;
#2173 = DIRECTION ( 'NONE',  ( 0.000000000000000000, 1.000000000000000000, 0.000000000000000000 ) ) ;
#2174 = LINE ( 'NONE', #2924, #4816 ) ;
#2175 = VECTOR ( 'NONE', #4319, 1000.000000000000000 ) ;
#2176 = VERTEX_POINT ( 'NONE', #5835 ) ;
#2177 = CARTESIAN_POINT ( 'NONE',  ( -1.125000000000000222, 0.8000000000000000444, -1.125000000000000000 ) ) ;
#2178 = DIRECTION ( 'NONE',  ( 0.000000000000000000, -0.000000000000000000, 1.000000000000000000 ) ) ;
#2179 = ORIENTED_EDGE ( 'NONE', *, *, #239, .F. ) ;
#2180 = CARTESIAN_POINT ( 'NONE',  ( 1.299999999999999600, 0.6303300858899107961, -1.299999999999999822 ) ) ;
#2181 = CARTESIAN_POINT ( 'NONE',  ( -1.224999999999999423, 0.5716990566028299359, -0.7499999999999996669 ) ) ;
#2182 = CARTESIAN_POINT ( 'NONE',  ( 0.7500000000000004441, 0.09999999999999999167, 1.225000000000000311 ) ) ;
#2183 = CARTESIAN_POINT ( 'NONE',  ( 1.500000000000000000, 0.5716990566028299359, -0.6250000000000001110 ) ) ;
#2184 = ORIENTED_EDGE ( 'NONE', *, *, #7526, .T. ) ;
#2185 = LINE ( 'NONE', #6372, #7462 ) ;
#2186 = AXIS2_PLACEMENT_3D ( 'NONE', #6971, #1528, #1967 ) ;
#2187 = DIRECTION ( 'NONE',  ( 0.000000000000000000, -0.000000000000000000, 1.000000000000000000 ) ) ;
#2188 =( GEOMETRIC_REPRESENTATION_CONTEXT ( 3 ) GLOBAL_UNCERTAINTY_ASSIGNED_CONTEXT ( ( #4322 ) ) GLOBAL_UNIT_ASSIGNED_CONTEXT ( ( #4019, #2843, #2893 ) ) REPRESENTATION_CONTEXT ( 'NONE', 'WORKASPACE' ) );
#2189 = LINE ( 'NONE', #7834, #4620 ) ;
#2190 = ORIENTED_EDGE ( 'NONE', *, *, #1427, .T. ) ;
#2191 = EDGE_CURVE ( 'NONE', #6428, #3397, #984, .T. ) ;
#2192 = CARTESIAN_POINT ( 'NONE',  ( 0.000000000000000000, 0.8000000000000000444, 0.000000000000000000 ) ) ;
#2193 = CARTESIAN_POINT ( 'NONE',  ( -1.500000000000000000, 0.09999999999999999167, -0.1250000000000001110 ) ) ;
#2194 = DIRECTION ( 'NONE',  ( 0.000000000000000000, -1.000000000000000000, 0.000000000000000000 ) ) ;
#2195 = ORIENTED_EDGE ( 'NONE', *, *, #2638, .T. ) ;
#2196 = EDGE_CURVE ( 'NONE', #5440, #1706, #3668, .T. ) ;
#2197 = ORIENTED_EDGE ( 'NONE', *, *, #5445, .T. ) ;
#2198 = AXIS2_PLACEMENT_3D ( 'NONE', #3996, #6497, #7218 ) ;
#2199 = CIRCLE ( 'NONE', #5401, 0.1249999999999995698 ) ;
#2200 = CYLINDRICAL_SURFACE ( 'NONE', #4881, 0.1000000000000006994 ) ;
#2201 = VECTOR ( 'NONE', #2480, 1000.000000000000000 ) ;
#2202 = VERTEX_POINT ( 'NONE', #7165 ) ;
#2203 = DIRECTION ( 'NONE',  ( 1.000000000000000000, 0.000000000000000000, 3.942553354492735642E-16 ) ) ;
#2204 = ADVANCED_FACE ( 'NONE', ( #768 ), #7047, .T. ) ;
#2205 = CARTESIAN_POINT ( 'NONE',  ( -0.2499999999999997780, 0.09999999999999999167, -1.224999999999999867 ) ) ;
#2206 = ORIENTED_EDGE ( 'NONE', *, *, #1701, .F. ) ;
#2207 = STYLED_ITEM ( 'NONE', ( #1018 ), #5438 ) ;
#2208 = DIRECTION ( 'NONE',  ( 3.942553354492735642E-16, 0.000000000000000000, 1.000000000000000000 ) ) ;
#2209 = VERTEX_POINT ( 'NONE', #2916 ) ;
#2210 = EDGE_CURVE ( 'NONE', #6199, #5564, #6023, .T. ) ;
#2211 = SURFACE_STYLE_USAGE ( .BOTH. , #1548 ) ;
#2212 = VECTOR ( 'NONE', #7403, 1000.000000000000000 ) ;
#2213 = AXIS2_PLACEMENT_3D ( 'NONE', #1938, #5548, #6663 ) ;
#2214 = FACE_OUTER_BOUND ( 'NONE', #5236, .T. ) ;
#2215 = ORIENTED_EDGE ( 'NONE', *, *, #3456, .F. ) ;
#2216 = CARTESIAN_POINT ( 'NONE',  ( 0.7500000000000002220, 0.5716990566028304910, -1.224999999999999867 ) ) ;
#2217 = VERTEX_POINT ( 'NONE', #3357 ) ;
#2218 = PLANE ( 'NONE',  #4171 ) ;
#2219 = AXIS2_PLACEMENT_3D ( 'NONE', #3544, #4212, #4841 ) ;
#2220 = VERTEX_POINT ( 'NONE', #342 ) ;
#2221 = ADVANCED_FACE ( 'NONE', ( #3391 ), #3404, .F. ) ;
#2222 = ORIENTED_EDGE ( 'NONE', *, *, #2276, .T. ) ;
#2223 = PLANE ( 'NONE',  #5078 ) ;
#2224 = CYLINDRICAL_SURFACE ( 'NONE', #7400, 0.1249999999999998890 ) ;
#2225 = CARTESIAN_POINT ( 'NONE',  ( -0.8749999999999998890, 0.000000000000000000, -1.225000000000000311 ) ) ;
#2226 = CARTESIAN_POINT ( 'NONE',  ( -0.7499999999999995559, 0.1000000000000000056, 1.225000000000000311 ) ) ;
#2227 = VECTOR ( 'NONE', #3536, 1000.000000000000000 ) ;
#2228 = AXIS2_PLACEMENT_3D ( 'NONE', #6327, #7607, #298 ) ;
#2229 = CIRCLE ( 'NONE', #2325, 0.1249999999999995698 ) ;
#2230 = VERTEX_POINT ( 'NONE', #2337 ) ;
#2231 = ORIENTED_EDGE ( 'NONE', *, *, #1600, .T. ) ;
#2232 = ORIENTED_EDGE ( 'NONE', *, *, #6891, .F. ) ;
#2233 = EDGE_CURVE ( 'NONE', #3431, #7020, #817, .T. ) ;
#2234 = DIRECTION ( 'NONE',  ( -1.000000000000000000, 0.000000000000000000, -2.365532012695651739E-15 ) ) ;
#2235 = ORIENTED_EDGE ( 'NONE', *, *, #385, .T. ) ;
#2236 = LINE ( 'NONE', #7838, #4626 ) ;
#2237 = PLANE ( 'NONE',  #2648 ) ;
#2238 = LINE ( 'NONE', #7076, #7376 ) ;
#2239 = CIRCLE ( 'NONE', #6427, 0.1000000000000006994 ) ;
#2240 = EDGE_LOOP ( 'NONE', ( #6413, #1515, #1327, #3613 ) ) ;
#2241 = AXIS2_PLACEMENT_3D ( 'NONE', #1524, #1633, #920 ) ;
#2242 = DIRECTION ( 'NONE',  ( 0.000000000000000000, -0.000000000000000000, 1.000000000000000000 ) ) ;
#2243 = SURFACE_STYLE_USAGE ( .BOTH. , #1585 ) ;
#2244 = PLANE ( 'NONE',  #5090 ) ;
#2245 = ORIENTED_EDGE ( 'NONE', *, *, #3422, .F. ) ;
#2246 = EDGE_CURVE ( 'NONE', #6137, #5982, #1339, .T. ) ;
#2247 = ORIENTED_EDGE ( 'NONE', *, *, #6482, .T. ) ;
#2248 = LINE ( 'NONE', #5669, #2411 ) ;
#2249 = LINE ( 'NONE', #4736, #4698 ) ;
#2250 = FACE_OUTER_BOUND ( 'NONE', #5755, .T. ) ;
#2251 = ORIENTED_EDGE ( 'NONE', *, *, #43, .T. ) ;
#2252 = VERTEX_POINT ( 'NONE', #6637 ) ;
#2253 = CARTESIAN_POINT ( 'NONE',  ( 1.224999999999999423, 0.09999999999999999167, -0.1250000000000001110 ) ) ;
#2254 =( NAMED_UNIT ( * ) PLANE_ANGLE_UNIT ( ) SI_UNIT ( $, .RADIAN. ) );
#2255 = PLANE ( 'NONE',  #2344 ) ;
#2256 = CARTESIAN_POINT ( 'NONE',  ( -0.1249999999999991396, 0.09999999999999999167, 1.499999999999999778 ) ) ;
#2257 = ORIENTED_EDGE ( 'NONE', *, *, #4810, .F. ) ;
#2258 =( NAMED_UNIT ( * ) PLANE_ANGLE_UNIT ( ) SI_UNIT ( $, .RADIAN. ) );
#2260 = PLANE ( 'NONE',  #2555 ) ;
#2259 = VECTOR ( 'NONE', #6543, 1000.000000000000000 ) ;
#2261 = LINE ( 'NONE', #4099, #4964 ) ;
#2262 = CIRCLE ( 'NONE', #2595, 0.1249999999999998890 ) ;
#2263 = VERTEX_POINT ( 'NONE', #4168 ) ;
#2264 = CARTESIAN_POINT ( 'NONE',  ( -1.500000000000000000, 0.5716990566028299359, -0.1250000000000001110 ) ) ;
#2265 = CARTESIAN_POINT ( 'NONE',  ( 0.3750000000000008882, 0.1000000000000000056, 1.499999999999999778 ) ) ;
#2266 = ADVANCED_FACE ( 'NONE', ( #1147 ), #7128, .T. ) ;
#2267 = DIRECTION ( 'NONE',  ( 1.000000000000000000, 0.000000000000000000, 0.000000000000000000 ) ) ;
#2268 = AXIS2_PLACEMENT_3D ( 'NONE', #5590, #207, #7422 ) ;
#2269 = EDGE_CURVE ( 'NONE', #2784, #6957, #3951, .T. ) ;
#2270 = ORIENTED_EDGE ( 'NONE', *, *, #4611, .T. ) ;
#2271 = DIRECTION ( 'NONE',  ( 0.000000000000000000, 0.000000000000000000, -1.000000000000000000 ) ) ;
#2272 = VECTOR ( 'NONE', #1389, 1000.000000000000000 ) ;
#2273 = CARTESIAN_POINT ( 'NONE',  ( -1.537499999999999867, 0.1000000000000000056, 0.4374999999999972244 ) ) ;
#2274 = VECTOR ( 'NONE', #7112, 1000.000000000000000 ) ;
#2275 = VECTOR ( 'NONE', #6640, 1000.000000000000000 ) ;
#2276 = EDGE_CURVE ( 'NONE', #3964, #6526, #1075, .T. ) ;
#2277 = VERTEX_POINT ( 'NONE', #2942 ) ;
#2278 = DIRECTION ( 'NONE',  ( -0.000000000000000000, -1.000000000000000000, -0.000000000000000000 ) ) ;
#2279 = ORIENTED_EDGE ( 'NONE', *, *, #6366, .F. ) ;
#2280 = FILL_AREA_STYLE_COLOUR ( '', #6920 ) ;
#2281 = AXIS2_PLACEMENT_3D ( 'NONE', #2403, #5469, #5952 ) ;
#2282 = ADVANCED_FACE ( 'NONE', ( #3810 ), #594, .T. ) ;
#2283 = CARTESIAN_POINT ( 'NONE',  ( -0.1249999999999991396, 0.09999999999999999167, 1.499999999999999778 ) ) ;
#2284 = CARTESIAN_POINT ( 'NONE',  ( 1.499999999999999556, 0.05000000000000000278, -1.500000000000000222 ) ) ;
#2285 = DIRECTION ( 'NONE',  ( 0.000000000000000000, -1.000000000000000000, 0.000000000000000000 ) ) ;
#2286 = CARTESIAN_POINT ( 'NONE',  ( 0.3750000000000005551, 0.1000000000000000056, -1.499999999999999778 ) ) ;
#2287 = VERTEX_POINT ( 'NONE', #5468 ) ;
#2288 = EDGE_CURVE ( 'NONE', #5649, #7039, #3869, .T. ) ;
#2289 = FACE_OUTER_BOUND ( 'NONE', #4087, .T. ) ;
#2290 = LINE ( 'NONE', #2923, #2314 ) ;
#2291 = LINE ( 'NONE', #4709, #2359 ) ;
#2292 = VERTEX_POINT ( 'NONE', #7553 ) ;
#2293 = DIRECTION ( 'NONE',  ( -1.000000000000000000, 0.000000000000000000, -0.000000000000000000 ) ) ;
#2294 = AXIS2_PLACEMENT_3D ( 'NONE', #2001, #3218, #5109 ) ;
#2295 = ORIENTED_EDGE ( 'NONE', *, *, #3501, .F. ) ;
#2296 = VECTOR ( 'NONE', #7741, 1000.000000000000000 ) ;
#2297 = STYLED_ITEM ( 'NONE', ( #3517 ), #5192 ) ;
#2298 =( NAMED_UNIT ( * ) SI_UNIT ( $, .STERADIAN. ) SOLID_ANGLE_UNIT ( ) );
#2299 = EDGE_CURVE ( 'NONE', #7371, #1369, #1102, .T. ) ;
#2300 = MECHANICAL_DESIGN_GEOMETRIC_PRESENTATION_REPRESENTATION (  '', ( #6186 ), #2969 ) ;
#2301 = DIRECTION ( 'NONE',  ( 0.000000000000000000, -0.000000000000000000, 1.000000000000000000 ) ) ;
#2302 = ORIENTED_EDGE ( 'NONE', *, *, #3720, .F. ) ;
#2303 = FACE_OUTER_BOUND ( 'NONE', #3639, .T. ) ;
#2304 = EDGE_CURVE ( 'NONE', #3132, #3942, #1225, .T. ) ;
#2305 = EDGE_CURVE ( 'NONE', #3735, #4634, #6348, .T. ) ;
#2306 = VECTOR ( 'NONE', #4801, 1000.000000000000000 ) ;
#2307 = ORIENTED_EDGE ( 'NONE', *, *, #2474, .T. ) ;
#2308 = DIRECTION ( 'NONE',  ( 0.000000000000000000, -1.000000000000000000, 0.000000000000000000 ) ) ;
#2309 = DIRECTION ( 'NONE',  ( 0.000000000000000000, -1.000000000000000000, 0.000000000000000000 ) ) ;
#2310 = DIRECTION ( 'NONE',  ( 0.000000000000000000, 0.000000000000000000, -1.000000000000000000 ) ) ;
#2311 = ORIENTED_EDGE ( 'NONE', *, *, #2429, .T. ) ;
#2312 = DIRECTION ( 'NONE',  ( 0.000000000000000000, 1.000000000000000000, 0.000000000000000000 ) ) ;
#2313 = LINE ( 'NONE', #7634, #2355 ) ;
#2314 = VECTOR ( 'NONE', #7384, 1000.000000000000000 ) ;
#2315 = DIRECTION ( 'NONE',  ( 1.000000000000000000, 0.000000000000000000, 0.000000000000000000 ) ) ;
#2316 = ORIENTED_EDGE ( 'NONE', *, *, #5673, .F. ) ;
#2317 = EDGE_CURVE ( 'NONE', #1737, #4037, #6437, .T. ) ;
#2318 = ORIENTED_EDGE ( 'NONE', *, *, #1501, .F. ) ;
#2319 = ADVANCED_FACE ( 'NONE', ( #3836 ), #3085, .F. ) ;
#2320 = DIRECTION ( 'NONE',  ( 0.000000000000000000, -1.000000000000000000, 0.000000000000000000 ) ) ;
#2321 = CARTESIAN_POINT ( 'NONE',  ( 1.225000000000000089, 0.1000000000000000472, -1.225000000000000311 ) ) ;
#2322 = CARTESIAN_POINT ( 'NONE',  ( -1.224999999999999645, 0.1000000000000000472, -1.225000000000000755 ) ) ;
#2323 = PLANE ( 'NONE',  #1901 ) ;
#2324 = ORIENTED_EDGE ( 'NONE', *, *, #7655, .T. ) ;
#2325 = AXIS2_PLACEMENT_3D ( 'NONE', #4182, #3568, #2327 ) ;
#2326 = VECTOR ( 'NONE', #1584, 1000.000000000000000 ) ;
#2327 = DIRECTION ( 'NONE',  ( 0.000000000000000000, 0.000000000000000000, 1.000000000000000000 ) ) ;
#2328 = VECTOR ( 'NONE', #6785, 1000.000000000000000 ) ;
#2329 = LINE ( 'NONE', #5710, #7527 ) ;
#2330 = EDGE_CURVE ( 'NONE', #613, #2554, #1062, .T. ) ;
#2331 = CARTESIAN_POINT ( 'NONE',  ( -0.3749999999999991673, 0.5716990566028304910, 1.500000000000000222 ) ) ;
#2332 = ADVANCED_FACE ( 'NONE', ( #3879 ), #1090, .F. ) ;
#2333 = ORIENTED_EDGE ( 'NONE', *, *, #6976, .F. ) ;
#2334 = VECTOR ( 'NONE', #2541, 1000.000000000000000 ) ;
#2335 = FACE_OUTER_BOUND ( 'NONE', #7316, .T. ) ;
#2336 = CARTESIAN_POINT ( 'NONE',  ( -1.500000000000000000, 0.04999999999999969746, -0.8749999999999991118 ) ) ;
#2337 = CARTESIAN_POINT ( 'NONE',  ( 0.7000000000000000666, 0.09999999999999982514, -0.7000000000000000666 ) ) ;
#2338 = CARTESIAN_POINT ( 'NONE',  ( 0.000000000000000000, 0.05000000000000000278, 1.300000000000000266 ) ) ;
#2339 = CARTESIAN_POINT ( 'NONE',  ( -1.224999999999999423, 0.09999999999999999167, -0.6250000000000001110 ) ) ;
#2340 = ORIENTED_EDGE ( 'NONE', *, *, #7346, .F. ) ;
#2341 = CARTESIAN_POINT ( 'NONE',  ( -1.224999999999999423, 0.05000000000000002359, 0.8749999999999998890 ) ) ;
#2343 = CARTESIAN_POINT ( 'NONE',  ( -1.224999999999999645, 0.000000000000000000, 1.225000000000000755 ) ) ;
#2342 = VECTOR ( 'NONE', #1315, 1000.000000000000000 ) ;
#2344 = AXIS2_PLACEMENT_3D ( 'NONE', #5787, #4731, #7169 ) ;
#2345 = LINE ( 'NONE', #3412, #7660 ) ;
#2346 = AXIS2_PLACEMENT_3D ( 'NONE', #6661, #668, #6715 ) ;
#2347 = LINE ( 'NONE', #7141, #7618 ) ;
#2348 = EDGE_CURVE ( 'NONE', #429, #7699, #1199, .T. ) ;
#2349 = FILL_AREA_STYLE ('',( #1713 ) ) ;
#2350 = DIRECTION ( 'NONE',  ( 0.000000000000000000, 1.000000000000000000, 0.000000000000000000 ) ) ;
#2351 = CARTESIAN_POINT ( 'NONE',  ( -0.6249999999999994449, 0.5716990566028304910, -1.499999999999999778 ) ) ;
#2352 =( LENGTH_UNIT ( ) NAMED_UNIT ( * ) SI_UNIT ( .MILLI., .METRE. ) );
#2353 = EDGE_CURVE ( 'NONE', #1297, #5333, #6565, .T. ) ;
#2354 = ORIENTED_EDGE ( 'NONE', *, *, #4234, .T. ) ;
#2355 = VECTOR ( 'NONE', #7515, 1000.000000000000000 ) ;
#2356 = LINE ( 'NONE', #5562, #5046 ) ;
#2357 = DIRECTION ( 'NONE',  ( -2.365532012695651739E-15, 0.000000000000000000, 1.000000000000000000 ) ) ;
#2358 = AXIS2_PLACEMENT_3D ( 'NONE', #1590, #5772, #1903 ) ;
#2359 = VECTOR ( 'NONE', #4176, 1000.000000000000000 ) ;
#2360 = CARTESIAN_POINT ( 'NONE',  ( -1.224999999999999423, 0.09999999999999999167, 0.6250000000000007772 ) ) ;
#2361 = DIRECTION ( 'NONE',  ( 0.000000000000000000, 0.000000000000000000, -1.000000000000000000 ) ) ;
#2362 = CARTESIAN_POINT ( 'NONE',  ( -0.3749999999999994449, 0.09999999999999999167, -1.500000000000000222 ) ) ;
#2363 = DIRECTION ( 'NONE',  ( -0.000000000000000000, -1.000000000000000000, -0.000000000000000000 ) ) ;
#2364 = ORIENTED_EDGE ( 'NONE', *, *, #2968, .T. ) ;
#2365 = VECTOR ( 'NONE', #4668, 1000.000000000000000 ) ;
#2366 = AXIS2_PLACEMENT_3D ( 'NONE', #2491, #7363, #1439 ) ;
#2367 = CARTESIAN_POINT ( 'NONE',  ( 1.499999999999999556, 0.05000000000000000278, -1.500000000000000222 ) ) ;
#2368 = AXIS2_PLACEMENT_3D ( 'NONE', #378, #2194, #5629 ) ;
#2369 = LINE ( 'NONE', #4579, #2469 ) ;
#2370 = LINE ( 'NONE', #277, #4987 ) ;
#2371 = DIRECTION ( 'NONE',  ( 0.000000000000000000, 0.000000000000000000, 1.000000000000000000 ) ) ;
#2372 = EDGE_CURVE ( 'NONE', #6810, #2616, #3983, .T. ) ;
#2373 = DIRECTION ( 'NONE',  ( 0.000000000000000000, -0.000000000000000000, 1.000000000000000000 ) ) ;
#2374 = CARTESIAN_POINT ( 'NONE',  ( 1.499999999999999556, 5.842640687119284415, 1.499999999999999778 ) ) ;
#2375 = ORIENTED_EDGE ( 'NONE', *, *, #101, .F. ) ;
#2376 = DIRECTION ( 'NONE',  ( 0.000000000000000000, -1.000000000000000000, 0.000000000000000000 ) ) ;
#2377 = LINE ( 'NONE', #7683, #4997 ) ;
#2378 = AXIS2_PLACEMENT_3D ( 'NONE', #7536, #217, #1452 ) ;
#2379 = VECTOR ( 'NONE', #1728, 1000.000000000000000 ) ;
#2380 = CARTESIAN_POINT ( 'NONE',  ( 1.225000000000000089, 0.000000000000000000, 1.124999999999999778 ) ) ;
#2381 = PLANE ( 'NONE',  #4155 ) ;
#2382 = EDGE_LOOP ( 'NONE', ( #5834, #236, #3692, #6995 ) ) ;
#2383 = ADVANCED_FACE ( 'NONE', ( #6335 ), #7709, .T. ) ;
#2384 = EDGE_CURVE ( 'NONE', #3994, #99, #6449, .T. ) ;
#2385 = EDGE_CURVE ( 'NONE', #4867, #1635, #6550, .T. ) ;
#2386 = CARTESIAN_POINT ( 'NONE',  ( -1.224999999999999423, 0.5716990566028299359, -0.6250000000000001110 ) ) ;
#2387 = CARTESIAN_POINT ( 'NONE',  ( -1.299999999999999156, 0.000000000000000000, 1.300000000000000266 ) ) ;
#2388 = DIRECTION ( 'NONE',  ( 0.000000000000000000, -1.000000000000000000, 0.000000000000000000 ) ) ;
#2389 = ORIENTED_EDGE ( 'NONE', *, *, #247, .T. ) ;
#2390 = CARTESIAN_POINT ( 'NONE',  ( -1.299999999999999156, 0.09999999999999999167, 1.500000000000000222 ) ) ;
#2392 = DIRECTION ( 'NONE',  ( -0.000000000000000000, -1.000000000000000000, -0.000000000000000000 ) ) ;
#2391 = CIRCLE ( 'NONE', #728, 0.1249999999999995698 ) ;
#2393 = LINE ( 'NONE', #2264, #5092 ) ;
#2394 = VERTEX_POINT ( 'NONE', #1189 ) ;
#2395 =( NAMED_UNIT ( * ) SI_UNIT ( $, .STERADIAN. ) SOLID_ANGLE_UNIT ( ) );
#2396 = DIRECTION ( 'NONE',  ( 0.000000000000000000, 1.000000000000000000, 0.000000000000000000 ) ) ;
#2397 = CARTESIAN_POINT ( 'NONE',  ( -0.7499999999999995559, 0.000000000000000000, 1.225000000000000311 ) ) ;
#2398 = EDGE_CURVE ( 'NONE', #7407, #6886, #6522, .T. ) ;
#2399 = DIRECTION ( 'NONE',  ( 1.000000000000000000, -0.000000000000000000, 1.548860246407863336E-16 ) ) ;
#2400 = LINE ( 'NONE', #1266, #5077 ) ;
#2401 = DIRECTION ( 'NONE',  ( 0.000000000000000000, 0.000000000000000000, 1.000000000000000000 ) ) ;
#2402 = LINE ( 'NONE', #7053, #7525 ) ;
#2403 = CARTESIAN_POINT ( 'NONE',  ( 0.000000000000000000, 0.05000000000000000278, 0.000000000000000000 ) ) ;
#2404 = CIRCLE ( 'NONE', #7567, 0.1249999999999995698 ) ;
#2405 = DIRECTION ( 'NONE',  ( -1.000000000000000000, 0.000000000000000000, 0.000000000000000000 ) ) ;
#2406 = PLANE ( 'NONE',  #944 ) ;
#2407 = ORIENTED_EDGE ( 'NONE', *, *, #3174, .F. ) ;
#2408 = AXIS2_PLACEMENT_3D ( 'NONE', #1886, #2559, #3073 ) ;
#2409 = CARTESIAN_POINT ( 'NONE',  ( 1.299999999999999600, 0.09999999999999999167, -1.499999999999999778 ) ) ;
#2410 = EDGE_CURVE ( 'NONE', #4282, #5982, #3742, .T. ) ;
#2411 = VECTOR ( 'NONE', #7035, 1000.000000000000000 ) ;
#2412 = DIRECTION ( 'NONE',  ( 0.000000000000000000, 0.000000000000000000, -1.000000000000000000 ) ) ;
#2413 = EDGE_LOOP ( 'NONE', ( #2579, #5189, #1538, #5199 ) ) ;
#2414 = DIRECTION ( 'NONE',  ( -0.000000000000000000, -1.000000000000000000, -0.000000000000000000 ) ) ;
#2415 = CARTESIAN_POINT ( 'NONE',  ( -0.6249999999999994449, 0.09999999999999999167, -1.499999999999999778 ) ) ;
#2416 = CARTESIAN_POINT ( 'NONE',  ( 0.6250000000000008882, 0.5716990566028304910, 1.500000000000000222 ) ) ;
#2417 = LINE ( 'NONE', #1738, #4926 ) ;
#2418 = VECTOR ( 'NONE', #1165, 1000.000000000000000 ) ;
#2419 = VECTOR ( 'NONE', #396, 1000.000000000000000 ) ;
#2420 = ADVANCED_FACE ( 'NONE', ( #6381 ), #7222, .F. ) ;
#2421 = EDGE_LOOP ( 'NONE', ( #2109, #4028, #2964, #4768 ) ) ;
#2422 = CARTESIAN_POINT ( 'NONE',  ( -0.6999999999999998446, 0.09999999999999982514, -0.7000000000000002887 ) ) ;
#2423 = CARTESIAN_POINT ( 'NONE',  ( 1.224999999999999423, 0.5716990566028299359, 0.7500000000000003331 ) ) ;
#2424 = CARTESIAN_POINT ( 'NONE',  ( 0.3749999999999998890, 0.09999999999999999167, -1.225000000000000311 ) ) ;
#2425 = EDGE_CURVE ( 'NONE', #6750, #6570, #6464, .T. ) ;
#2426 = CARTESIAN_POINT ( 'NONE',  ( 1.224999999999999423, 0.000000000000000000, 0.2500000000000003331 ) ) ;
#2427 = FACE_OUTER_BOUND ( 'NONE', #2887, .T. ) ;
#2428 = CARTESIAN_POINT ( 'NONE',  ( -1.224999999999999423, 0.5716990566028299359, -0.1250000000000001110 ) ) ;
#2429 = EDGE_CURVE ( 'NONE', #2831, #6503, #3995, .T. ) ;
#2431 = VERTEX_POINT ( 'NONE', #7327 ) ;
#2430 = EDGE_CURVE ( 'NONE', #1430, #625, #3792, .T. ) ;
#2432 = DIRECTION ( 'NONE',  ( 0.000000000000000000, 0.000000000000000000, -1.000000000000000000 ) ) ;
#2433 = CARTESIAN_POINT ( 'NONE',  ( 0.000000000000000000, 0.05000000000000000278, 1.299999999999999822 ) ) ;
#2434 = DIRECTION ( 'NONE',  ( -1.000000000000000000, 0.000000000000000000, -0.000000000000000000 ) ) ;
#2435 = DIRECTION ( 'NONE',  ( -1.577021341797098201E-15, 0.000000000000000000, 1.000000000000000000 ) ) ;
#2436 = ADVANCED_FACE ( 'NONE', ( #6480 ), #16, .F. ) ;
#2437 = PLANE ( 'NONE',  #4477 ) ;
#2438 = DIRECTION ( 'NONE',  ( 0.000000000000000000, 0.000000000000000000, 1.000000000000000000 ) ) ;
#2439 = VECTOR ( 'NONE', #5252, 1000.000000000000000 ) ;
#2440 = SURFACE_STYLE_FILL_AREA ( #6990 ) ;
#2441 = CARTESIAN_POINT ( 'NONE',  ( 1.224999999999999423, 0.000000000000000000, 0.1250000000000007494 ) ) ;
#2442 = DIRECTION ( 'NONE',  ( -0.000000000000000000, -1.000000000000000000, -0.000000000000000000 ) ) ;
#2443 = DIRECTION ( 'NONE',  ( 0.000000000000000000, -1.000000000000000000, 0.000000000000000000 ) ) ;
#2444 = AXIS2_PLACEMENT_3D ( 'NONE', #2416, #1731, #1078 ) ;
#2445 = VERTEX_POINT ( 'NONE', #4884 ) ;
#2446 = EDGE_CURVE ( 'NONE', #9, #7044, #1323, .T. ) ;
#2447 =( NAMED_UNIT ( * ) PLANE_ANGLE_UNIT ( ) SI_UNIT ( $, .RADIAN. ) );
#2448 = AXIS2_PLACEMENT_3D ( 'NONE', #4472, #3106, #7488 ) ;
#2449 = DIRECTION ( 'NONE',  ( 1.577021341797098398E-15, 0.000000000000000000, -1.000000000000000000 ) ) ;
#2450 = FACE_OUTER_BOUND ( 'NONE', #5317, .T. ) ;
#2451 = VECTOR ( 'NONE', #2308, 1000.000000000000000 ) ;
#2452 = DIRECTION ( 'NONE',  ( 0.000000000000000000, -0.000000000000000000, 1.000000000000000000 ) ) ;
#2453 = ORIENTED_EDGE ( 'NONE', *, *, #7410, .T. ) ;
#2454 = CARTESIAN_POINT ( 'NONE',  ( -0.1250000000000001110, 0.1000000000000000056, -1.225000000000000311 ) ) ;
#2455 = AXIS2_PLACEMENT_3D ( 'NONE', #2752, #4110, #3421 ) ;
#2456 = DIRECTION ( 'NONE',  ( 0.000000000000000000, 0.000000000000000000, -1.000000000000000000 ) ) ;
#2457 = VECTOR ( 'NONE', #559, 1000.000000000000000 ) ;
#2458 = LINE ( 'NONE', #1005, #2451 ) ;
#2459 = EDGE_CURVE ( 'NONE', #2252, #6199, #3912, .T. ) ;
#2460 = EDGE_CURVE ( 'NONE', #6490, #3989, #6506, .T. ) ;
#2461 = PLANE ( 'NONE',  #1076 ) ;
#2462 = UNCERTAINTY_MEASURE_WITH_UNIT (LENGTH_MEASURE( 1.000000000000000082E-05 ), #4297, 'distance_accuracy_value', 'NONE');
#2463 = ORIENTED_EDGE ( 'NONE', *, *, #4272, .F. ) ;
#2464 = DIRECTION ( 'NONE',  ( 0.000000000000000000, -1.000000000000000000, 0.000000000000000000 ) ) ;
#2465 = DIRECTION ( 'NONE',  ( 0.000000000000000000, 0.000000000000000000, 1.000000000000000000 ) ) ;
#2466 = CARTESIAN_POINT ( 'NONE',  ( 1.224999999999999423, 0.000000000000000000, -0.2499999999999996669 ) ) ;
#2467 = DIRECTION ( 'NONE',  ( 0.000000000000000000, 1.000000000000000000, 0.000000000000000000 ) ) ;
#2468 = VECTOR ( 'NONE', #3593, 1000.000000000000000 ) ;
#2469 = VECTOR ( 'NONE', #7226, 1000.000000000000000 ) ;
#2470 = CYLINDRICAL_SURFACE ( 'NONE', #1875, 0.1249999999999998890 ) ;
#2471 = DIRECTION ( 'NONE',  ( 0.000000000000000000, 0.000000000000000000, -1.000000000000000000 ) ) ;
#2472 = ADVANCED_FACE ( 'NONE', ( #6593 ), #6424, .T. ) ;
#2473 = ADVANCED_FACE ( 'NONE', ( #1213 ), #3658, .T. ) ;
#2474 = EDGE_CURVE ( 'NONE', #405, #2889, #6493, .T. ) ;
#2475 = EDGE_LOOP ( 'NONE', ( #395, #3844, #1479, #5512 ) ) ;
#2476 =( NAMED_UNIT ( * ) PLANE_ANGLE_UNIT ( ) SI_UNIT ( $, .RADIAN. ) );
#2477 = DIRECTION ( 'NONE',  ( -1.577021341797098201E-15, 0.000000000000000000, -1.000000000000000000 ) ) ;
#2478 = DIRECTION ( 'NONE',  ( -0.000000000000000000, -1.000000000000000000, -0.000000000000000000 ) ) ;
#2479 = CARTESIAN_POINT ( 'NONE',  ( 1.224999999999999423, 0.05000000000000002359, -0.1250000000000001110 ) ) ;
#2480 = DIRECTION ( 'NONE',  ( 0.000000000000000000, -1.000000000000000000, 0.000000000000000000 ) ) ;
#2481 = FACE_OUTER_BOUND ( 'NONE', #1658, .T. ) ;
#2482 = VECTOR ( 'NONE', #1229, 1000.000000000000000 ) ;
#2483 = CARTESIAN_POINT ( 'NONE',  ( -1.499999999999999112, 0.09999999999999999167, -1.300000000000000266 ) ) ;
#2484 = CYLINDRICAL_SURFACE ( 'NONE', #1757, 0.1000000000000006994 ) ;
#2485 = DIRECTION ( 'NONE',  ( 0.000000000000000000, 1.000000000000000000, 0.000000000000000000 ) ) ;
#2486 = CARTESIAN_POINT ( 'NONE',  ( -0.3999999999999973577, 0.09999999999999982514, -0.7000000000000002887 ) ) ;
#2487 = ORIENTED_EDGE ( 'NONE', *, *, #4231, .T. ) ;
#2488 = ADVANCED_FACE ( 'NONE', ( #1307 ), #7821, .T. ) ;
#2489 = SURFACE_STYLE_USAGE ( .BOTH. , #5964 ) ;
#2490 = FACE_OUTER_BOUND ( 'NONE', #192, .T. ) ;
#2491 = CARTESIAN_POINT ( 'NONE',  ( 0.2500000000000004441, 0.1000000000000000056, 1.225000000000000311 ) ) ;
#2492 = VECTOR ( 'NONE', #6788, 1000.000000000000000 ) ;
#2493 = LINE ( 'NONE', #6914, #5306 ) ;
#2494 = CARTESIAN_POINT ( 'NONE',  ( -0.6250000000000001110, 0.1000000000000000056, -1.225000000000000311 ) ) ;
#2495 = VERTEX_POINT ( 'NONE', #6347 ) ;
#2496 = CARTESIAN_POINT ( 'NONE',  ( 1.499999999999999556, 0.05000000000000000278, 1.499999999999999778 ) ) ;
#2497 = DIRECTION ( 'NONE',  ( -1.000000000000000000, 0.000000000000000000, -1.734723475976807094E-15 ) ) ;
#2498 = FILL_AREA_STYLE ('',( #1342 ) ) ;
#2499 = FACE_OUTER_BOUND ( 'NONE', #3947, .T. ) ;
#2500 = LINE ( 'NONE', #3979, #7490 ) ;
#2501 = DIRECTION ( 'NONE',  ( 0.000000000000000000, 0.000000000000000000, -1.000000000000000000 ) ) ;
#2502 = CARTESIAN_POINT ( 'NONE',  ( -1.125000000000000222, 0.6999999999999999556, -1.125000000000000000 ) ) ;
#2503 = AXIS2_PLACEMENT_3D ( 'NONE', #4222, #5382, #40 ) ;
#2504 = VECTOR ( 'NONE', #2285, 1000.000000000000000 ) ;
#2505 = EDGE_CURVE ( 'NONE', #5757, #4120, #1367, .T. ) ;
#2506 = ORIENTED_EDGE ( 'NONE', *, *, #5853, .T. ) ;
#2507 = CARTESIAN_POINT ( 'NONE',  ( 1.124999999999999556, 0.09999999999999999167, 1.499999999999999778 ) ) ;
#2508 = SURFACE_STYLE_USAGE ( .BOTH. , #7224 ) ;
#2509 = DIRECTION ( 'NONE',  ( 0.000000000000000000, 1.000000000000000000, 0.000000000000000000 ) ) ;
#2510 = EDGE_CURVE ( 'NONE', #670, #5974, #3967, .T. ) ;
#2511 =( NAMED_UNIT ( * ) PLANE_ANGLE_UNIT ( ) SI_UNIT ( $, .RADIAN. ) );
#2512 = CARTESIAN_POINT ( 'NONE',  ( 1.124999999999999556, 0.000000000000000000, 1.499999999999999778 ) ) ;
#2513 = FACE_OUTER_BOUND ( 'NONE', #4230, .T. ) ;
#2514 = CARTESIAN_POINT ( 'NONE',  ( 0.7000000000000000666, 2.079898987322333248, -0.7000000000000000666 ) ) ;
#2515 = AXIS2_PLACEMENT_3D ( 'NONE', #3167, #1945, #3903 ) ;
#2516 = ADVANCED_FACE ( 'NONE', ( #6673 ), #6804, .F. ) ;
#2517 = FACE_OUTER_BOUND ( 'NONE', #3688, .T. ) ;
#2518 = VECTOR ( 'NONE', #1232, 1000.000000000000000 ) ;
#2519 = DIRECTION ( 'NONE',  ( 1.000000000000000000, -0.000000000000000000, 3.942553354492735642E-16 ) ) ;
#2520 = FACE_OUTER_BOUND ( 'NONE', #2775, .T. ) ;
#2521 = VERTEX_POINT ( 'NONE', #5604 ) ;
#2522 = DIRECTION ( 'NONE',  ( 1.000000000000000000, 0.000000000000000000, 1.577021341797098398E-15 ) ) ;
#2523 = DIRECTION ( 'NONE',  ( 2.365532012695651739E-15, -0.000000000000000000, 1.000000000000000000 ) ) ;
#2524 = PRESENTATION_LAYER_ASSIGNMENT (  '', '', ( #2107 ) ) ;
#2525 = VECTOR ( 'NONE', #2690, 1000.000000000000000 ) ;
#2526 = EDGE_CURVE ( 'NONE', #6751, #4535, #4058, .T. ) ;
#2527 = FACE_OUTER_BOUND ( 'NONE', #4336, .T. ) ;
#2528 = CARTESIAN_POINT ( 'NONE',  ( 1.500000000000000000, 0.000000000000000000, 0.8749999999999998890 ) ) ;
#2529 = AXIS2_PLACEMENT_3D ( 'NONE', #3050, #3446, #1025 ) ;
#2530 = LINE ( 'NONE', #1415, #15 ) ;
#2531 = CARTESIAN_POINT ( 'NONE',  ( -1.125000000000000222, 0.6999999999999999556, -1.125000000000000000 ) ) ;
#2532 = LINE ( 'NONE', #1815, #2553 ) ;
#2533 = ADVANCED_FACE ( 'NONE', ( #6716 ), #120, .T. ) ;
#2534 = ORIENTED_EDGE ( 'NONE', *, *, #465, .F. ) ;
#2535 = EDGE_CURVE ( 'NONE', #6942, #4443, #1394, .T. ) ;
#2536 = PRESENTATION_STYLE_ASSIGNMENT (( #2508 ) ) ;
#2537 = FACE_OUTER_BOUND ( 'NONE', #6227, .T. ) ;
#2538 = PLANE ( 'NONE',  #1168 ) ;
#2539 = FACE_OUTER_BOUND ( 'NONE', #1287, .T. ) ;
#2540 = MECHANICAL_DESIGN_GEOMETRIC_PRESENTATION_REPRESENTATION (  '', ( #1091 ), #7240 ) ;
#2541 = DIRECTION ( 'NONE',  ( 0.000000000000000000, 0.000000000000000000, -1.000000000000000000 ) ) ;
#2542 = ORIENTED_EDGE ( 'NONE', *, *, #2139, .T. ) ;
#2543 = PLANE ( 'NONE',  #760 ) ;
#2544 = ADVANCED_FACE ( 'NONE', ( #4173 ), #2170, .T. ) ;
#2545 = DIRECTION ( 'NONE',  ( -1.000000000000000000, 0.000000000000000000, -0.000000000000000000 ) ) ;
#2546 = EDGE_CURVE ( 'NONE', #4555, #1980, #1381, .T. ) ;
#2547 = UNCERTAINTY_MEASURE_WITH_UNIT (LENGTH_MEASURE( 1.000000000000000082E-05 ), #4804, 'distance_accuracy_value', 'NONE');
#2548 = DIRECTION ( 'NONE',  ( 0.000000000000000000, -0.000000000000000000, 1.000000000000000000 ) ) ;
#2549 = FACE_OUTER_BOUND ( 'NONE', #3546, .T. ) ;
#2550 = LINE ( 'NONE', #2069, #71 ) ;
#2551 = CARTESIAN_POINT ( 'NONE',  ( -1.124999999999999112, 0.09999999999999999167, 1.500000000000000222 ) ) ;
#2552 = DIRECTION ( 'NONE',  ( 0.000000000000000000, -1.000000000000000000, 0.000000000000000000 ) ) ;
#2553 = VECTOR ( 'NONE', #4879, 1000.000000000000000 ) ;
#2554 = VERTEX_POINT ( 'NONE', #2118 ) ;
#2555 = AXIS2_PLACEMENT_3D ( 'NONE', #2343, #1764, #5841 ) ;
#2556 = CARTESIAN_POINT ( 'NONE',  ( -1.299999999999999156, 0.1000000000000000472, -1.300000000000000266 ) ) ;
#2557 = CARTESIAN_POINT ( 'NONE',  ( 0.2500000000000002220, 0.05000000000000000278, -1.224999999999999867 ) ) ;
#2558 = CARTESIAN_POINT ( 'NONE',  ( 0.3749999999999998890, 0.000000000000000000, -1.225000000000000311 ) ) ;
#2559 = DIRECTION ( 'NONE',  ( 0.000000000000000000, 1.000000000000000000, 0.000000000000000000 ) ) ;
#2560 = EDGE_CURVE ( 'NONE', #4621, #7338, #6890, .T. ) ;
#2561 = CYLINDRICAL_SURFACE ( 'NONE', #2268, 0.1249999999999995698 ) ;
#2562 = CARTESIAN_POINT ( 'NONE',  ( 0.7000000000000000666, 0.000000000000000000, -0.7000000000000000666 ) ) ;
#2563 = VECTOR ( 'NONE', #4309, 1000.000000000000000 ) ;
#2564 = LINE ( 'NONE', #7331, #2518 ) ;
#2565 = DIRECTION ( 'NONE',  ( 0.000000000000000000, 0.000000000000000000, 1.000000000000000000 ) ) ;
#2566 = PLANE ( 'NONE',  #7613 ) ;
#2567 = VERTEX_POINT ( 'NONE', #4358 ) ;
#2568 = CARTESIAN_POINT ( 'NONE',  ( -1.500000000000000222, 0.8000000000000003775, 1.500000000000000000 ) ) ;
#2569 = CARTESIAN_POINT ( 'NONE',  ( -1.224999999999999645, 0.000000000000000000, 1.225000000000000755 ) ) ;
#2570 =( NAMED_UNIT ( * ) SI_UNIT ( $, .STERADIAN. ) SOLID_ANGLE_UNIT ( ) );
#2571 = DIRECTION ( 'NONE',  ( 0.000000000000000000, 0.000000000000000000, 1.000000000000000000 ) ) ;
#2572 = CARTESIAN_POINT ( 'NONE',  ( -1.224999999999999423, 0.5716990566028299359, 0.1250000000000007494 ) ) ;
#2573 = LINE ( 'NONE', #6780, #5193 ) ;
#2574 = ADVANCED_FACE ( 'NONE', ( #4145 ), #4093, .F. ) ;
#2575 = CARTESIAN_POINT ( 'NONE',  ( -1.224999999999999645, 0.09999999999999999167, 1.125000000000000222 ) ) ;
#2576 = VECTOR ( 'NONE', #1294, 1000.000000000000000 ) ;
#2577 = CARTESIAN_POINT ( 'NONE',  ( -1.299999999999999156, 0.04999999999999971134, -1.500000000000000222 ) ) ;
#2578 = DIRECTION ( 'NONE',  ( 1.000000000000000000, 0.000000000000000000, 0.000000000000000000 ) ) ;
#2579 = ORIENTED_EDGE ( 'NONE', *, *, #669, .F. ) ;
#2580 = AXIS2_PLACEMENT_3D ( 'NONE', #4148, #999, #4781 ) ;
#2581 = EDGE_CURVE ( 'NONE', #6701, #1011, #6787, .T. ) ;
#2582 = LINE ( 'NONE', #6726, #5279 ) ;
#2583 = CYLINDRICAL_SURFACE ( 'NONE', #4008, 0.1249999999999998890 ) ;
#2584 = SURFACE_STYLE_USAGE ( .BOTH. , #2040 ) ;
#2585 = FACE_OUTER_BOUND ( 'NONE', #1357, .T. ) ;
#2586 = EDGE_CURVE ( 'NONE', #4868, #1064, #1537, .T. ) ;
#2587 = ADVANCED_FACE ( 'NONE', ( #4132 ), #679, .F. ) ;
#2588 = VERTEX_POINT ( 'NONE', #172 ) ;
#2589 = DIRECTION ( 'NONE',  ( -0.000000000000000000, -1.000000000000000000, -0.000000000000000000 ) ) ;
#2590 = VERTEX_POINT ( 'NONE', #5696 ) ;
#2591 = DIRECTION ( 'NONE',  ( 1.000000000000000000, -0.000000000000000000, 0.000000000000000000 ) ) ;
#2592 = CARTESIAN_POINT ( 'NONE',  ( 0.7000000000000000666, 0.09999999999999982514, -0.7000000000000000666 ) ) ;
#2593 = DIRECTION ( 'NONE',  ( 0.000000000000000000, 0.000000000000000000, -1.000000000000000000 ) ) ;
#2594 = AXIS2_PLACEMENT_3D ( 'NONE', #7502, #5558, #7442 ) ;
#2595 = AXIS2_PLACEMENT_3D ( 'NONE', #547, #5954, #5331 ) ;
#2596 = PLANE ( 'NONE',  #3022 ) ;
#2597 = EDGE_CURVE ( 'NONE', #4868, #4252, #1631, .T. ) ;
#2598 = DIRECTION ( 'NONE',  ( -1.000000000000000000, 0.000000000000000000, -0.000000000000000000 ) ) ;
#2599 = VERTEX_POINT ( 'NONE', #729 ) ;
#2600 = ORIENTED_EDGE ( 'NONE', *, *, #669, .T. ) ;
#2601 = EDGE_CURVE ( 'NONE', #651, #7084, #4022, .T. ) ;
#2602 = STYLED_ITEM ( 'NONE', ( #4083 ), #2702 ) ;
#2603 = DIRECTION ( 'NONE',  ( 0.000000000000000000, -0.000000000000000000, 1.000000000000000000 ) ) ;
#2604 = AXIS2_PLACEMENT_3D ( 'NONE', #6602, #1211, #5395 ) ;
#2605 = CARTESIAN_POINT ( 'NONE',  ( -0.3749999999999991673, 0.09999999999999999167, 1.500000000000000222 ) ) ;
#2606 = CARTESIAN_POINT ( 'NONE',  ( -1.500000000000000000, 0.5716990566028299359, -0.3749999999999991673 ) ) ;
#2607 =( NAMED_UNIT ( * ) SI_UNIT ( $, .STERADIAN. ) SOLID_ANGLE_UNIT ( ) );
#2608 = CARTESIAN_POINT ( 'NONE',  ( -1.299999999999999156, 0.1000000000000000472, 1.500000000000000222 ) ) ;
#2609 = PLANE ( 'NONE',  #705 ) ;
#2610 = LINE ( 'NONE', #122, #5245 ) ;
#2611 = EDGE_CURVE ( 'NONE', #798, #6374, #6662, .T. ) ;
#2612 = CIRCLE ( 'NONE', #2998, 0.1249999999999998890 ) ;
#2613 = FACE_OUTER_BOUND ( 'NONE', #7168, .T. ) ;
#2614 = DIRECTION ( 'NONE',  ( 0.000000000000000000, -1.000000000000000000, 0.000000000000000000 ) ) ;
#2615 = ORIENTED_EDGE ( 'NONE', *, *, #733, .F. ) ;
#2616 = VERTEX_POINT ( 'NONE', #3270 ) ;
#2617 = AXIS2_PLACEMENT_3D ( 'NONE', #1522, #7589, #2134 ) ;
#2618 = CARTESIAN_POINT ( 'NONE',  ( 0.1250000000000008604, 0.1000000000000000056, 1.500000000000000222 ) ) ;
#2619 = CARTESIAN_POINT ( 'NONE',  ( -1.125000000000000222, 0.6999999999999999556, -0.9999999999999995559 ) ) ;
#2620 = EDGE_CURVE ( 'NONE', #4361, #6481, #4186, .T. ) ;
#2621 = CARTESIAN_POINT ( 'NONE',  ( 0.000000000000000000, 0.000000000000000000, 0.000000000000000000 ) ) ;
#2622 = AXIS2_PLACEMENT_3D ( 'NONE', #4999, #1382, #5530 ) ;
#2623 = CARTESIAN_POINT ( 'NONE',  ( -1.124999999999999112, 0.000000000000000000, -1.225000000000000755 ) ) ;
#2624 = LINE ( 'NONE', #1162, #55 ) ;
#2625 = FACE_OUTER_BOUND ( 'NONE', #5723, .T. ) ;
#2626 = CARTESIAN_POINT ( 'NONE',  ( 1.499999999999999556, 0.1000000000000002554, -0.3749999999999992228 ) ) ;
#2627 = DIRECTION ( 'NONE',  ( 0.000000000000000000, 1.000000000000000000, 0.000000000000000000 ) ) ;
#2628 = FACE_OUTER_BOUND ( 'NONE', #3971, .T. ) ;
#2629 = EDGE_CURVE ( 'NONE', #6362, #511, #6702, .T. ) ;
#2630 = EDGE_CURVE ( 'NONE', #1262, #7234, #1577, .T. ) ;
#2631 = STYLED_ITEM ( 'NONE', ( #846 ), #7757 ) ;
#2632 = ORIENTED_EDGE ( 'NONE', *, *, #1, .F. ) ;
#2633 = ORIENTED_EDGE ( 'NONE', *, *, #2372, .F. ) ;
#2634 = FACE_OUTER_BOUND ( 'NONE', #1222, .T. ) ;
#2635 = ADVANCED_FACE ( 'NONE', ( #6848 ), #314, .F. ) ;
#2636 = LINE ( 'NONE', #6956, #2649 ) ;
#2637 = LINE ( 'NONE', #5428, #2714 ) ;
#2638 = EDGE_CURVE ( 'NONE', #6921, #1674, #4210, .T. ) ;
#2639 = CARTESIAN_POINT ( 'NONE',  ( -1.500000000000000000, 0.09999999999999999167, -0.6250000000000001110 ) ) ;
#2640 = VERTEX_POINT ( 'NONE', #7707 ) ;
#2641 = CARTESIAN_POINT ( 'NONE',  ( -1.224999999999999645, 0.09999999999999999167, 1.225000000000000755 ) ) ;
#2642 = VERTEX_POINT ( 'NONE', #1013 ) ;
#2643 = CARTESIAN_POINT ( 'NONE',  ( -0.7499999999999997780, 0.1000000000000000056, -1.224999999999999867 ) ) ;
#2644 = DIRECTION ( 'NONE',  ( 0.000000000000000000, -1.000000000000000000, 0.000000000000000000 ) ) ;
#2645 = DIRECTION ( 'NONE',  ( 0.000000000000000000, 0.000000000000000000, 1.000000000000000000 ) ) ;
#2646 = CARTESIAN_POINT ( 'NONE',  ( -1.500000000000000444, 5.842640687119284415, -1.500000000000000222 ) ) ;
#2647 = VECTOR ( 'NONE', #3659, 1000.000000000000000 ) ;
#2648 = AXIS2_PLACEMENT_3D ( 'NONE', #6306, #865, #2187 ) ;
#2649 = VECTOR ( 'NONE', #2711, 1000.000000000000000 ) ;
#2650 = LINE ( 'NONE', #2562, #7775 ) ;
#2651 = FILL_AREA_STYLE ('',( #1007 ) ) ;
#2652 = CARTESIAN_POINT ( 'NONE',  ( -1.299999999999999156, 0.09999999999999999167, 1.500000000000000222 ) ) ;
#2653 = ADVANCED_FACE ( 'NONE', ( #1642 ), #2710, .F. ) ;
#2654 = EDGE_LOOP ( 'NONE', ( #5565, #663, #5269, #1798, #3358, #5747, #4497, #691, #4435, #6090, #4465, #1037, #2257, #3680, #2247, #3484, #6033, #1605, #6672, #3563, #1470, #1615, #6084, #6213, #237, #4420, #2840, #787 ) ) ;
#2655 = ORIENTED_EDGE ( 'NONE', *, *, #7651, .T. ) ;
#2656 = EDGE_CURVE ( 'NONE', #1263, #6761, #6687, .T. ) ;
#2657 = DIRECTION ( 'NONE',  ( -1.000000000000000000, 0.000000000000000000, -0.000000000000000000 ) ) ;
#2658 = CARTESIAN_POINT ( 'NONE',  ( -1.224999999999999645, 0.09999999999999999167, -1.225000000000000755 ) ) ;
#2659 = DIRECTION ( 'NONE',  ( 0.000000000000000000, 1.000000000000000000, 0.000000000000000000 ) ) ;
#2660 = PLANE ( 'NONE',  #7576 ) ;
#2661 = CARTESIAN_POINT ( 'NONE',  ( -0.1250000000000001110, 0.1000000000000000056, -1.225000000000000311 ) ) ;
#2662 = LINE ( 'NONE', #6102, #107 ) ;
#2663 = CARTESIAN_POINT ( 'NONE',  ( -1.124999999999999112, 0.05000000000000001665, -1.225000000000000755 ) ) ;
#2664 = VECTOR ( 'NONE', #373, 1000.000000000000000 ) ;
#2665 = LINE ( 'NONE', #1253, #5270 ) ;
#2666 = DIRECTION ( 'NONE',  ( 1.000000000000000000, 0.000000000000000000, 3.097720492815726673E-16 ) ) ;
#2667 = ORIENTED_EDGE ( 'NONE', *, *, #4164, .F. ) ;
#2668 = ORIENTED_EDGE ( 'NONE', *, *, #2823, .T. ) ;
#2669 = CARTESIAN_POINT ( 'NONE',  ( 1.500000000000000000, 0.5716990566028299359, 0.3749999999999998890 ) ) ;
#2670 = DIRECTION ( 'NONE',  ( 0.000000000000000000, 0.000000000000000000, 1.000000000000000000 ) ) ;
#2671 = VECTOR ( 'NONE', #5761, 1000.000000000000000 ) ;
#2672 =( NAMED_UNIT ( * ) SI_UNIT ( $, .STERADIAN. ) SOLID_ANGLE_UNIT ( ) );
#2673 = DIRECTION ( 'NONE',  ( -1.000000000000000000, 0.000000000000000000, 3.942553354492735642E-16 ) ) ;
#2674 = VECTOR ( 'NONE', #6730, 1000.000000000000000 ) ;
#2675 = CARTESIAN_POINT ( 'NONE',  ( -1.499999999999999112, 0.6303300858899107961, 1.125000000000000222 ) ) ;
#2676 = LINE ( 'NONE', #1358, #5280 ) ;
#2677 = DIRECTION ( 'NONE',  ( -1.000000000000000000, 0.000000000000000000, -1.734723475976807292E-15 ) ) ;
#2678 = AXIS2_PLACEMENT_3D ( 'NONE', #6789, #6357, #6963 ) ;
#2679 = VERTEX_POINT ( 'NONE', #1507 ) ;
#2680 = EDGE_CURVE ( 'NONE', #6761, #7371, #6649, .T. ) ;
#2681 = ORIENTED_EDGE ( 'NONE', *, *, #3880, .T. ) ;
#2682 = VECTOR ( 'NONE', #6856, 1000.000000000000000 ) ;
#2683 = EDGE_CURVE ( 'NONE', #6296, #595, #4198, .T. ) ;
#2684 = VECTOR ( 'NONE', #77, 1000.000000000000000 ) ;
#2685 = LINE ( 'NONE', #6171, #28 ) ;
#2686 = CARTESIAN_POINT ( 'NONE',  ( -0.3749999999999995559, 0.000000000000000000, 1.225000000000000311 ) ) ;
#2687 = LINE ( 'NONE', #1019, #5176 ) ;
#2688 =( GEOMETRIC_REPRESENTATION_CONTEXT ( 3 ) GLOBAL_UNCERTAINTY_ASSIGNED_CONTEXT ( ( #649 ) ) GLOBAL_UNIT_ASSIGNED_CONTEXT ( ( #4488, #2511, #7542 ) ) REPRESENTATION_CONTEXT ( 'NONE', 'WORKASPACE' ) );
#2689 = EDGE_LOOP ( 'NONE', ( #5985, #7077, #6514, #7314, #7066, #4177, #1670 ) ) ;
#2690 = DIRECTION ( 'NONE',  ( 0.000000000000000000, -1.000000000000000000, 0.000000000000000000 ) ) ;
#2691 = ORIENTED_EDGE ( 'NONE', *, *, #850, .F. ) ;
#2692 = DIRECTION ( 'NONE',  ( -1.000000000000000000, 0.000000000000000000, -3.942553354492735642E-16 ) ) ;
#2693 = CIRCLE ( 'NONE', #4351, 0.1249999999999998890 ) ;
#2694 = DIRECTION ( 'NONE',  ( -1.000000000000000000, 0.000000000000000000, -0.000000000000000000 ) ) ;
#2695 = DIRECTION ( 'NONE',  ( 0.000000000000000000, 1.000000000000000000, 0.000000000000000000 ) ) ;
#2696 = LINE ( 'NONE', #1543, #5313 ) ;
#2697 = EDGE_CURVE ( 'NONE', #6412, #3918, #1445, .T. ) ;
#2698 = ADVANCED_FACE ( 'NONE', ( #6759 ), #14, .F. ) ;
#2699 = AXIS2_PLACEMENT_3D ( 'NONE', #497, #6587, #4907 ) ;
#2700 = CARTESIAN_POINT ( 'NONE',  ( -1.124999999999999112, 0.1000000000000000472, -1.500000000000000222 ) ) ;
#2701 = DIRECTION ( 'NONE',  ( -0.000000000000000000, -1.000000000000000000, -0.000000000000000000 ) ) ;
#2702 = MANIFOLD_SOLID_BREP ( 'LPattern4[2]', #3929 ) ;
#2703 = ORIENTED_EDGE ( 'NONE', *, *, #5457, .F. ) ;
#2704 = EDGE_LOOP ( 'NONE', ( #6852, #4438, #7398, #2975 ) ) ;
#2705 = ADVANCED_BREP_SHAPE_REPRESENTATION ( 'TLV320ADC6120IRTER', ( #7179, #5438, #5192, #2702, #6030, #4956, #5820, #3343, #414, #4630, #5489, #2093, #105, #4904, #4259, #2896, #803, #6870, #3223, #2156, #1768, #7757, #1428, #5107 ), #1204 ) ;
#2706 = VECTOR ( 'NONE', #5119, 1000.000000000000000 ) ;
#2707 = EDGE_CURVE ( 'NONE', #1935, #5974, #1593, .T. ) ;
#2708 = DIRECTION ( 'NONE',  ( 0.000000000000000000, 1.000000000000000000, 0.000000000000000000 ) ) ;
#2709 = DIRECTION ( 'NONE',  ( -0.000000000000000000, -1.000000000000000000, -0.000000000000000000 ) ) ;
#2710 = PLANE ( 'NONE',  #656 ) ;
#2711 = DIRECTION ( 'NONE',  ( 1.000000000000000000, 0.000000000000000000, 0.000000000000000000 ) ) ;
#2712 = LINE ( 'NONE', #1821, #5302 ) ;
#2713 = DIRECTION ( 'NONE',  ( 1.000000000000000000, -0.000000000000000000, -1.734723475976807094E-15 ) ) ;
#2714 = VECTOR ( 'NONE', #7353, 1000.000000000000000 ) ;
#2715 = CARTESIAN_POINT ( 'NONE',  ( 0.7000000000000000666, 0.000000000000000000, -0.7000000000000000666 ) ) ;
#2716 = AXIS2_PLACEMENT_3D ( 'NONE', #5847, #5230, #1451 ) ;
#2717 = ADVANCED_FACE ( 'NONE', ( #4261 ), #2660, .T. ) ;
#2718 = VERTEX_POINT ( 'NONE', #3222 ) ;
#2719 = ORIENTED_EDGE ( 'NONE', *, *, #1141, .T. ) ;
#2720 = CARTESIAN_POINT ( 'NONE',  ( 0.8749999999999998890, 0.09999999999999999167, -1.225000000000000311 ) ) ;
#2721 = DIRECTION ( 'NONE',  ( -0.000000000000000000, -1.000000000000000000, -0.000000000000000000 ) ) ;
#2722 = DIRECTION ( 'NONE',  ( 0.000000000000000000, 1.000000000000000000, 0.000000000000000000 ) ) ;
#2723 = LINE ( 'NONE', #4375, #166 ) ;
#2724 = CARTESIAN_POINT ( 'NONE',  ( 1.500000000000000000, 0.04999999999999969746, -0.8749999999999991118 ) ) ;
#2725 = EDGE_CURVE ( 'NONE', #5564, #6175, #6862, .T. ) ;
#2726 = EDGE_CURVE ( 'NONE', #2058, #1753, #6770, .T. ) ;
#2727 = LINE ( 'NONE', #2558, #2468 ) ;
#2728 = DIRECTION ( 'NONE',  ( -0.000000000000000000, -1.000000000000000000, -0.000000000000000000 ) ) ;
#2729 = CARTESIAN_POINT ( 'NONE',  ( 1.224999999999999423, 0.09999999999999999167, -0.2499999999999996669 ) ) ;
#2730 = FILL_AREA_STYLE_COLOUR ( '', #4206 ) ;
#2731 = CIRCLE ( 'NONE', #2503, 0.1249999999999995698 ) ;
#2732 = DIRECTION ( 'NONE',  ( 0.000000000000000000, 1.000000000000000000, 0.000000000000000000 ) ) ;
#2733 = ORIENTED_EDGE ( 'NONE', *, *, #2191, .F. ) ;
#2734 = ORIENTED_EDGE ( 'NONE', *, *, #2870, .F. ) ;
#2735 = LINE ( 'NONE', #3182, #2706 ) ;
#2736 = CARTESIAN_POINT ( 'NONE',  ( 0.7000000000000000666, 0.09999999999999982514, -0.7000000000000000666 ) ) ;
#2737 = EDGE_CURVE ( 'NONE', #4443, #1429, #6877, .T. ) ;
#2738 = FACE_OUTER_BOUND ( 'NONE', #3400, .T. ) ;
#2739 = CARTESIAN_POINT ( 'NONE',  ( -0.6249999999999991118, 0.5716990566028304910, 1.499999999999999778 ) ) ;
#2740 = FACE_OUTER_BOUND ( 'NONE', #7263, .T. ) ;
#2741 = CLOSED_SHELL ( 'NONE', ( #5461, #3881, #5301, #3440, #5894, #7478 ) ) ;
#2742 = EDGE_LOOP ( 'NONE', ( #2039, #6896, #1343, #1276 ) ) ;
#2743 = CARTESIAN_POINT ( 'NONE',  ( -0.3749999999999998890, 0.5716990566028304910, -1.225000000000000311 ) ) ;
#2744 = CIRCLE ( 'NONE', #3530, 0.1000000000000006994 ) ;
#2745 = CARTESIAN_POINT ( 'NONE',  ( -0.7499999999999995559, 0.1000000000000000056, 1.225000000000000311 ) ) ;
#2746 = AXIS2_PLACEMENT_3D ( 'NONE', #4428, #2071, #2666 ) ;
#2747 = CARTESIAN_POINT ( 'NONE',  ( -0.7499999999999995559, 0.5716990566028304910, 1.225000000000000311 ) ) ;
#2748 = DIRECTION ( 'NONE',  ( 0.000000000000000000, 0.000000000000000000, -1.000000000000000000 ) ) ;
#2749 = CIRCLE ( 'NONE', #873, 0.1249999999999998890 ) ;
#2750 = EDGE_CURVE ( 'NONE', #5946, #6148, #6906, .T. ) ;
#2751 = LINE ( 'NONE', #6831, #235 ) ;
#2752 = CARTESIAN_POINT ( 'NONE',  ( 0.2500000000000004441, 0.5716990566028304910, 1.225000000000000311 ) ) ;
#2753 = VERTEX_POINT ( 'NONE', #6903 ) ;
#2754 = EDGE_LOOP ( 'NONE', ( #3636, #3587, #4591, #6496 ) ) ;
#2755 = FACE_OUTER_BOUND ( 'NONE', #822, .T. ) ;
#2756 = CARTESIAN_POINT ( 'NONE',  ( 0.7500000000000004441, 0.1000000000000000056, 1.225000000000000311 ) ) ;
#2757 = DIRECTION ( 'NONE',  ( -1.577021341797098201E-15, -0.000000000000000000, 1.000000000000000000 ) ) ;
#2758 = VECTOR ( 'NONE', #2709, 1000.000000000000000 ) ;
#2759 = DIRECTION ( 'NONE',  ( 1.000000000000000000, 0.000000000000000000, 0.000000000000000000 ) ) ;
#2760 = ADVANCED_FACE ( 'NONE', ( #4536 ), #1564, .F. ) ;
#2761 = VECTOR ( 'NONE', #309, 1000.000000000000000 ) ;
#2762 = ORIENTED_EDGE ( 'NONE', *, *, #3991, .F. ) ;
#2763 = ORIENTED_EDGE ( 'NONE', *, *, #2803, .F. ) ;
#2764 = CARTESIAN_POINT ( 'NONE',  ( 0.7000000000000000666, 0.05000000000000000278, 0.000000000000000000 ) ) ;
#2765 = DIRECTION ( 'NONE',  ( 0.000000000000000000, -1.000000000000000000, 0.000000000000000000 ) ) ;
#2766 = PLANE ( 'NONE',  #5426 ) ;
#2767 = LINE ( 'NONE', #7535, #2833 ) ;
#2768 = STYLED_ITEM ( 'NONE', ( #4194 ), #5820 ) ;
#2769 = CARTESIAN_POINT ( 'NONE',  ( -1.299999999999999156, 0.1000000000000000472, -1.500000000000000222 ) ) ;
#2770 = AXIS2_PLACEMENT_3D ( 'NONE', #262, #1551, #781 ) ;
#2771 = EDGE_CURVE ( 'NONE', #2963, #6235, #4288, .T. ) ;
#2772 = CARTESIAN_POINT ( 'NONE',  ( -1.500000000000000222, 0.05000000000000000278, 1.500000000000000000 ) ) ;
#2773 = CARTESIAN_POINT ( 'NONE',  ( -0.7499999999999995559, 0.5716990566028304910, 1.225000000000000311 ) ) ;
#2774 = ADVANCED_FACE ( 'NONE', ( #4552 ), #1250, .F. ) ;
#2775 = EDGE_LOOP ( 'NONE', ( #1052, #6251, #676, #6542 ) ) ;
#2776 = EDGE_LOOP ( 'NONE', ( #6560, #1114, #1255, #1810, #3736, #1652, #6147, #4447, #989, #1333, #4509, #3980, #6317, #1021, #1900, #6176, #7088, #3465, #6302, #6354, #3908, #6945, #963, #978, #3763, #1095, #3876, #6206, #4302, #3821, #6478, #6919, #4519, #6128, #4340, #3666, #1157, #6391, #904, #3655, #3519, #1718, #5829, #2318, #583, #7121, #1239, #5357, #2821, #2762, #2316, #6491, #1237, #4610, #4688, #3170, #3709, #565, #622, #3082, #2703, #212, #5785, #3341, #3310, #33, #470, #5774, #2279, #3852, #3092, #674, #61, #5370, #3185, #4296, #5273, #4455, #47, #3724, #6331, #6212, #1173, #2667 ) ) ;
#2777 = EDGE_CURVE ( 'NONE', #4777, #657, #1732, .T. ) ;
#2778 = LINE ( 'NONE', #4498, #5297 ) ;
#2779 = CARTESIAN_POINT ( 'NONE',  ( -0.1249999999999991396, 0.04999999999999969746, 1.499999999999999778 ) ) ;
#2780 = FACE_OUTER_BOUND ( 'NONE', #4395, .T. ) ;
#2781 = DIRECTION ( 'NONE',  ( 1.000000000000000000, 0.000000000000000000, 3.097720492815726673E-16 ) ) ;
#2782 = LINE ( 'NONE', #3276, #281 ) ;
#2783 = DIRECTION ( 'NONE',  ( 0.000000000000000000, 0.000000000000000000, -1.000000000000000000 ) ) ;
#2784 = VERTEX_POINT ( 'NONE', #2424 ) ;
#2785 = PLANE ( 'NONE',  #5476 ) ;
#2786 = EDGE_LOOP ( 'NONE', ( #4166, #6665, #4203, #1722 ) ) ;
#2787 = AXIS2_PLACEMENT_3D ( 'NONE', #135, #4499, #5035 ) ;
#2788 = DIRECTION ( 'NONE',  ( 0.000000000000000000, -1.000000000000000000, 0.000000000000000000 ) ) ;
#2789 = VECTOR ( 'NONE', #2449, 1000.000000000000000 ) ;
#2790 = EDGE_CURVE ( 'NONE', #5905, #5946, #1797, .T. ) ;
#2791 =( NAMED_UNIT ( * ) SI_UNIT ( $, .STERADIAN. ) SOLID_ANGLE_UNIT ( ) );
#2792 = PLANE ( 'NONE',  #5990 ) ;
#2793 = AXIS2_PLACEMENT_3D ( 'NONE', #6494, #1156, #2203 ) ;
#2794 = CARTESIAN_POINT ( 'NONE',  ( -0.3749999999999998890, 0.000000000000000000, -1.225000000000000311 ) ) ;
#2795 = CARTESIAN_POINT ( 'NONE',  ( -1.124999999999999112, 0.09999999999999999167, -1.225000000000000755 ) ) ;
#2796 = LINE ( 'NONE', #4651, #5365 ) ;
#2797 = VECTOR ( 'NONE', #2835, 1000.000000000000000 ) ;
#2798 = SURFACE_STYLE_USAGE ( .BOTH. , #7001 ) ;
#2799 = ORIENTED_EDGE ( 'NONE', *, *, #7805, .T. ) ;
#2800 = EDGE_LOOP ( 'NONE', ( #4426, #1061, #7197, #6521, #4715, #2179, #7250 ) ) ;
#2801 = LINE ( 'NONE', #744, #2671 ) ;
#2802 = CARTESIAN_POINT ( 'NONE',  ( 1.499999999999999556, 0.09999999999999999167, 1.299999999999999822 ) ) ;
#2803 = EDGE_CURVE ( 'NONE', #7107, #4621, #7102, .T. ) ;
#2804 = PLANE ( 'NONE',  #7730 ) ;
#2805 = CIRCLE ( 'NONE', #7086, 0.1249999999999998890 ) ;
#2806 = DIRECTION ( 'NONE',  ( -0.000000000000000000, -1.000000000000000000, -0.000000000000000000 ) ) ;
#2807 = EDGE_CURVE ( 'NONE', #1051, #4228, #4331, .T. ) ;
#2808 = VERTEX_POINT ( 'NONE', #7110 ) ;
#2809 = EDGE_LOOP ( 'NONE', ( #836, #993, #2333, #6116, #1521 ) ) ;
#2810 = DIRECTION ( 'NONE',  ( 0.000000000000000000, 1.000000000000000000, 0.000000000000000000 ) ) ;
#2811 = DIRECTION ( 'NONE',  ( 0.000000000000000000, -1.000000000000000000, 0.000000000000000000 ) ) ;
#2812 = DIRECTION ( 'NONE',  ( 0.000000000000000000, 0.000000000000000000, -1.000000000000000000 ) ) ;
#2813 = DIRECTION ( 'NONE',  ( -0.000000000000000000, -1.000000000000000000, -0.000000000000000000 ) ) ;
#2814 = LINE ( 'NONE', #6301, #215 ) ;
#2815 = DIRECTION ( 'NONE',  ( -0.000000000000000000, -0.000000000000000000, 1.000000000000000000 ) ) ;
#2816 = UNCERTAINTY_MEASURE_WITH_UNIT (LENGTH_MEASURE( 1.000000000000000082E-05 ), #5200, 'distance_accuracy_value', 'NONE');
#2817 = VECTOR ( 'NONE', #7010, 1000.000000000000000 ) ;
#2818 = CARTESIAN_POINT ( 'NONE',  ( -1.224999999999999423, 0.000000000000000000, -0.1250000000000001110 ) ) ;
#2819 = LINE ( 'NONE', #354, #2869 ) ;
#2820 = CARTESIAN_POINT ( 'NONE',  ( -0.6999999999999998446, 0.05000000000000000278, 0.000000000000000000 ) ) ;
#2821 = ORIENTED_EDGE ( 'NONE', *, *, #6631, .F. ) ;
#2822 = ORIENTED_EDGE ( 'NONE', *, *, #3840, .F. ) ;
#2823 = EDGE_CURVE ( 'NONE', #4370, #4511, #7163, .T. ) ;
#2824 = CIRCLE ( 'NONE', #1602, 0.1249999999999998890 ) ;
#2825 = PLANE ( 'NONE',  #5685 ) ;
#2826 = LINE ( 'NONE', #4703, #5467 ) ;
#2827 = ADVANCED_FACE ( 'NONE', ( #4520 ), #6189, .F. ) ;
#2828 = DIRECTION ( 'NONE',  ( 0.000000000000000000, 1.000000000000000000, 0.000000000000000000 ) ) ;
#2829 = ORIENTED_EDGE ( 'NONE', *, *, #4440, .F. ) ;
#2830 = PLANE ( 'NONE',  #5740 ) ;
#2831 = VERTEX_POINT ( 'NONE', #4593 ) ;
#2832 = DIRECTION ( 'NONE',  ( 1.000000000000000000, 0.000000000000000000, -0.000000000000000000 ) ) ;
#2833 = VECTOR ( 'NONE', #3586, 1000.000000000000000 ) ;
#2834 = DIRECTION ( 'NONE',  ( -1.000000000000000000, 0.000000000000000000, 0.000000000000000000 ) ) ;
#2835 = DIRECTION ( 'NONE',  ( -1.000000000000000000, 0.000000000000000000, -1.734723475976807094E-15 ) ) ;
#2836 = VECTOR ( 'NONE', #1398, 1000.000000000000000 ) ;
#2837 = CARTESIAN_POINT ( 'NONE',  ( 1.500000000000000000, 0.09999999999999999167, -0.6250000000000001110 ) ) ;
#2838 = CARTESIAN_POINT ( 'NONE',  ( 0.7000000000000000666, 2.079898987322333248, 0.7000000000000000666 ) ) ;
#2839 = ORIENTED_EDGE ( 'NONE', *, *, #7663, .T. ) ;
#2840 = ORIENTED_EDGE ( 'NONE', *, *, #3024, .T. ) ;
#2841 = DIRECTION ( 'NONE',  ( -1.000000000000000000, 0.000000000000000000, 0.000000000000000000 ) ) ;
#2842 = CIRCLE ( 'NONE', #1555, 0.1249999999999995698 ) ;
#2843 =( NAMED_UNIT ( * ) PLANE_ANGLE_UNIT ( ) SI_UNIT ( $, .RADIAN. ) );
#2844 = VECTOR ( 'NONE', #3159, 1000.000000000000000 ) ;
#2845 = ORIENTED_EDGE ( 'NONE', *, *, #5253, .F. ) ;
#2846 = EDGE_LOOP ( 'NONE', ( #1824, #1733, #3139, #3573 ) ) ;
#2847 = AXIS2_PLACEMENT_3D ( 'NONE', #5759, #3497, #5287 ) ;
#2848 = CARTESIAN_POINT ( 'NONE',  ( 0.7000000000000000666, 2.079898987322333248, -0.7000000000000000666 ) ) ;
#2849 = CARTESIAN_POINT ( 'NONE',  ( -1.299999999999999156, 0.1000000000000000472, 1.500000000000000222 ) ) ;
#2850 = CARTESIAN_POINT ( 'NONE',  ( -1.224999999999999423, 0.5716990566028299359, -0.2499999999999996669 ) ) ;
#2851 = ORIENTED_EDGE ( 'NONE', *, *, #6736, .T. ) ;
#2852 = EDGE_CURVE ( 'NONE', #7135, #4295, #7061, .T. ) ;
#2853 = DIRECTION ( 'NONE',  ( -1.000000000000000000, 0.000000000000000000, 1.734723475976807292E-15 ) ) ;
#2854 = LINE ( 'NONE', #7494, #171 ) ;
#2855 = EDGE_CURVE ( 'NONE', #7778, #3132, #7119, .T. ) ;
#2856 = CARTESIAN_POINT ( 'NONE',  ( -0.6249999999999996669, 0.05000000000000000278, -1.500000000000000222 ) ) ;
#2857 =( GEOMETRIC_REPRESENTATION_CONTEXT ( 3 ) GLOBAL_UNCERTAINTY_ASSIGNED_CONTEXT ( ( #6309 ) ) GLOBAL_UNIT_ASSIGNED_CONTEXT ( ( #5698, #224, #3784 ) ) REPRESENTATION_CONTEXT ( 'NONE', 'WORKASPACE' ) );
#2858 = DIRECTION ( 'NONE',  ( 0.000000000000000000, -0.000000000000000000, 1.000000000000000000 ) ) ;
#2859 = VECTOR ( 'NONE', #5102, 1000.000000000000000 ) ;
#2860 = CARTESIAN_POINT ( 'NONE',  ( 0.000000000000000000, 0.05000000000000000278, -1.124999999999999778 ) ) ;
#2861 = ORIENTED_EDGE ( 'NONE', *, *, #5228, .T. ) ;
#2862 = ORIENTED_EDGE ( 'NONE', *, *, #4766, .T. ) ;
#2863 = VECTOR ( 'NONE', #621, 1000.000000000000000 ) ;
#2864 = DIRECTION ( 'NONE',  ( 0.000000000000000000, 1.000000000000000000, 0.000000000000000000 ) ) ;
#2865 = LINE ( 'NONE', #2120, #321 ) ;
#2866 =( GEOMETRIC_REPRESENTATION_CONTEXT ( 3 ) GLOBAL_UNCERTAINTY_ASSIGNED_CONTEXT ( ( #1284 ) ) GLOBAL_UNIT_ASSIGNED_CONTEXT ( ( #6024, #2476, #2983 ) ) REPRESENTATION_CONTEXT ( 'NONE', 'WORKASPACE' ) );
#2867 = ADVANCED_FACE ( 'NONE', ( #6958 ), #1667, .F. ) ;
#2868 = CARTESIAN_POINT ( 'NONE',  ( -1.224999999999999423, 0.5716990566028299359, 0.1250000000000007494 ) ) ;
#2869 = VECTOR ( 'NONE', #7060, 1000.000000000000000 ) ;
#2870 = EDGE_CURVE ( 'NONE', #7125, #495, #6935, .T. ) ;
#2871 = AXIS2_PLACEMENT_3D ( 'NONE', #2057, #6894, #4411 ) ;
#2872 = DIRECTION ( 'NONE',  ( 0.000000000000000000, 0.000000000000000000, -1.000000000000000000 ) ) ;
#2873 = ORIENTED_EDGE ( 'NONE', *, *, #7219, .T. ) ;
#2874 = PLANE ( 'NONE',  #4035 ) ;
#2875 = ORIENTED_EDGE ( 'NONE', *, *, #343, .F. ) ;
#2876 = CARTESIAN_POINT ( 'NONE',  ( 0.7000000000000000666, 0.000000000000000000, 0.7000000000000000666 ) ) ;
#2877 = VECTOR ( 'NONE', #1259, 1000.000000000000000 ) ;
#2878 = EDGE_CURVE ( 'NONE', #1697, #4217, #7133, .T. ) ;
#2879 = LINE ( 'NONE', #5064, #276 ) ;
#2880 = CYLINDRICAL_SURFACE ( 'NONE', #1657, 0.1249999999999998890 ) ;
#2881 =( NAMED_UNIT ( * ) PLANE_ANGLE_UNIT ( ) SI_UNIT ( $, .RADIAN. ) );
#2882 = CARTESIAN_POINT ( 'NONE',  ( 1.124999999999999556, 0.6303300858899107961, 1.499999999999999778 ) ) ;
#2883 = CARTESIAN_POINT ( 'NONE',  ( 0.6250000000000003331, 0.09999999999999999167, -1.225000000000000311 ) ) ;
#2884 = ADVANCED_FACE ( 'NONE', ( #4371 ), #7136, .T. ) ;
#2885 =( NAMED_UNIT ( * ) SI_UNIT ( $, .STERADIAN. ) SOLID_ANGLE_UNIT ( ) );
#2886 = EDGE_LOOP ( 'NONE', ( #2295, #1877, #3550, #6905 ) ) ;
#2887 = EDGE_LOOP ( 'NONE', ( #695, #78, #3638, #3439 ) ) ;
#2888 = EDGE_CURVE ( 'NONE', #5326, #2590, #4495, .T. ) ;
#2889 = VERTEX_POINT ( 'NONE', #5809 ) ;
#2890 = VECTOR ( 'NONE', #5059, 1000.000000000000000 ) ;
#2891 = CARTESIAN_POINT ( 'NONE',  ( -0.3999999999999986899, 0.09999999999999982514, -0.7000000000000002887 ) ) ;
#2892 = EDGE_CURVE ( 'NONE', #7699, #3710, #1934, .T. ) ;
#2893 =( NAMED_UNIT ( * ) SI_UNIT ( $, .STERADIAN. ) SOLID_ANGLE_UNIT ( ) );
#2894 = LINE ( 'NONE', #3370, #161 ) ;
#2895 = DIRECTION ( 'NONE',  ( -1.000000000000000000, 0.000000000000000000, 3.942553354492735642E-16 ) ) ;
#2896 = MANIFOLD_SOLID_BREP ( 'LPattern3[4]', #4183 ) ;
#2897 = VERTEX_POINT ( 'NONE', #7761 ) ;
#2898 = ORIENTED_EDGE ( 'NONE', *, *, #7728, .F. ) ;
#2899 = DIRECTION ( 'NONE',  ( 0.000000000000000000, 0.000000000000000000, 1.000000000000000000 ) ) ;
#2900 = PLANE ( 'NONE',  #5598 ) ;
#2901 = DIRECTION ( 'NONE',  ( 1.000000000000000000, 0.000000000000000000, 3.942553354492735642E-16 ) ) ;
#2902 = LINE ( 'NONE', #604, #3072 ) ;
#2903 = PRESENTATION_LAYER_ASSIGNMENT (  '', '', ( #7253 ) ) ;
#2904 = EDGE_CURVE ( 'NONE', #3080, #7259, #1779, .T. ) ;
#2905 = CARTESIAN_POINT ( 'NONE',  ( -0.8749999999999991118, 0.09999999999999999167, 1.500000000000000222 ) ) ;
#2906 = CARTESIAN_POINT ( 'NONE',  ( -0.2499999999999995837, 0.09999999999999999167, 1.225000000000000311 ) ) ;
#2907 = FACE_OUTER_BOUND ( 'NONE', #6188, .T. ) ;
#2908 = DIRECTION ( 'NONE',  ( 0.000000000000000000, -0.000000000000000000, 1.000000000000000000 ) ) ;
#2909 = CARTESIAN_POINT ( 'NONE',  ( 1.225000000000000089, 0.09999999999999999167, 1.225000000000000311 ) ) ;
#2910 = ORIENTED_EDGE ( 'NONE', *, *, #6392, .T. ) ;
#2911 = ORIENTED_EDGE ( 'NONE', *, *, #5232, .T. ) ;
#2912 = LINE ( 'NONE', #6756, #376 ) ;
#2913 = CARTESIAN_POINT ( 'NONE',  ( 0.8750000000000008882, 0.1000000000000000056, 1.499999999999999778 ) ) ;
#2914 = CARTESIAN_POINT ( 'NONE',  ( -1.299999999999999156, 0.6303300858899107961, -1.300000000000000266 ) ) ;
#2915 = VECTOR ( 'NONE', #7578, 1000.000000000000000 ) ;
#2916 = CARTESIAN_POINT ( 'NONE',  ( 1.499999999999999556, 0.1000000000000002554, -0.8749999999999992228 ) ) ;
#2917 = CIRCLE ( 'NONE', #6669, 0.1249999999999998890 ) ;
#2918 = CARTESIAN_POINT ( 'NONE',  ( 0.2500000000000004441, 0.000000000000000000, 1.225000000000000311 ) ) ;
#2919 = ORIENTED_EDGE ( 'NONE', *, *, #4192, .T. ) ;
#2920 = CARTESIAN_POINT ( 'NONE',  ( 0.6250000000000008882, 0.1000000000000000056, 1.500000000000000222 ) ) ;
#2921 = ORIENTED_EDGE ( 'NONE', *, *, #4766, .F. ) ;
#2922 = LINE ( 'NONE', #115, #2890 ) ;
#2923 = CARTESIAN_POINT ( 'NONE',  ( 0.3750000000000008882, 0.000000000000000000, 1.499999999999999778 ) ) ;
#2924 = CARTESIAN_POINT ( 'NONE',  ( 1.124999999999999556, 0.05000000000000000278, 0.000000000000000000 ) ) ;
#2925 = AXIS2_PLACEMENT_3D ( 'NONE', #6654, #425, #925 ) ;
#2926 = VECTOR ( 'NONE', #2757, 1000.000000000000000 ) ;
#2927 = EDGE_CURVE ( 'NONE', #5158, #3325, #4314, .T. ) ;
#2928 = ADVANCED_FACE ( 'NONE', ( #4432 ), #4576, .T. ) ;
#2929 = ADVANCED_FACE ( 'NONE', ( #7089 ), #6695, .F. ) ;
#2930 = VECTOR ( 'NONE', #4751, 1000.000000000000000 ) ;
#2931 = CARTESIAN_POINT ( 'NONE',  ( 0.7000000000000000666, 2.079898987322333248, -0.7000000000000000666 ) ) ;
#2932 = CARTESIAN_POINT ( 'NONE',  ( 1.499999999999999556, 0.05000000000000000278, -1.500000000000000222 ) ) ;
#2933 = DIRECTION ( 'NONE',  ( 0.000000000000000000, 0.000000000000000000, 1.000000000000000000 ) ) ;
#2934 = CARTESIAN_POINT ( 'NONE',  ( -1.500000000000000000, 0.5716990566028299359, -0.6250000000000001110 ) ) ;
#2935 =( NAMED_UNIT ( * ) PLANE_ANGLE_UNIT ( ) SI_UNIT ( $, .RADIAN. ) );
#2936 = CLOSED_SHELL ( 'NONE', ( #2070, #2144, #6512, #1314, #6459, #5085 ) ) ;
#2937 = ORIENTED_EDGE ( 'NONE', *, *, #7641, .F. ) ;
#2938 = DIRECTION ( 'NONE',  ( 0.000000000000000000, 0.000000000000000000, -1.000000000000000000 ) ) ;
#2939 = EDGE_CURVE ( 'NONE', #955, #6211, #4387, .T. ) ;
#2940 = LINE ( 'NONE', #1974, #5552 ) ;
#2941 = PLANE ( 'NONE',  #1275 ) ;
#2942 = CARTESIAN_POINT ( 'NONE',  ( 0.1250000000000008604, 0.04999999999999969746, 1.500000000000000222 ) ) ;
#2943 = PRESENTATION_LAYER_ASSIGNMENT (  '', '', ( #4549 ) ) ;
#2944 = CARTESIAN_POINT ( 'NONE',  ( 1.224999999999999423, 0.5716990566028299359, 0.6250000000000007772 ) ) ;
#2945 = VECTOR ( 'NONE', #4065, 1000.000000000000000 ) ;
#2946 = CARTESIAN_POINT ( 'NONE',  ( 1.499999999999999556, 0.8000000000000003775, 1.499999999999999778 ) ) ;
#2947 = EDGE_CURVE ( 'NONE', #7528, #2679, #4462, .T. ) ;
#2948 = LINE ( 'NONE', #3419, #5422 ) ;
#2949 = ADVANCED_FACE ( 'NONE', ( #1963 ), #4706, .T. ) ;
#2950 = ORIENTED_EDGE ( 'NONE', *, *, #5015, .T. ) ;
#2951 = ORIENTED_EDGE ( 'NONE', *, *, #2870, .T. ) ;
#2952 = DIRECTION ( 'NONE',  ( 0.000000000000000000, -1.000000000000000000, 0.000000000000000000 ) ) ;
#2953 = EDGE_CURVE ( 'NONE', #3436, #1397, #6997, .T. ) ;
#2954 = AXIS2_PLACEMENT_3D ( 'NONE', #7009, #6228, #3112 ) ;
#2955 = CARTESIAN_POINT ( 'NONE',  ( 1.124999999999999556, 0.6303300858899107961, 1.225000000000000311 ) ) ;
#2956 = AXIS2_PLACEMENT_3D ( 'NONE', #4017, #3378, #4484 ) ;
#2957 = CARTESIAN_POINT ( 'NONE',  ( -1.500000000000000222, 0.05000000000000000278, 1.500000000000000000 ) ) ;
#2958 = DIRECTION ( 'NONE',  ( -0.000000000000000000, -1.000000000000000000, -0.000000000000000000 ) ) ;
#2959 = VECTOR ( 'NONE', #7134, 1000.000000000000000 ) ;
#2960 = EDGE_CURVE ( 'NONE', #4217, #203, #4479, .T. ) ;
#2961 = CARTESIAN_POINT ( 'NONE',  ( 0.6250000000000008882, 0.1000000000000000056, 1.500000000000000222 ) ) ;
#2962 = DIRECTION ( 'NONE',  ( -1.000000000000000000, 0.000000000000000000, -1.734723475976807292E-15 ) ) ;
#2963 = VERTEX_POINT ( 'NONE', #7599 ) ;
#2964 = ORIENTED_EDGE ( 'NONE', *, *, #3746, .F. ) ;
#2965 = LINE ( 'NONE', #3708, #5578 ) ;
#2966 = MECHANICAL_DESIGN_GEOMETRIC_PRESENTATION_REPRESENTATION (  '', ( #2297 ), #6606 ) ;
#2967 = CARTESIAN_POINT ( 'NONE',  ( 1.299999999999999600, 0.1000000000000000472, -1.299999999999999822 ) ) ;
#2968 = EDGE_CURVE ( 'NONE', #3627, #5946, #7045, .T. ) ;
#2969 =( GEOMETRIC_REPRESENTATION_CONTEXT ( 3 ) GLOBAL_UNCERTAINTY_ASSIGNED_CONTEXT ( ( #2547 ) ) GLOBAL_UNIT_ASSIGNED_CONTEXT ( ( #4804, #7360, #7194 ) ) REPRESENTATION_CONTEXT ( 'NONE', 'WORKASPACE' ) );
#2970 = DIRECTION ( 'NONE',  ( -0.000000000000000000, 0.000000000000000000, 1.000000000000000000 ) ) ;
#2971 = CIRCLE ( 'NONE', #5390, 0.1000000000000006994 ) ;
#2972 = DIRECTION ( 'NONE',  ( 2.365532012695651739E-15, 0.000000000000000000, 1.000000000000000000 ) ) ;
#2973 = EDGE_CURVE ( 'NONE', #880, #3578, #4400, .T. ) ;
#2974 = ORIENTED_EDGE ( 'NONE', *, *, #1260, .T. ) ;
#2975 = ORIENTED_EDGE ( 'NONE', *, *, #5356, .F. ) ;
#2976 = CARTESIAN_POINT ( 'NONE',  ( -1.500000000000000000, 0.04999999999999969746, -0.6250000000000001110 ) ) ;
#2977 = AXIS2_PLACEMENT_3D ( 'NONE', #6001, #5852, #30 ) ;
#2978 = DIRECTION ( 'NONE',  ( 0.000000000000000000, 1.000000000000000000, 0.000000000000000000 ) ) ;
#2979 = PLANE ( 'NONE',  #1527 ) ;
#2980 = DIRECTION ( 'NONE',  ( 0.000000000000000000, -1.000000000000000000, 0.000000000000000000 ) ) ;
#2981 = VECTOR ( 'NONE', #4292, 1000.000000000000000 ) ;
#2982 = LINE ( 'NONE', #2265, #2859 ) ;
#2983 =( NAMED_UNIT ( * ) SI_UNIT ( $, .STERADIAN. ) SOLID_ANGLE_UNIT ( ) );
#2984 = DIRECTION ( 'NONE',  ( -1.000000000000000000, 0.000000000000000000, 0.000000000000000000 ) ) ;
#2985 = CARTESIAN_POINT ( 'NONE',  ( -0.3749999999999996669, 0.09999999999999999167, -1.225000000000000311 ) ) ;
#2986 = ORIENTED_EDGE ( 'NONE', *, *, #6194, .T. ) ;
#2987 = ORIENTED_EDGE ( 'NONE', *, *, #6105, .F. ) ;
#2988 = CARTESIAN_POINT ( 'NONE',  ( -0.6999999999999998446, 0.09999999999999982514, -0.7000000000000002887 ) ) ;
#2989 = EDGE_CURVE ( 'NONE', #6511, #6233, #4448, .T. ) ;
#2990 = CIRCLE ( 'NONE', #7320, 0.1249999999999998890 ) ;
#2991 = CARTESIAN_POINT ( 'NONE',  ( 1.500000000000000000, 0.5716990566028299359, 0.3749999999999998890 ) ) ;
#2992 = CARTESIAN_POINT ( 'NONE',  ( 0.000000000000000000, 0.05000000000000000278, -0.6250000000000001110 ) ) ;
#2993 = CARTESIAN_POINT ( 'NONE',  ( 0.2500000000000004441, 0.05000000000000000278, 1.100000000000000533 ) ) ;
#2994 = VECTOR ( 'NONE', #6748, 1000.000000000000000 ) ;
#2995 = CARTESIAN_POINT ( 'NONE',  ( 0.3750000000000008882, 0.5716990566028304910, 1.499999999999999778 ) ) ;
#2996 = ADVANCED_FACE ( 'NONE', ( #2079 ), #5542, .F. ) ;
#2997 = VECTOR ( 'NONE', #5815, 1000.000000000000000 ) ;
#2998 = AXIS2_PLACEMENT_3D ( 'NONE', #6231, #2127, #851 ) ;
#2999 = ORIENTED_EDGE ( 'NONE', *, *, #5068, .T. ) ;
#3000 = ORIENTED_EDGE ( 'NONE', *, *, #3118, .T. ) ;
#3001 = CARTESIAN_POINT ( 'NONE',  ( 1.499999999999999556, 0.05000000000000000278, 1.499999999999999778 ) ) ;
#3002 = LINE ( 'NONE', #786, #5616 ) ;
#3003 = EDGE_CURVE ( 'NONE', #3562, #1459, #7449, .T. ) ;
#3004 = VECTOR ( 'NONE', #3347, 1000.000000000000000 ) ;
#3005 = DIRECTION ( 'NONE',  ( 0.000000000000000000, 0.000000000000000000, 1.000000000000000000 ) ) ;
#3006 = LINE ( 'NONE', #7195, #5636 ) ;
#3007 = DIRECTION ( 'NONE',  ( -2.365532012695651739E-15, 0.000000000000000000, 1.000000000000000000 ) ) ;
#3008 = ADVANCED_FACE ( 'NONE', ( #7504 ), #7323, .T. ) ;
#3009 = FILL_AREA_STYLE_COLOUR ( '', #1096 ) ;
#3010 = ORIENTED_EDGE ( 'NONE', *, *, #6136, .T. ) ;
#3011 = ORIENTED_EDGE ( 'NONE', *, *, #2372, .T. ) ;
#3012 = CIRCLE ( 'NONE', #7115, 0.1249999999999995698 ) ;
#3013 = CARTESIAN_POINT ( 'NONE',  ( 0.3749999999999998890, 0.1000000000000000056, -1.225000000000000311 ) ) ;
#3014 = DIRECTION ( 'NONE',  ( -1.000000000000000000, 0.000000000000000000, 0.000000000000000000 ) ) ;
#3015 = DIRECTION ( 'NONE',  ( 0.000000000000000000, -1.000000000000000000, 0.000000000000000000 ) ) ;
#3016 = VECTOR ( 'NONE', #2677, 1000.000000000000000 ) ;
#3017 = DIRECTION ( 'NONE',  ( -0.000000000000000000, -1.000000000000000000, -0.000000000000000000 ) ) ;
#3018 = ORIENTED_EDGE ( 'NONE', *, *, #7219, .F. ) ;
#3019 = FILL_AREA_STYLE_COLOUR ( '', #5290 ) ;
#3020 = EDGE_LOOP ( 'NONE', ( #5720, #5842, #5210, #6977 ) ) ;
#3021 = DIRECTION ( 'NONE',  ( 0.000000000000000000, -0.000000000000000000, 1.000000000000000000 ) ) ;
#3022 = AXIS2_PLACEMENT_3D ( 'NONE', #2164, #6215, #7533 ) ;
#3023 = LINE ( 'NONE', #1324, #319 ) ;
#3024 = EDGE_CURVE ( 'NONE', #2897, #569, #4780, .T. ) ;
#3025 = DIRECTION ( 'NONE',  ( 1.000000000000000000, 0.000000000000000000, 1.577021341797098398E-15 ) ) ;
#3026 = DIRECTION ( 'NONE',  ( 1.000000000000000000, -0.000000000000000000, -0.000000000000000000 ) ) ;
#3027 = DIRECTION ( 'NONE',  ( -1.000000000000000000, 0.000000000000000000, -0.000000000000000000 ) ) ;
#3028 = VECTOR ( 'NONE', #4135, 1000.000000000000000 ) ;
#3029 = EDGE_CURVE ( 'NONE', #3710, #1185, #4673, .T. ) ;
#3030 = LINE ( 'NONE', #2967, #5611 ) ;
#3031 = DIRECTION ( 'NONE',  ( 3.942553354492735642E-16, -0.000000000000000000, 1.000000000000000000 ) ) ;
#3032 = DIRECTION ( 'NONE',  ( 0.000000000000000000, 0.000000000000000000, -1.000000000000000000 ) ) ;
#3033 = DIRECTION ( 'NONE',  ( -0.000000000000000000, -1.000000000000000000, -0.000000000000000000 ) ) ;
#3034 = ORIENTED_EDGE ( 'NONE', *, *, #3756, .T. ) ;
#3035 = ORIENTED_EDGE ( 'NONE', *, *, #2707, .F. ) ;
#3036 =( GEOMETRIC_REPRESENTATION_CONTEXT ( 3 ) GLOBAL_UNCERTAINTY_ASSIGNED_CONTEXT ( ( #1914 ) ) GLOBAL_UNIT_ASSIGNED_CONTEXT ( ( #3345, #7289, #3087 ) ) REPRESENTATION_CONTEXT ( 'NONE', 'WORKASPACE' ) );
#3037 = CARTESIAN_POINT ( 'NONE',  ( 1.299999999999999600, 0.1000000000000000472, -1.499999999999999778 ) ) ;
#3038 = FACE_OUTER_BOUND ( 'NONE', #6975, .T. ) ;
#3039 = ADVANCED_FACE ( 'NONE', ( #2124 ), #210, .T. ) ;
#3040 = CARTESIAN_POINT ( 'NONE',  ( 0.8750000000000005551, 0.5716990566028304910, -1.499999999999999778 ) ) ;
#3041 = CARTESIAN_POINT ( 'NONE',  ( -1.224999999999999423, 0.09999999999999999167, 0.3749999999999998890 ) ) ;
#3042 = DIRECTION ( 'NONE',  ( 0.000000000000000000, 1.000000000000000000, 0.000000000000000000 ) ) ;
#3043 = VECTOR ( 'NONE', #1193, 1000.000000000000000 ) ;
#3044 = CARTESIAN_POINT ( 'NONE',  ( 0.7000000000000000666, 0.09999999999999982514, 0.7000000000000002887 ) ) ;
#3045 = AXIS2_PLACEMENT_3D ( 'NONE', #3594, #2301, #2832 ) ;
#3046 = LINE ( 'NONE', #4805, #2997 ) ;
#3047 = AXIS2_PLACEMENT_3D ( 'NONE', #7461, #4441, #5041 ) ;
#3048 = ORIENTED_EDGE ( 'NONE', *, *, #3620, .F. ) ;
#3049 = ORIENTED_EDGE ( 'NONE', *, *, #7432, .T. ) ;
#3050 = CARTESIAN_POINT ( 'NONE',  ( -0.2499999999999997780, 0.5716990566028304910, -1.224999999999999867 ) ) ;
#3051 = FACE_OUTER_BOUND ( 'NONE', #7740, .T. ) ;
#3052 = EDGE_CURVE ( 'NONE', #1006, #4380, #7295, .T. ) ;
#3053 = DIRECTION ( 'NONE',  ( 1.000000000000000000, 0.000000000000000000, 3.942553354492735642E-16 ) ) ;
#3054 = LINE ( 'NONE', #5381, #3096 ) ;
#3055 = ADVANCED_FACE ( 'NONE', ( #2065 ), #2260, .T. ) ;
#3056 = CARTESIAN_POINT ( 'NONE',  ( 1.225000000000000089, 0.09999999999999999167, -1.124999999999999778 ) ) ;
#3057 = FACE_OUTER_BOUND ( 'NONE', #5912, .T. ) ;
#3058 = CARTESIAN_POINT ( 'NONE',  ( 1.224999999999999423, 0.09999999999999999167, 0.8749999999999998890 ) ) ;
#3059 = DIRECTION ( 'NONE',  ( 0.000000000000000000, 0.000000000000000000, 1.000000000000000000 ) ) ;
#3060 = ORIENTED_EDGE ( 'NONE', *, *, #4332, .T. ) ;
#3061 = EDGE_CURVE ( 'NONE', #3590, #4726, #7419, .T. ) ;
#3062 = VECTOR ( 'NONE', #3212, 1000.000000000000000 ) ;
#3063 =( NAMED_UNIT ( * ) SI_UNIT ( $, .STERADIAN. ) SOLID_ANGLE_UNIT ( ) );
#3064 = CARTESIAN_POINT ( 'NONE',  ( 1.224999999999999423, 0.05000000000000002359, -0.8749999999999992228 ) ) ;
#3065 = EDGE_CURVE ( 'NONE', #213, #3431, #2174, .T. ) ;
#3066 = EDGE_CURVE ( 'NONE', #6781, #3431, #7405, .T. ) ;
#3067 = CARTESIAN_POINT ( 'NONE',  ( 0.1250000000000004441, 0.05000000000000000278, 1.225000000000000311 ) ) ;
#3068 = CIRCLE ( 'NONE', #5498, 0.1000000000000006994 ) ;
#3069 = ADVANCED_FACE ( 'NONE', ( #7365 ), #2792, .T. ) ;
#3070 = CARTESIAN_POINT ( 'NONE',  ( -0.6249999999999991118, 0.1000000000000000056, 1.499999999999999778 ) ) ;
#3071 = ORIENTED_EDGE ( 'NONE', *, *, #3313, .F. ) ;
#3072 = VECTOR ( 'NONE', #7251, 1000.000000000000000 ) ;
#3073 = DIRECTION ( 'NONE',  ( 0.000000000000000000, 0.000000000000000000, 1.000000000000000000 ) ) ;
#3074 = CARTESIAN_POINT ( 'NONE',  ( 1.224999999999999423, 0.5716990566028299359, -0.8749999999999992228 ) ) ;
#3075 = EDGE_CURVE ( 'NONE', #2642, #3105, #2161, .T. ) ;
#3076 = LINE ( 'NONE', #2286, #3232 ) ;
#3077 = CARTESIAN_POINT ( 'NONE',  ( 1.299999999999999600, 0.04999999999999971134, -1.499999999999999778 ) ) ;
#3078 = DIRECTION ( 'NONE',  ( 0.000000000000000000, -1.000000000000000000, 0.000000000000000000 ) ) ;
#3079 = DIRECTION ( 'NONE',  ( 0.000000000000000000, -0.000000000000000000, 1.000000000000000000 ) ) ;
#3080 = VERTEX_POINT ( 'NONE', #3413 ) ;
#3081 = CARTESIAN_POINT ( 'NONE',  ( -1.500000000000000000, 0.5716990566028299359, 0.3749999999999998890 ) ) ;
#3082 = ORIENTED_EDGE ( 'NONE', *, *, #4192, .F. ) ;
#3083 = FACE_OUTER_BOUND ( 'NONE', #4863, .T. ) ;
#3084 = CARTESIAN_POINT ( 'NONE',  ( -0.2499999999999995837, 0.09999999999999999167, 1.225000000000000311 ) ) ;
#3085 = PLANE ( 'NONE',  #6485 ) ;
#3086 = CARTESIAN_POINT ( 'NONE',  ( -0.7499999999999997780, 0.05000000000000000278, -1.224999999999999867 ) ) ;
#3087 =( NAMED_UNIT ( * ) SI_UNIT ( $, .STERADIAN. ) SOLID_ANGLE_UNIT ( ) );
#3088 = FACE_OUTER_BOUND ( 'NONE', #5895, .T. ) ;
#3089 = VECTOR ( 'NONE', #5978, 1000.000000000000000 ) ;
#3090 = EDGE_CURVE ( 'NONE', #1996, #99, #4685, .T. ) ;
#3091 = ORIENTED_EDGE ( 'NONE', *, *, #2330, .T. ) ;
#3092 = ORIENTED_EDGE ( 'NONE', *, *, #7655, .F. ) ;
#3093 = COLOUR_RGB ( '',0.7921568627450980005, 0.8196078431372548767, 0.9333333333333333481 ) ;
#3094 = ADVANCED_FACE ( 'NONE', ( #4845 ), #2979, .F. ) ;
#3095 = DIRECTION ( 'NONE',  ( 1.000000000000000000, 0.000000000000000000, -3.942553354492735642E-16 ) ) ;
#3096 = VECTOR ( 'NONE', #545, 1000.000000000000000 ) ;
#3097 = DIRECTION ( 'NONE',  ( -0.000000000000000000, -0.000000000000000000, -1.000000000000000000 ) ) ;
#3098 = PLANE ( 'NONE',  #6410 ) ;
#3099 = CARTESIAN_POINT ( 'NONE',  ( -1.299999999999999156, 0.09999999999999999167, 1.500000000000000222 ) ) ;
#3100 = DIRECTION ( 'NONE',  ( 0.000000000000000000, 0.000000000000000000, 1.000000000000000000 ) ) ;
#3101 = ORIENTED_EDGE ( 'NONE', *, *, #1055, .T. ) ;
#3102 = VERTEX_POINT ( 'NONE', #1362 ) ;
#3103 = CYLINDRICAL_SURFACE ( 'NONE', #3628, 0.1249999999999998890 ) ;
#3104 = AXIS2_PLACEMENT_3D ( 'NONE', #1458, #2509, #6842 ) ;
#3105 = VERTEX_POINT ( 'NONE', #7274 ) ;
#3106 = DIRECTION ( 'NONE',  ( -1.000000000000000000, 0.000000000000000000, 0.000000000000000000 ) ) ;
#3107 = DIRECTION ( 'NONE',  ( 0.000000000000000000, -1.000000000000000000, 0.000000000000000000 ) ) ;
#3108 = LINE ( 'NONE', #5349, #5724 ) ;
#3109 = ADVANCED_FACE ( 'NONE', ( #4603 ), #2200, .T. ) ;
#3110 = EDGE_CURVE ( 'NONE', #3390, #7132, #7308, .T. ) ;
#3111 = SURFACE_STYLE_FILL_AREA ( #2498 ) ;
#3112 = DIRECTION ( 'NONE',  ( 0.000000000000000000, 0.000000000000000000, -1.000000000000000000 ) ) ;
#3113 = ORIENTED_EDGE ( 'NONE', *, *, #528, .T. ) ;
#3114 = CARTESIAN_POINT ( 'NONE',  ( -1.500000000000000000, 0.09999999999999999167, 0.1250000000000008604 ) ) ;
#3115 = VERTEX_POINT ( 'NONE', #5790 ) ;
#3116 = CARTESIAN_POINT ( 'NONE',  ( -0.7499999999999997780, 0.1000000000000000056, -1.224999999999999867 ) ) ;
#3117 = LINE ( 'NONE', #6779, #689 ) ;
#3118 = EDGE_CURVE ( 'NONE', #1484, #935, #2249, .T. ) ;
#3119 = CARTESIAN_POINT ( 'NONE',  ( 0.2500000000000004441, 0.5716990566028304910, 1.225000000000000311 ) ) ;
#3120 = PLANE ( 'NONE',  #7193 ) ;
#3121 = ORIENTED_EDGE ( 'NONE', *, *, #3256, .F. ) ;
#3122 = CARTESIAN_POINT ( 'NONE',  ( -1.224999999999999423, 0.000000000000000000, -0.6250000000000001110 ) ) ;
#3123 = CARTESIAN_POINT ( 'NONE',  ( -0.8749999999999998890, 0.1000000000000000056, -1.225000000000000311 ) ) ;
#3124 = LINE ( 'NONE', #2820, #3004 ) ;
#3125 = LINE ( 'NONE', #6475, #5737 ) ;
#3126 = DIRECTION ( 'NONE',  ( 0.000000000000000000, -1.000000000000000000, 0.000000000000000000 ) ) ;
#3127 = DIRECTION ( 'NONE',  ( 7.228014483236695816E-17, -0.000000000000000000, 1.000000000000000000 ) ) ;
#3128 = CARTESIAN_POINT ( 'NONE',  ( -1.224999999999999423, 0.05000000000000002359, 0.6250000000000007772 ) ) ;
#3129 = ADVANCED_FACE ( 'NONE', ( #7336 ), #1417, .F. ) ;
#3130 = ORIENTED_EDGE ( 'NONE', *, *, #1378, .F. ) ;
#3131 = CARTESIAN_POINT ( 'NONE',  ( -1.500000000000000000, 0.000000000000000000, 0.1250000000000008604 ) ) ;
#3132 = VERTEX_POINT ( 'NONE', #6414 ) ;
#3133 = VECTOR ( 'NONE', #7123, 1000.000000000000000 ) ;
#3134 = AXIS2_PLACEMENT_3D ( 'NONE', #2183, #1471, #2670 ) ;
#3135 = EDGE_CURVE ( 'NONE', #2394, #2495, #2106, .T. ) ;
#3136 = DIRECTION ( 'NONE',  ( 1.000000000000000000, -0.000000000000000000, 0.000000000000000000 ) ) ;
#3137 = DIRECTION ( 'NONE',  ( 0.000000000000000000, -1.000000000000000000, 0.000000000000000000 ) ) ;
#3138 = AXIS2_PLACEMENT_3D ( 'NONE', #7689, #3403, #1645 ) ;
#3139 = ORIENTED_EDGE ( 'NONE', *, *, #3442, .T. ) ;
#3140 = PLANE ( 'NONE',  #51 ) ;
#3141 = VECTOR ( 'NONE', #290, 1000.000000000000000 ) ;
#3142 = EDGE_CURVE ( 'NONE', #4216, #5630, #7267, .T. ) ;
#3143 = ORIENTED_EDGE ( 'NONE', *, *, #785, .F. ) ;
#3144 = ORIENTED_EDGE ( 'NONE', *, *, #7090, .T. ) ;
#3145 = PLANE ( 'NONE',  #3314 ) ;
#3146 = EDGE_LOOP ( 'NONE', ( #4311, #394, #7343, #338 ) ) ;
#3147 = LINE ( 'NONE', #7518, #5686 ) ;
#3148 = EDGE_CURVE ( 'NONE', #6411, #1935, #7475, .T. ) ;
#3149 = DIRECTION ( 'NONE',  ( 0.000000000000000000, 0.000000000000000000, -1.000000000000000000 ) ) ;
#3150 = DIRECTION ( 'NONE',  ( 0.000000000000000000, 0.000000000000000000, 1.000000000000000000 ) ) ;
#3151 = CYLINDRICAL_SURFACE ( 'NONE', #4809, 0.1249999999999995698 ) ;
#3152 = DIRECTION ( 'NONE',  ( -0.000000000000000000, -1.000000000000000000, -0.000000000000000000 ) ) ;
#3153 = DIRECTION ( 'NONE',  ( 0.000000000000000000, -0.000000000000000000, 1.000000000000000000 ) ) ;
#3154 = CARTESIAN_POINT ( 'NONE',  ( -0.6250000000000001110, 0.000000000000000000, -1.225000000000000311 ) ) ;
#3155 = ORIENTED_EDGE ( 'NONE', *, *, #677, .F. ) ;
#3156 = EDGE_CURVE ( 'NONE', #1785, #6148, #2141, .T. ) ;
#3157 = VERTEX_POINT ( 'NONE', #6236 ) ;
#3158 = PRESENTATION_STYLE_ASSIGNMENT (( #3423 ) ) ;
#3159 = DIRECTION ( 'NONE',  ( -2.365532012695651739E-15, 0.000000000000000000, 1.000000000000000000 ) ) ;
#3160 = ADVANCED_FACE ( 'NONE', ( #7352 ), #6960, .F. ) ;
#3161 = EDGE_LOOP ( 'NONE', ( #1937, #7105, #1685, #1874 ) ) ;
#3162 = CARTESIAN_POINT ( 'NONE',  ( 1.224999999999999423, 0.09999999999999999167, -0.7499999999999996669 ) ) ;
#3163 = CARTESIAN_POINT ( 'NONE',  ( 1.224999999999999423, 0.09999999999999999167, 0.3749999999999998890 ) ) ;
#3164 = VECTOR ( 'NONE', #5043, 1000.000000000000000 ) ;
#3165 = LINE ( 'NONE', #3013, #5807 ) ;
#3166 = AXIS2_PLACEMENT_3D ( 'NONE', #5949, #7345, #1181 ) ;
#3167 = CARTESIAN_POINT ( 'NONE',  ( -1.125000000000000222, 0.6999999999999999556, -1.125000000000000000 ) ) ;
#3168 = DIRECTION ( 'NONE',  ( 0.000000000000000000, -0.000000000000000000, 1.000000000000000000 ) ) ;
#3169 = ORIENTED_EDGE ( 'NONE', *, *, #650, .T. ) ;
#3170 = ORIENTED_EDGE ( 'NONE', *, *, #5075, .F. ) ;
#3171 = LINE ( 'NONE', #3716, #507 ) ;
#3172 = SURFACE_STYLE_USAGE ( .BOTH. , #4424 ) ;
#3173 = DIRECTION ( 'NONE',  ( -1.000000000000000000, 0.000000000000000000, -0.000000000000000000 ) ) ;
#3174 = EDGE_CURVE ( 'NONE', #889, #4120, #2238, .T. ) ;
#3175 = PLANE ( 'NONE',  #3945 ) ;
#3176 = VERTEX_POINT ( 'NONE', #739 ) ;
#3177 = FILL_AREA_STYLE_COLOUR ( '', #7257 ) ;
#3178 = LINE ( 'NONE', #1968, #3043 ) ;
#3179 = ADVANCED_FACE ( 'NONE', ( #7232 ), #7214, .T. ) ;
#3180 = DIRECTION ( 'NONE',  ( 3.942553354492735642E-16, 0.000000000000000000, 1.000000000000000000 ) ) ;
#3181 = DIRECTION ( 'NONE',  ( -0.000000000000000000, -1.000000000000000000, -0.000000000000000000 ) ) ;
#3182 = CARTESIAN_POINT ( 'NONE',  ( -1.500000000000000000, 0.5716990566028299359, -0.1250000000000001110 ) ) ;
#3183 = EDGE_LOOP ( 'NONE', ( #4952, #6847, #3664, #3366 ) ) ;
#3184 = CARTESIAN_POINT ( 'NONE',  ( 0.6250000000000008882, 0.04999999999999969746, 1.500000000000000222 ) ) ;
#3185 = ORIENTED_EDGE ( 'NONE', *, *, #1400, .F. ) ;
#3186 = VECTOR ( 'NONE', #1502, 1000.000000000000000 ) ;
#3187 = DIRECTION ( 'NONE',  ( -0.000000000000000000, -1.000000000000000000, -0.000000000000000000 ) ) ;
#3188 = EDGE_LOOP ( 'NONE', ( #1830, #1925, #3049, #5660 ) ) ;
#3189 = CARTESIAN_POINT ( 'NONE',  ( 0.000000000000000000, 0.05000000000000000278, 0.000000000000000000 ) ) ;
#3190 = VECTOR ( 'NONE', #5213, 1000.000000000000000 ) ;
#3191 = DIRECTION ( 'NONE',  ( 0.000000000000000000, 1.000000000000000000, 0.000000000000000000 ) ) ;
#3192 = AXIS2_PLACEMENT_3D ( 'NONE', #5655, #7068, #5697 ) ;
#3193 = ORIENTED_EDGE ( 'NONE', *, *, #184, .T. ) ;
#3194 = EDGE_LOOP ( 'NONE', ( #3525, #3510, #6026, #1014 ) ) ;
#3195 = LINE ( 'NONE', #2002, #5812 ) ;
#3196 = EDGE_CURVE ( 'NONE', #3748, #6810, #4730, .T. ) ;
#3197 = DIRECTION ( 'NONE',  ( -0.000000000000000000, -1.000000000000000000, -0.000000000000000000 ) ) ;
#3198 = ORIENTED_EDGE ( 'NONE', *, *, #2823, .F. ) ;
#3199 = VECTOR ( 'NONE', #4273, 1000.000000000000000 ) ;
#3200 = EDGE_CURVE ( 'NONE', #495, #4570, #4746, .T. ) ;
#3201 = DIRECTION ( 'NONE',  ( 0.000000000000000000, 1.000000000000000000, 0.000000000000000000 ) ) ;
#3202 = CIRCLE ( 'NONE', #3523, 0.1249999999999998890 ) ;
#3203 = CARTESIAN_POINT ( 'NONE',  ( 0.1250000000000003331, 0.5716990566028304910, -1.225000000000000311 ) ) ;
#3204 = DIRECTION ( 'NONE',  ( 0.000000000000000000, 1.000000000000000000, 0.000000000000000000 ) ) ;
#3205 = ORIENTED_EDGE ( 'NONE', *, *, #1, .T. ) ;
#3206 = ORIENTED_EDGE ( 'NONE', *, *, #5553, .T. ) ;
#3207 = VECTOR ( 'NONE', #712, 1000.000000000000000 ) ;
#3208 = DIRECTION ( 'NONE',  ( 0.000000000000000000, 1.000000000000000000, 0.000000000000000000 ) ) ;
#3209 = EDGE_CURVE ( 'NONE', #7456, #7269, #7391, .T. ) ;
#3210 = ORIENTED_EDGE ( 'NONE', *, *, #3626, .F. ) ;
#3211 = PLANE ( 'NONE',  #591 ) ;
#3212 = DIRECTION ( 'NONE',  ( 1.000000000000000000, 0.000000000000000000, 0.000000000000000000 ) ) ;
#3213 = FACE_OUTER_BOUND ( 'NONE', #6256, .T. ) ;
#3214 = CIRCLE ( 'NONE', #7732, 0.1000000000000006994 ) ;
#3215 = EDGE_CURVE ( 'NONE', #6801, #6367, #4619, .T. ) ;
#3216 = EDGE_LOOP ( 'NONE', ( #7359, #1233, #4796, #2974 ) ) ;
#3217 = AXIS2_PLACEMENT_3D ( 'NONE', #1702, #5265, #5452 ) ;
#3218 = DIRECTION ( 'NONE',  ( 0.000000000000000000, 1.000000000000000000, 0.000000000000000000 ) ) ;
#3219 = ORIENTED_EDGE ( 'NONE', *, *, #2210, .T. ) ;
#3220 = CARTESIAN_POINT ( 'NONE',  ( -1.499999999999999112, 0.09999999999999999167, -1.125000000000000222 ) ) ;
#3221 = VERTEX_POINT ( 'NONE', #855 ) ;
#3222 = CARTESIAN_POINT ( 'NONE',  ( -1.224999999999999645, 0.000000000000000000, 1.125000000000000222 ) ) ;
#3223 = MANIFOLD_SOLID_BREP ( 'Chamfer2', #1295 ) ;
#3224 = LINE ( 'NONE', #2606, #5862 ) ;
#3225 = CARTESIAN_POINT ( 'NONE',  ( -1.499999999999999112, 0.6303300858899107961, 1.300000000000000266 ) ) ;
#3226 = CARTESIAN_POINT ( 'NONE',  ( 1.500000000000000000, 0.09999999999999999167, -0.6250000000000001110 ) ) ;
#3227 = ADVANCED_FACE ( 'NONE', ( #4941 ), #182, .T. ) ;
#3228 = ORIENTED_EDGE ( 'NONE', *, *, #2790, .F. ) ;
#3229 = DIRECTION ( 'NONE',  ( 0.000000000000000000, 0.000000000000000000, 1.000000000000000000 ) ) ;
#3230 = LINE ( 'NONE', #2860, #3028 ) ;
#3231 = AXIS2_PLACEMENT_3D ( 'NONE', #1243, #1895, #4843 ) ;
#3232 = VECTOR ( 'NONE', #7083, 1000.000000000000000 ) ;
#3233 = DIRECTION ( 'NONE',  ( 1.000000000000000000, -0.000000000000000000, 0.000000000000000000 ) ) ;
#3234 = CARTESIAN_POINT ( 'NONE',  ( -1.500000000000000222, 0.05000000000000000278, 1.500000000000000000 ) ) ;
#3235 = FILL_AREA_STYLE_COLOUR ( '', #6031 ) ;
#3236 = EDGE_CURVE ( 'NONE', #4013, #1641, #2356, .T. ) ;
#3237 = SURFACE_SIDE_STYLE ('',( #6139 ) ) ;
#3238 = ORIENTED_EDGE ( 'NONE', *, *, #4842, .F. ) ;
#3239 = AXIS2_PLACEMENT_3D ( 'NONE', #6533, #4178, #1795 ) ;
#3240 = ORIENTED_EDGE ( 'NONE', *, *, #6320, .F. ) ;
#3241 = LINE ( 'NONE', #2351, #584 ) ;
#3242 = CARTESIAN_POINT ( 'NONE',  ( -1.224999999999999423, 0.5716990566028299359, 0.8749999999999998890 ) ) ;
#3243 = ORIENTED_EDGE ( 'NONE', *, *, #2968, .F. ) ;
#3244 = EDGE_CURVE ( 'NONE', #1326, #869, #7712, .T. ) ;
#3245 = EDGE_CURVE ( 'NONE', #7039, #7778, #7583, .T. ) ;
#3246 = CARTESIAN_POINT ( 'NONE',  ( 1.500000000000000000, 0.000000000000000000, 0.8749999999999998890 ) ) ;
#3247 = VECTOR ( 'NONE', #6081, 1000.000000000000000 ) ;
#3248 = ORIENTED_EDGE ( 'NONE', *, *, #5762, .T. ) ;
#3249 = ADVANCED_FACE ( 'NONE', ( #5037 ), #2566, .T. ) ;
#3250 = FACE_OUTER_BOUND ( 'NONE', #7304, .T. ) ;
#3251 = ORIENTED_EDGE ( 'NONE', *, *, #4670, .T. ) ;
#3252 = ORIENTED_EDGE ( 'NONE', *, *, #5278, .T. ) ;
#3253 = DIRECTION ( 'NONE',  ( 0.000000000000000000, -0.000000000000000000, 1.000000000000000000 ) ) ;
#3254 = ORIENTED_EDGE ( 'NONE', *, *, #1427, .F. ) ;
#3255 = VECTOR ( 'NONE', #7184, 1000.000000000000000 ) ;
#3256 = EDGE_CURVE ( 'NONE', #3514, #7328, #2402, .T. ) ;
#3257 = DIRECTION ( 'NONE',  ( -1.000000000000000000, 0.000000000000000000, -1.734723475976807292E-15 ) ) ;
#3258 = DIRECTION ( 'NONE',  ( 0.000000000000000000, 1.000000000000000000, 0.000000000000000000 ) ) ;
#3259 = LINE ( 'NONE', #1864, #3268 ) ;
#3260 = CARTESIAN_POINT ( 'NONE',  ( -1.124999999999999112, 0.1000000000000000472, 1.225000000000000755 ) ) ;
#3261 = ORIENTED_EDGE ( 'NONE', *, *, #6338, .F. ) ;
#3262 = ORIENTED_EDGE ( 'NONE', *, *, #4174, .F. ) ;
#3263 = LINE ( 'NONE', #839, #3186 ) ;
#3264 = DIRECTION ( 'NONE',  ( -0.000000000000000000, -1.000000000000000000, -0.000000000000000000 ) ) ;
#3265 = AXIS2_PLACEMENT_3D ( 'NONE', #7255, #504, #7807 ) ;
#3266 = ORIENTED_EDGE ( 'NONE', *, *, #3156, .F. ) ;
#3267 = LINE ( 'NONE', #7313, #3479 ) ;
#3268 = VECTOR ( 'NONE', #3100, 1000.000000000000000 ) ;
#3269 = EDGE_CURVE ( 'NONE', #5208, #5459, #2369, .T. ) ;
#3270 = CARTESIAN_POINT ( 'NONE',  ( -1.299999999999999156, 0.000000000000000000, -1.300000000000000266 ) ) ;
#3271 = ORIENTED_EDGE ( 'NONE', *, *, #2947, .T. ) ;
#3272 = DIRECTION ( 'NONE',  ( 0.000000000000000000, 0.000000000000000000, -1.000000000000000000 ) ) ;
#3273 = ORIENTED_EDGE ( 'NONE', *, *, #5278, .F. ) ;
#3274 = LINE ( 'NONE', #76, #5743 ) ;
#3275 = DIRECTION ( 'NONE',  ( 0.000000000000000000, 0.000000000000000000, -1.000000000000000000 ) ) ;
#3276 = CARTESIAN_POINT ( 'NONE',  ( 1.500000000000000000, 0.5716990566028299359, 0.8749999999999998890 ) ) ;
#3277 = ORIENTED_EDGE ( 'NONE', *, *, #818, .F. ) ;
#3278 = CARTESIAN_POINT ( 'NONE',  ( 0.8749999999999998890, 0.5716990566028304910, -1.225000000000000311 ) ) ;
#3279 = COLOUR_RGB ( '',0.7921568627450980005, 0.8196078431372548767, 0.9333333333333333481 ) ;
#3280 = LINE ( 'NONE', #3859, #6076 ) ;
#3281 = DIRECTION ( 'NONE',  ( 0.000000000000000000, 0.000000000000000000, -1.000000000000000000 ) ) ;
#3282 = DIRECTION ( 'NONE',  ( -2.365532012695651739E-15, 0.000000000000000000, 1.000000000000000000 ) ) ;
#3283 = ORIENTED_EDGE ( 'NONE', *, *, #1997, .F. ) ;
#3284 = CARTESIAN_POINT ( 'NONE',  ( 0.1250000000000004996, 0.09999999999999999167, -1.500000000000000222 ) ) ;
#3285 = EDGE_LOOP ( 'NONE', ( #3861, #792, #4374, #3670 ) ) ;
#3286 = LINE ( 'NONE', #2507, #675 ) ;
#3287 = ADVANCED_FACE ( 'NONE', ( #4973 ), #4784, .F. ) ;
#3288 = PLANE ( 'NONE',  #3303 ) ;
#3289 = FILL_AREA_STYLE ('',( #2730 ) ) ;
#3290 = VERTEX_POINT ( 'NONE', #1655 ) ;
#3291 = CARTESIAN_POINT ( 'NONE',  ( -1.224999999999999423, 0.5716990566028299359, 0.3749999999999998890 ) ) ;
#3292 = AXIS2_PLACEMENT_3D ( 'NONE', #2641, #3882, #3149 ) ;
#3293 = VECTOR ( 'NONE', #6146, 1000.000000000000000 ) ;
#3294 = EDGE_CURVE ( 'NONE', #3762, #423, #5100, .T. ) ;
#3295 = VECTOR ( 'NONE', #5997, 1000.000000000000000 ) ;
#3296 = ORIENTED_EDGE ( 'NONE', *, *, #4568, .T. ) ;
#3297 = VECTOR ( 'NONE', #5018, 1000.000000000000000 ) ;
#3298 = EDGE_LOOP ( 'NONE', ( #2102, #3982, #3682, #306 ) ) ;
#3299 = EDGE_CURVE ( 'NONE', #4295, #7325, #4897, .T. ) ;
#3300 = DIRECTION ( 'NONE',  ( 1.000000000000000000, 0.000000000000000000, -3.942553354492735642E-16 ) ) ;
#3301 = VERTEX_POINT ( 'NONE', #256 ) ;
#3302 = LINE ( 'NONE', #641, #3255 ) ;
#3303 = AXIS2_PLACEMENT_3D ( 'NONE', #5627, #7555, #240 ) ;
#3304 = ADVANCED_FACE ( 'NONE', ( #7537 ), #5183, .F. ) ;
#3305 = LINE ( 'NONE', #1834, #3535 ) ;
#3306 = DIRECTION ( 'NONE',  ( 0.000000000000000000, -0.000000000000000000, 1.000000000000000000 ) ) ;
#3307 = DIRECTION ( 'NONE',  ( -0.000000000000000000, -1.000000000000000000, -0.000000000000000000 ) ) ;
#3308 = ORIENTED_EDGE ( 'NONE', *, *, #7670, .T. ) ;
#3309 = LINE ( 'NONE', #2056, #93 ) ;
#3310 = ORIENTED_EDGE ( 'NONE', *, *, #4039, .F. ) ;
#3311 = LINE ( 'NONE', #5437, #519 ) ;
#3312 = CARTESIAN_POINT ( 'NONE',  ( 0.3750000000000005551, 0.04999999999999969746, -1.499999999999999778 ) ) ;
#3313 = EDGE_CURVE ( 'NONE', #6692, #213, #2345, .T. ) ;
#3314 = AXIS2_PLACEMENT_3D ( 'NONE', #5533, #607, #3053 ) ;
#3315 = VERTEX_POINT ( 'NONE', #7610 ) ;
#3316 = DIRECTION ( 'NONE',  ( -0.000000000000000000, -1.000000000000000000, -0.000000000000000000 ) ) ;
#3317 = AXIS2_PLACEMENT_3D ( 'NONE', #4506, #3396, #4671 ) ;
#3318 = LINE ( 'NONE', #5948, #863 ) ;
#3319 = VECTOR ( 'NONE', #5162, 1000.000000000000000 ) ;
#3320 = EDGE_CURVE ( 'NONE', #777, #2521, #2261, .T. ) ;
#3321 = CARTESIAN_POINT ( 'NONE',  ( 1.299999999999999600, 0.09999999999999999167, 1.299999999999999822 ) ) ;
#3322 = ORIENTED_EDGE ( 'NONE', *, *, #4091, .T. ) ;
#3323 = DIRECTION ( 'NONE',  ( 0.000000000000000000, 0.000000000000000000, 1.000000000000000000 ) ) ;
#3324 = VECTOR ( 'NONE', #2811, 1000.000000000000000 ) ;
#3325 = VERTEX_POINT ( 'NONE', #2341 ) ;
#3326 = FACE_OUTER_BOUND ( 'NONE', #6406, .T. ) ;
#3327 = AXIS2_PLACEMENT_3D ( 'NONE', #7792, #1238, #4315 ) ;
#3328 = ORIENTED_EDGE ( 'NONE', *, *, #3052, .F. ) ;
#3329 = DIRECTION ( 'NONE',  ( 1.577021341797098201E-15, 0.000000000000000000, -1.000000000000000000 ) ) ;
#3330 = VECTOR ( 'NONE', #3676, 1000.000000000000000 ) ;
#3331 = AXIS2_PLACEMENT_3D ( 'NONE', #7731, #2864, #6551 ) ;
#3332 = LINE ( 'NONE', #1306, #3295 ) ;
#3333 = CARTESIAN_POINT ( 'NONE',  ( -1.299999999999999156, 0.05000000000000000278, 0.000000000000000000 ) ) ;
#3334 = DIRECTION ( 'NONE',  ( -0.000000000000000000, -1.000000000000000000, -0.000000000000000000 ) ) ;
#3335 = CARTESIAN_POINT ( 'NONE',  ( 0.8750000000000008882, 0.1000000000000002554, 1.499999999999999778 ) ) ;
#3336 = DIRECTION ( 'NONE',  ( -2.365532012695651739E-15, 0.000000000000000000, 1.000000000000000000 ) ) ;
#3337 = EDGE_LOOP ( 'NONE', ( #1624, #1322, #1305, #3521 ) ) ;
#3338 = LINE ( 'NONE', #3461, #934 ) ;
#3339 = EDGE_CURVE ( 'NONE', #6801, #4876, #7549, .T. ) ;
#3340 = EDGE_CURVE ( 'NONE', #6552, #1079, #7604, .T. ) ;
#3341 = ORIENTED_EDGE ( 'NONE', *, *, #6979, .F. ) ;
#3342 = VECTOR ( 'NONE', #121, 1000.000000000000000 ) ;
#3343 = MANIFOLD_SOLID_BREP ( 'LPattern4[6]', #1041 ) ;
#3344 = CARTESIAN_POINT ( 'NONE',  ( -0.3999999999999986899, 0.000000000000000000, -0.7000000000000002887 ) ) ;
#3345 =( LENGTH_UNIT ( ) NAMED_UNIT ( * ) SI_UNIT ( .MILLI., .METRE. ) );
#3346 = ORIENTED_EDGE ( 'NONE', *, *, #710, .F. ) ;
#3347 = DIRECTION ( 'NONE',  ( 0.000000000000000000, -0.000000000000000000, 1.000000000000000000 ) ) ;
#3348 = FACE_OUTER_BOUND ( 'NONE', #2742, .T. ) ;
#3349 = FACE_OUTER_BOUND ( 'NONE', #5167, .T. ) ;
#3350 = VERTEX_POINT ( 'NONE', #1495 ) ;
#3351 = LINE ( 'NONE', #7081, #5962 ) ;
#3352 = ORIENTED_EDGE ( 'NONE', *, *, #398, .T. ) ;
#3353 = FACE_OUTER_BOUND ( 'NONE', #6547, .T. ) ;
#3354 = CARTESIAN_POINT ( 'NONE',  ( 1.499999999999999556, 0.1000000000000000472, -1.299999999999999822 ) ) ;
#3355 = EDGE_CURVE ( 'NONE', #1285, #1665, #4931, .T. ) ;
#3356 = ADVANCED_FACE ( 'NONE', ( #4909 ), #1002, .T. ) ;
#3357 = CARTESIAN_POINT ( 'NONE',  ( -1.224999999999999423, 0.09999999999999999167, 0.3749999999999998890 ) ) ;
#3358 = ORIENTED_EDGE ( 'NONE', *, *, #6694, .F. ) ;
#3359 = LINE ( 'NONE', #3058, #5951 ) ;
#3360 = CARTESIAN_POINT ( 'NONE',  ( -1.499999999999999112, 0.09999999999999999167, -1.300000000000000266 ) ) ;
#3361 = CARTESIAN_POINT ( 'NONE',  ( 0.8750000000000005551, 0.09999999999999999167, -1.499999999999999778 ) ) ;
#3362 = DIRECTION ( 'NONE',  ( 1.000000000000000000, 0.000000000000000000, 3.942553354492735642E-16 ) ) ;
#3363 = SURFACE_STYLE_FILL_AREA ( #3917 ) ;
#3364 = MECHANICAL_DESIGN_GEOMETRIC_PRESENTATION_REPRESENTATION (  '', ( #7253 ), #1632 ) ;
#3365 = ORIENTED_EDGE ( 'NONE', *, *, #4064, .F. ) ;
#3366 = ORIENTED_EDGE ( 'NONE', *, *, #6752, .T. ) ;
#3367 = CIRCLE ( 'NONE', #2024, 0.1249999999999998890 ) ;
#3368 = UNCERTAINTY_MEASURE_WITH_UNIT (LENGTH_MEASURE( 1.000000000000000082E-05 ), #5316, 'distance_accuracy_value', 'NONE');
#3369 = CARTESIAN_POINT ( 'NONE',  ( -0.3749999999999996669, 0.1000000000000000056, -1.225000000000000311 ) ) ;
#3370 = CARTESIAN_POINT ( 'NONE',  ( 1.499999999999999556, 0.6303300858899107961, -1.124999999999999778 ) ) ;
#3371 = EDGE_CURVE ( 'NONE', #6579, #203, #5008, .T. ) ;
#3372 = VERTEX_POINT ( 'NONE', #5789 ) ;
#3373 = CARTESIAN_POINT ( 'NONE',  ( 0.8750000000000005551, 0.1000000000000000056, -1.499999999999999778 ) ) ;
#3374 = LINE ( 'NONE', #4524, #628 ) ;
#3375 = ADVANCED_FACE ( 'NONE', ( #5023 ), #1709, .F. ) ;
#3376 = CARTESIAN_POINT ( 'NONE',  ( -0.2499999999999997780, 0.1000000000000000056, -1.224999999999999867 ) ) ;
#3377 = ORIENTED_EDGE ( 'NONE', *, *, #5692, .T. ) ;
#3378 = DIRECTION ( 'NONE',  ( 0.000000000000000000, 0.000000000000000000, 1.000000000000000000 ) ) ;
#3379 = LINE ( 'NONE', #5217, #6048 ) ;
#3380 = ORIENTED_EDGE ( 'NONE', *, *, #1384, .T. ) ;
#3381 = DIRECTION ( 'NONE',  ( -0.7071067811865487940, -0.000000000000000000, 0.7071067811865463515 ) ) ;
#3382 = ORIENTED_EDGE ( 'NONE', *, *, #2597, .F. ) ;
#3383 = LINE ( 'NONE', #1689, #3424 ) ;
#3384 = VECTOR ( 'NONE', #6885, 1000.000000000000000 ) ;
#3385 = CARTESIAN_POINT ( 'NONE',  ( 1.499999999999999556, 0.05000000000000001665, -1.124999999999999778 ) ) ;
#3386 = DIRECTION ( 'NONE',  ( -1.000000000000000000, 0.000000000000000000, 0.000000000000000000 ) ) ;
#3387 = DIRECTION ( 'NONE',  ( 0.000000000000000000, 1.000000000000000000, 0.000000000000000000 ) ) ;
#3388 = DIRECTION ( 'NONE',  ( 0.000000000000000000, 0.000000000000000000, 1.000000000000000000 ) ) ;
#3389 = ORIENTED_EDGE ( 'NONE', *, *, #5933, .T. ) ;
#3390 = VERTEX_POINT ( 'NONE', #3260 ) ;
#3391 = FACE_OUTER_BOUND ( 'NONE', #1126, .T. ) ;
#3392 = MECHANICAL_DESIGN_GEOMETRIC_PRESENTATION_REPRESENTATION (  '', ( #2086 ), #4994 ) ;
#3393 = EDGE_CURVE ( 'NONE', #3732, #4204, #7558, .T. ) ;
#3394 = CARTESIAN_POINT ( 'NONE',  ( 1.299999999999999600, 0.04999999999999971134, 1.499999999999999778 ) ) ;
#3395 = ORIENTED_EDGE ( 'NONE', *, *, #1607, .T. ) ;
#3396 = DIRECTION ( 'NONE',  ( -0.000000000000000000, -1.000000000000000000, 0.000000000000000000 ) ) ;
#3397 = VERTEX_POINT ( 'NONE', #21 ) ;
#3398 = VECTOR ( 'NONE', #2104, 1000.000000000000000 ) ;
#3399 = EDGE_CURVE ( 'NONE', #856, #3989, #7726, .T. ) ;
#3400 = EDGE_LOOP ( 'NONE', ( #1964, #4649, #4606, #639 ) ) ;
#3401 = ORIENTED_EDGE ( 'NONE', *, *, #1621, .T. ) ;
#3402 = VECTOR ( 'NONE', #6581, 1000.000000000000000 ) ;
#3403 = DIRECTION ( 'NONE',  ( 0.000000000000000000, -1.000000000000000000, 0.000000000000000000 ) ) ;
#3404 = PLANE ( 'NONE',  #6696 ) ;
#3405 = ORIENTED_EDGE ( 'NONE', *, *, #7606, .F. ) ;
#3406 = ORIENTED_EDGE ( 'NONE', *, *, #2460, .T. ) ;
#3407 = CARTESIAN_POINT ( 'NONE',  ( 0.7500000000000004441, 0.000000000000000000, 1.225000000000000311 ) ) ;
#3408 = DIRECTION ( 'NONE',  ( -1.577021341797098398E-15, 0.000000000000000000, -1.000000000000000000 ) ) ;
#3409 = MECHANICAL_DESIGN_GEOMETRIC_PRESENTATION_REPRESENTATION (  '', ( #2107 ), #158 ) ;
#3410 = CARTESIAN_POINT ( 'NONE',  ( -0.3749999999999991673, 0.1000000000000000056, 1.500000000000000222 ) ) ;
#3411 = EDGE_CURVE ( 'NONE', #5719, #3735, #4885, .T. ) ;
#3412 = CARTESIAN_POINT ( 'NONE',  ( 1.124999999999999556, 0.09999999999999999167, -1.225000000000000311 ) ) ;
#3413 = CARTESIAN_POINT ( 'NONE',  ( -1.224999999999999423, 0.09999999999999999167, -0.3749999999999992228 ) ) ;
#3414 = EDGE_LOOP ( 'NONE', ( #2153, #5229, #2168, #1556 ) ) ;
#3415 = AXIS2_PLACEMENT_3D ( 'NONE', #7754, #542, #3487 ) ;
#3416 = FACE_OUTER_BOUND ( 'NONE', #4307, .T. ) ;
#3417 = VERTEX_POINT ( 'NONE', #2512 ) ;
#3418 = CARTESIAN_POINT ( 'NONE',  ( 1.299999999999999600, 0.6303300858899107961, 1.299999999999999822 ) ) ;
#3419 = CARTESIAN_POINT ( 'NONE',  ( -1.299999999999999156, 0.05000000000000000278, 0.000000000000000000 ) ) ;
#3420 = CLOSED_SHELL ( 'NONE', ( #7424, #7339, #5508, #842, #2204, #962, #1662 ) ) ;
#3421 = DIRECTION ( 'NONE',  ( 0.000000000000000000, 0.000000000000000000, -1.000000000000000000 ) ) ;
#3422 = EDGE_CURVE ( 'NONE', #3596, #1297, #2290, .T. ) ;
#3423 = SURFACE_STYLE_USAGE ( .BOTH. , #443 ) ;
#3424 = VECTOR ( 'NONE', #6656, 1000.000000000000000 ) ;
#3425 = EDGE_LOOP ( 'NONE', ( #561, #6257, #3605, #6125 ) ) ;
#3426 =( LENGTH_UNIT ( ) NAMED_UNIT ( * ) SI_UNIT ( .MILLI., .METRE. ) );
#3427 = LINE ( 'NONE', #6605, #6142 ) ;
#3428 = CARTESIAN_POINT ( 'NONE',  ( 1.500000000000000000, 0.000000000000000000, 0.1250000000000008604 ) ) ;
#3429 = ORIENTED_EDGE ( 'NONE', *, *, #2953, .F. ) ;
#3430 = VECTOR ( 'NONE', #3992, 1000.000000000000000 ) ;
#3431 = VERTEX_POINT ( 'NONE', #5559 ) ;
#3432 = DIRECTION ( 'NONE',  ( -2.365532012695651345E-15, 0.000000000000000000, -1.000000000000000000 ) ) ;
#3433 = CARTESIAN_POINT ( 'NONE',  ( 0.7500000000000004441, 0.1000000000000000056, 1.225000000000000311 ) ) ;
#3434 = AXIS2_PLACEMENT_3D ( 'NONE', #4044, #6941, #389 ) ;
#3435 = DIRECTION ( 'NONE',  ( -0.000000000000000000, -1.000000000000000000, -0.000000000000000000 ) ) ;
#3436 = VERTEX_POINT ( 'NONE', #7443 ) ;
#3437 = DIRECTION ( 'NONE',  ( -0.000000000000000000, -1.000000000000000000, -0.000000000000000000 ) ) ;
#3438 = LINE ( 'NONE', #3482, #832 ) ;
#3439 = ORIENTED_EDGE ( 'NONE', *, *, #43, .F. ) ;
#3440 = ADVANCED_FACE ( 'NONE', ( #7628 ), #7812, .T. ) ;
#3441 = EDGE_CURVE ( 'NONE', #7180, #6467, #5223, .T. ) ;
#3442 = EDGE_CURVE ( 'NONE', #6148, #62, #5247, .T. ) ;
#3443 = LINE ( 'NONE', #486, #834 ) ;
#3444 = CARTESIAN_POINT ( 'NONE',  ( -1.299999999999999156, 0.09999999999999999167, 1.300000000000000266 ) ) ;
#3445 = DIRECTION ( 'NONE',  ( 0.000000000000000000, 0.000000000000000000, -1.000000000000000000 ) ) ;
#3446 = DIRECTION ( 'NONE',  ( -0.000000000000000000, -1.000000000000000000, -0.000000000000000000 ) ) ;
#3447 = DIRECTION ( 'NONE',  ( 0.000000000000000000, 0.000000000000000000, -1.000000000000000000 ) ) ;
#3448 = ORIENTED_EDGE ( 'NONE', *, *, #73, .F. ) ;
#3449 = CYLINDRICAL_SURFACE ( 'NONE', #3138, 0.1249999999999998890 ) ;
#3450 = ORIENTED_EDGE ( 'NONE', *, *, #973, .T. ) ;
#3451 = CARTESIAN_POINT ( 'NONE',  ( 1.224999999999999423, 0.09999999999999999167, 0.2500000000000003331 ) ) ;
#3452 = ORIENTED_EDGE ( 'NONE', *, *, #3526, .T. ) ;
#3453 = CARTESIAN_POINT ( 'NONE',  ( 1.500000000000000000, 0.5716990566028299359, -0.8749999999999991118 ) ) ;
#3454 = LINE ( 'NONE', #445, #3330 ) ;
#3455 = ORIENTED_EDGE ( 'NONE', *, *, #6601, .T. ) ;
#3456 = EDGE_CURVE ( 'NONE', #1073, #4082, #5139, .T. ) ;
#3457 = ORIENTED_EDGE ( 'NONE', *, *, #802, .T. ) ;
#3458 = CIRCLE ( 'NONE', #7517, 0.1249999999999995698 ) ;
#3459 = VERTEX_POINT ( 'NONE', #5989 ) ;
#3460 = FACE_OUTER_BOUND ( 'NONE', #2846, .T. ) ;
#3461 = CARTESIAN_POINT ( 'NONE',  ( 0.7000000000000000666, 0.09999999999999982514, -0.7000000000000000666 ) ) ;
#3462 = DIRECTION ( 'NONE',  ( 0.000000000000000000, 0.000000000000000000, 1.000000000000000000 ) ) ;
#3463 = VERTEX_POINT ( 'NONE', #4253 ) ;
#3464 = ORIENTED_EDGE ( 'NONE', *, *, #1566, .F. ) ;
#3465 = ORIENTED_EDGE ( 'NONE', *, *, #6460, .F. ) ;
#3466 = CARTESIAN_POINT ( 'NONE',  ( 0.7000000000000000666, 2.079898987322333248, -0.7000000000000000666 ) ) ;
#3467 = PLANE ( 'NONE',  #2580 ) ;
#3468 = VECTOR ( 'NONE', #2593, 1000.000000000000000 ) ;
#3469 = DIRECTION ( 'NONE',  ( 1.000000000000000000, -0.000000000000000000, 0.000000000000000000 ) ) ;
#3470 = EDGE_CURVE ( 'NONE', #3928, #2784, #5164, .T. ) ;
#3471 = ORIENTED_EDGE ( 'NONE', *, *, #3691, .T. ) ;
#3472 = CIRCLE ( 'NONE', #3331, 0.1249999999999998890 ) ;
#3473 = ORIENTED_EDGE ( 'NONE', *, *, #5994, .T. ) ;
#3474 = VECTOR ( 'NONE', #5877, 1000.000000000000000 ) ;
#3475 = DIRECTION ( 'NONE',  ( 0.000000000000000000, 0.000000000000000000, 1.000000000000000000 ) ) ;
#3476 = ORIENTED_EDGE ( 'NONE', *, *, #4055, .T. ) ;
#3477 = CARTESIAN_POINT ( 'NONE',  ( -0.7499999999999995559, 0.1000000000000000056, 1.225000000000000311 ) ) ;
#3478 = CARTESIAN_POINT ( 'NONE',  ( -1.125000000000000222, 0.8000000000000000444, -1.125000000000000000 ) ) ;
#3479 = VECTOR ( 'NONE', #5827, 1000.000000000000000 ) ;
#3480 = CLOSED_SHELL ( 'NONE', ( #6368, #4799, #911, #6604, #4915, #412 ) ) ;
#3481 = ORIENTED_EDGE ( 'NONE', *, *, #7570, .T. ) ;
#3482 = CARTESIAN_POINT ( 'NONE',  ( -0.8749999999999998890, 0.1000000000000000056, -1.225000000000000311 ) ) ;
#3483 = VECTOR ( 'NONE', #1987, 1000.000000000000000 ) ;
#3484 = ORIENTED_EDGE ( 'NONE', *, *, #4755, .T. ) ;
#3485 = LINE ( 'NONE', #1281, #3504 ) ;
#3486 = ORIENTED_EDGE ( 'NONE', *, *, #6677, .T. ) ;
#3487 = DIRECTION ( 'NONE',  ( 0.000000000000000000, -0.000000000000000000, -1.000000000000000000 ) ) ;
#3488 = CARTESIAN_POINT ( 'NONE',  ( 0.000000000000000000, 0.05000000000000000278, -0.1250000000000001110 ) ) ;
#3489 = CARTESIAN_POINT ( 'NONE',  ( 0.1250000000000005551, 0.000000000000000000, -1.500000000000000222 ) ) ;
#3490 = ADVANCED_FACE ( 'NONE', ( #5215 ), #1356, .T. ) ;
#3491 = ADVANCED_FACE ( 'NONE', ( #2625 ), #7330, .T. ) ;
#3492 = ORIENTED_EDGE ( 'NONE', *, *, #3052, .T. ) ;
#3493 = ORIENTED_EDGE ( 'NONE', *, *, #4139, .F. ) ;
#3494 = AXIS2_PLACEMENT_3D ( 'NONE', #3451, #7809, #4133 ) ;
#3495 = ORIENTED_EDGE ( 'NONE', *, *, #4256, .F. ) ;
#3496 = LINE ( 'NONE', #280, #3384 ) ;
#3497 = DIRECTION ( 'NONE',  ( -0.000000000000000000, -1.000000000000000000, -0.000000000000000000 ) ) ;
#3498 = AXIS2_PLACEMENT_3D ( 'NONE', #2180, #2565, #3793 ) ;
#3499 = DIRECTION ( 'NONE',  ( -1.734723475976807292E-15, 0.000000000000000000, 1.000000000000000000 ) ) ;
#3500 = DIRECTION ( 'NONE',  ( 1.000000000000000000, 0.000000000000000000, 1.734723475976807292E-15 ) ) ;
#3501 = EDGE_CURVE ( 'NONE', #4294, #6968, #5152, .T. ) ;
#3502 = EDGE_LOOP ( 'NONE', ( #6910, #5274, #7079, #6809 ) ) ;
#3503 = DIRECTION ( 'NONE',  ( 0.000000000000000000, -0.000000000000000000, -1.000000000000000000 ) ) ;
#3504 = VECTOR ( 'NONE', #3014, 1000.000000000000000 ) ;
#3505 = ORIENTED_EDGE ( 'NONE', *, *, #3956, .F. ) ;
#3506 = COLOUR_RGB ( '',0.7921568627450980005, 0.8196078431372548767, 0.9333333333333333481 ) ;
#3507 = EDGE_CURVE ( 'NONE', #6235, #3712, #5110, .T. ) ;
#3508 = CARTESIAN_POINT ( 'NONE',  ( 0.8750000000000008882, 0.1000000000000000056, 1.499999999999999778 ) ) ;
#3509 = CARTESIAN_POINT ( 'NONE',  ( -0.6249999999999996669, 0.000000000000000000, 1.225000000000000311 ) ) ;
#3510 = ORIENTED_EDGE ( 'NONE', *, *, #2878, .F. ) ;
#3511 = DIRECTION ( 'NONE',  ( -2.365532012695651739E-15, 0.000000000000000000, 1.000000000000000000 ) ) ;
#3512 = LINE ( 'NONE', #4962, #5923 ) ;
#3513 = ORIENTED_EDGE ( 'NONE', *, *, #7288, .F. ) ;
#3514 = VERTEX_POINT ( 'NONE', #4364 ) ;
#3515 = ADVANCED_FACE ( 'NONE', ( #58 ), #2583, .T. ) ;
#3516 = CARTESIAN_POINT ( 'NONE',  ( 1.224999999999999423, 0.5716990566028299359, -0.7499999999999996669 ) ) ;
#3517 = PRESENTATION_STYLE_ASSIGNMENT (( #4664 ) ) ;
#3518 = DIRECTION ( 'NONE',  ( 0.000000000000000000, -1.000000000000000000, 0.000000000000000000 ) ) ;
#3519 = ORIENTED_EDGE ( 'NONE', *, *, #624, .F. ) ;
#3520 = LINE ( 'NONE', #3354, #3430 ) ;
#3521 = ORIENTED_EDGE ( 'NONE', *, *, #147, .T. ) ;
#3522 = CARTESIAN_POINT ( 'NONE',  ( -0.6999999999999998446, 2.079898987322333248, -0.7000000000000002887 ) ) ;
#3523 = AXIS2_PLACEMENT_3D ( 'NONE', #4179, #7717, #3388 ) ;
#3524 = CARTESIAN_POINT ( 'NONE',  ( 1.224999999999999423, 0.000000000000000000, -0.3749999999999992228 ) ) ;
#3525 = ORIENTED_EDGE ( 'NONE', *, *, #7596, .T. ) ;
#3526 = EDGE_CURVE ( 'NONE', #6481, #6137, #5131, .T. ) ;
#3527 = LINE ( 'NONE', #4466, #3293 ) ;
#3528 = ORIENTED_EDGE ( 'NONE', *, *, #1516, .T. ) ;
#3529 = DIRECTION ( 'NONE',  ( 0.000000000000000000, -0.000000000000000000, 1.000000000000000000 ) ) ;
#3530 = AXIS2_PLACEMENT_3D ( 'NONE', #2569, #134, #5034 ) ;
#3531 = ORIENTED_EDGE ( 'NONE', *, *, #7317, .T. ) ;
#3532 = CARTESIAN_POINT ( 'NONE',  ( 1.299999999999999600, 0.09999999999999999167, -1.499999999999999778 ) ) ;
#3533 = CARTESIAN_POINT ( 'NONE',  ( 0.1250000000000008604, 0.09999999999999999167, 1.500000000000000222 ) ) ;
#3534 = PLANE ( 'NONE',  #6274 ) ;
#3535 = VECTOR ( 'NONE', #2435, 1000.000000000000000 ) ;
#3536 = DIRECTION ( 'NONE',  ( -2.365532012695651345E-15, 0.000000000000000000, -1.000000000000000000 ) ) ;
#3537 = ORIENTED_EDGE ( 'NONE', *, *, #484, .F. ) ;
#3538 = AXIS2_PLACEMENT_3D ( 'NONE', #6681, #2350, #26 ) ;
#3539 = ORIENTED_EDGE ( 'NONE', *, *, #3118, .F. ) ;
#3540 = VECTOR ( 'NONE', #104, 1000.000000000000000 ) ;
#3541 =( NAMED_UNIT ( * ) PLANE_ANGLE_UNIT ( ) SI_UNIT ( $, .RADIAN. ) );
#3542 = DIRECTION ( 'NONE',  ( 0.000000000000000000, 1.000000000000000000, 0.000000000000000000 ) ) ;
#3543 = ORIENTED_EDGE ( 'NONE', *, *, #3729, .T. ) ;
#3544 = CARTESIAN_POINT ( 'NONE',  ( -0.7499999999999997780, 0.09999999999999999167, -1.224999999999999867 ) ) ;
#3545 = ORIENTED_EDGE ( 'NONE', *, *, #2620, .T. ) ;
#3546 = EDGE_LOOP ( 'NONE', ( #2145, #6798, #352, #1773, #4409, #6498, #4383 ) ) ;
#3547 = CARTESIAN_POINT ( 'NONE',  ( -1.500000000000000000, 0.09999999999999999167, -0.3749999999999991673 ) ) ;
#3548 = EDGE_CURVE ( 'NONE', #2808, #3102, #2685, .T. ) ;
#3549 = CARTESIAN_POINT ( 'NONE',  ( -0.6249999999999996669, 0.09999999999999999167, 1.225000000000000311 ) ) ;
#3550 = ORIENTED_EDGE ( 'NONE', *, *, #484, .T. ) ;
#3551 = PLANE ( 'NONE',  #7800 ) ;
#3552 = PRESENTATION_STYLE_ASSIGNMENT (( #7551 ) ) ;
#3553 = EDGE_LOOP ( 'NONE', ( #574, #2251, #111, #3243 ) ) ;
#3554 = DIRECTION ( 'NONE',  ( -0.000000000000000000, -1.000000000000000000, -0.000000000000000000 ) ) ;
#3555 = LINE ( 'NONE', #4679, #3633 ) ;
#3556 = CARTESIAN_POINT ( 'NONE',  ( -1.499999999999999112, 0.1000000000000000472, 1.125000000000000222 ) ) ;
#3557 = EDGE_CURVE ( 'NONE', #3644, #2292, #7793, .T. ) ;
#3558 = CARTESIAN_POINT ( 'NONE',  ( 1.499999999999999556, 0.09999999999999999167, 1.299999999999999822 ) ) ;
#3559 = DIRECTION ( 'NONE',  ( -1.000000000000000000, 0.000000000000000000, -0.000000000000000000 ) ) ;
#3560 = VERTEX_POINT ( 'NONE', #4425 ) ;
#3561 = DIRECTION ( 'NONE',  ( 0.000000000000000000, -0.000000000000000000, 1.000000000000000000 ) ) ;
#3562 = VERTEX_POINT ( 'NONE', #6845 ) ;
#3563 = ORIENTED_EDGE ( 'NONE', *, *, #3775, .T. ) ;
#3564 = LINE ( 'NONE', #1893, #6196 ) ;
#3565 = CARTESIAN_POINT ( 'NONE',  ( 1.224999999999999423, 0.09999999999999999167, -0.6250000000000001110 ) ) ;
#3566 = AXIS2_PLACEMENT_3D ( 'NONE', #2177, #7543, #7498 ) ;
#3567 = ORIENTED_EDGE ( 'NONE', *, *, #3907, .T. ) ;
#3568 = DIRECTION ( 'NONE',  ( 0.000000000000000000, 1.000000000000000000, 0.000000000000000000 ) ) ;
#3569 = CIRCLE ( 'NONE', #3648, 0.1249999999999998890 ) ;
#3570 = ORIENTED_EDGE ( 'NONE', *, *, #5536, .T. ) ;
#3571 = VECTOR ( 'NONE', #4571, 1000.000000000000000 ) ;
#3572 = ADVANCED_FACE ( 'NONE', ( #2549 ), #5505, .T. ) ;
#3573 = ORIENTED_EDGE ( 'NONE', *, *, #6846, .F. ) ;
#3574 = EDGE_CURVE ( 'NONE', #7040, #3436, #5194, .T. ) ;
#3575 = CARTESIAN_POINT ( 'NONE',  ( 0.8750000000000008882, 0.09999999999999999167, 1.499999999999999778 ) ) ;
#3576 = DIRECTION ( 'NONE',  ( 0.000000000000000000, 1.000000000000000000, 0.000000000000000000 ) ) ;
#3577 = VERTEX_POINT ( 'NONE', #527 ) ;
#3578 = VERTEX_POINT ( 'NONE', #318 ) ;
#3579 = PRODUCT ( 'TLV320ADC6120IRTER', 'TLV320ADC6120IRTER', '', ( #7025 ) ) ;
#3580 = CLOSED_SHELL ( 'NONE', ( #2017, #2653, #6009, #4310, #244, #5822 ) ) ;
#3581 = DIRECTION ( 'NONE',  ( -0.000000000000000000, -1.000000000000000000, -0.000000000000000000 ) ) ;
#3582 = PLANE ( 'NONE',  #2346 ) ;
#3583 = ORIENTED_EDGE ( 'NONE', *, *, #4512, .T. ) ;
#3584 = FACE_OUTER_BOUND ( 'NONE', #7046, .T. ) ;
#3585 = ORIENTED_EDGE ( 'NONE', *, *, #3066, .F. ) ;
#3586 = DIRECTION ( 'NONE',  ( 0.000000000000000000, -1.000000000000000000, 0.000000000000000000 ) ) ;
#3587 = ORIENTED_EDGE ( 'NONE', *, *, #6224, .F. ) ;
#3588 = EDGE_LOOP ( 'NONE', ( #4073, #4180, #5404, #4063 ) ) ;
#3589 = CARTESIAN_POINT ( 'NONE',  ( 1.224999999999999423, 0.000000000000000000, 0.1250000000000007494 ) ) ;
#3590 = VERTEX_POINT ( 'NONE', #2661 ) ;
#3591 = ADVANCED_FACE ( 'NONE', ( #2517 ), #5657, .F. ) ;
#3592 = DIRECTION ( 'NONE',  ( 7.228014483236695816E-17, -0.000000000000000000, 1.000000000000000000 ) ) ;
#3593 = DIRECTION ( 'NONE',  ( 2.365532012695651345E-15, 0.000000000000000000, -1.000000000000000000 ) ) ;
#3594 = CARTESIAN_POINT ( 'NONE',  ( 1.499999999999999556, 5.842640687119284415, -1.500000000000000222 ) ) ;
#3595 = CIRCLE ( 'NONE', #6053, 0.1000000000000006994 ) ;
#3596 = VERTEX_POINT ( 'NONE', #5157 ) ;
#3597 = LINE ( 'NONE', #4242, #964 ) ;
#3598 = ORIENTED_EDGE ( 'NONE', *, *, #1158, .F. ) ;
#3599 = PRESENTATION_LAYER_ASSIGNMENT (  '', '', ( #3714 ) ) ;
#3600 = EDGE_CURVE ( 'NONE', #3797, #6714, #7762, .T. ) ;
#3601 = CARTESIAN_POINT ( 'NONE',  ( 0.1250000000000004441, 0.5716990566028304910, 1.225000000000000311 ) ) ;
#3602 = ORIENTED_EDGE ( 'NONE', *, *, #1976, .T. ) ;
#3603 = DIRECTION ( 'NONE',  ( -0.000000000000000000, -1.000000000000000000, -0.000000000000000000 ) ) ;
#3604 = PLANE ( 'NONE',  #4854 ) ;
#3605 = ORIENTED_EDGE ( 'NONE', *, *, #6614, .T. ) ;
#3606 = ORIENTED_EDGE ( 'NONE', *, *, #1072, .T. ) ;
#3607 = DIRECTION ( 'NONE',  ( -0.000000000000000000, -1.000000000000000000, -0.000000000000000000 ) ) ;
#3608 = CARTESIAN_POINT ( 'NONE',  ( 1.124999999999999556, 0.000000000000000000, -1.499999999999999778 ) ) ;
#3609 = EDGE_CURVE ( 'NONE', #1112, #889, #2612, .T. ) ;
#3610 = VERTEX_POINT ( 'NONE', #271 ) ;
#3611 = DIRECTION ( 'NONE',  ( 2.365532012695651739E-15, 0.000000000000000000, -1.000000000000000000 ) ) ;
#3612 = LINE ( 'NONE', #5485, #1116 ) ;
#3613 = ORIENTED_EDGE ( 'NONE', *, *, #2152, .F. ) ;
#3614 = CARTESIAN_POINT ( 'NONE',  ( -1.224999999999999423, 0.5716990566028299359, -0.8749999999999992228 ) ) ;
#3615 = LINE ( 'NONE', #2739, #3474 ) ;
#3616 = CARTESIAN_POINT ( 'NONE',  ( -0.6249999999999991118, 0.1000000000000000056, 1.499999999999999778 ) ) ;
#3617 = CARTESIAN_POINT ( 'NONE',  ( 1.299999999999999600, 0.1000000000000000472, 1.499999999999999778 ) ) ;
#3618 = DIRECTION ( 'NONE',  ( 0.000000000000000000, 0.000000000000000000, -1.000000000000000000 ) ) ;
#3619 = VERTEX_POINT ( 'NONE', #3963 ) ;
#3620 = EDGE_CURVE ( 'NONE', #5677, #4313, #7832, .T. ) ;
#3621 = VERTEX_POINT ( 'NONE', #3851 ) ;
#3622 = VERTEX_POINT ( 'NONE', #179 ) ;
#3623 = EDGE_LOOP ( 'NONE', ( #4015, #6276, #4687, #1036, #3328 ) ) ;
#3624 = VECTOR ( 'NONE', #7484, 1000.000000000000000 ) ;
#3625 = PLANE ( 'NONE',  #163 ) ;
#3626 = EDGE_CURVE ( 'NONE', #1459, #5708, #5207, .T. ) ;
#3627 = VERTEX_POINT ( 'NONE', #6292 ) ;
#3628 = AXIS2_PLACEMENT_3D ( 'NONE', #3846, #5063, #1410 ) ;
#3629 = CIRCLE ( 'NONE', #4368, 0.1249999999999998890 ) ;
#3630 = ADVANCED_FACE ( 'NONE', ( #5175 ), #13, .T. ) ;
#3631 = AXIS2_PLACEMENT_3D ( 'NONE', #7037, #1531, #4085 ) ;
#3632 = EDGE_LOOP ( 'NONE', ( #5283, #864, #5260, #4702 ) ) ;
#3633 = VECTOR ( 'NONE', #5133, 1000.000000000000000 ) ;
#3634 = DIRECTION ( 'NONE',  ( -2.365532012695651739E-15, 0.000000000000000000, 1.000000000000000000 ) ) ;
#3635 = CARTESIAN_POINT ( 'NONE',  ( -1.500000000000000000, 0.04999999999999969746, 0.3749999999999998890 ) ) ;
#3636 = ORIENTED_EDGE ( 'NONE', *, *, #5673, .T. ) ;
#3637 = DIRECTION ( 'NONE',  ( 1.000000000000000000, -0.000000000000000000, 3.942553354492735642E-16 ) ) ;
#3638 = ORIENTED_EDGE ( 'NONE', *, *, #393, .T. ) ;
#3639 = EDGE_LOOP ( 'NONE', ( #3873, #862, #3886, #916 ) ) ;
#3640 = FILL_AREA_STYLE ('',( #3009 ) ) ;
#3641 = LINE ( 'NONE', #464, #6342 ) ;
#3642 = AXIS2_PLACEMENT_3D ( 'NONE', #6766, #3765, #1148 ) ;
#3643 = DIRECTION ( 'NONE',  ( 2.365532012695651345E-15, 0.000000000000000000, -1.000000000000000000 ) ) ;
#3644 = VERTEX_POINT ( 'NONE', #735 ) ;
#3645 = EDGE_CURVE ( 'NONE', #4123, #937, #2636, .T. ) ;
#3646 = ORIENTED_EDGE ( 'NONE', *, *, #6925, .T. ) ;
#3647 = LINE ( 'NONE', #7561, #6202 ) ;
#3648 = AXIS2_PLACEMENT_3D ( 'NONE', #4299, #168, #4923 ) ;
#3649 = CARTESIAN_POINT ( 'NONE',  ( -0.3749999999999996669, 0.000000000000000000, -1.225000000000000311 ) ) ;
#3650 = DIRECTION ( 'NONE',  ( -1.000000000000000000, 0.000000000000000000, 2.365532012695651739E-15 ) ) ;
#3651 = ADVANCED_FACE ( 'NONE', ( #7799 ), #2609, .T. ) ;
#3652 = ADVANCED_FACE ( 'NONE', ( #2527 ), #5070, .F. ) ;
#3653 = ORIENTED_EDGE ( 'NONE', *, *, #6308, .F. ) ;
#3654 = ORIENTED_EDGE ( 'NONE', *, *, #3891, .F. ) ;
#3655 = ORIENTED_EDGE ( 'NONE', *, *, #7431, .F. ) ;
#3656 = EDGE_CURVE ( 'NONE', #7150, #983, #7782, .T. ) ;
#3657 = EDGE_CURVE ( 'NONE', #869, #6412, #45, .T. ) ;
#3658 = PLANE ( 'NONE',  #5864 ) ;
#3659 = DIRECTION ( 'NONE',  ( -0.000000000000000000, -0.000000000000000000, 1.000000000000000000 ) ) ;
#3660 = DIRECTION ( 'NONE',  ( -1.000000000000000000, 0.000000000000000000, 0.000000000000000000 ) ) ;
#3661 = LINE ( 'NONE', #5010, #3783 ) ;
#3662 = PRODUCT_DEFINITION_FORMATION_WITH_SPECIFIED_SOURCE ( 'ANY', '', #3579, .NOT_KNOWN. ) ;
#3663 = DIRECTION ( 'NONE',  ( 0.000000000000000000, 0.000000000000000000, -1.000000000000000000 ) ) ;
#3664 = ORIENTED_EDGE ( 'NONE', *, *, #5186, .T. ) ;
#3665 = DIRECTION ( 'NONE',  ( 0.000000000000000000, 0.000000000000000000, -1.000000000000000000 ) ) ;
#3666 = ORIENTED_EDGE ( 'NONE', *, *, #4775, .F. ) ;
#3667 = ORIENTED_EDGE ( 'NONE', *, *, #3645, .T. ) ;
#3668 = LINE ( 'NONE', #7104, #5987 ) ;
#3669 =( LENGTH_UNIT ( ) NAMED_UNIT ( * ) SI_UNIT ( .MILLI., .METRE. ) );
#3670 = ORIENTED_EDGE ( 'NONE', *, *, #2042, .T. ) ;
#3671 = CARTESIAN_POINT ( 'NONE',  ( -0.2499999999999995837, 0.1000000000000000056, 1.225000000000000311 ) ) ;
#3672 = LINE ( 'NONE', #5376, #1080 ) ;
#3673 = VERTEX_POINT ( 'NONE', #6364 ) ;
#3674 = EDGE_LOOP ( 'NONE', ( #7752, #6513, #4002, #2215 ) ) ;
#3675 = ADVANCED_FACE ( 'NONE', ( #2537 ), #2137, .F. ) ;
#3676 = DIRECTION ( 'NONE',  ( 1.000000000000000000, -0.000000000000000000, -7.228014483236695816E-17 ) ) ;
#3677 = CARTESIAN_POINT ( 'NONE',  ( 0.1250000000000003331, 0.09999999999999999167, -1.225000000000000311 ) ) ;
#3678 = EDGE_CURVE ( 'NONE', #3864, #1581, #5268, .T. ) ;
#3679 = CARTESIAN_POINT ( 'NONE',  ( -1.125000000000000222, 0.6999999999999999556, -0.9999999999999995559 ) ) ;
#3680 = ORIENTED_EDGE ( 'NONE', *, *, #101, .T. ) ;
#3681 = LINE ( 'NONE', #2991, #6519 ) ;
#3682 = ORIENTED_EDGE ( 'NONE', *, *, #1761, .T. ) ;
#3683 = CARTESIAN_POINT ( 'NONE',  ( 0.3750000000000008882, 0.04999999999999969746, 1.499999999999999778 ) ) ;
#3684 = CARTESIAN_POINT ( 'NONE',  ( -1.124999999999999112, 0.1000000000000000472, 1.500000000000000222 ) ) ;
#3685 = VERTEX_POINT ( 'NONE', #3921 ) ;
#3686 = AXIS2_PLACEMENT_3D ( 'NONE', #1108, #6104, #7788 ) ;
#3687 = ORIENTED_EDGE ( 'NONE', *, *, #4914, .F. ) ;
#3688 = EDGE_LOOP ( 'NONE', ( #1654, #2231, #3252, #2733 ) ) ;
#3689 = PRESENTATION_STYLE_ASSIGNMENT (( #5321 ) ) ;
#3690 = CARTESIAN_POINT ( 'NONE',  ( 1.224999999999999423, 0.09999999999999999167, -0.1250000000000001110 ) ) ;
#3691 = EDGE_CURVE ( 'NONE', #2252, #6902, #86, .T. ) ;
#3692 = ORIENTED_EDGE ( 'NONE', *, *, #130, .T. ) ;
#3693 = ORIENTED_EDGE ( 'NONE', *, *, #7777, .T. ) ;
#3694 = DIRECTION ( 'NONE',  ( -0.000000000000000000, -1.000000000000000000, -0.000000000000000000 ) ) ;
#3695 = DIRECTION ( 'NONE',  ( -0.000000000000000000, -1.000000000000000000, -0.000000000000000000 ) ) ;
#3696 = VERTEX_POINT ( 'NONE', #7592 ) ;
#3697 = DIRECTION ( 'NONE',  ( 0.000000000000000000, -1.000000000000000000, 0.000000000000000000 ) ) ;
#3698 = VERTEX_POINT ( 'NONE', #6247 ) ;
#3699 = ORIENTED_EDGE ( 'NONE', *, *, #3891, .T. ) ;
#3700 = CARTESIAN_POINT ( 'NONE',  ( -1.125000000000000222, 0.8000000000000000444, -1.125000000000000000 ) ) ;
#3701 = SURFACE_STYLE_USAGE ( .BOTH. , #5399 ) ;
#3702 = ORIENTED_EDGE ( 'NONE', *, *, #742, .F. ) ;
#3703 = VERTEX_POINT ( 'NONE', #809 ) ;
#3704 = ADVANCED_FACE ( 'NONE', ( #2490 ), #5817, .F. ) ;
#3705 = VERTEX_POINT ( 'NONE', #1426 ) ;
#3706 = VECTOR ( 'NONE', #6667, 1000.000000000000000 ) ;
#3707 = DIRECTION ( 'NONE',  ( 1.000000000000000000, -0.000000000000000000, 0.000000000000000000 ) ) ;
#3708 = CARTESIAN_POINT ( 'NONE',  ( 1.299999999999999600, 0.6303300858899107961, -1.499999999999999778 ) ) ;
#3709 = ORIENTED_EDGE ( 'NONE', *, *, #169, .F. ) ;
#3710 = VERTEX_POINT ( 'NONE', #2623 ) ;
#3711 = SHAPE_DEFINITION_REPRESENTATION ( #3728, #2705 ) ;
#3712 = VERTEX_POINT ( 'NONE', #3184 ) ;
#3713 = ORIENTED_EDGE ( 'NONE', *, *, #893, .F. ) ;
#3714 = STYLED_ITEM ( 'NONE', ( #2536 ), #6870 ) ;
#3715 = DIRECTION ( 'NONE',  ( 0.000000000000000000, -1.000000000000000000, 0.000000000000000000 ) ) ;
#3716 = CARTESIAN_POINT ( 'NONE',  ( 1.499999999999999556, 0.05000000000000000278, 1.499999999999999778 ) ) ;
#3717 = CARTESIAN_POINT ( 'NONE',  ( 1.299999999999999600, 0.09999999999999999167, 1.299999999999999822 ) ) ;
#3718 = DIRECTION ( 'NONE',  ( 0.000000000000000000, 1.000000000000000000, 0.000000000000000000 ) ) ;
#3719 = MECHANICAL_DESIGN_GEOMETRIC_PRESENTATION_REPRESENTATION (  '', ( #4533 ), #5148 ) ;
#3720 = EDGE_CURVE ( 'NONE', #1592, #7468, #7748, .T. ) ;
#3721 = CARTESIAN_POINT ( 'NONE',  ( 1.499999999999999556, 0.05000000000000000278, 1.499999999999999778 ) ) ;
#3722 = ORIENTED_EDGE ( 'NONE', *, *, #1050, .F. ) ;
#3723 = DIRECTION ( 'NONE',  ( -0.000000000000000000, -1.000000000000000000, -0.000000000000000000 ) ) ;
#3724 = ORIENTED_EDGE ( 'NONE', *, *, #6679, .F. ) ;
#3725 = ORIENTED_EDGE ( 'NONE', *, *, #2680, .F. ) ;
#3726 = VECTOR ( 'NONE', #7666, 1000.000000000000000 ) ;
#3727 = CARTESIAN_POINT ( 'NONE',  ( 1.299999999999999600, 0.6303300858899107961, 1.499999999999999778 ) ) ;
#3728 = PRODUCT_DEFINITION_SHAPE ( 'NONE', 'NONE',  #1610 ) ;
#3729 = EDGE_CURVE ( 'NONE', #7347, #928, #2500, .T. ) ;
#3730 = ADVANCED_FACE ( 'NONE', ( #7281 ), #2237, .T. ) ;
#3731 = PLANE ( 'NONE',  #6178 ) ;
#3732 = VERTEX_POINT ( 'NONE', #2724 ) ;
#3733 = DIRECTION ( 'NONE',  ( -1.000000000000000000, 0.000000000000000000, -0.000000000000000000 ) ) ;
#3734 = CARTESIAN_POINT ( 'NONE',  ( -1.124999999999999112, 0.09999999999999999167, -1.500000000000000222 ) ) ;
#3735 = VERTEX_POINT ( 'NONE', #3284 ) ;
#3736 = ORIENTED_EDGE ( 'NONE', *, *, #6194, .F. ) ;
#3737 = CARTESIAN_POINT ( 'NONE',  ( -0.1250000000000001110, 0.09999999999999999167, -1.225000000000000311 ) ) ;
#3738 = ORIENTED_EDGE ( 'NONE', *, *, #5105, .T. ) ;
#3739 = VECTOR ( 'NONE', #5824, 1000.000000000000000 ) ;
#3740 = ORIENTED_EDGE ( 'NONE', *, *, #6694, .T. ) ;
#3741 = CARTESIAN_POINT ( 'NONE',  ( -0.7499999999999997780, 0.1000000000000000056, -1.224999999999999867 ) ) ;
#3742 = LINE ( 'NONE', #2422, #6363 ) ;
#3743 = CARTESIAN_POINT ( 'NONE',  ( 0.3750000000000008882, 0.09999999999999999167, 1.499999999999999778 ) ) ;
#3744 = PLANE ( 'NONE',  #150 ) ;
#3745 = ORIENTED_EDGE ( 'NONE', *, *, #6590, .T. ) ;
#3746 = EDGE_CURVE ( 'NONE', #928, #6511, #2038, .T. ) ;
#3747 = FACE_OUTER_BOUND ( 'NONE', #4355, .T. ) ;
#3748 = VERTEX_POINT ( 'NONE', #2769 ) ;
#3749 = STYLED_ITEM ( 'NONE', ( #826 ), #2093 ) ;
#3750 = EDGE_LOOP ( 'NONE', ( #3537, #1759, #3261, #6333 ) ) ;
#3751 = ADVANCED_FACE ( 'NONE', ( #2214 ), #328, .F. ) ;
#3752 = AXIS2_PLACEMENT_3D ( 'NONE', #4563, #6972, #2084 ) ;
#3753 = DIRECTION ( 'NONE',  ( 0.000000000000000000, 0.000000000000000000, -1.000000000000000000 ) ) ;
#3754 = VERTEX_POINT ( 'NONE', #6595 ) ;
#3755 = VECTOR ( 'NONE', #2414, 1000.000000000000000 ) ;
#3756 = EDGE_CURVE ( 'NONE', #6362, #79, #7258, .T. ) ;
#3757 = ORIENTED_EDGE ( 'NONE', *, *, #7096, .T. ) ;
#3758 = CARTESIAN_POINT ( 'NONE',  ( -1.500000000000000000, 0.5716990566028299359, -0.3749999999999991673 ) ) ;
#3759 = DIRECTION ( 'NONE',  ( 0.000000000000000000, -1.000000000000000000, 0.000000000000000000 ) ) ;
#3760 = DIRECTION ( 'NONE',  ( 1.000000000000000000, -0.000000000000000000, 1.577021341797098201E-15 ) ) ;
#3761 = ORIENTED_EDGE ( 'NONE', *, *, #2526, .F. ) ;
#3762 = VERTEX_POINT ( 'NONE', #7770 ) ;
#3763 = ORIENTED_EDGE ( 'NONE', *, *, #1816, .F. ) ;
#3764 = DIRECTION ( 'NONE',  ( 1.000000000000000000, 0.000000000000000000, 0.000000000000000000 ) ) ;
#3765 = DIRECTION ( 'NONE',  ( 0.000000000000000000, 1.000000000000000000, 0.000000000000000000 ) ) ;
#3766 = AXIS2_PLACEMENT_3D ( 'NONE', #323, #1422, #4607 ) ;
#3767 = FACE_OUTER_BOUND ( 'NONE', #994, .T. ) ;
#3768 = CARTESIAN_POINT ( 'NONE',  ( -0.7499999999999995559, 0.1000000000000000056, 1.225000000000000311 ) ) ;
#3769 = VERTEX_POINT ( 'NONE', #5865 ) ;
#3770 = VECTOR ( 'NONE', #6544, 1000.000000000000000 ) ;
#3771 = EDGE_LOOP ( 'NONE', ( #5966, #4711, #7309, #6959 ) ) ;
#3772 = VECTOR ( 'NONE', #7798, 1000.000000000000000 ) ;
#3773 = CARTESIAN_POINT ( 'NONE',  ( -1.224999999999999423, 0.000000000000000000, -0.3749999999999992228 ) ) ;
#3774 = EDGE_CURVE ( 'NONE', #6942, #3673, #2229, .T. ) ;
#3775 = EDGE_CURVE ( 'NONE', #1550, #6445, #7406, .T. ) ;
#3776 = CARTESIAN_POINT ( 'NONE',  ( -1.224999999999999645, 0.09999999999999999167, -1.125000000000000222 ) ) ;
#3777 = ORIENTED_EDGE ( 'NONE', *, *, #2165, .F. ) ;
#3778 = ORIENTED_EDGE ( 'NONE', *, *, #2059, .T. ) ;
#3779 = ORIENTED_EDGE ( 'NONE', *, *, #1437, .F. ) ;
#3780 = DIRECTION ( 'NONE',  ( 1.000000000000000000, 0.000000000000000000, 0.000000000000000000 ) ) ;
#3781 = CARTESIAN_POINT ( 'NONE',  ( -0.8749999999999994449, 0.09999999999999999167, -1.500000000000000222 ) ) ;
#3782 =( NAMED_UNIT ( * ) PLANE_ANGLE_UNIT ( ) SI_UNIT ( $, .RADIAN. ) );
#3783 = VECTOR ( 'NONE', #1274, 1000.000000000000000 ) ;
#3784 =( NAMED_UNIT ( * ) SI_UNIT ( $, .STERADIAN. ) SOLID_ANGLE_UNIT ( ) );
#3785 = FILL_AREA_STYLE_COLOUR ( '', #7116 ) ;
#3786 = DIRECTION ( 'NONE',  ( -0.000000000000000000, -1.000000000000000000, -0.000000000000000000 ) ) ;
#3787 = ORIENTED_EDGE ( 'NONE', *, *, #2683, .T. ) ;
#3788 = CARTESIAN_POINT ( 'NONE',  ( 1.224999999999999423, 0.09999999999999999167, 0.8749999999999998890 ) ) ;
#3789 = LINE ( 'NONE', #612, #3755 ) ;
#3790 = ADVANCED_FACE ( 'NONE', ( #4748 ), #7198, .F. ) ;
#3791 = ORIENTED_EDGE ( 'NONE', *, *, #5581, .T. ) ;
#3792 = CIRCLE ( 'NONE', #5171, 0.1249999999999998890 ) ;
#3793 = DIRECTION ( 'NONE',  ( 1.000000000000000000, 0.000000000000000000, -0.000000000000000000 ) ) ;
#3794 = DIRECTION ( 'NONE',  ( 1.577021341797098398E-15, 0.000000000000000000, -1.000000000000000000 ) ) ;
#3795 = EDGE_CURVE ( 'NONE', #270, #3955, #7420, .T. ) ;
#3796 = CARTESIAN_POINT ( 'NONE',  ( -0.2499999999999997780, 0.05000000000000000278, -1.224999999999999867 ) ) ;
#3797 = VERTEX_POINT ( 'NONE', #4866 ) ;
#3798 = CARTESIAN_POINT ( 'NONE',  ( 1.299999999999999600, 0.1000000000000000472, 1.499999999999999778 ) ) ;
#3799 = CARTESIAN_POINT ( 'NONE',  ( 1.224999999999999423, 0.5716990566028299359, -0.6250000000000001110 ) ) ;
#3800 = ORIENTED_EDGE ( 'NONE', *, *, #1976, .F. ) ;
#3801 = ORIENTED_EDGE ( 'NONE', *, *, #4544, .T. ) ;
#3802 = APPLICATION_PROTOCOL_DEFINITION ( 'draft international standard', 'automotive_design', 1998, #6120 ) ;
#3803 = FACE_OUTER_BOUND ( 'NONE', #4076, .T. ) ;
#3804 = DIRECTION ( 'NONE',  ( 0.000000000000000000, -1.000000000000000000, 0.000000000000000000 ) ) ;
#3805 = VERTEX_POINT ( 'NONE', #1138 ) ;
#3806 = VECTOR ( 'NONE', #4727, 1000.000000000000000 ) ;
#3807 = MECHANICAL_DESIGN_GEOMETRIC_PRESENTATION_REPRESENTATION (  '', ( #5044 ), #5547 ) ;
#3808 = ORIENTED_EDGE ( 'NONE', *, *, #7544, .T. ) ;
#3809 = DIRECTION ( 'NONE',  ( 0.000000000000000000, 0.000000000000000000, -1.000000000000000000 ) ) ;
#3810 = FACE_OUTER_BOUND ( 'NONE', #2786, .T. ) ;
#3811 = DIRECTION ( 'NONE',  ( 0.000000000000000000, 1.000000000000000000, 0.000000000000000000 ) ) ;
#3812 = DIRECTION ( 'NONE',  ( -2.365532012695651345E-15, 0.000000000000000000, -1.000000000000000000 ) ) ;
#3813 = CARTESIAN_POINT ( 'NONE',  ( 1.225000000000000089, 0.09999999999999999167, -1.225000000000000311 ) ) ;
#3814 = ADVANCED_FACE ( 'NONE', ( #2250 ), #5965, .F. ) ;
#3815 = ADVANCED_FACE ( 'NONE', ( #4761 ), #1735, .F. ) ;
#3816 = ORIENTED_EDGE ( 'NONE', *, *, #7818, .T. ) ;
#3817 = EDGE_CURVE ( 'NONE', #4097, #457, #7467, .T. ) ;
#3818 = ORIENTED_EDGE ( 'NONE', *, *, #1769, .F. ) ;
#3819 = ORIENTED_EDGE ( 'NONE', *, *, #5068, .F. ) ;
#3820 = VECTOR ( 'NONE', #1931, 1000.000000000000000 ) ;
#3821 = ORIENTED_EDGE ( 'NONE', *, *, #5509, .F. ) ;
#3822 = FACE_OUTER_BOUND ( 'NONE', #4700, .T. ) ;
#3823 = ORIENTED_EDGE ( 'NONE', *, *, #4970, .T. ) ;
#3824 = DIRECTION ( 'NONE',  ( 0.000000000000000000, 1.000000000000000000, 0.000000000000000000 ) ) ;
#3825 = CARTESIAN_POINT ( 'NONE',  ( -1.125000000000000222, 0.8000000000000000444, -0.9999999999999995559 ) ) ;
#3826 = EDGE_LOOP ( 'NONE', ( #6745, #6064, #980, #633 ) ) ;
#3827 = DIRECTION ( 'NONE',  ( 0.000000000000000000, 0.000000000000000000, -1.000000000000000000 ) ) ;
#3828 = ORIENTED_EDGE ( 'NONE', *, *, #2384, .F. ) ;
#3829 = EDGE_LOOP ( 'NONE', ( #5261, #6948, #1580, #1644 ) ) ;
#3830 = CARTESIAN_POINT ( 'NONE',  ( -0.7499999999999997780, 0.1000000000000000056, -1.224999999999999867 ) ) ;
#3831 = CIRCLE ( 'NONE', #4347, 0.1250000000000003331 ) ;
#3832 = DIRECTION ( 'NONE',  ( -1.000000000000000000, 0.000000000000000000, 0.000000000000000000 ) ) ;
#3833 = ORIENTED_EDGE ( 'NONE', *, *, #4064, .T. ) ;
#3834 = LINE ( 'NONE', #1819, #1100 ) ;
#3835 = ORIENTED_EDGE ( 'NONE', *, *, #4684, .F. ) ;
#3836 = FACE_OUTER_BOUND ( 'NONE', #6563, .T. ) ;
#3837 = DIRECTION ( 'NONE',  ( -0.7071067811865515695, -0.000000000000000000, 0.7071067811865435759 ) ) ;
#3838 = PLANE ( 'NONE',  #2871 ) ;
#3839 = AXIS2_PLACEMENT_3D ( 'NONE', #4528, #5736, #7611 ) ;
#3840 = EDGE_CURVE ( 'NONE', #3221, #7125, #7216, .T. ) ;
#3841 = EDGE_LOOP ( 'NONE', ( #6476, #1855, #4523, #954 ) ) ;
#3842 = VECTOR ( 'NONE', #4214, 1000.000000000000000 ) ;
#3843 = ORIENTED_EDGE ( 'NONE', *, *, #1085, .T. ) ;
#3844 = ORIENTED_EDGE ( 'NONE', *, *, #6940, .T. ) ;
#3845 = DIRECTION ( 'NONE',  ( -0.000000000000000000, 0.000000000000000000, 1.000000000000000000 ) ) ;
#3846 = CARTESIAN_POINT ( 'NONE',  ( -0.7499999999999995559, 0.1000000000000000056, 1.225000000000000311 ) ) ;
#3847 = CARTESIAN_POINT ( 'NONE',  ( 0.3750000000000003331, 0.1000000000000000056, 1.225000000000000311 ) ) ;
#3848 = LINE ( 'NONE', #5976, #6237 ) ;
#3849 = CARTESIAN_POINT ( 'NONE',  ( 1.224999999999999423, 0.000000000000000000, -0.2499999999999996669 ) ) ;
#3850 = EDGE_CURVE ( 'NONE', #3325, #2831, #4590, .T. ) ;
#3851 = CARTESIAN_POINT ( 'NONE',  ( 1.299999999999999600, 0.000000000000000000, 1.299999999999999822 ) ) ;
#3852 = ORIENTED_EDGE ( 'NONE', *, *, #4755, .F. ) ;
#3853 = DIRECTION ( 'NONE',  ( 0.000000000000000000, 0.000000000000000000, -1.000000000000000000 ) ) ;
#3854 = EDGE_LOOP ( 'NONE', ( #1099, #4330, #1159, #3722 ) ) ;
#3855 = ORIENTED_EDGE ( 'NONE', *, *, #7130, .T. ) ;
#3856 = VECTOR ( 'NONE', #4269, 1000.000000000000000 ) ;
#3857 = CARTESIAN_POINT ( 'NONE',  ( 0.6250000000000008882, 0.09999999999999999167, 1.500000000000000222 ) ) ;
#3858 = EDGE_LOOP ( 'NONE', ( #737, #1219, #965, #2937 ) ) ;
#3859 = CARTESIAN_POINT ( 'NONE',  ( -1.124999999999999112, 0.09999999999999999167, 1.500000000000000222 ) ) ;
#3860 = LINE ( 'NONE', #1122, #6400 ) ;
#3861 = ORIENTED_EDGE ( 'NONE', *, *, #169, .T. ) ;
#3862 = VERTEX_POINT ( 'NONE', #1838 ) ;
#3863 = AXIS2_PLACEMENT_3D ( 'NONE', #1770, #4211, #2432 ) ;
#3864 = VERTEX_POINT ( 'NONE', #3131 ) ;
#3865 = EDGE_CURVE ( 'NONE', #3922, #3710, #2239, .T. ) ;
#3866 = ORIENTED_EDGE ( 'NONE', *, *, #2535, .T. ) ;
#3867 = ADVANCED_FACE ( 'NONE', ( #4633 ), #5421, .F. ) ;
#3868 = ORIENTED_EDGE ( 'NONE', *, *, #3501, .T. ) ;
#3869 = LINE ( 'NONE', #5626, #6580 ) ;
#3870 = DIRECTION ( 'NONE',  ( 0.000000000000000000, 0.000000000000000000, 1.000000000000000000 ) ) ;
#3871 = STYLED_ITEM ( 'NONE', ( #3158 ), #1768 ) ;
#3872 = EDGE_LOOP ( 'NONE', ( #5296, #7806, #7095, #2763 ) ) ;
#3873 = ORIENTED_EDGE ( 'NONE', *, *, #1085, .F. ) ;
#3874 = ORIENTED_EDGE ( 'NONE', *, *, #1865, .F. ) ;
#3875 = CYLINDRICAL_SURFACE ( 'NONE', #3863, 0.1249999999999998890 ) ;
#3876 = ORIENTED_EDGE ( 'NONE', *, *, #3507, .F. ) ;
#3877 = LINE ( 'NONE', #4188, #3770 ) ;
#3878 = ORIENTED_EDGE ( 'NONE', *, *, #360, .T. ) ;
#3879 = FACE_OUTER_BOUND ( 'NONE', #6071, .T. ) ;
#3880 = EDGE_CURVE ( 'NONE', #6154, #2277, #4832, .T. ) ;
#3881 = ADVANCED_FACE ( 'NONE', ( #4848 ), #592, .F. ) ;
#3882 = DIRECTION ( 'NONE',  ( 0.000000000000000000, -1.000000000000000000, 0.000000000000000000 ) ) ;
#3883 = CARTESIAN_POINT ( 'NONE',  ( -1.299999999999999156, 0.6303300858899107961, -1.300000000000000266 ) ) ;
#3884 = ORIENTED_EDGE ( 'NONE', *, *, #2305, .T. ) ;
#3885 = CARTESIAN_POINT ( 'NONE',  ( 1.500000000000000000, 0.09999999999999999167, 0.8749999999999998890 ) ) ;
#3886 = ORIENTED_EDGE ( 'NONE', *, *, #5792, .F. ) ;
#3887 = ORIENTED_EDGE ( 'NONE', *, *, #7532, .T. ) ;
#3888 = CARTESIAN_POINT ( 'NONE',  ( -1.124999999999999112, 0.04999999999999971134, 1.500000000000000222 ) ) ;
#3889 = VECTOR ( 'NONE', #6103, 1000.000000000000000 ) ;
#3890 = EDGE_CURVE ( 'NONE', #3935, #889, #7476, .T. ) ;
#3891 = EDGE_CURVE ( 'NONE', #4354, #6296, #2189, .T. ) ;
#3892 = CARTESIAN_POINT ( 'NONE',  ( 0.3749999999999970024, 0.05000000000000000278, 8.870745047608624503E-16 ) ) ;
#3893 = ORIENTED_EDGE ( 'NONE', *, *, #5615, .T. ) ;
#3894 = EDGE_LOOP ( 'NONE', ( #4995, #4572, #7458, #7512 ) ) ;
#3895 = ORIENTED_EDGE ( 'NONE', *, *, #2725, .T. ) ;
#3896 = VECTOR ( 'NONE', #7167, 1000.000000000000000 ) ;
#3897 = DIRECTION ( 'NONE',  ( 0.000000000000000000, 0.000000000000000000, -1.000000000000000000 ) ) ;
#3898 = CARTESIAN_POINT ( 'NONE',  ( -0.6249999999999991118, 0.5716990566028304910, 1.499999999999999778 ) ) ;
#3899 = ORIENTED_EDGE ( 'NONE', *, *, #1267, .T. ) ;
#3900 = ORIENTED_EDGE ( 'NONE', *, *, #6783, .T. ) ;
#3901 = VERTEX_POINT ( 'NONE', #4847 ) ;
#3902 = CARTESIAN_POINT ( 'NONE',  ( -1.224999999999999423, 0.09999999999999999167, -0.3749999999999992228 ) ) ;
#3903 = DIRECTION ( 'NONE',  ( 0.000000000000000000, 0.000000000000000000, 1.000000000000000000 ) ) ;
#3904 = CARTESIAN_POINT ( 'NONE',  ( -0.8749999999999996669, 0.000000000000000000, -1.225000000000000311 ) ) ;
#3905 = VECTOR ( 'NONE', #3611, 1000.000000000000000 ) ;
#3906 = DIRECTION ( 'NONE',  ( 0.000000000000000000, 1.000000000000000000, 0.000000000000000000 ) ) ;
#3907 = EDGE_CURVE ( 'NONE', #3805, #1027, #2162, .T. ) ;
#3908 = ORIENTED_EDGE ( 'NONE', *, *, #5880, .F. ) ;
#3909 = CARTESIAN_POINT ( 'NONE',  ( -1.224999999999999423, 0.5716990566028299359, -0.3749999999999992228 ) ) ;
#3910 = EDGE_LOOP ( 'NONE', ( #6249, #4733, #3543, #4762 ) ) ;
#3911 = ORIENTED_EDGE ( 'NONE', *, *, #906, .T. ) ;
#3912 = LINE ( 'NONE', #575, #3896 ) ;
#3913 = DIRECTION ( 'NONE',  ( 0.000000000000000000, -1.000000000000000000, 0.000000000000000000 ) ) ;
#3914 = VERTEX_POINT ( 'NONE', #3037 ) ;
#3915 = CARTESIAN_POINT ( 'NONE',  ( 0.000000000000000000, 0.05000000000000000278, -1.300000000000000266 ) ) ;
#3916 = DIRECTION ( 'NONE',  ( 1.000000000000000000, 0.000000000000000000, 0.000000000000000000 ) ) ;
#3917 = FILL_AREA_STYLE ('',( #3235 ) ) ;
#3918 = VERTEX_POINT ( 'NONE', #1368 ) ;
#3919 = ORIENTED_EDGE ( 'NONE', *, *, #7728, .T. ) ;
#3920 = VECTOR ( 'NONE', #5363, 1000.000000000000000 ) ;
#3921 = CARTESIAN_POINT ( 'NONE',  ( 1.499999999999999556, 0.1000000000000000472, -1.124999999999999778 ) ) ;
#3922 = VERTEX_POINT ( 'NONE', #6685 ) ;
#3923 = FACE_OUTER_BOUND ( 'NONE', #2041, .T. ) ;
#3924 = EDGE_CURVE ( 'NONE', #3622, #4578, #4772, .T. ) ;
#3925 = ORIENTED_EDGE ( 'NONE', *, *, #32, .T. ) ;
#3926 = VECTOR ( 'NONE', #2401, 1000.000000000000000 ) ;
#3927 = CARTESIAN_POINT ( 'NONE',  ( -0.1249999999999994588, 0.000000000000000000, -1.499999999999999778 ) ) ;
#3928 = VERTEX_POINT ( 'NONE', #3677 ) ;
#3929 = CLOSED_SHELL ( 'NONE', ( #5016, #4745, #7538, #230, #5690, #2949 ) ) ;
#3930 = ORIENTED_EDGE ( 'NONE', *, *, #4913, .T. ) ;
#3931 = FACE_OUTER_BOUND ( 'NONE', #6201, .T. ) ;
#3932 = ORIENTED_EDGE ( 'NONE', *, *, #1264, .T. ) ;
#3933 = LINE ( 'NONE', #829, #6784 ) ;
#3934 = ADVANCED_FACE ( 'NONE', ( #4604 ), #7233, .F. ) ;
#3935 = VERTEX_POINT ( 'NONE', #3737 ) ;
#3936 = VECTOR ( 'NONE', #5929, 1000.000000000000000 ) ;
#3937 = CARTESIAN_POINT ( 'NONE',  ( -1.500000000000000000, 0.000000000000000000, 0.8749999999999998890 ) ) ;
#3938 = DIRECTION ( 'NONE',  ( -0.000000000000000000, -1.000000000000000000, -0.000000000000000000 ) ) ;
#3939 = DIRECTION ( 'NONE',  ( -0.000000000000000000, -1.000000000000000000, -0.000000000000000000 ) ) ;
#3940 = EDGE_LOOP ( 'NONE', ( #1497, #2600, #1525, #1261 ) ) ;
#3941 = ORIENTED_EDGE ( 'NONE', *, *, #6277, .F. ) ;
#3942 = VERTEX_POINT ( 'NONE', #3608 ) ;
#3943 = CARTESIAN_POINT ( 'NONE',  ( 1.499999999999999556, 0.05000000000000000278, 1.499999999999999778 ) ) ;
#3944 = LINE ( 'NONE', #794, #3962 ) ;
#3945 = AXIS2_PLACEMENT_3D ( 'NONE', #1954, #1887, #3853 ) ;
#3946 = DIRECTION ( 'NONE',  ( 0.000000000000000000, 0.000000000000000000, 1.000000000000000000 ) ) ;
#3947 = EDGE_LOOP ( 'NONE', ( #1399, #1107, #2506, #5178 ) ) ;
#3948 = EDGE_CURVE ( 'NONE', #2217, #4294, #7435, .T. ) ;
#3949 = LINE ( 'NONE', #3466, #6757 ) ;
#3950 = ORIENTED_EDGE ( 'NONE', *, *, #4174, .T. ) ;
#3951 = LINE ( 'NONE', #448, #3772 ) ;
#3952 = CARTESIAN_POINT ( 'NONE',  ( -1.224999999999999645, 0.05000000000000001665, -1.125000000000000222 ) ) ;
#3953 = PLANE ( 'NONE',  #6807 ) ;
#3954 = ADVANCED_FACE ( 'NONE', ( #4818 ), #1961, .F. ) ;
#3955 = VERTEX_POINT ( 'NONE', #5377 ) ;
#3956 = EDGE_CURVE ( 'NONE', #6686, #5460, #2027, .T. ) ;
#3957 = ORIENTED_EDGE ( 'NONE', *, *, #3986, .T. ) ;
#3958 = PRESENTATION_LAYER_ASSIGNMENT (  '', '', ( #7205 ) ) ;
#3959 = EDGE_LOOP ( 'NONE', ( #3833, #7162, #3606, #4287, #1265 ) ) ;
#3960 = DIRECTION ( 'NONE',  ( 1.000000000000000000, 0.000000000000000000, 3.942553354492735642E-16 ) ) ;
#3961 = CARTESIAN_POINT ( 'NONE',  ( -1.299999999999999156, 0.1000000000000000472, -1.300000000000000266 ) ) ;
#3962 = VECTOR ( 'NONE', #3660, 1000.000000000000000 ) ;
#3963 = CARTESIAN_POINT ( 'NONE',  ( 1.500000000000000000, 0.04999999999999969746, -0.6250000000000001110 ) ) ;
#3964 = VERTEX_POINT ( 'NONE', #5466 ) ;
#3965 = VECTOR ( 'NONE', #7563, 1000.000000000000000 ) ;
#3966 = ORIENTED_EDGE ( 'NONE', *, *, #4379, .T. ) ;
#3967 = LINE ( 'NONE', #3040, #1425 ) ;
#3968 = DIRECTION ( 'NONE',  ( -0.000000000000000000, -1.000000000000000000, -0.000000000000000000 ) ) ;
#3969 = AXIS2_PLACEMENT_3D ( 'NONE', #637, #3542, #1957 ) ;
#3970 = PLANE ( 'NONE',  #308 ) ;
#3971 = EDGE_LOOP ( 'NONE', ( #4220, #6394, #6303, #4769, #6463, #1791, #530 ) ) ;
#3972 = CARTESIAN_POINT ( 'NONE',  ( 0.2500000000000004441, 0.5716990566028304910, 1.100000000000000533 ) ) ;
#3973 = DIRECTION ( 'NONE',  ( 0.000000000000000000, -1.000000000000000000, 0.000000000000000000 ) ) ;
#3974 = ORIENTED_EDGE ( 'NONE', *, *, #3090, .T. ) ;
#3975 = ORIENTED_EDGE ( 'NONE', *, *, #1717, .F. ) ;
#3976 = EDGE_CURVE ( 'NONE', #3105, #1978, #4648, .T. ) ;
#3977 = AXIS2_PLACEMENT_3D ( 'NONE', #7830, #2434, #1241 ) ;
#3978 = LINE ( 'NONE', #6444, #1500 ) ;
#3979 = CARTESIAN_POINT ( 'NONE',  ( -1.224999999999999423, 0.09999999999999999167, 0.1250000000000007494 ) ) ;
#3980 = ORIENTED_EDGE ( 'NONE', *, *, #2960, .F. ) ;
#3981 = VECTOR ( 'NONE', #5407, 1000.000000000000000 ) ;
#3982 = ORIENTED_EDGE ( 'NONE', *, *, #3061, .F. ) ;
#3983 = LINE ( 'NONE', #5748, #3726 ) ;
#3984 = CARTESIAN_POINT ( 'NONE',  ( 0.8749999999999973355, 0.05000000000000000278, -2.069840511108689207E-15 ) ) ;
#3985 = AXIS2_PLACEMENT_3D ( 'NONE', #483, #3032, #3733 ) ;
#3986 = EDGE_CURVE ( 'NONE', #7347, #880, #4802, .T. ) ;
#3987 = DIRECTION ( 'NONE',  ( 0.000000000000000000, 0.000000000000000000, 1.000000000000000000 ) ) ;
#3988 = ORIENTED_EDGE ( 'NONE', *, *, #3976, .F. ) ;
#3989 = VERTEX_POINT ( 'NONE', #5038 ) ;
#3990 = VECTOR ( 'NONE', #5885, 1000.000000000000000 ) ;
#3991 = EDGE_CURVE ( 'NONE', #91, #4570, #1990, .T. ) ;
#3992 = DIRECTION ( 'NONE',  ( 0.000000000000000000, 0.000000000000000000, 1.000000000000000000 ) ) ;
#3993 = LINE ( 'NONE', #3532, #3981 ) ;
#3994 = VERTEX_POINT ( 'NONE', #3549 ) ;
#3995 = LINE ( 'NONE', #473, #1134 ) ;
#3996 = CARTESIAN_POINT ( 'NONE',  ( -1.125000000000000222, 0.8000000000000000444, -1.125000000000000000 ) ) ;
#3997 = EDGE_CURVE ( 'NONE', #6411, #670, #7298, .T. ) ;
#3998 = CARTESIAN_POINT ( 'NONE',  ( -0.2499999999999997780, 0.000000000000000000, -1.224999999999999867 ) ) ;
#3999 = CARTESIAN_POINT ( 'NONE',  ( 1.224999999999999423, 0.000000000000000000, 0.7500000000000003331 ) ) ;
#4000 = CARTESIAN_POINT ( 'NONE',  ( 1.225000000000000089, 0.09999999999999999167, 1.124999999999999778 ) ) ;
#4001 = EDGE_LOOP ( 'NONE', ( #1567, #3778, #844, #3818 ) ) ;
#4002 = ORIENTED_EDGE ( 'NONE', *, *, #6277, .T. ) ;
#4003 = FACE_OUTER_BOUND ( 'NONE', #6310, .T. ) ;
#4004 = DIRECTION ( 'NONE',  ( 0.000000000000000000, 0.000000000000000000, -1.000000000000000000 ) ) ;
#4005 = CARTESIAN_POINT ( 'NONE',  ( -1.224999999999999423, 0.5716990566028299359, 0.3749999999999998890 ) ) ;
#4006 = LINE ( 'NONE', #6209, #4184 ) ;
#4007 = ADVANCED_FACE ( 'NONE', ( #2066 ), #2125, .T. ) ;
#4008 = AXIS2_PLACEMENT_3D ( 'NONE', #3119, #3786, #3663 ) ;
#4009 = ORIENTED_EDGE ( 'NONE', *, *, #5149, .T. ) ;
#4010 = VECTOR ( 'NONE', #1906, 1000.000000000000000 ) ;
#4011 = DIRECTION ( 'NONE',  ( 0.000000000000000000, 0.000000000000000000, -1.000000000000000000 ) ) ;
#4012 = DIRECTION ( 'NONE',  ( -1.000000000000000000, 0.000000000000000000, -2.365532012695651739E-15 ) ) ;
#4013 = VERTEX_POINT ( 'NONE', #7022 ) ;
#4014 = EDGE_CURVE ( 'NONE', #429, #1185, #2080, .T. ) ;
#4015 = ORIENTED_EDGE ( 'NONE', *, *, #5823, .F. ) ;
#4016 = DIRECTION ( 'NONE',  ( 1.000000000000000000, 0.000000000000000000, -1.734723475976807292E-15 ) ) ;
#4017 = CARTESIAN_POINT ( 'NONE',  ( -1.299999999999999156, 0.6303300858899107961, -1.500000000000000222 ) ) ;
#4018 = FACE_OUTER_BOUND ( 'NONE', #6003, .T. ) ;
#4019 =( LENGTH_UNIT ( ) NAMED_UNIT ( * ) SI_UNIT ( .MILLI., .METRE. ) );
#4020 = LINE ( 'NONE', #4000, #4068 ) ;
#4021 = ORIENTED_EDGE ( 'NONE', *, *, #1055, .F. ) ;
#4022 = LINE ( 'NONE', #2556, #1560 ) ;
#4023 = DIRECTION ( 'NONE',  ( 1.000000000000000000, -0.000000000000000000, 1.577021341797098201E-15 ) ) ;
#4024 = ADVANCED_FACE ( 'NONE', ( #7324 ), #3970, .F. ) ;
#4025 = ORIENTED_EDGE ( 'NONE', *, *, #7096, .F. ) ;
#4026 = CARTESIAN_POINT ( 'NONE',  ( -1.224999999999999423, 0.5716990566028299359, 0.6250000000000007772 ) ) ;
#4027 = CARTESIAN_POINT ( 'NONE',  ( 0.1250000000000004441, 0.1000000000000000056, 1.225000000000000311 ) ) ;
#4028 = ORIENTED_EDGE ( 'NONE', *, *, #2989, .F. ) ;
#4029 = FACE_OUTER_BOUND ( 'NONE', #1070, .T. ) ;
#4030 = ORIENTED_EDGE ( 'NONE', *, *, #4914, .T. ) ;
#4031 = VECTOR ( 'NONE', #268, 1000.000000000000000 ) ;
#4032 = CARTESIAN_POINT ( 'NONE',  ( -0.1249999999999996808, 0.1000000000000000056, 1.225000000000000311 ) ) ;
#4033 = DIRECTION ( 'NONE',  ( 0.000000000000000000, -1.000000000000000000, 0.000000000000000000 ) ) ;
#4034 = CARTESIAN_POINT ( 'NONE',  ( 0.6250000000000001110, 0.000000000000000000, -1.225000000000000311 ) ) ;
#4035 = AXIS2_PLACEMENT_3D ( 'NONE', #6389, #1703, #1048 ) ;
#4036 = EDGE_LOOP ( 'NONE', ( #4614, #2950, #1089, #6932 ) ) ;
#4037 = VERTEX_POINT ( 'NONE', #3122 ) ;
#4038 = LINE ( 'NONE', #6390, #3920 ) ;
#4039 = EDGE_CURVE ( 'NONE', #6445, #4502, #2094, .T. ) ;
#4040 = DIRECTION ( 'NONE',  ( -0.000000000000000000, -0.000000000000000000, 1.000000000000000000 ) ) ;
#4041 = VECTOR ( 'NONE', #5642, 1000.000000000000000 ) ;
#4042 = EDGE_LOOP ( 'NONE', ( #7451, #4303, #3843, #7282 ) ) ;
#4043 = CARTESIAN_POINT ( 'NONE',  ( 1.499999999999999556, 0.05000000000000000278, 1.499999999999999778 ) ) ;
#4044 = CARTESIAN_POINT ( 'NONE',  ( 0.7500000000000004441, 0.1000000000000000056, 1.225000000000000311 ) ) ;
#4045 = CARTESIAN_POINT ( 'NONE',  ( 1.124999999999999556, 0.1000000000000002554, -1.500000000000000222 ) ) ;
#4046 = AXIS2_PLACEMENT_3D ( 'NONE', #2995, #6063, #600 ) ;
#4047 = EDGE_LOOP ( 'NONE', ( #4505, #7386, #4753, #4529 ) ) ;
#4048 = ORIENTED_EDGE ( 'NONE', *, *, #2888, .T. ) ;
#4049 = EDGE_CURVE ( 'NONE', #6793, #4313, #7337, .T. ) ;
#4050 = CARTESIAN_POINT ( 'NONE',  ( 0.1250000000000004441, 0.1000000000000000056, 1.225000000000000311 ) ) ;
#4051 = CARTESIAN_POINT ( 'NONE',  ( -1.224999999999999645, 0.6303300858899107961, 1.225000000000000755 ) ) ;
#4052 = CIRCLE ( 'NONE', #4637, 0.1249999999999998890 ) ;
#4053 = CARTESIAN_POINT ( 'NONE',  ( -1.499999999999999112, 0.000000000000000000, 1.300000000000000266 ) ) ;
#4054 = DIRECTION ( 'NONE',  ( 0.000000000000000000, -1.000000000000000000, 0.000000000000000000 ) ) ;
#4055 = EDGE_CURVE ( 'NONE', #4454, #1073, #2108, .T. ) ;
#4056 = CYLINDRICAL_SURFACE ( 'NONE', #3434, 0.1249999999999998890 ) ;
#4057 = ORIENTED_EDGE ( 'NONE', *, *, #3441, .F. ) ;
#4058 = LINE ( 'NONE', #2605, #6623 ) ;
#4059 = MECHANICAL_DESIGN_GEOMETRIC_PRESENTATION_REPRESENTATION (  '', ( #2112 ), #7305 ) ;
#4060 = DIRECTION ( 'NONE',  ( -0.000000000000000000, -1.000000000000000000, -0.000000000000000000 ) ) ;
#4061 = AXIS2_PLACEMENT_3D ( 'NONE', #6764, #7482, #160 ) ;
#4062 = EDGE_LOOP ( 'NONE', ( #6946, #5950, #5818, #6190, #3346, #5364, #1902, #1681, #3198, #19, #988, #903, #7018, #140, #6234, #1841, #3687, #7190, #521, #5898, #3121, #3528, #1028, #706, #5922, #1762, #5936, #3406 ) ) ;
#4063 = ORIENTED_EDGE ( 'NONE', *, *, #4582, .F. ) ;
#4064 = EDGE_CURVE ( 'NONE', #7238, #1074, #7354, .T. ) ;
#4065 = DIRECTION ( 'NONE',  ( 0.000000000000000000, -1.000000000000000000, 0.000000000000000000 ) ) ;
#4066 = VECTOR ( 'NONE', #5567, 1000.000000000000000 ) ;
#4067 =( GEOMETRIC_REPRESENTATION_CONTEXT ( 3 ) GLOBAL_UNCERTAINTY_ASSIGNED_CONTEXT ( ( #7052 ) ) GLOBAL_UNIT_ASSIGNED_CONTEXT ( ( #1813, #5490, #3063 ) ) REPRESENTATION_CONTEXT ( 'NONE', 'WORKASPACE' ) );
#4068 = VECTOR ( 'NONE', #254, 1000.000000000000000 ) ;
#4069 = ORIENTED_EDGE ( 'NONE', *, *, #2459, .F. ) ;
#4070 = EDGE_CURVE ( 'NONE', #1706, #1430, #7366, .T. ) ;
#4071 = AXIS2_PLACEMENT_3D ( 'NONE', #3477, #4163, #4790 ) ;
#4072 = DIRECTION ( 'NONE',  ( -0.000000000000000000, -1.000000000000000000, 0.000000000000000000 ) ) ;
#4073 = ORIENTED_EDGE ( 'NONE', *, *, #5419, .F. ) ;
#4074 = CARTESIAN_POINT ( 'NONE',  ( -1.299999999999999156, 0.09999999999999999167, 1.500000000000000222 ) ) ;
#4075 = DIRECTION ( 'NONE',  ( -0.000000000000000000, -1.000000000000000000, -0.000000000000000000 ) ) ;
#4076 = EDGE_LOOP ( 'NONE', ( #2307, #5887, #6999, #6204 ) ) ;
#4077 = LINE ( 'NONE', #4433, #6516 ) ;
#4078 = CARTESIAN_POINT ( 'NONE',  ( 1.224999999999999423, 0.09999999999999999167, -0.3749999999999992228 ) ) ;
#4079 = EDGE_CURVE ( 'NONE', #4295, #3590, #2142, .T. ) ;
#4080 =( GEOMETRIC_REPRESENTATION_CONTEXT ( 3 ) GLOBAL_UNCERTAINTY_ASSIGNED_CONTEXT ( ( #5687 ) ) GLOBAL_UNIT_ASSIGNED_CONTEXT ( ( #2352, #2935, #2885 ) ) REPRESENTATION_CONTEXT ( 'NONE', 'WORKASPACE' ) );
#4081 = VECTOR ( 'NONE', #159, 1000.000000000000000 ) ;
#4082 = VERTEX_POINT ( 'NONE', #4367 ) ;
#4083 = PRESENTATION_STYLE_ASSIGNMENT (( #5154 ) ) ;
#4084 = DIRECTION ( 'NONE',  ( 1.000000000000000000, 0.000000000000000000, -7.228014483236695816E-17 ) ) ;
#4085 = DIRECTION ( 'NONE',  ( 0.000000000000000000, -0.000000000000000000, 1.000000000000000000 ) ) ;
#4086 = ADVANCED_FACE ( 'NONE', ( #7377 ), #7390, .F. ) ;
#4087 = EDGE_LOOP ( 'NONE', ( #6537, #1119, #2022, #3308 ) ) ;
#4088 = ORIENTED_EDGE ( 'NONE', *, *, #5509, .T. ) ;
#4089 = ORIENTED_EDGE ( 'NONE', *, *, #7492, .F. ) ;
#4090 = DIRECTION ( 'NONE',  ( -1.000000000000000000, 0.000000000000000000, 0.000000000000000000 ) ) ;
#4091 = EDGE_CURVE ( 'NONE', #7040, #6767, #7648, .T. ) ;
#4092 = ORIENTED_EDGE ( 'NONE', *, *, #4349, .T. ) ;
#4093 = CYLINDRICAL_SURFACE ( 'NONE', #2954, 0.1249999999999995698 ) ;
#4094 = CARTESIAN_POINT ( 'NONE',  ( 0.7500000000000004441, 0.5716990566028304910, 1.225000000000000311 ) ) ;
#4095 = CARTESIAN_POINT ( 'NONE',  ( 1.224999999999999423, 0.5716990566028299359, 0.3749999999999998890 ) ) ;
#4096 = DIRECTION ( 'NONE',  ( 0.000000000000000000, -1.000000000000000000, 0.000000000000000000 ) ) ;
#4097 = VERTEX_POINT ( 'NONE', #6675 ) ;
#4098 = ORIENTED_EDGE ( 'NONE', *, *, #5117, .F. ) ;
#4099 = CARTESIAN_POINT ( 'NONE',  ( -0.3749999999999995559, 0.1000000000000000056, 1.225000000000000311 ) ) ;
#4100 = AXIS2_PLACEMENT_3D ( 'NONE', #5386, #5958, #7357 ) ;
#4101 = DIRECTION ( 'NONE',  ( -0.000000000000000000, -1.000000000000000000, -0.000000000000000000 ) ) ;
#4102 = LINE ( 'NONE', #7507, #1440 ) ;
#4103 = ORIENTED_EDGE ( 'NONE', *, *, #5667, .F. ) ;
#4104 = DIRECTION ( 'NONE',  ( 0.000000000000000000, 0.000000000000000000, -1.000000000000000000 ) ) ;
#4105 = DIRECTION ( 'NONE',  ( -0.000000000000000000, 0.000000000000000000, -1.000000000000000000 ) ) ;
#4106 = VECTOR ( 'NONE', #6145, 1000.000000000000000 ) ;
#4107 = EDGE_CURVE ( 'NONE', #7338, #9, #2329, .T. ) ;
#4108 = ORIENTED_EDGE ( 'NONE', *, *, #5792, .T. ) ;
#4109 = SURFACE_STYLE_FILL_AREA ( #4595 ) ;
#4110 = DIRECTION ( 'NONE',  ( -0.000000000000000000, -1.000000000000000000, -0.000000000000000000 ) ) ;
#4111 = DIRECTION ( 'NONE',  ( -0.000000000000000000, -1.000000000000000000, -0.000000000000000000 ) ) ;
#4112 = EDGE_LOOP ( 'NONE', ( #3210, #481, #5800, #5839 ) ) ;
#4113 = ORIENTED_EDGE ( 'NONE', *, *, #1800, .F. ) ;
#4114 = LINE ( 'NONE', #1756, #1388 ) ;
#4115 = CARTESIAN_POINT ( 'NONE',  ( -1.224999999999999423, 0.5716990566028299359, 0.8749999999999998890 ) ) ;
#4116 = VERTEX_POINT ( 'NONE', #687 ) ;
#4117 = CARTESIAN_POINT ( 'NONE',  ( -1.224999999999999423, 0.5716990566028299359, 0.3749999999999998890 ) ) ;
#4118 = ORIENTED_EDGE ( 'NONE', *, *, #124, .T. ) ;
#4119 = CARTESIAN_POINT ( 'NONE',  ( -1.224999999999999423, 0.09999999999999999167, -0.7499999999999996669 ) ) ;
#4120 = VERTEX_POINT ( 'NONE', #582 ) ;
#4121 = CARTESIAN_POINT ( 'NONE',  ( 1.224999999999999423, 0.09999999999999999167, 0.3749999999999998890 ) ) ;
#4122 = DIRECTION ( 'NONE',  ( 1.000000000000000000, 0.000000000000000000, 1.734723475976807292E-15 ) ) ;
#4123 = VERTEX_POINT ( 'NONE', #1236 ) ;
#4124 = CARTESIAN_POINT ( 'NONE',  ( -1.224999999999999423, 0.05000000000000002359, -0.2499999999999996669 ) ) ;
#4125 = ORIENTED_EDGE ( 'NONE', *, *, #3075, .T. ) ;
#4126 = ORIENTED_EDGE ( 'NONE', *, *, #1230, .T. ) ;
#4127 = AXIS2_PLACEMENT_3D ( 'NONE', #7278, #7827, #1054 ) ;
#4128 = EDGE_CURVE ( 'NONE', #6211, #6263, #7562, .T. ) ;
#4129 = LINE ( 'NONE', #5135, #7031 ) ;
#4130 = ADVANCED_FACE ( 'NONE', ( #5066 ), #1361, .F. ) ;
#4131 = ORIENTED_EDGE ( 'NONE', *, *, #1164, .F. ) ;
#4132 = FACE_OUTER_BOUND ( 'NONE', #5218, .T. ) ;
#4133 = DIRECTION ( 'NONE',  ( 0.000000000000000000, 0.000000000000000000, 1.000000000000000000 ) ) ;
#4134 = FILL_AREA_STYLE_COLOUR ( '', #6243 ) ;
#4135 = DIRECTION ( 'NONE',  ( -1.000000000000000000, 0.000000000000000000, 0.000000000000000000 ) ) ;
#4136 = ORIENTED_EDGE ( 'NONE', *, *, #1113, .F. ) ;
#4137 = EDGE_CURVE ( 'NONE', #3176, #6930, #7584, .T. ) ;
#4138 = ORIENTED_EDGE ( 'NONE', *, *, #6377, .T. ) ;
#4139 = EDGE_CURVE ( 'NONE', #4838, #4502, #2370, .T. ) ;
#4140 = VECTOR ( 'NONE', #7739, 1000.000000000000000 ) ;
#4141 = EDGE_LOOP ( 'NONE', ( #6776, #7642, #1499, #7520 ) ) ;
#4142 = AXIS2_PLACEMENT_3D ( 'NONE', #2729, #3811, #5716 ) ;
#4143 = FACE_OUTER_BOUND ( 'NONE', #2028, .T. ) ;
#4144 = ORIENTED_EDGE ( 'NONE', *, *, #906, .F. ) ;
#4145 = FACE_OUTER_BOUND ( 'NONE', #3502, .T. ) ;
#4146 = CARTESIAN_POINT ( 'NONE',  ( 0.7000000000000000666, 2.079898987322333248, 0.7000000000000000666 ) ) ;
#4147 = ADVANCED_FACE ( 'NONE', ( #7713 ), #4258, .T. ) ;
#4148 = CARTESIAN_POINT ( 'NONE',  ( 1.224999999999999423, 0.5716990566028299359, -0.1250000000000001110 ) ) ;
#4149 = CARTESIAN_POINT ( 'NONE',  ( 0.3749999999999998890, 0.05000000000000000278, -1.225000000000000311 ) ) ;
#4150 = ORIENTED_EDGE ( 'NONE', *, *, #3209, .F. ) ;
#4151 = EDGE_LOOP ( 'NONE', ( #6828, #4471, #6873, #6118 ) ) ;
#4152 = EDGE_CURVE ( 'NONE', #1011, #4555, #7661, .T. ) ;
#4153 = CARTESIAN_POINT ( 'NONE',  ( 1.224999999999999423, 0.5716990566028299359, -0.6250000000000001110 ) ) ;
#4154 = CARTESIAN_POINT ( 'NONE',  ( -0.1250000000000001110, 0.1000000000000000056, -1.225000000000000311 ) ) ;
#4155 = AXIS2_PLACEMENT_3D ( 'NONE', #2868, #472, #3300 ) ;
#4156 = VECTOR ( 'NONE', #4782, 1000.000000000000000 ) ;
#4157 = ORIENTED_EDGE ( 'NONE', *, *, #7326, .T. ) ;
#4158 = CARTESIAN_POINT ( 'NONE',  ( -0.6249999999999994449, 0.000000000000000000, -1.499999999999999778 ) ) ;
#4159 = VECTOR ( 'NONE', #1983, 1000.000000000000000 ) ;
#4160 = ORIENTED_EDGE ( 'NONE', *, *, #2210, .F. ) ;
#4161 = VECTOR ( 'NONE', #5025, 1000.000000000000000 ) ;
#4162 = DIRECTION ( 'NONE',  ( -0.000000000000000000, -1.000000000000000000, -0.000000000000000000 ) ) ;
#4163 = DIRECTION ( 'NONE',  ( 0.000000000000000000, -1.000000000000000000, 0.000000000000000000 ) ) ;
#4164 = EDGE_CURVE ( 'NONE', #5460, #213, #7550, .T. ) ;
#4165 = FILL_AREA_STYLE_COLOUR ( '', #3093 ) ;
#4166 = ORIENTED_EDGE ( 'NONE', *, *, #2771, .T. ) ;
#4167 = ORIENTED_EDGE ( 'NONE', *, *, #4996, .F. ) ;
#4168 = CARTESIAN_POINT ( 'NONE',  ( -1.500000000000000000, 0.09999999999999999167, 0.3749999999999998890 ) ) ;
#4169 = DIRECTION ( 'NONE',  ( -1.000000000000000000, 0.000000000000000000, 0.000000000000000000 ) ) ;
#4170 = ORIENTED_EDGE ( 'NONE', *, *, #868, .T. ) ;
#4171 = AXIS2_PLACEMENT_3D ( 'NONE', #6341, #5797, #4530 ) ;
#4172 = VERTEX_POINT ( 'NONE', #6532 ) ;
#4173 = FACE_OUTER_BOUND ( 'NONE', #7026, .T. ) ;
#4174 = EDGE_CURVE ( 'NONE', #6886, #6490, #2291, .T. ) ;
#4175 = EDGE_CURVE ( 'NONE', #3989, #7407, #4911, .T. ) ;
#4176 = DIRECTION ( 'NONE',  ( 7.228014483236695816E-17, -0.000000000000000000, 1.000000000000000000 ) ) ;
#4177 = ORIENTED_EDGE ( 'NONE', *, *, #7317, .F. ) ;
#4178 = DIRECTION ( 'NONE',  ( 0.000000000000000000, 1.000000000000000000, 0.000000000000000000 ) ) ;
#4179 = CARTESIAN_POINT ( 'NONE',  ( -0.2499999999999995837, 0.000000000000000000, 1.225000000000000311 ) ) ;
#4180 = ORIENTED_EDGE ( 'NONE', *, *, #5482, .T. ) ;
#4181 = VECTOR ( 'NONE', #4490, 1000.000000000000000 ) ;
#4182 = CARTESIAN_POINT ( 'NONE',  ( 1.224999999999999423, 0.09999999999999999167, -0.7499999999999996669 ) ) ;
#4183 = CLOSED_SHELL ( 'NONE', ( #3515, #4398, #399, #1924, #3790, #2420, #1234 ) ) ;
#4184 = VECTOR ( 'NONE', #2099, 1000.000000000000000 ) ;
#4185 = ORIENTED_EDGE ( 'NONE', *, *, #3746, .T. ) ;
#4186 = LINE ( 'NONE', #6900, #1547 ) ;
#4187 = CARTESIAN_POINT ( 'NONE',  ( 1.224999999999999423, 0.09999999999999999167, 0.1250000000000007494 ) ) ;
#4188 = CARTESIAN_POINT ( 'NONE',  ( -0.1249999999999994588, 0.1000000000000000056, -1.499999999999999778 ) ) ;
#4189 = CARTESIAN_POINT ( 'NONE',  ( 0.1250000000000004441, 0.09999999999999999167, 1.225000000000000311 ) ) ;
#4190 = CARTESIAN_POINT ( 'NONE',  ( -1.224999999999999423, 0.000000000000000000, 0.6250000000000007772 ) ) ;
#4191 = VERTEX_POINT ( 'NONE', #4760 ) ;
#4192 = EDGE_CURVE ( 'NONE', #1369, #1130, #2404, .T. ) ;
#4193 = ORIENTED_EDGE ( 'NONE', *, *, #7244, .F. ) ;
#4194 = PRESENTATION_STYLE_ASSIGNMENT (( #2243 ) ) ;
#4195 = VERTEX_POINT ( 'NONE', #415 ) ;
#4196 = FACE_OUTER_BOUND ( 'NONE', #958, .T. ) ;
#4197 = VERTEX_POINT ( 'NONE', #6417 ) ;
#4198 = LINE ( 'NONE', #7541, #6636 ) ;
#4199 = DIRECTION ( 'NONE',  ( -0.000000000000000000, -1.000000000000000000, -0.000000000000000000 ) ) ;
#4200 = AXIS2_PLACEMENT_3D ( 'NONE', #7627, #5754, #275 ) ;
#4201 = CARTESIAN_POINT ( 'NONE',  ( 0.000000000000000000, 0.05000000000000000278, -1.125000000000000222 ) ) ;
#4202 = CARTESIAN_POINT ( 'NONE',  ( -1.500000000000000222, 0.05000000000000000278, 1.500000000000000000 ) ) ;
#4203 = ORIENTED_EDGE ( 'NONE', *, *, #1309, .T. ) ;
#4204 = VERTEX_POINT ( 'NONE', #3385 ) ;
#4205 = EDGE_CURVE ( 'NONE', #5585, #6881, #2347, .T. ) ;
#4206 = COLOUR_RGB ( '',0.7921568627450980005, 0.8196078431372548767, 0.9333333333333333481 ) ;
#4207 = ORIENTED_EDGE ( 'NONE', *, *, #5744, .T. ) ;
#4208 = LINE ( 'NONE', #7236, #6860 ) ;
#4209 = ORIENTED_EDGE ( 'NONE', *, *, #5264, .F. ) ;
#4210 = LINE ( 'NONE', #447, #1653 ) ;
#4211 = DIRECTION ( 'NONE',  ( 0.000000000000000000, -1.000000000000000000, 0.000000000000000000 ) ) ;
#4212 = DIRECTION ( 'NONE',  ( 0.000000000000000000, 1.000000000000000000, 0.000000000000000000 ) ) ;
#4213 = ADVANCED_FACE ( 'NONE', ( #4875 ), #7080, .F. ) ;
#4214 = DIRECTION ( 'NONE',  ( -0.000000000000000000, -0.000000000000000000, 1.000000000000000000 ) ) ;
#4215 = DIRECTION ( 'NONE',  ( 0.000000000000000000, 1.000000000000000000, 0.000000000000000000 ) ) ;
#4216 = VERTEX_POINT ( 'NONE', #6471 ) ;
#4217 = VERTEX_POINT ( 'NONE', #968 ) ;
#4218 = VECTOR ( 'NONE', #926, 1000.000000000000000 ) ;
#4219 = CARTESIAN_POINT ( 'NONE',  ( -1.224999999999999645, 0.09999999999999999167, -1.125000000000000222 ) ) ;
#4220 = ORIENTED_EDGE ( 'NONE', *, *, #1516, .F. ) ;
#4221 = DIRECTION ( 'NONE',  ( 0.000000000000000000, 0.000000000000000000, -1.000000000000000000 ) ) ;
#4222 = CARTESIAN_POINT ( 'NONE',  ( -1.224999999999999423, 0.000000000000000000, -0.7499999999999996669 ) ) ;
#4223 = CYLINDRICAL_SURFACE ( 'NONE', #2455, 0.1249999999999998890 ) ;
#4224 = UNCERTAINTY_MEASURE_WITH_UNIT (LENGTH_MEASURE( 1.000000000000000082E-05 ), #3669, 'distance_accuracy_value', 'NONE');
#4225 = ORIENTED_EDGE ( 'NONE', *, *, #7575, .T. ) ;
#4226 = VECTOR ( 'NONE', #7577, 1000.000000000000000 ) ;
#4227 = DIRECTION ( 'NONE',  ( -1.000000000000000000, 0.000000000000000000, 0.000000000000000000 ) ) ;
#4228 = VERTEX_POINT ( 'NONE', #1625 ) ;
#4229 = DIRECTION ( 'NONE',  ( 0.000000000000000000, 0.000000000000000000, 1.000000000000000000 ) ) ;
#4230 = EDGE_LOOP ( 'NONE', ( #1454, #2077, #3271, #3113 ) ) ;
#4231 = EDGE_CURVE ( 'NONE', #4535, #1051, #7505, .T. ) ;
#4232 = LINE ( 'NONE', #3902, #4564 ) ;
#4233 = ORIENTED_EDGE ( 'NONE', *, *, #2140, .T. ) ;
#4234 = EDGE_CURVE ( 'NONE', #7528, #1355, #4976, .T. ) ;
#4235 = ORIENTED_EDGE ( 'NONE', *, *, #3645, .F. ) ;
#4236 = DIRECTION ( 'NONE',  ( 0.000000000000000000, 0.000000000000000000, -1.000000000000000000 ) ) ;
#4237 = DIRECTION ( 'NONE',  ( 0.000000000000000000, 1.000000000000000000, 0.000000000000000000 ) ) ;
#4238 = ORIENTED_EDGE ( 'NONE', *, *, #7312, .F. ) ;
#4239 = ORIENTED_EDGE ( 'NONE', *, *, #7138, .F. ) ;
#4240 = CARTESIAN_POINT ( 'NONE',  ( -1.224999999999999423, 0.5716990566028299359, 0.2500000000000003331 ) ) ;
#4241 = ORIENTED_EDGE ( 'NONE', *, *, #311, .F. ) ;
#4242 = CARTESIAN_POINT ( 'NONE',  ( 1.478457507934774695E-16, 0.05000000000000000278, -0.3749999999999997224 ) ) ;
#4243 = LINE ( 'NONE', #4586, #1640 ) ;
#4244 = ORIENTED_EDGE ( 'NONE', *, *, #1317, .T. ) ;
#4245 = EDGE_CURVE ( 'NONE', #3712, #2588, #4965, .T. ) ;
#4246 = DIRECTION ( 'NONE',  ( 0.000000000000000000, 0.000000000000000000, 1.000000000000000000 ) ) ;
#4247 = AXIS2_PLACEMENT_3D ( 'NONE', #2551, #2598, #2970 ) ;
#4248 = DIRECTION ( 'NONE',  ( 0.000000000000000000, -0.000000000000000000, 1.000000000000000000 ) ) ;
#4249 = CARTESIAN_POINT ( 'NONE',  ( 1.500000000000000000, 0.000000000000000000, 0.6250000000000008882 ) ) ;
#4250 = DIRECTION ( 'NONE',  ( 0.000000000000000000, 0.000000000000000000, -1.000000000000000000 ) ) ;
#4251 = VERTEX_POINT ( 'NONE', #5369 ) ;
#4252 = VERTEX_POINT ( 'NONE', #1829 ) ;
#4253 = CARTESIAN_POINT ( 'NONE',  ( -0.3749999999999994449, 0.000000000000000000, -1.500000000000000222 ) ) ;
#4254 = CARTESIAN_POINT ( 'NONE',  ( -0.6249999999999991118, 0.000000000000000000, 1.499999999999999778 ) ) ;
#4255 = LINE ( 'NONE', #7669, #4429 ) ;
#4256 = EDGE_CURVE ( 'NONE', #3769, #6801, #4922, .T. ) ;
#4257 = ORIENTED_EDGE ( 'NONE', *, *, #7361, .T. ) ;
#4258 = PLANE ( 'NONE',  #7383 ) ;
#4259 = MANIFOLD_SOLID_BREP ( 'LPattern3[3]', #7436 ) ;
#4260 = EDGE_LOOP ( 'NONE', ( #1111, #6088, #1136, #1991, #6384 ) ) ;
#4261 = FACE_OUTER_BOUND ( 'NONE', #891, .T. ) ;
#4262 = CARTESIAN_POINT ( 'NONE',  ( 0.6250000000000005551, 0.1000000000000000056, -1.500000000000000222 ) ) ;
#4263 = CARTESIAN_POINT ( 'NONE',  ( 1.299999999999999600, 0.1000000000000000472, -1.499999999999999778 ) ) ;
#4264 = CARTESIAN_POINT ( 'NONE',  ( 1.500000000000000000, 0.5716990566028299359, -0.6250000000000001110 ) ) ;
#4265 = AXIS2_PLACEMENT_3D ( 'NONE', #2743, #3760, #662 ) ;
#4266 = DIRECTION ( 'NONE',  ( 0.000000000000000000, 1.000000000000000000, 0.000000000000000000 ) ) ;
#4267 = CLOSED_SHELL ( 'NONE', ( #3630, #3179, #1805, #1121 ) ) ;
#4268 = VERTEX_POINT ( 'NONE', #4158 ) ;
#4269 = DIRECTION ( 'NONE',  ( 0.000000000000000000, -1.000000000000000000, 0.000000000000000000 ) ) ;
#4270 = PLANE ( 'NONE',  #2281 ) ;
#4271 = ORIENTED_EDGE ( 'NONE', *, *, #3924, .T. ) ;
#4272 = EDGE_CURVE ( 'NONE', #3463, #1112, #7598, .T. ) ;
#4273 = DIRECTION ( 'NONE',  ( -1.577021341797098201E-15, -0.000000000000000000, 1.000000000000000000 ) ) ;
#4274 = DIRECTION ( 'NONE',  ( 0.000000000000000000, 0.000000000000000000, -1.000000000000000000 ) ) ;
#4275 = LINE ( 'NONE', #2113, #7117 ) ;
#4276 = ORIENTED_EDGE ( 'NONE', *, *, #6086, .F. ) ;
#4277 = VECTOR ( 'NONE', #5557, 1000.000000000000000 ) ;
#4278 = VERTEX_POINT ( 'NONE', #4839 ) ;
#4279 = ADVANCED_FACE ( 'NONE', ( #2335 ), #7743, .F. ) ;
#4280 = ORIENTED_EDGE ( 'NONE', *, *, #6477, .T. ) ;
#4281 = CARTESIAN_POINT ( 'NONE',  ( -1.124999999999999112, 0.000000000000000000, 1.500000000000000222 ) ) ;
#4282 = VERTEX_POINT ( 'NONE', #5225 ) ;
#4283 = EDGE_LOOP ( 'NONE', ( #6054, #6107, #1218, #6936 ) ) ;
#4284 = ORIENTED_EDGE ( 'NONE', *, *, #1663, .F. ) ;
#4285 = FACE_OUTER_BOUND ( 'NONE', #2475, .T. ) ;
#4286 = EDGE_CURVE ( 'NONE', #1195, #6527, #2393, .T. ) ;
#4287 = ORIENTED_EDGE ( 'NONE', *, *, #7393, .T. ) ;
#4288 = LINE ( 'NONE', #1017, #7033 ) ;
#4289 = DIRECTION ( 'NONE',  ( -1.734723475976807292E-15, 0.000000000000000000, 1.000000000000000000 ) ) ;
#4290 = CARTESIAN_POINT ( 'NONE',  ( -0.7499999999999997780, 0.1000000000000000056, -1.224999999999999867 ) ) ;
#4291 = ORIENTED_EDGE ( 'NONE', *, *, #6153, .F. ) ;
#4292 = DIRECTION ( 'NONE',  ( 0.000000000000000000, 0.000000000000000000, -1.000000000000000000 ) ) ;
#4293 = DIRECTION ( 'NONE',  ( -0.000000000000000000, -1.000000000000000000, -0.000000000000000000 ) ) ;
#4294 = VERTEX_POINT ( 'NONE', #7231 ) ;
#4295 = VERTEX_POINT ( 'NONE', #3369 ) ;
#4296 = ORIENTED_EDGE ( 'NONE', *, *, #1917, .F. ) ;
#4297 =( LENGTH_UNIT ( ) NAMED_UNIT ( * ) SI_UNIT ( .MILLI., .METRE. ) );
#4298 = ORIENTED_EDGE ( 'NONE', *, *, #3245, .T. ) ;
#4299 = CARTESIAN_POINT ( 'NONE',  ( 0.2500000000000004441, 0.1000000000000000056, 1.225000000000000311 ) ) ;
#4300 = CARTESIAN_POINT ( 'NONE',  ( -1.299999999999999156, 0.05000000000000001665, -1.300000000000000266 ) ) ;
#4301 = VECTOR ( 'NONE', #3316, 1000.000000000000000 ) ;
#4302 = ORIENTED_EDGE ( 'NONE', *, *, #6670, .F. ) ;
#4303 = ORIENTED_EDGE ( 'NONE', *, *, #2726, .F. ) ;
#4304 = DIRECTION ( 'NONE',  ( -0.000000000000000000, -1.000000000000000000, -0.000000000000000000 ) ) ;
#4305 = CARTESIAN_POINT ( 'NONE',  ( 0.3749999999999998890, 0.000000000000000000, -1.225000000000000311 ) ) ;
#4306 = ORIENTED_EDGE ( 'NONE', *, *, #4014, .F. ) ;
#4307 = EDGE_LOOP ( 'NONE', ( #1812, #6440, #6294, #7367 ) ) ;
#4308 = EDGE_LOOP ( 'NONE', ( #918, #3492, #774, #4662 ) ) ;
#4309 = DIRECTION ( 'NONE',  ( 0.000000000000000000, 1.000000000000000000, 0.000000000000000000 ) ) ;
#4310 = ADVANCED_FACE ( 'NONE', ( #4954 ), #7694, .T. ) ;
#4311 = ORIENTED_EDGE ( 'NONE', *, *, #624, .T. ) ;
#4312 = CARTESIAN_POINT ( 'NONE',  ( -1.124999999999999112, 0.6303300858899107961, -1.500000000000000222 ) ) ;
#4313 = VERTEX_POINT ( 'NONE', #4053 ) ;
#4314 = CIRCLE ( 'NONE', #2699, 0.1249999999999995698 ) ;
#4315 = DIRECTION ( 'NONE',  ( -1.000000000000000000, 0.000000000000000000, 0.000000000000000000 ) ) ;
#4316 = CARTESIAN_POINT ( 'NONE',  ( 1.225000000000000089, 0.000000000000000000, -1.124999999999999778 ) ) ;
#4317 = EDGE_LOOP ( 'NONE', ( #6434, #3738, #2799, #7148 ) ) ;
#4318 = CARTESIAN_POINT ( 'NONE',  ( 0.2500000000000004441, 0.1000000000000000056, 1.225000000000000311 ) ) ;
#4319 = DIRECTION ( 'NONE',  ( 0.000000000000000000, 0.000000000000000000, -1.000000000000000000 ) ) ;
#4320 = VERTEX_POINT ( 'NONE', #7791 ) ;
#4321 = ORIENTED_EDGE ( 'NONE', *, *, #1188, .F. ) ;
#4322 = UNCERTAINTY_MEASURE_WITH_UNIT (LENGTH_MEASURE( 1.000000000000000082E-05 ), #4019, 'distance_accuracy_value', 'NONE');
#4323 = DIRECTION ( 'NONE',  ( 0.000000000000000000, -1.000000000000000000, 0.000000000000000000 ) ) ;
#4324 = ORIENTED_EDGE ( 'NONE', *, *, #4948, .F. ) ;
#4325 = CARTESIAN_POINT ( 'NONE',  ( 1.499999999999999556, 0.1000000000000002554, 0.1250000000000007494 ) ) ;
#4326 = AXIS2_PLACEMENT_3D ( 'NONE', #2428, #4004, #5794 ) ;
#4327 = LINE ( 'NONE', #1613, #6955 ) ;
#4328 = ADVANCED_FACE ( 'NONE', ( #5055 ), #4690, .F. ) ;
#4329 = ADVANCED_FACE ( 'NONE', ( #7686 ), #4738, .F. ) ;
#4330 = ORIENTED_EDGE ( 'NONE', *, *, #5021, .T. ) ;
#4331 = LINE ( 'NONE', #2256, #6969 ) ;
#4332 = EDGE_CURVE ( 'NONE', #657, #4403, #2458, .T. ) ;
#4333 = VERTEX_POINT ( 'NONE', #5271 ) ;
#4334 = VERTEX_POINT ( 'NONE', #6508 ) ;
#4335 = DIRECTION ( 'NONE',  ( -1.000000000000000000, 0.000000000000000000, 0.000000000000000000 ) ) ;
#4336 = EDGE_LOOP ( 'NONE', ( #6597, #3884, #1293, #1092 ) ) ;
#4337 = AXIS2_PLACEMENT_3D ( 'NONE', #5067, #3906, #5607 ) ;
#4338 = PLANE ( 'NONE',  #478 ) ;
#4339 = ORIENTED_EDGE ( 'NONE', *, *, #7111, .T. ) ;
#4340 = ORIENTED_EDGE ( 'NONE', *, *, #7526, .F. ) ;
#4341 = CARTESIAN_POINT ( 'NONE',  ( -1.124999999999999112, 0.05000000000000000278, 0.000000000000000000 ) ) ;
#4342 = ORIENTED_EDGE ( 'NONE', *, *, #7497, .F. ) ;
#4343 = ADVANCED_FACE ( 'NONE', ( #5079 ), #2470, .F. ) ;
#4344 = DIRECTION ( 'NONE',  ( 0.000000000000000000, 1.000000000000000000, 0.000000000000000000 ) ) ;
#4345 = VERTEX_POINT ( 'NONE', #4856 ) ;
#4346 = ORIENTED_EDGE ( 'NONE', *, *, #6259, .T. ) ;
#4347 = AXIS2_PLACEMENT_3D ( 'NONE', #3700, #4344, #5396 ) ;
#4348 = CARTESIAN_POINT ( 'NONE',  ( 0.2500000000000002220, 0.000000000000000000, -1.224999999999999867 ) ) ;
#4349 = EDGE_CURVE ( 'NONE', #3176, #777, #2262, .T. ) ;
#4350 = ORIENTED_EDGE ( 'NONE', *, *, #1663, .T. ) ;
#4351 = AXIS2_PLACEMENT_3D ( 'NONE', #2182, #2722, #4712 ) ;
#4352 = CARTESIAN_POINT ( 'NONE',  ( 0.3750000000000008882, 0.09999999999999999167, 1.499999999999999778 ) ) ;
#4353 = FACE_OUTER_BOUND ( 'NONE', #6992, .T. ) ;
#4354 = VERTEX_POINT ( 'NONE', #6584 ) ;
#4355 = EDGE_LOOP ( 'NONE', ( #5727, #2354, #7552, #5860 ) ) ;
#4356 = EDGE_CURVE ( 'NONE', #881, #6886, #7519, .T. ) ;
#4357 = EDGE_CURVE ( 'NONE', #4380, #5630, #4888, .T. ) ;
#4358 = CARTESIAN_POINT ( 'NONE',  ( 0.7500000000000004441, 0.09999999999999999167, 1.100000000000000533 ) ) ;
#4359 = DIRECTION ( 'NONE',  ( -1.000000000000000000, 0.000000000000000000, 0.000000000000000000 ) ) ;
#4360 = PLANE ( 'NONE',  #1754 ) ;
#4361 = VERTEX_POINT ( 'NONE', #6691 ) ;
#4362 = VERTEX_POINT ( 'NONE', #2946 ) ;
#4363 = CARTESIAN_POINT ( 'NONE',  ( -0.8749999999999991118, 0.000000000000000000, 1.500000000000000222 ) ) ;
#4364 = CARTESIAN_POINT ( 'NONE',  ( 1.124999999999999556, 0.09999999999999999167, 1.499999999999999778 ) ) ;
#4365 = PLANE ( 'NONE',  #4639 ) ;
#4366 = ORIENTED_EDGE ( 'NONE', *, *, #1660, .F. ) ;
#4367 = CARTESIAN_POINT ( 'NONE',  ( -1.125000000000000222, 0.6999999999999999556, -1.250000000000000222 ) ) ;
#4368 = AXIS2_PLACEMENT_3D ( 'NONE', #2906, #7724, #7152 ) ;
#4369 = LINE ( 'NONE', #6455, #6994 ) ;
#4370 = VERTEX_POINT ( 'NONE', #1786 ) ;
#4371 = FACE_OUTER_BOUND ( 'NONE', #5728, .T. ) ;
#4372 = SURFACE_SIDE_STYLE ('',( #991 ) ) ;
#4373 = CARTESIAN_POINT ( 'NONE',  ( -1.224999999999999645, 0.09999999999999999167, 1.125000000000000222 ) ) ;
#4374 = ORIENTED_EDGE ( 'NONE', *, *, #2904, .T. ) ;
#4375 = CARTESIAN_POINT ( 'NONE',  ( -0.3749999999999995559, 0.5716990566028304910, 1.225000000000000311 ) ) ;
#4376 = CARTESIAN_POINT ( 'NONE',  ( -0.6250000000000001110, 0.1000000000000000056, -1.225000000000000311 ) ) ;
#4377 = DIRECTION ( 'NONE',  ( 0.000000000000000000, 1.000000000000000000, 0.000000000000000000 ) ) ;
#4378 = ORIENTED_EDGE ( 'NONE', *, *, #1953, .T. ) ;
#4379 = EDGE_CURVE ( 'NONE', #4578, #6216, #7727, .T. ) ;
#4380 = VERTEX_POINT ( 'NONE', #3044 ) ;
#4381 = ADVANCED_FACE ( 'NONE', ( #2539 ), #5249, .F. ) ;
#4382 = DIRECTION ( 'NONE',  ( 0.000000000000000000, -0.000000000000000000, -1.000000000000000000 ) ) ;
#4383 = ORIENTED_EDGE ( 'NONE', *, *, #528, .F. ) ;
#4384 = CARTESIAN_POINT ( 'NONE',  ( -0.8749999999999995559, 0.5716990566028304910, 1.225000000000000311 ) ) ;
#4385 = VECTOR ( 'NONE', #7065, 1000.000000000000000 ) ;
#4386 = VERTEX_POINT ( 'NONE', #5900 ) ;
#4387 = LINE ( 'NONE', #44, #7201 ) ;
#4388 = ORIENTED_EDGE ( 'NONE', *, *, #4860, .F. ) ;
#4389 = AXIS2_PLACEMENT_3D ( 'NONE', #6447, #3469, #349 ) ;
#4390 = ORIENTED_EDGE ( 'NONE', *, *, #2196, .T. ) ;
#4391 = DIRECTION ( 'NONE',  ( -0.000000000000000000, -1.000000000000000000, -0.000000000000000000 ) ) ;
#4392 = ORIENTED_EDGE ( 'NONE', *, *, #2305, .F. ) ;
#4393 = EDGE_CURVE ( 'NONE', #123, #7039, #2637, .T. ) ;
#4394 = CARTESIAN_POINT ( 'NONE',  ( 1.225000000000000089, 0.6303300858899107961, 1.124999999999999778 ) ) ;
#4395 = EDGE_LOOP ( 'NONE', ( #1890, #2232, #7470, #5227 ) ) ;
#4396 = VECTOR ( 'NONE', #145, 1000.000000000000000 ) ;
#4397 = LINE ( 'NONE', #7705, #6904 ) ;
#4398 = ADVANCED_FACE ( 'NONE', ( #7845 ), #1194, .F. ) ;
#4399 = VERTEX_POINT ( 'NONE', #4325 ) ;
#4400 = CIRCLE ( 'NONE', #5715, 0.1249999999999995698 ) ;
#4401 = CARTESIAN_POINT ( 'NONE',  ( 0.2500000000000004441, 0.05000000000000000278, 1.225000000000000311 ) ) ;
#4402 = CARTESIAN_POINT ( 'NONE',  ( -1.224999999999999423, 0.5716990566028299359, -0.3749999999999992228 ) ) ;
#4403 = VERTEX_POINT ( 'NONE', #5471 ) ;
#4404 = CARTESIAN_POINT ( 'NONE',  ( -1.224999999999999645, 0.6303300858899107961, -1.125000000000000222 ) ) ;
#4405 = CARTESIAN_POINT ( 'NONE',  ( 0.8749999999999970024, 0.05000000000000000278, 2.069840511108688419E-15 ) ) ;
#4406 = EDGE_LOOP ( 'NONE', ( #7421, #3816, #6382, #6041 ) ) ;
#4407 = ORIENTED_EDGE ( 'NONE', *, *, #2510, .F. ) ;
#4408 = FILL_AREA_STYLE_COLOUR ( '', #325 ) ;
#4409 = ORIENTED_EDGE ( 'NONE', *, *, #3245, .F. ) ;
#4410 = CARTESIAN_POINT ( 'NONE',  ( -0.1249999999999991396, 0.09999999999999999167, 1.499999999999999778 ) ) ;
#4411 = DIRECTION ( 'NONE',  ( 0.000000000000000000, -0.000000000000000000, 1.000000000000000000 ) ) ;
#4412 = FACE_OUTER_BOUND ( 'NONE', #5371, .T. ) ;
#4413 = VERTEX_POINT ( 'NONE', #7246 ) ;
#4414 = EDGE_LOOP ( 'NONE', ( #3757, #260, #4750, #283 ) ) ;
#4415 = ADVANCED_FACE ( 'NONE', ( #2613 ), #2406, .T. ) ;
#4416 = AXIS2_PLACEMENT_3D ( 'NONE', #4974, #5362, #1353 ) ;
#4417 = CARTESIAN_POINT ( 'NONE',  ( 1.224999999999999423, 0.5716990566028299359, 0.6250000000000007772 ) ) ;
#4418 = PLANE ( 'NONE',  #1682 ) ;
#4419 =( NAMED_UNIT ( * ) SI_UNIT ( $, .STERADIAN. ) SOLID_ANGLE_UNIT ( ) );
#4420 = ORIENTED_EDGE ( 'NONE', *, *, #5228, .F. ) ;
#4421 = CARTESIAN_POINT ( 'NONE',  ( -1.224999999999999423, 0.5716990566028299359, -0.1250000000000001110 ) ) ;
#4422 = EDGE_LOOP ( 'NONE', ( #7439, #2206, #2911, #1721 ) ) ;
#4423 = EDGE_CURVE ( 'NONE', #4037, #1980, #2731, .T. ) ;
#4424 = SURFACE_SIDE_STYLE ('',( #1960 ) ) ;
#4425 = CARTESIAN_POINT ( 'NONE',  ( -1.224999999999999423, 0.09999999999999999167, -0.1250000000000001110 ) ) ;
#4426 = ORIENTED_EDGE ( 'NONE', *, *, #1557, .F. ) ;
#4427 = CARTESIAN_POINT ( 'NONE',  ( -0.2499999999999995837, 0.1000000000000000056, 1.100000000000000533 ) ) ;
#4428 = CARTESIAN_POINT ( 'NONE',  ( 0.7000000000000000666, 2.079898987322333248, 0.7000000000000000666 ) ) ;
#4429 = VECTOR ( 'NONE', #1071, 1000.000000000000000 ) ;
#4430 = EDGE_CURVE ( 'NONE', #3769, #4204, #2665, .T. ) ;
#4431 = VERTEX_POINT ( 'NONE', #2012 ) ;
#4432 = FACE_OUTER_BOUND ( 'NONE', #1065, .T. ) ;
#4433 = CARTESIAN_POINT ( 'NONE',  ( -1.124999999999999112, 0.09999999999999999167, -1.500000000000000222 ) ) ;
#4434 = CARTESIAN_POINT ( 'NONE',  ( 1.224999999999999423, 0.000000000000000000, -0.6250000000000001110 ) ) ;
#4435 = ORIENTED_EDGE ( 'NONE', *, *, #4970, .F. ) ;
#4436 = PLANE ( 'NONE',  #6396 ) ;
#4437 = DIRECTION ( 'NONE',  ( 0.000000000000000000, 0.000000000000000000, 1.000000000000000000 ) ) ;
#4438 = ORIENTED_EDGE ( 'NONE', *, *, #4582, .T. ) ;
#4439 = ORIENTED_EDGE ( 'NONE', *, *, #5579, .T. ) ;
#4440 = EDGE_CURVE ( 'NONE', #6263, #5872, #5315, .T. ) ;
#4441 = DIRECTION ( 'NONE',  ( 0.000000000000000000, 1.000000000000000000, 0.000000000000000000 ) ) ;
#4442 = CARTESIAN_POINT ( 'NONE',  ( -0.7499999999999995559, 0.1000000000000000056, 1.100000000000000533 ) ) ;
#4443 = VERTEX_POINT ( 'NONE', #6172 ) ;
#4444 = DIRECTION ( 'NONE',  ( 0.000000000000000000, 0.000000000000000000, 1.000000000000000000 ) ) ;
#4445 = LINE ( 'NONE', #5653, #1918 ) ;
#4446 = LINE ( 'NONE', #2155, #6933 ) ;
#4447 = ORIENTED_EDGE ( 'NONE', *, *, #6998, .F. ) ;
#4448 = LINE ( 'NONE', #1395, #7466 ) ;
#4449 = ORIENTED_EDGE ( 'NONE', *, *, #1884, .T. ) ;
#4450 = ORIENTED_EDGE ( 'NONE', *, *, #2088, .F. ) ;
#4451 = AXIS2_PLACEMENT_3D ( 'NONE', #2205, #5220, #3462 ) ;
#4452 = AXIS2_PLACEMENT_3D ( 'NONE', #2961, #5443, #4771 ) ;
#4453 = ORIENTED_EDGE ( 'NONE', *, *, #6066, .T. ) ;
#4454 = VERTEX_POINT ( 'NONE', #5458 ) ;
#4455 = ORIENTED_EDGE ( 'NONE', *, *, #6193, .F. ) ;
#4456 = ADVANCED_FACE ( 'NONE', ( #2585 ), #4365, .F. ) ;
#4457 = EDGE_CURVE ( 'NONE', #6481, #4216, #2650, .T. ) ;
#4458 =( LENGTH_UNIT ( ) NAMED_UNIT ( * ) SI_UNIT ( .MILLI., .METRE. ) );
#4459 = ORIENTED_EDGE ( 'NONE', *, *, #3441, .T. ) ;
#4460 = VECTOR ( 'NONE', #1183, 1000.000000000000000 ) ;
#4461 = VERTEX_POINT ( 'NONE', #6039 ) ;
#4462 = LINE ( 'NONE', #1623, #1746 ) ;
#4463 = CARTESIAN_POINT ( 'NONE',  ( -0.7499999999999997780, 0.1000000000000000056, -1.224999999999999867 ) ) ;
#4464 = CARTESIAN_POINT ( 'NONE',  ( 1.500000000000000000, 0.5716990566028299359, -0.1250000000000001110 ) ) ;
#4465 = ORIENTED_EDGE ( 'NONE', *, *, #5980, .T. ) ;
#4466 = CARTESIAN_POINT ( 'NONE',  ( -1.224999999999999423, 0.09999999999999999167, -0.8749999999999992228 ) ) ;
#4467 = EDGE_CURVE ( 'NONE', #1027, #2277, #5328, .T. ) ;
#4468 =( GEOMETRIC_REPRESENTATION_CONTEXT ( 3 ) GLOBAL_UNCERTAINTY_ASSIGNED_CONTEXT ( ( #6728 ) ) GLOBAL_UNIT_ASSIGNED_CONTEXT ( ( #233, #6418, #1468 ) ) REPRESENTATION_CONTEXT ( 'NONE', 'WORKASPACE' ) );
#4469 = ORIENTED_EDGE ( 'NONE', *, *, #2601, .F. ) ;
#4470 = EDGE_LOOP ( 'NONE', ( #4324, #7055, #5638, #337, #5963 ) ) ;
#4471 = ORIENTED_EDGE ( 'NONE', *, *, #5782, .F. ) ;
#4472 = CARTESIAN_POINT ( 'NONE',  ( -1.124999999999999112, 0.6303300858899107961, -1.500000000000000222 ) ) ;
#4473 = EDGE_CURVE ( 'NONE', #3935, #5757, #7794, .T. ) ;
#4474 = EDGE_CURVE ( 'NONE', #2209, #7049, #5184, .T. ) ;
#4475 = LINE ( 'NONE', #2166, #1794 ) ;
#4476 = ADVANCED_FACE ( 'NONE', ( #2628 ), #3120, .F. ) ;
#4477 = AXIS2_PLACEMENT_3D ( 'NONE', #2397, #4942, #7286 ) ;
#4478 = EDGE_LOOP ( 'NONE', ( #2919, #5526, #1160, #740 ) ) ;
#4479 = CIRCLE ( 'NONE', #520, 0.1249999999999995698 ) ;
#4480 = VERTEX_POINT ( 'NONE', #3226 ) ;
#4481 = CARTESIAN_POINT ( 'NONE',  ( 1.500000000000000000, 0.000000000000000000, 0.3749999999999998890 ) ) ;
#4482 = CARTESIAN_POINT ( 'NONE',  ( -1.224999999999999423, 0.5716990566028299359, -0.1250000000000001110 ) ) ;
#4483 = PLANE ( 'NONE',  #6610 ) ;
#4484 = DIRECTION ( 'NONE',  ( 1.000000000000000000, 0.000000000000000000, -0.000000000000000000 ) ) ;
#4485 = ORIENTED_EDGE ( 'NONE', *, *, #7575, .F. ) ;
#4486 = DIRECTION ( 'NONE',  ( 0.000000000000000000, -1.000000000000000000, 0.000000000000000000 ) ) ;
#4487 = EDGE_LOOP ( 'NONE', ( #1858, #1683 ) ) ;
#4488 =( LENGTH_UNIT ( ) NAMED_UNIT ( * ) SI_UNIT ( .MILLI., .METRE. ) );
#4489 = ORIENTED_EDGE ( 'NONE', *, *, #4356, .F. ) ;
#4490 = DIRECTION ( 'NONE',  ( 0.000000000000000000, -1.000000000000000000, 0.000000000000000000 ) ) ;
#4491 = FILL_AREA_STYLE ('',( #3177 ) ) ;
#4492 = LINE ( 'NONE', #4263, #4508 ) ;
#4493 = EDGE_CURVE ( 'NONE', #3290, #1206, #5234, .T. ) ;
#4494 = ORIENTED_EDGE ( 'NONE', *, *, #6338, .T. ) ;
#4495 = LINE ( 'NONE', #1673, #7149 ) ;
#4496 = DIRECTION ( 'NONE',  ( 0.000000000000000000, -1.000000000000000000, 0.000000000000000000 ) ) ;
#4497 = ORIENTED_EDGE ( 'NONE', *, *, #5496, .T. ) ;
#4498 = CARTESIAN_POINT ( 'NONE',  ( 0.6250000000000005551, 0.5716990566028304910, -1.500000000000000222 ) ) ;
#4499 = DIRECTION ( 'NONE',  ( 0.000000000000000000, 1.000000000000000000, 0.000000000000000000 ) ) ;
#4500 = DIRECTION ( 'NONE',  ( 0.000000000000000000, -1.000000000000000000, 0.000000000000000000 ) ) ;
#4501 = ORIENTED_EDGE ( 'NONE', *, *, #3865, .T. ) ;
#4502 = VERTEX_POINT ( 'NONE', #2663 ) ;
#4503 = AXIS2_PLACEMENT_3D ( 'NONE', #4597, #2068, #905 ) ;
#4504 = CARTESIAN_POINT ( 'NONE',  ( 1.499999999999999556, 0.09999999999999999167, 1.299999999999999822 ) ) ;
#4505 = ORIENTED_EDGE ( 'NONE', *, *, #4642, .F. ) ;
#4506 = CARTESIAN_POINT ( 'NONE',  ( 1.225000000000000089, 0.1000000000000000472, 1.225000000000000311 ) ) ;
#4507 = FACE_OUTER_BOUND ( 'NONE', #4042, .T. ) ;
#4508 = VECTOR ( 'NONE', #7829, 1000.000000000000000 ) ;
#4509 = ORIENTED_EDGE ( 'NONE', *, *, #5433, .F. ) ;
#4510 = VECTOR ( 'NONE', #2895, 1000.000000000000000 ) ;
#4511 = VERTEX_POINT ( 'NONE', #797 ) ;
#4512 = EDGE_CURVE ( 'NONE', #3901, #6938, #2530, .T. ) ;
#4513 = DIRECTION ( 'NONE',  ( 0.000000000000000000, -0.000000000000000000, 1.000000000000000000 ) ) ;
#4514 = ORIENTED_EDGE ( 'NONE', *, *, #7432, .F. ) ;
#4515 = VERTEX_POINT ( 'NONE', #6849 ) ;
#4516 = DIRECTION ( 'NONE',  ( 0.000000000000000000, 0.000000000000000000, 1.000000000000000000 ) ) ;
#4517 = ORIENTED_EDGE ( 'NONE', *, *, #7130, .F. ) ;
#4518 = LINE ( 'NONE', #6180, #2138 ) ;
#4519 = ORIENTED_EDGE ( 'NONE', *, *, #3907, .F. ) ;
#4520 = FACE_OUTER_BOUND ( 'NONE', #1144, .T. ) ;
#4521 = DIRECTION ( 'NONE',  ( 0.000000000000000000, 1.000000000000000000, 0.000000000000000000 ) ) ;
#4522 = DIRECTION ( 'NONE',  ( 0.000000000000000000, -0.000000000000000000, 1.000000000000000000 ) ) ;
#4523 = ORIENTED_EDGE ( 'NONE', *, *, #1680, .T. ) ;
#4524 = CARTESIAN_POINT ( 'NONE',  ( -1.224999999999999645, 0.09999999999999999167, 1.125000000000000222 ) ) ;
#4525 = ORIENTED_EDGE ( 'NONE', *, *, #953, .F. ) ;
#4526 = EDGE_LOOP ( 'NONE', ( #6017, #5414, #821, #7103 ) ) ;
#4527 = ORIENTED_EDGE ( 'NONE', *, *, #7202, .T. ) ;
#4528 = CARTESIAN_POINT ( 'NONE',  ( 0.8750000000000008882, 0.1000000000000000056, 1.499999999999999778 ) ) ;
#4529 = ORIENTED_EDGE ( 'NONE', *, *, #1700, .T. ) ;
#4530 = DIRECTION ( 'NONE',  ( 0.000000000000000000, 0.000000000000000000, -1.000000000000000000 ) ) ;
#4531 = CARTESIAN_POINT ( 'NONE',  ( -1.500000000000000000, 0.000000000000000000, -0.6250000000000001110 ) ) ;
#4532 = LINE ( 'NONE', #2675, #7041 ) ;
#4533 = STYLED_ITEM ( 'NONE', ( #220 ), #4904 ) ;
#4534 = LINE ( 'NONE', #3915, #1919 ) ;
#4535 = VERTEX_POINT ( 'NONE', #7444 ) ;
#4536 = FACE_OUTER_BOUND ( 'NONE', #6648, .T. ) ;
#4537 = EDGE_CURVE ( 'NONE', #4399, #6579, #7736, .T. ) ;
#4538 = EDGE_LOOP ( 'NONE', ( #1434, #3205, #7569, #4585, #4858, #1423, #4798, #4893, #5004, #4108, #1053, #4244, #480, #4185, #866, #5705, #7401, #1066, #6284, #2311, #3283, #7521, #1481, #3950, #6242, #3155, #7500, #5741 ) ) ;
#4539 = DIRECTION ( 'NONE',  ( 0.000000000000000000, 0.000000000000000000, -1.000000000000000000 ) ) ;
#4540 = DIRECTION ( 'NONE',  ( -0.000000000000000000, -1.000000000000000000, -0.000000000000000000 ) ) ;
#4541 = FILL_AREA_STYLE_COLOUR ( '', #5398 ) ;
#4542 = ORIENTED_EDGE ( 'NONE', *, *, #4827, .T. ) ;
#4543 = ORIENTED_EDGE ( 'NONE', *, *, #381, .T. ) ;
#4544 = EDGE_CURVE ( 'NONE', #4313, #6949, #7763, .T. ) ;
#4545 = CARTESIAN_POINT ( 'NONE',  ( -1.500000000000000000, 0.04999999999999969746, 0.6250000000000008882 ) ) ;
#4546 = ORIENTED_EDGE ( 'NONE', *, *, #5707, .T. ) ;
#4547 = SURFACE_SIDE_STYLE ('',( #2008 ) ) ;
#4548 = VECTOR ( 'NONE', #2399, 1000.000000000000000 ) ;
#4549 = STYLED_ITEM ( 'NONE', ( #2078 ), #6030 ) ;
#4550 = LINE ( 'NONE', #4026, #1932 ) ;
#4551 = ADVANCED_FACE ( 'NONE', ( #5257 ), #2128, .F. ) ;
#4552 = FACE_OUTER_BOUND ( 'NONE', #7477, .T. ) ;
#4553 = STYLED_ITEM ( 'NONE', ( #515 ), #4956 ) ;
#4554 = PLANE ( 'NONE',  #6917 ) ;
#4555 = VERTEX_POINT ( 'NONE', #683 ) ;
#4556 = DIRECTION ( 'NONE',  ( 1.000000000000000000, 0.000000000000000000, -0.000000000000000000 ) ) ;
#4557 = CARTESIAN_POINT ( 'NONE',  ( 0.7500000000000002220, 0.1000000000000000056, -1.224999999999999867 ) ) ;
#4558 = VERTEX_POINT ( 'NONE', #5027 ) ;
#4559 = ORIENTED_EDGE ( 'NONE', *, *, #3355, .F. ) ;
#4560 = AXIS2_PLACEMENT_3D ( 'NONE', #2466, #3718, #3021 ) ;
#4561 = EDGE_LOOP ( 'NONE', ( #4170, #1466, #3919, #910 ) ) ;
#4562 = AXIS2_PLACEMENT_3D ( 'NONE', #2918, #2828, #4248 ) ;
#4563 = CARTESIAN_POINT ( 'NONE',  ( -0.7499999999999995559, 0.1000000000000000056, 1.225000000000000311 ) ) ;
#4564 = VECTOR ( 'NONE', #4592, 1000.000000000000000 ) ;
#4565 = FACE_OUTER_BOUND ( 'NONE', #5001, .T. ) ;
#4566 = VECTOR ( 'NONE', #1106, 1000.000000000000000 ) ;
#4567 = EDGE_LOOP ( 'NONE', ( #2861, #4704, #1344, #6928 ) ) ;
#4568 = EDGE_CURVE ( 'NONE', #1839, #6949, #46, .T. ) ;
#4569 = ORIENTED_EDGE ( 'NONE', *, *, #7690, .T. ) ;
#4570 = VERTEX_POINT ( 'NONE', #4545 ) ;
#4571 = DIRECTION ( 'NONE',  ( -0.000000000000000000, -1.000000000000000000, -0.000000000000000000 ) ) ;
#4572 = ORIENTED_EDGE ( 'NONE', *, *, #1318, .F. ) ;
#4573 = FACE_OUTER_BOUND ( 'NONE', #6468, .T. ) ;
#4574 = MECHANICAL_DESIGN_GEOMETRIC_PRESENTATION_REPRESENTATION (  '', ( #5258 ), #5874 ) ;
#4575 = CIRCLE ( 'NONE', #2219, 0.1249999999999998890 ) ;
#4576 = CYLINDRICAL_SURFACE ( 'NONE', #872, 0.1249999999999995698 ) ;
#4577 = DIRECTION ( 'NONE',  ( 0.000000000000000000, -1.000000000000000000, 0.000000000000000000 ) ) ;
#4578 = VERTEX_POINT ( 'NONE', #5114 ) ;
#4579 = CARTESIAN_POINT ( 'NONE',  ( 1.499999999999999556, 0.05000000000000000278, 1.499999999999999778 ) ) ;
#4580 = DIRECTION ( 'NONE',  ( 0.000000000000000000, 0.000000000000000000, 1.000000000000000000 ) ) ;
#4581 = EDGE_CURVE ( 'NONE', #1719, #5671, #2564, .T. ) ;
#4582 = EDGE_CURVE ( 'NONE', #6921, #3596, #2676, .T. ) ;
#4583 = ORIENTED_EDGE ( 'NONE', *, *, #2707, .T. ) ;
#4584 = DIRECTION ( 'NONE',  ( 0.000000000000000000, 0.000000000000000000, -1.000000000000000000 ) ) ;
#4585 = ORIENTED_EDGE ( 'NONE', *, *, #6525, .T. ) ;
#4586 = CARTESIAN_POINT ( 'NONE',  ( 0.6250000000000003331, 0.5716990566028304910, -1.225000000000000311 ) ) ;
#4587 =( NAMED_UNIT ( * ) SI_UNIT ( $, .STERADIAN. ) SOLID_ANGLE_UNIT ( ) );
#4588 = VECTOR ( 'NONE', #6252, 1000.000000000000000 ) ;
#4589 = FACE_OUTER_BOUND ( 'NONE', #4478, .T. ) ;
#4590 = LINE ( 'NONE', #1776, #2052 ) ;
#4591 = ORIENTED_EDGE ( 'NONE', *, *, #2989, .T. ) ;
#4592 = DIRECTION ( 'NONE',  ( -1.000000000000000000, 0.000000000000000000, 3.942553354492735642E-16 ) ) ;
#4593 = CARTESIAN_POINT ( 'NONE',  ( -1.500000000000000000, 0.04999999999999969746, 0.8749999999999998890 ) ) ;
#4594 = DIRECTION ( 'NONE',  ( 0.000000000000000000, 0.000000000000000000, 1.000000000000000000 ) ) ;
#4595 = FILL_AREA_STYLE ('',( #5112 ) ) ;
#4596 = EDGE_LOOP ( 'NONE', ( #3791, #1862, #711, #6549 ) ) ;
#4597 = CARTESIAN_POINT ( 'NONE',  ( -1.224999999999999423, 0.09999999999999999167, 0.7500000000000003331 ) ) ;
#4598 = EDGE_CURVE ( 'NONE', #6552, #6592, #2550, .T. ) ;
#4599 = ADVANCED_FACE ( 'NONE', ( #87 ), #3175, .F. ) ;
#4600 = VERTEX_POINT ( 'NONE', #1296 ) ;
#4601 = LINE ( 'NONE', #3743, #7229 ) ;
#4602 = LINE ( 'NONE', #7587, #7334 ) ;
#4603 = FACE_OUTER_BOUND ( 'NONE', #3216, .T. ) ;
#4604 = FACE_OUTER_BOUND ( 'NONE', #6340, .T. ) ;
#4605 = CARTESIAN_POINT ( 'NONE',  ( 0.3750000000000008882, 0.1000000000000000056, 1.499999999999999778 ) ) ;
#4606 = ORIENTED_EDGE ( 'NONE', *, *, #5048, .T. ) ;
#4607 = DIRECTION ( 'NONE',  ( 0.000000000000000000, -0.000000000000000000, 1.000000000000000000 ) ) ;
#4608 = CARTESIAN_POINT ( 'NONE',  ( 1.124999999999999556, 0.6303300858899107961, -1.225000000000000311 ) ) ;
#4609 = ORIENTED_EDGE ( 'NONE', *, *, #7260, .F. ) ;
#4610 = ORIENTED_EDGE ( 'NONE', *, *, #1317, .F. ) ;
#4611 = EDGE_CURVE ( 'NONE', #3621, #4116, #2687, .T. ) ;
#4612 = CARTESIAN_POINT ( 'NONE',  ( 0.6250000000000003331, 0.1000000000000002554, -1.500000000000000222 ) ) ;
#4614 = ORIENTED_EDGE ( 'NONE', *, *, #3657, .F. ) ;
#4613 = DIRECTION ( 'NONE',  ( 0.000000000000000000, 0.000000000000000000, 1.000000000000000000 ) ) ;
#4615 = PLANE ( 'NONE',  #2000 ) ;
#4616 = VECTOR ( 'NONE', #5504, 1000.000000000000000 ) ;
#4617 = LINE ( 'NONE', #5202, #7212 ) ;
#4618 = ADVANCED_FACE ( 'NONE', ( #5 ), #2484, .T. ) ;
#4619 = LINE ( 'NONE', #2129, #7245 ) ;
#4620 = VECTOR ( 'NONE', #6002, 1000.000000000000000 ) ;
#4621 = VERTEX_POINT ( 'NONE', #7074 ) ;
#4622 = ORIENTED_EDGE ( 'NONE', *, *, #5844, .F. ) ;
#4623 = DIRECTION ( 'NONE',  ( -2.365532012695651739E-15, 0.000000000000000000, 1.000000000000000000 ) ) ;
#4624 = SURFACE_SIDE_STYLE ('',( #876 ) ) ;
#4625 = ORIENTED_EDGE ( 'NONE', *, *, #476, .F. ) ;
#4626 = VECTOR ( 'NONE', #1190, 1000.000000000000000 ) ;
#4627 = DIRECTION ( 'NONE',  ( 0.000000000000000000, 1.000000000000000000, 0.000000000000000000 ) ) ;
#4628 = DIRECTION ( 'NONE',  ( 1.577021341797098201E-15, -0.000000000000000000, 1.000000000000000000 ) ) ;
#4630 = MANIFOLD_SOLID_BREP ( 'PIN1', #4267 ) ;
#4629 = PRESENTATION_STYLE_ASSIGNMENT (( #7671 ) ) ;
#4631 = CARTESIAN_POINT ( 'NONE',  ( -0.6249999999999994449, 0.09999999999999999167, -1.499999999999999778 ) ) ;
#4632 = PLANE ( 'NONE',  #7833 ) ;
#4633 = FACE_OUTER_BOUND ( 'NONE', #1187, .T. ) ;
#4634 = VERTEX_POINT ( 'NONE', #3489 ) ;
#4635 = CARTESIAN_POINT ( 'NONE',  ( 1.299999999999999600, 0.09999999999999999167, -1.299999999999999822 ) ) ;
#4636 = CARTESIAN_POINT ( 'NONE',  ( -1.124999999999999112, 0.000000000000000000, -1.500000000000000222 ) ) ;
#4637 = AXIS2_PLACEMENT_3D ( 'NONE', #3084, #5170, #4613 ) ;
#4638 = ORIENTED_EDGE ( 'NONE', *, *, #3065, .T. ) ;
#4639 = AXIS2_PLACEMENT_3D ( 'NONE', #2514, #6106, #7545 ) ;
#4640 = SURFACE_SIDE_STYLE ('',( #5011 ) ) ;
#4641 = DIRECTION ( 'NONE',  ( -0.000000000000000000, -1.000000000000000000, 0.000000000000000000 ) ) ;
#4642 = EDGE_CURVE ( 'NONE', #651, #3315, #202, .T. ) ;
#4643 = ORIENTED_EDGE ( 'NONE', *, *, #3548, .F. ) ;
#4644 = CARTESIAN_POINT ( 'NONE',  ( 1.500000000000000000, 0.5716990566028299359, 0.8749999999999998890 ) ) ;
#4645 = VECTOR ( 'NONE', #1251, 1000.000000000000000 ) ;
#4646 = SURFACE_STYLE_FILL_AREA ( #5617 ) ;
#4647 = VECTOR ( 'NONE', #5733, 1000.000000000000000 ) ;
#4648 = CIRCLE ( 'NONE', #5633, 0.1249999999999998890 ) ;
#4649 = ORIENTED_EDGE ( 'NONE', *, *, #4205, .T. ) ;
#4650 = DIRECTION ( 'NONE',  ( 0.000000000000000000, 1.000000000000000000, 0.000000000000000000 ) ) ;
#4651 = CARTESIAN_POINT ( 'NONE',  ( 1.299999999999999600, 0.1000000000000000472, -1.499999999999999778 ) ) ;
#4652 = CARTESIAN_POINT ( 'NONE',  ( 0.3750000000000008882, 0.000000000000000000, 1.499999999999999778 ) ) ;
#4653 = ORIENTED_EDGE ( 'NONE', *, *, #4948, .T. ) ;
#4654 = EDGE_LOOP ( 'NONE', ( #4057, #3925, #813, #7254 ) ) ;
#4655 = DIRECTION ( 'NONE',  ( 0.000000000000000000, -1.000000000000000000, 0.000000000000000000 ) ) ;
#4656 = LINE ( 'NONE', #2074, #7230 ) ;
#4657 = VECTOR ( 'NONE', #3229, 1000.000000000000000 ) ;
#4658 = AXIS2_PLACEMENT_3D ( 'NONE', #3830, #3204, #211 ) ;
#4659 = CARTESIAN_POINT ( 'NONE',  ( -1.224999999999999423, 0.05000000000000002359, -0.7499999999999996669 ) ) ;
#4660 = VECTOR ( 'NONE', #7145, 1000.000000000000000 ) ;
#4661 = DIRECTION ( 'NONE',  ( 0.000000000000000000, 1.000000000000000000, 0.000000000000000000 ) ) ;
#4662 = ORIENTED_EDGE ( 'NONE', *, *, #3142, .F. ) ;
#4663 = CARTESIAN_POINT ( 'NONE',  ( 1.224999999999999423, 0.000000000000000000, 0.7500000000000003331 ) ) ;
#4664 = SURFACE_STYLE_USAGE ( .BOTH. , #2021 ) ;
#4665 = EDGE_CURVE ( 'NONE', #1079, #1996, #336, .T. ) ;
#4666 = MECHANICAL_DESIGN_GEOMETRIC_PRESENTATION_REPRESENTATION (  '', ( #5101 ), #4468 ) ;
#4667 = ORIENTED_EDGE ( 'NONE', *, *, #1408, .F. ) ;
#4668 = DIRECTION ( 'NONE',  ( 0.000000000000000000, -1.000000000000000000, 0.000000000000000000 ) ) ;
#4669 = ORIENTED_EDGE ( 'NONE', *, *, #4642, .T. ) ;
#4670 = EDGE_CURVE ( 'NONE', #2217, #5979, #5436, .T. ) ;
#4671 = DIRECTION ( 'NONE',  ( 0.000000000000000000, 0.000000000000000000, -1.000000000000000000 ) ) ;
#4672 = LINE ( 'NONE', #7454, #7175 ) ;
#4673 = LINE ( 'NONE', #4636, #4647 ) ;
#4674 = VECTOR ( 'NONE', #2025, 1000.000000000000000 ) ;
#4675 = EDGE_LOOP ( 'NONE', ( #4514, #5527, #3035, #2921 ) ) ;
#4676 = VERTEX_POINT ( 'NONE', #7667 ) ;
#4677 = AXIS2_PLACEMENT_3D ( 'NONE', #7565, #3258, #1335 ) ;
#4678 = DIRECTION ( 'NONE',  ( -1.000000000000000000, -0.000000000000000000, -0.000000000000000000 ) ) ;
#4679 = CARTESIAN_POINT ( 'NONE',  ( -0.6250000000000001110, 0.000000000000000000, -1.225000000000000311 ) ) ;
#4680 = ORIENTED_EDGE ( 'NONE', *, *, #6752, .F. ) ;
#4681 = FACE_OUTER_BOUND ( 'NONE', #6598, .T. ) ;
#4682 = VECTOR ( 'NONE', #2984, 1000.000000000000000 ) ;
#4683 = ADVANCED_FACE ( 'NONE', ( #5546 ), #5658, .F. ) ;
#4684 = EDGE_CURVE ( 'NONE', #1206, #6835, #2782, .T. ) ;
#4685 = LINE ( 'NONE', #4254, #2227 ) ;
#4686 = CARTESIAN_POINT ( 'NONE',  ( -1.499999999999999112, 0.000000000000000000, 1.125000000000000222 ) ) ;
#4687 = ORIENTED_EDGE ( 'NONE', *, *, #2410, .F. ) ;
#4688 = ORIENTED_EDGE ( 'NONE', *, *, #514, .F. ) ;
#4689 = ORIENTED_EDGE ( 'NONE', *, *, #7111, .F. ) ;
#4690 = PLANE ( 'NONE',  #4127 ) ;
#4691 = DIRECTION ( 'NONE',  ( -0.000000000000000000, -1.000000000000000000, -0.000000000000000000 ) ) ;
#4692 = AXIS2_PLACEMENT_3D ( 'NONE', #31, #5570, #6121 ) ;
#4693 = EDGE_LOOP ( 'NONE', ( #7097, #6436, #3101, #3855 ) ) ;
#4694 =( NAMED_UNIT ( * ) SI_UNIT ( $, .STERADIAN. ) SOLID_ANGLE_UNIT ( ) );
#4695 = DIRECTION ( 'NONE',  ( -0.000000000000000000, -1.000000000000000000, -0.000000000000000000 ) ) ;
#4696 = LINE ( 'NONE', #5281, #4743 ) ;
#4697 = CYLINDRICAL_SURFACE ( 'NONE', #7820, 0.1249999999999995698 ) ;
#4698 = VECTOR ( 'NONE', #7702, 1000.000000000000000 ) ;
#4699 = VECTOR ( 'NONE', #1571, 1000.000000000000000 ) ;
#4700 = EDGE_LOOP ( 'NONE', ( #7120, #2053, #938, #5830 ) ) ;
#4701 = EDGE_CURVE ( 'NONE', #1195, #2058, #209, .T. ) ;
#4702 = ORIENTED_EDGE ( 'NONE', *, *, #597, .F. ) ;
#4703 = CARTESIAN_POINT ( 'NONE',  ( 0.7500000000000004441, 0.5716990566028304910, 1.100000000000000533 ) ) ;
#4704 = ORIENTED_EDGE ( 'NONE', *, *, #677, .T. ) ;
#4705 = ORIENTED_EDGE ( 'NONE', *, *, #7590, .T. ) ;
#4706 = PLANE ( 'NONE',  #7460 ) ;
#4707 = FACE_OUTER_BOUND ( 'NONE', #7847, .T. ) ;
#4708 = VECTOR ( 'NONE', #2765, 1000.000000000000000 ) ;
#4709 = CARTESIAN_POINT ( 'NONE',  ( -1.500000000000000222, 0.05000000000000000278, 1.500000000000000000 ) ) ;
#4710 = VECTOR ( 'NONE', #4892, 1000.000000000000000 ) ;
#4711 = ORIENTED_EDGE ( 'NONE', *, *, #7497, .T. ) ;
#4712 = DIRECTION ( 'NONE',  ( 0.000000000000000000, 0.000000000000000000, 1.000000000000000000 ) ) ;
#4713 = DIRECTION ( 'NONE',  ( -0.000000000000000000, -1.000000000000000000, -0.000000000000000000 ) ) ;
#4714 = CARTESIAN_POINT ( 'NONE',  ( -1.124999999999999112, 0.6303300858899107961, 1.500000000000000222 ) ) ;
#4715 = ORIENTED_EDGE ( 'NONE', *, *, #572, .F. ) ;
#4716 = CARTESIAN_POINT ( 'NONE',  ( -0.3749999999999994449, 0.1000000000000000056, -1.500000000000000222 ) ) ;
#4717 = ORIENTED_EDGE ( 'NONE', *, *, #696, .F. ) ;
#4718 = DIRECTION ( 'NONE',  ( 0.000000000000000000, -0.000000000000000000, 1.000000000000000000 ) ) ;
#4719 = AXIS2_PLACEMENT_3D ( 'NONE', #2658, #1619, #2172 ) ;
#4720 = LINE ( 'NONE', #5464, #7160 ) ;
#4721 = VECTOR ( 'NONE', #231, 1000.000000000000000 ) ;
#4722 = VECTOR ( 'NONE', #5160, 1000.000000000000000 ) ;
#4723 = EDGE_LOOP ( 'NONE', ( #2010, #6203, #4820, #3395 ) ) ;
#4724 = ORIENTED_EDGE ( 'NONE', *, *, #2629, .T. ) ;
#4725 = DIRECTION ( 'NONE',  ( -1.000000000000000000, 0.000000000000000000, -3.097720492815726673E-16 ) ) ;
#4726 = VERTEX_POINT ( 'NONE', #6336 ) ;
#4727 = DIRECTION ( 'NONE',  ( 0.000000000000000000, 0.000000000000000000, 1.000000000000000000 ) ) ;
#4728 = LINE ( 'NONE', #3798, #7200 ) ;
#4729 = DIRECTION ( 'NONE',  ( -0.000000000000000000, 0.000000000000000000, -1.000000000000000000 ) ) ;
#4730 = LINE ( 'NONE', #2015, #1975 ) ;
#4731 = DIRECTION ( 'NONE',  ( 0.000000000000000000, -0.000000000000000000, 1.000000000000000000 ) ) ;
#4732 = VECTOR ( 'NONE', #2471, 1000.000000000000000 ) ;
#4733 = ORIENTED_EDGE ( 'NONE', *, *, #3986, .F. ) ;
#4734 = EDGE_CURVE ( 'NONE', #5144, #5872, #361, .T. ) ;
#4735 = DIRECTION ( 'NONE',  ( 0.000000000000000000, 1.000000000000000000, 0.000000000000000000 ) ) ;
#4736 = CARTESIAN_POINT ( 'NONE',  ( 1.224999999999999423, 0.09999999999999999167, -0.6250000000000001110 ) ) ;
#4737 = ORIENTED_EDGE ( 'NONE', *, *, #7063, .T. ) ;
#4738 = PLANE ( 'NONE',  #4326 ) ;
#4739 = EDGE_CURVE ( 'NONE', #3560, #877, #372, .T. ) ;
#4740 = ORIENTED_EDGE ( 'NONE', *, *, #5087, .F. ) ;
#4741 = AXIS2_PLACEMENT_3D ( 'NONE', #3116, #7496, #5983 ) ;
#4742 = CARTESIAN_POINT ( 'NONE',  ( -0.6250000000000001110, 0.5716990566028304910, -1.225000000000000311 ) ) ;
#4743 = VECTOR ( 'NONE', #5330, 1000.000000000000000 ) ;
#4744 = LINE ( 'NONE', #5118, #1899 ) ;
#4745 = ADVANCED_FACE ( 'NONE', ( #348 ), #292, .T. ) ;
#4746 = LINE ( 'NONE', #909, #2149 ) ;
#4747 = CARTESIAN_POINT ( 'NONE',  ( 0.2500000000000004441, 0.000000000000000000, 1.225000000000000311 ) ) ;
#4748 = FACE_OUTER_BOUND ( 'NONE', #2704, .T. ) ;
#4749 = ORIENTED_EDGE ( 'NONE', *, *, #7789, .F. ) ;
#4750 = ORIENTED_EDGE ( 'NONE', *, *, #4788, .T. ) ;
#4751 = DIRECTION ( 'NONE',  ( -0.000000000000000000, -1.000000000000000000, -0.000000000000000000 ) ) ;
#4752 = AXIS2_PLACEMENT_3D ( 'NONE', #5350, #60, #2545 ) ;
#4753 = ORIENTED_EDGE ( 'NONE', *, *, #953, .T. ) ;
#4754 = DIRECTION ( 'NONE',  ( 0.7071067811865434649, -0.000000000000000000, 0.7071067811865515695 ) ) ;
#4755 = EDGE_CURVE ( 'NONE', #7413, #6570, #2819, .T. ) ;
#4756 = LINE ( 'NONE', #5425, #2047 ) ;
#4757 = AXIS2_PLACEMENT_3D ( 'NONE', #3522, #4090, #4824 ) ;
#4758 = LINE ( 'NONE', #7674, #7364 ) ;
#4759 = VECTOR ( 'NONE', #2392, 1000.000000000000000 ) ;
#4760 = CARTESIAN_POINT ( 'NONE',  ( 0.1250000000000005551, 0.04999999999999969746, -1.500000000000000222 ) ) ;
#4761 = FACE_OUTER_BOUND ( 'NONE', #6758, .T. ) ;
#4762 = ORIENTED_EDGE ( 'NONE', *, *, #784, .T. ) ;
#4763 = CARTESIAN_POINT ( 'NONE',  ( 1.225000000000000089, 0.6303300858899107961, 1.225000000000000311 ) ) ;
#4764 = DIRECTION ( 'NONE',  ( 0.000000000000000000, 0.000000000000000000, 1.000000000000000000 ) ) ;
#4765 = CARTESIAN_POINT ( 'NONE',  ( -0.7499999999999995559, 0.1000000000000000056, 1.100000000000000533 ) ) ;
#4766 = EDGE_CURVE ( 'NONE', #4461, #1935, #2805, .T. ) ;
#4767 = EDGE_CURVE ( 'NONE', #4803, #5671, #255, .T. ) ;
#4768 = ORIENTED_EDGE ( 'NONE', *, *, #3729, .F. ) ;
#4769 = ORIENTED_EDGE ( 'NONE', *, *, #201, .F. ) ;
#4770 = SURFACE_STYLE_USAGE ( .BOTH. , #6655 ) ;
#4771 = DIRECTION ( 'NONE',  ( -1.577021341797098398E-15, 0.000000000000000000, -1.000000000000000000 ) ) ;
#4772 = LINE ( 'NONE', #2988, #2175 ) ;
#4773 = EDGE_LOOP ( 'NONE', ( #1271, #2364, #4789, #3266 ) ) ;
#4774 = ORIENTED_EDGE ( 'NONE', *, *, #5776, .T. ) ;
#4775 = EDGE_CURVE ( 'NONE', #4511, #2521, #2751, .T. ) ;
#4776 = DIRECTION ( 'NONE',  ( 0.000000000000000000, 0.000000000000000000, -1.000000000000000000 ) ) ;
#4777 = VERTEX_POINT ( 'NONE', #945 ) ;
#4778 = FACE_OUTER_BOUND ( 'NONE', #2689, .T. ) ;
#4779 = DIRECTION ( 'NONE',  ( -1.734723475976807292E-15, 0.000000000000000000, -1.000000000000000000 ) ) ;
#4780 = LINE ( 'NONE', #1549, #4792 ) ;
#4781 = DIRECTION ( 'NONE',  ( -1.000000000000000000, 0.000000000000000000, -0.000000000000000000 ) ) ;
#4782 = DIRECTION ( 'NONE',  ( 1.000000000000000000, -0.000000000000000000, 0.000000000000000000 ) ) ;
#4783 = ORIENTED_EDGE ( 'NONE', *, *, #6915, .T. ) ;
#4784 = PLANE ( 'NONE',  #4389 ) ;
#4785 = EDGE_LOOP ( 'NONE', ( #6131, #1004, #6889, #7173 ) ) ;
#4786 = DIRECTION ( 'NONE',  ( -1.577021341797098201E-15, -0.000000000000000000, 1.000000000000000000 ) ) ;
#4787 = ADVANCED_FACE ( 'NONE', ( #2740 ), #1447, .T. ) ;
#4788 = EDGE_CURVE ( 'NONE', #6930, #3805, #2917, .T. ) ;
#4789 = ORIENTED_EDGE ( 'NONE', *, *, #2750, .T. ) ;
#4790 = DIRECTION ( 'NONE',  ( 0.000000000000000000, 0.000000000000000000, -1.000000000000000000 ) ) ;
#4791 = DIRECTION ( 'NONE',  ( 0.000000000000000000, 1.000000000000000000, 0.000000000000000000 ) ) ;
#4792 = VECTOR ( 'NONE', #3307, 1000.000000000000000 ) ;
#4793 = CARTESIAN_POINT ( 'NONE',  ( 1.499999999999999556, 0.000000000000000000, 1.124999999999999778 ) ) ;
#4794 = VECTOR ( 'NONE', #2523, 1000.000000000000000 ) ;
#4795 = ORIENTED_EDGE ( 'NONE', *, *, #751, .F. ) ;
#4796 = ORIENTED_EDGE ( 'NONE', *, *, #3110, .T. ) ;
#4797 = DIRECTION ( 'NONE',  ( 0.000000000000000000, 0.000000000000000000, 1.000000000000000000 ) ) ;
#4798 = ORIENTED_EDGE ( 'NONE', *, *, #5087, .T. ) ;
#4799 = ADVANCED_FACE ( 'NONE', ( #5411 ), #5520, .T. ) ;
#4800 = VECTOR ( 'NONE', #3968, 1000.000000000000000 ) ;
#4801 = DIRECTION ( 'NONE',  ( 0.000000000000000000, 0.000000000000000000, -1.000000000000000000 ) ) ;
#4802 = LINE ( 'NONE', #2572, #7450 ) ;
#4803 = VERTEX_POINT ( 'NONE', #3312 ) ;
#4804 =( LENGTH_UNIT ( ) NAMED_UNIT ( * ) SI_UNIT ( .MILLI., .METRE. ) );
#4805 = CARTESIAN_POINT ( 'NONE',  ( 0.8750000000000003331, 0.1000000000000000056, 1.225000000000000311 ) ) ;
#4806 = CARTESIAN_POINT ( 'NONE',  ( -0.7499999999999997780, 0.1000000000000000056, -1.224999999999999867 ) ) ;
#4807 = AXIS2_PLACEMENT_3D ( 'NONE', #2423, #7272, #7822 ) ;
#4808 = ORIENTED_EDGE ( 'NONE', *, *, #5994, .F. ) ;
#4809 = AXIS2_PLACEMENT_3D ( 'NONE', #4240, #5013, #2456 ) ;
#4810 = EDGE_CURVE ( 'NONE', #5861, #7378, #5354, .T. ) ;
#4811 = CARTESIAN_POINT ( 'NONE',  ( 0.8749999999999998890, 0.09999999999999999167, -1.225000000000000311 ) ) ;
#4812 = ORIENTED_EDGE ( 'NONE', *, *, #6286, .F. ) ;
#4813 = DIRECTION ( 'NONE',  ( -0.000000000000000000, -1.000000000000000000, -0.000000000000000000 ) ) ;
#4814 = CARTESIAN_POINT ( 'NONE',  ( -0.6999999999999998446, 2.079898987322333248, -0.4000000000000001332 ) ) ;
#4815 = VECTOR ( 'NONE', #4169, 1000.000000000000000 ) ;
#4816 = VECTOR ( 'NONE', #6564, 1000.000000000000000 ) ;
#4817 = DIRECTION ( 'NONE',  ( 0.000000000000000000, 1.000000000000000000, 0.000000000000000000 ) ) ;
#4818 = FACE_OUTER_BOUND ( 'NONE', #7652, .T. ) ;
#4819 = EDGE_CURVE ( 'NONE', #6154, #5391, #2982, .T. ) ;
#4820 = ORIENTED_EDGE ( 'NONE', *, *, #2384, .T. ) ;
#4821 =( NAMED_UNIT ( * ) PLANE_ANGLE_UNIT ( ) SI_UNIT ( $, .RADIAN. ) );
#4822 = CLOSED_SHELL ( 'NONE', ( #618, #4024, #5838, #341, #1330, #7155, #1046, #4618, #5134 ) ) ;
#4823 = AXIS2_PLACEMENT_3D ( 'NONE', #7516, #2627, #2603 ) ;
#4824 = DIRECTION ( 'NONE',  ( 0.000000000000000000, 0.000000000000000000, 1.000000000000000000 ) ) ;
#4825 = UNCERTAINTY_MEASURE_WITH_UNIT (LENGTH_MEASURE( 1.000000000000000082E-05 ), #7573, 'distance_accuracy_value', 'NONE');
#4826 = ORIENTED_EDGE ( 'NONE', *, *, #3948, .F. ) ;
#4827 = EDGE_CURVE ( 'NONE', #2718, #6793, #246, .T. ) ;
#4828 = LINE ( 'NONE', #3242, #7265 ) ;
#4829 = DIRECTION ( 'NONE',  ( 0.000000000000000000, 0.000000000000000000, 1.000000000000000000 ) ) ;
#4830 = VECTOR ( 'NONE', #4101, 1000.000000000000000 ) ;
#4831 = CARTESIAN_POINT ( 'NONE',  ( -1.224999999999999423, 0.000000000000000000, -0.2499999999999996669 ) ) ;
#4832 = LINE ( 'NONE', #7287, #1977 ) ;
#4833 = VERTEX_POINT ( 'NONE', #5688 ) ;
#4834 = EDGE_CURVE ( 'NONE', #5719, #3459, #5561, .T. ) ;
#4835 = DIRECTION ( 'NONE',  ( -0.000000000000000000, -1.000000000000000000, -0.000000000000000000 ) ) ;
#4836 = DIRECTION ( 'NONE',  ( 0.000000000000000000, -1.000000000000000000, 0.000000000000000000 ) ) ;
#4837 = AXIS2_PLACEMENT_3D ( 'NONE', #3070, #7539, #6099 ) ;
#4838 = VERTEX_POINT ( 'NONE', #2795 ) ;
#4839 = CARTESIAN_POINT ( 'NONE',  ( -1.125000000000000222, 0.8000000000000000444, -1.250000000000000222 ) ) ;
#4840 = ORIENTED_EDGE ( 'NONE', *, *, #3320, .T. ) ;
#4841 = DIRECTION ( 'NONE',  ( 0.000000000000000000, 0.000000000000000000, 1.000000000000000000 ) ) ;
#4842 = EDGE_CURVE ( 'NONE', #4294, #4676, #5532, .T. ) ;
#4843 = DIRECTION ( 'NONE',  ( 0.000000000000000000, -0.000000000000000000, 1.000000000000000000 ) ) ;
#4844 = CIRCLE ( 'NONE', #5308, 0.1250000000000003331 ) ;
#4845 = FACE_OUTER_BOUND ( 'NONE', #3337, .T. ) ;
#4846 = CARTESIAN_POINT ( 'NONE',  ( 1.224999999999999423, 0.05000000000000002359, 0.7500000000000003331 ) ) ;
#4847 = CARTESIAN_POINT ( 'NONE',  ( 1.299999999999999600, 0.1000000000000002554, 1.499999999999999778 ) ) ;
#4848 = FACE_OUTER_BOUND ( 'NONE', #6248, .T. ) ;
#4849 = ORIENTED_EDGE ( 'NONE', *, *, #7818, .F. ) ;
#4850 = DIRECTION ( 'NONE',  ( 0.000000000000000000, 0.000000000000000000, -1.000000000000000000 ) ) ;
#4851 = EDGE_CURVE ( 'NONE', #3685, #123, #2894, .T. ) ;
#4852 = DIRECTION ( 'NONE',  ( 1.000000000000000000, -0.000000000000000000, -0.000000000000000000 ) ) ;
#4853 = ORIENTED_EDGE ( 'NONE', *, *, #4070, .T. ) ;
#4854 = AXIS2_PLACEMENT_3D ( 'NONE', #7396, #1833, #85 ) ;
#4855 = CARTESIAN_POINT ( 'NONE',  ( 0.7000000000000000666, 0.05000000000000012768, 0.7000000000000000666 ) ) ;
#4856 = CARTESIAN_POINT ( 'NONE',  ( 0.7500000000000004441, 0.1000000000000000056, 1.100000000000000533 ) ) ;
#4857 = ADVANCED_FACE ( 'NONE', ( #5400 ), #2880, .T. ) ;
#4858 = ORIENTED_EDGE ( 'NONE', *, *, #3656, .F. ) ;
#4859 = VECTOR ( 'NONE', #5212, 1000.000000000000000 ) ;
#4860 = EDGE_CURVE ( 'NONE', #6233, #3578, #5507, .T. ) ;
#4861 = EDGE_CURVE ( 'NONE', #6253, #3390, #5479, .T. ) ;
#4862 = VECTOR ( 'NONE', #7447, 1000.000000000000000 ) ;
#4863 = EDGE_LOOP ( 'NONE', ( #599, #6044, #1923, #941 ) ) ;
#4864 = DIRECTION ( 'NONE',  ( 0.000000000000000000, 0.000000000000000000, -1.000000000000000000 ) ) ;
#4865 =( GEOMETRIC_REPRESENTATION_CONTEXT ( 3 ) GLOBAL_UNCERTAINTY_ASSIGNED_CONTEXT ( ( #6419 ) ) GLOBAL_UNIT_ASSIGNED_CONTEXT ( ( #6246, #5620, #2672 ) ) REPRESENTATION_CONTEXT ( 'NONE', 'WORKASPACE' ) );
#4866 = CARTESIAN_POINT ( 'NONE',  ( 0.7500000000000004441, 0.05000000000000000278, 1.100000000000000533 ) ) ;
#4867 = VERTEX_POINT ( 'NONE', #7485 ) ;
#4868 = VERTEX_POINT ( 'NONE', #5596 ) ;
#4869 = DIRECTION ( 'NONE',  ( 0.000000000000000000, 0.000000000000000000, 1.000000000000000000 ) ) ;
#4870 = PLANE ( 'NONE',  #1170 ) ;
#4871 = LINE ( 'NONE', #5050, #7554 ) ;
#4872 = ADVANCED_FACE ( 'NONE', ( #5389 ), #2596, .F. ) ;
#4873 = VECTOR ( 'NONE', #5840, 1000.000000000000000 ) ;
#4874 = CARTESIAN_POINT ( 'NONE',  ( -0.6249999999999994449, 0.000000000000000000, -1.499999999999999778 ) ) ;
#4875 = FACE_OUTER_BOUND ( 'NONE', #549, .T. ) ;
#4876 = VERTEX_POINT ( 'NONE', #5143 ) ;
#4877 = ORIENTED_EDGE ( 'NONE', *, *, #6880, .T. ) ;
#4878 = EDGE_CURVE ( 'NONE', #5974, #2220, #190, .T. ) ;
#4879 = DIRECTION ( 'NONE',  ( 1.000000000000000000, -0.000000000000000000, -0.000000000000000000 ) ) ;
#4880 = EDGE_LOOP ( 'NONE', ( #6133, #1536, #581, #1101 ) ) ;
#4881 = AXIS2_PLACEMENT_3D ( 'NONE', #4051, #1166, #5224 ) ;
#4882 = VECTOR ( 'NONE', #3759, 1000.000000000000000 ) ;
#4883 = DIRECTION ( 'NONE',  ( 0.000000000000000000, 0.000000000000000000, -1.000000000000000000 ) ) ;
#4884 = CARTESIAN_POINT ( 'NONE',  ( -0.6999999999999998446, 0.05000000000000000278, 0.6999999999999996225 ) ) ;
#4885 = LINE ( 'NONE', #579, #2482 ) ;
#4886 = DIRECTION ( 'NONE',  ( -1.577021341797098201E-15, 0.000000000000000000, 1.000000000000000000 ) ) ;
#4887 = CARTESIAN_POINT ( 'NONE',  ( 0.8750000000000008882, 0.09999999999999999167, 1.499999999999999778 ) ) ;
#4888 = LINE ( 'NONE', #6007, #5294 ) ;
#4889 = ORIENTED_EDGE ( 'NONE', *, *, #6569, .F. ) ;
#4890 = DIRECTION ( 'NONE',  ( 0.000000000000000000, 1.000000000000000000, 0.000000000000000000 ) ) ;
#4891 = EDGE_CURVE ( 'NONE', #1641, #6263, #2948, .T. ) ;
#4892 = DIRECTION ( 'NONE',  ( 0.000000000000000000, -0.000000000000000000, 1.000000000000000000 ) ) ;
#4893 = ORIENTED_EDGE ( 'NONE', *, *, #6255, .T. ) ;
#4894 = PLANE ( 'NONE',  #1597 ) ;
#4895 = DIRECTION ( 'NONE',  ( 3.942553354492735642E-16, 0.000000000000000000, 1.000000000000000000 ) ) ;
#4896 = FACE_OUTER_BOUND ( 'NONE', #3414, .T. ) ;
#4897 = LINE ( 'NONE', #6504, #7617 ) ;
#4898 = DIRECTION ( 'NONE',  ( 0.000000000000000000, -1.000000000000000000, 0.000000000000000000 ) ) ;
#4899 = PRESENTATION_STYLE_ASSIGNMENT (( #1766 ) ) ;
#4900 = ADVANCED_FACE ( 'NONE', ( #2907 ), #5272, .T. ) ;
#4901 = CARTESIAN_POINT ( 'NONE',  ( 1.299999999999999600, 0.000000000000000000, -1.499999999999999778 ) ) ;
#4902 = CARTESIAN_POINT ( 'NONE',  ( 1.500000000000000000, 0.000000000000000000, -0.3749999999999991673 ) ) ;
#4903 = CARTESIAN_POINT ( 'NONE',  ( 1.499999999999999556, 5.842640687119284415, 1.499999999999999778 ) ) ;
#4904 = MANIFOLD_SOLID_BREP ( 'LPattern3[2]', #6625 ) ;
#4905 = DIRECTION ( 'NONE',  ( 0.000000000000000000, 0.000000000000000000, -1.000000000000000000 ) ) ;
#4906 = ORIENTED_EDGE ( 'NONE', *, *, #4827, .F. ) ;
#4907 = DIRECTION ( 'NONE',  ( 0.000000000000000000, 0.000000000000000000, 1.000000000000000000 ) ) ;
#4908 = CYLINDRICAL_SURFACE ( 'NONE', #3292, 0.1000000000000006994 ) ;
#4909 = FACE_OUTER_BOUND ( 'NONE', #1178, .T. ) ;
#4910 = AXIS2_PLACEMENT_3D ( 'NONE', #2216, #7654, #4584 ) ;
#4911 = LINE ( 'NONE', #3333, #2306 ) ;
#4912 = DIRECTION ( 'NONE',  ( 0.000000000000000000, 0.000000000000000000, -1.000000000000000000 ) ) ;
#4913 = EDGE_CURVE ( 'NONE', #2176, #5649, #3030, .T. ) ;
#4914 = EDGE_CURVE ( 'NONE', #3577, #3712, #5859, .T. ) ;
#4915 = ADVANCED_FACE ( 'NONE', ( #540 ), #3582, .F. ) ;
#4916 = ADVANCED_FACE ( 'NONE', ( #455 ), #3151, .F. ) ;
#4917 = CARTESIAN_POINT ( 'NONE',  ( 1.124999999999999556, 0.09999999999999999167, -1.225000000000000311 ) ) ;
#4918 = ORIENTED_EDGE ( 'NONE', *, *, #4611, .F. ) ;
#4919 = CARTESIAN_POINT ( 'NONE',  ( -0.1249999999999991396, 0.1000000000000000056, 1.499999999999999778 ) ) ;
#4920 = VECTOR ( 'NONE', #6882, 1000.000000000000000 ) ;
#4921 = SURFACE_SIDE_STYLE ('',( #6177 ) ) ;
#4922 = LINE ( 'NONE', #6450, #4945 ) ;
#4923 = DIRECTION ( 'NONE',  ( 0.000000000000000000, 0.000000000000000000, 1.000000000000000000 ) ) ;
#4924 = EDGE_LOOP ( 'NONE', ( #6711, #3930, #6742, #4298 ) ) ;
#4925 = EDGE_CURVE ( 'NONE', #6233, #7347, #5703, .T. ) ;
#4926 = VECTOR ( 'NONE', #4084, 1000.000000000000000 ) ;
#4927 =( GEOMETRIC_REPRESENTATION_CONTEXT ( 3 ) GLOBAL_UNCERTAINTY_ASSIGNED_CONTEXT ( ( #1684 ) ) GLOBAL_UNIT_ASSIGNED_CONTEXT ( ( #1197, #2447, #7191 ) ) REPRESENTATION_CONTEXT ( 'NONE', 'WORKASPACE' ) );
#4928 = ADVANCED_FACE ( 'NONE', ( #5821 ), #1277, .F. ) ;
#4929 = DIRECTION ( 'NONE',  ( 0.000000000000000000, 0.000000000000000000, -1.000000000000000000 ) ) ;
#4930 = CARTESIAN_POINT ( 'NONE',  ( -1.224999999999999423, 0.09999999999999999167, 0.8749999999999998890 ) ) ;
#4931 = LINE ( 'NONE', #4050, #5091 ) ;
#4932 = DIRECTION ( 'NONE',  ( -1.577021341797098201E-15, 0.000000000000000000, 1.000000000000000000 ) ) ;
#4933 = DIRECTION ( 'NONE',  ( 0.000000000000000000, -1.000000000000000000, 0.000000000000000000 ) ) ;
#4934 = CARTESIAN_POINT ( 'NONE',  ( 1.224999999999999423, 0.09999999999999999167, 0.1250000000000007494 ) ) ;
#4935 = EDGE_CURVE ( 'NONE', #3417, #6467, #5765, .T. ) ;
#4936 = DIRECTION ( 'NONE',  ( 0.000000000000000000, 1.000000000000000000, 0.000000000000000000 ) ) ;
#4937 = ORIENTED_EDGE ( 'NONE', *, *, #7157, .F. ) ;
#4938 = CARTESIAN_POINT ( 'NONE',  ( -1.224999999999999423, 0.5716990566028299359, -0.3749999999999992228 ) ) ;
#4939 = DIRECTION ( 'NONE',  ( 0.000000000000000000, 1.000000000000000000, 0.000000000000000000 ) ) ;
#4940 = CIRCLE ( 'NONE', #6772, 0.1249999999999998890 ) ;
#4941 = FACE_OUTER_BOUND ( 'NONE', #3829, .T. ) ;
#4942 = DIRECTION ( 'NONE',  ( 0.000000000000000000, 1.000000000000000000, 0.000000000000000000 ) ) ;
#4943 = EDGE_CURVE ( 'NONE', #6767, #3955, #3214, .T. ) ;
#4944 = DIRECTION ( 'NONE',  ( -1.000000000000000000, 0.000000000000000000, -0.000000000000000000 ) ) ;
#4945 = VECTOR ( 'NONE', #531, 1000.000000000000000 ) ;
#4946 = DIRECTION ( 'NONE',  ( -1.000000000000000000, 0.000000000000000000, 2.365532012695651739E-15 ) ) ;
#4947 = CARTESIAN_POINT ( 'NONE',  ( 1.224999999999999423, 0.000000000000000000, -0.1250000000000001110 ) ) ;
#4948 = EDGE_CURVE ( 'NONE', #3918, #1706, #466, .T. ) ;
#4949 = EDGE_CURVE ( 'NONE', #1719, #4600, #3165, .T. ) ;
#4950 = DIRECTION ( 'NONE',  ( -0.000000000000000000, 1.000000000000000000, -0.000000000000000000 ) ) ;
#4951 = CARTESIAN_POINT ( 'NONE',  ( -1.499999999999999112, 0.09999999999999999167, 1.300000000000000266 ) ) ;
#4952 = ORIENTED_EDGE ( 'NONE', *, *, #5707, .F. ) ;
#4953 = VECTOR ( 'NONE', #4960, 1000.000000000000000 ) ;
#4954 = FACE_OUTER_BOUND ( 'NONE', #7067, .T. ) ;
#4955 = CARTESIAN_POINT ( 'NONE',  ( -1.224999999999999645, 0.09999999999999999167, 1.225000000000000755 ) ) ;
#4956 = MANIFOLD_SOLID_BREP ( 'LPattern4[4]', #2936 ) ;
#4957 = ADVANCED_FACE ( 'NONE', ( #435 ), #6087, .T. ) ;
#4958 = CARTESIAN_POINT ( 'NONE',  ( -1.125000000000000222, 0.8000000000000000444, -0.9999999999999995559 ) ) ;
#4959 = EDGE_CURVE ( 'NONE', #1312, #6970, #593, .T. ) ;
#4960 = DIRECTION ( 'NONE',  ( 0.000000000000000000, 0.000000000000000000, 1.000000000000000000 ) ) ;
#4961 = ORIENTED_EDGE ( 'NONE', *, *, #690, .T. ) ;
#4962 = CARTESIAN_POINT ( 'NONE',  ( 0.000000000000000000, 0.05000000000000000278, 0.3749999999999998890 ) ) ;
#4963 = LINE ( 'NONE', #7772, #4859 ) ;
#4964 = VECTOR ( 'NONE', #7700, 1000.000000000000000 ) ;
#4965 = LINE ( 'NONE', #6397, #2419 ) ;
#4966 = CARTESIAN_POINT ( 'NONE',  ( -1.124999999999999112, 0.1000000000000000472, 1.500000000000000222 ) ) ;
#4967 = DIRECTION ( 'NONE',  ( 0.000000000000000000, 1.000000000000000000, 0.000000000000000000 ) ) ;
#4968 = ADVANCED_FACE ( 'NONE', ( #3057 ), #1151, .F. ) ;
#4969 = ORIENTED_EDGE ( 'NONE', *, *, #227, .T. ) ;
#4970 = EDGE_CURVE ( 'NONE', #4600, #4803, #3076, .T. ) ;
#4971 = LINE ( 'NONE', #332, #2439 ) ;
#4972 = DIRECTION ( 'NONE',  ( -0.000000000000000000, -1.000000000000000000, -0.000000000000000000 ) ) ;
#4973 = FACE_OUTER_BOUND ( 'NONE', #4526, .T. ) ;
#4974 = CARTESIAN_POINT ( 'NONE',  ( -0.7499999999999997780, 0.1000000000000000056, -1.224999999999999867 ) ) ;
#4975 = DIRECTION ( 'NONE',  ( 0.000000000000000000, -0.000000000000000000, 1.000000000000000000 ) ) ;
#4976 = CIRCLE ( 'NONE', #392, 0.1000000000000006994 ) ;
#4977 = CARTESIAN_POINT ( 'NONE',  ( 0.8750000000000008882, 0.1000000000000000056, 1.499999999999999778 ) ) ;
#4978 = DIRECTION ( 'NONE',  ( 3.942553354492735642E-16, -0.000000000000000000, 1.000000000000000000 ) ) ;
#4979 = CARTESIAN_POINT ( 'NONE',  ( 0.7500000000000004441, 0.000000000000000000, 1.225000000000000311 ) ) ;
#4980 = ORIENTED_EDGE ( 'NONE', *, *, #3574, .T. ) ;
#4981 = DIRECTION ( 'NONE',  ( 0.000000000000000000, -1.000000000000000000, 0.000000000000000000 ) ) ;
#4982 = PLANE ( 'NONE',  #3977 ) ;
#4983 = LINE ( 'NONE', #7595, #7614 ) ;
#4984 = ADVANCED_FACE ( 'NONE', ( #5751 ), #578, .F. ) ;
#4985 = FILL_AREA_STYLE_COLOUR ( '', #6370 ) ;
#4986 = CARTESIAN_POINT ( 'NONE',  ( -1.224999999999999645, 0.000000000000000000, -1.225000000000000755 ) ) ;
#4987 = VECTOR ( 'NONE', #858, 1000.000000000000000 ) ;
#4988 = ORIENTED_EDGE ( 'NONE', *, *, #6569, .T. ) ;
#4989 = DIRECTION ( 'NONE',  ( -1.000000000000000000, 0.000000000000000000, 0.000000000000000000 ) ) ;
#4990 = DIRECTION ( 'NONE',  ( 0.000000000000000000, 1.000000000000000000, 0.000000000000000000 ) ) ;
#4991 = DIRECTION ( 'NONE',  ( 0.000000000000000000, 1.000000000000000000, 0.000000000000000000 ) ) ;
#4992 = AXIS2_PLACEMENT_3D ( 'NONE', #3433, #1720, #1782 ) ;
#4993 = CARTESIAN_POINT ( 'NONE',  ( 0.000000000000000000, 0.000000000000000000, 0.000000000000000000 ) ) ;
#4994 =( GEOMETRIC_REPRESENTATION_CONTEXT ( 3 ) GLOBAL_UNCERTAINTY_ASSIGNED_CONTEXT ( ( #3368 ) ) GLOBAL_UNIT_ASSIGNED_CONTEXT ( ( #5316, #3541, #7176 ) ) REPRESENTATION_CONTEXT ( 'NONE', 'WORKASPACE' ) );
#4995 = ORIENTED_EDGE ( 'NONE', *, *, #5099, .T. ) ;
#4996 = EDGE_CURVE ( 'NONE', #4833, #3105, #3202, .T. ) ;
#4997 = VECTOR ( 'NONE', #7151, 1000.000000000000000 ) ;
#4998 = COLOUR_RGB ( '',0.7921568627450980005, 0.8196078431372548767, 0.9333333333333333481 ) ;
#4999 = CARTESIAN_POINT ( 'NONE',  ( -0.2499999999999995837, 0.000000000000000000, 1.225000000000000311 ) ) ;
#5000 = EDGE_CURVE ( 'NONE', #3705, #2679, #5833, .T. ) ;
#5001 = EDGE_LOOP ( 'NONE', ( #1565, #1383, #1413, #5384 ) ) ;
#5002 = DIRECTION ( 'NONE',  ( 0.000000000000000000, -1.000000000000000000, 0.000000000000000000 ) ) ;
#5003 = DIRECTION ( 'NONE',  ( 0.000000000000000000, 1.000000000000000000, 0.000000000000000000 ) ) ;
#5004 = ORIENTED_EDGE ( 'NONE', *, *, #2042, .F. ) ;
#5005 = CARTESIAN_POINT ( 'NONE',  ( -0.1249999999999990286, 0.1000000000000002554, 1.500000000000000000 ) ) ;
#5006 = DIRECTION ( 'NONE',  ( 1.000000000000000000, 0.000000000000000000, -1.577021341797098398E-15 ) ) ;
#5007 = LINE ( 'NONE', #2331, #2326 ) ;
#5009 = CARTESIAN_POINT ( 'NONE',  ( 1.224999999999999423, 0.5716990566028299359, -0.6250000000000001110 ) ) ;
#5008 = LINE ( 'NONE', #6562, #2296 ) ;
#5010 = CARTESIAN_POINT ( 'NONE',  ( -1.224999999999999423, 0.000000000000000000, -0.1250000000000001110 ) ) ;
#5011 = SURFACE_STYLE_FILL_AREA ( #1609 ) ;
#5012 = AXIS2_PLACEMENT_3D ( 'NONE', #5289, #5244, #418 ) ;
#5013 = DIRECTION ( 'NONE',  ( 0.000000000000000000, -1.000000000000000000, 0.000000000000000000 ) ) ;
#5014 = ORIENTED_EDGE ( 'NONE', *, *, #5174, .F. ) ;
#5015 = EDGE_CURVE ( 'NONE', #869, #5928, #5845, .T. ) ;
#5016 = ADVANCED_FACE ( 'NONE', ( #5646 ), #1026, .F. ) ;
#5017 = AXIS2_PLACEMENT_3D ( 'NONE', #2502, #673, #6222 ) ;
#5018 = DIRECTION ( 'NONE',  ( -0.000000000000000000, -1.000000000000000000, -0.000000000000000000 ) ) ;
#5019 = DIRECTION ( 'NONE',  ( -0.000000000000000000, -1.000000000000000000, -0.000000000000000000 ) ) ;
#5020 = LINE ( 'NONE', #7480, #4920 ) ;
#5021 = EDGE_CURVE ( 'NONE', #4480, #5332, #3006, .T. ) ;
#5022 = DIRECTION ( 'NONE',  ( 0.000000000000000000, 1.000000000000000000, 0.000000000000000000 ) ) ;
#5023 = FACE_OUTER_BOUND ( 'NONE', #6495, .T. ) ;
#5024 =( LENGTH_UNIT ( ) NAMED_UNIT ( * ) SI_UNIT ( .MILLI., .METRE. ) );
#5025 = DIRECTION ( 'NONE',  ( -0.000000000000000000, -1.000000000000000000, -0.000000000000000000 ) ) ;
#5026 = CARTESIAN_POINT ( 'NONE',  ( -1.224999999999999423, 0.09999999999999999167, 0.1250000000000007494 ) ) ;
#5027 = CARTESIAN_POINT ( 'NONE',  ( -0.8749999999999996669, 0.05000000000000000278, -1.225000000000000311 ) ) ;
#5028 = EDGE_LOOP ( 'NONE', ( #3513, #5913, #2632, #1666, #930, #1643, #6005 ) ) ;
#5029 = DIRECTION ( 'NONE',  ( -1.000000000000000000, 0.000000000000000000, -0.000000000000000000 ) ) ;
#5030 = CARTESIAN_POINT ( 'NONE',  ( 1.224999999999999423, 0.5716990566028299359, 0.1250000000000007494 ) ) ;
#5031 = AXIS2_PLACEMENT_3D ( 'NONE', #4290, #3576, #2858 ) ;
#5032 = ADVANCED_FACE ( 'NONE', ( #3250 ), #2323, .F. ) ;
#5033 = PLANE ( 'NONE',  #5334 ) ;
#5034 = DIRECTION ( 'NONE',  ( 0.000000000000000000, 0.000000000000000000, -1.000000000000000000 ) ) ;
#5035 = DIRECTION ( 'NONE',  ( 0.000000000000000000, 0.000000000000000000, 1.000000000000000000 ) ) ;
#5036 = FACE_OUTER_BOUND ( 'NONE', #7217, .T. ) ;
#5037 = FACE_OUTER_BOUND ( 'NONE', #4561, .T. ) ;
#5038 = CARTESIAN_POINT ( 'NONE',  ( -1.299999999999999156, 0.04999999999999971134, 1.500000000000000222 ) ) ;
#5039 = EDGE_CURVE ( 'NONE', #569, #602, #5725, .T. ) ;
#5040 = ORIENTED_EDGE ( 'NONE', *, *, #2165, .T. ) ;
#5041 = DIRECTION ( 'NONE',  ( 0.000000000000000000, -0.000000000000000000, 1.000000000000000000 ) ) ;
#5042 = PRODUCT_DEFINITION_CONTEXT ( 'detailed design', #747, 'design' ) ;
#5043 = DIRECTION ( 'NONE',  ( 1.577021341797098201E-15, -0.000000000000000000, 1.000000000000000000 ) ) ;
#5044 = STYLED_ITEM ( 'NONE', ( #7574 ), #3343 ) ;
#5045 = FACE_OUTER_BOUND ( 'NONE', #1474, .T. ) ;
#5046 = VECTOR ( 'NONE', #5116, 1000.000000000000000 ) ;
#5047 = VECTOR ( 'NONE', #4786, 1000.000000000000000 ) ;
#5048 = EDGE_CURVE ( 'NONE', #6881, #1064, #3125, .T. ) ;
#5049 = ORIENTED_EDGE ( 'NONE', *, *, #1800, .T. ) ;
#5050 = CARTESIAN_POINT ( 'NONE',  ( 0.8750000000000005551, 0.1000000000000000056, -1.499999999999999778 ) ) ;
#5051 = CARTESIAN_POINT ( 'NONE',  ( -1.124999999999999112, 0.1000000000000000472, -1.225000000000000755 ) ) ;
#5052 = VECTOR ( 'NONE', #5169, 1000.000000000000000 ) ;
#5053 = VECTOR ( 'NONE', #5074, 1000.000000000000000 ) ;
#5054 = DIRECTION ( 'NONE',  ( 1.000000000000000000, 0.000000000000000000, -0.000000000000000000 ) ) ;
#5055 = FACE_OUTER_BOUND ( 'NONE', #4062, .T. ) ;
#5056 = CARTESIAN_POINT ( 'NONE',  ( -1.224999999999999645, 0.1000000000000000472, 1.225000000000000755 ) ) ;
#5057 = VERTEX_POINT ( 'NONE', #971 ) ;
#5058 = DIRECTION ( 'NONE',  ( 0.000000000000000000, 0.000000000000000000, 1.000000000000000000 ) ) ;
#5059 = DIRECTION ( 'NONE',  ( -1.000000000000000000, 0.000000000000000000, 3.942553354492735642E-16 ) ) ;
#5060 = LINE ( 'NONE', #661, #2272 ) ;
#5061 = AXIS2_PLACEMENT_3D ( 'NONE', #6707, #6079, #3005 ) ;
#5062 = DIRECTION ( 'NONE',  ( -0.000000000000000000, -1.000000000000000000, -0.000000000000000000 ) ) ;
#5063 = DIRECTION ( 'NONE',  ( 0.000000000000000000, -1.000000000000000000, 0.000000000000000000 ) ) ;
#5064 = CARTESIAN_POINT ( 'NONE',  ( -1.224999999999999423, 0.09999999999999999167, 0.3749999999999998890 ) ) ;
#5065 = DIRECTION ( 'NONE',  ( 0.000000000000000000, -1.000000000000000000, 0.000000000000000000 ) ) ;
#5066 = FACE_OUTER_BOUND ( 'NONE', #4924, .T. ) ;
#5067 = CARTESIAN_POINT ( 'NONE',  ( 1.224999999999999423, 0.000000000000000000, -0.7499999999999996669 ) ) ;
#5068 = EDGE_CURVE ( 'NONE', #1745, #6714, #3046, .T. ) ;
#5069 = DIRECTION ( 'NONE',  ( 1.577021341797098201E-15, -0.000000000000000000, 1.000000000000000000 ) ) ;
#5070 = PLANE ( 'NONE',  #5367 ) ;
#5071 = CARTESIAN_POINT ( 'NONE',  ( 1.499999999999999556, 0.05000000000000000278, -1.500000000000000222 ) ) ;
#5072 = EDGE_LOOP ( 'NONE', ( #249, #2245, #6469, #1872, #7094 ) ) ;
#5073 = ADVANCED_FACE ( 'NONE', ( #5659 ), #643, .T. ) ;
#5074 = DIRECTION ( 'NONE',  ( 1.577021341797098201E-15, -0.000000000000000000, 1.000000000000000000 ) ) ;
#5075 = EDGE_CURVE ( 'NONE', #1648, #1753, #762, .T. ) ;
#5076 = CARTESIAN_POINT ( 'NONE',  ( -0.3749999999999994449, 0.5716990566028304910, -1.500000000000000222 ) ) ;
#5077 = VECTOR ( 'NONE', #1927, 1000.000000000000000 ) ;
#5078 = AXIS2_PLACEMENT_3D ( 'NONE', #2756, #4650, #5745 ) ;
#5079 = FACE_OUTER_BOUND ( 'NONE', #1038, .T. ) ;
#5080 = AXIS2_PLACEMENT_3D ( 'NONE', #6568, #6624, #4104 ) ;
#5081 = EDGE_CURVE ( 'NONE', #6545, #4361, #3332, .T. ) ;
#5082 = ORIENTED_EDGE ( 'NONE', *, *, #5356, .T. ) ;
#5083 = DIRECTION ( 'NONE',  ( -1.000000000000000000, 0.000000000000000000, 0.000000000000000000 ) ) ;
#5084 = CARTESIAN_POINT ( 'NONE',  ( 0.8750000000000008882, 0.5716990566028304910, 1.499999999999999778 ) ) ;
#5085 = ADVANCED_FACE ( 'NONE', ( #3349 ), #5324, .T. ) ;
#5086 = UNCERTAINTY_MEASURE_WITH_UNIT (LENGTH_MEASURE( 1.000000000000000082E-05 ), #1411, 'distance_accuracy_value', 'NONE');
#5087 = EDGE_CURVE ( 'NONE', #1263, #5614, #894, .T. ) ;
#5088 = CIRCLE ( 'NONE', #6566, 0.1249999999999998890 ) ;
#5089 = AXIS2_PLACEMENT_3D ( 'NONE', #3849, #2173, #176 ) ;
#5090 = AXIS2_PLACEMENT_3D ( 'NONE', #7636, #2732, #4718 ) ;
#5091 = VECTOR ( 'NONE', #5222, 1000.000000000000000 ) ;
#5092 = VECTOR ( 'NONE', #2980, 1000.000000000000000 ) ;
#5093 = ORIENTED_EDGE ( 'NONE', *, *, #1215, .F. ) ;
#5094 = CARTESIAN_POINT ( 'NONE',  ( -1.224999999999999423, 0.09999999999999999167, -0.1250000000000001110 ) ) ;
#5095 = CARTESIAN_POINT ( 'NONE',  ( 1.224999999999999423, 0.09999999999999999167, 0.2500000000000003331 ) ) ;
#5096 = CARTESIAN_POINT ( 'NONE',  ( -0.6250000000000001110, 0.1000000000000000056, -1.225000000000000311 ) ) ;
#5097 = DIRECTION ( 'NONE',  ( 0.000000000000000000, -1.000000000000000000, 0.000000000000000000 ) ) ;
#5098 = FACE_OUTER_BOUND ( 'NONE', #4112, .T. ) ;
#5099 = EDGE_CURVE ( 'NONE', #1393, #7729, #6045, .T. ) ;
#5100 = CIRCLE ( 'NONE', #5206, 0.1249999999999995698 ) ;
#5101 = STYLED_ITEM ( 'NONE', ( #3552 ), #803 ) ;
#5102 = DIRECTION ( 'NONE',  ( 1.000000000000000000, -0.000000000000000000, -1.734723475976807094E-15 ) ) ;
#5103 = VERTEX_POINT ( 'NONE', #4376 ) ;
#5104 = CARTESIAN_POINT ( 'NONE',  ( -0.1249999999999991396, 0.5716990566028304910, 1.499999999999999778 ) ) ;
#5105 = EDGE_CURVE ( 'NONE', #5849, #6678, #3443, .T. ) ;
#5106 = CARTESIAN_POINT ( 'NONE',  ( 0.8750000000000003331, 0.1000000000000000056, 1.225000000000000311 ) ) ;
#5107 = AXIS2_PLACEMENT_3D ( 'NONE', #2621, #2571, #191 ) ;
#5108 = VECTOR ( 'NONE', #3257, 1000.000000000000000 ) ;
#5109 = DIRECTION ( 'NONE',  ( 0.000000000000000000, 0.000000000000000000, 1.000000000000000000 ) ) ;
#5110 = LINE ( 'NONE', #3721, #2576 ) ;
#5111 = CARTESIAN_POINT ( 'NONE',  ( -1.500000000000000000, 0.09999999999999999167, -0.8749999999999991118 ) ) ;
#5112 = FILL_AREA_STYLE_COLOUR ( '', #1523 ) ;
#5113 = DIRECTION ( 'NONE',  ( 1.000000000000000000, -0.000000000000000000, 1.577021341797098201E-15 ) ) ;
#5114 = CARTESIAN_POINT ( 'NONE',  ( -0.6999999999999998446, 0.09999999999999982514, -0.4000000000000012434 ) ) ;
#5115 = EDGE_LOOP ( 'NONE', ( #3010, #3570, #428, #3819 ) ) ;
#5116 = DIRECTION ( 'NONE',  ( 0.000000000000000000, -1.000000000000000000, 0.000000000000000000 ) ) ;
#5117 = EDGE_CURVE ( 'NONE', #1828, #7182, #3305, .T. ) ;
#5118 = CARTESIAN_POINT ( 'NONE',  ( -1.224999999999999423, 0.5716990566028299359, -0.6250000000000001110 ) ) ;
#5119 = DIRECTION ( 'NONE',  ( -0.000000000000000000, -1.000000000000000000, -0.000000000000000000 ) ) ;
#5120 = CARTESIAN_POINT ( 'NONE',  ( -1.500000000000000000, 0.8000000000000003775, -1.500000000000000222 ) ) ;
#5121 = FACE_OUTER_BOUND ( 'NONE', #4487, .T. ) ;
#5122 = VECTOR ( 'NONE', #22, 1000.000000000000000 ) ;
#5123 = LINE ( 'NONE', #5944, #154 ) ;
#5124 = ORIENTED_EDGE ( 'NONE', *, *, #2526, .T. ) ;
#5125 = ADVANCED_FACE ( 'NONE', ( #5993 ), #27, .F. ) ;
#5126 = AXIS2_PLACEMENT_3D ( 'NONE', #2747, #6991, #2048 ) ;
#5127 = PLANE ( 'NONE',  #2186 ) ;
#5128 = EDGE_CURVE ( 'NONE', #4777, #5208, #3280, .T. ) ;
#5129 = DIRECTION ( 'NONE',  ( 0.000000000000000000, 0.000000000000000000, 1.000000000000000000 ) ) ;
#5130 = FACE_OUTER_BOUND ( 'NONE', #6834, .T. ) ;
#5131 = LINE ( 'NONE', #1825, #2563 ) ;
#5132 = ORIENTED_EDGE ( 'NONE', *, *, #4996, .T. ) ;
#5133 = DIRECTION ( 'NONE',  ( 2.365532012695651345E-15, 0.000000000000000000, -1.000000000000000000 ) ) ;
#5134 = ADVANCED_FACE ( 'NONE', ( #654 ), #6241, .F. ) ;
#5135 = CARTESIAN_POINT ( 'NONE',  ( 1.224999999999999423, 0.000000000000000000, -0.1250000000000001110 ) ) ;
#5136 = PLANE ( 'NONE',  #5977 ) ;
#5137 = CIRCLE ( 'NONE', #23, 0.1249999999999995698 ) ;
#5138 = CARTESIAN_POINT ( 'NONE',  ( -1.224999999999999423, 0.000000000000000000, 0.7500000000000003331 ) ) ;
#5140 = CARTESIAN_POINT ( 'NONE',  ( -1.299999999999999156, 0.6303300858899107961, 1.500000000000000222 ) ) ;
#5139 = LINE ( 'NONE', #7273, #4 ) ;
#5141 = VECTOR ( 'NONE', #736, 1000.000000000000000 ) ;
#5142 = VECTOR ( 'NONE', #2501, 1000.000000000000000 ) ;
#5143 = CARTESIAN_POINT ( 'NONE',  ( 1.299999999999999600, 0.09999999999999999167, -1.299999999999999822 ) ) ;
#5144 = VERTEX_POINT ( 'NONE', #5120 ) ;
#5145 = CARTESIAN_POINT ( 'NONE',  ( 1.500000000000000000, 0.09999999999999999167, -0.6250000000000001110 ) ) ;
#5146 = CARTESIAN_POINT ( 'NONE',  ( 1.224999999999999423, 0.09999999999999999167, 0.1250000000000007494 ) ) ;
#5147 = AXIS2_PLACEMENT_3D ( 'NONE', #6822, #4289, #6144 ) ;
#5148 =( GEOMETRIC_REPRESENTATION_CONTEXT ( 3 ) GLOBAL_UNCERTAINTY_ASSIGNED_CONTEXT ( ( #2462 ) ) GLOBAL_UNIT_ASSIGNED_CONTEXT ( ( #4297, #4821, #467 ) ) REPRESENTATION_CONTEXT ( 'NONE', 'WORKASPACE' ) );
#5149 = EDGE_CURVE ( 'NONE', #4345, #3754, #720, .T. ) ;
#5150 = FACE_OUTER_BOUND ( 'NONE', #193, .T. ) ;
#5151 = DIRECTION ( 'NONE',  ( -1.577021341797098201E-15, -0.000000000000000000, 1.000000000000000000 ) ) ;
#5152 = LINE ( 'NONE', #5026, #7774 ) ;
#5153 = CARTESIAN_POINT ( 'NONE',  ( -1.224999999999999423, 0.09999999999999999167, 0.6250000000000007772 ) ) ;
#5154 = SURFACE_STYLE_USAGE ( .BOTH. , #1412 ) ;
#5155 = LINE ( 'NONE', #1994, #5142 ) ;
#5156 = EDGE_CURVE ( 'NONE', #3673, #1429, #5956, .T. ) ;
#5157 = CARTESIAN_POINT ( 'NONE',  ( 0.1250000000000008604, 0.000000000000000000, 1.500000000000000222 ) ) ;
#5158 = VERTEX_POINT ( 'NONE', #3128 ) ;
#5159 = CARTESIAN_POINT ( 'NONE',  ( -0.8749999999999998890, 0.5716990566028304910, -1.225000000000000311 ) ) ;
#5160 = DIRECTION ( 'NONE',  ( -0.000000000000000000, -0.000000000000000000, 1.000000000000000000 ) ) ;
#5161 = DIRECTION ( 'NONE',  ( 1.000000000000000000, 0.000000000000000000, 0.000000000000000000 ) ) ;
#5162 = DIRECTION ( 'NONE',  ( -0.000000000000000000, -1.000000000000000000, -0.000000000000000000 ) ) ;
#5163 = VECTOR ( 'NONE', #3694, 1000.000000000000000 ) ;
#5164 = CIRCLE ( 'NONE', #2408, 0.1249999999999998890 ) ;
#5165 = CARTESIAN_POINT ( 'NONE',  ( -1.500000000000000000, 0.09999999999999999167, 0.3749999999999998890 ) ) ;
#5166 = UNCERTAINTY_MEASURE_WITH_UNIT (LENGTH_MEASURE( 1.000000000000000082E-05 ), #5204, 'distance_accuracy_value', 'NONE');
#5167 = EDGE_LOOP ( 'NONE', ( #4527, #7062, #2851, #556 ) ) ;
#5168 = EDGE_CURVE ( 'NONE', #1355, #3705, #734, .T. ) ;
#5169 = DIRECTION ( 'NONE',  ( 2.365532012695651739E-15, -0.000000000000000000, 1.000000000000000000 ) ) ;
#5170 = DIRECTION ( 'NONE',  ( 0.000000000000000000, 1.000000000000000000, 0.000000000000000000 ) ) ;
#5171 = AXIS2_PLACEMENT_3D ( 'NONE', #3407, #6036, #4829 ) ;
#5172 = AXIS2_PLACEMENT_3D ( 'NONE', #7597, #874, #3987 ) ;
#5173 = DIRECTION ( 'NONE',  ( 0.000000000000000000, 1.000000000000000000, 0.000000000000000000 ) ) ;
#5174 = EDGE_CURVE ( 'NONE', #1462, #3463, #6130, .T. ) ;
#5175 = FACE_OUTER_BOUND ( 'NONE', #3674, .T. ) ;
#5176 = VECTOR ( 'NONE', #2759, 1000.000000000000000 ) ;
#5177 = CARTESIAN_POINT ( 'NONE',  ( 0.8750000000000005551, 0.1000000000000000056, -1.499999999999999778 ) ) ;
#5178 = ORIENTED_EDGE ( 'NONE', *, *, #421, .F. ) ;
#5179 = ADVANCED_FACE ( 'NONE', ( #780 ), #189, .T. ) ;
#5180 = MECHANICAL_DESIGN_GEOMETRIC_PRESENTATION_REPRESENTATION (  '', ( #3871 ), #671 ) ;
#5181 = DIRECTION ( 'NONE',  ( -0.000000000000000000, -1.000000000000000000, -0.000000000000000000 ) ) ;
#5182 = CARTESIAN_POINT ( 'NONE',  ( 1.500000000000000000, 0.04999999999999969746, 0.8749999999999998890 ) ) ;
#5183 = PLANE ( 'NONE',  #6836 ) ;
#5184 = LINE ( 'NONE', #6907, #7801 ) ;
#5185 = EDGE_CURVE ( 'NONE', #4621, #3290, #5876, .T. ) ;
#5186 = EDGE_CURVE ( 'NONE', #1397, #4116, #5867, .T. ) ;
#5187 = MECHANICAL_DESIGN_GEOMETRIC_PRESENTATION_REPRESENTATION (  '', ( #2631 ), #4080 ) ;
#5188 = CARTESIAN_POINT ( 'NONE',  ( -0.2499999999999995837, 0.05000000000000000278, 1.225000000000000311 ) ) ;
#5189 = ORIENTED_EDGE ( 'NONE', *, *, #3817, .F. ) ;
#5190 = DIRECTION ( 'NONE',  ( 0.000000000000000000, 0.000000000000000000, -1.000000000000000000 ) ) ;
#5191 = ADVANCED_FACE ( 'NONE', ( #5901 ), #861, .F. ) ;
#5192 = MANIFOLD_SOLID_BREP ( 'LPattern4[1]', #1913 ) ;
#5193 = VECTOR ( 'NONE', #4886, 1000.000000000000000 ) ;
#5194 = LINE ( 'NONE', #477, #7844 ) ;
#5195 = DIRECTION ( 'NONE',  ( -1.000000000000000000, 0.000000000000000000, -3.097720492815726673E-16 ) ) ;
#5196 = VECTOR ( 'NONE', #3723, 1000.000000000000000 ) ;
#5197 = EDGE_CURVE ( 'NONE', #1184, #3596, #3496, .T. ) ;
#5198 = DIRECTION ( 'NONE',  ( 0.000000000000000000, -1.000000000000000000, 0.000000000000000000 ) ) ;
#5199 = ORIENTED_EDGE ( 'NONE', *, *, #7764, .T. ) ;
#5200 =( LENGTH_UNIT ( ) NAMED_UNIT ( * ) SI_UNIT ( .MILLI., .METRE. ) );
#5201 = DIRECTION ( 'NONE',  ( -0.000000000000000000, -1.000000000000000000, -0.000000000000000000 ) ) ;
#5202 = CARTESIAN_POINT ( 'NONE',  ( -1.500000000000000000, 0.5716990566028299359, 0.1250000000000008604 ) ) ;
#5203 = DIRECTION ( 'NONE',  ( 0.000000000000000000, 0.000000000000000000, -1.000000000000000000 ) ) ;
#5204 =( LENGTH_UNIT ( ) NAMED_UNIT ( * ) SI_UNIT ( .MILLI., .METRE. ) );
#5205 = VECTOR ( 'NONE', #3938, 1000.000000000000000 ) ;
#5206 = AXIS2_PLACEMENT_3D ( 'NONE', #5138, #303, #5684 ) ;
#5207 = CIRCLE ( 'NONE', #4503, 0.1249999999999995698 ) ;
#5208 = VERTEX_POINT ( 'NONE', #3888 ) ;
#5209 = ORIENTED_EDGE ( 'NONE', *, *, #5700, .F. ) ;
#5210 = ORIENTED_EDGE ( 'NONE', *, *, #5314, .T. ) ;
#5211 = EDGE_CURVE ( 'NONE', #495, #702, #5889, .T. ) ;
#5212 = DIRECTION ( 'NONE',  ( -0.000000000000000000, 1.000000000000000000, -0.000000000000000000 ) ) ;
#5213 = DIRECTION ( 'NONE',  ( -1.577021341797098201E-15, -0.000000000000000000, 1.000000000000000000 ) ) ;
#5214 = LINE ( 'NONE', #4202, #2684 ) ;
#5215 = FACE_OUTER_BOUND ( 'NONE', #986, .T. ) ;
#5216 = VECTOR ( 'NONE', #7296, 999.9999999999998863 ) ;
#5217 = CARTESIAN_POINT ( 'NONE',  ( -1.299999999999999156, 0.000000000000000000, 1.500000000000000222 ) ) ;
#5218 = EDGE_LOOP ( 'NONE', ( #3405, #5803, #1137, #6219 ) ) ;
#5219 = ORIENTED_EDGE ( 'NONE', *, *, #5579, .F. ) ;
#5220 = DIRECTION ( 'NONE',  ( 0.000000000000000000, 1.000000000000000000, 0.000000000000000000 ) ) ;
#5221 = PLANE ( 'NONE',  #990 ) ;
#5222 = DIRECTION ( 'NONE',  ( 0.000000000000000000, -1.000000000000000000, 0.000000000000000000 ) ) ;
#5224 = DIRECTION ( 'NONE',  ( 0.000000000000000000, 0.000000000000000000, -1.000000000000000000 ) ) ;
#5223 = LINE ( 'NONE', #6038, #2674 ) ;
#5225 = CARTESIAN_POINT ( 'NONE',  ( -0.6999999999999998446, 0.09999999999999982514, 0.6999999999999996225 ) ) ;
#5226 = CARTESIAN_POINT ( 'NONE',  ( -0.1249999999999994588, 0.1000000000000000056, -1.499999999999999778 ) ) ;
#5227 = ORIENTED_EDGE ( 'NONE', *, *, #4139, .T. ) ;
#5228 = EDGE_CURVE ( 'NONE', #2897, #5144, #5981, .T. ) ;
#5229 = ORIENTED_EDGE ( 'NONE', *, *, #2510, .T. ) ;
#5230 = DIRECTION ( 'NONE',  ( 0.000000000000000000, 1.000000000000000000, 0.000000000000000000 ) ) ;
#5231 = CARTESIAN_POINT ( 'NONE',  ( -1.500000000000000000, 0.09999999999999999167, -0.6250000000000001110 ) ) ;
#5232 = EDGE_CURVE ( 'NONE', #2287, #5103, #6008, .T. ) ;
#5233 = LINE ( 'NONE', #4095, #5205 ) ;
#5234 = LINE ( 'NONE', #3788, #2492 ) ;
#5235 = CARTESIAN_POINT ( 'NONE',  ( -0.6249999999999991118, 0.000000000000000000, 1.499999999999999778 ) ) ;
#5236 = EDGE_LOOP ( 'NONE', ( #1407, #6769, #3429, #1380, #2340, #6225, #5836 ) ) ;
#5237 = VERTEX_POINT ( 'NONE', #162 ) ;
#5238 = DIRECTION ( 'NONE',  ( 0.000000000000000000, 1.000000000000000000, 0.000000000000000000 ) ) ;
#5239 = CARTESIAN_POINT ( 'NONE',  ( -0.7499999999999997780, 0.1000000000000000056, -1.224999999999999867 ) ) ;
#5240 = ADVANCED_FACE ( 'NONE', ( #6018 ), #719, .T. ) ;
#5241 = CARTESIAN_POINT ( 'NONE',  ( 0.3750000000000005551, 0.5716990566028304910, -1.499999999999999778 ) ) ;
#5242 = UNCERTAINTY_MEASURE_WITH_UNIT (LENGTH_MEASURE( 1.000000000000000082E-05 ), #1606, 'distance_accuracy_value', 'NONE');
#5243 = CARTESIAN_POINT ( 'NONE',  ( 1.499999999999999556, 0.1000000000000000472, 1.299999999999999822 ) ) ;
#5244 = DIRECTION ( 'NONE',  ( -0.000000000000000000, 1.000000000000000000, -0.000000000000000000 ) ) ;
#5245 = VECTOR ( 'NONE', #5408, 1000.000000000000000 ) ;
#5246 = EDGE_CURVE ( 'NONE', #4362, #2897, #795, .T. ) ;
#5247 = CIRCLE ( 'NONE', #195, 0.1249999999999995698 ) ;
#5248 = PRESENTATION_LAYER_ASSIGNMENT (  '', '', ( #3749 ) ) ;
#5249 = CYLINDRICAL_SURFACE ( 'NONE', #6472, 0.1249999999999998890 ) ;
#5250 = VERTEX_POINT ( 'NONE', #3154 ) ;
#5251 = VERTEX_POINT ( 'NONE', #6710 ) ;
#5252 = DIRECTION ( 'NONE',  ( 0.000000000000000000, -1.000000000000000000, 0.000000000000000000 ) ) ;
#5253 = EDGE_CURVE ( 'NONE', #1262, #6362, #810, .T. ) ;
#5254 = CARTESIAN_POINT ( 'NONE',  ( -0.3749999999999994449, 0.04999999999999969746, -1.500000000000000222 ) ) ;
#5255 = FACE_OUTER_BOUND ( 'NONE', #5763, .T. ) ;
#5256 = VECTOR ( 'NONE', #4500, 1000.000000000000000 ) ;
#5257 = FACE_OUTER_BOUND ( 'NONE', #546, .T. ) ;
#5258 = STYLED_ITEM ( 'NONE', ( #6875 ), #414 ) ;
#5259 = CARTESIAN_POINT ( 'NONE',  ( 1.224999999999999423, 0.5716990566028299359, -0.1250000000000001110 ) ) ;
#5260 = ORIENTED_EDGE ( 'NONE', *, *, #6153, .T. ) ;
#5261 = ORIENTED_EDGE ( 'NONE', *, *, #4107, .T. ) ;
#5262 = CARTESIAN_POINT ( 'NONE',  ( -1.224999999999999423, 0.000000000000000000, 0.7500000000000003331 ) ) ;
#5263 = PLANE ( 'NONE',  #6075 ) ;
#5264 = EDGE_CURVE ( 'NONE', #3685, #7528, #3427, .T. ) ;
#5265 = DIRECTION ( 'NONE',  ( 0.000000000000000000, -1.000000000000000000, 0.000000000000000000 ) ) ;
#5266 = DIRECTION ( 'NONE',  ( 0.000000000000000000, 1.000000000000000000, 0.000000000000000000 ) ) ;
#5267 = LINE ( 'NONE', #3825, #5163 ) ;
#5268 = LINE ( 'NONE', #1579, #5292 ) ;
#5269 = ORIENTED_EDGE ( 'NONE', *, *, #3066, .T. ) ;
#5270 = VECTOR ( 'NONE', #1912, 1000.000000000000000 ) ;
#5271 = CARTESIAN_POINT ( 'NONE',  ( -0.3999999999999974132, 0.05000000000000000278, -0.7000000000000002887 ) ) ;
#5272 = PLANE ( 'NONE',  #7720 ) ;
#5273 = ORIENTED_EDGE ( 'NONE', *, *, #4767, .F. ) ;
#5274 = ORIENTED_EDGE ( 'NONE', *, *, #3135, .F. ) ;
#5275 = PRESENTATION_STYLE_ASSIGNMENT (( #2489 ) ) ;
#5276 =( LENGTH_UNIT ( ) NAMED_UNIT ( * ) SI_UNIT ( .MILLI., .METRE. ) );
#5277 = CARTESIAN_POINT ( 'NONE',  ( -1.500000000000000000, 0.000000000000000000, -0.6250000000000001110 ) ) ;
#5278 = EDGE_CURVE ( 'NONE', #423, #3397, #6112, .T. ) ;
#5279 = VECTOR ( 'NONE', #629, 1000.000000000000000 ) ;
#5280 = VECTOR ( 'NONE', #81, 1000.000000000000000 ) ;
#5281 = CARTESIAN_POINT ( 'NONE',  ( 1.500000000000000000, 0.5716990566028299359, -0.1250000000000001110 ) ) ;
#5282 = SURFACE_SIDE_STYLE ('',( #118 ) ) ;
#5283 = ORIENTED_EDGE ( 'NONE', *, *, #4739, .F. ) ;
#5284 = EDGE_LOOP ( 'NONE', ( #1909, #6442 ) ) ;
#5285 = FACE_OUTER_BOUND ( 'NONE', #1248, .T. ) ;
#5286 = CARTESIAN_POINT ( 'NONE',  ( -1.124999999999999112, 0.6303300858899107961, -1.225000000000000755 ) ) ;
#5287 = DIRECTION ( 'NONE',  ( 0.000000000000000000, 0.000000000000000000, 1.000000000000000000 ) ) ;
#5288 = DIRECTION ( 'NONE',  ( 0.000000000000000000, 0.000000000000000000, -1.000000000000000000 ) ) ;
#5289 = CARTESIAN_POINT ( 'NONE',  ( -1.125000000000000222, 0.6999999999999999556, -1.125000000000000000 ) ) ;
#5290 = COLOUR_RGB ( '',0.7921568627450980005, 0.8196078431372548767, 0.9333333333333333481 ) ;
#5291 = EDGE_CURVE ( 'NONE', #4362, #2159, #6094, .T. ) ;
#5292 = VECTOR ( 'NONE', #2815, 1000.000000000000000 ) ;
#5293 = DIRECTION ( 'NONE',  ( 0.000000000000000000, -1.000000000000000000, 0.000000000000000000 ) ) ;
#5294 = VECTOR ( 'NONE', #2443, 1000.000000000000000 ) ;
#5295 = ORIENTED_EDGE ( 'NONE', *, *, #5910, .T. ) ;
#5296 = ORIENTED_EDGE ( 'NONE', *, *, #7747, .F. ) ;
#5297 = VECTOR ( 'NONE', #914, 1000.000000000000000 ) ;
#5298 = CARTESIAN_POINT ( 'NONE',  ( 1.499999999999999556, 0.05000000000000000278, 1.499999999999999778 ) ) ;
#5299 =( NAMED_UNIT ( * ) PLANE_ANGLE_UNIT ( ) SI_UNIT ( $, .RADIAN. ) );
#5300 = PLANE ( 'NONE',  #7659 ) ;
#5301 = ADVANCED_FACE ( 'NONE', ( #630 ), #7369, .F. ) ;
#5302 = VECTOR ( 'NONE', #7440, 1000.000000000000000 ) ;
#5303 = VECTOR ( 'NONE', #632, 1000.000000000000000 ) ;
#5304 = ORIENTED_EDGE ( 'NONE', *, *, #258, .T. ) ;
#5305 = ORIENTED_EDGE ( 'NONE', *, *, #3411, .T. ) ;
#5306 = VECTOR ( 'NONE', #5203, 1000.000000000000000 ) ;
#5307 = CARTESIAN_POINT ( 'NONE',  ( 1.499999999999999556, 0.05000000000000000278, -1.500000000000000222 ) ) ;
#5308 = AXIS2_PLACEMENT_3D ( 'NONE', #2083, #4991, #3870 ) ;
#5309 = DIRECTION ( 'NONE',  ( -1.000000000000000000, 0.000000000000000000, 0.000000000000000000 ) ) ;
#5310 = CARTESIAN_POINT ( 'NONE',  ( -1.125000000000000222, 0.6999999999999999556, -1.125000000000000000 ) ) ;
#5311 = CARTESIAN_POINT ( 'NONE',  ( 0.000000000000000000, 0.05000000000000000278, 0.3749999999999998890 ) ) ;
#5312 = PRESENTATION_LAYER_ASSIGNMENT (  '', '', ( #648 ) ) ;
#5313 = VECTOR ( 'NONE', #5730, 1000.000000000000000 ) ;
#5314 = EDGE_CURVE ( 'NONE', #6211, #4013, #3259, .T. ) ;
#5315 = LINE ( 'NONE', #5071, #29 ) ;
#5316 =( LENGTH_UNIT ( ) NAMED_UNIT ( * ) SI_UNIT ( .MILLI., .METRE. ) );
#5317 = EDGE_LOOP ( 'NONE', ( #5383, #7823, #3248, #1708 ) ) ;
#5318 = ORIENTED_EDGE ( 'NONE', *, *, #3817, .T. ) ;
#5319 = FACE_OUTER_BOUND ( 'NONE', #6820, .T. ) ;
#5320 = MECHANICAL_DESIGN_GEOMETRIC_PRESENTATION_REPRESENTATION (  '', ( #7205 ), #4927 ) ;
#5321 = SURFACE_STYLE_USAGE ( .BOTH. , #4372 ) ;
#5322 = CARTESIAN_POINT ( 'NONE',  ( -1.299999999999999156, 0.09999999999999999167, 1.300000000000000266 ) ) ;
#5323 = DIRECTION ( 'NONE',  ( 0.000000000000000000, -0.000000000000000000, 1.000000000000000000 ) ) ;
#5324 = PLANE ( 'NONE',  #3231 ) ;
#5325 = DIRECTION ( 'NONE',  ( 0.000000000000000000, 1.000000000000000000, 0.000000000000000000 ) ) ;
#5326 = VERTEX_POINT ( 'NONE', #7813 ) ;
#5327 = LINE ( 'NONE', #2802, #2945 ) ;
#5328 = LINE ( 'NONE', #128, #5303 ) ;
#5329 = DIRECTION ( 'NONE',  ( 2.365532012695651739E-15, -0.000000000000000000, 1.000000000000000000 ) ) ;
#5330 = DIRECTION ( 'NONE',  ( 0.000000000000000000, -1.000000000000000000, 0.000000000000000000 ) ) ;
#5331 = DIRECTION ( 'NONE',  ( 0.000000000000000000, 0.000000000000000000, 1.000000000000000000 ) ) ;
#5332 = VERTEX_POINT ( 'NONE', #615 ) ;
#5333 = VERTEX_POINT ( 'NONE', #513 ) ;
#5334 = AXIS2_PLACEMENT_3D ( 'NONE', #2019, #3180, #2073 ) ;
#5335 = UNCERTAINTY_MEASURE_WITH_UNIT (LENGTH_MEASURE( 1.000000000000000082E-05 ), #5915, 'distance_accuracy_value', 'NONE');
#5336 = VECTOR ( 'NONE', #3078, 1000.000000000000000 ) ;
#5337 = EDGE_CURVE ( 'NONE', #536, #6479, #3661, .T. ) ;
#5338 = AXIS2_PLACEMENT_3D ( 'NONE', #5739, #7003, #1614 ) ;
#5339 = DIRECTION ( 'NONE',  ( -3.942553354492735642E-16, 0.000000000000000000, 1.000000000000000000 ) ) ;
#5340 = CYLINDRICAL_SURFACE ( 'NONE', #4807, 0.1249999999999995698 ) ;
#5341 = DIRECTION ( 'NONE',  ( 0.000000000000000000, 1.000000000000000000, 0.000000000000000000 ) ) ;
#5342 = VECTOR ( 'NONE', #1611, 1000.000000000000000 ) ;
#5343 = AXIS2_PLACEMENT_3D ( 'NONE', #638, #1771, #2477 ) ;
#5344 = EDGE_CURVE ( 'NONE', #4399, #3372, #1068, .T. ) ;
#5345 = VERTEX_POINT ( 'NONE', #6085 ) ;
#5346 = ORIENTED_EDGE ( 'NONE', *, *, #1309, .F. ) ;
#5347 = LINE ( 'NONE', #6682, #80 ) ;
#5348 = CARTESIAN_POINT ( 'NONE',  ( -1.500000000000000222, 5.842640687119284415, 1.500000000000000000 ) ) ;
#5349 = CARTESIAN_POINT ( 'NONE',  ( -0.1250000000000029976, 0.05000000000000000278, -2.956915015869635671E-16 ) ) ;
#5350 = CARTESIAN_POINT ( 'NONE',  ( -1.224999999999999423, 0.5716990566028299359, 0.3749999999999998890 ) ) ;
#5351 = EDGE_CURVE ( 'NONE', #4268, #1559, #6283, .T. ) ;
#5352 = LINE ( 'NONE', #5953, #3164 ) ;
#5353 = DIRECTION ( 'NONE',  ( -2.365532012695651345E-15, 0.000000000000000000, -1.000000000000000000 ) ) ;
#5354 = LINE ( 'NONE', #5226, #5342 ) ;
#5355 = CARTESIAN_POINT ( 'NONE',  ( 1.499999999999999556, 0.05000000000000001665, 1.299999999999999822 ) ) ;
#5356 = EDGE_CURVE ( 'NONE', #1674, #1297, #3641, .T. ) ;
#5357 = ORIENTED_EDGE ( 'NONE', *, *, #2927, .F. ) ;
#5358 = ORIENTED_EDGE ( 'NONE', *, *, #7172, .T. ) ;
#5359 = FACE_OUTER_BOUND ( 'NONE', #6015, .T. ) ;
#5360 = ADVANCED_FACE ( 'NONE', ( #3767 ), #6151, .F. ) ;
#5361 = DIRECTION ( 'NONE',  ( -1.000000000000000000, 0.000000000000000000, 0.000000000000000000 ) ) ;
#5362 = DIRECTION ( 'NONE',  ( 0.000000000000000000, 1.000000000000000000, 0.000000000000000000 ) ) ;
#5363 = DIRECTION ( 'NONE',  ( -1.000000000000000000, 0.000000000000000000, 3.942553354492736135E-16 ) ) ;
#5364 = ORIENTED_EDGE ( 'NONE', *, *, #459, .T. ) ;
#5365 = VECTOR ( 'NONE', #4594, 1000.000000000000000 ) ;
#5366 = CARTESIAN_POINT ( 'NONE',  ( -1.224999999999999423, 0.5716990566028299359, 0.2500000000000003331 ) ) ;
#5367 = AXIS2_PLACEMENT_3D ( 'NONE', #5609, #5113, #977 ) ;
#5368 = VECTOR ( 'NONE', #1498, 1000.000000000000000 ) ;
#5369 = CARTESIAN_POINT ( 'NONE',  ( 1.224999999999999423, 0.05000000000000002359, -0.6250000000000001110 ) ) ;
#5370 = ORIENTED_EDGE ( 'NONE', *, *, #843, .F. ) ;
#5371 = EDGE_LOOP ( 'NONE', ( #5791, #3071, #801, #2098 ) ) ;
#5372 = EDGE_CURVE ( 'NONE', #3350, #825, #3595, .T. ) ;
#5373 = FACE_OUTER_BOUND ( 'NONE', #6651, .T. ) ;
#5374 = DIRECTION ( 'NONE',  ( 1.000000000000000000, 0.000000000000000000, -3.942553354492735642E-16 ) ) ;
#5375 = PLANE ( 'NONE',  #6813 ) ;
#5376 = CARTESIAN_POINT ( 'NONE',  ( -0.8749999999999996669, 0.5716990566028304910, -1.225000000000000311 ) ) ;
#5377 = CARTESIAN_POINT ( 'NONE',  ( 1.124999999999999556, 0.000000000000000000, 1.225000000000000311 ) ) ;
#5378 = CARTESIAN_POINT ( 'NONE',  ( -1.500000000000000000, 0.09999999999999999167, -0.8749999999999991118 ) ) ;
#5379 = CARTESIAN_POINT ( 'NONE',  ( -1.224999999999999645, 0.09999999999999999167, 1.125000000000000222 ) ) ;
#5380 = PLANE ( 'NONE',  #646 ) ;
#5381 = CARTESIAN_POINT ( 'NONE',  ( 1.224999999999999423, 0.09999999999999999167, -0.1250000000000001110 ) ) ;
#5382 = DIRECTION ( 'NONE',  ( 0.000000000000000000, 1.000000000000000000, 0.000000000000000000 ) ) ;
#5383 = ORIENTED_EDGE ( 'NONE', *, *, #742, .T. ) ;
#5384 = ORIENTED_EDGE ( 'NONE', *, *, #4834, .F. ) ;
#5385 = VECTOR ( 'NONE', #370, 1000.000000000000000 ) ;
#5386 = CARTESIAN_POINT ( 'NONE',  ( 1.299999999999999600, 0.6303300858899107961, 1.499999999999999778 ) ) ;
#5387 = LINE ( 'NONE', #3220, #2817 ) ;
#5388 = DIRECTION ( 'NONE',  ( 0.000000000000000000, -0.000000000000000000, 1.000000000000000000 ) ) ;
#5389 = FACE_OUTER_BOUND ( 'NONE', #6911, .T. ) ;
#5390 = AXIS2_PLACEMENT_3D ( 'NONE', #5931, #6037, #2465 ) ;
#5391 = VERTEX_POINT ( 'NONE', #665 ) ;
#5392 = EDGE_CURVE ( 'NONE', #1985, #4278, #3831, .T. ) ;
#5393 = EDGE_LOOP ( 'NONE', ( #3975, #1970, #5771, #351 ) ) ;
#5394 = CIRCLE ( 'NONE', #3239, 0.1249999999999998890 ) ;
#5395 = DIRECTION ( 'NONE',  ( 0.000000000000000000, 0.000000000000000000, 1.000000000000000000 ) ) ;
#5396 = DIRECTION ( 'NONE',  ( 0.000000000000000000, 0.000000000000000000, 1.000000000000000000 ) ) ;
#5397 = EDGE_CURVE ( 'NONE', #225, #1027, #943, .T. ) ;
#5398 = COLOUR_RGB ( '',0.7921568627450980005, 0.8196078431372548767, 0.9333333333333333481 ) ;
#5399 = SURFACE_SIDE_STYLE ('',( #5571 ) ) ;
#5400 = FACE_OUTER_BOUND ( 'NONE', #6288, .T. ) ;
#5401 = AXIS2_PLACEMENT_3D ( 'NONE', #94, #6524, #7242 ) ;
#5402 = CARTESIAN_POINT ( 'NONE',  ( -1.500000000000000444, 0.1000000000000002554, -0.1250000000000001110 ) ) ;
#5403 = ORIENTED_EDGE ( 'NONE', *, *, #5337, .T. ) ;
#5404 = ORIENTED_EDGE ( 'NONE', *, *, #5197, .T. ) ;
#5405 = VECTOR ( 'NONE', #7302, 1000.000000000000000 ) ;
#5406 = EDGE_CURVE ( 'NONE', #7020, #4413, #6432, .T. ) ;
#5407 = DIRECTION ( 'NONE',  ( -1.000000000000000000, 0.000000000000000000, 0.000000000000000000 ) ) ;
#5408 = DIRECTION ( 'NONE',  ( -0.000000000000000000, -1.000000000000000000, -0.000000000000000000 ) ) ;
#5409 = CARTESIAN_POINT ( 'NONE',  ( 1.224999999999999423, 0.5716990566028299359, 0.8749999999999998890 ) ) ;
#5410 = AXIS2_PLACEMENT_3D ( 'NONE', #4394, #4516, #1979 ) ;
#5411 = FACE_OUTER_BOUND ( 'NONE', #5429, .T. ) ;
#5412 = AXIS2_PLACEMENT_3D ( 'NONE', #7262, #7811, #510 ) ;
#5413 = CARTESIAN_POINT ( 'NONE',  ( 0.2500000000000002220, 0.5716990566028304910, -1.224999999999999867 ) ) ;
#5414 = ORIENTED_EDGE ( 'NONE', *, *, #2191, .T. ) ;
#5415 = ORIENTED_EDGE ( 'NONE', *, *, #2683, .F. ) ;
#5416 = FACE_OUTER_BOUND ( 'NONE', #6982, .T. ) ;
#5417 = DIRECTION ( 'NONE',  ( 1.548860246407863336E-16, 0.000000000000000000, -1.000000000000000000 ) ) ;
#5418 = CARTESIAN_POINT ( 'NONE',  ( 0.7000000000000000666, 0.09999999999999982514, 0.7000000000000002887 ) ) ;
#5419 = EDGE_CURVE ( 'NONE', #7491, #6921, #6207, .T. ) ;
#5420 = ADVANCED_FACE ( 'NONE', ( #6376 ), #1155, .F. ) ;
#5421 = PLANE ( 'NONE',  #3166 ) ;
#5422 = VECTOR ( 'NONE', #4105, 1000.000000000000000 ) ;
#5423 = EDGE_CURVE ( 'NONE', #6821, #1828, #6160, .T. ) ;
#5424 = DIRECTION ( 'NONE',  ( 1.000000000000000000, -0.000000000000000000, -0.000000000000000000 ) ) ;
#5425 = CARTESIAN_POINT ( 'NONE',  ( 1.124999999999999556, 0.6303300858899107961, -1.499999999999999778 ) ) ;
#5426 = AXIS2_PLACEMENT_3D ( 'NONE', #6359, #3916, #2812 ) ;
#5427 = DIRECTION ( 'NONE',  ( 0.000000000000000000, 0.000000000000000000, 1.000000000000000000 ) ) ;
#5428 = CARTESIAN_POINT ( 'NONE',  ( 1.499999999999999556, 0.000000000000000000, -1.299999999999999822 ) ) ;
#5429 = EDGE_LOOP ( 'NONE', ( #2072, #112, #2862, #1532 ) ) ;
#5430 = ORIENTED_EDGE ( 'NONE', *, *, #5844, .T. ) ;
#5431 = LINE ( 'NONE', #3234, #5385 ) ;
#5432 = CARTESIAN_POINT ( 'NONE',  ( 1.224999999999999423, 0.5716990566028299359, -0.7499999999999996669 ) ) ;
#5433 = EDGE_CURVE ( 'NONE', #203, #3372, #3848, .T. ) ;
#5434 = EDGE_CURVE ( 'NONE', #1570, #4578, #6458, .T. ) ;
#5435 = PLANE ( 'NONE',  #6061 ) ;
#5436 = LINE ( 'NONE', #4117, #2930 ) ;
#5437 = CARTESIAN_POINT ( 'NONE',  ( -1.500000000000000000, 0.5716990566028299359, 0.3749999999999998890 ) ) ;
#5438 = MANIFOLD_SOLID_BREP ( 'Boss-Extrude3[2]', #924 ) ;
#5439 = EDGE_LOOP ( 'NONE', ( #6260, #4388, #6586, #3957 ) ) ;
#5440 = VERTEX_POINT ( 'NONE', #5942 ) ;
#5441 = FACE_OUTER_BOUND ( 'NONE', #1622, .T. ) ;
#5442 = CARTESIAN_POINT ( 'NONE',  ( -1.124999999999999112, 0.09999999999999999167, -1.500000000000000222 ) ) ;
#5443 = DIRECTION ( 'NONE',  ( 1.000000000000000000, 0.000000000000000000, -1.577021341797098398E-15 ) ) ;
#5444 = SURFACE_STYLE_USAGE ( .BOTH. , #4921 ) ;
#5445 = EDGE_CURVE ( 'NONE', #3301, #1393, #6415, .T. ) ;
#5446 = ADVANCED_FACE ( 'NONE', ( #3803 ), #83, .T. ) ;
#5447 = DIRECTION ( 'NONE',  ( -1.577021341797098201E-15, -0.000000000000000000, 1.000000000000000000 ) ) ;
#5448 = ORIENTED_EDGE ( 'NONE', *, *, #7303, .F. ) ;
#5449 = ORIENTED_EDGE ( 'NONE', *, *, #3200, .T. ) ;
#5450 = CYLINDRICAL_SURFACE ( 'NONE', #5784, 0.1000000000000006994 ) ;
#5451 = AXIS2_PLACEMENT_3D ( 'NONE', #6539, #7850, #3503 ) ;
#5452 = DIRECTION ( 'NONE',  ( 0.000000000000000000, 0.000000000000000000, -1.000000000000000000 ) ) ;
#5453 = DIRECTION ( 'NONE',  ( 1.000000000000000000, 0.000000000000000000, 0.000000000000000000 ) ) ;
#5454 = CARTESIAN_POINT ( 'NONE',  ( 1.224999999999999423, 0.05000000000000002359, -0.2499999999999996669 ) ) ;
#5455 = CIRCLE ( 'NONE', #6596, 0.1000000000000006994 ) ;
#5456 = CARTESIAN_POINT ( 'NONE',  ( -0.7499999999999995559, 0.09999999999999999167, 1.225000000000000311 ) ) ;
#5457 = EDGE_CURVE ( 'NONE', #983, #1369, #1171, .T. ) ;
#5458 = CARTESIAN_POINT ( 'NONE',  ( -1.125000000000000222, 0.8000000000000000444, -0.9999999999999995559 ) ) ;
#5459 = VERTEX_POINT ( 'NONE', #5463 ) ;
#5460 = VERTEX_POINT ( 'NONE', #1058 ) ;
#5461 = ADVANCED_FACE ( 'NONE', ( #1220 ), #7828, .F. ) ;
#5462 = LINE ( 'NONE', #7471, #285 ) ;
#5463 = CARTESIAN_POINT ( 'NONE',  ( -0.8749999999999990008, 0.05000000000000000278, 1.500000000000000000 ) ) ;
#5464 = CARTESIAN_POINT ( 'NONE',  ( -0.8750000000000015543, 0.05000000000000000278, 1.379893674072463613E-15 ) ) ;
#5465 = FILL_AREA_STYLE ('',( #7795 ) ) ;
#5466 = CARTESIAN_POINT ( 'NONE',  ( 1.299999999999999600, 0.05000000000000001665, 1.299999999999999822 ) ) ;
#5467 = VECTOR ( 'NONE', #174, 1000.000000000000000 ) ;
#5468 = CARTESIAN_POINT ( 'NONE',  ( -0.8749999999999996669, 0.1000000000000000056, -1.225000000000000311 ) ) ;
#5469 = DIRECTION ( 'NONE',  ( 0.000000000000000000, 1.000000000000000000, 0.000000000000000000 ) ) ;
#5470 = DIRECTION ( 'NONE',  ( 0.000000000000000000, 0.000000000000000000, 1.000000000000000000 ) ) ;
#5471 = CARTESIAN_POINT ( 'NONE',  ( -1.124999999999999112, 0.05000000000000001665, 1.225000000000000755 ) ) ;
#5472 = ORIENTED_EDGE ( 'NONE', *, *, #3339, .T. ) ;
#5473 = EDGE_LOOP ( 'NONE', ( #5346, #6775, #5219, #4136, #5209 ) ) ;
#5474 = CIRCLE ( 'NONE', #5017, 0.1250000000000003331 ) ;
#5475 = ADVANCED_FACE ( 'NONE', ( #6264 ), #3875, .F. ) ;
#5476 = AXIS2_PLACEMENT_3D ( 'NONE', #5310, #5266, #6328 ) ;
#5477 = DIRECTION ( 'NONE',  ( 0.000000000000000000, 0.000000000000000000, -1.000000000000000000 ) ) ;
#5478 = EDGE_CURVE ( 'NONE', #619, #7044, #3564, .T. ) ;
#5479 = CIRCLE ( 'NONE', #6254, 0.1000000000000006994 ) ;
#5480 = ORIENTED_EDGE ( 'NONE', *, *, #6105, .T. ) ;
#5481 = ORIENTED_EDGE ( 'NONE', *, *, #757, .F. ) ;
#5482 = EDGE_CURVE ( 'NONE', #7491, #1184, #961, .T. ) ;
#5483 = VECTOR ( 'NONE', #1282, 1000.000000000000000 ) ;
#5484 = CARTESIAN_POINT ( 'NONE',  ( 0.8750000000000003331, 0.05000000000000000278, 1.225000000000000311 ) ) ;
#5485 = CARTESIAN_POINT ( 'NONE',  ( 0.3750000000000003331, 0.5716990566028304910, 1.225000000000000311 ) ) ;
#5486 = CARTESIAN_POINT ( 'NONE',  ( 0.6250000000000008882, 0.000000000000000000, 1.500000000000000222 ) ) ;
#5487 = DIRECTION ( 'NONE',  ( 0.000000000000000000, 1.000000000000000000, 0.000000000000000000 ) ) ;
#5488 = SURFACE_STYLE_FILL_AREA ( #5802 ) ;
#5489 = MANIFOLD_SOLID_BREP ( 'Boss-Extrude2[1]', #6634 ) ;
#5490 =( NAMED_UNIT ( * ) PLANE_ANGLE_UNIT ( ) SI_UNIT ( $, .RADIAN. ) );
#5491 = CARTESIAN_POINT ( 'NONE',  ( -0.5499999999999966027, 0.05000000000000000278, -0.5500000000000028200 ) ) ;
#5492 = CARTESIAN_POINT ( 'NONE',  ( 1.224999999999999423, 0.09999999999999999167, 0.6250000000000007772 ) ) ;
#5493 = ORIENTED_EDGE ( 'NONE', *, *, #247, .F. ) ;
#5494 = ORIENTED_EDGE ( 'NONE', *, *, #7172, .F. ) ;
#5495 = LINE ( 'NONE', #2652, #3062 ) ;
#5496 = EDGE_CURVE ( 'NONE', #6323, #3698, #6709, .T. ) ;
#5497 = AXIS2_PLACEMENT_3D ( 'NONE', #4146, #7646, #2781 ) ;
#5498 = AXIS2_PLACEMENT_3D ( 'NONE', #6690, #1910, #7351 ) ;
#5499 = CARTESIAN_POINT ( 'NONE',  ( 1.299999999999999600, 0.000000000000000000, -1.499999999999999778 ) ) ;
#5500 = DIRECTION ( 'NONE',  ( 0.000000000000000000, -1.000000000000000000, 0.000000000000000000 ) ) ;
#5501 = DIRECTION ( 'NONE',  ( 0.000000000000000000, -0.000000000000000000, -1.000000000000000000 ) ) ;
#5502 = CARTESIAN_POINT ( 'NONE',  ( 1.499999999999999556, 0.6303300858899107961, 1.124999999999999778 ) ) ;
#5503 = CIRCLE ( 'NONE', #6487, 0.1249999999999998890 ) ;
#5504 = DIRECTION ( 'NONE',  ( -2.365532012695651345E-15, 0.000000000000000000, -1.000000000000000000 ) ) ;
#5505 = PLANE ( 'NONE',  #3686 ) ;
#5506 = DIRECTION ( 'NONE',  ( -1.000000000000000000, 0.000000000000000000, 0.000000000000000000 ) ) ;
#5507 = LINE ( 'NONE', #4005, #302 ) ;
#5508 = ADVANCED_FACE ( 'NONE', ( #4018 ), #4894, .T. ) ;
#5509 = EDGE_CURVE ( 'NONE', #1665, #7269, #1478, .T. ) ;
#5510 = DIRECTION ( 'NONE',  ( 0.000000000000000000, 1.000000000000000000, 0.000000000000000000 ) ) ;
#5511 = ORIENTED_EDGE ( 'NONE', *, *, #3313, .T. ) ;
#5512 = ORIENTED_EDGE ( 'NONE', *, *, #3997, .T. ) ;
#5513 = CIRCLE ( 'NONE', #7220, 0.1000000000000006994 ) ;
#5514 = DIRECTION ( 'NONE',  ( -0.000000000000000000, -1.000000000000000000, -0.000000000000000000 ) ) ;
#5515 = DIRECTION ( 'NONE',  ( 1.577021341797098398E-15, 0.000000000000000000, -1.000000000000000000 ) ) ;
#5516 = CARTESIAN_POINT ( 'NONE',  ( -1.500000000000000000, 0.5716990566028299359, 0.8749999999999998890 ) ) ;
#5517 = AXIS2_PLACEMENT_3D ( 'NONE', #7649, #344, #2783 ) ;
#5518 = LINE ( 'NONE', #4384, #131 ) ;
#5519 = CARTESIAN_POINT ( 'NONE',  ( 0.000000000000000000, 0.05000000000000000278, -0.6250000000000001110 ) ) ;
#5520 = CYLINDRICAL_SURFACE ( 'NONE', #4910, 0.1249999999999998890 ) ;
#5521 = DIRECTION ( 'NONE',  ( -0.000000000000000000, -1.000000000000000000, -0.000000000000000000 ) ) ;
#5522 = DIRECTION ( 'NONE',  ( 0.000000000000000000, -0.000000000000000000, 1.000000000000000000 ) ) ;
#5523 = EDGE_CURVE ( 'NONE', #6701, #1737, #6765, .T. ) ;
#5524 = EDGE_CURVE ( 'NONE', #4195, #1184, #1514, .T. ) ;
#5525 = DIRECTION ( 'NONE',  ( 0.000000000000000000, 0.000000000000000000, -1.000000000000000000 ) ) ;
#5526 = ORIENTED_EDGE ( 'NONE', *, *, #1177, .F. ) ;
#5527 = ORIENTED_EDGE ( 'NONE', *, *, #4878, .F. ) ;
#5528 = ADVANCED_FACE ( 'NONE', ( #3931 ), #3731, .F. ) ;
#5529 = CARTESIAN_POINT ( 'NONE',  ( 1.500000000000000000, 0.5716990566028299359, 0.1250000000000008604 ) ) ;
#5530 = DIRECTION ( 'NONE',  ( 0.000000000000000000, -0.000000000000000000, 1.000000000000000000 ) ) ;
#5531 = CIRCLE ( 'NONE', #1856, 0.1249999999999995698 ) ;
#5532 = LINE ( 'NONE', #895, #5368 ) ;
#5533 = CARTESIAN_POINT ( 'NONE',  ( 1.224999999999999423, 0.5716990566028299359, 0.1250000000000007494 ) ) ;
#5534 = ORIENTED_EDGE ( 'NONE', *, *, #1149, .T. ) ;
#5535 = ORIENTED_EDGE ( 'NONE', *, *, #2777, .T. ) ;
#5536 = EDGE_CURVE ( 'NONE', #4345, #3797, #1374, .T. ) ;
#5537 = LINE ( 'NONE', #2849, #5661 ) ;
#5538 = DIRECTION ( 'NONE',  ( -0.000000000000000000, -1.000000000000000000, -0.000000000000000000 ) ) ;
#5539 = CARTESIAN_POINT ( 'NONE',  ( 0.1249999999999985151, 0.05000000000000000278, -1.971276677246349579E-16 ) ) ;
#5540 = CARTESIAN_POINT ( 'NONE',  ( -0.3750000000000018319, 0.05000000000000000278, -5.913830031739148083E-16 ) ) ;
#5541 = ADVANCED_FACE ( 'NONE', ( #6575 ), #5033, .T. ) ;
#5542 = PLANE ( 'NONE',  #7356 ) ;
#5543 = DIRECTION ( 'NONE',  ( 0.000000000000000000, 0.000000000000000000, 1.000000000000000000 ) ) ;
#5544 = LINE ( 'NONE', #2920, #266 ) ;
#5545 = DIRECTION ( 'NONE',  ( 0.000000000000000000, 0.000000000000000000, 1.000000000000000000 ) ) ;
#5546 = FACE_OUTER_BOUND ( 'NONE', #3872, .T. ) ;
#5547 =( GEOMETRIC_REPRESENTATION_CONTEXT ( 3 ) GLOBAL_UNCERTAINTY_ASSIGNED_CONTEXT ( ( #5242 ) ) GLOBAL_UNIT_ASSIGNED_CONTEXT ( ( #1606, #2258, #2791 ) ) REPRESENTATION_CONTEXT ( 'NONE', 'WORKASPACE' ) );
#5548 = DIRECTION ( 'NONE',  ( 0.000000000000000000, 1.000000000000000000, 0.000000000000000000 ) ) ;
#5549 = CARTESIAN_POINT ( 'NONE',  ( -0.7499999999999995559, 0.000000000000000000, 1.225000000000000311 ) ) ;
#5550 = ORIENTED_EDGE ( 'NONE', *, *, #2013, .F. ) ;
#5551 = ORIENTED_EDGE ( 'NONE', *, *, #2611, .F. ) ;
#5552 = VECTOR ( 'NONE', #4391, 1000.000000000000000 ) ;
#5553 = EDGE_CURVE ( 'NONE', #955, #6445, #4077, .T. ) ;
#5554 = CARTESIAN_POINT ( 'NONE',  ( 1.299999999999999600, 0.09999999999999999167, -1.299999999999999822 ) ) ;
#5555 = CARTESIAN_POINT ( 'NONE',  ( -0.1249999999999991396, 0.1000000000000000056, 1.499999999999999778 ) ) ;
#5556 = PLANE ( 'NONE',  #4416 ) ;
#5557 = DIRECTION ( 'NONE',  ( 2.365532012695651345E-15, 0.000000000000000000, -1.000000000000000000 ) ) ;
#5558 = DIRECTION ( 'NONE',  ( 0.000000000000000000, -1.000000000000000000, 0.000000000000000000 ) ) ;
#5559 = CARTESIAN_POINT ( 'NONE',  ( 1.124999999999999556, 0.04999999999999971134, -1.499999999999999778 ) ) ;
#5560 = DIRECTION ( 'NONE',  ( 1.000000000000000000, 0.000000000000000000, -1.734723475976807292E-15 ) ) ;
#5561 = LINE ( 'NONE', #7568, #2761 ) ;
#5562 = CARTESIAN_POINT ( 'NONE',  ( -1.299999999999999156, 0.09999999999999999167, -1.300000000000000266 ) ) ;
#5563 = ORIENTED_EDGE ( 'NONE', *, *, #1494, .T. ) ;
#5564 = VERTEX_POINT ( 'NONE', #6854 ) ;
#5565 = ORIENTED_EDGE ( 'NONE', *, *, #1621, .F. ) ;
#5566 = FACE_OUTER_BOUND ( 'NONE', #1817, .T. ) ;
#5567 = DIRECTION ( 'NONE',  ( 1.577021341797098201E-15, -0.000000000000000000, 1.000000000000000000 ) ) ;
#5568 = CARTESIAN_POINT ( 'NONE',  ( -1.500000000000000222, 0.1000000000000002554, 0.8749999999999998890 ) ) ;
#5569 = DIRECTION ( 'NONE',  ( -0.000000000000000000, -1.000000000000000000, -0.000000000000000000 ) ) ;
#5570 = DIRECTION ( 'NONE',  ( 0.000000000000000000, -1.000000000000000000, 0.000000000000000000 ) ) ;
#5571 = SURFACE_STYLE_FILL_AREA ( #7779 ) ;
#5572 = CARTESIAN_POINT ( 'NONE',  ( -1.124999999999999112, 0.09999999999999999167, 1.500000000000000222 ) ) ;
#5573 = PLANE ( 'NONE',  #469 ) ;
#5574 = CARTESIAN_POINT ( 'NONE',  ( -0.7499999999999997780, 0.000000000000000000, -1.224999999999999867 ) ) ;
#5575 = EDGE_LOOP ( 'NONE', ( #755, #2375, #6448, #6978 ) ) ;
#5576 = ORIENTED_EDGE ( 'NONE', *, *, #5419, .T. ) ;
#5577 = AXIS2_PLACEMENT_3D ( 'NONE', #3909, #4978, #7385 ) ;
#5578 = VECTOR ( 'NONE', #5019, 1000.000000000000000 ) ;
#5579 = EDGE_CURVE ( 'NONE', #1285, #6154, #6603, .T. ) ;
#5580 = CYLINDRICAL_SURFACE ( 'NONE', #4719, 0.1000000000000006994 ) ;
#5581 = EDGE_CURVE ( 'NONE', #4726, #7325, #6489, .T. ) ;
#5582 = EDGE_CURVE ( 'NONE', #1056, #6022, #4102, .T. ) ;
#5583 = VECTOR ( 'NONE', #2713, 1000.000000000000000 ) ;
#5584 =( NAMED_UNIT ( * ) PLANE_ANGLE_UNIT ( ) SI_UNIT ( $, .RADIAN. ) );
#5585 = VERTEX_POINT ( 'NONE', #1419 ) ;
#5586 = ORIENTED_EDGE ( 'NONE', *, *, #7452, .T. ) ;
#5587 = ADVANCED_FACE ( 'NONE', ( #6724 ), #3534, .T. ) ;
#5588 = CARTESIAN_POINT ( 'NONE',  ( 1.499999999999999556, 0.000000000000000000, -1.124999999999999778 ) ) ;
#5589 = VECTOR ( 'NONE', #4912, 1000.000000000000000 ) ;
#5590 = CARTESIAN_POINT ( 'NONE',  ( -1.224999999999999423, 0.5716990566028299359, 0.7500000000000003331 ) ) ;
#5591 = PLANE ( 'NONE',  #4265 ) ;
#5592 = CARTESIAN_POINT ( 'NONE',  ( -0.8749999999999991118, 0.1000000000000000056, 1.500000000000000222 ) ) ;
#5593 = CARTESIAN_POINT ( 'NONE',  ( 1.499999999999999556, 0.8000000000000003775, 1.499999999999999778 ) ) ;
#5594 = LINE ( 'NONE', #4919, #380 ) ;
#5595 = AXIS2_PLACEMENT_3D ( 'NONE', #1115, #3031, #1174 ) ;
#5596 = CARTESIAN_POINT ( 'NONE',  ( 1.224999999999999423, 0.09999999999999999167, 0.6250000000000007772 ) ) ;
#5597 = EDGE_CURVE ( 'NONE', #1697, #619, #6588, .T. ) ;
#5598 = AXIS2_PLACEMENT_3D ( 'NONE', #6474, #3499, #4122 ) ;
#5599 = CARTESIAN_POINT ( 'NONE',  ( 1.500000000000000000, 0.5716990566028299359, -0.8749999999999991118 ) ) ;
#5600 = PLANE ( 'NONE',  #2378 ) ;
#5601 = ORIENTED_EDGE ( 'NONE', *, *, #5623, .F. ) ;
#5602 = ORIENTED_EDGE ( 'NONE', *, *, #6416, .F. ) ;
#5603 = LINE ( 'NONE', #7489, #331 ) ;
#5604 = CARTESIAN_POINT ( 'NONE',  ( -0.3749999999999995559, 0.05000000000000000278, 1.225000000000000311 ) ) ;
#5605 = DIRECTION ( 'NONE',  ( 0.000000000000000000, 0.000000000000000000, -1.000000000000000000 ) ) ;
#5606 = DIRECTION ( 'NONE',  ( 0.000000000000000000, 0.000000000000000000, 1.000000000000000000 ) ) ;
#5607 = DIRECTION ( 'NONE',  ( 0.000000000000000000, 0.000000000000000000, 1.000000000000000000 ) ) ;
#5608 = FACE_OUTER_BOUND ( 'NONE', #3298, .T. ) ;
#5609 = CARTESIAN_POINT ( 'NONE',  ( 0.1250000000000001110, 0.5716990566028304910, -1.225000000000000311 ) ) ;
#5610 = CARTESIAN_POINT ( 'NONE',  ( -0.1250000000000001110, 0.09999999999999999167, -1.225000000000000311 ) ) ;
#5611 = VECTOR ( 'NONE', #6025, 1000.000000000000000 ) ;
#5612 = DIRECTION ( 'NONE',  ( 0.000000000000000000, -1.000000000000000000, 0.000000000000000000 ) ) ;
#5613 = ORIENTED_EDGE ( 'NONE', *, *, #1149, .F. ) ;
#5614 = VERTEX_POINT ( 'NONE', #2976 ) ;
#5615 = EDGE_CURVE ( 'NONE', #1980, #6678, #4038, .T. ) ;
#5616 = VECTOR ( 'NONE', #3107, 1000.000000000000000 ) ;
#5617 = FILL_AREA_STYLE ('',( #804 ) ) ;
#5618 = CARTESIAN_POINT ( 'NONE',  ( -1.500000000000000000, 0.000000000000000000, 0.8749999999999998890 ) ) ;
#5619 = DIRECTION ( 'NONE',  ( -0.000000000000000000, -1.000000000000000000, -0.000000000000000000 ) ) ;
#5620 =( NAMED_UNIT ( * ) PLANE_ANGLE_UNIT ( ) SI_UNIT ( $, .RADIAN. ) );
#5621 = DIRECTION ( 'NONE',  ( 0.000000000000000000, 0.000000000000000000, 1.000000000000000000 ) ) ;
#5622 = EDGE_CURVE ( 'NONE', #5103, #1142, #1280, .T. ) ;
#5623 = EDGE_CURVE ( 'NONE', #6453, #3862, #4114, .T. ) ;
#5624 = FACE_OUTER_BOUND ( 'NONE', #6157, .T. ) ;
#5625 = VECTOR ( 'NONE', #2376, 1000.000000000000000 ) ;
#5626 = CARTESIAN_POINT ( 'NONE',  ( 1.499999999999999556, 0.6303300858899107961, -1.299999999999999822 ) ) ;
#5627 = CARTESIAN_POINT ( 'NONE',  ( 0.6250000000000001110, 0.5716990566028304910, -1.225000000000000311 ) ) ;
#5628 = CARTESIAN_POINT ( 'NONE',  ( -0.7499999999999997780, 0.1000000000000000056, -1.224999999999999867 ) ) ;
#5629 = DIRECTION ( 'NONE',  ( 0.000000000000000000, -0.000000000000000000, -1.000000000000000000 ) ) ;
#5630 = VERTEX_POINT ( 'NONE', #2876 ) ;
#5631 = VERTEX_POINT ( 'NONE', #1000 ) ;
#5632 = FACE_OUTER_BOUND ( 'NONE', #5777, .T. ) ;
#5633 = AXIS2_PLACEMENT_3D ( 'NONE', #7457, #139, #694 ) ;
#5634 = FACE_OUTER_BOUND ( 'NONE', #1278, .T. ) ;
#5635 = EDGE_CURVE ( 'NONE', #3955, #3417, #3978, .T. ) ;
#5636 = VECTOR ( 'NONE', #2813, 1000.000000000000000 ) ;
#5637 = ADVANCED_FACE ( 'NONE', ( #1464 ), #7170, .F. ) ;
#5638 = ORIENTED_EDGE ( 'NONE', *, *, #7678, .F. ) ;
#5639 = EDGE_LOOP ( 'NONE', ( #3887, #4089, #816, #3473 ) ) ;
#5640 = PLANE ( 'NONE',  #7756 ) ;
#5641 = VECTOR ( 'NONE', #6282, 1000.000000000000000 ) ;
#5642 = DIRECTION ( 'NONE',  ( -0.000000000000000000, -1.000000000000000000, -0.000000000000000000 ) ) ;
#5643 = DIRECTION ( 'NONE',  ( 0.000000000000000000, 0.000000000000000000, 1.000000000000000000 ) ) ;
#5644 = LINE ( 'NONE', #3558, #576 ) ;
#5645 = DIRECTION ( 'NONE',  ( 0.000000000000000000, 0.000000000000000000, 1.000000000000000000 ) ) ;
#5646 = FACE_OUTER_BOUND ( 'NONE', #1370, .T. ) ;
#5647 =( NAMED_UNIT ( * ) PLANE_ANGLE_UNIT ( ) SI_UNIT ( $, .RADIAN. ) );
#5648 = CARTESIAN_POINT ( 'NONE',  ( -0.1250000000000001110, 0.1000000000000000056, -1.225000000000000311 ) ) ;
#5649 = VERTEX_POINT ( 'NONE', #526 ) ;
#5650 = ORIENTED_EDGE ( 'NONE', *, *, #6259, .F. ) ;
#5651 = ADVANCED_FACE ( 'NONE', ( #6530 ), #1345, .F. ) ;
#5652 = LINE ( 'NONE', #5492, #355 ) ;
#5653 = CARTESIAN_POINT ( 'NONE',  ( -1.499999999999999112, 0.1000000000000000472, 1.300000000000000266 ) ) ;
#5654 = CARTESIAN_POINT ( 'NONE',  ( 1.224999999999999423, 0.5716990566028299359, -0.8749999999999992228 ) ) ;
#5655 = CARTESIAN_POINT ( 'NONE',  ( -0.2499999999999995837, 0.1000000000000000056, 1.225000000000000311 ) ) ;
#5656 = FACE_OUTER_BOUND ( 'NONE', #5575, .T. ) ;
#5657 = PLANE ( 'NONE',  #6218 ) ;
#5658 = PLANE ( 'NONE',  #7803 ) ;
#5659 = FACE_OUTER_BOUND ( 'NONE', #3632, .T. ) ;
#5660 = ORIENTED_EDGE ( 'NONE', *, *, #500, .F. ) ;
#5661 = VECTOR ( 'NONE', #5288, 1000.000000000000000 ) ;
#5662 = DIRECTION ( 'NONE',  ( 0.000000000000000000, -1.000000000000000000, 0.000000000000000000 ) ) ;
#5663 = CARTESIAN_POINT ( 'NONE',  ( -1.124999999999999112, 0.09999999999999999167, 1.225000000000000755 ) ) ;
#5664 = DIRECTION ( 'NONE',  ( -1.000000000000000000, 0.000000000000000000, -3.942553354492735642E-16 ) ) ;
#5665 = FACE_OUTER_BOUND ( 'NONE', #2116, .T. ) ;
#5666 = AXIS2_PLACEMENT_3D ( 'NONE', #3418, #353, #5888 ) ;
#5667 = EDGE_CURVE ( 'NONE', #6412, #5440, #1235, .T. ) ;
#5668 = CARTESIAN_POINT ( 'NONE',  ( 0.6249999999999982236, 0.05000000000000000278, 9.856383386231835901E-16 ) ) ;
#5669 = CARTESIAN_POINT ( 'NONE',  ( 1.224999999999999423, 0.09999999999999999167, -0.6250000000000001110 ) ) ;
#5670 = CARTESIAN_POINT ( 'NONE',  ( -1.224999999999999423, 0.09999999999999999167, 0.1250000000000007494 ) ) ;
#5671 = VERTEX_POINT ( 'NONE', #4149 ) ;
#5672 = LINE ( 'NONE', #6589, #450 ) ;
#5673 = EDGE_CURVE ( 'NONE', #3578, #91, #1416, .T. ) ;
#5674 = DIRECTION ( 'NONE',  ( 0.000000000000000000, 0.000000000000000000, 1.000000000000000000 ) ) ;
#5675 = AXIS2_PLACEMENT_3D ( 'NONE', #1351, #1290, #2657 ) ;
#5676 = FACE_OUTER_BOUND ( 'NONE', #2754, .T. ) ;
#5677 = VERTEX_POINT ( 'NONE', #175 ) ;
#5678 = PLANE ( 'NONE',  #2228 ) ;
#5679 = LINE ( 'NONE', #6774, #458 ) ;
#5680 = CARTESIAN_POINT ( 'NONE',  ( 1.499999999999999556, 0.000000000000000000, 1.299999999999999822 ) ) ;
#5681 = AXIS2_PLACEMENT_3D ( 'NONE', #7395, #534, #7235 ) ;
#5682 = CARTESIAN_POINT ( 'NONE',  ( 1.500000000000000000, 0.5716990566028299359, -0.1250000000000001110 ) ) ;
#5683 = EDGE_CURVE ( 'NONE', #3290, #4172, #1252, .T. ) ;
#5684 = DIRECTION ( 'NONE',  ( 0.000000000000000000, 0.000000000000000000, 1.000000000000000000 ) ) ;
#5685 = AXIS2_PLACEMENT_3D ( 'NONE', #6611, #7644, #4623 ) ;
#5686 = VECTOR ( 'NONE', #7093, 1000.000000000000000 ) ;
#5687 = UNCERTAINTY_MEASURE_WITH_UNIT (LENGTH_MEASURE( 1.000000000000000082E-05 ), #2352, 'distance_accuracy_value', 'NONE');
#5688 = CARTESIAN_POINT ( 'NONE',  ( -0.1249999999999996808, 0.000000000000000000, 1.225000000000000311 ) ) ;
#5689 = VECTOR ( 'NONE', #2363, 1000.000000000000000 ) ;
#5690 = ADVANCED_FACE ( 'NONE', ( #1360 ), #223, .F. ) ;
#5691 = DIRECTION ( 'NONE',  ( 0.000000000000000000, -0.000000000000000000, 1.000000000000000000 ) ) ;
#5692 = EDGE_CURVE ( 'NONE', #1397, #3703, #3944, .T. ) ;
#5693 = EDGE_LOOP ( 'NONE', ( #972, #3900, #1001, #1153 ) ) ;
#5694 = ORIENTED_EDGE ( 'NONE', *, *, #420, .F. ) ;
#5695 = FACE_OUTER_BOUND ( 'NONE', #644, .T. ) ;
#5696 = CARTESIAN_POINT ( 'NONE',  ( -1.499999999999999112, 0.1000000000000000472, -1.125000000000000222 ) ) ;
#5697 = DIRECTION ( 'NONE',  ( 0.000000000000000000, 0.000000000000000000, 1.000000000000000000 ) ) ;
#5698 =( LENGTH_UNIT ( ) NAMED_UNIT ( * ) SI_UNIT ( .MILLI., .METRE. ) );
#5699 = LINE ( 'NONE', #7708, #3199 ) ;
#5700 = EDGE_CURVE ( 'NONE', #7048, #7456, #6754, .T. ) ;
#5701 = DIRECTION ( 'NONE',  ( 1.000000000000000000, 0.000000000000000000, -3.942553354492735642E-16 ) ) ;
#5702 = CARTESIAN_POINT ( 'NONE',  ( -0.7499999999999997780, 0.1000000000000000056, -1.224999999999999867 ) ) ;
#5703 = CIRCLE ( 'NONE', #6134, 0.1249999999999995698 ) ;
#5704 = DIRECTION ( 'NONE',  ( 0.000000000000000000, 0.000000000000000000, -1.000000000000000000 ) ) ;
#5705 = ORIENTED_EDGE ( 'NONE', *, *, #3991, .T. ) ;
#5706 = ADVANCED_FACE ( 'NONE', ( #4003 ), #4360, .T. ) ;
#5707 = EDGE_CURVE ( 'NONE', #3436, #7718, #6557, .T. ) ;
#5708 = VERTEX_POINT ( 'NONE', #6782 ) ;
#5709 = SURFACE_STYLE_FILL_AREA ( #5891 ) ;
#5710 = CARTESIAN_POINT ( 'NONE',  ( -2.464095846557960947E-16, 0.05000000000000000278, 0.6250000000000003331 ) ) ;
#5711 = CARTESIAN_POINT ( 'NONE',  ( -1.125000000000000222, 0.8000000000000000444, -1.125000000000000000 ) ) ;
#5712 = PLANE ( 'NONE',  #976 ) ;
#5713 = DIRECTION ( 'NONE',  ( 0.000000000000000000, 0.000000000000000000, 1.000000000000000000 ) ) ;
#5714 = LINE ( 'NONE', #3453, #390 ) ;
#5715 = AXIS2_PLACEMENT_3D ( 'NONE', #6943, #304, #4580 ) ;
#5716 = DIRECTION ( 'NONE',  ( 0.000000000000000000, 0.000000000000000000, 1.000000000000000000 ) ) ;
#5717 = DIRECTION ( 'NONE',  ( 0.000000000000000000, 0.000000000000000000, -1.000000000000000000 ) ) ;
#5718 = CARTESIAN_POINT ( 'NONE',  ( -0.1249999999999994588, 0.04999999999999969746, -1.499999999999999778 ) ) ;
#5719 = VERTEX_POINT ( 'NONE', #7441 ) ;
#5720 = ORIENTED_EDGE ( 'NONE', *, *, #4891, .T. ) ;
#5721 = LINE ( 'NONE', #6760, #496 ) ;
#5722 = EDGE_CURVE ( 'NONE', #5708, #6428, #1316, .T. ) ;
#5723 = EDGE_LOOP ( 'NONE', ( #5305, #4877, #1620, #1438 ) ) ;
#5724 = VECTOR ( 'NONE', #3007, 1000.000000000000000 ) ;
#5725 = LINE ( 'NONE', #7804, #503 ) ;
#5726 = CARTESIAN_POINT ( 'NONE',  ( 0.7000000000000000666, 0.09999999999999982514, 0.7000000000000000666 ) ) ;
#5727 = ORIENTED_EDGE ( 'NONE', *, *, #2947, .F. ) ;
#5728 = EDGE_LOOP ( 'NONE', ( #2719, #5415, #7192, #1767 ) ) ;
#5729 = LINE ( 'NONE', #3758, #6101 ) ;
#5730 = DIRECTION ( 'NONE',  ( -0.000000000000000000, -1.000000000000000000, -0.000000000000000000 ) ) ;
#5731 = CARTESIAN_POINT ( 'NONE',  ( 1.500000000000000000, 0.000000000000000000, 0.3749999999999998890 ) ) ;
#5732 = DIRECTION ( 'NONE',  ( 1.000000000000000000, -0.000000000000000000, 0.000000000000000000 ) ) ;
#5733 = DIRECTION ( 'NONE',  ( -0.000000000000000000, -0.000000000000000000, -1.000000000000000000 ) ) ;
#5734 = ORIENTED_EDGE ( 'NONE', *, *, #7008, .F. ) ;
#5735 = FACE_OUTER_BOUND ( 'NONE', #3623, .T. ) ;
#5736 = DIRECTION ( 'NONE',  ( -1.000000000000000000, 0.000000000000000000, 2.365532012695651739E-15 ) ) ;
#5737 = VECTOR ( 'NONE', #371, 1000.000000000000000 ) ;
#5738 = CARTESIAN_POINT ( 'NONE',  ( -0.6249999999999991118, 0.1000000000000000056, 1.499999999999999778 ) ) ;
#5739 = CARTESIAN_POINT ( 'NONE',  ( 1.225000000000000089, 0.09999999999999999167, 1.124999999999999778 ) ) ;
#5740 = AXIS2_PLACEMENT_3D ( 'NONE', #7108, #828, #7050 ) ;
#5741 = ORIENTED_EDGE ( 'NONE', *, *, #6897, .T. ) ;
#5742 = EDGE_LOOP ( 'NONE', ( #5586, #5601, #5480, #226 ) ) ;
#5743 = VECTOR ( 'NONE', #5500, 1000.000000000000000 ) ;
#5744 = EDGE_CURVE ( 'NONE', #1130, #5614, #6629, .T. ) ;
#5745 = DIRECTION ( 'NONE',  ( 0.000000000000000000, -0.000000000000000000, 1.000000000000000000 ) ) ;
#5746 = PLANE ( 'NONE',  #2956 ) ;
#5747 = ORIENTED_EDGE ( 'NONE', *, *, #499, .T. ) ;
#5748 = CARTESIAN_POINT ( 'NONE',  ( -1.299999999999999156, 0.000000000000000000, -1.500000000000000222 ) ) ;
#5749 = LINE ( 'NONE', #3246, #3141 ) ;
#5750 = EDGE_CURVE ( 'NONE', #2784, #5719, #1450, .T. ) ;
#5751 = FACE_OUTER_BOUND ( 'NONE', #1313, .T. ) ;
#5752 = ADVANCED_FACE ( 'NONE', ( #6697 ), #3551, .T. ) ;
#5753 = CARTESIAN_POINT ( 'NONE',  ( -0.3999999999999973577, 2.079898987322333248, -0.7000000000000002887 ) ) ;
#5754 = DIRECTION ( 'NONE',  ( -3.942553354492735642E-16, 0.000000000000000000, 1.000000000000000000 ) ) ;
#5755 = EDGE_LOOP ( 'NONE', ( #3725, #7241, #7186, #516 ) ) ;
#5756 = AXIS2_PLACEMENT_3D ( 'NONE', #7755, #1843, #1067 ) ;
#5757 = VERTEX_POINT ( 'NONE', #1186 ) ;
#5758 = FACE_OUTER_BOUND ( 'NONE', #3894, .T. ) ;
#5759 = CARTESIAN_POINT ( 'NONE',  ( 1.225000000000000089, 0.05000000000000000278, -1.225000000000000311 ) ) ;
#5760 = DIRECTION ( 'NONE',  ( 0.000000000000000000, -1.000000000000000000, 0.000000000000000000 ) ) ;
#5761 = DIRECTION ( 'NONE',  ( -2.365532012695651345E-15, 0.000000000000000000, -1.000000000000000000 ) ) ;
#5762 = EDGE_CURVE ( 'NONE', #4013, #3610, #1329, .T. ) ;
#5763 = EDGE_LOOP ( 'NONE', ( #4209, #7593, #307, #406, #375, #4689, #7483 ) ) ;
#5764 = LINE ( 'NONE', #1861, #367 ) ;
#5765 = LINE ( 'NONE', #64, #3089 ) ;
#5766 = EDGE_CURVE ( 'NONE', #4228, #2642, #4052, .T. ) ;
#5767 = CARTESIAN_POINT ( 'NONE',  ( -1.500000000000000000, 0.09999999999999999167, 0.6250000000000008882 ) ) ;
#5768 = AXIS2_PLACEMENT_3D ( 'NONE', #790, #2708, #6289 ) ;
#5769 = AXIS2_PLACEMENT_3D ( 'NONE', #6708, #5916, #461 ) ;
#5770 = DIRECTION ( 'NONE',  ( 2.365532012695651345E-15, 0.000000000000000000, -1.000000000000000000 ) ) ;
#5771 = ORIENTED_EDGE ( 'NONE', *, *, #2095, .T. ) ;
#5772 = DIRECTION ( 'NONE',  ( 0.000000000000000000, -0.000000000000000000, 1.000000000000000000 ) ) ;
#5773 = ADVANCED_FACE ( 'NONE', ( #6657 ), #1836, .T. ) ;
#5774 = ORIENTED_EDGE ( 'NONE', *, *, #6404, .F. ) ;
#5775 = LINE ( 'NONE', #5231, #5851 ) ;
#5776 = EDGE_CURVE ( 'NONE', #511, #6319, #6811, .T. ) ;
#5777 = EDGE_LOOP ( 'NONE', ( #3777, #6540, #1325, #1511 ) ) ;
#5778 = CIRCLE ( 'NONE', #3317, 0.1000000000000006994 ) ;
#5779 = CARTESIAN_POINT ( 'NONE',  ( -1.500000000000000000, 0.09999999999999999167, 0.1250000000000008604 ) ) ;
#5780 = AXIS2_PLACEMENT_3D ( 'NONE', #2850, #4075, #1630 ) ;
#5781 = CARTESIAN_POINT ( 'NONE',  ( 1.124999999999999556, 0.000000000000000000, -1.499999999999999778 ) ) ;
#5782 = EDGE_CURVE ( 'NONE', #4334, #7407, #1587, .T. ) ;
#5783 = CLOSED_SHELL ( 'NONE', ( #3591, #3287, #2635, #6722, #2221, #103 ) ) ;
#5784 = AXIS2_PLACEMENT_3D ( 'NONE', #4763, #6014, #4864 ) ;
#5785 = ORIENTED_EDGE ( 'NONE', *, *, #2474, .F. ) ;
#5786 = FACE_OUTER_BOUND ( 'NONE', #3588, .T. ) ;
#5787 = CARTESIAN_POINT ( 'NONE',  ( -1.224999999999999645, 0.6303300858899107961, 1.125000000000000222 ) ) ;
#5788 = CARTESIAN_POINT ( 'NONE',  ( -0.6250000000000001110, 0.1000000000000000056, -1.225000000000000311 ) ) ;
#5789 = CARTESIAN_POINT ( 'NONE',  ( 1.500000000000000000, 0.04999999999999969746, 0.1250000000000008604 ) ) ;
#5790 = CARTESIAN_POINT ( 'NONE',  ( -0.7499999999999995559, 0.000000000000000000, 1.100000000000000533 ) ) ;
#5791 = ORIENTED_EDGE ( 'NONE', *, *, #4164, .T. ) ;
#5792 = EDGE_CURVE ( 'NONE', #7259, #1195, #1541, .T. ) ;
#5793 = CIRCLE ( 'NONE', #5172, 0.1249999999999998890 ) ;
#5794 = DIRECTION ( 'NONE',  ( -1.000000000000000000, 0.000000000000000000, -0.000000000000000000 ) ) ;
#5795 = STYLED_ITEM ( 'NONE', ( #6383 ), #2705 ) ;
#5796 = CARTESIAN_POINT ( 'NONE',  ( -0.2499999999999995837, 0.5716990566028304910, 1.225000000000000311 ) ) ;
#5797 = DIRECTION ( 'NONE',  ( 1.000000000000000000, 0.000000000000000000, 0.000000000000000000 ) ) ;
#5798 = DIRECTION ( 'NONE',  ( 0.000000000000000000, 0.000000000000000000, 1.000000000000000000 ) ) ;
#5799 = ORIENTED_EDGE ( 'NONE', *, *, #7346, .T. ) ;
#5800 = ORIENTED_EDGE ( 'NONE', *, *, #3294, .T. ) ;
#5801 = VECTOR ( 'NONE', #5453, 1000.000000000000000 ) ;
#5802 = FILL_AREA_STYLE ('',( #4541 ) ) ;
#5803 = ORIENTED_EDGE ( 'NONE', *, *, #1347, .T. ) ;
#5804 = VECTOR ( 'NONE', #7294, 1000.000000000000000 ) ;
#5805 = EDGE_CURVE ( 'NONE', #3315, #4431, #1863, .T. ) ;
#5806 = CARTESIAN_POINT ( 'NONE',  ( -1.224999999999999423, 0.09999999999999999167, -0.1250000000000001110 ) ) ;
#5807 = VECTOR ( 'NONE', #3643, 1000.000000000000000 ) ;
#5808 = ORIENTED_EDGE ( 'NONE', *, *, #2460, .F. ) ;
#5809 = CARTESIAN_POINT ( 'NONE',  ( -1.499999999999999112, 0.05000000000000001665, -1.125000000000000222 ) ) ;
#5810 = ORIENTED_EDGE ( 'NONE', *, *, #2152, .T. ) ;
#5811 = ORIENTED_EDGE ( 'NONE', *, *, #4891, .F. ) ;
#5812 = VECTOR ( 'NONE', #4359, 1000.000000000000000 ) ;
#5813 = DIRECTION ( 'NONE',  ( 1.577021341797098398E-15, 0.000000000000000000, -1.000000000000000000 ) ) ;
#5814 = DIRECTION ( 'NONE',  ( 0.000000000000000000, 1.000000000000000000, -0.000000000000000000 ) ) ;
#5815 = DIRECTION ( 'NONE',  ( 0.000000000000000000, -1.000000000000000000, 0.000000000000000000 ) ) ;
#5816 = AXIS2_PLACEMENT_3D ( 'NONE', #4557, #6918, #7027 ) ;
#5817 = PLANE ( 'NONE',  #7701 ) ;
#5818 = ORIENTED_EDGE ( 'NONE', *, *, #5128, .T. ) ;
#5819 = LINE ( 'NONE', #3684, #5804 ) ;
#5820 = MANIFOLD_SOLID_BREP ( 'LPattern4[5]', #5783 ) ;
#5821 = FACE_OUTER_BOUND ( 'NONE', #7836, .T. ) ;
#5822 = ADVANCED_FACE ( 'NONE', ( #1742 ), #1780, .T. ) ;
#5823 = EDGE_CURVE ( 'NONE', #6137, #1006, #6993, .T. ) ;
#5824 = DIRECTION ( 'NONE',  ( 1.577021341797098398E-15, 0.000000000000000000, -1.000000000000000000 ) ) ;
#5825 = ORIENTED_EDGE ( 'NONE', *, *, #7805, .F. ) ;
#5826 = CARTESIAN_POINT ( 'NONE',  ( -1.500000000000000000, 0.04999999999999969746, -0.1250000000000001110 ) ) ;
#5827 = DIRECTION ( 'NONE',  ( 1.000000000000000000, -0.000000000000000000, -1.734723475976807094E-15 ) ) ;
#5828 = ORIENTED_EDGE ( 'NONE', *, *, #73, .T. ) ;
#5829 = ORIENTED_EDGE ( 'NONE', *, *, #6677, .F. ) ;
#5830 = ORIENTED_EDGE ( 'NONE', *, *, #2878, .T. ) ;
#5831 = LINE ( 'NONE', #4814, #603 ) ;
#5832 = CARTESIAN_POINT ( 'NONE',  ( -0.6250000000000001110, 0.09999999999999999167, -1.225000000000000311 ) ) ;
#5833 = CIRCLE ( 'NONE', #6799, 0.1000000000000006994 ) ;
#5834 = ORIENTED_EDGE ( 'NONE', *, *, #4152, .T. ) ;
#5835 = CARTESIAN_POINT ( 'NONE',  ( 1.299999999999999600, 0.1000000000000000472, -1.299999999999999822 ) ) ;
#5836 = ORIENTED_EDGE ( 'NONE', *, *, #32, .F. ) ;
#5837 = DIRECTION ( 'NONE',  ( 1.000000000000000000, 0.000000000000000000, -1.577021341797098398E-15 ) ) ;
#5838 = ADVANCED_FACE ( 'NONE', ( #7159 ), #2941, .F. ) ;
#5839 = ORIENTED_EDGE ( 'NONE', *, *, #1600, .F. ) ;
#5840 = DIRECTION ( 'NONE',  ( -0.000000000000000000, -1.000000000000000000, -0.000000000000000000 ) ) ;
#5841 = DIRECTION ( 'NONE',  ( 0.000000000000000000, -0.000000000000000000, -1.000000000000000000 ) ) ;
#5842 = ORIENTED_EDGE ( 'NONE', *, *, #4128, .F. ) ;
#5843 = LINE ( 'NONE', #2496, #2981 ) ;
#5844 = EDGE_CURVE ( 'NONE', #6109, #6793, #4532, .T. ) ;
#5845 = LINE ( 'NONE', #6421, #5689 ) ;
#5846 = ORIENTED_EDGE ( 'NONE', *, *, #2581, .F. ) ;
#5847 = CARTESIAN_POINT ( 'NONE',  ( 0.7500000000000002220, 0.09999999999999999167, -1.224999999999999867 ) ) ;
#5848 = DIRECTION ( 'NONE',  ( -2.365532012695651739E-15, 0.000000000000000000, 1.000000000000000000 ) ) ;
#5849 = VERTEX_POINT ( 'NONE', #5378 ) ;
#5850 = ORIENTED_EDGE ( 'NONE', *, *, #2317, .F. ) ;
#5851 = VECTOR ( 'NONE', #5798, 1000.000000000000000 ) ;
#5852 = DIRECTION ( 'NONE',  ( 1.000000000000000000, -0.000000000000000000, 0.000000000000000000 ) ) ;
#5853 = EDGE_CURVE ( 'NONE', #4320, #4833, #6871, .T. ) ;
#5854 = EDGE_LOOP ( 'NONE', ( #6613, #6028, #2163, #1885 ) ) ;
#5855 = DIRECTION ( 'NONE',  ( -0.000000000000000000, 0.000000000000000000, -1.000000000000000000 ) ) ;
#5856 = LINE ( 'NONE', #6884, #6043 ) ;
#5857 = DIRECTION ( 'NONE',  ( -2.365532012695651345E-15, 0.000000000000000000, -1.000000000000000000 ) ) ;
#5858 = AXIS2_PLACEMENT_3D ( 'NONE', #3376, #6520, #7185 ) ;
#5859 = LINE ( 'NONE', #1870, #5625 ) ;
#5860 = ORIENTED_EDGE ( 'NONE', *, *, #5000, .T. ) ;
#5861 = VERTEX_POINT ( 'NONE', #198 ) ;
#5862 = VECTOR ( 'NONE', #4199, 1000.000000000000000 ) ;
#5863 = DIRECTION ( 'NONE',  ( -0.000000000000000000, 0.000000000000000000, -1.000000000000000000 ) ) ;
#5864 = AXIS2_PLACEMENT_3D ( 'NONE', #2386, #4729, #5309 ) ;
#5865 = CARTESIAN_POINT ( 'NONE',  ( 1.499999999999999556, 0.09999999999999999167, -1.124999999999999778 ) ) ;
#5866 = ORIENTED_EDGE ( 'NONE', *, *, #3142, .T. ) ;
#5867 = LINE ( 'NONE', #2076, #5968 ) ;
#5868 = CARTESIAN_POINT ( 'NONE',  ( -0.7499999999999995559, 0.000000000000000000, 1.225000000000000311 ) ) ;
#5869 = EDGE_CURVE ( 'NONE', #2445, #7238, #1599, .T. ) ;
#5870 = CARTESIAN_POINT ( 'NONE',  ( 1.225000000000000089, 0.1000000000000000472, -1.124999999999999778 ) ) ;
#5871 = ORIENTED_EDGE ( 'NONE', *, *, #7361, .F. ) ;
#5872 = VERTEX_POINT ( 'NONE', #7464 ) ;
#5873 = ORIENTED_EDGE ( 'NONE', *, *, #5597, .F. ) ;
#5874 =( GEOMETRIC_REPRESENTATION_CONTEXT ( 3 ) GLOBAL_UNCERTAINTY_ASSIGNED_CONTEXT ( ( #750 ) ) GLOBAL_UNIT_ASSIGNED_CONTEXT ( ( #5276, #5647, #4694 ) ) REPRESENTATION_CONTEXT ( 'NONE', 'WORKASPACE' ) );
#5875 = PLANE ( 'NONE',  #4757 ) ;
#5876 = CIRCLE ( 'NONE', #1182, 0.1249999999999995698 ) ;
#5877 = DIRECTION ( 'NONE',  ( -0.000000000000000000, -1.000000000000000000, -0.000000000000000000 ) ) ;
#5878 = ORIENTED_EDGE ( 'NONE', *, *, #5536, .F. ) ;
#5879 = EDGE_CURVE ( 'NONE', #1185, #6810, #7146, .T. ) ;
#5880 = EDGE_CURVE ( 'NONE', #7328, #3301, #7013, .T. ) ;
#5881 = ORIENTED_EDGE ( 'NONE', *, *, #5722, .T. ) ;
#5882 = CARTESIAN_POINT ( 'NONE',  ( 1.124999999999999556, 0.1000000000000000472, 1.225000000000000311 ) ) ;
#5883 = LINE ( 'NONE', #6262, #3207 ) ;
#5884 = DIRECTION ( 'NONE',  ( 0.000000000000000000, 1.000000000000000000, 0.000000000000000000 ) ) ;
#5885 = DIRECTION ( 'NONE',  ( -1.000000000000000000, 0.000000000000000000, 0.000000000000000000 ) ) ;
#5886 = FILL_AREA_STYLE_COLOUR ( '', #7693 ) ;
#5887 = ORIENTED_EDGE ( 'NONE', *, *, #7139, .F. ) ;
#5888 = DIRECTION ( 'NONE',  ( -1.000000000000000000, 0.000000000000000000, -0.000000000000000000 ) ) ;
#5889 = LINE ( 'NONE', #6214, #709 ) ;
#5890 = CARTESIAN_POINT ( 'NONE',  ( 1.225000000000000089, 0.09999999999999999167, 1.124999999999999778 ) ) ;
#5891 = FILL_AREA_STYLE ('',( #4165 ) ) ;
#5892 = DIRECTION ( 'NONE',  ( 1.000000000000000000, -0.000000000000000000, 0.000000000000000000 ) ) ;
#5893 = ORIENTED_EDGE ( 'NONE', *, *, #1177, .T. ) ;
#5894 = ADVANCED_FACE ( 'NONE', ( #1930 ), #6865, .F. ) ;
#5895 = EDGE_LOOP ( 'NONE', ( #4239, #1385, #7394, #7677 ) ) ;
#5896 = CARTESIAN_POINT ( 'NONE',  ( 1.499999999999999556, 0.05000000000000000278, 1.499999999999999778 ) ) ;
#5897 = EDGE_CURVE ( 'NONE', #5677, #6109, #4445, .T. ) ;
#5898 = ORIENTED_EDGE ( 'NONE', *, *, #7721, .T. ) ;
#5899 = LINE ( 'NONE', #5540, #902 ) ;
#5900 = CARTESIAN_POINT ( 'NONE',  ( 1.500000000000000000, 0.04999999999999969746, -0.1250000000000001110 ) ) ;
#5901 = FACE_OUTER_BOUND ( 'NONE', #3854, .T. ) ;
#5902 = ORIENTED_EDGE ( 'NONE', *, *, #1688, .F. ) ;
#5903 = AXIS2_PLACEMENT_3D ( 'NONE', #5159, #4023, #3329 ) ;
#5904 = CARTESIAN_POINT ( 'NONE',  ( -1.224999999999999423, 0.09999999999999999167, -0.3749999999999992228 ) ) ;
#5905 = VERTEX_POINT ( 'NONE', #4481 ) ;
#5906 = LINE ( 'NONE', #1221, #6083 ) ;
#5907 = ORIENTED_EDGE ( 'NONE', *, *, #313, .F. ) ;
#5908 = FILL_AREA_STYLE ('',( #1203 ) ) ;
#5909 = CARTESIAN_POINT ( 'NONE',  ( 1.224999999999999423, 0.5716990566028299359, -0.3749999999999992228 ) ) ;
#5910 = EDGE_CURVE ( 'NONE', #877, #7706, #4232, .T. ) ;
#5911 = DIRECTION ( 'NONE',  ( 0.000000000000000000, -0.000000000000000000, 1.000000000000000000 ) ) ;
#5912 = EDGE_LOOP ( 'NONE', ( #6727, #6049, #6098, #1146 ) ) ;
#5913 = ORIENTED_EDGE ( 'NONE', *, *, #2385, .F. ) ;
#5914 = CARTESIAN_POINT ( 'NONE',  ( -0.6249999999999991118, 0.1000000000000000056, 1.499999999999999778 ) ) ;
#5915 =( LENGTH_UNIT ( ) NAMED_UNIT ( * ) SI_UNIT ( .MILLI., .METRE. ) );
#5916 = DIRECTION ( 'NONE',  ( 0.000000000000000000, 0.000000000000000000, -1.000000000000000000 ) ) ;
#5917 = ORIENTED_EDGE ( 'NONE', *, *, #4581, .T. ) ;
#5918 = VECTOR ( 'NONE', #5813, 1000.000000000000000 ) ;
#5919 = ORIENTED_EDGE ( 'NONE', *, *, #393, .F. ) ;
#5920 = LINE ( 'NONE', #6100, #623 ) ;
#5921 = DIRECTION ( 'NONE',  ( 0.000000000000000000, -1.000000000000000000, 0.000000000000000000 ) ) ;
#5922 = ORIENTED_EDGE ( 'NONE', *, *, #5291, .F. ) ;
#5923 = VECTOR ( 'NONE', #57, 1000.000000000000000 ) ;
#5924 = CARTESIAN_POINT ( 'NONE',  ( -0.1250000000000001110, 0.000000000000000000, -1.225000000000000311 ) ) ;
#5925 = ORIENTED_EDGE ( 'NONE', *, *, #3299, .T. ) ;
#5926 = AXIS2_PLACEMENT_3D ( 'NONE', #2773, #289, #5717 ) ;
#5927 = VECTOR ( 'NONE', #386, 1000.000000000000000 ) ;
#5928 = VERTEX_POINT ( 'NONE', #6345 ) ;
#5929 = DIRECTION ( 'NONE',  ( -1.000000000000000000, 0.000000000000000000, 0.000000000000000000 ) ) ;
#5930 = LINE ( 'NONE', #4930, #5801 ) ;
#5931 = CARTESIAN_POINT ( 'NONE',  ( -1.224999999999999645, 0.05000000000000000278, -1.225000000000000755 ) ) ;
#5932 = AXIS2_PLACEMENT_3D ( 'NONE', #721, #3208, #2054 ) ;
#5933 = EDGE_CURVE ( 'NONE', #1612, #2252, #1897, .T. ) ;
#5934 = DIRECTION ( 'NONE',  ( 0.000000000000000000, 0.000000000000000000, -1.000000000000000000 ) ) ;
#5935 = CARTESIAN_POINT ( 'NONE',  ( -0.6999999999999998446, 2.079898987322333248, -0.7000000000000002887 ) ) ;
#5936 = ORIENTED_EDGE ( 'NONE', *, *, #2031, .T. ) ;
#5937 = VECTOR ( 'NONE', #88, 1000.000000000000000 ) ;
#5938 = VECTOR ( 'NONE', #7397, 1000.000000000000000 ) ;
#5939 = EDGE_CURVE ( 'NONE', #6938, #3964, #6857, .T. ) ;
#5940 = ADVANCED_FACE ( 'NONE', ( #1553 ), #2223, .F. ) ;
#5941 = ADVANCED_FACE ( 'NONE', ( #1947 ), #7070, .F. ) ;
#5942 = CARTESIAN_POINT ( 'NONE',  ( 0.8750000000000003331, 0.09999999999999999167, 1.225000000000000311 ) ) ;
#5943 = CARTESIAN_POINT ( 'NONE',  ( -1.224999999999999423, 0.5716990566028299359, 0.6250000000000007772 ) ) ;
#5944 = CARTESIAN_POINT ( 'NONE',  ( 1.224999999999999423, 0.000000000000000000, -0.8749999999999992228 ) ) ;
#5945 = ORIENTED_EDGE ( 'NONE', *, *, #3948, .T. ) ;
#5946 = VERTEX_POINT ( 'NONE', #3428 ) ;
#5947 = LINE ( 'NONE', #6073, #741 ) ;
#5948 = CARTESIAN_POINT ( 'NONE',  ( -1.500000000000000000, 0.09999999999999999167, 0.8749999999999998890 ) ) ;
#5949 = CARTESIAN_POINT ( 'NONE',  ( -0.7499999999999995559, 0.1000000000000000056, 1.225000000000000311 ) ) ;
#5950 = ORIENTED_EDGE ( 'NONE', *, *, #1734, .T. ) ;
#5951 = VECTOR ( 'NONE', #5971, 1000.000000000000000 ) ;
#5952 = DIRECTION ( 'NONE',  ( 0.000000000000000000, -0.000000000000000000, 1.000000000000000000 ) ) ;
#5953 = CARTESIAN_POINT ( 'NONE',  ( -0.8749999999999991118, 0.1000000000000000056, 1.500000000000000222 ) ) ;
#5954 = DIRECTION ( 'NONE',  ( 0.000000000000000000, 1.000000000000000000, 0.000000000000000000 ) ) ;
#5955 = AXIS2_PLACEMENT_3D ( 'NONE', #3516, #5921, #1807 ) ;
#5956 = LINE ( 'NONE', #3799, #867 ) ;
#5957 = EDGE_CURVE ( 'NONE', #3627, #1785, #1793, .T. ) ;
#5958 = DIRECTION ( 'NONE',  ( 0.000000000000000000, 0.000000000000000000, -1.000000000000000000 ) ) ;
#5959 = ORIENTED_EDGE ( 'NONE', *, *, #3244, .T. ) ;
#5960 = AXIS2_PLACEMENT_3D ( 'NONE', #2848, #416, #369 ) ;
#5961 = ADVANCED_FACE ( 'NONE', ( #1568 ), #2804, .T. ) ;
#5962 = VECTOR ( 'NONE', #3233, 1000.000000000000000 ) ;
#5963 = ORIENTED_EDGE ( 'NONE', *, *, #4070, .F. ) ;
#5964 = SURFACE_SIDE_STYLE ('',( #205 ) ) ;
#5965 = PLANE ( 'NONE',  #6536 ) ;
#5966 = ORIENTED_EDGE ( 'NONE', *, *, #2410, .T. ) ;
#5967 = VECTOR ( 'NONE', #1443, 1000.000000000000000 ) ;
#5968 = VECTOR ( 'NONE', #5619, 1000.000000000000000 ) ;
#5969 = PLANE ( 'NONE',  #841 ) ;
#5970 = DIRECTION ( 'NONE',  ( -1.734723475976807292E-15, 0.000000000000000000, -1.000000000000000000 ) ) ;
#5971 = DIRECTION ( 'NONE',  ( 1.000000000000000000, -0.000000000000000000, 0.000000000000000000 ) ) ;
#5972 = ORIENTED_EDGE ( 'NONE', *, *, #1400, .T. ) ;
#5973 = LINE ( 'NONE', #5832, #824 ) ;
#5974 = VERTEX_POINT ( 'NONE', #7760 ) ;
#5975 = CIRCLE ( 'NONE', #1586, 0.1249999999999998890 ) ;
#5976 = CARTESIAN_POINT ( 'NONE',  ( -4.928191693115930030E-17, 0.05000000000000000278, 0.1250000000000002776 ) ) ;
#5977 = AXIS2_PLACEMENT_3D ( 'NONE', #2643, #3201, #2158 ) ;
#5978 = DIRECTION ( 'NONE',  ( 1.000000000000000000, -0.000000000000000000, -0.000000000000000000 ) ) ;
#5979 = VERTEX_POINT ( 'NONE', #409 ) ;
#5980 = EDGE_CURVE ( 'NONE', #449, #4191, #4255, .T. ) ;
#5981 = LINE ( 'NONE', #778, #3398 ) ;
#5982 = VERTEX_POINT ( 'NONE', #1724 ) ;
#5983 = DIRECTION ( 'NONE',  ( 0.000000000000000000, -0.000000000000000000, 1.000000000000000000 ) ) ;
#5984 = FACE_OUTER_BOUND ( 'NONE', #364, .T. ) ;
#5985 = ORIENTED_EDGE ( 'NONE', *, *, #7326, .F. ) ;
#5986 = DIRECTION ( 'NONE',  ( 0.000000000000000000, -1.000000000000000000, 0.000000000000000000 ) ) ;
#5987 = VECTOR ( 'NONE', #387, 1000.000000000000000 ) ;
#5988 = CARTESIAN_POINT ( 'NONE',  ( 1.224999999999999423, 0.09999999999999999167, -0.3749999999999992228 ) ) ;
#5989 = CARTESIAN_POINT ( 'NONE',  ( 0.3750000000000005551, 0.000000000000000000, -1.499999999999999778 ) ) ;
#5990 = AXIS2_PLACEMENT_3D ( 'NONE', #7448, #7790, #1827 ) ;
#5991 = DIRECTION ( 'NONE',  ( 1.000000000000000000, -0.000000000000000000, 1.548860246407863583E-16 ) ) ;
#5992 = EDGE_LOOP ( 'NONE', ( #7506, #3476 ) ) ;
#5993 = FACE_OUTER_BOUND ( 'NONE', #7004, .T. ) ;
#5994 = EDGE_CURVE ( 'NONE', #7049, #1167, #7056, .T. ) ;
#5995 = CARTESIAN_POINT ( 'NONE',  ( 0.2500000000000004441, 0.05000000000000000278, 1.225000000000000311 ) ) ;
#5996 = PLANE ( 'NONE',  #3538 ) ;
#5997 = DIRECTION ( 'NONE',  ( -0.000000000000000000, -0.000000000000000000, -1.000000000000000000 ) ) ;
#5998 = ORIENTED_EDGE ( 'NONE', *, *, #7703, .F. ) ;
#5999 = ORIENTED_EDGE ( 'NONE', *, *, #2304, .T. ) ;
#6000 = LINE ( 'NONE', #5726, #857 ) ;
#6001 = CARTESIAN_POINT ( 'NONE',  ( 1.124999999999999556, 0.6303300858899107961, 1.499999999999999778 ) ) ;
#6002 = DIRECTION ( 'NONE',  ( 0.000000000000000000, 0.000000000000000000, -1.000000000000000000 ) ) ;
#6003 = EDGE_LOOP ( 'NONE', ( #1003, #3452, #901, #1781 ) ) ;
#6004 = CYLINDRICAL_SURFACE ( 'NONE', #502, 0.1249999999999998890 ) ;
#6005 = ORIENTED_EDGE ( 'NONE', *, *, #6718, .F. ) ;
#6006 = CARTESIAN_POINT ( 'NONE',  ( -1.299999999999999156, 0.1000000000000002554, -1.500000000000000222 ) ) ;
#6007 = CARTESIAN_POINT ( 'NONE',  ( 0.7000000000000000666, 2.079898987322333248, 0.7000000000000000666 ) ) ;
#6008 = CIRCLE ( 'NONE', #4658, 0.1249999999999998890 ) ;
#6009 = ADVANCED_FACE ( 'NONE', ( #1806 ), #1359, .F. ) ;
#6010 = ORIENTED_EDGE ( 'NONE', *, *, #7300, .T. ) ;
#6011 = LINE ( 'NONE', #2914, #766 ) ;
#6012 = ORIENTED_EDGE ( 'NONE', *, *, #6055, .T. ) ;
#6013 = FACE_OUTER_BOUND ( 'NONE', #4773, .T. ) ;
#6014 = DIRECTION ( 'NONE',  ( -0.000000000000000000, -1.000000000000000000, -0.000000000000000000 ) ) ;
#6015 = EDGE_LOOP ( 'NONE', ( #5811, #3702, #6226, #2829 ) ) ;
#6016 = LINE ( 'NONE', #5486, #3247 ) ;
#6017 = ORIENTED_EDGE ( 'NONE', *, *, #7765, .F. ) ;
#6018 = FACE_OUTER_BOUND ( 'NONE', #725, .T. ) ;
#6019 = ORIENTED_EDGE ( 'NONE', *, *, #4943, .T. ) ;
#6020 = ADVANCED_FACE ( 'NONE', ( #4507 ), #7129, .F. ) ;
#6021 = LINE ( 'NONE', #2380, #6065 ) ;
#6022 = VERTEX_POINT ( 'NONE', #2608 ) ;
#6023 = LINE ( 'NONE', #3524, #6185 ) ;
#6024 =( LENGTH_UNIT ( ) NAMED_UNIT ( * ) SI_UNIT ( .MILLI., .METRE. ) );
#6025 = DIRECTION ( 'NONE',  ( 1.000000000000000000, 0.000000000000000000, 0.000000000000000000 ) ) ;
#6026 = ORIENTED_EDGE ( 'NONE', *, *, #5597, .T. ) ;
#6027 = FACE_OUTER_BOUND ( 'NONE', #782, .T. ) ;
#6028 = ORIENTED_EDGE ( 'NONE', *, *, #4286, .F. ) ;
#6029 = CARTESIAN_POINT ( 'NONE',  ( 1.224999999999999423, 0.09999999999999999167, -0.1250000000000001110 ) ) ;
#6030 = MANIFOLD_SOLID_BREP ( 'LPattern4[3]', #2741 ) ;
#6031 = COLOUR_RGB ( '',0.7921568627450980005, 0.8196078431372548767, 0.9333333333333333481 ) ;
#6032 = EDGE_CURVE ( 'NONE', #5057, #1079, #7473, .T. ) ;
#6033 = ORIENTED_EDGE ( 'NONE', *, *, #2425, .F. ) ;
#6034 = LINE ( 'NONE', #5599, #3297 ) ;
#6035 = ORIENTED_EDGE ( 'NONE', *, *, #385, .F. ) ;
#6036 = DIRECTION ( 'NONE',  ( 0.000000000000000000, 1.000000000000000000, 0.000000000000000000 ) ) ;
#6037 = DIRECTION ( 'NONE',  ( -0.000000000000000000, -1.000000000000000000, -0.000000000000000000 ) ) ;
#6038 = CARTESIAN_POINT ( 'NONE',  ( 1.299999999999999600, 0.6303300858899107961, 1.499999999999999778 ) ) ;
#6039 = CARTESIAN_POINT ( 'NONE',  ( 0.6250000000000003331, 0.000000000000000000, -1.225000000000000311 ) ) ;
#6040 = AXIS2_PLACEMENT_3D ( 'NONE', #4115, #5855, #6523 ) ;
#6041 = ORIENTED_EDGE ( 'NONE', *, *, #2059, .F. ) ;
#6042 = STYLED_ITEM ( 'NONE', ( #245 ), #7179 ) ;
#6043 = VECTOR ( 'NONE', #2591, 1000.000000000000000 ) ;
#6044 = ORIENTED_EDGE ( 'NONE', *, *, #596, .F. ) ;
#6045 = LINE ( 'NONE', #7831, #667 ) ;
#6046 = CARTESIAN_POINT ( 'NONE',  ( 1.299999999999999600, 0.09999999999999999167, -1.499999999999999778 ) ) ;
#6047 = ORIENTED_EDGE ( 'NONE', *, *, #1535, .T. ) ;
#6048 = VECTOR ( 'NONE', #4040, 1000.000000000000000 ) ;
#6049 = ORIENTED_EDGE ( 'NONE', *, *, #66, .T. ) ;
#6050 = FACE_OUTER_BOUND ( 'NONE', #6612, .T. ) ;
#6051 = DIRECTION ( 'NONE',  ( 0.000000000000000000, 0.000000000000000000, 1.000000000000000000 ) ) ;
#6052 = DIRECTION ( 'NONE',  ( 0.000000000000000000, 0.000000000000000000, 1.000000000000000000 ) ) ;
#6053 = AXIS2_PLACEMENT_3D ( 'NONE', #2909, #5487, #3059 ) ;
#6054 = ORIENTED_EDGE ( 'NONE', *, *, #6601, .F. ) ;
#6055 = EDGE_CURVE ( 'NONE', #1312, #1745, #2136, .T. ) ;
#6056 = ADVANCED_FACE ( 'NONE', ( #2035 ), #6324, .F. ) ;
#6057 = DIRECTION ( 'NONE',  ( -0.000000000000000000, -1.000000000000000000, -0.000000000000000000 ) ) ;
#6058 = SURFACE_STYLE_FILL_AREA ( #5465 ) ;
#6059 = EDGE_LOOP ( 'NONE', ( #1853, #6192, #1882, #6074 ) ) ;
#6060 = DIRECTION ( 'NONE',  ( 0.000000000000000000, 0.000000000000000000, -1.000000000000000000 ) ) ;
#6061 = AXIS2_PLACEMENT_3D ( 'NONE', #2409, #4335, #7716 ) ;
#6062 = CARTESIAN_POINT ( 'NONE',  ( -1.224999999999999645, 0.1000000000000000472, 1.125000000000000222 ) ) ;
#6063 = DIRECTION ( 'NONE',  ( -1.000000000000000000, 0.000000000000000000, 2.365532012695651739E-15 ) ) ;
#6064 = ORIENTED_EDGE ( 'NONE', *, *, #1790, .T. ) ;
#6065 = VECTOR ( 'NONE', #4678, 1000.000000000000000 ) ;
#6066 = EDGE_CURVE ( 'NONE', #798, #1985, #1986, .T. ) ;
#6067 = ORIENTED_EDGE ( 'NONE', *, *, #2630, .F. ) ;
#6068 = VECTOR ( 'NONE', #6984, 1000.000000000000000 ) ;
#6069 = UNCERTAINTY_MEASURE_WITH_UNIT (LENGTH_MEASURE( 1.000000000000000082E-05 ), #4458, 'distance_accuracy_value', 'NONE');
#6070 = DIRECTION ( 'NONE',  ( 0.000000000000000000, 0.000000000000000000, -1.000000000000000000 ) ) ;
#6071 = EDGE_LOOP ( 'NONE', ( #7038, #5650, #7425, #1783 ) ) ;
#6072 = ORIENTED_EDGE ( 'NONE', *, *, #6086, .T. ) ;
#6073 = CARTESIAN_POINT ( 'NONE',  ( 0.7000000000000000666, 0.09999999999999982514, -0.7000000000000000666 ) ) ;
#6074 = ORIENTED_EDGE ( 'NONE', *, *, #1859, .F. ) ;
#6075 = AXIS2_PLACEMENT_3D ( 'NONE', #1103, #4627, #3529 ) ;
#6076 = VECTOR ( 'NONE', #3973, 1000.000000000000000 ) ;
#6077 = ADVANCED_FACE ( 'NONE', ( #4681 ), #2224, .T. ) ;
#6078 = ADVANCED_FACE ( 'NONE', ( #4707 ), #544, .F. ) ;
#6079 = DIRECTION ( 'NONE',  ( -0.000000000000000000, -1.000000000000000000, -0.000000000000000000 ) ) ;
#6080 = DIRECTION ( 'NONE',  ( 1.000000000000000000, 0.000000000000000000, -3.942553354492735642E-16 ) ) ;
#6081 = DIRECTION ( 'NONE',  ( 1.577021341797098201E-15, -0.000000000000000000, 1.000000000000000000 ) ) ;
#6082 = ORIENTED_EDGE ( 'NONE', *, *, #1981, .F. ) ;
#6083 = VECTOR ( 'NONE', #3707, 1000.000000000000000 ) ;
#6084 = ORIENTED_EDGE ( 'NONE', *, *, #4128, .T. ) ;
#6085 = CARTESIAN_POINT ( 'NONE',  ( -1.499999999999999112, 0.05000000000000001665, -1.300000000000000266 ) ) ;
#6086 = EDGE_CURVE ( 'NONE', #4354, #4386, #4696, .T. ) ;
#6087 = PLANE ( 'NONE',  #408 ) ;
#6088 = ORIENTED_EDGE ( 'NONE', *, *, #4665, .F. ) ;
#6089 = LINE ( 'NONE', #717, #5967 ) ;
#6090 = ORIENTED_EDGE ( 'NONE', *, *, #1660, .T. ) ;
#6091 = ORIENTED_EDGE ( 'NONE', *, *, #4256, .T. ) ;
#6092 = DIRECTION ( 'NONE',  ( 0.000000000000000000, 1.000000000000000000, 0.000000000000000000 ) ) ;
#6093 = CARTESIAN_POINT ( 'NONE',  ( 1.500000000000000000, 0.09999999999999999167, -0.1250000000000001110 ) ) ;
#6094 = LINE ( 'NONE', #2374, #922 ) ;
#6095 = AXIS2_PLACEMENT_3D ( 'NONE', #5366, #4835, #5934 ) ;
#6096 = ORIENTED_EDGE ( 'NONE', *, *, #3215, .T. ) ;
#6097 = ADVANCED_FACE ( 'NONE', ( #4573 ), #6582, .T. ) ;
#6098 = ORIENTED_EDGE ( 'NONE', *, *, #7678, .T. ) ;
#6099 = DIRECTION ( 'NONE',  ( 2.365532012695651739E-15, 0.000000000000000000, 1.000000000000000000 ) ) ;
#6100 = CARTESIAN_POINT ( 'NONE',  ( -0.6249999999999994449, 0.1000000000000000056, -1.499999999999999778 ) ) ;
#6101 = VECTOR ( 'NONE', #5002, 1000.000000000000000 ) ;
#6102 = CARTESIAN_POINT ( 'NONE',  ( 0.6250000000000001110, 0.09999999999999999167, -1.225000000000000311 ) ) ;
#6103 = DIRECTION ( 'NONE',  ( -0.000000000000000000, -1.000000000000000000, -0.000000000000000000 ) ) ;
#6104 = DIRECTION ( 'NONE',  ( 0.000000000000000000, -1.000000000000000000, 0.000000000000000000 ) ) ;
#6105 = EDGE_CURVE ( 'NONE', #6453, #1262, #7372, .T. ) ;
#6106 = DIRECTION ( 'NONE',  ( 1.000000000000000000, 0.000000000000000000, 0.000000000000000000 ) ) ;
#6107 = ORIENTED_EDGE ( 'NONE', *, *, #410, .T. ) ;
#6108 = LINE ( 'NONE', #5896, #6322 ) ;
#6109 = VERTEX_POINT ( 'NONE', #3556 ) ;
#6110 = EDGE_LOOP ( 'NONE', ( #3654, #3254, #3653, #2096 ) ) ;
#6111 = DIRECTION ( 'NONE',  ( 0.000000000000000000, 0.000000000000000000, 1.000000000000000000 ) ) ;
#6112 = LINE ( 'NONE', #4190, #3483 ) ;
#6113 = CARTESIAN_POINT ( 'NONE',  ( -0.8749999999999991118, 0.5716990566028304910, 1.500000000000000222 ) ) ;
#6114 = PLANE ( 'NONE',  #3985 ) ;
#6115 = DIRECTION ( 'NONE',  ( -1.000000000000000000, 0.000000000000000000, 0.000000000000000000 ) ) ;
#6116 = ORIENTED_EDGE ( 'NONE', *, *, #5149, .F. ) ;
#6117 = FACE_OUTER_BOUND ( 'NONE', #3771, .T. ) ;
#6118 = ORIENTED_EDGE ( 'NONE', *, *, #3399, .T. ) ;
#6119 = LINE ( 'NONE', #3937, #3540 ) ;
#6120 = APPLICATION_CONTEXT ( 'automotive_design' ) ;
#6121 = DIRECTION ( 'NONE',  ( 0.000000000000000000, 0.000000000000000000, -1.000000000000000000 ) ) ;
#6122 = EDGE_LOOP ( 'NONE', ( #767, #422, #7580, #4030 ) ) ;
#6123 = DIRECTION ( 'NONE',  ( -0.000000000000000000, -1.000000000000000000, -0.000000000000000000 ) ) ;
#6124 = LINE ( 'NONE', #6268, #707 ) ;
#6125 = ORIENTED_EDGE ( 'NONE', *, *, #219, .F. ) ;
#6126 = DIRECTION ( 'NONE',  ( 1.000000000000000000, -0.000000000000000000, -0.000000000000000000 ) ) ;
#6127 = CARTESIAN_POINT ( 'NONE',  ( -0.1249999999999991396, 0.000000000000000000, 1.499999999999999778 ) ) ;
#6128 = ORIENTED_EDGE ( 'NONE', *, *, #4788, .F. ) ;
#6129 = CARTESIAN_POINT ( 'NONE',  ( 0.2500000000000002220, 0.1000000000000000056, -1.224999999999999867 ) ) ;
#6130 = LINE ( 'NONE', #5076, #748 ) ;
#6131 = ORIENTED_EDGE ( 'NONE', *, *, #596, .T. ) ;
#6132 = VECTOR ( 'NONE', #3837, 999.9999999999998863 ) ;
#6133 = ORIENTED_EDGE ( 'NONE', *, *, #147, .F. ) ;
#6134 = AXIS2_PLACEMENT_3D ( 'NONE', #6608, #616, #564 ) ;
#6135 = CARTESIAN_POINT ( 'NONE',  ( 0.6250000000000003331, 0.1000000000000000056, -1.225000000000000311 ) ) ;
#6136 = EDGE_CURVE ( 'NONE', #1745, #4345, #7348, .T. ) ;
#6137 = VERTEX_POINT ( 'NONE', #2891 ) ;
#6138 = ADVANCED_FACE ( 'NONE', ( #2119 ), #5380, .F. ) ;
#6139 = SURFACE_STYLE_FILL_AREA ( #282 ) ;
#6140 = EDGE_LOOP ( 'NONE', ( #1646, #6585, #6737, #1485 ) ) ;
#6141 = ORIENTED_EDGE ( 'NONE', *, *, #2546, .T. ) ;
#6142 = VECTOR ( 'NONE', #1743, 1000.000000000000000 ) ;
#6143 = EDGE_CURVE ( 'NONE', #4386, #7797, #7333, .T. ) ;
#6144 = DIRECTION ( 'NONE',  ( 1.000000000000000000, 0.000000000000000000, 1.734723475976807292E-15 ) ) ;
#6145 = DIRECTION ( 'NONE',  ( -1.577021341797098398E-15, 0.000000000000000000, -1.000000000000000000 ) ) ;
#6146 = DIRECTION ( 'NONE',  ( -1.000000000000000000, 0.000000000000000000, 3.942553354492735642E-16 ) ) ;
#6147 = ORIENTED_EDGE ( 'NONE', *, *, #1141, .F. ) ;
#6148 = VERTEX_POINT ( 'NONE', #2441 ) ;
#6149 = DIRECTION ( 'NONE',  ( 0.000000000000000000, 0.000000000000000000, -1.000000000000000000 ) ) ;
#6150 = LINE ( 'NONE', #5781, #900 ) ;
#6151 = PLANE ( 'NONE',  #3642 ) ;
#6152 = SURFACE_STYLE_USAGE ( .BOTH. , #1992 ) ;
#6153 = EDGE_CURVE ( 'NONE', #6479, #1083, #2199, .T. ) ;
#6154 = VERTEX_POINT ( 'NONE', #1128 ) ;
#6155 = LINE ( 'NONE', #5277, #3842 ) ;
#6156 = ORIENTED_EDGE ( 'NONE', *, *, #1680, .F. ) ;
#6157 = EDGE_LOOP ( 'NONE', ( #5448, #3450, #3878, #4241 ) ) ;
#6158 = DIRECTION ( 'NONE',  ( 1.000000000000000000, -0.000000000000000000, 3.942553354492735642E-16 ) ) ;
#6159 = CARTESIAN_POINT ( 'NONE',  ( 0.3749999999999998890, 0.1000000000000000056, -1.225000000000000311 ) ) ;
#6160 = LINE ( 'NONE', #2415, #6405 ) ;
#6161 = ADVANCED_FACE ( 'NONE', ( #7417 ), #4270, .F. ) ;
#6162 = ORIENTED_EDGE ( 'NONE', *, *, #360, .F. ) ;
#6163 = AXIS2_PLACEMENT_3D ( 'NONE', #5554, #3845, #845 ) ;
#6164 = LINE ( 'NONE', #969, #3324 ) ;
#6165 = AXIS2_PLACEMENT_3D ( 'NONE', #3, #560, #2908 ) ;
#6166 = ORIENTED_EDGE ( 'NONE', *, *, #6777, .F. ) ;
#6167 = CARTESIAN_POINT ( 'NONE',  ( 1.224999999999999423, 0.5716990566028299359, 0.6250000000000007772 ) ) ;
#6168 = CARTESIAN_POINT ( 'NONE',  ( 0.1250000000000008604, 0.5716990566028304910, 1.500000000000000222 ) ) ;
#6169 = LINE ( 'NONE', #6325, #6068 ) ;
#6170 = CARTESIAN_POINT ( 'NONE',  ( 0.8750000000000008882, 0.5716990566028304910, 1.499999999999999778 ) ) ;
#6171 = CARTESIAN_POINT ( 'NONE',  ( 0.1250000000000003331, 0.1000000000000000056, -1.225000000000000311 ) ) ;
#6172 = CARTESIAN_POINT ( 'NONE',  ( 1.224999999999999423, 0.000000000000000000, -0.8749999999999992228 ) ) ;
#6173 = ORIENTED_EDGE ( 'NONE', *, *, #2111, .T. ) ;
#6174 = EDGE_CURVE ( 'NONE', #3610, #5345, #7319, .T. ) ;
#6175 = VERTEX_POINT ( 'NONE', #4947 ) ;
#6176 = ORIENTED_EDGE ( 'NONE', *, *, #7808, .F. ) ;
#6177 = SURFACE_STYLE_FILL_AREA ( #3640 ) ;
#6178 = AXIS2_PLACEMENT_3D ( 'NONE', #6113, #6794, #7745 ) ;
#6179 = DIRECTION ( 'NONE',  ( -0.000000000000000000, -1.000000000000000000, -0.000000000000000000 ) ) ;
#6180 = CARTESIAN_POINT ( 'NONE',  ( -0.8749999999999991118, 0.1000000000000000056, 1.500000000000000222 ) ) ;
#6181 = ORIENTED_EDGE ( 'NONE', *, *, #1318, .T. ) ;
#6182 = EDGE_CURVE ( 'NONE', #7415, #6401, #2062, .T. ) ;
#6183 = FACE_OUTER_BOUND ( 'NONE', #4308, .T. ) ;
#6184 = ORIENTED_EDGE ( 'NONE', *, *, #343, .T. ) ;
#6185 = VECTOR ( 'NONE', #1698, 1000.000000000000000 ) ;
#6186 = STYLED_ITEM ( 'NONE', ( #5275 ), #1428 ) ;
#6187 = DIRECTION ( 'NONE',  ( 0.000000000000000000, 0.000000000000000000, -1.000000000000000000 ) ) ;
#6188 = EDGE_LOOP ( 'NONE', ( #1341, #7620, #3899, #1150, #5049 ) ) ;
#6189 = PLANE ( 'NONE',  #242 ) ;
#6190 = ORIENTED_EDGE ( 'NONE', *, *, #3269, .T. ) ;
#6191 = CARTESIAN_POINT ( 'NONE',  ( -0.8749999999999995559, 0.05000000000000000278, 1.225000000000000311 ) ) ;
#6192 = ORIENTED_EDGE ( 'NONE', *, *, #7544, .F. ) ;
#6193 = EDGE_CURVE ( 'NONE', #3698, #4803, #2236, .T. ) ;
#6194 = EDGE_CURVE ( 'NONE', #3619, #4251, #2171, .T. ) ;
#6195 = DIRECTION ( 'NONE',  ( -0.000000000000000000, 0.000000000000000000, -1.000000000000000000 ) ) ;
#6196 = VECTOR ( 'NONE', #7340, 1000.000000000000000 ) ;
#6197 = UNCERTAINTY_MEASURE_WITH_UNIT (LENGTH_MEASURE( 1.000000000000000082E-05 ), #6385, 'distance_accuracy_value', 'NONE');
#6198 = AXIS2_PLACEMENT_3D ( 'NONE', #4318, #1775, #6517 ) ;
#6199 = VERTEX_POINT ( 'NONE', #4902 ) ;
#6200 = LINE ( 'NONE', #672, #837 ) ;
#6201 = EDGE_LOOP ( 'NONE', ( #4113, #7248, #789, #929 ) ) ;
#6202 = VECTOR ( 'NONE', #7418, 1000.000000000000000 ) ;
#6203 = ORIENTED_EDGE ( 'NONE', *, *, #1267, .F. ) ;
#6204 = ORIENTED_EDGE ( 'NONE', *, *, #6891, .T. ) ;
#6205 = CARTESIAN_POINT ( 'NONE',  ( -0.3749999999999998890, 0.1000000000000000056, -1.225000000000000311 ) ) ;
#6206 = ORIENTED_EDGE ( 'NONE', *, *, #2771, .F. ) ;
#6207 = LINE ( 'NONE', #1214, #3624 ) ;
#6208 = EDGE_CURVE ( 'NONE', #4515, #3942, #4756, .T. ) ;
#6209 = CARTESIAN_POINT ( 'NONE',  ( 1.500000000000000000, 0.5716990566028299359, 0.6250000000000008882 ) ) ;
#6210 = CARTESIAN_POINT ( 'NONE',  ( -0.6249999999999991118, 0.09999999999999999167, 1.499999999999999778 ) ) ;
#6211 = VERTEX_POINT ( 'NONE', #6006 ) ;
#6212 = ORIENTED_EDGE ( 'NONE', *, *, #2233, .F. ) ;
#6213 = ORIENTED_EDGE ( 'NONE', *, *, #4440, .T. ) ;
#6214 = CARTESIAN_POINT ( 'NONE',  ( -1.500000000000000000, 0.09999999999999999167, 0.8749999999999998890 ) ) ;
#6215 = DIRECTION ( 'NONE',  ( 0.000000000000000000, 0.000000000000000000, -1.000000000000000000 ) ) ;
#6216 = VERTEX_POINT ( 'NONE', #6689 ) ;
#6217 = ADVANCED_FACE ( 'NONE', ( #7388 ), #2023, .F. ) ;
#6218 = AXIS2_PLACEMENT_3D ( 'NONE', #6350, #796, #5701 ) ;
#6219 = ORIENTED_EDGE ( 'NONE', *, *, #410, .F. ) ;
#6220 = ORIENTED_EDGE ( 'NONE', *, *, #7839, .F. ) ;
#6221 = CARTESIAN_POINT ( 'NONE',  ( 1.224999999999999423, 0.000000000000000000, 0.6250000000000007772 ) ) ;
#6222 = DIRECTION ( 'NONE',  ( 0.000000000000000000, 0.000000000000000000, 1.000000000000000000 ) ) ;
#6223 = COLOUR_RGB ( '',0.7921568627450980005, 0.8196078431372548767, 0.9333333333333333481 ) ;
#6224 = EDGE_CURVE ( 'NONE', #6511, #91, #7446, .T. ) ;
#6225 = ORIENTED_EDGE ( 'NONE', *, *, #1790, .F. ) ;
#6226 = ORIENTED_EDGE ( 'NONE', *, *, #6897, .F. ) ;
#6227 = EDGE_LOOP ( 'NONE', ( #1256, #5694, #6461, #6422 ) ) ;
#6228 = DIRECTION ( 'NONE',  ( 0.000000000000000000, -1.000000000000000000, 0.000000000000000000 ) ) ;
#6229 = CARTESIAN_POINT ( 'NONE',  ( 0.8750000000000005551, 0.04999999999999969746, -1.499999999999999778 ) ) ;
#6230 = DIRECTION ( 'NONE',  ( -1.000000000000000000, -0.000000000000000000, -3.942553354492736135E-16 ) ) ;
#6231 = CARTESIAN_POINT ( 'NONE',  ( -0.2499999999999997780, 0.000000000000000000, -1.224999999999999867 ) ) ;
#6232 = DIRECTION ( 'NONE',  ( -1.000000000000000000, 0.000000000000000000, -3.942553354492735642E-16 ) ) ;
#6233 = VERTEX_POINT ( 'NONE', #3041 ) ;
#6234 = ORIENTED_EDGE ( 'NONE', *, *, #678, .T. ) ;
#6235 = VERTEX_POINT ( 'NONE', #3683 ) ;
#6236 = CARTESIAN_POINT ( 'NONE',  ( 1.500000000000000000, 0.09999999999999999167, -0.8749999999999992228 ) ) ;
#6237 = VECTOR ( 'NONE', #6658, 1000.000000000000000 ) ;
#6238 = ADVANCED_FACE ( 'NONE', ( #4778 ), #645, .F. ) ;
#6239 = DIRECTION ( 'NONE',  ( 0.000000000000000000, 0.000000000000000000, 1.000000000000000000 ) ) ;
#6240 = DIRECTION ( 'NONE',  ( 0.000000000000000000, 1.000000000000000000, 0.000000000000000000 ) ) ;
#6241 = PLANE ( 'NONE',  #2617 ) ;
#6242 = ORIENTED_EDGE ( 'NONE', *, *, #2031, .F. ) ;
#6243 = COLOUR_RGB ( '',0.7921568627450980005, 0.8196078431372548767, 0.9333333333333333481 ) ;
#6244 = EDGE_LOOP ( 'NONE', ( #5945, #3868, #4705, #7144 ) ) ;
#6245 = VECTOR ( 'NONE', #7603, 1000.000000000000000 ) ;
#6246 =( LENGTH_UNIT ( ) NAMED_UNIT ( * ) SI_UNIT ( .MILLI., .METRE. ) );
#6247 = CARTESIAN_POINT ( 'NONE',  ( 0.6250000000000005551, 0.04999999999999969746, -1.500000000000000222 ) ) ;
#6248 = EDGE_LOOP ( 'NONE', ( #6280, #3457, #1016, #6082 ) ) ;
#6249 = ORIENTED_EDGE ( 'NONE', *, *, #287, .T. ) ;
#6250 = CARTESIAN_POINT ( 'NONE',  ( 1.224999999999999423, 0.5716990566028299359, 0.7500000000000003331 ) ) ;
#6251 = ORIENTED_EDGE ( 'NONE', *, *, #7416, .F. ) ;
#6252 = DIRECTION ( 'NONE',  ( 0.000000000000000000, 0.000000000000000000, -1.000000000000000000 ) ) ;
#6253 = VERTEX_POINT ( 'NONE', #6805 ) ;
#6254 = AXIS2_PLACEMENT_3D ( 'NONE', #5056, #4641, #2110 ) ;
#6255 = EDGE_CURVE ( 'NONE', #5614, #2753, #2185, .T. ) ;
#6256 = EDGE_LOOP ( 'NONE', ( #1279, #6166, #6380, #3713, #7534, #3495, #5998 ) ) ;
#6257 = ORIENTED_EDGE ( 'NONE', *, *, #1578, .T. ) ;
#6258 = CYLINDRICAL_SURFACE ( 'NONE', #6594, 0.1249999999999995698 ) ;
#6259 = EDGE_CURVE ( 'NONE', #3221, #3325, #4828, .T. ) ;
#6260 = ORIENTED_EDGE ( 'NONE', *, *, #2973, .T. ) ;
#6261 = ORIENTED_EDGE ( 'NONE', *, *, #5081, .T. ) ;
#6262 = CARTESIAN_POINT ( 'NONE',  ( -0.8749999999999994449, 0.5716990566028304910, -1.500000000000000222 ) ) ;
#6263 = VERTEX_POINT ( 'NONE', #2577 ) ;
#6264 = FACE_OUTER_BOUND ( 'NONE', #4422, .T. ) ;
#6265 = AXIS2_PLACEMENT_3D ( 'NONE', #5628, #6924, #5522 ) ;
#6266 = DIRECTION ( 'NONE',  ( 0.000000000000000000, 0.000000000000000000, 1.000000000000000000 ) ) ;
#6267 = DIRECTION ( 'NONE',  ( 2.365532012695651345E-15, 0.000000000000000000, -1.000000000000000000 ) ) ;
#6268 = CARTESIAN_POINT ( 'NONE',  ( 0.3750000000000003331, 0.1000000000000000056, 1.225000000000000311 ) ) ;
#6269 = ORIENTED_EDGE ( 'NONE', *, *, #4935, .F. ) ;
#6270 = FACE_OUTER_BOUND ( 'NONE', #4036, .T. ) ;
#6271 = ORIENTED_EDGE ( 'NONE', *, *, #572, .T. ) ;
#6272 = DIRECTION ( 'NONE',  ( -0.000000000000000000, -1.000000000000000000, -0.000000000000000000 ) ) ;
#6273 = PRESENTATION_STYLE_ASSIGNMENT (( #6441 ) ) ;
#6274 = AXIS2_PLACEMENT_3D ( 'NONE', #475, #7225, #3362 ) ;
#6275 = DIRECTION ( 'NONE',  ( -1.577021341797098398E-15, 0.000000000000000000, -1.000000000000000000 ) ) ;
#6276 = ORIENTED_EDGE ( 'NONE', *, *, #2246, .T. ) ;
#6277 = EDGE_CURVE ( 'NONE', #4197, #4082, #4844, .T. ) ;
#6278 = ORIENTED_EDGE ( 'NONE', *, *, #3003, .T. ) ;
#6279 = AXIS2_PLACEMENT_3D ( 'NONE', #4482, #7437, #6778 ) ;
#6280 = ORIENTED_EDGE ( 'NONE', *, *, #7590, .F. ) ;
#6281 = DIRECTION ( 'NONE',  ( -0.000000000000000000, -1.000000000000000000, -0.000000000000000000 ) ) ;
#6282 = DIRECTION ( 'NONE',  ( 2.365532012695651345E-15, 0.000000000000000000, -1.000000000000000000 ) ) ;
#6283 = LINE ( 'NONE', #4874, #6315 ) ;
#6284 = ORIENTED_EDGE ( 'NONE', *, *, #1201, .T. ) ;
#6285 = VERTEX_POINT ( 'NONE', #4504 ) ;
#6286 = EDGE_CURVE ( 'NONE', #6467, #3621, #7199, .T. ) ;
#6287 = DIRECTION ( 'NONE',  ( 0.000000000000000000, -1.000000000000000000, 0.000000000000000000 ) ) ;
#6288 = EDGE_LOOP ( 'NONE', ( #555, #6762, #6439, #5132 ) ) ;
#6289 = DIRECTION ( 'NONE',  ( 0.000000000000000000, 0.000000000000000000, 1.000000000000000000 ) ) ;
#6290 = CARTESIAN_POINT ( 'NONE',  ( -1.224999999999999423, 0.000000000000000000, -0.3749999999999992228 ) ) ;
#6291 = CARTESIAN_POINT ( 'NONE',  ( -1.224999999999999423, 0.09999999999999999167, -0.6250000000000001110 ) ) ;
#6292 = CARTESIAN_POINT ( 'NONE',  ( 1.500000000000000000, 0.09999999999999999167, 0.1250000000000008049 ) ) ;
#6293 = FILL_AREA_STYLE_COLOUR ( '', #109 ) ;
#6294 = ORIENTED_EDGE ( 'NONE', *, *, #4537, .T. ) ;
#6295 = ADVANCED_FACE ( 'NONE', ( #7211, #1972 ), #870, .T. ) ;
#6296 = VERTEX_POINT ( 'NONE', #2626 ) ;
#6297 = EDGE_LOOP ( 'NONE', ( #1749, #1814, #6961, #4469, #294, #2033, #2691 ) ) ;
#6298 = DIRECTION ( 'NONE',  ( 1.000000000000000000, 0.000000000000000000, 1.577021341797098398E-15 ) ) ;
#6299 = PRESENTATION_LAYER_ASSIGNMENT (  '', '', ( #5258 ) ) ;
#6300 = DIRECTION ( 'NONE',  ( 2.365532012695651739E-15, 0.000000000000000000, -1.000000000000000000 ) ) ;
#6301 = CARTESIAN_POINT ( 'NONE',  ( 1.224999999999999423, 0.5716990566028299359, 0.8749999999999998890 ) ) ;
#6302 = ORIENTED_EDGE ( 'NONE', *, *, #5099, .F. ) ;
#6303 = ORIENTED_EDGE ( 'NONE', *, *, #5372, .F. ) ;
#6304 = VECTOR ( 'NONE', #3381, 1000.000000000000000 ) ;
#6305 = APPLICATION_PROTOCOL_DEFINITION ( 'draft international standard', 'automotive_design', 1998, #747 ) ;
#6306 = CARTESIAN_POINT ( 'NONE',  ( -0.7499999999999997780, 0.1000000000000000056, -1.224999999999999867 ) ) ;
#6307 = EDGE_CURVE ( 'NONE', #1674, #4097, #4601, .T. ) ;
#6308 = EDGE_CURVE ( 'NONE', #2394, #942, #7710, .T. ) ;
#6309 = UNCERTAINTY_MEASURE_WITH_UNIT (LENGTH_MEASURE( 1.000000000000000082E-05 ), #5698, 'distance_accuracy_value', 'NONE');
#6310 = EDGE_LOOP ( 'NONE', ( #3455, #6908, #7034, #6339 ) ) ;
#6311 = LINE ( 'NONE', #2838, #6452 ) ;
#6312 = ORIENTED_EDGE ( 'NONE', *, *, #5337, .F. ) ;
#6313 = ORIENTED_EDGE ( 'NONE', *, *, #5156, .T. ) ;
#6314 = CARTESIAN_POINT ( 'NONE',  ( -1.299999999999999156, 0.05000000000000001665, 1.300000000000000266 ) ) ;
#6315 = VECTOR ( 'NONE', #2497, 1000.000000000000000 ) ;
#6316 = ADVANCED_FACE ( 'NONE', ( #7523 ), #5573, .F. ) ;
#6317 = ORIENTED_EDGE ( 'NONE', *, *, #7596, .F. ) ;
#6318 = ORIENTED_EDGE ( 'NONE', *, *, #597, .T. ) ;
#6319 = VERTEX_POINT ( 'NONE', #6191 ) ;
#6320 = EDGE_CURVE ( 'NONE', #3673, #4480, #2248, .T. ) ;
#6321 = ORIENTED_EDGE ( 'NONE', *, *, #7410, .F. ) ;
#6322 = VECTOR ( 'NONE', #6576, 1000.000000000000000 ) ;
#6323 = VERTEX_POINT ( 'NONE', #4612 ) ;
#6324 = PLANE ( 'NONE',  #2358 ) ;
#6325 = CARTESIAN_POINT ( 'NONE',  ( 1.224999999999999423, 0.09999999999999999167, -0.3749999999999992228 ) ) ;
#6326 = EDGE_LOOP ( 'NONE', ( #92, #4321, #125, #1446, #2633, #6705, #6929 ) ) ;
#6327 = CARTESIAN_POINT ( 'NONE',  ( -0.6249999999999991118, 0.5716990566028304910, 1.499999999999999778 ) ) ;
#6328 = DIRECTION ( 'NONE',  ( 0.000000000000000000, -0.000000000000000000, 1.000000000000000000 ) ) ;
#6329 = DIRECTION ( 'NONE',  ( 0.000000000000000000, -1.000000000000000000, 0.000000000000000000 ) ) ;
#6330 = EDGE_LOOP ( 'NONE', ( #3761, #6337, #1539, #4889 ) ) ;
#6331 = ORIENTED_EDGE ( 'NONE', *, *, #5406, .F. ) ;
#6332 = DIRECTION ( 'NONE',  ( 0.000000000000000000, 0.000000000000000000, -1.000000000000000000 ) ) ;
#6333 = ORIENTED_EDGE ( 'NONE', *, *, #3678, .F. ) ;
#6334 = DIRECTION ( 'NONE',  ( 1.000000000000000000, -0.000000000000000000, 0.000000000000000000 ) ) ;
#6335 = FACE_OUTER_BOUND ( 'NONE', #2800, .T. ) ;
#6336 = CARTESIAN_POINT ( 'NONE',  ( -0.1250000000000001110, 0.05000000000000000278, -1.225000000000000311 ) ) ;
#6337 = ORIENTED_EDGE ( 'NONE', *, *, #1215, .T. ) ;
#6338 = EDGE_CURVE ( 'NONE', #1581, #5979, #4983, .T. ) ;
#6339 = ORIENTED_EDGE ( 'NONE', *, *, #7606, .T. ) ;
#6340 = EDGE_LOOP ( 'NONE', ( #7546, #4092, #4840, #2184 ) ) ;
#6341 = CARTESIAN_POINT ( 'NONE',  ( 1.124999999999999556, 0.09999999999999999167, 1.499999999999999778 ) ) ;
#6342 = VECTOR ( 'NONE', #4293, 1000.000000000000000 ) ;
#6343 = EDGE_LOOP ( 'NONE', ( #437, #4489, #6271, #995 ) ) ;
#6344 = ORIENTED_EDGE ( 'NONE', *, *, #313, .T. ) ;
#6345 = CARTESIAN_POINT ( 'NONE',  ( 0.6250000000000008882, 0.000000000000000000, 1.500000000000000222 ) ) ;
#6346 = ORIENTED_EDGE ( 'NONE', *, *, #5406, .T. ) ;
#6347 = CARTESIAN_POINT ( 'NONE',  ( 1.224999999999999423, 0.05000000000000002359, -0.3749999999999992228 ) ) ;
#6348 = LINE ( 'NONE', #36, #1120 ) ;
#6349 = CARTESIAN_POINT ( 'NONE',  ( -1.124999999999999112, 0.000000000000000000, 1.225000000000000755 ) ) ;
#6350 = CARTESIAN_POINT ( 'NONE',  ( -1.224999999999999423, 0.5716990566028299359, 0.6250000000000007772 ) ) ;
#6351 = ORIENTED_EDGE ( 'NONE', *, *, #90, .F. ) ;
#6352 = FACE_OUTER_BOUND ( 'NONE', #4260, .T. ) ;
#6353 = ORIENTED_EDGE ( 'NONE', *, *, #3456, .T. ) ;
#6354 = ORIENTED_EDGE ( 'NONE', *, *, #5445, .F. ) ;
#6355 =( NAMED_UNIT ( * ) PLANE_ANGLE_UNIT ( ) SI_UNIT ( $, .RADIAN. ) );
#6356 = VECTOR ( 'NONE', #1340, 1000.000000000000000 ) ;
#6357 = DIRECTION ( 'NONE',  ( 0.000000000000000000, 1.000000000000000000, 0.000000000000000000 ) ) ;
#6358 = CARTESIAN_POINT ( 'NONE',  ( -0.7499999999999997780, 0.000000000000000000, -1.224999999999999867 ) ) ;
#6359 = CARTESIAN_POINT ( 'NONE',  ( -1.299999999999999156, 0.6303300858899107961, -1.500000000000000222 ) ) ;
#6360 = ORIENTED_EDGE ( 'NONE', *, *, #733, .T. ) ;
#6361 = VECTOR ( 'NONE', #3695, 1000.000000000000000 ) ;
#6362 = VERTEX_POINT ( 'NONE', #4442 ) ;
#6363 = VECTOR ( 'NONE', #2872, 1000.000000000000000 ) ;
#6364 = CARTESIAN_POINT ( 'NONE',  ( 1.224999999999999423, 0.09999999999999999167, -0.6250000000000001110 ) ) ;
#6365 = AXIS2_PLACEMENT_3D ( 'NONE', #4979, #5510, #634 ) ;
#6366 = EDGE_CURVE ( 'NONE', #6570, #1142, #2313, .T. ) ;
#6367 = VERTEX_POINT ( 'NONE', #288 ) ;
#6368 = ADVANCED_FACE ( 'NONE', ( #7581 ), #3288, .F. ) ;
#6369 = DIRECTION ( 'NONE',  ( -1.577021341797098398E-15, 0.000000000000000000, -1.000000000000000000 ) ) ;
#6370 = COLOUR_RGB ( '',0.7921568627450980005, 0.8196078431372548767, 0.9333333333333333481 ) ;
#6371 = EDGE_LOOP ( 'NONE', ( #1751, #153, #4378, #4346 ) ) ;
#6372 = CARTESIAN_POINT ( 'NONE',  ( -1.500000000000000222, 0.05000000000000000278, 1.500000000000000000 ) ) ;
#6373 = CARTESIAN_POINT ( 'NONE',  ( -0.8749999999999995559, 0.1000000000000000056, 1.225000000000000311 ) ) ;
#6374 = VERTEX_POINT ( 'NONE', #814 ) ;
#6375 = DIRECTION ( 'NONE',  ( 0.000000000000000000, -0.000000000000000000, 1.000000000000000000 ) ) ;
#6376 = FACE_OUTER_BOUND ( 'NONE', #2046, .T. ) ;
#6377 = EDGE_CURVE ( 'NONE', #4120, #3463, #7668, .T. ) ;
#6378 = ORIENTED_EDGE ( 'NONE', *, *, #2535, .F. ) ;
#6379 = SURFACE_STYLE_FILL_AREA ( #6600 ) ;
#6380 = ORIENTED_EDGE ( 'NONE', *, *, #259, .F. ) ;
#6381 = FACE_OUTER_BOUND ( 'NONE', #5072, .T. ) ;
#6382 = ORIENTED_EDGE ( 'NONE', *, *, #763, .T. ) ;
#6383 = PRESENTATION_STYLE_ASSIGNMENT (( #693 ) ) ;
#6384 = ORIENTED_EDGE ( 'NONE', *, *, #1607, .F. ) ;
#6385 =( LENGTH_UNIT ( ) NAMED_UNIT ( * ) SI_UNIT ( .MILLI., .METRE. ) );
#6386 = ORIENTED_EDGE ( 'NONE', *, *, #4152, .F. ) ;
#6387 = VECTOR ( 'NONE', #563, 1000.000000000000000 ) ;
#6388 = ADVANCED_FACE ( 'NONE', ( #2450 ), #5127, .T. ) ;
#6389 = CARTESIAN_POINT ( 'NONE',  ( -0.1249999999999991396, 0.5716990566028304910, 1.499999999999999778 ) ) ;
#6390 = CARTESIAN_POINT ( 'NONE',  ( -1.224999999999999423, 0.000000000000000000, -0.8749999999999992228 ) ) ;
#6391 = ORIENTED_EDGE ( 'NONE', *, *, #7452, .F. ) ;
#6392 = EDGE_CURVE ( 'NONE', #6714, #6970, #7682, .T. ) ;
#6393 = CARTESIAN_POINT ( 'NONE',  ( -0.8749999999999991118, 0.5716990566028304910, 1.500000000000000222 ) ) ;
#6394 = ORIENTED_EDGE ( 'NONE', *, *, #1876, .F. ) ;
#6395 = VECTOR ( 'NONE', #7737, 1000.000000000000000 ) ;
#6396 = AXIS2_PLACEMENT_3D ( 'NONE', #3734, #6115, #7455 ) ;
#6397 = CARTESIAN_POINT ( 'NONE',  ( 0.6249999999999984457, 0.05000000000000000278, -9.856383386231841817E-16 ) ) ;
#6398 = CARTESIAN_POINT ( 'NONE',  ( 0.7500000000000002220, 0.000000000000000000, -1.224999999999999867 ) ) ;
#6399 = ORIENTED_EDGE ( 'NONE', *, *, #1905, .F. ) ;
#6400 = VECTOR ( 'NONE', #1837, 1000.000000000000000 ) ;
#6401 = VERTEX_POINT ( 'NONE', #2528 ) ;
#6402 = ORIENTED_EDGE ( 'NONE', *, *, #1997, .T. ) ;
#6403 = CARTESIAN_POINT ( 'NONE',  ( -1.224999999999999423, 0.000000000000000000, 0.1250000000000007494 ) ) ;
#6404 = EDGE_CURVE ( 'NONE', #1142, #4558, #4940, .T. ) ;
#6405 = VECTOR ( 'NONE', #2962, 1000.000000000000000 ) ;
#6406 = EDGE_LOOP ( 'NONE', ( #4021, #1242, #5871, #2302 ) ) ;
#6407 = ORIENTED_EDGE ( 'NONE', *, *, #2013, .T. ) ;
#6408 = VECTOR ( 'NONE', #1371, 1000.000000000000000 ) ;
#6409 = DIRECTION ( 'NONE',  ( 0.000000000000000000, -1.000000000000000000, 0.000000000000000000 ) ) ;
#6410 = AXIS2_PLACEMENT_3D ( 'NONE', #4402, #2208, #6080 ) ;
#6411 = VERTEX_POINT ( 'NONE', #4811 ) ;
#6412 = VERTEX_POINT ( 'NONE', #3575 ) ;
#6413 = ORIENTED_EDGE ( 'NONE', *, *, #4379, .F. ) ;
#6414 = CARTESIAN_POINT ( 'NONE',  ( 1.299999999999999600, 0.000000000000000000, -1.499999999999999778 ) ) ;
#6415 = CIRCLE ( 'NONE', #5681, 0.1000000000000006994 ) ;
#6416 = EDGE_CURVE ( 'NONE', #6374, #4278, #4963, .T. ) ;
#6417 = CARTESIAN_POINT ( 'NONE',  ( -1.125000000000000222, 0.6999999999999999556, -0.9999999999999995559 ) ) ;
#6418 =( NAMED_UNIT ( * ) PLANE_ANGLE_UNIT ( ) SI_UNIT ( $, .RADIAN. ) );
#6419 = UNCERTAINTY_MEASURE_WITH_UNIT (LENGTH_MEASURE( 1.000000000000000082E-05 ), #6246, 'distance_accuracy_value', 'NONE');
#6420 = CARTESIAN_POINT ( 'NONE',  ( 0.3750000000000008882, 0.000000000000000000, 1.499999999999999778 ) ) ;
#6421 = CARTESIAN_POINT ( 'NONE',  ( 0.6250000000000008882, 0.5716990566028304910, 1.500000000000000222 ) ) ;
#6422 = ORIENTED_EDGE ( 'NONE', *, *, #2737, .F. ) ;
#6423 = ORIENTED_EDGE ( 'NONE', *, *, #5582, .T. ) ;
#6424 = CYLINDRICAL_SURFACE ( 'NONE', #148, 0.1249999999999998890 ) ;
#6425 = CARTESIAN_POINT ( 'NONE',  ( -1.500000000000000000, 0.5716990566028299359, -0.8749999999999991118 ) ) ;
#6426 = EDGE_LOOP ( 'NONE', ( #165, #2655, #1911, #1595 ) ) ;
#6427 = AXIS2_PLACEMENT_3D ( 'NONE', #4986, #4377, #2438 ) ;
#6428 = VERTEX_POINT ( 'NONE', #5767 ) ;
#6429 = DIRECTION ( 'NONE',  ( 0.000000000000000000, 0.000000000000000000, 1.000000000000000000 ) ) ;
#6430 = ORIENTED_EDGE ( 'NONE', *, *, #5253, .T. ) ;
#6431 = PLANE ( 'NONE',  #1889 ) ;
#6432 = LINE ( 'NONE', #4405, #1192 ) ;
#6433 = EDGE_CURVE ( 'NONE', #6579, #1697, #7514, .T. ) ;
#6434 = ORIENTED_EDGE ( 'NONE', *, *, #130, .F. ) ;
#6435 = FACE_OUTER_BOUND ( 'NONE', #7824, .T. ) ;
#6436 = ORIENTED_EDGE ( 'NONE', *, *, #5496, .F. ) ;
#6437 = LINE ( 'NONE', #7402, #1258 ) ;
#6438 = DIRECTION ( 'NONE',  ( -0.000000000000000000, -1.000000000000000000, -0.000000000000000000 ) ) ;
#6439 = ORIENTED_EDGE ( 'NONE', *, *, #421, .T. ) ;
#6440 = ORIENTED_EDGE ( 'NONE', *, *, #5344, .F. ) ;
#6441 = SURFACE_STYLE_USAGE ( .BOTH. , #4624 ) ;
#6442 = ORIENTED_EDGE ( 'NONE', *, *, #2095, .F. ) ;
#6443 = CARTESIAN_POINT ( 'NONE',  ( -0.6249999999999994449, 0.1000000000000000056, -1.499999999999999778 ) ) ;
#6444 = CARTESIAN_POINT ( 'NONE',  ( 1.124999999999999556, 0.000000000000000000, 1.499999999999999778 ) ) ;
#6445 = VERTEX_POINT ( 'NONE', #460 ) ;
#6446 = LINE ( 'NONE', #1803, #6361 ) ;
#6447 = CARTESIAN_POINT ( 'NONE',  ( -1.500000000000000000, 0.5716990566028299359, 0.8749999999999998890 ) ) ;
#6448 = ORIENTED_EDGE ( 'NONE', *, *, #1761, .F. ) ;
#6449 = LINE ( 'NONE', #491, #6538 ) ;
#6450 = CARTESIAN_POINT ( 'NONE',  ( 1.499999999999999556, 0.09999999999999999167, -1.299999999999999822 ) ) ;
#6451 = ORIENTED_EDGE ( 'NONE', *, *, #3609, .F. ) ;
#6452 = VECTOR ( 'NONE', #3607, 1000.000000000000000 ) ;
#6453 = VERTEX_POINT ( 'NONE', #5914 ) ;
#6454 = ORIENTED_EDGE ( 'NONE', *, *, #973, .F. ) ;
#6455 = CARTESIAN_POINT ( 'NONE',  ( 1.124999999999999556, 0.09999999999999999167, 1.225000000000000311 ) ) ;
#6456 = CARTESIAN_POINT ( 'NONE',  ( -0.8749999999999991118, 0.09999999999999999167, 1.500000000000000222 ) ) ;
#6457 = AXIS2_PLACEMENT_3D ( 'NONE', #1105, #17, #5501 ) ;
#6458 = LINE ( 'NONE', #7, #6387 ) ;
#6459 = ADVANCED_FACE ( 'NONE', ( #5045 ), #509, .F. ) ;
#6460 = EDGE_CURVE ( 'NONE', #7729, #6835, #7594, .T. ) ;
#6461 = ORIENTED_EDGE ( 'NONE', *, *, #775, .F. ) ;
#6462 = ORIENTED_EDGE ( 'NONE', *, *, #3774, .T. ) ;
#6463 = ORIENTED_EDGE ( 'NONE', *, *, #7300, .F. ) ;
#6464 = LINE ( 'NONE', #7784, #1349 ) ;
#6465 = DIRECTION ( 'NONE',  ( 0.000000000000000000, -0.000000000000000000, 1.000000000000000000 ) ) ;
#6466 = EDGE_CURVE ( 'NONE', #6902, #1125, #2391, .T. ) ;
#6467 = VERTEX_POINT ( 'NONE', #6484 ) ;
#6468 = EDGE_LOOP ( 'NONE', ( #6346, #3130, #4257, #3740 ) ) ;
#6469 = ORIENTED_EDGE ( 'NONE', *, *, #5197, .F. ) ;
#6470 = VECTOR ( 'NONE', #5065, 1000.000000000000000 ) ;
#6471 = CARTESIAN_POINT ( 'NONE',  ( 0.7000000000000000666, 0.000000000000000000, -0.7000000000000000666 ) ) ;
#6472 = AXIS2_PLACEMENT_3D ( 'NONE', #6749, #1848, #4905 ) ;
#6473 = PLANE ( 'NONE',  #5960 ) ;
#6474 = CARTESIAN_POINT ( 'NONE',  ( -0.1249999999999994588, 0.5716990566028304910, -1.499999999999999778 ) ) ;
#6475 = CARTESIAN_POINT ( 'NONE',  ( 1.224999999999999423, 0.000000000000000000, 0.6250000000000007772 ) ) ;
#6476 = ORIENTED_EDGE ( 'NONE', *, *, #258, .F. ) ;
#6477 = EDGE_CURVE ( 'NONE', #6502, #3805, #4971, .T. ) ;
#6478 = ORIENTED_EDGE ( 'NONE', *, *, #326, .F. ) ;
#6479 = VERTEX_POINT ( 'NONE', #2818 ) ;
#6480 = FACE_OUTER_BOUND ( 'NONE', #753, .T. ) ;
#6481 = VERTEX_POINT ( 'NONE', #3344 ) ;
#6482 = EDGE_CURVE ( 'NONE', #7135, #7413, #7602, .T. ) ;
#6483 = ORIENTED_EDGE ( 'NONE', *, *, #4537, .F. ) ;
#6484 = CARTESIAN_POINT ( 'NONE',  ( 1.299999999999999600, 0.000000000000000000, 1.499999999999999778 ) ) ;
#6485 = AXIS2_PLACEMENT_3D ( 'NONE', #3741, #4990, #2029 ) ;
#6486 = ORIENTED_EDGE ( 'NONE', *, *, #5897, .T. ) ;
#6487 = AXIS2_PLACEMENT_3D ( 'NONE', #6129, #2485, #4444 ) ;
#6488 = CARTESIAN_POINT ( 'NONE',  ( 0.6250000000000003331, 0.05000000000000000278, -1.225000000000000311 ) ) ;
#6489 = CIRCLE ( 'NONE', #1283, 0.1249999999999998890 ) ;
#6490 = VERTEX_POINT ( 'NONE', #2772 ) ;
#6491 = ORIENTED_EDGE ( 'NONE', *, *, #2973, .F. ) ;
#6492 = ORIENTED_EDGE ( 'NONE', *, *, #5478, .F. ) ;
#6493 = LINE ( 'NONE', #4201, #3936 ) ;
#6494 = CARTESIAN_POINT ( 'NONE',  ( 1.224999999999999423, 0.5716990566028299359, 0.1250000000000007494 ) ) ;
#6495 = EDGE_LOOP ( 'NONE', ( #3240, #6313, #1823, #1033 ) ) ;
#6496 = ORIENTED_EDGE ( 'NONE', *, *, #4860, .T. ) ;
#6497 = DIRECTION ( 'NONE',  ( 0.000000000000000000, 1.000000000000000000, 0.000000000000000000 ) ) ;
#6498 = ORIENTED_EDGE ( 'NONE', *, *, #4393, .F. ) ;
#6499 = EDGE_CURVE ( 'NONE', #3748, #429, #2377, .T. ) ;
#6500 = AXIS2_PLACEMENT_3D ( 'NONE', #4663, #6240, #2133 ) ;
#6501 = VECTOR ( 'NONE', #4162, 1000.000000000000000 ) ;
#6502 = VERTEX_POINT ( 'NONE', #4032 ) ;
#6503 = VERTEX_POINT ( 'NONE', #1087 ) ;
#6504 = CARTESIAN_POINT ( 'NONE',  ( -0.3749999999999996669, 0.1000000000000000056, -1.225000000000000311 ) ) ;
#6505 = ORIENTED_EDGE ( 'NONE', *, *, #7826, .F. ) ;
#6506 = LINE ( 'NONE', #1879, #6609 ) ;
#6507 = EDGE_CURVE ( 'NONE', #6817, #4362, #2417, .T. ) ;
#6508 = CARTESIAN_POINT ( 'NONE',  ( -1.299999999999999156, 0.09999999999999999167, 1.300000000000000266 ) ) ;
#6509 = AXIS2_PLACEMENT_3D ( 'NONE', #4846, #1245, #7344 ) ;
#6510 = CARTESIAN_POINT ( 'NONE',  ( -0.7499999999999995559, 0.1000000000000000056, 1.225000000000000311 ) ) ;
#6511 = VERTEX_POINT ( 'NONE', #377 ) ;
#6512 = ADVANCED_FACE ( 'NONE', ( #2427 ), #6599, .F. ) ;
#6513 = ORIENTED_EDGE ( 'NONE', *, *, #6712, .T. ) ;
#6514 = ORIENTED_EDGE ( 'NONE', *, *, #1831, .F. ) ;
#6515 = DIRECTION ( 'NONE',  ( 0.000000000000000000, 0.000000000000000000, -1.000000000000000000 ) ) ;
#6516 = VECTOR ( 'NONE', #7453, 1000.000000000000000 ) ;
#6517 = DIRECTION ( 'NONE',  ( 0.000000000000000000, 0.000000000000000000, -1.000000000000000000 ) ) ;
#6518 = ORIENTED_EDGE ( 'NONE', *, *, #6320, .T. ) ;
#6519 = VECTOR ( 'NONE', #2728, 1000.000000000000000 ) ;
#6520 = DIRECTION ( 'NONE',  ( 0.000000000000000000, -1.000000000000000000, 0.000000000000000000 ) ) ;
#6521 = ORIENTED_EDGE ( 'NONE', *, *, #6926, .F. ) ;
#6522 = LINE ( 'NONE', #2338, #1288 ) ;
#6523 = DIRECTION ( 'NONE',  ( -1.000000000000000000, 0.000000000000000000, 0.000000000000000000 ) ) ;
#6524 = DIRECTION ( 'NONE',  ( 0.000000000000000000, 1.000000000000000000, 0.000000000000000000 ) ) ;
#6525 = EDGE_CURVE ( 'NONE', #2889, #983, #7547, .T. ) ;
#6526 = VERTEX_POINT ( 'NONE', #3394 ) ;
#6527 = VERTEX_POINT ( 'NONE', #5826 ) ;
#6528 = ORIENTED_EDGE ( 'NONE', *, *, #7431, .T. ) ;
#6529 = SURFACE_STYLE_USAGE ( .BOTH. , #7711 ) ;
#6530 = FACE_OUTER_BOUND ( 'NONE', #3858, .T. ) ;
#6531 = ADVANCED_FACE ( 'NONE', ( #7571 ), #5969, .F. ) ;
#6532 = CARTESIAN_POINT ( 'NONE',  ( 1.224999999999999423, 0.05000000000000002359, 0.8749999999999998890 ) ) ;
#6533 = CARTESIAN_POINT ( 'NONE',  ( 0.7500000000000004441, 0.09999999999999999167, 1.225000000000000311 ) ) ;
#6534 = ORIENTED_EDGE ( 'NONE', *, *, #7492, .T. ) ;
#6535 = VECTOR ( 'NONE', #4577, 1000.000000000000000 ) ;
#6536 = AXIS2_PLACEMENT_3D ( 'NONE', #1082, #1029, #5388 ) ;
#6537 = ORIENTED_EDGE ( 'NONE', *, *, #1501, .T. ) ;
#6538 = VECTOR ( 'NONE', #3554, 1000.000000000000000 ) ;
#6539 = CARTESIAN_POINT ( 'NONE',  ( -1.224999999999999645, 0.09999999999999999167, 1.225000000000000755 ) ) ;
#6540 = ORIENTED_EDGE ( 'NONE', *, *, #6874, .T. ) ;
#6541 = EDGE_CURVE ( 'NONE', #4082, #4197, #7560, .T. ) ;
#6542 = ORIENTED_EDGE ( 'NONE', *, *, #6803, .F. ) ;
#6543 = DIRECTION ( 'NONE',  ( 1.000000000000000000, -0.000000000000000000, -1.734723475976807094E-15 ) ) ;
#6544 = DIRECTION ( 'NONE',  ( -1.000000000000000000, 0.000000000000000000, -1.734723475976807094E-15 ) ) ;
#6545 = VERTEX_POINT ( 'NONE', #1032 ) ;
#6546 = VECTOR ( 'NONE', #4981, 1000.000000000000000 ) ;
#6547 = EDGE_LOOP ( 'NONE', ( #7612, #4980, #4546, #6660 ) ) ;
#6548 = VECTOR ( 'NONE', #6329, 1000.000000000000000 ) ;
#6549 = ORIENTED_EDGE ( 'NONE', *, *, #3061, .T. ) ;
#6550 = LINE ( 'NONE', #4219, #1272 ) ;
#6551 = DIRECTION ( 'NONE',  ( 0.000000000000000000, 0.000000000000000000, 1.000000000000000000 ) ) ;
#6552 = VERTEX_POINT ( 'NONE', #2905 ) ;
#6553 = ORIENTED_EDGE ( 'NONE', *, *, #5351, .T. ) ;
#6554 = DIRECTION ( 'NONE',  ( 0.000000000000000000, 0.000000000000000000, 1.000000000000000000 ) ) ;
#6555 = ORIENTED_EDGE ( 'NONE', *, *, #1010, .T. ) ;
#6556 = CARTESIAN_POINT ( 'NONE',  ( -0.3749999999999991673, 0.1000000000000000056, 1.500000000000000222 ) ) ;
#6557 = LINE ( 'NONE', #5502, #3889 ) ;
#6558 = CARTESIAN_POINT ( 'NONE',  ( -1.124999999999999112, 0.1000000000000000472, -1.500000000000000222 ) ) ;
#6559 = CARTESIAN_POINT ( 'NONE',  ( 1.224999999999999423, 0.09999999999999999167, 0.6250000000000007772 ) ) ;
#6560 = ORIENTED_EDGE ( 'NONE', *, *, #7469, .F. ) ;
#6561 = LINE ( 'NONE', #7481, #1336 ) ;
#6562 = CARTESIAN_POINT ( 'NONE',  ( 1.224999999999999423, 0.5716990566028299359, 0.1250000000000007494 ) ) ;
#6563 = EDGE_LOOP ( 'NONE', ( #2822, #384, #1695, #2734 ) ) ;
#6564 = DIRECTION ( 'NONE',  ( -0.000000000000000000, 0.000000000000000000, -1.000000000000000000 ) ) ;
#6565 = LINE ( 'NONE', #4652, #1244 ) ;
#6566 = AXIS2_PLACEMENT_3D ( 'NONE', #4401, #5538, #157 ) ;
#6567 = AXIS2_PLACEMENT_3D ( 'NONE', #4348, #1936, #7428 ) ;
#6568 = CARTESIAN_POINT ( 'NONE',  ( -1.224999999999999423, 0.5716990566028299359, -0.7499999999999996669 ) ) ;
#6569 = EDGE_CURVE ( 'NONE', #4535, #7118, #5007, .T. ) ;
#6570 = VERTEX_POINT ( 'NONE', #2856 ) ;
#6571 = ORIENTED_EDGE ( 'NONE', *, *, #6541, .F. ) ;
#6572 = ORIENTED_EDGE ( 'NONE', *, *, #3657, .T. ) ;
#6573 = DIRECTION ( 'NONE',  ( 1.000000000000000000, 0.000000000000000000, 0.000000000000000000 ) ) ;
#6574 = CARTESIAN_POINT ( 'NONE',  ( -0.6249999999999996669, 0.1000000000000000056, 1.225000000000000311 ) ) ;
#6575 = FACE_OUTER_BOUND ( 'NONE', #2085, .T. ) ;
#6576 = DIRECTION ( 'NONE',  ( 0.000000000000000000, 0.000000000000000000, -1.000000000000000000 ) ) ;
#6577 = EDGE_CURVE ( 'NONE', #3577, #1312, #7633, .T. ) ;
#6578 = LINE ( 'NONE', #7810, #6768 ) ;
#6579 = VERTEX_POINT ( 'NONE', #4187 ) ;
#6580 = VECTOR ( 'NONE', #6057, 1000.000000000000000 ) ;
#6581 = DIRECTION ( 'NONE',  ( -1.000000000000000000, 0.000000000000000000, 0.000000000000000000 ) ) ;
#6582 = PLANE ( 'NONE',  #1871 ) ;
#6583 = MECHANICAL_DESIGN_GEOMETRIC_PRESENTATION_REPRESENTATION (  '', ( #2768 ), #3036 ) ;
#6584 = CARTESIAN_POINT ( 'NONE',  ( 1.500000000000000000, 0.09999999999999999167, -0.1250000000000001110 ) ) ;
#6585 = ORIENTED_EDGE ( 'NONE', *, *, #3890, .T. ) ;
#6586 = ORIENTED_EDGE ( 'NONE', *, *, #4925, .T. ) ;
#6587 = DIRECTION ( 'NONE',  ( -0.000000000000000000, -1.000000000000000000, -0.000000000000000000 ) ) ;
#6588 = LINE ( 'NONE', #1704, #4156 ) ;
#6589 = CARTESIAN_POINT ( 'NONE',  ( 1.299999999999999600, 0.09999999999999999167, 1.499999999999999778 ) ) ;
#6590 = EDGE_CURVE ( 'NONE', #1462, #1216, #5060, .T. ) ;
#6591 = LINE ( 'NONE', #7379, #1534 ) ;
#6592 = VERTEX_POINT ( 'NONE', #6210 ) ;
#6593 = FACE_OUTER_BOUND ( 'NONE', #6755, .T. ) ;
#6594 = AXIS2_PLACEMENT_3D ( 'NONE', #933, #7692, #4776 ) ;
#6595 = CARTESIAN_POINT ( 'NONE',  ( 0.6250000000000004441, 0.1000000000000000056, 1.225000000000000311 ) ) ;
#6596 = AXIS2_PLACEMENT_3D ( 'NONE', #3813, #1015, #146 ) ;
#6597 = ORIENTED_EDGE ( 'NONE', *, *, #6880, .F. ) ;
#6598 = EDGE_LOOP ( 'NONE', ( #6351, #4125, #6869, #5093 ) ) ;
#6599 = PLANE ( 'NONE',  #456 ) ;
#6600 = FILL_AREA_STYLE ('',( #4134 ) ) ;
#6601 = EDGE_CURVE ( 'NONE', #7662, #5585, #7691, .T. ) ;
#6602 = CARTESIAN_POINT ( 'NONE',  ( -0.2499999999999995837, 0.05000000000000000278, 1.225000000000000311 ) ) ;
#6603 = LINE ( 'NONE', #2618, #4066 ) ;
#6604 = ADVANCED_FACE ( 'NONE', ( #4896 ), #1209, .F. ) ;
#6605 = CARTESIAN_POINT ( 'NONE',  ( 1.225000000000000089, 0.1000000000000000472, -1.124999999999999778 ) ) ;
#6606 =( GEOMETRIC_REPRESENTATION_CONTEXT ( 3 ) GLOBAL_UNCERTAINTY_ASSIGNED_CONTEXT ( ( #5166 ) ) GLOBAL_UNIT_ASSIGNED_CONTEXT ( ( #5204, #6796, #2570 ) ) REPRESENTATION_CONTEXT ( 'NONE', 'WORKASPACE' ) );
#6607 = ORIENTED_EDGE ( 'NONE', *, *, #6466, .T. ) ;
#6608 = CARTESIAN_POINT ( 'NONE',  ( -1.224999999999999423, 0.09999999999999999167, 0.2500000000000003331 ) ) ;
#6609 = VECTOR ( 'NONE', #998, 1000.000000000000000 ) ;
#6610 = AXIS2_PLACEMENT_3D ( 'NONE', #1291, #5022, #3168 ) ;
#6611 = CARTESIAN_POINT ( 'NONE',  ( 0.8749999999999998890, 0.5716990566028304910, -1.225000000000000311 ) ) ;
#6612 = EDGE_LOOP ( 'NONE', ( #3464, #5873, #808, #6483 ) ) ;
#6613 = ORIENTED_EDGE ( 'NONE', *, *, #514, .T. ) ;
#6614 = EDGE_CURVE ( 'NONE', #1338, #3762, #2400, .T. ) ;
#6615 = EDGE_CURVE ( 'NONE', #1484, #4251, #5020, .T. ) ;
#6616 = CARTESIAN_POINT ( 'NONE',  ( 1.500000000000000000, 0.09999999999999999167, 0.3749999999999998890 ) ) ;
#6617 = CARTESIAN_POINT ( 'NONE',  ( 0.2500000000000004441, 0.1000000000000000056, 1.225000000000000311 ) ) ;
#6618 = AXIS2_PLACEMENT_3D ( 'NONE', #4747, #5325, #6051 ) ;
#6619 = LINE ( 'NONE', #2100, #1321 ) ;
#6620 = DIRECTION ( 'NONE',  ( 0.000000000000000000, -0.000000000000000000, 1.000000000000000000 ) ) ;
#6621 = ORIENTED_EDGE ( 'NONE', *, *, #4959, .F. ) ;
#6622 = DIRECTION ( 'NONE',  ( 0.000000000000000000, 0.000000000000000000, 1.000000000000000000 ) ) ;
#6623 = VECTOR ( 'NONE', #626, 1000.000000000000000 ) ;
#6624 = DIRECTION ( 'NONE',  ( -0.000000000000000000, -1.000000000000000000, -0.000000000000000000 ) ) ;
#6625 = CLOSED_SHELL ( 'NONE', ( #6077, #6741, #4857, #571, #2436, #1583, #1350 ) ) ;
#6626 = ORIENTED_EDGE ( 'NONE', *, *, #5766, .T. ) ;
#6627 = DIRECTION ( 'NONE',  ( 1.000000000000000000, -0.000000000000000000, -0.000000000000000000 ) ) ;
#6628 = DIRECTION ( 'NONE',  ( -0.000000000000000000, -1.000000000000000000, -0.000000000000000000 ) ) ;
#6629 = LINE ( 'NONE', #5519, #1402 ) ;
#6630 = DIRECTION ( 'NONE',  ( -1.577021341797098201E-15, -0.000000000000000000, 1.000000000000000000 ) ) ;
#6631 = EDGE_CURVE ( 'NONE', #4570, #5158, #7704, .T. ) ;
#6632 = CARTESIAN_POINT ( 'NONE',  ( 0.7000000000000000666, 0.09999999999999982514, -0.7000000000000000666 ) ) ;
#6633 = FACE_OUTER_BOUND ( 'NONE', #152, .T. ) ;
#6634 = CLOSED_SHELL ( 'NONE', ( #3129, #286, #1788, #5032, #7270, #7681 ) ) ;
#6635 = CARTESIAN_POINT ( 'NONE',  ( 0.7500000000000004441, 0.000000000000000000, 1.225000000000000311 ) ) ;
#6636 = VECTOR ( 'NONE', #4486, 1000.000000000000000 ) ;
#6637 = CARTESIAN_POINT ( 'NONE',  ( 1.500000000000000000, 0.09999999999999999167, -0.3749999999999991673 ) ) ;
#6638 = DIRECTION ( 'NONE',  ( 0.000000000000000000, -1.000000000000000000, 0.000000000000000000 ) ) ;
#6639 = DIRECTION ( 'NONE',  ( -3.942553354492735642E-16, 0.000000000000000000, 1.000000000000000000 ) ) ;
#6640 = DIRECTION ( 'NONE',  ( 0.000000000000000000, -1.000000000000000000, 0.000000000000000000 ) ) ;
#6641 = EDGE_LOOP ( 'NONE', ( #931, #1691, #4494, #921 ) ) ;
#6642 = ORIENTED_EDGE ( 'NONE', *, *, #6307, .F. ) ;
#6643 = AXIS2_PLACEMENT_3D ( 'NONE', #5456, #2978, #1952 ) ;
#6644 = VECTOR ( 'NONE', #1965, 1000.000000000000000 ) ;
#6645 = CARTESIAN_POINT ( 'NONE',  ( -1.224999999999999423, 0.09999999999999999167, 0.8749999999999998890 ) ) ;
#6646 = VECTOR ( 'NONE', #2692, 1000.000000000000000 ) ;
#6647 = EDGE_CURVE ( 'NONE', #4876, #2202, #7645, .T. ) ;
#6648 = EDGE_LOOP ( 'NONE', ( #4271, #3966, #1726, #6407, #685 ) ) ;
#6649 = CIRCLE ( 'NONE', #50, 0.1249999999999995698 ) ;
#6650 = DIRECTION ( 'NONE',  ( -1.734723475976807292E-15, 0.000000000000000000, -1.000000000000000000 ) ) ;
#6651 = EDGE_LOOP ( 'NONE', ( #3486, #6814, #5535, #3060 ) ) ;
#6652 = ADVANCED_FACE ( 'NONE', ( #2303 ), #715, .F. ) ;
#6653 = EDGE_LOOP ( 'NONE', ( #3389, #3471, #6607, #1546 ) ) ;
#6654 = CARTESIAN_POINT ( 'NONE',  ( -1.125000000000000222, 0.6999999999999999556, -1.125000000000000000 ) ) ;
#6655 = SURFACE_SIDE_STYLE ('',( #6379 ) ) ;
#6656 = DIRECTION ( 'NONE',  ( -0.000000000000000000, 0.000000000000000000, 1.000000000000000000 ) ) ;
#6657 = FACE_OUTER_BOUND ( 'NONE', #4723, .T. ) ;
#6658 = DIRECTION ( 'NONE',  ( 1.000000000000000000, -0.000000000000000000, 3.942553354492735642E-16 ) ) ;
#6659 = FACE_OUTER_BOUND ( 'NONE', #4047, .T. ) ;
#6660 = ORIENTED_EDGE ( 'NONE', *, *, #946, .T. ) ;
#6661 = CARTESIAN_POINT ( 'NONE',  ( 0.7500000000000002220, 0.000000000000000000, -1.224999999999999867 ) ) ;
#6662 = CIRCLE ( 'NONE', #2515, 0.1250000000000003331 ) ;
#6663 = DIRECTION ( 'NONE',  ( 0.000000000000000000, -0.000000000000000000, 1.000000000000000000 ) ) ;
#6664 = ORIENTED_EDGE ( 'NONE', *, *, #1286, .T. ) ;
#6665 = ORIENTED_EDGE ( 'NONE', *, *, #678, .F. ) ;
#6666 = ADVANCED_FACE ( 'NONE', ( #5036 ), #2, .T. ) ;
#6667 = DIRECTION ( 'NONE',  ( 0.000000000000000000, 0.000000000000000000, 1.000000000000000000 ) ) ;
#6668 = DIRECTION ( 'NONE',  ( -0.000000000000000000, -1.000000000000000000, -0.000000000000000000 ) ) ;
#6669 = AXIS2_PLACEMENT_3D ( 'NONE', #5188, #3264, #3946 ) ;
#6670 = EDGE_CURVE ( 'NONE', #7269, #2963, #5088, .T. ) ;
#6671 = CARTESIAN_POINT ( 'NONE',  ( 0.1250000000000001110, 0.1000000000000000056, -1.225000000000000311 ) ) ;
#6672 = ORIENTED_EDGE ( 'NONE', *, *, #6819, .T. ) ;
#6673 = FACE_OUTER_BOUND ( 'NONE', #6693, .T. ) ;
#6674 = DIRECTION ( 'NONE',  ( 0.000000000000000000, 1.000000000000000000, 0.000000000000000000 ) ) ;
#6675 = CARTESIAN_POINT ( 'NONE',  ( 0.3750000000000003331, 0.09999999999999999167, 1.225000000000000311 ) ) ;
#6676 = ORIENTED_EDGE ( 'NONE', *, *, #4493, .T. ) ;
#6677 = EDGE_CURVE ( 'NONE', #4403, #5208, #7656, .T. ) ;
#6678 = VERTEX_POINT ( 'NONE', #2043 ) ;
#6679 = EDGE_CURVE ( 'NONE', #4413, #7472, #7487, .T. ) ;
#6680 = CARTESIAN_POINT ( 'NONE',  ( -1.500000000000000000, 0.5716990566028299359, -0.6250000000000001110 ) ) ;
#6681 = CARTESIAN_POINT ( 'NONE',  ( -1.224999999999999645, 0.000000000000000000, -1.225000000000000755 ) ) ;
#6682 = CARTESIAN_POINT ( 'NONE',  ( 1.499999999999999556, 0.05000000000000000278, 1.499999999999999778 ) ) ;
#6683 = VECTOR ( 'NONE', #7495, 1000.000000000000000 ) ;
#6684 = DIRECTION ( 'NONE',  ( -0.000000000000000000, 0.000000000000000000, 1.000000000000000000 ) ) ;
#6685 = CARTESIAN_POINT ( 'NONE',  ( -1.224999999999999645, 0.000000000000000000, -1.125000000000000222 ) ) ;
#6686 = VERTEX_POINT ( 'NONE', #3056 ) ;
#6687 = LINE ( 'NONE', #6291, #4031 ) ;
#6688 = CARTESIAN_POINT ( 'NONE',  ( 0.3749999999999998890, 0.09999999999999999167, -1.225000000000000311 ) ) ;
#6689 = CARTESIAN_POINT ( 'NONE',  ( -0.3999999999999973577, 0.09999999999999982514, -0.7000000000000002887 ) ) ;
#6690 = CARTESIAN_POINT ( 'NONE',  ( -1.224999999999999645, 0.09999999999999999167, -1.225000000000000755 ) ) ;
#6691 = CARTESIAN_POINT ( 'NONE',  ( -0.6999999999999998446, 0.000000000000000000, -0.4000000000000001332 ) ) ;
#6692 = VERTEX_POINT ( 'NONE', #4917 ) ;
#6693 = EDGE_LOOP ( 'NONE', ( #3048, #6486, #5430, #1023 ) ) ;
#6694 = EDGE_CURVE ( 'NONE', #960, #7020, #4871, .T. ) ;
#6695 = PLANE ( 'NONE',  #4100 ) ;
#6696 = AXIS2_PLACEMENT_3D ( 'NONE', #5262, #7734, #432 ) ;
#6697 = FACE_OUTER_BOUND ( 'NONE', #487, .T. ) ;
#6698 = ORIENTED_EDGE ( 'NONE', *, *, #2288, .F. ) ;
#6699 = CARTESIAN_POINT ( 'NONE',  ( 1.499999999999999556, 0.6303300858899107961, 1.299999999999999822 ) ) ;
#6700 = VECTOR ( 'NONE', #433, 1000.000000000000000 ) ;
#6701 = VERTEX_POINT ( 'NONE', #1860 ) ;
#6702 = CIRCLE ( 'NONE', #5768, 0.1249999999999998890 ) ;
#6703 = ADVANCED_FACE ( 'NONE', ( #2289 ), #4908, .F. ) ;
#6704 = CARTESIAN_POINT ( 'NONE',  ( -0.6249999999999991118, 0.000000000000000000, 1.499999999999999778 ) ) ;
#6705 = ORIENTED_EDGE ( 'NONE', *, *, #5879, .F. ) ;
#6706 = ORIENTED_EDGE ( 'NONE', *, *, #2807, .T. ) ;
#6707 = CARTESIAN_POINT ( 'NONE',  ( -0.7499999999999995559, 0.05000000000000000278, 1.225000000000000311 ) ) ;
#6708 = CARTESIAN_POINT ( 'NONE',  ( 1.224999999999999423, 0.5716990566028299359, -0.1250000000000001110 ) ) ;
#6709 = LINE ( 'NONE', #4262, #6546 ) ;
#6710 = CARTESIAN_POINT ( 'NONE',  ( -0.6250000000000001110, 0.09999999999999999167, -1.225000000000000311 ) ) ;
#6711 = ORIENTED_EDGE ( 'NONE', *, *, #1230, .F. ) ;
#6712 = EDGE_CURVE ( 'NONE', #4454, #4197, #5267, .T. ) ;
#6713 = VECTOR ( 'NONE', #6267, 1000.000000000000000 ) ;
#6714 = VERTEX_POINT ( 'NONE', #5484 ) ;
#6715 = DIRECTION ( 'NONE',  ( 0.000000000000000000, -0.000000000000000000, 1.000000000000000000 ) ) ;
#6716 = FACE_OUTER_BOUND ( 'NONE', #5742, .T. ) ;
#6717 = CARTESIAN_POINT ( 'NONE',  ( -1.224999999999999423, 0.05000000000000002359, -0.6250000000000001110 ) ) ;
#6718 = EDGE_CURVE ( 'NONE', #4838, #955, #82, .T. ) ;
#6719 = EDGE_CURVE ( 'NONE', #79, #7234, #7744, .T. ) ;
#6720 = CARTESIAN_POINT ( 'NONE',  ( -1.500000000000000000, 0.000000000000000000, -0.1250000000000001110 ) ) ;
#6721 = ORIENTED_EDGE ( 'NONE', *, *, #5683, .T. ) ;
#6722 = ADVANCED_FACE ( 'NONE', ( #5098 ), #2561, .T. ) ;
#6723 = EDGE_LOOP ( 'NONE', ( #1008, #3505, #363, #317 ) ) ;
#6724 = FACE_OUTER_BOUND ( 'NONE', #5639, .T. ) ;
#6725 = DIRECTION ( 'NONE',  ( -1.000000000000000000, 0.000000000000000000, 1.734723475976807292E-15 ) ) ;
#6726 = CARTESIAN_POINT ( 'NONE',  ( -1.224999999999999645, 0.09999999999999999167, -1.125000000000000222 ) ) ;
#6727 = ORIENTED_EDGE ( 'NONE', *, *, #3244, .F. ) ;
#6728 = UNCERTAINTY_MEASURE_WITH_UNIT (LENGTH_MEASURE( 1.000000000000000082E-05 ), #233, 'distance_accuracy_value', 'NONE');
#6729 = LINE ( 'NONE', #6989, #6535 ) ;
#6730 = DIRECTION ( 'NONE',  ( -0.000000000000000000, -1.000000000000000000, -0.000000000000000000 ) ) ;
#6731 = ORIENTED_EDGE ( 'NONE', *, *, #4474, .F. ) ;
#6732 = VECTOR ( 'NONE', #6838, 1000.000000000000000 ) ;
#6733 = CARTESIAN_POINT ( 'NONE',  ( 1.225000000000000089, 0.09999999999999999167, 1.225000000000000311 ) ) ;
#6734 = DIRECTION ( 'NONE',  ( -0.000000000000000000, -1.000000000000000000, -0.000000000000000000 ) ) ;
#6735 = VERTEX_POINT ( 'NONE', #770 ) ;
#6736 = EDGE_CURVE ( 'NONE', #1785, #853, #5137, .T. ) ;
#6737 = ORIENTED_EDGE ( 'NONE', *, *, #3174, .T. ) ;
#6738 = DIRECTION ( 'NONE',  ( -1.000000000000000000, 0.000000000000000000, -1.548860246407863336E-16 ) ) ;
#6739 = DIRECTION ( 'NONE',  ( 1.000000000000000000, -0.000000000000000000, -7.228014483236695816E-17 ) ) ;
#6740 = VECTOR ( 'NONE', #7051, 1000.000000000000000 ) ;
#6741 = ADVANCED_FACE ( 'NONE', ( #2499 ), #2874, .F. ) ;
#6742 = ORIENTED_EDGE ( 'NONE', *, *, #2288, .T. ) ;
#6743 = CARTESIAN_POINT ( 'NONE',  ( -1.224999999999999423, 0.09999999999999999167, 0.7500000000000003331 ) ) ;
#6744 = LINE ( 'NONE', #2639, #3965 ) ;
#6745 = ORIENTED_EDGE ( 'NONE', *, *, #610, .F. ) ;
#6746 = DIRECTION ( 'NONE',  ( -0.000000000000000000, -1.000000000000000000, -0.000000000000000000 ) ) ;
#6747 = CARTESIAN_POINT ( 'NONE',  ( 1.500000000000000000, 0.5716990566028299359, 0.8749999999999998890 ) ) ;
#6748 = DIRECTION ( 'NONE',  ( 1.000000000000000000, 0.000000000000000000, 0.000000000000000000 ) ) ;
#6749 = CARTESIAN_POINT ( 'NONE',  ( 0.2500000000000002220, 0.1000000000000000056, -1.224999999999999867 ) ) ;
#6750 = VERTEX_POINT ( 'NONE', #6443 ) ;
#6751 = VERTEX_POINT ( 'NONE', #1489 ) ;
#6752 = EDGE_CURVE ( 'NONE', #4116, #7718, #96, .T. ) ;
#6753 = CARTESIAN_POINT ( 'NONE',  ( 1.499999999999999556, 0.1000000000000000472, 1.299999999999999822 ) ) ;
#6754 = CIRCLE ( 'NONE', #3104, 0.1249999999999998890 ) ;
#6755 = EDGE_LOOP ( 'NONE', ( #5494, #6974, #4390, #4853 ) ) ;
#6756 = CARTESIAN_POINT ( 'NONE',  ( -0.3749999999999991673, 0.000000000000000000, 1.500000000000000222 ) ) ;
#6757 = VECTOR ( 'NONE', #5986, 1000.000000000000000 ) ;
#6758 = EDGE_LOOP ( 'NONE', ( #2146, #3539, #5613, #6731 ) ) ;
#6759 = FACE_OUTER_BOUND ( 'NONE', #2421, .T. ) ;
#6760 = CARTESIAN_POINT ( 'NONE',  ( -1.500000000000000222, 5.842640687119284415, 1.500000000000000000 ) ) ;
#6761 = VERTEX_POINT ( 'NONE', #2339 ) ;
#6762 = ORIENTED_EDGE ( 'NONE', *, *, #5766, .F. ) ;
#6763 = CARTESIAN_POINT ( 'NONE',  ( 0.7500000000000002220, 0.05000000000000000278, -1.224999999999999867 ) ) ;
#6764 = CARTESIAN_POINT ( 'NONE',  ( -0.7499999999999995559, 0.1000000000000000056, 1.225000000000000311 ) ) ;
#6765 = LINE ( 'NONE', #6680, #6501 ) ;
#6766 = CARTESIAN_POINT ( 'NONE',  ( 0.000000000000000000, 0.05000000000000000278, 0.000000000000000000 ) ) ;
#6767 = VERTEX_POINT ( 'NONE', #300 ) ;
#6768 = VECTOR ( 'NONE', #2958, 1000.000000000000000 ) ;
#6769 = ORIENTED_EDGE ( 'NONE', *, *, #5692, .F. ) ;
#6770 = LINE ( 'NONE', #4421, #1618 ) ;
#6771 = ADVANCED_FACE ( 'NONE', ( #5121 ), #2785, .T. ) ;
#6772 = AXIS2_PLACEMENT_3D ( 'NONE', #3086, #5521, #2371 ) ;
#6773 = PLANE ( 'NONE',  #4247 ) ;
#6774 = CARTESIAN_POINT ( 'NONE',  ( 1.299999999999999600, 0.09999999999999999167, -1.499999999999999778 ) ) ;
#6775 = ORIENTED_EDGE ( 'NONE', *, *, #4819, .F. ) ;
#6776 = ORIENTED_EDGE ( 'NONE', *, *, #6590, .F. ) ;
#6777 = EDGE_CURVE ( 'NONE', #6781, #6692, #7722, .T. ) ;
#6778 = DIRECTION ( 'NONE',  ( -1.000000000000000000, 0.000000000000000000, 0.000000000000000000 ) ) ;
#6779 = CARTESIAN_POINT ( 'NONE',  ( -0.1249999999999991396, 0.000000000000000000, 1.499999999999999778 ) ) ;
#6780 = CARTESIAN_POINT ( 'NONE',  ( 0.1250000000000001110, 0.09999999999999999167, -1.225000000000000311 ) ) ;
#6781 = VERTEX_POINT ( 'NONE', #4045 ) ;
#6782 = CARTESIAN_POINT ( 'NONE',  ( -1.224999999999999423, 0.09999999999999999167, 0.6250000000000007772 ) ) ;
#6783 = EDGE_CURVE ( 'NONE', #3644, #3115, #2696, .T. ) ;
#6784 = VECTOR ( 'NONE', #6883, 1000.000000000000000 ) ;
#6785 = DIRECTION ( 'NONE',  ( 0.000000000000000000, -1.000000000000000000, 0.000000000000000000 ) ) ;
#6786 = ORIENTED_EDGE ( 'NONE', *, *, #2446, .T. ) ;
#6787 = LINE ( 'NONE', #1409, #1435 ) ;
#6788 = DIRECTION ( 'NONE',  ( 1.000000000000000000, -0.000000000000000000, 0.000000000000000000 ) ) ;
#6789 = CARTESIAN_POINT ( 'NONE',  ( -0.2499999999999997780, 0.1000000000000000056, -1.224999999999999867 ) ) ;
#6790 = ORIENTED_EDGE ( 'NONE', *, *, #4775, .T. ) ;
#6791 = ADVANCED_FACE ( 'NONE', ( #2513 ), #2830, .F. ) ;
#6792 = ADVANCED_FACE ( 'NONE', ( #5130 ), #3467, .T. ) ;
#6793 = VERTEX_POINT ( 'NONE', #4686 ) ;
#6794 = DIRECTION ( 'NONE',  ( 1.000000000000000000, 0.000000000000000000, -1.577021341797098201E-15 ) ) ;
#6795 = DIRECTION ( 'NONE',  ( -0.000000000000000000, -1.000000000000000000, -0.000000000000000000 ) ) ;
#6796 =( NAMED_UNIT ( * ) PLANE_ANGLE_UNIT ( ) SI_UNIT ( $, .RADIAN. ) );
#6797 = VECTOR ( 'NONE', #1373, 1000.000000000000000 ) ;
#6798 = ORIENTED_EDGE ( 'NONE', *, *, #2140, .F. ) ;
#6799 = AXIS2_PLACEMENT_3D ( 'NONE', #7768, #7143, #3447 ) ;
#6800 = CYLINDRICAL_SURFACE ( 'NONE', #1418, 0.1249999999999998890 ) ;
#6801 = VERTEX_POINT ( 'NONE', #7697 ) ;
#6802 = VECTOR ( 'NONE', #4540, 1000.000000000000000 ) ;
#6803 = EDGE_CURVE ( 'NONE', #1064, #7415, #7759, .T. ) ;
#6804 = PLANE ( 'NONE',  #6898 ) ;
#6805 = CARTESIAN_POINT ( 'NONE',  ( -1.224999999999999645, 0.1000000000000000472, 1.125000000000000222 ) ) ;
#6806 = CARTESIAN_POINT ( 'NONE',  ( -1.499999999999999112, 0.6303300858899107961, -1.300000000000000266 ) ) ;
#6807 = AXIS2_PLACEMENT_3D ( 'NONE', #3478, #4791, #5323 ) ;
#6808 = DIRECTION ( 'NONE',  ( 1.000000000000000000, 0.000000000000000000, 3.942553354492735642E-16 ) ) ;
#6809 = ORIENTED_EDGE ( 'NONE', *, *, #339, .T. ) ;
#6810 = VERTEX_POINT ( 'NONE', #7564 ) ;
#6811 = LINE ( 'NONE', #6373, #7030 ) ;
#6812 = ADVANCED_FACE ( 'NONE', ( #2481 ), #346, .T. ) ;
#6813 = AXIS2_PLACEMENT_3D ( 'NONE', #5943, #4895, #1176 ) ;
#6814 = ORIENTED_EDGE ( 'NONE', *, *, #5128, .F. ) ;
#6815 = DIRECTION ( 'NONE',  ( 1.577021341797098201E-15, -0.000000000000000000, 1.000000000000000000 ) ) ;
#6816 = FACE_OUTER_BOUND ( 'NONE', #3285, .T. ) ;
#6817 = VERTEX_POINT ( 'NONE', #1650 ) ;
#6818 = PLANE ( 'NONE',  #7000 ) ;
#6819 = EDGE_CURVE ( 'NONE', #5631, #1550, #7771, .T. ) ;
#6820 = EDGE_LOOP ( 'NONE', ( #2222, #7290, #3583, #1835 ) ) ;
#6821 = VERTEX_POINT ( 'NONE', #4631 ) ;
#6822 = CARTESIAN_POINT ( 'NONE',  ( 0.8750000000000005551, 0.5716990566028304910, -1.499999999999999778 ) ) ;
#6823 = CARTESIAN_POINT ( 'NONE',  ( 1.224999999999999423, 0.5716990566028299359, -0.1250000000000001110 ) ) ;
#6824 = PLANE ( 'NONE',  #4061 ) ;
#6825 = SURFACE_STYLE_FILL_AREA ( #3289 ) ;
#6826 = DIRECTION ( 'NONE',  ( -1.000000000000000000, 0.000000000000000000, -0.000000000000000000 ) ) ;
#6827 = DIRECTION ( 'NONE',  ( -2.365532012695651739E-15, 0.000000000000000000, 1.000000000000000000 ) ) ;
#6828 = ORIENTED_EDGE ( 'NONE', *, *, #4175, .T. ) ;
#6829 = EDGE_CURVE ( 'NONE', #670, #1208, #7817, .T. ) ;
#6830 = ORIENTED_EDGE ( 'NONE', *, *, #1508, .T. ) ;
#6831 = CARTESIAN_POINT ( 'NONE',  ( -0.3750000000000014988, 0.05000000000000000278, 5.913830031739142167E-16 ) ) ;
#6832 = PLANE ( 'NONE',  #2448 ) ;
#6833 = CARTESIAN_POINT ( 'NONE',  ( -1.224999999999999423, 0.05000000000000002359, -0.3749999999999992228 ) ) ;
#6834 = EDGE_LOOP ( 'NONE', ( #7137, #141, #2190, #6072 ) ) ;
#6835 = VERTEX_POINT ( 'NONE', #5182 ) ;
#6836 = AXIS2_PLACEMENT_3D ( 'NONE', #831, #5732, #6332 ) ;
#6837 = VECTOR ( 'NONE', #1529, 1000.000000000000000 ) ;
#6838 = DIRECTION ( 'NONE',  ( -0.000000000000000000, -1.000000000000000000, -0.000000000000000000 ) ) ;
#6839 = DIRECTION ( 'NONE',  ( 1.000000000000000000, 0.000000000000000000, -1.577021341797098201E-15 ) ) ;
#6840 = SURFACE_SIDE_STYLE ('',( #5488 ) ) ;
#6841 = ORIENTED_EDGE ( 'NONE', *, *, #4851, .T. ) ;
#6842 = DIRECTION ( 'NONE',  ( 0.000000000000000000, 0.000000000000000000, 1.000000000000000000 ) ) ;
#6843 = DIRECTION ( 'NONE',  ( 0.000000000000000000, 1.000000000000000000, 0.000000000000000000 ) ) ;
#6844 = LINE ( 'NONE', #5104, #7087 ) ;
#6845 = CARTESIAN_POINT ( 'NONE',  ( -1.500000000000000000, 0.09999999999999999167, 0.8749999999999998890 ) ) ;
#6846 = EDGE_CURVE ( 'NONE', #853, #62, #5233, .T. ) ;
#6847 = ORIENTED_EDGE ( 'NONE', *, *, #2953, .T. ) ;
#6848 = FACE_OUTER_BOUND ( 'NONE', #3425, .T. ) ;
#6849 = CARTESIAN_POINT ( 'NONE',  ( 1.124999999999999556, 0.1000000000000000472, -1.499999999999999778 ) ) ;
#6850 = ADVANCED_FACE ( 'NONE', ( #2634 ), #2255, .F. ) ;
#6851 = DIRECTION ( 'NONE',  ( -1.000000000000000000, -0.000000000000000000, -0.000000000000000000 ) ) ;
#6852 = ORIENTED_EDGE ( 'NONE', *, *, #2638, .F. ) ;
#6853 = ORIENTED_EDGE ( 'NONE', *, *, #4473, .T. ) ;
#6854 = CARTESIAN_POINT ( 'NONE',  ( 1.224999999999999423, 0.000000000000000000, -0.3749999999999992228 ) ) ;
#6855 = DIRECTION ( 'NONE',  ( 0.000000000000000000, 1.000000000000000000, 0.000000000000000000 ) ) ;
#6856 = DIRECTION ( 'NONE',  ( 0.000000000000000000, -1.000000000000000000, 0.000000000000000000 ) ) ;
#6857 = LINE ( 'NONE', #3321, #7098 ) ;
#6858 = ORIENTED_EDGE ( 'NONE', *, *, #4581, .F. ) ;
#6859 = CARTESIAN_POINT ( 'NONE',  ( -1.500000000000000222, 0.05000000000000000278, 1.500000000000000000 ) ) ;
#6860 = VECTOR ( 'NONE', #6795, 1000.000000000000000 ) ;
#6861 = ORIENTED_EDGE ( 'NONE', *, *, #5186, .F. ) ;
#6862 = CIRCLE ( 'NONE', #5089, 0.1249999999999995698 ) ;
#6863 = CARTESIAN_POINT ( 'NONE',  ( 1.224999999999999423, 0.5716990566028299359, -0.8749999999999992228 ) ) ;
#6864 = DIRECTION ( 'NONE',  ( 0.000000000000000000, 1.000000000000000000, 0.000000000000000000 ) ) ;
#6865 = PLANE ( 'NONE',  #4823 ) ;
#6866 = PLANE ( 'NONE',  #3752 ) ;
#6867 = ORIENTED_EDGE ( 'NONE', *, *, #1098, .T. ) ;
#6868 = ADVANCED_FACE ( 'NONE', ( #5150 ), #7738, .F. ) ;
#6869 = ORIENTED_EDGE ( 'NONE', *, *, #3976, .T. ) ;
#6870 = MANIFOLD_SOLID_BREP ( 'LPattern3[6]', #830 ) ;
#6871 = LINE ( 'NONE', #6127, #1774 ) ;
#6872 = AXIS2_PLACEMENT_3D ( 'NONE', #2494, #1334, #3634 ) ;
#6873 = ORIENTED_EDGE ( 'NONE', *, *, #6926, .T. ) ;
#6874 = EDGE_CURVE ( 'NONE', #1216, #1112, #2624, .T. ) ;
#6875 = PRESENTATION_STYLE_ASSIGNMENT (( #2798 ) ) ;
#6876 = ORIENTED_EDGE ( 'NONE', *, *, #3024, .F. ) ;
#6877 = CIRCLE ( 'NONE', #4337, 0.1249999999999995698 ) ;
#6878 = DIRECTION ( 'NONE',  ( 0.000000000000000000, -1.000000000000000000, 0.000000000000000000 ) ) ;
#6879 = ORIENTED_EDGE ( 'NONE', *, *, #5185, .T. ) ;
#6880 = EDGE_CURVE ( 'NONE', #3735, #3928, #2573, .T. ) ;
#6881 = VERTEX_POINT ( 'NONE', #4249 ) ;
#6882 = DIRECTION ( 'NONE',  ( 0.000000000000000000, -1.000000000000000000, 0.000000000000000000 ) ) ;
#6883 = DIRECTION ( 'NONE',  ( -1.577021341797098201E-15, -0.000000000000000000, 1.000000000000000000 ) ) ;
#6884 = CARTESIAN_POINT ( 'NONE',  ( 0.000000000000000000, 0.05000000000000000278, -1.299999999999999822 ) ) ;
#6885 = DIRECTION ( 'NONE',  ( 1.577021341797098201E-15, -0.000000000000000000, 1.000000000000000000 ) ) ;
#6886 = VERTEX_POINT ( 'NONE', #1292 ) ;
#6887 = AXIS2_PLACEMENT_3D ( 'NONE', #5241, #7673, #7714 ) ;
#6888 = LINE ( 'NONE', #5145, #1866 ) ;
#6889 = ORIENTED_EDGE ( 'NONE', *, *, #7643, .T. ) ;
#6890 = LINE ( 'NONE', #4417, #1493 ) ;
#6891 = EDGE_CURVE ( 'NONE', #1635, #405, #2582, .T. ) ;
#6892 = ORIENTED_EDGE ( 'NONE', *, *, #2586, .T. ) ;
#6893 = CARTESIAN_POINT ( 'NONE',  ( -0.6250000000000001110, 0.05000000000000000278, -1.225000000000000311 ) ) ;
#6894 = DIRECTION ( 'NONE',  ( 0.000000000000000000, 1.000000000000000000, 0.000000000000000000 ) ) ;
#6895 = ORIENTED_EDGE ( 'NONE', *, *, #3320, .F. ) ;
#6896 = ORIENTED_EDGE ( 'NONE', *, *, #5117, .T. ) ;
#6897 = EDGE_CURVE ( 'NONE', #5872, #5345, #5214, .T. ) ;
#6898 = AXIS2_PLACEMENT_3D ( 'NONE', #143, #3136, #3809 ) ;
#6899 = AXIS2_PLACEMENT_3D ( 'NONE', #2531, #4950, #5470 ) ;
#6900 = CARTESIAN_POINT ( 'NONE',  ( -0.5499999999999987121, -0.000000000000000000, -0.5500000000000007105 ) ) ;
#6901 = CARTESIAN_POINT ( 'NONE',  ( 1.224999999999999423, 0.05000000000000002359, -0.7499999999999996669 ) ) ;
#6902 = VERTEX_POINT ( 'NONE', #5988 ) ;
#6903 = CARTESIAN_POINT ( 'NONE',  ( -1.500000000000000000, 0.04999999999999969746, -0.3749999999999991673 ) ) ;
#6904 = VECTOR ( 'NONE', #3897, 1000.000000000000000 ) ;
#6905 = ORIENTED_EDGE ( 'NONE', *, *, #802, .F. ) ;
#6906 = LINE ( 'NONE', #3589, #7178 ) ;
#6907 = CARTESIAN_POINT ( 'NONE',  ( 1.224999999999999423, 0.09999999999999999167, -0.8749999999999992228 ) ) ;
#6908 = ORIENTED_EDGE ( 'NONE', *, *, #1636, .T. ) ;
#6909 = DIRECTION ( 'NONE',  ( -0.000000000000000000, -1.000000000000000000, -0.000000000000000000 ) ) ;
#6910 = ORIENTED_EDGE ( 'NONE', *, *, #6998, .T. ) ;
#6911 = EDGE_LOOP ( 'NONE', ( #5493, #6423, #293, #3667 ) ) ;
#6912 = AXIS2_PLACEMENT_3D ( 'NONE', #1396, #5054, #2049 ) ;
#6913 = CARTESIAN_POINT ( 'NONE',  ( -0.3749999999999995559, 0.1000000000000000056, 1.225000000000000311 ) ) ;
#6914 = CARTESIAN_POINT ( 'NONE',  ( -1.299999999999999156, 0.1000000000000000472, -1.500000000000000222 ) ) ;
#6915 = EDGE_CURVE ( 'NONE', #5630, #6545, #2712, .T. ) ;
#6916 = ORIENTED_EDGE ( 'NONE', *, *, #3691, .F. ) ;
#6917 = AXIS2_PLACEMENT_3D ( 'NONE', #6964, #2234, #3282 ) ;
#6918 = DIRECTION ( 'NONE',  ( 0.000000000000000000, 1.000000000000000000, 0.000000000000000000 ) ) ;
#6919 = ORIENTED_EDGE ( 'NONE', *, *, #4467, .F. ) ;
#6920 = COLOUR_RGB ( '',0.7921568627450980005, 0.8196078431372548767, 0.9333333333333333481 ) ;
#6921 = VERTEX_POINT ( 'NONE', #3533 ) ;
#6922 = ADVANCED_FACE ( 'NONE', ( #7842 ), #5556, .F. ) ;
#6923 = DIRECTION ( 'NONE',  ( 0.000000000000000000, -1.000000000000000000, 0.000000000000000000 ) ) ;
#6924 = DIRECTION ( 'NONE',  ( 0.000000000000000000, 1.000000000000000000, 0.000000000000000000 ) ) ;
#6925 = EDGE_CURVE ( 'NONE', #6253, #2718, #2610, .T. ) ;
#6926 = EDGE_CURVE ( 'NONE', #4334, #856, #25, .T. ) ;
#6927 = CARTESIAN_POINT ( 'NONE',  ( -0.1249999999999994588, 0.09999999999999999167, -1.499999999999999778 ) ) ;
#6928 = ORIENTED_EDGE ( 'NONE', *, *, #5246, .T. ) ;
#6929 = ORIENTED_EDGE ( 'NONE', *, *, #3029, .F. ) ;
#6930 = VERTEX_POINT ( 'NONE', #7785 ) ;
#6931 = DIRECTION ( 'NONE',  ( -0.000000000000000000, -1.000000000000000000, -0.000000000000000000 ) ) ;
#6932 = ORIENTED_EDGE ( 'NONE', *, *, #2697, .F. ) ;
#6933 = VECTOR ( 'NONE', #4628, 1000.000000000000000 ) ;
#6934 = ORIENTED_EDGE ( 'NONE', *, *, #5615, .F. ) ;
#6935 = LINE ( 'NONE', #2360, #4510 ) ;
#6936 = ORIENTED_EDGE ( 'NONE', *, *, #4205, .F. ) ;
#6937 = CARTESIAN_POINT ( 'NONE',  ( -1.224999999999999423, 0.5716990566028299359, -0.8749999999999992228 ) ) ;
#6938 = VERTEX_POINT ( 'NONE', #3717 ) ;
#6939 = ADVANCED_FACE ( 'NONE', ( #5255 ), #7382, .F. ) ;
#6940 = EDGE_CURVE ( 'NONE', #1208, #1796, #2662, .T. ) ;
#6941 = DIRECTION ( 'NONE',  ( 0.000000000000000000, -1.000000000000000000, 0.000000000000000000 ) ) ;
#6942 = VERTEX_POINT ( 'NONE', #2004 ) ;
#6943 = CARTESIAN_POINT ( 'NONE',  ( -1.224999999999999423, 0.05000000000000002359, 0.2500000000000003331 ) ) ;
#6944 = ORIENTED_EDGE ( 'NONE', *, *, #5980, .F. ) ;
#6945 = ORIENTED_EDGE ( 'NONE', *, *, #7721, .F. ) ;
#6946 = ORIENTED_EDGE ( 'NONE', *, *, #3399, .F. ) ;
#6947 =( NAMED_UNIT ( * ) PLANE_ANGLE_UNIT ( ) SI_UNIT ( $, .RADIAN. ) );
#6948 = ORIENTED_EDGE ( 'NONE', *, *, #124, .F. ) ;
#6949 = VERTEX_POINT ( 'NONE', #2387 ) ;
#6950 = EDGE_CURVE ( 'NONE', #6957, #3459, #2727, .T. ) ;
#6951 = CARTESIAN_POINT ( 'NONE',  ( -0.6249999999999996669, 0.1000000000000000056, 1.225000000000000311 ) ) ;
#6952 = CARTESIAN_POINT ( 'NONE',  ( -1.224999999999999423, 0.5716990566028299359, -0.1250000000000001110 ) ) ;
#6953 = ORIENTED_EDGE ( 'NONE', *, *, #5168, .F. ) ;
#6954 = DIRECTION ( 'NONE',  ( -1.000000000000000000, 0.000000000000000000, 2.365532012695651739E-15 ) ) ;
#6955 = VECTOR ( 'NONE', #4060, 1000.000000000000000 ) ;
#6956 = CARTESIAN_POINT ( 'NONE',  ( -1.299999999999999156, 0.000000000000000000, 1.500000000000000222 ) ) ;
#6957 = VERTEX_POINT ( 'NONE', #4305 ) ;
#6958 = FACE_OUTER_BOUND ( 'NONE', #4470, .T. ) ;
#6959 = ORIENTED_EDGE ( 'NONE', *, *, #1884, .F. ) ;
#6960 = PLANE ( 'NONE',  #2746 ) ;
#6961 = ORIENTED_EDGE ( 'NONE', *, *, #1286, .F. ) ;
#6962 = ORIENTED_EDGE ( 'NONE', *, *, #5392, .T. ) ;
#6963 = DIRECTION ( 'NONE',  ( 0.000000000000000000, 0.000000000000000000, 1.000000000000000000 ) ) ;
#6964 = CARTESIAN_POINT ( 'NONE',  ( 0.3749999999999998890, 0.5716990566028304910, -1.225000000000000311 ) ) ;
#6965 = PLANE ( 'NONE',  #494 ) ;
#6966 = CARTESIAN_POINT ( 'NONE',  ( 1.224999999999999423, 0.09999999999999999167, 0.7500000000000003331 ) ) ;
#6967 = ORIENTED_EDGE ( 'NONE', *, *, #3215, .F. ) ;
#6968 = VERTEX_POINT ( 'NONE', #3114 ) ;
#6969 = VECTOR ( 'NONE', #391, 1000.000000000000000 ) ;
#6970 = VERTEX_POINT ( 'NONE', #577 ) ;
#6971 = CARTESIAN_POINT ( 'NONE',  ( -1.299999999999999156, 0.09999999999999999167, -1.300000000000000266 ) ) ;
#6972 = DIRECTION ( 'NONE',  ( 0.000000000000000000, 1.000000000000000000, 0.000000000000000000 ) ) ;
#6973 = AXIS2_PLACEMENT_3D ( 'NONE', #6763, #2589, #1982 ) ;
#6974 = ORIENTED_EDGE ( 'NONE', *, *, #1384, .F. ) ;
#6975 = EDGE_LOOP ( 'NONE', ( #3808, #840, #7368, #3401 ) ) ;
#6976 = EDGE_CURVE ( 'NONE', #3754, #3577, #5544, .T. ) ;
#6977 = ORIENTED_EDGE ( 'NONE', *, *, #3236, .T. ) ;
#6978 = ORIENTED_EDGE ( 'NONE', *, *, #4079, .F. ) ;
#6979 = EDGE_CURVE ( 'NONE', #4502, #405, #2971, .T. ) ;
#6980 = LINE ( 'NONE', #2837, #1664 ) ;
#6981 = VERTEX_POINT ( 'NONE', #6616 ) ;
#6982 = EDGE_LOOP ( 'NONE', ( #498, #3493, #659, #3206 ) ) ;
#6983 = ADVANCED_FACE ( 'NONE', ( #185 ), #5340, .T. ) ;
#6984 = DIRECTION ( 'NONE',  ( -1.000000000000000000, 0.000000000000000000, -3.942553354492735642E-16 ) ) ;
#6985 = EDGE_LOOP ( 'NONE', ( #505, #5799, #3322, #6019 ) ) ;
#6986 = CARTESIAN_POINT ( 'NONE',  ( 0.7000000000000000666, 2.079898987322333248, -0.7000000000000000666 ) ) ;
#6987 = EDGE_LOOP ( 'NONE', ( #4306, #7154, #7005, #1736 ) ) ;
#6988 = CARTESIAN_POINT ( 'NONE',  ( 1.124999999999999556, 0.09999999999999999167, -1.499999999999999778 ) ) ;
#6989 = CARTESIAN_POINT ( 'NONE',  ( 0.6250000000000004441, 0.1000000000000000056, 1.225000000000000311 ) ) ;
#6990 = FILL_AREA_STYLE ('',( #5886 ) ) ;
#6991 = DIRECTION ( 'NONE',  ( -0.000000000000000000, -1.000000000000000000, -0.000000000000000000 ) ) ;
#6992 = EDGE_LOOP ( 'NONE', ( #2169, #4625, #722, #697 ) ) ;
#6993 = LINE ( 'NONE', #6632, #4548 ) ;
#6994 = VECTOR ( 'NONE', #442, 1000.000000000000000 ) ;
#6995 = ORIENTED_EDGE ( 'NONE', *, *, #2581, .T. ) ;
#6996 = CARTESIAN_POINT ( 'NONE',  ( -1.224999999999999645, 0.000000000000000000, 1.125000000000000222 ) ) ;
#6997 = LINE ( 'NONE', #6753, #7017 ) ;
#6998 = EDGE_CURVE ( 'NONE', #7797, #2495, #2842, .T. ) ;
#6999 = ORIENTED_EDGE ( 'NONE', *, *, #2385, .T. ) ;
#7000 = AXIS2_PLACEMENT_3D ( 'NONE', #823, #3824, #3253 ) ;
#7001 = SURFACE_SIDE_STYLE ('',( #1626 ) ) ;
#7002 = AXIS2_PLACEMENT_3D ( 'NONE', #4903, #2405, #598 ) ;
#7003 = DIRECTION ( 'NONE',  ( -0.000000000000000000, 0.000000000000000000, 1.000000000000000000 ) ) ;
#7004 = EDGE_LOOP ( 'NONE', ( #4485, #1926, #1596, #1669, #4025 ) ) ;
#7005 = ORIENTED_EDGE ( 'NONE', *, *, #2892, .T. ) ;
#7006 = ADVANCED_FACE ( 'NONE', ( #200 ), #299, .F. ) ;
#7007 = EDGE_LOOP ( 'NONE', ( #1608, #4048, #1311, #1944 ) ) ;
#7008 = EDGE_CURVE ( 'NONE', #3560, #6479, #291, .T. ) ;
#7009 = CARTESIAN_POINT ( 'NONE',  ( 1.224999999999999423, 0.5716990566028299359, -0.2499999999999996669 ) ) ;
#7010 = DIRECTION ( 'NONE',  ( 0.000000000000000000, -1.000000000000000000, 0.000000000000000000 ) ) ;
#7011 = ORIENTED_EDGE ( 'NONE', *, *, #6647, .T. ) ;
#7012 = CARTESIAN_POINT ( 'NONE',  ( -0.1249999999999991396, 0.1000000000000000056, 1.499999999999999778 ) ) ;
#7013 = LINE ( 'NONE', #699, #6797 ) ;
#7014 = VECTOR ( 'NONE', #838, 1000.000000000000000 ) ;
#7015 = DIRECTION ( 'NONE',  ( -0.000000000000000000, -1.000000000000000000, -0.000000000000000000 ) ) ;
#7016 = ORIENTED_EDGE ( 'NONE', *, *, #2317, .T. ) ;
#7017 = VECTOR ( 'NONE', #5129, 1000.000000000000000 ) ;
#7018 = ORIENTED_EDGE ( 'NONE', *, *, #3880, .F. ) ;
#7019 = PRESENTATION_LAYER_ASSIGNMENT (  '', '', ( #3871 ) ) ;
#7020 = VERTEX_POINT ( 'NONE', #6229 ) ;
#7021 = ORIENTED_EDGE ( 'NONE', *, *, #2560, .F. ) ;
#7022 = CARTESIAN_POINT ( 'NONE',  ( -1.299999999999999156, 0.09999999999999999167, -1.300000000000000266 ) ) ;
#7023 = DIRECTION ( 'NONE',  ( 0.000000000000000000, -1.000000000000000000, 0.000000000000000000 ) ) ;
#7024 = PLANE ( 'NONE',  #6500 ) ;
#7025 = PRODUCT_CONTEXT ( 'NONE', #6120, 'mechanical' ) ;
#7026 = EDGE_LOOP ( 'NONE', ( #284, #6967, #5472, #7011 ) ) ;
#7027 = DIRECTION ( 'NONE',  ( 0.000000000000000000, 0.000000000000000000, 1.000000000000000000 ) ) ;
#7028 = EDGE_CURVE ( 'NONE', #2263, #2217, #2879, .T. ) ;
#7029 = EDGE_CURVE ( 'NONE', #3914, #2176, #2796, .T. ) ;
#7030 = VECTOR ( 'NONE', #4033, 1000.000000000000000 ) ;
#7031 = VECTOR ( 'NONE', #886, 1000.000000000000000 ) ;
#7032 = ORIENTED_EDGE ( 'NONE', *, *, #1859, .T. ) ;
#7033 = VECTOR ( 'NONE', #5329, 1000.000000000000000 ) ;
#7034 = ORIENTED_EDGE ( 'NONE', *, *, #2597, .T. ) ;
#7035 = DIRECTION ( 'NONE',  ( 1.000000000000000000, -0.000000000000000000, 0.000000000000000000 ) ) ;
#7036 = DIRECTION ( 'NONE',  ( 0.000000000000000000, 0.000000000000000000, 1.000000000000000000 ) ) ;
#7037 = CARTESIAN_POINT ( 'NONE',  ( -0.2499999999999997780, 0.1000000000000000056, -1.224999999999999867 ) ) ;
#7038 = ORIENTED_EDGE ( 'NONE', *, *, #2927, .T. ) ;
#7039 = VERTEX_POINT ( 'NONE', #1506 ) ;
#7040 = VERTEX_POINT ( 'NONE', #7540 ) ;
#7041 = VECTOR ( 'NONE', #3187, 1000.000000000000000 ) ;
#7042 = CYLINDRICAL_SURFACE ( 'NONE', #885, 0.1000000000000006994 ) ;
#7043 = EDGE_CURVE ( 'NONE', #617, #3622, #2854, .T. ) ;
#7044 = VERTEX_POINT ( 'NONE', #7622 ) ;
#7045 = LINE ( 'NONE', #5529, #1760 ) ;
#7046 = EDGE_LOOP ( 'NONE', ( #6571, #3941 ) ) ;
#7047 = PLANE ( 'NONE',  #5497 ) ;
#7048 = VERTEX_POINT ( 'NONE', #3847 ) ;
#7049 = VERTEX_POINT ( 'NONE', #362 ) ;
#7050 = DIRECTION ( 'NONE',  ( -1.000000000000000000, 0.000000000000000000, -0.000000000000000000 ) ) ;
#7051 = DIRECTION ( 'NONE',  ( 0.000000000000000000, -1.000000000000000000, 0.000000000000000000 ) ) ;
#7052 = UNCERTAINTY_MEASURE_WITH_UNIT (LENGTH_MEASURE( 1.000000000000000082E-05 ), #1813, 'distance_accuracy_value', 'NONE');
#7053 = CARTESIAN_POINT ( 'NONE',  ( 1.124999999999999556, 0.09999999999999999167, 1.499999999999999778 ) ) ;
#7054 = AXIS2_PLACEMENT_3D ( 'NONE', #800, #6909, #1465 ) ;
#7055 = ORIENTED_EDGE ( 'NONE', *, *, #7619, .F. ) ;
#7056 = LINE ( 'NONE', #3074, #4181 ) ;
#7057 = LINE ( 'NONE', #3373, #1777 ) ;
#7058 = FILL_AREA_STYLE_COLOUR ( '', #4998 ) ;
#7059 = ORIENTED_EDGE ( 'NONE', *, *, #440, .T. ) ;
#7060 = DIRECTION ( 'NONE',  ( -1.000000000000000000, 0.000000000000000000, 0.000000000000000000 ) ) ;
#7061 = LINE ( 'NONE', #7621, #1692 ) ;
#7062 = ORIENTED_EDGE ( 'NONE', *, *, #5957, .T. ) ;
#7063 = EDGE_CURVE ( 'NONE', #4251, #1167, #5531, .T. ) ;
#7064 = ORIENTED_EDGE ( 'NONE', *, *, #3294, .F. ) ;
#7065 = DIRECTION ( 'NONE',  ( -1.000000000000000000, 0.000000000000000000, 3.942553354492736135E-16 ) ) ;
#7066 = ORIENTED_EDGE ( 'NONE', *, *, #5582, .F. ) ;
#7067 = EDGE_LOOP ( 'NONE', ( #6386, #6360, #7072, #647 ) ) ;
#7068 = DIRECTION ( 'NONE',  ( 0.000000000000000000, 1.000000000000000000, 0.000000000000000000 ) ) ;
#7069 = ORIENTED_EDGE ( 'NONE', *, *, #2629, .F. ) ;
#7070 = CYLINDRICAL_SURFACE ( 'NONE', #5858, 0.1249999999999998890 ) ;
#7071 = FACE_OUTER_BOUND ( 'NONE', #2413, .T. ) ;
#7072 = ORIENTED_EDGE ( 'NONE', *, *, #4423, .T. ) ;
#7073 = VECTOR ( 'NONE', #347, 1000.000000000000000 ) ;
#7074 = CARTESIAN_POINT ( 'NONE',  ( 1.224999999999999423, 0.09999999999999999167, 0.6250000000000007772 ) ) ;
#7075 = EDGE_LOOP ( 'NONE', ( #2898, #3874, #2875, #329 ) ) ;
#7076 = CARTESIAN_POINT ( 'NONE',  ( -0.1250000000000001110, 0.000000000000000000, -1.225000000000000311 ) ) ;
#7077 = ORIENTED_EDGE ( 'NONE', *, *, #5897, .F. ) ;
#7078 = ADVANCED_FACE ( 'NONE', ( #2780 ), #5580, .F. ) ;
#7079 = ORIENTED_EDGE ( 'NONE', *, *, #6308, .T. ) ;
#7080 = PLANE ( 'NONE',  #6887 ) ;
#7081 = CARTESIAN_POINT ( 'NONE',  ( -1.224999999999999423, 0.09999999999999999167, -0.1250000000000001110 ) ) ;
#7082 = DIRECTION ( 'NONE',  ( -1.000000000000000000, 0.000000000000000000, 0.000000000000000000 ) ) ;
#7083 = DIRECTION ( 'NONE',  ( 0.000000000000000000, -1.000000000000000000, 0.000000000000000000 ) ) ;
#7084 = VERTEX_POINT ( 'NONE', #3961 ) ;
#7085 = CARTESIAN_POINT ( 'NONE',  ( 0.8750000000000008882, 0.09999999999999999167, 1.499999999999999778 ) ) ;
#7086 = AXIS2_PLACEMENT_3D ( 'NONE', #6398, #2695, #5645 ) ;
#7087 = VECTOR ( 'NONE', #6281, 1000.000000000000000 ) ;
#7088 = ORIENTED_EDGE ( 'NONE', *, *, #1098, .F. ) ;
#7089 = FACE_OUTER_BOUND ( 'NONE', #4654, .T. ) ;
#7090 = EDGE_CURVE ( 'NONE', #1083, #3696, #232, .T. ) ;
#7091 = EDGE_LOOP ( 'NONE', ( #3277, #746, #5403, #5734 ) ) ;
#7092 = DIRECTION ( 'NONE',  ( 0.000000000000000000, 1.000000000000000000, 0.000000000000000000 ) ) ;
#7093 = DIRECTION ( 'NONE',  ( 2.365532012695651739E-15, -0.000000000000000000, 1.000000000000000000 ) ) ;
#7094 = ORIENTED_EDGE ( 'NONE', *, *, #7764, .F. ) ;
#7095 = ORIENTED_EDGE ( 'NONE', *, *, #5185, .F. ) ;
#7096 = EDGE_CURVE ( 'NONE', #6502, #3176, #335, .T. ) ;
#7097 = ORIENTED_EDGE ( 'NONE', *, *, #49, .T. ) ;
#7098 = VECTOR ( 'NONE', #6287, 1000.000000000000000 ) ;
#7099 = LINE ( 'NONE', #4316, #1851 ) ;
#7100 = PLANE ( 'NONE',  #2793 ) ;
#7101 = EDGE_LOOP ( 'NONE', ( #2115, #5481, #2951, #5449 ) ) ;
#7102 = LINE ( 'NONE', #6559, #4566 ) ;
#7103 = ORIENTED_EDGE ( 'NONE', *, *, #1578, .F. ) ;
#7104 = CARTESIAN_POINT ( 'NONE',  ( 0.8750000000000003331, 0.5716990566028304910, 1.225000000000000311 ) ) ;
#7105 = ORIENTED_EDGE ( 'NONE', *, *, #6499, .T. ) ;
#7106 = DIRECTION ( 'NONE',  ( 0.000000000000000000, 1.000000000000000000, 0.000000000000000000 ) ) ;
#7107 = VERTEX_POINT ( 'NONE', #222 ) ;
#7108 = CARTESIAN_POINT ( 'NONE',  ( 1.225000000000000089, 0.6303300858899107961, -1.124999999999999778 ) ) ;
#7109 = AXIS2_PLACEMENT_3D ( 'NONE', #4124, #4713, #4764 ) ;
#7110 = CARTESIAN_POINT ( 'NONE',  ( 0.1250000000000003331, 0.1000000000000000056, -1.225000000000000311 ) ) ;
#7111 = EDGE_CURVE ( 'NONE', #1355, #4515, #359, .T. ) ;
#7112 = DIRECTION ( 'NONE',  ( -1.000000000000000000, -0.000000000000000000, -0.000000000000000000 ) ) ;
#7113 = CARTESIAN_POINT ( 'NONE',  ( -1.124999999999999112, 0.6303300858899107961, 1.225000000000000755 ) ) ;
#7114 = EDGE_LOOP ( 'NONE', ( #6953, #4339, #1198, #4233 ) ) ;
#7115 = AXIS2_PLACEMENT_3D ( 'NONE', #417, #1077, #4229 ) ;
#7116 = COLOUR_RGB ( '',0.7921568627450980005, 0.8196078431372548767, 0.9333333333333333481 ) ;
#7117 = VECTOR ( 'NONE', #2267, 1000.000000000000000 ) ;
#7118 = VERTEX_POINT ( 'NONE', #793 ) ;
#7119 = LINE ( 'NONE', #5499, #1868 ) ;
#7120 = ORIENTED_EDGE ( 'NONE', *, *, #2960, .T. ) ;
#7121 = ORIENTED_EDGE ( 'NONE', *, *, #2429, .F. ) ;
#7122 = CARTESIAN_POINT ( 'NONE',  ( 1.225000000000000089, 0.09999999999999999167, -1.225000000000000311 ) ) ;
#7123 = DIRECTION ( 'NONE',  ( 1.577021341797098201E-15, -0.000000000000000000, 1.000000000000000000 ) ) ;
#7124 = EDGE_LOOP ( 'NONE', ( #4098, #3602, #1169, #4849 ) ) ;
#7125 = VERTEX_POINT ( 'NONE', #5153 ) ;
#7126 = PLANE ( 'NONE',  #402 ) ;
#7127 = EDGE_LOOP ( 'NONE', ( #4150, #7140, #1969, #4088 ) ) ;
#7128 = PLANE ( 'NONE',  #6040 ) ;
#7129 = CYLINDRICAL_SURFACE ( 'NONE', #2594, 0.1249999999999995698 ) ;
#7130 = EDGE_CURVE ( 'NONE', #1592, #7472, #2865, .T. ) ;
#7131 = LINE ( 'NONE', #4938, #7243 ) ;
#7132 = VERTEX_POINT ( 'NONE', #6349 ) ;
#7133 = LINE ( 'NONE', #1022, #1883 ) ;
#7134 = DIRECTION ( 'NONE',  ( 1.000000000000000000, 0.000000000000000000, 0.000000000000000000 ) ) ;
#7135 = VERTEX_POINT ( 'NONE', #959 ) ;
#7136 = PLANE ( 'NONE',  #758 ) ;
#7137 = ORIENTED_EDGE ( 'NONE', *, *, #6143, .T. ) ;
#7138 = EDGE_CURVE ( 'NONE', #1559, #7158, #218, .T. ) ;
#7139 = EDGE_CURVE ( 'NONE', #4867, #2889, #5387, .T. ) ;
#7140 = ORIENTED_EDGE ( 'NONE', *, *, #1113, .T. ) ;
#7141 = CARTESIAN_POINT ( 'NONE',  ( 1.500000000000000000, 0.5716990566028299359, 0.6250000000000008882 ) ) ;
#7142 = DIRECTION ( 'NONE',  ( -0.000000000000000000, -1.000000000000000000, 0.000000000000000000 ) ) ;
#7143 = DIRECTION ( 'NONE',  ( 0.000000000000000000, 1.000000000000000000, -0.000000000000000000 ) ) ;
#7144 = ORIENTED_EDGE ( 'NONE', *, *, #7028, .T. ) ;
#7145 = DIRECTION ( 'NONE',  ( -0.000000000000000000, -1.000000000000000000, -0.000000000000000000 ) ) ;
#7146 = LINE ( 'NONE', #241, #4396 ) ;
#7147 = LINE ( 'NONE', #2882, #7373 ) ;
#7148 = ORIENTED_EDGE ( 'NONE', *, *, #5523, .F. ) ;
#7149 = VECTOR ( 'NONE', #4227, 1000.000000000000000 ) ;
#7150 = VERTEX_POINT ( 'NONE', #5111 ) ;
#7151 = DIRECTION ( 'NONE',  ( 1.000000000000000000, 0.000000000000000000, 0.000000000000000000 ) ) ;
#7152 = DIRECTION ( 'NONE',  ( 0.000000000000000000, 0.000000000000000000, 1.000000000000000000 ) ) ;
#7153 = DIRECTION ( 'NONE',  ( 0.000000000000000000, -1.000000000000000000, 0.000000000000000000 ) ) ;
#7154 = ORIENTED_EDGE ( 'NONE', *, *, #2348, .T. ) ;
#7155 = ADVANCED_FACE ( 'NONE', ( #312 ), #5746, .F. ) ;
#7156 = ORIENTED_EDGE ( 'NONE', *, *, #7312, .T. ) ;
#7157 = EDGE_CURVE ( 'NONE', #6285, #975, #5327, .T. ) ;
#7158 = VERTEX_POINT ( 'NONE', #3904 ) ;
#7159 = FACE_OUTER_BOUND ( 'NONE', #932, .T. ) ;
#7160 = VECTOR ( 'NONE', #1240, 1000.000000000000000 ) ;
#7161 = DIRECTION ( 'NONE',  ( 2.365532012695651739E-15, 0.000000000000000000, -1.000000000000000000 ) ) ;
#7162 = ORIENTED_EDGE ( 'NONE', *, *, #785, .T. ) ;
#7163 = LINE ( 'NONE', #3410, #1707 ) ;
#7164 = ORIENTED_EDGE ( 'NONE', *, *, #3526, .F. ) ;
#7165 = CARTESIAN_POINT ( 'NONE',  ( 1.299999999999999600, 0.05000000000000001665, -1.299999999999999822 ) ) ;
#7166 = ORIENTED_EDGE ( 'NONE', *, *, #6307, .T. ) ;
#7167 = DIRECTION ( 'NONE',  ( -0.000000000000000000, -1.000000000000000000, -0.000000000000000000 ) ) ;
#7168 = EDGE_LOOP ( 'NONE', ( #6867, #1552, #6676, #1941 ) ) ;
#7169 = DIRECTION ( 'NONE',  ( 1.000000000000000000, 0.000000000000000000, -0.000000000000000000 ) ) ;
#7170 = PLANE ( 'NONE',  #3045 ) ;
#7171 = DIRECTION ( 'NONE',  ( 0.000000000000000000, -1.000000000000000000, 0.000000000000000000 ) ) ;
#7172 = EDGE_CURVE ( 'NONE', #2567, #1430, #2826, .T. ) ;
#7173 = ORIENTED_EDGE ( 'NONE', *, *, #7157, .T. ) ;
#7174 = VECTOR ( 'NONE', #7036, 1000.000000000000000 ) ;
#7175 = VECTOR ( 'NONE', #133, 1000.000000000000000 ) ;
#7176 =( NAMED_UNIT ( * ) SI_UNIT ( $, .STERADIAN. ) SOLID_ANGLE_UNIT ( ) );
#7177 = DIRECTION ( 'NONE',  ( 0.000000000000000000, 1.000000000000000000, 0.000000000000000000 ) ) ;
#7179 = MANIFOLD_SOLID_BREP ( 'Boss-Extrude3[1]', #3580 ) ;
#7178 = VECTOR ( 'NONE', #6230, 1000.000000000000000 ) ;
#7180 = VERTEX_POINT ( 'NONE', #3617 ) ;
#7181 = CARTESIAN_POINT ( 'NONE',  ( -0.8749999999999995559, 0.1000000000000000056, 1.225000000000000311 ) ) ;
#7182 = VERTEX_POINT ( 'NONE', #2032 ) ;
#7183 = ORIENTED_EDGE ( 'NONE', *, *, #74, .F. ) ;
#7184 = DIRECTION ( 'NONE',  ( 1.000000000000000000, 0.000000000000000000, 0.000000000000000000 ) ) ;
#7185 = DIRECTION ( 'NONE',  ( 0.000000000000000000, 0.000000000000000000, -1.000000000000000000 ) ) ;
#7186 = ORIENTED_EDGE ( 'NONE', *, *, #1799, .F. ) ;
#7187 = VECTOR ( 'NONE', #4539, 1000.000000000000000 ) ;
#7188 = CARTESIAN_POINT ( 'NONE',  ( 0.8749999999999998890, 0.1000000000000000056, -1.225000000000000311 ) ) ;
#7189 = CYLINDRICAL_SURFACE ( 'NONE', #4071, 0.1249999999999998890 ) ;
#7190 = ORIENTED_EDGE ( 'NONE', *, *, #6577, .T. ) ;
#7191 =( NAMED_UNIT ( * ) SI_UNIT ( $, .STERADIAN. ) SOLID_ANGLE_UNIT ( ) );
#7192 = ORIENTED_EDGE ( 'NONE', *, *, #2117, .T. ) ;
#7193 = AXIS2_PLACEMENT_3D ( 'NONE', #6733, #6674, #1463 ) ;
#7194 =( NAMED_UNIT ( * ) SI_UNIT ( $, .STERADIAN. ) SOLID_ANGLE_UNIT ( ) );
#7195 = CARTESIAN_POINT ( 'NONE',  ( 1.500000000000000000, 0.5716990566028299359, -0.6250000000000001110 ) ) ;
#7196 = EDGE_CURVE ( 'NONE', #6692, #6686, #5455, .T. ) ;
#7197 = ORIENTED_EDGE ( 'NONE', *, *, #1734, .F. ) ;
#7198 = PLANE ( 'NONE',  #436 ) ;
#7199 = LINE ( 'NONE', #197, #4588 ) ;
#7200 = VECTOR ( 'NONE', #859, 1000.000000000000000 ) ;
#7201 = VECTOR ( 'NONE', #601, 1000.000000000000000 ) ;
#7202 = EDGE_CURVE ( 'NONE', #6981, #3627, #117, .T. ) ;
#7203 = ORIENTED_EDGE ( 'NONE', *, *, #4665, .T. ) ;
#7204 = CARTESIAN_POINT ( 'NONE',  ( 1.224999999999999423, 0.000000000000000000, 0.2500000000000003331 ) ) ;
#7205 = STYLED_ITEM ( 'NONE', ( #1840 ), #2896 ) ;
#7206 =( NAMED_UNIT ( * ) SI_UNIT ( $, .STERADIAN. ) SOLID_ANGLE_UNIT ( ) );
#7207 = PLANE ( 'NONE',  #5769 ) ;
#7208 = CLOSED_SHELL ( 'NONE', ( #3055, #3704, #4872, #2996, #3954, #2516, #6850, #3109, #6238 ) ) ;
#7209 = DIRECTION ( 'NONE',  ( 0.000000000000000000, 1.000000000000000000, 0.000000000000000000 ) ) ;
#7210 = ORIENTED_EDGE ( 'NONE', *, *, #7670, .F. ) ;
#7211 = FACE_BOUND ( 'NONE', #5284, .T. ) ;
#7212 = VECTOR ( 'NONE', #5760, 1000.000000000000000 ) ;
#7213 = CARTESIAN_POINT ( 'NONE',  ( -1.224999999999999423, 0.09999999999999999167, -0.6250000000000001110 ) ) ;
#7214 = CYLINDRICAL_SURFACE ( 'NONE', #7054, 0.1250000000000003331 ) ;
#7215 = AXIS2_PLACEMENT_3D ( 'NONE', #5995, #5514, #3475 ) ;
#7216 = CIRCLE ( 'NONE', #1826, 0.1249999999999995698 ) ;
#7217 = EDGE_LOOP ( 'NONE', ( #2130, #1249, #6184, #2016 ) ) ;
#7218 = DIRECTION ( 'NONE',  ( 0.000000000000000000, 0.000000000000000000, 1.000000000000000000 ) ) ;
#7219 = EDGE_CURVE ( 'NONE', #2808, #1719, #5503, .T. ) ;
#7220 = AXIS2_PLACEMENT_3D ( 'NONE', #4955, #5814, #5477 ) ;
#7221 = ADVANCED_FACE ( 'NONE', ( #2738 ), #7126, .F. ) ;
#7222 = PLANE ( 'NONE',  #4562 ) ;
#7223 = ORIENTED_EDGE ( 'NONE', *, *, #3411, .F. ) ;
#7224 = SURFACE_SIDE_STYLE ('',( #7780 ) ) ;
#7225 = DIRECTION ( 'NONE',  ( -3.942553354492735642E-16, 0.000000000000000000, 1.000000000000000000 ) ) ;
#7226 = DIRECTION ( 'NONE',  ( 1.000000000000000000, -0.000000000000000000, -7.228014483236695816E-17 ) ) ;
#7227 = ORIENTED_EDGE ( 'NONE', *, *, #311, .T. ) ;
#7228 = EDGE_CURVE ( 'NONE', #2292, #5057, #5518, .T. ) ;
#7229 = VECTOR ( 'NONE', #1477, 1000.000000000000000 ) ;
#7230 = VECTOR ( 'NONE', #3181, 1000.000000000000000 ) ;
#7231 = CARTESIAN_POINT ( 'NONE',  ( -1.224999999999999423, 0.09999999999999999167, 0.1250000000000007494 ) ) ;
#7232 = FACE_OUTER_BOUND ( 'NONE', #1617, .T. ) ;
#7233 = CYLINDRICAL_SURFACE ( 'NONE', #4692, 0.1249999999999998890 ) ;
#7234 = VERTEX_POINT ( 'NONE', #7465 ) ;
#7235 = DIRECTION ( 'NONE',  ( 0.000000000000000000, 0.000000000000000000, 1.000000000000000000 ) ) ;
#7236 = CARTESIAN_POINT ( 'NONE',  ( -1.299999999999999156, 0.6303300858899107961, 1.500000000000000222 ) ) ;
#7237 = DIRECTION ( 'NONE',  ( -0.000000000000000000, -1.000000000000000000, -0.000000000000000000 ) ) ;
#7238 = VERTEX_POINT ( 'NONE', #4855 ) ;
#7239 = CARTESIAN_POINT ( 'NONE',  ( 1.499999999999999556, 0.05000000000000001665, 1.124999999999999778 ) ) ;
#7240 =( GEOMETRIC_REPRESENTATION_CONTEXT ( 3 ) GLOBAL_UNCERTAINTY_ASSIGNED_CONTEXT ( ( #5335 ) ) GLOBAL_UNIT_ASSIGNED_CONTEXT ( ( #5915, #5299, #7206 ) ) REPRESENTATION_CONTEXT ( 'NONE', 'WORKASPACE' ) );
#7241 = ORIENTED_EDGE ( 'NONE', *, *, #2656, .F. ) ;
#7242 = DIRECTION ( 'NONE',  ( 0.000000000000000000, 0.000000000000000000, 1.000000000000000000 ) ) ;
#7243 = VECTOR ( 'NONE', #586, 1000.000000000000000 ) ;
#7244 = EDGE_CURVE ( 'NONE', #2599, #6957, #2749, .T. ) ;
#7245 = VECTOR ( 'NONE', #4655, 1000.000000000000000 ) ;
#7246 = CARTESIAN_POINT ( 'NONE',  ( 0.8749999999999998890, 0.05000000000000000278, -1.225000000000000311 ) ) ;
#7247 = VECTOR ( 'NONE', #490, 1000.000000000000000 ) ;
#7248 = ORIENTED_EDGE ( 'NONE', *, *, #7228, .T. ) ;
#7249 = DIRECTION ( 'NONE',  ( -0.000000000000000000, -1.000000000000000000, -0.000000000000000000 ) ) ;
#7250 = ORIENTED_EDGE ( 'NONE', *, *, #2330, .F. ) ;
#7251 = DIRECTION ( 'NONE',  ( 1.000000000000000000, -0.000000000000000000, -0.000000000000000000 ) ) ;
#7252 = CARTESIAN_POINT ( 'NONE',  ( -0.6249999999999994449, 0.5716990566028304910, -1.499999999999999778 ) ) ;
#7253 = STYLED_ITEM ( 'NONE', ( #4629 ), #3223 ) ;
#7254 = ORIENTED_EDGE ( 'NONE', *, *, #4935, .T. ) ;
#7255 = CARTESIAN_POINT ( 'NONE',  ( 0.2500000000000004441, 0.09999999999999999167, 1.225000000000000311 ) ) ;
#7256 = LINE ( 'NONE', #4434, #7321 ) ;
#7257 = COLOUR_RGB ( '',0.2509803921568627416, 0.2509803921568627416, 0.2509803921568627416 ) ;
#7258 = LINE ( 'NONE', #4765, #7392 ) ;
#7259 = VERTEX_POINT ( 'NONE', #1376 ) ;
#7260 = EDGE_CURVE ( 'NONE', #511, #7601, #5352, .T. ) ;
#7261 = DIRECTION ( 'NONE',  ( 1.000000000000000000, 0.000000000000000000, -7.228014483236695816E-17 ) ) ;
#7262 = CARTESIAN_POINT ( 'NONE',  ( 1.499999999999999556, 0.6303300858899107961, -1.299999999999999822 ) ) ;
#7263 = EDGE_LOOP ( 'NONE', ( #2910, #6621, #6012, #2999 ) ) ;
#7264 = EDGE_LOOP ( 'NONE', ( #2197, #7559, #1576, #764 ) ) ;
#7265 = VECTOR ( 'NONE', #3137, 1000.000000000000000 ) ;
#7266 = CARTESIAN_POINT ( 'NONE',  ( 1.500000000000000000, 0.09999999999999999167, -0.6250000000000001110 ) ) ;
#7267 = LINE ( 'NONE', #2715, #4657 ) ;
#7268 = VECTOR ( 'NONE', #6300, 1000.000000000000000 ) ;
#7269 = VERTEX_POINT ( 'NONE', #2993 ) ;
#7270 = ADVANCED_FACE ( 'NONE', ( #3088 ), #3140, .F. ) ;
#7271 = ORIENTED_EDGE ( 'NONE', *, *, #459, .F. ) ;
#7272 = DIRECTION ( 'NONE',  ( -0.000000000000000000, -1.000000000000000000, -0.000000000000000000 ) ) ;
#7273 = CARTESIAN_POINT ( 'NONE',  ( -1.125000000000000222, 0.8000000000000000444, -1.250000000000000222 ) ) ;
#7274 = CARTESIAN_POINT ( 'NONE',  ( -0.2499999999999995837, 0.000000000000000000, 1.100000000000000533 ) ) ;
#7275 = ORIENTED_EDGE ( 'NONE', *, *, #6482, .F. ) ;
#7276 = AXIS2_PLACEMENT_3D ( 'NONE', #1563, #6409, #3272 ) ;
#7277 = COLOUR_RGB ( '',0.7921568627450980005, 0.8196078431372548767, 0.9333333333333333481 ) ;
#7278 = CARTESIAN_POINT ( 'NONE',  ( 1.499999999999999556, 5.842640687119284415, 1.499999999999999778 ) ) ;
#7279 = VECTOR ( 'NONE', #350, 1000.000000000000000 ) ;
#7280 = EDGE_CURVE ( 'NONE', #4634, #2599, #5699, .T. ) ;
#7281 = FACE_OUTER_BOUND ( 'NONE', #7787, .T. ) ;
#7282 = ORIENTED_EDGE ( 'NONE', *, *, #878, .T. ) ;
#7283 = CARTESIAN_POINT ( 'NONE',  ( -1.500000000000000000, 0.000000000000000000, -0.1250000000000001110 ) ) ;
#7284 = ADVANCED_FACE ( 'NONE', ( #5634 ), #1784, .F. ) ;
#7285 = ORIENTED_EDGE ( 'NONE', *, *, #1831, .T. ) ;
#7286 = DIRECTION ( 'NONE',  ( 0.000000000000000000, -0.000000000000000000, 1.000000000000000000 ) ) ;
#7287 = CARTESIAN_POINT ( 'NONE',  ( 0.1250000000000008604, 0.1000000000000000056, 1.500000000000000222 ) ) ;
#7288 = EDGE_CURVE ( 'NONE', #1635, #4838, #3068, .T. ) ;
#7289 =( NAMED_UNIT ( * ) PLANE_ANGLE_UNIT ( ) SI_UNIT ( $, .RADIAN. ) );
#7290 = ORIENTED_EDGE ( 'NONE', *, *, #1475, .F. ) ;
#7291 = VECTOR ( 'NONE', #5857, 1000.000000000000000 ) ;
#7292 = CARTESIAN_POINT ( 'NONE',  ( 1.224999999999999423, 0.000000000000000000, 0.8749999999999998890 ) ) ;
#7293 = LINE ( 'NONE', #2568, #1973 ) ;
#7294 = DIRECTION ( 'NONE',  ( 0.000000000000000000, 0.000000000000000000, 1.000000000000000000 ) ) ;
#7295 = LINE ( 'NONE', #2592, #2051 ) ;
#7296 = DIRECTION ( 'NONE',  ( 0.7071067811865515695, -0.000000000000000000, -0.7071067811865435759 ) ) ;
#7297 = AXIS2_PLACEMENT_3D ( 'NONE', #5413, #6734, #3281 ) ;
#7298 = LINE ( 'NONE', #2720, #7268 ) ;
#7299 = CLOSED_SHELL ( 'NONE', ( #3572, #4599, #6056, #7640, #4130, #7585, #6791, #7841, #6939 ) ) ;
#7300 = EDGE_CURVE ( 'NONE', #6285, #1730, #5644, .T. ) ;
#7301 = ORIENTED_EDGE ( 'NONE', *, *, #2892, .F. ) ;
#7302 = DIRECTION ( 'NONE',  ( 1.000000000000000000, -0.000000000000000000, 0.000000000000000000 ) ) ;
#7303 = EDGE_CURVE ( 'NONE', #1125, #1612, #3054, .T. ) ;
#7304 = EDGE_LOOP ( 'NONE', ( #2143, #1163, #6553, #3800 ) ) ;
#7305 =( GEOMETRIC_REPRESENTATION_CONTEXT ( 3 ) GLOBAL_UNCERTAINTY_ASSIGNED_CONTEXT ( ( #6197 ) ) GLOBAL_UNIT_ASSIGNED_CONTEXT ( ( #6385, #2254, #2298 ) ) REPRESENTATION_CONTEXT ( 'NONE', 'WORKASPACE' ) );
#7306 = AXIS2_PLACEMENT_3D ( 'NONE', #1984, #1337, #5643 ) ;
#7307 = FACE_OUTER_BOUND ( 'NONE', #7624, .T. ) ;
#7308 = LINE ( 'NONE', #7113, #4830 ) ;
#7309 = ORIENTED_EDGE ( 'NONE', *, *, #5081, .F. ) ;
#7310 = DIRECTION ( 'NONE',  ( 0.000000000000000000, 1.000000000000000000, 0.000000000000000000 ) ) ;
#7311 = PLANE ( 'NONE',  #5031 ) ;
#7312 = EDGE_CURVE ( 'NONE', #3459, #4634, #3178, .T. ) ;
#7313 = CARTESIAN_POINT ( 'NONE',  ( 0.8750000000000008882, 0.000000000000000000, 1.499999999999999778 ) ) ;
#7314 = ORIENTED_EDGE ( 'NONE', *, *, #1494, .F. ) ;
#7315 = CARTESIAN_POINT ( 'NONE',  ( -0.1249999999999991396, 0.1000000000000000056, 1.499999999999999778 ) ) ;
#7316 = EDGE_LOOP ( 'NONE', ( #6861, #3377, #5828, #2270 ) ) ;
#7317 = EDGE_CURVE ( 'NONE', #3390, #1056, #5819, .T. ) ;
#7318 = ADVANCED_FACE ( 'NONE', ( #413 ), #524, .F. ) ;
#7319 = LINE ( 'NONE', #2483, #2147 ) ;
#7320 = AXIS2_PLACEMENT_3D ( 'NONE', #5549, #4967, #11 ) ;
#7321 = VECTOR ( 'NONE', #7508, 1000.000000000000000 ) ;
#7322 = CARTESIAN_POINT ( 'NONE',  ( -1.224999999999999423, 0.05000000000000002359, -0.1250000000000001110 ) ) ;
#7323 = CYLINDRICAL_SURFACE ( 'NONE', #5126, 0.1249999999999998890 ) ;
#7324 = FACE_OUTER_BOUND ( 'NONE', #7007, .T. ) ;
#7325 = VERTEX_POINT ( 'NONE', #1846 ) ;
#7326 = EDGE_CURVE ( 'NONE', #6109, #6253, #427, .T. ) ;
#7327 = CARTESIAN_POINT ( 'NONE',  ( 1.500000000000000000, 0.000000000000000000, -0.8749999999999991118 ) ) ;
#7328 = VERTEX_POINT ( 'NONE', #7404 ) ;
#7329 = CARTESIAN_POINT ( 'NONE',  ( -1.299999999999999156, 0.09999999999999999167, 1.500000000000000222 ) ) ;
#7330 = PLANE ( 'NONE',  #1109 ) ;
#7331 = CARTESIAN_POINT ( 'NONE',  ( 0.3749999999999998890, 0.1000000000000000056, -1.225000000000000311 ) ) ;
#7332 = ORIENTED_EDGE ( 'NONE', *, *, #2656, .T. ) ;
#7333 = LINE ( 'NONE', #3488, #4815 ) ;
#7334 = VECTOR ( 'NONE', #2132, 1000.000000000000000 ) ;
#7335 = CARTESIAN_POINT ( 'NONE',  ( -1.499999999999999112, 0.000000000000000000, 1.300000000000000266 ) ) ;
#7336 = FACE_OUTER_BOUND ( 'NONE', #7124, .T. ) ;
#7337 = LINE ( 'NONE', #7335, #4722 ) ;
#7338 = VERTEX_POINT ( 'NONE', #95 ) ;
#7339 = ADVANCED_FACE ( 'NONE', ( #5665 ), #3744, .T. ) ;
#7340 = DIRECTION ( 'NONE',  ( 0.000000000000000000, -1.000000000000000000, 0.000000000000000000 ) ) ;
#7341 = CARTESIAN_POINT ( 'NONE',  ( 1.500000000000000000, 0.09999999999999999167, 0.3749999999999998890 ) ) ;
#7342 = CARTESIAN_POINT ( 'NONE',  ( 0.6250000000000005551, 0.09999999999999999167, -1.500000000000000222 ) ) ;
#7343 = ORIENTED_EDGE ( 'NONE', *, *, #7260, .T. ) ;
#7344 = DIRECTION ( 'NONE',  ( 0.000000000000000000, 0.000000000000000000, 1.000000000000000000 ) ) ;
#7345 = DIRECTION ( 'NONE',  ( 0.000000000000000000, 1.000000000000000000, 0.000000000000000000 ) ) ;
#7346 = EDGE_CURVE ( 'NONE', #270, #7040, #5778, .T. ) ;
#7347 = VERTEX_POINT ( 'NONE', #5670 ) ;
#7348 = CIRCLE ( 'NONE', #4992, 0.1249999999999998890 ) ;
#7349 = DIRECTION ( 'NONE',  ( 0.000000000000000000, 0.000000000000000000, -1.000000000000000000 ) ) ;
#7350 = LINE ( 'NONE', #5890, #4708 ) ;
#7351 = DIRECTION ( 'NONE',  ( 0.000000000000000000, 0.000000000000000000, 1.000000000000000000 ) ) ;
#7352 = FACE_OUTER_BOUND ( 'NONE', #4880, .T. ) ;
#7353 = DIRECTION ( 'NONE',  ( -0.000000000000000000, -0.000000000000000000, -1.000000000000000000 ) ) ;
#7354 = LINE ( 'NONE', #2764, #4732 ) ;
#7355 = EDGE_LOOP ( 'NONE', ( #4160, #4131, #6162, #882 ) ) ;
#7356 = AXIS2_PLACEMENT_3D ( 'NONE', #5140, #6334, #7531 ) ;
#7357 = DIRECTION ( 'NONE',  ( -1.000000000000000000, 0.000000000000000000, -0.000000000000000000 ) ) ;
#7358 = ADVANCED_FACE ( 'NONE', ( #5656 ), #1589, .F. ) ;
#7359 = ORIENTED_EDGE ( 'NONE', *, *, #6925, .F. ) ;
#7360 =( NAMED_UNIT ( * ) PLANE_ANGLE_UNIT ( ) SI_UNIT ( $, .RADIAN. ) );
#7361 = EDGE_CURVE ( 'NONE', #7468, #960, #589, .T. ) ;
#7362 = ORIENTED_EDGE ( 'NONE', *, *, #5344, .T. ) ;
#7363 = DIRECTION ( 'NONE',  ( 0.000000000000000000, 1.000000000000000000, 0.000000000000000000 ) ) ;
#7364 = VECTOR ( 'NONE', #2721, 1000.000000000000000 ) ;
#7365 = FACE_OUTER_BOUND ( 'NONE', #3194, .T. ) ;
#7366 = CIRCLE ( 'NONE', #6365, 0.1249999999999998890 ) ;
#7367 = ORIENTED_EDGE ( 'NONE', *, *, #3371, .T. ) ;
#7368 = ORIENTED_EDGE ( 'NONE', *, *, #893, .T. ) ;
#7369 = PLANE ( 'NONE',  #4752 ) ;
#7370 = CARTESIAN_POINT ( 'NONE',  ( 0.8750000000000008882, 0.000000000000000000, 1.499999999999999778 ) ) ;
#7371 = VERTEX_POINT ( 'NONE', #754 ) ;
#7372 = LINE ( 'NONE', #3616, #7291 ) ;
#7373 = VECTOR ( 'NONE', #3603, 1000.000000000000000 ) ;
#7374 = PLANE ( 'NONE',  #2213 ) ;
#7375 = DIRECTION ( 'NONE',  ( 2.365532012695651739E-15, 0.000000000000000000, 1.000000000000000000 ) ) ;
#7376 = VECTOR ( 'NONE', #7503, 1000.000000000000000 ) ;
#7377 = FACE_OUTER_BOUND ( 'NONE', #1693, .T. ) ;
#7378 = VERTEX_POINT ( 'NONE', #5718 ) ;
#7379 = CARTESIAN_POINT ( 'NONE',  ( 4.928191693115930030E-17, 0.05000000000000000278, 0.1250000000000002776 ) ) ;
#7380 = DIRECTION ( 'NONE',  ( 0.000000000000000000, 0.000000000000000000, 1.000000000000000000 ) ) ;
#7381 = ORIENTED_EDGE ( 'NONE', *, *, #6615, .T. ) ;
#7382 = PLANE ( 'NONE',  #6457 ) ;
#7383 = AXIS2_PLACEMENT_3D ( 'NONE', #3444, #5863, #1675 ) ;
#7384 = DIRECTION ( 'NONE',  ( 1.000000000000000000, -0.000000000000000000, -1.734723475976807094E-15 ) ) ;
#7385 = DIRECTION ( 'NONE',  ( 1.000000000000000000, 0.000000000000000000, -3.942553354492735642E-16 ) ) ;
#7386 = ORIENTED_EDGE ( 'NONE', *, *, #2601, .T. ) ;
#7387 = ADVANCED_FACE ( 'NONE', ( #3213 ), #7557, .T. ) ;
#7388 = FACE_OUTER_BOUND ( 'NONE', #7264, .T. ) ;
#7389 = LINE ( 'NONE', #2433, #4682 ) ;
#7390 = PLANE ( 'NONE',  #1377 ) ;
#7391 = LINE ( 'NONE', #7582, #1989 ) ;
#7392 = VECTOR ( 'NONE', #5293, 1000.000000000000000 ) ;
#7393 = EDGE_CURVE ( 'NONE', #1570, #2445, #3124, .T. ) ;
#7394 = ORIENTED_EDGE ( 'NONE', *, *, #2131, .F. ) ;
#7395 = CARTESIAN_POINT ( 'NONE',  ( 1.225000000000000089, 0.05000000000000000278, 1.225000000000000311 ) ) ;
#7396 = CARTESIAN_POINT ( 'NONE',  ( -0.7499999999999995559, 0.1000000000000000056, 1.225000000000000311 ) ) ;
#7397 = DIRECTION ( 'NONE',  ( 0.000000000000000000, -1.000000000000000000, 0.000000000000000000 ) ) ;
#7398 = ORIENTED_EDGE ( 'NONE', *, *, #3422, .T. ) ;
#7399 = PLANE ( 'NONE',  #2977 ) ;
#7400 = AXIS2_PLACEMENT_3D ( 'NONE', #1939, #1811, #6060 ) ;
#7401 = ORIENTED_EDGE ( 'NONE', *, *, #3200, .F. ) ;
#7402 = CARTESIAN_POINT ( 'NONE',  ( -1.224999999999999423, 0.000000000000000000, -0.6250000000000001110 ) ) ;
#7403 = DIRECTION ( 'NONE',  ( 0.000000000000000000, -1.000000000000000000, 0.000000000000000000 ) ) ;
#7404 = CARTESIAN_POINT ( 'NONE',  ( 1.124999999999999556, 0.04999999999999971134, 1.499999999999999778 ) ) ;
#7405 = LINE ( 'NONE', #1656, #2092 ) ;
#7406 = LINE ( 'NONE', #2367, #2009 ) ;
#7407 = VERTEX_POINT ( 'NONE', #6314 ) ;
#7408 = ADVANCED_FACE ( 'NONE', ( #434 ), #2244, .F. ) ;
#7409 = ADVANCED_FACE ( 'NONE', ( #5676 ), #6431, .T. ) ;
#7410 = EDGE_CURVE ( 'NONE', #5757, #1462, #562, .T. ) ;
#7411 = CARTESIAN_POINT ( 'NONE',  ( 1.224999999999999423, 0.05000000000000002359, 0.2500000000000003331 ) ) ;
#7412 = AXIS2_PLACEMENT_3D ( 'NONE', #6635, #2312, #3561 ) ;
#7413 = VERTEX_POINT ( 'NONE', #5254 ) ;
#7414 = CARTESIAN_POINT ( 'NONE',  ( -0.6999999999999998446, 0.05000000000000000278, -0.4000000000000012434 ) ) ;
#7415 = VERTEX_POINT ( 'NONE', #1638 ) ;
#7416 = EDGE_CURVE ( 'NONE', #6401, #6881, #5749, .T. ) ;
#7417 = FACE_OUTER_BOUND ( 'NONE', #6059, .T. ) ;
#7418 = DIRECTION ( 'NONE',  ( -0.000000000000000000, -1.000000000000000000, -0.000000000000000000 ) ) ;
#7419 = LINE ( 'NONE', #4154, #7434 ) ;
#7420 = LINE ( 'NONE', #2955, #4660 ) ;
#7421 = ORIENTED_EDGE ( 'NONE', *, *, #580, .F. ) ;
#7422 = DIRECTION ( 'NONE',  ( 0.000000000000000000, 0.000000000000000000, -1.000000000000000000 ) ) ;
#7423 = DIRECTION ( 'NONE',  ( -0.000000000000000000, -1.000000000000000000, -0.000000000000000000 ) ) ;
#7424 = ADVANCED_FACE ( 'NONE', ( #5735 ), #6866, .T. ) ;
#7425 = ORIENTED_EDGE ( 'NONE', *, *, #3840, .T. ) ;
#7426 = CARTESIAN_POINT ( 'NONE',  ( 1.500000000000000000, 0.5716990566028299359, 0.1250000000000008604 ) ) ;
#7427 = AXIS2_PLACEMENT_3D ( 'NONE', #1687, #5970, #1928 ) ;
#7428 = DIRECTION ( 'NONE',  ( 0.000000000000000000, -0.000000000000000000, 1.000000000000000000 ) ) ;
#7429 = EDGE_LOOP ( 'NONE', ( #1601, #374, #3895, #6454 ) ) ;
#7430 = DIRECTION ( 'NONE',  ( 0.000000000000000000, 0.000000000000000000, 1.000000000000000000 ) ) ;
#7431 = EDGE_CURVE ( 'NONE', #6319, #79, #5793, .T. ) ;
#7432 = EDGE_CURVE ( 'NONE', #2220, #4461, #488, .T. ) ;
#7433 = CARTESIAN_POINT ( 'NONE',  ( -0.6999999999999998446, 2.079898987322333248, -0.4000000000000001332 ) ) ;
#7434 = VECTOR ( 'NONE', #529, 1000.000000000000000 ) ;
#7435 = CIRCLE ( 'NONE', #1433, 0.1249999999999995698 ) ;
#7436 = CLOSED_SHELL ( 'NONE', ( #3652, #4007, #704, #4213, #4928, #3491 ) ) ;
#7437 = DIRECTION ( 'NONE',  ( -0.000000000000000000, 0.000000000000000000, -1.000000000000000000 ) ) ;
#7438 = DIRECTION ( 'NONE',  ( 1.000000000000000000, -0.000000000000000000, -1.734723475976807094E-15 ) ) ;
#7439 = ORIENTED_EDGE ( 'NONE', *, *, #6404, .T. ) ;
#7440 = DIRECTION ( 'NONE',  ( -1.000000000000000000, 0.000000000000000000, -3.097720492815727166E-16 ) ) ;
#7441 = CARTESIAN_POINT ( 'NONE',  ( 0.3750000000000005551, 0.09999999999999999167, -1.499999999999999778 ) ) ;
#7442 = DIRECTION ( 'NONE',  ( 0.000000000000000000, 0.000000000000000000, -1.000000000000000000 ) ) ;
#7443 = CARTESIAN_POINT ( 'NONE',  ( 1.499999999999999556, 0.1000000000000000472, 1.124999999999999778 ) ) ;
#7444 = CARTESIAN_POINT ( 'NONE',  ( -0.3749999999999991673, 0.09999999999999999167, 1.500000000000000222 ) ) ;
#7445 = EDGE_LOOP ( 'NONE', ( #2463, #1247, #2407, #6451 ) ) ;
#7446 = LINE ( 'NONE', #37, #2212 ) ;
#7447 = DIRECTION ( 'NONE',  ( -0.000000000000000000, -1.000000000000000000, -0.000000000000000000 ) ) ;
#7448 = CARTESIAN_POINT ( 'NONE',  ( 1.224999999999999423, 0.5716990566028299359, 0.3749999999999998890 ) ) ;
#7449 = LINE ( 'NONE', #257, #7279 ) ;
#7450 = VECTOR ( 'NONE', #3804, 1000.000000000000000 ) ;
#7451 = ORIENTED_EDGE ( 'NONE', *, *, #5075, .T. ) ;
#7452 = EDGE_CURVE ( 'NONE', #7234, #3862, #3147, .T. ) ;
#7453 = DIRECTION ( 'NONE',  ( 0.000000000000000000, -1.000000000000000000, 0.000000000000000000 ) ) ;
#7454 = CARTESIAN_POINT ( 'NONE',  ( 0.000000000000000000, 0.05000000000000000278, 1.125000000000000222 ) ) ;
#7455 = DIRECTION ( 'NONE',  ( 0.000000000000000000, 0.000000000000000000, 1.000000000000000000 ) ) ;
#7456 = VERTEX_POINT ( 'NONE', #199 ) ;
#7457 = CARTESIAN_POINT ( 'NONE',  ( -0.2499999999999995837, 0.000000000000000000, 1.225000000000000311 ) ) ;
#7458 = ORIENTED_EDGE ( 'NONE', *, *, #201, .T. ) ;
#7459 = ADVANCED_FACE ( 'NONE', ( #512, #463 ), #4615, .F. ) ;
#7460 = AXIS2_PLACEMENT_3D ( 'NONE', #5239, #3191, #4513 ) ;
#7461 = CARTESIAN_POINT ( 'NONE',  ( 1.225000000000000089, 0.000000000000000000, 1.225000000000000311 ) ) ;
#7462 = VECTOR ( 'NONE', #2030, 1000.000000000000000 ) ;
#7463 = DIRECTION ( 'NONE',  ( -1.000000000000000000, 0.000000000000000000, 2.365532012695651739E-15 ) ) ;
#7464 = CARTESIAN_POINT ( 'NONE',  ( -1.500000000000000444, 0.05000000000000000278, -1.500000000000000222 ) ) ;
#7465 = CARTESIAN_POINT ( 'NONE',  ( -0.6249999999999996669, 0.05000000000000000278, 1.225000000000000311 ) ) ;
#7466 = VECTOR ( 'NONE', #3764, 1000.000000000000000 ) ;
#7467 = CIRCLE ( 'NONE', #3265, 0.1249999999999998890 ) ;
#7468 = VERTEX_POINT ( 'NONE', #334 ) ;
#7469 = EDGE_CURVE ( 'NONE', #4204, #5460, #3230, .T. ) ;
#7470 = ORIENTED_EDGE ( 'NONE', *, *, #7288, .T. ) ;
#7471 = CARTESIAN_POINT ( 'NONE',  ( -1.224999999999999423, 0.5716990566028299359, 0.6250000000000007772 ) ) ;
#7472 = VERTEX_POINT ( 'NONE', #6488 ) ;
#7473 = LINE ( 'NONE', #4363, #2103 ) ;
#7474 = FILL_AREA_STYLE_COLOUR ( '', #952 ) ;
#7475 = LINE ( 'NONE', #3278, #4721 ) ;
#7476 = LINE ( 'NONE', #642, #4674 ) ;
#7477 = EDGE_LOOP ( 'NONE', ( #6269, #1492, #1043, #2089, #4680, #4918, #4812 ) ) ;
#7478 = ADVANCED_FACE ( 'NONE', ( #474 ), #1034, .T. ) ;
#7479 = ADVANCED_FACE ( 'NONE', ( #5608 ), #5300, .T. ) ;
#7480 = CARTESIAN_POINT ( 'NONE',  ( 1.224999999999999423, 0.5716990566028299359, -0.6250000000000001110 ) ) ;
#7481 = CARTESIAN_POINT ( 'NONE',  ( -1.499999999999999112, 0.09999999999999999167, 1.300000000000000266 ) ) ;
#7482 = DIRECTION ( 'NONE',  ( 0.000000000000000000, 1.000000000000000000, 0.000000000000000000 ) ) ;
#7483 = ORIENTED_EDGE ( 'NONE', *, *, #4234, .F. ) ;
#7484 = DIRECTION ( 'NONE',  ( 1.577021341797098201E-15, -0.000000000000000000, 1.000000000000000000 ) ) ;
#7485 = CARTESIAN_POINT ( 'NONE',  ( -1.499999999999999112, 0.09999999999999999167, -1.125000000000000222 ) ) ;
#7486 = ORIENTED_EDGE ( 'NONE', *, *, #4049, .F. ) ;
#7487 = CIRCLE ( 'NONE', #6973, 0.1249999999999998890 ) ;
#7488 = DIRECTION ( 'NONE',  ( 0.000000000000000000, 0.000000000000000000, 1.000000000000000000 ) ) ;
#7489 = CARTESIAN_POINT ( 'NONE',  ( -1.299999999999999156, 0.000000000000000000, -1.300000000000000266 ) ) ;
#7490 = VECTOR ( 'NONE', #2673, 1000.000000000000000 ) ;
#7491 = VERTEX_POINT ( 'NONE', #4189 ) ;
#7492 = EDGE_CURVE ( 'NONE', #2209, #3732, #5714, .T. ) ;
#7493 = DIRECTION ( 'NONE',  ( -1.577021341797098201E-15, 0.000000000000000000, -1.000000000000000000 ) ) ;
#7494 = CARTESIAN_POINT ( 'NONE',  ( 0.7000000000000000666, 0.09999999999999982514, 0.7000000000000000666 ) ) ;
#7495 = DIRECTION ( 'NONE',  ( -1.000000000000000000, 0.000000000000000000, 3.942553354492735642E-16 ) ) ;
#7496 = DIRECTION ( 'NONE',  ( 0.000000000000000000, 1.000000000000000000, 0.000000000000000000 ) ) ;
#7497 = EDGE_CURVE ( 'NONE', #5982, #4361, #5831, .T. ) ;
#7498 = DIRECTION ( 'NONE',  ( 0.000000000000000000, 0.000000000000000000, -1.000000000000000000 ) ) ;
#7499 = CARTESIAN_POINT ( 'NONE',  ( -1.299999999999999156, 0.000000000000000000, 1.300000000000000266 ) ) ;
#7500 = ORIENTED_EDGE ( 'NONE', *, *, #4734, .T. ) ;
#7501 = VECTOR ( 'NONE', #4236, 1000.000000000000000 ) ;
#7502 = CARTESIAN_POINT ( 'NONE',  ( -1.224999999999999423, 0.5716990566028299359, -0.2499999999999996669 ) ) ;
#7503 = DIRECTION ( 'NONE',  ( 2.365532012695651345E-15, 0.000000000000000000, -1.000000000000000000 ) ) ;
#7504 = FACE_OUTER_BOUND ( 'NONE', #5693, .T. ) ;
#7505 = LINE ( 'NONE', #2283, #2379 ) ;
#7506 = ORIENTED_EDGE ( 'NONE', *, *, #751, .T. ) ;
#7507 = CARTESIAN_POINT ( 'NONE',  ( -1.299999999999999156, 0.1000000000000000472, 1.500000000000000222 ) ) ;
#7508 = DIRECTION ( 'NONE',  ( 1.000000000000000000, 0.000000000000000000, 0.000000000000000000 ) ) ;
#7509 = PLANE ( 'NONE',  #3766 ) ;
#7510 = DIRECTION ( 'NONE',  ( -1.000000000000000000, 0.000000000000000000, 0.000000000000000000 ) ) ;
#7511 = PRESENTATION_LAYER_ASSIGNMENT (  '', '', ( #2207 ) ) ;
#7512 = ORIENTED_EDGE ( 'NONE', *, *, #655, .T. ) ;
#7513 = EDGE_CURVE ( 'NONE', #7378, #4726, #3108, .T. ) ;
#7514 = CIRCLE ( 'NONE', #3494, 0.1249999999999995698 ) ;
#7515 = DIRECTION ( 'NONE',  ( -2.365532012695651739E-15, 0.000000000000000000, 1.000000000000000000 ) ) ;
#7516 = CARTESIAN_POINT ( 'NONE',  ( -1.224999999999999423, 0.000000000000000000, 0.2500000000000003331 ) ) ;
#7517 = AXIS2_PLACEMENT_3D ( 'NONE', #68, #6092, #7430 ) ;
#7518 = CARTESIAN_POINT ( 'NONE',  ( -0.6250000000000027756, 0.05000000000000000278, 1.478457507934788796E-15 ) ) ;
#7519 = LINE ( 'NONE', #4951, #2275 ) ;
#7520 = ORIENTED_EDGE ( 'NONE', *, *, #6874, .F. ) ;
#7521 = ORIENTED_EDGE ( 'NONE', *, *, #239, .T. ) ;
#7522 = ADVANCED_FACE ( 'NONE', ( #501 ), #1270, .T. ) ;
#7523 = FACE_OUTER_BOUND ( 'NONE', #819, .T. ) ;
#7524 = DIRECTION ( 'NONE',  ( 1.577021341797098398E-15, 0.000000000000000000, -1.000000000000000000 ) ) ;
#7525 = VECTOR ( 'NONE', #7653, 1000.000000000000000 ) ;
#7526 = EDGE_CURVE ( 'NONE', #2521, #6930, #614, .T. ) ;
#7527 = VECTOR ( 'NONE', #2519, 1000.000000000000000 ) ;
#7528 = VERTEX_POINT ( 'NONE', #5870 ) ;
#7529 = DIRECTION ( 'NONE',  ( 0.000000000000000000, -1.000000000000000000, 0.000000000000000000 ) ) ;
#7530 = DIRECTION ( 'NONE',  ( 1.000000000000000000, 0.000000000000000000, -3.942553354492735642E-16 ) ) ;
#7531 = DIRECTION ( 'NONE',  ( 0.000000000000000000, 0.000000000000000000, -1.000000000000000000 ) ) ;
#7532 = EDGE_CURVE ( 'NONE', #1167, #3732, #5764, .T. ) ;
#7533 = DIRECTION ( 'NONE',  ( -1.000000000000000000, 0.000000000000000000, -0.000000000000000000 ) ) ;
#7534 = ORIENTED_EDGE ( 'NONE', *, *, #3339, .F. ) ;
#7535 = CARTESIAN_POINT ( 'NONE',  ( -1.224999999999999423, 0.5716990566028299359, -0.6250000000000001110 ) ) ;
#7536 = CARTESIAN_POINT ( 'NONE',  ( -0.1250000000000001110, 0.5716990566028304910, -1.225000000000000311 ) ) ;
#7537 = FACE_OUTER_BOUND ( 'NONE', #3841, .T. ) ;
#7538 = ADVANCED_FACE ( 'NONE', ( #5624 ), #7207, .F. ) ;
#7539 = DIRECTION ( 'NONE',  ( -1.000000000000000000, 0.000000000000000000, 2.365532012695651739E-15 ) ) ;
#7540 = CARTESIAN_POINT ( 'NONE',  ( 1.225000000000000089, 0.1000000000000000472, 1.124999999999999778 ) ) ;
#7541 = CARTESIAN_POINT ( 'NONE',  ( 1.500000000000000000, 0.5716990566028299359, -0.3749999999999991673 ) ) ;
#7542 =( NAMED_UNIT ( * ) SI_UNIT ( $, .STERADIAN. ) SOLID_ANGLE_UNIT ( ) );
#7543 = DIRECTION ( 'NONE',  ( -0.000000000000000000, -1.000000000000000000, -0.000000000000000000 ) ) ;
#7544 = EDGE_CURVE ( 'NONE', #602, #2202, #537, .T. ) ;
#7545 = DIRECTION ( 'NONE',  ( 0.000000000000000000, 0.000000000000000000, -1.000000000000000000 ) ) ;
#7546 = ORIENTED_EDGE ( 'NONE', *, *, #4137, .F. ) ;
#7547 = LINE ( 'NONE', #2957, #7626 ) ;
#7548 = DIRECTION ( 'NONE',  ( -0.000000000000000000, -1.000000000000000000, -0.000000000000000000 ) ) ;
#7549 = LINE ( 'NONE', #4635, #2274 ) ;
#7550 = CIRCLE ( 'NONE', #2847, 0.1000000000000006994 ) ;
#7551 = SURFACE_STYLE_USAGE ( .BOTH. , #1519 ) ;
#7552 = ORIENTED_EDGE ( 'NONE', *, *, #5168, .T. ) ;
#7553 = CARTESIAN_POINT ( 'NONE',  ( -0.8749999999999995559, 0.09999999999999999167, 1.225000000000000311 ) ) ;
#7554 = VECTOR ( 'NONE', #7529, 1000.000000000000000 ) ;
#7555 = DIRECTION ( 'NONE',  ( 1.000000000000000000, -0.000000000000000000, 1.577021341797098201E-15 ) ) ;
#7556 = CARTESIAN_POINT ( 'NONE',  ( -2.168404344971008375E-16, 0.05000000000000000278, 0.6999999999999998446 ) ) ;
#7557 = PLANE ( 'NONE',  #2368 ) ;
#7558 = LINE ( 'NONE', #3943, #2418 ) ;
#7559 = ORIENTED_EDGE ( 'NONE', *, *, #655, .F. ) ;
#7560 = CIRCLE ( 'NONE', #2925, 0.1250000000000003331 ) ;
#7561 = CARTESIAN_POINT ( 'NONE',  ( -0.6250000000000001110, 0.5716990566028304910, -1.225000000000000311 ) ) ;
#7562 = LINE ( 'NONE', #7586, #7639 ) ;
#7563 = DIRECTION ( 'NONE',  ( -0.000000000000000000, 0.000000000000000000, 1.000000000000000000 ) ) ;
#7564 = CARTESIAN_POINT ( 'NONE',  ( -1.299999999999999156, 0.000000000000000000, -1.500000000000000222 ) ) ;
#7565 = CARTESIAN_POINT ( 'NONE',  ( -1.224999999999999423, 0.000000000000000000, -0.7499999999999996669 ) ) ;
#7566 = AXIS2_PLACEMENT_3D ( 'NONE', #2192, #6864, #698 ) ;
#7567 = AXIS2_PLACEMENT_3D ( 'NONE', #4659, #5201, #368 ) ;
#7568 = CARTESIAN_POINT ( 'NONE',  ( 0.3750000000000005551, 0.5716990566028304910, -1.499999999999999778 ) ) ;
#7569 = ORIENTED_EDGE ( 'NONE', *, *, #7139, .T. ) ;
#7570 = EDGE_CURVE ( 'NONE', #595, #3619, #5843, .T. ) ;
#7571 = FACE_OUTER_BOUND ( 'NONE', #4538, .T. ) ;
#7572 = CARTESIAN_POINT ( 'NONE',  ( 0.2500000000000004441, 0.09999999999999999167, 1.100000000000000533 ) ) ;
#7573 =( LENGTH_UNIT ( ) NAMED_UNIT ( * ) SI_UNIT ( .MILLI., .METRE. ) );
#7574 = PRESENTATION_STYLE_ASSIGNMENT (( #2211 ) ) ;
#7575 = EDGE_CURVE ( 'NONE', #225, #6502, #5594, .T. ) ;
#7576 = AXIS2_PLACEMENT_3D ( 'NONE', #7012, #6954, #2972 ) ;
#7577 = DIRECTION ( 'NONE',  ( 0.000000000000000000, -1.000000000000000000, 0.000000000000000000 ) ) ;
#7578 = DIRECTION ( 'NONE',  ( -1.000000000000000000, 0.000000000000000000, 3.942553354492736135E-16 ) ) ;
#7579 = DIRECTION ( 'NONE',  ( 0.000000000000000000, 0.000000000000000000, -1.000000000000000000 ) ) ;
#7580 = ORIENTED_EDGE ( 'NONE', *, *, #6976, .T. ) ;
#7581 = FACE_OUTER_BOUND ( 'NONE', #3188, .T. ) ;
#7582 = CARTESIAN_POINT ( 'NONE',  ( 0.2500000000000004441, 0.1000000000000000056, 1.100000000000000533 ) ) ;
#7583 = LINE ( 'NONE', #366, #7685 ) ;
#7584 = LINE ( 'NONE', #4427, #7605 ) ;
#7585 = ADVANCED_FACE ( 'NONE', ( #403 ), #426, .F. ) ;
#7586 = CARTESIAN_POINT ( 'NONE',  ( -1.299999999999999156, 0.09999999999999999167, -1.500000000000000222 ) ) ;
#7587 = CARTESIAN_POINT ( 'NONE',  ( 1.084202172485504681E-16, 0.05000000000000000278, -0.7000000000000001776 ) ) ;
#7588 = CARTESIAN_POINT ( 'NONE',  ( 1.124999999999999556, 0.1000000000000000472, -1.225000000000000311 ) ) ;
#7589 = DIRECTION ( 'NONE',  ( 0.000000000000000000, -1.000000000000000000, 0.000000000000000000 ) ) ;
#7590 = EDGE_CURVE ( 'NONE', #6968, #2263, #3383, .T. ) ;
#7591 = AXIS2_PLACEMENT_3D ( 'NONE', #7433, #1995, #3015 ) ;
#7592 = CARTESIAN_POINT ( 'NONE',  ( -1.500000000000000000, 0.000000000000000000, -0.3749999999999991673 ) ) ;
#7593 = ORIENTED_EDGE ( 'NONE', *, *, #1010, .F. ) ;
#7594 = LINE ( 'NONE', #5298, #7501 ) ;
#7595 = CARTESIAN_POINT ( 'NONE',  ( -1.224999999999999423, 0.000000000000000000, 0.3749999999999998890 ) ) ;
#7596 = EDGE_CURVE ( 'NONE', #7044, #4217, #3512, .T. ) ;
#7597 = CARTESIAN_POINT ( 'NONE',  ( -0.7499999999999995559, 0.05000000000000000278, 1.225000000000000311 ) ) ;
#7598 = LINE ( 'NONE', #2794, #5047 ) ;
#7599 = CARTESIAN_POINT ( 'NONE',  ( 0.3750000000000003331, 0.05000000000000000278, 1.225000000000000311 ) ) ;
#7600 = AXIS2_PLACEMENT_3D ( 'NONE', #6250, #6923, #1476 ) ;
#7601 = VERTEX_POINT ( 'NONE', #1145 ) ;
#7602 = LINE ( 'NONE', #4716, #2365 ) ;
#7603 = DIRECTION ( 'NONE',  ( 0.000000000000000000, -1.000000000000000000, 0.000000000000000000 ) ) ;
#7604 = LINE ( 'NONE', #6393, #4873 ) ;
#7605 = VECTOR ( 'NONE', #5662, 1000.000000000000000 ) ;
#7606 = EDGE_CURVE ( 'NONE', #4252, #7662, #3359, .T. ) ;
#7607 = DIRECTION ( 'NONE',  ( -1.734723475976807292E-15, 0.000000000000000000, -1.000000000000000000 ) ) ;
#7608 = DIRECTION ( 'NONE',  ( 0.000000000000000000, 0.000000000000000000, -1.000000000000000000 ) ) ;
#7609 = DIRECTION ( 'NONE',  ( -1.000000000000000000, 0.000000000000000000, 0.000000000000000000 ) ) ;
#7610 = CARTESIAN_POINT ( 'NONE',  ( -1.499999999999999112, 0.000000000000000000, -1.300000000000000266 ) ) ;
#7611 = DIRECTION ( 'NONE',  ( 2.365532012695651739E-15, 0.000000000000000000, 1.000000000000000000 ) ) ;
#7612 = ORIENTED_EDGE ( 'NONE', *, *, #4091, .F. ) ;
#7613 = AXIS2_PLACEMENT_3D ( 'NONE', #3123, #6298, #3794 ) ;
#7614 = VECTOR ( 'NONE', #6126, 1000.000000000000000 ) ;
#7615 = DIRECTION ( 'NONE',  ( 0.000000000000000000, 1.000000000000000000, 0.000000000000000000 ) ) ;
#7616 = DIRECTION ( 'NONE',  ( 0.000000000000000000, 0.000000000000000000, 1.000000000000000000 ) ) ;
#7617 = VECTOR ( 'NONE', #7171, 1000.000000000000000 ) ;
#7618 = VECTOR ( 'NONE', #7766, 1000.000000000000000 ) ;
#7619 = EDGE_CURVE ( 'NONE', #5928, #3918, #3267, .T. ) ;
#7620 = ORIENTED_EDGE ( 'NONE', *, *, #7789, .T. ) ;
#7621 = CARTESIAN_POINT ( 'NONE',  ( -0.3749999999999998890, 0.1000000000000000056, -1.225000000000000311 ) ) ;
#7622 = CARTESIAN_POINT ( 'NONE',  ( 1.500000000000000000, 0.04999999999999969746, 0.3749999999999998890 ) ) ;
#7623 = CARTESIAN_POINT ( 'NONE',  ( 0.7500000000000004441, 0.05000000000000000278, 1.225000000000000311 ) ) ;
#7624 = EDGE_LOOP ( 'NONE', ( #6430, #3034, #1661, #6067 ) ) ;
#7625 = ADVANCED_FACE ( 'NONE', ( #664 ), #4870, .T. ) ;
#7626 = VECTOR ( 'NONE', #1686, 1000.000000000000000 ) ;
#7627 = CARTESIAN_POINT ( 'NONE',  ( 1.224999999999999423, 0.5716990566028299359, 0.6250000000000007772 ) ) ;
#7628 = FACE_OUTER_BOUND ( 'NONE', #833, .T. ) ;
#7629 = CARTESIAN_POINT ( 'NONE',  ( -0.7499999999999997780, 0.1000000000000000056, -1.224999999999999867 ) ) ;
#7630 = CARTESIAN_POINT ( 'NONE',  ( 0.6250000000000004441, 0.09999999999999999167, 1.225000000000000311 ) ) ;
#7631 = ORIENTED_EDGE ( 'NONE', *, *, #90, .T. ) ;
#7632 = DIRECTION ( 'NONE',  ( -0.000000000000000000, 1.000000000000000000, -0.000000000000000000 ) ) ;
#7633 = LINE ( 'NONE', #3508, #2259 ) ;
#7634 = CARTESIAN_POINT ( 'NONE',  ( -0.6250000000000029976, 0.05000000000000000278, -1.478457507934789585E-15 ) ) ;
#7635 = CARTESIAN_POINT ( 'NONE',  ( -1.499999999999999112, 0.000000000000000000, -1.300000000000000266 ) ) ;
#7636 = CARTESIAN_POINT ( 'NONE',  ( -1.224999999999999645, 0.09999999999999999167, -1.225000000000000755 ) ) ;
#7637 = AXIS2_PLACEMENT_3D ( 'NONE', #4831, #1755, #1880 ) ;
#7638 = PRESENTATION_LAYER_ASSIGNMENT (  '', '', ( #4533 ) ) ;
#7639 = VECTOR ( 'NONE', #2014, 1000.000000000000000 ) ;
#7640 = ADVANCED_FACE ( 'NONE', ( #6027 ), #2045, .F. ) ;
#7641 = EDGE_CURVE ( 'NONE', #7048, #2963, #6124, .T. ) ;
#7642 = ORIENTED_EDGE ( 'NONE', *, *, #5174, .T. ) ;
#7643 = EDGE_CURVE ( 'NONE', #6938, #6285, #6089, .T. ) ;
#7644 = DIRECTION ( 'NONE',  ( -1.000000000000000000, 0.000000000000000000, -2.365532012695651739E-15 ) ) ;
#7645 = LINE ( 'NONE', #108, #4882 ) ;
#7646 = DIRECTION ( 'NONE',  ( -3.097720492815726673E-16, 0.000000000000000000, 1.000000000000000000 ) ) ;
#7647 = MECHANICAL_DESIGN_GEOMETRIC_PRESENTATION_REPRESENTATION (  '', ( #4549 ), #2688 ) ;
#7648 = LINE ( 'NONE', #129, #4862 ) ;
#7649 = CARTESIAN_POINT ( 'NONE',  ( 1.224999999999999423, 0.5716990566028299359, 0.2500000000000003331 ) ) ;
#7650 = DIRECTION ( 'NONE',  ( 0.000000000000000000, 0.000000000000000000, 1.000000000000000000 ) ) ;
#7651 = EDGE_CURVE ( 'NONE', #3928, #2599, #681, .T. ) ;
#7652 = EDGE_LOOP ( 'NONE', ( #261, #7285, #1207, #3801 ) ) ;
#7653 = DIRECTION ( 'NONE',  ( 0.000000000000000000, -1.000000000000000000, 0.000000000000000000 ) ) ;
#7654 = DIRECTION ( 'NONE',  ( -0.000000000000000000, -1.000000000000000000, -0.000000000000000000 ) ) ;
#7655 = EDGE_CURVE ( 'NONE', #7325, #7413, #5899, .T. ) ;
#7656 = LINE ( 'NONE', #4341, #4953 ) ;
#7657 = MECHANICAL_DESIGN_GEOMETRIC_PRESENTATION_REPRESENTATION (  '', ( #3749 ), #7742 ) ;
#7658 = DIRECTION ( 'NONE',  ( -1.000000000000000000, 0.000000000000000000, -1.734723475976807094E-15 ) ) ;
#7659 = AXIS2_PLACEMENT_3D ( 'NONE', #2454, #7773, #3511 ) ;
#7660 = VECTOR ( 'NONE', #939, 1000.000000000000000 ) ;
#7661 = CIRCLE ( 'NONE', #1049, 0.1249999999999995698 ) ;
#7662 = VERTEX_POINT ( 'NONE', #3885 ) ;
#7663 = EDGE_CURVE ( 'NONE', #7371, #7150, #3527, .T. ) ;
#7664 = CARTESIAN_POINT ( 'NONE',  ( -1.224999999999999423, 0.5716990566028299359, 0.8749999999999998890 ) ) ;
#7665 = DIRECTION ( 'NONE',  ( 0.000000000000000000, 0.000000000000000000, -1.000000000000000000 ) ) ;
#7666 = DIRECTION ( 'NONE',  ( 0.000000000000000000, 0.000000000000000000, 1.000000000000000000 ) ) ;
#7667 = CARTESIAN_POINT ( 'NONE',  ( -1.224999999999999423, 0.000000000000000000, 0.1250000000000007494 ) ) ;
#7668 = LINE ( 'NONE', #3927, #2342 ) ;
#7669 = CARTESIAN_POINT ( 'NONE',  ( 0.1250000000000005551, 0.1000000000000000056, -1.500000000000000222 ) ) ;
#7670 = EDGE_CURVE ( 'NONE', #613, #6735, #3374, .T. ) ;
#7671 = SURFACE_STYLE_USAGE ( .BOTH. , #4547 ) ;
#7672 = AXIS2_PLACEMENT_3D ( 'NONE', #5711, #6855, #322 ) ;
#7673 = DIRECTION ( 'NONE',  ( -1.734723475976807292E-15, 0.000000000000000000, 1.000000000000000000 ) ) ;
#7674 = CARTESIAN_POINT ( 'NONE',  ( -1.499999999999999112, 0.6303300858899107961, -1.125000000000000222 ) ) ;
#7675 = DIRECTION ( 'NONE',  ( 0.000000000000000000, 0.000000000000000000, 1.000000000000000000 ) ) ;
#7676 = DIRECTION ( 'NONE',  ( -1.000000000000000000, 0.000000000000000000, 0.000000000000000000 ) ) ;
#7677 = ORIENTED_EDGE ( 'NONE', *, *, #763, .F. ) ;
#7678 = EDGE_CURVE ( 'NONE', #625, #5928, #6016, .T. ) ;
#7679 = EDGE_CURVE ( 'NONE', #2202, #6367, #5856, .T. ) ;
#7680 = AXIS2_PLACEMENT_3D ( 'NONE', #590, #3033, #2310 ) ;
#7681 = ADVANCED_FACE ( 'NONE', ( #3348 ), #6824, .T. ) ;
#7682 = LINE ( 'NONE', #3984, #5052 ) ;
#7683 = CARTESIAN_POINT ( 'NONE',  ( -1.299999999999999156, 0.1000000000000000472, -1.500000000000000222 ) ) ;
#7684 = DIRECTION ( 'NONE',  ( 0.000000000000000000, -1.000000000000000000, 0.000000000000000000 ) ) ;
#7685 = VECTOR ( 'NONE', #6851, 1000.000000000000000 ) ;
#7686 = FACE_OUTER_BOUND ( 'NONE', #7091, .T. ) ;
#7687 = CLOSED_SHELL ( 'NONE', ( #3008, #1603, #5773, #5528, #137, #7802, #4900 ) ) ;
#7688 = PRODUCT_RELATED_PRODUCT_CATEGORY ( 'part', '', ( #3579 ) ) ;
#7689 = CARTESIAN_POINT ( 'NONE',  ( 0.7500000000000002220, 0.1000000000000000056, -1.224999999999999867 ) ) ;
#7690 = EDGE_CURVE ( 'NONE', #5326, #3922, #807, .T. ) ;
#7691 = LINE ( 'NONE', #611, #2334 ) ;
#7692 = DIRECTION ( 'NONE',  ( -0.000000000000000000, -1.000000000000000000, -0.000000000000000000 ) ) ;
#7693 = COLOUR_RGB ( '',0.7921568627450980005, 0.8196078431372548767, 0.9333333333333333481 ) ;
#7694 = CYLINDRICAL_SURFACE ( 'NONE', #5080, 0.1249999999999995698 ) ;
#7695 = ADVANCED_FACE ( 'NONE', ( #730 ), #2543, .T. ) ;
#7696 = CARTESIAN_POINT ( 'NONE',  ( 1.224999999999999423, 0.000000000000000000, 0.3749999999999998890 ) ) ;
#7697 = CARTESIAN_POINT ( 'NONE',  ( 1.499999999999999556, 0.09999999999999999167, -1.299999999999999822 ) ) ;
#7698 = DIRECTION ( 'NONE',  ( -0.000000000000000000, -0.000000000000000000, 1.000000000000000000 ) ) ;
#7699 = VERTEX_POINT ( 'NONE', #5051 ) ;
#7700 = DIRECTION ( 'NONE',  ( 0.000000000000000000, -1.000000000000000000, 0.000000000000000000 ) ) ;
#7701 = AXIS2_PLACEMENT_3D ( 'NONE', #4714, #7510, #5621 ) ;
#7702 = DIRECTION ( 'NONE',  ( 1.000000000000000000, -0.000000000000000000, 0.000000000000000000 ) ) ;
#7703 = EDGE_CURVE ( 'NONE', #6686, #3769, #3302, .T. ) ;
#7704 = LINE ( 'NONE', #56, #2457 ) ;
#7705 = CARTESIAN_POINT ( 'NONE',  ( 1.500000000000000000, 0.000000000000000000, -0.6250000000000001110 ) ) ;
#7706 = VERTEX_POINT ( 'NONE', #3547 ) ;
#7707 = CARTESIAN_POINT ( 'NONE',  ( 1.500000000000000000, 0.000000000000000000, -0.1250000000000001110 ) ) ;
#7708 = CARTESIAN_POINT ( 'NONE',  ( 0.1250000000000001110, 0.000000000000000000, -1.225000000000000311 ) ) ;
#7709 = PLANE ( 'NONE',  #3415 ) ;
#7710 = CIRCLE ( 'NONE', #4142, 0.1249999999999995698 ) ;
#7711 = SURFACE_SIDE_STYLE ('',( #1679 ) ) ;
#7712 = LINE ( 'NONE', #3857, #5053 ) ;
#7713 = FACE_OUTER_BOUND ( 'NONE', #6343, .T. ) ;
#7714 = DIRECTION ( 'NONE',  ( 1.000000000000000000, 0.000000000000000000, 1.734723475976807292E-15 ) ) ;
#7715 = CARTESIAN_POINT ( 'NONE',  ( -0.8750000000000018874, 0.05000000000000000278, -1.379893674072464008E-15 ) ) ;
#7716 = DIRECTION ( 'NONE',  ( 0.000000000000000000, 0.000000000000000000, 1.000000000000000000 ) ) ;
#7717 = DIRECTION ( 'NONE',  ( 0.000000000000000000, 1.000000000000000000, 0.000000000000000000 ) ) ;
#7718 = VERTEX_POINT ( 'NONE', #4793 ) ;
#7719 = DIRECTION ( 'NONE',  ( -1.000000000000000000, 0.000000000000000000, 0.000000000000000000 ) ) ;
#7720 = AXIS2_PLACEMENT_3D ( 'NONE', #6510, #7177, #2548 ) ;
#7721 = EDGE_CURVE ( 'NONE', #6970, #7328, #3454, .T. ) ;
#7722 = LINE ( 'NONE', #6988, #12 ) ;
#7723 = DIRECTION ( 'NONE',  ( -7.228014483236695816E-17, 0.000000000000000000, -1.000000000000000000 ) ) ;
#7724 = DIRECTION ( 'NONE',  ( 0.000000000000000000, 1.000000000000000000, 0.000000000000000000 ) ) ;
#7725 = DIRECTION ( 'NONE',  ( -2.365532012695651345E-15, 0.000000000000000000, -1.000000000000000000 ) ) ;
#7726 = LINE ( 'NONE', #2390, #2328 ) ;
#7727 = LINE ( 'NONE', #2486, #5216 ) ;
#7728 = EDGE_CURVE ( 'NONE', #5631, #2287, #3438, .T. ) ;
#7729 = VERTEX_POINT ( 'NONE', #7239 ) ;
#7730 = AXIS2_PLACEMENT_3D ( 'NONE', #5753, #4754, #5238 ) ;
#7731 = CARTESIAN_POINT ( 'NONE',  ( 0.2500000000000004441, 0.09999999999999999167, 1.225000000000000311 ) ) ;
#7732 = AXIS2_PLACEMENT_3D ( 'NONE', #1093, #1217, #5545 ) ;
#7733 = ADVANCED_FACE ( 'NONE', ( #761 ), #640, .F. ) ;
#7734 = DIRECTION ( 'NONE',  ( 0.000000000000000000, 1.000000000000000000, 0.000000000000000000 ) ) ;
#7735 = VECTOR ( 'NONE', #5664, 1000.000000000000000 ) ;
#7736 = LINE ( 'NONE', #4934, #5122 ) ;
#7737 = DIRECTION ( 'NONE',  ( 0.000000000000000000, 0.000000000000000000, -1.000000000000000000 ) ) ;
#7738 = PLANE ( 'NONE',  #7637 ) ;
#7739 = DIRECTION ( 'NONE',  ( -2.365532012695651739E-15, 0.000000000000000000, -1.000000000000000000 ) ) ;
#7740 = EDGE_LOOP ( 'NONE', ( #1659, #6399, #1414, #3988, #4167 ) ) ;
#7741 = DIRECTION ( 'NONE',  ( 0.000000000000000000, -1.000000000000000000, 0.000000000000000000 ) ) ;
#7742 =( GEOMETRIC_REPRESENTATION_CONTEXT ( 3 ) GLOBAL_UNCERTAINTY_ASSIGNED_CONTEXT ( ( #6069 ) ) GLOBAL_UNIT_ASSIGNED_CONTEXT ( ( #4458, #5584, #1598 ) ) REPRESENTATION_CONTEXT ( 'NONE', 'WORKASPACE' ) );
#7743 = PLANE ( 'NONE',  #5666 ) ;
#7744 = CIRCLE ( 'NONE', #5061, 0.1249999999999998890 ) ;
#7745 = DIRECTION ( 'NONE',  ( -1.577021341797098201E-15, 0.000000000000000000, -1.000000000000000000 ) ) ;
#7746 = DIRECTION ( 'NONE',  ( -1.000000000000000000, 0.000000000000000000, 0.000000000000000000 ) ) ;
#7747 = EDGE_CURVE ( 'NONE', #1206, #7107, #791, .T. ) ;
#7748 = CIRCLE ( 'NONE', #5816, 0.1249999999999998890 ) ;
#7749 = ADVANCED_FACE ( 'NONE', ( #776 ), #6004, .T. ) ;
#7750 = CARTESIAN_POINT ( 'NONE',  ( 1.500000000000000000, 0.09999999999999999167, 0.8749999999999998890 ) ) ;
#7751 = FACE_OUTER_BOUND ( 'NONE', #3553, .T. ) ;
#7752 = ORIENTED_EDGE ( 'NONE', *, *, #4055, .F. ) ;
#7753 = DIRECTION ( 'NONE',  ( -0.000000000000000000, -0.000000000000000000, -1.000000000000000000 ) ) ;
#7754 = CARTESIAN_POINT ( 'NONE',  ( -1.224999999999999645, 0.09999999999999999167, 1.225000000000000755 ) ) ;
#7755 = CARTESIAN_POINT ( 'NONE',  ( 0.7000000000000000666, 2.079898987322333248, -0.7000000000000000666 ) ) ;
#7756 = AXIS2_PLACEMENT_3D ( 'NONE', #3998, #7106, #827 ) ;
#7757 = MANIFOLD_SOLID_BREP ( 'Boss-Extrude4[3]', #4822 ) ;
#7758 = CARTESIAN_POINT ( 'NONE',  ( -1.224999999999999645, 0.6303300858899107961, -1.225000000000000755 ) ) ;
#7759 = CIRCLE ( 'NONE', #1455, 0.1249999999999995698 ) ;
#7760 = CARTESIAN_POINT ( 'NONE',  ( 0.8750000000000005551, 0.000000000000000000, -1.499999999999999778 ) ) ;
#7761 = CARTESIAN_POINT ( 'NONE',  ( 1.499999999999999556, 0.8000000000000003775, -1.500000000000000222 ) ) ;
#7762 = CIRCLE ( 'NONE', #1223, 0.1249999999999998890 ) ;
#7763 = LINE ( 'NONE', #7499, #59 ) ;
#7764 = EDGE_CURVE ( 'NONE', #5333, #4195, #692, .T. ) ;
#7765 = EDGE_CURVE ( 'NONE', #6428, #3562, #3318, .T. ) ;
#7766 = DIRECTION ( 'NONE',  ( -0.000000000000000000, -1.000000000000000000, -0.000000000000000000 ) ) ;
#7767 = CARTESIAN_POINT ( 'NONE',  ( -1.224999999999999645, 0.05000000000000000278, 1.225000000000000755 ) ) ;
#7768 = CARTESIAN_POINT ( 'NONE',  ( 1.225000000000000089, 0.000000000000000000, -1.225000000000000311 ) ) ;
#7769 = ORIENTED_EDGE ( 'NONE', *, *, #2505, .T. ) ;
#7770 = CARTESIAN_POINT ( 'NONE',  ( -1.224999999999999423, 0.000000000000000000, 0.8749999999999998890 ) ) ;
#7771 = LINE ( 'NONE', #253, #2525 ) ;
#7772 = CARTESIAN_POINT ( 'NONE',  ( -1.125000000000000222, 0.6999999999999999556, -1.250000000000000222 ) ) ;
#7773 = DIRECTION ( 'NONE',  ( -1.000000000000000000, 0.000000000000000000, -2.365532012695651739E-15 ) ) ;
#7774 = VECTOR ( 'NONE', #2011, 1000.000000000000000 ) ;
#7775 = VECTOR ( 'NONE', #5991, 1000.000000000000000 ) ;
#7776 = FACE_OUTER_BOUND ( 'NONE', #1629, .T. ) ;
#7777 = EDGE_CURVE ( 'NONE', #3372, #4386, #6108, .T. ) ;
#7778 = VERTEX_POINT ( 'NONE', #489 ) ;
#7779 = FILL_AREA_STYLE ('',( #4408 ) ) ;
#7780 = SURFACE_STYLE_FILL_AREA ( #1948 ) ;
#7781 = CARTESIAN_POINT ( 'NONE',  ( -0.3999999999999974132, 0.05000000000000012768, -0.7000000000000002887 ) ) ;
#7782 = LINE ( 'NONE', #6425, #5256 ) ;
#7783 = PRESENTATION_STYLE_ASSIGNMENT (( #1512 ) ) ;
#7784 = CARTESIAN_POINT ( 'NONE',  ( -0.6249999999999994449, 0.1000000000000000056, -1.499999999999999778 ) ) ;
#7785 = CARTESIAN_POINT ( 'NONE',  ( -0.2499999999999995837, 0.05000000000000000278, 1.100000000000000533 ) ) ;
#7786 = LINE ( 'NONE', #2075, #2789 ) ;
#7787 = EDGE_LOOP ( 'NONE', ( #3352, #6344, #6462, #6518 ) ) ;
#7788 = DIRECTION ( 'NONE',  ( 0.000000000000000000, -0.000000000000000000, -1.000000000000000000 ) ) ;
#7789 = EDGE_CURVE ( 'NONE', #6592, #3994, #3860, .T. ) ;
#7790 = DIRECTION ( 'NONE',  ( 0.000000000000000000, 0.000000000000000000, -1.000000000000000000 ) ) ;
#7791 = CARTESIAN_POINT ( 'NONE',  ( -0.1249999999999991396, 0.000000000000000000, 1.499999999999999778 ) ) ;
#7792 = CARTESIAN_POINT ( 'NONE',  ( -1.224999999999999645, 0.09999999999999999167, -1.125000000000000222 ) ) ;
#7793 = CIRCLE ( 'NONE', #6643, 0.1249999999999998890 ) ;
#7794 = LINE ( 'NONE', #5610, #5141 ) ;
#7795 = FILL_AREA_STYLE_COLOUR ( '', #3279 ) ;
#7796 = DIRECTION ( 'NONE',  ( -1.000000000000000000, 0.000000000000000000, 0.000000000000000000 ) ) ;
#7797 = VERTEX_POINT ( 'NONE', #2479 ) ;
#7798 = DIRECTION ( 'NONE',  ( -0.000000000000000000, -1.000000000000000000, -0.000000000000000000 ) ) ;
#7799 = FACE_OUTER_BOUND ( 'NONE', #6723, .T. ) ;
#7800 = AXIS2_PLACEMENT_3D ( 'NONE', #5379, #7837, #541 ) ;
#7801 = VECTOR ( 'NONE', #6232, 1000.000000000000000 ) ;
#7802 = ADVANCED_FACE ( 'NONE', ( #6352 ), #2437, .F. ) ;
#7803 = AXIS2_PLACEMENT_3D ( 'NONE', #5702, #451, #2178 ) ;
#7804 = CARTESIAN_POINT ( 'NONE',  ( 1.499999999999999556, 0.05000000000000000278, -1.500000000000000222 ) ) ;
#7805 = EDGE_CURVE ( 'NONE', #6678, #1737, #6155, .T. ) ;
#7806 = ORIENTED_EDGE ( 'NONE', *, *, #4493, .F. ) ;
#7807 = DIRECTION ( 'NONE',  ( 0.000000000000000000, 0.000000000000000000, 1.000000000000000000 ) ) ;
#7808 = EDGE_CURVE ( 'NONE', #4172, #7338, #940, .T. ) ;
#7809 = DIRECTION ( 'NONE',  ( 0.000000000000000000, 1.000000000000000000, 0.000000000000000000 ) ) ;
#7810 = CARTESIAN_POINT ( 'NONE',  ( -0.6999999999999998446, 2.079898987322333248, 0.6999999999999996225 ) ) ;
#7811 = DIRECTION ( 'NONE',  ( -1.000000000000000000, 0.000000000000000000, 0.000000000000000000 ) ) ;
#7812 = CYLINDRICAL_SURFACE ( 'NONE', #6095, 0.1249999999999995698 ) ;
#7813 = CARTESIAN_POINT ( 'NONE',  ( -1.224999999999999645, 0.1000000000000000472, -1.125000000000000222 ) ) ;
#7814 = ORIENTED_EDGE ( 'NONE', *, *, #4834, .T. ) ;
#7815 = CARTESIAN_POINT ( 'NONE',  ( -1.499999999999999112, 0.09999999999999999167, 1.300000000000000266 ) ) ;
#7816 = AXIS2_PLACEMENT_3D ( 'NONE', #745, #1424, #3336 ) ;
#7817 = LINE ( 'NONE', #3361, #5108 ) ;
#7818 = EDGE_CURVE ( 'NONE', #7182, #7158, #3672, .T. ) ;
#7819 = VECTOR ( 'NONE', #7015, 1000.000000000000000 ) ;
#7820 = AXIS2_PLACEMENT_3D ( 'NONE', #2181, #4496, #1574 ) ;
#7821 = PLANE ( 'NONE',  #6279 ) ;
#7822 = DIRECTION ( 'NONE',  ( 0.000000000000000000, 0.000000000000000000, -1.000000000000000000 ) ) ;
#7823 = ORIENTED_EDGE ( 'NONE', *, *, #3236, .F. ) ;
#7824 = EDGE_LOOP ( 'NONE', ( #1473, #7021, #6879, #6721 ) ) ;
#7825 = DIRECTION ( 'NONE',  ( -0.000000000000000000, -1.000000000000000000, -0.000000000000000000 ) ) ;
#7826 = EDGE_CURVE ( 'NONE', #617, #7238, #6311, .T. ) ;
#7827 = DIRECTION ( 'NONE',  ( -7.228014483236695816E-17, 0.000000000000000000, -1.000000000000000000 ) ) ;
#7828 = PLANE ( 'NONE',  #5595 ) ;
#7829 = DIRECTION ( 'NONE',  ( 1.000000000000000000, 0.000000000000000000, 0.000000000000000000 ) ) ;
#7830 = CARTESIAN_POINT ( 'NONE',  ( 1.299999999999999600, 0.09999999999999999167, 1.499999999999999778 ) ) ;
#7831 = CARTESIAN_POINT ( 'NONE',  ( 0.000000000000000000, 0.05000000000000000278, 1.124999999999999778 ) ) ;
#7832 = LINE ( 'NONE', #3225, #7819 ) ;
#7833 = AXIS2_PLACEMENT_3D ( 'NONE', #4464, #7609, #3150 ) ;
#7834 = CARTESIAN_POINT ( 'NONE',  ( 1.500000000000000000, 0.09999999999999999167, -0.1250000000000001110 ) ) ;
#7835 = ORIENTED_EDGE ( 'NONE', *, *, #5910, .F. ) ;
#7836 = EDGE_LOOP ( 'NONE', ( #1892, #4238, #178, #4193 ) ) ;
#7837 = DIRECTION ( 'NONE',  ( 0.000000000000000000, 0.000000000000000000, 1.000000000000000000 ) ) ;
#7838 = CARTESIAN_POINT ( 'NONE',  ( 1.499999999999999556, 0.05000000000000000278, -1.500000000000000222 ) ) ;
#7839 = EDGE_CURVE ( 'NONE', #935, #3619, #987, .T. ) ;
#7840 = ADVANCED_FACE ( 'NONE', ( #957 ), #7399, .F. ) ;
#7841 = ADVANCED_FACE ( 'NONE', ( #3747 ), #974, .T. ) ;
#7842 = FACE_OUTER_BOUND ( 'NONE', #6110, .T. ) ;
#7843 = DIRECTION ( 'NONE',  ( -3.942553354492735642E-16, 0.000000000000000000, 1.000000000000000000 ) ) ;
#7844 = VECTOR ( 'NONE', #1763, 1000.000000000000000 ) ;
#7845 = FACE_OUTER_BOUND ( 'NONE', #1526, .T. ) ;
#7846 = DIRECTION ( 'NONE',  ( 0.000000000000000000, 0.000000000000000000, 1.000000000000000000 ) ) ;
#7847 = EDGE_LOOP ( 'NONE', ( #1020, #5810, #3143, #6035 ) ) ;
#7848 = EDGE_LOOP ( 'NONE', ( #5846, #532, #7016, #2615 ) ) ;
#7849 = AXIS2_PLACEMENT_3D ( 'NONE', #3081, #89, #2938 ) ;
#7850 = DIRECTION ( 'NONE',  ( 0.000000000000000000, -1.000000000000000000, 0.000000000000000000 ) ) ;
ENDSEC;
END-ISO-10303-21;
