:0200000460009A
:100000004643464200000156000000000101020084
:1000100000000000000000000000000000000000E0
:1000200000000000000000000000000000000000D0
:1000300000000000000000000000000000000000C0
:1000400000000000010406010000000000000000A4
:100050000000800000000000000000000000000020
:100060000000000000000000000000000000000090
:100070000000000000000000000000000000000080
:10008000EB04180AFF1E04320126000000000000E5
:100090000000000000000000000000000000000060
:1000A0000000000000000000000000000000000050
:1000B0000000000000000000000000000000000040
:1000C0000000000000000000000000000000000030
:1000D0000000000000000000000000000000000020
:1000E0000000000000000000000000000000000010
:1000F0000000000000000000000000000000000000
:1001000000000000000000000000000000000000EF
:1001100000000000000000000000000000000000DF
:1001200000000000000000000000000000000000CF
:1001300000000000000000000000000000000000BF
:1001400000000000000000000000000000000000AF
:10015000000000000000000000000000000000009F
:10016000000000000000000000000000000000008F
:10017000000000000000000000000000000000007F
:10018000000000000000000000000000000000006F
:10019000000000000000000000000000000000005F
:1001A000000000000000000000000000000000004F
:1001B000000000000000000000000000000000003F
:1001C000000100000010000001000000000000001D
:1001D000000001000000000000000000000000001E
:1001E000000000000000000000000000000000000F
:1001F00000000000000000000000000000000000FF
:10020000FFFFFFFFFFFFFFFFFFFFFFFFFFFFFFFFFE
:10021000FFFFFFFFFFFFFFFFFFFFFFFFFFFFFFFFEE
:10022000FFFFFFFFFFFFFFFFFFFFFFFFFFFFFFFFDE
:10023000FFFFFFFFFFFFFFFFFFFFFFFFFFFFFFFFCE
:10024000FFFFFFFFFFFFFFFFFFFFFFFFFFFFFFFFBE
:10025000FFFFFFFFFFFFFFFFFFFFFFFFFFFFFFFFAE
:10026000FFFFFFFFFFFFFFFFFFFFFFFFFFFFFFFF9E
:10027000FFFFFFFFFFFFFFFFFFFFFFFFFFFFFFFF8E
:10028000FFFFFFFFFFFFFFFFFFFFFFFFFFFFFFFF7E
:10029000FFFFFFFFFFFFFFFFFFFFFFFFFFFFFFFF6E
:1002A000FFFFFFFFFFFFFFFFFFFFFFFFFFFFFFFF5E
:1002B000FFFFFFFFFFFFFFFFFFFFFFFFFFFFFFFF4E
:1002C000FFFFFFFFFFFFFFFFFFFFFFFFFFFFFFFF3E
:1002D000FFFFFFFFFFFFFFFFFFFFFFFFFFFFFFFF2E
:1002E000FFFFFFFFFFFFFFFFFFFFFFFFFFFFFFFF1E
:1002F000FFFFFFFFFFFFFFFFFFFFFFFFFFFFFFFF0E
:10030000FFFFFFFFFFFFFFFFFFFFFFFFFFFFFFFFFD
:10031000FFFFFFFFFFFFFFFFFFFFFFFFFFFFFFFFED
:10032000FFFFFFFFFFFFFFFFFFFFFFFFFFFFFFFFDD
:10033000FFFFFFFFFFFFFFFFFFFFFFFFFFFFFFFFCD
:10034000FFFFFFFFFFFFFFFFFFFFFFFFFFFFFFFFBD
:10035000FFFFFFFFFFFFFFFFFFFFFFFFFFFFFFFFAD
:10036000FFFFFFFFFFFFFFFFFFFFFFFFFFFFFFFF9D
:10037000FFFFFFFFFFFFFFFFFFFFFFFFFFFFFFFF8D
:10038000FFFFFFFFFFFFFFFFFFFFFFFFFFFFFFFF7D
:10039000FFFFFFFFFFFFFFFFFFFFFFFFFFFFFFFF6D
:1003A000FFFFFFFFFFFFFFFFFFFFFFFFFFFFFFFF5D
:1003B000FFFFFFFFFFFFFFFFFFFFFFFFFFFFFFFF4D
:1003C000FFFFFFFFFFFFFFFFFFFFFFFFFFFFFFFF3D
:1003D000FFFFFFFFFFFFFFFFFFFFFFFFFFFFFFFF2D
:1003E000FFFFFFFFFFFFFFFFFFFFFFFFFFFFFFFF1D
:1003F000FFFFFFFFFFFFFFFFFFFFFFFFFFFFFFFF0D
:10040000FFFFFFFFFFFFFFFFFFFFFFFFFFFFFFFFFC
:10041000FFFFFFFFFFFFFFFFFFFFFFFFFFFFFFFFEC
:10042000FFFFFFFFFFFFFFFFFFFFFFFFFFFFFFFFDC
:10043000FFFFFFFFFFFFFFFFFFFFFFFFFFFFFFFFCC
:10044000FFFFFFFFFFFFFFFFFFFFFFFFFFFFFFFFBC
:10045000FFFFFFFFFFFFFFFFFFFFFFFFFFFFFFFFAC
:10046000FFFFFFFFFFFFFFFFFFFFFFFFFFFFFFFF9C
:10047000FFFFFFFFFFFFFFFFFFFFFFFFFFFFFFFF8C
:10048000FFFFFFFFFFFFFFFFFFFFFFFFFFFFFFFF7C
:10049000FFFFFFFFFFFFFFFFFFFFFFFFFFFFFFFF6C
:1004A000FFFFFFFFFFFFFFFFFFFFFFFFFFFFFFFF5C
:1004B000FFFFFFFFFFFFFFFFFFFFFFFFFFFFFFFF4C
:1004C000FFFFFFFFFFFFFFFFFFFFFFFFFFFFFFFF3C
:1004D000FFFFFFFFFFFFFFFFFFFFFFFFFFFFFFFF2C
:1004E000FFFFFFFFFFFFFFFFFFFFFFFFFFFFFFFF1C
:1004F000FFFFFFFFFFFFFFFFFFFFFFFFFFFFFFFF0C
:10050000FFFFFFFFFFFFFFFFFFFFFFFFFFFFFFFFFB
:10051000FFFFFFFFFFFFFFFFFFFFFFFFFFFFFFFFEB
:10052000FFFFFFFFFFFFFFFFFFFFFFFFFFFFFFFFDB
:10053000FFFFFFFFFFFFFFFFFFFFFFFFFFFFFFFFCB
:10054000FFFFFFFFFFFFFFFFFFFFFFFFFFFFFFFFBB
:10055000FFFFFFFFFFFFFFFFFFFFFFFFFFFFFFFFAB
:10056000FFFFFFFFFFFFFFFFFFFFFFFFFFFFFFFF9B
:10057000FFFFFFFFFFFFFFFFFFFFFFFFFFFFFFFF8B
:10058000FFFFFFFFFFFFFFFFFFFFFFFFFFFFFFFF7B
:10059000FFFFFFFFFFFFFFFFFFFFFFFFFFFFFFFF6B
:1005A000FFFFFFFFFFFFFFFFFFFFFFFFFFFFFFFF5B
:1005B000FFFFFFFFFFFFFFFFFFFFFFFFFFFFFFFF4B
:1005C000FFFFFFFFFFFFFFFFFFFFFFFFFFFFFFFF3B
:1005D000FFFFFFFFFFFFFFFFFFFFFFFFFFFFFFFF2B
:1005E000FFFFFFFFFFFFFFFFFFFFFFFFFFFFFFFF1B
:1005F000FFFFFFFFFFFFFFFFFFFFFFFFFFFFFFFF0B
:10060000FFFFFFFFFFFFFFFFFFFFFFFFFFFFFFFFFA
:10061000FFFFFFFFFFFFFFFFFFFFFFFFFFFFFFFFEA
:10062000FFFFFFFFFFFFFFFFFFFFFFFFFFFFFFFFDA
:10063000FFFFFFFFFFFFFFFFFFFFFFFFFFFFFFFFCA
:10064000FFFFFFFFFFFFFFFFFFFFFFFFFFFFFFFFBA
:10065000FFFFFFFFFFFFFFFFFFFFFFFFFFFFFFFFAA
:10066000FFFFFFFFFFFFFFFFFFFFFFFFFFFFFFFF9A
:10067000FFFFFFFFFFFFFFFFFFFFFFFFFFFFFFFF8A
:10068000FFFFFFFFFFFFFFFFFFFFFFFFFFFFFFFF7A
:10069000FFFFFFFFFFFFFFFFFFFFFFFFFFFFFFFF6A
:1006A000FFFFFFFFFFFFFFFFFFFFFFFFFFFFFFFF5A
:1006B000FFFFFFFFFFFFFFFFFFFFFFFFFFFFFFFF4A
:1006C000FFFFFFFFFFFFFFFFFFFFFFFFFFFFFFFF3A
:1006D000FFFFFFFFFFFFFFFFFFFFFFFFFFFFFFFF2A
:1006E000FFFFFFFFFFFFFFFFFFFFFFFFFFFFFFFF1A
:1006F000FFFFFFFFFFFFFFFFFFFFFFFFFFFFFFFF0A
:10070000FFFFFFFFFFFFFFFFFFFFFFFFFFFFFFFFF9
:10071000FFFFFFFFFFFFFFFFFFFFFFFFFFFFFFFFE9
:10072000FFFFFFFFFFFFFFFFFFFFFFFFFFFFFFFFD9
:10073000FFFFFFFFFFFFFFFFFFFFFFFFFFFFFFFFC9
:10074000FFFFFFFFFFFFFFFFFFFFFFFFFFFFFFFFB9
:10075000FFFFFFFFFFFFFFFFFFFFFFFFFFFFFFFFA9
:10076000FFFFFFFFFFFFFFFFFFFFFFFFFFFFFFFF99
:10077000FFFFFFFFFFFFFFFFFFFFFFFFFFFFFFFF89
:10078000FFFFFFFFFFFFFFFFFFFFFFFFFFFFFFFF79
:10079000FFFFFFFFFFFFFFFFFFFFFFFFFFFFFFFF69
:1007A000FFFFFFFFFFFFFFFFFFFFFFFFFFFFFFFF59
:1007B000FFFFFFFFFFFFFFFFFFFFFFFFFFFFFFFF49
:1007C000FFFFFFFFFFFFFFFFFFFFFFFFFFFFFFFF39
:1007D000FFFFFFFFFFFFFFFFFFFFFFFFFFFFFFFF29
:1007E000FFFFFFFFFFFFFFFFFFFFFFFFFFFFFFFF19
:1007F000FFFFFFFFFFFFFFFFFFFFFFFFFFFFFFFF09
:10080000FFFFFFFFFFFFFFFFFFFFFFFFFFFFFFFFF8
:10081000FFFFFFFFFFFFFFFFFFFFFFFFFFFFFFFFE8
:10082000FFFFFFFFFFFFFFFFFFFFFFFFFFFFFFFFD8
:10083000FFFFFFFFFFFFFFFFFFFFFFFFFFFFFFFFC8
:10084000FFFFFFFFFFFFFFFFFFFFFFFFFFFFFFFFB8
:10085000FFFFFFFFFFFFFFFFFFFFFFFFFFFFFFFFA8
:10086000FFFFFFFFFFFFFFFFFFFFFFFFFFFFFFFF98
:10087000FFFFFFFFFFFFFFFFFFFFFFFFFFFFFFFF88
:10088000FFFFFFFFFFFFFFFFFFFFFFFFFFFFFFFF78
:10089000FFFFFFFFFFFFFFFFFFFFFFFFFFFFFFFF68
:1008A000FFFFFFFFFFFFFFFFFFFFFFFFFFFFFFFF58
:1008B000FFFFFFFFFFFFFFFFFFFFFFFFFFFFFFFF48
:1008C000FFFFFFFFFFFFFFFFFFFFFFFFFFFFFFFF38
:1008D000FFFFFFFFFFFFFFFFFFFFFFFFFFFFFFFF28
:1008E000FFFFFFFFFFFFFFFFFFFFFFFFFFFFFFFF18
:1008F000FFFFFFFFFFFFFFFFFFFFFFFFFFFFFFFF08
:10090000FFFFFFFFFFFFFFFFFFFFFFFFFFFFFFFFF7
:10091000FFFFFFFFFFFFFFFFFFFFFFFFFFFFFFFFE7
:10092000FFFFFFFFFFFFFFFFFFFFFFFFFFFFFFFFD7
:10093000FFFFFFFFFFFFFFFFFFFFFFFFFFFFFFFFC7
:10094000FFFFFFFFFFFFFFFFFFFFFFFFFFFFFFFFB7
:10095000FFFFFFFFFFFFFFFFFFFFFFFFFFFFFFFFA7
:10096000FFFFFFFFFFFFFFFFFFFFFFFFFFFFFFFF97
:10097000FFFFFFFFFFFFFFFFFFFFFFFFFFFFFFFF87
:10098000FFFFFFFFFFFFFFFFFFFFFFFFFFFFFFFF77
:10099000FFFFFFFFFFFFFFFFFFFFFFFFFFFFFFFF67
:1009A000FFFFFFFFFFFFFFFFFFFFFFFFFFFFFFFF57
:1009B000FFFFFFFFFFFFFFFFFFFFFFFFFFFFFFFF47
:1009C000FFFFFFFFFFFFFFFFFFFFFFFFFFFFFFFF37
:1009D000FFFFFFFFFFFFFFFFFFFFFFFFFFFFFFFF27
:1009E000FFFFFFFFFFFFFFFFFFFFFFFFFFFFFFFF17
:1009F000FFFFFFFFFFFFFFFFFFFFFFFFFFFFFFFF07
:100A0000FFFFFFFFFFFFFFFFFFFFFFFFFFFFFFFFF6
:100A1000FFFFFFFFFFFFFFFFFFFFFFFFFFFFFFFFE6
:100A2000FFFFFFFFFFFFFFFFFFFFFFFFFFFFFFFFD6
:100A3000FFFFFFFFFFFFFFFFFFFFFFFFFFFFFFFFC6
:100A4000FFFFFFFFFFFFFFFFFFFFFFFFFFFFFFFFB6
:100A5000FFFFFFFFFFFFFFFFFFFFFFFFFFFFFFFFA6
:100A6000FFFFFFFFFFFFFFFFFFFFFFFFFFFFFFFF96
:100A7000FFFFFFFFFFFFFFFFFFFFFFFFFFFFFFFF86
:100A8000FFFFFFFFFFFFFFFFFFFFFFFFFFFFFFFF76
:100A9000FFFFFFFFFFFFFFFFFFFFFFFFFFFFFFFF66
:100AA000FFFFFFFFFFFFFFFFFFFFFFFFFFFFFFFF56
:100AB000FFFFFFFFFFFFFFFFFFFFFFFFFFFFFFFF46
:100AC000FFFFFFFFFFFFFFFFFFFFFFFFFFFFFFFF36
:100AD000FFFFFFFFFFFFFFFFFFFFFFFFFFFFFFFF26
:100AE000FFFFFFFFFFFFFFFFFFFFFFFFFFFFFFFF16
:100AF000FFFFFFFFFFFFFFFFFFFFFFFFFFFFFFFF06
:100B0000FFFFFFFFFFFFFFFFFFFFFFFFFFFFFFFFF5
:100B1000FFFFFFFFFFFFFFFFFFFFFFFFFFFFFFFFE5
:100B2000FFFFFFFFFFFFFFFFFFFFFFFFFFFFFFFFD5
:100B3000FFFFFFFFFFFFFFFFFFFFFFFFFFFFFFFFC5
:100B4000FFFFFFFFFFFFFFFFFFFFFFFFFFFFFFFFB5
:100B5000FFFFFFFFFFFFFFFFFFFFFFFFFFFFFFFFA5
:100B6000FFFFFFFFFFFFFFFFFFFFFFFFFFFFFFFF95
:100B7000FFFFFFFFFFFFFFFFFFFFFFFFFFFFFFFF85
:100B8000FFFFFFFFFFFFFFFFFFFFFFFFFFFFFFFF75
:100B9000FFFFFFFFFFFFFFFFFFFFFFFFFFFFFFFF65
:100BA000FFFFFFFFFFFFFFFFFFFFFFFFFFFFFFFF55
:100BB000FFFFFFFFFFFFFFFFFFFFFFFFFFFFFFFF45
:100BC000FFFFFFFFFFFFFFFFFFFFFFFFFFFFFFFF35
:100BD000FFFFFFFFFFFFFFFFFFFFFFFFFFFFFFFF25
:100BE000FFFFFFFFFFFFFFFFFFFFFFFFFFFFFFFF15
:100BF000FFFFFFFFFFFFFFFFFFFFFFFFFFFFFFFF05
:100C0000FFFFFFFFFFFFFFFFFFFFFFFFFFFFFFFFF4
:100C1000FFFFFFFFFFFFFFFFFFFFFFFFFFFFFFFFE4
:100C2000FFFFFFFFFFFFFFFFFFFFFFFFFFFFFFFFD4
:100C3000FFFFFFFFFFFFFFFFFFFFFFFFFFFFFFFFC4
:100C4000FFFFFFFFFFFFFFFFFFFFFFFFFFFFFFFFB4
:100C5000FFFFFFFFFFFFFFFFFFFFFFFFFFFFFFFFA4
:100C6000FFFFFFFFFFFFFFFFFFFFFFFFFFFFFFFF94
:100C7000FFFFFFFFFFFFFFFFFFFFFFFFFFFFFFFF84
:100C8000FFFFFFFFFFFFFFFFFFFFFFFFFFFFFFFF74
:100C9000FFFFFFFFFFFFFFFFFFFFFFFFFFFFFFFF64
:100CA000FFFFFFFFFFFFFFFFFFFFFFFFFFFFFFFF54
:100CB000FFFFFFFFFFFFFFFFFFFFFFFFFFFFFFFF44
:100CC000FFFFFFFFFFFFFFFFFFFFFFFFFFFFFFFF34
:100CD000FFFFFFFFFFFFFFFFFFFFFFFFFFFFFFFF24
:100CE000FFFFFFFFFFFFFFFFFFFFFFFFFFFFFFFF14
:100CF000FFFFFFFFFFFFFFFFFFFFFFFFFFFFFFFF04
:100D0000FFFFFFFFFFFFFFFFFFFFFFFFFFFFFFFFF3
:100D1000FFFFFFFFFFFFFFFFFFFFFFFFFFFFFFFFE3
:100D2000FFFFFFFFFFFFFFFFFFFFFFFFFFFFFFFFD3
:100D3000FFFFFFFFFFFFFFFFFFFFFFFFFFFFFFFFC3
:100D4000FFFFFFFFFFFFFFFFFFFFFFFFFFFFFFFFB3
:100D5000FFFFFFFFFFFFFFFFFFFFFFFFFFFFFFFFA3
:100D6000FFFFFFFFFFFFFFFFFFFFFFFFFFFFFFFF93
:100D7000FFFFFFFFFFFFFFFFFFFFFFFFFFFFFFFF83
:100D8000FFFFFFFFFFFFFFFFFFFFFFFFFFFFFFFF73
:100D9000FFFFFFFFFFFFFFFFFFFFFFFFFFFFFFFF63
:100DA000FFFFFFFFFFFFFFFFFFFFFFFFFFFFFFFF53
:100DB000FFFFFFFFFFFFFFFFFFFFFFFFFFFFFFFF43
:100DC000FFFFFFFFFFFFFFFFFFFFFFFFFFFFFFFF33
:100DD000FFFFFFFFFFFFFFFFFFFFFFFFFFFFFFFF23
:100DE000FFFFFFFFFFFFFFFFFFFFFFFFFFFFFFFF13
:100DF000FFFFFFFFFFFFFFFFFFFFFFFFFFFFFFFF03
:100E0000FFFFFFFFFFFFFFFFFFFFFFFFFFFFFFFFF2
:100E1000FFFFFFFFFFFFFFFFFFFFFFFFFFFFFFFFE2
:100E2000FFFFFFFFFFFFFFFFFFFFFFFFFFFFFFFFD2
:100E3000FFFFFFFFFFFFFFFFFFFFFFFFFFFFFFFFC2
:100E4000FFFFFFFFFFFFFFFFFFFFFFFFFFFFFFFFB2
:100E5000FFFFFFFFFFFFFFFFFFFFFFFFFFFFFFFFA2
:100E6000FFFFFFFFFFFFFFFFFFFFFFFFFFFFFFFF92
:100E7000FFFFFFFFFFFFFFFFFFFFFFFFFFFFFFFF82
:100E8000FFFFFFFFFFFFFFFFFFFFFFFFFFFFFFFF72
:100E9000FFFFFFFFFFFFFFFFFFFFFFFFFFFFFFFF62
:100EA000FFFFFFFFFFFFFFFFFFFFFFFFFFFFFFFF52
:100EB000FFFFFFFFFFFFFFFFFFFFFFFFFFFFFFFF42
:100EC000FFFFFFFFFFFFFFFFFFFFFFFFFFFFFFFF32
:100ED000FFFFFFFFFFFFFFFFFFFFFFFFFFFFFFFF22
:100EE000FFFFFFFFFFFFFFFFFFFFFFFFFFFFFFFF12
:100EF000FFFFFFFFFFFFFFFFFFFFFFFFFFFFFFFF02
:100F0000FFFFFFFFFFFFFFFFFFFFFFFFFFFFFFFFF1
:100F1000FFFFFFFFFFFFFFFFFFFFFFFFFFFFFFFFE1
:100F2000FFFFFFFFFFFFFFFFFFFFFFFFFFFFFFFFD1
:100F3000FFFFFFFFFFFFFFFFFFFFFFFFFFFFFFFFC1
:100F4000FFFFFFFFFFFFFFFFFFFFFFFFFFFFFFFFB1
:100F5000FFFFFFFFFFFFFFFFFFFFFFFFFFFFFFFFA1
:100F6000FFFFFFFFFFFFFFFFFFFFFFFFFFFFFFFF91
:100F7000FFFFFFFFFFFFFFFFFFFFFFFFFFFFFFFF81
:100F8000FFFFFFFFFFFFFFFFFFFFFFFFFFFFFFFF71
:100F9000FFFFFFFFFFFFFFFFFFFFFFFFFFFFFFFF61
:100FA000FFFFFFFFFFFFFFFFFFFFFFFFFFFFFFFF51
:100FB000FFFFFFFFFFFFFFFFFFFFFFFFFFFFFFFF41
:100FC000FFFFFFFFFFFFFFFFFFFFFFFFFFFFFFFF31
:100FD000FFFFFFFFFFFFFFFFFFFFFFFFFFFFFFFF21
:100FE000FFFFFFFFFFFFFFFFFFFFFFFFFFFFFFFF11
:100FF000FFFFFFFFFFFFFFFFFFFFFFFFFFFFFFFF01
:10100000D1002043F1150060000000000000000046
:10101000201000600010006000200460000000004C
:1010200000000060002C040000000000FFFFFFFF34
:10103000FFFFFFFFFFFFFFFFFFFFFFFFFFFFFFFFC0
:10104000FFFFFFFFFFFFFFFFFFFFFFFFFFFFFFFFB0
:10105000FFFFFFFFFFFFFFFFFFFFFFFFFFFFFFFFA0
:10106000FFFFFFFFFFFFFFFFFFFFFFFFFFFFFFFF90
:10107000FFFFFFFFFFFFFFFFFFFFFFFFFFFFFFFF80
:10108000FFFFFFFFFFFFFFFFFFFFFFFFFFFFFFFF70
:10109000FFFFFFFFFFFFFFFFFFFFFFFFFFFFFFFF60
:1010A000FFFFFFFFFFFFFFFFFFFFFFFFFFFFFFFF50
:1010B000FFFFFFFFFFFFFFFFFFFFFFFFFFFFFFFF40
:1010C000FFFFFFFFFFFFFFFFFFFFFFFFFFFFFFFF30
:1010D000FFFFFFFFFFFFFFFFFFFFFFFFFFFFFFFF20
:1010E000FFFFFFFFFFFFFFFFFFFFFFFFFFFFFFFF10
:1010F000FFFFFFFFFFFFFFFFFFFFFFFFFFFFFFFF00
:10110000FFFFFFFFFFFFFFFFFFFFFFFFFFFFFFFFEF
:10111000FFFFFFFFFFFFFFFFFFFFFFFFFFFFFFFFDF
:10112000FFFFFFFFFFFFFFFFFFFFFFFFFFFFFFFFCF
:10113000FFFFFFFFFFFFFFFFFFFFFFFFFFFFFFFFBF
:10114000FFFFFFFFFFFFFFFFFFFFFFFFFFFFFFFFAF
:10115000FFFFFFFFFFFFFFFFFFFFFFFFFFFFFFFF9F
:10116000FFFFFFFFFFFFFFFFFFFFFFFFFFFFFFFF8F
:10117000FFFFFFFFFFFFFFFFFFFFFFFFFFFFFFFF7F
:10118000FFFFFFFFFFFFFFFFFFFFFFFFFFFFFFFF6F
:10119000FFFFFFFFFFFFFFFFFFFFFFFFFFFFFFFF5F
:1011A000FFFFFFFFFFFFFFFFFFFFFFFFFFFFFFFF4F
:1011B000FFFFFFFFFFFFFFFFFFFFFFFFFFFFFFFF3F
:1011C000FFFFFFFFFFFFFFFFFFFFFFFFFFFFFFFF2F
:1011D000FFFFFFFFFFFFFFFFFFFFFFFFFFFFFFFF1F
:1011E000FFFFFFFFFFFFFFFFFFFFFFFFFFFFFFFF0F
:1011F000FFFFFFFFFFFFFFFFFFFFFFFFFFFFFFFFFF
:10120000FFFFFFFFFFFFFFFFFFFFFFFFFFFFFFFFEE
:10121000FFFFFFFFFFFFFFFFFFFFFFFFFFFFFFFFDE
:10122000FFFFFFFFFFFFFFFFFFFFFFFFFFFFFFFFCE
:10123000FFFFFFFFFFFFFFFFFFFFFFFFFFFFFFFFBE
:10124000FFFFFFFFFFFFFFFFFFFFFFFFFFFFFFFFAE
:10125000FFFFFFFFFFFFFFFFFFFFFFFFFFFFFFFF9E
:10126000FFFFFFFFFFFFFFFFFFFFFFFFFFFFFFFF8E
:10127000FFFFFFFFFFFFFFFFFFFFFFFFFFFFFFFF7E
:10128000FFFFFFFFFFFFFFFFFFFFFFFFFFFFFFFF6E
:10129000FFFFFFFFFFFFFFFFFFFFFFFFFFFFFFFF5E
:1012A000FFFFFFFFFFFFFFFFFFFFFFFFFFFFFFFF4E
:1012B000FFFFFFFFFFFFFFFFFFFFFFFFFFFFFFFF3E
:1012C000FFFFFFFFFFFFFFFFFFFFFFFFFFFFFFFF2E
:1012D000FFFFFFFFFFFFFFFFFFFFFFFFFFFFFFFF1E
:1012E000FFFFFFFFFFFFFFFFFFFFFFFFFFFFFFFF0E
:1012F000FFFFFFFFFFFFFFFFFFFFFFFFFFFFFFFFFE
:10130000FFFFFFFFFFFFFFFFFFFFFFFFFFFFFFFFED
:10131000FFFFFFFFFFFFFFFFFFFFFFFFFFFFFFFFDD
:10132000FFFFFFFFFFFFFFFFFFFFFFFFFFFFFFFFCD
:10133000FFFFFFFFFFFFFFFFFFFFFFFFFFFFFFFFBD
:10134000FFFFFFFFFFFFFFFFFFFFFFFFFFFFFFFFAD
:10135000FFFFFFFFFFFFFFFFFFFFFFFFFFFFFFFF9D
:10136000FFFFFFFFFFFFFFFFFFFFFFFFFFFFFFFF8D
:10137000FFFFFFFFFFFFFFFFFFFFFFFFFFFFFFFF7D
:10138000FFFFFFFFFFFFFFFFFFFFFFFFFFFFFFFF6D
:10139000FFFFFFFFFFFFFFFFFFFFFFFFFFFFFFFF5D
:1013A000FFFFFFFFFFFFFFFFFFFFFFFFFFFFFFFF4D
:1013B000FFFFFFFFFFFFFFFFFFFFFFFFFFFFFFFF3D
:1013C000FFFFFFFFFFFFFFFFFFFFFFFFFFFFFFFF2D
:1013D000FFFFFFFFFFFFFFFFFFFFFFFFFFFFFFFF1D
:1013E000FFFFFFFFFFFFFFFFFFFFFFFFFFFFFFFF0D
:1013F000FFFFFFFFFFFFFFFFFFFFFFFFFFFFFFFFFD
:10140000824205D051F8043B40F8043B8242F9D8AF
:10141000704700BF044A05494FF0000342F8043BFF
:101420009142FBD8704700BFC07202204051042097
:1014300008B5BFF34F8F00F03DFE544C544B0820CD
:101440005449C3F85401544AC3F800115348C3F82F
:10145000F0405349FFF7D4FF524A53495348FFF72E
:10146000CFFF534CFFF7D6FF4FF470004FF0E02151
:101470000023504AC1F8880D44F823200133B02BD3
:10148000FAD14D4B80214D4A03F8011B9342FBD109
:101490004FF0E0254A4E4B4A4FF0FF31C5F8084D5A
:1014A000D5F8243D43F4E023C5F8243DF36923F047
:1014B0007F0343F04003F361736A23F07F0343F03B
:1014C000400373629166D1661167516700F0FAFDBF
:1014D0003D4A3E4BA2636322E36300246A61032317
:1014E0003B4AAC612B61C5F8202DD5F8FC2D394B5A
:1014F00042F080723849C5F8FC2D1A6842F00102AA
:101500001A605B680B6000F0ADFF344801F024F90D
:10151000F16E334B334A41F44051F1661C60C3F81D
:101520000841C3F81841C3F82841C3F83841936B08
:10153000DB0708D442F615632B4951651365936B9D
:1015400043F001039363274A284C936843F0011347
:10155000936000F045FE00F02DFD01F011F900F060
:10156000B3FF00F0A9FD2368132BFCD901F048F864
:101570002368B3F5967FFBD300F0A2FD00F09EFD3B
:1015800001F0E6F801F004F930BFFDE70C0D11138E
:1015900000800D401B101820688101000000000031
:1015A000B0290060C07202201CAB01600000002066
:1015B0000070022085B1000000E400E0A0E400E03B
:1015C00000C00F4000C00A401DA6000021A6000078
:1015D00000002020001000E09C3004200046C323BF
:1015E0000040084000400D400000C056A0300420DC
:1015F000054B4FF42A01054A05485A641864054A08
:1016000099639546FFF714FF00C00A40FFAAAAAAF3
:1016100007002000000006200346094A09485B69CC
:1016200003EB01110B7A02EB0313D3E901321060D3
:10163000CA681A600B690BB14A691A60704700BF2B
:10164000DCCA002061F801004369027E03EB02124C
:1016500092F808C08C450FD01A7AFF2A0CD091421C
:101660001CD01A7EFF2A07D00121D3E9002312687B
:101670001A4202D1017670477047094B052203EBED
:101680000C135B6800B583B01A60CDE90001FFF769
:10169000C3FFDDE90001017603B000BD0021E4E7EE
:1016A000DCCA00200346094A09485B6903EB0111C3
:1016B00091F8283002EB0313D3E901321060CA6AB3
:1016C0001A600B6B0BB14A6B1A607047DCCA0020C2
:1016D00061F801004369427E03EB021292F828C0D0
:1016E0008C4511D093F82820FF2A0DD091421DD0AF
:1016F00093F83820FF2A07D00121D3E9002312688C
:101700001A4202D1417670477047094B052203EB1C
:101710000C135B6800B583B01A60CDE90001FFF7D8
:10172000C1FFDDE90001417603B000BD0021E4E71F
:10173000DCCA00201A4942698B6BDFF86CC023F4C5
:101740007C0343F4802300B583B08B63D2E900139C
:1017500001900A681A4303690A60022200211A6193
:10176000104A19619A6401225A62C3F828C04FF4E2
:10177000303CC3F82CC04FF0011CD3F848E0C3F84C
:1017800050E01962C3F858C01A61017EFFF744FFA8
:101790000198417E03B05DF804EBFFF783BF00BF03
:1017A00000C00F403B372819B80B0505214B00201E
:1017B00010B4C3E92000C3E92200C3E92400C3E94F
:1017C0002600C3F8A800BFF34F8F4FF0E0231A495B
:1017D0001A4AC3F8701FC3F8702FBFF34F8FBFF3BF
:1017E0006F8F174B0146174C0122D3F808C004F63F
:1017F000DC74C3F808C01863134B44F81C0C18467B
:1018000002330088A34212FA80F21144F7D192B257
:101810000C4B42EA0142C3F8DC2FBFF34F8F4FF06D
:10182000E023094AC3F8682FBFF34F8FBFF36F8FD0
:1018300010BC704700FF272080FF2720A0FF272033
:1018400000800F4000F02720C0FF2720994BD3F8DD
:1018500080300B2B2DE9F0410D4682B040F0F8802E
:101860004FF0FF319448954B954E02682024043088
:10187000514041F30002013C02EA030282EA5101B5
:10188000F7D1B042F1D1DFF82C82D8F8A8309942D4
:1018900040F0DE802B680C228A4928465B68984716
:1018A000284600F065FF2A68D8F8A4102846526838
:1018B000854BCDE90012A3FB012784497F09A3FBD7
:1018C000072326225E09019BC8F8A4609847804937
:1018D0000A222846A1FB06312346090901EB4101F2
:1018E000A6EBC10100F058FF2B68C6EB06160122DB
:1018F0005B682846774998472346A7EB86010A226A
:101900002846C7EB071700F047FF2B6801227149F3
:101910005B6828469847009923460A22A1EB870175
:10192000284600F039FF284600F022FF2B682422C9
:1019300069495B682846984723461022D8F89810D2
:10194000284600F029FF284600F012FFD8F88860EA
:101950002B68002E40F05781564ED6F88C40002C54
:1019600040F07A8122225B685C4928469847514BB7
:101970000221284693ED280AB7EEC00A00F0F0FED7
:101980002B68042256495B6828469847284600F091
:10199000EFFE2B681D2253495B6828469847524A40
:1019A0005248002311680A22A0FB01012846890C35
:1019B00000F0F2FE2B6803224D495B6828469847E9
:1019C000284600F0D5FE4B4B9C68A2070DD5196B3D
:1019D000494A2B6891425B6800F0368140224749B2
:1019E00028469847284600F0C3FE670700F1968016
:1019F000260700F19F80E00600F1A880A10600F113
:101A0000B180620600F1BA80230600F1C38014F4AD
:101A1000807440F0CC80274BD3F8C06096B1D3F8E7
:101A2000DC700122C03336481946023309888342EC
:101A300012FA81F21444F7D193B243EA04439F426D
:101A400000F02381FFF7B2FE012002B0BDE8F08173
:101A50002B6817222B4928465B689847284600F0D8
:101A600087FE2B68482228495B6828469847284605
:101A700000F07EFE2B68492224495B68284698477F
:101A8000284600F075FE2B68242221495B68284611
:101A90009847284600F06CFE2B6847221D495B687A
:101AA00028469847284600F063FE2B683F221A49D3
:101AB00083E700BF00FF272080FF27202083B8EDA9
:101AC000A8FF2720CCD5002089888888DCD5002075
:101AD000ABAAAAAAE8CE002004D600208CDA002007
:101AE000B0DA0020B8DA00205866022083DE1B43FB
:101AF000D8DA002000800F40F100AD0B88DC002018
:101B0000DCFF2720DCDA0020F4DA002040DB0020B4
:101B10008CDB0020B4DB0020FCDB00202B682722BC
:101B20009C4928465B689847284600F021FE260716
:101B30007FF561AF2B682A22974928465B68984752
:101B4000284600F015FEE0067FF558AF2B682622E8
:101B5000924928465B689847284600F009FEA1068E
:101B60007FF54FAF2B6829228D4928465B6898473F
:101B7000284600F0FDFD62067FF546AF2B68212266
:101B8000884928465B689847284600F0F1FD2306FF
:101B90007FF53DAF2B682122834928465B68984733
:101BA000284600F0E5FD14F480743FF434AF2B6850
:101BB00029227E4928465B689847284600F0D8FDD0
:101BC0007B49286821228B684468284623F4807367
:101BD0008B607849A047284600F0CAFD2B68422256
:101BE00075495B6828469847284600F0C1FD734A4E
:101BF000734B07211964936B43F040039363BFF366
:101C00004F8F30BFFDE75B6808226E492846984732
:101C100023461022D8F88810284600F0BDFD28463B
:101C200000F0A6FD2B68F7075C686ED4B00700F1E2
:101C30004D81310700F14181F20600F15381B70671
:101C40006BD52A22604962E04822604928469847BD
:101C5000284600F08DFDC8E65B6808225C492846EE
:101C600098470023D6F88C101022284600F094FDE7
:101C7000284600F07DFD2B68A0075E6863D46100F4
:101C80007FF570AE1B2253495FE0002406E0062F6B
:101C90003C463FF4D7AE504BD3F8C0604FF001083C
:101CA00008FA04F304EB08073342F0D02B680E2245
:101CB0004A4928465B6898473946284600F054FD53
:101CC0002B68052246495B6828469847454B0A22FF
:101CD000284603EB84040023616800F05DFD2B6857
:101CE000042241495B682846984761680023102216
:101CF000284600F051FD2B6842463C495B68284667
:101D00009847284600F034FDC1E728223849284684
:101D1000A047284600F02CFD2B68340672D4F0054D
:101D20005C6819D4B10500F1CE80720500F1C8805D
:101D3000370500F1D480F00400F1CE80B10413D552
:101D400031222C490AE026222B492846B047284652
:101D500000F00EFD2B6805E6202228492846A04702
:101D6000284600F005FD2B68320470D4F7035C6848
:101D700064D4B00300F1AD8071037AD4320300F172
:101D8000B780F70100F1B180B6017FF5E5AD1B2208
:101D90001B4955E0CCDC0020F4DC002020DD0020D5
:101DA00048DD002074DD002098DD0020BCDD00202F
:101DB00000800F40E8DD00200CDE002000400D40D8
:101DC00000C00A402CD60020DCD600203CDC0020DD
:101DD0003CDA002070DA002000FF272050DE0020CF
:101DE00060DE0020C0FF272068DE002040D80020F1
:101DF00038D6002000D9002048DA0020F0D7002093
:101E000020DA00203F4C21225B6828463E49984753
:101E100010220023D4F89010284600F0BDFCD4F81E
:101E200090201F2A28D9394B9A4202D320339A4254
:101E300061D3284600F09CFC2B6870E723223449CC
:101E40002846A047284600F093FC2B6884E55B6891
:101E500021223049284698472A4900231022D1F8E8
:101E60009410284600F098FC284600F081FC2B686E
:101E70007CE728222849E3E72B681F2227492846C8
:101E80005B689847D4F8981000231022284600F089
:101E900083FC2B683F2222495B6828469847D4F888
:101EA000981000231022284600F076FC2B681D2293
:101EB0001C495B6828469847BBE729221A4926E750
:101EC00044221A494AE72D22194947E72122194994
:101ED0001DE731221849B3E7332218493EE73F2274
:101EE00017493BE72522174911E728221649A7E79A
:101EF00016221649A4E72B684222154928465B683A
:101F0000984796E700FF272008D70020405104207B
:101F100058D9002034D90020B0D900202CD7002077
:101F20004CD700208CD7002088D6002044D8002031
:101F300014D8002064D600207CD90020CCD8002002
:101F40008CD80020B4D60020F4D90020DCD90020A1
:101F5000ACD70020134BD3F880300B2B1FD14FF0A0
:101F6000FF32DFF848C0104800B5DFF844E0DCF885
:101F7000003020210CF1040C5A4042F300030139D7
:101F800003EA000383EA5202F7D1F445EFD1054B8F
:101F9000D3F8A800801AB0FA80F0400900BD0020F4
:101FA000704700BF00FF27202083B8ED80FF272067
:101FB000A8FF27200F4B40F2376C0F4AA020D96EA4
:101FC00041F44031D966D96E41F44071D966C2F806
:101FD00044C09064936C1B06FCD4084A40F23761FD
:101FE000A02351649364936C13F08003FBD1044AE3
:101FF0001370704700C00F4000400C4000800C4040
:10200000F6500420294A00210123C2F8A000C2F89A
:10201000A410C2F8B0305369D907FCD501234FF49E
:10202000803C22495361C2F8A000C2F8A4C0C2F8A3
:10203000B0304B69DB07FCD501234FF4003C1B4A51
:102040004B61C1F8A000C1F8A4C0C1F8B030536919
:10205000D907FCD50123DFF858C014495361C2F8F1
:10206000A000C2F8A4C0C2F8B0304B69DB07FCD5B1
:10207000D1F8003145F60D504FF0210C9AB2C1F85D
:1020800014C0824210D045F69D518A420AD1C3F352
:102090004253032B08D0A3F10403B3FA83F35B0983
:1020A00018017047002070470820704700402A4000
:1020B00004000300704700BF704700BF704700BFB7
:1020C00000BF70474FF0E02300214FF0100C344860
:1020D000C3F8941DC3F89CCD4FF0110CC3F8A00DAC
:1020E0003048C3F89CCD4FF0120CC3F8A00D2E4819
:1020F000C3F89CCD2D4AC3F8A00DDFF8D0C042F044
:1021000015022B48C3F89CCDC3F8A00DDFF8C0C062
:102110002848C3F89CCDC3F8A00DDFF8B8C0C3F8B9
:102120009C2D2548254AC3F8A0CDC3F89C0DC3F8C3
:10213000A02D02F5A022DFF8A0C00C322048C3F881
:102140009CCDC3F8A02D1F4AC3F89C0DC3F8A02D49
:1021500002F14062DFF884C002321B48C3F89CCD14
:10216000C3F8A02D0A32C3F89C0DC3F8A02D00BF00
:1021700000BF00BF00BF00BF0122C3F8942DBFF312
:102180004F8FBFF36F8FC3F8501FBFF34F8FBFF355
:102190006F8FD3F8142D42F44032C3F8142D7047DA
:1021A0003F000010250008070900100040510420DE
:1021B00021000207250008131600202027000B131A
:1021C000180000602F000B071A0000801300200089
:1021D00014000020090000101700004019000070D2
:1021E00030B5864B85B0DFF874E21822844D0120AB
:1021F000C3F85CE28349C3F86052A5F58055DFF867
:1022000060C2814CC3F864E2C3F868522125C3F868
:102210006CC2C3F870C2C3F874C2C3F878C248F283
:102220000C7CDA661A675A679A67DA67C3F8802007
:10223000C3F88420C3F88820C1F82C03734AC1F87E
:102240003003C1F83403C1F83803C1F83C03C1F8C6
:102250005003A1696E4B0A406E486F4913436F4AA1
:10226000A361D4F8843043F00C03C4F884304FF0F9
:10227000FF34036843F002030360036803EA0C03BE
:102280001A43674B026044608A68664C1340664A92
:1022900043F000538360C36823F07803C360036A8C
:1022A00023401A43604B0262026A22405F4C134390
:1022B000002243628462C46240F20564D1F8B830FF
:1022C00023F03F0343F00103C0F8B830D1F8BC302D
:1022D000574923F03F0343F00103C0F8BC300261CB
:1022E0000567C0F880404567C0F884400224036851
:1022F00023F00203036081614E4B4F49C46143F8F0
:10230000042B8B42FBD1434C236843F00103236031
:10231000256815F00105FBD14548022240F2F56120
:10232000A06140F29940E26140F26642C4F80012B6
:1023300042F20141C4F81022404AC4F82002C4F815
:10234000302240F23542C4F834123D48C4F84022ED
:102350003C4AC4F850022846C4F8542242F20122F2
:102360003949C4F86012C4F86422FFF74BFE0246F4
:10237000002839D0810201234FF4802021662549AD
:10238000C4F8A050C4F8A400C4F8B0304B69D80712
:10239000FCD515050124039228464C61FFF732FE57
:1023A000039A2A4B0244D2B21A7080B119498002B2
:1023B0004FF4802348660846C1F8A050C1F8A43005
:1023C000C1F8B0404369DB07FCD5012343612049D4
:1023D0000024204801230094401A00EB02521E48BA
:1023E00000F0DEF905B030BD1B4B184918600870CD
:1023F000D860C3E9010005B030BD00BF00801F40B8
:10240000F910010000841F4000C00F40FFFCFF1FB7
:102410000003008000402A4000802A401200FFFF95
:10242000FF37F70000FFF07C40000080FF000F83C3
:10243000F05AF05A00422A4000432A409F041830C4
:10244000EB06180A063201263806180AF75004204F
:1024500000000070000000709C290420F9B0010009
:10246000F970010010B5174A4FF480544FF4005E24
:102470004FF4404C4FF4803043F24201136913F0A3
:10248000020F0DD113F4005F0FD013F4805F0FD053
:10249000002BF3DA13F4803F0CD15B060ED510BD90
:1024A000C2F818C050619161E8E7C2F814E0E5E7AE
:1024B0005461E3E74FF480339361DFE740235361D6
:1024C000DCE700BF00800D40414A03204149F3EEA4
:1024D000095AD2F880309FED406A23F001039FED46
:1024E0003F5ADFF814C100B5C2F88030C2F890003E
:1024F000D1F8E010DFF804E1CBB23948CEF8003073
:1025000007EE903A0B0DC1F30B21F8EEE77A06EED9
:10251000903A07EE101A334BB8EEC77ACCF8001099
:10252000F8EEE66A304937EEC66A37EEC55A76EEFF
:10253000C76A77EEE57A26EE266AC3ED006A25EED5
:10254000265AD2F8803067EEA64AC0ED007AC6EE71
:10255000275A264885EE276AC4EEA76A75EE875A81
:10256000FCEEE55A36EE076A15EE90CABCEEC66A76
:1025700043EA0C5376EE877AC2F8803016EE103AB2
:10258000D2F890C1FCEEE77A01EA034141EA0C017E
:102590004FF0000C17EE903AC2F89011C3F30B0302
:1025A000D2F890110B431249C2F89031D2F8803022
:1025B00043F00203C2F880300E4B80F840C0C1F8EF
:1025C00040314FF0E0230122C3F8082100BD00BFD5
:1025D00000810D4000441F400000AA420000B442A8
:1025E000C42B0420C82B04200000FF0F00E400E0EF
:1025F0000070022065B30000BC2B0420C02B042017
:10260000314B40F6617210B5C3F8202140F204440A
:1026100000F0B2F82D4A2E49D2F880302D4843F010
:102620000303C2F880302C4BC1F8604102681A42A3
:1026300003D1D1F8A8319A071BD0254A4FF00041A9
:10264000244B5963D2F8403143F00203C2F84031C1
:10265000D2F840319B07FBD44FF400304FF0E0211B
:102660001C4B4FF00042C1F88C0219209A6300F015
:102670006BF8184B0021164C4FF080420A209A63E9
:102680004FF420721960C4F8A801144800F07CF8D7
:102690004FF4800203464FF4810040F2431118606A
:1026A000C4F858311A640E4B0E4AC4F84811C3F8E6
:1026B00004224FF0E0224FF400310123C2F80C1144
:1026C000C4F8403110BD00BF00800D4000C00F4075
:1026D00000002E4000900D40001C1E000000002055
:1026E0000070022069B5000008B50E4B1B6E9B07F9
:1026F00000D4FBBE72B60C4B00200C4AC3F840015C
:1027000003F160430A49A3F55F2311649D46BFF3BB
:102710004F8F4FF40013074A0748DB6902609B683C
:10272000984700BF00441F4000002E4000C00A40F0
:1027300003002000000012EB00802020F8B500BF4D
:10274000F8BC08BC9E4670475FF800F0A1AD0000E1
:102750005FF800F021F300005FF800F08DAA0000A0
:102760005FF800F0E1A700005FF800F0BDA60000F0
:102770005FF800F0D5A600005FF800F0D5BC0000BF
:102780005FF800F005C600005FF800F0D1F000002F
:102790005FF800F069AF00005FF800F025A70000C7
:1027A0005FF800F045C7000045000000151A000062
:0827B000A932000045440000BD
:1027B80080C00F4000000003190000001000000056
:1027C800E8841F4001000000FF000000FF00000037
:1027D80000000000000000001800000010000000C9
:1027E800E4841F4001000000FF000000FF0000001B
:1027F80000000000000000001F000000854E0000DF
:1028080070C00F40000C0000110000001100000013
:10281800E0841F40020000002C00000012000000AD
:10282800E0841F40010000001000000011000000BB
:10283800DC841F40020000002D0000001200000090
:10284800DC841F40010000001E000000794E0000DB
:1028580070C00F40C000000012000000130000000C
:10286800D0841F4001000000FF000000FF000000AE
:10287800000000000000000013000000130000002A
:10288800CC841F4001000000FF000000FF00000092
:1028980000000000000000001C0000006D4E000059
:1028A80016035500530042002000530065007200D3
:1028B800690061006C0000001803540065006500A1
:1028C8006E00730079006400750069006E006F0087
:1028D8000403090409026200030100C032080B0066
:1028E800020202010009040000010202010005249D
:1028F8000010010524010101042402060524060034
:10290800010705820310001009040100020A0000F3
:102918000007050302400000070584024000000983
:1029280004020002FF6AFF00070581024000010758
:10293800050102400001000009026200030100C015
:1029480032080B0002020201000904000001020221
:1029580001000524001001052401010104240206D8
:10296800052406000107058203100005090401007B
:10297800020A00000007050302000200070584029E
:102988000002000904020002FF6AC700070581026D
:102998000002010705010200020100000A06000208
:0829A800EF02014001000000F4
:1029B0000000000000000000000000000000000017
:1029C0000000000000000000000000000000000007
:1029D0000548064B1B1AD90F01EBA301491002D081
:1029E000034B03B118477047C0720220C072022027
:1029F0000000000008B5054B1BB105490548AFF3C1
:102A00000080BDE80840FFF7E3BF00BF0000000002
:102A1000582B0420002C04602DE9F0413D4C41F27C
:102A200087363D4D2368B34210D83C4FDFF8148100
:102A30000CF01AFA2B78002B4CD03B78DA0749D5EA
:102A40002368D8F800209B1A0E2B43D90CF00CFAFF
:102A50002B781BB1314B1B78DB073FD401F0C4FC52
:102A60002F4C01F09FFC04212E480CF081F92E48D8
:102A70000FF09EFB01462C480CF07AF92B480AF027
:102A800001FB01F04DFB04F057FB02F061F90B2153
:102A9000208027480CF06CF9218824480AF0E6FAD7
:102AA000244C22480AF0EEFA03F054F8224803F0CE
:102AB000AFFF224B22689A4200D9236004F098F9B4
:102AC000206801F0F9FB01F0FFFB1D4B01221A7099
:102AD000BDE8F0812368B342AAD9B7E7194A236851
:102AE00012689B1A0E2BB9D9102117480CF040F927
:102AF0000E480AF0C7FA082114480CF039F9216889
:102B000000230A2209480AF0E5FA08480AF0BAFA4E
:102B1000A4E700BFA0300420FF500420FE50042092
:102B2000E4500420CCCE0020BC5004209467022046
:102B3000D4CE0020006E0220782B042000EE02008C
:102B4000976E0220D0500420ACCE0020C0CE0020D2
:102B50002DE9F04104460E4615460CF085F9724BFE
:102B60001B78002B00F0DD80704B1B78DB0740F1F9
:102B7000D8806F4B6F4A1B6812689B1A0E2B40F26D
:102B8000D08034B120460FF013FB014620460CF0F4
:102B9000EFF800230A223146674F68480AF09AFA94
:102BA000012167480CF0E4F8664C00230A223968DA
:102BB00062480AF08FFA012161480CF0D9F82168C7
:102BC00000230A22DFF89C81C1F354215B480AF0FC
:102BD00081FA01215A480CF0CBF85B4E00230A22FF
:102BE000D8F8001055480AF075FA012154480CF045
:102BF000BFF80A220023316850480AF06BFA01211D
:102C00004F480CF0B5F823689FED507A02219B00E5
:102C10004A48002407EE903AF8EE677A87EE270AD2
:102C2000B7EEC00A0AF0B4FA022149480CF0A0F845
:102C3000D6ED007ADFED476A0221B8EE677AD7ED6C
:102C4000007A3E48F8EE677A87EE260A20EE270AD9
:102C5000B7EEC00A0AF09CFA02213F480CF088F84F
:102C600034603E4E01213648C8F8004006F128087D
:102C70003C600CF07DF823460A2229682F480AF0B0
:102C800029FA012136480CF073F82C6001212C48F8
:102C90000CF06EF856F8044B10220023270E27483C
:102CA00024FA02F5210F0AF015FA0023102207F08A
:102CB0000F0122480AF00EFAC5F30311EDB200230A
:102CC00010221E480AF006FA05F00F010023102218
:102CD000C4F3072519480AF0FDF9C4F303310023B2
:102CE000102216480AF0F6F90023102205F00F0111
:102CF00012480AF0EFF9C4F30311E4B200231022E2
:102D00000E480AF0E7F90023102204F00F010B48E7
:102D10000AF0E0F94645B9D10848BDE8F0410AF0AB
:102D2000B1B9BDE8F08100BFFF500420FE5004207F
:102D3000A0300420D0500420F02803209467022003
:102D400064D30020006E0220742B04200000FA4996
:102D5000E0CE002000401C46E4CE0020882903205D
:102D6000E8CE0020F428032010B52B4C207803F087
:102D70003DF92070D0B1042813D0284803F0F0FEAC
:102D800000280CDD264B1B88ABB1207805283CD0F1
:102D900002F07CF9234A207013680133136030BFBE
:102DA00010BD01F097FB05232370E6E701F0A4FBBB
:102DB00001232370E1E71C49184803F09DFE2378A6
:102DC000022B16D8194A1A4913681A48013313609E
:102DD0000B68D0F800C003F57A736345DFD2164B59
:102DE000006808601968481C18601448FFF7B0FEB6
:102DF0002378032BD3D104230D21114823700BF02A
:102E0000B7FF10480AF03EF9C9E70749034803F045
:102E100073FE30BF10BD00BF976E0220782B0420D8
:102E2000E4500420482B0420882903204C2B042044
:102E3000B0250320A0300420B4250320ECCE0020D0
:102E4000F4CE0020946702204B1C012B98BF7047E2
:102E50002DE9F003911C9B08B1F80480B1F80290B1
:102E60000A8831F802CC8044814402448444D9F871
:102E70000070D8F800601568DCF80040C9F8006000
:102E8000C8F80070CCF800501460D9F80470D8F875
:102E900004605568DCF80440C9F80460C8F80470A0
:102EA000CCF8045054600831013BD5D1BDE8F003A3
:102EB00070474B1C012B98BF70472DE9F003911C04
:102EC0009B08B1F80480B1F802900A8831F802CC6E
:102ED00000EB580800EB590900EB520200EB5C0CC8
:102EE000D9F80070D8F800601568DCF80040C9F81F
:102EF0000060C8F80070CCF8005014600831013B45
:102F0000DFD1BDE8F003704703882DE9F0410F469B
:102F100001EB8305D9080446D0F804804FEA530634
:102F20002DED088B00F0AA8007F1100307EB860E49
:102F300005EB860C08F1100003EB01110EF1100EE9
:102F40000CF1100C05F1100252ED042A0CF1100CDA
:102F500012ED033A103052ED023A10321CED082AFD
:102F600010335CED075A0EF1100E12ED054A5CEDC0
:102F7000067A5CED056A13ED081A53ED071A13ED96
:102F8000066A71EE22BA13ED057A31EE83BA5EED70
:102F9000084A76EE23AA1EED075A37EE04AA5EED24
:102FA000060A74EE829A1EED050A35EE259A70EE39
:102FB000A78A43ED08BA30EE268A03ED07BA31EE50
:102FC000621A43ED06AA71EEC31A03ED05AA32EEAA
:102FD000642A4EED089A0EED079A75EEC55A4EED2D
:102FE000068A37EE447A0EED058A36EE636A50EDB6
:102FF000084A77EEE07A10ED075A76EEC06A22EEC4
:10300000244A8B4261EE852A25EE413A64EEE53A88
:10301000E1EE242AA1EEA43AF0EE444AE2EE053AAB
:10302000E5EE854A42ED082A02ED073A4CED083AF2
:103030004CED074A10ED065A50ED055A67EE854AE9
:1030400027EE253A65EEC63A25EE664AA6EE053A23
:10305000B0EE646AA6EEA56AF0EE636A02ED063A87
:10306000E7EE056AB0EE447AA7EEA57A42ED056A6E
:103070000CED056A0CED067A7FF466AF42463846E1
:10308000B1B2022300F022FB6268B1B228460223EB
:10309000BDEC088BBDE8F04100F018BB03880A4680
:1030A000D1ED007A5B08D1ED015A2DE9F04F2DEDFD
:1030B000028B8FB002EB830644685F080D9101EB31
:1030C000C30196ED007A06F1080991ED006A01EB63
:1030D000830591ED015A77EE866A96ED013A77EE17
:1030E000C67A0C9035EE856A02F1080075EEC55A75
:1030F0000A9477EE263A039076EEC76A104675EE8C
:10310000C74A0B9737EE257AD5ED005A33EE274A9A
:10311000029673EEA53A099136EE435A77EEC37ADA
:1031200095ED013AC2ED003A74EEA54AD6ED013AAA
:1031300076EEE56A37EE657AD5ED015A36EE236A0A
:1031400034EE434A35EE435A36EE256A77EE837AFB
:1031500082ED016A01F1080286ED004A069205F14E
:103160000802C6ED014AC1ED006A81ED015AC5EDC4
:10317000007A0792BA1E2746083485ED017A07F1D6
:103180001806049407F11004059656080194089651
:1031900000F03581029A05EB830300F1100607F178
:1031A0002008A2F10C0402F110000A460C3BDDF8E5
:1031B00004A00C3902F1100EA5F10C0C303705F10A
:1031C0001002DDF820B01EED027ABBF1010B56EDC6
:1031D000027AA4F1080450ED026A06F1080677EEBF
:1031E000872A12ED025A5EED013A77EEC77A56ED64
:1031F000035A0AF1080A36EEA24A52ED014A35EEA8
:10320000A37A10ED016A75EEE35A00F1080034EE7E
:10321000054AA1F1080136EE272A08F1100877EED9
:10322000C67A0EF1080E06ED044A37EE466A10ED36
:10323000034A75EEE61A72EEE62AACF1080C37EE98
:10324000047A07F1180776EEA56A52ED015A36EEB8
:10325000644A02F1080237EE257AA3F1080336EE3C
:10326000C56A32EE642A06ED037A77EEA47A9CED05
:10327000041A72EEC52AD4ED045A71EE851AD1ED06
:10328000043A75EE816A9CED033AD4ED034A75EE7B
:10329000C15A93ED040A34EE837A91ED035A33EE6A
:1032A000A61AD3ED030A33EEC08A74EEC34A31EE98
:1032B000001A35EEC53A76EEE36A77EE453A84EDCC
:1032C000041A33EE203A93ED031A30EEC55A73EE2A
:1032D000E03AD1ED030A78EE248A37EE207A35EE13
:1032E000655A76EEC06A37EE017A78EE644A84ED6C
:1032F000037A1AED047A5AED035A23EE071A67EEA1
:10330000680A21EEA58A25EEC20AE3EE250AB0EE90
:10331000413AB0EE481AA8EEA53AF0EE405AA2EEB5
:10332000071AE1EE875A00ED041A40ED035A81EDC9
:10333000033AC1ED040A18ED077A58ED085A64EE15
:10334000071A26EE873A27EE622A27EE637AE2EE24
:10335000A51AF0EE422AA6EEE57AF0EE436AE4EE14
:10336000252AE3EEE56A4EED041A4EED032A8CEDB4
:10337000047ACCED036A57ED0C6A17ED0B7A65EE13
:10338000265A67EE673A26EE073A26EEE44AE6EE5C
:10339000263AA7EEA63AF0EE446AF0EE657AE5EE3C
:1033A000076AE4EE877A42ED033A02ED043AC3ED90
:1033B000046AC3ED037A7FF406AF089B09F108099C
:1033C000059C5A1E019B1834039910330498083148
:1033D00003EB021308300193D30002EB42021844BE
:1033E000994404EBC20204900592069A1A440832EA
:1033F0000692CA1808330392079A1A44079203994F
:10340000069ED1ED007AD6ED005A99ED007A37EE9E
:10341000A56A079BD6ED014A77EEE57AD3ED003A2F
:1034200077EE062A91ED015A93ED013A36EE476A9E
:1034300075EE245AD9ED016A35EE645ABDF82C4078
:1034400072EEA32A0A9A36EEA74A0D9875EE474AFD
:10345000C1ED002A77EEE67AD9ED012A75EEE66A2B
:1034600037EE057A75EEA25A34EEA35AD3ED014A2F
:1034700034EE434A75EEA45A37EE637A36EE636A49
:10348000C1ED015A76EEC36A049977EE837AD1EDE5
:10349000015AD1ED003A65EE254A019965EEC45A0C
:1034A000E4EE234AE5EE235AC9ED004AC9ED015A7C
:1034B000D1ED015AD1ED004A26EEA55A059965EEE7
:1034C000C65AA6EE245AE6EEA45A86ED005AC6ED78
:1034D000015AD1ED016AD1ED005A214627EE266A44
:1034E00066EEE76AA7EEA56AE7EE256A83ED006A55
:1034F000C3ED016A042300F0E9F80C9E029821460E
:103500007268042300F0E2F80998726821460423E7
:1035100000F0DCF804237268214628460FB0BDECA9
:10352000028BBDE8F04F00F0D1B800BF012A2DE9B1
:10353000F041064617460C469846058854D0B5F526
:10354000807F60D02ED8402D44D064D8102D33D049
:10355000202D58D0B8F1000F04D0B2682046B189B0
:10356000FFF772FC012F30D17DB307EE905AB7EE12
:10357000007A04F108010023F8EE677AC7EE276AA3
:1035800011ED027A013351ED017A08319D4227EEA7
:10359000267A67EEE67A01ED047A41ED037AEFD1FF
:1035A000BDE8F081B5F5006F2DD010D8B5F5007FDE
:1035B00010D0B5F5806F30D121463046FFF7A4FC1E
:1035C000B8F1000FC9D1012FCFD0BDE8F081B5F51A
:1035D000805F22D1012372682946204600F076F8E8
:1035E000B8F1000FEFD0B8E7DDB101F10C03002214
:1035F00053ED027A01320833F1EE677A954243EDDA
:10360000047AF5D19BE721463046FFF747FDB8F134
:10361000000FD8D0A1E7802DCED0B8F1000FD2D0C6
:103620009BE7002BD1D0826881892046FFF70CFCF4
:10363000CBE700BF0023B1F5807F018043602DD030
:103640000BD9B1F5006F25D01BD8B1F5007F16D08E
:10365000B1F5806F24D1144B07E040291CD015D858
:1036600010290AD020291BD1104B9989D3E90132A6
:103670008181C0E90132002070470D4BF5E70D4B09
:10368000F3E7B1F5805F0BD10B4BEEE7802907D153
:103690000A4BEAE70A4BE8E70A4BE6E70A4BE4E79E
:1036A0004FF0FF30704700BF84620020D4620020DA
:1036B000A4620020F4620020E462002094620020F2
:1036C000B462002004630020C46200202DE9F04FA2
:1036D0002DED108B8FB08B468E469FEDA76A0A9317
:1036E00000F108030B900C920D934FEADE014FF0AE
:1036F00000084FEACE03C1EBC102099101EB410979
:10370000019201EB810A0B9A02EB411C02EBC1070B
:1037100002EB0115019902EBCA0602EB091402EB58
:10372000C90002EBC1019CED004AF04496ED002A6D
:10373000D4ED005AC34591ED003A92ED007A97ED31
:10374000005AD5ED007A37EE041AD0ED006A75EE16
:10375000022A77EEA53A76EE834A35EE425A76EEA5
:10376000C36A37EE447A77EEE57A32EEA44A71EE18
:10377000235A72EEE42A75EE664A35EE265A75EE45
:10378000846A75EEC45AF0EE471AC2ED006A31EE53
:10379000631ACCED005AA4EE867AD6ED018AE4EEE7
:1037A000C61A91ED010AB0EE672AD2ED016AE5EE84
:1037B000067ADCED019A94ED018AA5EE462AD7ED52
:1037C000015A76EEE90A90ED014A76EEA96AD5ED46
:1037D000013A35EEE83A34EE40AA73EEC84A75EE87
:1037E000A85A33EE4A9AF0EE608A33EE0A3AB0EE07
:1037F000605AF0EE640A73EE883AA9EE065AE3EED8
:10380000064A34EE004AE9EE468AE3EE460A36EE10
:10381000E33A76EEA36A75EEC43A75EE845A37EE53
:10382000240A33EE628A36EEA59A35EE674A37EE01
:10383000647A72EE832A82ED019A31EE233A1A44B9
:1038400076EEE56A31EE631A77EE857A71EEA03A8C
:10385000CCED016A71EEE04A85ED003A38EEC25ACD
:1038600084ED001A72EE285A85ED018A9C44C4ED5D
:10387000012A1D4487ED000A1C4481ED007AC6ED43
:10388000003AC0ED004A87ED014A1F44C1ED017ABC
:10389000194486ED015A1E44C0ED015A18443FF602
:1038A00042AF0999072940F282810D9A02EB41103B
:1038B000089002EBC10002EB0111079002EBCA0075
:1038C00005914FF0010A069002EB0911019804914D
:1038D00002EBC00002EBC9024FF000090290039214
:1038E0000A9AD04691440B9A02EBCA0C0C9AA9EBA7
:1038F000890102EBC902D2ED00FA02EBC90292ED96
:1039000000FA02EBC902D2ED00EA02EBC90292ED25
:1039100000EA02EBC902D2ED00DA02EBC90292ED35
:1039200000DA02EBC902D2ED00CA02EB011292EDFD
:1039300001CA02EBC902D2ED01BA02EBC90292ED53
:1039400001BA02EBC902D2ED01AA02EBC90292ED63
:1039500001AA02EBC902D2ED019A02EBC902DDE92C
:103960000276D2ED017A089ACDED017ADDE90454B0
:10397000DDE9060102E000BFF304353F92ED005A95
:10398000F044D0ED003A95ED002AC345D6ED000A8B
:10399000D7ED005ADCED007AD1ED004A30EEA53AC1
:1039A00094ED007A37EE854A74EEA36A77EE022A28
:1039B00074EEE34A77EEC57A76EE833A34EE225A15
:1039C00076EEC36A70EEE50ADCED015A35EE233A75
:1039D00037EE427A34EE624A8CED003A35EE635AA5
:1039E00090ED010A97ED011AD2ED018AD5ED012A79
:1039F00091ED013A75EEE83A96ED012A75EEA85A76
:103A000094ED018A73EE401A33EE003A38EE620A02
:103A100038EE228A72EE412A32EE012A35EEC81AB9
:103A200075EE885A33EE428A33EE023A34EE082AB3
:103A300075EEC38A75EE835A34EE484A31EE668AD3
:103A4000CCED015A76EE816AF0EE475A9C4434EE92
:103A5000E01A74EEA04A31EEE23A71EEA21A6AEE72
:103A6000A82AE4EEC65AA4EE867AF0EE634AEEEE99
:103A7000052A65EE6A0AB0EE675AE3EE464AE3EEBF
:103A8000063AE1EE067AB0EE403AC2ED002AA1EE27
:103A9000860AA1EE465A2BEE881AA1EEC63A62EECD
:103AA0006B1AAFEE021A29EEA62A37EE809AEEEED6
:103AB000280A77EEC07A73EEC78A37EE237AADEE26
:103AC000042A64EE692A9DED014A34EEE50AC2ED4E
:103AD000010A75EEA45A84ED001A67EEC44A1A442E
:103AE00024EE074AEFEE081A35EE038AACEEA74A39
:103AF00035EE435A6AEE007AECEE874AEDEE262A5E
:103B0000C4ED011AEDEE887A85ED002A68EE4A6A66
:103B10001C442BEE257A25EE4B8A69EE4C3AAEEE2C
:103B2000857AC5ED012A2CEE283A1D44B0EE485A9C
:103B3000EFEEA83AAFEE893AEDEE806AAEEEA55A06
:103B4000C1ED013A81ED003A194487ED004AC7ED15
:103B5000014A1F44C0ED007AC0ED016A184486EDA9
:103B6000007A86ED015A1E443FF608AF089A0AF122
:103B7000010A08320892079A08320792069A083218
:103B80000692059A08320592049A08320492039A22
:103B900008320392029A08320292099A52457FF43F
:103BA0009FAE0A9B9646DB009BB20A939DE50FB041
:103BB000BDEC108BBDE8F08FD1ED017AF0EE006A1C
:103BC00091ED006AB6EE004A77EEA77AB0F800C031
:103BD000436902F110000CF1FF3CB0EE677A10333C
:103BE000D6EE267AA6EE267A67EE847A27EE047A57
:103BF000C2ED017A82ED007A01F1100201EBCC01F5
:103C0000083912ED027A0830D1ED036ABCF1010CDB
:103C1000D1ED027A03F1080352ED014AA1F1080146
:103C200037EEC75A13ED046A77EE877A53ED035ADD
:103C300034EEE67A02F1080276EEA46AE6EE057A40
:103C4000A5EE857AE5EEA67AA6EE667A67EE847A28
:103C500027EE047A40ED047A00ED037AD1D1704763
:103C6000D1ED007AB6EE004AD1ED016AB0F800C09D
:103C700037EEA67A436977EEE67ABCF1010C27EEBF
:103C8000047A67EE847A82ED007AC2ED017A34D04C
:103C900001F1100001EBCC0110331032083910EDA6
:103CA000027A0832D1ED036ABCF1010CD1ED027A3F
:103CB00003F1080350ED014AA1F1080137EE675AFC
:103CC00013ED046A77EE877A53ED035A34EEE67A01
:103CD00000F1080076EEA46AE6EE457AA5EE857A54
:103CE000E5EEE67AA6EE667A67EE847A27EE047A47
:103CF00042ED047A02ED037AD1D170472DE9F0410B
:103D00001C46064615464BB1FFF7AAFF2246294638
:103D100030460123BDE8F041FFF708BC0F461A46C4
:103D20000123FFF703FC2A4639463046BDE8F0413F
:103D3000FFF742BF68B1102100B583B00190FFF7D3
:103D400079FC20B9019B2021034A19825A6103B0F2
:103D500000BD4FF0FF3070472416022068B12021CB
:103D600000B583B00190FFF765FC20B9019B4021AD
:103D7000034A19825A6103B000BD4FF0FF3070470B
:103D8000A45E022068B1402100B583B00190FFF726
:103D900051FC20B9019B8021034A19825A6103B06A
:103DA00000BD4FF0FF30704724F0012070B180213A
:103DB00000B583B00190FFF73DFC28B9019B4FF49B
:103DC0008071044A19825A6103B000BD4FF0FF3080
:103DD000704700BF2412022078B14FF4807100B503
:103DE00083B00190FFF726FC28B9019B4FF40071C6
:103DF000034A19825A6103B000BD4FF0FF3070478B
:103E0000A456022078B14FF4007100B583B0019040
:103E1000FFF710FC28B9019B4FF48061034A198217
:103E20005A6103B000BD4FF0FF30704724E001201D
:103E300078B14FF4806100B583B00190FFF7FAFBD1
:103E400028B9019B4FF40061034A19825A6103B0FB
:103E500000BD4FF0FF30704724F2012078B14FF4DD
:103E6000006100B583B00190FFF7E4FB28B9019B26
:103E70004FF48051034A19825A6103B000BD4FF0DC
:103E8000FF307047A4160220B1F5007F1DD008D87E
:103E900080291CD014D820290ED040291BD10F4BCB
:103EA0001847B1F5006F14D0B1F5805F06D0B1F5B9
:103EB000806F10D10A4B18470A4B18470A4B184716
:103EC000B1F5807F07D1094B1847094B1847094BBB
:103ED0001847094B18474FF0FF307047AD130000EB
:103EE0005514000085130000AD140000FD13000000
:103EF00029140000D51300008114000008B5194BE7
:103F0000194AD3F800C01879DCF8103017499342E9
:103F1000C87728BFA2F500521146BFF34F8F02F1B8
:103F2000200302F500504FF0E02C83422CBF01200B
:103F30004FF4807002EB40108342CCF85C2F1A469D
:103F400003F12003F8D1BFF34F8FBFF36F8F4FF40E
:103F50000052074809F0E8FC0548BDE8084002F0B7
:103F600017BF00BF582503200040202000800E40CE
:103F70000000202000B583B0019008F0EBFF01980D
:103F800003B000BD0000000030B50246444C4002C2
:103F90000423444994FBF0F42DED028B651C85B09D
:103FA00041480095039209F087F8DDED037AB1EE00
:103FB000004B06EE905A0321B8EEE77B3B48B8EE83
:103FC000E66B9FED313B9FED325B27EE037B27EEE7
:103FD000047B27EE067B87EE058B0AF0C9FE0221E3
:103FE0003148B0EE480B09F0D3F82F4809F04AF8F1
:103FF000FDEEC87B42F210712D4B17EE902A01FBAB
:1040000002F002F03F0207EE100A42F489129FED1F
:10401000226BB8EEC77B1A6798EE067BFDEEC77B76
:1040200017EE902A22F06042C3F88020C3F8901067
:104030001A6F22F480521A671A6F002AFCDAD3F83A
:10404000700104F03F041B4A1B4902401B48C3F89F
:1040500070211A6F22F480321A67CB69184A23F450
:10406000406343F40063CB618B6A6FF3080323431F
:1040700043F040038B6243681A4042F400224260DE
:1040800005B0BDEC028B30BD0000000000006040B8
:104090000000000060E37641000000000088C3409B
:1040A00000B29F2604CF0020946702201CCF00207E
:1040B00000800D40FF7F7FFF00C00F4000C00A401E
:1040C000F8FFF7FF044A0021044BC3F8A412536819
:1040D00023F08063536070470080004200801F40DF
:1040E000024B4FF08062C3F8882070470080004286
:1040F000094B0820094A4FF0050C4FF08061C2F8C7
:10410000B4C0C2F8A40264205A680A435A60C3F8D3
:10411000841009F01DBB00BF0080004200801F40DA
:10412000074B5A6E42F400325A665A6D22F023024F
:104130005A655A6D42F001025A65BFF34F8F7047BE
:1041400000C00F401B49CA6F08B542F440221A4B09
:10415000CA67D3F88820002A2BDB184A0121118076
:10416000FFF712FF164A032116484FF0020CC2F85F
:104170002011114BC2F82811C2F82411C2F87C1189
:104180000421C0F894C14FF4803200204FF0A06C9D
:10419000C3F8E000C3F88C100B48C3F890C00B497B
:1041A000C3F894200A4AC3F89800C3F89C10C3F8D7
:1041B000882008BD00C00F4000403840DE50042079
:1041C00000801F4000841F401B000300001F1F1FB2
:1041D0000100009210B51F48012108F055FE1D484E
:1041E0001D4C4FF4805203681C491C601961DA822F
:1041F000DA8ADFF888C0DA830622194C9A8304220F
:10420000C3F804C09C6190F804C09A609A820022AE
:104210001449154CDA6041F82C20144B41F82C401D
:1042200001210279124C02F01F0E03EB521302F12E
:10423000100C01FA0EF19B00DFF844E044F82CE08A
:104240004FF0600C19600B490B4B02F801C002796A
:10425000DA7610BD58250320A040384000202020E9
:1042600000C0FFFF00C00E4013000080403800383F
:104270000070022000E400E000800E400000020216
:104280004D1500000A4A0B4908B5D2F8883023F0D2
:104290001043C2F888300B880BB1FFF775FE044A53
:1042A000D2F8883043F01043C2F8883008BD00BF10
:1042B00000403840DE50042008B5FFF743FFBDE85A
:1042C0000840FFF787BF00BF044AD2F8883043F0A8
:1042D0001043C2F8883000F00FB900BF00403840EA
:1042E0004FF0E023014AC3F80C2D70470400FA0593
:1042F000034A936B43F04003936330BFFDE700BF75
:1043000000400D4000F0E6B8154AD2F838C0D36C32
:1043100043F0010300B583B0D364BFF34F8F936BB9
:1043200023F002039363936B9907FCD472B60C4994
:1043300090658B6D8342FCD14CF00203084A8B637D
:10434000936B9B07FCD562B640F2B272694602F0ED
:1043500073FD6946034802F053FD03B000BD00BF82
:1043600000400D40486E022008B5FFF7C1FF00BFB6
:10437000704700BF00B583B0019009F0A5FB40F283
:10438000B272019902F058FD012003B000BD00BFD8
:1043900040F2B27108B502F0EBFD09F0A7FB012075
:1043A00008BD00BF034B04490448D3F820220DF098
:1043B0008BB900BF00441F4020CF0020BC50042018
:1043C000704700BF0021054808B508F05DFD044AAC
:1043D00004490248BDE808400AF0E8BF5825032018
:1043E0006C6B0220C515000008B5054816F078FB77
:1043F00000B908BD03490248BDE8084016F080BB7B
:10440000506602209467022090F8A23090F8A32012
:104410009A4205D95A1C034480F8A220987E70471E
:104420004FF0FF30704700BF38B5036804460D46B3
:104430004800114640F2011283F8A500A3F82F218D
:10444000206803681B6898470021206803F02CF857
:1044500008B1002038BD0123294620681A4603F020
:10446000A9F80028F5D020680A4A03685B699342DE
:104470000BD190F8A23090F8A3209A4208D95A1C88
:10448000034480F8A220987E38BD9847C0B238BD5A
:10449000FF2038BD591A000038B504461D46036890
:1044A0004800114640F2011283F8A500A3F82F211D
:1044B00020680268126890472068294603681B68D4
:1044C00098470121206802F0EFFFB0FA80F0400920
:1044D00038BD00BF08B50021032009F0B9F900215B
:1044E000022009F0B5F9642009F032F9FFF7F8FD70
:1044F000BDE80840FFF7E6BD2DE9F04182B07F4CF2
:10450000FFF7F6FD0121022009F0C4F90121022084
:1045100009F09EF9642009F01BF90121032009F03C
:10452000B9F90021032009F093F9642009F010F98A
:104530000121032009F08CF92046019416F0D4FAE9
:10454000642009F005F96E49204603F079F90198D5
:10455000982240F20113012180F8A520A0F82F3104
:1045600002F0A2FF38B14C226649674808F0A4FD6A
:1045700002B0BDE8F08104464C226449624808F06C
:104580009BFD812302224C2101A8614DFFF784FF8E
:10459000302307224C2101A8FFF77EFF23460B247E
:1045A00008224C2101A8FFF777FF2246013415F8B5
:1045B000013B4C21E4B201A8FFF76EFF0F2CF4D1B0
:1045C000F02373224C2101A8FFF766FF514DF02321
:1045D00074224C2101A8FFF75FFFE02375224C21D4
:1045E00001A8DFF84881FFF757FF4B4F60233B22BC
:1045F0004C2101A82E1DFFF74FFF21236B224C21D8
:1046000001A8FFF749FF15F8014B88234C2101A8A9
:104610002246FFF741FFD8F80030621C4C219B0076
:1046200001A8D2B203F0FC03FFF736FF3B68A21CDF
:104630004C21373B01A8D2B2DBB2FFF72DFFE21CC1
:1046400080234C21D2B201A8FFF726FF221D0023B0
:104650004C21D2B201A8FFF71FFFAE42D3D11420E4
:1046600009F076F806212D480AF082FB15224C212C
:1046700001A8FFF7D9FE002301461022224808F0C6
:1046800029FD214808F0FEFC062125480AF070FBB0
:1046900073224C2101A8FFF7C7FE00230146102218
:1046A000194808F017FD184808F0ECFC06211D48D1
:1046B0000AF05EFB74224C2101A8FFF7B5FE00232F
:1046C00001461022104808F005FD0F4808F0DAFCFA
:1046D000062115480AF04CFB76224C2101A8FFF771
:1046E000A3FE002301461022074808F0F3FC064809
:1046F00008F0C8FC02B0BDE8F08100BFA46702204A
:10470000A086010034CF00209467022028CF00202B
:10471000B4050020B0050020842903204CCF0020E0
:1047200054CF00205CCF002064CF0020DC6D02203D
:1047300070B50E4C82B0C5B22046019416F0D4F983
:10474000642009F005F82046094C0A49261D03F0AB
:1047500077F814F8012B2B464C2101A80132D2B274
:10476000FFF79AFEA642F4D102B070BDA467022002
:10477000B0050020A08601000020704730B585B04C
:10478000054602A8CDE9002102F0D4FC9DF90AC03B
:104790009DF90B005FFA8CF4BDF808305FFA80FEDB
:1047A0000C2C98BFBEF11F0FDDE9002104D8A3F245
:1047B000BC739BB27F2B21D900209DF90DC09DF9C0
:1047C0000E305FFA8CFE2880D8B29DF80F40BEF103
:1047D000170F98BF3B2801D83B2C05D90023002098
:1047E0000B80107005B030BD5B01002043EACC2384
:1047F00043EA54030B80107005B030BD40EA4C1002
:1048000040EA4320D9E700BF044B10B5044640F806
:10481000103B06F013F9204610BD00BF980600209B
:10482000836C13B1184604F039BEC06C08B103F0B4
:10483000EBBD7047836C13B1184604F033BDC06CF8
:1048400008B103F0F7B94FF0FF307047836C53B1F4
:10485000187810F008000DD0D8695B69C01A48BFFD
:104860006FF000407047C36CA3B193F8310010F0B3
:10487000080000D17047186919685A69401A5B68C6
:1048800062EB0303B0F1004F73F10003F2D36FF05A
:10489000004070471846EDE7836C00B583B05BB10C
:1048A00001220DF10701184604F012FC01280BD17A
:1048B0009DF8070003B000BDC06C28B101220DF1C6
:1048C000070103F0EDF8F1E74FF0FF30F2E700BF2A
:1048D000836C13B1184604F0F9BFC06C08B103F043
:1048E00039BF704700B5836C83B08DF807103BB1BA
:1048F00001220DF10701184604F0E8FF03B000BDE6
:10490000C06C0028FAD001220DF1070103F022FF4C
:1049100003B000BDF8B506460B6814461046336078
:1049200006F108070DF044FC2146C41C054602466A
:10493000384624F00304746008F0F6FFA54207EB44
:10494000050004DA621B00210DF09AF83819F8BD51
:104950002DE9F0418CB0704A7049714B02A80CF0FF
:10496000B3FE704C704B02A804F1380623630DF0BF
:104970001FFCC51C0746024602A945F38F053046B9
:10498000AD00656308F0D0FFAF4206EB070405DA1F
:1049900020467419EA1B00210DF072F8634B0422C3
:1049A00063494FF00008188804F114079B782081B0
:1049B000A372604B21606260E3605F4884F80B8003
:1049C0000DF0F6FBC51C0246019045F38F055A49D0
:1049D0003846AD00256108F0A7FF019AAA4207EB0F
:1049E000020605DA30467E19AA1A41460DF048F84B
:1049F000524B06F10807524833600DF0D9FBC41C36
:104A00000546024644F38F044D493846A4007460BD
:104A10007E1908F089FFA54205DA30463E19621B6F
:104A200000210DF02DF8474B06F10807464833608A
:104A30000DF0BEFBC41C0546024644F38F044249F8
:104A40003846A40074607E1908F06EFFA54205DAAE
:104A500030463E19621B00210DF012F83B4B06F167
:104A600008073B4833600DF0A3FBC41C0546024613
:104A700044F38F0436493846A40074607E1908F068
:104A800053FFA54205DA30463E19621B00210CF0A7
:104A9000F7FF304B06F108072F4833600DF088FB15
:104AA000C41C0546024644F38F042B493846A40033
:104AB00074607E1908F038FFA54205DA30463E19C9
:104AC000621B00210CF0DCFF244B06F10807244890
:104AD00033600DF06DFBC41C0546024644F38F04A1
:104AE0001F493846A40074607E1908F01DFFA542D6
:104AF00005DA30463E19621B00210CF0C1FF0F2180
:104B000018480AF035F9184808F0BCFA174B1E602F
:104B10000CB0BDE8F08100BF74CF002080CF002032
:104B20006CCF0020A07402204953465488CF002047
:104B300049474E52495352432467022049434D533B
:104B400084660220494152545C6602204950524416
:104B5000D46602204953424AFC660220494E414D28
:104B6000AC6602208CCF0020946702208C6E02205D
:104B7000002A94461C4BB8BF02F1070C98614FEA1B
:104B8000EC0CD9825A8400FB0CF0184A1CFB01FC87
:104B900001FB00F01649A3F820C0D86115489960C0
:104BA00001F11F61186000F16060DFF84CC001F690
:104BB000F24100F54F20C3F8F8214FF4E672C3F834
:104BC0000CC000F6FA704FF0100CD9620021586248
:104BD0004FF4FC709A620122C3F810C05860C3F809
:104BE000FC119A82FFF7B4BEA07402206461746164
:104BF0005741564552494646666D7420414A424BDC
:104C00002DE9F041166890B005464048336088466B
:104C10000DF0CEFAC41C06F10807024644F38F04D7
:104C20000F903A493846A400746008F07DFE0F9A50
:104C3000A24207EB020605DA30463E19A21A00210D
:104C40000CF01EFF324A1024CDF8108002271268A3
:104C50003048314BA0FB020230491B8892090D916C
:104C60002F4802922F4A3049128801922F4A128807
:104C7000009200682E4A03904FF48060CDE907044B
:104C80000C20CDE90507C88806F108070C90888834
:104C90000B9048880A9009882648099126490CF00B
:104CA00013FD264B234833600DF082FAC41C0246E4
:104CB0000F9044F38F041F493846A400746008F035
:104CC00033FE0F9AA24207EB020605DA30463E1980
:104CD000A21A00210CF0D4FE194B104A1B68194986
:104CE00014480CF0F1FC134A17493046FFF712FE46
:104CF000164805F5FC73C0F8FC51436010B0BDE8E0
:104D0000F08100BF8C6E0220494352440C290320DD
:104D1000006E0220D34D6210906E02206CCF0020F6
:104D2000DC6D0220E8500420046E0220926E022006
:104D3000BC500420082A04209CCF0020494B455930
:104D4000F4280320ECCF00200CD00020A074022017
:104D50002DE9F0417D4C82B00026FF2704F59265D5
:104D60000023284684F8BC74194684F8C83407F038
:104D700001FB2846C4F88C5406F09EFD0123014631
:104D800020461A4600293AD1D4F88C1405F0BCFE0E
:104D9000002834D0D4F88034D4F88C04002B00F0F0
:104DA0009C80DD69013D002846D00368DB6B984795
:104DB000002837D0D4F88C04F8B103681B6C9847EE
:104DC000002840F0A580D4F88C04B0B1036801211C
:104DD0005B6C984788B1D4F88004002800F0A48068
:104DE00005F026FC0646D4F88C04002800F0A680C6
:104DF000036800215B6C984710BB002620E0013659
:104E00004FF47A7008F0A4FC052EA9D1FE22504977
:104E1000504808F051F94F4808F034F9002002B02A
:104E2000BDE8F081D4F8803433B9D4F88434002B51
:104E30005BD1002426460DE0184605F0F9FB064636
:104E4000D4F88034002B58D09B794FF400749C40E8
:104E5000C4F3852400274FF00A08FE223E493D484E
:104E600008F02AF912213D4809F082FF2A463B4604
:104E70003848CDE9008708F03DF91021384809F09D
:104E800077FF32463B463348CDE9008708F032F9D8
:104E90000E21344809F06CFF3B46424621462D481E
:104EA00008F018F90621304809F062FF294808F097
:104EB000E9F82E4B2E4A01210D201A6008F0EAFC79
:104EC0002C4B202204211868FFF752FE01232A4AA6
:104ED0001846138002B0BDE8F081D4F88434A3B141
:104EE000D3F8305400287FF460AF184603F074FF05
:104EF000D4F880340646002BA6D1D4F88444002C84
:104F0000A8D0D4F83C44A40AA4E7A8B11D464CE7B5
:104F1000D4F8800418B105F08BFB064690E7D4F86E
:104F200084040028E2D184E7D4F8846446B1304692
:104F300003F052FF064656E705467AE706467FE746
:104F4000D4F88C0400287FF453AF72E7D02B0420F0
:104F500060D000209467022014D0002020D00020D0
:104F600034D0002048D0002058D0002090250320C5
:104F7000CD1D0000006E0220E050042070B50646F2
:104F80000D460D20012108F063FC124A124B906C73
:104F90001C6898B12A46314604F098FC0E4B054631
:104FA0000E4A0D201B6811681B1B99424FF000012F
:104FB00038BF136008F04CFC284670BDD06C30B18F
:104FC0002A46314603F0C6FB034B0546E8E7054693
:104FD000E6E700BFAC290420A0300420502B0420B9
:104FE0002DE9F04184B005460C4609F03DFF1C4B0D
:104FF0001B781BB11B4B1B78DB070BD4DFF88880B9
:10500000194E1A4F0023C8F800303B60336004B0DB
:10501000BDE8F081164B174A1B6812689B1A0E2BCD
:10502000ECD9114E2B0902943268104F0192124CA8
:105030003A68DFF8548004F1240500920F49D8F84B
:1050400000200F4808F038F854F8042F0D490C4898
:1050500008F032F8AC42F7D1094808F013F8D1E76C
:10506000FF500420FE500420502B0420F42803207D
:10507000A0300420D0500420042B042080D0002035
:105080009467022098D00020482B04202DE9F04F8F
:105090000446B1B0B249B34801F02EFD012C00F036
:1050A0008D80A31E012B03D9204631B0BDE8F08FBF
:1050B000A4F10305AC4EB5FA85F56D094FF48031C6
:1050C000A748FFF75BFF3368DFF8148303443360BE
:1050D00008F0FAFCA54B0746D8F800201B88B0FB67
:1050E000F3F103FB11039A42994606D82DB9022029
:1050F000C8F8009031B0BDE8F08F0F209C4D08F04B
:1051000043F901B20FFA80FA3068FFF777FD834662
:10511000A86C002800F016810021436904910593D2
:1051200004F0F8F8A86C002800F05C8159464FF4B0
:10513000007204F0CBFBA86C002800F01982049BDD
:10514000002B00F0A4818B4805F078FCDFF810C23A
:10515000894DBCE80F000FC5BCE80F000FC5DCF897
:105160000030514630682B60FFF73AFF032C00F007
:105170009C81824D824CA5FB0735824B824E2D0CC3
:1051800004FB1574A3FB04343388C4F3CF24A34277
:1051900000F23C817388A34203D2B388A34200F299
:1051A000E081F388A342C0F06981784D784E2B8866
:1051B0003288934200F23181012099E70A22754E2C
:1051C00011461046FFF7FCF806A801F0B3FF9DF961
:1051D0001B409DF91A30BDF918206F4900946F48A3
:1051E0000CF072FA9DF91F409DF91E309DF91D20AB
:1051F0006B496C4800940CF067FA6A4B674A6A493D
:105200006A480CF061FA9DF91B2096F900309A4229
:1052100075D11CAD664E9DF91D2096F90030934264
:1052200028D0644CD4F88004002800F07D816249C5
:1052300005F082FB9DF91D20604961480CF044FA9D
:10524000D4F88024002A00F0538100231146284618
:105250005B4A1C9304F00AFA002800F05781D4F846
:105260008004002800F06B81554905F065FB9DF82E
:105270001D303370534908A84A4A484BCDE90021F4
:10528000514A52490CF020FA284644F2022308AA57
:10529000484905F0A7FC364D20A905F11000DDE9CD
:1052A0001D23C5E901239DF87C302B7305F06CFBB1
:1052B000474B20A81C9305F0C1FBAB6C002B00F002
:1052C000EA8008A80CF074FF014608A809F050FD18
:1052D0000221404809F04CFDA86C002800F08C80A9
:1052E0004FF400723C4904F0F1FA00251E4E0224EE
:1052F0002A46294628463560FFF762F8DEE62D4C3F
:10530000314A264B35492C480CF0DEF9D4F880247C
:10531000002A00F0D0801CAD00231146264A284602
:105320001C9304F0A3F9002800F0D480D4F8800482
:10533000002800F00D81204905F0FEFA9DF81B3091
:10534000337067E7E86C00283FF4FDAE0368002285
:10535000059343680493002302F082FCE2E600BF59
:1053600088290320782B0420542B0420906E0220DF
:10537000AC290420BC290420082B042007452EC298
:1053800080510100C5B3A291046E0220E8500420B0
:10539000926E0220956E0220A0D00020F8280320F3
:1053A000B0D00020A8500420C0D000200C29032039
:1053B000966E0220D02B04205C290320BCD500204F
:1053C000FC290420FC6D0220BC500420D0D0002019
:1053D00098060020DCD00020A0740220C8D0002055
:1053E000702B0420E86C00283FF4ADAE59464FF412
:1053F000007203F0AFF99EE6E86C00283FF475AF49
:105400004FF400726D4903F0A5F96EE74FF4616047
:1054100000FB035001F03CFFBCE6694C0292A4FB88
:105420000714684A684864091288B4FBF3F103FB67
:10543000114100940191654907F03EFE2B883288A6
:10544000B4FBF3F603FB1646B3B29A423FF6B4AE92
:10545000FFF740F800972988234632465A48B4FBA4
:10546000F1F404FB0111C1EB01118C0058490194C6
:1054700007F022FE204601F00BFF9DE633884FF433
:105480006160183300FB035001F002FF8DE60599BF
:1054900003F040FF57E6E96C00297FF412AF08469D
:1054A0000A22FEF78DFF0420FFE50921494809F093
:1054B0005FFC04201CE6D4F884141CAD00293FF4E2
:1054C0003DAF134628922846434A02F0BBFE00280F
:1054D0007FF42CAFD4F88034002B60D0002203F589
:1054E0008961284601231C923B4A04F07DF91DE79F
:1054F000D4F8841400293FF4BAAE13462892284603
:10550000364A02F09FFE00287FF4A9AED4F880341A
:10551000002B36D0002203F58961284601231C9216
:105520002E4A04F061F99AE6D4F8840400283FF486
:1055300083AE294903F020FD9DF91D207CE6D4F8B7
:10554000840400283FF493AE244903F015FD8EE651
:10555000D4F8840400283FF4F1AE1F4903F00CFD99
:10556000ECE64FF4616000FB035001F091FE18E699
:10557000E86C00283FF4E7ADDDE9043202F070FB8F
:10558000E1E5D4F8841400293FF471AE289301F5C5
:1055900089610123114A284602F0FCFF5FE6D4F836
:1055A000841400293FF4CAAE289301F589610123D0
:1055B000094A284602F0EEFFB8E600BFA0740220B8
:1055C00089888888906E022094670220ECD00020A1
:1055D000FCD00020E0D000205C290320FC2904201E
:1055E00010B594B040F202233E4A3F49684605F0A8
:1055F000F9FA129B002B70D03C49684607F05CFD1D
:105600003B4968463B4C07F057FD3B49684607F06D
:1056100053FD3A4B3A4968461A8807F04DFD394B1D
:10562000394968461A8807F047FD384B38496846BB
:105630001A8807F041FD374A374B684612683749E8
:10564000A3FB0232920907F037FD354B3549684616
:105650001A6807F031FD344A3449684607F02CFDDA
:10566000334A3449684607F027FD334A33496846D0
:1056700007F022FD324A3349684607F01DFD324AE1
:105680003249684607F018FD314A3249684607F04A
:1056900013FD22883049684607F00EFD62882F49C5
:1056A000684607F009FDA2882D49684607F004FD09
:1056B000E2882C49684604AC07F0FEFC2A4A68469A
:1056C0002A4907F0F9FC204605F0B8F9284B204696
:1056D000009305F0B3F914B010BD139B002B8BD1D0
:1056E00004ACF3E710D10020D02B04201CD1002003
:1056F00034D10020046E022068D10020906E022078
:105700006CD10020926E022088D10020E850042045
:10571000A0D10020006E0220D34D6210C4D1002021
:10572000DC6D0220E8D100202467022004D2002092
:10573000846602202CD200205C66022058D2002011
:10574000D466022084D20020FC6602209CD2002075
:10575000AC660220B4D20020D0D20020E4D20020D7
:10576000F8D200200CD30020486E022020D3002065
:1057700098060020074B1B8803B9704710B5FFF748
:105780002FFF054BD3F88C040368BDE810401B6A5B
:10579000184700BFE0500420D02B04202DE9F04F23
:1057A00097B000239F4A02A89F4905F01BFADDE944
:1057B0001403002800F0AE819C4C002526460028EA
:1057C00000F0B9800378190700F198800DF11809ED
:1057D000484605F033F9002D00F0AB810023934AD1
:1057E00093481E4612F8011B212902D140F82630A9
:1057F00001360133AB42F5D10FFA86FB002E74D08F
:105800000025DFF82CA204F101082F465AF8040BFA
:1058100000F1010E831C00F1500C08EB000104E0C4
:105820003B2A06D00133634503DC11F8012F232AFC
:10583000F6D1E754033014F80E302044313B472BA7
:1058400050D8DFE813F05B014F01430148004F00DF
:105850004F004F004F004F004F004F004F004F00D0
:105860004F004F004F004F004F004F004F004F00C0
:105870004F004F004F004F004F004F004F004F00B0
:105880004F004F004F004F004F004F004F004F00A0
:105890004F004F004F004F004F004F004F004F0090
:1058A0004F004F004F0037014F002E014F002501E0
:1058B0000F01DE004F004F004F004F00D5004F009A
:1058C000CC00C000B7004F00AB00A2004F004F005B
:1058D0004F004F00990001AA56490BF019FF564B93
:1058E000019ADA800135AE4290D1544B484602937A
:1058F00005F0A4F8584617B0BDE8F08FC3694269B7
:105900009B1A002B01DB3FF461AFB5F5C86F00F0C7
:105910000881012201A903F0DBFB012805F1010543
:105920000CBF9DF80420FF22DDE9140306F8012BCB
:1059300000287FF447AF002B3FF448AF93F83120A5
:1059400012077FF543AF18681A695969121A586827
:1059500061EB0001B2F1004F71F1000102D2002AA7
:105960003FF434AFB5F5C86F00F0DB80012201A928
:10597000184602F095F8D0E70135314A31490BF06D
:10598000C7FEAE427FF442AFAFE701352E4A2D4944
:105990000BF0BEFEAE427FF439AFA6E7013501AA97
:1059A00024490BF0B5FE294B019AAE421A807FF4D0
:1059B0002DAF9AE70135264A22490BF0A9FEAE42E7
:1059C0007FF424AF91E7013501AA1A490BF0A0FE3C
:1059D000204B019AAE421A807FF418AF85E701355B
:1059E0001D4A18490BF094FEAE427FF40FAF7CE7DE
:1059F00001351A4A13490BF08BFEAE427FF406AF15
:105A000073E701AA0B490BF083FEBDF80400144BA9
:105A10000135186040B2FEF78BFEAE427FF4F6AE61
:105A200063E700BF10D10020D02B0420C01E03204C
:105A3000042503204CD30020046E02209806002089
:105A4000486E0220CCD0002024670220E8500420B9
:105A5000D4660220926E02205C660220AC660220B0
:105A6000DC6D022001AA34490BF052FE334BBDF825
:105A700004204FF47A7101351A601A6801FB02F2B2
:105A80001A601868FEF7FEFBAE427FF4BFAE2CE74B
:105A900001352B4A2B490BF03BFEAE427FF4B6AEEC
:105AA00023E70135284A27490BF032FEAE427FF446
:105AB000ADAE1AE7013501AA1F490BF029FE234BB1
:105AC000019AAE421A807FF4A1AE0EE7013501AA19
:105AD00019490BF01DFE1E4B019AAE429A807FF4CD
:105AE00095AE02E7013501AA13490BF011FE184BE0
:105AF000019AAE425A807FF489AEF6E6013501AADA
:105B00000D490BF005FE124B019AAE421A807FF44C
:105B10007DAEEAE6002B7FF44FAE9B460DF11809EF
:105B2000E3E60DF118094FF4C865484604F086FF16
:105B300054E6AB46D9E600BF4CD30020006E0220ED
:105B4000FC660220CCD0002084660220906E0220E9
:105B5000046E022008B5FFF721FE00B908BD0D2133
:105B60002F4809F005F92F4807F08CFA00F072F978
:105B700005212D4809F0FCF82C480CF019FB0146D2
:105B80002A4809F0F5F8274807F07CFA052128484B
:105B900009F0EEF827480CF00BFB0146254809F008
:105BA000E7F8204807F06EFA0521234809F0E0F8ED
:105BB00022480CF0FDFA0146204809F0D9F81948AE
:105BC00007F060FA05211E4809F0D2F81D480CF0D4
:105BD000EFFA01461B4809F0CBF8124807F052FAD9
:105BE0000521194809F0C4F818480CF0E1FA0146FB
:105BF000164809F0BDF80B4807F044FA052114488F
:105C000009F0B6F813480CF0D3FA0146114809F030
:105C1000AFF8044807F036FAFEF79AFE012008BDF7
:105C200050D300209467022060D300202467022014
:105C300068D300208466022070D300205C660220B6
:105C400078D30020D466022080D30020FC66022096
:105C500088D30020AC660220174B0021174A184851
:105C600010B4C3F8A4242922C3F89004072083F8B1
:105C7000AD24144A144CA3F8981483F8B11483F893
:105C8000C814C3F88014C3F88414C3F88C1483F8C0
:105C9000B814C3F8A8044FF47A70C3F89C240B4BD3
:105CA0006160A060204621732360094AC4E9121193
:105CB000084910BC09F07ABBD02B042000093D0034
:105CC000A8070020C8060020AC2904206007002097
:105CD0006C6B0220591E000010B5044600230A22F6
:105CE00007F0F8F92046BDE8104007F0CBB900BF37
:105CF00010B5044607F0BAF92046BDE8104007F099
:105D0000C1B900BF91B100B583B0019008460091C0
:105D10000CF04EFA019B02460099D3F800C01846D9
:105D2000DCF8043003B05DF804EB1847704700BF9F
:105D300008B508F0B3FF0028FBD041F288310D48C8
:105D400028230D4A81600A2107F0D8FA00230A4A65
:105D500002211354094809F00BF807480CF028FAFF
:105D60000146054809F004F8024807F08BF902489B
:105D700008BD00BF94670220B825032090D30020FF
:105D800030B593B00446FFF7D3FF05460CF010FA88
:105D9000122802D8002013B030BD11A90DF12F0335
:105DA00010AA2846CDE907310DF12E030FA9CDE940
:105DB00005320DF12D030EAACDE903310BAB0DA970
:105DC000CDE9013200910DF12B030CAA08490BF02B
:105DD0009FFCDDE90C23DDE90E012280A370E07059
:105DE00001206171DDE91023A271E37113B030BDB0
:105DF00094D3002010B50446FFF79AFF01462046D1
:105E0000BDE810400CF014B910B582B00446FFF79D
:105E10008FFF002301AA044901930BF079FC019B39
:105E2000238002B010BD00BFA8D3002010B50446E7
:105E300082B049B1084601910CF0BAF923680246D4
:105E4000019920465B689847204602B0BDE81040A3
:105E500007F018B908B50B21364808F089FF364B12
:105E60003648198807F002F90421354808F080FF08
:105E7000324807F007F90B21324808F079FF324B1E
:105E80002E48198807F0F2F80421304808F070FF16
:105E90002A4807F0F7F80B212D4808F069FF2D4B31
:105EA0002648198807F0E2F80421284808F060FF26
:105EB000224807F0E7F80B21274808F059FF274947
:105EC00000230A2209681D4807F004F90321244829
:105ED00008F04EFF194807F0D5F80B21214808F0CB
:105EE00047FF214900230A220968144807F0F2F805
:105EF00003211E4808F03CFF104807F0C3F80B21AF
:105F00001B4808F035FF02210C4807F0AFF80B489A
:105F100007F0B8F80821174808F02AFF0F2007F00B
:105F200033FA0146054807F0A1F80448BDE80840E7
:105F300007F0A8B8ACD30020906E0220946702202E
:105F4000B8D30020C0D30020926E0220CCD3002012
:105F5000D4D30020E8500420E0D30020006E0220BB
:105F6000ECD30020F0D30020DC6D0220FCD3002015
:105F700000D400200CD4002008B51521144808F0E6
:105F8000F7FE144807F07EF80B21134808F0F0FEE6
:105F9000104807F077F80B21104808F0E9FE0521BA
:105FA0000F4808F0E5FE0B4807F06CF80B210D4890
:105FB00008F0DEFE0C480CF0FBF801460A4808F039
:105FC000D7FE044807F05EF8BDE80840FFF742BF7F
:105FD00018D400209467022074CF002030D4002011
:105FE0006CCF00203CD40020BC50042030B587B0DA
:105FF000054608F039FF9D4B1B786BB19C4B1B7815
:10600000DB0709D59B4B9C4A1B6812689B1A0E2B19
:1060100002D908F043FE10B9284607B030BD08F099
:1060200083FEC0B2212800F081803F38C3B23A2BF2
:10603000F2D83A28F0D801A353F820F0D138000064
:1060400069360000693600006936000069360000D4
:1060500069360000693600006936000069360000C4
:1060600069360000693600006936000069360000B4
:1060700069360000693600006936000069360000A4
:106080006936000069360000693600006936000094
:106090006936000069360000693600006936000084
:1060A0006936000069360000693600006936000074
:1060B0006936000069360000693600006936000064
:1060C00069360000693600001D3B0000AF3A000051
:1060D00069360000A33A0000693600006936000006
:1060E0006936000069360000693600006936000034
:1060F0006936000069360000693600006936000024
:106100009D3A000069360000693600008B3A0000B5
:106110006936000069360000693600006936000003
:106120000D3A0000273B000007F012FB08F0B6FD17
:1061300003460A20002BF7D008F0F6FDC3B2313B2E
:10614000472B3FF669AF01A252F823F0C73C00008D
:10615000BF3C0000B73C0000AF3C000069360000C7
:1061600069360000693600006936000069360000B3
:1061700069360000693600006936000069360000A3
:106180006936000069360000693600006936000093
:106190006936000069360000693600006936000083
:1061A0006936000069360000693600006936000073
:1061B0006936000069360000693600006936000063
:1061C0006936000069360000693600006936000053
:1061D0006936000069360000693600006936000043
:1061E0006936000069360000693600006936000033
:1061F0006936000069360000693600006936000023
:10620000693600006936000069360000DB3D000099
:106210006936000069360000CD3D00006936000097
:10622000AF3D00009D3D000069360000693600006A
:1062300069360000953D00008D3D00006936000084
:10624000853D00007D3D00007B3B0000693600007D
:10625000A73C000069360000693600007B3B000067
:10626000693600007B3B00009F3C0000FF5004208B
:10627000FE500420A0300420D050042007F068FA1B
:1062800008F00CFD03460A20002BF7D008F04CFD67
:10629000C3B2313B462B3FF6BFAE01A252F823F00A
:1062A000793C0000653C0000513C00003D3C000092
:1062B0006936000069360000693600006936000062
:1062C0006936000069360000693600006936000052
:1062D0006936000069360000693600006936000042
:1062E0006936000069360000693600006936000032
:1062F0006936000069360000693600006936000022
:106300006936000069360000693600006936000011
:106310006936000069360000693600006936000001
:1063200069360000693600006936000069360000F1
:1063300069360000693600006936000069360000E1
:1063400069360000693600006936000069360000D1
:1063500069360000693600006936000069360000C1
:10636000293C00006936000069360000193C000035
:1063700069360000053C0000F13B00006936000072
:106380006936000069360000DF3B0000CD3B0000AD
:1063900069360000BB3B0000A73B0000953B0000B6
:1063A00069360000813B0000693600006936000054
:1063B0008D3C00006936000069360000FFF7B8FC2C
:1063C000002304AAAE4904930BF0A2F9049B9AB2ED
:1063D000002A7DD00D21AB48019308F0C9FCBDF81F
:1063E0000430A9481946019306F040FE0621A7484B
:1063F00008F0BEFC07F068FBA54A019BA2FB001257
:106400004FF4616103EBD22301FB03F40221A148A5
:1064100008F0AEFC07F058FB00230A22211A9A4824
:1064200006F058FE05219C4808F0A2FC964806F0AC
:1064300029FE204600F02CFFEEE50521974808F0E4
:1064400097FC9148002506F01DFEE5E5FFF794FD59
:10645000E2E505219248032508F08AFCDCE5052DDC
:106460007FF4DAAD05E008F05FFC8DF80F009DF8D1
:106470000F3008F013FC0028F5D104A800F05AFEF4
:1064800004A9884800F030FE3E21874808F070FCDF
:106490007D4806F0F7FD04A8FFF772FC002800F025
:1064A000788104A800F0EAFD0A2007F051F904A859
:1064B00000F03EFE11217D4808F05AFC724806F0BB
:1064C000E1FD04A9774800F00FFEA5E5FFF752F9BA
:1064D000FDF706FFA0E5FFF72BFC002304AA68499F
:1064E00004930BF015F9049B9AB2002AF0D00D2109
:1064F0006448019308F03CFCBDF80430624819463A
:10650000019306F0B3FD0821694808F031FC07F05B
:10651000DBFA684A019BA2FB0012022103EB521333
:10652000C3EB031303FA01F471E7FFF701FC73E512
:1065300061495548FFF7E6FB604B53481988FFF760
:10654000D7FB69E55E495048FFF7DCFB02214E4866
:10655000FFF7CEFB60E55B494B48FFF7D3FB5A4B97
:1065600049481988FFF7C4FB56E558494648FFF7E4
:10657000C9FB57494448FFF759FC4DE55549424886
:10658000FFF7C0FB54494048FFF750FC44E553492E
:106590003D48FFF7B7FB52493B48FFF747FC3BE557
:1065A00050493948FFF7AEFB4F4B37481968FFF7A2
:1065B00093FB31E54D493448FFF7A4FB4C4B32487F
:1065C0001968FFF789FB27E504A800F047FD04A937
:1065D000484800F089FD1FE547492B48FFF792FB2B
:1065E000464B29481988FFF783FB15E5444926489F
:1065F000FFF788FB434B2448D988FFF779FB0BE56D
:1066000041492148FFF77EFB3E4B1F489988FFF721
:106610006FFB01E53D491C48FFF774FB394B1A48F5
:106620005988FFF765FBF7E439491748FFF76AFB1C
:10663000344B15481988FFF75BFBEDE435491248E8
:10664000FFF760FB34491048FFF7F0FBE4E4334800
:10665000FFF7D0FBE0E41948FFF7D6FBDCE4304855
:10666000FFF7D2FBD8E42F48FFF7CEFBD4E42E4847
:10667000FFF7CAFBD0E42348FFF7C6FBCCE400BF1A
:10668000A8D3002058D400209467022068D40020AA
:10669000C5B3A291E0CE002070D4002048D40020E1
:1066A00050D40020F8D40020FCD400203CD5002099
:1066B00078D400208988888894D40020E850042069
:1066C000B4D400208CD40020926E0220C0D40020CC
:1066D0005C660220D0D40020AC660220C8D4002022
:1066E000D4660220A4D40020DC6D02209CD40020BB
:1066F000006E0220BCD4002084D40020906E0220C2
:10670000F0D40020046E0220E8D40020E0D4002061
:10671000D8D40020ACD40020BC500420486E022005
:106720000A6E0220086E0220066E02201D48FFF746
:106730006BFB71E41C48FFF75DFB6DE41B48FFF742
:1067400059FB69E41A48FFF755FB65E41948FFF760
:106750005BFB184890F90000FDF7EAFF5CE4FFF7E7
:10676000E7FA002304AA144904930AF0D1FF134B5B
:10677000049A1A601868FDF785FD4DE404A8FFF738
:10678000FFFA04A800F07AFC46E40D48FFF73CFB52
:1067900042E41B210B4808F0EBFA0B4806F072FCB0
:1067A0003AE400BF926E02205C660220AC660220D2
:1067B000D4660220DC6D0220A8D30020006E0220E7
:1067C000906E022050D5002094670220002A2DE907
:1067D000F047DDF820803CDDA1F1040E1E46444662
:1067E0000EEB8205002204E0644640F82230AE45FC
:1067F00020D0A4EB060C5EF8041F50F822A04FEA4C
:10680000820901FA0CF3BCF1000F00EB820743EAA6
:106810000A03E9DCA6EB040302F1010208EB0C0415
:106820004AEA010C21FA03F10AD1AE45444640F888
:1068300009C0DED1444500D001321046BDE8F087E2
:1068400041EA0A0140F80910DEF80030A3407B60FD
:10685000CDE700221046BDE8F08700BF2DE9F047E4
:106860001C1E82B00546164609DD0B1F4E4A03EB7F
:10687000840753F8040FBB4242F8040BF9D1B44229
:1068800080F28E800A1FDFF824914FEA840CB70053
:1068900002EB840E02EB860A09EB84005EF8043FEB
:1068A00052F8048FD645A3EB080340F8043FF5D116
:1068B000002E0ADD08463A4600210BF0E1F8B4420A
:1068C0006CDA4FEA840CDFF8E49009EB0C0109EB79
:1068D0000702002051F8043F002BB8BF5B429842EA
:1068E00038BF18468A42F5D10222012301E0192A55
:1068F00043D003FA02F101328142F8D99340B4F552
:10690000006F964603F1FF3C3ED0284F07EB840111
:1069100007F5005751F8040F00EA0C008F42086099
:10692000F8D1AA600022002CEA604FF0A5322A605C
:106930001F4A12686A600CDD00221B4905F10C0039
:10694000174601320B68944240F8043F41F8047B3B
:10695000F7DC201D202173463246009105EB8000B4
:106960001149FFF733FF0444E86005F58053201D0B
:10697000C3F8FC0F02B0BDE8F0871A22B4F5006F2F
:106980006FF07C4C9646C0D1AA600022EA604FF0BE
:10699000A5322A60064A12686A60CDE70020A3E7A4
:1069A000002EFBDDB70085E7A8300420A4300420CA
:1069B000A030042041F6FC71031F10B5411882B0CD
:1069C000044653F8042F12138B421A60F9D10423A2
:1069D0004FF4006221462046FFF740FFB0F5006FFC
:1069E00012D200F17F0323F07F03984208D21A1AD3
:1069F000002104EB8000019392000BF041F8019B11
:106A000004F58052C2F8FC3F204602B010BD00BF22
:106A100010B54FF4A0220446002104480BF030F8D2
:106A200000232360A380A36010BD00BF006020206E
:106A30000346806870B5964682180E46B2F5804FC0
:106A40003FDD43F6FE72B3F90010904211DC0246BE
:106A5000274C002502EB813C44F82C509A68013207
:106A6000B2F5804F9A60F5DB04EB01444FF6FC72FF
:106A7000A0504C1C1F49002081FB0421E2179860A4
:106A8000C2EB610202EB8202A21AB3F9024011B218
:106A90008C42198012D086450FDD311F9203144CB1
:106AA00001EB8E0E51F8045F104444F820508E45DF
:106AB000986800F101009860F4D1012000229A80CA
:106AC00070BDBEF1000FF8DD0439B3F900C0084C09
:106AD00001EB8E0E51F8042F00EB8C3044F820208F
:106AE0007145986800F101009860F3D10120E5E755
:106AF0000060202067666666B0F902C0B0F9003019
:106B0000634500B5864621D013480A1F00EB0C43AD
:106B100000F5803000EB0C4053F8041F834242F82C
:106B2000041FF9D10CF1010C0C4A012082FB0C323C
:106B30004FEAEC73C3EB620303EB8303ACEB030C90
:106B40000023AEF802C0AEF8043000BD00230020E0
:106B5000AEF8043000BD00BFFC5F202067666666AB
:106B6000B0F90030B0F90210581D074A401A82FBF4
:106B70000032C317C3EB620303EB8303C01A002880
:106B8000D4BF0020012070476766666638B54FF4B1
:106B900080611748174D01242DED048BFDF774F922
:106BA000F7EE009A4FF4005200211348B6EE009A17
:106BB0000AF066FFDFED118A00239FED118A45F888
:106BC000043B07EE904A0134B8EEE70A20EE280AAB
:106BD00020EE080A08F0D0FA39EEC00AB4F5806F4A
:106BE00020EE090AA5EC010AEBD1BDEC048B38BDFF
:106BF000A8AE0220C0AE0220A88E0220DB0FC94042
:106C00000000803A2DE9F047234E0546234F4FF010
:106C10000009234CA6F50068DFF898A0214A204619
:106C200002F50061134650F810CB43F804CB4345FE
:106C3000F9D10023E85807EE900AE0181033F8EE77
:106C4000E77AB3F5005FE1EC017AC0ED007AF1D1AB
:106C5000154BD2ED007AB3EC017A67EE877AE2EC5D
:106C6000017AB242F5D10023104A0E491048FDF7CF
:106C700045F80E4B0AEB890253F8041BBB4242F85D
:106C8000101BF9D109F1010904350434B9F1040FDD
:106C9000C4D1BDE8F08700BFC0CE0220C0DE022014
:106CA000A88E0220C0BE0220C0AE0220C0CE0220AC
:106CB000A8AE0220C0DE022010B530484FF0000C14
:106CC000DFF8C8E02E492DED048BDFED2E8A90ED24
:106CD000008A724690ED010AD0ED020A90ED031A87
:106CE000D0ED041A90ED052A274BD3ED006A20332E
:106CF00013ED053A144613ED067A0C3263EE664A3C
:106D000013ED079A53ED017A53ED033AE9EE074A82
:106D100053ED042A27EEE66A13ED024A23EEE65A03
:106D2000994267EEC76A63EEC75A27EEE27AF0EE41
:106D3000687AA9EE225AA9EE046AE8EE647AE3EED4
:106D4000225AE3EE046AA3EE847AE0EE457AE0EE9E
:106D5000C67AE1EE657AE1EEE67AE2EE477AC4EDD4
:106D6000007AC2D10CF1010C18300EF1040EBCF106
:106D7000030FACD1BDEC048B10BD00BF4C670220EB
:106D8000C01E032000000000C0DE0220A876022002
:106D9000134A38B5136804460133136006F02EFD1C
:106DA00005462046FFF706FE04F5805301460D48D0
:106DB000D3F8FC2FFFF73CFE18B90B4A13680133D8
:106DC00013602046FFF71EFFFFF776FF06F016FD63
:106DD000064B401B1A68824238BF186038BD00BF9E
:106DE000F0280320782B0420F4280320742B04209F
:106DF000FFF7CCBE0148FFF70BBE00BF782B042085
:106E00000A460C4900B585B092F907C092F90630E0
:106E10000968CDE9023C92F905C092F90330CDE949
:106E2000003C92F90230B2F900200AF04DFC05B0A6
:106E300000BD00BF706E0220454BB2F5FA6F2DE920
:106E4000F0410C46A3FB0016424F40F26D184FEA8A
:106E50005616A3FB0631404B4FEA5111A3FB0153D9
:106E600014BF042506251B091D44A7FB057CC6EBA2
:106E70000617A0EB8700394FE071A5EB0C000CEB77
:106E8000500CC1EB01104FEA9C0CA6EB8000344E75
:106E9000CCEBCC0CA07103EB4300A5EB0C05A1EBF4
:106EA000C0010020257161712E4D00E0013212F009
:106EB000030105FB02FE40F26D1C08D1B6EBBE0FCC
:106EC0004FF4B77C03D3B7EB3E1F38BFC4466044D2
:106ED0008342EBD2244D4FF0640C4FF4C8772280EC
:106EE000A5FB02656E09ED090CFB162607FB1525AF
:106EF00019B92EB34FF4B77201E040F26D121B1AAC
:106F00001A4F1344012205E0834214D301321B1AA5
:106F10000C2A10D017F8010B0029F5D10EB9002D5D
:106F2000F2D1022AF0D10130834204D31B1A03228A
:106F300017F8010BF2E70133A270E370BDE8F081AE
:106F400040F26D128D4208BF4FF4B772D7E700BF11
:106F50008988888825499224ABAAAAAA0AD7A300BF
:106F6000285C8F02295C8FC21F85EB5178040020BA
:106F70002DE9F041B0F9008000231FFA88FE714529
:106F800018DA40F26D172F4C2F4D304E11F0030FD1
:106F900004FB01FC40F26D1208D1B5EBBC0F4FF4BD
:106FA000B77203D3B6EB3C1F38BF3A4601311344E6
:106FB0008E45EBD190F90240012C2BDD244D08F0D9
:106FC00003062449A5FB0E2564226D0902FB15E585
:106FD0000122ADB201E094421CD011F801CB022A8B
:106FE00002F101026344F6D1002EF4D10EEB8E0CB7
:106FF00065B90EEBCC0CACEB8C2CCCF30B1707EB80
:107000000C3C1FFA8CFCBCF1A30FE4D8944203F1B2
:107010000103E2D190F906204FF4616590F9051063
:10702000C2EB02120C4C920005FB012290F90750B2
:1070300090F903102A44013904FB012204FB0320C8
:10704000BDE8F081295C8FC2285C8F020AD7A300BB
:107050001F85EB517804002080510100064B1B88EE
:107060009BB23BB100234FF4FA6243800280A0F848
:107070000530C371704700BFDC500420184B00225C
:107080001B8830B59BB283B00092CDF8032023B3A8
:1070900001880DF1FF3442880DF10605C3883031B7
:1070A000407952BA5BBA8DF80610ADF804208DF81D
:1070B0000200ADF8003014F8011F00230A2209482D
:1070C00006F008F8202007F03FFEAC42F3D1054857
:1070D00003B0BDE8304005F0D5BF03B030BD00BF00
:1070E000DC5004209467022010B50C4682B00246A2
:1070F0000C4994F903300C48019394F90230009341
:10710000B4F9003005F0D8FF94F9071094F906306F
:1071100094F9052000910549034805F0CDFF02B020
:1071200010BD00BF6CD500209467022080D50020E0
:10713000FDF72EB9FDF71EB970B586B04D4DFDF7C0
:1071400017F9002602A8FDF715F99DF90B409DF9E6
:107150000A00BDF90830484A4849CDE900044848CA
:1071600005F0AAFF9DF90F409DF90E309DF90D2005
:1071700044490094424805F09FFF092142482E806F
:1071800007F0F6FD29883E4889B205F06FFF3C48BC
:1071900005F078FF0A2006F0DBFA2C88A4B2002C58
:1071A0004AD02B889BB2002B3BD1BDF910309DF902
:1071B00012409DF91300354A3049CDE9004030486E
:1071C00005F07AFF9DF917409DF916309DF91520BD
:1071D0002C4900942A4805F06FFF04A8FDF7D8F861
:1071E0000A2006F0B5FA04A8FDF7C4F89DF913408B
:1071F0009DF91200BDF910301F4A2049CDE9000465
:107200001F4805F059FF9DF917409DF916309DF96B
:1072100015201C4900941A4805F04EFF012006B0C5
:1072200070BD4FF4FA6230463446ADF8156013462F
:107230008DF817600492BEE704A8FDF79BF89DF94E
:1072400013009DF91210BDF910300B4ACDE9001062
:107250000A490B4805F030FF9DF917009DF91630DB
:1072600000909DF915200749054805F025FF2046A7
:1072700006B070BDDC500420F8D400206CD500208E
:107280009467022080D5002090D500209CD5002056
:1072900008B5FDF739F8FDF735F8642006F058FA1F
:1072A000BDE80840FDF760B890F8A32090F8A20070
:1072B000101A704790F8A23090F8A3209A4202D991
:1072C0001844807E70474FF0FF307047704700BF12
:1072D00090F83021034612B990F831212AB193F881
:1072E0002F21882A03D901225A600020704702F119
:1072F000010C1A44012083F82FC182F8A5107047B1
:1073000090F83031944623B990F831210AB91046EB
:10731000704700B590F82FE183B0CEF18902944513
:1073200011D862460346A53000927044019306F0DE
:10733000FBFA019B009A93F82F111046114483F831
:107340002F1103B000BD01234360EBE72DE9F04F9F
:1073500043698046007E152598F8192083B003EB19
:1073600000103B4903EB0212007A92F8282001EB4F
:1073700000140001D4F80CA00F5801EB0210D4F84F
:1073800004901201C46851F802E0C9F80050C7F82F
:1073900084A07A68D0F804B042EA0A022D487A60E4
:1073A000CBF80050CEF88440DEF804202A4D22436A
:1073B000CEF80420294A46682968A2FB0121890CDD
:1073C00001EB810149004268921B9142FBD84FF0CA
:1073D000090C204A214E0193BB6813EA0A0F03D01F
:1073E000DEF8083023422FD1CEF8884050682B6851
:1073F000A6FB0331890C01EB810153681B1A9942EA
:10740000FBD8CEF8844050682B68A6FB0331890C6A
:1074100001EB810153681B1A9942FBD8BCF1010CA6
:10742000DAD1019B604698F8182003EB0212D2686B
:10743000C9F8002098F8192003EB0213DB6ACBF897
:10744000003003B0BDE8F08F019B0120EBE700BFE7
:10745000DCCA0020001000E05866022083DE1B43D7
:1074600010490269D1F800C006E0DB0108D40B68BE
:10747000A3EB0C03102B08D8536913F0007FF4D151
:107480004FF4FE4301205361704700B583B0019271
:10749000FFF75CFF019A18B14FF4FE4301205361DE
:1074A00003B000BDA03004202DE9F04790F82F91E3
:1074B000B9F1000F5BD082460F46D0F81080FFF77D
:1074C000CFFF002853D03A4D00242E6819E0D8F899
:1074D000143019054ED4DA0453D4580559D49904FC
:1074E0003BD42A68921B322A37D84C4507D9D8F8A2
:1074F0005C20520703D19B0557D4002F55D007F0CD
:10750000B3FC4C45E3D8D8F85C305807DFD403F01F
:1075100007034CB99AF8A5200133012442F4806294
:10752000042BC8F86020D2D0A14504F101020DD986
:107530000AEB040101331446042B91F8A520C8F886
:107540006020C4D0A14504F10102F1D81FB14FF46D
:107550000073C8F860301446B9E7D8F810304FF41B
:10756000007243F44073C8F81030C8F8602004205B
:10757000BDE8F087D8F8103043F44073C8F81030F5
:10758000F5E7D8F81030052043F44073C8F8103000
:10759000EEE7D8F810304FF40072022043F4407345
:1075A000C8F81030C8F86020E2E70020E0E700BF2C
:1075B000A03004202DE9F04F83B004460D46164656
:1075C0009946D0F810B0FFF74BFF002800F0A780D5
:1075D000012E4FF000024FEA4505544F38BF0126F7
:1075E0009246EDB2D7F80080731EBAF1020FA4F8EC
:1075F000A22043F48073019357D994F8A330872BCA
:1076000021D9DBF8141008053AD411F4105F70D1B9
:107610003B68A3EB0803322B6BD894F8A330B3423A
:107620003ED3BAF1020F3BD9DBF85C305A0704D1E4
:107630008B052BD4B9F1000F28D007F015FC94F876
:10764000A330872BDDD8DBF85C1011F4E02FC1F3F9
:10765000024CD6D09C4404F119015FFA8CFC194409
:107660000133DBF87000DBB2634584F8A33001F826
:10767000010FC6D0882BF3D1DBF814100805C4D550
:10768000DBF8103043F44073CBF81030DBF85C309B
:1076900013F4E02F3CD194F8A30003B0BDE8F08FC1
:1076A00007F0E2FBBAF1020FA7D8DBF85C00430752
:1076B000A3D45146BAF1000F0BD140F201432B4342
:1076C000CBF8603000F00703013153445B1A032B01
:1076D00029D8012909D0B9F1000F03D04FF4007364
:1076E000CBF860304FF0030A87E7019BCBF860309E
:1076F000E8E7DBF810304FF4007243F44073CBF846
:107700001030CBF86020DBF85C3013F4E02FC2D0EF
:10771000DBF8103043F40073CBF81030BBE70420E3
:1077200003B0BDE8F08F8A4667E700BFA0300420B1
:1077300001690346D1F8142110B512F4706E84B0BB
:1077400002F0020002F0010C26D178B3D1F870E10A
:107750001EF4004F40D00020012483F8A2001844FA
:1077600083F8A34080F81AE0BCF1000F21D112F495
:10777000407F0FD093F8A30028B1D3F83C2112B179
:1077800000939047009B0022A3F8A220A3F82E218B
:1077900083F8302104B010BDC1F814E10028E3D013
:1077A000D1F870E11EF4004FD5D115E0BCF1000F07
:1077B000F0D093F83001A8B193F82E0193F82FC1BF
:1077C000844527D900F1010C184483F82EC190F8A4
:1077D000A500C1F86001CAE793F8A3008728C3D8C1
:1077E000441CBCE7D3F8384144B1CDE90203CDE9EC
:1077F0000012A047DDE90203DDE900124FF0000CA2
:1078000083F82EC14FF0010C83F830C193F82FC1DB
:107810008445D7D80020C1F86001A8E70148FFF7E8
:1078200087BF00BFA46702200148FFF781BF00BFE8
:10783000E46802200148FFF77BBF00BF246A0220F2
:10784000DFF870C00022036961451A6116D8DFF8BD
:1078500068C0012012494FF43032C3F848C0586262
:107860009962DA62D3F848C000204FF0011101227A
:10787000C3F850C0186299651A617047094881427F
:1078800009D9DFF838C008480849C3F848C05A6227
:107890009862D962E6E7DFF828C00548F4E700BF40
:1078A000B80B05053F420F0060090101007F05008C
:1078B000100E02027F1A06003B3728190A09070436
:1078C0001C1A120C30B504468E460068114640F270
:1078D0000122026123B31D46BEF1000F21D0724682
:1078E00012F801CB9646013DC0F864C0026F9207C2
:1078F00007D48C46013B426F19B10CF8012B61464D
:1079000020684269D207F1D5002DE5D143B1026F5D
:107910009207FCD4426F09B101F8012B013B03D15E
:1079200030BD94F83CC0DEE72068026F9207EED4C9
:10793000F0E700BF0BB1FFF7C5BF70474268D2E95F
:1079400000130968194200D1704703460020052141
:1079500010B51C6882B02061187C01930244107C31
:1079600005F098FF019B0521587C5A68024492F863
:10797000240005F08FFF019B05215A689B7C13446E
:1079800093F8380002B0BDE8104005F083BF00BF97
:1079900030B500F1240385B08C460446154693E8C3
:1079A000070001AB83E807004FEA4C121946206A32
:1079B00001F06AF9012806D12A4601A9206A01F0DE
:1079C0001FF905B030BD002005B030BD10B504462C
:1079D00000F01AFD002384F8313084F8333010BDF4
:1079E00090F831C0BCF1000F01D00020704710B5F5
:1079F00082B00C463822614601900AF041F801221B
:107A0000019B402110461C6283F8332083F831101B
:107A100002B010BD70B514460A781E460B46202AE7
:107A200004D113F801CFBCF1200FFAD02360A3607A
:107A3000197881B32F2920D05A1C184DA1F1220C9E
:107A40001F295FFA8CFC07D9BCF11D0F25FA0CFE2B
:107A500004D81EF0010F05D0002070BD01F0DF0337
:107A60005C2BF9D02E29134602D0202918BFA26022
:107A700012F8011B79B12F29E0D113F801CFBCF125
:107A8000200FFAD0BCF12F0FF7D021463360BDE8AC
:107A9000704000F0CBBF2F29EFD0F6E70121003571
:107AA0002DE9F04F90F8333083B00446DD076FD5F1
:107AB00058060E46924640F1AA80D4E90023D4E944
:107AC00004101AEB020543F10003A94270EB030313
:107AD000C0F0A380BAF1000F56D05546D4E9003269
:107AE000276AD7F8381411EA030970D1134370D10B
:107AF00094F831305A064CBFD7F83414E169A161CB
:107B000097F845240239D7F82C34C9F3080B914073
:107B100040F2FF1003EB59231944BBF1000F42D18F
:107B2000854240D9D7F81C0281423CD0B5F5806F20
:107B300056D301239340A3EB59296B0A994528BFDB
:107B4000994681420AD801EB0903984206D207F50B
:107B50000470019105F064F80199C8B1D7F81402D6
:107B60004B46324607687F69B84788B14FEA4929D2
:107B70004B464E44D4E900125B1842F10002B5EBCB
:107B80000905C4E90032ABD1504603B0BDE8F08F1F
:107B900094F832304FF0FF3043F0020384F8323073
:107BA00003B0BDE8F08F002207F5047005F062F81D
:107BB0000028EDD0CBF5007900EB0B013046A9454C
:107BC00028BFA9464A4605F0AFFE4B46D1E7A1695A
:107BD00096E794F83330A1695B060DD501318EE745
:107BE000D7F81402324603681B6998470028CFD0A3
:107BF0004FF400739946BCE704F11802384601F0CF
:107C00001BF80028C4DB0BD0276AA16978E794F839
:107C1000313019077FF55EAF4FE7A1EB020A59E754
:107C200094F8313013F0500FB2D0AAEB050A504649
:107C3000ABE700BFF0B583B00122044685690DF1C2
:107C40000701D0E90067FFF72BFF0128A5610CBFF2
:107C50009DF807004FF0FF30C4E9006703B0F0BDA6
:107C60002DE9F04F044690F83110806983B08046CA
:107C700000295BD0D4E900CE9E4508BF94455FD073
:107C800052EA030058D00F0704D5D4E904509542B6
:107C900098414BD3206A551E94F83360834690F880
:107CA0004504009663F100060930C0B225FA00F9D8
:107CB000C0F12007A0F12005BA4606FA07F70195A2
:107CC00026FA05F5009E49EA0709760649EA050500
:107CD0003AD41CF1FF3626FA00F04EF1FF365CEA8A
:107CE0000E0E06FA0AF70097019F26FA07F6009F84
:107CF00040EA070040EA060001D0854228D2490642
:107D00004CBFDBF83414E169A1611746994606E0DF
:107D1000A169013D206A00F08FFF002806DD04F113
:107D20001802002DF4D13A464B4607E00020C4F873
:107D3000188003B0BDE8F08F0021A161C4E90023E1
:107D4000012003B0BDE8F08FE1692944A161F5E7A6
:107D50002D1ADAE72DE9F04F8DB00C46194606468C
:107D6000009390F83130002B40F0D480904694F886
:107D7000312012F0500F00F0CD8001F00302032AF1
:107D800000F0C880013201F008010A430192B8F105
:107D9000000F00F0C980D8F8102002F10E07AC4A9D
:107DA000A2FB0727D4E90021FF080A4307F10207D5
:107DB000FFB204D00022A3610023C4E900234FF0E6
:107DC00000094D46202204A92046FFF769FE10B3A2
:107DD000202840F09F809DF910309DF81020002B46
:107DE000C0F2A480B9F1000F04D12368A3F1200AE6
:107DF000A3699B4609F10103DBB2B94538BF994637
:107E0000002A00F01481202204A920460025FFF753
:107E100047FE0028DCD1009B9A057BD5019BC3F36C
:107E2000400383F00103DB0774D4B8F1000F71D075
:107E3000B94580F0618143464D46B0461E4620223A
:107E400004A92046FFF72CFE6B1C002859D02028DF
:107E50005FD125B92268A2F1200AA2699346DDB25A
:107E6000BD42ECD333464646382200213046984680
:107E700094F8335009F004FE236AC5F38015336289
:107E8000082386F82C5086F83130D8F80030C6E93F
:107E900009BAC8F804300023A8F80C30002507F10F
:107EA000FF3A0122E9B23046FFF772FD044688B37B
:107EB00090F90030002B2DDB2022002109F0E0FD9D
:107EC000002D00F0C780012D00F0DD80C123A14608
:107ED0001E3404F81E3CB8F80C3040461BB9D8E9F3
:107EE00001239A4205D004F0FDFE29F8020F4C450B
:107EF000F1D10135BD42D4D1304600F085FA0546B6
:107F00000EE02046D4F8189000F0B6FA002840F0B1
:107F10009B80464600231D4686F8313086F8333074
:107F200028460DB0BDE8F08F032748E74DBBB945A3
:107F300038BFA946852A7FF445AF29463822304606
:107F4000012509F09DFDBDF814309DF8112013F0B6
:107F5000100F03F0370386F8302043F0080208BF03
:107F6000134686F831302368226A203B3262A269C8
:107F7000C6E9092394F83330C3F3801386F82C3014
:107F800020E7C02A23D0C12A7FF43DAF424604A98E
:107F9000304600F025FDC0B1B8F80C30ABB9D8E9D7
:107FA00001329A4211D1009B1B05B3D4009B13F4FC
:107FB000884F7DD196F833309F07B1D596F8313090
:107FC000DC06A7D4D807ABD5A4E70546FAE69DF8AA
:107FD0001130019A990786F8332003D542F0400307
:107FE00086F83330099BF361DDE90623C6E90423F3
:107FF000DDE90A23C6E90223B8F1000FD3D04FF020
:108000000003D8F81020A8F80C30D8F80030C8F8D1
:1080100004309DF813309A427FF4F5AEB8F814504E
:10802000BDF81430ED1AB5FA85F56D09CAE6B8F158
:10803000000F3FF46FAF009B98057FF56BAF019B7E
:1080400099073FF5F5AE65E7C4F8189008E700BF5B
:1080500089888888852323703C4B86F830A084F873
:1080600001A01B68F3B10DF10B020DF10E0103A885
:108070009847BDF80C306381BDF80E3023819DF820
:108080000B30237535E74FF4E0732380019B63F0D9
:108090007F0386F83330D8F81030E370B8F8143026
:1080A000A38026E745F621436381E381638220E7CD
:1080B00096F83130D9063FF52DAF13F001017FF46A
:1080C00029AF009A520534D596F8332097077FF5EB
:1080D00021AF002B3FF41EAFD6E90032134304D08A
:1080E00000220023B161C6E90023304600F0BEFA49
:1080F00000287FF415AF0DE738220021304694F8B0
:10810000335009F0BDFC236AC5F3801533620823A0
:1081100086F82C5086F83130D8F80030C6E909BA14
:10812000C8F804300023A8F80C30002F7FF4B6AE56
:10813000E2E6009B5C047FF5F3AE3046D6E904230B
:10814000FFF78EFD00287FF4EBAEE3E690250320D9
:108150002DE9F043002597B00E4690F831100192BA
:108160001495ADF8145000293DD196F8311011F056
:10817000500F38D099461378044615462F2B36D029
:10818000002701AB02AA29462046FFF743FC50B363
:10819000019D2B78002B3ED0002302AA31462046B9
:1081A000FFF7D8FDF8B1A44608AE04F13008DCF8BA
:1081B00000000CF1100C5CF80C1CB6465CF8082CA6
:1081C00010365CF8043CC445AEE80F00EFD1DCF893
:1081D00000003060204600F017F908AE84F83170D6
:1081E00084F83370CDE7002017B0BDE8F08315F8B0
:1081F000011F2F29FBD0366A38220195A1B92046EC
:1082000009F03EFC012340222662184684F83330F0
:1082100084F83120E8E74B4602AA31462046FFF7B2
:1082200099FD17B0BDE8F083002108A809F028FCEB
:108230000123109608AE8DF8533040238DF851304D
:108240009EE700BF19B101F58961FFF781BF0846BC
:10825000704700BF8169F8B50446006A01B1013179
:10826000012200F017FC0128074632D901230146FC
:10827000206A1A4600F06CFC054650B3A36994F8D6
:1082800033204BB3510612D5591CB94218D022F0F5
:108290004002E16984F8332005E0206A00F018FD0F
:1082A0003146B0B1A3694E1C99423246F5D34FF026
:1082B000FF323946206A00F00BFD50B1A16911B9B7
:1082C0002846A761F8BD3A46206A00F001FD002863
:1082D000F6D100252846F8BD42F0400284F833204C
:1082E000EEE700BFF0B5002783B006463C463946AE
:1082F00000223046FFF74CFB0546002855D0027897
:10830000C02A5BD0C12A22D0852A4ED196F83130BE
:1083100003F0370383803B4B1B6883B10DF10302ED
:108320000DF1060101A898479DF803306B75BDF863
:108330000630AB812B82BDF80430EB816B82326A50
:1083400092F8103243F0010382F810322A78A2F139
:1083500085000023B0FA80F04009E103012B01EB16
:1083600054010A4494B24FEAC43206D128B102EB58
:108370005402297904230A4494B20133202B01D0FA
:10838000EA5CEAE7013796F83030F9B28B42AFD2B7
:10839000012206F12401306A00F032FC28B1356A6E
:1083A0004480284604F03CFCE8B996F832300020BE
:1083B00043F0010386F8323003B0F0BD96F8332065
:1083C000437852064CBF43F0020303F0FD034370B1
:1083D000D6E90423C0E90223F3694361D6E9022305
:1083E000C0E90623ABE705F5047004F019FC00288A
:1083F000DBD0D5F8400403681B6A98470028DBD11E
:10840000D3E700BF9025032090F83120F2B190F916
:10841000331090F83320002912DB026A10B582B0C5
:1084200014460190104604F0FBFB019B80B993F8C1
:108430003220002042F0010283F8322002B010BD49
:1084400002F07F0280F83320FFF74CBF0120704715
:1084500004F50470019304F0E3FB019B0028E6D0CF
:10846000D4F840040268126A904710B1012002B0AB
:1084700010BD019BDBE700BF70B590F831300546B9
:108480005A064CD480682B6AD3F83C341844B0F1B7
:10849000806F01D3002070BD2846FFF7DBFE002867
:1084A000F8D0286A0024AE6990F84534023E9E4018
:1084B000D0F82C341E440522311900F5047004F064
:1084C000D9FB4FF4007200210028E3D009F0D8FA5C
:1084D000286A012390F845241C4493409C42EAD327
:1084E00095F831305B0615D495F8332062F07F02A1
:1084F000D5E9023185F83320D0F83C249B1841F1AE
:108500000000AB60D5E90431E8609B1841F100013F
:10851000C5E904312846BDE87040FFF775BF006A21
:1085200000F0FEFCAFE700BF91F8313013F0500FC0
:1085300002D100210846704710B540F6022382B0F0
:108540000446FFF707FC38B11023204684F8313089
:10855000FFF792FF014618B90021084602B010BD8E
:10856000A069002200230191E0612046FFF778FB1B
:10857000C12294F83130019984F83320002BECD0DB
:108580004123204684F8333002B0BDE81040FFF7A5
:10859000A9BE00BFF0B5002797B00D4690F8311086
:1085A0000192ADF814701497002946D195F8311056
:1085B00011F0500F41D01E461378044611462F2B60
:1085C0003ED001AB02AA2046FFF724FA002834D09F
:1085D000019B1B78002B41D0002302AA294620468C
:1085E000FFF7B8FB30B946B302AA29462046FFF789
:1085F0009BFF10B3A44608AD04F13007DCF800007F
:108600000CF1100C5CF80C1CAE465CF8082C103514
:108610005CF8043CBC45AEE80F00EFD1DCF800008C
:1086200028602046FFF7D2F9019901AB02AA204643
:1086300008ADFFF7EFF90028CAD1002017B0F0BD50
:10864000013101910B782F2BFAD0296A08A8FFF786
:10865000C7F90028F1D0019908ADB2E702AA29466E
:108660002046FFF761FF17B0F0BD00BF90F8333030
:108670009A0764D5C169B9B313F0400C70B50446CC
:10868000D0F818E082B0006A30D090F845C4A268F3
:108690000CF1090CE568013A5FFA8CFC45F1FF35F5
:1086A000CCF1200622FA0CF2ACF1200C05FA06F609
:1086B00025FA0CFC324342EA0C020132BEF1000FF3
:1086C00020D1C4F81CE001918ABB63F07F032046EF
:1086D00094ED007B84F8333084ED027B84ED047BE1
:1086E000FFF792FE02B070BD01207047BEF1000F8F
:1086F0000FD10191C4F81CE000F00EFBE0B194F83A
:108700003330E2E70139A1EB0E010A440EF1010119
:10871000D9E701AA7146CDF804C000F08DFA00280F
:108720000ADB0ED101990029E9D0206AE4E7002391
:1087300000F00EFA0028E2D1002002B070BD002047
:1087400070474FF0FF32A169206A00F0C1FA00289B
:10875000E8D1F1E72DE9F84F90F8333004469D0752
:1087600040F1AC8093461A070E4600F12581D4E90A
:108770000031BBF1000F00F0D1805D464FF00109E0
:10878000206AA169D0F8382412EA03086CD10029C4
:1087900000F0D58094F833305B0640F1ED80A2689C
:1087A000E368013A43F1FF3C90F845340933DBB20A
:1087B000C3F1200EDA40203B0CFA0EFE2CFA03F334
:1087C00042EA0E021A43E36913448B4240F2DB8013
:1087D0000131A16190F845240239D0F82C34914040
:1087E0001944B5F5007F72D3B5F5806FD0F81C320F
:1087F000C0F0AB8009FA02F2A2EB08086A0A9045C1
:1088000028BF9046994204D808EB01029A4200F230
:10881000CB80D0F8140243463246D0F800C0DCF8D2
:1088200028A0D047002849D04FEA48284346A5EB66
:1088300008052268464461689B182269606941F115
:1088400000019A428841C4E9003102D3002D97D13A
:1088500064E094F8332062F07F02C4E9043184F8C4
:108860003320002D8CD159E090F845240239C8F30B
:10887000080A4FEA58289140D0F82C344144194452
:10888000BAF1000FADD0012200F5047004F0F2F946
:10889000A0B1CAF5007850443146A84528BFA84683
:1088A000C244424605F040F8BAF5007FBED1206AC6
:1088B00000F5047004F0B4F90028B7D194F8323010
:1088C000002043F0010384F83230BDE8F88F2268BD
:1088D00027696369BA42626872EB030333D20122EB
:1088E00000F5047004F0C6F90028E7D02A463146A6
:1088F00005F01AF820696269D4E90031EB1841F1FA
:10890000000198428A41C4E9003107D294F833202B
:1089100062F07F02C4E9043184F83320D4E9020212
:1089200098428A4150D32D4B1B682BB194F83330B9
:1089300063F07F0384F833305846BDE8F88FE1696F
:1089400049B3A16146E70522CAE7994206D100234F
:1089500080F810324FF0FF33C0F81C32D0F8140208
:10896000324603685B6A98470028A7D04FF400732B
:10897000A5F5007598465CE704F1180200F05CF973
:1089800000289BDB04D12046FFF764FC002895D02B
:10899000A169206A1EE72046FFF75CFC00288DD005
:1089A000A169206AE16115E7002380F810324FF0D9
:1089B000FF33C0F81C322CE7D0E90423FFF750F94D
:1089C00000287FF4D4AE79E794F833205846C4E900
:1089D000023162F07F0384F83330AEE79025032044
:1089E0002DE9F04115460C4601F11E08AB892846D9
:1089F00034F8026F1BB9D5E901239A420ED004F076
:108A000071F904F0E1F90746304604F0DDF98742D8
:108A100009D14445EAD10120BDE8F081B6FA86F0DB
:108A20004009BDE8F0810020BDE8F08170B5002369
:108A30000E460A684FF6FF7519461C46B38133612E
:108A4000726015E004F04EF9A84220D004F0BCF9A1
:108A50003269E303B189013203EB5403326153FA03
:108A600080F3C3F34E0404EBC33404EB1024A4B22C
:108A700030460029E6D1D6E901239A42E2D1306995
:108A8000B4820138FE288CBF0020012070BD002078
:108A900070BD00BF2DE9F84F8A46804691460029F7
:108AA00040D08F1ED8F83034BB4241D907F00703BD
:108AB0000125C7F3C80B9D403E463C46D8F82C1410
:108AC0000022404601EB143104F0D4F8E8B10BF178
:108AD000FF3C844400F2FF101CF8011F0AE04A45E5
:108AE0002AD0A74210D0D8F83024A24214D913F0CB
:108AF000FF050CD0013429424FEA4503A4EB0602DE
:108B0000EDD0A7422646EED10120BDE8F88F84457E
:108B10004FF00105E0D101E00026344601254FF079
:108B2000000BCBE7D0F82074D8F83034BB42BDD866
:108B300000270125BB46BFE7BAF1000F04D1B9F108
:108B4000010F08BFC8F82064B01CBDE8F88F00BF53
:108B50002DE9F04114468A1ED0F8305482B0111924
:108B6000A9423BD8D0F82064002B3BD1B24238BF99
:108B7000C0F8202402F007011D4601230646C2F377
:108B8000C8078B40D0F82C1401EB1231012230467B
:108B90000193009104F06EF800B3009900EB070E0A
:108BA00000F50078019B01319EF800C05A001CEAD4
:108BB000030F8CEA030C14BF01200020A8420DD043
:108BC000013C8EF800C017D012F0FF03ECD10EF17B
:108BD000010E1F460123F045E6D1D7E7002002B081
:108BE000BDE8F081B242C5D8B142C3D9A94228BF7D
:108BF0000021C0F82014BDE7012002B0BDE8F081DB
:108C000038B50C460B6890F845C400F50470D0F8F0
:108C10002812023B656803FA0CF3294003EB512349
:108C2000D0F81C12194404F025F818B16368C3F396
:108C30000803184438BD00BFD0F8303401338B42EC
:108C400002D24FF0FF3070470B46D0F8241400F5E5
:108C5000047001EBD31110B582B0144600220193C9
:108C600004F008F850B1019B9900C1F30801435882
:108C70005A1C07D00120236002B010BD4FF0FF3016
:108C800002B010BD0020F7E74B6870B5D0F838444B
:108C90001C4013444B60144490F845340933DBB254
:108CA000DC4012D006460D46013C02E02A60013C41
:108CB0000BD329682B7A4A1C002BF7D12A46304661
:108CC000FFF7BAFF0128F2D070BD012070BD00BFD0
:108CD000012904D9D0F8303401338B4201D200206D
:108CE00070470B46D0F8241400F5047001EBD31143
:108CF00010B582B014460122019303F0BBFF024677
:108D000038B1019B01209900C1F30801545002B011
:108D100010BD002002B010BD2DE9F04F05460C46F5
:108D200083B04FF00008D5F830340F4601339C4231
:108D30003DD8D5F82414002205F504704FEAD41B61
:108D400001EBD41103F096FF88B3A300C3F308032B
:108D5000C258511C2FD0012C29D916464FF0010AB8
:108D6000D5F830240132944221D8D5F824140122B8
:108D700005F504700193594403F07CFFB8B1019BE1
:108D800040F80380BAF1000F1AD0631CB34208D038
:108D9000E21B0023394628460132FFF7D9FE30B1E5
:108DA0003746D5F83034344601339C42C1D90020CF
:108DB00003B0BDE8F08F012CF9D94FF0000ACFE7DE
:108DC000E21B5346394628460132FFF7C1FE002810
:108DD000EDD003B0BDE8F08F2DE9F843002507463C
:108DE000D0F82C642C460022314607F5047003F0BD
:108DF00041FFB8B1013600F1FF3CD7F830E404F58B
:108E0000805805E080B90834A64509D94445EAD020
:108E10001CF8010FFF28F5D108340835A645F5D810
:108E2000AEEB0500BDE8F8830822012318424FEAA3
:108E3000430318BF0135013AF8D1E4E770B50023C8
:108E400004464FF0FF30154682B01A46C4F840146D
:108E50006160E060C4F814121946C4F81C0204F5FD
:108E6000047084F84434237084F8103203F002FF55
:108E7000042D0DD8034658B1BDB1013D00EB0515D9
:108E800095F8BE2112F07F0202D195F8C23113B9D4
:108E9000002002B070BDD5F8C65104F50470294613
:108EA00003F0E8FE03460028F2D005221B49D81C37
:108EB000019308F029FE0028EAD1019B93F86C2069
:108EC000092AE5D11A6D01462A44C4F824245A6DB2
:108ED000C4F828249A6D2A440125C4F82C24DA6D9C
:108EE000C4F830241A6EC4F8342493F86D20C4F802
:108EF0002004204602F1090384F8452405FA03F30F
:108F00005A1EC4F83C34C4F838242A46FFF7C2FD80
:108F10004023284684F84434BBE700BFC4D5002072
:108F2000F8B5D0F830340546D0F8344401339C42CB
:108F300007D9002695F845040930C0B206FA00F0BA
:108F4000F8BD002600F50477D5F824140022384631
:108F5000013601EBD41103F08DFEA4000028E8D007
:108F6000C4F308040459631CE4D0D5F83034013349
:108F7000A342DED3E8E700BF30B500F589648FB0C7
:108F800000230A46684621460C93FFF7E1F886461F
:108F9000C8B19DF8313013F0500317D06D46A44688
:108FA0002C460CF1100C10350FCC4CF8043C0CABDB
:108FB0004CF8100C9C424CF80C1C4CF8082CEFD1CF
:108FC0002868CCF8000070460FB030BD9E46704651
:108FD0000FB030BD024630B552F8101F83B00446C2
:108FE0008068019101F0BCFA60B10199A37859B190
:108FF000013103F0BF0225698D4218BF134663F0AB
:109000007F03A37003B030BD43F04003F7E700BF18
:10901000F8B5047814F0200404D11A4B05464269CF
:109020009A4202D300263046F8BDFFF7D3FF06462A
:109030000028F7D0A86803798279CBB12F694369FA
:10904000023F97401F4407E008F01AFD0134A8686A
:10905000E3B202799A420AD905223919283003F07D
:1090600009FE4FF4007200210028EDD1DAE7827981
:109070004FF4007369693046934011FA83F36B61D2
:10908000F8BD00BF00FE1F0090F800C0BCF1000F4B
:1090900001D00020704710B582B00C4624226146F2
:1090A000019008F0EDFC019B9C60E279102A06D04B
:1090B000202A0BD00C2A02D0002002B010BD2021A3
:1090C0000122197010469A7002B010BD4021F7E7D6
:1090D0002DE9F04F837883B00446DE0740F1968097
:1090E000914602780F46150700F19980900608D541
:1090F000A36859896369C3EB41139BB2994528BFA3
:109100009946B9F1000F7DD0636912F020004D46F9
:109110004FF00008A668C3F3080B3FD0326A02EB99
:109120005321BBF1000F57D1B5F5007F54D3736BBA
:109130008B4251D0B5F5806FC0F0A28022784FEA03
:10914000552B920605D43279A2EB0802934528BF2D
:1091500093468B420BD30BEB0102934207D206F1ED
:109160002800019103F05CFD019900284ED0F06ABF
:109170005B463A4606687669B047002846D04FEA13
:109180004B266369AD1B334463613BD0227837447F
:10919000C3F3080BA66812F02000BFD196F8058033
:1091A00008EA5328BBF1000F40D1B8F1000F3DD1C0
:1091B000002B43D151064FF000084CBF336A236A9D
:1091C000B5F5007F2361A3F10203B179726903FA57
:1091D00001F303EB0201AAD2002206F1280003F0FA
:1091E00049FD98B1CBF5007600EB0B013846AE4255
:1091F00028BF2E46324604F097FB6369AD1B33440B
:109200006361C3D1484603B0BDE8F08F63784FF087
:10921000FF3043F00203637003B0BDE8F08FC36911
:1092200041695B1A994528BF99466AE72169B27975
:109230007369023943449140194472E71207216966
:109240000CD5A3785B0609D54B1C013980462361F8
:10925000B379726901FA03F3991865E704F1100212
:10926000304601F05BF80028D0DB13D0A6684FF041
:1092700000082369B279023B93407269991853E759
:10928000F06A3A4603681B6998470028BED04FF43D
:10929000007676E7237813F0700FB7D0A9EB0509B5
:1092A0004846B0E770B582B0012204460DF10701CF
:1092B000D0E90465FFF70CFF01280CBF9DF80700FB
:1092C0004FF0FF30C4E9046502B070BD436913F488
:1092D000F07F10B5044684B00BD0012909D103F109
:1092E00020024261A06803F4F0733830184404B0DF
:1092F00010BD01220DF10F0120460193FFF7E8FE9A
:10930000019B40B2012803D162691F326261E9E723
:109310000020ECE72DE9F041026904460378174686
:10932000002B38D00E464169B1423ED0002E36D0D7
:10933000180729D5E269B2422DD3D4F808C0751EAA
:10934000A2789CF8060012F0400F00F10900C0B2AC
:1093500025FA00F52CD14A1EC24009B195422BD204
:109360005B064CBFDCF82030236A236106E02169EC
:10937000013DA06800F0D2FF00280CDD04F11002CE
:10938000002DF4D1A2780CE09A06D6D5A3685B89AB
:10939000B6EB431FF6D900202761BDE8F081827843
:1093A000066122F020026661A2700120BDE8F08112
:1093B000236A2B442361F4E7AD1ADFE7F0B50E46CC
:1093C00083B0154600212422044601939DF82070A5
:1093D00008F056FBB068326AA58005F00F05C4E9B5
:1093E000020200F1380202EB4512D17A0B072DD4AC
:1093F00001F01701019B2170D57A15F0180F02D1E9
:1094000041F00801217003F00301E770012923D026
:10941000022938D0D1B95F0518D403F0080141F012
:109420000101A170416B908AA161518B41EA004119
:109430002162D269E2615F0402D4012003B0F0BD71
:10944000E1692046FFF766FF0028F6D100231846A1
:109450002370A37003B0F0BD02252178CE06F5D4A9
:10946000C907F3D403F008010D43A570416B968A38
:10947000A161518B41EA06415E05D9D529B965F054
:109480007F05A570D7E70325E7E7019301F0ACF866
:109490000028DBD0A578019BF1E700BF0378002B03
:1094A0005CD030B590F9023085B00446002B0EDB5D
:1094B000A36803F128001D4603F0B2FB00283ED14B
:1094C0006378002043F00103637005B030BD80680D
:1094D0000122A169283003F0CDFB0028F0D0A38839
:1094E00003F00F035A0100EB4313825CE52AE7D037
:1094F0002278120701D5E269DA61226A1848110C54
:109500005A830568998275B10DF10B020DF10E01B8
:1095100003A80193A847019BBDF80C20BDF80E10CD
:109520001A835A82D982A37803F07F03A370A368B9
:1095300003F128001D4603F073FB0028C0D005F599
:109540000E7003F06DFB0028BAD0286803681B6A10
:1095500098470028B4D0012005B030BD01207047E5
:109560009025032010B50446FFF798FF00232370D1
:10957000A37010BD2DE9F041002594B00E4601788E
:10958000ADF83850CDE90125002935D1317811F0F9
:10959000700F31D098461378044615462F2B2DD0E6
:1095A00000271CE0019D2D78002D40D000F08AFCA2
:1095B000A6460DF1080CF8B102AEBEE80F00ACE80B
:1095C0000F00BEE80F00DEF80050ACE80F002046A8
:1095D000CCF80050FFF762FF019D2770A770294665
:1095E00001AB0BAA204600F0B3FD054600230BAAF1
:1095F00031462046002DD5D100201CE001350195D3
:1096000029782F29FAD0B6682422B9B9204608F063
:1096100037FAA660F379102B03D0202B22D00C2B25
:10962000EAD12022012322701846A37003E04346AA
:109630000BAA00F047FC14B0BDE8F081002102A89D
:1096400008F01EFA0496F379102B03D0202B0BD0D0
:109650000C2BD1D120238DF80830012302AE8DF8D8
:109660000A309DE74022DDE74023F4E719B101F518
:109670008961FFF77FBF0846704700BF91F800C0BF
:109680001CF0700F01D100207047F0B540F60223A6
:1096900089B004460F4600F015FC38B101221023B2
:1096A0002046A2702370FFF7B3FC10B9002009B068
:1096B000F0BD22692378226243B1636933B1A37894
:1096C000002223F02003C4E90422A3702046FFF700
:1096D000E5FE0028EAD0A0680122A169283003F045
:1096E000C9FA0028E2D0B4F804C01022EE460CF00B
:1096F0000F0C4FEA4C1300EB4C1C8CF80B20C0589D
:10970000236ADCF80410DCF808209D1EDCF80C301D
:10971000AEE80F00A368DCF810009B79DCF81410A9
:10972000DCF818209D40DCF81C30AEE80F004FF04C
:1097300020330122CDF80130CDF80530ADF80930E5
:10974000A368596903F12800294403F093FA844679
:109750000028ABD04FF02E066D46EE468DF8006027
:109760000FCDCCF80000CCF80410CCF80820CCF8D1
:109770000C308DF801600FCDCCF81000CCF814102F
:10978000CCF81820CCF81C303B6A1A0CADF81A3013
:10979000ADF81420BEE80F00CCF82000CCF824105F
:1097A000CCF82820CCF82C30BEE80F00CCF83000E4
:1097B000CCF83410CCF83820CCF83C30A46804F154
:1097C000280003F02DFA00283FF470AF04F50E7066
:1097D00003F026FA00283FF469AF206803681B6A8B
:1097E00009B0BDE8F04018472DE9F041002694B0DB
:1097F0000D4601780192ADF814600B9600293FD117
:10980000297811F0700F3BD098461378044616461D
:109810002F2B37D0002726E0019E3678002E4CD023
:1098200000F050FB034602AA294620462BB9B8F1A6
:10983000000F25D0FFF722FF10B3A6460DF12C0C28
:10984000BEE80F00ACE80F00BEE80F00DEF80050E5
:10985000ACE80F002046CCF80050FFF71FFE0BAD20
:10986000019E2770A770314601AB02AA204600F086
:109870006FFC0646002302AA29462046002ECBD1C3
:1098800000201DE00136019633782F2BFAD0AD6809
:10989000242200210BA808F0F3F80D95EB79102B8A
:1098A00003D0202B0FD00C2BEAD120238DF82C30A5
:1098B00001230BAD8DF82E30ACE702AAFFF7DEFED8
:1098C00014B0BDE8F0814023F0E700BF2DE9F04778
:1098D000837804469D0740F1A58017461A070E4677
:1098E00000F1D0806269D31980F09C80002F77D07E
:1098F0003D46A068C2F30809216990F8058018EA7E
:10990000522838D1B9F1000F35D1002974D0A3788D
:109910005B0677D5E369934274D90131216102393D
:109920008279436991401944B5F5007F43D3B5F579
:10993000806F436B7DD30279A2EB08086A0A9045D9
:1099400028BF9046994240F29180C06A4346324611
:10995000D0F800C0DCF82890C847002862D0A5EBFA
:1099600048254FEA48286169464408EB01026261D4
:10997000002DBED134E00239827943699140194407
:109980004144B9F1000FCFD00122283003F072F921
:10999000002847D0C9F5007848443146A84528BF7B
:1099A000A846C144424603F0BFFFB9F5007F33D05B
:1099B000A5EB0805D7E76269E3699A4220D2A3784C
:1099C00013F0200F14BF05220122283003F052F9B2
:1099D00040B32A46314603F0A7FF62692A44626118
:1099E000E36993425BD3314B1B681BB1A37863F0EF
:1099F0007F03A37038461AE0216A71B321618EE7B4
:109A00000522E2E704F1100200F088FC002809DBDF
:109A10003FD0A068216982E7A068283003F000F9F0
:109A20000028C5D16378002043F001036370BDE8CE
:109A3000F087994205D1002380F828304FF0FF339A
:109A40004363C06A324603685B6A98470028E9D0DE
:109A5000A5F500754FF4007885E72046FFF7BAFAC0
:109A60000028DFD02169A068216258E708EB0102D5
:109A70009A427FF66AAF002380F828304FF0FF3318
:109A8000436362E7C169FFF745FC00287FF42AAF12
:109A9000C8E72046FFF79EFA0028BAD1C2E7A378AC
:109AA0003846E26163F07F03A370C0E7902503208E
:109AB0002DE9F04F07468DB01446064689469C4670
:109AC00003AD4FF0000E0FCF0FC50FCF0FC53B6892
:109AD000A4F80CE02B6023686360BCF1000F45D054
:109AE0004FF0010ACDF804C0A9EB0A0103A889B21E
:109AF0004901FFF70FFC70B3002103A8FFF7E6FB55
:109B0000804640B34FF0000B10E003F0EBF807463F
:109B100028460BF1010B03F057F90546384603F0D0
:109B200053F9854217D1BBF10D0F18D05FFA8BF2B4
:109B30004146304600F086FBA38905462046002BAF
:109B4000E3D1D4E901239A42DFD1B5FA85F0400987
:109B50000DB0BDE8F08F00200DB0BDE8F08F0AF128
:109B6000010A019B5FFA8AFA5345BDD20120EFE753
:109B70002DE9F04F07468BB015468A4699460DF100
:109B8000040C02F1150402F120064FF000080FCF7B
:109B9000ACE80F000FCFACE80F003B68CCF800300A
:109BA0004FEAC81314F8012F03EB5803B4421344CF
:109BB0005FFA83F8F4D12B6800276B60AF81B9F1AD
:109BC000000F56D00126AAEB060101A889B249016F
:109BD000FFF7A0FB00284DD0002101A8FFF776FB7E
:109BE000002847D0039AB14500F1010B92F82830C4
:109BF00043F0010382F828300CBF49F0400232469E
:109C0000002380F80D8002701C460F224383A0F8C9
:109C10000B20A88918B9D5E901239A420ED028460D
:109C200003F060F8042C10D82BF8020B0134A8893B
:109C30000028F4D1D5E901239A42F0D1EFB10137E0
:109C4000042C4FF6FF70FFB2EED90A2C05D8ABF802
:109C5000030001340BF1020BDBE70C2CABF8050021
:109C600003D00BF1020B0C24D3E70136F6B2B14559
:109C7000A9D201200BB0BDE8F08F0127D2E700BFC9
:109C800002464FF0203152F8163B2DE9F04FC0F854
:109C9000161084685160C2F807101D782E2D03D16C
:109CA00013F8012F2E2AFBD0611E99420BD90A46C8
:109CB00002E0934200F0868092F800C01146013A1B
:109CC000BCF12E0FF5D19C4279D94FF0000AB5F1C5
:109CD0002E0C4FF007074FF0080818BF4FF0010C8B
:109CE000D646D34607E001330A274FF0080E4FF05F
:109CF00010089C4253D91A782E2A08BF8B420CBFF9
:109D000001260026EFD0222A37D07C2A35D0A2F1B6
:109D10005B09B9F1020F30D9A2F12A09B9F1050F97
:109D20008CBF002501252D2A08BF00252DBBA2F1DF
:109D30003A09B9F1050F20D9A2F12109B9F15D0F56
:109D400051D8774543D28B4294BF4FF0000C4FF06F
:109D5000010C0A2F08BF4CF0010CBCF1000F33D0EE
:109D6000837D202B2BD0037D012143F27E120344FF
:109D70004175DA820120BDE8F08F7745E3D35F2299
:109D80000EF1010C864401338EF816205FFA8CF236
:109D9000B446062A964698BF02759C42ABD8837D8E
:109DA000202B0CD0BCF1000FDDD00BEA0A03DBB294
:109DB000002B18BF4FF0020A80F815A0DAE7002048
:109DC000BDE8F08F19467EE70B46072791E7A2F121
:109DD0006106192E0ED8203A4AEA08056646D2B224
:109DE0005FFA85FACCE702F0C002802AC5D10133C0
:109DF000AC467EE7A2F14106192E664698BF4BEAB3
:109E0000080BBDE72DE9F04F01F11A0983B00446B4
:109E10006225CDF8049001F11B0A0F7D4FF07E08FA
:109E200001F116064FF000098B46254B032F1B68E6
:109E300028BF03274B440AEB07011FFA83F9019B54
:109E400003EB070CACF1030C09F00F034FEA1919EF
:109E5000092B03F1370298BF03F1300201F8012DFD
:109E60008C45F1D10BEB07030021204683F81680C7
:109E7000FFF750FA01212046FFF728FA03460B228C
:109E8000304619468BB193F800C0BCF1000F13D0D7
:109E9000DB7A1B07EED407F01FFD0028EAD1013D55
:109EA00015F0FF05C1D1284603E06078B0FA80F0D4
:109EB000400903B0BDE8F08F012003B0BDE8F08F8A
:109EC000A03004202DE9F04F0C788DB014F0700F05
:109ED00055D00478002C52D18C689A4D089414699E
:109EE0000C34A5FB0454C4F38705547DA4070595E1
:109EF00000F0E48005F101085FFA88F80E464FF0A3
:109F0000000B14460990002130460793DA4604926C
:109F10005F46FFF7FFF9D94604F116035C46CDF81A
:109F200018B00393756900213046FFF7CFF9C5F3E8
:109F30004F15034600B30278E52A24D01AB3A04592
:109F400088BF00242E2A32D0C17A0F2933D011F0D5
:109F500008012CD1002F40F0D5800B22039907F087
:109F6000BBFC0028DED1049B5B7D13F0010300F0F5
:109F7000E18001230693D5E77378002B36D00020CB
:109F80000DB0BDE8F08F631C002C08BFA946DBB202
:109F9000A04588BF1C464AB30027C3E70AF1FF3A31
:109FA0005FFA8AFA524502D1437B5B4510D0B2FA80
:109FB00082F77F09B6E7002FF0D102F01F0A05995A
:109FC0005145AFD112F04007ACD090F80DB00F461C
:109FD000BAF1010FA6D1691C3B46049A304689B2FA
:109FE000FFF766FD002808BF00279BE7079B9A053F
:109FF000C5D503F00303013B012BC0D8002C60D171
:10A00000A946B8F1000F62D1069B2BB104993046E6
:10A01000FFF7F8FE0028B2D008F1FF38049A304666
:10A020005FFA88F303EB09051F46ADB22946FFF737
:10A030009FFD0028A3D069013046FFF76BF9002887
:10A040009DD000213046FFF741F90446002896D004
:10A050002022002107F014FD0499D1F81620D1F830
:10A060001A302260636091F82030CA8BA37222817B
:10A070004B7D03F018032373334B1B68002B5BD01D
:10A080000DF12B020DF12E010BA89847BDF82C30D5
:10A090002382BDF82E30E3819DF82B306373089A3C
:10A0A00092F8283043F0010382F82830079B2A46B3
:10A0B000314609980097FFF781F961E74FF00108F1
:10A0C0001CE7A04503D89FE7DCB2A0459CD900213E
:10A0D0003046FFF7FBF8631C0028F5D17378002B9E
:10A0E0007FF44DAFA0458FD9089D05E02B7904EB97
:10A0F0000314E4B2A04587D93046FEF789FF002853
:10A10000F4D13CE7BAF1010F7FF439AF013803F124
:10A110000A02CB0103EB510310F8011F0B448242EA
:10A12000D9B2F6D18B457FF42AAF079B19053FF5CD
:10A1300026AFBBE71F46F8E745F621432383034BD1
:10A140002361ACE74FECC44E90250320215C215CD9
:10A15000F0B515460A781F4683B0202A0B4603D176
:10A1600013F8012F202AFBD02B601A78002A34D054
:10A170002F2A32D00024234E06E002342C61AB603B
:10A180001A7852B32F2A28D0191D184601AA02F0B6
:10A19000D1FD034698B1019AB2F5803FEDD27F2AF6
:10A1A00004F10104EAD8D0B21F2808D9A0F1220195
:10A1B000C9B21D2906D826FA01F1C90706D5002023
:10A1C00003B0F0BD00F0DF005C28F8D02E2AD7D015
:10A1D000202AD3D11A78002AD4D12A69013AFE2A3A
:10A1E000EDD81A78202A03D113F8012F202AFBD0AA
:10A1F0002F2AF9D028463B6003B0BDE8F040FFF7B6
:10A200003FBD00BF012100352DE9F843DDF8209066
:10A21000A2B10C4698460546571801E0BC420DD045
:10A220002B68494620465E6AC047214602462846BA
:10A230000134B0470028F1D1BDE8F8830120BDE822
:10A24000F88300BF042A04D801EB4201B1F80100F1
:10A2500070470A2A03D801EB4201888870470C2A0C
:10A2600003D801EB4201C88870470020704700BF47
:10A270002DE9F843DDE90898BBB10C4616460546C2
:10A280005F1803E00134C847BC420ED02B68324649
:10A29000214628461B6998470346424631462046D8
:10A2A000002BEFD11846BDE8F88301231846BDE81E
:10A2B000F88300BFD2F800C0BCF5807F00B5E64649
:10A2C00028BF4FF4807E01EB4E00814207D231F867
:10A2D000023B13B95368013353608842F7D8ACEBA3
:10A2E0000E03136000BD00BFD2F800C0BCF1800FA8
:10A2F00000B5E64628BF4FF0800E01EB8E0081428C
:10A3000007D251F8043B13B95368013353608842B4
:10A31000F7D8ACEB0E03136000BD00BF012941D993
:10A32000C3698B423ED30B46F0B5C17983B0164664
:10A33000044620294CD0102966D00C2944D1C3F3FF
:10A340004E028169019312FA83F295B2C2F346225A
:10A350001144027A00F50E70A2F102020091074644
:10A36000B2FA82F25209520002F084FC60B3C5F3E3
:10A37000080202F1010C835CBCF5007F1D46DDE99B
:10A38000001312D060440278DB0745EA02224CBF7A
:10A390001309C2F30B03E269934232D80120336000
:10A3A00003B0F0BD4FF0FF307047227A01313846DC
:10A3B0000093A2F10202B2FA82F25209520002F0B4
:10A3C00059FC009B0028DED14FF0FF3003B0F0BDF8
:10A3D000027A816900F50E70A2F10202009301EB8E
:10A3E000D311B2FA82F25209520002F043FC002863
:10A3F000EAD0009BE269990001F4FE714358934250
:10A40000CCD9002003B0F0BD027AC3F307218069E4
:10A41000A2F102020093014404F50E70B2FA82F236
:10A420005209520002F026FC0028CDD0009B5900B2
:10A4300001F4FF71435AAEE701293CD9C3698B424D
:10A4400039D30B46F0B5C17983B0164604462029AE
:10A4500036D010294BD00C292FD1C3F34E0281697D
:10A46000019312FA83F295B2C2F346221144027AA2
:10A4700000F50E70022A009107460CBF032201224C
:10A4800002F0F8FBC8B1019BC5F3080240F2FF1CC3
:10A49000009913F0010302F1010E3ED1624586548A
:10A4A0004AD0C6F307127044037823F00F0343EA3F
:10A4B0001212027018E000207047002003B0F0BDB7
:10A4C000027A816900F50E70022A009301EBD31124
:10A4D0000CBF0322012202F0CDFB0028EDD0009B2F
:10A4E000990001F4FE714650012003B0F0BD82696D
:10A4F000C3F3072100F50E7000931144227A022A5B
:10A500000CBF0322012202F0B5FB0028D5D0009B2E
:10A51000590001F4FF714652E6E710F802C0BEF59B
:10A52000007F0CF00F0C4CEA061C00F802C003D0B0
:10A53000320970440270D7E7227A0131384600931D
:10A54000022A0CBF0322012202F094FB0028B4D09F
:10A55000009BC6F30712002BA6D00270C4E700BF11
:10A560002DE9F041C46882B005460E468C42904603
:10A570002CD20C4600270134EB6901AA2846A342DD
:10A5800005D267BBEC6801273C44A34227D3A6420F
:10A59000214624D0FFF7C2FE431C20D00028EAD079
:10A5A000019B002BE7D107B1EC606FF070422146B0
:10A5B0002846FFF741FF074688B14EB96B6A002B6A
:10A5C00001DB013B6B62C8F8004009E00127D2E7DC
:10A5D000314622462846FFF72FFF0028EED10027FC
:10A5E000384602B0BDE8F08170B5054682B00C4631
:10A5F0000FE0FFF721FF621EB0B16B6A002B03F181
:10A600000103A8BF6B62EB68A342019C88BFEA60AC
:10A610005EB101AA21462846FFF780FE06460022C9
:10A620002146731C2846E4D1002002B070BD00BF53
:10A630002DE9F047466A84B0002E1DDAC179044640
:10A64000C7690C2907F101031AD1022B40F2BE8021
:10A650000225002607E010B1029B03B90136BD4276
:10A6600005F1010508D002AA29462046FFF756FE4B
:10A67000421CF0D14FF0FF36304604B0BDE8F08701
:10A6800094F8382200200293D307D4F81080039066
:10A6900075D400234FF0FF322768202984F8383220
:10A6A00004F51276C4F844223A68A569D2F81890E5
:10A6B000474B30D099456BD1B8F1000F74D008EBFF
:10A6C000050A136929463246384698470028D1D0F2
:10A6D000DDF80880B8F5807FC14628BF4FF4807947
:10A6E00006EB490C66450ED2039933464FF0000E37
:10A6F00033F8022B0AB9013186466345F8D3BEF11F
:10A70000000F00D003910135A8EB0903AA4502937D
:10A710004AD03A68D5E799454CD1B8F1000F43D0FB
:10A7200008EB050A1369294632463846984700283F
:10A73000A0D0DDF80890B9F1800FC84628BF4FF0CF
:10A74000800806EB88018E4211D2DDF80CC033463A
:10A750004FF0000E53F8042B12B90CF1010C864691
:10A760008B42F7D3BEF1000F01D0CDF80CC00135FC
:10A77000A9EB0803AA45029316D03A68D2E704F57C
:10A780000E7002F04DFA00283FF474AFE17980E7D3
:10A79000294602AD43463246019538460D4D009597
:10A7A000C84700283FF466AF039E3046666204B097
:10A7B000BDE8F087294602AD43463246019538464A
:10A7C000054D0095C8470028EED153E7002653E712
:10A7D000C1780000057900003979000030B50346E2
:10A7E0004FF0010C002014464FF0FF3283B0196087
:10A7F000D871C3F80CC0D96283F82800C3F83C12A2
:10A800005A6383F83802C3F8442204B3042C02D9F3
:10A81000002003B030BD0246014603F1280003F1D9
:10A820002805019302F026FA0028F1D06FF070425B
:10A8300000F5DF70A218140100EB02121179002953
:10A84000E6D0015D4B06E3D19468019B01E003F182
:10A850002805002221462846019302F00BFA002821
:10A86000D6D0B0F80B20B2F5007FD1D1027C019B8D
:10A87000511E1A720129CBD890F80DE00EF1FF326B
:10A88000BEF1010F83F804E05A7151D04FF0010C72
:10A89000624652000CF10101D2B2964507D05FFA30
:10A8A00081FCBCF1090FF4D108229A71B0E765462A
:10A8B00083F806C0B0F816C0C3F810C0BCF1000F92
:10A8C00003D1D0F824C0C3F810C0C189B0F811205A
:10A8D00021445A815201996190F810E002F2FF126E
:10A8E0000CFB0E1101EB52221962B0F813105A61E1
:10A8F00001B9016AA41A6218EA40511CD9614FF0EB
:10A90000FF31596240F6F4718A420DD94FF6F47165
:10A910008A420BD9C16A202219620120DA71C3F878
:10A9200030C0C3F840C274E70C22F6E71022F4E707
:10A93000002215469A71BDE730B500F589648BB0E9
:10A9400000230A4601A821460193FEF713FE05469F
:10A9500098B19DF8043013F0700311D00DF1040E7E
:10A96000A446BEE80F00ACE80F00BEE80F00ACE85C
:10A970000F00DEF80030CCF8003028460BB030BDB8
:10A980001D4628460BB030BD884230B5044683B022
:10A9900020D0806B0D4618B1FEF7E4FD002841D1B0
:10A9A000E06B18B1FDF712F8002841D1AB6BA3B1F1
:10A9B0002146242000F0A6F8002384460360A0630B
:10A9C000AD6B0FCDACE80F000FCDACE80F002B68DE
:10A9D000CCF80030204603B030BDEA6B002AF9D035
:10A9E00021463820019300F08DF8019B0363E0635A
:10A9F000EB6B03F13002D3F800E0103353F80CCCCA
:10AA0000103053F8085C53F8041C934240F810ECE3
:10AA100040F80CCC40F8085C40F8041CEBD11B68F3
:10AA20000360D7E70023A363AB6B002BC0D1D4E74F
:10AA30000023E363AB6B002BBAD1CEE710B504461D
:10AA4000806B10B1FEF78EFD28B9E06B10B1FCF7FA
:10AA5000BDFF20B910BD0023A363012010BD00235A
:10AA6000E363FAE700294BD0F0B50446806B83B06E
:10AA70001F4616460D4610B1FEF774FD78BBE06B1D
:10AA800018B1FCF7A3FF002830D1D5F880348BB182
:10AA90002146242000F036F800213B463246016072
:10AAA000A063D5F88014FEF7E1FD30BBA063002061
:10AAB00003B0F0BDD5F88424002AF8D02146382010
:10AAC000019300F01FF8019B324603633B46D5F823
:10AAD0008414E063FDF7B6FB78B9E063E7E7002391
:10AAE000A363D5F88034002BD2D1E3E70023E363DE
:10AAF000D5F88034002BCBD1DCE7012003B0F0BDCA
:10AB000000207047084670472DE9F04100260446B2
:10AB10001F46C0F88814C0F8806401464FF4906066
:10AB20009046FFF7EFFF3A46C0F844640546C0F888
:10AB30007864C4F88404D4F88814FEF77FF988BBDD
:10AB400006462146C4F8840440F26C40FFF7DAFF61
:10AB50004FF40073C0F848643A46A0F80730054641
:10AB6000D4F88814C4F88004FFF738FE28B91A4ACC
:10AB7000C4F880041060BDE8F08105F58960FEF737
:10AB8000F1FC294605F58960FEF77EFA0028EED033
:10AB9000124B1A68AAB91D600F4BB8F1000F14D000
:10ABA0001C6015E005F58960FCF710FF294605F5E6
:10ABB0008960FCF715FF0028C2D0094B1A68002AEB
:10ABC000E9D0054BB8F1000FEAD11A68002AE7D0A6
:10ABD0000120BDE8F08100BFA8250320AC2503209B
:10ABE0009425032010B504460020DFF820C04FF460
:10ABF0007A7E60602073C4F808E0C4E91200204641
:10AC000040F810CBFFF72EFF204610BD6007002054
:10AC10004FF0FF30704700BF407C7047007D7047A9
:10AC2000407D704701207047007F70472DE9F0415B
:10AC30001F46C37C06460D46022B144623D03368BC
:10AC4000294630461B6E984778B1B5617FB1002523
:10AC500001E0AF420BD03368214630460135DB6D51
:10AC600004F5007498470028F3D1BDE8F081B3697A
:10AC7000307F3B44B3610028F7D1336830465B6EC8
:10AC8000BDE8F041184783698B42D8D1DEE700BFA9
:10AC90002DE9F0471F46C37C05469146022B0C4622
:10ACA000089E27D02B68214628461B6E984798B1EE
:10ACB000AC61B9F1000F11D004EB090801E0A04527
:10ACC0000CD031462046B8472B6801462846DB6D3C
:10ACD000013498470028F2D1BDE8F087AB69287F9E
:10ACE0004B44AB610028F7D12B6828465B6EBDE86A
:10ACF000F047184783698B42D4D1DAE7704700BF29
:10AD0000043001F05FBF00BF00B583B02021019087
:10AD100002F0A4FE019803B000BD00BFF0B5204EC4
:10AD200083B00746346804F5167403E03368E31A09
:10AD30001B0410D4381D01F049FFFF28F6D1019003
:10AD4000FD21381D01F05CFFBA7CD2B9002301203F
:10AD5000FB7403B0F0BD1E22BB7C7A7413B90020D3
:10AD600003B0F0BD0121387C01F06EFEFF21381DDB
:10AD700001F046FF381D01F0FDFE00230020BB74EA
:10AD8000EEE70121387C01F05FFE0199381D01F0EA
:10AD900037FF381D01F0EEFE0023BB74D6E700BF7D
:10ADA000A0300420C37C012B3BD0827C30B504460C
:10ADB00083B04AB1043001F009FFB0F1FF0318BFBE
:10ADC0000123184603B030BD0430009201F0C8FEE4
:10ADD0000099207C01F038FEFF21201D01F010FFBA
:10ADE0000121201DA17401F0F1FEB0F1FF03A07C50
:10ADF0004FF0010118BF0123009A0028E1D0207C08
:10AE0000CDE9003201F020FEFF21201D01F0F8FE07
:10AE1000201D01F0AFFE009B019A1846A27403B0FA
:10AE200030BD0023184670472DE9F8431F4F0446F4
:10AE3000884691463D6805F5967503E03B68EB1A38
:10AE40001B040ED4201D01F0C1FEFF282075F5D093
:10AE5000FE2819D01822A37C62743BB90020BDE8FB
:10AE6000F8831D22A37C6274002BF7D00121207C83
:10AE700001F0EAFDFF21201D01F0C2FE201D01F0BE
:10AE800079FE0023A374E9E74A464146201D01F0FC
:10AE9000A9FE207538B9201D01F098FE201D01F093
:10AEA00095FE0120DBE72522D5E700BFA030042076
:10AEB00030B50025044683B00C212A46C57400F045
:10AEC00063F8A27C90B912B9012003B030BD012112
:10AED0000190207C01F0B8FDFF21201D01F090FEC3
:10AEE000201D01F047FE019BA374EDE70923637465
:10AEF00012B9002003B030BD0121207C01F0A4FD77
:10AF0000201DFF21019001F07BFE019801F032FE2F
:10AF1000A574EEE7C37C022B03D0012B04D00120E3
:10AF2000704703685B6E1847FFF7C2BF02680346AD
:10AF3000DFF850C010B50C46116A82B0614513D1DC
:10AF400090F813C0BCF1020F06D0BCF1010F11D074
:10AF500001201C7702B010BD526E01909047019BFA
:10AF60000028F5D102B010BD01908847019B002850
:10AF7000F8D0EDE70190FFF79BFF019B0028F1D08F
:10AF8000E6E700BF658500002DE9F041036882B067
:10AF90000F463449019206461A6A8A425DD1C27C44
:10AFA000022A43D0012A5AD0B47C351D002C43D04C
:10AFB0000C2F10D0DFF8B080D8F8004004F596745C
:10AFC00004E0D8F80030E31A1A0443D4284601F00C
:10AFD000FDFDFF28F5D10DF1040802AC47F040015A
:10AFE000284601F00DFE14F8011D284601F008FE68
:10AFF000A045F8D1002F28464FF00A0414BF87213E
:10B00000952101F0FDFD284601F0E0FD2846013CB8
:10B0100001F0DCFD0306A4B2307502D402B0BDE835
:10B02000F081002CF2D102B0BDE8F0815B6E984750
:10B030000028B9D1FF20F1E7284601F091FD214613
:10B04000307C01F001FDFF21284601F0D9FD0123EC
:10B05000B374ADE7002FBED0ECE79047E8E7FFF709
:10B0600027FFE5E765850000A0300420F8B5002241
:10B070000D463A210646FFF787FFD8B92C1D371D2C
:10B08000384601F0A3FD04F8010DA542F8D1B37CC8
:10B090000BB90120F8BD0121307C01F0D5FCFF2166
:10B0A000384601F0ADFD384601F064FD0023012073
:10B0B000B374EFE71222B37C72740BB90020F8BDB1
:10B0C0000121307C01F0C0FCFF21301D01F098FD12
:10B0D000301D01F04FFD0023B374EFE770B5164645
:10B0E00082B000220446FFF74FFFA8B11B23637410
:10B0F000A37C1BB90023184602B070BD0121207C3F
:10B1000001F0A2FCFF21201D01F07AFD201D01F0BD
:10B1100031FD0023A374EDE7054610223146204699
:10B12000FFF782FE03460028E2D0A27C002AE2D08C
:10B1300001900121207C01F087FC201DFF2100905F
:10B1400001F05EFD009801F015FD019BA574184605
:10B1500002B070BD0368254ADB6C934200B585B030
:10B160000FD16A460921FFF7B9FF40B19DF80030C1
:10B170003F2B09D903F0C003402B27D0002005B096
:10B1800000BD69469847F0E79DF806C09DF80700A6
:10B190009DF809100CF0030C9DF80A308000C1F3F3
:10B1A00001019DF80520C3F3C01340EA8C2002F092
:10B1B0000F029DF808C043EA410340EA9C1042FA9E
:10B1C00083F30130073B984005B000BD9DF80900AE
:10B1D0009DF8073001309DF8082003F03F0300EB95
:10B1E000034000EB0220800205B000BDD18B0000BF
:10B1F00003680A46DFF860C09B6D634510B50446DE
:10B2000082B015D1407D03284FF01201204618BFAF
:10B210005202FFF7B9FE20B901231846E37402B0C9
:10B2200010BD0C22A37C627433B9002002B010BDA3
:10B2300001919847019AE6E70121207C01F004FC86
:10B24000201DFF21019001F0DBFC019801F092FC30
:10B250000023A374E9E700BF71820000F8B51F4620
:10B26000C37C06460D46012B144602D183698B42EE
:10B2700005D029463046FFF7BBFF80B1B5617FB1ED
:10B28000002501E0AF420BD021464FF4007230465A
:10B29000013504F50074FFF7C7FD0028F2D1F8BDB1
:10B2A000B369307F3B44B3610028F8D13046BDE834
:10B2B000F840FFF7FDBD00BF2DE9F0479A46C37C7B
:10B2C00006461546012B0C46DDF82080099F02D169
:10B2D00083698B4205D021463046FFF789FFB0B124
:10B2E000B461BAF1000F15D004EB0A0903E0013490
:10B2F000C047A1450ED04FF4007229463046FFF7F3
:10B3000093FD03463A4629462046002BEFD1002004
:10B31000BDE8F087B369307F5344B3610028F7D1AB
:10B320003046BDE8F047FFF7C3BD00BF30B5046845
:10B3300083B0164B64699C421CD1C37C15460446FD
:10B34000012B02D18369994206D020460191FFF773
:10B350004FFF019960B1A1614FF400722946204668
:10B36000FFF762FD20B1A369207F0133A36138B1EB
:10B3700003B030BD0123A44603B0BDE830406047B0
:10B38000204603B0BDE83040FFF792BDAD88000015
:10B3900003680A46DFF860C09B6D634510B504463C
:10B3A00082B015D1407D03284FF01901204618BF07
:10B3B0005202FFF7E9FD20B902230120E37402B035
:10B3C00010BD0E22A37C627433B9002002B010BD00
:10B3D00001919847019AE6E70121207C01F034FBB6
:10B3E000201DFF21019001F00BFC019801F0C2FB30
:10B3F0000023A374E9E700BF7182000003682DE910
:10B40000F041DB6C17463D4A84B004460E46934239
:10B4100043D16A460921FFF761FE0546B5B19DF8A3
:10B420000A305A0619D5637D032B01D076027F02BC
:10B43000324620212046FFF7A7FD28B93A462121B0
:10B440002046FFF7A1FD60B326236374A37CB3B944
:10B450000025284604B0BDE8F081C3F305029DF83D
:10B460000B30C3F3C01343EA42037A1C5BB232438E
:10B470001342D8D027236374A37C002BE8D001218A
:10B48000207C01F0E1FAFF21201D01F0B9FB201D15
:10B4900001F070FB0023A374DAE76946984705467C
:10B4A000BCE7024626212046FFF76EFD0028CBD1DF
:10B4B000134B42F210771B681F4404E0104B1B68CB
:10B4C000FB1A1B0416D4201D01F080FBFF28064642
:10B4D000F4D1A37C002BBCD00121207C01F0B4FA74
:10B4E0003146201D01F08CFB201D01F043FB0023A1
:10B4F000A374AEE728236374A8E700BFD18B0000D4
:10B50000A030042070B5002282B00E460A21044605
:10B51000FFF73AFDA8B11B236374A37C1BB900237A
:10B52000184602B070BD0121207C01F08DFAFF2188
:10B53000201D01F065FB201D01F01CFB0023A374FE
:10B54000EDE70546102231462046FFF76DFC034625
:10B550000028E2D0A27C002AE2D001900121207CC8
:10B5600001F072FA201DFF21009001F049FB0098C4
:10B5700001F000FB019BA574184602B070BD00BF2E
:10B5800070B5002282B00E4609210446FFF7FCFC8C
:10B59000A8B11B236374A37C1BB90023184602B017
:10B5A00070BD0121207C01F04FFAFF21201D01F028
:10B5B00027FB201D01F0DEFA0023A374EDE705460A
:10B5C000102231462046FFF72FFC03460028E2D028
:10B5D000A27C002AE2D001900121207C01F034FA03
:10B5E000201DFF21009001F00BFB009801F0C2FA32
:10B5F000019BA574184602B070BD00BF70B505462A
:10B600001646043001F0FCFA4FF400723146281D52
:10B6100001F000FBFF21281D01F0F2FAFF21281D97
:10B6200001F0EEFA281D01F0D1FA00F01F03287591
:10B63000052B05D02022AB7C6A741BB9002070BD9D
:10B64000012070BD0121287C01F0FEF9FF21281D99
:10B6500001F0D6FA281D01F08DFA00230020AB740A
:10B66000EDE700BF2DE9F041164D074688462C68EE
:10B6700004F5167403E02B68E31A1B040CD4381D80
:10B6800001F0A4FAFF28F6D14246FC213846FFF724
:10B69000B5FF18B1BDE8F08124237B74BB7C13B9DE
:10B6A0000020BDE8F0810121387C01F0CDF9FF21B7
:10B6B000381D01F0A5FA381D01F05CFA00230020C6
:10B6C000BB74EEE7A0300420036870B59B6D16468E
:10B6D0000A46234982B004468B423DD1407D03286F
:10B6E0004FF01801204618BF5202FFF74DFC0546E7
:10B6F000A8B10D236374A37C1BB90023184602B0C4
:10B7000070BD0121207C01F09FF9FF21201D01F077
:10B7100077FA201D01F02EFA0023A374EDE73246DC
:10B72000FE212046FFF76AFF03460028E3D0A27CF3
:10B73000002AE3D001900121207C01F085F9201D31
:10B74000FF21009001F05CFA009801F013FA019BD0
:10B75000A574184602B070BD00929847009ABEE7E3
:10B760007182000090F81CC0BCF1000F09D0D0F825
:10B7700000C0012300B5DCF828E0F4465DF804EBD6
:10B780006047FFF7A1BF00BF00207047002070474F
:10B7900000207047704700BF084B0021084A99639A
:10B7A000D3F830C00748C2F800C012681A639A6C18
:10B7B00022F081029A640170704700BF00002C40A3
:10B7C0008C250320F2500420034B586A80F08070CF
:10B7D000C0F30060704700BF00002C40014B187898
:10B7E000704700BFF25004202D4A2E4B526AD3F806
:10B7F00000312D49C2F3C22203F03F03013230B5BC
:10B800002A4C4FF47A75A4FB034305FB00F09B0818
:10B81000B1FBF3FEBEFBF2FEB0EB1E1F3CD20821D3
:10B8200001231D465B001A01BEFBF2F2824201D9E0
:10B830000139F6D12D02BEFBF3F2904228D2590015
:10B840004FF0010C00E05918BEFBF1F282421CD906
:10B850000CF1010CBCF1100FF5D14FF0F00C4FF4CE
:10B860007A73134A134803FB01F1BEFBF1F1016047
:10B87000D36A6FF3131343EA0C032B4343F460239F
:10B88000D362536A1B07FCD530BD4FEA0C1CE6E7B8
:10B8900019464FF0000CE2E7724600250123CCE781
:10B8A00000C00F4000800D4000EC695EABAAAAAA60
:10B8B00000002C4000250320014B1878704700BF82
:10B8C000946E0220014B1868704700BF8C2503203E
:10B8D000DFF81CC000B58E46BCE80F00CEF80000B3
:10B8E0000120CEF80410CEF80820CEF80C3000BDB0
:10B8F00060250320DFF81CC000B58E46BCE80F00B1
:10B90000CEF800000120CEF80410CEF80820CEF8C2
:10B910000C3000BD70250320024B01201B680B601A
:10B92000704700BF80250320704700BF00B583B07B
:10B930000C21019002F092F8019803B000BD00BF05
:10B94000044B1B7823B1044B18780230C0B2704707
:10B9500001207047EF500420F0500420194B1A7852
:10B960003F2A11D902F0C002402A01D000207047BE
:10B97000587ADA79197A013002F03F0300EB03407C
:10B9800000EB0120800270479979D87993F809C0BB
:10B9900001F003019A7A8000CCF3010CC2F3C012CB
:10B9A00040EA8120597900B593F808E042EA4C0357
:10B9B00001F00F0240EA9E1042FA83F30130073B88
:10B9C000984000BD70250320424A0520424B434960
:10B9D00010B5D2F8004182B044F08004C2F80041B2
:10B9E000D2F8004124F03F04C2F80041D2F80041EF
:10B9F00044F01804C2F80041D2F8004124F0800459
:10BA0000C2F80041D3F88020354C42F00C02C3F854
:10BA100080205A6A22F460525A62DA6942F4803213
:10BA2000DA615A6A42F400625A62C1F8CC01C1F884
:10BA3000D001C1F8BC01C1F8C001C1F8C401C1F80E
:10BA4000C801A26C274B42F00042A264E26A134391
:10BA5000E362E36A13F08073FBD14FF4C870019383
:10BA6000FFF7C2FE019B1D4A47F2B80141F2B80040
:10BA7000C2F8CC31C2F8D031C2F8BC31C2F8C03102
:10BA8000C2F8C431C2F8C831C2F8BC13164BC2F8B0
:10BA9000C013C2F8AC13C2F8B003C2F8B413134811
:10BAA000C2F8B813124A6063C3F8F8214FF0E023DC
:10BAB0004FF480420F49602081F86E00C3F80C21DA
:10BAC000E36A074A43F00063E362D36A1B01FCD4D4
:10BAD00002B010BD00800D4000C00F4000801F402C
:10BAE00000002C4000800001007002200B007F113C
:10BAF000E98D000000E400E02DE9F843DFF88480E0
:10BB000098F8003013B90120BDE8F88301F076FE03
:10BB1000154D0746154C164E04E001F06FFEC01B94
:10BB2000B04219D82B6B13EA0409F6D00022114B4E
:10BB300088F800202A6B1A6019680F4A29631B686D
:10BB40001342E0D00D491F240D4B40F27A22002011
:10BB50000C701A60BDE8F8832A6B064B88F80090D9
:10BB60001A601B682B63EDE700002C4002007F1178
:10BB700040420F008C25032000007F11946E0220AC
:10BB800054250320F15004202DE9F0418846FFF7A9
:10BB9000B3FF00283FD0224B04465A6AD1052AD56C
:10BBA0001F4D204EAB6A43F48033AB6201F026FE9A
:10BBB000074604E001F022FEC01BB04224D86B6AA5
:10BBC0005A05F7D508F13C0C08F50F7014494B6A7B
:10BBD0005B05FCD5ACF1400353F8042F63450A62C2
:10BBE000FAD103F1400C8445F1D10F4B01222046DC
:10BBF0001A70BDE8F0819A6A22F480329A629A6AD9
:10BC000042F400329A62CBE708492120084B4FF4F6
:10BC10007E7208701A6000242046BDE8F08100BFE3
:10BC200000002C4040420F00F1500420946E02208E
:10BC3000542503202DE9F041074688461F4C01F0AA
:10BC4000DDFD1F4D064604E001F0D8FD801BA84233
:10BC500028D8636AD907F7D4BB02C4F8088024D473
:10BC600027F0FF07154C174DE76001F0C7FD144E94
:10BC7000074604E001F0C2FDC01BB04212D8236B9E
:10BC80002B42F7D0226B104B1A601A6822631A6895
:10BC9000D20707D51B6813F4702F0CBF01200020BA
:10BCA000BDE8F0810020BDE8F081A26CFBB222F07B
:10BCB000FF02A264A26C1343A364D1E700002C40EE
:10BCC00040420F0001000F008C250320134B10B5DC
:10BCD0000C4684B01968FFF7ADFFE0B1104BA446E5
:10BCE0001A6900925969019199690291D9690123F0
:10BCF0000CF80E2F039123F0030203F0030101332C
:10BD00006A44C9000F2B126822FA01F20CF8012DC7
:10BD1000F1D10023E37304B010BD00BF84250320DC
:10BD200000002C40037ADB0703D5174B1B68A3B137
:10BD30001847164B1B783BB9154B5B6A83F0807331
:10BD4000C3F3006318467047114A124B126B13403D
:10BD5000B3FA83F35B09184670470F4B1B78002B2F
:10BD6000F0D00E4A0E48116800B583B00193FFF77A
:10BD700061FF019B28B1064B1B6983F48073C3F3F9
:10BD80000023184603B000BD88250320F15004208D
:10BD900000002C4002007F11EE5004208425032077
:10BDA00000001A0D08B5044B04481968FFF742FF5C
:10BDB00008B1034B186908BD8425032000001A0D43
:10BDC00000002C4008B5074B07481968FFF732FF01
:10BDD00030B1064B186980F48070C0F3002008BDB4
:10BDE000012008BD8425032000001A0D00002C400E
:10BDF0002DE9F843244B8946244D254C2B6001F056
:10BE0000FDFCDFF8A8800746224E06E001F0F6FCB4
:10BE1000C01BB04223D803F027F821681E48FFF763
:10BE200009FF0028F2D0D8F81030DB05EED500234A
:10BE30004FF400722B60D8F8283023F48033C8F810
:10BE40002830164BC8F804201B78A3B14946144883
:10BE5000FFF7F0FE68B90E2240F2574304E00021DC
:10BE60000A2240F24B4329600E4C00200E492270FA
:10BE70000B60BDE8F8834FEA492909484946FFF7B6
:10BE8000D9FE0028F5D1E6E71594000088250320A7
:10BE90008425032040420F0000001A0DF0500420BA
:10BEA00020003A19946E02205425032000002C40F3
:10BEB000F8B5214C00212148A36A23F48033A36202
:10BEC000FFF7B8FE48B9092240F23D231C4800257F
:10BED0001C4902700B602846F8BD1B4B05461B4AE7
:10BEE000136001F08BFC636A0646D80112D4184F28
:10BEF00004E002F0B9FF636AD9010BD401F07EFCC3
:10BF0000831BBB42F5D9002110480A224FF410735D
:10BF10000160DBE70022084B0C490A605A6A92076D
:10BF2000D9D5586B9A6AD96A22F4803241F080617F
:10BF3000D96258639A62CEE700002C400000DB0C07
:10BF4000946E022054250320198E000088250320BA
:10BF500040420F0012F0030F00D143B93C492520A5
:10BF60003C4B40F2F512087000201A6070472DE932
:10BF7000F04114461F46384A0E46384B804613603F
:10BF800001F03CFC054607E001F038FC344B401B57
:10BF9000984229D802F068FF324B33481968FFF7FE
:10BFA00049FE0028F0D0314B1B69DA05ECD50022A0
:10BFB00029492F4B0A6001212E4803EA07430170EB
:10BFC00043F400732C490A60284A146053602B4BD9
:10BFD00093632B4B1B7893B131464046FFF72AFE03
:10BFE00078B90020BDE8F081194A0A210020194BD8
:10BFF000194C11704FF4FC7220601A60F1E7760260
:10C00000EAE7204B144A136001F0F8FB194B054690
:10C010001B787BB1124C04E002F026FF154B1B7815
:10C0200043B101F0EBFB401BA042F5D900230A4AC3
:10C030001360D6E710491A4607480B6802609B0751
:10C04000CFD50A68104B1A420CBF01200020C9E767
:10C05000946E0220542503208825032015940000A7
:10C0600040420F008425032000001A0D00002C40E0
:10C070000000FF1FF25004208C25032002007F11D6
:10C08000F05004202D8E000000007F11F8B5064608
:10C09000007A0C461546C0071F4613D483B10F44DF
:10C0A00001E0BC420CD033682A46214630461B6969
:10C0B000013405F5007598470028F2D10020F8BD3D
:10C0C0000120F8BD900712D0002BF9D00F4401E0F9
:10C0D000A742F5D033682A46214630461B69013411
:10C0E00005F5007598470028F2D10020E7E70648DB
:10C0F000FFF730FF0028E3D104490C20044B40F245
:10C10000A13208701A60D9E737003A12946E022003
:10C1100054250320F8B50646007A0C461546C0079C
:10C120001F4613D483B10F4401E0BC420CD03368E6
:10C130002A46214630465B6A013405F5007598476A
:10C140000028F2D10020F8BD0120F8BD900712D0E0
:10C15000002BF9D00F4401E0A742F5D033682A46FE
:10C16000214630465B6A013405F500759847002882
:10C17000F2D10020E7E70648FFF7ECFE0028E3D104
:10C1800004490E20044B40F23D4208701A60D9E782
:10C1900027003A19946E0220542503202DE9F84314
:10C1A000814688462E4C01F029FB2E4F06462E4D27
:10C1B00004E001F023FB801BA84225D821682B480E
:10C1C000FFF738FD0028F4D03B69DA05F1D50123EB
:10C1D000274E284A49463370002327481360274BCF
:10C1E000C7F800807B60264BBB63FFF723FD074643
:10C1F00070B9042240F29F1322480027224902709E
:10C200000B603846BDE8F8830A224FF4CC73F3E79D
:10C210001E4B1F4A136001F0F1FA337804468BB1CC
:10C22000114D03E002F020FE33785BB101F0E6FA35
:10C23000031BAB42F6D90023154A136025224FF4A5
:10C24000D173D9E71A460B4B11491B680A609B074B
:10C25000F4D5084B1A680F4B1A42EFD1D1E700BF53
:10C260008425032000002C4040420F0000001A0DDE
:10C27000F25004208C25032011003A0640000100F2
:10C2800002007F11946E0220542503202D8E0000A1
:10C290008825032000007F112B4B987A10B54406A7
:10C2A00082B012D4DB7AC0F3050002F1010CC3F3B3
:10C2B000C0134CEA010C43EA40035BB213EA0C0FD3
:10C2C00003D0272240F202330CE0204B1B780BB93D
:10C2D000490252021E480192FFF7ACFC58B90F22E6
:10C2E00040F20A33DFF888C000201A498CF8002099
:10C2F0000B6002B010BD01991748FFF79BFC18B9FD
:10C30000102240F20D33EDE700211448FFF792FCB4
:10C3100018B911224FF44473E4E701F06FFA0446B0
:10C320000F4B10481968FFF785FC18B10E4B1B69BD
:10C33000DB05DED401F062FA0C4B001B9842EFD90A
:10C34000282240F21333CDE770250320F05004205B
:10C3500000001A205425032000001A2100001B268B
:10C360008425032000001A0D00002C4040420F00DD
:10C37000946E02202DE9F0434FF00008884D894E5D
:10C3800093B0894C894F017280F8098085F800804C
:10C3900086F8008084F8008087F80080FFF714FB9F
:10C3A00041464046FFF746FCE8B14FF003084FF422
:10C3B000D5717F48FFF73EFC00284CD1B8F1010849
:10C3C000F5D13B78002B3AD0DFF82C9201F016FA29
:10C3D000784F804600217848FFF72CFC70B917226F
:10C3E0004FF42A7302E0012240F28E2373490024A5
:10C3F00032700B60204613B0BDE8F08349467048A8
:10C40000FFF718FC0028EAD001F0F8F9A0EB0800CB
:10C410006C4BB842E3D81A69002ADBDA19696A4A18
:10C4200011601B695A0001D5012323700021674860
:10C43000FFF700FCD8B9022240F2B123D6E7FFF79C
:10C44000C3FA41464046FFF7F5FB3B78002BBBD1D2
:10C450004FF44019BAE75B4B1B69B3F5D57F03D0A6
:10C4600006224FF42573C1E701233B70ACE700219E
:10C470005748FFF7DFFB18B903224FF42D73B5E7D8
:10C48000504F544C3B6954496FF30F03534823609A
:10C49000FFF71CFC18B9072240F2B923A6E7504960
:10C4A0005048FFF713FC18B908224FF42F739DE78B
:10C4B00021684D48FFF7BEFB18B9052240F2BF23A3
:10C4C00094E721683C48FFF7B5FB18B9142240F205
:10C4D000C3238BE702214548FFF7ACFB0446002845
:10C4E000F4D0BB6A02A96FF07F4023F00603BB6261
:10C4F000BB6A43F00203BB624FF010137B64FFF78B
:10C500004DFE9DF815309B0747D5002845D02B4F91
:10C5100002A937483A6896F800800192FFF73EFE7C
:10C520009DF81830019A03F00F03012B32D188B324
:10C530004CF250302F4E0523C6F8CC31C6F8D0311E
:10C54000C6F8BC31C6F8C031C6F8C431C6F8C83127
:10C55000FFF74AF9002347F2B802C6F8CC31C6F813
:10C56000D031C6F8BC31C6F8C031C6F8C431C6F8FF
:10C57000C83141F2B803C6F8BC23C6F8C023C6F8D8
:10C58000AC23C6F8B0330123C6F8B423C6F8B823E9
:10C590002B702FE786F800803A6046F2A810C9E7B2
:10C5A000EE500420946E0220F0500420EF5004203E
:10C5B00000001A0840420F0000001A3754250320DB
:10C5C0000000022900002C40802503200000090201
:10C5D00000001A03842503207025032000000909A8
:10C5E000602503200000090A00001B0700001A064E
:10C5F000F1FFFF8000801F4000003040F8B5324B53
:10C600000F465A6A92050DD49A6A22F480329A62D1
:10C6100072B69A6A42F400329A629A6A42F480329E
:10C620009A6262B601F0EAF8274C0646274D04E00C
:10C6300001F0E4F8801BA84233D8636A1B05F7D5E4
:10C6400007F13C0007F50F741F494B6A1D05FCD527
:10C65000A0F140030A6A43F8042F8342FAD103F1A0
:10C660004000A042F1D101F0C9F8174C0746184D1F
:10C67000164E04E001F0C2F8C01BB0421AD8236B7A
:10C680002B42F7D0226B134B1A601A6822631A6888
:10C6900092070DD51A68104B1A420CBF01200020DA
:10C6A000F8BD0E491A200E4B40F2563208701A603F
:10C6B0000020F8BD1D200949094B40F26132087085
:10C6C00000201A60F5E700BF00002C4040420F0038
:10C6D00002007F118C25032000007F11946E022040
:10C6E000542503202DE9F843244B8946244D254C3D
:10C6F0002B6001F083F8DFF8A8800746224E06E0A1
:10C7000001F07CF8C01BB04223D802F0ADFB2168D9
:10C710001E48FFF78FFA0028F2D0D8F81030DB055A
:10C72000EED500234FF400722B60D8F8283043F484
:10C730008033C8F82830164BC8F804201B78A3B102
:10C7400049461448FFF776FA68B90C2240F2BD3327
:10C7500004E000210A2240F2B13329600E4C00208F
:10C760000E4922700B60BDE8F8834FEA4929094859
:10C770004946FFF75FFA0028F5D1E6E71594000077
:10C78000882503208425032040420F0000001A0D55
:10C79000F050042030003A12946E022054250320F9
:10C7A00000002C4070B500231C4D0E464372194604
:10C7B000AB6A1B4823F48033AB62FFF73BFA18B136
:10C7C00004465EB9204670BD092240F2D3331548B5
:10C7D00000241549027020460B6070BD134B144AAB
:10C7E000136001F00BF86B6A0646DA0112D404E01C
:10C7F00002F03AFB6B6ADB010CD400F0FFFF0D4A3C
:10C80000831B9342F4D9002109480A2240F2D7330E
:10C810000160DCE70023064A1360D3E700002C40E8
:10C820000000DB0C946E022054250320198E0000BA
:10C830008825032040420F0010B50446FFF75CF93D
:10C8400008B1637A03B910BD20460121BDE810404C
:10C85000FFF7A8BF30B50346007AADF5037D144657
:10C86000C00720D593070FD101233048FFF772FB93
:10C87000B8B92F490B202F4B4FF45D7208701A6026
:10C8800000200DF5037D30BD012302AA2748FFF7E4
:10C8900061FB0028EDD04FF4007202A9204601F0A0
:10C8A00043F80120EDE701930D46FFF725F9019BC1
:10C8B0000028E5D05A7A012A23D01A681E49126A44
:10C8C0008A4222D10193FFF717F90028D8D0019BA3
:10C8D0005A7A0ABB184629460193FFF703FF019BCA
:10C8E0000028CDD001225D605A722146184601937E
:10C8F000FFF784FE0028C3D0019B5A6801325A60BA
:10C90000CFE75A68AA42D8D1EFE71846019390477B
:10C91000019B0028B4D0DDE7184601210193FFF701
:10C9200041FF019B0028ABD0D4E700BF11003A11B2
:10C93000946E022054250320899E000030B50D46D8
:10C94000017A1446ADF5037DCA071BD5A30706D0AF
:10C95000214602AC4FF4007202A800F0E5FF01236B
:10C96000224629463248FFF7F5FA002841D13149DD
:10C970000D20314B40F2114208701A6000200DF575
:10C98000037D30BD0190FFF7B7F8019B0028F5D07B
:10C990005A7A022A2FD01A682849126A8A422ED15E
:10C9A0000193FFF7A9F80028E8D0019B5A7A002AE2
:10C9B0002CD11A682249126E8A4230D11846294673
:10C9C0000193FFF715FA019B0028D7D002225D6082
:10C9D0005A721A6818461B49D26D01938A42214641
:10C9E00023D1FFF7D1F8019B0028C7D05A68013244
:10C9F0005A600120C3E75A68AA42CCD1E9E7184639
:10CA000001939047019B0028D3D1B7E71846012135
:10CA10000193FFF7C7FE019B0028CAD1AEE7184675
:10CA2000019329469047019BCEE79047019BDBE7A6
:10CA300001003A18946E022054250320899E0000BC
:10CA400041940000D991000000F002BF10B483B0FF
:10CA50000B46CDE90012C27C002A30D072B6C27CEF
:10CA6000D40708D54FF0E02C4469DCF88011214050
:10CA70008162CCF88011910708D54FF0E02C8469D1
:10CA8000DCF884112140C162CCF88411540708D528
:10CA90004FF0E02CC469DCF8881121400163CCF828
:10CAA0008811110708D54FF0E02C046ADCF88C11CE
:10CAB00021404163CCF88C11D2063AD462B6826828
:10CAC000934240D0234A836092692349C2F3011CF8
:10CAD000C2F3826251F82CC00132BCFBF2F103B305
:10CAE0008B4232D8B1FBF3F2B1FBF2F18B422ED381
:10CAF000B2F5817F1BD2022A27D9023A530803EBF1
:10CB0000032342EA0323C36002680321002010616B
:10CB1000516201211364019B1366116103B010BCC3
:10CB200070479445EFD34A1CB2F5817FE3D30B4B9A
:10CB3000E9E74FF0E021446AD1F890212240826376
:10CB4000C1F89021BAE7C368DEE70023DBE71146AE
:10CB5000E9E700BF00C00F4010080020FF7F7F0002
:10CB600008B5034653F8040B93E80600FFF76EFF81
:10CB700008BD00BF0268D37C13B3D80704D5906A00
:10CB80004FF0E021C1F80001990704D5D06A4FF0B9
:10CB9000E021C1F80401580704D5106B4FF0E021E3
:10CBA000C1F80801190704D5506B4FF0E021C1F816
:10CBB0000C01DB0604D5926B4FF0E023C3F8102183
:10CBC000704700BF0068FAF7B9BE00BF0268FF23D4
:10CBD00012685366D36D13F4F81FFBD0506FC0B2C8
:10CBE000704700BF4FF0FF0C006808B5134680F88F
:10CBF0003CC00A460021FAF79DFE002008BD00BF98
:10CC000003681A685166D36D13F4F81FFBD0536F95
:10CC1000704700BF134600680022FAF78BBE00BFC2
:10CC20000378DB0701D4012070470346406810B544
:10CC300003F1100282B0016801924C6A0093D96836
:10CC4000A047DDE9003298B1197888070CD5DC6877
:10CC50000093D3E90101D0F800C02144DCF824306E
:10CC6000984728B1009B197821F001010120197023
:10CC700002B010BD10B5446884B07CB31446C268DD
:10CC800003468A420AD1024612F810CB04F003048C
:10CC900010464CEA04021A7004B010BDCDE901013F
:10CCA000FFF7BEFFD0B114F0040FDDE9013105D06C
:10CCB00003F110024FF0000CD960E7E7586803F168
:10CCC0001002D0F800C00192CDE90213DCF8103058
:10CCD0009847039BDDE901210028EBD1002004B037
:10CCE00010BD00BF0346808910B100229A817047B1
:10CCF000D3E901C18C4500D3704700B585B06046CB
:10CD000003AA019300F016F8019B80B1039A5860C2
:10CD1000B2F5803F90B208D3920AC0F30900A2F5A1
:10CD20002152A0F5105190B2998105B000BD4FF687
:10CD3000FF70FAE7884238D2034690F900000028D5
:10CD400093F800C02DDA0CF0E000C02831D00CF0D0
:10CD5000F000E02831D00CF0F800F02825D10CF0DC
:10CD6000070C0420184488421FD8013300B51978F5
:10CD7000013301F0C00E01F03F01BEF1800F41EA26
:10CD80008C1C14D18342F2D1ACF180010D4B99423D
:10CD90000DD8ACF55843B3F5006F08D3C2F800C006
:10CDA00000BD581CC2F800C070470020704700202A
:10CDB00000BD0CF01F0C0220D4E70CF00F0C032078
:10CDC000D0E700BF7FFF10007E2843D90023DFF8A3
:10CDD000ACC000B54FF0350E04E03CF82120824293
:10CDE00023D80B46AEEB0302012A03EB5201F4D821
:10CDF0009BB23CF82320904219D24FF04B0C0023F9
:10CE0000DFF87CE005E03EF8212082428CBF8C46B2
:10CE10000B46ACEB0302012A03EB5201F3D89BB2A1
:10CE20003EF8232082421FD000BD8E46DAE70CEB8D
:10CE3000830C821A9CF803309A42DEDA9CF90230A5
:10CE4000012B16D04EF2A032002B08BF134603442C
:10CE500098B200BDA0F16103192B8CBF0023012300
:10CE6000A0EB431398B270470EEB830EBEF802009E
:10CE700000BD02F00102821A90B200BDBC05002084
:10CE8000840400200000000010B572B6DFF8C0C0B6
:10CE9000BCF8002091B9036883B190F804E0BEF1BA
:10CEA0000F0F0CD842FA0EF414F0010445D0264CB2
:10CEB0007444B3EB441F02D162B610BD002142FAA4
:10CEC00001F3DB0707D501311029F8D162B6002341
:10CED0000171036010BD01238B401A43ACF80020A0
:10CEE00062B61A4A81F0030C0171D36F43F0C0039C
:10CEF000D367A2F5A03240F28243136002F580723C
:10CF0000114B02F8E61CCB1802F8E21C02F8E81CF0
:10CF10005B0102F8E11C9FED0A7B036083ED007B5F
:10CF200083ED027B83ED047B83ED067B1CF80230EE
:10CF300063F03F030CF8023010BD2146BFE700BF8D
:10CF400000000000000000008074000200C00F40DC
:10CF5000E250042003790F2B11D8094A937672B658
:10CF60000849012290F804C00B8802FA0CF223EA67
:10CF700002030B8062B61022002302710360704727
:10CF800000800E40E250042070B5EFF3108272B6BC
:10CF90000C4C206880B10C4E00254369236073B1AE
:10CFA0009D6102B962B6836845779847EFF31082B6
:10CFB00072B620680028F0D102B962B670BD336045
:10CFC000EFE700BFA02503209C250320FFF7DCBF6F
:10CFD0000449054A4968054B196013680133136019
:10CFE000704700BF001000E0A03004209C300420F7
:10CFF000084601F0A9BE00BF012A70B508BF0A2289
:10D000008AB005461E4659B34FF0210C01E05FFA85
:10D0100084FC0CF1FF34B1FBF2F302FB131EBEF1F2
:10D02000090F0EF1370098BF0EF130000DEB0C0E1A
:10D03000914219468EF80400E9D23EB10CF1FF3C52
:10D040002D225FFA8CFC0DEB0C031A712B6801A9E1
:10D05000CCF1220228465B68614498470AB070BD53
:10D0600030234FF0210C8DF82530E6E7002903DB53
:10D0700000230A22FFF7C0BF49422D230A22FFF7EF
:10D08000BBBF00BF00B5036883B040F60D2C022281
:10D0900001A95B68ADF804C0984703B000BD00BFAC
:10D0A000044B022888BF0346D3F800C01846DCF8BA
:10D0B00004301847946702200EB400B582B003AA6A
:10D0C00052F8041B019204F0C1FB02B05DF804EBBE
:10D0D00003B0704742B90368C9B2054A1B6893425E
:10D0E00004D1084601F030BEFFF786BF184700BFE5
:10D0F00041A600002DE9F04393B09DF868709DF8BB
:10D100006C90012F3DD91C461546804652EA040317
:10D1100032D0412601E05FFA8CF6214628463A4695
:10D12000002302F005FB0DEB06035FFA82FCBCF165
:10D13000090F0CF1370298BF0CF13002BD4206F125
:10D14000FF3C054674F100041A710C46E3D2B9F1B4
:10D15000000F05D0013E2D22F6B20DEB06031A7129
:10D16000D8F8003001A9C6F1420240465B6831445C
:10D17000984713B0BDE8F083302341268DF8453041
:10D18000E5E7002013B0BDE8F08300BF0000000019
:10D19000B4EE400B70B5F1EE10FA86B0864680F121
:10D1A0008280B0EEC07B9FED486BB4EE467BF1EE23
:10D1B00010FA6CDC9FED467BB4EEC70BF1EE10FA73
:10D1C0005CDC9FED457BB4EEC70BF1EE10FA55D455
:10D1D000B5EEC00BF1EE10FA61D40023B6EE007B81
:10D1E000002964D04FF0000C9FED3D6B0CF1010C59
:10D1F00027EE067B6145F9D130EE070B0C460A227B
:10D2000070467646FCEEC07BB8EE676B17EE901A60
:10D2100030EE460B8DED000BFFF7EEFE0F2C214696
:10D220004FF02E0328BF0F2105468DF808300DF171
:10D230000903481EB2EE046B02AA53FA80F09DED7A
:10D24000000B20EE060BFCEEC07BCDED007A9DF8C6
:10D25000003007EE903A3033B8EEE77B02F8013F3A
:10D26000904230EE470BECD133684A1C304602A99D
:10D270005B68D2B29847284606B070BDDEF8003031
:10D28000032219495B6806B0BDE87040184703687F
:10D29000032216495B6806B0BDE870401847B1EE3E
:10D2A000400B01239AE7036803221149EAE730EEB5
:10D2B000070B0A227046FCEEC07B17EE901A06B0F0
:10D2C000BDE87040FFF798BEFFFFFFFFFFFFEF7F55
:10D2D000000000E0FFFFEF41000000E0FFFFEFC1B2
:10D2E0009A9999999999B93F78DE002074DE0020C7
:10D2F00070DE002001F018BD01F0AEBC2DE9F84F42
:10D30000C3B31746B2B3B3F1010831D002EB080939
:10D31000B2FA82F88A4683464FEA5818184C194EDA
:10D3200025680BE001F000FD002810DA01F09CFDFB
:10D330002368DBF808205B1B934216D2DBF8003031
:10D340005B69B342EED0584698470028EEDB824531
:10D350000ED007F8010B4F4508F10108E0D100237A
:10D36000404689F80030BDE8F88F01238BF80C3077
:10D37000B946F4E74FF000084046BDE8F88F00BF1B
:10D38000A030042045A900002A284AD8264B70B5B1
:10D390001B780646E3B9254B9B5DFF2B2AD0244A18
:10D3A00002EB061291680A6802F44050B0F5805F03
:10D3B00031D01C0620D41F4C2360236AD80704D424
:10D3C00001F052FD236AD907FAD51A4B586A70BD8D
:10D3D000184C194D01E001F047FDA36C1B06FAD46F
:10D3E000AB6C13F08003F6D10F4A13700F4B9B5DAB
:10D3F000FF2BD4D1002070BD0F4C03F07F032360BE
:10D40000236ADA0704D401F02FFD236ADB07FAD57B
:10D41000094B586A70BD22F480521C060A60EBD496
:10D42000C9E70020704700BFF650042080CE0020DE
:10D43000DCCA002000400C4000800C40A94AAA4BE6
:10D4400090422DE9F047A94CD3F814E09969D4F83B
:10D450000CC000F2088103F1437303F5F453033366
:10D46000A3FB0023DB0D03EB830303EB830202F238
:10D47000B63240F227639A4228BF1A469C4BA3FB60
:10D480000232D208203A984D0CF01F04D5F88030B3
:10D49000944243F0C003C5F880300BD22CF01F0C2F
:10D4A000924C4CEA020CC4F80CC02368002BFCDA46
:10D4B0000CF01F041EF0007327D18E4D2E698E4D87
:10D4C000B54300F0FA8081F4805576464FF48057DA
:10D4D00016F0605F06D02EF0605E4EEA030E824BBF
:10D4E000C3F814E015F4405F07D021F440517E4D9D
:10D4F0003943A961AB6C1B07FCD44EF0007E7A491E
:10D50000C1F814E08B6C9F06FCD47C49884200F281
:10D51000DF80012635460EE0082D0CD1042E00F2E6
:10D5200091800136022506FB00F38B4200F2C38096
:10D530005B008B4206D8013506FB05F300FB03F3C5
:10D540008B42E9D9771E05F1FF384FEA872A8EEA28
:10D5500087276B4959186B4B99427CD9DFF8E491C6
:10D560006C2369486349B0FBF5F0684DB0FBF6F0F9
:10D570000E6835404D4508D043F400534FF48055B4
:10D580000D600B600B68002BFCDA57490B6903F048
:10D590000703434504D0C1F810808B6CDE03FCD434
:10D5A00017F4E05F0BD02EF4E05E0AF4E0534E492E
:10D5B00043EA0E0EC1F814E08B6C9D07FCD4544D69
:10D5C000544945198D4239D8534BED09A3FB053514
:10D5D0002D0B6B1E1B028EEA030111F4407F07D056
:10D5E0002EF4407E03F440733F4943EA0E034B613F
:10D5F0003D494B6923F000734B618B6C9B06FCD457
:10D60000464BA242A3FB00134FF0FF314FEA934376
:10D61000B0FBF5F5B1FBF3F34149086041490D60FA
:10D6200041490B6008D22CF01F0C30494CEA020231
:10D63000CA600B68002BFCDABDE8F0874FF440733A
:10D640000425C8E7771E2E494FF007084FEA872ABE
:10D6500059188EEA8727294B99421CD8DFF8E890A1
:10D66000362332487EE7324B984201D80E220AE731
:10D67000304B984228D9304A904227D9821A2F4BF2
:10D68000120AA3FB0232D20902EB820202EB8202EF
:10D6900002F2E242EDE6A3F182532948DFF8AC90B2
:10D6A000A3F589337E3BA3FB01310B0D03FB00F097
:10D6B00043EA090956E7012544E71F468EF0C056A4
:10D6C0000D464FF0C05303E70F22DCE61222DAE6E4
:10D6D000012603464FF0000A77464FF00008354612
:10D6E00037E700BF001C4E0E00C00F40000008408E
:10D6F0001F85EB5100800D4040300080FFB19F2618
:10D70000808D5B00FF7EF64D00643F4D7F300180D1
:10D710007FD1F0087F17B42C9F10E50083DE1B43F8
:10D720005866022054660220CC2B042000B29F26AB
:10D73000FF0A6B1B00A4781F0046C32323B24C00D2
:10D74000001BB7006C200080362000800020008085
:10D7500000B970472DE9F84F01218146224C234E34
:10D76000234D54E8003F3268286844E80013002B3A
:10D77000F7D120494B684FF47A7BDFF87CA01B1A65
:10D7800001270BFB02F8DAF80020A2FB03235B451C
:10D7900094BF9844D84454E8003F3268286844E86D
:10D7A0000073002BF7D14B68DAF800C01B1A0BFB93
:10D7B00002F2ACFB03C3B3F57A7F94BFD21802F533
:10D7C0007A72A2EB0802B2F57A7F08D3B9F1010FA1
:10D7D00008F57A7809F1FF39DDD1BDE8F88F01F05D
:10D7E00043FB0449D7E700BFA4300420A030042045
:10D7F0009C300420001000E0CC2B042010B50F4B0F
:10D800004FF0010C0E4CDFF844E053E8002F206885
:10D81000DEF8001043E800C2002AF6D1094B5B682D
:10D82000094A5B1A4FF47A71126801FB00F0A2FBFF
:10D8300003238B4294BFC018401810BDA4300420AD
:10D84000A0300420001000E0CC2B04209C300420E9
:10D85000362812D802010C4B03EB00109B58C2680B
:10D86000D3F804C01CEA020F03D039B1C3F88420F6
:10D870007047836829B9054A1A607047C3F8882041
:10D880007047034A1A607047DCCA00203830010034
:10D8900038F00100362831D802011B4B012903EB77
:10D8A00000109B5800B55A68D0E902EC12D0042948
:10D8B00010D022EA0C025A60C9B102291FD00329F4
:10D8C0004FF015020CBF114B114BCEF800304368DE
:10D8D0001A6000BD42EA0C0201295A6007D040F6E6
:10D8E0003803CEF80030436815221A6000BD382393
:10D8F0001522CEF8003043681A6000BD7047054B12
:10D90000CEF80030EFE700BFDCCA0020383001005D
:10D910003800010038F0010008B5F5F77DF8F5F79B
:10D9200023FA01F0A1FAFAE7844641EA000313F072
:10D9300003036DD1403A41D351F8043B40F8043B16
:10D9400051F8043B40F8043B51F8043B40F8043BD9
:10D9500051F8043B40F8043B51F8043B40F8043BC9
:10D9600051F8043B40F8043B51F8043B40F8043BB9
:10D9700051F8043B40F8043B51F8043B40F8043BA9
:10D9800051F8043B40F8043B51F8043B40F8043B99
:10D9900051F8043B40F8043B51F8043B40F8043B89
:10D9A00051F8043B40F8043B51F8043B40F8043B79
:10D9B00051F8043B40F8043B403ABDD2303211D319
:10D9C00051F8043B40F8043B51F8043B40F8043B59
:10D9D00051F8043B40F8043B51F8043B40F8043B49
:10D9E000103AEDD20C3205D351F8043B40F8043B19
:10D9F000043AF9D2043208D0D2071CBF11F8013B17
:10DA000000F8013B01D30B8803806046704700BFDC
:10DA1000082A13D38B078DD010F003038AD0C3F1EB
:10DA20000403D21ADB071CBF11F8013B00F8013BCD
:10DA300080D331F8023B20F8023B7BE7043AD9D38C
:10DA4000013A11F8013B00F8013BF9D20B78037061
:10DA50004B7843708B7883706046704702F01AB839
:10DA600001F1FF3C70B566464FF0000E01E00EF18B
:10DA7000010EB0FBF2F402FB1403092B03F137058E
:10DA800098BF03F130059042204606F8015FEED2C0
:10DA900001EB0E0300225A70BEF1000F11D0481C9A
:10DAA00070440CF102021CF8014F10F8015DA1EB6B
:10DAB0000C03521A8CF80050013B047073449A42D4
:10DAC000EFDB084670BD00BF074A506A936A1946EB
:10DAD0008446506A936A9942F9D18445F7D1DB0BA9
:10DAE00043EA4040704700BF00400D4010498B683A
:10DAF00023F001138B608B68DB07FCD48B6B0C4A23
:10DB000023F001038B63936BD907FCD4C30308494B
:10DB1000400C53651065936B43F0010393638B6B6B
:10DB2000DB07FCD58B6843F001138B60704700BFA7
:10DB300000400D4072B6EFF30583524CC4F88430B8
:10DB40001EF0040F0CBFEFF30882EFF309824FF0D1
:10DB5000E0234D4DD3F8280DD3F82C1DC4E9220144
:10DB6000D3F8341DD3F8383DC4E924139369A8349D
:10DB700044F8103CD36944F80C3C00F0CDF804EDB7
:10DB8000020AFFF7A1FF0B2344F8040C4FF0FF3209
:10DB90003E4844F8283C2B68202104355A4042F383
:10DBA0000003013903EA000383EA5202F7D1A542D8
:10DBB000F1D1344BC3F8A820BFF34F8F4FF0E023CF
:10DBC0003149334AC3F8701FC3F8702FBFF34F8F2A
:10DBD000BFF36F8F2F4A02242F48D36E2F4943F48F
:10DBE0004053D3660460D3692D4823F07F0343F08C
:10DBF0004003D3610B68834240D8274D00204FF08B
:10DC0000E0234FF0FF3228600121C5F808012548C4
:10DC10000C460E46C5F80001C5F80811C3F880216E
:10DC2000C3F88421C3F88821C3F88C21C3F890215C
:10DC300001E000F071F9D5F80C31002BF9D04F2C30
:10DC4000C5F80C6104F10104F3D9174B0220174900
:10DC50004FF00042C1F840015A63D5F80C313BB98E
:10DC6000134814490C4A0163D2F80C31002BFAD046
:10DC70004FF0E023104AC3F80C2DFEE7FFF7DEFB60
:10DC8000BBE700BF00FF272080FF27202083B8EDDF
:10DC9000A0FF272000C00F40004008405866022027
:10DCA000803DCD0B009F240000900D4000002E40D1
:10DCB00000800F40F100AD0B0400FA05094A08B5D9
:10DCC0000346106823B1034407498B4201D813600F
:10DCD00008BD03F0F7FF0C2203464FF0FF301A6037
:10DCE00008BD00BF686B022000002820002070479C
:10DCF0004FF0FF30704700BF4FF4005300204B60DF
:10DD0000704700BF012070474FF0FF30704700BFE1
:10DD100030BFFDE7FFF70EBF124AD2F880305B0735
:10DD2000FBD5D2F880301048C3F30B230F4990ED98
:10DD3000007A07EE903A91ED006AB8EE477A0C4A05
:10DD4000F8EEE77A0B4BD2ED006A77EEC77A93EDE7
:10DD5000007AB8EE477A67EE867A87EEA60A37EE43
:10DD6000400A704700810D40BC2B0420C42B0420C6
:10DD7000C82B0420C02B0420836B70B586460E464A
:10DD800010461BB1536843F40043536072B6DEF88B
:10DD9000342042B31B4B1060D3F8B02132421ED165
:10DDA000194C656805E06268A2EB050CBCF5166FBE
:10DDB0000BD2D3F8402142F48042C3F84021D3F87B
:10DDC000B811D3F840215204EDD5314007D10D4AA6
:10DDD000CEE90201D2F8B0313343C2F8B031CEF807
:10DDE000340062B670BD0749CEE90202D1F8B03105
:10DDF0003343C1F8B031CEF83000CEF8340062B60B
:10DE000070BD00BF00002E40001000E070B5056B33
:10DE100095B12B46002403E01B680134012B0CD084
:10DE20005A681206F8D5036306462CB12846B36B30
:10DE30002D689847013CF9D170BD00220023C0E94C
:10DE40000C23F1E700B501BBDFF8A0C0234B002194
:10DE5000234A4FF0010E4FF001109960C3F800E023
:10DE6000CCE902314FF0800CC3F804C0C2F8BC0109
:10DE7000D2F8B0311B4843EA0E03C2F8B03101605A
:10DE8000D2F8B031002BFBD100BD0904164BDFF8EE
:10DE90005CC04FF0010E41F080019860104A59605B
:10DEA00000F58051C3F800E0D96000F50051CCF8CE
:10DEB0004830196100F5405100F58040596100215A
:10DEC0009861CCF84C10D2F8B03143F48033C2F8EA
:10DED000B031D2F8B031002BFBD1B7E7E0720220AD
:10DEE00000002E4090290420007302200000002032
:10DEF000074901220B78824023EA02030B7033B9F1
:10DF0000044AD2F8483123F08003C2F84831704700
:10DF1000FA50042000002E402DE9F047A64C82B0B4
:10DF2000D4F84461F107C4F844614CD5D4F8AC315D
:10DF3000002B43D0A14DA24FDFF8B882C4F8AC311A
:10DF4000D5E90A20D4F8403143F40053C4F84031F5
:10DF5000D4F840319B04F5D5D4F840314FF001118D
:10DF600023F40053C4F84031C4F8B411D4F8B431E8
:10DF700013F00113FAD191B284463B60B1F5086FFA
:10DF800000F03A8100F2958040F2023E714500F0C7
:10DF9000928100F2A480822900F0E181B1F5817FB5
:10DFA00000F0B381802940F09580864802210380EB
:10DFB000FFF748FFD4F8AC31002BBFD17E4AD2F82E
:10DFC000BC31002B42D1720616D57B4BD3F8AC2165
:10DFD000C3F8AC21D3F8BC21C3F8BC21D3F8B041BD
:10DFE000002CFBD14FF0FF32C3F8B421D3F88431B9
:10DFF00000F042FD744B1C60F40103D5734B1B68A9
:10E0000003B19847B00103D5714B1B6803B1984722
:10E01000710708D5684BD3F8843113F4007345D0E9
:10E020006C4B01221A70644BD3F848311A060AD59A
:10E03000330608D5684A13782BB1013BDBB2137065
:10E04000002B00F06D8202B0BDE8F0875C49C2F899
:10E05000BC310868034240F098815B4A1268134063
:10E06000B1D01C0C554D1FFA83F810D094FAA4F7C8
:10E07000B7FA87F705EBC7104030FFF7C7FE01235B
:10E0800003FA07F7BC43F1D1B8F1000F9BD0012789
:10E0900098FAA8F4B4FA84F405EBC41007FA04F46F
:10E0A000FFF7B4FE38EA0408F2D18CE7494A13704E
:10E0B000B9E742F2212E71455AD049D8B1F5106F17
:10E0C00000F0A28042F2210C614503D1010C072926
:10E0D00000F08C814FF00113C4F8C0316AE7B1F54C
:10E0E000A06F00F0CA80A1F5D0610129F2D83B4BA6
:10E0F00059680029EED01FFA8CFE120C03E0196952
:10E100000C330029E6D0B3F800C09445F7D1B3F83A
:10E1100002C0F445F3D14FEA122C000CBCF1030FFE
:10E1200000F0CB811B89834228BF0346B2F5007FF4
:10E130009A4640F09A81274B1B78002B40F0EE81E5
:10E14000274952462748DFF89C90FFF7EDFB9EE1F8
:10E1500042F22133994214D04FF6C0039942B9D10B
:10E1600083B2FF2BB6D843F46E4363F30F0CBEE7C4
:10E1700080B230B91C4B120C19681C4B19601C4B37
:10E180001A700023C5F84880EB64C8F808300123F2
:10E19000C8F800308023C8F804304FF00113C4F8E9
:10E1A000BC31D4F8B03143F48033C4F8B031D4F882
:10E1B000B031002BFBD1FDE600002E400000002016
:10E1C00090290420842B042094290420D450042076
:10E1D000D85004200051042001510420A45F0220E3
:10E1E000DC28006000602520A0300420D0500420EE
:10E1F000FE500420E0720220B34B0121B3481B788B
:10E200000370FFF71FFED5E6AF49120C01930A70A9
:10E21000AF4AC4F8C821AF4AC4F8CC21AE4AC4F80A
:10E22000D02100F02BFC80220199AC4803F028FC9F
:10E23000AB498022019BA9644A60AA4AEB64C5F8F5
:10E24000A02002F13C428B6002F56C2202F56F7255
:10E25000C5F8E02001220A604FF00112C4F8BC2189
:10E26000D4F8B02142F48032C4F8B0219E4A3B6019
:10E27000D2F8B031002BFBD19CE69949EB648B605E
:10E280000123A9640B6080234B604FF00113964972
:10E29000C4F8BC31D4F8B03143F48033C4F8B031A1
:10E2A000D1F8B031002BFBD1130C5B0643F0807327
:10E2B000C1F854317EE610F0780F7FF40BAF00F018
:10E2C0007F028A4B000653F822104CBF41F4803184
:10E2D00041F0010143F822100021814BE96499606B
:10E2E0000121AB64196080217F4A59604FF001130E
:10E2F000C2F8BC31D2F8B03143F48033C2F8B03147
:10E30000D2F8B031002BFBD154E610F0780F7FF437
:10E31000E1AE00F07F02754B000653F822104CBFAF
:10E3200021F4803121F0010143F8221000216C4BCF
:10E33000E96499600121AB64196080216A4A5960DF
:10E340004FF00113C2F8BC31D2F8B03143F480333E
:10E35000C2F8B031D2F8B031002BFBD12AE610F070
:10E3600078037FF4B7AE00F07F01604A000652F8F0
:10E370002110564A138036D5C90301D501231370E5
:10E3800002215248FFF75EFD14E60020086058495C
:10E390000C88486842F221018C427FF45EAE80B264
:10E3A00000287FF45AAE5349534C03C9A1808628F4
:10E3B0004FEA11412060A1717FF44FAE72B64F4811
:10E3C000017841F008010170D2F848110D0605D41A
:10E3D00080200143C2F84401C2F8481162B6484A9D
:10E3E0005021117039E6CB07CAD5C7E74049EB6029
:10E3F000444BC1E900200122AB601A60424A5A60D6
:10E400003C4A9A60D4F8B01141F00101C4F8B0114F
:10E4100002F58051D96002F50051196102F54051B1
:10E4200002F5804259619A612F4AD2F8B031002B2F
:10E43000FBD12B49EB648B600123A9640B6048F28C
:10E4400080034B604FF00113C2F8BC31D2F8B031F9
:10E4500043F48033C2F8B0314FF48033224A3B603A
:10E46000D2F8B031002BFBD1A4E5B2F5E06F7FF418
:10E4700068AE264B1B78002B4ED12549DFF89490CF
:10E4800052464846FFF750FA072389F8013029F031
:10E490001F0309EB0A02BFF34F8F4FF0E021C1F8D1
:10E4A000703F20339A42FAD8BFF34F8FBFF36F8F7C
:10E4B00018485146FFF7C6FC7CE50B78834228BF1D
:10E4C00003469A463DE600BFFF500420842B0420FB
:10E4D0000200CC00C80002000200C800800000203A
:10E4E000E07202205DCFC6B800002E40C0012E4071
:10E4F000A076022088290420C8500420FA50042065
:10E500000151042000730220800007000051042004
:10E5100040290060006025200449AFE7044910E667
:10E520000320FFF7E5FC0CF0E7FA00BFDC280060F1
:10E53000402900602DE9F043841E83B0022C02D9EB
:10E5400003B0BDE8F083124D90460F46C60105EBBF
:10E55000C0143C2200210190201D994603F090FA3E
:10E56000B8FA88F23904520941EA42710122A951EC
:10E57000C4F83890A260B9F1000FE1D00549019BC1
:10E580009A400B681A430A6003B0BDE8F08300BFED
:10E5900000000020942904202DE9F043A0F1020E90
:10E5A00083B0BEF1020F02D903B0BDE8F0839146FB
:10E5B000C201124F884602F1400605463C22002166
:10E5C000F4190193201D03F05BFAB9FA89FC4FEAB4
:10E5D0000842019B4FEA5C1C42EA4C72BA5101228C
:10E5E000A363A260002BDFD0054905F110000B6882
:10E5F00082401A430A6003B0BDE8F08300000020A7
:10E600009429042012044FF0010C816042F0800232
:10E61000C0F800C0C36101F5805C01F54053426061
:10E6200001F5005201F58041C0F80CC08161C0E9DC
:10E6300004237047831E022B00D9704700F1100C91
:10E64000064B0A4603EBC01000B54FF0010E0EFA60
:10E650000CF15DF804EBFFF78FBB00BF400000201A
:10E66000831E022B00D970474FF0010C034B0A4662
:10E670000CFA00F103EBC010FFF77EBB0000002096
:10E6800040687047144B0A22DFF850C0D3F82002CC
:10E6900020F07F4000EB800300B55B0085B0604553
:10E6A00038BF18466946FFF7DBF9DFF834C06B4620
:10E6B0000022604619780132013341B10A2A20F85C
:10E6C000021FF7D116228CF8002005B000BD5200C1
:10E6D0008CF8002005B000BD00441F4080969800D3
:10E6E000746E022000F0E8BA00F0D8BA00F06EBBF9
:10E6F00000F048BB0846114600F03ABB70B5164D15
:10E700004FF0E02415494FF40032154E05EB40154B
:10E7100082B001EB4021C4F88C21034632882846A0
:10E720000191FFF76FFF019933880B44BFF34F8FBF
:10E73000C4F85C1F20318B42FAD8BFF34F8FBFF370
:10E740006F8F03202946FFF78BFF4FF40033C4F887
:10E750000C3102B070BD00BF207302208060252004
:10E76000E6500420264B1A884368C3F30E43D21A9E
:10E77000002AF0B5C46983B028DD2248224D017813
:10E780002D78CBB2DFF894C0A942204D09D01CF8F7
:10E7900003100F4635F811100E46C1F500718A427C
:10E7A0001AD90133002125F81420082B184D88BFF1
:10E7B0000B4625F8141098BF19460CF80340154B6A
:10E7C000017019680A441A6003B0F0BD204603B016
:10E7D000BDE8F040FFF792BF0F4906EB47200192DA
:10E7E000084401EB4421FFF79FF8019A09492046AC
:10E7F000B31825F817300B6813440B60E7E700BF28
:10E80000E6500420F8500420F9500420902B0420F6
:10E81000A02B04208C2B042080602520B02B04200A
:10E82000224B1A78002A3FD102F0FF03204A1278C7
:10E83000002A39D01F4A1288002A35D01E49C2F555
:10E84000006210B5087884B01C4901EB40141C49E3
:10E8500001EBC0212046CDE902230191FFF7D2FE52
:10E86000DDE901120A44BFF34F8F4FF0E020039B14
:10E87000C0F8701F20318A42FAD80193BFF34F8F3E
:10E88000BFF36F8F04202146FFF7D4FE0A48002112
:10E89000084B027819800132019BD2B2032A98BF3B
:10E8A0001346037004B010BD704700BFFD50042034
:10E8B000FF500420EA500420FC5004202074022061
:10E8C000807025202DE9F04F87B00490002900F0DA
:10E8D000BF8000235F4C604F4FF00109DFF890A12B
:10E8E0005E4E029303915E4B5E4A1D783B8802EBBD
:10E8F000451284F800900192002B40F0A5809846C4
:10E900001D469B460198FFF7BBFE10F0800000F00B
:10E910008B80BFF34F8F9AF8003084F800B00DB9A8
:10E92000D6F80080002B7BD13368A3EB0803782B4B
:10E9300000F283804C4B1B78002B71D000F094FACE
:10E940003B88012584F80090002BDBD044491A460F
:10E95000C3F500600D78039900EBC520DFF814B112
:10E960009142584417D20593DDE903210192FEF745
:10E97000DBFF019A4FF04041059B9B1A3B803B4BCC
:10E98000C3F88410BFF34F8F029800231044237004
:10E9900007B0BDE8F08F0499FEF7C6FF00230BEB2C
:10E9A000C5214FF400620198FFF72CFE0BEBC52147
:10E9B000BFF34F8F01F1200201F50063934294BF32
:10E9C000012340234FF0E02201EB4313C2F8701FF4
:10E9D00020318B42FAD1BFF34F8FBFF36F8F0420EA
:10E9E0000199FFF727FE1E4A13780133DBB2042B8F
:10E9F00028BF002313703B88039AD11A029A1A4445
:10EA000003910292049A1A4400230492174A3B800D
:10EA1000C2F88430BFF34F8F237000297FF463AFB7
:10EA2000029807B0BDE8F08F4FF400620C4B8AF8F3
:10EA300000001D7813463A808DE7012302988AF87A
:10EA4000003007B0BDE8F08F1A46C3F5006082E7DA
:10EA50000846E6E7FD500420EA500420A0300420D8
:10EA6000FC50042020740220FF50042000002E409F
:10EA7000FB50042080702520704700BF2D4B0021E3
:10EA800080222D4870B51B7800242C4E8B420CBF81
:10EA900040234FF400732A4D33802B8002F0F0FFA7
:10EAA000284A2146284B14704FF4807227481C8056
:10EAB00002F0E6FF264A1021264B0220C2E900445C
:10EAC000C2E90244244AC3E900441470234AC3E95A
:10EAD0000244234B1C70234614602246FFF75CFD62
:10EAE000204B224631880320FFF724FD23460122D4
:10EAF00029880420FFF750FD20460134FFF7FEFD72
:10EB0000082CF9D1184B00214A221848184C0460EF
:10EB1000C3F88410C3F88020D3F84821154942F087
:10EB20008072C3F8482121B1134A137843F00103DE
:10EB3000137070BD0051042020740220E6500420A0
:10EB4000EC500420FC500420EA50042020730220E2
:10EB5000902B0420A02B0420F85004208C2B0420A0
:10EB6000F9500420B5BD000000002E40D450042010
:10EB700071BE000000000000025104202DE9F84F92
:10EB80004FF400324FF0E023C3F88C212B4B1C785C
:10EB9000002950D082468B46E4B20027DFF8B490BB
:10EBA000274B5046274AABEB07081B78A34204F1DA
:10EBB000010437D0092C244B244928BF00241E5DB2
:10EBC00039F8163031F8165003EB4621ED1A11448E
:10EBD000A8452A4617D21E4C42465046FEF7A4FED0
:10EBE000236839F816105846A3EB0B0388443B44BE
:10EBF00029F8168023604FF0E0234FF40032C3F869
:10EC00000C21BDE8F88FFEF78FFE114A2F443046E5
:10EC10001368AA445B1B1360084A1470FFF76EFD6B
:10EC2000BB45BDD84FF0E0234FF400323846C3F85F
:10EC30000C21BDE8F88F0846DDE700BFF95004203D
:10EC4000F850042080602520B02B0420902B042055
:10EC50008C2B0420A02B04200B4B0C4A1278197823
:10EC6000D3B28A420DD0013309480A4A092B0A4916
:10EC700028BF0023C35C31F8131002EB4323585C18
:10EC800070474FF0FF307047F8500420F9500420CF
:10EC9000B02B042080602520A02B0420054B186891
:10ECA00000B1704700B583B0019000F0DDF8019825
:10ECB00003B000BD8C2B04202DE9F84F144E154DE8
:10ECC00033782A78934220D0DCB2DFF85090DFF816
:10ECD00050B0DFF85080104F0134082CA24601D903
:10ECE0000024A24619F80400DBF8003038F81020A0
:10ECF00037F81010521A9B1ACBF80030FFF7FEFCC1
:10ED000086F800A02B78A342E6D1BDE8F88F00BFBB
:10ED1000F9500420F8500420A02B0420B02B04202C
:10ED20008C2B0420902B042000B583B001210DF121
:10ED30000700FFF723FF18B19DF8070003B000BDDF
:10ED40004FF0FF30FAE700BF084B00B583B01B78E7
:10ED50008DF8070033B101210DF10700FFF7B2FD77
:10ED600003B000BD03F0FF0003B000BDFF5004205E
:10ED7000034B1B780BB1FFF7A5BD03F0FF007047F5
:10ED8000FF5004202DE9F04100240D4E01230D4DCC
:10ED9000A0460D4F33703B782846A34205D0FFF7BD
:10EDA0006FFC030658BF08F5006801342035042CB9
:10EDB000F1D1BFF34F8F002340463370BDE8F0819F
:10EDC000FD50042020740220FC500420204B1B78AE
:10EDD00013B1204B1A8802B970471F4BC2F500626D
:10EDE0001E481F4930B51B7883B01E4C00EB431002
:10EDF00001EBC3210123054623700023CDE9001256
:10EE0000FFF700FCDDE900120A44BFF34F8F4FF01B
:10EE1000E023C3F8701F20318A42FAD8BFF34F8F26
:10EE2000BFF36F8F04202946FFF704FC0A49002234
:10EE300008480B7802800133DBB2042B28BF13464D
:10EE40000B70BFF34F8F074B1A7003B030BD00BF7C
:10EE5000FF500420EA500420FC50042020740220BB
:10EE600080702520FD5004202E4B2DE9F0411E78A6
:10EE700086B1DFF8C88098F800305BB90123F1074C
:10EE800088F8003040D4B20727D4002388F8003037
:10EE9000730701D4BDE8F081234B1A68002AF9D02A
:10EEA000EFF30582002AF5D1EFF3108572B61868EA
:10EEB000002830D01D4C217800292CD1012222704D
:10EEC00042691A60002A2AD0916105B962B600250C
:10EED0008368457798472570DCE7154B1B78002B36
:10EEE000D3D0144F002557F8044F236820461B69E0
:10EEF000984710B163699B6898470D4B01351A78A4
:10EF0000EBB29A42EFD8C0E7FFF7C8FE0028BAD0AC
:10EF1000AFF30080B7E7002DBCD162B6BAE7064B6D
:10EF20001A60D2E70251042098250320F3500420F0
:10EF3000F4500420BC720220A4250320F5500420C4
:10EF400010B500234FF470440F224FF4806EA0F8E8
:10EF50008C411946A0F88E214FF46044A0F89031FE
:10EF60000A46B0F8883148F2B82C43F0F003A0F814
:10EF7000883101EB4103013100EB431304299C80EC
:10EF8000A3F806E05A841A865A805A81A3F80EC064
:10EF90005A82DA825A83DA83EBD1B0F8883143F0AF
:10EFA0000F03A0F88831B0F8883143F47063A0F8FB
:10EFB000883110BD374B384A996F384841F47F018A
:10EFC00070B5996741F20106D3F8801045F6C05537
:10EFD00043F226040A43C3F88020FFF7B1FF00F58F
:10EFE0008040FFF7ADFF00F58040FFF7A9FF00F577
:10EFF0008040FFF7A5FF0022A0F503104FF00F0E91
:10F00000114600EB42134FEA421C01329981042A57
:10F010005981A3F80EE09E82DD8020F80C10198241
:10F020009C81EED100221E484FF00F0E41F20106E6
:10F03000114645F6C05543F2260400EB42134FEA51
:10F04000421C01329981042A5981A3F80EE09E8264
:10F05000DD8020F80C1019829C81EED1002211482D
:10F060000F2641F20105114645F6C05443F2260E23
:10F0700000EB42134FEA421C01329981042A598164
:10F08000DE819D82DC8020F80C101982A3F80CE050
:10F09000EED170BD00C00F40000003FC00C03D4039
:10F0A00000001E4000401E4008B5D0E900325BB1B0
:10F0B000BAB10F4BA3FB0213DB0803EB4303B2EB24
:10F0C00083030AD1012008BD094BA3FB0213DB080F
:10F0D00003EB4303B2EB830301D0D21A4260F02A60
:10F0E000F0D802F0EFFD1C22034600201A6008BD94
:10F0F000ABAAAAAA30B583B060B3044621B11D46BD
:10F10000B2FA82F35B09A2B9206818B362680AB345
:10F11000164B174902FB03F3B1EBB30F1AD3A368E5
:10F12000FBB9002323606360A360E360012003B0A8
:10F1300030BD0193069BC0E90012C360FFF7B4FF26
:10F1400060B1002DF2D0626801992068A56002F0DC
:10F1500097FCEBE702F0B6FD16230360002003B036
:10F1600030BD002102F08CFCDBE700BFABAAAAAAED
:10F17000555555150000000010EE102AC2F30A5331
:10F18000B3F57D7FB7EEC07A1ED2B3F5667F72D33A
:10F1900027EE077B27EE071B734B93ED142B93EDA4
:10F1A000125B93ED0E3BA7EE025B27EE012B93ED76
:10F1B0000C6B93ED104BA7EE036BA1EE046BA5EE69
:10F1C000026BB7EEC60B704740F22E418B4255D80A
:10F1D000654A92ED086B27EE066BFDEEC66B92ED6D
:10F1E0000A5B16EE903A03F500031B16990706EE2C
:10F1F000903A54BF114602F17001D807B8EEE66BA1
:10F20000A6EE457B27EE076B1CD503F0030302EB4C
:10F21000C30291ED185B92ED000B91ED1A3B27EEC6
:10F22000000BB0EE457B91ED164BA6EE037B20EE76
:10F23000065B26EE056BA5EE040BA7EE060BB7EEFC
:10F24000C00B704791ED144B26EE065B91ED127BDF
:10F2500091ED0E2BA6EE047B26EE054B91ED0C0BEB
:10F2600091ED103BA6EE020BA5EE030BA7EE040BEF
:10F27000B7EEC00B7047B7EE000A7047B3F5FF6FEB
:10F2800053D2C2F38361394B03EB810C53F8211045
:10F29000C2F31603C2F3C25043F4000310B5834017
:10F2A000DCF82000DCF810C003FB01F1A3FB00E058
:10F2B000E3FB0C0101F1005382B09C0F03F04043CB
:10F2C000C91A8DED010A00F005FA019A9FED246B31
:10F2D00004EBD27241EC170B900754BF224B244B26
:10F2E00027EE067BE10727EE076B20D51E4902F0CB
:10F2F000030201EBC20293ED185B92ED000B93ED5C
:10F300001A3B27EE000BB0EE457B93ED164BA6EEB5
:10F31000037B20EE065B26EE056BA5EE040BA7EE45
:10F32000060BB7EEC00B02B010BD00F02FB893ED86
:10F33000144B26EE065B93ED127B93ED0E2BA6EE9F
:10F34000047B26EE054B93ED0C0B93ED103BA6EEE4
:10F35000020BA5EE030BA7EE040BE2E7AFF3008070
:10F36000182D4454FB21193C700300202009002073
:10F37000E003002010B582B08DED010A044602F0D2
:10F38000A1FC9DED010A046002B010BD70EE407A50
:10F39000B4EE400A87EEA77AF1EE10FAB0EE470A13
:10F3A00002D62120FFF7E6BF704700BF034608469C
:10F3B000194602F093B800BF81F0004102E000BF9F
:10F3C00083F0004330B54FEA41044FEA430594EA25
:10F3D000050F08BF90EA020F1FBF54EA000C55EA60
:10F3E000020C7FEA645C7FEA655C00F0E2804FEA31
:10F3F0005454D4EB5555B8BF6D420CDD2C4480EA13
:10F40000020281EA030382EA000083EA010180EA42
:10F41000020281EA0303362D88BF30BD11F0004F90
:10F420004FEA01314FF4801C4CEA113102D04042C6
:10F4300061EB410113F0004F4FEA03334CEA133301
:10F4400002D0524263EB430394EA050F00F0A78019
:10F45000A4F10104D5F1200E0DDB02FA0EFC22FA14
:10F4600005F2801841F1000103FA0EF2801843FA08
:10F4700005F359410EE0A5F120050EF1200E012AF9
:10F4800003FA0EFC28BF4CF0020C43FA05F3C01837
:10F4900051EBE37101F0004507D54FF0000EDCF1B0
:10F4A000000C7EEB00006EEB0101B1F5801F1BD359
:10F4B000B1F5001F0CD349085FEA30004FEA3C0C5D
:10F4C00004F101044FEA445212F5800F80F09A8053
:10F4D000BCF1004F08BF5FEA500C50F1000041EB57
:10F4E000045141EA050130BD5FEA4C0C404141EB5B
:10F4F0000101013C28BFB1F5801FE9D291F0000F56
:10F5000004BF01460020B1FA81F308BF2033A3F104
:10F510000B03B3F120020CDA0C3208DD02F1140CFB
:10F52000C2F10C0201FA0CF021FA02F10CE002F136
:10F530001402D8BFC2F1200C01FA02F120FA0CFC2F
:10F54000DCBF41EA0C019040E41AA2BF01EB045178
:10F55000294330BD6FEA04041F3C1CDA0C340EDC76
:10F5600004F11404C4F1200220FA04F001FA02F3B9
:10F5700040EA030021FA04F345EA030130BDC4F177
:10F580000C04C4F1200220FA02F001FA04F340EA6C
:10F590000300294630BD21FA04F0294630BD94F01D
:10F5A000000F83F4801306BF81F480110134013D04
:10F5B0004EE77FEA645C18BF7FEA655C29D094EA75
:10F5C000050F08BF90EA020F05D054EA000C04BFF3
:10F5D0001946104630BD91EA030F1EBF00210020DE
:10F5E00030BD5FEA545C05D14000494128BF41F07D
:10F5F000004130BD14F580043CBF01F5801130BDE1
:10F6000001F0004545F0FE4141F470014FF000006B
:10F6100030BD7FEA645C1ABF194610467FEA655C1C
:10F620001CBF0B46024650EA013406BF52EA0335BE
:10F6300091EA030F41F4002130BD00BF90F0000FAC
:10F6400004BF0021704730B54FF4806404F13204E8
:10F650004FF000054FF0000150E700BF90F0000FA1
:10F6600004BF0021704730B54FF4806404F13204C8
:10F6700010F0004548BF40424FF000013EE700BF98
:10F6800042004FEAE2014FEA31014FEA02701FBF28
:10F6900012F07F4393F07F4F81F06051704732F05A
:10F6A0007F4208BF704793F07F4F04BF41F40021B1
:10F6B000704730B54FF4607401F0004521F000410F
:10F6C0001CE700BF50EA010208BF704730B54FF099
:10F6D00000050AE050EA010208BF704730B511F09A
:10F6E000004502D5404261EB41014FF4806404F1D2
:10F6F00032045FEA915C3FF4D8AE4FF003025FEA58
:10F70000DC0C18BF03325FEADC0C18BF033202EBDB
:10F71000DC02C2F1200300FA03FC20FA02F001FA35
:10F7200003FE40EA0E0021FA02F11444BDE600BFD8
:10F7300053B94AB9002908BF00281CBF4FF0FF3158
:10F740004FF0FF3000F09CB9ADF1080C6DE904CE2C
:10F7500000F006F8DDF804E0DDE9022304B07047AC
:10F760002DE9F04782B00646DDF828E00846B446A9
:10F770000D46002B4ED18A4214466DD9B2FA82F260
:10F7800042B1C2F12003954026FA03F394401D4391
:10F7900006FA02FC260CA7B2B5FBF6F14FEA1C43B1
:10F7A00006FB115543EA054301FB07F0984209D9CE
:10F7B000E31801F1FF3580F00381984240F20081A7
:10F7C000023923441B1A1FFA8CFCB3FBF6F006FB2C
:10F7D00010334CEA034C00FB07F363450AD914EBE2
:10F7E0000C0C00F1FF3580F0ED80634540F2EA80BB
:10F7F000A444023840EA0140ACEB030C0021BEF106
:10F80000000F04D02CFA02F30022CEE9003202B03D
:10F81000BDE8F0878B4209D9BEF1000F01D0CEE9D7
:10F8200000610021084602B0BDE8F087B3FA83F119
:10F83000174600294DD1834202D3B24200F20F8114
:10F84000B6EB070C60EB030301201D46BEF1000F71
:10F85000DDD0CEE900C5DAE7002A00F098801A462C
:10F86000B4FA84F3002B40F0AF800B1B270CA6B238
:10F870000121B3FBF7F54FEA1C4007FB153340EAC3
:10F88000034306FB05F8984507D9E31805F1FF3057
:10F8900002D2984500F2E8800546A3EB08031FFA60
:10F8A0008CFCB3FBF7F007FB10334CEA034C06FB70
:10F8B00000F3634508D914EB0C0C00F1FF3602D2BB
:10F8C000634500F2CE803046ACEB030C40EA0540C5
:10F8D00095E7C1F120058B4022FA05FC4CEA030CA8
:10F8E00000FA01F426FA05F3E84002FA01F943EAC6
:10F8F00004084FEA1C4206FA01FAB0FBF2F71FFABD
:10F900008CF602FB17004FEA184444EA004407FB58
:10F9100006F0A0420AD91CEB040407F1FF3380F083
:10F920009C80A04240F29980023F6444241A1FFA4E
:10F9300088F3B4FBF2F002FB104443EA044300FBFB
:10F9400006F69E4209D91CEB030300F1FF3480F058
:10F9500082809E427FD90238634440EA0740A0FB80
:10F9600009749B1BA3423E46A04664D361D0BEF1FE
:10F97000000F0AD0BAEB060263EB080303FA05F5A1
:10F98000CA401543CB40CEE9005300213FE773083E
:10F9900043EAC1734A08190C41EA02414FEAC67CA6
:10F9A0009BB2B2FBF4F02646A04627461F2243EA4C
:10F9B0000143B1FBF4F1A3EB080341EA004158E72E
:10F9C0002946FFE6284615E71A46C3F120019C4068
:10F9D00026FA01F320FA01F190400343270C06FABE
:10F9E00002FCB1FBF7F0A6B207FB1015190C41EAB7
:10F9F000054100FB06F58D423BD9611801D28D42CD
:10FA000020D8491B0138B1FBF7F5019505FB06F835
:10FA1000019D9BB207FB151143EA0143434526D2E2
:10FA2000E31805F1FF31C6D24345C4D2A91E2344D1
:10FA3000C1E7BA459BD2B7EB090664EB0C04013869
:10FA4000A04694E7651B29440238B1FBF7F5019500
:10FA500005FB06F8DCE720467FE71F4666E7084619
:10FA6000F4E6A44402382FE7023D234415E7019948
:10FA7000A1E7491BB1FBF7F5019505FB06F8C7E7C0
:10FA8000704700BF024B0146186800F00BB800BF7A
:10FA9000D86D0220024B0146186802F09BBC00BFE3
:10FAA000D86D02202DE9F04F01F10B02162A85B026
:10FAB000804624D8102900F2AB8000F0C9FA022554
:10FAC00018211022B74C2144A1F108004E6886424B
:10FAD00000F062817268F168B46822F00302324477
:10FAE000E1608C60516841F001014046516000F0D6
:10FAF000B5FA06F10804204605B0BDE8F08F32F0F3
:10FB0000070200F18580914200F28280019200F0AC
:10FB10009FFA019AB2F5FC7FC0F0BA81570A7FD0F4
:10FB2000042F00F27281970907F139052BB207F112
:10FB3000380CDB009B4C2344A3F108065B689E4213
:10FB400007D10DE00028DF6880F21381BE4207D0A4
:10FB50003B46596821F00301881A0F28F2DD6546FB
:10FB6000236991498B4200F0F1805E6826F003061C
:10FB7000B11A0F2900F391818B480029C4E90400D0
:10FB800080F27981B6F5007F676880F01981F1080D
:10FB900001310FFA81FC76090121B14054F83C0093
:10FBA00098600F4304EBCC010839D960676044F8D2
:10FBB0003C30C360AB1001269E40BE4236D83E4268
:10FBC00006D125F0030576003E4205F10405FAD082
:10FBD00004EBC50A04EBC507A946F9680EE04868BE
:10FBE00020F0030EAEEB020CBCF10F0F0B46C96800
:10FBF00000F31881BCF1000F80F22D818F42EED10D
:10FC000009F1010919F0030F07F10807E5D17FE1B8
:10FC10000C23C8F800300024204605B0BDE8F08F62
:10FC20004FF4007340254FF03F0C83E7A7687968D5
:10FC300021F0030393429A4603D3991A0F2900F344
:10FC400087805A495A4E0968103111440820CDE97D
:10FC5000011202F06BF801994B1E034445428346A2
:10FC600030681D40B0F1FF3F18BF29464046019162
:10FC700002F000F8411C0546DDE9011200F02B817D
:10FC800007EB0A0C844500F224814A4B186800EB0C
:10FC900001090BF1FF3EC3F8009000F08981306844
:10FCA00001301BBFA5EB0C0C09EB0C003560186094
:10FCB00015F00700814600F04881C0F108000544B6
:10FCC000CDE901236B1803EA0E015844401A00EAFB
:10FCD0000E06314640469B4601F0CCFF421CDDE952
:10FCE000012300F09581401B304440F00101186869
:10FCF000A56000EB0609A7426960C3F8009017D021
:10FD0000BAF10F0F40F25E81AAF10C0121F0070C4D
:10FD1000796801F0010141EA0C017960052607EBE1
:10FD20000C01BCF10F0FC1E9016600F26381696843
:10FD3000214B1E684E4538BFC3F800901F4B1E680C
:10FD40004E4501D2C3F800902F46C6E0676831E700
:10FD5000BD1841F0010142F001027A604046A56001
:10FD6000696000F07BF907F10804204605B0BDE8A2
:10FD7000F08F9A6801931944D760BA604A6842F0DC
:10FD8000010240464A6000F069F9019B03F1080452
:10FD9000204605B0BDE8F08FCE68B1427FF49AAE40
:10FDA0000235DDE64860022050600220B0270320C3
:10FDB000C46D022080270320A8270320AC2703203E
:10FDC000B6F5206F4FEA56207CD3142800F2D3807A
:10FDD00000F15C0109B25B30C90004EB010C615811
:10FDE000ACF1080C8C4503D1A8E089688C4504D09F
:10FDF000486820F00300B042F7D8D1F80CC0C3E93E
:10FE0000021CCCF80830CB60D4E6142F72D9542FE2
:10FE100000F2BA80170B07F16F052BB207F16E0CD9
:10FE2000DB0087E69D1842F001025A609E68864A10
:10FE3000F1608E60C4E90455C5E902224CF001026C
:10FE40006A60404643F80EC0019300F007F9019B39
:10FE500003F10804E0E69E441C46DEF8043043F05B
:10FE60000103CEF8043054F8083F4046D9608B6057
:10FE700000F0F4F8D0E61E4440467268019342F068
:10FE80000102726000F0EAF8019B03F10804C3E686
:10FE9000D508691C09B2C90014E69D1842F0010298
:10FEA0005A60694A0193C4E90455C5E9022241F048
:10FEB00001026A604046995100F0D0F8019B03F1BD
:10FEC0000804A9E6B00900F1390109B23830C900C7
:10FED00083E7A74263D0A768796821F003009042C6
:10FEE000A0EB020102D30F293FF732AF404600F0EA
:10FEF000B5F890E607F15C052BB207F15B0CDB006F
:10FF000018E6514651F808398B428A4640F09A80EB
:10FF100015F0030F05F1FF35F3D1636823EA0603FB
:10FF2000636076009E423FF681AE1EB97EE67600A3
:10FF300009F104091E42FAD04D4649E68010012617
:10FF400006FA00F00743676059E7CDE902236B1812
:10FF500003EA0E01ABEB010606EA0E063146404607
:10FF6000019301F087FE431C019B04BF4E461846D7
:10FF7000DDE90223B7E6542827D8300B00F16F01E2
:10FF800009B26E30C90028E7B7F5AA7F27D8D70B8A
:10FF900007F178052BB207F1770CDB00CAE52B4B94
:10FFA000186800EB01090BF1FF3EC3F8009076E6FC
:10FFB00015EA0E0F7FF473AEA568514441F00101BC
:10FFC0006960B5E601236B6090E7B0F5AA7F25D89C
:10FFD000F00B00F1780109B27730C900FDE640F27C
:10FFE00054539F4224D8930C03F17D0503F17C0CFC
:10FFF000EB009FE507F108014046CDE9012302F03F
:02000004600199
:10000000E9F9A568029B6968D3F80090019A8FE628
:10001000A9F108010BEB0100002664E640F25451FF
:1000200088420BD8B00C00F17D01C9007C30D4E6C9
:100030004FF47E737F254FF07E0C7BE54FF47E718D
:100040007E20CAE663686CE75060022080270320A8
:10005000014801F067BE00BF78270320014801F086
:1000600063BE00BF78270320DFF80CC00A460146B4
:10007000DCF8000000F002B8D86D0220002900F082
:100080009F802DE9F04383B00C4600928046FFF735
:10009000DFFF009901F10B03162B60D81023994262
:1000A00060D854F804EC2EF003029A42A4F108053B
:1000B00065DAB348806805EB020C6045DCF8046043
:1000C00000F0908026F0010060444068C0076CD4C6
:1000D00026F00306901983424CDD1EF0010F0FD16C
:1000E00054F8080C281A0746406820F0030006441C
:1000F0001644B34240F3EF801618B34240F3C98070
:100100004046CDE90023FFF7CDFCDDE9002306469C
:10011000002800F0178154F8041C21F00101294443
:10012000A0F1080C614500F0AE80043A242A00F2E8
:10013000CE80132A00F29C80034622461168196083
:100140005168596092689A602146404602F042F92F
:100150004046FFF783FF304603B0BDE8F08333F03D
:1001600007039CD50C23C8F800300026304603B0A6
:10017000BDE8F0830246DCE90201C160886069687D
:10018000D01A0F2801F0010105EB02061BD811431C
:100190006960736843F0010373604046FFF75EFFD8
:1001A0002646304603B0BDE8F0831EF0010FA7D10C
:1001B00054F8080C281A0746406820F003009BE713
:1001C0001146FFF76FBC19436960E91840F0010060
:1001D0004860736843F0010308317360404602F0E1
:1001E000F9F8DAE726F00306B01803F1100C6045C1
:1001F00080F28B801EF0010F82D154F8080C281A6F
:100200000746406820F0030006441644B445B14652
:100210003FF772AF3E46F96856F8080F043A242AB1
:10022000C160886000F2A580132A40F2A080216896
:10023000B9606168F9601B2A00F2A480083407F1F4
:1002400010022168116061685160A1689160F9181D
:10025000A9EB03024A4D42F00102A9604A607A68A4
:1002600002F00102134340467B60FFF7F7FE98E778
:1002700023680360636843601B2A3BD804F10802CB
:1002800000F108035AE750F8041C21F003010A4466
:1002900075E7043A3D46F96855F8080F242AC1600D
:1002A000886020D8132A1CD92168B9606168F96078
:1002B0001B2A3DD8083407F11002216811606168DB
:1002C0005160A16891602C4632463D4657E7214671
:1002D00001F044FB38E7DCE90201043AC1608860C0
:1002E000D8E72A46E9E721462846009301F036FB85
:1002F000009BE8E7A3688360E368C360242A25D0F5
:1003000004F1100200F1100318E71D4A1D44956026
:10031000C21A42F001026A6054F8042C02F0010291
:100320001343404644F8043CFFF798FE264638E75E
:10033000A1683961E1687961242A10D0103407F18D
:100340001802BAE74046FFF789FE0EE7236903610A
:100350006169416104F1180200F11803EEE62269B7
:10036000BA616269FA61183407F12002A5E73246E2
:1003700067E721463046009301F0F0FA009B66E7FC
:1003800048600220A1683961E1687961242A03D0BC
:10039000103407F1180254E72269BA616269FA6100
:1003A000183407F120024CE72DE9F04F2DED068BB4
:1003B000804697B0184600240023CDE904348946CE
:1003C0000021924612914A461192164612F8013BBC
:1003D0002D2B5FD801A151F823F000BF5DDC000098
:1003E000E5DA0000E5DA0000E5DA0000E5DA000011
:1003F000E5DA0000E5DA0000E5DA0000E5DA000001
:1004000019DA000019DA000019DA000019DA000020
:1004100019DA0000E5DA0000E5DA0000E5DA0000AC
:10042000E5DA0000E5DA0000E5DA0000E5DA0000D0
:10043000E5DA0000E5DA0000E5DA0000E5DA0000C0
:10044000E5DA0000E5DA0000E5DA0000E5DA0000B0
:10045000E5DA0000E5DA0000E5DA000019DA00006C
:10046000E5DA0000E5DA0000E5DA0000E5DA000090
:10047000E5DA0000E5DA0000E5DA0000E5DA000080
:10048000E5DA0000E5DA0000FBDE0000E5DA000056
:100490000FDF000000220692302B00F08280002245
:1004A00007922F2B40F2C5844FF0000B1F463046B9
:1004B0005D465C4616E0082CC8BF0BEB8B0B00F1C9
:1004C0000100C8BF03EB4B031190C8BFA3F1300B71
:1004D0000378D8BFA2F130052F2B04F101041F4689
:1004E00040F3A28005EB8502392B03EB4202E2DDEB
:1004F000B3490893012201F007FB002860D1119A4B
:10050000531C119351781A460846002C40F0DB80AA
:10051000302840F00F8513460022013311931878DC
:100520003028114602F10102F7D0A0F13104082C65
:1005300000F2AE818A1C0992A0F1300C1E464FF0E9
:10054000000E012405EB85050CEB45050022013367
:1005500011931978A1F13000092802F1010700F286
:1005600035848446002800F0FB860999012F394420
:10057000099100F0F886671C394606E04500013114
:10058000081B0138824240F34484481E082805EBCA
:100590008500F3DD0BEB8B0040001029D8BF8346AC
:1005A000EDE7737803F0DF03582B00F0D7830136B3
:1005B00011963378302BFAD06BB10122079270E795
:1005C000089B652B1AD0452B18D0002C32D1079BE5
:1005D000002B00F0B7809FED788BBAF1000F02D0AE
:1005E000119BCAF80030069BBBB1B1EE488BB0EE50
:1005F000480B17B0BDEC068BBDE8F08F002C72D114
:10060000A6460994079B002B40F0BB829FED6A8BA6
:10061000BAF1000F01D0CAF80090B0EE480B17B045
:10062000BDEC068BBDE8F08F6549012201F06CFA44
:10063000002844D007EE905AB8EE677B092C8DED68
:10064000047B40F3A3820022102C23460892A8BF0B
:100650001023A646914609925A4A02EBC30212EDB4
:10066000125B06EE90BA0F2CB8EE666BA5EE076B28
:100670008DED046B00F3AC80089A002A00F08682AE
:10068000089A40F36E82162A40F31E840899C4F13A
:1006900025028A42C0F29C804A4BC4F10F040A1B17
:1006A00003EBC40403EBC20394ED008B93ED007BDA
:1006B0009DED046B28EE068B28EE078B8DE7119AD3
:1006C000531C11935178A1F13002092A00F2D58010
:1006D0000992A646002A00F040860121DDF824C0D8
:1006E0000991224697E30022CDE90822119BA646F4
:1006F000591C11915F782B2F00F0BC802D2F00F03A
:10070000B3804FF0000CA7F13009B9F1090F36D8CA
:10071000302F119940F0D880013111910F78302F8E
:10072000FAD0A7F13100082840F2CC804FF0000940
:100730005CBB079911437FF44EAF089A002A40F042
:10074000F4839946692F00F0CF8300F3C883492FC3
:1007500000F0CA834E2F7FF459AF1B4911A802F055
:1007600099FA00283FF452AF119B1B78282B00F018
:100770002385164801F088FDB0EE408B2DE71193DC
:100780004FF00009D4E74FF0000907EE905A099B9B
:10079000B8EE677BA9EB0303BEF1000F08BFA646C6
:1007A000102C08932346A8BF1023092C8DED047B41
:1007B0003FF752AF60E700BF0000000000000000FC
:1007C000A8D70020A802002088DE0020B0D2002098
:1007D000089AE31A1344002B40F3998023F00F0288
:1007E00013F00F0340F00683B2F59A7F00F3928373
:1007F000102A4FEA221300F0F38455489DED047B44
:100800000021024613F0010F01F101014FEA6303D9
:1008100003D092ED006B27EE067B012B02F108025C
:10082000F0D18DED047B059BA3F15473059300EB90
:10083000C1009DED046B90ED007B464B27EE067BDF
:1008400017EE902A444913408B428DED047B00F251
:100850006183A1F580118B4240F262843F4B4FF0DF
:10086000FF32CDE9042354E04FF0010C991C1191A3
:100870009F7848E74FF0000CF8E701F0DF014529C9
:100880007FF4D8AE00220121A646099208912FE7F5
:1008900000F0DF0045287FF49EAE4FF0000E0121EE
:1008A000CDF824E07446089122E700230693721CD9
:1008B00011927378002B3FF4A9AE1646ECE50123A4
:1008C0000693F4E7A7F13009481C11904F782F2FB9
:1008D000C8BF0C9307DCC1E20130119007782F2FBD
:1008E000A3F1300905DD09EB8903392F07EB430339
:1008F000F2DD401A08280C9B40F3B08244F61F69D1
:10090000BCF1000F3FF414AFC9F1000910E740F04B
:10091000AB8200230793009523467246314640463A
:1009200002F062FB8346002800F0F482089A099BDB
:10093000CDF83CA0002AA3EB0903A8BF002309932C
:100940004FF0000922EAE2730C934C46CCE000BF62
:10095000800200200000F07F0000A07CFFFFEF7FFE
:10096000991A1F3B9A42A5EB0105C0F27981012239
:1009700002FA01F30A9300230D932F44079B554479
:10098000AA4552461F44A8BF2A46BA42A8BF3A46C3
:10099000002A03DDAD1ABF1AAAEB020A099B002B3D
:1009A00000F30381002D00F31A81089B002B00F354
:1009B0004D81002F00F33D81BAF1000F08DD214683
:1009C0005246404602F01CFD0446002800F03A81E1
:1009D00012993246404602F0A9FD8146002800F0F7
:1009E00031810023C768C360214602F07FFD0028E3
:1009F000C0F29B83059D00F036832146484602F0F5
:100A000047FFB0EE007BB4EEC70BF1EE10FA00F238
:100A1000C080002F40F02C81049B002B40F0C88147
:100A2000C5F31303002B40F05781B7EE007BB4EE03
:100A3000C70BF1EE10FA00F1D082B6EE007B20EE8B
:100A4000077BB0EE47ABB1EE477BBD48DFF808C38C
:100A50002840604553EC172B00F00F810799F1B146
:100A6000B0F1D46F1BD89FEDB06BB4EEC6ABF1EE16
:100A700010FA11D8BCEECA7B17EE103A012B38BF22
:100A8000012307EE103AB8EE477BB0EE47AB0FB943
:100A9000B1EE477B53EC172B03F1D6610B1AB0EE86
:100AA000480B43EC192B0A9002F000FEA9EE008BD4
:100AB0008DED048B18EE905A0A98079B23B9A04B32
:100AC0002B40984200F00F811299404602F030FA14
:100AD0003146404602F02CFA2146404602F028FA00
:100AE0004946404602F024FADBF80410404602F082
:100AF000F5F90646002800F0A580DBF81020023248
:100B000092000BF10C010C30FCF70EFF9DED048BF5
:100B100014AA13A94046B0EE480B02F059FE1290F9
:100B2000002865D00121404602F01CFB0446002845
:100B300000F08880139A002A76DB099B0C9F02EB59
:100B4000030A079B149DD21A2A447E4B013A9A420B
:100B5000C5F13605FFF604AF00230D9301230A9378
:100B60000BE71632FFF634AE099BA3EB0909764B6F
:100B700003EBC90393ED007B9DED046B86EE078BC1
:100B80002BE508940024119B2246B1E59DED048BD2
:100B900023E5B6EE007B20EE077BB0EE47AB002FDF
:100BA0007FF453AFB1EE477B4FE721461A464046EC
:100BB00002F0CAFB04461298D4B1024621464046D0
:100BC00002F0FEFA0246129892B1014640460E9299
:100BD00002F0AEF90E9A1292002D7FF7E6AE12994E
:100BE0002A46404602F00CFC129000287FF4DDAE4D
:100BF000DDF83CA09FED4E8B2223C8F80030014663
:100C0000404602F095F93146404602F091F92146FE
:100C1000404602F08DF95946404602F089F94946AE
:100C2000404602F085F9D8E40C9BDDF824A09F1A19
:100C300087E731463A46404602F0E2FB0646002886
:100C40007FF4BAAEDDF83CA01298D3E731460C9A97
:100C5000404602F079FB064600287FF4AAAEF1E791
:100C60003A49891A012202FA01F30D930A9284E6A5
:100C7000B7EE007BB0EE47ABE7E6A5F15473059302
:100C80009DED046BB0EE460B8DED0A7B8DED046B94
:100C90000D9002F00BFD9DED046B9DED0A7B284944
:100CA000A0EE076B16EE905A294B0D9829409942F9
:100CB0008DED046B40F29A8018EE902A03F1547384
:100CC0009A4203D118EE103A0133BBD0214B4FF0BA
:100CD000FF32CDE90423F7E6B7EE006BBFEE007BF1
:100CE000B0EE46ABB1E651EC1A0B09F0C5FEFEF7CB
:100CF000F1FC049B41EC170B1F43C5F313052F4375
:100D00003AEE477B44D19FED0C6BB4EEC67BF1EE1F
:100D100010FA7FF5D9AE9DED048BDDF83CA012985A
:100D20006DE700BFAFF300800000C0FFFFFFDF41B1
:100D3000000000000000F07F9535A094FFFFCF3F3A
:100D40000000F07F02FCFFFFA8020020E2FBFFFF93
:100D5000FFFF9F7CFFFFEF7F0000E07F069B01937A
:100D600012AB02900093AC4A13AB11A9404601F0BC
:100D700099FC10F00F0504463FF42DAC062D40F011
:100D8000E880013600239FED9C8B1196069324E4A6
:100D90009FED9B6BB4EEC67BF1EE10FABBD49FEDDA
:100DA0009A6BB4EEC67BF1EE10FA7FF78DAEB2E728
:100DB000049B012B90D1002D8ED1DDF83CA0129820
:100DC00022239FED8D8BC8F8003018E701F0DF017A
:100DD000452900F0A380002C7FF4D5AC079B1A4373
:100DE0009FED858B3FF414ACFFF7F7BB05F154750D
:100DF000059562E6894901EBC3039DED046B93ED14
:100E0000007B27EE067B8DED047B002A3FF481AD4D
:100E1000EAE4013A3A44082A02F101047FF792AB6E
:100E2000102CDCBF0BEB8B0B0CEB4B0B0022FFF7FA
:100E30008EBB7B490122304600F066FE40B9119A14
:100E4000134601321192834605465878FFF760BB7E
:100E5000079B002B3FF4DAABFFF7BDBB44F61F61E5
:100E60008945A8BF89464BE55B421A1113F00F0371
:100E70000DD06A4901EBC3039DED046B93ED007B3C
:100E800086EE077B8DED047B002A3FF442AD1F2ADE
:100E900000F3418112F0100318BF6A2307939DED00
:100EA000047B604B01E052100833D00703D452108A
:100EB0000833D107F7D593ED006B521027EE067B70
:100EC00000F0B8800833F4E7544B03EBC20393ED12
:100ED000008B9DED047B28EE078BFFF77EBB6E2F0A
:100EE0003FF43BACFFF792BB4F4911A801F0D2FE93
:100EF00000283FF48BAB119B4C49013B11A8119387
:100F000001F0C8FE10B9119B013311939FED408B86
:100F1000FFF763BB2223C8F80030F7E7002C00F08E
:100F2000EA8101210891FFF7E3BB9FED338B9946DE
:100F3000FFF76EBBA0F13103082B55D920F020003C
:100F4000452885D14FF0000ECDF824E00124FFF7AD
:100F500059BB129A3AB1352114A802F0CBFC129970
:100F6000404601F0E5FF013D042D00F2FE81DFE87F
:100F700005F0032E2B200300149B0493139B03F214
:100F80003342159B23F4801343EA02530593E4058F
:100F900002D543F000430593254A1A409DED048B8A
:100FA000002A7FF41AAB00F08DFE22230360FFF7C6
:100FB00014BB4FF0FF326FF00043CDE90423E3058B
:100FC0007FF5E4AD059BE4E7194B0593F7E7DDE911
:100FD0001412159BCDE90412D9E7B6EE006BBEEEF4
:100FE000007BB0EE46AB30E5134601220992FFF7D5
:100FF000A3BA00BFAFF300800000000000000000B3
:101000009535A094FFFFDF3F35E5AF350000E03FA9
:10101000000000000000F07F4CCE0020A80200205D
:10102000A8D70020500400207CDE002080DE0020B5
:101030000000F07F079B8DED047B002B65D017EE41
:10104000900AC0F30A51C1F16B03002B5DDD1F2B29
:1010500052DD342B049240F3FE804FF05C73059315
:101060006A23079357E40A9ADDF834C0DDF83CA000
:10107000B349C5F31303002F00F08C808B4200F0BE
:10108000DD80BCF1000F00F0D4801CEA050F2FD0EA
:10109000B0EE480B02F00AFB079B002B00F0128118
:1010A000C5F30A53C3F16B03002B40F353811905B9
:1010B00001F17F53002203F5401343EC172BA0EE00
:1010C000078B9FED9B7B9F4B28EE078B18EE902A9A
:1010D0001340002B7FF423AE2223C8F800301EE615
:1010E000BCF1000F00F085801CEA050F40F0848001
:1010F000079B002BE5D112E64FF0FF329A4017EE26
:10110000103A134004939DED047BB5EE407BF1EE65
:1011100010FA7FF400AC2223C8F80030FFF75BBA66
:1011200002F154730593FFF7F4BBDDE904120F439A
:10113000DDF83CA0DCD1C2F313031546002BD7D158
:1011400022F000473F0D3F05B7F1D66FD0D9D9F84F
:1011500014301BB9D9F81030012BC9DD49460122E2
:10116000404602F04DF92146814602F0BFF90028C1
:10117000BEDD079B002B00F08180A7F580176FEA8A
:1011800017536FEA035305934FF0FF3304939DED1C
:10119000048B96E743BBDDE90401034600289FD199
:1011A000079B002B6AD0674F2F40B7F1D66FE4D86A
:1011B000B7F15C7F85D802E6634911A814AA01F053
:1011C00089FD05287FF4D5AA159B43F0FF4343F41E
:1011D000E0030593149B04939DED048BFFF7FDB989
:1011E0005A480021FFF71FBBBCF1000F7FF47CAF12
:1011F000049B1A423FF47CAFB0EE480B02F056FA63
:10120000079B93B3C5F30A53C3F16B03002B76DD41
:10121000190501F17F53002203F5401343EC172B0E
:10122000A0EE478BB5EE408BF1EE10FA7FF449AF9C
:10123000C5E5049B1A423FF45BAF29E7079B04997D
:1012400063BB4F1C31D0BCF1000F61D01CEA050F0D
:101250003FF465AD1CE7C1F14B014FF0FF338B400C
:10126000034005939DED047B4FE738EE408BB5EED0
:10127000408BF1EE10FA7FF452ADA0E5314B12989D
:101280002B40A3F580136FEA13536FEA03530593C2
:101290004FF0FF3304939DED048BB0E4294B2B40BA
:1012A000B3F1D46F12D9481C19D1294B9D4233D0C8
:1012B000244B2B4003F580130593002304939DEDED
:1012C000048B15E7129838EE008B98E41B0DC3F1E0
:1012D0006B034FF0FF3000FA03F39942E5D0BCF105
:1012E000000F04D01CEA050F3FF4EBAED0E611422C
:1012F0003FF4E7AECCE6002A3FF428AE11E638EE24
:10130000408BB5EE408BF1EE10FA7FF4DAAE56E585
:1013100011423FF404ADBBE60131C9D122239FED58
:10132000068B1298C8F8003069E400BFAFF3008064
:101330000000000000005039000000000000F07FB5
:10134000FFFF0F000000F07F60CE00208002002031
:10135000FFFFEF7F38EE008BB3E60122FFF7F7B80F
:101360003A46FFF7F4B8224655E5E50505D54FF0B6
:10137000004305939DED048B15E69FED018B12E66E
:101380000000000000000000014BFFF70DB800BF97
:10139000706B0220242B2DE9F84F42D8012B884690
:1013A00019463ED091464B4A82461E46C646704676
:1013B0001EF8017BD35D13F00803F8D12D2F70D0F8
:1013C0002B2F05BF9EF800709B469B4600F1020E36
:1013D0006FF0004361BB302F4DD00A26314600220A
:1013E000B3FBF6F4104606FB143505E03CD006FBD3
:1013F00000C001221EF8017BA7F1300CBCF1090FDF
:1014000006D9A7F1410CBCF1190F17D8A7F1370C79
:1014100061451CDD571CEDD08442E7D24FF0FF320E
:10142000E8E700F04FFC162303600020BDE8F88FCA
:101430001029D4D1302F27D00E46D0E7A7F1610C68
:10144000BCF1190F03D8A7F1570C6145E2DC511C20
:1014500030D0BBF1000F0CD1B9F1000FE6D0AABB20
:10146000C9F80080BDE8F88F6545C0DA4FF0FF325B
:10147000C0E74042F0E79EF8002002F0DF02582A61
:1014800008D008263146AAE79EF8002002F0DF02C5
:10149000582AD1D110269EF8017031460EF1020E65
:1014A0009DE79EF800704FF0004300F1020E4FF0F0
:1014B000010B8FE72222CAF80020B9F1000F07D0F4
:1014C0000EF1FF381846C9F80080CBE70346F7E76E
:1014D0001846ABE781090020FFF75CBF13460A46B8
:1014E0000146022000F0DEBE024A0349034800F034
:1014F000C9B800BFCC6D02208149010050640220B0
:101500000C4B4168994210B5044601D005F010FF1C
:10151000A168094B994202D0204605F009FFE16815
:10152000064B994204D02046BDE8104005F000BFAC
:1015300010BD00BFB42703201C28032084280320EB
:101540002DE9F843314A324C3249DFF8DC90DFF8BC
:10155000DC80314F1160002504232946082204F164
:101560005C00C4E903352D4EA560C4E90055C4E90B
:101570000555656600F084FA04F15800C4E907498E
:10158000C4E90987E66200F0C9FB2946244B63677A
:10159000082204F1C400C4E91A55C4E91E552567A0
:1015A000C4F8CC50C4F8805000F06AFA04F1680323
:1015B00004F1C000C4F88430C4E92298C4E9247658
:1015C00000F0ACFB174BC4F8DC30294604F59670EC
:1015D0000822C4E93455C4E93855C4F8D850C4F8D1
:1015E0003451C4F8E85000F04BFA04F1D003C4E9D8
:1015F0003D87C4F8F09004F59470C4F8FC60C4F81A
:10160000EC30BDE8F84300F089BB00BFEC280320B4
:10161000B427032039EB000025EE000049EE00005E
:101620000900010012000200BDED0000E5ED000020
:1016300010B504460A4800F075FB636B23B9094BEB
:10164000094A1B68626323B1BDE81040044800F0FA
:101650006BBBFFF775FFBDE81040014800F064BBAD
:101660007C270320EC28032051EB0000014800F008
:1016700059BB00BF7C270320014800F055BB00BFC9
:101680007C2703202DE9F8430746884616464FF08D
:1016900000097568013D11D4B468A389012B08D9EC
:1016A000B4F90E3001332146384602D0C04749EA2A
:1016B0000009013D6B1C04F16804EED13668002E70
:1016C000E7D14846BDE8F8830EB410B59DB06FF081
:1016D00000411FAB049107910B4953F8042BDFF82D
:1016E0002CC00290002406900868019302A9CDF84E
:1016F00014C01B9402F05CF9029B1C701DB0BDE885
:10170000104003B0704700BFD86D02200802FFFFF1
:101710000EB410B59FB021AB002453F8042B1D94D8
:101720004FF40171CDE90023ADF81C10049008902E
:1017300000F03EFD0B49059009900B480C914FF6C7
:10174000FF71019BADF81E10009A0068109404A967
:101750001594039304F04EF91FB0BDE8104003B098
:10176000704700BFE1ED0000D86D022010B50C46B7
:10177000B1F90E1000F068FA002803DB236D034472
:10178000236510BDA38923F48053A38110BD00BF3E
:10179000002070472DE9F0411F46B1F90C30164684
:1017A000DA050C4605460BD423F48053A381B4F923
:1017B0000E103B4632462846BDE8F04100F06CBAB8
:1017C0000223B1F90E10002200F028FAB4F90C300F
:1017D000EAE700BF10B50C46B1F90E1000F01EFA92
:1017E000B4F90C30421C0EBF23F4805343F48053F1
:1017F0002065A38110BD00BFB1F90E1000F0FCB947
:1018000070B5ADF5067D0E46009313464FF4007299
:10181000059206A905AA054600F028F898B10246E7
:10182000059B03903146284600F036FA039A05904E
:1018300006AB9A4204D02846114600F0CBFD05982D
:101840000DF5067D70BD4FF0FF30F9E700B5DFF80C
:1018500018E084461346DEF800005DF804EB0A4603
:101860006146FFF7CDBF00BFD86D022010B59AB01A
:1018700021B1D2F800C0BCF1000F1CD100214FF4FF
:10188000227CADF80CC01991009104914FF6FF7CB9
:1018900002910591144669461A461C9BADF80EC08C
:1018A00002F086F8002814DB009B206000221A70EA
:1018B00004981AB010BD0091049161464FF4C16CB8
:1018C000ADF80CC04FF0000CCDF864C0DEDA8B230D
:1018D000036000201AB010BD032A11D8002A3BD0A3
:1018E000013A431E0139024401E09A4234D013F810
:1018F000010F11F801CF6045F7D0A0EB0C00704745
:1019000010B541EA0004A40784460B460FD0013A03
:10191000431E0139024401E09A421BD013F8010F23
:1019200011F801CF6045F7D0A0EB0C0010BDDCF83A
:101930000040D3F800E074451946604603F1040303
:101940000CF1040CE3D1043A032AF0D8604619469E
:10195000002ADCD1002010BD00207047884270B5FD
:1019600031D98B1883422ED9032A00EB02011DD9ED
:1019700041EA030C1CF0030F1D4618D14FEA920CEC
:101980000CF1FF36A1EB8C048C4653F804ED4CF8B7
:1019900004EDA445F9D1C6EB867301EB830105EB99
:1019A000830CACF10403043902F0030252B102F1DA
:1019B000FF3C6FEA0C0C9C4413F8012D01F8012D3B
:1019C0006345F9D170BD032A50D941EA00039B0752
:1019D0004ED10F2A51D922F00F0301F1100601F167
:1019E000100C103B203100F1100E19445CF8104C23
:1019F0004EF8104C5CF80C4C4EF80C4C5CF8084C53
:101A00004EF8084C5CF8044C4EF8044C0CF1100CE9
:101A10008C450EF1100EE9D1F11812F00C0F0344B1
:101A200002F00F0503F1100325D025F0030CACF1F3
:101A3000040426461A1F1C198C465CF804EB42F875
:101A400004EFA242F9D1043104333144334405F0A8
:101A50000302002AB6D0013A0132013B0A4411F8D0
:101A600001CB03F801CF9142F9D170BD0346F0E7F5
:101A7000013A0346F0E72A46EBE703461546D4E76A
:101A800030B584078646034606D0A2B303F8011B8F
:101A9000980702F1FF32F8D1032A26D95FFA81FCB8
:101AA0000CEB0C2C0F2A0CEB0C402AD922F00F0C5B
:101AB0009C44C3E90000C3E9020010336345F8D138
:101AC00012F00C0F02F00F0417D04FEA940C0CF137
:101AD000FF351A4603EB8C0C42F8040B6245FBD130
:101AE000043304F0030203EB850322B11A4403F824
:101AF000011B9A42FBD1704630BD2246002AF5D127
:101B0000F9E71446E1E700BF8AB340EA01039B0707
:101B100030B504468E4618D1032A07D815E0043A9A
:101B200023D01CF0803F20D1032A26D92368DEF879
:101B30000050A3F10131AB4221EA030C204671466B
:101B400004F104040EF1040EE9D003780C78A342EA
:101B50000FD1013A024406E06BB110F8013F11F8D1
:101B6000014FA34205D19042F6D1002030BD10466E
:101B70007047181B30BD184630BD20467146E4E75B
:101B800010B504460843830701D1032A19D8A44697
:101B900001F1FF3E07E01EF8011F03F8011B501E74
:101BA00031B19C4602466346002AF4D1204610BD5E
:101BB00094440028FAD003F8011B6345FBD120466A
:101BC00010BD0B46A44618681946A0F1013323EA5C
:101BD000000313F0803F01F10403D9D1043A032A32
:101BE0004CF8040BEFD81946D2E700BF014B93F82D
:101BF00010027047706B022038B5074C0023054671
:101C000008462360FCF774F8431C00D038BD2368F5
:101C1000002BFBD02B6038BD9829042038B58C46AA
:101C2000084C114605461A46604600232360FCF71F
:101C30006BF8431C00D038BD2368002BFBD02B6011
:101C400038BD00BF9829042038B58C46084C114691
:101C500005461A46604600232360FCF747F8431CFC
:101C600000D038BD2368002BFBD02B6038BD00BFEF
:101C70009829042038B5074C002305460846236000
:101C8000FCF71CF8431C00D038BD2368002BFBD0A8
:101C90002B6038BD9829042038B58C46084C114675
:101CA00005461A46604600232360FBF7F9F9431CFA
:101CB00000D038BD2368002BFBD02B6038BD00BF9F
:101CC00098290420014B1868704700BFD86D022086
:101CD00070B50E4E0E4DAE4208D0761BB6100024E5
:101CE00055F8043B01349847A642F9D8094E0A4DED
:101CF00008F0FEFEAE4208D0761BB610002455F860
:101D0000043B01349847A642F9D870BDA82700606B
:101D1000A8270060B8270060A8270060704700BFB0
:101D2000704700BF704700BF704700BF082802D14E
:101D30004FF48050704708B5FFF7C4FF16230360C7
:101D40004FF0FF3008BD00BF0000000000000000A1
:101D500002780B78012A28BF9A4240F0D8806DE9BA
:101D6000044540EA0104CDE902676FF0000C4FEA38
:101D700044721AB380EA010414F0070F6BD100F02B
:101D8000070420F0070004F0030521F007014FEAE3
:101D9000C505F0E8042314F0040FF1E804670CFA19
:101DA00005F462EA040266EA04060BD063EA04035F
:101DB000624667EA0407664604E000BFF0E80423D1
:101DC000F1E8046782FA4CF582EA0604A4FA8CF47E
:101DD0006CBB83FA4CF583EA0705A5FA8CF595B937
:101DE00050E9022351E9026782FA4CF582EA0604BF
:101DF000A4FA8CF483FA4CF583EA0705A5FA8CF56E
:101E00002543DBD09CB92DBAB5FA85F424F007043C
:101E100027FA04F1DDE9026723FA04F303F0FF0077
:101E200001F0FF01FDE80445A0EB0100704724BA72
:101E3000B4FA84F424F0070426FA04F1DDE9026719
:101E400022FA04F202F0FF0001F0FF01FDE8044570
:101E5000A0EB0100704714F0030F3CD110F0030415
:101E600028D150F8082B51F8083B82FA4CF582EA49
:101E70000305A5FA8CF55DB950F8042C51F8043C23
:101E800082FA4CF582EA0305A5FA8CF5002DE8D01C
:101E90002DBAB5FA85F424F0070423FA04F122FAE6
:101EA00004F202F0FF0001F0FF01FDE80445A0EBA1
:101EB000010070474FEAC40420F0030050F8082BDB
:101EC00021F0030151F8083B0CFA04F462EA040221
:101ED00063EA0403C9E710F003041DD0A1EB040179
:101EE00020F00300E40750F8042B06D012D28B78C0
:101EF0005FFAA2F4E41A06D12BB1CB785FFAB2F400
:101F0000E41A00D133B920465DF8104B7047A2EBBC
:101F10000300704701F1040150F8042BCC0721F0B5
:101F2000030151F8043B48D824D222F07F4482FABE
:101F30004CF594EA1325A5FA8CF50AD165B951F848
:101F4000043B84EA0204B4EB036F0ED150F8042B77
:101F5000EBE74FEA132355E035F07F454DD1087884
:101F6000FDE80445C0F1000070474FEA126203F03B
:101F7000FF0347E002EA1C4482FA4CF594EA134559
:101F8000A5FA8CF50AD165B951F8043B84EA02043C
:101F9000B4EB034F0CD150F8042BEBE74FEA13439B
:101FA00030E015EA1C4528D10B884FEA124229E09F
:101FB0004FEA124203EA1C4324E002F0FF0482FAD3
:101FC0004CF594EA1365A5FA8CF50AD165B951F878
:101FD000043B84EA0204B4EB032F09D150F8042B2C
:101FE000EBE74FEA13630DE015F0FF0F05D10B6827
:101FF0004FEA122223F07F4304E04FF00000FDE897
:102000000445704712BA1BBA82FA4CF482EA030400
:10201000A4FA8CF5B5FA85F402FA04F203FA04F393
:102020004FEA1260FDE80445A0EB1360704700BF63
:1020300080EA0102844612F0030F4FD111F0030F22
:1020400032D14DF8044D11F0040F51F8043B0BD080
:10205000A3F101329A4312F0803F04BF4CF8043BD5
:1020600051F8043B16D100BF51F8044BA3F10132E3
:102070009A4312F0803FA4F101320BD14CF8043B9B
:10208000A24312F0803F04BF51F8043B4CF8044BCC
:10209000EAD023460CF8013B13F0FF0F4FEA33233D
:1020A000F8D15DF8044B704711F0010F06D011F81C
:1020B000012B0CF8012B002A08BF704711F0020F0A
:1020C000BFD031F8022B12F0FF0F16BF2CF8022BF5
:1020D0008CF8002012F47F4FB3D1704711F8012B18
:1020E0000CF8012B002AF9D1704700BF0000000056
:1020F00001F0FF01102A2BDB10F0070F08D010F8B9
:10210000013B013A8B422DD010F0070F42B3F6D1BC
:10211000F0B441EA012141EA014122F007047FF0D5
:1021200000070023F0E80256083C85EA010586EA2C
:10213000010685FA47F5A3FA87F586FA47F6A5FA68
:1021400087F68EB9EED1F0BC01F0FF0102F0070274
:1021500032B110F8013B013A83EA010313B1F8D11F
:102160000020704701387047002D06BF3546033800
:10217000073815F0010F07D1013015F4807F02BF39
:10218000013015F4C03F0130F0BC0138704700BF8A
:10219000000000000000000000000000000000003F
:1021A000000000000000000000000000000000002F
:1021B00030B490F800F020F007016FF0000C10F040
:1021C000070491F820F040F048804FF000046FF0D1
:1021D0000700D1E9002391F840F000F1080082FAED
:1021E0004CF2A4FA8CF283FA4CF3A2FA8CF34BBBB8
:1021F000D1E9022382FA4CF200F10800A4FA8CF231
:1022000083FA4CF3A2FA8CF3E3B9D1E9042382FAFE
:102210004CF200F10800A4FA8CF283FA4CF3A2FA13
:102220008CF37BB9D1E9062301F1200182FA4CF24B
:1022300000F10800A4FA8CF283FA4CF3A2FA8CF3B2
:10224000002BC6D0002A04BF04301A4612BAB2FAD4
:1022500082F200EBD20030BC7047D1E9002304F0D9
:102260000305C4F100004FEAC50514F0040F91F80E
:1022700040F00CFA05F562EA05021CBF63EA0503AB
:1022800062464FF00004AAE79FED010B704700BFC4
:10229000000000000000F87F9FED010A704700BFBA
:1022A0000000C07FF0B51D4C83B005462068019149
:1022B00016461F46FFF736FD194A0199136823B3E6
:1022C0005A6820681F2A23DC4DB9541C02325C6016
:1022D00043F82210FFF728FD002003B0F0BD03EB08
:1022E000820E0124CEF88860D3F88861944046EAD3
:1022F000040C022DC3F888C1CEF80871E5D1D3F8DB
:102300008C512543C3F88C51DFE7064B1360D7E7A8
:10231000FFF70AFD4FF0FF30DFE700BF646B0220DC
:10232000E0250320E4250320F8B5064608200C46E6
:10233000FFF7FCFC07463046FDF78AFE224A936809
:102340005D6825F00305A5F111031C1B3C44B4FB9B
:10235000F7F4013C07FB04F4A74208DC00213046F7
:10236000FFF788FC184A93682B44984204D0304603
:10237000FDF774FE0020F8BD61423046FFF77AFC9D
:102380000130114A0DD0114993682D1B45F001050C
:102390005D600B6830461B1B0B60FDF75FFE012084
:1023A000F8BD00213046FFF765FC074A9268831AA2
:1023B0000F2BDCDD43F001035360054B03491B6821
:1023C000C01A0860D3E700BF4860022080270320BE
:1023D000C46D0220002965D02DE9F0410C46074666
:1023E000FDF736FE54F804EC7D49A4F1080C2EF0FC
:1023F00001030CEB03028D685068954220F0030046
:102400000EF0010600F08B80151850606D6805F025
:102410000105A846AEBB54F8084CACEB040C2344B1
:10242000DCF8084001F1080E74456BD0DCF80C5064
:10243000E560AC60B8F1000F00F08C8043F0010063
:10244000CCF804001360B3F5007F35D2DA08486891
:102450005C090132012312B2A34003434B6051F8DF
:102460003200CCF8080001EBC203083BCCF80C307A
:1024700041F832C0C0F80CC03846BDE8F041FDF765
:10248000EDBD85B9034401F1080E9068704543F035
:1024900001047AD0D268C2609060CCF804404CF855
:1024A0000330D0E770474EF00102B3F5007F44F8E7
:1024B000042C4CF80330C9D3B3F5206F4FEA5320F6
:1024C0004AD2980900F1390212B200F13804D20060
:1024D00088188A580838904203D15FE09268904289
:1024E00004D0516821F003019942F7D8D068CCE9B3
:1024F0000220C0F808C03846C2F80CC0BDE8F04160
:10250000FDF7ACBDA5BB1844D2E90223D3609A60A5
:1025100040F00103CCF804304CF80000ACE718445C
:1025200046B954F8083CACEB030C1844DCE9022330
:10253000D3609A6040F00103CCF80430294BC1F815
:1025400008C01B68834297D8274B38461968FFF7A5
:10255000EBFE91E7034498E714280FD9542824D8B8
:10256000180B00F16F0212B200F16E04D200AFE757
:1025700043F00101CCF8041013607DE700F15C0228
:1025800012B200F15B04D200A2E7C1E904CCCCE9AD
:1025900002EECCF804404CF803306DE7A4100123A0
:1025A000A3404C6823434B60A1E7B0F5AA7F07D84E
:1025B000D80B00F1780212B200F17704D20087E75D
:1025C00040F25452904206D8980C00F17D0200F17E
:1025D0007C04D2007CE74FF47E727E2478E700BF53
:1025E00048600220C86D0220B02703202DE9F04189
:1025F000D0F810E0BEEB611F05DC0023036100236F
:102600004361BDE8F08100F114044E1111F01F0C7C
:1026100004EB8E0504EB860327D054F82610043310
:102620009D4221FA0CF137D9CCF1200827461A68CF
:1026300002FA08F20A4347F8042B53F8041B9D42A0
:1026400021FA0CF1F3D8AEEB060E4FEA8E0EAEF186
:10265000050E4FEA9E02231D2EF0030E43F82210B2
:102660009E4489B10EF1040E0EE09D4288BF00F138
:102670001002C2D953F8041B42F8041F9D42F9D836
:10268000AEEB060E04EB8E0EAEEB04039B10A645DC
:102690000361B4D0BDE8F08141610029ADD0A64608
:1026A000E0E700BF2DE9F04F8946096892468A7835
:1026B00085B0302A0090029340F01C82CB1C1A781F
:1026C000302A1C4603F10103F9D0A4EB0108A8F15C
:1026D0000208B04EB35C002B00F0EE802378F25C71
:1026E00000231D46002A00F06F81274617F8012FAE
:1026F000B25C002AFAD1A849019301223846FFF7BB
:1027000003FA019B834600284FD03A78002D00F051
:10271000C781A5EB070B4FEA8B0B02F0DF02502AB3
:102720003D464FD0C9F80070002B74D12A1B013AE6
:10273000072A194604DD5210072A01F10101FADCCB
:10274000009800F0CBFB8146002800F0988200F151
:102750001407AC42019780F00082A1464FF00008B8
:10276000039000240CE0202C19D0214604342A7850
:10277000B25C02F00F028A4048EA02084D4553D08D
:1027800015F8012D2E2AEED14D45ECD382490122B8
:102790002846FFF7B9F90028F0D0202CE5D1002118
:1027A00047F8048B04248846E1E7002D00F095816A
:1027B0003A7802F0DF02A5EB070B502A4FEA8B0BA9
:1027C0003D46AFD16A782B2A00F068812D2A40F06F
:1027D000E5800120AA78B15C4A1E182A05F102079B
:1027E00000F2E5807A78B25C1039013752B90BE01B
:1027F00001EB810102EB4102A2F1100117F8012F58
:10280000B25C0AB1192AF3DD00B149428B44C9F820
:102810000070002B8AD0B8F1000F0CBF06240024F2
:10282000204605B0BDE8F08FDDF80C9047F8048B2A
:10283000019BFF1ABB104046C9F8103000F028FC7D
:10284000DAF80050C0EBC700A84255DCC0F22A817C
:10285000DAF808305B45C0F21881DAF804309B459D
:1028600080F2A780A3EB0B0BAB4570DA0BF1FF34C2
:10287000002C40F0858126466311019A04F01F0464
:1028800052F823200123A3401342A5EB0B05594620
:10289000484600F08481FFF7A9FEDAF80C40DAF828
:1028A00004B0022C00F03981032C00F09281012C3D
:1028B00000F08B8112247DE0374901222046FFF78A
:1028C00023F90346002840F081806278B15C651CE2
:1028D00000297DD0302A2C4640F07D8114F8013F3C
:1028E000302BFBD0F25CB2FA82F34FF001085B09A7
:1028F000002A7FF4FAAE67E0441B2146484601F007
:1029000027F8064678B1621E53110199012651F845
:10291000231002F01F0306FA03F30B4203D0B24266
:1029200000F33481022621464846FFF75FFEDAF8BD
:102930000830A3445B45C0F2A880DAF804305B4558
:1029400040F3DC80A3EB0B0B5D4500F30A81DAF862
:102950000C20022A44D0032A00F02B81012A42D104
:10296000AB4540D1BBF1010F08D00BF1FF31484618
:1029700000F0EEFF002836D0DAF8043002990B6040
:10298000019B0122C9F810201A600E9B6224C3F833
:10299000009045E720080020A8D70020B15C4A1E1F
:1029A000182A05F101074FF000007FF61BAF2F46F4
:1029B000B8E601240E9BC3F80090029B2046C3F8A2
:1029C00000B005B0BDE8F08F274694E62278254692
:1029D00002F0DF02502A00F0E880C9F800501AE740
:1029E0000F9A002ACAD00098494600F0A1FA502454
:1029F0000E9A00232046136005B0BDE8F08FD9F889
:102A000008309E4280F2EA8009EB8602731C0121A5
:102A1000022CC9F81030DDF80480516100F0CE803E
:102A2000002B40F3008108EB830409F11801D9F869
:102A300014308C424FEA530340F2158140460A6835
:102A400043EAC27340F8043B51F8043B8C424FEA1E
:102A50005303F4D8A4EB0902193A08F104019008D1
:102A600022F0030241F820300A4403B10432A2EB01
:102A700008039B104245C9F8103000F0D780DAF8FF
:102A800008300BF1010B5B4565DA0098494600F010
:102A90004FFA0E9A0023A3241360C1E6002099E6A2
:102AA000AB463AE62C1A49460098224600F0A8FCAC
:102AB000DAF80830ABEB040B9B458146E5DCDAF82D
:102AC00004309B45BFF675AFA3EB0B0B00F114026E
:102AD000AB450192BFF63BAFC8E67A78B15C7D1C8E
:102AE0002F4600293FF419AE17F8012FB15C0029D9
:102AF000FAD10EE68C1C4FF00008EAE50124002E06
:102B00003FF458AFDAF80C30022B06D0032B08D074
:102B1000012B2DD044F010044CE70F9BC3F10103AF
:102B20000F930F9B002BF5D0019AD9F810609046B7
:102B300002EB8600002104E042F8041B90427FF67D
:102B40005EAF13685F1CF7D00133022C136035D0E1
:102B500015F01F056ED121242CE7019F4FF00008CE
:102B600064E60BF1FF34002E3FF482AE012683E6CB
:102B7000B207CFD5019B1B681E43F307D4D4C9E726
:102B80002146484600F0E4FE064675E6A11E48468A
:102B900000F0DEFE00283FF4C5AE0326C3E6FFF7D3
:102BA00025FD0224DAF804B0A9E74FF0000B012359
:102BB00008E60F9A002A7FF4E1AE14E7DAF8003055
:102BC000013BAB4243D02224F4E646F00206022445
:102BD000D0E70224A5E74FF0010886E5D9F80410F4
:102BE0000098013100F07AF90746002841D0D9F861
:102BF000103002339A0009F10C010C30FAF794FE00
:102C00004946009800F094F93B69012107EB8302E3
:102C1000022C0B443B6107F114085161B946CDD039
:102C20009E4295DAFCE60023C9F810300023C9F86B
:102C3000143024E708EB8606C5F1200556F8040C8D
:102C400000F026FAA84286DAD9F81030E8E66B11CF
:102C500005F01F0558F823200123AB40134214BF91
:102C600021242224A6E6C8F80030002BDBD04246FF
:102C7000FCE6064B06483A46842104F065FD034B0A
:102C800003484A46E42104F05FFD00BFD0DE002087
:102C9000E4DE00200139036811F8012F03F1010C73
:102CA000A2B100B502E011F8012F5AB11CF8013BA6
:102CB000A3F1410EBEF1190F98BF20339342F2D019
:102CC000002000BDC0F800C0012000BDC0F800C059
:102CD000012070472DE9F04F0B6815465A1105EB9E
:102CE000820213F01F0385B00CBF904602F1040866
:102CF000009382460CBF131F13460268002048F859
:102D0000040C5178002900F0B3801C469C46CDF895
:102D100004A00B46654E86460132814682464746F0
:102D2000214610E0202B00F29D80504508DDA4458F
:102D300002D2BEF1070F68DD65455DD34FF0080E86
:102D400012F8013FCBB116F80380B8F1000FE9D0BB
:102D50000EF1010EBEF1080F00F1010041DCDCF8BC
:102D600000304FEA031B08F00F0848EA0B03CCF8C9
:102D7000003012F8013F002BE5D1B8460B46002881
:102D800076D0A44502D2BEF1070F79DD65455AD24F
:102D9000291F624652F8040B41F8040F9A42F9D9F0
:102DA000A3EB0C02591C22F003020CF1010C8C4520
:102DB00088BF0022291D0A440020114604329A428D
:102DC0000860FAD958F8041C19B106E053F8042D2C
:102DD0001AB99D42FAD101232B60052005B0BDE848
:102DE000F08F6545ACD24CF8049C4FF0000BACF171
:102DF000040C4FF0010EB6E7ACF104044CF8049C4F
:102E00008246A4464FF0000E9AE7CEF1080E4FEA34
:102E10008E0ECDE902C7DCF80030E046CEF1200B83
:102E20009446D8F8042002FA0BF71F4322FA0EF357
:102E3000C8F8007048F8043FA045F2D36246039FEB
:102E4000DDF808C078E7009A58F8041C002ABBD0C7
:102E5000C2F120024FF0FF3020FA02F2114048F890
:102E6000041CB1E7292BDDF804A0B8460B4603D0BB
:102E7000042005B0BDE8F08F0132CAF800207EE7DB
:102E8000CEF10802DCF800109200C2F1200E664676
:102E90000846776807FA0EF1014327FA02F031601D
:102EA00046F8040FA642F4D370E700BF20080020C4
:102EB00082B049B15AB16BB113780B601278101E11
:102EC00018BF012002B0704701A9002AF3D11046B3
:102ED00002B070476FF00100F4E700BF30B5436CFB
:102EE00083B005460C4653B153F8240088B10268FC
:102EF00043F824200023C0E9033303B030BD21226E
:102F0000042104F041FC034668640028ECD1002051
:102F1000F3E7012101FA04F35A1D920028460193B8
:102F200004F032FC0028F2D0019B44608360E1E7AA
:102F300031B1436C4A6853F82200086043F822100C
:102F4000704700BF2DE9F0410E6917460D461C463B
:102F500001F114024FF0000E11688BB207FB03431E
:102F60004FEA134C090C07FB01CC0EF1010E9BB28A
:102F700003EB0C43764542F8043B4FEA1C44EBDC80
:102F80003CB1AB68B34207DD05EB860301365C61FB
:102F90002E612846BDE8F081696801318046FFF75F
:102FA0009DFF0746B0B12A69023205F10C0192007B
:102FB0000C30FAF7B9FCD8F844306A6853F822109C
:102FC000296043F822503D4605EB860301365C61DB
:102FD0002E61DEE7024B03483A46BA2104F0B4FB07
:102FE000D0DE002048DF00202DE9F843092B089CA3
:102FF0001E460546884617463CDD224B06F1080270
:10300000A3FB02325208012300215B009A4201F126
:103010000101FADC2846FFF761FF014660B3012396
:10302000092F4461036113DC08F10A040927BE4239
:103030000BDDF61B264414F8013B0A22303B2846E0
:10304000FFF780FFB4420146F5D10846BDE8F8839A
:1030500008F10904A146B84414F8013B0A22303BA8
:103060002846FFF76FFF44450146F5D109EB0704F9
:10307000083CDCE70021CDE70A46034B0348D32197
:1030800004F062FB398EE338D0DE002048DF0020F8
:10309000B0F5803F034636BF030400201020B3F193
:1030A000807F3CBF1B020830B3F1805F06D3B3F1D1
:1030B000804F0FD29A0012D4033070471A01B2F138
:1030C000804F00F1040006D29B0108D45B00F3D4CA
:1030D000202070471A46002AFBDB0130704702307F
:1030E000704700BF0368590708D0DA071FD4990753
:1030F0002AD55B0803600122104670479AB282B954
:103100001B0CDAB2B2B11022190701D104321B092B
:10311000990714D0D90701D401325B080360104627
:103120007047DAB24AB11A0717D10422EFE700223A
:103130001046704718221B0AE6E70822FBE75907EA
:1031400007D502329B08E9E79B080222036010467C
:103150007047DB0804D12022CEE7DB080322DDE73D
:103160000332DBE738B5436C04460D464BB1586873
:10317000B0B102685A6000220123C0E9032345610F
:1031800038BD2122042104F0FFFA034660640028C0
:10319000EDD1094B0948002240F2451104F0D4FA60
:1031A0001C220121204604F0EFFA0028F1D0012270
:1031B0000223C0E90123DEE7D0DE002048DF002043
:1031C0002DE9F04F0F691569AF4285B00E46904664
:1031D00005DB2A4643463D46884617461E46D8F834
:1031E0000830D8F80410EC19A342B8BF0131FFF73A
:1031F00075FE8446002800F09C80143000EB840E9D
:10320000704505D20346002143F8041B9E45FBD8B8
:10321000143606EB870296427CD208F1140707EBBE
:103220008505A5EB080308F11508A845A3F11503CA
:10323000CDE902E44FEA930A8CBF002401249146B1
:10324000E34605E0090C34D1B14500F104005ED934
:1032500056F8041B8AB2002AF4D0CDE90090B84693
:103260008646002358F8041BDEF800001FFA81F997
:103270004FEA114C81B202FB0911000C194402FB08
:103280000C0000EB114089B241EA004145454EF87F
:10329000041B4FEA1043E5D8DDE90090002C4FEA0B
:1032A0008A0208BF00220244536056F8041C090C2D
:1032B000CAD00368CDF800908846BC4686460022F6
:1032C0001946BCF8009008FB092909EB11499BB28B
:1032D00043EA09434EF8043B5CF8043BDEF8001077
:1032E0001B0C8AB208FB032303EB194365454FEA25
:1032F0001342E6D8002C4FEA8A02DDF8009008BF9E
:1033000000220244B145536000F10400A0D8DDE979
:1033100002E4DC46002C02DC05E0013C03D05EF850
:10332000043D002BF9D06046CCF8104005B0BDE854
:10333000F08F034B034862464FF4B17104F004FA76
:10334000D0DE002048DF0020F8B512F00303144659
:1033500007462FD10E46A4102AD03D6C002D32D046
:1033600004F0010364103BB92868B8B1054604F0C5
:1033700001036410002BF7D02A4631463846FFF788
:103380001FFF36B17B6C716853F82120326043F81F
:10339000216074B1064628680028E7D12A462946EC
:1033A0003846FFF70DFF0023286003600546DEE77F
:1033B0003046F8BD013B0F4A52F823200023FFF7A7
:1033C000C1FD0646C7E701213846FFF787FD0546E0
:1033D00040B1012340F27122C0E904320023386475
:1033E0000360BDE7044B05482A4640F2451104F04E
:1033F000ABF900BF74CE0020D0DE002048DF0020F3
:103400002DE9F0470D4691462E69AB68496806EBF9
:103410006216741C9C4207464FEA621804DD5B008A
:103420009C4201F10101FADC3846FFF757FD844662
:1034300000284FD0B8F1000F00F114000BDD08F1A7
:1034400005010CEB81010346002243F8042B8B425B
:10345000FBD100EB8800296905F1140319F01F085E
:1034600003EB810E2ED0C8F1200902464FF0000A6E
:10347000196801FA08F141EA0A0142F8041B53F8FD
:10348000041B9E4521FA09FAF2D8AEEB0503153B61
:1034900023F0030305F11502964538BF00230433DA
:1034A00040F803A0BAF1000F00D134467B6C6A6883
:1034B000CCF8104053F822102960604643F822509F
:1034C000BDE8F087043853F8042B40F8042F9E45DC
:1034D000F9D8EAE7034B044862464FF4EF7104F071
:1034E00033F900BFD0DE002048DF002003690A69FD
:1034F00000B5B3EB020E12D100F1140C14310CEB39
:10350000820301EB820101E09C4508D253F8040DCF
:1035100051F8042D9042F7D003D24FF0FF3E704691
:1035200000BD4FF0010E704600BD00BF2DE9F04F09
:1035300017460A693B69A2EB0308B8F1000F83B094
:103540000C4615D1143107F1140505EB830501EB89
:10355000830302E0994280F0858053F8046D55F8AA
:10356000042D9642F6D080F08A804FF0010805E0E5
:10357000FBDB3B464FF000080F461C467968FFF71F
:10358000ADFC002800F086803A692669C0F80C80FE
:1035900007F1100107F11408834600F1140704F144
:1035A000140008EB820E944600EB86060023B94611
:1035B000C2460A46019450F8041B52F8045F8CB2CC
:1035C0001FFA85F8A8EB0408090C9844C1EB1541D3
:1035D00001EB28411FFA88F848EA0144864249F87D
:1035E000044B4FEA2143E6D8A146019C301B153815
:1035F000153420F00300A64238BF00200AEB00017A
:103600000431C4198E4562460846DC4698BF2346FD
:103610001AD9A7EB0A070434C61950F8045B13FA49
:1036200085F82B442D0C05EB28459BB243EA054950
:103630008645C6F800904FEA2543EDD80EF1FF33DA
:103640005B1A23F003032344B9F1000F04D153F8AC
:10365000041D013A0029FAD06046CCF8102003B0CE
:10366000BDE8F08F0021FFF739FC844658B10122F4
:103670000023C0E90423604603B0BDE8F08F3B4659
:1036800027461C467AE7074B0748624640F2372137
:1036900004F05AF80246034B034840F2452104F077
:1036A00053F800BFD0DE002048DF002082B08DED4F
:1036B000000B019A154B1340A3F15073002B06DD4C
:1036C00000221946104641EC100B02B070475B42D5
:1036D000B3F1A07F4FEA235209DA4FF400231341DC
:1036E00000221946104641EC100B02B07047A2F1BF
:1036F00014031E2BDABF4FF00042DA4001220023F0
:103700001946104641EC100B02B070470000F07FE4
:10371000F8B5036900F114040F4604EB83010D1F93
:1037200051F8046C3046FFF7B3FCC0F120030A28BF
:103730003B6034DDAC42A0F10B031AD251F8080C07
:103740002BB3C3F1200C9E4020FA0CF21643A1F1DA
:1037500008059840AC4246F07F5343F440131AD218
:1037600051F80C1C21FA0CF10843024643EC102BD3
:10377000F8BD0B280AD006FA03F141F07F53002070
:1037800043F44013024643EC102BF8BD002046F0F2
:103790007F5343F44013024643EC102BF8BDAC4278
:1037A00038BF51F8081CC0F10B0C00F1150026FAC7
:1037B0000CFE34BF21FA0CF1002106FA00F04EF0A5
:1037C0007F53084343F44013024643EC102BF8BDEB
:1037D0002DE9F043894683B0012157EC106B9046E8
:1037E000FFF77CFB0446002846D0C7F30A55C7F311
:1037F00013030DB143F480130193331E15D101A8B7
:10380000FFF770FC019B636101212030216115B33A
:10381000A5F233450544C0F13500C9F80050C8F899
:103820000000204603B0BDE8F08368460093FFF730
:1038300059FCDDE9002328B1C0F1200103FA01F1B0
:103840000A43C340002B0CBF012102216261A36126
:103850002161002DDCD104EB8103A0F23240C9F8D4
:1038600000001869FFF714FCC0EB4110C8F8000015
:10387000204603B0BDE8F083034B0448224640F2E3
:103880000F3103F061FF00BFD0DE002048DF0020D1
:10389000F0B583B00E4669460746FFF739FF01A928
:1038A000304655EC104BB0EE407BFFF731FF3369EB
:1038B0003A69D21ADDE900315B1A03EB4213002B9F
:1038C00009DD17EE902A02EB035545EC174B87EE06
:1038D000000B03B0F0BD10EE902A51EC100BC3EBBF
:1038E000033302EB035141EC100B87EE000B03B0E6
:1038F000F0BD00BF0139491101F1010C116902F15C
:10390000140303EB81018B4200EB8C0C16D210B533
:10391000A0F1040E53F8044B4EF8044F9942F9D825
:10392000891A153921F0030104300844844504D96B
:10393000002340F8043B8445FBD810BD844505D9DD
:10394000002340F8043B8445FBD87047704700BF14
:1039500003694A11934200F1140009DA00EB830372
:1039600002E053F8042D82B98342FAD80020704750
:1039700000EB8203F8DD11F01F01F5D050F822C0F2
:103980002CFA01F28A409445EED00120704700BF26
:1039900049B1FF2A02D80A70012070478A230360C8
:1039A0004FF0FF3070470846704700BF000000002E
:1039B0002DE9F04F2DED028BD1B00C4607919046CA
:1039C0000993824603F078FE036811931846FEF7C8
:1039D000EFFB08221090002120A8FEF751F8A389E0
:1039E000180603D52369002B01F06E8000239FED9C
:1039F000728BCDE92533CDE9143327AA0D93249298
:103A0000174612931393059345462C466C4BD3F8F7
:103A1000CC61FEF7EBF820AA034600921AA92246D1
:103A20005046B047002800F09880C0F28E801A9A65
:103A3000252A034601D01C44E8E7B4EB05080646F6
:103A400040F08F8000234FF0FF328DF85F309B46AF
:103A5000069301342378049201349946A9F1200396
:103A60005A2B00F2AF80DFE813F0FE02AD00AD008C
:103A7000FA02AD00AD00AD00DD02AD00AD00A80260
:103A8000B702AD00B302C002AD00BC025B005B0038
:103A90005B005B005B005B005B005B005B00AD00FC
:103AA000AD00AD00AD00AD00AD00AD002101AD0039
:103AB0009C01AC03210121012101AD00AD00AD004D
:103AC000AD00A803AD00AD000803AD00AD00AD0032
:103AD0007302AD006103AD00AD009807AD00AD000D
:103AE000AD00AD00AD00AD00AD00AD002101AD00F9
:103AF0009C018701210121012101ED0387016C0057
:103B0000AD000804AD00F8033D0413046C00AD00E3
:103B100073026A008303AD00AD00FB07AD006A00CD
:103B2000A9F13003002214F8019B02EB820203EB9F
:103B30004202A9F13003092BF5D906928EE72378CA
:103B40008AE723784BF0200B86E70822002120A883
:103B5000FDF796FF01231C4458E7B4EB0508064621
:103B600010D02599269B013143440729C7E9005805
:103B70002693259117DC0837059B43440593002EB7
:103B80007FF460AF269B002B41F00383079B9B894A
:103B900003F04003002B41F0CF86059851B0BDECF7
:103BA000028BBDE8F08F079924AA504603F094FBDE
:103BB0000028EBD127AFDFE7000000000000000085
:103BC000706B0220B9F1000FDCD00023CDE90B337C
:103BD00001228DF8DC908DF85F3008930A920493EF
:103BE0000E9337AD0292269A1BF08403904600F0A4
:103BF00005819DF85F1009B3DDF894C000260CF133
:103C0000010101200132786007290DF15F00CDE943
:103C10002512386000F33E8408377EB1DDF894C089
:103C20000CF1010118A80232386007294FF0020098
:103C3000CDE92512786000F320840837802B00F04E
:103C40006583049B0A995E1A002E00F3E8801BF43A
:103C5000807F40F021810A9B7B601A44259B3D6058
:103C60000133072B2692259300F3BC8308371BF002
:103C7000040F05D0069B02995D1A002D00F31884ED
:103C8000DDE9053102988142ACBF5B181B18059332
:103C9000002A40F0778300232593089B1BB10899E5
:103CA0005046FEF797FB27AF2546AEE6099B073344
:103CB00023F00703B3EC028B9FEDA17BB0EEC86B42
:103CC000B4EE476BF1EE10FA099300F33986B4EEC7
:103CD000488BF1EE10FA81F14685B9F1610F01F0E0
:103CE0007A83B9F1410F01F07084049B013301F034
:103CF0007F82B9F1670F18EE903A4BF4807801F0AB
:103D0000F584B9F1470F01F0F1840023089318EE10
:103D1000903A002BC1F20885B0EE487B0026A9F14D
:103D20004103252B01F2DD81DFE813F0A50CDB094F
:103D3000DB09DB09700ADD0ADB09DB09DB09DB09CA
:103D4000DB09DB09DB09DB09DB09DB09DB09DB0953
:103D5000DB09DB09DB09DB09DB09DB09DB09DB0943
:103D6000DB09DB09DB09DB09DB09DB09A50CDB0966
:103D7000DB09DB09700ADD0A1BF0200F40F0DE854D
:103D8000099A1BF0100F52F8046B41F01C861BF0CF
:103D9000400F099201F08E8046F3C038434636B298
:103DA0001FE2B9F1430F03D01BF0100F00F065863E
:103DB0000822002122A8FDF763FE099A37AD126898
:103DC00022AB2946504604F015FF0A90013001F05D
:103DD000AE850A9B23EAE3730293099B269A043378
:103DE00009930023CDE90B338DF85F3008930493DA
:103DF0000E931BF0840390467FF4FBAE0699029E5F
:103E00008E1B002E00F321849DF85F1000297FF4A3
:103E1000F3AE049B0A995E1A002E7FF718AF4A4949
:103E2000259B0F91102E27DD39464FF0100837469D
:103E30002E462546079C04E0103F102F01F1080193
:103E400016DD013340481032072BC1E90008CDE9E7
:103E50002532F1DD24AA2146504603F03DFA002820
:103E600040F09882103F102FDDE9253227A9E8DCC9
:103E70002C4635463E460F4601330F993960324491
:103E8000072BCDE925327E6000F364841BF4807F2C
:103E900007F108073FF4DFAEB9F1650F40F3AC82DC
:103EA000B5EE408BF1EE10FA40F05283259B274986
:103EB0003960013301320121072B26922593796065
:103EC00000F37F870837199B0D998B4280F2EB84B2
:103ED000109B11991A44C7E90013259B26920133C0
:103EE000072B259300F3D38508370D9B5D1E002D0E
:103EF0007FF7BDAE1449259B0F91102D40F3978796
:103F0000A146DDF81C8010260C4604E00837103D61
:103F1000102D40F38B8701331032072BC7E9004681
:103F2000CDE92532F2DD24AA4146504603F0D4F90A
:103F3000002840F02F82DDE9253227AFE7E700BFF8
:103F4000FFFFFFFFFFFFEF7F2860022070CF002000
:103F5000DDF8248058F8045B00238DF85F30002DD5
:103F600000F0A185B9F1530F00F037871BF0100363
:103F70000B9340F03287049B002BC1F2FC801A4661
:103F80000B992846FEF7B4F89DF85F30089000289A
:103F900001F04884089A521B0A9222EAE2720292C5
:103FA0000BB1013202920B9BCDF8248004930E9347
:103FB0000C9308934FF0730915E6099B53F8042BF3
:103FC0000692002A80F27584069A0993524206925C
:103FD00023784BF0040B3FE52B238DF85F302378DB
:103FE0003AE523784BF0800B36E5214611F8019B2A
:103FF000B9F12A0F01F09084A9F13003092B98BF81
:10400000002201F2DD8211F8019B02EB820203EB38
:104010004202A9F13003092BF5D942EAE273049375
:104020000C461BE5504603F047FB436813931846C4
:10403000FEF7BEF815900646504603F03DFB826839
:1040400023781492002E3FF407AD002A3FF404AD0C
:104050001278002A3FF400AD4BF4806BFCE4237827
:104060004BF0010BF8E49DF85F202378002A7FF4E1
:10407000F3AC20228DF85F20EEE41BF0200F4BF014
:10408000100000F02884099B073323F007031A4629
:10409000596852F8083B099200228DF85F20049A73
:1040A000002A18DB53EA010220F4906B15D1049A20
:1040B0009AB910F001031A46029300F07386302378
:1040C0008DF83F31049B0A92CDE90B330E93089390
:1040D0000DF23F1587E520F4806B50AD03F0070229
:1040E000DB0843EA4173C908303253EA0106284627
:1040F00005F8012DF2D11BF0010F00F01582302AD6
:1041000000F012823023049905F8013C023850ABCC
:104110001B1A99424FF00002B8BF1946CDE90B2295
:1041200008920A93054602910E925CE51BF0200F5F
:104130004BF0100121D1099B1A1D099B04981B68A3
:104140004FF0000840458DF85F801E4659DB21F096
:10415000800B002B40F08C850992002840F0E98309
:10416000CDE90B000A900E900290089050AD3AE510
:104170001BF0200F00F0BE835946099B073323F044
:10418000070200238DF85F30049BD2F8048052F8B8
:10419000086B0992002B35DB56EA080321F0800BEF
:1041A00031D1049B002B40F0C483CDE90B330A933B
:1041B0000E930293089350AD15E523784BF0080B4E
:1041C0004AE41BF0200F4BF0100300F07A83099AA9
:1041D000073222F007029B46536852F8086B099297
:1041E0009846002BC0F2C282049A002A0BDB56EAE2
:1041F00008032BF0800B06D1002A00F041873026FF
:1042000007E009928B460A2E78F1000380F0BF8206
:104210003036049A9DF85F308DF83F61012AB8BFAF
:104220000122029201220A920DF23F15002B01F0A9
:104230006D83029B013302930023CDE90B33089376
:104240000E93D0E42378682B03BF63784BF4007B94
:1042500001344BF0400BFFF7FFBB099A1BF0200F16
:1042600002F1040300F08883126805991160C917F0
:10427000516009932546FFF7C8BB23786C2B03BF19
:1042800063784BF0200B01344BF0100BFFF7E4BBCD
:10429000099A049E52F8041B002047F63003864218
:1042A000ADF860308DF85F000B46C0F2DB832BF079
:1042B000800545F0020B002940F0D683002E00F067
:1042C000E686099230230122CDE90A210E918DF86C
:1042D0003F3102960DF23F154FF078098E46089156
:1042E0000C91A5E31BF0200F40F02583099A1BF0E9
:1042F000100F52F8043B41F05E831BF0400F00F0BA
:10430000E9859BB2099258460021C5E6069B0299B1
:104310005E1A002E7FF795AC8B49259B0F91102ECE
:1043200024DD38464FF010082F4619462546864CA6
:1043300004E0103E102E00F1080013DD01311032B0
:104340000729C0E90048CDE92512F2DD079924AA22
:10435000504602F0C1FFE8B9103E102EDDE92512EB
:1043600027A8EBDC2C460B463D46074601330F9948
:1043700039603244072BCDE925327E6000F3638536
:1043800008375EE4079924AA504602F0A5FF0028EA
:104390003FF481AC089B002B3FF4F8AB08995046E2
:1043A000FEF718F8079B9B8903F04003FFF7F2BB69
:1043B000109B11991A44C7E90013259B26920133DB
:1043C000072B259300F3068707F108010028C1F2A7
:1043D0001E810D980D6001330244072BCDE9253273
:1043E000486046DD079924AA504602F075FF002870
:1043F000D0D1269A27AF3AE40D98259B012802F1E7
:10440000010203F1010307F1080140F36481012077
:10441000072BCDE925323D60786000F32C8210989F
:10442000119E01330244072BC1E90060CDE925321A
:1044300000F32D8208310D98B5EE408BF1EE10FAA5
:1044400000F1FF3600F05F81013301353244072B64
:10445000CDE925320D604E6000F349810831129894
:10446000486001330244072B1CA8CDE925320860BF
:10447000B8DC01F10807FFF7FABB07990F9324AAEC
:10448000504602F029FF002884D1269A0F9B27AFBF
:10449000FFF7D4BB07990F9324AA504602F01CFFE4
:1044A00000287FF477AF269A0F9B27AFFFF7B5BBA5
:1044B000102D259B41F3D580A046DDF81C90234CA0
:1044C000102604E0103D102D07F1080715DD01331B
:1044D0001032072BC7E90046CDE92532F2DD24AAC8
:1044E0004946504602F0F8FE00287FF453AF103DD5
:1044F000102DDDE9253227AFE9DC21464446884608
:1045000001332A44072BC7E90085CDE925327FF71F
:10451000B7AB079924AA504602F0DEFE00287FF4CC
:1045200039AF269AFFF7ACBB049950AA521B9142AF
:104530004FF00003B8BF1146CDE90B3308930A9240
:1045400002910E93FFF74FBB28600220647A00208F
:104550001998002840F300840B9B0D998B42A8BF4B
:104560000B46002B98460ADD1A44C7E90053259BE9
:1045700026920133072B259300F3B48708370B9E4F
:10458000B8F1000FA8BFA6EB0806002E00F3AB821F
:104590000B9B1BF4806F03EB050940F0CA82199B4B
:1045A0000D998B4203DB1BF0010F00F07D85109904
:1045B00011980A44C7E9000125992692013107297B
:1045C000259100F39B8708370D996E18A6EB090615
:1045D000CD1AAE42A8BF2E46002E0BDD259BC7F894
:1045E000009001333244072B7E602692259300F31E
:1045F000D3870837002EA8BFAD1B002D7FF737AB40
:10460000B949259B0F91102D40F31184A146DDF887
:104610001C8010260C4604E00837103D102D40F396
:10462000058401331032072BC7E90046CDE9253256
:10463000F2DD24AA4146504602F04EFE00287FF4E7
:10464000A9AEDDE9253227AFE7E72599102E4046D0
:1046500040F361870F943A46A846079CA34D1F4636
:1046600004E0103E102E02F1080216DD0131103078
:1046700010230729CDE9251015605360F1DD24AA28
:104680002146504602F028FE00287FF483AE103EFB
:10469000102EDDE9251027AAE8DC3B460F9C1746C3
:1046A0002A464546904601F1010C3218BCF1070F2D
:1046B000CDE925C2C7F800807E6000F336839DF8FF
:1046C0005F100837002940F0F880002B3FF4B9AAAA
:1046D0000B46FFF7A5BA1BF0010F7FF498AE01203F
:1046E000072BCDE925323D6078607FF7B8AE07999A
:1046F00024AA504602F0F0FD00287FF44BAEDDE91D
:10470000253227A9ABE60D9801287FF7A8AE11281E
:1047100075480F9040F3B783A046079F10250446C5
:1047200004E00831103E102E40F3AC830133103208
:10473000072BC1E90045CDE92532F2DD24AA39462F
:10474000504602F0C9FD00287FF424AEDDE9253291
:1047500027A9E7E7079924AA504602F0BDFD0028E3
:104760007FF418AE269A27AFFFF771BA2D238DF884
:104770005F30049B764268EB4808002BFFF643ADA0
:104780000A2E78F100032BF0800BFFF441AD029468
:10479000CDF8289050A9DDF8509008974FF0000C04
:1047A0000BF4806426E016EB0803514843F1000344
:1047B000A0FB032020F0030202EB90029B1AF31AE5
:1047C0004B484FF0CC32B646474602FB03F268F145
:1047D000000800FB0822A3FB0063BEF10A0F13448C
:1047E0004FEA560677F10007294646EAC3764FEAB4
:1047F00053082DD33E4D16EB080343F10003A5FBF0
:10480000032020F0030202EB90029B1AF31AA3FB91
:10481000053268F1000005FB00225B0843EAC27321
:1048200003EB8303A6EB430330330CF1010C01F8D7
:10483000013C4D1E002CB6D099F800306345B2D132
:10484000BCF1FF0FAFD00A2E78F1000380F0B383E4
:104850000499029CCDF8509050AB5A1B9142B8BFBE
:104860001146DDF82890089F9DF85F30CDF834C0E0
:104870000A920291DAE4079924AA504602F02CFD2C
:1048800000287FF487ADDDE9253227A9C7E5079920
:1048900024AA504602F020FD00287FF47BADDDE91C
:1048A000253227A9C7E51BF0010F3FF4E0A9FFF768
:1048B0000FBB09932378FFF7CFB81E460023FFF7FD
:1048C0009EB9099A0432099909920E684FEAE6786E
:1048D0009B46434685E4099B1A1D099B09921B6868
:1048E0000021FFF7D9BB00BF28600220647A0020B6
:1048F000CDCCCCCC099A1BF0100052F8043B41F00F
:1049000057801BF0400100F0A8818DF85F009BB23A
:1049100004994FF0000841451E46C0F2A9812BF0D2
:10492000800B002B40F0A481049B0992002B3FF4E4
:104930003CAC00266CE45846FFF7A5BB5B4646E45A
:10494000B5EEC08BF1EE10FA2BF0800B00F11E8358
:104950009DF85F30B9F1470FCCBFA44DA44D002B9B
:1049600040F052870322CDE90B3308930A92049357
:104970000E930292FFF737B91BF0100F40F07C82C4
:104980001BF0400F40F0A7831BF4007F00F07482FF
:10499000099A0599126811706BE4964E1BF0200F6E
:1049A00000F07D81099B073323F007031A465868FE
:1049B00052F8083B09921BF0010140F05C81049A17
:1049C0008DF85F10002AC0F28B8153EA00022BF4AD
:1049D000906B00F0948103F00F02B25C8DF83F21E0
:1049E0001B0943EA0073020953EA10100DF23F1548
:1049F0000BD003F00F001B09305C05F8010D43EAF2
:104A00000273120953EA0200F3D1049A50AB4FF03B
:104A1000000E5B1B9A42CDE90BEEB8BF1A460A9313
:104A20000292CDF820E0CDF838E000293FF4DBA871
:104A3000029BDDE925C2023302931BF084039046FA
:104A4000614604D1069E0298361A002E06DCBEF19D
:104A5000000F3FF4E5A80226FFF7D1B80223F5E5E1
:104A6000654E9BE74BF0020B0992634E03F00F0279
:104A70000221B25C4FF07809B0E7099B1B688DF802
:104A8000DC30012302930A9337ADFFF7A6B90799EB
:104A900024AA504602F020FC00287FF47BAC269A22
:104AA00027AFFFF722BA049B0895062B28BF0623E1
:104AB00002930A932B460495CDE90B334F4DCDF865
:104AC00024800E93FFF78FB840215046FAF7EAFF93
:104AD000079B18601861002800F06087079A402340
:104AE0005361FEF783BF102E259B40F32E87444869
:104AF000DDF81C800F9039464FF01009074604E09E
:104B00000831103E102E40F32B8201331032072B58
:104B1000C1E90079CDE92532F2DD24AA41465046AB
:104B200002F0DAFB00287FF435ACDDE9253227A955
:104B3000E7E70D9BDDF83880CDF83CB0EB18049327
:104B40000C9BDDF81CB00B94002B4E463946DDF86B
:104B50005090159F0E9531DDB8F1000F40F32B8179
:104B600008F1FF382598139B01303A440728C1E922
:104B700000372692259000F39F800831049B99F816
:104B800000009D1B8542A8BF0546002D0CDD259821
:104B900001302A440728C1E900652692259000F3D8
:104BA0005E8199F800000831002DACBF441B04461B
:104BB000002C14DC06440C9B002BCDDCB8F1000F5C
:104BC000CEDCDDE90D35EB189E42CDF850900B9C04
:104BD000DDF83CB0B1460F4628BF9946DFE4102C03
:104BE0002598074B2BDD10250A9310E074DE00207A
:104BF000A4DF0020C0DF0020ACDF0020D4DF0020D5
:104C000028600220103C102C01F1080116DD013053
:104C1000AE4B10320728C1E90035CDE92502F1DDA0
:104C200024AA5946504602F057FB00287FF4B2AB45
:104C3000103C102CDDE9250227A9E8DC0A9B0B605B
:104C4000013022440728CDE925024C6000F3588347
:104C500099F8000008310644ADE71BF4007840F0F5
:104C6000328204998DF85F8000291E46BFF657AE48
:104C70000992FFF7C8BA53EA000237D030228DF804
:104C8000602000228DF85F20049A8DF86190002A40
:104C900023DB2BF4906242F0020B02219BE6099A7F
:104CA0001BF0100F52F8043B099214D11BF0400F77
:104CB0000DD09BB200207EE624AA5946504602F051
:104CC0000BFB00287FF466AB269A27A956E71BF456
:104CD000007F40F0F58100206DE64BF0020B0221D1
:104CE00003F00F022BF4806BB25C77E6049B00218B
:104CF0008B428DF85F10C0F241812BF4906B049AC7
:104D0000002A00F0CB80012A33788DF83F31B8BFFC
:104D10000122002302920122CDE90B3308930A926B
:104D20000E930DF23F15FEF75EBF07990F9324AA6D
:104D3000504602F0D1FA00287FF42CAB9DF85F10AA
:104D4000269A0F9B002900F0AC801E46DDF894C027
:104D5000034627AFFEF753BF259B5D4939600133FA
:104D600001320121072B26922593796000F37C8183
:104D7000083700287FF41CAB0D990BF001030B439F
:104D80003EF475AF109B11991A44C7E90013259B97
:104D900026920133072B259300F31C8207F10801AB
:104DA000FFF717BB049B0A93CDE90B330E930893CF
:104DB00050ADFEF718BF0C9B013B09F1FF390C9376
:104DC000D0E6079924AA504602F086FA00287FF41C
:104DD000E1AA269A27AFFFF776B80822002122A879
:104DE0001B95FCF74DFE049B002B7DDB00260294F7
:104DF000CDF82080344698460EE037A9504603F09F
:104E0000F9FE411C204400F09484404509DC06F181
:104E1000040600F0008504461B9A925922AB002A32
:104E2000EBD10A94DDF82080029C6AE04C46013305
:104E30000F9939602A44072B7D60CDE925327EF732
:104E400015AFFFF7CFBA079924AA504602F044FAEB
:104E500000287FF49FAA269A27AFFEF7F2BE24AA65
:104E60005946504602F038FA00287FF493AA99F880
:104E70000000269A27A997E6099A059912681160F9
:104E8000FFF7F7B9444601330F9808603244072B07
:104E9000CDE925324E607FF7E1AA28E4049BFFF7B5
:104EA00084B9002B00F00981DDF894C00B4627AFD0
:104EB000FEF7B6BE1BF4007F16BF46F3C0184FEADC
:104EC000E67876B24346FFF78CB900BF286002202F
:104ED00070CF00201BF4007100F0F980DBB2099262
:104EE00058460021FFF7D8B822AB009300231BAA35
:104EF0001946504603F0A6FE0A90013000F01984CE
:104F00001B950A9B002B00F09F80632B00F34C81C4
:104F10000023089337AD0822002122A8FCF7B0FD3A
:104F20000A9E22AB00931BAA33462946504603F043
:104F300089FE864240F042850A9A0023AB5422EA59
:104F4000E27202929DF85F20049312B1029A01323C
:104F50000292CDE90B33CDF824800E93FEF743BEC9
:104F60000F4601330F9939603244072BCDE92532C2
:104F70007E6000F323810837FFF70ABB33788DF892
:104F80003F312BF4806B0DF23F153EE52D238DF85C
:104F90005F30B9F1470F4FF000030893049340F3DB
:104FA000E6800322964D0A92CDE90B330E9304233B
:104FB0000293FEF718BE159A1399AD1A2846FCF70E
:104FC000DFFD99F801300BB109F101098D4A16EBAB
:104FD000080343F10003A2FB030727F0030000EBE3
:104FE00097001B1AF31A4FF0CC3168F1000803FB4D
:104FF00001F102FB0811A3FB023001445B0843EA04
:10500000C1764FEA510816EB080343F10003A2FBF7
:10501000031020F0030101EB90015B1AF31AA3FBCC
:10502000023168F100005B0802FB001243EAC27320
:1050300003EB8303A6EB4303303305F8013C4FF049
:10504000010C013DFFF7F8BB9DF85F30CDF82480DF
:10505000003B18BF012302930A9B0493CDE90B3355
:105060000E930893FEF7BFBD079924AA504602F09D
:1050700033F900287FF48EA91998269A27AF78E68D
:105080009DF85F3002920A9250ADFFF7CFB8049BB3
:105090000992CDE90A330E930C93029350AD4FF071
:1050A00078099E460893C3E46E18A6EB0906CD1A4C
:1050B000AE42A8BF2E46FFF79DBA27AFFEF7C1BD8F
:1050C000DBB2002077E48DF85F10DBB220E40992B8
:1050D0005846FEF7E1BF099A059912681180FFF75B
:1050E000C8B822AB01931BAB0093B0EE470B049AF8
:1050F00019AB022150468DED027B02F015FC9DEDAF
:10510000027B05461BF0010F40F05582229B5A1B83
:10511000199B0D92D81C0B93C0F2018204999942FD
:10512000C0F20B819A4200F392820B9B0A931BF40C
:10513000806F03D00B9B002B00F32D830A9B23EA87
:10514000E373C34602934FF0670900230E930C9359
:105150000BF00201002E00F0CA804FF02D0E8DF8EA
:105160005FE0029B01330293002304935DE403227A
:10517000254D0A9218E72846FDF71AF89DF85F308A
:105180000A9020EAE0720292002B3EF40CAFFEF788
:1051900008BF079C24AA2146504602F09DF8A38927
:1051A00003F04003FEF7F6BC591C5046FAF77AFCB0
:1051B0000546002800F0F6830890ACE6079924AA7B
:1051C000504602F089F800287FF4E4A8269A27AF19
:1051D000FFF7DEB9079924AA504602F07DF80028AF
:1051E0007FF4D8A8DDE92532199827A9FFF7EEB892
:1051F00000230893062304934BF48078FEF787BDC1
:1052000074DE0020CDCCCCCCA4DF0020049B013385
:105210000D93022122AB01931BAB0093B0EE470B21
:1052200019AB0D9A50468DED027B02F07DFB0D9B74
:1052300029F0200CBCF1460F9DED027B054600EBEA
:10524000030100F09880B5EE407BF1EE10FA00F01B
:10525000D882229B994288BF4FF0450C40F2CF8202
:1052600030205A1C22921870229B8B42F9D35B1B70
:105270000D93BCF1470F199B0B9356D0BCF1460F11
:1052800000F08F800B9B8DF87090013B002B1993E1
:10529000C0F24C812B22092B8DF8712000F34F8135
:1052A00030228DF872200DF17302303302F8013B89
:1052B0001CABD31A12930D9B129A012B1A440A921B
:1052C00040F341820A9B109A13440A930A9A2BF4E2
:1052D000806343F4807B22EAE2720023CDE90B3342
:1052E0000E93029234E7049B0D93032192E79DF8FD
:1052F0005FE0BEF1000F7FF434AF0496FFF795BB7B
:1053000024AA5946504601F0E7FF00287FF442A83E
:1053100099F80000269A27A906444CE4199B0B93A0
:105320004B1BBCF1470F0D933BD10B9B0333C0F2DA
:10533000F680049B0B9A93420FDA0B9B013BA9F179
:105340000209002B8DF870901993A3DA0B9B2D2284
:10535000C3F101038DF87120A2E70D9B0B9A9342D4
:1053600000F375811BF0010F0B9B00F0B282109AC5
:1053700013440A93DBE62B78302B00F06182199BF3
:105380001944B5EE407BF1EE10FAC7D0229B8B4258
:10539000FFF466AF5B1B0D93BCF1470F199B0B939A
:1053A000C3D00B99049A0BF00103002943EA0203CE
:1053B00040F3CF82002B40F01A820B9B0A934FF0F0
:1053C00066091BF4806F40F0E8810A9B23EAE373CF
:1053D000C3460293B9E647F63003ADF86030049B4C
:1053E000632B4BF0020B00F35C8118EE903A002B1C
:1053F000C0F23B81B0EE480B19A802F061F9B4EE9F
:10540000007B20EE077BB5EE407BF1EE10FA40F01A
:10541000408201230026199337AD0896AE480499BF
:10542000B3EE004B2B4606E0B5EE407BF1EE10FAF2
:1054300000F00F82114627EE047BFDEEC76B4A1E7B
:1054400016EE90CA10F80CE0B8EEE65B9C4637EE1C
:10545000457B03F801EB0029E6D1B6EE005BB4EE24
:10546000C57BF1EE10FA08DCB4EE457BF1EE10FAE4
:105470001ED116EE902AD2071AD5CDF888C013F89F
:10548000011C90F80FC08C451A460AD14FF0300E1F
:1054900002F801EC229A511E229112F8011C61457A
:1054A000F6D0392916BF0131817AC9B202F8011C40
:1054B000199A5B1B0D93B9F1610F02F1FF33199338
:1054C00000F01F8250214FF04109002B8DF8701021
:1054D000C0F20E822B22092B8DF871202FDC0DF1EA
:1054E0007202E2E6079924AA504601F0F5FE002870
:1054F0007EF450AF269A27AFFFF741B8079924AA48
:10550000504601F0E9FE00287EF444AF199B269A2C
:1055100027AFFFF759B8DFF8CC81FFF7C4B80B9B72
:10552000A9F10209013B8DF8709019930B9A2D2374
:105530008DF87130C2F101030832BFF6B1AE0DF142
:105540007F0CDFF8A4E162461046AEFB0312D208DE
:1055500002EB8201A3EB41013031632B00F8011C07
:10556000134600F1FF32EFDC303302F8013C831EBA
:10557000634580F0C8810DF1710213F8011B02F838
:10558000011F6345F9D103F5A0736B44CC3B1B1A93
:105590001CAA9B1A12938EE6079924AA504601F082
:1055A0009BFE00287EF4F6AE199D0D9B269A5D1B8E
:1055B00027AFFFF71FB8049B4FF0470CE918E0E650
:1055C00000230C460493FEF749BA45F63003ADF8C4
:1055D0006030049B632B4BF0020B62DC18EE903AB8
:1055E000002B42DBB0EE480B19A802F069F8B4EECC
:1055F000007B20EE077BB5EE407BF1EE10FA01D187
:105600000123199300263548089637AD07E746422F
:10561000103033480F9052DA1027804603E00831EB
:10562000103E102E4BDD01331032072BC1E90087ED
:10563000CDE92532F3DD079924AA504601F04CFE4E
:1056400000287EF4A7AEDDE9253227A9E8E70D9B07
:10565000109A9A180B9B0A92002B79DD4FF067097C
:10566000AFE6DFF88080FEF74BBF0023089337AD2D
:105670002D26B1EE487BB0EE470B19A802F020F8BA
:10568000B4EE007B20EE077BB5EE407BF1EE10FA26
:1056900004BF01231993B9F1610F3FF4BFAE0F4866
:1056A000BDE6049B5046591CFAF7FCF90546002854
:1056B00000F03D8108904BF48078FEF728BB013361
:1056C0000F9808603244072BCDE925324E6000F375
:1056D00002810831FEF77DBEACDF0020C0DF002074
:1056E00028600220647A0020CDCCCCCC049A002A19
:1056F00000F0D480002BC0F22481B0EE487B00265D
:1057000022AB01931BAB0093B0EE470B19AB049A8D
:10571000022150468DED027B02F006F900239DED3B
:10572000027B05460893EDE42D26B1EE487BFEF79B
:10573000F6BA079B9B890022089243F04003079A20
:105740009381FEF727BE1BF0010F3FF4BFADB9E513
:10575000C3F101031A4422EAE273C3460A92029398
:105760004FF06709F1E418EE903A13F000432BF084
:10577000800B0B9300F09A802D238DF85F30B9F1E8
:10578000470F4FF000030893049340F3F88003227F
:10579000944D0A9208E44FF0670914990B78FF2B97
:1057A00000F0F88000200B9A0E90844603E0013050
:1057B0000131FF2B09D0934207DAD21A4B78002B24
:1057C000F5D10B780CF1010CF3E7CDE90B20149126
:1057D000CDF838C00C9A0E9B159913440A9A01FB18
:1057E00003230A9323EAE373C3460293B0E4109BB6
:1057F00002EB01094B440A934FF06609E1E55B1B9C
:105800000D93199B0B933DE50023032208930A9205
:105810000493FFF7C9BB049B029CDDF820800A9328
:10582000FFF76FBBCDF824801BB3049B0A935A1C6F
:10583000029204900E900C904FF07309FEF7D3B9CA
:10584000B5EE407BF1EE10FA1ED1199B0B93194473
:1058500066E5002A0491FFF62BAE0499302001EB97
:10586000030C194601F8010B6145FBD11A44531C86
:105870001EE6049B0A930293089B0E930C930493D9
:105880004FF07309FEF7AFB90D9BC3F101031993F4
:1058900076E500265448089637ADC0E5934273DBA1
:1058A000B0EE487B0123049E049329E79DF85F3006
:1058B000B9F1470FCCBF4B4D4C4D002B40F08680CB
:1058C000032204930A920E930C9308930292FEF71C
:1058D0008AB90A932BE4079924AA504601F0FCFCEC
:1058E00000287EF457ADDDE9253227A9FEF771BD0A
:1058F0002D238DF87130C2F101030832FFF61FAE7F
:10590000EDE57021E1E502231293D4E4CDE90B33F8
:1059100008930E93FEF767B9099A63780C4652F81C
:10592000041B099241EAE1710491FEF795B8079AC8
:10593000938943F0400393814FF0FF330593FEF7C3
:105940002CB92D26B1EE487BDAE629490F91FFF7F5
:1059500008BBC34633B9012302934FF066090A938B
:10596000FFF7F3BB109B03F10109049B4B440A931F
:1059700023EAE37302934FF06609FFF7E6BB0322C5
:105980001A4D0A92FFF710BB01232D260493B1EEA6
:10599000487BB5E600230E930C931BE70C23CAF853
:1059A0000030C9E7079B08909B8943F04003C6E697
:1059B0005946FEF7C2BB5846FEF78FBF079B9B892F
:1059C00043F04003BBE65B46FEF77DBF0023049334
:1059D0000E930C93089303230A9304230293FEF778
:1059E00002B900BF70DE0020ACDF0020A8DF00207D
:1059F000286002202DE9F04FADF5357DB1F90C504E
:105A00004C6E02AFAE049346FB6205D445F40055DC
:105A100024F400548D814C66A50401F1328278642F
:105A200089460822C4F3403107F15000FCF728F8FA
:105A3000C4F3403EC7F834E0C7F818E0C7F838E0D0
:105A40007646C7F840E0C7F824E09B4BD3F8CC413A
:105A5000FCF7CCF807F15002009203465A46786CE6
:105A600007F14C01A0470028C0F2DC80FB6C002B42
:105A700000F0CE8001288344014600F0E180252B10
:105A800058D00028E1D0ABEB0108D9F804301A4611
:105A90004044002A00F1FF3408F1FF3517DDD9F842
:105AA00000306A781878904203F1010305F1010192
:105AB00040F0AE80D9F80420C9F80030013A8C4299
:105AC000C9F8042000F0C780002A0D46E7DC786C96
:105AD000494603F007FA0028E1D03B6C23B1B9F83E
:105AE0000C305A0640F194807B6B002B01F0C98189
:105AF0007B6BDE8818687EB10024051FA0468146B6
:105B000055F8043F1868F9F7C5FF01342B68B44213
:105B1000C3F80080F4D148464FF0FF333B6408B12E
:105B2000F9F7B8FF386C07F53377BD46BDE8F08F5D
:105B30000120014600249BF80050A246A5F1250350
:105B40000BF10102552B63D8DFE813F093036200D9
:105B50006200620062008A0362006200620062000A
:105B60006200BA00BA00BA00BA00BA00BA00BA00BD
:105B7000BA00BA00BA00620062006200620062000D
:105B800062006200C400620096014002C400C400CA
:105B9000C400620062006200620090006200620065
:105BA00069026200620062007802620062006200C4
:105BB0006200F40062006200830262006200620020
:105BC00062006200C40062003D018403C400C4009E
:105BD000C4004F025B029000620063031D012B01B1
:105BE00002010F01620062008D018A006F036200F2
:105BF0006200F40062008A00FC69A34508D97D6C4C
:105C00001BF8011D4A46284603F01EF9A345F7D1AB
:105C10007B6B002B86D03B6C01333FF469AF7B6B11
:105C200018687CE74FF6FD730822002107F1500049
:105C3000FB64FBF725FFFB6C002BE9D00BF1010B9C
:105C40001E4AD25C110719D4252B3FF471AF0BF11A
:105C5000FF38012019E702353544A5EB0806F4E6C4
:105C60002507D5D19BF80150934667E72307CFD18D
:105C70009BF8015044F0020493465FE7D9F80420F2
:105C80007C6C0FE0D9F800300C491A788A5C120756
:105C900003F101037FF5D9AED9F80420013AC9E92F
:105CA00000320136002AEDDC4946204603F01AF99D
:105CB0000028E7D0C9E600BF706B022081090020F0
:105CC00014F08F0FA4D10AEB8A0A05EB4A0AAAF155
:105CD000300AC7E7D9F80430BA62002B4FF0040845
:105CE00040F3B082D9F80010A44D0B78EB5C1A0792
:105CF00040F1E182D7F844B00A4608E0C9F8002034
:105D00001378EB5C1B0706F1010640F1D482D9F849
:105D10000430013B002B02F10102C9F80430EDDC34
:105D20004946584603F0DEF800287FF4D6AED9F88D
:105D30000020E5E7D9F80430BA62002B44F400747F
:105D40001ADD8F4B7B621023BB634FF00308C9E75A
:105D5000D9F80430BA62002B894B7B624FF00803FC
:105D6000BB634FF00308BDDC6CE2D9F80430BA62C3
:105D7000002B44F40874E4DC786C494603F0B2F874
:105D80000028DED0A9E614F08F037FF441AF7D6BCD
:105D9000002D00F0E6879BF8015044F08004934604
:105DA000CCE6E106BA6200F10E81FA6A52F8043BD1
:105DB000FA62220700F19887650741F14B80D7F816
:105DC00028B01E8041E6D9F80430BA62002B40F3B7
:105DD000F6875546012D38BF012514F0010340F028
:105DE0006587E10600F19586FB6A2206D3F80080FC
:105DF00040F17886B8F1000F3FF40AAF2846F9F772
:105E000041FE834600283FF46FAE7B6BC8F800006C
:105E1000DC889A88944280F06A8718687B6B40F827
:105E200024800134DC80CDF80090786C59462B46F4
:105E3000012203F077F80446002801F049808542EA
:105E400007D9D8F800002146FAF70EF908B1C8F8CA
:105E50000000FB6AD7F828B00433FB623B6C0133C7
:105E600026443B64F1E5D9F80430BA62002B4FF0C8
:105E700002083FF737AFE5E1D9F80430BA62002BEA
:105E800044F0410440F392875546012D38BF012567
:105E900014F0100B40F05E86FB6A53F8042B2006CA
:105EA000C7E90B3240F17A87002A3FF4B1AE802077
:105EB000F9F7E8FD804600283FF416AE3B6B18600A
:105EC0007B6BDC889A88944280F0CA8618683B6BAA
:105ED00040F824307B6BC7F81C800134DC80202321
:105EE0003B62C7F83CB0D7F818B0002407F5B47A85
:105EF000FBF77CFEA0423FF4F0ADD9E9002112F897
:105F0000010B0AF804000139BBF1030FC9E90021B4
:105F100004F1010402D13B6E042B05D008220021BC
:105F200007F16000FBF7ACFD07F160030093786CAC
:105F300023465246414602F02FFEB0F1FF3F834612
:105F40003FF4CBAD002840F09681FB6B2644013D29
:105F50006BB9C8F800303B6B3BB1FB69A8EB03049D
:105F60003B6AB3EBA40F40F2638508F10408D9F84B
:105F70000420002A0DDD95B10024B9E78109002035
:105F8000DD5E0100FB6B002BE5D0D9F80420002A70
:105F9000F2DC786C494602F0A5FF0028EBD0C7F888
:105FA00018B0D7F83CB03B6B3BB1FB69A8EB0301E1
:105FB0003B6AB3EBA10F00F2C086BBF1000F02D128
:105FC0003B6C01333B64D7F828B03EE5D9F8043088
:105FD000BA62002B44F0010440F31587AE4B7B629C
:105FE0000A23BB634FF003087CE625077FF410AE5D
:105FF0009BF80150682D00F0518644F0040493464C
:106000009CE5D9F80430BA62002BA34B7B624FF0B9
:106010000003BB634FF003083FF764AE12E1D9F809
:106020000430BA62002B44F0010440F3E3869B4B3A
:106030007B620823BB634FF0030853E6D9F80430B2
:10604000BA62002B40F3CD8644F001044FF0020801
:1060500048E6114607F1680001F09EFAD9F80430CD
:10606000002B834640F3B486BAF1000F08BF4FF00F
:10607000FF3A04F0100314F001053B6300F0548470
:1060800004F01003002B40F09085FB6A53F8042BBA
:10609000C7E90A23230640F17986002A3FF4B8AD08
:1060A0008020F9F7EFFC804600283FF41DADBB6A65
:1060B00018607B6BDC889D88AC4280F0A3851868F3
:1060C000BB6A40F824307B6BC7F81C800134DC804D
:1060D00020233B62BD69FE630024C7F814B0FBF7C0
:1060E00085FDA0423FF4F9ACD9E9003207F5B47060
:1060F00013F8011B0155013A032DC9E9003204F1DF
:10610000010407F1580B03D1DBF80030042B04D055
:10611000082200215846FBF7B3FCCDF800B0786C9C
:10612000234607F5B472414602F036FD461C05468B
:106130003FF4D3AC002840F0B580C8F80000064614
:106140000822002107F16000FBF79AFC544B786CA1
:10615000324607F14801D3F8C86107F16003B04740
:1061600001280CBF97F84860002607F168039B5D83
:10617000002B00F05186FB6B032D2344FB6318D0EA
:106180003B6B0AF1FF3A5BB9BB6A08F104083BB10B
:10619000FB69A8EB03043B6AB3EBA40F40F2B483A2
:1061A000D9F80430002B0FDDBAF1000F12D0002413
:1061B00095E7DBF80030042BE2D13B6B002BE3D0FA
:1061C000D9F80430002BF2DC786C494602F08AFEE4
:1061D0000028E9D0FE6BD7F814B0BD613B6B002BF3
:1061E0007FF433ACC8F80030BB6A73B1FB693A6A1C
:1061F000A8EB03018B1001339A4206D9BC6A043123
:106200002068F9F731FF00B120603B6C01333B643B
:106210001BE423077FF4FCAC9BF801506C2D00F0CD
:10622000358544F00104934688E4D9F80430BA6215
:10623000002B1A4B7B624FF00A03BB634FF003083D
:106240003FF750AD786C494602F04CFE00283FF411
:1062500049AD42E4D9F80430BA62002B0E4BE9E7AD
:106260005AEA040A7FF4D4AC9BF8015010249346F8
:1062700064E4934605E410F1020F00F0168303284E
:10628000264403D13A6E042A3FF47CAEFB6B013DF9
:10629000002B3FF460AE6AE629EB0000DD5E0100F2
:1062A000706B0220A81C00F01583D8F80060711CE8
:1062B0007FF446AF59E7A8F10308B8F1010F00F2E7
:1062C0001786DFE808F001BB0AF1FF33B3F5AE7FB4
:1062D00084BF6FF4AE720AEB020B07F5B47398BF7C
:1062E0004FF0000BFB611D46C7F83CB04B46D7F89A
:1062F00038B0B14688BF40F25D1A44F458644FF09C
:1063000000081E4632681078A0F12B034D2B61D88F
:10631000DFE813F07B0260007B0260006000A602F1
:10632000A901A901A901A901A901A901A901810244
:10633000810260006000600060006000600060003A
:106340004E004E004E004E004E004E0060006000B9
:10635000600060006000600060006000600060003D
:106360006000600060006000600060006000890202
:10637000600060006000600060006000600060001D
:106380004E004E004E004E004E004E006000600079
:1063900060006000600060006000600060006000FD
:1063A00060006000600060006000600060008902C2
:1063B000BBF10A0F0EDD24F4386405F8010B736895
:1063C000013B002B736040F3688201323260BAF106
:1063D000010A97D13346E1054E46AA46C7F838B0C0
:1063E000994607D5FB699D4200F28A83FB699A456D
:1063F0003FF40EAC14F0100217D1BB6BF969786C46
:106400007D6A8AF80020A847FB6AA20603F1040B04
:1064100000F14D83230740F14D84FB6A1B6818701F
:106420003B6CC7F82CB001333B64FB69D7F828B04C
:10643000AAEB030545442E44FFF707BB786C01F037
:106440003BF90368FB600AF1FF33B3F5AE7F40F21E
:106450002A836FF4AE710AEB01037B6040F25D1A90
:10646000002507F5B473C7E90455FB61FD633D637F
:10647000BD609B4644F4F0642B465546D9F80010A5
:106480000878A0F12B024E2A50D8DFE812F0B801AC
:106490004F00B8014F004F00D9019F009F009F009F
:1064A0009F009F009F009F009F009F004F004F0094
:1064B0004F004F004F004F004F00AB019D009D006B
:1064C0009D004201A0014F004F0045014F004F00C9
:1064D0004F004F002E014F000D014F004F004F00A5
:1064E00009014F004F004F00F600F2004F004F002F
:1064F0004F004F004F004F004F00AB019D009D002B
:106500009D004201A0014F004F0045014F004F0088
:106510004F004F002E014F000D014F004F004F0064
:1065200009014F004F004F00F600F200A20569D5A7
:10653000FA681278824265D13D60D7F80CA03C62BF
:1065400035464FF000084E4699460B4607E033604B
:1065500093F800E09AF8000086451AD101351AF840
:10656000010F4446013308F10108002800F0888239
:106570007068013800287060E9DC786C314602F000
:10658000B1FC30B933689AF8000093F800E0864512
:10659000E4D032462E464D469146FA68FD602346C9
:1065A0007D6C3C6A3C62924608EB0204984614F803
:1065B000011D4A46284602F047FCA245F7D13C6A35
:1065C000FD68A6EB08061EE021051BD5FA6BD21864
:1065D00018D1134624F4C074FA630BF8010B013D83
:1065E000D9F80420013A002A06F10106C9F804206E
:1065F00040F34681D9F800200132C9F80020002D6F
:106600007FF43CAF1D46FB6B3A6B013B002A00F068
:106610009380012B7FF6F0AA6B1E062B24F4807466
:1066200040F2188314F010037FF4CDAC8BF80030E7
:1066300004F4C063B3F5806F40F0AB80BB683A6B85
:10664000934200F0AA809A1AC7F814B0796907F249
:10665000BB23994224BF07F2BA237B617869A8491A
:10666000FBF732F899E0A74B24F4386433F91BB0F8
:10667000A3E6072BC6D10823AFE704F41862B2F5EE
:10668000807FBFD13A6B012ABCD130220BF8012B9D
:1066900024F48074002244F40064013D3A639CE7D2
:1066A000062BAFD1072398E72105ABD504F4A062F0
:1066B000B2F5806F04D06105A4D53A6B002A38D0BA
:1066C0003A6BB968521A04F400710029396908BF9D
:1066D00011467A69396108BF5A4624F478647A61B0
:1066E000002244F4C0743A6377E7FA6B002A40F062
:1066F000B7813A6B2AB904F4E062B2F5E06F00F0BA
:10670000B783012B02D0042B7FF47CAF0133DBB2C3
:1067100063E72205CAD559E7002B40F09A813A6B0E
:10672000002A40F0D78104F4E062B2F5E06F00F097
:106730009A831D46FB6B013B012B7FF65DAA6B1E06
:10674000062B40F23D8200233B63E3057FF56AAFF1
:10675000650500F19B831BF8011C65290BF1FF35D2
:1067600006F1FF380BD0452909D0786C4A4602F073
:106770006BFB1BF8021CA6F10208ABF10205786C5A
:106780004A4602F061FB14F0100340F09E812B702A
:1067900046463B69002B40F0EB82786CF969002299
:1067A000FAF7F2FDFB6AE00753F8045BFB6200F1C5
:1067B0005E81A10700F15B81B4EE400BF1EE10FAAF
:1067C00080F1C982B7EEC00B85ED000A51E12205C8
:1067D00003D5FA6BD2183FF4FCAE022B7FF412AF54
:1067E0000323FAE6210503D5FA6BD2183FF4F1AE84
:1067F000FA6B012A7FF406AF0222FA63EDE6220665
:106800007FF500AF24F08004E7E623067FF5E2ADD4
:1068100024F08004D1E53B4B33F91BB0BBF1080FEA
:106820003FF7C9ADD6E504F4C063B3F5007F7FF44C
:10683000D1AD24F4007444F4A0644FF0100BBCE517
:10684000E2057FF5C3AE3A6B01323A637A6824F011
:106850008004002A3FF4C3AE7A68013A7A60BFE64A
:1068600023057FF5AAADBBF1000F03D144F40074FA
:106870004FF0080B610540F11D8124F4B0649CE5E4
:10688000786C3B62494602F02DFB3B6A00287FF49E
:10689000B9AE002D7FF4F2ADB4E6786C314602F06B
:1068A00021FB00283FF493AD94E5D9F80420002A99
:1068B0003FF71EAB786C494602F014FB00283FF40A
:1068C00017ABC7F818B0D7F83CB0002C3FF46BAB4F
:1068D000FFF703B9D9F80430002B3FF700AC786C10
:1068E000494602F0FFFA00283FF4F9ABFE6BD7F8F7
:1068F00014B0BD61002C3FF471ACFFF7EEB800BFDF
:10690000DCDF0020407A0020F869D9001E46F9F744
:10691000ABFBF86100283FF4E7A8BA6A730000EB0C
:10692000040810603B623BE404F01003002B40F0CD
:106930001881FB6A14F08004D3F8008000F02282F2
:10694000B8F1000F3FF464A92020F9F79BF8054641
:1069500000283FF4C9A87B6BC8F80000DC889A883F
:10696000944280F0628118687B6B40F82480013487
:10697000DC802022D9F8003007F168001978415CEA
:1069800000293FF445A9FE632C4618461646D9F85F
:106990000410431C0139C9E900312946007801F887
:1069A000010BB8F1000F02D00D1BB54226D20D46E7
:1069B000BAF1010A0BD0D9F8041000292BDDD9F85F
:1069C000000007F168030178595C0029DFD12C1B16
:1069D0003246FE6B3FF41CA9FB6A0433FB620023C2
:1069E0002B70B8F1000F03D0611C8A4200F2958130
:1069F00026443B6C01333B64FFF727B87600204602
:106A00003146F9F731FB044600283FF46DA80544F0
:106A1000C8F80000CCE7786C494602F063FA002819
:106A2000CDD0A5423246FE6B3FF457A82C1BD3E7CE
:106A3000F869D900F9F718FBF86100283FF454A869
:106A40003B6A3A6B5B0000EB040810603B62FFF7A7
:106A50008CBA032B3FF45AAE052B3FF457AED1E569
:106A6000FA6B022A7FF44DAE0322FA63B5E585ED99
:106A7000000B3B6CD7F828B001333B64FEF7E5BF51
:106A80005846F9683C6AC7F820904246B1462E46FF
:106A90003D6800F0D3FD3B6BBB6024F420743B6A7F
:106AA0008346013D9CE500237B60D9E4FB6A1B68BB
:106AB0001860B5E4FB6B24F460741BB1013BFB630D
:106AC0000AF1010A08F1010879E4D7F828B046462E
:106AD000FEF7BBBFFB6B013B012B7FF68DA824F4B7
:106AE00080749FE5CDF80090786C2B4641460122DA
:106AF00002F018FA044600287FF4ABA9FEF7EDBFB8
:106B000015F8011C786C4A4602F09EF905F1FF3A2F
:106B10006CE4D7F844801C460AE0C9F800104046EF
:106B200049461C44ED1A02F0DDF9002840F08D8141
:106B3000D9E900239D4202EB0301EEDC5B1B2A44F2
:106B4000C9F804302C44C9F80020D7F828B02644EE
:106B5000FEF77BBF0023C7E907333B639846FFF787
:106B6000C0B9D9F8001007F168020B78D35C002B8C
:106B70003FF44EA87C6C0A4604E0137807F16801E4
:106B8000CB5CD3B1D9F8043001350132013B554516
:106B9000C9E9002311D0002BEFDC4946204602F062
:106BA000A1F950B9D9F80020E7E70023C7E9073376
:106BB000BB6207F14C08FFF78DBA2E44FEF745BFC4
:106BC000022D40F272810023032D3B633FF4BDADE3
:106BD0002B1FDBB2DD43D7F844A0FC635D445C4669
:106BE000984614F8011D4A46504602F02DF9AC4271
:106BF000F7D1013E0BF1FF3BFC6BA6EB0806ABEBBC
:106C0000080BA2E54FF6F6739D423EF66DAF7B6B27
:106C100008351868A900F9F727FA00283EF464AF90
:106C20007B6B9D801860FFF74BBA4FF6F6739A4264
:106C30003EF65EAF02F108037A6BFB6310689900C1
:106C4000F9F712FA00283EF453AF7A6BFB6B93808E
:106C5000106089E6022D40F22881032DB8D1E1E4CD
:106C60004FF6F6739A423EF63FAF7B6B02F1080A8D
:106C700018684FEA8A01F9F7F7F900283EF434AFB3
:106C80007B6BA3F804A01860FFF721B99BF80250B2
:106C900044F002040BF1020BFEF750BF9BF80250C8
:106CA00044F008040BF1020BFEF748BF44F0400427
:106CB000FFF7EEB865073BD414F001027FF4F6AE9F
:106CC000A4077FF5F3AE884B796A786C9942BB6B69
:106CD000F96900F0F98001F091FE0B46FA6A11683B
:106CE000C1E90003FFF79CBB1E70FFF76CB94FF6BC
:106CF000F6739A423EF6FCAE7B6B02F1080A186806
:106D00004FEA8A01F9F7B0F900283EF4F1AE7B6B47
:106D1000A3F804A01860FFF781B8D8F80000F9F7CD
:106D2000A3F900283FF464AEC8F80000264460E6EA
:106D3000FB6A1B681880FFF773BB3C6B2068F9F790
:106D400093F900283FF439A92060BBF1000F7FF4CC
:106D50003AA9FFF735B96548FBF79EFA85ED000AB9
:106D600087E682B0CDE9023302AB7B63FFF713B84D
:106D70007969786C0A2300220131FAF7ADFB3B698F
:106D8000C21A63E445462246A046F3E53B6BD7F8BA
:106D90002880BB62C7E90733FFF79CB9D7F830807A
:106DA000C7F830B0C7E907BBFFF79BB8786C494616
:106DB00002F098F800283FF467A8FEF78EBE786CC2
:106DC000494602F08FF800283FF403A8FEF785BE7D
:106DD000786C494602F086F800283FF445A9FEF792
:106DE0007CBE786C494602F07DF800283FF42CA95F
:106DF000FEF773BE786C494602F074F800283FF441
:106E000016A9FEF76ABE786C494602F06BF80028B6
:106E10003FF4E4A8FEF761BEFE6BD7F814B0BD6185
:106E20002346002C3FF4DAA907F5B472D7F844A042
:106E300014191D46013D14F8011D4A46504602F042
:106E400003F8002DF6D1FFF7C9B9002C7FF47DAE11
:106E5000FEF743BEE00711D4A1070FD5F2171E605D
:106E60005A60FFF7B0B824F4F0640123FFF7B5BB14
:106E7000012224F4F064FA63FFF7AFBB1E60FFF752
:106E8000A2B84FF0FF333B64FEF74CBEFC69A3454C
:106E90007EF6BEAE7D6C1BF8011D4A46284601F009
:106EA000D3FFA345F7D1FEF7B3BEFB699B457EF642
:106EB000AFAEFC691BF8011D786C4A4601F0C4FFB7
:106EC000A345F7D1FEF7A4BE01F064FE0B4605E72B
:106ED0003B6C002B3EF40CAEB9F80C305B067EF533
:106EE0009AAEFEF705BE00BFDD5E0100B0D2002005
:106EF000BAF1000F08BF4FF0FF3A04F0100314F08E
:106F000001083B6200F0C480002B40F04681FB6A20
:106F1000220653F804BBFB6240F14581BBF1000F30
:106F20003EF476AE8020F8F7ADFD804600283EF4B2
:106F3000DBAD7A6BCBF80000D3889488A342C0F015
:106F40005E814FF6F6718C423EF6CEAD7A6BFB63F6
:106F500008341068A100F9F787F800283EF4C4ADA2
:106F60007A6BFB6B948010607A6B40F823B001332E
:106F7000D380C6462022D9F800100978695C11F048
:106F8000080168D1C7F81CA0C7F83CB08A46B346D0
:106F90003A637646FAF72AFE50453EF49EADD9E9AB
:106FA000003213F8011B013AC9E90032BB6907F549
:106FB000B470032B00F80A100AF1010407F1600A0B
:106FC00003D1DAF80020042A04D008220021504618
:106FD000FAF756FDCDF800A02346786C07F5B47299
:106FE000414601F0D9FD431CB8613EF476AD00285E
:106FF00040F02081C8F8000001F030FE002840F089
:107000005481A344FB69013BFB613B6A002B40F0C8
:107010003581FB6B08F10408002B00F02F813B6BDE
:10702000A8EB060AB3EBAA0F40F22E813C6AD9F80E
:107030000420002A40F31281D9F800201278AA5CBB
:10704000100703D4FB69002B40F01A81B6463A6B57
:107050005E46D7F83CB03B6A002B7EF4B4AFC8F86C
:107060000030BBF1000F3EF4ABAFA8EB0E018B106C
:1070700001339A427EF6A4AFDBF800000431F8F742
:10708000F3FF00283EF49CAFCBF80000FEF798BF5A
:107090003B6A002B40F08D80FB6A14F08004D3F82B
:1070A00000B000F0A080BBF1000F3EF4B1AD202095
:1070B000F8F7E8FC024600283EF416AD7B6BCBF8EF
:1070C0000000B3F806809C88A045C0F0DB804FF636
:1070D000F6739C423EF60CAD7B6BFA63083418687D
:1070E000A100F8F7C1FF00283EF402AD7B6BFA6BFC
:1070F0009C8018607B6B40F828B008F10108A3F869
:1071000006802024D9F800000178695C0B0778D448
:107110005B46FE63D346904626469A46D9F804104D
:1071200014460139421CC9F80410C9F8002002783D
:1071300004F8012BBAF1000F03D0A4EB0802B2420D
:1071400062D2BBF1010B0AD0D9F80420002A6ADD13
:10715000D9F800000178695C09072246DED523468C
:107160003446FE6BA3EB08010E44D3460131FA6AA4
:107170000432FA6200221A70BBF1000F3FF479ACBE
:10718000A142BFF476ACDBF80000F8F76DFF0028F1
:107190003FF46FACCBF800006BE4002296469346B8
:1071A00007F14C08E7E6D846D7F820B05A46DE4645
:1071B000E1E6D9F800301978695C09073EF503AFBC
:1071C000D9F8042008F101080133013AD045C9E992
:1071D000003205D0002A09DD1A78AA5C1207EFD523
:1071E0004644FEF7F0BE5A46A3468BE7786C494604
:1071F00001F078FE0028F3D1D9F80030ECE71068F0
:10720000B2E613460121B2E77600404631463A63C2
:10721000F8F72AFF804600283EF466AC3A6BCAF8BD
:10722000000084188DE7786C494601F05BFE002869
:107230008ED094E7BB6902333FF4F9AED8F8000072
:1072400001F00CFD88BBBB69032BA3447FF4DAAECD
:10725000DAF80030042B7FF4D5AED6E6786C4946D8
:1072600001F040FE00283FF4E7AEB6463A6B5E46BA
:10727000D7F83CB0002C7EF430ACECE60024D6E627
:10728000A24687E6186835E73046D9001C46F8F76D
:10729000EBFE064600283EF427ACFB6B186063004B
:1072A00000EB0A083C6A3B63C1E6B6463A6B07F559
:1072B000B4735E461D19D7F83CB0FA63F246013C40
:1072C00015F8011D786C4A4601F0BEFD002CF6D180
:1072D000FA6BD646BFE600BF2DE9F041154692682D
:1072E00002B32C6807468846083401E00834C9B167
:1072F0006B68581E002B1146686013DD54F8046C4F
:10730000002EF3D0334654F8082C4146384602F09C
:10731000CFFF431C07D0AA68921B1146AA6008340D
:107320000029E5D100200023C5E90133BDE8F08143
:1073300070B5002941D006460C4610B1436B002BB6
:107340003ED0FAF793F9636EB4F90C20DD0730D420
:10735000900538D52146304600F04CF8E36A0546E2
:1073600033B1E169304698470028B8BF4FF0FF3588
:10737000A3891A0639D4216B41B104F14003994223
:1073800002D03046FBF726F800232363616C21B15D
:107390003046FBF71FF800236364636E0022DB07AF
:1073A000A2811ED5A06DFAF7BBFCFAF765F9284655
:1073B00070BD002ACED1FAF75FF90025284670BDCE
:1073C000FAF736F9BDE7A06DFAF7ACFCB4F90C306A
:1073D000002BBFD1636ED907EDD4A06DFAF7A4FCE2
:1073E000E9E7A06DFAF7A0FCDCE721693046FAF77F
:1073F000F1FFC0E7B1F90C202DE9F04180461007FC
:107400000C4650D4496842F400630029A38164DD2E
:10741000A66A002E44D0002112F48052D8F8005001
:10742000C8F8001065D1E16901234046B047411C0E
:1074300002466CD0B4F90C30A66A5B0705D56368C8
:10744000D21A236B0BB1E36BD21A0023E1694046D9
:10745000B047471CB4F90C304DD1D8F800101D29A5
:1074600040D8304ACA40D6073CD52269226023F46E
:107470000062A281D9044FF00002626003D5D8F8FF
:107480000030002B41D0216BC8F8005041B104F10D
:107490004003994202D04046FAF79CFF0023236341
:1074A0000020BDE8F0810E69002EF9D00D680E6055
:1074B00092070CBF4B690023AD1B8B600AE02B4683
:1074C0003246E169676A4046B8470028A5EB0005E7
:1074D000064406DD002DF2DCE2E7E16B002997DCD3
:1074E000DEE7A38943F04003A3814FF0FF30BDE8FE
:1074F000F081226DA1E72269226023F40062A2815B
:10750000DB044FF000026260BDD52065BBE7D8F810
:107510000030002B8ED01D2B01D0162BE1D1C8F8E6
:107520000050BDE70100402000B5034683B008B11C
:10753000426B52B3B1F90C0098B14A6ED20701D434
:10754000820512D518460091FFF754FF00994A6E44
:107550000346D00702D48A8992050ED5184603B097
:1075600000BD0346184603B000BD886D019300912D
:10757000FAF7D8FBDDE90013E4E7886D0093FAF72A
:10758000D3FB009B184603B000BDCDE90001FAF71C
:107590004FF8DDE90031CDE730B591F800C0BCF11E
:1075A0005E0F864626D00023481C1C46002263F34B
:1075B000070263F30F2263F3174263F31F620EF5B2
:1075C0008071734643F8042B8B42FBD1BCF1000F52
:1075D0000ED084F001010EF80C10451C15F8013C8A
:1075E0002D2B0FD05D2B0BD01BB19C462846F2E70C
:1075F000013830BD012391F801C0881C1C46D5E735
:10760000284630BD44785D2CEFD0A445EDDC0EF16A
:1076100001020230624402F8011BA2EB0E03013B9F
:107620009C42F8DCA4EB0C03013BA445A8BF00235B
:107630000CF1010C02359C44D0E700BF844608439E
:10764000830713D1032A0B4610D918681946A0F1F5
:10765000013323EA000313F0803F01F1040305D155
:10766000043A032A4CF8040BEFD819460139604656
:107670000AB300B511F8013F00F8013B02F1FF3EEB
:1076800053B172468446A2B111F8013F00F8013BA4
:1076900002F1FF3E002BF4D1BEF1000F06D0624490
:1076A000014601F8013B9142FBD17044BCF1000F4F
:1076B00000D0604600BD704700487047486D02200A
:1076C0004DF804BD83B08DED000B019ADFF870C05A
:1076D00022F0004300216345016025D8DDF800C099
:1076E00053EA0C0C20D0DFF85CC002EA0C0CBCF1B1
:1076F000000F0AD19FED107B20EE077B8DED007B04
:10770000019A6FF0350122F00043DDE900BC6FF310
:107710001E5242F07F5C1B154CF4001CA3F2FE339A
:10772000CDE900BC0B4403609DED000B03B05DF898
:1077300004BB7047AFF3008000000000000050431E
:10774000FFFFEF7F0000F07F00B50B4C24688646FA
:1077500085B0E0689C460C4652B108490094CDE9DA
:10776000011273460649624601F058FBF6F7D0FA5B
:1077700004490A46F2E700BFD86D0220E4DF00208A
:10778000F4DF0020B0D2002010B5A1FB021482B0BB
:1077900074BBF8F787F9034670B350F8042C22F055
:1077A0000302043A242A10D8132A16D91B2AC0E946
:1077B00000441AD9242AC0E902440ABFC0E904449B
:1077C00000F1100100F1180108E021460190FAF7DC
:1077D00057F9019B184602B010BD01460022184619
:1077E000C1E900228A6002B010BD00F10801F5E78E
:1077F000FAF768FA0C2303600023184602B010BDA4
:107800002DE9F04F03690C69A34283B0C0F2888070
:10781000013C01F1140500F1140855F8243058F822
:107820002420013308EB84069A4200964FEA840B29
:1078300005EB8407B2FBF3F63AD300230191C64669
:1078400029469C4651F8042BDEF800901FFA82FA74
:1078500006FB0A334FEA134A120C06FB02A29BB244
:107860001FFA89FAAAEB030363441FFA82FCCCEBEC
:10787000234C0CEB194C9BB243EA0C438F424EF85D
:10788000043B4FEA2C4C4FEA1243DBD258F80B3042
:1078900001996BB9009B043B984504D307E09845D8
:1078A00004F1FF3403D21A68043B002AF7D00461C4
:1078B0008146FBF71BFE00282EDB013641460022E5
:1078C00055F8040BD1F800C01FFA80FE1FFA8CF3A4
:1078D000A3EB0E031344020CC2EB234202EB1C4247
:1078E0009BB243EA0243AF4241F8043B4FEA2242D3
:1078F000E6D258F8242008EB84036AB9043B984583
:1079000004D307E0984504F1FF3403D21A68043B1E
:10791000002AF7D0C9F81040304603B0BDE8F08F18
:10792000002003B0BDE8F08F2DE9F04F93B08DED4E
:10793000000B0491816B1C9D069257EC106B044662
:10794000089341B1C26B4A60012393408B60FBF7FF
:10795000EFFA0023A363B7F10008B4BF01230023AB
:107960002B60A34BBCBF28F00048CDF8048033EA5D
:10797000080300F092809DED007BB5EE407BF1EEB8
:1079800010FA0DD1089A012313601D9B13B11D9AA3
:10799000984B1360984B0293029813B0BDE8F08F98
:1079A00010AAB0EE470B11A920468DED027BFBF724
:1079B0000FFF5FEA18539DED027B109A834640F05B
:1079C0008280119B134403F23241202940F3E2816B
:1079D000C1F1400108FA01F803F2124126FA01F15F
:1079E00048EA010106EE101AB8EE466B013B16EEAE
:1079F000901A4FF00108A1F1F8719FED772BB7EEC7
:107A0000081B9FED775B9FED784B06EE901A03EE17
:107A1000903A36EE416BB8EEE33BA6EE025BB0EE79
:107A2000456BA3EE046BFDEEC65BB5EEC06BF1EEED
:107A300010FACDED055A00F1C0800599D21A162929
:107A400002F1FF3A00F2A4806C4B03EBC10393ED0B
:107A5000006BB4EEC67BF1EE10FA00F1A281002AB1
:107A600040F3C0840027CDE90A178A440023099314
:107A7000049B092B3DD8052BC4BF043B0493049BF6
:107A8000A3F10203CCBF00250125032B33D8DFE887
:107A900013F0FA01F701ED019201089AC8F31308F7
:107AA00042F20F7358EA060813601BD11D9B002B8E
:107AB00000F04286524B029308331D9A02981360DD
:107AC00013B0BDE8F08F17EE901AB0EE476BC1F31C
:107AD000130141F07F51A3F2FF3341F440114FF005
:107AE00000088AE71D9B002B40F06181454B029303
:107AF00052E7002304930025E563294620468DEDD7
:107B0000067BFBF7EBF99DED067B0290002800F069
:107B1000B485119A029BA363002A75DB05990E298F
:107B200072DC364B03EBC10393ED003B87EE036B36
:107B3000BDEEC66B029916EE103A303301F8013BE8
:107B40004FF0FF39B8EEC65BA5EE437B0123B2EEE2
:107B5000044B11E087EE036BBDEEC66B013316EEEE
:107B6000102A4B4502F13002B8EEC65B01F8012B3A
:107B7000A5EE437B00F0A38427EE047BB5EE407BAB
:107B8000F1EE10FAE6D1059B013304930D46ECE0CB
:107B900001230B93059BBAF1000FBABFC2F1010795
:107BA0004FF0000A0027002B80F2F180059BFF1A9E
:107BB0005B42099300230A935AE7B8EEE55BB4EE03
:107BC000465BF1EE10FA3FF438AF059901390591A3
:107BD00033E700BFAFF3008061436F63A787D23FF5
:107BE000B3C8608B288AC63FFB799F501344D33FAC
:107BF0000000F07F71CF002070CF0020A80200208D
:107C000024E0002030E000204FF0FF390695CDF849
:107C10003090B8F1000F00F0E984DDF8248002F222
:107C20003342012120469244BD18FBF79BFA0646D9
:107C3000002F40F09F82099B002B00F09383B8F146
:107C4000000F40F077835946099A2046FBF77CFBEA
:107C500001238346099301212046FBF783FA0A9BFF
:107C60008046002B40F04582049B012B40F3AA8202
:107C70000120504410F01F0000F008811B2800F381
:107C8000D582C0F11C00054407448244002D05DD67
:107C900059462A462046FBF7B3FB8346BAF1000F4C
:107CA00005DD414652462046FBF7AAFB80460B9B6A
:107CB000002B40F00082B9F1000F40F3D781099BFF
:107CC000002B40F02481059B01330493029F012582
:107CD00007E0594600230A222046FBF733F9013515
:107CE000834641465846FFF78BFD4D4500F1300A6B
:107CF00007F801ABEDDB029BB9F1000F03F10102C4
:107D000009F1FF394FF00003D8BF4FF0000991444B
:107D10000093594601222046FBF772FB41468346F9
:107D2000FBF7E4FB002840F32083029A02E0914530
:107D300000F026834D4609F1FF3915F8013C392B37
:107D4000F5D0013389F8003041462046FBF7F0F8C2
:107D50005EB1009B2BB1B34203D019462046FBF71E
:107D6000E7F831462046FBF7E3F859462046FBF793
:107D7000DFF800232B70089B049A1A601D9B002BD0
:107D80003FF40AAE02981D6013B0BDE8F08F9A442C
:107D90000A936BE6C1F1200106FA01F106EE101A12
:107DA00022E6059B013B059300230B93F2E6AC4BC7
:107DB0000293033381E601230D93DDE90523134488
:107DC00003F101094E46012E0C93B8BF0126172E70
:107DD00040F39C84012204235B0003F11400B042B1
:107DE000114602F10102F7D9E16320468DED0E7BC9
:107DF000FBF774F80290002800F03F84B9F10E0FF1
:107E00009DED0E7BA06346D8002D44D00599002936
:107E100040F3F182934B01F00F0203EBC203CD0557
:107E200093ED006B4FEA211340F18A838E4A92ED65
:107E3000085B03F00F03032187EE054B002B00F0D6
:107E4000FB81894A01E05B100832D80703D45B103C
:107E50000832DE07F7D592ED005B5B1001F10101FE
:107E600026EE056B00F0E8810832F2E701230D935E
:107E7000069B002B40F38B81069E0C96B146A6E72D
:107E800000230D9399E700230D93F1E71C2005448F
:107E900007448244FAE6119A002AC0F24081059B09
:107EA0000E2B00F33C816F4B059A03EBC20393ED5D
:107EB000003B069B002B80F2ED82B9F1000F00F32E
:107EC000E98240F08682B1EE046B23EE066BB4EEDD
:107ED000C67BF1EE10FA494640F27C82029D3123C6
:107EE00005F8013B2046FBF723F8059B023304937A
:107EF0003BE7314600230A222046FBF723F80C9B80
:107F0000002B064640F3FA83DDF830900595002FEC
:107F100005DD31463A462046FBF772FA06460A9BD3
:107F2000002B40F0F6823746029D6B1E4B440A93AD
:107F3000009B03F001030C9341465846FFF760FC99
:107F400031460B9000F1300A5846FBF7CFFA414614
:107F500081463A462046FBF7E9FAC3680146002B02
:107F600036D109905846FBF7C1FA09990690204688
:107F7000FAF7DEFF069A002A5AD1049B1BB90C9B24
:107F8000002B00F0A483B9F1000F43DB0A9BA94644
:107F90009D4209F801AB00F0D782594600230A221E
:107FA0002046FAF7CFFFBE42834631464FF000032A
:107FB0004FF00A02204635D0FAF7C4FF394606468C
:107FC00000230A222046FAF7BDFF4D460746B3E7D5
:107FD0002046FAF7ADFFB9F1000F08DB009B03F074
:107FE0000102049B49EA030952EA09022ED15946CB
:107FF00001222046FBF704FA41468346FBF776FA56
:10800000002840F34183BAF1390F00F024830B9B21
:1080100003F1310A05F801AB059B00960133049387
:108020003E4691E6FAF78EFF4D460646074683E741
:10803000B9F1000FC0F28483049B49EA03090C9B49
:1080400053EA090900F07C83002A9FDDBAF1390F59
:1080500000F001830AF1010305F8013BDCE700BFF2
:1080600030E00020A802002080020020049B022BA8
:108070007FF725AEB9F1000F40F0008241464B4634
:1080800005222046FAF75EFF014680465846FBF778
:108090002DFA484540F3F281029D312305F8013B5A
:1080A00041462046FAF744FF059B02330493002E15
:1080B0007FF457AE59E641465846FBF717FA0028B9
:1080C000BFF6F9AD594600230A222046059DFAF76E
:1080D00039FF099B013D8346002B7FF40AAF0C9BBF
:1080E000002B40F3FE82059BDDF83090049305954C
:1080F000ECE51A4601462046FBF726F9049B012BC6
:10810000804640F3F98100230A93D8F8103008EB39
:1081100083031869FAF7BCFFC0F12000A9E50D9BA5
:1081200073B9002F67D1099B002B74D11D461E46E1
:1081300091E5119A002A03DB05990E297FF7B4AE69
:10814000049B012B7FF765AD099B09F1FF3843457F
:10815000C0F27781B9F1000FA3EB080880F2BE826C
:10816000A7EB0903012120460D93FAF7FBFF3D46DB
:108170000D9F0646BAF1000F7FF75DAD57453B46B0
:10818000A8BF5346ED1AFF1AAAEB030A53E50021D4
:10819000E16320468DED067BFAF7A0FE9DED067BA0
:1081A0000290002800F06982029BA363002D40F03A
:1081B0009F81119AAA42C0F27C8201230C939946B6
:1081C00006936CE6009B002B7FF452AD019BC3F33A
:1081D0001303002B7FF44CAD019B23F000431B0DD8
:1081E0001B05002B3FF444AD012301350AF1010AC0
:1081F0000A9318463DE5BAF1000F00F0FE8157459D
:108200003B46099EA8BF5346FD1AAAEB030A2F4618
:10821000002E3FF420AD5946099A2046FBF794F80A
:108220000023834609933D461E4614E51C283FF46F
:108230002DADC0F13C002AE684EE065B0B9B3BB102
:10824000B7EE006BB4EEC65BF1EE10FA00F1E08120
:10825000B1EE0C4B06EE901AB8EEE66BA6EE054BAF
:1082600014EE901A53EC142BA1F15073B9F1000FD6
:1082700000F09B80DDF814C0484643EC142BB64B4D
:10828000029DFDEEC53B03EBC00212ED022B13EE87
:10829000902A02F1300E0D9A691CB8EEE36B0E467F
:1082A00035EE466B002A00F05B81B6EE003B83EEB4
:1082B000025B35EE445BB4EEC65BF1EE10FA85F876
:1082C00000E000F32782B7EE001BB2EE043B00256E
:1082D00018E001358542BFF62CAF26EE036B25EE84
:1082E000035BFDEEC64B14EE902AB8EEE42B303261
:1082F00036EE426BB4EEC56BF1EE10FA01F8012BCD
:1083000000F1DF8131EE464BB4EEC54BF1EE10FAD1
:10831000DFD5029A0CF1010C02E0914200F0978146
:108320000D4611F8013D392BF7D001330B70CDF814
:1083300010C01AE5314642462046FBF705F85A467A
:10834000014606462046FAF73BFF59460D90204667
:10835000FAF7EEFD099BDDF834B0B3EB080309939F
:108360007FF471AC0123099375E403D11AF0010F76
:108370007FF4DBAC4D4619F8013D302BFAD0E3E435
:10838000059B029A0233049331231370DCE406EE5A
:10839000901AB1EE0C4BB8EEE66BA5EE064B14EE60
:1083A000901A53EC142BA1F1507343EC142BB1EE43
:1083B000046B35EE466BB4EEC46BF1EE10FA00F3CD
:1083C0005681B1EE444BB4EEC46BF1EE10FA7FF57A
:1083D00062AD00212046FAF7ABFD069B029D5B4291
:1083E0000493C2E4059B0A939A460023C2F1010755
:1083F0000B93FFF73BBB00F00781059A564B5242A7
:1084000002F00F0103EBC10393ED005B131127EEA4
:10841000055B00F07981514A022101E05B100832CE
:10842000DD0703D45B100832D807F7D592ED006B57
:108430005B1001F1010125EE065B3FF4FFAE08324F
:10844000F2E7099B0A9AA8EB03031A44012120468C
:108450000A92FAF787FECA4407EB09050646CDF8EB
:108460002480002F3FF4EFAB57453B46A8BF53464F
:10847000ED1AFF1AAAEB030AFFF7E5BB41462046B7
:10848000FAF756FD069B029D5B420493002E7FF493
:1084900068AC6AE4029B5E1C87EE036BBDEEC66BA4
:1084A000029A16EE103AB9F1010F03F13003B8EE5B
:1084B000C65B31461370A3EE457B7FF447AB37EEC6
:1084C000077BB4EEC37B059BF1EE10FA03F10103C9
:1084D00004939C4608DCB4EE437BF1EE10FA05D120
:1084E00016EE103ADB0701D5029A19E70D463CE477
:1084F0000C95A946069589E4009B002B7FF403AEFA
:10850000DDE90012C2F31303002B00F0C4800A91CE
:10851000FBE571682046FAF7E1FC0546002800F00B
:108520000481336902339A0006F10C010C30F5F72F
:10853000FBF9294601222046FAF762FF0746F3E4D9
:108540000221B0EE474B79E4059B009601333E468D
:108550000493FFF7DEBB00BFA802002080020020CA
:10856000029A24EE022B012882F800E014D0B2EE29
:10857000043B029A151826EE036BFDEEC65B15EE62
:10858000902A303201F8012BA942B8EEE54B36EEC5
:10859000446BF0D1711E0144B6EE005B32EE054B28
:1085A000B4EEC64BF1EE10FA3FF5B3AE35EE425BDA
:1085B000B4EEC65BF1EE10FA0DDC119A002AFFF65C
:1085C000B0AD059A0E2A3FF7ACAD059A03EBC20396
:1085D00093ED003B60E70D46013915F8013C302B67
:1085E000F9D00CF101030493FFF7BFBB109ADDF83B
:1085F0002480C2F13602FFF714BB099E002E7FF4DF
:108600000AAE3D46FFF727BB0221B0EE475B15E6F9
:10861000B9F1000F3FF4BBAE0C9800287FF73BACDC
:10862000B2EE043BB1EE0C4B013106EE901A25EE92
:10863000035B059BB8EEE66BA5EE064B14EE901AB5
:1086400003F1FF3C53EC142BA1F1507315E60CF130
:10865000010C31236AE6A946392309F8013B059B41
:1086600000960133029A04933E46FFF763BB029DD6
:10867000312305F8013B002134E4334B3348002219
:1086800040F2AF11FFF760F87FF4C4AC1AF0010FAD
:108690007FF4B9ACBEE4019B23F000431B0D1B0526
:1086A000002B3FF431AD012301350AF1010A0A9391
:1086B0002BE50D9B002B33D101230C939946069398
:1086C0002FE50CF1010304930D46FFF74EBBBAF101
:1086D000390FC0D091453FF79AAC9BE44A46FFF76B
:1086E000A0BA049A022A05DC059A049299460595D7
:1086F000FFF7ECBA0595DDF83090BBE4049A0595D8
:10870000022AF8DC994602E4022197E50021E163A0
:10871000FFF76BBB0CF1010304930D46FFF725BB7C
:108720000D9B069399460C930EE5074B07482A4686
:1087300040F2EF21FFF708F8054B0293FFF72CB941
:10874000002A3FF754AC65E4D0DE002034E000207E
:1087500024E000202DE9F0471D464A4B16460C4602
:1087600082460A46114612F801EB13F80EC01CF0BF
:10877000080CF7D1BEF12D0F5AD0BEF12B0F03BF5D
:1087800092F800E063468A1C634645B9BEF1300F9B
:108790005CD00A253C4F4FF00509A8460AE0102D91
:1087A0004BD04FF0FF37B7FBF5F705FB07F96FEA42
:1087B0000909A8460021084605E02CD008FB00C0A6
:1087C000012112F801EBAEF1300CBCF1090F06D912
:1087D000AEF1410CBCF1190F0BD8AEF1370C654569
:1087E00010DDB1F1FF3FECD0B842E6D94FF0FF31D8
:1087F000E7E7AEF1610CBCF1190F03D8AEF1570CED
:108800006545EEDC4D1C0BD003B140420EB169B999
:108810003460BDE8F087CC45D0DD4FF0FF31D0E7C4
:108820002223CAF800300846002EF2D0541EEFE78B
:1088300092F800E001238A1CA7E7BEF1300F11D0A7
:108840004FF00F096FF07047A846B3E7117801F0B9
:10885000DF0158290BD008254FF007096FF060475A
:10886000A846A7E7117801F0DF015829E8D14FF0B9
:10887000100892F801E04FF00F0902326FF07047D4
:10888000454697E78109002099999919FFF762BF3A
:108890002DE9F04F85B089460092574A03901E4655
:1088A0000D46294615F8014B135D13F00803F8D166
:1088B0002D2C75D02B2C0CBF029302934FF0FF335D
:1088C00008BF2C78019308BF8D1C6FF0004A2EB9A9
:1088D000302C73D00A27B0463E4604E0102E67D0F5
:1088E00037464FEAE67801983A4643465146F6F74E
:1088F0001FFF002393468E46024619461846A4469B
:1089000010E08E4508BF82423BD000FB08F307FB16
:108910000133A0FB07010B44201843EBE471012352
:1089200015F801CBACF13004092C05D9ACF14104A8
:10893000192C0DD8ACF13704A64211DDB3F1FF3F7D
:10894000EED082427EEB0103DBD24FF0FF33E7E74C
:10895000ACF16104192C03D8ACF15704A642EDDC4C
:108960005A1C13D0029A12B1404261EB4101009AA5
:1089700022B1002B37D1009BC3F8009005B0BDE8B1
:10898000F08FA345C1DA4FF0FF33C9E7039A2223E2
:108990001360009B53B3019805F1FF395146EAE794
:1089A000019301232C7802938D1C4FF0004A8EE72F
:1089B000302C0CD037464FF0000894E72B7803F0AA
:1089C000DF03582B08D00827B0463E468BE72B78AC
:1089D00003F0DF03582BEDD110276C784FF000081F
:1089E00002353E467FE701908A46D4E7019851461A
:1089F00005B0BDE8F08F00BF81090020FFF748BF38
:108A00002DE9F04F85B08B460192604A03901E46D7
:108A10000D46294615F8014B135D13F00803F8D1F4
:108A20002D2C7ED02B2C03BF2C7802938D1C02930F
:108A30006EB9302C00F086804FF00A09B246DFF89C
:108A400050814FF0050C4FF099374E4617E0102E2D
:108A50006CD04FEAE67A324653464FF0FF304FF083
:108A6000FF31F6F765FE32460746884653464FF01B
:108A7000FF304FF0FF31F6F75BFEB146944600221F
:108A80001046114610E0414508BFB84239D000FBFE
:108A90000AF209FB0121A0FB09021144181841EB5D
:108AA000E371012215F8014BA4F13003092B05D91C
:108AB000A4F14103192B0CD8A4F137039E4210DD19
:108AC000541CEFD0874278EB0102DCD24FF0FF322A
:108AD000E8E7A4F16103192B03D8A4F157039E42E0
:108AE000EEDC531C12D0029B13B1404261EB4101FA
:108AF000019B1BB192B9019BC3F800B005B0BDE862
:108B0000F08F6345C3DD4FF0FF32CBE7039922239B
:108B10000B60019B10461146002BEFD005F1FF3B87
:108B2000E9E701232C7802938D1C81E7302C19D0C2
:108B30004FF00F0C4FF0FF376FF07048B1464FF019
:108B4000000A9CE72B7803F0DF03582B0FD04FF07F
:108B50000809B2464FF0070C4FF0FF376FF060483E
:108B60004E468CE72B7803F0DF03582BE0D14FF013
:108B700010096C784FF00F0C02354FF0FF376FF093
:108B800070484FF0000A4E4679E700BF8109002087
:108B900099999919FFF734BF30B583B00446069808
:108BA00058B11248D0F8CC517AB1069800902046BE
:108BB000A847431C12D003B030BD04F1F400069066
:108BC0000A48D0F8CC51002AEFD1069B00931146F9
:108BD0000123074A2046A847431CECD106990022EE
:108BE0008A230A60236003B030BD00BF706B02208F
:108BF000B0D2002030B5044687B05BB11048019375
:108C0000D0F8C85171B12046A847421C019B10D032
:108C100007B030BD00F5827309480193D0F8C85100
:108C20000029F0D10A46204603A9A847421C019B0F
:108C3000EED100218A221960226007B030BD00BF4A
:108C4000706B022010B582B0049CCDE900344FF067
:108C5000FF3301F02FFE02B010BD00BF002100F075
:108C600001B800BF10B500F0A7F8044601F036FEC9
:108C70001A38C0B2022806D9A4F1090004288CBF12
:108C80000020012010BD012010BD00BF0229C0F34B
:108C90000722C3B224D0032903D082F0800283F0DC
:108CA000800302F15001C9B21F290BD902F1300132
:108CB000C9B2242934D84FF2A641884226D94FF0B0
:108CC000FF3070474CF6D3718842F8D8A13B4FF083
:108CD000FE00B03A304912FB003231F81200704702
:108CE0009E2B0FD92333DBB280219F2A94BF703A89
:108CF000503201EB4201CAB202F15001C9B21F2940
:108D0000D4D8DFE77E3BDBB27F21EEE7A13B4FF01B
:108D1000FE00D03A214912FB003231F812007047B0
:108D2000A13A072ACBD8DFE802F031281E18130F2A
:108D30000B04C02BC3D81A4AA13B32F8130070476A
:108D4000F12BBCD8174A19E0D82BB8D8164A15E031
:108D5000F62BB4D803F540507047F32BAFD803F58A
:108D60003E5020307047114A1A4412F8A12C002AB4
:108D7000A5D003F57E40603070470D4AA13B32F824
:108D80001300002808BF4FF0FF307047094AA13B8D
:108D900032F81300704700BF1463002060B0002059
:108DA0006C0D0020C80C0020580C0020FC0B00208B
:108DB000400B0020840A002038B50546B9B101F205
:108DC000122412492046F8F7C3FF28B9284601218A
:108DD000BDE83840FFF75ABF0D492046F8F7B8FF05
:108DE00038B928460221BDE83840FFF74FBF094C8B
:108DF000E7E709492046F8F7ABFF28B928460321E1
:108E0000BDE83840FFF742BF284638BD90E000205B
:108E100094E00020826D02209CE000200EB400B59A
:108E200082B003ABDFF81CC053F8042B019301465A
:108E3000DCF8000000F0C8F802B05DF804EB03B005
:108E4000704700BFD86D02204B1C46D000B5B2F869
:108E50000CC0D2F804E0CBB2116B2CF0200C83B024
:108E6000A2F80CC0C9B1516B71450ADD1168481EEA
:108E7000106001F8013C516801315160184603B09F
:108E800000BD11460193009201F0F0FBDDE90023E3
:108E90000028EBD04FF0FF33F0E71169106829B1DB
:108EA000814203D210F8011C994210D01146C2E948
:108EB0000E0E02F1400C03205063C2F830C001F8DE
:108EC000423F0120C2E90010184603B000BD01383E
:108ED0000EF10101C2E90001D0E74FF0FF3318465F
:108EE000704700BF00B50B46096B83B081B103F139
:108EF0004002914203D00193F9F76CFA019BDA6BBF
:108F00005A60002018631AB19A6B1A6003B000BD52
:108F100099891A69002041F02001586099814FF029
:108F2000FF30F2E72DE9F04F83B0824602FB03F0F9
:108F30000C9CA0B30E46D4E90015A84200938146CC
:108F400021D9002704F14008CB4601922A46304639
:108F5000F4F7EAFC2368226B2B44C4E9003711467E
:108F60005046FAB1424501D0F9F734FAE36B276372
:108F70002E446360B3B1ABEB050BA16B21605B4585
:108F80001D46E3D3D9464A463046F4F7CDFCD4E932
:108F90000032A2EB09024B44C4E90032009803B04E
:108FA000BDE8F08FA389019A09EB0500A0EB0B0047
:108FB00043F02003B0FBF2F02269A3810023C4E94F
:108FC000002303B0BDE8F08F2DE9F04FC5B00DF1DF
:108FD000500A8346049116460021082250461C463A
:108FE0000B93F8F74DFDBBF1000F04D0DBF83430E4
:108FF000002B00F04987049B5A6EB3F90C30D00760
:1090000040F14181990400F1A985049943F400538A
:1090100022F400528B814A66930401F1AE80049BD6
:10902000B3F90C301D0740F1BD80049A1269002A83
:1090300000F0B88003F01A020A2A00F0C280002370
:10904000CDE91933CDE90E331BAADFF86C980D93E7
:10905000189217460793B0464546D9F8CC41F8F721
:10906000C5FDCDF800A003462A4612A95846A047E0
:10907000002800F0C580C0F2BB80129A252A034662
:1090800001D01D44E9E7B5EB0806044640F0BC807A
:10909000002319468DF8433008934FF0FF326B7868
:1090A000059205F10108039108F101081946A1F1A3
:1090B00020035A2B00F2F280DFE813F0E603F00001
:1090C000F000DF03F000F000F000BF03F000F0005C
:1090D00007025302F00012020004F000F1035B00EB
:1090E0005B005B005B005B005B005B005B005B00A8
:1090F000F000F000F000F000F000F000F000F000F0
:10910000F000D8019F03F000F000F000F000F00044
:10911000F000F000F000F000F0001902F000F000A4
:10912000F000AA01F000FB02F000F000BA05F00028
:10913000F000F000F000F000F000F000F000F000AF
:10914000F000D8016801F000F000F000950368011C
:109150006D00F0008B03F0007D036A0320036D00B7
:10916000F000AA016A005902F000F000FB05F000CF
:109170006A00A1F13003002218F8011B02EB820201
:1091800003EB4202A1F13003092BF5D908928EE7D7
:1091900098F8003088E7039B43F02003039398F886
:1091A000003081E7049D5846294601F099FA0028CD
:1091B00040F0F687B5F90C3003F01A020A2A7FF462
:1091C0003EAF0499B1F90E20002AFFF638AF4A6E7F
:1091D000D20702D49F0540F1908704992346324676
:1091E000584601F015F80790079845B0BDE8F08F94
:1091F000082200215046F8F743FC01231D442CE7C8
:10920000B5EB0806044610D01A9B33441A93199BF9
:109210000133072BC7E90086199310DC0837079B39
:1092200033440793002C7FF433AF1A9B002B40F09C
:109230006E87049B0022B3F90C30199218E0049950
:1092400018AA584601F024F878B91BAFE7E704994B
:1092500018AA584601F01CF8002800F08380099BEA
:109260001BB109995846F9F7B5F8049BB3F90C30CE
:10927000049A526ED0077FD55B0600F16687079887
:1092800045B0BDE8F08F9F0540F114819D047FF546
:10929000BCAE90047FF5C6AE00F071BF0029C4D00B
:1092A000002301228DF8AC108DF8433009930A9207
:1092B00005932BAD0692DDE919C0039C14F08406DA
:1092C0000146624626D1089B069C1C1B002C00F31D
:1092D000ED839DF8433003B300260C960132012341
:1092E00001317B60072A0DF14303CDE919213B6071
:1092F00000F3868308370C9B63B1013211AB023156
:109300003B60072A4FF00203CDE919217B6000F38F
:109310006B830837802E00F0EE82059B0A981C1A9A
:10932000002C00F326830A9B3D6001321944072A72
:10933000CDE919217B6000F34C830837039B5C0760
:1093400005D5089B069A9C1A002C00F36583DDE97D
:10935000073206988242ACBF9B181B18079300295E
:109360007FF475AF00231993099B1BB109995846E7
:10937000F9F730F81BAF6FE69A053FF57DAF049C17
:10938000A06DF8F7D1FCB4F90C3075E7039B980693
:1093900040F13C840B9B073323F00702536852F8DB
:1093A000084B0B921E46002BC0F23882059A002A09
:1093B00007DB039B23F08003039354EA060300F0CA
:1093C0008C840A2C76F1000380F0F7803034059A03
:1093D0009DF843308DF80F41012AB8BF0122069253
:1093E000002B00F0AF83069B013300250693012379
:1093F000CDE909530DF20F15DDE91921039B13F097
:109400008406084694463FF45EAF00230C9365E75C
:109410000B9E00238DF8433056F8043B0993002B34
:1094200000F05585532900F07284039B13F010045B
:1094300040F06D84059A002AC0F2138509982146F0
:10944000F8F756FE9DF84330099D002800F08B8602
:10945000421B0A9222EAE2720692002B00F00E856D
:109460000132059406920B960994C5E7432903D06F
:10947000039BDD0640F127840822002116A8F8F797
:10948000FFFA0B9A2BAD126816AB29465846FFF728
:10949000B1FB0A90013000F04F860A9B23EAE37388
:1094A00006930B9B04330B9300238DF843300993F1
:1094B000059300E7049DA86DF8F734FCB5F90C306E
:1094C0006A6E99043FF5A8AD9FE50B9B53F8042BFA
:1094D0000892002A80F23D83089A0B935242089228
:1094E000039B43F00403039398F80030DCE5039BEF
:1094F00043F010009B0640F14E830B9B073323F093
:1095000007031A46596852F8083B0B9200228DF85F
:109510004320059A002AC0F2118320F4906203923E
:1095200053EA010200F01E8344AD03F00702DB089A
:1095300043EA4173C908303253EA0104284605F86A
:10954000012DF2D1039B13F0010340F09E82059A96
:10955000099344AB5B1B9A42B8BF1A460A93069222
:10956000A9E62B238DF8433098F800309CE5039949
:109570008E0600F1A48003990B9A11F0100052F8A6
:10958000043B40F02783039911F0400100F0CA84A6
:109590008DF843009BB205990026B1421C4606DBBC
:1095A000039921F080010391002B00F07B850A2CA8
:1095B00076F100030B92FFF409AF039B099700209B
:1095C000CDF830B044A9DDF834B0069003F48067DC
:1095D000CDF8288025E00690A319B54843F1000393
:1095E000A0FB032C2CF0030202EB9C029B1AE31A53
:1095F0004FF0CC32A046B64602FB03F266F10006FD
:1096000000FB0622A3FB0043B8F10A0F13444FEA04
:1096100054047EF1000E294644EAC3744FEA53060F
:109620002ED3069BA24A01330693A31943F10003EC
:109630001046A2FB032525F0030202EB95029B1ABC
:10964000E31AA3FB003266F1000500FB05225B086C
:1096500043EAC27303EB8303A4EB4303303301F803
:10966000013C4D1E002FB7D006989BF80030834276
:10967000B1D1FF28AFD00A2C76F1000380F0AF847F
:1096800005999DF84330CDF834B044AA521B91425D
:10969000B8BF1146DDE90978DDF830B00A920691CD
:1096A000002B00F0EE83069B013306930023099301
:1096B000A2E6039B43F010019B0640F189820B9BBD
:1096C000073323F0070200238DF84330059B5668CB
:1096D00052F8084B0B92002BC0F2EE8221F080036F
:1096E000039354EA06037FF46CAE059B002B40F015
:1096F000DE840A930693099344ADDCE5059C0B993F
:109700000398002247F630039442ADF844308DF8B8
:10971000432051F8043BC0F2D28220F0800040F098
:1097200002000390002B00F0E58303F00F04614872
:109730001B09045D8DF80F410B9100F05685022145
:1097400006910DF20F1503F00F011B09415C05F89E
:10975000011D43EA0273120953EA0201F3D144AB3B
:109760005A1B059B0A929342B8BF1346069A002AD9
:1097700000F03985DDE91921039C023314F08406D9
:1097800006930846944600F0E98200230993B4E565
:10979000039886063FF5B1AE03990B9ACD0652F8B1
:1097A000043B00F114850398440640F1C8839BB242
:1097B0000B920021AAE603990B9A8C0602F104038E
:1097C00040F1F081126807991160C91751600B933D
:1097D00042E498F800306C2B00F08F82039A42F03C
:1097E0001002039260E498F80030682B00F07B824E
:1097F000039A42F04002039256E4039A940642F020
:10980000100300F100820B9A04320B9903930C6849
:109810000B92E6173346002BBFF6C8AD2D238DF80B
:109820004330059B644266EB4606002BFFF6C9AD4C
:10983000039B23F080030393C3E55846FDF73CFFE9
:1098400043680F931846F8F7B3FC0E900446584649
:10985000FDF732FF826898F800300D92002C3FF43B
:1098600023AC002A3FF420AC1278002A3FF41CAC51
:10987000039A42F48062039216E4039B43F00103CF
:10988000039398F800300FE49DF8432098F80030D7
:10989000002A7FF409AC20228DF8432004E4039BC6
:1098A00043F08003039398F80030FFF7FDBB00BF3F
:1098B000CDCCCCCCACDF0020706B0220404610F841
:1098C000011B2A2900F07784A1F13003092B98BFEE
:1098D000002200F2178410F8011B02EB820203EB56
:1098E0004202A1F13003092BF5D942EAE273059354
:1098F0008046FFF7DCBB089B06981C1A002C7FF7FC
:109900000CAD102C40F3268438460C95AE4F049DC8
:10991000102604E0103C102C00F1080015DD013287
:109920001031072AC0E90076CDE91921F2DD18AA25
:109930002946584600F0ACFC00287FF490AC103C5F
:10994000102CDDE919211BA8E9DC0C9D3B460746DC
:1099500001322144072ACDE919213B607C6000F3E4
:10996000A482059B0A981C1A002C07F108077FF7B0
:10997000DAAC102C40F3ED8238461026924F04E00A
:10998000103C102C00F1080016DD01328E4B103116
:10999000072AC0E90036CDE91921F1DD049918AA9A
:1099A000584600F075FC00287FF459AC103C102C90
:1099B000DDE919211BA8E8DC3B46074601322144BA
:1099C000072ACDE919213B607C6000F3AA800837A3
:1099D000A9E4049918AA584600F05AFC00287FF41C
:1099E0003EAC1A991BAFA9E4049918AA584600F096
:1099F0004FFC00287FF433ACDDE919211BAF89E46B
:109A0000049918AA584600F043FC00287FF427ACBC
:109A1000DDE919211BAF6EE4102C199B40F3818303
:109A20003A46049E694F102504E0103C102C02F1C8
:109A3000080215DD01331031072BC2E90075CDE9AD
:109A40001931F2DD18AA3146584600F021FC0028F1
:109A50007FF405AC103C102CDDE919311BAAE9DCC0
:109A60003E46174601332144072BC7E90064CDE980
:109A700019317FF76CAC049918AA584600F008FC1D
:109A800000287FF4ECAB1A9961E4302A00F00182DF
:109A90003023059A05F8013C023844AB1B1A9A4260
:109AA000B8BF1A460A9306920546EFE000230C93CE
:109AB000102C464E624623DD394610232F46049D66
:109AC00004E0103C102C01F1080117DD01321030C8
:109AD000072AC1E90063CDE91920F2DD18AA294659
:109AE000584600F0D5FB00287FF4B9AB103C102C91
:109AF000DDE919201BA94FF01003E7DC3D460F46B6
:109B000001322118072ACDE919213E607C6000F35B
:109B10007A819DF843600837002E36D00026FFF783
:109B2000DDBB049918AA584600F0B2FB00287FF468
:109B300096ABDDE919211BAFFFF7F5BB20F480627E
:109B40000392F1E4099301230A930DF20F15FFF735
:109B5000B2BB0B9398F80030FFF7A6BA92047FF5DA
:109B600061AAF2E2059A002A7FF4DEAC10F001024D
:109B7000069200F0428130238DF80F31059B0A9246
:109B800009930DF20F15FFF796BB0C9B002B7FF48A
:109B9000B4ABFFF7C2BB0B9B1A1D0B9B0B921B6850
:109BA0000021B3E4039AD00600F18C81039A510698
:109BB00000F19582039A920540F184810B9A0799EE
:109BC0001268117003E600BF38600220747A00202A
:109BD0000B9B1A1D0B9B05981B680026B0428DF845
:109BE00043601C4667DB21F080010391002B7FF46A
:109BF000DEAC0B92002840F05A820A900690099041
:109C000044ADFFF758BB0393FFF7C4BB039B0B9A0C
:109C1000D90652F8044B3FF5F8AD039B5E0640F1C0
:109C2000768144F3C0360B9224B23346FFF7BBBBB8
:109C3000AD48039B9D0640F1B5800B9B073323F095
:109C400007031A465C6852F8083B0B92039A12F01D
:109C50000102069240F08C808DF84320059A002A7C
:109C6000C0F2B780039A22F49062039253EA04028E
:109C700040F0F380059A002A00F0F68103788DF811
:109C80000F31012306920A930DF20F15DDE9192118
:109C9000039B13F084060846944600F0A1829DF8C9
:109CA0004330002B00F0AB82002309930C93FFF7A5
:109CB00015BB8E48BDE70B920391FFF782BB40F0C6
:109CC0000200039031E50B9B1B688DF8AC3001233B
:109CD00006930A932BADFFF7E4BB002A00F0D48172
:109CE0003024FFF774BB039B43F40073039308F124
:109CF000010898F80030FFF7D7B9039B43F0200321
:109D0000039308F1010898F80030FFF7CDB9099BDB
:109D100013930822002116A8F7F7B2FE059B002B2B
:109D2000C0F219810024069725461F460EE02BA994
:109D30005846FEF75FFF411C284400F0FD81B84201
:109D400009DC04F1040400F008820546139A125954
:109D500016AB002AEBD1069F05950AE1089C069BED
:109D60000996E41A002C7FF7C8AA02230C939FE6F9
:109D700053EA04025ED100238DF84330059B002B8B
:109D8000C0F22181039B23F49063039300F0878149
:109D900003788DF80F31069B0A93059B06930DF20D
:109DA0000F1573E70B9A52F8043B0B92039AD406F3
:109DB00008D4520602D59BB2002447E7039A9605C1
:109DC00000F18181002441E742F002020392022265
:109DD0000692039A22F48062039203F00F02825CDF
:109DE0008DF80F211B0943EA0473220953EA141466
:109DF0007FF4A7AC0DF20F15B1E4059B44ADCDE99E
:109E00000933FFF758BA049918AA584600F040FAE7
:109E1000064600287FF423AA9DF84330DDE9192186
:109E2000002B40F089800C9B1BAF002B7FF465AAB0
:109E3000FFF773BA30228DF8442000228DF84320BA
:109E4000059A8DF84510002A039ABDDB22F4906232
:109E500042F0020203920222069203F00F02825C99
:109E6000BEE7099D2846F8F7A3F99DF843300A900C
:109E700020EAE0720692002B7FF4F2AA099D059376
:109E80000B960993FFF717BA5846F7F7D1FBFFF780
:109E9000B2B8059A44AB5B1B9A42B8BF1A460A9304
:109EA000002306920993FFF706BA049918AA5846A8
:109EB00000F0EEF900287FF4D2A9DDE919211BAFEB
:109EC000FFF72BBA0B9A0799126811607FE4059B84
:109ED000074D0B96062B28BF062306930A93099B72
:109EE0000593FFF7E8B900BFC0DF0020ACDF00201A
:109EF000D4DF00200B91002C00F0DC803023012205
:109F00008DF80F310DF20F1523460A9232E4039BB0
:109F10000B929D054ABF44F3C016E61764B2334660
:109F2000FFF741BA039810F4007600F0CF808DF867
:109F30004310DBB2FFF72FBB1BAFFFF7CFB903987E
:109F400010F4007100F0BB80DBB20B920021FFF730
:109F5000DDBAAC4B32E516AB0093002313AA1946C9
:109F60005846FEF76FFE0590013000F0E580099B32
:109F70001393059B002B7CD0632B00F3B68000234A
:109F800009932BAD0822002116A8F7F779FD059C4F
:109F900016AB009313AA234629465846FEF752FEF5
:109FA000844240F01681059900236B5421EAE17246
:109FB00006929DF84320002A40F0B580CDE90A16AC
:109FC0000592FFF778B903788DF80F31039B23F4DE
:109FD00080630393069B0A930DF20F1556E60E9AC3
:109FE0000F99AD1A2846F7F7CBFD9BF801300BB15E
:109FF0000BF1010B844AA31943F10003A2FB030CEC
:10A000002CF0030000EB9C001B1AE31A4FF0CC313C
:10A0100066F1000603FB01F102FB0611A3FB02300F
:10A0200001445B0843EAC1744E08A31943F10003DD
:10A03000A2FB031020F0030101EB90015B1AE31A6D
:10A04000A3FB023166F1000002FB00125B0843EA49
:10A05000C27303EB8303A4EB4303303305F8013CE5
:10A060000120013DFFF701BB059B0A9344A805466B
:10A070000CE69DF84330099D0B96003B18BF012369
:10A080000693059B0A9301E69DF843303BB1059B7F
:10A09000CDE90933012344AD0693FFF7ADB9059B24
:10A0A000FFF727BB059B0B92002B3FF422AB00244C
:10A0B000FFF78CB9059B0A9344ADFFF75BBB039890
:10A0C0000B92FFF723BADBB20024BFE505998DF8A8
:10A0D000436000291C46BFF663AAFFF768BA0B9AD3
:10A0E000079912681180FFF772BB591C5846F5F7A3
:10A0F000D9FC054600B3099044E7886DF7F714FED4
:10A10000FFF76BB8002380460593FEF7D0BF049994
:10A1100018AA584600F0BCF800283FF48AA8FFF7B8
:10A12000A4B83A4E9EE4059A0A92069A0B9601321A
:10A1300006920593FFF760B90498B0F90C30426EAF
:10A1400043F04001D207818109D54FF0FF330793D7
:10A15000FFF795B82B4BFFF7FBBB069F09E7990567
:10A16000F3D4FFF70CB99BB1059B0B965A1C0692D2
:10A170000A9305900990FFF73FB9D707E5D4049BF0
:10A180009B899E05E1D4049B986DF7F7CDFDDCE734
:10A19000059A0993CDE905320B960A92FFF78BB821
:10A1A000049A536ED807D0D493899905CDD4906D75
:10A1B000F7F7BAFDC9E70B9A98F8013052F8041B7B
:10A1C0000B9241EAE17180460591FEF76DBF0846AA
:10A1D000E3E4049A938943F040039381FFF73FB887
:10A1E0000996FFF770B8069350E5059B0122012BF5
:10A1F000B8BF01230DF20F150A92FFF7BBBA0993FE
:10A20000FFF788B838600220CDCCCCCC747A00201F
:10A21000F0B50D46ADF2744D164689896A6E1B92F3
:10A22000EA89ADF8162021F00201EA69ADF81410B0
:10A2300009921CA96A6A0291074606910B924FF493
:10A240008061002218A80193049107910892F7F702
:10A2500065FD3246019B02A93846FEF7B5FE061E93
:10A2600007DB02A93846FDF75FF9002818BF4FF059
:10A27000FF36BDF814305B0603D5AB8943F04003CD
:10A28000AB811898F7F74CFD30460DF2744DF0BDD8
:10A29000936810B514461BB918460023636010BDBF
:10A2A00000F068F80023A3600023636010BD00BFC6
:10A2B0002DE9F0438E681D46AE420B6883B00C4614
:10A2C00090463AD8B1F90CC01CF4906F0FD13546C6
:10A2D000184641462A46F7F741FBA3689E1B2368B0
:10A2E000A6602B440020236003B0BDE8F0834A69D8
:10A2F000096902EB42025E1A02EBD2726B1C521029
:10A300003344934294BF17461F46934288BF1A4670
:10A310001CF4806F814612D01146F5F7C3FBF0B1F3
:10A32000324621690190F3F7FFFAA289019B22F4DA
:10A33000906242F08002A28105E02E46C8E7F5F760
:10A340009DFE034638B123613344BE1BA66067619E
:10A3500023602E46BCE721694846F8F73BF8A389FD
:10A360000C2243F04003C9F800204FF0FF30A381D6
:10A37000BAE700BF9368002B00F0B7802DE9F04FDB
:10A38000B1F90CC01CF0080F83B00C46804617468C
:10A390002DD00B695BB31CF002033E6833D04FF045
:10A3A000000ADFF8C4B25546B9465D452B46524611
:10A3B00028BF5B464046B5B1E169676AB8470028E7
:10A3C00040F38B80D9F808301B1A8244C9F8083052
:10A3D000002B79D02D1A5D452B46524628BF5B468F
:10A3E0004046002DE8D1D6E900A50836DDE7214634
:10A3F000404600F075F9002874D1B4F90CC03E68ED
:10A400001CF00203CBD11CF0010A70D12368009725
:10A410005546002D54D01CF4007FD4F808901846FF
:10A4200000F0AB80A945CB4600F2E4801CF4906FAD
:10A4300034D021696269A3EB010902EB420202EB0D
:10A44000D27209F1010352102B44934294BF9346F8
:10A450009B46934288BF1A461CF4806F00F0E98047
:10A4600011464046F5F71EFB002800F0F7804A46EB
:10A4700021690190F3F758FAA289019B22F49062B6
:10A4800042F08002A28103EB09002361ABEB0903D8
:10A49000C4F814B0A3602060A946AB4651465A46A2
:10A4A000F7F75CFAA2682368A2EB0902A260009A9F
:10A4B00091685B44491B2360916029B1B4F90CC0D9
:10A4C000D6E900A50836A4E7002003B0BDE8F08F68
:10A4D00021464046FDF728F868B3B4F90C3043F044
:10A4E0004003A3814FF0FF30EFE7002070471D4687
:10A4F0009A461846B946009365B3002831D05246B3
:10A50000D4E904132068AA4228BF2A46884204D905
:10A51000A16803EB010B5A457CDC93426DDCE169D9
:10A52000009A676A4046B847B0F1000BD5DDBAEB38
:10A530000B0ACDD00120D9F80830A3EB0B03C9F8E2
:10A540000830002BC0D0009BA5EB0B055B440093AB
:10A55000002DD2D1756833460836002DFAD01B681D
:10A560000093009F2A460A213846F7F7C1FD0028CC
:10A5700071D00130A0EB070AC1E722699A4221D3CA
:10A580006269AA421ED86FF00043AB4228BF2B4637
:10A59000E16993FBF2F3676A02FB03F3404652461C
:10A5A000B847B0F1000998DD009A9368A3EB09035E
:10A5B000A5EB09059360002B86D0B4F90CC0236885
:10A5C000CA4426E7A94528BFA94618464A46514627
:10A5D000F7F7C4F9A2682368A2EB09024B44A26012
:10A5E0002360002AE0D121464046FCF79DFF002869
:10A5F000DAD072E7A946AB4650E700990192F7F727
:10A60000ADF9019AA3689B1AA360236813442360E1
:10A6100093468CE700995A46F7F7A0F923685B4404
:10A62000236021464046FCF77FFF00283FF47FAFC0
:10A6300053E74046F5F722FD034600287FF423AF99
:10A6400021694046F7F7C6FEA3890C22C8F800200E
:10A6500023F0800343E76A1C924651E70C22B4F9C9
:10A660000C30C8F800203AE700FCFF7F70B501F11C
:10A6700040030C46096B994282B015D0636B01937D
:10A680005D002A46F5F7FAFC014630B3019B0190C4
:10A69000C6181A463046F3F747F901992660C4E90F
:10A6A0000C15002002B070BD4FF48061F5F7FAF987
:10A6B00098B194F842304FF48062C4E90C0280F8FB
:10A6C000FF3394F8413080F8FE3394F8402080F84E
:10A6D000FD2300F2FD332360E3E74FF0FF30E1E7B5
:10A6E00010B5354B0446186882B00B4610B1426B6A
:10A6F000002A53D0B3F90C20110711D51869C8B13D
:10A70000B3F90C2012F0010126D059694FF0000C6A
:10A710004942C3F808C0996120B3002002B010BDBF
:10A72000D00640D5510723D4186942F008029A8117
:10A730000028E5D19A8902F42072B2F5007FDFD0BB
:10A7400019462046019300F0FFF8019BB3F90C2055
:10A75000186912F00101D8D1940758BF596999605E
:10A760000028DAD11106D9D542F040029A811FE0C3
:10A77000196B61B103F14000814206D0204601937C
:10A78000F7F728FE019BB3F90C2000211963186923
:10A790000021C3E9000122F02402C6E70191F6F787
:10A7A00047FF019BA6E7092142F0400221609A8100
:10A7B0004FF0FF30B2E700BFD86D02202DE9F04F17
:10A7C0008BB0DDE91589149F02901C46B8F1000F8B
:10A7D00057D0166801960029C34608BF4FF0FF37CF
:10A7E000002588460391924606E0019B53F8040B2E
:10A7F0000193002837D06546AF423ED9002C3CD0AB
:10A80000DBF800300493DBF804300593019B0298D9
:10A810001A68D9F8C8615B4606A9B047431C33D013
:10A8200000EB050CBC453AD8039B013C002BDCD067
:10A8300000280DDD08F1FF32019E06A900EB020E93
:10A8400011F8013B02F8013F7245F9D101968044AD
:10A85000019BDAF8002053F8040B01930432CAF884
:10A8600000200028C7D10399D84609B1CAF80000D2
:10A870000022C8F800200CF1FF3528460BB0BDE8D7
:10A88000F08F00F58678A4E7029B05468A21002216
:10A8900028461960CBF800200BB0BDE8F08FD846F1
:10A8A000DDF810A0DDF814B02846C8E900AB0BB005
:10A8B000BDE8F08F00B585B0DFF81CC006980090A9
:10A8C0000798019003480068CDF808C0FFF776FFAD
:10A8D00005B000BDD86D0220706B0220184B984265
:10A8E0002BD870B50446174D4FF0000E40F6F90016
:10A8F00003E003F1010E70451ADB0EEB000303EBDE
:10A90000D37323F0010101EB630105EB410C5B10F4
:10A910009CF80120BCF80260BCF804C042EA0622A0
:10A9200094446445E5D8944204D2581E7045E4DA54
:10A93000FF2070BD15F8110070BDFF20704700BFEB
:10A94000EF010E00847A0020B1F90C20930706D5A0
:10A9500001F143030122C1E904320B60704730B5B5
:10A960000B46B1F90E10002999B0044632DB02AA59
:10A97000009300F05BF80028009B29DB4FF4806116
:10A9800020460093039DF5F78DF8009BB3F90C204A
:10A99000002839D005F4704142F080021860186137
:10A9A000B1F5005F4FF480609A8158613AD1B3F9F4
:10A9B0000E100093204600F04DF8009BB3F90C20D8
:10A9C00080B322F0030242F001024FF4006117E06D
:10A9D000B3F90C20019312F0800F0CBF4FF480618B
:10A9E000402120460091F5F75DF8019B0099B3F9ED
:10A9F0000C2048B1C3E9040142F080021860002134
:10AA00000A439A8119B030BD9105FBD422F00302AC
:10AA100003F1430142F002020120C3E904109A81CC
:10AA20001960EFE74FF40061EAE700BF38B5084C62
:10AA300000230546084611462360F3F75DF9431CE1
:10AA400000D038BD2368002BFBD02B6038BD00BF81
:10AA50009829042038B5074C002305460846236092
:10AA6000F3F750F9431C00D038BD2368002BFBD00E
:10AA70002B6038BD9829042041EC170BB5EEC07B44
:10AA8000F1EE10FA01D400F00BB808B581F00041E6
:10AA900000F006F8404261EB410108BD00000000F3
:10AAA0009FED0B7B41EC160B9FED0B5B26EE077BBE
:10AAB000BCEEC77BB8EE474BA4EE456BFCEEC67B05
:10AAC00017EE101A17EE900A704700BFAFF3008020
:10AAD000000000000000F03D000000000000F04118
:10AAE0005FF800F0551F00605FF800F03517006058
:10AAF0005FF800F03D2700605FF800F0E926006095
:10AB00005FF800F04D180060000000000000000039
:04AB1000F8B500BFD5
:08AB14009848FF7F01000000DA
:10AB1C000000000000000000000000000000000029
:10AB2C000000000000000000000000000000000019
:10AB3C000000000000000000000000000000000009
:10AB4C0000000000000000000000000000000000F9
:10AB5C0000000000000000000000000000000000E9
:10AB6C0000000000000000000000000000000000D9
:10AB7C0000000000000000000000000000000000C9
:10AB8C0000000000000000000000000000000000B9
:10AB9C0000000000000000000000000000000000A9
:10ABAC000000000000000000000000000000000099
:10ABBC000000000000000000000000000000000089
:10ABCC000000000000000000000000000000000079
:10ABDC000000000000000000000000000000000069
:10ABEC000000000000000000000000000000000059
:10ABFC000000000000000000000000000000000049
:10AC0C000000000000000000000000000000000038
:10AC1C000000000000000000000000000000000028
:10AC2C000000000000000000000000000000000018
:10AC3C000000000000000000000000000000000008
:10AC4C0000000000000000000000000000000000F8
:10AC5C0000000000000000000000000000000000E8
:10AC6C0000000000000000000000000000000000D8
:10AC7C0000000000000000000000000000000000C8
:10AC8C0000000000000000000000000000000000B8
:10AC9C0000000000000000000000000000000000A8
:10ACAC000000000000000000000000000000000098
:10ACBC000000000000000000000000000000000088
:10ACCC000000000000000000000000000000000078
:10ACDC000000000000000000000000000000000068
:10ACEC000000000000000000000000000000000058
:10ACFC000000000000000000000000000000000048
:10AD0C000000000000000000000000000000000037
:10AD1C000000000000000000000000000000000027
:10AD2C000000000000000000000000000000000017
:10AD3C000000000000000000000000000000000007
:10AD4C0000000000000000000000000000000000F7
:10AD5C0000000000000000000000000000000000E7
:10AD6C0000000000000000000000000000000000D7
:10AD7C0000000000000000000000000000000000C7
:10AD8C0000000000000000000000000000000000B7
:10AD9C000080E03779C34143176E05B5B5B89346CB
:10ADAC00F5F93FE9034F384D321D30F94877825A97
:10ADBC003CBF737FDD4F1575000000000000F03FB5
:10ADCC00000000000000244000000000000059407A
:10ADDC000000000000408F40000000000088C340CD
:10ADEC0000000000006AF8400000000080842E4142
:10ADFC0000000000D01263410000000084D797418E
:10AE0C000000000065CDCD41000000205FA0024293
:10AE1C00000000E876483742000000A2941A6D4208
:10AE2C00000040E59C30A2420000901EC4BCD642FB
:10AE3C0000003426F56B0C430080E03779C34143A6
:10AE4C0000A0D8855734764300C84E676DC1AB431C
:10AE5C00003D9160E458E143408CB5781DAF15443A
:10AE6C0050EFE2D6E41A4B4492D54D06CFF0804415
:10AE7C00F64AE1C7022DB544B49DD9794378EA442A
:10AE8C00000000000000F03F000000000000F0BFD8
:10AE9C00000000000000F0BF000000000000F03FC8
:10AEAC0083C8C96D305F6441182D4454FB21F93FB0
:10AEBC00000000000000F03F1C620CFDFFFFDFBF34
:10AECC00198F06E15355A53F9D359AE887C056BFAB
:10AEDC00C3F87B024393F93E03A695595455C5BF5D
:10AEEC00C40B23057610813F24CF7437EB9429BF14
:10AEFC00000000000000F03F000000000000F0BF68
:10AF0C00000000000000F0BF000000000000F03F57
:10AF1C0083C8C96D305F6441182D4454FB21F93F3F
:10AF2C00000000000000F0BF1C620CFDFFFFDF3FC3
:10AF3C00198F06E15355A5BF9D359AE887C0563F3A
:10AF4C00C3F87B024393F9BE03A695595455C5BF6C
:10AF5C00C40B23057610813F24CF7437EB9429BFA3
:10AF6C00BC89D897B2D29C3C33A7A8D523F64939D3
:10AF7C003DA7F444FD0FA5329D978CCF08BA5B25F5
:10AF8C00436FAC64280668111F1C1F1E1F1E1F1F59
:10AF9C001E1F1E1FFF0078018001430288018701DC
:10AFAC008C018B01920191019501F6019901980197
:10AFBC009A013D029E012002A801A701AD01AC013E
:10AFCC00B001AF01B901B801BD01BC01BF01F7016E
:10AFDC00C601C401C901C701CC01CA01DD018E0142
:10AFEC00F301F101F501F4013A02652C3C023B023C
:10AFFC003E02662C42024102530281015402860138
:10B00C005602890157028A0159028F015B02900195
:10B01C006002930163029401680297016902960130
:10B02C006B02622C6F029C0172029D0175029F01E2
:10B03C007D02642C8002A6018302A9018802AE0164
:10B04C00890244028A02B1018B02B2018C024502D0
:10B05C009202B7017B03FD037C03FE037D03FF0318
:10B06C00AC038603C203A303CC038C03CD038E0372
:10B07C00CE038F03F203F903F803F703FB03FA0380
:10B08C00CF04C0047D1D632C511F591F531F5B1F20
:10B09C00551F5D1F571F5F1F781FF81F791FF91F62
:10B0AC00B31FBC1FCC1FC31FE51FEC1FFC1FF31FDE
:10B0BC004E21322184218321612C602C762C752C1D
:10B0CC003C41464B00010203000102036100E01AFF
:10B0DC00E000E017F800E007000101303201010642
:10B0EC00390101104A01012E790101068201010486
:10B0FC00A0010106B3010104CD010110DE01011212
:10B10C00F8010128220201124602010AAD03DB03F9
:10B11C00B103E011C303E009D80301183004E020A7
:10B12C005004B010600401228A040136C104010EDF
:10B13C00D00401446105D026001E0196A01E015AC0
:10B14C00001F0808101F0806201F0808301F0808D9
:10B15C00401F0806601F0808701F4A02721F560421
:10B16C00761F64027A1F70027C1F7E02801F080803
:10B17C00901F0808A01F0808B01F0802D01F080263
:10B18C00E01F08027021F010D024E61A302CD02FCA
:10B19C00672C0106802C0164002D002641FFE01A6B
:10B1AC000000000000000000351F0000211F0000FF
:10B1BC00C91D0000711E00009D1E0000E91E00004C
:10B1CC00851E000000000000000000004D1800600B
:10B1DC0000000000000000004D83000059830000B7
:10B1EC0051830000F58300007D890000AD880000CC
:10B1FC0009890000A587000065850000B58D000059
:10B20C007D820000E18200004D8A0000698200000E
:10B21C006D82000075820000798200007D8500003F
:10B22C00558B0000D18B0000BD86000061820000B0
:10B23C0071820000B58C0000E18900006D83000074
:10B24C00000000000000000041A6000045BD000009
:10B25C0041BD00003DBD000039BD000045A9000006
:10B26C0049A9000035BD00000000000000000000EE
:10B27C00351F0000211F0000C91D0000711E0000B9
:10B28C009D1E0000E91E0000851E0000000000004D
:10B29C00000000002149000051490000C91D0000B8
:10B2AC001D490000F9480000591A0000054900002A
:10B2BC000000000000000000798F00007D8F00006E
:10B2CC00E58D000075930000A59E0000DD96000042
:10B2DC00C1780000AD8F0000899E00008D9F00009A
:10B2EC006597000059780000E9980000098F00006C
:10B2FC00158F0000D98D0000DD8D0000E18D000060
:10B30C00218F0000458F0000698F0000F59300002D
:10B31C00918F0000D991000041940000019500002C
:10B32C00D8399D270054EA2A00A4781F007B9A176D
:10B33C000000000000000000000000000000000001
:10B34C0000000000000000000000000000000000F1
:10B35C0000000000000000000000000000000000E1
:10B36C001011121314151617181900000000000004
:10B37C00001A1B1C1D1E1F00000000000000000016
:10B38C0000000000000000000000000000000000B1
:10B39C00001A1B1C1D1E1F000000000000000000F6
:10B3AC000000000000000000000000000000000091
:10B3BC000000000000000000000000000000000081
:10B3CC000000000000000000000000000000000071
:10B3DC000000000000000000000000000000000061
:10B3EC000000000000000000000000000000000051
:10B3FC000000000000000000000000000000000041
:10B40C000000000000000000000000000000000030
:10B41C000000000000000000000000000000000020
:10B42C000000000000000000000000000000000010
:10B43C00A2000000F9A2000083F9A2006E83F9A219
:10B44C004E6E83F9444E6E8315444E6E2915444E50
:10B45C00FC29154427FC29155727FC29D15727FC13
:10B46C00F5D1572734F5D157DD34F5D1C0DD34F59E
:10B47C00DBC0DD3462DBC0DD9562DBC0999562DB3D
:10B48C003C999562433C999590433C994190433C3F
:10B49C000020202020202020202028282828282098
:10B4AC002020202020202020202020202020202090
:10B4BC0020881010101010101010101010101010F8
:10B4CC0010040404040404040404041010101010E8
:10B4DC0010104141414141410101010101010101B2
:10B4EC000101010101010101010101011010101004
:10B4FC001010424242424242020202020202020284
:10B50C0002020202020202020202020210101010D7
:10B51C0020000000000000000000000000000000FF
:10B52C00000000000000000000000000000000000F
:10B53C0000000000000000000000000000000000FF
:10B54C0000000000000000000000000000000000EF
:10B55C0000000000000000000000000000000000DF
:10B56C0000000000000000000000000000000000CF
:10B57C0000000000000000000000000000000000BF
:10B58C0000000000000000000000000000000000AF
:10B59C00000000000030013002300CFF0EFFFB30C9
:10B5AC001AFF1BFF1FFF01FF9B309C30B40040FFB4
:10B5BC00A8003EFF3E203FFFFD30FE309D309E3008
:10B5CC000330DD4E053006300730FC3014201020DF
:10B5DC000FFF3CFF1C3016205CFF26202520182076
:10B5EC0019201C201D2008FF09FF143015303BFFCB
:10B5FC003DFF5BFF5DFF083009300A300B300C302B
:10B60C000D300E300F30103011300BFF1222B10004
:10B61C00D700F7001DFF60221CFF1EFF6622672269
:10B62C001E22342242264026B00032203320032131
:10B63C00A50004FFA200A30005FF03FF06FF0AFFFD
:10B64C0020FFA70006260526CB25CF25CE25C7250E
:10B65C00C625A125A025B325B225BD25BC253B209B
:10B66C00123092219021912193211330000000007F
:10B67C0000000000000000000000000000000000BE
:10B68C00000008220B2286228722822283222A2271
:10B69C002922000000000000000000000000000053
:10B6AC00000027222822AC00D221D4210022032220
:10B6BC002922000000000000000000000000000033
:10B6CC000000000000002022A522122302220722E3
:10B6DC00612252226A226B221A223D221D2235221D
:10B6EC002B222C22000000000000000000000000B3
:10B6FC0000002B2130206F266D266A262020212069
:10B70C00B6002C22000000000000EF250000000015
:10B71C000000000000000000000000010101010118
:10B72C000101010101000000000000000101010104
:10B73C0001010101010101010101010101010101ED
:10B74C0001010101010100000000000000010101E4
:10B75C0001010101010101010101010101010101CD
:10B76C000101010101010100910392039303940370
:10B77C00950396039703980399039A039B039C03E1
:10B78C009D039E039F03A003A103A303A403A5038E
:10B79C00A603A703A803A9030000000000000000F3
:10B7AC000000000000000000B103B203B303B403B7
:10B7BC00B503B603B703B803B903BA03BB03BC03A1
:10B7CC00BD03BE03BF03C003C103C303C403C5034E
:10B7DC00C603C703C803C9031004110412041304DD
:10B7EC0014041504010416041704180419041A048B
:10B7FC001B041C041D041E041F0420042104220429
:10B80C0023042404250426042704280429042A04D8
:10B81C002B042C042D042E042F0400000000000027
:10B82C00000000000000000000000000000000000C
:10B83C000000000000000000300431043204330426
:10B84C0034043504510436043704380439043A04FA
:10B85C003B043C043D043E043F04400441044204C8
:10B86C0043044404450446044704480449044A0478
:10B87C004B044C044D044E044F04000000250225DB
:10B88C000C251025182514251C252C25242534259C
:10B89C003C25012503250F2513251B2517252325BD
:10B8AC0033252B253B254B2520252F2528253725D2
:10B8BC003F251D253025252538254225080000105B
:10B8CC0010000002180000122000000428000014D0
:10B8DC003000000638000016400000084800001830
:10B8EC005000000A5800001A6000000C6800001C90
:10B8FC007000000E7800001E8000000888004010C8
:10B90C009000400298004012A0004004A80040148F
:10B91C00B0004006B8004016C0004008C8004018EF
:10B92C00D000400AD800401AE000400CE800401C4F
:10B93C00F000400EF800401E0001000808018010C5
:10B94C00100180021801801220018004280180144B
:10B95C0030018006380180164001800848018018AB
:10B96C005001800A5801801A6001800C6801801C0B
:10B97C007001800E7801801E800140088801C01083
:10B98C009001C0029801C012A001C004A801C0140B
:10B99C00B001C006B801C016C001C008C801C0186B
:10B9AC00D001C00AD801C01AE001C00CE801C01CCB
:10B9BC00F001C00EF801C01E0002000808020011C0
:10B9CC0010020003180200132002000528020015C3
:10B9DC003002000738020017400200094802001923
:10B9EC005002000B5802001B6002000D6802001D83
:10B9FC007002000F7802001F80028008880240113C
:10BA0C009002400398024013A0024005A802401582
:10BA1C00B0024007B8024017C0024009C8024019E2
:10BA2C00D002400BD802401BE002400DE802401D42
:10BA3C00F002400FF802401F000340080803801179
:10BA4C00100380031803801320038005280380153E
:10BA5C00300380073803801740038009480380199E
:10BA6C005003800B5803801B6003800D6803801DFE
:10BA7C007003800F7803801F8003C0088803C011F7
:10BA8C009003C0039803C013A003C005A803C015FE
:10BA9C00B003C007B803C017C003C009C803C0195E
:10BAAC00D003C00BD803C01BE003C00DE803C01DBE
:10BABC00F003C00FF803C01F0004001008040810A6
:10BACC00100400111804081220040810280408148B
:10BADC0030040806380408164004080848040818FE
:10BAEC005004080A5804081A6004080C6804081C5E
:10BAFC007004080E7804081E80040018880448108E
:10BB0C009004001998044812A0040818A8044814BA
:10BB1C00B0044806B8044816C0044808C8044818BD
:10BB2C00D004480AD804481AE004480CE804481C1D
:10BB3C00F004480EF804481E000540100805881053
:10BB4C001005401118058812200548102805881486
:10BB5C003005880638058816400588084805881879
:10BB6C005005880A5805881A6005880C6805881CD9
:10BB7C007005880E7805881E800540188805C81049
:10BB8C00900540199805C812A0054818A805C814B6
:10BB9C00B005C806B805C816C005C808C805C81839
:10BBAC00D005C80AD805C81AE005C80CE805C81C99
:10BBBC00F005C80EF805C81E00068010080608110E
:10BBCC001006801118060813200688102806081580
:10BBDC0030060807380608174006080948060819F1
:10BBEC005006080B5806081B6006080D6806081D51
:10BBFC007006080F7806081F800680188806481102
:10BC0C009006801998064813A0068818A8064815AF
:10BC1C00B0064807B8064817C0064809C8064819B0
:10BC2C00D006480BD806481BE006480DE806481D10
:10BC3C00F006480FF806481F0007C01008078811C7
:10BC4C001007C011180788132007C810280788157B
:10BC5C00300788073807881740078809480788196C
:10BC6C005007880B5807881B6007880D6807881DCC
:10BC7C007007880F7807881F8007C0188807C811BD
:10BC8C009007C0199807C813A007C818A807C815AB
:10BC9C00B007C807B807C817C007C809C807C8192C
:10BCAC00D007C80BD807C81BE007C80DE807C81D8C
:10BCBC00F007C80FF807C81F080810101008400834
:10BCCC0018081012200800112808101430088011D0
:10BCDC0038081016480810185008100A5808101A7E
:10BCEC006008100C6808101C7008100E7808101EE4
:10BCFC008008000A880850109008000B9808501211
:10BD0C00A008080AA8085014B008080BB808501668
:10BD1C00C008100AC8085018D008500AD808501A81
:10BD2C00E008500CE808501CF008500EF808501EA3
:10BD3C00080990101009800918099012200900199F
:10BD4C002809901430098019380990164009000B05
:10BD5C00480990185009900A5809901A6009900CDB
:10BD6C006809901C7009900E7809901E8009400A91
:10BD7C008809D0109009400B9809D012A009480AE4
:10BD8C00A809D014B009480BB809D016C009500A3C
:10BD9C00C809D018D009D00AD809D01AE009D00C9B
:10BDAC00E809D01CF009D00EF809D01E080A1011B1
:10BDBC00180A1013200A4011280A1015300AC01155
:10BDCC00380A1017480A1019500A100B580A101B81
:10BDDC00600A100D680A101D700A100F780A101FE7
:10BDEC00880A5011900A800B980A5013A00A50111F
:10BDFC00A80A5015B00A880BB80A5017C00A800B55
:10BE0C00C80A5019D00A500BD80A501BE00A500D22
:10BE1C00E80A501DF00A500FF80A501F080B901139
:10BE2C00180B9013200B4019280B9015300BC019D0
:10BE3C00380B9017480B9019500B900B580B901B0C
:10BE4C00600B900D680B901D700B900F780B901F72
:10BE5C00880BD011900BC00B980BD013A00B501962
:10BE6C00A80BD015B00BC80BB80BD017C80BD0193A
:10BE7C00D80BD01BE00BD00DE80BD01DF00BD00F66
:10BE8C00F80BD01F000C0012080C1810100C00132B
:10BE9C00180C1812200C0812280C1814300C08134B
:10BEAC00380C1816400C1012480C1818500C1013A3
:10BEBC00580C181A600C1812680C181C700C180E00
:10BECC00780C181E800C001A880C5810900C001B53
:10BEDC00980C5812A00C081AA80C5814B00C081B7B
:10BEEC00B80C5816C00C101AC80C5818D00C101BD3
:10BEFC00D80C581AE00C181AE80C581CF00C580EF8
:10BF0C00F80C581E000D4012080D9810100D40131F
:10BF1C00180D9812200D4812280D9814300D481346
:10BF2C00380D9816400D5012480D9818500D50139E
:10BF3C00580D981A600D5812680D981C700D980EBB
:10BF4C00780D981E800D401A880DD810900D401B4E
:10BF5C00980DD812A00D481AA80DD814B00D481B76
:10BF6C00B80DD816C00D501AC80DD818D00D501BCE
:10BF7C00D80DD81AE00D581AE80DD81CF00DD80EB3
:10BF8C00F80DD81E000E8012080E1811100E80131A
:10BF9C00180E1813200E8812280E1815300E881340
:10BFAC00380E1817400E9012480E1819500E901398
:10BFBC00580E181B600E9812680E181D700E180F74
:10BFCC00780E181F800E801A880E5811900E801B48
:10BFDC00980E5813A00E881AA80E5815B00E881B70
:10BFEC00B80E5817C00E901AC80E5819D00E901BC8
:10BFFC00D80E581BE00E981AE80E581DF00E580F6C
:10C00C00F80E581F000FC012080F9811100FC01314
:10C01C00180F9813200FC812280F9815300FC8133B
:10C02C00380F9817400FD012480F9819500FD01393
:10C03C00580F981B600FD812680F981D700F980F2F
:10C04C00780F981F800FC01A880FD811900FC01B43
:10C05C00980FD813A00FC81AA80FD815B00FC81B6B
:10C06C00B80FD817C00FD01AC80FD819D00FD01BC3
:10C07C00D80FD81BE00FD81AE80FD81DF00FD81B1B
:10C08C00F80FD81F08102010101040101810201294
:10C09C002810201430108810381020164010001171
:10C0AC0048102018501040115810201A6010081217
:10C0BC006810201C701088127810201E801000123E
:10C0CC00881008129010401298106012A0102012C4
:10C0DC00A8106014B0106012B8106016C0100013D5
:10C0EC00C8106018D0104013D810601AE010181245
:10C0FC00E810601CF0109812F810601E0811201245
:10C10C00101140111811A012201108182811A01498
:10C11C00301188183811A0164811A0185811A01AFF
:10C12C006011081A6811A01C7011881A7811A01ED1
:10C13C008011101288111812901150129811E012DF
:10C14C00A0111818A811E014B0119818B811E01625
:10C15C00C0111013C811E018D0115013D811E01AE7
:10C16C00E011181AE811E01CF011981AF811E01EF1
:10C17C000012001808120818101240181812201378
:10C18C00201220182812201530126018381220178F
:10C19C004012001948122019501240195812201B35
:10C1AC00601220196812201D7012C8127812201FFC
:10C1BC008012001A8812081A9012401A98126013F2
:10C1CC00A012201AA8126015B012601AB8126017CB
:10C1DC00C012001BC8126019D012401BD812601B71
:10C1EC00E012201BE812601DF012601BF812601F99
:10C1FC000013101808131818101350181813A01344
:10C20C00201348182813A0153013C8183813A0177A
:10C21C00401310194813A019501350195813A01B90
:10C22C006013481A6813A01D7013C81A7813A01F46
:10C23C008013101A8813181A9013501A9813E013BD
:10C24C00A0135818A813E015B013D818B813E0179A
:10C25C00C013101BC813E019D013501BD813E01BCC
:10C26C00E013581AE813E01DF013D81AF813E01F66
:10C27C000814201410140015181420153014081567
:10C28C00381428164014001548142818501410158A
:10C29C005814281A601420156814281C70141815CA
:10C2AC007814281E8014001C8814201C9014001D67
:10C2BC009814201DA014081CA814281CB014081DC8
:10C2CC00B8146816C014101CC8146818D014101DAB
:10C2DC00D814681AE014181CE814681CF014181D03
:10C2EC00F814681E08152015101540151815601542
:10C2FC00201528182815281C301548153815A8168F
:10C30C004815A8185815A81A6015281A6815A81CDD
:10C31C007015A81A7815A81E8015401C8815601C6D
:10C32C009015401D9815601DA015481CA815681C7B
:10C33C00B015481DB815E816C015501CC815E818DE
:10C34C00D015501DD815E81AE015581CE815E81C36
:10C35C00F015581DF815E81E0016001C0816081CD0
:10C36C001016401C1816481C2016201C2816281CB9
:10C37C003016601C381628174016001D4816281950
:10C38C005016401D5816281B6016201D6816281DB7
:10C39C007016601D7816281F8016801C8816A01C2D
:10C3AC009016801D9816A01DA016881CA816A81CF7
:10C3BC00B016881DB8166817C016901CC8166819D8
:10C3CC00D016901DD816681BE016981CE816681D30
:10C3DC00F016981DF816681F0017101C0817181C6B
:10C3EC001017501C1817581C201768182817681C91
:10C3FC003017E8183817A8174017101D4817A81938
:10C40C005017501D5817A81B6017681A6817A81DDD
:10C41C007017E81A7817A81F8017C01C8817E01C23
:10C42C009017C01D9817E01DA017C81CA817E81C72
:10C43C00B017C81DB817E817C017D01CC817E819D3
:10C44C00D017D01DD817E81BE017D81CE817E81D2B
:10C45C00F017D81DF817E81F18186018301848186E
:10C46C003818601C5818301A6818301C7018181AB4
:10C47C007818301E8018001A8818081A9018001B9B
:10C48C0098186019A018201AA818281AB018201B80
:10C49C00B818601DC018101AC818181AD018101B1C
:10C4AC00D818701AE018301AE818701CF018581ABE
:10C4BC00F818701E081920191819601A2819081D67
:10C4CC00301988193819881D4819201B5819B01AA9
:10C4DC006019081B6819B01C7019881B7819B01EDC
:10C4EC008019401A8819481A9019401B9819601B1A
:10C4FC00A019601AA819181DB019601BB819981D3D
:10C50C00C019501AC819581AD019501BD819F01A3A
:10C51C00E019181BE819F01CF019981BF819F01EFB
:10C52C00381A701C581A301B681A301D701A181BD8
:10C53C00781A301F901AC01A981AC81AB01AE01A32
:10C54C00B81AE81AC01A801BC81A881BD01AC01B4C
:10C55C00D81A701BE01AA01BE81A701DF01AE01B09
:10C56C00F81A701F281B481D381BC81D481B601B60
:10C57C00581BB01B681BB01D701BC81B781BB01F51
:10C58C00901BC01B981BC81BA81B581DB01BE01B85
:10C59C00B81BD81DD81BF01BE81BF01DF81BF01F97
:10C5AC00081C201C181C301C381C681C481C601CE7
:10C5BC00581C701C781C381E801C001E881C201EE9
:10C5CC00901C001F981C201FA01C081EA81C281EB5
:10C5DC00B01C081FB81C281FC01C101EC81C301E05
:10C5EC00D01C101FD81C301FE01C181EE81C381E55
:10C5FC00F01C181FF81C781E081D201D181D301D5E
:10C60C00381DA81D481D601D581D701D681D281F54
:10C61C00781DB81E801D401E881D601E901D401F79
:10C62C00981D601FA01D481EA81D681EB01D481F28
:10C63C00B81D681FC01D501EC81D701ED01D501F78
:10C64C00D81D701FE01D581EE81D781EF01D581FC8
:10C65C00F81DF81E081E201E181E301E481E601ED7
:10C66C00581E701E781E381F881EA01E901E801F1C
:10C67C00981EA01FB01E881FB81EA81FC01E801FAA
:10C68C00C81E881FD01E901FD81EB01FE01EA01FF2
:10C69C00E81EA81FF01E981FF81E781F081F201FE9
:10C6AC00181F301F481F601F581F701F781FB81F9E
:10C6BC00881FA01F901FC01F981FE01FB01FC81F0E
:10C6CC00B81FE81FC81FE01FD81FF01F080000028A
:10C6DC00100040001800400220008000280080025A
:10C6EC003000C0003800C0024000000148000003C8
:10C6FC005000400158004003600080016800800336
:10C70C007000C0017800C00380000002880008029D
:10C71C009000000398004802A0000802A8008802BC
:10C72C00B000C800B800C802C0000801C800080367
:10C73C00D0004801D8004803E0008801E8008803D5
:10C74C00F000C801F800C8030801100210014001F4
:10C75C001801500220010003280190023001480109
:10C76C003801D002480110035801500360019001B8
:10C77C00680190037001D0017801D0038001400260
:10C78C00880118029001400398015802A001480248
:10C79C00A8019802B0014803B801D802C0015002A8
:10C7AC00C8011803D0015003D8015803E001580206
:10C7BC00E8019803F0015803F801D803080220029D
:10C7CC0010024002180260022802A002300260022D
:10C7DC003802E002400200034802200350024003EA
:10C7EC0058026003600220036802A0037002600319
:10C7FC007802E0038802A002900280039802A00352
:10C80C00B0028803B802E802C0028003C802280301
:10C81C00D0029003D8026803E002A003E802A80348
:10C82C00F0029803F802E803080320031003400306
:10C83C00180360032803880330036003380398034C
:10C84C0048036003580370036803B0037803F003D4
:10C85C008803A0039003C0039803E003B003C8034C
:10C86C00B803E803C803E003D803F0030800400052
:10C87C001800480010004000280050002000400024
:10C88C00380058003000480058006800480060002C
:10C89C006800700008000010100000201800003024
:10C8AC002000000228000012300000223800003264
:10C8BC0040000004480000145000002458000034CC
:10C8CC006000000668000016700000267800003634
:10C8DC00800000088800001890000028980000389C
:10C8EC00A000000AA800001AB000002AB800003A04
:10C8FC00C000000CC800001CD000002CD800003C6C
:10C90C00E000000EE800001EF000002EF800003ED3
:10C91C0000010004080140101001402018014030B3
:10C92C0020014002280140123001402238014032DF
:10C93C004001400448014014500140245801403447
:10C94C0060014006680140167001402678014036AF
:10C95C008001400888014018900140289801403817
:10C96C00A001400AA801401AB001402AB801403A7F
:10C97C00C001400CC801401CD001402CD801403CE7
:10C98C00E001400EE801401EF001402EF801403E4F
:10C99C00000200080802801010028020180280306B
:10C9AC00200280022802801230028022380280325B
:10C9BC0040028004480280145002802458028034C3
:10C9CC00600280066802801670028026780280362B
:10C9DC008002800888028018900280289802803893
:10C9EC00A002800AA802801AB002802AB802803AFB
:10C9FC00C002800CC802801CD002802CD802803C63
:10CA0C00E002800EE802801EF002802EF802803ECA
:10CA1C000003000C0803C0101003C0201803C03022
:10CA2C002003800C2803C0123003C0223803C0320C
:10CA3C004003C0044803C0145003C0245803C0343E
:10CA4C006003C0066803C0167003C0267803C036A6
:10CA5C008003C0088803C0189003C0289803C0380E
:10CA6C00A003C00AA803C01AB003C02AB803C03A76
:10CA7C00C003C00CC803C01CD003C02CD803C03CDE
:10CA8C00E003C00EE803C01EF003C02EF803C03E46
:10CA9C000804001110040021180400312004000CBB
:10CAAC00280400133004002338040033400400052C
:10CABC004804001550040025580400356004000794
:10CACC0068040017700400277804003780040009FC
:10CADC00880400199004002998040039A004000B64
:10CAEC00A804001BB004002BB804003BC004000DCC
:10CAFC00C804001DD004002DD804003DE004000F34
:10CB0C00E804001FF004002FF804003F0805401152
:10CB1C0010054021180540312005000D2805401353
:10CB2C003005402338054033480540155005402555
:10CB3C0058054035600540076805401770054027CB
:10CB4C007805403780054009880540199005402933
:10CB5C0098054039A005400BA805401BB005402B9B
:10CB6C00B805403BC005400DC805401DD005402D03
:10CB7C00D805403DE005400FE805401FF005402F6B
:10CB8C00F805403F00064008080680111006802179
:10CB9C00180680312006C008280680133006802332
:10CBAC00380680334006400948068015500680251B
:10CBBC005806803560068007680680177006802747
:10CBCC0078068037800680098806801990068029AF
:10CBDC0098068039A006800BA806801BB006802B17
:10CBEC00B806803BC006800DC806801DD006802D7F
:10CBFC00D806803DE006800FE806801FF006802FE7
:10CC0C00F806803F0007400C0807C0111007C02130
:10CC1C001807C0312007C00C2807C0133007C023E9
:10CC2C003807C0334007400D4807C0155007C025D2
:10CC3C005807C0356007C0076807C0177007C027C2
:10CC4C007807C0378007C0098807C0199007C0292A
:10CC5C009807C039A007C00BA807C01BB007C02B92
:10CC6C00B807C03BC007C00DC807C01DD007C02DFA
:10CC7C00D807C03DE007C00FE807C01FF007C02F62
:10CC8C00F807C03F0008001008080810100808201A
:10CC9C0018080830200880102808081230080822CC
:10CCAC0038080832400800114808081450080824B5
:10CCBC00580808346008801168080816700808269F
:10CCCC007808083680080810880808189008082882
:10CCDC0098080838A008080AA808081AB008082AF2
:10CCEC00B808083AC008080CC808081CD008082C5A
:10CCFC00D808083CE008080EE808081EF008082EC2
:10CD0C00F808083E000900140809481010094820CA
:10CD1C001809483020098014280948123009482283
:10CD2C00380948324009001548094814500948246C
:10CD3C005809483460098015680948167009482656
:10CD4C007809483680090814880948189009482839
:10CD5C0098094838A009480AA809481AB009482A6D
:10CD6C00B809483AC009480CC809481CD009482CD5
:10CD7C00D809483CE009480EE809481EF009482E3D
:10CD8C00F809483E000A0018080A8810100A882082
:10CD9C00180A8830200A8018280A8812300A88223B
:10CDAC00380A8832400A0019480A8814500A882424
:10CDBC00580A8834600A8019680A8816700A88260E
:10CDCC00780A8836800A0818880A8818900A8828F1
:10CDDC00980A8838A00A8818A80A881AB00A882ADB
:10CDEC00B80A883AC00A880CC80A881CD00A882C51
:10CDFC00D80A883CE00A880EE80A881EF00A882EB9
:10CE0C00F80A883E000B001C080BC810100BC82039
:10CE1C00180BC830200B801C280BC812300BC822F2
:10CE2C00380BC832400B001D480BC814500BC824DB
:10CE3C00580BC834600B801D680BC816700BC826C5
:10CE4C00780BC836800B081C880BC818900BC828A8
:10CE5C00980BC838A00B881CA80BC81AB00BC82A92
:10CE6C00B80BC83AC00BC80CC80BC81CD00BC82CCC
:10CE7C00D80BC83CE00BC80EE80BC81EF00BC82E34
:10CE8C00F80BC83E000C4010080C0811100C0821BF
:10CE9C00180C0831200CC010280C0813300C082377
:10CEAC00380C0833400C4011480C0815500C082560
:10CEBC00580C0835600CC011680C0817700C08274A
:10CECC00780C0837800C4810880C0819900C08292D
:10CEDC00980C0839A00CC810A80C081BB00C082B17
:10CEEC00B80C083BC00C080DC80C081DD00C082D44
:10CEFC00D80C083DE00C080FE80C081FF00C082FAC
:10CF0C00F80C083F000D4014080D4811100D482175
:10CF1C00180D4831200DC014280D4813300D48232E
:10CF2C00380D4833400D4015480D4815500D482517
:10CF3C00580D4835600DC015680D4817700D482701
:10CF4C00780D4837800D4814880D4819900D4829E4
:10CF5C00980D4839A00DC814A80D481BB00D482BCE
:10CF6C00B80D483BC00D4815C80D481DD00D482DB7
:10CF7C00D80D483DE00D480FE80D481FF00D482F27
:10CF8C00F80D483F000E4018080E8811100E88212D
:10CF9C00180E8831200EC018280E8813300E8823E6
:10CFAC00380E8833400E4019480E8815500E8825CF
:10CFBC00580E8835600EC019680E8817700E8827B9
:10CFCC00780E8837800E4818880E8819900E88299C
:10CFDC00980E8839A00EC818A80E881BB00E882B86
:10CFEC00B80E883BC00E4819C80E881DD00E882D6F
:10CFFC00D80E883DE00E880FE80E881FF00E882FA3
:10D00C00F80E883F000F401C080FC811100FC821E4
:10D01C00180FC831200FC01C280FC813300FC8239D
:10D02C00380FC833400F401D480FC815500FC82586
:10D03C00580FC835600FC01D680FC817700FC82770
:10D04C00780FC837800F481C880FC819900FC82953
:10D05C00980FC839A00FC81CA80FC81BB00FC82B3D
:10D06C00B80FC83BC00F481DC80FC81DD00FC82D26
:10D07C00D80FC83DE00FC81DE80FC81FF00FC82F10
:10D08C00F80FC83F001000200810101010101020CE
:10D09C001810103020108020281010123010102280
:10D0AC003810103240100021481010145010102469
:10D0BC005810103460108021681010167010102653
:10D0CC007810103680100820881010189010102836
:10D0DC0098101038A0108820A810101AB010102A20
:10D0EC00B810103AC0100821C810101CD010102C09
:10D0FC00D810103CE0108821E810101EF010102EF3
:10D10C00F810103E001100240811102410115020AA
:10D11C001811503020118024281150123011502237
:10D12C003811503240110025481150145011502420
:10D13C00581150346011802568115016701150260A
:10D14C0078115036801108248811501890115028ED
:10D15C0098115038A0118824A811501AB011502AD7
:10D16C00B811503AC0110825C811501CD011502CC0
:10D17C00D811503CE0118825E811501EF011502EAA
:10D18C00F811503E0012002808121028101290209E
:10D19C0018129030201280282812901230129022EF
:10D1AC0038129032401200294812901450129024D8
:10D1BC0058129034601280296812901670129026C2
:10D1CC0078129036801208288812901890129028A5
:10D1DC0098129038A0128828A812901AB012902A8F
:10D1EC00B812903AC0120829C812901CD012902C78
:10D1FC00D812903CE0128829E812901EF012902E62
:10D20C00F812903E0013002C0813102C1013D02091
:10D21C001813D0302013802C2813902C3013D022CC
:10D22C003813D0324013002D4813D0145013D0248F
:10D23C005813D0346013802D6813D0167013D02679
:10D24C007813D0368013082C8813D0189013D0285C
:10D25C009813D038A013882CA813D01AB013D02A46
:10D26C00B813D03AC013082DC813D01CD013D02C2F
:10D27C00D813D03CE013882DE813D01EF013D02E19
:10D28C00F813D03E00144020081450201014102124
:10D29C00181410312014C0202814D020301410235E
:10D2AC003814103340144021481410155014102514
:10D2BC00581410356014C0216814101770141027FE
:10D2CC0078141037801448208814101990141029E1
:10D2DC0098141039A014C820A814101BB014102BCB
:10D2EC00B814103BC0144821C814101DD014102DB4
:10D2FC00D814103DE014C821E814101FF014102F9E
:10D30C00F814103F00154024081550241015502116
:10D31C00181550312015C0242815D0243015502351
:10D32C0038155033401540254815501550155025CB
:10D33C00581550356015C0256815501770155027B5
:10D34C007815503780154824881550199015502998
:10D35C0098155039A015C824A815501BB015502B82
:10D36C00B815503BC0154825C815501DD015502D6B
:10D37C00D815503DE015C825E815501FF015502F55
:10D38C00F815503F0016402808165028101690210A
:10D39C00181690312016C0282816D0283016902345
:10D3AC0038169033401640294816502950169025AF
:10D3BC00581690356016C02968169017701690276D
:10D3CC007816903780164828881690199016902950
:10D3DC0098169039A016C828A816901BB016902B3A
:10D3EC00B816903BC0164829C816901DD016902D23
:10D3FC00D816903DE016C829E816901FF016902F0D
:10D40C00F816903F0017402C0817502C1017D021FD
:10D41C001817D0312017C02C2817D02C3017D02338
:10D42C003817D0334017402D4817502D5017D025A2
:10D43C005817D0356017C02D6817D0177017D02724
:10D44C007817D0378017482C8817D0199017D02907
:10D45C009817D039A017C82CA817D01BB017D02BF1
:10D46C00B817D03BC017482DC817D01DD017D02DDA
:10D47C00D817D03DE017C82DE817D01FF017D02FC4
:10D48C00F817D03F0018003008181030101818206A
:10D49C00181818302018803028189030301818229E
:10D4AC003818183240180031481810315018182408
:10D4BC005818183460188031681890317018182674
:10D4CC0078181836801808308818183090181828D2
:10D4DC0098181838A0188830A818181AB018182AD4
:10D4EC00B818183AC0180831C818181CD018182CBD
:10D4FC00D818183CE0188831E818181EF018182EA7
:10D50C00F818183E00190034081910341019582056
:10D51C001819583020198034281990343019582291
:10D52C0038195832401900354819103550195824FB
:10D53C005819583460198035681990357019582667
:10D54C0078195836801908348819183490195828C5
:10D55C0098195838A0198834A819581AB019582A8B
:10D56C00B819583AC0190835C819581CD019582C74
:10D57C00D819583CE0198835E819581EF019582E5E
:10D58C00F819583E001A0038081A1038101A98204A
:10D59C00181A9830201A8038281A9038301A982285
:10D5AC00381A9832401A0039481A1039501A9824EF
:10D5BC00581A9834601A8039681A9039701A98265B
:10D5CC00781A9836801A0838881A1838901A9828B9
:10D5DC00981A9838A01A8838A81A9838B01A982A25
:10D5EC00B81A983AC01A0839C81A981CD01A982C2C
:10D5FC00D81A983CE01A8839E81A981EF01A982E16
:10D60C00F81A983E001B003C081B103C101BD8203D
:10D61C00181BD830201B803C281B903C301BD82278
:10D62C00381BD832401B003D481B103D501BD824E2
:10D63C00581BD834601B803D681B903D701BD8264E
:10D64C00781BD836801B083C881B183C901BD828AC
:10D65C00981BD838A01B883CA81B983CB01BD82A18
:10D66C00B81BD83AC01B083DC81BD81CD01BD82CE3
:10D67C00D81BD83CE01B883DE81BD81EF01BD82ECD
:10D68C00F81BD83E001C4030081C5030101C1821D0
:10D69C00181C1831201CC030281CD030301C18230A
:10D6AC00381C1833401C4031481C5031501C182574
:10D6BC00581C1835601CC031681CD031701C1827E0
:10D6CC00781C1837801C4830881C5830901C18293E
:10D6DC00981C1839A01CC830A81CD830B01C182BAA
:10D6EC00B81C183BC01C4831C81C181DD01C182D68
:10D6FC00D81C183DE01CC831E81C181FF01C182F52
:10D70C00F81C183F001D4034081D5034101D5821C2
:10D71C00181D5831201DC034281DD034301D5823FD
:10D72C00381D5833401D4035481D5035501D582567
:10D73C00581D5835601DC035681DD035701D5827D3
:10D74C00781D5837801D4834881D5834901D582931
:10D75C00981D5839A01DC834A81DD834B01D582B9D
:10D76C00B81D583BC01D4835C81D5835D01D582D07
:10D77C00D81D583DE01DC835E81D581FF01D582F09
:10D78C00F81D583F001E4038081E5038101E9821B6
:10D79C00181E9831201EC038281ED038301E9823F1
:10D7AC00381E9833401E4039481E5039501E98255B
:10D7BC00581E9835601EC039681ED039701E9827C7
:10D7CC00781E9837801E4838881E5838901E982925
:10D7DC00981E9839A01EC838A81ED838B01E982B91
:10D7EC00B81E983BC01E4839C81E5839D01E982DFB
:10D7FC00D81E983DE01EC839E81E981FF01E982FC1
:10D80C00F81E983F001F403C081F503C101FD821A9
:10D81C00181FD831201FC03C281FD03C301FD823E4
:10D82C00381FD833401F403D481F503D501FD8254E
:10D83C00581FD835601FC03D681FD03D701FD827BA
:10D84C00781FD837801F483C881F583C901FD82918
:10D85C00981FD839A01FC83CA81FD83CB01FD82B84
:10D86C00B81FD83BC01F483DC81F583DD01FD82DEE
:10D87C00D81FD83DE01FC83DE81FD83DF01FD82F5A
:10D88C00F81FD83F0820802010202020182020309E
:10D89C0028208028302020223820203240200021CF
:10D8AC004820C020502020245820203460201024F0
:10D8BC006820C028702020267820203688208030D0
:10D8CC009020202898202038A0200830A8208038CC
:10D8DC00B020202AB820203AC0200821C820C0300F
:10D8EC00D020202CD820203CE0200831E820C03863
:10D8FC00F020202EF820203E002100240821802139
:10D90C001021102418216030202120242821802966
:10D91C003021602238216032402100254821C0216D
:10D92C005021602458216034602150246821C02982
:10D93C00702160267821603680210824882180316E
:10D94C009021602898216038A0210834A8218039C2
:10D95C00B021602AB821603AC0210825C821C03105
:10D96C00D021602CD821603CE0210835E821C03959
:10D97C00F021602EF821603E002200300822803019
:10D98C00102208301822A03020221030282288289B
:10D99C003022A0223822A032402240304822C0300F
:10D9AC005022A0245822A034602250306822C8286B
:10D9BC007022A0267822A03680222030882288303F
:10D9CC009022A0289822A038A0221830A8228838AB
:10D9DC00B022A02AB822A03AC0226030C822C83097
:10D9EC00D022A02CD822A03CE0221831E822C83842
:10D9FC00F022A02EF822A03E002300310823803113
:10DA0C00102308311823E0302023103128238829D3
:10DA1C00302318313823E032402340314823C031C1
:10DA2C005023E0245823E034602350316823C82964
:10DA3C007023E0267823E03680231824882388314D
:10DA4C009023E0289823E038A0231834A8238839A1
:10DA5C00B023E02AB823E03AC0231825C823C831E4
:10DA6C00D023E02CD823E03CE0231835E823C83938
:10DA7C00F023E02EF823E03E0824802410242024F8
:10DA8C00182420312824802C3024103138242033C1
:10DA9C00402400254824C024502420255824203517
:10DAAC00602410256824C02C70242027782420376B
:10DABC00882480349024202998242039A0244830AC
:10DACC00A824803CB024202BB824203BC02408255B
:10DADC00C824C034D024202DD824203DE024483143
:10DAEC00E824C03CF024202FF824203F0825802572
:10DAFC0010252025182560312825802D3025503102
:10DB0C00382560334825C0255025602558256035BB
:10DB1C006825C02D702560277825603788258035CD
:10DB2C009025602998256039A0254834A825803D8A
:10DB3C00B025602BB825603BC825C035D025602D9D
:10DB4C00D825603DE0254835E825C03DF025602FFF
:10DB5C00F825603F0026003408268034102608344F
:10DB6C001826A031202610342826882C302618346C
:10DB7C003826A033402640344826C034502648343A
:10DB8C005826A035602650346826C82C7026A0274D
:10DB9C007826A03780262034882688349026A02921
:10DBAC009826A039A0265830A826883CB026A02B51
:10DBBC00B826A03BC0266034C826C834D026A02D79
:10DBCC00D826A03DE0265831E826C83CF026A02FE8
:10DBDC00F826A03F00270035082780351027083588
:10DBEC001827E031202710352827882D30271835A5
:10DBFC003827E033402740354827C0355027483573
:10DC0C005827E035602750356827C82D7027E02746
:10DC1C007827E03780272035882788359027E0291A
:10DC2C009827E039A0275834A827883DB027E02B47
:10DC3C00B827E03BC0276035C827C835D027E02D72
:10DC4C00D827E03DE0275835E827C83DF027E02FDE
:10DC5C00F827E03F0828202810288028182828308A
:10DC6C002828902830288828382828324028002C4A
:10DC7C004828202C5028802C582828346028082C20
:10DC8C006828D0287028882C782828368828903046
:10DC9C0098282838A0282830A8289038B028282A76
:10DCAC00B828283AC028102CC828D030D028282CC6
:10DCBC00D828283CE028182CE828D038F028282E22
:10DCCC00F828283E0029002C0829082C1029102C93
:10DCDC00182968302029202C282990293029D03067
:10DCEC00382968324029402C4829602C5029C02CF6
:10DCFC00582968346029482C6829D0297029C82CE7
:10DD0C00782968368029802C882990319029282CF4
:10DD1C0098296838A0292834A8299039B029682A6C
:10DD2C00B829683AC029502CC829D031D029682C80
:10DD3C00D829683CE029582CE829D039F029682EDC
:10DD4C00F829683E002A0038082A2038102A803822
:10DD5C00182AA830202A0838282A2838302A883847
:10DD6C00382AA832402A003C482A203C502A803CC1
:10DD7C00582AA834602A083C682A283C702A883C17
:10DD8C00782AA836802A1038882A9830902A903819
:10DD9C00982AA838A02A1838A82A9838B02A98386F
:10DDAC00B82AA83AC02A103CC82AD830D02AA82CA5
:10DDBC00D82AA83CE02A183CE82AD838F02AA82E01
:10DDCC00F82AA83E002B4038082B6038102BC0389E
:10DDDC00182BE830202B4838282B6838302BC838C3
:10DDEC00382BE832402B403C482B603C502BC03C3D
:10DDFC00582BE834602B483C682B683C702BC83C93
:10DE0C00782BE836802B5038882B9831902BD038D3
:10DE1C00982BE838A02B5838A82B9839B02BD83829
:10DE2C00B82BE83AC02B503CC82BD831D02BE82C5F
:10DE3C00D82BE83CE02B583CE82BD839F02BE82EBB
:10DE4C00F82BE83E082C202C102C802C182C283178
:10DE5C00282C902C302C9031382C2833402C002D31
:10DE6C00482C202D502C802D582C2835602C082D1A
:10DE7C00682CD02C702C882D782C2837882C90343A
:10DE8C00982C2839A02C6830A82C903CB02C6838E1
:10DE9C00B82C283BC02C102DC82CD034D02C282DBD
:10DEAC00D82C283DE02C182DE82CD03CF02C282F19
:10DEBC00F82C283F082D202D102D802D182D683181
:10DECC00282D902D302DD031382D6833482D602DD4
:10DEDC00502DC02D582D6835682DD02D702DC82D86
:10DEEC00782D6837882D9035982D6839A02D683499
:10DEFC00A82D903DB02D683CB82D683BC82DD03571
:10DF0C00D82D683DE02D6835E82DD03DF02D682FDB
:10DF1C00F82D683F002E0039082E2039102E80393C
:10DF2C00182EA831202E0839282E2839302E883961
:10DF3C00382EA833402E003D482E203D502E803DDB
:10DF4C00582EA835602E083D682E283D702E883D31
:10DF5C00782EA837802E1039882E9834902E903930
:10DF6C00982EA839A02E1839A82E983CB02E983986
:10DF7C00B82EA83BC02E103DC82ED834D02E903DC4
:10DF8C00D82EA83DE02E183DE82ED83CF02EA82F18
:10DF9C00F82EA83F002F4039082F6039102FC039B8
:10DFAC00182FE831202F4839282F6839302FC839DD
:10DFBC00382FE833402F403D482F603D502FC03D57
:10DFCC00582FE835602F483D682F683D702FC83DAD
:10DFDC00782FE837802F5039882F9835902FD039EB
:10DFEC00982FE839A02F5839A82F983DB02FD83941
:10DFFC00B82FE83BC02F503DC82FD835D02FD03D7F
:10E00C00D82FE83DE02F583DE82FD83DF02FD83DD4
:10E01C00F82FE83F18303030383030324030003193
:10E02C0048300831503010315830303460302031A5
:10E03C006830283170301834783030368830A03061
:10E04C0098303038A830A038B0308838B830303AF2
:10E05C00C0308031C830E030D0309031D830303CD6
:10E06C00E0308831E830E038F0308839F830303E34
:10E07C0000310034083108341031103418311834A0
:10E08C00203120342831283430313034383170325A
:10E09C004031003548310835503110355831703425
:10E0AC00603120356831283570315834783170360C
:10E0BC00803180348831A03190319034983170386F
:10E0CC00A0318834A831A039B031883CB831703ACD
:10E0DC00C0318035C831E031D0319035D831703C09
:10E0EC00E0318835E831E039F031883DF831703E67
:10E0FC00003200380832803810320838183288382C
:10E10C002032103828329038303218383832B03249
:10E11C00403240384832C038503248385832B03427
:10E12C00603250386832D038703258387832B03665
:10E13C00803220388832A038903228389832B03863
:10E14C00A0323038A832A838B0329838B832B03A49
:10E15C00C0326038C832E038D0326838D832B03C7F
:10E16C00E0327038E832E838F0329839F832B03EA4
:10E17C0000330039083380391033083918338839A3
:10E18C0020331039283390393033183938339839D3
:10E19C00403340394833C039503348395833F03460
:10E1AC00603350396833D039703358397833F0369E
:10E1BC00803320398833A039903328399833F0389C
:10E1CC00A0339834A833A839B033983CB833F03A1C
:10E1DC00C0336039C833E039D0336839D833F03CB8
:10E1EC00E0339835E833E839F033983DF833F03EB6
:10E1FC001834303438341839403400354834083544
:10E20C005034103558343035603420356834283566
:10E21C0070341835783430378834A0349834303929
:10E22C00A834A03CB034C838B834303BC034803546
:10E23C00C834E034D0349035D834303DE0348835AF
:10E24C00E834E03CF034C839F834303F1835303518
:10E25C003835583958357035783570378835A0359C
:10E26C0098357039A835A03DB035C83CB835703BF1
:10E27C00C835E035D835703DE835E03DF035C83D62
:10E28C00F835703F0036003C0836803C1036083CB0
:10E29C001836883C2036103C2836903C3036183CDA
:10E2AC003836983C4036403C4836C03C5036483CAA
:10E2BC005836C83C6036503C6836D03C7036583CBA
:10E2CC007836B0378036203C8836A03C9036283CD7
:10E2DC009836B039A036303CA836A83CB036D83881
:10E2EC00B836B03BC036603CC836E03CD036683CF3
:10E2FC00D836B03DE036703CE836E83CF036D839DC
:10E30C00F836B03F0037003D0837803D1037083DE8
:10E31C001837883D2037103D2837903D3037183D51
:10E32C003837983D4037403D4837C03D5037483D21
:10E33C005837C83D6037503D6837D03D7037583D31
:10E34C007837F0378037203D8837A03D9037283D0F
:10E35C009837F039A037303DA837A83DB037D83CB6
:10E36C00B837F03BC037603DC837E03DD037683D2B
:10E37C00D837F03DE037703DE837E83DF037D83D11
:10E38C00F837F03F38389838403800394838083971
:10E39C0050381039583818396038203968382839CD
:10E3AC00703830397838983CA838B038B838383AA2
:10E3BC00C0388039C8388839D0389039D838383C8A
:10E3CC00E038A039E838F038F838383EF038A83959
:10E3DC000039003C0839083C1039103C1839183CFD
:10E3EC002039203C2839283C3039303C3839383CED
:10E3FC004039003D4839083D5039103D5839183DD9
:10E40C006039203D6839283D7039303D7839D83C29
:10E41C008039803C8839883C9039903C9839983CBC
:10E42C00A039A03CA839B039B839783AB039A83CF1
:10E43C00C039803DC839883DD039903DD839783CB9
:10E44C00E039A03DE839F039F839783EF039A83D8B
:10E45C00083A103A103A203A183A303A203A803AB0
:10E46C00283A903A303AA03A383AB03A403A003B1F
:10E47C00483A103B503A203B583A303B603A803B8C
:10E48C00683A903B703AA03B783AB03B883AA03A55
:10E49C00983AB03AA83AB03AC03A083BC83A183B56
:10E4AC00D03A283BD83AB83CE03A883BE83A983B1B
:10E4BC00F03AA83BF83AB83E003B003E083B103E11
:10E4CC00103B203E183B303E203B803E283B903E8C
:10E4DC00303BA03E383BB03E403B003F483B103FFA
:10E4EC00503B203F583B303F603B803F683B903F68
:10E4FC00703BA03F783BB03F803B083E883B183ECA
:10E50C00903B283E983B383EA03B883EA83B983E2B
:10E51C00B03BA83EB83BB83EC03B083FC83B183F99
:10E52C00D03B283FD83BF83CE03B883FE83B983F4A
:10E53C00F03BA83FF83BF83E383C983C403C003D53
:10E54C00483C083D503C103D583C183D603C203D3B
:10E55C00683C283D703C303D783C983DA83CB03C34
:10E56C00B83CB03EC03C803DC83C883DD03C903D62
:10E57C00D83C383DE03CA03DE83CF03CF03CA83DAC
:10E58C00F83C383F383D983D783DD83DA83DB03DEE
:10E59C00B83DB03FE83DF03D083E803EF83D783F49
:10E5AC00103E803E183E883E203E803E283E903EE7
:10E5BC00303E883E383E983E403E003F483E203F2D
:10E5CC00503E803F583EA03F603E083F683E283F8B
:10E5DC00703E883F783EA83F883EA03E983EA83EBD
:10E5EC00C03E103FA83EB03EC83E303FD03E903FAC
:10E5FC00D83EB03FE03E183FE83E383FF03E983FF3
:10E60C00083F803FF83EB83F103F803F183F883F9F
:10E61C00203F803F283F903F303F883F383F983F16
:10E62C00483F503F503F603F583F703F603FC03FB6
:10E63C00683FD03F703FE03F783FF03F883FA03FBE
:10E64C00983FA83FA83FB03FD83FF03FC83FE03FBE
:10E65C00E83FF03F0800000210000004180000061C
:10E66C0020004000280040023000400438004006E2
:10E67C004000800048008002500080045800800652
:10E68C006000C0006800C0027000C0047800C006C2
:10E69C00800000018800000390000005980000072E
:10E6AC00A0004001A8004003B0004005B80040079E
:10E6BC00C0008001C8008003D0008005D80080070E
:10E6CC00E000C001E800C003F000C005F800C0077E
:10E6DC0000010002080108021001080418010806D4
:10E6EC002001800228014802300148043801480604
:10E6FC004001000348018802500188045801880633
:10E70C00600180036801C8027001C8047801C80662
:10E71C008001080288010803900108059801080788
:10E72C00A0018802A8014803B0014805B8014807B8
:10E73C00C0010803C8018803D0018805D8018807E7
:10E74C00E0018803E801C803F001C805F801C80717
:10E75C000802100200020004100210041802100635
:10E76C002002800428025002300250043802500665
:10E77C004002000548029002500290045802900694
:10E78C00600280056802D0027002D0047802D006C4
:10E79C0080020804880210039002100598021007EA
:10E7AC00A0028804A8025003B0025005B80250071A
:10E7BC00C0020805C8029003D0029005D802900749
:10E7CC00E0028805E802D003F002D005F802D00779
:10E7DC00000300060803100610031804180318069B
:10E7EC00200380062803900630035804380358068B
:10E7FC004003000748031007500398045803980679
:10E80C0060038007680390077003D8047803D80668
:10E81C008003080688031806900318059803180748
:10E82C00A0038806A8039806B0035805B803580738
:10E83C00C0030807C8031807D0039805D803980726
:10E84C00E0038807E8039807F003D805F803D80716
:10E85C0008048004100420041804200628048005F1
:10E86C003004600438046006400400064804880440
:10E87C005004A0045804A00660041006680488051F
:10E88C007004E0047804E0068804800690042005F7
:10E89C0098042007A0040806A8048007B0046005AB
:10E8AC00B8046007C0042006C8048806D004A0057C
:10E8BC00D804A007E0041806E8048807F004E00573
:10E8CC00F804E00708052005100580051805280642
:10E8DC0028059005300588053805680640050007B1
:10E8EC0048052007500580075805A806600508074D
:10E8FC0068059805700588077805E8068805900670
:10E90C0098052807A0052806A8059007B005280734
:10E91C00B8056807C0051007C8059806D00590070C
:10E92C00D805A807E0051807E8059807F00598072B
:10E93C00F805E8071806300638067006400600078A
:10E94C0048068007500608075806B00660061007F0
:10E95C0068069007700618077806F0068806A00669
:10E96C0098063007A806A007B0068807B8067007F7
:10E97C00C0062007C806A007D0062807D806B0078F
:10E98C00E0063007E806A807F0069807F806F00737
:10E99C004807500738079807500760075807700753
:10E9AC006007C0076807D0077807F0077007E00713
:10E9BC00B807F007A807B007D807F007C807E007A3
:10E9CC00E807F00708004000100080001800C000A5
:10E9DC002000400028004800300088003800C800A3
:10E9EC0040008000480050005800D00050009000BB
:10E9FC006000C0006800D000700098007800D8005B
:10EA0C008800C0009000A000A800D0009800E00092
:10EA1C00B000D000B800E800D800F000C800E0005A
:10EA2C00E800F00008000010100000201800003072
:10EA3C0020000040280000503000006038000070BA
:10EA4C004000000248000012500000225800003222
:10EA5C006000004268000052700000627800007292
:10EA6C0080000004880000149000002498000034FA
:10EA7C00A0000044A8000054B0000064B80000746A
:10EA8C00C0000006C8000016D0000026D8000036D2
:10EA9C00E0000046E8000056F0000066F800007642
:10EAAC0000010008080100181001002818010038A6
:10EABC002001004828010058300100683801007816
:10EACC004001000A4801001A5001002A5801003A7E
:10EADC006001004A6801005A7001006A7801007AEE
:10EAEC008001000C8801001C9001002C9801003C56
:10EAFC00A001004CA801005CB001006CB801007CC6
:10EB0C00C001000EC801001ED001002ED801003E2D
:10EB1C00E001004EE801005EF001006EF801007E9D
:10EB2C0008024010100240201802403020024040E1
:10EB3C0028024050300240603802407048024012B7
:10EB4C005002402258024032600240426802405259
:10EB5C0070024062780240728002400488024014C5
:10EB6C009002402498024034A0024044A802405431
:10EB7C00B0024064B8024074C0024006C80240169D
:10EB8C00D0024026D8024036E0024046E802405609
:10EB9C00F0024066F8024076000340080803401873
:10EBAC0010034028180340382003404828034058DD
:10EBBC0030034068380340784003400A4803401A49
:10EBCC005003402A5803403A6003404A6803405AB5
:10EBDC007003406A7803407A8003400C8803401C21
:10EBEC009003402C9803403CA003404CA803405C8D
:10EBFC00B003406CB803407CC003400EC803401EF9
:10EC0C00D003402ED803403EE003404EE803405E64
:10EC1C00F003406EF803407E08048010100480203E
:10EC2C001804803020048040280480503004806018
:10EC3C0038048070480480125004802258048032BA
:10EC4C006004804268048052700480627804807290
:10EC5C00880480149004802498048034A004804498
:10EC6C00A8048054B0048064B8048074C004800686
:10EC7C00C8048016D0048026D8048036E004804670
:10EC8C00E8048056F0048066F8048076000580085D
:10EC9C000805801810058028180580382005804844
:10ECAC002805805830058068380580784005800A32
:10ECBC004805801A5005802A5805803A6005804A1C
:10ECCC006805805A7005806A7805807A8005800C0A
:10ECDC008805801C9005802C9805803CA005804CF4
:10ECEC00A805805CB005806CB805807CC005800EE2
:10ECFC00C805801ED005802ED805803EE005804ECC
:10ED0C00E805805EF005806EF805807E0806C01070
:10ED1C001006C0201806C0302006C0402806C0507F
:10ED2C003006C0603806C0704806C0125006C022BB
:10ED3C005806C0326006C0426806C0527006C062F7
:10ED4C007806C0728806C0149006C0249806C03499
:10ED5C00A006C044A806C054B006C064B806C0746F
:10ED6C00C806C016D006C026D806C036E006C04677
:10ED7C00E806C056F006C066F806C0760007C00864
:10ED8C000807C0181007C0281807C0382007C0484B
:10ED9C002807C0583007C0683807C0784007C00A39
:10EDAC004807C01A5007C02A5807C03A6007C04A23
:10EDBC006807C05A7007C06A7807C07A8007C00C11
:10EDCC008807C01C9007C02C9807C03CA007C04CFB
:10EDDC00A807C05CB007C06CB807C07CC007C00EE9
:10EDEC00C807C01ED007C02ED807C03EE007C04ED3
:10EDFC00E807C05EF007C06EF807C07E0808001177
:10EE0C001008002118080031200800412808005182
:10EE1C0030080061380800714808001350080023BE
:10EE2C0058080033600800436808005370080063FA
:10EE3C00780800738808001590080025980800359C
:10EE4C00A0080045A8080055B0080065B808007572
:10EE5C00C8080017D0080027D8080037E00800477A
:10EE6C00E8080057F0080067F8080077080900194F
:10EE7C0010090029180900392009004928090059EE
:10EE8C0030090069380900794009000B4809001B5A
:10EE9C005009002B5809003B6009004B6809005BC6
:10EEAC007009006B7809007B8009000D8809001D32
:10EEBC009009002D9809003DA009004DA809005D9E
:10EECC00B009006DB809007DC009000FC809001F0A
:10EEDC00D009002FD809003FE009004FE809005F76
:10EEEC00F009006FF809007F080A4011100A402150
:10EEFC00180A4031200A4041280A4051300A40612A
:10EF0C00380A4071480A4013500A4023580A4033CB
:10EF1C00600A4043680A4053700A4063780A4073A1
:10EF2C00880A4015900A4025980A4035A00A4045A9
:10EF3C00A80A4055B00A4065B80A4075C80A40177F
:10EF4C00D00A4027D80A4037E00A4047E80A405721
:10EF5C00F00A4067F80A4077080B4019100B40295B
:10EF6C00180B4039200B4049280B4059300B406995
:10EF7C00380B4079480B401B500B402B580B403B37
:10EF8C00600B404B680B405B700B406B780B407B0D
:10EF9C00800B400D880B401D900B402D980B403D75
:10EFAC00A00B404DA80B405DB00B406DB80B407DE5
:10EFBC00C00B400FC80B401FD00B402FD80B403F4D
:10EFCC00E00B404FE80B405FF00B406FF80B407FBD
:10EFDC00080C8011100C8021180C8031200C804101
:10EFEC00280C8051300C8061380C8071480C8013D7
:10EFFC00500C8023580C8033600C8043680C805379
:10F00C00700C8063780C8073880C8015900C8025B4
:10F01C00980C8035A00C8045A80C8055B00C8065F0
:10F02C00B80C8075C80C8017D00C8027D80C803792
:10F03C00E00C8047E80C8057F00C8067F80C807768
:10F04C00080D8019100D8029180D8039200D80496C
:10F05C00280D8059300D8069380D8079480D801B42
:10F06C00500D802B580D803B600D804B680D805BE4
:10F07C00700D806B780D807B880D801D900D802D20
:10F08C00980D803DA00D804DA80D805DB00D806D5C
:10F09C00B80D807DC00D800FC80D801FD00D802F46
:10F0AC00D80D803FE00D804FE80D805FF00D806F34
:10F0BC00F80D807F080EC011100EC021180EC03143
:10F0CC00200EC041280EC051300EC061380EC071E8
:10F0DC00480EC013500EC023580EC033600EC043F0
:10F0EC00680EC053700EC063780EC073880EC015C6
:10F0FC00900EC025980EC035A00EC045A80EC05568
:10F10C00B00EC065B80EC075C80EC017D00EC027A3
:10F11C00D80EC037E00EC047E80EC057F00EC067DF
:10F12C00F80EC077080FC019100FC029180FC0397E
:10F13C00200FC049280FC059300FC069380FC07953
:10F14C00480FC01B500FC02B580FC03B600FC04B5B
:10F15C00680FC05B700FC06B780FC07B880FC01D31
:10F16C00900FC02D980FC03DA00FC04DA80FC05DD3
:10F17C00B00FC06DB80FC07DC80FC01FD00FC02F0F
:10F18C00D80FC03FE00FC04FE80FC05FF00FC06F4B
:10F19C00F80FC07F101008201810083020100840FD
:10F1AC0028100850301008603810087048100812E9
:10F1BC00501008225810083260100842681008528B
:10F1CC0070100862781008728810081490100824C7
:10F1DC0098100834A0100844A8100854B010086403
:10F1EC00B8100874C8100816D0100826D8100836A5
:10F1FC00E0100846E8100856F0100866F81008767B
:10F20C00081108181011082818110838201108487E
:10F21C002811085830110868381108784811081A54
:10F22C005011082A5811083A6011084A6811085AF6
:10F23C007011086A7811087A8811081C9011082C32
:10F24C009811083CA011084CA811085CB011086C6E
:10F25C00B811087CC811081ED011082ED811083E10
:10F26C00E011084EE811085EF011086EF811087EE6
:10F27C0010124820181248302012484028124850CA
:10F28C0030124860381248705012482258124832D6
:10F29C0060124842681248527012486278124872E2
:10F2AC00881248149012482498124834A0124844EA
:10F2BC00A8124854B0124864B8124874C8124816C0
:10F2CC00D0124826D8124836E0124846E812485662
:10F2DC00F0124866F812487608134818101348289C
:10F2EC0018134838201348482813485830134868D6
:10F2FC00381348784813481A5013482A5813483A78
:10F30C006013484A6813485A7013486A7813487A4D
:10F31C008813481C9013482C9813483CA013484C55
:10F32C00A813485CB013486CB813487CC813481E2B
:10F33C00D013482ED813483EE013484EE813485ECD
:10F34C00F013486EF813487E101488201814883077
:10F35C002014884028148850301488603814887021
:10F36C0050148822581488326014884268148852C9
:10F37C0070148862781488729014882498148834D5
:10F38C00A0148844A8148854B0148864B8148874E1
:10F39C00C8148816D0148826D8148836E0148846E9
:10F3AC00E8148856F0148866F814887608158818BE
:10F3BC00101588281815883820158848281588585D
:10F3CC0030158868381588784815881A5015882A99
:10F3DC005815883A6015884A6815885A7015886AD5
:10F3EC007815887A8815881C9015882C9815883C77
:10F3FC00A015884CA815885CB015886CB815887C4D
:10F40C00C815881ED015882ED815883EE015884E54
:10F41C00E815885EF015886EF815887E1016C820E1
:10F42C001816C8302016C8402816C8503016C860A8
:10F43C003816C8705016C8225816C8326016C84202
:10F44C006816C8527016C8627816C8729016C8240E
:10F45C009816C834A016C844A816C854B016C86468
:10F46C00B816C874D016C826D816C836E016C846C2
:10F47C00E816C856F016C866F816C8760817C818E5
:10F48C001017C8281817C8382017C8482817C85884
:10F49C003017C8683817C8784817C81A5017C82AC0
:10F4AC005817C83A6017C84A6817C85A7017C86AFC
:10F4BC007817C87A8817C81C9017C82C9817C83C9E
:10F4CC00A017C84CA817C85CB017C86CB817C87C74
:10F4DC00C817C81ED017C82ED817C83EE017C84E7C
:10F4EC00E817C85EF017C86EF817C87E1018082108
:10F4FC0018180831201808412818085130180861CC
:10F50C003818087150180823581808336018084325
:10F51C006818085370180863781808739018082531
:10F52C0098180835A0180845A8180855B01808658B
:10F53C00B8180875D0180827D8180837E0180847E5
:10F54C00E8180857F0180867F818087710190829F0
:10F55C001819083920190849281908593019086947
:10F56C00381908794819081B5019082B5819083BE9
:10F57C006019084B6819085B7019086B7819087BBF
:10F58C008819081D9019082D9819083DA019084DC7
:10F59C00A819085DB019086DB819087DC819081F9D
:10F5AC00D019082FD819083FE019084FE819085F3F
:10F5BC00F019086FF819087F101A4821181A4831E9
:10F5CC00201A4841281A4851301A4861381A487193
:10F5DC00501A4823581A4833601A4843681A48533B
:10F5EC00701A4863781A4873901A4825981A483547
:10F5FC00A01A4845A81A4855B01A4865B81A487553
:10F60C00D01A4827D81A4837E01A4847E81A4857FA
:10F61C00F01A4867F81A4877101B4829181B483904
:10F62C00201B4849281B4859301B4869381B48790E
:10F63C00501B482B581B483B601B484B681B485BB6
:10F64C00701B486B781B487B881B481D901B482DF2
:10F65C00981B483DA01B484DA81B485DB01B486D2E
:10F66C00B81B487DC81B481FD01B482FD81B483FD0
:10F67C00E01B484FE81B485FF01B486FF81B487FA6
:10F68C00101C8821181C8831201C8841281C88518A
:10F69C00301C8861381C8871501C8823581C883396
:10F6AC00601C8843681C8853701C8863781C8873A2
:10F6BC00901C8825981C8835A01C8845A81C88554A
:10F6CC00B01C8865B81C8875D01C8827D81C883756
:10F6DC00E01C8847E81C8857F01C8867F81C887762
:10F6EC00101D8829181D8839201D8849281D885906
:10F6FC00301D8869381D8879501D882B581D883B12
:10F70C00601D884B681D885B701D886B781D887B1D
:10F71C00901D882D981D883DA01D884DA81D885DC5
:10F72C00B01D886DB81D887DC81D881FD01D882F01
:10F73C00D81D883FE01D884FE81D885FF01D886F3D
:10F74C00F81D887F101EC821181EC831201EC84104
:10F75C00281EC851301EC861381EC871501EC823DF
:10F76C00581EC833601EC843681EC853701EC86339
:10F77C00781EC873901EC825981EC835A01EC84593
:10F78C00A81EC855B01EC865B81EC875D01EC8279F
:10F79C00D81EC837E01EC847E81EC857F01EC867F9
:10F7AC00F81EC877101FC829181FC839201FC84950
:10F7BC00281FC859301FC869381FC879501FC82B5B
:10F7CC00581FC83B601FC84B681FC85B701FC86BB5
:10F7DC00781FC87B901FC82D981FC83DA01FC84D0F
:10F7EC00A81FC85DB01FC86DB81FC87DD01FC82F1B
:10F7FC00D81FC83FE01FC84FE81FC85FF01FC86F75
:10F80C00F81FC87F182010302020104028201050DE
:10F81C0030201060382010705020102258201032E8
:10F82C0060201042682010527020106278201072F4
:10F83C009020102498201034A0201044A82010549C
:10F84C00B0201064B8201074D0201026D8201036A8
:10F85C00E0201046E8201056F0201066F8201076B4
:10F86C001021102818211038202110482821105858
:10F87C0030211068382110785021102A5821103A64
:10F88C006021104A6821105A7021106A7821107A70
:10F89C009021102C9821103CA021104CA821105C18
:10F8AC00B021106CB821107CD021102ED821103E24
:10F8BC00E021104EE821105EF021106EF821107E30
:10F8CC0018225030202250402822505030225060B4
:10F8DC0038225070582250326022504268225052C6
:10F8EC007022506278225072902250249822503408
:10F8FC00A0225044A8225054B0225064B822507414
:10F90C00D0225026D8225036E0225046E8225056BB
:10F91C00F0225066F82250761023502818235038C5
:10F92C0020235048282350583023506838235078CF
:10F93C005023502A5823503A6023504A6823505A77
:10F94C007023506A7823507A9023502C9823503C83
:10F95C00A023504CA823505CB023506CB823507C8F
:10F96C00D023502ED823503EE023504EE823505E37
:10F97C00F023506EF823507E1824903020249040B1
:10F98C002824905030249060382490705824903261
:10F99C006024904268249052702490627824907273
:10F9AC0098249034A0249044A8249054B0249064BB
:10F9BC00B8249074D0249026D8249036E024904615
:10F9CC00E8249056F0249066F82490761025902820
:10F9DC001825903820259048282590583025906877
:10F9EC00382590785025902A5825903A6025904AD1
:10F9FC006825905A7025906A7825907A9025902CDD
:10FA0C009825903CA025904CA825905CB025906C36
:10FA1C00B825907CD025902ED825903EE025904E90
:10FA2C00E825905EF025906EF825907E1826D03053
:10FA3C002026D0402826D0503026D0603826D070D2
:10FA4C005826D0326026D0426826D0527026D0621A
:10FA5C007826D0729826D034A026D044A826D0542C
:10FA6C00B026D064B826D074D826D036E026D0463E
:10FA7C00E826D056F026D066F826D0761027D02867
:10FA8C001827D0382027D0482827D0583027D068BE
:10FA9C003827D0785027D02A5827D03A6027D04A18
:10FAAC006827D05A7027D06A7827D07A9027D02C24
:10FABC009827D03CA027D04CA827D05CB027D06C7E
:10FACC00B827D07CD027D02ED827D03EE027D04ED8
:10FADC00E827D05EF027D06EF827D07E182810319A
:10FAEC002028104128281051302810613828107116
:10FAFC00582810336028104368281053702810635E
:10FB0C007828107398281035A0281045A82810556F
:10FB1C00B0281065B8281075D8281037E028104781
:10FB2C00E8281057F0281067F82810771829103992
:10FB3C0020291049282910593029106938291079A1
:10FB4C005029102B5829103B6029104B6829105B49
:10FB5C007029106B7829107B9029102D9829103D55
:10FB6C00A029104DA829105DB029106DB829107D61
:10FB7C00D029102FD829103FE029104FE829105F09
:10FB8C00F029106FF829107F182A5031202A504183
:10FB9C00282A5051302A5061382A5071582A503333
:10FBAC00602A5043682A5053702A5063782A507345
:10FBBC00982A5035A02A5045A82A5055B02A50658D
:10FBCC00B82A5075D82A5037E02A5047E82A50579F
:10FBDC00F02A5067F82A5077182B5039202B5049AF
:10FBEC00282B5059302B5069382B5079582B503BBF
:10FBFC00602B504B682B505B702B506B782B507BD1
:10FC0C00902B502D982B503DA02B504DA82B505D78
:10FC1C00B02B506DB82B507DD02B502FD82B503F84
:10FC2C00E02B504FE82B505FF02B506FF82B507F90
:10FC3C00182C9031202C9041282C9051302C906114
:10FC4C00382C9071582C9033602C9043682C905326
:10FC5C00702C9063782C9073982C9035A02C904538
:10FC6C00A82C9055B02C9065B82C9075D82C90374A
:10FC7C00E02C9047E82C9057F02C9067F82C90775C
:10FC8C00182D9039202D9049282D9059302D9069A0
:10FC9C00382D9079582D903B602D904B682D905BB2
:10FCAC00702D906B782D907B982D903DA02D904DC4
:10FCBC00A82D905DB02D906DB82D907DD02D902FEE
:10FCCC00D82D903FE02D904FE82D905FF02D906F48
:10FCDC00F82D907F182ED031202ED041282ED051C7
:10FCEC00302ED061382ED071582ED033602ED043A8
:10FCFC00682ED053702ED063782ED073982ED035BA
:10FD0C00A02ED045A82ED055B02ED065B82ED075CB
:10FD1C00D82ED037E02ED047E82ED057F02ED06713
:10FD2C00F82ED077182FD039202FD049282FD05922
:10FD3C00302FD069382FD079582FD03B602FD04B33
:10FD4C00682FD05B702FD06B782FD07B982FD03D45
:10FD5C00A02FD04DA82FD05DB02FD06DB82FD07D57
:10FD6C00D82FD03FE02FD04FE82FD05FF02FD06F9F
:10FD7C00F82FD07F203018402830185030301860C1
:10FD8C0038301870583018326030184268301852B9
:10FD9C00703018627830187298301834A0301844CB
:10FDAC00A8301854B0301864B8301874D8301836DD
:10FDBC00E0301846E8301856F0301866F8301876EF
:10FDCC001831183820311848283118583031186833
:10FDDC00383118785831183A6031184A6831185A45
:10FDEC007031186A7831187A9831183CA031184C57
:10FDFC00A831185CB031186CB831187CD831183E69
:10FE0C00E031184EE831185EF031186EF831187E7A
:10FE1C00203258402832585030325860383258709E
:10FE2C006032584268325852703258627832587286
:10FE3C0098325834A0325844A8325854B0325864CE
:10FE4C00B8325874D8325836E0325846E8325856E0
:10FE5C00F0325866F83258761833583820335848F0
:10FE6C002833585830335868383358785833583A00
:10FE7C006033584A6833585A7033586A7833587A12
:10FE8C009833583CA033584CA833585CB033586C5A
:10FE9C00B833587CD833583EE033584EE833585E6C
:10FEAC00F033586EF833587E2034984028349850EC
:10FEBC003034986038349870603498426834985272
:10FECC007034986278349872A0349844A83498545A
:10FEDC00B0349864B8349874D8349836E034984672
:10FEEC00E8349856F0349866F83498761835983883
:10FEFC002035984828359858303598683835987892
:10FF0C005835983A6035984A6835985A7035986AD9
:10FF1C007835987A9835983CA035984CA835985CEB
:10FF2C00B035986CB835987CD835983EE035984EFD
:10FF3C00E835985EF035986EF835987E2036D840C6
:10FF4C002836D8503036D8603836D8706036D8421B
:10FF5C006836D8527036D8627836D872A036D84403
:10FF6C00A836D854B036D864B836D874E036D846EB
:10FF7C00E836D856F036D866F836D8761837D838EA
:10FF8C002037D8482837D8583037D8683837D878F9
:10FF9C005837D83A6037D84A6837D85A7037D86A41
:10FFAC007837D87A9837D83CA037D84CA837D85C53
:10FFBC00B037D86CB837D87CD837D83EE037D84E65
:10FFCC00E837D85EF037D86EF837D87E203818412D
:10FFDC00283818513038186138381871603818437F
:10FFEC00683818537038186378381873A038184567
:04FFFC00A8381855B4
:02000004600298
:10000000B0381865B8381875E0381847E838185708
:10001000F0381867F83818772039184928391859EE
:1000200030391869383918795839183B6039184B04
:100030006839185B7039186B7839187B9839183D16
:10004000A039184DA839185DB039186DB839187D28
:10005000D839183FE039184FE839185FF039186F70
:10006000F839187F203A5841283A5851303A5861A7
:10007000383A5871603A5843683A5853703A58635E
:10008000783A5873A03A5845A83A5855B03A586546
:10009000B83A5875E03A5847E83A5857F03A58672E
:1000A000F83A5877203B5849283B5859303B586913
:1000B000383B5879603B584B683B585B703B586BFA
:1000C000783B587B983B583DA03B584DA83B585D2A
:1000D000B03B586DB83B587DD83B583FE03B584F3C
:1000E000E83B585FF03B586FF83B587F203C984105
:1000F000283C9851303C9861383C9871603C98435A
:10010000683C9853703C9863783C9873A03C984541
:10011000A83C9855B03C9865B83C9875E03C984729
:10012000E83C9857F03C9867F83C9877203D984910
:10013000283D9859303D9869383D9879603D984BF5
:10014000683D985B703D986B783D987BA03D984DDD
:10015000A83D985DB03D986DB83D987DD83D983FDD
:10016000E03D984FE83D985FF03D986FF83D987FEF
:10017000203ED841283ED851303ED861383ED87113
:10018000603ED843683ED853703ED863783ED873FB
:10019000A03ED845A83ED855B03ED865B83ED875E3
:1001A000E03ED847E83ED857F03ED867F83ED877CB
:1001B000203FD849283FD859303FD869383FD879AF
:1001C000603FD84B683FD85B703FD86B783FD87B97
:1001D000A03FD84DA83FD85DB03FD86DB83FD87D7F
:1001E000E03FD84FE83FD85FF03FD86FF83FD87F67
:1001F000284020503040206038402070604020422D
:10020000684020527040206278402072A040204414
:10021000A8402054B0402064B8402074E0402046FC
:10022000E8402056F0402066F840207620412048E3
:100230002841205830412068384120786041204AC8
:100240006841205A7041206A7841207AA041204CB0
:10025000A841205CB041206CB841207CE041204E98
:10026000E841205EF041206EF841207E2842605037
:100270003042606038426070684260527042606232
:1002800078426072A0426044A8426054B042606408
:10029000B8426074E0426046E8426056F0426066F0
:1002A000F8426076204360482843605830436068D5
:1002B000384360786043604A6843605A7043606ABC
:1002C0007843607AA043604CA843605CB043606CA4
:1002D000B843607CE043604EE843605EF043606E8C
:1002E000F843607E2844A0503044A0603844A07099
:1002F0006844A0527044A0627844A072A844A054FC
:10030000B044A064B844A074E044A046E844A056B9
:10031000F044A066F844A0762045A0482845A0589F
:100320003045A0683845A0786045A04A6845A05A85
:100330007045A06A7845A07AA045A04CA845A05C6D
:10034000B045A06CB845A07CE045A04EE845A05E55
:10035000F045A06EF845A07E2846E0503046E060AB
:100360003846E0706846E0527046E0627846E072D7
:10037000A846E054B046E064B846E074E846E0566B
:10038000F046E066F846E0762047E0482847E05827
:100390003047E0683847E0786047E04A6847E05A0D
:1003A0007047E06A7847E07AA047E04CA847E05CF5
:1003B000B047E06CB847E07CE047E04EE847E05EDD
:1003C000F047E06EF847E07E284820513048206131
:1003D000384820716848205370482063784820735B
:1003E000A8482055B0482065B8482075E8482057EF
:1003F000F0482067F848207728492059304920697B
:10040000384920796049204B6849205B7049206B4E
:100410007849207BA049204DA849205DB049206D36
:10042000B849207DE049204FE849205FF049206F1E
:10043000F849207F284A6051304A6061384A60712B
:10044000684A6053704A6063784A6073A84A60558E
:10045000B04A6065B84A6075E84A6057F04A60671C
:10046000F84A6077284B6059304B6069384B6079A7
:10047000684B605B704B606B784B607BA04B604D52
:10048000A84B605DB04B606DB84B607DE04B604F3A
:10049000E84B605FF04B606FF84B607F284CA051D9
:1004A000304CA061384CA071684CA053704CA063D4
:1004B000784CA073A84CA055B04CA065B84CA07562
:1004C000E84CA057F04CA067F84CA077284DA059F5
:1004D000304DA069384DA079684DA05B704DA06B80
:1004E000784DA07BA84DA05DB04DA06DB84DA07D0E
:1004F000E04DA04FE84DA05FF04DA06FF84DA07FFC
:10050000284EE051304EE061384EE071684EE053C5
:10051000704EE063784EE073A84EE055B04EE06553
:10052000B84EE075E84EE057F04EE067F84EE077E1
:10053000284FE059304FE069384FE079684FE05B71
:10054000704FE06B784FE07BA84FE05DB04FE06DFF
:10055000B84FE07DE84FE05FF04FE06FF84FE07F8D
:1005600030502860385028706850285270502862E7
:1005700078502872A8502854B0502864B850287475
:10058000E8502856F0502866F85028762851285808
:1005900030512868385128786851285A7051286A93
:1005A0007851287AA851285CB051286CB851287C21
:1005B000E851285EF051286EF851287E305268606C
:1005C000385268707052686278526872A8526854E3
:1005D000B0526864B8526874E8526856F05268665F
:1005E000F8526876285368583053686838536878EA
:1005F0006853685A7053686A7853687AA853685C7D
:10060000B053686CB853687CE853685EF053686E0A
:10061000F853687E3054A8603854A8707054A862AB
:100620007854A872B054A864B854A874E854A85672
:10063000F054A866F854A8762855A8583055A868EC
:100640003855A8786855A85A7055A86A7855A87A78
:10065000A855A85CB055A86CB855A87CE855A85E0C
:10066000F055A86EF855A87E3056E8603856E87008
:100670007056E8627856E872B056E864B856E87486
:10068000F056E866F856E8762857E8583057E86894
:100690003857E8786857E85A7057E86A7857E87A20
:1006A000A857E85CB057E86CB857E87CE857E85EB4
:1006B000F057E86EF857E87E3058286138582871AE
:1006C0007058286378582873B0582865B85828752A
:1006D000F0582867F8582877305928693859287908
:1006E0006859285B7059286B7859287BA859285D70
:1006F000B059286DB859287DE859285FF059286FFE
:10070000F859287F305A6861385A6871705A68639E
:10071000785A6873B05A6865B85A6875F05A68674D
:10072000F85A6877305B6869385B6879705B686B2A
:10073000785B687BA85B685DB05B686DB85B687D63
:10074000E85B685FF05B686FF85B687F305CA861AE
:10075000385CA871705CA863785CA873B05CA8650D
:10076000B85CA875F05CA867F85CA877305DA869EC
:10077000385DA879705DA86B785DA87BB05DA86DC9
:10078000B85DA87DE85DA85FF05DA86FF85DA87F03
:10079000305EE861385EE871705EE863785EE87349
:1007A000B05EE865B85EE875F05EE867F85EE87729
:1007B000305FE869385FE879705FE86B785FE87B05
:1007C000B05FE86DB85FE87DF05FE86FF85FE87FE5
:1007D000386030707060306278603072B060306461
:1007E000B8603074F0603066F86030763061306840
:1007F000386130787061306A7861307AB061306C1D
:10080000B861307CF061306EF861307E38627070B3
:1008100078627072B0627064B8627074F062706610
:10082000F862707630637068386370787063706AED
:100830007863707AB063706CB863707CF063706ECC
:10084000F863707E3864B0707864B072B864B07465
:10085000F064B066F864B0763065B0683865B0783A
:100860007065B06A7865B07AB065B06CB865B07C18
:10087000F065B06EF865B07E3866F0707866F0723C
:10088000B866F074F866F0763067F0683867F0782C
:100890007067F06A7867F07AB067F06CB867F07CE0
:1008A000F067F06EF867F07E386830717868307302
:1008B000B8683075F8683077386930797069306BAE
:1008C0007869307BB069306DB869307DF069306F20
:1008D000F869307F386A7071786A7073B86A7075B9
:1008E000F86A7077386B7079786B707BB06B706D6D
:1008F000B86B707DF06B706FF86B707F386CB07197
:10090000786CB073B86CB075F86CB077386DB0793E
:10091000786DB07BB86DB07DF06DB06FF86DB07F65
:10092000386EF071786EF073B86EF075F86EF0771F
:10093000386FF079786FF07BB86FF07DF86FF07FEB
:1009400078703872B8703874F870387638713878D2
:100950007871387AB871387CF871387EB8727874EA
:10096000F8727876387378787873787AB873787C98
:10097000F873787EF874B8763875B8787875B87A80
:10098000B875B87CF875B87E3877F8787877F87AE3
:10099000B877F87CF877F87E7879387BB879387D45
:1009A000F879387FB87B787DF87B787FF87DB87FE1
:1009B00008000002100000041800000620000008D3
:1009C0002800000A3000000C3800000E48004002E9
:1009D0005000400458004006600040086800400A8B
:1009E0007000400C7800400E880080029000800467
:1009F00098008006A0008008A800800AB000800C43
:100A0000B800800EC800C002D000C004D800C006E4
:100A1000E000C008E800C00AF000C00CF800C00EFA
:100A2000080100031001000518010007200100095A
:100A30002801000B3001000D3801000F4801400370
:100A40005001400558014007600140096801400B12
:100A50007001400D7801400F8801800390018005EE
:100A600098018007A0018009A801800BB001800DCA
:100A7000B801800FC801C003D001C005D801C0076C
:100A8000E001C009E801C00BF001C00DF801C00F82
:100A90001002080418020806200208082802080AA2
:100AA0003002080C3802080E50024804580248066A
:100AB000600248086802480A7002480C7802480E32
:100AC0009002880498028806A0028808A802880A72
:100AD000B002880CB802880ED002C804D802C8063A
:100AE000E002C808E802C80AF002C80CF802C80E02
:100AF0001003080518030807200308092803080B3A
:100B00003003080D3803080F500348055803480701
:100B1000600348096803480B7003480D7803480FC9
:100B20009003880598038807A0038809A803880B09
:100B3000B003880DB803880FD003C805D803C807D1
:100B4000E003C809E803C80BF003C80DF803C80F99
:100B500018041006200410082804100A3004100C91
:100B60003804100E58045006600450086804500AF7
:100B70007004500C7804500E98049006A00490085D
:100B8000A804900AB004900CB804900ED804D006C3
:100B9000E004D008E804D00AF004D00CF804D00E29
:100BA00018051007200510092805100B3005100D39
:100BB0003805100F58055007600550096805500B9F
:100BC0007005500D7805500F98059007A005900905
:100BD000A805900BB005900DB805900FD805D0076B
:100BE000E005D009E805D00BF005D00DF805D00FD1
:100BF000200618082806180A3006180C3806180EA1
:100C0000600658086806580A7006580C7806580E90
:100C1000A0069808A806980AB006980CB806980E80
:100C2000E006D808E806D80AF006D80CF806D80E70
:100C3000200718092807180B3007180D3807180F58
:100C4000600758096807580B7007580D7807580F48
:100C5000A0079809A807980BB007980DB807980F38
:100C6000E007D809E807D80BF007D80DF807D80F28
:100C70002808200A3008200C3808200E6808600A6E
:100C80007008600C7808600EA808A00AB008A00CD4
:100C9000B808A00EE808E00AF008E00CF808E00E3A
:100CA0002809200B3009200D3809200F6809600B36
:100CB0007009600D7809600FA809A00BB009A00D9C
:100CC000B809A00FE809E00BF009E00DF809E00F02
:100CD000300A280C380A280E700A680C780A680E48
:100CE000B00AA80CB80AA80EF00AE80CF80AE80E38
:100CF000300B280D380B280F700B680D780B680F20
:100D0000B00BA80DB80BA80FF00BE80DF80BE80F0F
:100D1000380C300E780C700EB80CB00EF80CF00ECB
:100D2000380D300F780D700FB80DB00FF80DF00FB3
:100D300008004000100080001800C00020000001E2
:100D400028004001300080013800C00150008800B8
:100D50005800C80060000801680048017000880160
:100D60007800C8019800D000A0001001A800500130
:100D7000B0009001B800D001E0001801E80058016F
:100D8000F0009801F800D801280160013001A001AD
:100D90003801E0017001A8017801E801B801F00113
:100DA00000040000A4E00020AC0D002008070000B3
:100DB00080000000A4000120BC1B0020D000000027
:100DC00010000000A40401205C1D0020140000009D
:100DD0000008000024050120841D0020E00E000012
:100DE0000001000024450120443B0020B801000020
:100DF00020000000244D0120B43E002030000000FF
:100E000000100000244E0120143F0020C00F0000FD
:100E10000002000024CE0120945E0020C0010000EA
:100E20004000000024DE0120146200203800000091
:100E30009C4E1655035A3F96C0541B612863F659C1
:100E4000229075841C83507AAA60E163256EED655B
:100E50006684A682F59B93682757A16571629B5BA8
:100E6000D0597B86F498627DBE7D8E9B16629F7CF6
:100E7000B788895BB55E096397664868C7958D97A3
:100E80004F67E54E0A4F4D4F9D4F4950F256375927
:100E9000D459015A095CDF600F61706113660569FE
:100EA000BA704F757075FB79AD7DEF7DC3800E8490
:100EB0006388028B55907A903B53954EA54EDF5731
:100EC000B280C190EF78004EF158A26E3890327A1D
:100ED00028838B822F9C41517053BD54E154E056BE
:100EE000FB59155FF298EB6DE4802D856296709644
:100EF000A096FB970B54F353875BCF70BD7FC28FD7
:100F0000E8966F535C9DBA7A114E9378FC81266EF9
:100F1000185604551D6B1A853B9CE559A953666DFF
:100F2000DC748F954256914E4B90F2964F830C99FC
:100F3000E153B655305B715F2066F3660468386C28
:100F4000F36C296D5B74C8764E7A3498F1825B88B5
:100F5000608AED92B26DAB75CA76C599A660018BB9
:100F60008A8DB2958E69AD538651125730584459C7
:100F7000B45BF65E2860A963F463BF6C146F8E7077
:100F800014715971D5713F73017E7682D182978534
:100F900060905B921B9D6958BC655A6C2575F95130
:100FA0002E596559805FDC5FBC62FA652A6A276B3F
:100FB000B46B8B73C17F56892C9D0E9DC49EA15C22
:100FC000966C7B8304514B5CB661C6817668617216
:100FD000594EFA4F78536960296E4F7AF3970B4E4A
:100FE0001653EE4E554F3D4FA14F734FA052EF5346
:100FF00009560F59C15AB65BE15BD17987669C6788
:10100000B6674C6BB36C6B70C2738D79BE793C7AEA
:10101000877BB182DB8204837783EF83D383668708
:10102000B28A2956A88CE68F4E901E978A86C44FA6
:10103000E85C116259723B75E581BD82FE86C08C09
:10104000C5961399D599CB4E1A4FE389DE564A5867
:10105000CA58FB5EEB5F2A6094606260D0611262E6
:10106000D0623965419B6666B068776D70704C756B
:101070008676757DA582F9878B958E969D8CF1512C
:10108000BE521659B354B35B165D68618269AF6D89
:101090008D78CB845788728AA793B89A6C6DA8997B
:1010A000D986A357FF67CE860E9283528756045483
:1010B000D35EE162B9643C683868BB6B7273BA781E
:1010C0006B7A9A89D2896B8D038FED90A395949654
:1010D0006997665BB35C7D694D984E989B63207BF6
:1010E0002B6A7F6AB6680D9C5F6F72529D55706067
:1010F000EC623B6D076ED16E5B841089448F144E99
:10110000399CF6531B693A6A84972A685C51C37A02
:10111000B284DC918C935B56289D226805833184D0
:10112000A57C0852C582E6747E4E834FA051D25BE7
:101130000A52D852E752FB5D9A552A58E6598C5B01
:10114000985BDB5B725E795EA3601F616361BE6169
:10115000DB636265D1675368FA683E6B536B576C0B
:10116000226F976F456FB0741875E3760B77FF7A2F
:10117000A17B217CE97D367FF07F9D8066829E8306
:10118000B389CC8AAB8C8490519493959195A29518
:101190006596D39728991882384E2B54B85CCC5D4D
:1011A000A9734C763C77A95CEB7F0B8DC1961198A7
:1011B00054985898014F0E4F71539C556856FA57E2
:1011C0004759095BC45B905C0C5E7E5ECC5FEE634E
:1011D0003A67D765E2651F67CB68C4685F6A305EAF
:1011E000C56B176C7D6C7F754879635B007A007DF9
:1011F000BD5F8F89188AB48C778DCC8E1D8FE29855
:101200000E9A3C9B804E7D50005193599C5B2F62FF
:101210008062EC643A6BA07291754779A97FFB8775
:10122000BC8A708BAC63CA83A09709540354AB5536
:101230005468586A708A27787567CD9E7453A25B8C
:101240001A8150860690184E454EC74E114FCA530C
:101250003854AE5B135F256051653D67426C726C1C
:10126000E36C78700374767AAE7A087B1A7DFE7C24
:10127000667DE7655B72BB53455CE85DD262E06208
:101280001963206E5A86318ADD8DF892016FA67936
:101290005A9BA84EAB4EAC4E9B4FA04FD1504751DE
:1012A000F67A7151F651545321537F53EB53AC5599
:1012B0008358E15C375F4A5F2F6050606D601F6349
:1012C00059654B6AC16CC272ED72EF77F880058187
:1012D00008824E85F790E193FF9757995A9AF04EFE
:1012E000DD512D5C81666D69405CF26675698973BC
:1012F0005068817CC550E4524757FE5D2693A46533
:10130000236B3D6B34748179BD794B7BCA7DB98287
:10131000CC837F885F89398BD18FD1911F54809284
:101320005D4E3650E5533A53D7729673E977E682AD
:10133000AF8EC699C899D29977511A615E86B05519
:101340007A7A7650D35B47908596324EDB6AE79186
:10135000515C485C98639F7A936C7497618FAA7A0A
:101360008A718896827C1768707E51686C93F252FD
:101370001B54AB85138AA47FCD8EE1906653888879
:101380004179C24FBE501152445153552D57EA7303
:101390008B575159625F845F756076616761A9619F
:1013A000B2633A646C656F664268136E66753D7A27
:1013B000FB7C4C7D997D4B7E6B7F0E834A83CD8673
:1013C000088A638A668BFD8E1A988F9DB882CE8FAD
:1013D000E89B87521F628364C06F99964168915061
:1013E000206B7A6C546F747A507D4088238A08672A
:1013F000F64E3950265065507C5138526352A755ED
:101400000F570558CC5AFA5EB261F861F362726305
:101410001C69296A7D72AC722E7314786F78797D9D
:101420000C77A9808B89198BE28CD28E639075938F
:101430007A965598139A789E43519F53B3537B5E87
:10144000265F1B6E906E8473FE73437D3782008A25
:10145000FA8A50964E4E0B50E4537C54FA56D159AA
:10146000645BF15DAB5E275F38624565AF67566EC2
:10147000D072CA7CB488A180E180F0834E86878ACE
:10148000E88D3792C7966798139F944E924E0D4FF2
:10149000485349543E542F5A8C5FA15F9F60A76800
:1014A0008E6A5A7481789E8AA48A778B90915E4E58
:1014B000C99BA44E7C4FAF4F1950165049516C51E7
:1014C0009F52B952FE529A53E35311540E54895508
:1014D0005157A2577D59545B5D5B8F5BE55DE75DBE
:1014E000F75D785E835E9A5EB75E185F52604C610E
:1014F0009762D862A7633B6502664366F4666D67D0
:1015000021689768CB695F6C2A6D696D2F6E9D6E3F
:10151000327587766C783F7AE07C057D187D5E7D3C
:10152000B17D15800380AF80B18054818F812A8284
:1015300052834C8861881B8BA28CFC8CCA9075915D
:1015400071923F78FC92A4954D9605989999D89AF6
:101550003B9D5B52AB52F7530854D558F762E06F8E
:101560006A8C5F8FB99E4B513B524A54FD56407A6C
:101570007791609DD29E4473096F70811175FD5FF4
:10158000DA60A89ADB72BC8F646B0398CA4EF0567F
:101590006457BE585A5A6860C7610F660666396854
:1015A000B168F76DD5753A7D6E82429B9B4E504F68
:1015B000C95306556F5DE65DEE5DFB67996C73740C
:1015C0000278508A9693DF885057A75E2B63B550F8
:1015D000AC508D510067C9545E58BB59B05B695F10
:1015E0004D62A1633D68736B086E7D70C791807218
:1015F000157826786D798E65307DDC83C188098FFA
:101600009B966452285750676A7FA18CB451425709
:101610002A963A588A69B480B2540E5DFC57957880
:10162000FA9D5C4F4A528B543E6428661467F567F6
:10163000847A567B227D2F935C68AD9B397B19534E
:101640008A513752DF5BF662AE64E6642D67BA6B8F
:10165000A985D1969076D69B4C630693AB9BBF76BB
:101660005266094E9850C253715CE860926463659B
:101670005F68E671CA732375977B827E9586838B3C
:10168000DB8C78911099AC65AB668B6BD54ED44EE4
:101690003A4F7F4F3A52F853F253E355DB56EB582B
:1016A000CB59C959FF59505B4D5C025E2B5ED75F29
:1016B0001D6007632F655C5BAF65BD65E8659D6771
:1016C000626B7B6B0F6C45734979C179F87C197D2E
:1016D0002B7DA2800281F38196895E8A698A668A5F
:1016E0008C8AEE8AC78CDC8CCC96FC986F6B8B4E08
:1016F0003C4F8D4F5051575BFA5B48610163426626
:10170000216BCB6EBB6C3E72BD74D475C1783A79D7
:101710000C803380EA8194849E8F506C7F9E0F5F93
:10172000588B2B9DFA7AF88E8D5BEB96034EF15316
:10173000F7573159C95AA45B89607F6E066FBE7531
:10174000EA8C9F5B0085E07B7250F4679D82615C50
:101750004A851E7E0E829951045C6863668D9C6585
:101760006E713E79177D05801D8BCA8E6E90C7867F
:10177000AA901F50FA523A5C53677C7035724C91B4
:10178000C8912B93E582C25B315FF9603B4ED65323
:10179000885B4B6231678A6BE972E0732E7A6B81EA
:1017A000A38D529196991251D7536A54FF5B886367
:1017B000396AAC7D0097DA56CE536854975B315C3A
:1017C000DE5DEE4F0161FE62326DC079CB79427D04
:1017D0004D7ED27FED811F82908446887289908BE6
:1017E000748E2F8F31904B916C91C6969C91C04E08
:1017F0004F4F45514153935F0E62D467416C0B6E5E
:101800006373267ECD918392D4531959BF5BD16DFA
:101810005D792E7E9B7C7E589F71FA515388F08FA4
:10182000CA4FFB5C2566AC77E37A1C82FF99C651F0
:10183000AA5FEC656F69896BF36D966E646FFE76D7
:10184000147DE15D759087910698E6511D524062C6
:101850009166D9661A6EB65ED27D727FF866AF85E4
:10186000F785F88AA952D95373598F5E905F5560F6
:10187000E4926496B7501F51DD5220534753EC5306
:10188000E8544655315517566859BE593C5AB55B10
:10189000065C0F5C115C1A5C845E8A5EE05E705FC1
:1018A0007F628462DB628C63776307660C662D66F9
:1018B00076667E67A2681F6A356ABC6C886D096EA1
:1018C000586E3C7126716771C77501775D78017933
:1018D0006579F079E07A117BA77C397D9680D68393
:1018E0008B8449855D88F3881F8A3C8A548A738A71
:1018F000618CDE8CA49166927E9318949C96989746
:101900000A4E084E1E4E574E97517052CE573458BD
:10191000CC58225B385EC560FE6461675667446DD3
:10192000B6727375637AB884728BB891209331560E
:10193000F457FE98ED620D69966BED71547E7780D9
:101940007282E689DF985587B18F3B5C384FE14F53
:10195000B54F0755205ADD5BE95BC35F4E612F63CE
:10196000B0654B66EE689B69786DF16D3375B9753E
:101970001F775E79E679337DE381AF82AA85AA89F4
:101980003A8AAB8E9B8F3290DD910797BA4EC14E4B
:1019900003527558EC580B5C1A753D5C4E810A8AEF
:1019A000C58F63966D97257BCF8A08986291F35611
:1019B000A853179039548257255EA863346C8A70F7
:1019C00061778B7CE07F70884290549110931893DC
:1019D0008F965E74C49A075D695D7065A267A88D75
:1019E000DB966E6349671969C5831798C096FE88B0
:1019F000846F7A64F85B164E2C705D752F66C45147
:101A00003652E252D359815F276010623F65746598
:101A10001F667466F2681668636B056E72721F75D6
:101A2000DB76BE7C5680F058FD887F89A08A938A39
:101A3000CB8A1D9092915297599789650E7A0681AB
:101A4000BB962D5EDC601A62A56514669067F3771D
:101A50004D7A4D7C3E7E0A81AC8C648DE18D5F8E2B
:101A6000A9780752D962A563426498622D8A837A65
:101A7000C07BAC8AEA96767D0C824987D94E485164
:101A800043536053A35B025C165CDD5D26624762D4
:101A9000B06413683468C96C456D176DD3675C6FAB
:101AA0004E717D71CB657F7AAD7BDA7D4A7EA87FF2
:101AB0007A811B823982A6856E8ACE8CF58D7890CC
:101AC0007790AD9291928395AE9B4D528455386F2D
:101AD000367168518579557EB381CE7C4C5651580C
:101AE000A85CAA63FE66FD665A69D9728F758E7509
:101AF0000E795679DF79977C207D447D0786348A7C
:101B00003B966190209FE7507552CC53E2530950A9
:101B1000AA55EE584F593D728B5B645C1D53E360D0
:101B2000F3605C6383633F63BB63CD64E965F9661F
:101B3000E35DCD69FD69156FE571894EE975F8764C
:101B4000937ADF7CCF7D9C7D6180498358836C8450
:101B5000BC84FB85C588708D01906D9097931C9710
:101B6000129ACF5097588E61D3813585088D209079
:101B7000C34F7450475273536F6049635F672C6E55
:101B8000B38D1F90D74F5E5CCA8CCF659A7D525340
:101B900096887651C363585B6B5B0A5C0D64516732
:101BA0005C90D64E1A592A59706C518A3E55155878
:101BB000A559F0605362C167358255694096C49952
:101BC000289A534F0658FE5B1080B15C2F5E855FEC
:101BD00020604B613462FF66F06CDE6ECE807F81E8
:101BE000D4828B88B88C00902E908A96DB9EDB9BEB
:101BF000E34EF05327592C7B8D914C98F99DDD6E67
:101C0000277053534455855B58629E62D362A26C21
:101C1000EF6F2274178A3894C16FFE8A3883E751B8
:101C2000F886EA53E953464F5490B08F6A59318190
:101C3000FD5DEA7ABF8FDA68378CF872489C3D6A9E
:101C4000B08A394E585306566657C562A263E66598
:101C50004E6BE16D5B6EAD70ED77EF7AAA7BBB7D6D
:101C60003D80C680CB86958A5B93E356C7583E5F1E
:101C7000AD659666806AB56B3775C78A2450E5777F
:101C800030571B5F65607A66606CF4751A7A6E7FF8
:101C9000F48118874590B399C97B5C75F97A517BBB
:101CA000C4841090E979927A3683E15A40772D4EB8
:101CB000F24E995BE05FBD623C66F167E86C6B8653
:101CC00077883B8A4E91F392D099176A26702A73CF
:101CD000E7825784AF8C014E4651CB518B55F55B53
:101CE000165E335E815E145F355F6B5FB45FF261D9
:101CF0001163A2661D676E6F52723A753A777480EF
:101D0000398178817687BF8ADC8A858DF38D9A92B6
:101D100077950298E59CC5525763F4761567886CF1
:101D2000CD73C38CAE937396256D9C580E69CC69A8
:101D3000FD8F9A93DB751A905A580268B463FB6959
:101D4000434F2C6FD867BB8F2685B47D54933F6972
:101D5000706F6A57F7582C5B2C7D2A720A54E391F6
:101D6000B49DAD4E4E4F5C50755043529E8C4854BE
:101D700024589A5B1D5E955EAD5EF75E1F5F8C60BA
:101D8000B5623A63D063AF68406C87788E790B7A1E
:101D9000E07D4782028AE68A448E1390B8902D91A6
:101DA000D8910E9FE56C5864E2647565F46E847694
:101DB0001B7B6990D193BA6EF254B95FA4644D8FC6
:101DC000ED8F449278516B582959555C975EFB6DA5
:101DD0008F7E1C75BC8CE28E5B98B9701D4FBF6BFB
:101DE000B16F3075FB964E51105435585758AC5959
:101DF000605C925F97655C67216E7B76DF83ED8C1C
:101E00001490FD904D9325783A78AA52A65E1F57FC
:101E10007459126012505A51AC51CD5100521055A4
:101E2000545858585759955BF65C8B5DBC60956269
:101E30002D6471674368BC68DF68D776D86D6F6EB4
:101E40009B6D6F70C871535FD8757779497B547BF0
:101E5000527BD67C717D305263846985E4850E8A1D
:101E6000048B468C0F8E03900F90199476962D98C4
:101E7000309AD895CD50D5520C5402580E5CA761BB
:101E80009E641E6DB377E57AF48004845390859246
:101E9000E05C079D3F53975FB35F9C6D79726377FA
:101EA000BF79E47BD26BEC72AD8A0368616AF8514A
:101EB000817A34694A5CF69CEB82C55B49911E705D
:101EC00078566F5CC76066658C6C5A8C419013982D
:101ED0005154C7660D924859A39085514D4EEA5111
:101EE00099850E8B58707A634B936269B499047E1E
:101EF000777557536069DF8EE3965D6C8C4E3C5C62
:101F0000105FE98F0253D18C89807986FF5EE56589
:101F1000734E655182593F5CEE97FB4E8A59CD5FF7
:101F20008D8AE16FB0796279E75B71842B73B1714F
:101F3000745EF55F7B639A64C371987C434EFC5E6C
:101F40004B4EDC57A256A960C36F0D7DFD803381D7
:101F5000BF81B28F9789A486F45D8A62AD64878958
:101F60007767E26C3E6D36743478465A757FAD8281
:101F7000AC99F34FC35EDD62926357656F67C376BA
:101F80004C72CC80BA80298F4D910D50F957925ADE
:101F9000856873696471FD72B78CF258E08C6A963B
:101FA00019907F87E479E77729842F4F65525A5338
:101FB000CD62CF67CA6C7D76947B957C36828485B2
:101FC000EB8FDD66206F06721B7EAB83C199A69EE8
:101FD000FD51B17B7278B87B8780487BE86A615E8F
:101FE0008C80517560756B5162928C6E7A76979188
:101FF000EA9A104F707F9C624F7BA595E99C7A56B8
:102000005958E486BC96344F24524A53CD53DB537F
:10201000065E2C6491657F673E6C4E6C4872AF72B1
:10202000ED735475417E2C82E985A98CC47BC691E1
:1020300069711298EF983D6369666A75E476D078A5
:102040004385EE862A53515326548359875E7C5F1D
:10205000B26049627962AB629065D46BCC6CB27548
:10206000AE769178D879CB7D777FA580AB88B98A19
:10207000BB8C7F905E97DB980B6A387C99503E5CF6
:10208000AE5F8767D86B357409778E7F3B9FCA67D1
:10209000177A39538B75ED9A665F9D81F18398802D
:1020A0003C5FC55F6275467B3C906768EB599B5A05
:1020B000107D7E762C8BF54F6A5F196A376C026F44
:1020C000E27468796888558A798CDF5ECF63C5755C
:1020D000D279D7822893F2929C84ED862D9CC154AC
:1020E0006C5F8C655C6D1570A78CD38C3B984F65CD
:1020F000F6740D4ED84EE0572B59665ACC5BA8515A
:10210000035E9C5E166076627765A7656E666E6D8F
:102110003672267B50819A8199825C8BA08CE68CEA
:10212000748D1C964496AE4FAB64666B1E826184C0
:102130006A85E890015C5369A8987A8457850F4FA7
:102140006F52A95F455E0D678F797981078986890E
:10215000F56D175F5562B86CCF4E6972929B06524F
:102160003B547456B358A4616E621A716E59897CDF
:10217000DE7C1B7DF09687655E80194E754F75512C
:102180004058635E735E0A5FC467264E3D8589953D
:102190005B96737C0198FB50C1585676A778255200
:1021A000A5771185867B4F5009594772C77BE87D1B
:1021B000BA8FD48F4D90BF4FC952295A015FAD9746
:1021C000DD4F1782EA9203575563696B2B75DC88E4
:1021D000148F427ADF52935855610A62AE66CD6B16
:1021E0003F7CE9832350F84F0553465431584959F1
:1021F0009D5BF05CEF5C295D965EB16267633E6556
:10220000B9650B67D56CE16CF97032782B7EDE8096
:10221000B3820C84EC84028712892A8A4A8CA690A5
:10222000D292FD98F39C6C9D4F4EA14E8D5056520C
:102230004A57A8593D5ED85FD95F3F62B4661B67B5
:10224000D067D2689251217DAA80A881008B8C8CA6
:10225000BF8C7E92329620542C981753D5505C53E5
:10226000A858B264346767726677467AE691C352BB
:10227000A16C866B00584C5E54592C67FB7FE15172
:10228000C6766964E878549BBB9ECB57B9592766DC
:102290009A67CE6BE954D969555E9C819567AA9B74
:1022A000FE67529C5D68A64EE34FC853B9622B6728
:1022B000AB6CC48FAD4F6D7EBF9E074E6261806E6A
:1022C0002B6F138573542A67459BF35D957BAC5C3C
:1022D000C65B1C874A6ED184147A088199598D7C1B
:1022E000116C2077D952225921715F72DB772797C1
:1022F000619D0B697F5A185AA5510D547D540E6685
:10230000DF76F78F9892F49CEA595D72C56E4D5155
:10231000C968BF7DEC7D6297BA9E7864216A0283AA
:1023200084595F5BDB6B1B73F276B27D17809984F7
:1023300032512867D99EEE766267FF520599245C78
:102340003B627E7CB08C4F55B6600B7D809501530F
:102350005F4EB6511C593A723680CE91255FE277B6
:102360008453795F047DAC85338A8D8E5697F367ED
:10237000AE85539409610861B96C5276ED8A388F45
:102380002F55514F2A51C752CB53A55B7D5EA0609C
:102390008261D6630967DA67676E8C6D367337734F
:1023A00031755079D588988A4A909190F590C49665
:1023B0008D871559884E594F0E4E898A3F8F109838
:1023C000AD507C5E9659B95BB85EDA63FA63C1645E
:1023D000DC664A69D8690B6DB66E94712875AF7A60
:1023E0008A7F00804984C9848189218B0A8E659007
:1023F0007D960A997E619162326B836C746DCC7F9D
:10240000FC7FC06D857FBA87F8886567B1833C988B
:10241000F7961B6D617D3D846A91714E7553505DD9
:10242000046BEB6FCD852D86A78929520F54655C0F
:102430004E67A86806748374E275CF88E188CC91F2
:10244000E29678968B5F8773CB7A4E84A06365752E
:102450008952416D9C6E097459756B78927C869691
:10246000DC7A8D9FB64F6E61C5655C86864EAE4E3A
:10247000DA50214ECC51EE5B99658168BC6D1F73BB
:102480004276AD771C7AE77C6F82D28A7C90CF91BE
:10249000759618989B52D17D2B5098539767CB6DAA
:1024A000D0713374E8812A8FA396579C9F9E6074E5
:1024B0004158996D2F7D5E98E44E364F8B4FB75142
:1024C000B152BA5D1C60B2733C79D3823492B79634
:1024D000F6960A97979E629FA666746B1752A35250
:1024E000C870C288C95E4B609061236F49713E7CA1
:1024F000F47D6F80EE8423902C9342546F9BD36ABB
:102500008970C28CEF8D3297B452415ACA5E045F13
:1025100017677C6994696A6D0F6F6272FC72ED7B5C
:1025200001807E804B87CE906D51939E84798B8005
:102530003293D68A2D508C54718A6A6BC48C078171
:10254000D160A067F29D994E984E109C6B8AC18510
:10255000688500697E6E9778558100000A00010049
:10256000020003000400050006000700080009003F
:102570000A000B000C000D000E000F001000000000
:10258000202020202020202020202020202020204B
:10259000202020202020202020202020202020203B
:1025A000000000001F001C2000000000142100009B
:1025B0000200162400000000142500000200152867
:1025C00000000000112900000000142A0000000093
:1025D000182B00000000142C00000000102D00003B
:1025E0000000142E000001000C3000000900143A15
:1025F00000000100183C00000200143F0000010030
:10260000034100001900155B00000000145C00008D
:102610000000115D00000000175E000000000F5F69
:1026200000000000176000000000036100001900B6
:10263000157B00000000187C00000000117D0000E8
:102640000000187E00000000007F000020001CA099
:102650000000000014A10000000016A2000003000A
:1026600019A60000000014A70000000017A8000031
:10267000000019A90000000006AA0000000013AB2A
:102680000000000018AC0000000001AD00000000D8
:1026900019AE0000000017AF0000000019B00000E4
:1026A000000018B1000000000EB20000010017B4D5
:1026B0000000000003B50000000014B60000010097
:1026C00017B8000000000EB90000000006BA0000B4
:1026D000000012BB000000000EBC0000020014BF8E
:1026E0000000000003C00000160018D70000000022
:1026F00003D80000060004DF0000000003E0000033
:10270000160018F70000000003F800003F0004382E
:1027100001000000033901000F000449010000001E
:10272000034A01004200048D01000000038E0100F5
:102730000C00049B01000000039C01000D0004AA92
:102740000100010003AC01000D0004BA010000000B
:1027500006BB0100000003BC0100010004BE010033
:10276000000003BF0100000006C00100030003C415
:102770000100000007C50100000003C601000100C0
:1027800007C80100000003C90100010007CB0100D8
:10279000000003CC0100230004F00100000003F15D
:1027A0000100000007F20100000003F301002D000A
:1027B0000421020000000322020011000434020080
:1027C0000500033A02001A000455020000000356F7
:1027D000020001000458020000000359020000003A
:1027E000045A02000000035B02000100045D0200C5
:1027F00002000360020001000462020000000363A3
:1028000002000000046402000000036502000100F1
:10281000046702000000036802000400046D020067
:102820000100036F02000000047002000000037149
:1028300002000100047302000100037502000000A1
:10284000047602000600037D02000000047E020000
:1028500001000380020000000481020000000382E6
:102860000200010004840200020003870200050048
:10287000048D020004000392020000000493020091
:102880000000069402000000049502000700039D6A
:1028900002000100049F0200100005B002001100B8
:1028A00017C20200030005C602000B0017D2020087
:1028B0000D0005E00200040017E50200060005EC2B
:1028C0000200000017ED0200000005EE020000000B
:1028D00017EF020010000B0003006F0003700300ED
:1028E0000300057403000000177503000000037661
:1028F00003000100057A03000000037B03000200CF
:10290000147E03000000037F03000000178403000F
:102910000100038603000000148703000000038801
:1029200003000200038C03000000038E030001007B
:1029300004900300000003910300100003A30300B0
:102940000C0004B00300000003B10300200008D213
:102950000300020003D50300200018F60300000066
:1029600003F70300040004FC0300000003FD030060
:1029700084001982040000000B83040004000A880C
:1029800004000100038A0400A500033105002500AE
:10299000055905000000145A0500050004600500F3
:1029A000000003610500250004870500010014896B
:1029B00005000000108A05000000198D05000100C7
:1029C000168F050000000B9105002C0010BE0500BD
:1029D00000000BBF0500000014C0050000000BC183
:1029E0000500010014C3050000000BC40500010030
:1029F00014C6050000000BC70500000006D0050046
:102A00001A0006EF0500030014F3050001000100A1
:102A10000600050018060600020014090600010061
:102A2000160B06000000140C06000100190E06002B
:102A300001000B1006000A00141B06000000011C18
:102A400006000000141D06000200062006001F00FC
:102A50000540060000000641060009000B4B060079
:102A600014000C6006000900146A06000300066EDC
:102A7000060001000B7006000000067106006200EF
:102A800014D40600000006D5060000000BD6060090
:102A9000060001DD0600000019DE060000000BDF65
:102AA0000600050005E5060001000BE70600010031
:102AB00019E9060000000BEA0600030006EE060016
:102AC00001000CF00600090006FA0600020019FDDC
:102AD0000600010006FF06000000140007000D00BC
:102AE000010F070000000610070000000B1107008F
:102AF0000000061207001D000B3007001A00064DEB
:102B0000070058000BA607000A0006B107000000E6
:102B10000CC00700090006CA070020000BEB0700E5
:102B2000080005F40700010019F60700000014F77B
:102B30000700020005FA070000000BFD0700000077
:102B400016FE070001000600080015000B1608001D
:102B50000300051A080000000B1B080008000524EC
:102B6000080000000B2508000200052808000000EE
:102B70000B2908000400143008000E00064008006D
:102B800018000B5908000200145E080000000660DF
:102B900008000A00067008001700178808000000E7
:102BA0000689080005000190080001000B98080044
:102BB000070006A00800280005C9080000000BCA8D
:102BC0000800170001E2080000000BE308001F00E6
:102BD0000903090000000604090035000B3A09004A
:102BE0000000093B090000000B3C09000000063D05
:102BF00009000000093E090002000B41090007001E
:102C00000949090003000B4D09000000094E0900A5
:102C100001000650090000000B510900060006588B
:102C2000090009000B620900010014640900010099
:102C30000C66090009001470090000000571090004
:102C40000000067209000E000B81090000000982D5
:102C500009000100068509000700068F0900010030
:102C600006930900150006AA0900060006B209002D
:102C7000000006B6090003000BBC0900000006BDF9
:102C80000900000009BE090002000BC10900030091
:102C900009C70900010009CB090001000BCD09009B
:102CA000000006CE0900000009D70900000006DC7C
:102CB0000900010006DF090002000BE20900010023
:102CC0000CE60900090006F00900010016F20900EF
:102CD00001000EF40900050019FA0900000016FBB6
:102CE0000900000006FC0900000014FD09000000B6
:102CF0000BFE090000000B010A00010009030A0095
:102D0000000006050A000500060F0A000100061370
:102D10000A001500062A0A00060006320A00010011
:102D200006350A00010006380A0001000B3C0A00C3
:102D30000000093E0A0002000B410A0001000B4797
:102D40000A0001000B4B0A0002000B510A000000B0
:102D500006590A000300065E0A0000000C660A001D
:102D600009000B700A00010006720A0002000B75D0
:102D70000A00000014760A0000000B810A0001001E
:102D800009830A00000006850A000800068F0A0071
:102D9000020006930A00150006AA0A00060006B201
:102DA0000A00010006B50A0004000BBC0A0000007E
:102DB00006BD0A00000009BE0A0002000BC10A009D
:102DC00004000BC70A00010009C90A00000009CB72
:102DD0000A0001000BCD0A00000006D00A00000026
:102DE00006E00A0001000BE20A0001000CE60A00FE
:102DF000090014F00A00000016F10A00000006F9AC
:102E00000A0000000BFA0A0005000B010B0000008D
:102E100009020B00010006050B000700060F0B005E
:102E2000010006130B001500062A0B0006000632EF
:102E30000B00010006350B0004000B3C0B000000EA
:102E4000063D0B000000093E0B0000000B3F0B008D
:102E5000000009400B0000000B410B000300094774
:102E60000B000100094B0B0001000B4D0B00000093
:102E70000B550B00010009570B000000065C0B000E
:102E80000100065F0B0002000B620B0001000C66E4
:102E90000B00090019700B00000006710B00000008
:102EA0000E720B0005000B820B00000006830B0066
:102EB000000006850B000500068E0B00020006923E
:102EC0000B00030006990B000100069C0B0000009C
:102ED000069E0B00010006A30B00010006A80B00D4
:102EE000020006AE0B000B0009BE0B0001000BC078
:102EF0000B00000009C10B00010009C60B00020015
:102F000009CA0B0002000BCD0B00000006D00B001D
:102F1000000009D70B0000000CE60B0009000EF0C2
:102F20000B00020019F30B00050016F90B0000005E
:102F300019FA0B0000000B000C00000009010C0046
:102F400002000B040C00000006050C000700060E32
:102F50000C00020006120C001600062A0C000F00DE
:102F60000B3C0C000000063D0C0000000B3E0C006A
:102F7000020009410C0003000B460C0002000B4A42
:102F80000C0003000B550C00010006580C00020059
:102F9000065D0C00000006600C0001000B620C00D6
:102FA00001000C660C00090014770C0000000E787C
:102FB0000C000600197F0C00000006800C000000C9
:102FC0000B810C00000009820C00010014840C002D
:102FD000000006850C000700068E0C000200069219
:102FE0000C00160006AA0C00090006B50C0004002F
:102FF0000BBC0C00000006BD0C00000009BE0C005C
:1030000000000BBF0C00000009C00C0004000BC640
:103010000C00000009C70C00010009CA0C000100E7
:103020000BCC0C00010009D50C00010006DD0C00E2
:10303000010006E00C0001000BE20C0001000CE6B0
:103040000C00090006F10C00010009F30C0000005F
:103050000B000D00010009020D00010006040D0027
:103060000800060E0D00020006120D0028000B3BA2
:103070000D000100063D0D000000093E0D0002009C
:103080000B410D00030009460D000200094A0D0026
:1030900002000B4D0D000000064E0D000000194F00
:1030A0000D00000006540D00020009570D0000003D
:1030B0000E580D000600065F0D0002000B620D00A9
:1030C00001000C660D0009000E700D000800197952
:1030D0000D000000067A0D0005000B810D000000B8
:1030E00009820D00010006850D001100069A0D00F1
:1030F000170006B30D00080006BD0D00000006C055
:103100000D0006000BCA0D00000009CF0D000200E3
:103110000BD20D0002000BD60D00000009D80D00E7
:1031200007000CE60D00090009F20D00010014F47F
:103130000D00000006010E002F000B310E000000F4
:1031400006320E0001000B340E000600163F0E0082
:10315000000006400E00050005460E0000000B476B
:103160000E000700144F0E0000000C500E00090066
:10317000145A0E00010006810E00010006840E00A4
:10318000000006860E000400068C0E00170006A53F
:103190000E00000006A70E0009000BB10E00000093
:1031A00006B20E0001000BB40E00080006BD0E00B2
:1031B000000006C00E00040005C60E0000000BC88B
:1031C0000E0006000CD00E00090006DC0E00030005
:1031D00006000F00000019010F00020014040F0088
:1031E0000E0019130F00000014140F000000191531
:1031F0000F0002000B180F000100191A0F00050044
:103200000C200F0009000E2A0F00090019340F00CE
:1032100000000B350F00000019360F0000000B37BF
:103220000F00000019380F0000000B390F000000DC
:10323000153A0F000000113B0F000000153C0F0075
:103240000000113D0F000000093E0F000100064084
:103250000F00070006490F0023000B710F000D003F
:10326000097F0F0000000B800F00040014850F0081
:1032700000000B860F00010006880F0004000B8D74
:103280000F000A000B990F00230019BE0F00070062
:103290000BC60F00000019C70F00050019CE0F0064
:1032A000010014D00F00040019D50F00030014D939
:1032B0000F000100060010002A00092B1000010079
:1032C0000B2D100003000931100000000B3210001C
:1032D00005000938100000000B3910000100093BFF
:1032E000100001000B3D10000100063F100000001F
:1032F0000C4010000900144A100005000650100090
:1033000005000956100001000B5810000100065A74
:10331000100003000B5E10000200066110000000A8
:103320000962100002000665100001000967100024
:103330000600066E100002000B71100003000675F7
:1033400010000C000B821000000009831000010027
:103350000B85100001000987100005000B8D10007F
:103360000000068E10000000098F100000000C9075
:1033700010000900099A100002000B9D10000000C7
:10338000199E1000010003A01000250003C71000C3
:10339000000003CD1000000003D010002A0014FB31
:1033A0001000000005FC1000000003FD10000200EA
:1033B000060011004801064A1200030006501200E0
:1033C0000600065812000000065A120003000660AC
:1033D00012002800068A1200030006901200200046
:1033E00006B21200030006B81200060006C0120062
:1033F000000006C21200030006C812000E0006D824
:1034000012003800061213000300061813004200D1
:103410000B5D130002001460130008000E69130016
:103420001300068013000F0019901300090003A079
:103430001300550003F813000500100014000000ED
:10344000060114006B02196D16000000146E1600C0
:103450000000066F160010001C8016000000068198
:1034600016001900159B16000000119C16000000A4
:1034700006A016004A0014EB160002000DEE16001E
:10348000020006F1160007000600170011000B12DB
:1034900017000200091517000000061F1700120090
:1034A0000B32170001000934170000001435170013
:1034B00001000640170011000B52170001000660C2
:1034C00017000C00066E170002000B7217000100B7
:1034D0000680170033000BB41700010009B617006F
:1034E00000000BB71700060009BE170007000BC647
:1034F0001700000009C7170001000BC917000A00D8
:1035000014D41700020005D71700000014D81700C4
:10351000020016DB1700000006DC170000000BDDC0
:10352000170000000CE0170009000EF0170009005A
:1035300014001800050010061800000014071800F9
:1035400003000B0B18000200010E180000000B0F07
:10355000180000000C1018000900062018002200B6
:1035600005431800000006441800340006801800C7
:1035700004000B85180001000687180021000BA924
:103580001800000006AA1800000006B01800450048
:10359000060019001E000B20190002000923190063
:1035A00003000B2719000100092919000200093046
:1035B000190001000B321900000009331900050041
:1035C0000B391900020019401900000014441900B9
:1035D00001000C4619000900065019001D00067074
:1035E00019000400068019002B0006B0190019000C
:1035F0000CD0190009000EDA1900000019DE1900BC
:10360000210006001A0016000B171A000100091904
:103610001A0001000B1B1A000000141E1A00010002
:1036200006201A00340009551A0000000B561A0033
:10363000000009571A0000000B581A0006000B6022
:103640001A00000009611A0000000B621A00000055
:1036500009631A0001000B651A000700096D1A00C2
:1036600005000B731A0009000B7F1A0000000C8084
:103670001A0009000C901A00090014A01A00060094
:1036800005A71A00000014A81A0005000BB01A00C4
:103690000D000ABE1A0000000BBF1A000F000B003D
:1036A0001B00030009041B00000006051B002E0080
:1036B0000B341B00000009351B0000000B361B00FB
:1036C0000400093B1B0000000B3C1B000000093DEF
:1036D0001B0004000B421B00000009431B000100FB
:1036E00006451B0007000C501B000900145A1B0064
:1036F000060019611B0009000B6B1B000800197400
:103700001B000800147D1B0001000B801B00010042
:1037100009821B00000006831B001D0009A11B007D
:1037200000000BA21B00030009A61B0001000BA850
:103730001B00010009AA1B0000000BAB1B000200CC
:1037400006AE1B0001000CB01B00090006BA1B00EE
:103750002B000BE61B00000009E71B0000000BE834
:103760001B00010009EA1B0002000BED1B0000001A
:1037700009EE1B0000000BEF1B00020009F21B000A
:10378000010014FC1B00030006001C002300092498
:103790001C0007000B2C1C00070009341C00010052
:1037A0000B361C000100143B1C0004000C401C00E4
:1037B0000900064D1C0002000C501C000900065AAE
:1037C0001C001D0005781C000500147E1C00010073
:1037D00003801C00080003901C002A0003BD1C008D
:1037E000020014C01C0007000BD01C00020014D300
:1037F0001C0000000BD41C000C0009E11C000000A0
:103800000BE21C00060006E91C0003000BED1C0087
:10381000000006EE1C0005000BF41C00000006F57D
:103820001C00010009F71C0000000BF81C0001003F
:1038300006FA1C00000004001D002B00052C1D00D2
:103840003E00046B1D000C0005781D00000003798C
:103850001D000000047A1D000200037D1D00000011
:10386000047E1D000F00038E1D000000048F1D004C
:103870000B00059B1D0024000BC01D003F00030032
:103880001E00950004961E000400039B1E0000000D
:10389000049C1E000100039E1E000000049F1E00E9
:1038A000000003A01E00750003181F000500032080
:1038B0001F00250003481F00050004501F000000E2
:1038C00003511F00000004521F00000003531F009B
:1038D000000004541F00000003551F0000000456A0
:1038E0001F00000003571F00000003591F000000C5
:1038F000035B1F000000035D1F000000035F1F004B
:103900001E0003801F00070007881F0007000390A8
:103910001F00070007981F00070003A01F000700F3
:1039200007A81F00070003B01F00010004B21F001A
:10393000000003B31F00000004B41F00000004B621
:103940001F00010003B81F00030007BC1F00000098
:1039500017BD1F00000003BE1F00000017BF1F009F
:10396000020004C21F00000003C31F00000004C4C3
:103970001F00000004C61F00010003C81F00030051
:1039800007CC1F00000017CD1F00020003D01F004E
:10399000010004D21F00010004D61F00010003D85B
:1039A0001F00030017DD1F00020003E01F000100DD
:1039B00004E21F00020003E51F00000004E61F00F0
:1039C000010003E81F00040017ED1F00020004F2CD
:1039D0001F00000003F31F00000004F41F0000009C
:1039E00004F61F00010003F81F00030007FC1F007E
:1039F000000017FD1F0001001C0020000A00010B41
:103A00002000040010102000050014162000010002
:103A1000131820000000121920000000151A2000C1
:103A20000000131B20000100121D20000000151EC5
:103A300020000000131F20000000142020000700B9
:103A40001A28200000001B2920000000012A200065
:103A500004001C2F2000000014302000080013393F
:103A600020000000123A20000000143B2000030058
:103A70000F3F2000010014412000020018442000E4
:103A800000001545200000001146200000001447EA
:103A900020000A00185220000000145320000000EB
:103AA0000F54200000001455200009001C5F200066
:103AB00000000160200004000166200009000E7073
:103AC000200000000571200000000E742000050099
:103AD000187A20000200157D20000000117E2000D1
:103AE0000000057F200000000E8020000900188AD9
:103AF00020000200158D20000000118E2000000023
:103B0000059020000C0016A0200020000BD0200003
:103B10000C000ADD200003000BE1200000000AE297
:103B2000200002000BE520000B001900210001001D
:103B300008022100000019032100030008072100EA
:103B40000000190821000100040A21000000080BF0
:103B500021000200040E21000100081021000200D3
:103B60000413210000001914210000000815210091
:103B70000000191621000100181821000000081982
:103B800021000400191E2100050008242100000066
:103B9000192521000000032621000000192721001B
:103BA0000000082821000000192921000000032A34
:103BB00021000100082C21000100192E2100000025
:103BC000042F2100000008302100010003322100F1
:103BD00000000833210000000434210000000635F5
:103BE00021000300043921000000193A21000100DE
:103BF000043C21000100083E210001001840210082
:103C00000400084521000000044621000300194A71
:103C100021000000184B21000000194C2100010078
:103C2000034E21000000194F210000000E5021001A
:103C30000F000D60210022000383210001000D858B
:103C4000210003000E8921000000198A21000100D3
:103C5000189021000400199521000400189A2100F1
:103C60000100199C2100030018A02100000019A1E7
:103C70002100010018A32100000019A42100010067
:103C800018A62100000019A72100060018AE210087
:103C9000000019AF21001E0018CE2100010019D02C
:103CA0002100010018D22100000019D321000000DA
:103CB00018D42100000019D521001E0018F421009D
:103CC0000B0119002300070015082300000011094B
:103CD00023000000150A23000000110B2300000040
:103CE000190C2300130018202300010019222300BF
:103CF0000600152923000000112A23000000192BBB
:103D000023005000187C23000000197D23001D00B3
:103D1000189B2300180019B42300270018DC230087
:103D2000050019E223004400194024000A000E6037
:103D300024003B00199C24004D000EEA24001500CD
:103D400019002500B60018B72500000019B8250095
:103D5000080018C12500000019C22500350018F818
:103D600025000700190026006E00186F26000000CD
:103D700019702600F7001568270000001169270058
:103D80000000156A27000000116B27000000156C69
:103D900027000000116D27000000156E27000000AD
:103DA000116F270000001570270000001171270017
:103DB0000000157227000000117327000000157421
:103DC000270000001175270000000E7627001D0057
:103DD000199427002B0018C02700040015C52700E0
:103DE000000011C62700000018C727001E0015E6B6
:103DF0002700000011E72700000015E82700000059
:103E000011E92700000015EA2700000011EB270048
:103E1000000015EC2700000011ED2700000015EE52
:103E20002700000011EF2700000018F027000F0006
:103E300019002800FF0018002900820015832900BE
:103E4000000011842900000015852900000011865A
:103E500029000000158729000000118829000000B2
:103E6000158929000000118A29000000158B2900FE
:103E70000000118C29000000158D29000000118E12
:103E800029000000158F2900000011902900000072
:103E900015912900000011922900000015932900B6
:103EA00000001194290000001595290000001196CA
:103EB0002900000015972900000011982900000032
:103EC000189929003E0015D82900000011D92900B1
:103ED000000015DA2900000011DB2900000018DCC1
:103EE00029001F0015FC2900000011FD2900000019
:103EF00018FE2900010119002B002F0018302B009B
:103F0000140019452B00010018472B000500194D1E
:103F10002B00260019762B001F0019972B00680034
:103F200003002C00700004712C00000003722C00B0
:103F3000010004742C00000003752C0001000477BC
:103F40002C000400057C2C000100037E2C00650081
:103F500004E42C00000019E52C00050003EB2C0004
:103F600003000BEF2C00020003F22C00010014F9F7
:103F70002C0003000EFD2C00000014FE2C0001009C
:103F800003002D00250003272D000000032D2D0028
:103F9000000006302D003700056F2D000000147062
:103FA0002D0000000B7F2D00000006802D00160064
:103FB00006A02D00060006A82D00060006B02D0064
:103FC000060006B82D00060006C02D00060006C833
:103FD0002D00060006D02D00060006D82D00060094
:103FE0000BE02D001F0014002E00010013022E0014
:103FF000000012032E00000013042E000000120522
:104000002E00000014062E00020013092E000000EE
:10401000120A2E000000140B2E000000130C2E00BC
:104020000000120D2E000000140E2E0008001017C4
:104030002E00000014182E000100101A2E0000009F
:10404000141B2E000000131C2E000000121D2E0059
:104050000000141E2E00010013202E00000012216B
:104060002E00000015222E00000011232E0000005B
:1040700015242E00000011252E00000015262E000C
:10408000000011272E00000015282E000000112925
:104090002E000000142A2E000400052F2E00000020
:1040A00014302E000900103A2E000100143C2E009E
:1040B000030010402E00000014412E0000001542A5
:1040C0002E00000014432E000C0019502E00010099
:1040D00014522E00020015552E00000011562E001D
:1040E000000015572E00000011582E000000155931
:1040F0002E000000115A2E000000155B2E0000005B
:10410000115C2E000000105D2E00000019802E00B2
:104110001900199B2E00580019002F00D50019F026
:104120002F000B001C0030000000140130000200C2
:1041300019043000000005053000000006063000BC
:1041400000000D07300000001508300000001109C4
:1041500030000000150A30000000110B3000000094
:10416000150C30000000110D30000000150E30005D
:104170000000110F30000000151030000000111178
:10418000300000001912300001001514300000004A
:104190001115300000001516300000001117300016
:1041A0000000151830000000111930000000151A29
:1041B00030000000111B30000000101C3000000017
:1041C000151D30000000111E3000010019203000C4
:1041D00000000D21300008000B2A30000300092EDA
:1041E00030000100103030000000053130000400C4
:1041F0001936300001000D3830000200053B300058
:104200000000063C30000000143D30000000193E64
:10421000300001000641300055000B9930000100CC
:10422000179B30000100059D30000100069F300003
:10423000000010A03000000006A13000590014FB5F
:104240003000000005FC3000020006FF30000000D6
:10425000060531002A00063131005D001990310059
:1042600001000E923100030019963100090006A0EA
:1042700031001F0019C03100230006F031000F008B
:10428000190032001E000E2032000900192A3200E7
:104290001D000E48320007001950320000000E5178
:1042A00032000E00196032001F000E80320009003B
:1042B000198A320026000EB132000E0019C03200F9
:1042C0003F0106003400BF1919C04D003F00060031
:1042D0004E0014520515A00000000616A00076043A
:1042E0001990A400360006D0A400270005F8A40009
:1042F000050014FEA40001000600A5000B01050C3A
:10430000A6000000140DA60002000610A6000F0073
:104310000C20A6000900062AA60001000340A60002
:104320002D00066EA60000000B6FA60000000A70AC
:10433000A60002001473A60000000B74A60009007A
:10434000147EA6000000057FA60000000380A600E2
:104350001B00059CA60001000B9EA600010006A004
:10436000A60045000DE6A60009000BF0A60001001E
:1043700014F2A60005001700A70016000517A700F5
:1043800008001720A70001000322A7000D00043039
:10439000A70001000332A7003D000570A700000040
:1043A0000471A70007000379A7000E000588A70085
:1043B00000001789A7000100038BA7000200048EEC
:1043C000A7000000068FA70000000390A7000400CC
:1043D0000495A70000000396A700180004AFA700EB
:1043E000000003B0A7001A0003D0A700010004D307
:1043F000A700000004D5A700000003D6A700030013
:1044000005F2A700020003F5A700010006F7A700C8
:10441000000005F8A700010004FAA700000006FB51
:10442000A70006000B02A80000000603A800020077
:104430000B06A80000000607A80003000B0BA8004D
:104440000000060CA80016000923A80001000B2597
:10445000A80001000927A80000001928A8000300EF
:104460000B2CA80000000E30A80005001936A8008B
:1044700001001638A80000001939A8000000064005
:10448000A80033001474A80003000980A8000100EC
:104490000682A800310009B4A8000F000BC4A800D0
:1044A000010014CEA80001000CD0A80009000BE008
:1044B000A800110006F2A800050014F8A8000200E8
:1044C00006FBA800000014FCA800000006FDA800E0
:1044D00001000BFFA80000000C00A9000900060A5B
:1044E000A9001B000B26A9000700142EA90001003B
:1044F0000630A90016000B47A9000A000952A900BE
:104500000100145FA90000000660A9001C000B80D8
:10451000A90002000983A90000000684A9002E005A
:104520000BB3A900000009B4A90001000BB6A90053
:10453000030009BAA90001000BBCA900010009BED3
:10454000A900020014C1A9000C0005CFA9000000B9
:104550000CD0A900090014DEA900010006E0A900A2
:1045600004000BE5A900000005E6A900000006E72D
:10457000A90008000CF0A900090006FAA90004002F
:104580000600AA0028000B29AA000500092FAA008E
:1045900001000B31AA0001000933AA0001000B350C
:1045A000AA0001000640AA0002000B43AA00000076
:1045B0000644AA0007000B4CAA000000094DAA00FF
:1045C00000000C50AA000900145CAA000300066059
:1045D000AA000F000570AA0000000671AA000500DD
:1045E0001977AA000200067AAA000000097BAA0037
:1045F00000000B7CAA000000097DAA000000067ED6
:10460000AA0031000BB0AA00000006B1AA00000009
:104610000BB2AA00020006B5AA0001000BB7AA005F
:10462000010006B9AA0004000BBEAA00010006C0E2
:10463000AA0000000BC1AA00000006C2AA000000E8
:1046400006DBAA00010005DDAA00000014DEAA00B6
:10465000010006E0AA000A0009EBAA0000000BEC2A
:10466000AA00010009EEAA00010014F0AA0001004E
:1046700006F2AA00000005F3AA00010009F5AA004D
:1046800000000BF6AA0000000601AB0005000609B9
:10469000AB0005000611AB0005000620AB000600CC
:1046A0000628AB0006000430AB0022000353AB0029
:1046B00000000454AB000600175BAB000000055C73
:1046C000AB0003000460AB0008000569AB0000000C
:1046D000176AAB0001000370AB004F0006C0AB00CF
:1046E000220009E3AB0001000BE5AB00000009E686
:1046F000AB0001000BE8AB00000009E9AB000100D2
:1047000014EBAB00000009ECAB0000000BEDAB00BC
:1047100000000CF0AB0009000600AC00A32B06B0B3
:10472000D700160006CBD70030000200D800FF07E4
:104730000600F9006D010670FA0069000400FB0034
:1047400006000413FB000400061DFB0000000B1E06
:10475000FB000000061FFB0009001829FB000000F9
:10476000062AFB000C000638FB000400063EFB0096
:1047700000000640FB0001000643FB000100064666
:10478000FB006B0017B2FB00100006D3FB006A01B0
:10479000113EFD000000153FFD0000001940FD0026
:1047A0000F000650FD003F000692FD00350019CFB6
:1047B000FD00000006F0FD000B0016FCFD000000EF
:1047C00019FDFD0002000B00FE000F001410FE009A
:1047D00006001517FE0000001118FE000000141955
:1047E000FE0000000B20FE000F001430FE00000051
:1047F0001031FE0001000F33FE0001001535FE00F0
:1048000000001136FE0000001537FE0000001138D0
:10481000FE0000001539FE000000113AFE00000005
:10482000153BFE000000113CFE000000153DFE009F
:104830000000113EFE000000153FFE000000114088
:10484000FE0000001541FE0000001142FE000000C5
:104850001543FE0000001144FE0000001445FE0058
:1048600001001547FE0000001148FE000000144939
:10487000FE0003000F4DFE0002001450FE00020077
:104880001454FE0003001058FE0000001559FE00ED
:104890000000115AFE000000155BFE000000115CD4
:1048A000FE000000155DFE000000115EFE0000002D
:1048B000145FFE0002001862FE0000001063FE009C
:1048C00000001864FE0002001468FE000000166973
:1048D000FE000000146AFE0001000670FE000400E5
:1048E0000676FE00860001FFFE0000001401FF00B6
:1048F00002001604FF0000001405FF000200150866
:10490000FF0000001109FF000000140AFF00000072
:10491000180BFF000000140CFF000000100DFF003A
:104920000000140EFF0001000C10FF000900141A13
:10493000FF000100181CFF000200141FFF0001000F
:104940000321FF001900153BFF000000143CFF008D
:104950000000113DFF000000173EFF0000000F3F68
:10496000FF0000001740FF0000000341FF00190096
:10497000155BFF000000185CFF000000115DFF00E8
:104980000000185EFF000000155FFF0000001160CE
:10499000FF0000001461FF0000001562FF0000002E
:1049A0001163FF0000001464FF0001000666FF00B1
:1049B00009000570FF0000000671FF002C00059E35
:1049C000FF00010006A0FF001E0006C2FF00050058
:1049D00006CAFF00050006D2FF00050006DAFF0048
:1049E000020016E0FF00010018E2FF00000017E3DC
:1049F000FF00000019E4FF00000016E5FF000100C1
:104A000019E8FF00000018E9FF00030019EDFF009E
:104A1000010001F9FF00020019FCFF00010006007F
:104A200000010B00060D000119000628000112000C
:104A3000063C00010100063F00010E000650000187
:104A40000D00068000017A001400010102000E072B
:104A500001012C001937010108000D40010134004B
:104A60000E75010103001979010110000E8A010180
:104A70000100198C01010200199001010C0019A01C
:104A80000101000019D001012C000BFD0101000003
:104A9000068002011C0006A0020130000BE00201AA
:104AA00000000EE102011A00060003011F000E20A3
:104AB00003010300062D030113000D410301000053
:104AC0000642030107000D4A0301000006500301DE
:104AD00025000B7603010400068003011D00149FCE
:104AE0000301000006A00301230006C8030107001C
:104AF00014D0030100000DD10301040003000401E0
:104B00004F00065004014D000CA00401090003B041
:104B10000401230003D80401230006000501270037
:104B2000063005013300146F050100000370050114
:104B30000A00037C05010E00038C050106000394A6
:104B400005010100039705010A0003A305010E00FA
:104B500003B30501060003BB0501010006000601C1
:104B600036010640070115000660070107000580B1
:104B70000701050005870701290005B207010800A4
:104B8000060008010500060808010000060A0801E1
:104B90002B00063708010100063C08010000063F13
:104BA000080116001457080100000E5808010700FC
:104BB0000660080116001977080101000E79080146
:104BC0000600068008011E000EA70801080006E086
:104BD0000801120006F4080101000EFB08010400A0
:104BE0000600090115000E1609010500141F090130
:104BF0000000062009011900143F09010000068089
:104C0000090137000EBC0901010006BE09010100BF
:104C10000EC009010F000ED209012D0006000A0185
:104C200000000B010A0102000B050A0101000B0C38
:104C30000A01030006100A01030006150A0102001A
:104C400006190A011C000B380A0102000B3F0A0179
:104C500000000E400A01080014500A010800066016
:104C60000A011C000E7D0A010100147F0A010000E8
:104C700006800A011C000E9D0A01020006C00A01FE
:104C8000070019C80A01000006C90A011B000BE54C
:104C90000A0101000EEB0A01040014F00A010600EB
:104CA00006000B01350014390B01060006400B010C
:104CB00015000E580B01070006600B0112000E785C
:104CC0000B01070006800B01110014990B01030072
:104CD0000EA90B01060006000C01480003800C0120
:104CE000320003C00C0132000EFA0C010500060070
:104CF0000D0123000B240D0103000C300D010900F0
:104D00000E600E011E0006800E0129000BAB0E0185
:104D1000010010AD0E01000006B00E0101000BFDF8
:104D20000E01020006000F011C000E1D0F010900FC
:104D300006270F01000006300F0115000B460F017A
:104D40000A000E510F01030014550F0104000670F4
:104D50000F0111000B820F01030014860F010300E5
:104D600006B00F0114000EC50F01060006E00F018A
:104D700016000900100100000B01100100000902DB
:104D8000100100000603100134000B3810010E0062
:104D90001447100106000E52100113000C6610019A
:104DA00009000B70100100000671100101000B7367
:104DB000100101000675100100000B7F10010200B8
:104DC000098210010000068310012C0009B01001B7
:104DD00002000BB31001030009B7100101000BB969
:104DE0001001010014BB1001010001BD1001000001
:104DF00014BE100103000BC21001000001CD100110
:104E0000000006D0100118000CF0100109000B0082
:104E1000110102000603110123000B2711010400F8
:104E2000092C110100000B2D110107000C36110196
:104E30000900144011010300064411010000094556
:104E40001101010006471101000006501101220066
:104E50000B73110100001474110101000676110199
:104E600000000B801101010009821101000006837E
:104E700011012F0009B3110102000BB61101080046
:104E800009BF1101010006C11101030014C5110180
:104E900003000BC91101030014CD1101000009CE5C
:104EA000110100000BCF110100000CD0110109000D
:104EB00006DA1101000014DB1101000006DC11010B
:104EC000000014DD110102000EE1110113000600C3
:104ED00012011100061312011800092C1201020020
:104EE0000B2F120102000932120101000B341201D2
:104EF00000000935120100000B36120101001438C0
:104F0000120105000B3E12010000063F12010100D4
:104F10000B411201000006801201060006881201F2
:104F20000000068A12010300068F12010E00069F80
:104F30001201090014A91201000006B012012E008E
:104F40000BDF1201000009E0120102000BE3120165
:104F500007000CF0120109000B0013010100090207
:104F600013010100060513010700060F13010100DC
:104F7000061313011500062A130106000632130159
:104F800001000635130104000B3B13010100063D2F
:104F900013010000093E130101000B401301000042
:104FA000094113010300094713010100094B1301D3
:104FB0000200065013010000095713010000065DAE
:104FC000130104000962130101000B6613010600BE
:104FD0000B7013010400060014013400093514019C
:104FE00002000B38140107000940140101000B42B4
:104FF000140102000945140100000B4614010000D1
:10500000064714010300144B140104000C50140152
:105010000900145A14010100145D140100000B5E14
:1050200014010000065F14010200068014012F0025
:1050300009B0140102000BB31401050009B91401F1
:1050400000000BBA1401000009BB140103000BBFE0
:105050001401010009C1140100000BC21401010078
:1050600006C41401010014C61401000006C714018F
:1050700000000CD014010900068015012E0009AFB4
:10508000150102000BB21501030009B81501030058
:105090000BBC1501010009BE150100000BBF150175
:1050A000010014C11501160006D8150103000BDC20
:1050B00015010100060016012F000930160102003B
:1050C0000B3316010700093B160101000B3D1601C9
:1050D0000000093E160100000B3F160101001441BB
:1050E000160102000644160100000C5016010900CA
:1050F000146016010C00068016012A000BAB160185
:10510000000009AC160100000BAD1601000009AE4D
:10511000160101000BB01601050009B616010000CA
:105120000BB71601000006B81601000014B91601ED
:1051300000000CC016010900060017011A000B1D23
:10514000170102000920170101000B2217010300BB
:105150000926170100000B27170104000C30170166
:1051600009000E3A17010100143C17010200193F13
:1051700017010000064017010600060018012B0069
:10518000092C180102000B2F18010800093818011A
:1051900000000B3918010100143B1801000003A0A6
:1051A00018013F000CE0180109000EEA1801080080
:1051B00006FF18010700060919010000060C190175
:1051C000070006151901010006181901170009301A
:1051D000190105000937190101000B3B19010100F4
:1051E000093D190100000B3E19010000063F19019D
:1051F00000000940190100000641190100000942A0
:10520000190100000B4319010000144419010200A8
:105210000C501901090006A01901070006AA19017E
:10522000260009D1190102000BD4190103000BDA81
:105230001901010009DC190103000BE0190100004C
:1052400006E11901000014E21901000006E319014A
:10525000000009E41901000006001A0100000B011A
:105260001A010900060B1A0127000B331A01050069
:1052700009391A010000063A1A0100000B3B1A0115
:105280000300143F1A0107000B471A0100000650E3
:105290001A0100000B511A01050009571A010100FB
:1052A0000B591A010200065C1A012D000B8A1A0123
:1052B0000C0009971A0100000B981A010100149ABA
:1052C0001A010200069D1A010000149E1A01040032
:1052D00006B01A01480014001B01090006001C0159
:1052E0000800060A1C012400092F1C0100000B30D5
:1052F0001C0106000B381C010500093E1C010000C2
:105300000B3F1C01000006401C01000014411C0161
:1053100004000C501C0109000E5A1C0112001470EC
:105320001C01010006721C011D000B921C011500DE
:1053300009A91C0100000BAA1C01060009B11C01EF
:1053400000000BB21C01010009B41C0100000BB5E8
:105350001C01010006001D01060006081D010100D8
:10536000060B1D0125000B311D0105000B3A1D0127
:1053700000000B3C1D0101000B3F1D01060006460D
:105380001D0100000B471D0100000C501D0109000C
:1053900006601D01050006671D010100066A1D016A
:1053A0001F00098A1D0104000B901D0101000993D3
:1053B0001D0101000B951D01000009961D01000053
:1053C0000B971D01000006981D0100000CA01D0197
:1053D000090006E01E0112000BF31E01010009F591
:1053E0001E01010014F71E0101000B001F01010046
:1053F00006021F01000009031F01000006041F012F
:105400000C0006121F01210009341F0101000B3698
:105410001F010400093E1F0101000B401F01000095
:1054200009411F0100000B421F01000014431F012E
:105430000C000C501F01090006B01F0100000EC037
:105440001F01140019D51F01070016DD1F010300FD
:1054500019E11F01100014FF1F01000006002001C8
:1054600099030D0024016E001470240104000680CD
:105470002401C30006902F01600014F12F010100E8
:10548000060030012F04013034010F000B403401BD
:1054900000000641340105000B4734010E000600F0
:1054A0004401460206006801380206406A011E00F7
:1054B0000C606A010900146E6A01010006706A013D
:1054C0004E000CC06A01090006D06A011D000BF0F5
:1054D0006A01040014F56A01000006006B012F0048
:1054E0000B306B01060014376B010400193C6B0193
:1054F000030005406B01030014446B0100001945D3
:105500006B0100000C506B0109000E5B6B01060083
:1055100006636B011400067D6B01120003406E01EF
:105520003F000E806E01160014976E010300060006
:105530006F014A000B4F6F01000006506F01000021
:1055400009516F0136000B8F6F01030005936F0146
:105550000C0005E06F01010014E26F01000005E39B
:105560006F0100000BE46F01000009F06F01010002
:1055700006007001F71706008801D50406008D01AA
:10558000080005F0AF01030005F5AF01060005FDB9
:10559000AF0101000600B00122010632B101000096
:1055A0000650B10102000655B10100000664B101C8
:1055B00003000670B1018B010600BC016A00067091
:1055C000BC010C000680BC0108000690BC0109006B
:1055D000199CBC0100000B9DBC010100149FBC0183
:1055E000000001A0BC0103000B00CF012D000B3017
:1055F000CF0116001950CF0173001900D001F5003A
:105600001900D10126001929D1013B000965D101FA
:1056100001000B67D1010200196AD1010200096D76
:10562000D10105000173D10107000B7BD1010700F7
:105630001983D10101000B85D1010600198CD1011C
:105640001D000BAAD101030019AED1013C001900C5
:10565000D20141000B42D20102001945D2010000E3
:105660000EC0D20113000EE0D20113001900D301C5
:1056700056000E60D30118000800D4011900041A66
:10568000D40119000834D4011900044ED4010600D5
:105690000456D40111000868D40119000482D40111
:1056A0001900089CD4010000089ED401010008A242
:1056B000D401000008A5D401010008A9D401030009
:1056C00008AED401070004B6D401030004BBD40122
:1056D000000004BDD401060004C5D4010A0008D0AE
:1056E000D401190004EAD40119000804D50101000D
:1056F0000807D5010300080DD50107000816D501DC
:105700000600041ED50119000838D5010100083B28
:10571000D50103000840D50104000846D50100006A
:10572000084AD50106000452D5011900086CD501BC
:1057300019000486D501190008A0D501190004BA82
:10574000D501190008D4D501190004EED5011900BE
:105750000808D60119000422D6011900083CD60118
:1057600019000456D60119000870D6011900048AE0
:10577000D6011B0008A8D601180018C1D6010000E8
:1057800004C2D601180018DBD601000004DCD601E3
:10579000050008E2D601180018FBD601000004FC41
:1057A000D60118001815D70100000416D70105000E
:1057B000081CD70118001835D70100000436D7019E
:1057C0001800184FD70100000450D70105000856F3
:1057D000D7011800186FD70100000470D701180016
:1057E0001889D7010000048AD70105000890D70165
:1057F000180018A9D701000004AAD701180018C37F
:10580000D701000004C4D701050008CAD701000071
:1058100004CBD70100000CCED70131001900D8010C
:10582000FF010B00DA0136001937DA0103000B3BE8
:10583000DA013100196DDA0107000B75DA01000099
:105840001976DA010D000B84DA0100001985DA01FE
:1058500001001487DA0104000B9BDA0104000BA19C
:10586000DA010E000400DF010900060ADF01000072
:10587000040BDF0113000425DF0105000B00E0012C
:1058800006000B08E00110000B1BE00106000B23D3
:10589000E00101000B26E00104000530E0013D00BD
:1058A0000B8FE00100000600E1012C000B30E1014C
:1058B00006000537E10106000C40E1010900064E33
:1058C000E1010000194FE10100000690E2011D0016
:1058D0000BAEE201000006C0E2012B000BECE2017E
:1058E00003000CF0E201090016FFE201000006D0FF
:1058F000E4011A0005EBE40100000BECE4010300F5
:105900000CF0E401090006E0E701060006E8E70103
:10591000030006EDE701010006F0E7010E000600B6
:10592000E801C4000EC7E80108000BD0E80106003A
:105930000300E90143000B44E9010600054BE901BE
:1059400000000C50E9010900145EE90101000E712C
:10595000EC013A0019ACEC0100000EADEC010200C4
:1059600016B0EC0100000EB1EC0103000E01ED01D8
:105970002C00192EED0100000E2FED010E00060087
:10598000EE0103000605EE011A000621EE010100FA
:105990000624EE0100000627EE0100000629EE01B4
:1059A00009000634EE0103000639EE010000063B53
:1059B000EE0100000642EE0100000647EE01000085
:1059C0000649EE010000064BEE010000064DEE0117
:1059D00002000651EE0101000654EE0100000657D8
:1059E000EE0100000659EE010000065BEE0100002A
:1059F000065DEE010000065FEE0100000661EE01AB
:105A000001000664EE0100000667EE010300066C6B
:105A1000EE0106000674EE0103000679EE010300B4
:105A2000067EEE0100000680EE010900068BEE0105
:105A3000100006A1EE01020006A5EE01040006AB6F
:105A4000EE01100018F0EE0101001900F0012B002A
:105A50001930F001630019A0F0010E0019B1F00136
:105A60000E0019C1F0010E0019D1F00124000E0042
:105A7000F1010C00190DF101A00019E6F1011C0063
:105A80001910F2012B001940F20108001950F2011F
:105A900001001960F20105001900F301FA0017FB7B
:105AA000F30104001900F401D70219DCF60110001B
:105AB00019F0F6010C001900F7017600197BF701C7
:105AC0005E0019E0F7010B0019F0F7010000190062
:105AD000F8010B001910F80137001950F8010900FE
:105AE0001960F80127001990F8011D0019B0F8019C
:105AF00001001900F90153011960FA010D00197034
:105B0000FA010C001980FA0108001990FA012D0021
:105B100019BFFA01060019CEFA010D0019E0FA01C9
:105B2000080019F0FA0108001900FB01920019940D
:105B3000FB0136000CF0FB01090006000002DFA6A5
:105B40000600A70239100640B702DD000620B802A1
:105B5000811606B0CE02301D0600F8021D020600B6
:105B600000034A13065013035F100101000E0000EA
:105B70000120000E5F000B00010EEF000C5F104EC5
:105B8000154E2A4E314E364E3C4E3F4E424E564EEC
:105B9000584E824E854E6B8C8A4E12820D5F8E4E11
:105BA0009E4E9F4EA04EA24EB04EB34EB64ECE4E1F
:105BB000CD4EC44EC64EC24ED74EDE4EED4EDF4EDB
:105BC000F74E094F5A4F304F5B4F5D4F574F474F7E
:105BD000764F884F8F4F984F7B4F694F704F914F43
:105BE0006F4F864F964F1851D44FDF4FCE4FD84F3F
:105BF000DB4FD14FDA4FD04FE44FE54F1A502850CA
:105C000014502A50255005501C4FF64F2150295052
:105C10002C50FE4FEF4F1150065043504750036732
:105C20005550505048505A5056506C5078508050F3
:105C30009A508550B450B250C950CA50B350C25057
:105C4000D650DE50E550ED50E350EE50F950F5508F
:105C50000951015102511651155114511A51215136
:105C60003A5137513C513B513F51405152514C51A7
:105C700054516251F87A69516A516E518051825182
:105C8000D8568C5189518F519151935195519651BC
:105C9000A451A651A251A951AA51AB51B351B1512E
:105CA000B251B051B551BD51C551C951DB51E0514F
:105CB0005586E951ED51F051F551FE5104520B5208
:105CC00014520E5227522A522E52335239524F52E8
:105CD00044524B524C525E5254526A527452695260
:105CE00073527F527D528D52945292527152885209
:105CF0009152A88FA78FAC52AD52BC52B552C1522F
:105D0000CD52D752DE52E352E652ED98E052F352B2
:105D1000F552F852F9520653085338750D53105383
:105D20000F5315531A5323532F53315333533853AF
:105D3000405346534553174E49534D53D6515E5326
:105D400069536E5318597B53775382539653A0531C
:105D5000A653A553AE53B053B653C353127CD99632
:105D6000DF53FC66EE71EE53E853ED53FA530154E2
:105D70003D5440542C542D543C542E5436542954E4
:105D80001D544E548F5475548E545F54715477542F
:105D9000705492547B548054765484549054865456
:105DA000C754A254B854A554AC54C454C854A854AD
:105DB000AB54C254A454BE54BC54D854E554E65415
:105DC0000F551455FD54EE54ED54FA54E254395520
:105DD000405563554C552E555C55455556555755B0
:105DE000385533555D5599558055AF548A559F5553
:105DF0007B557E5598559E55AE557C558355A95576
:105E00008755A855DA55C555DF55C455DC55E455B9
:105E1000D4551456F7551656FE55FD551B56F955D3
:105E20004E565056DF7134563656325638566B56EB
:105E300064562F566C566A56865680568A56A05619
:105E400094568F56A556AE56B656B456C256BC5644
:105E5000C156C356C056C856CE56D156D356D7563D
:105E6000EE56F9560057FF560457095708570B5777
:105E70000D57135718571657C7551C5726573757DE
:105E800038574E573B5740574F576957C057885759
:105E900061577F5789579357A057B357A457AA57AD
:105EA000B057C357C657D457D257D3570A58D657A7
:105EB000E3570B5819581D587258215862584B58BF
:105EC0007058C06B52583D5879588558B9589F58EA
:105ED000AB58BA58DE58BB58B858AE58C558D35806
:105EE000D158D758D958D858E558DC58E458DF5815
:105EF000EF58FA58F958FB58FC58FD5802590A59FE
:105F000010591B59A66825592C592D593259385901
:105F10003E59D27A555950594E595A595859625981
:105F2000605967596C596959785981599D595E4F23
:105F3000AB4FA359B259C659E859DC598D59D959B3
:105F4000DA59255A1F5A115A1C5A095A1A5A405AD4
:105F50006C5A495A355A365A625A6A5A9A5ABC5A2F
:105F6000BE5ACB5AC25ABD5AE35AD75AE65AE95AD0
:105F7000D65AFA5AFB5A0C5B0B5B165B325BD05A53
:105F80002A5B365B3E5B435B455B405B515B555B2D
:105F90005A5B5B5B655B695B705B735B755B785BD6
:105FA00088657A5B805B835BA65BB85BC35BC75B22
:105FB000C95BD45BD05BE45BE65BE25BDE5BE55B2D
:105FC000EB5BF05BF65BF35B055C075C085C0D5C10
:105FD000135C205C225C285C385C395C415C465C6C
:105FE0004E5C535C505C4F5C715B6C5C6E5C624EF3
:105FF000765C795C8C5C915C945C9B59AB5CBB5C23
:10600000B65CBC5CB75CC55CBE5CC75CD95CE95C7B
:10601000FD5CFA5CED5C8C5DEA5C0B5D155D175D0B
:106020005C5D1F5D1B5D115D145D225D1A5D195D78
:10603000185D4C5D525D4E5D4B5D6C5D735D765DD4
:10604000875D845D825DA25D9D5DAC5DAE5DBD5D85
:10605000905DB75DBC5DC95DCD5DD35DD25DD65D44
:10606000DB5DEB5DF25DF55D0B5E1A5E195E115E48
:106070001B5E365E375E445E435E405E4E5E575E3C
:10608000545E5F5E625E645E475E755E765E7A5EFB
:10609000BC9E7F5EA05EC15EC25EC85ED05ECF5E0B
:1060A000D65EE35EDD5EDA5EDB5EE25EE15EE85E0A
:1060B000E95EEC5EF15EF35EF05EF45EF85EFE5E5D
:1060C000035F095F5D5F5C5F0B5F115F165F295FB8
:1060D0002D5F385F415F485F4C5F4E5F2F5F515FC0
:1060E000565F575F595F615F6D5F735F775F835F77
:1060F000825F7F5F8A5F885F915F875F9E5F995F46
:10610000985FA05FA85FAD5FBC5FD65FFB5FE45F99
:10611000F85FF15FDD5FB360FF5F21606060196071
:10612000106029600E6031601B6015602B60266076
:106130000F603A605A6041606A6077605F604A60F1
:1061400046604D6063604360646042606C606B6099
:10615000596081608D60E76083609A6084609B60B5
:10616000966097609260A7608B60E160B860E060C5
:10617000D360B460F05FBD60C660B560D8604D614B
:1061800015610661F660F7600061F460FA60036112
:106190002161FB60F1600D610E6147613E61286124
:1061A00027614A613F613C612C6134613D6142611C
:1061B000446173617761586159615A616B617461BF
:1061C0006F61656171615F615D6153617561996165
:1061D00096618761AC6194619A618A619161AB61FA
:1061E000AE61CC61CA61C961F761C861C361C66152
:1061F000BA61CB61797FCD61E661E361F661FA61F5
:10620000F461FF61FD61FC61FE6100620862096288
:106210000D620C6214621B621E6221622A622E628F
:1062200030623262336241624E625E6263625B621E
:10623000606268627C62826289627E62926293625C
:106240009662D46283629462D762D162BB62CF628B
:10625000FF62C662D464C862DC62CC62CA62C26297
:10626000C7629B62C9620C63EE62F16227630263DC
:106270000863EF62F56250633E634D631C644F63D5
:1062800096638E638063AB637663A3638F63896376
:106290009F63B5636B636963BE63E963C063C66391
:1062A000E363C963D263F663C4631664346406644B
:1062B0001364266436641D65176428640F6467647C
:1062C0006F6476644E642A6595649364A564A964DA
:1062D0008864BC64DA64D264C564C764BB64D8648F
:1062E000C264F164E7640982E064E164AC62E3647F
:1062F000EF642C65F664F464F264FA640065FD648E
:1063000018651C650565246523652B653465356551
:106310003765366538654B754865566555654D6515
:1063200058655E655D6572657865826583658A8B93
:106330009B659F65AB65B765C365C665C165C4658B
:10634000CC65D265DB65D965E065E165F1657267AD
:106350000A660366FB6573673566366634661C66D7
:106360004F664466496641665E665D66646667665A
:1063700068665F6662667066836688668E66896632
:10638000846698669D66C166B966C966BE66BC6667
:10639000C466B866D666DA66E0663F66E666E966B3
:1063A000F066F566F7660F6716671E67266727674C
:1063B00038972E673F6736674167386737674667A4
:1063C0005E67606759676367646789677067A96715
:1063D0007C676A678C678B67A667A1678567B76705
:1063E000EF67B467EC67B367E967B867E467DE67D0
:1063F000DD67E267EE67B967CE67C667E7679C6AE5
:106400001E684668296840684D6832684E68B368FF
:106410002B685968636877687F689F688F68AD6884
:1064200094689D689B688368AE6AB9687468B5684B
:10643000A068BA680F698D687E680169CA680869D2
:10644000D86822692669E1680C69CD68D468E76874
:10645000D568366912690469D768E3682569F968FF
:10646000E068EF6828692A691A6923692169C668A2
:10647000796977695C6978696B6954697E696E6965
:10648000396974693D695969306961695E695D6935
:1064900081696A69B269AE69D069BF69C169D36946
:1064A000BE69CE69E85BCA69DD69BB69C369A76972
:1064B0002E6A9169A0699C699569B469DE69E86989
:1064C000026A1B6AFF690A6BF969F269E769056A82
:1064D000B1691E6AED69146AEB690A6A126AC16AD7
:1064E000236A136A446A0C6A726A366A786A476A6F
:1064F000626A596A666A486A386A226A906A8D6A6C
:10650000A06A846AA26AA36A976A1786BB6AC36A8A
:10651000C26AB86AB36AAC6ADE6AD16ADF6AAA6A1A
:10652000DA6AEA6AFB6A056B1686FA6A126B166B00
:10653000319B1F6B386B376BDC76396BEE98476B92
:10654000436B496B506B596B546B5B6B5F6B616B4F
:10655000786B796B7F6B806B846B836B8D6B986BC7
:10656000956B9E6BA46BAA6BAB6BAF6BB26BB16B95
:10657000B36BB76BBC6BC66BCB6BD36BDF6BEC6B6E
:10658000EB6BF36BEF6BBE9E086C136C146C1B6CA7
:10659000246C236C5E6C556C626C6A6C826C8D6CC6
:1065A0009A6C816C9B6C7E6C686C736C926C906C5A
:1065B000C46CF16CD36CBD6CD76CC56CDD6CAE6C0F
:1065C000B16CBE6CBA6CDB6CEF6CD96CEA6C1F6D95
:1065D0004D88366D2B6D3D6D386D196D356D336D94
:1065E000126D0C6D636D936D646D5A6D796D596D9F
:1065F0008E6D956DE46F856DF96D156E0A6EB56DD6
:10660000C76DE66DB86DC66DEC6DDE6DCC6DE86D79
:10661000D26DC56DFA6DD96DE46DD56DEA6DEE6D17
:106620002D6E6E6E2E6E196E726E5F6E3E6E236EE6
:106630006B6E2B6E766E4D6E1F6E436E3A6E4E6EA7
:10664000246EFF6E1D6E386E826EAA6E986EC96ED5
:10665000B76ED36EBD6EAF6EC46EB26ED46ED56EB5
:106660008F6EA56EC26E9F6E416F116F4C70EC6E97
:10667000F86EFE6E3F6FF26E316FEF6E326FCC6E62
:106680003E6F136FF76E866F7A6F786F816F806FD2
:106690006F6F5B6FF36F6D6F826F7C6F586F8E6F74
:1066A000916FC26F666FB36FA36FA16FA46FB96F65
:1066B000C66FAA6FDF6FD56FEC6FD46FD86FF16FB5
:1066C000EE6FDB6F09700B70FA6F117001700F7055
:1066D000FE6F1B701A70746F1D7018701F70307011
:1066E0003E7032705170637099709270AF70F1703B
:1066F000AC70B870B370AE70DF70CB70DD70D970F5
:106700000971FD701C71197165715571887166711F
:1067100062714C7156716C718F71FB7184719571DE
:10672000A871AC71D771B971BE71D271C971D471D0
:10673000CE71E071EC71E771F571FC71F971FF7167
:106740000D7210721B7228722D722C72307232729E
:106750003B723C723F72407246724B725872747256
:106760007E7282728172877292729672A272A77220
:10677000B972B272C372C672C472CE72D272E2724F
:10678000E072E172F972F7720F5017730A731C739B
:1067900016731D7334732F73297325733E734E73F1
:1067A0004F73D89E57736A73687370737873757379
:1067B0007B737A73C873B373CE73BB73C073E573A3
:1067C000EE73DE73A27405746F742574F8733274FB
:1067D0003A7455743F745F74597441745C7469748D
:1067E000707463746A7476747E748B749E74A77408
:1067F000CA74CF74D474F173E074E374E774E97409
:10680000EE74F274F074F174F874F774047503752F
:1068100005750C750E750D75157513751E75267538
:106820002C753C7544754D754A7549755B75467593
:106830005A756975647567756B756D75787576755C
:106840008675877574758A758975827594759A755C
:106850009D75A575A375C275B375C375B575BD7501
:10686000B875BC75B175CD75CA75D275D975E37536
:10687000DE75FE75FF75FC750176F075FA75F275BB
:10688000F3750B760D7609761F76277620762176BE
:1068900022762476347630763B764776487646768E
:1068A0005C76587661766276687669766A7667761F
:1068B0006C7670767276767678767C76807683766D
:1068C00088768B768E769676937699769A76B0766B
:1068D000B476B876B976BA76C276CD76D676D276F2
:1068E000DE76E176E576E776EA762F86FB76087740
:1068F00007770477297724771E77257726771B7704
:106900003777387747775A7768776B775B7765772C
:106910007F777E7779778E778B779177A0779E7761
:10692000B077B677B977BF77BC77BD77BB77C777D6
:10693000CD77D777DA77DC77E377EE77FC770C786B
:106940001278267920782A7945788E787478867836
:106950007C789A788C78A378B578AA78AF78D17853
:10696000C678CB78D478BE78BC78C578CA78EC780D
:10697000E778DA78FD78F47807791279117919795E
:106980002C792B794079607957795F795A795579E3
:1069900053797A797F798A799D79A7794B9FAA79FA
:1069A000AE79B379B979BA79C979D579E779EC79DA
:1069B000E179E379087A0D7A187A197A207A1F7AC0
:1069C0008079317A3B7A3E7A377A437A577A497AB4
:1069D000617A627A697A9D9F707A797A7D7A887A0B
:1069E000977A957A987A967AA97AC87AB07AB67AA6
:1069F000C57AC47ABF7A8390C77ACA7ACD7ACF7AB9
:106A0000D57AD37AD97ADA7ADD7AE17AE27AE67AD5
:106A1000ED7AF07A027B0F7B0A7B067B337B187B57
:106A2000197B1E7B357B287B367B507B7A7B047BF6
:106A30004D7B0B7B4C7B457B757B657B747B677BE0
:106A4000707B717B6C7B6E7B9D7B987B9F7B8D7B52
:106A50009C7B9A7B8B7B927B8F7B5D7B997BCB7BBB
:106A6000C17BCC7BCF7BB47BC67BDD7BE97B117CA0
:106A7000147CE67BE57B607C007C077C137CF37BED
:106A8000F77B177C0D7CF67B237C277C2A7C1F7C84
:106A9000377C2B7C3D7C4C7C437C547C4F7C407C05
:106AA000507C587C5F7C647C567C657C6C7C757CFF
:106AB000837C907CA47CAD7CA27CAB7CA17CA87CFC
:106AC000B37CB27CB17CAE7CB97CBD7CC07CC57C27
:106AD000C27CD87CD27CDC7CE27C3B9BEF7CF27C71
:106AE000F47CF67CFA7C067D027D1C7D157D0A7D9A
:106AF000457D4B7D2E7D327D3F7D357D467D737D91
:106B0000567D4E7D727D687D6E7D4F7D637D937D6C
:106B1000897D5B7D8F7D7D7D9B7DBA7DAE7DA37DF7
:106B2000B57DC77DBD7DAB7D3D7EA27DAF7DDC7D2E
:106B3000B87D9F7DB07DD87DDD7DE47DDE7DFB7DF4
:106B4000F27DE17D057E0A7E237E217E127E317EEE
:106B50001F7E097E0B7E227E467E667E3B7E357ED4
:106B6000397E437E377E327E3A7E677E5D7E567EFC
:106B70005E7E597E5A7E797E6A7E697E7C7E7B7ED1
:106B8000837ED57D7D7EAE8F7F7E887E897E8C7E66
:106B9000927E907E937E947E967E8E7E9B7E9C7E61
:106BA000387F3A7F457F4C7F4D7F4E7F507F517FAE
:106BB000557F547F587F5F7F607F687F697F677FE5
:106BC000787F827F867F837F887F877F8C7F947F9B
:106BD0009E7F9D7F9A7FA37FAF7FB27FB97FAE7F7D
:106BE000B67FB87F718BC57FC67FCA7FD57FD47FC4
:106BF000E17FE67FE97FF37FF97FDC980680048000
:106C00000B801280188019801C80218028803F8092
:106C10003B804A804680528058805A805F806280E4
:106C20006880738072807080768079807D807F80BC
:106C30008480868085809B8093809A80AD809051EF
:106C4000AC80DB80E580D980DD80C480DA80D680AE
:106C50000981EF80F1801B81298123812F814B8164
:106C60008B9646813E8153815181FC8071816E817A
:106C7000658166817481838188818A818081828136
:106C8000A0819581A481A3815F819381A981B08135
:106C9000B581BE81B881BD81C081C281BA81C981FF
:106CA000CD81D181D981D881C881DA81DF81E0812C
:106CB000E781FA81FB81FE810182028205820782DF
:106CC0000A820D821082168229822B8238823382B8
:106CD0004082598258825D825A825F8264826282D7
:106CE00068826A826B822E827182778278827E824B
:106CF0008D829282AB829F82BB82AC82E182E382F0
:106D0000DF82D282F482F382FA8293830383FB824E
:106D1000F982DE820683DC820983D982358334835B
:106D200016833283318340833983508345832F8395
:106D30002B831783188385839A83AA839F83A283D7
:106D4000968323838E8387838A837C83B58373832F
:106D50007583A0838983A883F4831384EB83CE8314
:106D6000FD830384D8830B84C183F7830784E08386
:106D7000F2830D8422842084BD8338840685FB83BE
:106D80006D842A843C845A85848477846B84AD84A2
:106D90006E848284698446842C846F8479843584EB
:106DA000CA846284B984BF849F84D984CD84BB841F
:106DB000DA84D084C184C684D684A1842185FF84EA
:106DC000F484178518852C851F8515851485FC840A
:106DD0004085638558854885418502864B85558564
:106DE0008085A485888591858A85A8856D8594850B
:106DF0009B85EA8587859C8577857E859085C98575
:106E0000BA85CF85B985D085D585DD85E585DC85D5
:106E1000F9850A8613860B86FE85FA850686228604
:106E20001A8630863F864D86554E54865F86678625
:106E300071869386A386A986AA868B868C86B6865B
:106E4000AF86C486C686B086C9862388AB86D486BC
:106E5000DE86E986EC86DF86DB86EF86128706878C
:106E6000088700870387FB86118709870D87F986C6
:106E70000A8734873F8737873B87258729871A8783
:106E800060875F8778874C874E87748757876887C6
:106E90006E875987538763876A870588A2879F878C
:106EA0008287AF87CB87BD87C087D087D696AB87D1
:106EB000C487B387C787C687BB87EF87F287E0871A
:106EC0000F880D88FE87F687F7870E88D28711888E
:106ED000168815882288218831883688398827883D
:106EE0003B8844884288528859885E8862886B88CB
:106EF00081887E889E8875887D88B588728882881A
:106F000097889288AE889988A2888D88A488B0884E
:106F1000BF88B188C388C488D488D888D988DD88D8
:106F2000F9880289FC88F488E888F28804890C8949
:106F30000A89138943891E8925892A892B894189D0
:106F400044893B89368938894C891D8960895E89E5
:106F5000668964896D896A896F89748977897E8970
:106F6000838988898A8993899889A189A989A68929
:106F7000AC89AF89B289BA89BD89BF89C089DA89EC
:106F8000DC89DD89E789F489F889038A168A108A01
:106F90000C8A1B8A1D8A258A368A418A5B8A528A14
:106FA000468A488A7C8A6D8A6C8A628A858A828A45
:106FB000848AA88AA18A918AA58AA68A9A8AA38A9B
:106FC000C48ACD8AC28ADA8AEB8AF38AE78AE48A9B
:106FD000F18A148BE08AE28AF78ADE8ADB8A0C8BDC
:106FE000078B1A8BE18A168B108B178B208B338BB8
:106FF000AB97268B2B8B3E8B288B418B4C8B4F8BEF
:107000004E8B498B568B5B8B5A8B6B8B5F8B6C8B50
:107010006F8B748B7D8B808B8C8B8E8B928B938BF9
:10702000968B998B9A8B3A8C418C3F8C488C4C8CEC
:107030004E8C508C558C628C6C8C788C7A8C828CBB
:10704000898C858C8A8C8D8C8E8C948C7C8C988C85
:107050001D62AD8CAA8CBD8CB28CB38CAE8CB68C00
:10706000C88CC18CE48CE38CDA8CFD8CFA8CFB8CA4
:10707000048D058D0A8D078D0F8D0D8D108D4E9F02
:10708000138DCD8C148D168D678D6D8D718D738DD7
:10709000818D998DC28DBE8DBA8DCF8DDA8DD68DB5
:1070A000CC8DDB8DCB8DEA8DEB8DDF8DE38DFC8D73
:1070B000088E098EFF8D1D8E1E8E108E1F8E428EA5
:1070C000358E308E348E4A8E478E498E4C8E508E41
:1070D000488E598E648E608E2A8E638E558E768E83
:1070E000728E7C8E818E878E858E848E8B8E8A8E1C
:1070F000938E918E948E998EAA8EA18EAC8EB08E28
:10710000C68EB18EBE8EC58EC88ECB8EDB8EE38EC4
:10711000FC8EFB8EEB8EFE8E0A8F058F158F128FE5
:10712000198F138F1C8F1F8F1B8F0C8F268F338F00
:107130003B8F398F458F428F3E8F4C8F498F468FC3
:107140004E8F578F5C8F628F638F648F9C8F9F8F62
:10715000A38FAD8FAF8FB78FDA8FE58FE28FEA8F76
:10716000EF8F8790F48F0590F98FFA8F119015901B
:1071700021900D901E9016900B9027903690359090
:107180003990F88F4F905090519052900E904990B6
:107190003E90569058905E9068906F907690A8962A
:1071A000729082907D90819080908A9089908F904B
:1071B000A890AF90B190B590E290E4904862DB90D7
:1071C000029112911991329130914A9156915891B0
:1071D000639165916991739172918B91899182917B
:1071E000A291AB91AF91AA91B591B491BA91C0918E
:1071F000C191C991CB91D091D691DF91E191DB9171
:10720000FC91F591F6911E92FF9114922C92159299
:1072100011925E9257924592499264924892959249
:107220003F924B9250929C92969293929B925A923A
:10723000CF92B992B792E9920F93FA9244932E9318
:10724000199322931A9323933A9335933B935C9328
:1072500060937C936E935693B093AC93AD93949359
:10726000B993D693D793E893E593D893C393DD93DB
:10727000D093C893E4931A941494139403940794AA
:10728000109436942B94359421943A9441945294CA
:1072900044945B94609462945E946A94299270948E
:1072A000759477947D945A947C947E9481947F9481
:1072B000829587958A959495969598959995A09598
:1072C000A895A795AD95BC95BB95B995BE95CA9562
:1072D000F66FC395CD95CC95D595D495D695DC957F
:1072E000E195E595E295219628962E962F96429661
:1072F0004C964F964B9677965C965E965D965F960B
:10730000669672966C968D96989695969796AA968E
:10731000A796B196B296B096B496B696B896B99628
:10732000CE96CB96C996CD964D89DC960D97D5967F
:10733000F99604970697089713970E9711970F974A
:107340001697199724972A97309739973D973E9724
:10735000449746974897429749975C9760976497F8
:1073600066976897D2526B977197799785977C97B4
:1073700081977A9786978B978F9790979C97A897E6
:10738000A697A397B397B497C397C697C897CB9779
:10739000DC97ED974F9FF297DF7AF697F5970F9866
:1073A0000C9838982498219837983D9846984F988B
:1073B0004B986B986F987098719874987398AA9876
:1073C000AF98B198B698C498C398C698E998EB98C6
:1073D0000399099912991499189921991D991E993F
:1073E000249920992C992E993D993E994299499931
:1073F000459950994B99519952994C99559997990A
:107400009899A599AD99AE99BC99DF99DB99DD99C9
:10741000D899D199ED99EE99F199F299FB99F8994A
:10742000019A0F9A059AE299199A2B9A379A459AD6
:10743000429A409A439A3E9A559A4D9A5B9A579A25
:107440005F9A629A659A649A699A6B9A6A9AAD9AF7
:10745000B09ABC9AC09ACF9AD19AD39AD49ADE9A0B
:10746000DF9AE29AE39AE69AEF9AEB9AEE9AF49A06
:10747000F19AF79AFB9A069B189B1A9B1F9B229BDB
:10748000239B259B279B289B299B2A9B2E9B2F9BDD
:10749000329B449B439B4F9B4D9B4E9B519B589BC8
:1074A000749B939B839B919B969B979B9F9BA09B7D
:1074B000A89BB49BC09BCA9BB99BC69BCF9BD19BEF
:1074C000D29BE39BE29BE49BD49BE19B3A9CF29B87
:1074D000F19BF09B159C149C099C139C0C9C069C96
:1074E000089C129C0A9C049C2E9C1B9C259C249C02
:1074F000219C309C479C329C469C3E9C5A9C609CA4
:10750000679C769C789CE79CEC9CF09C099D089D70
:10751000EB9C039D069D2A9D269DAF9D239D1F9D4F
:10752000449D159D129D419D3F9D3E9D469D489DBC
:107530005D9D5E9D649D519D509D599D729D899D4F
:10754000879DAB9D6F9D7A9D9A9DA49DA99DB29D9F
:10755000C49DC19DBB9DB89DBA9DC69DCF9DC29D3A
:10756000D99DD39DF89DE69DED9DEF9DFD9D1A9EB5
:107570001B9E1E9E759E799E7D9E819E889E8B9EE3
:107580008C9E929E959E919E9D9EA59EA99EB89E24
:10759000AA9EAD9E6197CC9ECE9ECF9ED09ED49E3D
:1075A000DC9EDE9EDD9EE09EE59EE89EEF9EF49EC4
:1075B000F69EF79EF99EFB9EFC9EFD9E079F089FF0
:1075C000B776159F219F2C9F3E9F4A9F529F549FA5
:1075D000639F5F9F609F619F669F679F6C9F6A9F8D
:1075E000779F729F769F959F9C9FA09F2F58C769FA
:1075F00059906474DC51997100000042C8801F40AA
:10760000B8821F400800000000000042C4801F40F4
:10761000B4821F400400000000C0004224801F40CC
:1076200014821F401000000000C0004228801F404C
:1076300018821F402000000000C000422C801F4024
:107640001C821F404000000000C0004234801F40E8
:1076500024821F40000100000040004264811F405E
:1076600054831F40000400000040004280811F40FE
:1076700070831F4000000200004000427C811F40D8
:107680006C831F40000001000040004268811F40E1
:1076900058831F4000080000004000423C811F400A
:1076A0002C831F40010000000040004244811F4025
:1076B00034831F40040000000040004240811F400E
:1076C00030831F40020000000040004248811F40FC
:1076D00038831F40080000000000004204811F4062
:1076E000F4821F40000004000000004208811F4097
:1076F000F8821F40000008000000004218811F406F
:1077000008831F40000080000000004214811F40D9
:1077100004831F40000040000000004200811F4021
:10772000F0821F400000020000000042FC801F4069
:10773000EC821F40000001000000004224811F4035
:1077400014831F40000000040000004228811F40F5
:1077500018831F4000000008000000421C811F40E9
:107760000C831F40000000010000004220811F40E8
:1077700010831F400000000200000042EC801F4008
:10778000DC821F400010000000000042F0801F401B
:10779000E0821F40002000000000004234811F40B2
:1077A00024831F40000000400000004238811F4039
:1077B00028831F40000000800080004294801F400A
:1077C00084821F400000040000C0004290801F40DF
:1077D00080821F400000008000800042A8801F407F
:1077E00098821F400000800000800042A4801F405B
:1077F00094821F4000004000004000426C811F4006
:107800005C831F400010000000C0004230801F4019
:1078100020821F408000000000400042B0811F40D5
:10782000A0831F400000002000400042AC811F40A8
:107830009C831F40000000100040004284811F40D4
:1078400074831F40000004000040004288811F40F4
:1078500078831F4000000800000000422C811F4078
:107860001C831F40000000100000004230811F40B8
:1078700020831F4000000020000000420C811F40B8
:10788000FC821F40000010000000004210811F40D9
:1078900000831F400000200000800042C8811F407C
:1078A000B8831F400080000000800042C4811F4058
:1078B000B4831F400040000000800042C0811F4090
:1078C000B0831F400020000000800042BC811F40A8
:1078D000AC831F400010000000800042D0811F4098
:1078E000C0831F400000020000800042CC811F4086
:1078F000BC831F400000010000C0004274801F4094
:1079000064821F400000000100C0004280801F40D0
:1079100070821F400000000800C0004284801F40A9
:1079200074821F400000001000C000426C801F40A5
:107930005C821F400000400000C000427C801F406D
:107940006C821F400000000400C0004278801F408D
:1079500068821F400000000200C0004288801F4073
:1079600078821F400000002035000000CEFBFFFFA2
:10797000CB03000001000000000000003400000004
:10798000CEFBFFFFCB030000010000000000000061
:1079900005000000190000007D00000007080C0B26
:1079A00006050F000D0E0102838407080C0B060567
:1079B0000F000D0E01028384FFFFFFFFFFFFFFFF9B
:1079C000FFFF8182090A00000A2A2A2A206D6963C2
:1079D0006F50414D202A2A2A000000006D696C6C0E
:1079E00069733A20000000007569642000000000FF
:1079F00068617665206469736B3A20002028000076
:107A0000252900003A00000030202D200000000051
:107A10000A6A7573742073746F7070656400000077
:107A200066733D25642C206E313D25642C206E321A
:107A30003D25640D0A000000433A20002530386CD3
:107A400058000000666F756E642025780A000000FB
:107A500041444320493243202578206E6F742066CC
:107A60006F756E640A000000307831353A200000EE
:107A7000307837333A200000307837343A2000002D
:107A8000307837363A200000342E302E3000000097
:107A90006D6963726F50414D5F56340025733A250E
:107AA0007300000050414D00696E666F20696E6979
:107AB00074616C697A65640025733B202534643BEE
:107AC000202534643B202534643B2025346C753BF1
:107AD0002025346C753B20253675202533643B20EA
:107AE0002533643B202534643B202533643B20252B
:107AF00034643B202534643B202534643B2025340A
:107B0000643B2025732E000056657273696F6E3AD0
:107B10002025733B206D69737365645F6163713AFF
:107B200020256C750000000049434D540000000002
:107B300053746F7261676520256420003B20746F69
:107B400074616C20636C7573746572733A20000005
:107B5000206672656520636C7573746572733A2074
:107B60000000000020636C757374657273697A6538
:107B70003A200000206B4279746500005344205382
:107B8000746F72616765202564206661696C656445
:107B9000206F72206D697373696E67000925356403
:107BA000202538642025326420253464202536645D
:107BB0003A09000025303878200000002530346470
:107BC00025303264253032640000000025303264F4
:107BD00025303264253032640000000025735F25B3
:107BE000730000002F25735F2573000025735F2548
:107BF000735F25732E2573003B2000002073746F84
:107C000070706564200000002564202564202564D0
:107C10002025642025640A00616C61726D20256452
:107C20002025642025642025640A00002F636F6EE0
:107C30006669672E747874002320636F6E666967C7
:107C400075726174696F6E2066696C650A00000068
:107C5000232073686F756C6420656E642077697487
:107C60006820272327206F7220273B2720636F6D12
:107C70006D656E74206D617920666F6C6C6F770A2C
:107C800000000000230A0000216120256420202339
:107C90002066696C652073697A652028736563299D
:107CA0000A000000216F202564202023206F6E2011
:107CB00074696D6520286D696E290A00217220257E
:107CC000642020232072657065746974696F6E206A
:107CD000696E74657276616C20286D696E290A0080
:107CE000216620256409232073616D706C696E67BD
:107CF000206672657175656E637920286B487A29F4
:107D00000A0000002167202564092320616E616C50
:107D10006F67206761696E20286442290A000000AD
:107D200021732025730923202849535243292073A6
:107D30006F7572636520776974682073656E736907
:107D40007469766974790A002163202573092320F8
:107D50002849434D532920636F6D6D697373696FB3
:107D60006E696E67206F7267616E697A6174696FA0
:107D70006E0A0000216E20257309232028494152F4
:107D80005429206E616D65206F66206F7065726189
:107D9000746F72202863726561746F72290A000023
:107DA000217020257309232028495052442920702E
:107DB000726F6A6563740A002165202573092320A8
:107DC000284953424A2920617265610A0000000077
:107DD000216C20257309232028494E414D29206C10
:107DE0006F636174696F6E2069640A002131202518
:107DF00064092320685F7265635B305D0A000000E0
:107E00002132202564092320685F7265635B315D40
:107E10000A0000002133202564092320685F726571
:107E2000635B325D0A0000002134202564092320B1
:107E3000685F7265635B335D0A000000217820256E
:107E4000732020232073746172742074696D65201F
:107E5000797979792D6D6D2D64645F68683A6D6DFF
:107E60003A73730A00000000256C7500636F6E663C
:107E70006967204C6F616465640000004953524398
:107E80002000000049434D53200000004941525456
:107E90002000000049505244200000004953424A4B
:107EA00020000000494E414D200000003E2000000F
:107EB000256425632564256325642563256425637E
:107EC0002564256325640000745F616371202028A8
:107ED000612920002073656300000000745F6F6EED
:107EE000202020286F292000206D696E00000000EE
:107EF000745F726570202028722920006673616D9E
:107F0000702020286629200020487A006167616976
:107F10006E202028672920002064420050726F6381
:107F2000657373696E672000566F6C7461676520B6
:107F3000000000000A3D3D3D3D3D3D3D3D3D3D3D98
:107F40003D3D3D3D3D3D3D3D3D000000566572736C
:107F5000696F6E20202020005549442020202020D9
:107F600020202000737461727400000073746F70BD
:107F7000200000002068696265726E6174696E6736
:107F80002000000020686F75727300002073656325
:107F900029000000206D696E757465730000000093
:107FA00061203D20000000006F203D200000000007
:107FB00072203D200000000066203D2000000000EF
:107FC00067203D200000000075203D2000000000DB
:107FD00070203D200000000064203D006E203D2008
:107FE000000000006B203D20000000006C203D20C0
:107FF0000000000031203D200000000032203D2024
:108000000000000033203D200000000034203D200F
:108010000000000072746300496620636F7272652D
:1080200063742070726573732072657475726E2C40
:10803000206F746865727769736520656E74657208
:1080400020636F7272656374206461746520616E71
:10805000642074696D650000436F727265637465B6
:10806000642074696D6520697300000054696D6552
:1080700020686173206E6F74206265656E20636F87
:108080007272656374656400257320253034642D35
:10809000253032642D2530326420000025303264D2
:1080A0003A253032643A253032640A0065787443E8
:1080B0006C6F636B20000000585254432000000096
:1080C0002534642D253032642D253032645F25300F
:1080D00032643A253032643A2530326400000000C0
:1080E0004558464154000000437261736852657000
:1080F0006F72743A000000002020412070726F629D
:108100006C656D206F6363757272656420617420A5
:108110002873797374656D2074696D65292000007A
:108120002020436F646520776173206578656375EF
:1081300074696E672066726F6D2061646472657326
:1081400073203078000000002020434653523A202C
:108150000000000009284941434356494F4C29205B
:10816000496E737472756374696F6E2041636365E1
:1081700073732056696F6C6174696F6E0000000044
:1081800009284441434356494F4C292044617461B6
:10819000204163636573732056696F6C6174696F06
:1081A0006E00000009284D554E53544B455252293C
:1081B000204D656D4D616E6765204661756C74205C
:1081C0006F6E20556E737461636B696E670000009B
:1081D00009284D53544B45525229204D656D4D6130
:1081E0006E6765204661756C74206F6E20737461D4
:1081F000636B696E6700000009284D4C535045526F
:108200005229204D656D4D616E6765204661756C24
:1082100074206F6E204650204C617A79205374612F
:108220007465000009284D4D415256414C4944297E
:108230002041636365737365642041646472657390
:10824000733A20307800000020286E756C6C7074D2
:1082500072290D0A092020436865636B20636F64EF
:108260006520617420307800202D20766572792099
:108270006C696B656C79206120627567210D0A0954
:10828000202052756E202261646472326C696E65C2
:10829000202D65206D79736B657463682E696E6F30
:1082A0002E656C66203078002220666F7220666929
:1082B0006C656E616D652026206C696E65206E753B
:1082C0006D6265722E0000002028537461636B207C
:1082D00070726F626C656D290D0A09202043686514
:1082E000636B20666F7220737461636B206F7665B9
:1082F00072666C6F77732C20617272617920626F85
:10830000756E64732C206574632E00000928494241
:1083100055534552522920496E73747275637469BE
:108320006F6E20427573204572726F7200000000FC
:1083300009285052454349534552522920446174FB
:108340006120627573206572726F722028616464A7
:108350007265737320696E20424641522900000005
:108360000928494D5052454349534552522920440A
:1083700061746120627573206572726F722062751C
:10838000742061646472657373206E6F742072650B
:108390006C6174656420746F20696E7374727563A8
:1083A00074696F6E000000000928554E53544B4508
:1083B00052522920427573204661756C74206F6E8D
:1083C00020756E737461636B696E6720666F7220CF
:1083D000612072657475726E2066726F6D206578AB
:1083E00063657074696F6E00092853544B4552528F
:1083F0002920427573204661756C74206F6E20735E
:108400007461636B696E6720666F7220657863655F
:108410007074696F6E20656E7472790009284C5310
:10842000504552522920427573204661756C742064
:108430006F6E204650206C617A7920737461746588
:1084400020707265736572766174696F6E000000EA
:1084500009284246415256414C4944292041636310
:10846000657373656420416464726573733A203088
:10847000780000000928554E444546494E53545251
:108480002920556E646566696E656420696E737433
:1084900072756374696F6E000928494E56535441D2
:1084A00054452920496E737472756374696F6E2028
:1084B0006D616B657320696C6C6567616C207573A9
:1084C00065206F6620455053520000000928494E30
:1084D00056504329205573616765206661756C7439
:1084E0003A20696E76616C6964204558435F524555
:1084F0005455524E0000000009284E4F4350292089
:108500004E6F20436F70726F636573736F720000FC
:108510000928554E414C49474E45442920556E6126
:108520006C69676E6564206163636573732055735E
:108530006167654661756C74000000000928444954
:108540005642595A45524F2920446976696465203C
:108550006279207A65726F002020485453523A2085
:108560000000000009285645435454424C2920423B
:108570007573204661756C74206F6E20566563209C
:108580005461626C65205265616400000928464FA1
:10859000524345442920466F7263656420486172E6
:1085A00064204661756C7400202054656D7065729E
:1085B000617475726520696E73696465207468659D
:1085C00020636869702077617320000020C2B04387
:1085D00000000000202053746172747570204350B5
:1085E0005520636C6F636B207370656564206973DD
:1085F000200000004D487A004E6F2043726173687E
:10860000204461746120546F205265706F72740051
:108610002020486F706566756C6C7920616C6C20E9
:1086200069732077656C6C2C2062757420636572A9
:108630007461696E207479706573206F662063724F
:1086400061736865732063616E27742062652072B0
:1086500065706F727465643A000000000973747588
:10866000636B20696E20616E20696E66696E697445
:1086700065206C6F6F702028746563686E69636134
:108680006C6C792C206861726477617265207374F8
:10869000696C6C2072756E6E696E672070726F7097
:1086A00065726C79290000000972656D61696E69F7
:1086B0006E6720696E2061206C6F7720706F776520
:1086C0007220736C656570206D6F6465000000003A
:1086D0000961636365737320746F206365727461ED
:1086E000696E207065726970686572616C7320775D
:1086F0006974686F757420746865697220636C6F43
:10870000636B20656E61626C6564202865672C2050
:10871000466C6578494F2900096368616E6765207A
:108720006F6620435055206F722062757320636C12
:108730006F636B20737065656420776974686F750B
:108740007420757365206F6620676C697463686C4C
:10875000657373206D75780020205265626F6F74A9
:10876000207761732063617573656420627920618D
:1087700075746F207265626F6F74206166746572C4
:10878000206661756C74206F722062616420696E6E
:108790007465727275707420646574656374656461
:1087A0000000000020205265626F6F7420776173B3
:1087B0002063617573656420627920736F667477D6
:1087C00061726520777269746520746F205343422B
:1087D0005F4149524352206F7220435055206C6FC5
:1087E000636B75700000000020205265626F6F742B
:1087F00020776173206361757365642062792073EB
:1088000065637572697479206D6F6E69746F72003B
:1088100020205265626F6F742077617320636175E9
:1088200073656420627920706F776572206F6E2F98
:108830006F666620627574746F6E0000202052654A
:10884000626F6F7420776173206361757365642054
:108850006279207761746368646F672031206F727A
:108860002032000020205265626F6F7420776173A0
:1088700020636175736564206279204A5441472002
:10888000626F756E64617279207363616E000000BF
:1088900020205265626F6F74207761732063617569
:1088A000736564206279204A54414720646562758B
:1088B0006700000020205265626F6F74207761733B
:1088C00020636175736564206279207761746368E1
:1088D000646F67203300000020205265626F6F7460
:1088E00020776173206361757365642062792074F9
:1088F000656D70657261747572652073656E736FF6
:108900007200000050616E69632054656D702045EF
:1089100078636565646564205368757474696E670F
:1089200020446F776E00000043616E206265206313
:108930006175736564206279204F766572636C6F30
:10894000636B696E6720772F6F2048656174736968
:108950006E6B206F72206F7468657220756E6B6E1F
:108960006F776E20726561736F6E00002020427217
:108970006561646372756D62202300002077617306
:108980002000000020283078000000006E616E009A
:10899000696E66006F7666006E660000696E6974C7
:1089A00079000000616E00004C435F434F4C4C4126
:1089B000544500004C435F435459504500000000AB
:1089C0004C435F4D4F4E4554415259004C435F4E0E
:1089D000554D4552494300004C435F54494D4500B5
:1089E0004C435F4D455353414745530042616C6CC6
:1089F0006F632073756363656564656400000000E0
:108A00002F646174612F6A656E6B696E732F776F67
:108A1000726B73706163652F474E552D746F6F6C69
:108A2000636861696E2F61726D2D31352D352F733D
:108A300072632F6E65776C69622D63796777696EF3
:108A40002F6E65776C69622F6C6962632F73746433
:108A50006C69622F6764746F612D676574686578EF
:108A60002E6300002F646174612F6A656E6B696EFE
:108A7000732F776F726B73706163652F474E552D3F
:108A8000746F6F6C636861696E2F61726D2D313523
:108A90002D352F7372632F6E65776C69622D637944
:108AA0006777696E2F6E65776C69622F6C69626398
:108AB0002F7374646C69622F6D707265632E63002E
:108AC000494E46004E414E00303132333435363750
:108AD000383961626364656600000000303132330A
:108AE00034353637383941424344454600000000AA
:108AF000286E756C6C29000065256C640000000010
:108B00002C2066756E6374696F6E3A200000000059
:108B1000617373657274696F6E20222573222066FB
:108B200061696C65643A2066696C65202225732250
:108B30002C206C696E65202564257325730A00005E
:108B4000496E66696E697479000000004E614E00DE
:108B50002F646174612F6A656E6B696E732F776F16
:108B6000726B73706163652F474E552D746F6F6C18
:108B7000636861696E2F61726D2D31352D352F73EC
:108B800072632F6E65776C69622D63796777696EA2
:108B90002F6E65776C69622F6C6962632F737464E2
:108BA0006C69622F64746F612E6300004A49530040
:108BB000534A4953000000004555434A5000000005
:108BC0000000803F00000000C4FE7F3F890FC93BCA
:108BD00011FB7F3F900E493CE6F47F3FB6C9963CBF
:108BE00043EC7F3FB00AC93C29E17F3FB949FB3CD8
:108BF00098D37F3F2CC3163D8FC37F3F07E02F3DA7
:108C00000FB17F3F2FFB483D189C7F3F6814623DAA
:108C1000AB847F3F742B7B3DC76A7F3F0A208A3D30
:108C20006D4E7F3F05A9963D9D2F7F3F8C30A33D24
:108C3000580E7F3F80B6AF3D9DEA7E3FC33ABC3DB4
:108C40006DC47E3F36BDC83DC99B7E3FB93DD53D15
:108C5000B0707E3F2EBCE13D23437E3F7638EE3D33
:108C600024137E3F73B2FA3DB1E07D3F0295033E8F
:108C7000CCAB7D3F86CF093E74747D3FB708103E74
:108C8000AC3A7D3F8340163E73FE7C3FDE761C3E51
:108C9000C9BF7C3FB6AB223EB07E7C3FFCDE283EA7
:108CA000283B7C3FA2102F3E31F57B3F9840353E5C
:108CB000CDAC7B3FCF6E3B3EFC617B3F379B413E63
:108CC000BE147B3FC2C5473E16C57A3F60EE4D3E9F
:108CD00002737A3F0115543E841E7A3F97395A3EFB
:108CE0009DC7793F135C603E4E6E793F667C663E61
:108CF0009812793F7F9A6C3E7BB4783F51B6723EB2
:108D0000F853783FCCCF783E10F1773FE1E67E3ED6
:108D1000C58B773FC07D823E1724773FCE86853E48
:108D200007BA763F938E883E974D763F07958B3EE8
:108D3000C6DE753F229A8E3E976D753FDD9D913E52
:108D40000BFA743F31A0943E2284743F17A1973EE2
:108D5000DD0B743F86A09A3E3F91733F789E9D3E07
:108D60004714733FE59AA03EF894723FC595A33E21
:108D70005213723F128FA63E578F713FC486A93E91
:108D80000809713FD47CAC3E6680703F3A71AF3EBB
:108D900073F56F3FEF63B23E30686F3FEC54B53E02
:108DA0009ED86E3F2A44B83EBE466E3FA031BB3EC1
:108DB00093B26D3F4A1DBE3E1D1C6D3F1E07C13E56
:108DC0005E836C3F15EFC33E58E86B3F29D5C63E26
:108DD0000C4B6B3F53B9C93E7BAB6A3F8B9BCC3E80
:108DE000A7096A3FCA7BCF3E9165693F095AD23EC7
:108DF0003CBF683F4136D53EA816683F6B10D83E51
:108E0000D86B673F80E8DA3ECCBE663F79BEDD3E78
:108E1000880F663F4F92E03E0B5E653FFA63E33E8C
:108E200059AA643F7533E63E73F4633FB700E93EE9
:108E30005A3C633FBBCBEB3E1082623F7994EE3EDF
:108E400098C5613FEA5AF13EF206613F071FF43EC2
:108E50002146603FCBE0F63E27835F3F2DA0F93EE1
:108E600005BE5E3F275DFC3EBEF65D3FB217FF3E8E
:108E7000532D5D3FE4E7003FC7615C3FB142023FD5
:108E80001A945B3F3D9C033F50C45A3F84F4043F17
:108E90006AF2593F824B063F6A1E593F36A1073F8F
:108EA0005348583F9BF5083F2670573FAD480A3F4F
:108EB000E595563F6B9A0B3F93B9553FD0EA0C3F6F
:108EC00031DB543FDA390E3FC3FA533F84870F3FFB
:108ED0004918533FCDD3103FC633523FB01E123F07
:108EE0003D4D513F2A68133FAF64503F39B0143FA6
:108EF0001F7A4F3FD9F6153F908D4E3F073C173FE5
:108F0000029F4D3FC07F183F79AE4C3F00C2193FD2
:108F1000F8BB4B3FC6021B3F7FC74A3F0C421C3F7A
:108F200012D1493FD17F1D3FB3D8483F12BC1E3FED
:108F300065DE473FCBF61F3F2AE2463FF92F213F30
:108F400003E4453F9967223FF5E3443FA99D233F52
:108F500000E2433F25D2243F29DE423F0A05263F57
:108F600070D8413F5636273FDAD0403F0566283F4C
:108F700067C73F3F1594293F1BBC3E3F82C02A3F35
:108F8000F9AE3D3F4AEB2B3F03A03C3F69142D3F18
:108F90003B8F3B3FDE3B2E3FA47C3A3FA5612F3FFA
:108FA0004268393FBB85303F1652383F1DA8313FDC
:108FB000233A373FC9C8323F6C20363FBCE7333FC6
:108FC000F304353FF304353FBCE7333F6C20363FB5
:108FD000C9C8323F233A373F1DA8313F1652383FA8
:108FE000BB85303F4268393FA5612F3FA47C3A3FA3
:108FF000DE3B2E3F3B8F3B3F69142D3F03A03C3FA0
:109000004AEB2B3FF9AE3D3F82C02A3F1BBC3E3F9F
:109010001594293F67C73F3F0566283FDAD0403F98
:109020005636273F70D8413F0A05263F29DE423F8A
:1090300025D2243F00E2433FA99D233FF5E3443F6F
:109040009967223F03E4453FF92F213F2AE2463F3B
:10905000CBF61F3F65DE473F12BC1E3FB3D8483FEB
:10906000D17F1D3F12D1493F0C421C3F7FC74A3F71
:10907000C6021B3FF8BB4B3F00C2193F79AE4C3FC5
:10908000C07F183F029F4D3F073C173F908D4E3FDA
:10909000D9F6153F1F7A4F3F39B0143FAF64503FA8
:1090A0002A68133F3D4D513FB01E123FC633523F19
:1090B000CDD3103F4918533F84870F3FC3FA533F26
:1090C000DA390E3F31DB543FD0EA0C3F93B9553FBC
:1090D0006B9A0B3FE595563FAD480A3F2670573FC8
:1090E0009BF5083F5348583F36A1073F6A1E593F3A
:1090F000824B063F6AF2593F84F4043F50C45A3F02
:109100003D9C033F1A945B3FB142023FC7615C3F05
:10911000E4E7003F532D5D3FB217FF3EBEF65D3FD3
:10912000275DFC3E05BE5E3F2DA0F93E27835F3FD5
:10913000CBE0F63E2146603F071FF43EF206613F5A
:10914000EA5AF13E98C5613F7994EE3E1082623F43
:10915000BBCBEB3E5A3C633FB700E93E73F4633F41
:109160007533E63E59AA643FFA63E33E0B5E653F02
:109170004F92E03E880F663F79BEDD3ECCBE663F33
:1091800080E8DA3ED86B673F6B10D83EA816683F80
:109190004136D53E3CBF683F095AD23E9165693F92
:1091A000CA7BCF3EA7096A3F8B9BCC3E7BAB6A3F15
:1091B00053B9C93E0C4B6B3F29D5C63E58E86B3FAF
:1091C00015EFC33E5E836C3F1E07C13E1D1C6D3F05
:1091D0004A1DBE3E93B26D3FA031BB3EBE466E3FC0
:1091E0002A44B83E9ED86E3FEC54B53E30686F3F7F
:1091F000EF63B23E73F56F3F3A71AF3E6680703FEA
:10920000D47CAC3E0809713FC486A93E578F713F9C
:10921000128FA63E5213723FC595A33EF894723F3B
:10922000E59AA03E4714733F789E9D3E3F91733F61
:1092300086A09A3EDD0B743F17A1973E2284743FAF
:1092400031A0943E0BFA743FDD9D913E976D753FC2
:10925000229A8E3EC6DE753F07958B3E974D763F30
:10926000938E883E07BA763FCE86853E1724773F99
:10927000C07D823EC58B773FE1E67E3E10F1773FB1
:10928000CCCF783EF853783F51B6723E7BB4783FEE
:109290007F9A6C3E9812793F667C663E4E6E793FAF
:1092A000135C603E9DC7793F97395A3E841E7A3FD2
:1092B0000115543E02737A3F60EE4D3E16C57A3F6B
:1092C000C2C5473EBE147B3F379B413EFC617B3F9E
:1092D000CF6E3B3ECDAC7B3F9840353E31F57B3F7A
:1092E000A2102F3E283B7C3FFCDE283EB07E7C3F18
:1092F000B6AB223EC9BF7C3FDE761C3E73FE7C3F90
:109300008340163EAC3A7D3FB708103E74747D3FF3
:1093100086CF093ECCAB7D3F0295033EB1E07D3F59
:1093200073B2FA3D24137E3F7638EE3D23437E3FF1
:109330002EBCE13DB0707E3FB93DD53DC99B7E3F1F
:1093400036BDC83D6DC47E3FC33ABC3D9DEA7E3FFD
:1093500080B6AF3D580E7F3F8C30A33D9D2F7F3FA1
:1093600005A9963D6D4E7F3F0A208A3DC76A7F3F23
:10937000742B7B3DAB847F3F6814623D189C7F3F1C
:109380002FFB483D0FB17F3F07E02F3D8FC37F3F4D
:109390002CC3163D98D37F3FB949FB3C29E17F3F61
:1093A000B00AC93C43EC7F3FB6C9963CE6F47F3F28
:1093B000900E493C11FB7F3F890FC93BC4FE7F3FA4
:1093C000000000000000803F890FC9BBC4FE7F3F42
:1093D000900E49BC11FB7F3FB6C996BCE6F47F3FB7
:1093E000B00AC9BC43EC7F3FB949FBBC29E17F3FD0
:1093F0002CC316BD98D37F3F07E02FBD8FC37F3F9F
:109400002FFB48BD0FB17F3F681462BD189C7F3FA2
:10941000742B7BBDAB847F3F0A208ABDC76A7F3F28
:1094200005A996BD6D4E7F3F8C30A3BD9D2F7F3F1C
:1094300080B6AFBD580E7F3FC33ABCBD9DEA7E3FAC
:1094400036BDC8BD6DC47E3FB93DD5BDC99B7E3F0D
:109450002EBCE1BDB0707E3F7638EEBD23437E3F2B
:1094600073B2FABD24137E3F029503BEB1E07D3F87
:1094700086CF09BECCAB7D3FB70810BE74747D3F6C
:10948000834016BEAC3A7D3FDE761CBE73FE7C3F49
:10949000B6AB22BEC9BF7C3FFCDE28BEB07E7C3F9F
:1094A000A2102FBE283B7C3F984035BE31F57B3F54
:1094B000CF6E3BBECDAC7B3F379B41BEFC617B3F5B
:1094C000C2C547BEBE147B3F60EE4DBE16C57A3F97
:1094D000011554BE02737A3F97395ABE841E7A3FF3
:1094E000135C60BE9DC7793F667C66BE4E6E793F59
:1094F0007F9A6CBE9812793F51B672BE7BB4783FAA
:10950000CCCF78BEF853783FE1E67EBE10F1773FCE
:10951000C07D82BEC58B773FCE8685BE1724773F40
:10952000938E88BE07BA763F07958BBE974D763FE0
:10953000229A8EBEC6DE753FDD9D91BE976D753F4A
:1095400031A094BE0BFA743F17A197BE2284743FDA
:1095500086A09ABEDD0B743F789E9DBE3F91733FFF
:10956000E59AA0BE4714733FC595A3BEF894723F19
:10957000128FA6BE5213723FC486A9BE578F713F89
:10958000D47CACBE0809713F3A71AFBE6680703FB3
:10959000EF63B2BE73F56F3FEC54B5BE30686F3FFA
:1095A0002A44B8BE9ED86E3FA031BBBEBE466E3FB9
:1095B0004A1DBEBE93B26D3F1E07C1BE1D1C6D3F4E
:1095C00015EFC3BE5E836C3F29D5C6BE58E86B3F1E
:1095D00053B9C9BE0C4B6B3F8B9BCCBE7BAB6A3F78
:1095E000CA7BCFBEA7096A3F095AD2BE9165693FBF
:1095F0004136D5BE3CBF683F6B10D8BEA816683F49
:1096000080E8DABED86B673F79BEDDBECCBE663F70
:109610004F92E0BE880F663FFA63E3BE0B5E653F84
:109620007533E6BE59AA643FB700E9BE73F4633FE1
:10963000BBCBEBBE5A3C633F7994EEBE1082623FD7
:10964000EA5AF1BE98C5613F071FF4BEF206613FBA
:10965000CBE0F6BE2146603F2DA0F9BE27835F3FD9
:10966000275DFCBE05BE5E3FB217FFBEBEF65D3F86
:10967000E4E700BF532D5D3FB14202BFC7615C3FCD
:109680003D9C03BF1A945B3F84F404BF50C45A3F0F
:10969000824B06BF6AF2593F36A107BF6A1E593F87
:1096A0009BF508BF5348583FAD480ABF2670573F47
:1096B0006B9A0BBFE595563FD0EA0CBF93B9553F67
:1096C000DA390EBF31DB543F84870FBFC3FA533FF3
:1096D000CDD310BF4918533FB01E12BFC633523FFF
:1096E0002A6813BF3D4D513F39B014BFAF64503F9E
:1096F000D9F615BF1F7A4F3F073C17BF908D4E3FDD
:10970000C07F18BF029F4D3F00C219BF79AE4C3FCA
:10971000C6021BBFF8BB4B3F0C421CBF7FC74A3F72
:10972000D17F1DBF12D1493F12BC1EBFB3D8483FE5
:10973000CBF61FBF65DE473FF92F21BF2AE2463F28
:10974000996722BF03E4453FA99D23BFF5E3443F4A
:1097500025D224BF00E2433F0A0526BF29DE423F4F
:10976000563627BF70D8413F056628BFDAD0403F44
:10977000159429BF67C73F3F82C02ABF1BBC3E3F2D
:109780004AEB2BBFF9AE3D3F69142DBF03A03C3F10
:10979000DE3B2EBF3B8F3B3FA5612FBFA47C3A3FF2
:1097A000BB8530BF4268393F1DA831BF1652383FD4
:1097B000C9C832BF233A373FBCE733BF6C20363FBE
:1097C000F30435BFF304353F6C2036BFBCE7333FAD
:1097D000233A37BFC9C8323F165238BF1DA8313FA0
:1097E000426839BFBB85303FA47C3ABFA5612F3F9B
:1097F0003B8F3BBFDE3B2E3F03A03CBF69142D3F98
:10980000F9AE3DBF4AEB2B3F1BBC3EBF82C02A3F97
:1098100067C73FBF1594293FDAD040BF0566283F90
:1098200070D841BF5636273F29DE42BF0A05263F82
:1098300000E243BF25D2243FF5E344BFA99D233F67
:1098400003E445BF9967223F2AE246BFF92F213F33
:1098500065DE47BFCBF61F3FB3D848BF12BC1E3FE3
:1098600012D149BFD17F1D3F7FC74ABF0C421C3F69
:10987000F8BB4BBFC6021B3F79AE4CBF00C2193FBD
:10988000029F4DBFC07F183F908D4EBF073C173FD2
:109890001F7A4FBFD9F6153FAF6450BF39B0143FA0
:1098A0003D4D51BF2A68133FC63352BFB01E123F11
:1098B000491853BFCDD3103FC3FA53BF84870F3F1E
:1098C00031DB54BFDA390E3F93B955BFD0EA0C3FB4
:1098D000E59556BF6B9A0B3F267057BFAD480A3FC0
:1098E000534858BF9BF5083F6A1E59BF36A1073F32
:1098F0006AF259BF824B063F50C45ABF84F4043FFA
:109900001A945BBF3D9C033FC7615CBFB142023FFD
:10991000532D5DBFE4E7003FBEF65DBFB217FF3ECB
:1099200005BE5EBF275DFC3E27835FBF2DA0F93ECD
:10993000214660BFCBE0F63EF20661BF071FF43E52
:1099400098C561BFEA5AF13E108262BF7994EE3E3B
:109950005A3C63BFBBCBEB3E73F463BFB700E93E39
:1099600059AA64BF7533E63E0B5E65BFFA63E33EFA
:10997000880F66BF4F92E03ECCBE66BF79BEDD3E2B
:10998000D86B67BF80E8DA3EA81668BF6B10D83E78
:109990003CBF68BF4136D53E916569BF095AD23E8A
:1099A000A7096ABFCA7BCF3E7BAB6ABF8B9BCC3E0D
:1099B0000C4B6BBF53B9C93E58E86BBF29D5C63EA7
:1099C0005E836CBF15EFC33E1D1C6DBF1E07C13EFD
:1099D00093B26DBF4A1DBE3EBE466EBFA031BB3EB8
:1099E0009ED86EBF2A44B83E30686FBFEC54B53E77
:1099F00073F56FBFEF63B23E668070BF3A71AF3EE2
:109A0000080971BFD47CAC3E578F71BFC486A93E94
:109A1000521372BF128FA63EF89472BFC595A33E33
:109A2000471473BFE59AA03E3F9173BF789E9D3E59
:109A3000DD0B74BF86A09A3E228474BF17A1973EA7
:109A40000BFA74BF31A0943E976D75BFDD9D913EBA
:109A5000C6DE75BF229A8E3E974D76BF07958B3E28
:109A600007BA76BF938E883E172477BFCE86853E91
:109A7000C58B77BFC07D823E10F177BFE1E67E3EA9
:109A8000F85378BFCCCF783E7BB478BF51B6723EE6
:109A9000981279BF7F9A6C3E4E6E79BF667C663EA7
:109AA0009DC779BF135C603E841E7ABF97395A3ECA
:109AB00002737ABF0115543E16C57ABF60EE4D3E63
:109AC000BE147BBFC2C5473EFC617BBF379B413E96
:109AD000CDAC7BBFCF6E3B3E31F57BBF9840353E72
:109AE000283B7CBFA2102F3EB07E7CBFFCDE283E10
:109AF000C9BF7CBFB6AB223E73FE7CBFDE761C3E88
:109B0000AC3A7DBF8340163E74747DBFB708103EEB
:109B1000CCAB7DBF86CF093EB1E07DBF0295033E51
:109B200024137EBF73B2FA3D23437EBF7638EE3DE9
:109B3000B0707EBF2EBCE13DC99B7EBFB93DD53D17
:109B40006DC47EBF36BDC83D9DEA7EBFC33ABC3DF5
:109B5000580E7FBF80B6AF3D9D2F7FBF8C30A33D99
:109B60006D4E7FBF05A9963DC76A7FBF0A208A3D1B
:109B7000AB847FBF742B7B3D189C7FBF6814623D14
:109B80000FB17FBF2FFB483D8FC37FBF07E02F3D45
:109B900098D37FBF2CC3163D29E17FBFB949FB3C59
:109BA00043EC7FBFB00AC93CE6F47FBFB6C9963C20
:109BB00011FB7FBF900E493CC4FE7FBF890FC93B9C
:109BC000000080BF00000000C4FE7FBF890FC9BB3A
:109BD00011FB7FBF900E49BCE6F47FBFB6C996BCAF
:109BE00043EC7FBFB00AC9BC29E17FBFB949FBBCC8
:109BF00098D37FBF2CC316BD8FC37FBF07E02FBD97
:109C00000FB17FBF2FFB48BD189C7FBF681462BD9A
:109C1000AB847FBF742B7BBDC76A7FBF0A208ABD20
:109C20006D4E7FBF05A996BD9D2F7FBF8C30A3BD14
:109C3000580E7FBF80B6AFBD9DEA7EBFC33ABCBDA4
:109C40006DC47EBF36BDC8BDC99B7EBFB93DD5BD05
:109C5000B0707EBF2EBCE1BD23437EBF7638EEBD23
:109C600024137EBF73B2FABDB1E07DBF029503BE7F
:109C7000CCAB7DBF86CF09BE74747DBFB70810BE64
:109C8000AC3A7DBF834016BE73FE7CBFDE761CBE41
:109C9000C9BF7CBFB6AB22BEB07E7CBFFCDE28BE97
:109CA000283B7CBFA2102FBE31F57BBF984035BE4C
:109CB000CDAC7BBFCF6E3BBEFC617BBF379B41BE53
:109CC000BE147BBFC2C547BE16C57ABF60EE4DBE8F
:109CD00002737ABF011554BE841E7ABF97395ABEEB
:109CE0009DC779BF135C60BE4E6E79BF667C66BE51
:109CF000981279BF7F9A6CBE7BB478BF51B672BEA2
:109D0000F85378BFCCCF78BE10F177BFE1E67EBEC6
:109D1000C58B77BFC07D82BE172477BFCE8685BE38
:109D200007BA76BF938E88BE974D76BF07958BBED8
:109D3000C6DE75BF229A8EBE976D75BFDD9D91BE42
:109D40000BFA74BF31A094BE228474BF17A197BED2
:109D5000DD0B74BF86A09ABE3F9173BF789E9DBEF7
:109D6000471473BFE59AA0BEF89472BFC595A3BE11
:109D7000521372BF128FA6BE578F71BFC486A9BE81
:109D8000080971BFD47CACBE668070BF3A71AFBEAB
:109D900073F56FBFEF63B2BE30686FBFEC54B5BEF2
:109DA0009ED86EBF2A44B8BEBE466EBFA031BBBEB1
:109DB00093B26DBF4A1DBEBE1D1C6DBF1E07C1BE46
:109DC0005E836CBF15EFC3BE58E86BBF29D5C6BE16
:109DD0000C4B6BBF53B9C9BE7BAB6ABF8B9BCCBE70
:109DE000A7096ABFCA7BCFBE916569BF095AD2BEB7
:109DF0003CBF68BF4136D5BEA81668BF6B10D8BE41
:109E0000D86B67BF80E8DABECCBE66BF79BEDDBE68
:109E1000880F66BF4F92E0BE0B5E65BFFA63E3BE7C
:109E200059AA64BF7533E6BE73F463BFB700E9BED9
:109E30005A3C63BFBBCBEBBE108262BF7994EEBECF
:109E400098C561BFEA5AF1BEF20661BF071FF4BEB2
:109E5000214660BFCBE0F6BE27835FBF2DA0F9BED1
:109E600005BE5EBF275DFCBEBEF65DBFB217FFBE7E
:109E7000532D5DBFE4E700BFC7615CBFB14202BFC5
:109E80001A945BBF3D9C03BF50C45ABF84F404BF07
:109E90006AF259BF824B06BF6A1E59BF36A107BF7F
:109EA000534858BF9BF508BF267057BFAD480ABF3F
:109EB000E59556BF6B9A0BBF93B955BFD0EA0CBF5F
:109EC00031DB54BFDA390EBFC3FA53BF84870FBFEB
:109ED000491853BFCDD310BFC63352BFB01E12BFF7
:109EE0003D4D51BF2A6813BFAF6450BF39B014BF96
:109EF0001F7A4FBFD9F615BF908D4EBF073C17BFD5
:109F0000029F4DBFC07F18BF79AE4CBF00C219BFC2
:109F1000F8BB4BBFC6021BBF7FC74ABF0C421CBF6A
:109F200012D149BFD17F1DBFB3D848BF12BC1EBFDD
:109F300065DE47BFCBF61FBF2AE246BFF92F21BF20
:109F400003E445BF996722BFF5E344BFA99D23BF42
:109F500000E243BF25D224BF29DE42BF0A0526BF47
:109F600070D841BF563627BFDAD040BF056628BF3C
:109F700067C73FBF159429BF1BBC3EBF82C02ABF25
:109F8000F9AE3DBF4AEB2BBF03A03CBF69142DBF08
:109F90003B8F3BBFDE3B2EBFA47C3ABFA5612FBFEA
:109FA000426839BFBB8530BF165238BF1DA831BFCC
:109FB000233A37BFC9C832BF6C2036BFBCE733BFB6
:109FC000F30435BFF30435BFBCE733BF6C2036BFA5
:109FD000C9C832BF233A37BF1DA831BF165238BF98
:109FE000BB8530BF426839BFA5612FBFA47C3ABF93
:109FF000DE3B2EBF3B8F3BBF69142DBF03A03CBF90
:10A000004AEB2BBFF9AE3DBF82C02ABF1BBC3EBF8F
:10A01000159429BF67C73FBF056628BFDAD040BF88
:10A02000563627BF70D841BF0A0526BF29DE42BF7A
:10A0300025D224BF00E243BFA99D23BFF5E344BF5F
:10A04000996722BF03E445BFF92F21BF2AE246BF2B
:10A05000CBF61FBF65DE47BF12BC1EBFB3D848BFDB
:10A06000D17F1DBF12D149BF0C421CBF7FC74ABF61
:10A07000C6021BBFF8BB4BBF00C219BF79AE4CBFB5
:10A08000C07F18BF029F4DBF073C17BF908D4EBFCA
:10A09000D9F615BF1F7A4FBF39B014BFAF6450BF98
:10A0A0002A6813BF3D4D51BFB01E12BFC63352BF09
:10A0B000CDD310BF491853BF84870FBFC3FA53BF16
:10A0C000DA390EBF31DB54BFD0EA0CBF93B955BFAC
:10A0D0006B9A0BBFE59556BFAD480ABF267057BFB8
:10A0E0009BF508BF534858BF36A107BF6A1E59BF2A
:10A0F000824B06BF6AF259BF84F404BF50C45ABFF2
:10A100003D9C03BF1A945BBFB14202BFC7615CBFF5
:10A11000E4E700BF532D5DBFB217FFBEBEF65DBFC3
:10A12000275DFCBE05BE5EBF2DA0F9BE27835FBFC5
:10A13000CBE0F6BE214660BF071FF4BEF20661BF4A
:10A14000EA5AF1BE98C561BF7994EEBE108262BF33
:10A15000BBCBEBBE5A3C63BFB700E9BE73F463BF31
:10A160007533E6BE59AA64BFFA63E3BE0B5E65BFF2
:10A170004F92E0BE880F66BF79BEDDBECCBE66BF23
:10A1800080E8DABED86B67BF6B10D8BEA81668BF70
:10A190004136D5BE3CBF68BF095AD2BE916569BF82
:10A1A000CA7BCFBEA7096ABF8B9BCCBE7BAB6ABF05
:10A1B00053B9C9BE0C4B6BBF29D5C6BE58E86BBF9F
:10A1C00015EFC3BE5E836CBF1E07C1BE1D1C6DBFF5
:10A1D0004A1DBEBE93B26DBFA031BBBEBE466EBFB0
:10A1E0002A44B8BE9ED86EBFEC54B5BE30686FBF6F
:10A1F000EF63B2BE73F56FBF3A71AFBE668070BFDA
:10A20000D47CACBE080971BFC486A9BE578F71BF8C
:10A21000128FA6BE521372BFC595A3BEF89472BF2B
:10A22000E59AA0BE471473BF789E9DBE3F9173BF51
:10A2300086A09ABEDD0B74BF17A197BE228474BF9F
:10A2400031A094BE0BFA74BFDD9D91BE976D75BFB2
:10A25000229A8EBEC6DE75BF07958BBE974D76BF20
:10A26000938E88BE07BA76BFCE8685BE172477BF89
:10A27000C07D82BEC58B77BFE1E67EBE10F177BFA1
:10A28000CCCF78BEF85378BF51B672BE7BB478BFDE
:10A290007F9A6CBE981279BF667C66BE4E6E79BF9F
:10A2A000135C60BE9DC779BF97395ABE841E7ABFC2
:10A2B000011554BE02737ABF60EE4DBE16C57ABF5B
:10A2C000C2C547BEBE147BBF379B41BEFC617BBF8E
:10A2D000CF6E3BBECDAC7BBF984035BE31F57BBF6A
:10A2E000A2102FBE283B7CBFFCDE28BEB07E7CBF08
:10A2F000B6AB22BEC9BF7CBFDE761CBE73FE7CBF80
:10A30000834016BEAC3A7DBFB70810BE74747DBFE3
:10A3100086CF09BECCAB7DBF029503BEB1E07DBF49
:10A3200073B2FABD24137EBF7638EEBD23437EBFE1
:10A330002EBCE1BDB0707EBFB93DD5BDC99B7EBF0F
:10A3400036BDC8BD6DC47EBFC33ABCBD9DEA7EBFED
:10A3500080B6AFBD580E7FBF8C30A3BD9D2F7FBF91
:10A3600005A996BD6D4E7FBF0A208ABDC76A7FBF13
:10A37000742B7BBDAB847FBF681462BD189C7FBF0C
:10A380002FFB48BD0FB17FBF07E02FBD8FC37FBF3D
:10A390002CC316BD98D37FBFB949FBBC29E17FBF51
:10A3A000B00AC9BC43EC7FBFB6C996BCE6F47FBF18
:10A3B000900E49BC11FB7FBF890FC9BBC4FE7FBF94
:10A3C00000000080000080BF890FC93BC4FE7FBF32
:10A3D000900E493C11FB7FBFB6C9963CE6F47FBFA7
:10A3E000B00AC93C43EC7FBFB949FB3C29E17FBFC0
:10A3F0002CC3163D98D37FBF07E02F3D8FC37FBF8F
:10A400002FFB483D0FB17FBF6814623D189C7FBF92
:10A41000742B7B3DAB847FBF0A208A3DC76A7FBF18
:10A4200005A9963D6D4E7FBF8C30A33D9D2F7FBF0C
:10A4300080B6AF3D580E7FBFC33ABC3D9DEA7EBF9C
:10A4400036BDC83D6DC47EBFB93DD53DC99B7EBFFD
:10A450002EBCE13DB0707EBF7638EE3D23437EBF1B
:10A4600073B2FA3D24137EBF0295033EB1E07DBF77
:10A4700086CF093ECCAB7DBFB708103E74747DBF5C
:10A480008340163EAC3A7DBFDE761C3E73FE7CBF39
:10A49000B6AB223EC9BF7CBFFCDE283EB07E7CBF8F
:10A4A000A2102F3E283B7CBF9840353E31F57BBF44
:10A4B000CF6E3B3ECDAC7BBF379B413EFC617BBF4B
:10A4C000C2C5473EBE147BBF60EE4D3E16C57ABF87
:10A4D0000115543E02737ABF97395A3E841E7ABFE3
:10A4E000135C603E9DC779BF667C663E4E6E79BF49
:10A4F0007F9A6C3E981279BF51B6723E7BB478BF9A
:10A50000CCCF783EF85378BFE1E67E3E10F177BFBE
:10A51000C07D823EC58B77BFCE86853E172477BF30
:10A52000938E883E07BA76BF07958B3E974D76BFD0
:10A53000229A8E3EC6DE75BFDD9D913E976D75BF3A
:10A5400031A0943E0BFA74BF17A1973E228474BFCA
:10A5500086A09A3EDD0B74BF789E9D3E3F9173BFEF
:10A56000E59AA03E471473BFC595A33EF89472BF09
:10A57000128FA63E521372BFC486A93E578F71BF79
:10A58000D47CAC3E080971BF3A71AF3E668070BFA3
:10A59000EF63B23E73F56FBFEC54B53E30686FBFEA
:10A5A0002A44B83E9ED86EBFA031BB3EBE466EBFA9
:10A5B0004A1DBE3E93B26DBF1E07C13E1D1C6DBF3E
:10A5C00015EFC33E5E836CBF29D5C63E58E86BBF0E
:10A5D00053B9C93E0C4B6BBF8B9BCC3E7BAB6ABF68
:10A5E000CA7BCF3EA7096ABF095AD23E916569BFAF
:10A5F0004136D53E3CBF68BF6B10D83EA81668BF39
:10A6000080E8DA3ED86B67BF79BEDD3ECCBE66BF60
:10A610004F92E03E880F66BFFA63E33E0B5E65BF74
:10A620007533E63E59AA64BFB700E93E73F463BFD1
:10A63000BBCBEB3E5A3C63BF7994EE3E108262BFC7
:10A64000EA5AF13E98C561BF071FF43EF20661BFAA
:10A65000CBE0F63E214660BF2DA0F93E27835FBFC9
:10A66000275DFC3E05BE5EBFB217FF3EBEF65DBF76
:10A67000E4E7003F532D5DBFB142023FC7615CBFBD
:10A680003D9C033F1A945BBF84F4043F50C45ABFFF
:10A69000824B063F6AF259BF36A1073F6A1E59BF77
:10A6A0009BF5083F534858BFAD480A3F267057BF37
:10A6B0006B9A0B3FE59556BFD0EA0C3F93B955BF57
:10A6C000DA390E3F31DB54BF84870F3FC3FA53BFE3
:10A6D000CDD3103F491853BFB01E123FC63352BFEF
:10A6E0002A68133F3D4D51BF39B0143FAF6450BF8E
:10A6F000D9F6153F1F7A4FBF073C173F908D4EBFCD
:10A70000C07F183F029F4DBF00C2193F79AE4CBFBA
:10A71000C6021B3FF8BB4BBF0C421C3F7FC74ABF62
:10A72000D17F1D3F12D149BF12BC1E3FB3D848BFD5
:10A73000CBF61F3F65DE47BFF92F213F2AE246BF18
:10A740009967223F03E445BFA99D233FF5E344BF3A
:10A7500025D2243F00E243BF0A05263F29DE42BF3F
:10A760005636273F70D841BF0566283FDAD040BF34
:10A770001594293F67C73FBF82C02A3F1BBC3EBF1D
:10A780004AEB2B3FF9AE3DBF69142D3F03A03CBF00
:10A79000DE3B2E3F3B8F3BBFA5612F3FA47C3ABFE2
:10A7A000BB85303F426839BF1DA8313F165238BFC4
:10A7B000C9C8323F233A37BFBCE7333F6C2036BFAE
:10A7C000F304353FF30435BF6C20363FBCE733BF9D
:10A7D000233A373FC9C832BF1652383F1DA831BF90
:10A7E0004268393FBB8530BFA47C3A3FA5612FBF8B
:10A7F0003B8F3B3FDE3B2EBF03A03C3F69142DBF88
:10A80000F9AE3D3F4AEB2BBF1BBC3E3F82C02ABF87
:10A8100067C73F3F159429BFDAD0403F056628BF80
:10A8200070D8413F563627BF29DE423F0A0526BF72
:10A8300000E2433F25D224BFF5E3443FA99D23BF57
:10A8400003E4453F996722BF2AE2463FF92F21BF23
:10A8500065DE473FCBF61FBFB3D8483F12BC1EBFD3
:10A8600012D1493FD17F1DBF7FC74A3F0C421CBF59
:10A87000F8BB4B3FC6021BBF79AE4C3F00C219BFAD
:10A88000029F4D3FC07F18BF908D4E3F073C17BFC2
:10A890001F7A4F3FD9F615BFAF64503F39B014BF90
:10A8A0003D4D513F2A6813BFC633523FB01E12BF01
:10A8B0004918533FCDD310BFC3FA533F84870FBF0E
:10A8C00031DB543FDA390EBF93B9553FD0EA0CBFA4
:10A8D000E595563F6B9A0BBF2670573FAD480ABFB0
:10A8E0005348583F9BF508BF6A1E593F36A107BF22
:10A8F0006AF2593F824B06BF50C45A3F84F404BFEA
:10A900001A945B3F3D9C03BFC7615C3FB14202BFED
:10A91000532D5D3FE4E700BFBEF65D3FB217FFBEBB
:10A9200005BE5E3F275DFCBE27835F3F2DA0F9BEBD
:10A930002146603FCBE0F6BEF206613F071FF4BE42
:10A9400098C5613FEA5AF1BE1082623F7994EEBE2B
:10A950005A3C633FBBCBEBBE73F4633FB700E9BE29
:10A9600059AA643F7533E6BE0B5E653FFA63E3BEEA
:10A97000880F663F4F92E0BECCBE663F79BEDDBE1B
:10A98000D86B673F80E8DABEA816683F6B10D8BE68
:10A990003CBF683F4136D5BE9165693F095AD2BE7A
:10A9A000A7096A3FCA7BCFBE7BAB6A3F8B9BCCBEFD
:10A9B0000C4B6B3F53B9C9BE58E86B3F29D5C6BE97
:10A9C0005E836C3F15EFC3BE1D1C6D3F1E07C1BEED
:10A9D00093B26D3F4A1DBEBEBE466E3FA031BBBEA8
:10A9E0009ED86E3F2A44B8BE30686F3FEC54B5BE67
:10A9F00073F56F3FEF63B2BE6680703F3A71AFBED2
:10AA00000809713FD47CACBE578F713FC486A9BE84
:10AA10005213723F128FA6BEF894723FC595A3BE23
:10AA20004714733FE59AA0BE3F91733F789E9DBE49
:10AA3000DD0B743F86A09ABE2284743F17A197BE97
:10AA40000BFA743F31A094BE976D753FDD9D91BEAA
:10AA5000C6DE753F229A8EBE974D763F07958BBE18
:10AA600007BA763F938E88BE1724773FCE8685BE81
:10AA7000C58B773FC07D82BE10F1773FE1E67EBE99
:10AA8000F853783FCCCF78BE7BB4783F51B672BED6
:10AA90009812793F7F9A6CBE4E6E793F667C66BE97
:10AAA0009DC7793F135C60BE841E7A3F97395ABEBA
:10AAB00002737A3F011554BE16C57A3F60EE4DBE53
:10AAC000BE147B3FC2C547BEFC617B3F379B41BE86
:10AAD000CDAC7B3FCF6E3BBE31F57B3F984035BE62
:10AAE000283B7C3FA2102FBEB07E7C3FFCDE28BE00
:10AAF000C9BF7C3FB6AB22BE73FE7C3FDE761CBE78
:10AB0000AC3A7D3F834016BE74747D3FB70810BEDB
:10AB1000CCAB7D3F86CF09BEB1E07D3F029503BE41
:10AB200024137E3F73B2FABD23437E3F7638EEBDD9
:10AB3000B0707E3F2EBCE1BDC99B7E3FB93DD5BD07
:10AB40006DC47E3F36BDC8BD9DEA7E3FC33ABCBDE5
:10AB5000580E7F3F80B6AFBD9D2F7F3F8C30A3BD89
:10AB60006D4E7F3F05A996BDC76A7F3F0A208ABD0B
:10AB7000AB847F3F742B7BBD189C7F3F681462BD04
:10AB80000FB17F3F2FFB48BD8FC37F3F07E02FBD35
:10AB900098D37F3F2CC316BD29E17F3FB949FBBC49
:10ABA00043EC7F3FB00AC9BCE6F47F3FB6C996BC10
:10ABB00011FB7F3F900E49BCC4FE7F3F890FC9BB8C
:10ABC0000000803F000000000FB17F3F2FFB483D99
:10ABD0006DC47E3F36BDC83DAC3A7D3F8340163ED6
:10ABE000BE147B3FC2C5473EF853783FCCCF783E7A
:10ABF0000BFA743F31A0943E0809713FD47CAC3EFF
:10AC00005E836C3F15EFC33ED86B673F80E8DA3E4A
:10AC100098C5613FEA5AF13E1A945B3F3D9C033F61
:10AC200031DB543FDA390E3F029F4D3FC07F183F62
:10AC300003E4453F9967223FF9AE3D3F4AEB2B3F86
:10AC4000F304353FF304353F4AEB2B3FF9AE3D3F6C
:10AC50009967223F03E4453FC07F183F029F4D3F65
:10AC6000DA390E3F31DB543F3D9C033F1A945B3F82
:10AC7000EA5AF13E98C5613F80E8DA3ED86B673FFB
:10AC800015EFC33E5E836C3FD47CAC3E0809713F38
:10AC900031A0943E0BFA743FCCCF783EF853783F06
:10ACA000C2C5473EBE147B3F8340163EAC3A7D3F53
:10ACB00036BDC83D6DC47E3F2FFB483D0FB17F3F81
:10ACC000000000000000803F2FFB48BD0FB17F3F18
:10ACD00036BDC8BD6DC47E3F834016BEAC3A7D3FD5
:10ACE000C2C547BEBE147B3FCCCF78BEF853783F79
:10ACF00031A094BE0BFA743FD47CACBE0809713FFE
:10AD000015EFC3BE5E836C3F80E8DABED86B673F49
:10AD1000EA5AF1BE98C5613F3D9C03BF1A945B3F60
:10AD2000DA390EBF31DB543FC07F18BF029F4D3F61
:10AD3000996722BF03E4453F4AEB2BBFF9AE3D3F85
:10AD4000F30435BFF304353FF9AE3DBF4AEB2B3F6B
:10AD500003E445BF9967223F029F4DBFC07F183F64
:10AD600031DB54BFDA390E3F1A945BBF3D9C033F81
:10AD700098C561BFEA5AF13ED86B67BF80E8DA3EFA
:10AD80005E836CBF15EFC33E080971BFD47CAC3E37
:10AD90000BFA74BF31A0943EF85378BFCCCF783E05
:10ADA000BE147BBFC2C5473EAC3A7DBF8340163E52
:10ADB0006DC47EBF36BDC83D0FB17FBF2FFB483D80
:10ADC000000080BF000000000FB17FBF2FFB48BD17
:10ADD0006DC47EBF36BDC8BDAC3A7DBF834016BED4
:10ADE000BE147BBFC2C547BEF85378BFCCCF78BE78
:10ADF0000BFA74BF31A094BE080971BFD47CACBEFD
:10AE00005E836CBF15EFC3BED86B67BF80E8DABE48
:10AE100098C561BFEA5AF1BE1A945BBF3D9C03BF5F
:10AE200031DB54BFDA390EBF029F4DBFC07F18BF60
:10AE300003E445BF996722BFF9AE3DBF4AEB2BBF84
:10AE4000F30435BFF30435BF4AEB2BBFF9AE3DBF6A
:10AE5000996722BF03E445BFC07F18BF029F4DBF63
:10AE6000DA390EBF31DB54BF3D9C03BF1A945BBF80
:10AE7000EA5AF1BE98C561BF80E8DABED86B67BFF9
:10AE800015EFC3BE5E836CBFD47CACBE080971BF36
:10AE900031A094BE0BFA74BFCCCF78BEF85378BF04
:10AEA000C2C547BEBE147BBF834016BEAC3A7DBF51
:10AEB00036BDC8BD6DC47EBF2FFB48BD0FB17FBF7F
:10AEC00000000080000080BF2FFB483D0FB17FBF16
:10AED00036BDC83D6DC47EBF8340163EAC3A7DBFD3
:10AEE000C2C5473EBE147BBFCCCF783EF85378BF77
:10AEF00031A0943E0BFA74BFD47CAC3E080971BFFC
:10AF000015EFC33E5E836CBF80E8DA3ED86B67BF47
:10AF1000EA5AF13E98C561BF3D9C033F1A945BBF5E
:10AF2000DA390E3F31DB54BFC07F183F029F4DBF5F
:10AF30009967223F03E445BF4AEB2B3FF9AE3DBF83
:10AF4000F304353FF30435BFF9AE3D3F4AEB2BBF69
:10AF500003E4453F996722BF029F4D3FC07F18BF62
:10AF600031DB543FDA390EBF1A945B3F3D9C03BF7F
:10AF700098C5613FEA5AF1BED86B673F80E8DABEF8
:10AF80005E836C3F15EFC3BE0809713FD47CACBE35
:10AF90000BFA743F31A094BEF853783FCCCF78BE03
:10AFA000BE147B3FC2C547BEAC3A7D3F834016BE50
:10AFB0006DC47E3F36BDC8BD0FB17F3F2FFB48BD7E
:10AFC0000000803F000000005E836C3F15EFC33E31
:10AFD000F304353FF304353F15EFC33E5E836C3F0A
:10AFE000000000000000803F15EFC3BE5E836C3F91
:10AFF000F30435BFF304353F5E836CBF15EFC33EEA
:10B00000000080BF000000005E836CBF15EFC3BE70
:10B01000F30435BFF30435BF15EFC3BE5E836CBFC9
:10B0200000000080000080BF15EFC33E5E836CBF50
:10B03000F304353FF30435BF5E836C3F15EFC3BEA9
:10B040000000803F00000000B1FF7F3FC70F493B79
:10B05000C4FE7F3F890FC93B39FD7F3F59CB163C6A
:10B0600011FB7F3F900E493C4AF87F3F4B517B3CA0
:10B07000E6F47F3FB6C9963CE3F07F3F69EAAF3C18
:10B0800043EC7F3FB00AC93C05E77F3F7B2AE23CA7
:10B0900029E17F3FB949FB3CAFDA7F3F2F340A3DBE
:10B0A00098D37F3F2CC3163DE2CB7F3FCC51233D4D
:10B0B0008FC37F3F07E02F3D9EBA7F3FD56D3C3D5C
:10B0C0000FB17F3F2FFB483DE3A67F3F0E88553DE4
:10B0D000189C7F3F6814623DB1907F3F38A06E3D61
:10B0E000AB847F3F742B7B3D08787F3F0ADB833D39
:10B0F000C76A7F3F0A208A3DE95C7F3FB464903D88
:10B100006D4E7F3F05A9963D543F7F3FF9EC9C3D36
:10B110009D2F7F3F8C30A33D491F7F3FBA73A93DD0
:10B12000580E7F3F80B6AF3DC9FC7E3FDAF8B53D93
:10B130009DEA7E3FC33ABC3DD4D77E3F397CC23DB9
:10B140006DC47E3F36BDC83D69B07E3FB7FDCE3D84
:10B15000C99B7E3FB93DD53D8B867E3F377DDB3D2C
:10B16000B0707E3F2EBCE13D385A7E3F9AFAE73DF3
:10B1700023437E3F7638EE3D722B7E3FC075F43D13
:10B1800024137E3F73B2FA3D38FA7D3F4577003E87
:10B19000B1E07D3F0295033E8CC67D3F6EB2063E18
:10B1A000CCAB7D3F86CF093E6E907D3F4AEC0C3E96
:10B1B00074747D3FB708103EDE577D3FCA24133EAE
:10B1C000AC3A7D3F8340163EDD1C7D3FE05B193E7F
:10B1D00073FE7C3FDE761C3E6CDF7C3F7B911F3E26
:10B1E000C9BF7C3FB6AB223E8A9F7C3F8CC5253EC3
:10B1F000B07E7C3FFCDE283E3A5D7C3F04F82B3E6F
:10B20000283B7C3FA2102F3E7A187C3FD428323E48
:10B2100031F57B3F9840353E4DD17B3FEC57383E72
:10B22000CDAC7B3FCF6E3B3EB2877B3F3E853E3E03
:10B23000FC617B3F379B413EAB3B7B3FB9B0443E1B
:10B24000BE147B3FC2C5473E37ED7A3F4FDA4A3ED8
:10B2500016C57A3F60EE4D3E599C7A3FF101513E52
:10B2600002737A3F0115543E10497A3F8F27573EAB
:10B27000841E7A3F97395A3E5EF3793F1A4B5D3E02
:10B280009DC7793F135C603E439B793F836C633E6F
:10B290004E6E793F667C663EC040793FBA8B693E10
:10B2A0009812793F7F9A6C3ED6E3783FB2A86F3E02
:10B2B0007BB4783F51B6723E8684783F5AC3753E60
:10B2C000F853783FCCCF783ED122783FA4DB7B3E49
:10B2D00010F1773FE1E67E3EB7BE773FC0F8803E93
:10B2E000C58B773FC07D823E3A58773F7002843EDF
:10B2F0001724773FCE86853E5BEF763FDA0A873E9E
:10B3000007BA763F938E883E1B84763FF8118A3EBB
:10B31000974D763F07958B3E7A16763FC0178D3E48
:10B32000C6DE753F229A8E3E7BA6753F2C1C903E52
:10B33000976D753FDD9D913E1D34753F351F933EE2
:10B340000BFA743F31A0943E62BF743FD220963E08
:10B350002284743F17A1973E4B48743FFE20993ECC
:10B36000DD0B743F86A09A3ED9CE733FAF1F9C3E43
:10B370003F91733F789E9D3E0E53733FDF1C9F3E6F
:10B380004714733FE59AA03EEBD4723F8718A23E64
:10B39000F894723FC595A33E7054723F9F12A53E2C
:10B3A0005213723F128FA63E9FD1713F1F0BA83ED2
:10B3B000578F713FC486A93E7A4C713F0102AB3E64
:10B3C0000809713FD47CAC3E02C5703F3CF7AD3EEE
:10B3D0006680703F3A71AF3E373B703FCBEAB03E7C
:10B3E00073F56F3FEF63B23E1BAF6F3FA5DCB33E1B
:10B3F00030686F3FEC54B53EB0206F3FC3CCB63ED3
:10B400009ED86E3F2A44B83EF88F6E3F1EBBB93EB1
:10B41000BE466E3FA031BB3EF2FC6D3FAFA7BC3EC7
:10B4200093B26D3F4A1DBE3EA1676D3F6F92BF3E16
:10B430001D1C6D3F1E07C13E07D06C3F557BC23EB1
:10B440005E836C3F15EFC33E24366C3F5C62C53EA5
:10B4500058E86B3F29D5C63EFB996B3F7C47C83EF9
:10B460000C4B6B3F53B9C93E8CFB6A3FAE2ACB3EB7
:10B470007BAB6A3F8B9BCC3ED95A6A3FEA0BCE3EF0
:10B48000A7096A3FCA7BCF3EE4B7693F2AEBD03EAB
:10B490009165693F095AD23EAE12693F67C8D33EF3
:10B4A0003CBF683F4136D53E396B683F99A3D63ED5
:10B4B000A816683F6B10D83E87C1673FB97CD93E5C
:10B4C000D86B673F80E8DA3E9915673FC153DC3E91
:10B4D000CCBE663F79BEDD3E7167663FA928DF3E80
:10B4E000880F663F4F92E03E10B7653F6AFBE13E32
:10B4F0000B5E653FFA63E33E7904653FFECBE43EB5
:10B5000059AA643F7533E63EAC4F643F5D9AE73E0F
:10B5100073F4633FB700E93EAC98633F8166EA3E4F
:10B520005A3C633FBBCBEB3E7BDF623F6330ED3E7B
:10B530001082623F7994EE3E1A24623FFBF7EF3EA1
:10B5400098C5613FEA5AF13E8A66613F43BDF23ECB
:10B55000F206613F071FF43ECFA6603F3580F53EFF
:10B560002146603FCBE0F63EE9E45F3FC840F83E4D
:10B5700027835F3F2DA0F93EDB205F3FF7FEFA3EB9
:10B5800005BE5E3F275DFC3EA65A5E3FBBBAFD3E50
:10B59000BEF65D3FB217FF3E4D925D3F063A003F5B
:10B5A000532D5D3FE4E7003FD1C75C3F7395013FFA
:10B5B000C7615C3FB142023F34FB5B3F9FEF023FFC
:10B5C0001A945B3F3D9C033F792C5B3F8948043FC5
:10B5D00050C45A3F84F4043FA05B5A3F2CA0053F5F
:10B5E0006AF2593F824B063FAD88593F86F6063FC7
:10B5F0006A1E593F36A1073FA1B3583F924B083FFF
:10B600005348583F9BF5083F7FDC573F4E9F093F0B
:10B610002670573FAD480A3F4803573FB7F10A3FEE
:10B62000E595563F6B9A0B3FFE27563FC9420C3FAC
:10B6300093B9553FD0EA0C3FA44A553F81920D3F44
:10B6400031DB543FDA390E3F3B6B543FDBE00E3FBA
:10B65000C3FA533F84870F3FC789533FD52D103F0F
:10B660004918533FCDD3103F49A6523F6B79113F44
:10B67000C633523FB01E123FC2C0513F9AC3123F61
:10B680003D4D513F2A68133F37D9503F5F0C143F5F
:10B69000AF64503F39B0143FA8EF4F3FB753153F49
:10B6A0001F7A4F3FD9F6153F17044F3F9F99163F1A
:10B6B000908D4E3F073C173F89164E3F12DE173FD5
:10B6C000029F4D3FC07F183FFD264D3F0F21193F80
:10B6D00079AE4C3F00C2193F78354C3F93621A3F18
:10B6E000F8BB4B3FC6021B3FFA414B3F99A21B3FA1
:10B6F0007FC74A3F0C421C3F874C4A3F1FE11C3F1B
:10B7000012D1493FD17F1D3F2155493F221E1E3F87
:10B71000B3D8483F12BC1E3FCA5B483F9F591F3FEA
:10B7200065DE473FCBF61F3F8560473F9393203F41
:10B730002AE2463FF92F213F5463463FFBCB213F8E
:10B7400003E4453F9967223F3964453FD302233FD5
:10B75000F5E3443FA99D233F3763443F1A38243F14
:10B7600000E2433F25D2243F5160433FCB6B253F4E
:10B7700029DE423F0A05263F895B423FE39D263F83
:10B7800070D8413F5636273FE154413F61CE273FB5
:10B79000DAD0403F0566283F5C4C403F41FD283FE2
:10B7A00067C73F3F1594293FFC413F3F802A2A3F0E
:10B7B0001BBC3E3F82C02A3FC5353E3F1B562B3F38
:10B7C000F9AE3D3F4AEB2B3FB8273D3F0F802C3F62
:10B7D00003A03C3F69142D3FD9173C3F59A82D3F8A
:10B7E0003B8F3B3FDE3B2E3F29063B3FF7CE2E3FB4
:10B7F000A47C3A3FA5612F3FACF2393FE6F32F3FDF
:10B800004268393FBB85303F65DD383F2217313F05
:10B810001652383F1DA8313F55C6373FAA38323F30
:10B82000233A373FC9C8323F7FAD363F7A58333F5E
:10B830006C20363FBCE7333FE792353F8F76343F8D
:10B84000F304353FF304353F8F76343FE792353FBD
:10B85000BCE7333F6C20363F7A58333F7FAD363FED
:10B86000C9C8323F233A373FAA38323F55C6373F1F
:10B870001DA8313F1652383F2217313F65DD383F52
:10B88000BB85303F4268393FE6F32F3FACF2393F8A
:10B89000A5612F3FA47C3A3FF7CE2E3F29063B3FC0
:10B8A000DE3B2E3F3B8F3B3F59A82D3FD9173C3FF6
:10B8B00069142D3F03A03C3F0F802C3FB8273D3F2C
:10B8C0004AEB2B3FF9AE3D3F1B562B3FC5353E3F64
:10B8D00082C02A3F1BBC3E3F802A2A3FFC413F3F9B
:10B8E0001594293F67C73F3F41FD283F5C4C403FCF
:10B8F0000566283FDAD0403F61CE273FE154413F03
:10B900005636273F70D8413FE39D263F895B423F33
:10B910000A05263F29DE423FCB6B253F5160433F5E
:10B9200025D2243F00E2433F1A38243F3763443F87
:10B93000A99D233FF5E3443FD302233F3964453FAC
:10B940009967223F03E4453FFBCB213F5463463FC9
:10B95000F92F213F2AE2463F9393203F8560473FDE
:10B96000CBF61F3F65DE473F9F591F3FCA5B483FED
:10B9700012BC1E3FB3D8483F221E1E3F2155493FEF
:10B98000D17F1D3F12D1493F1FE11C3F874C4A3FE9
:10B990000C421C3F7FC74A3F99A21B3FFA414B3FD5
:10B9A000C6021B3FF8BB4B3F93621A3F78354C3FB2
:10B9B00000C2193F79AE4C3F0F21193FFD264D3F84
:10B9C000C07F183F029F4D3F12DE173F89164E3F42
:10B9D000073C173F908D4E3F9F99163F17044F3FEE
:10B9E000D9F6153F1F7A4F3FB753153FA8EF4F3F8A
:10B9F00039B0143FAF64503F5F0C143F37D9503F0C
:10BA00002A68133F3D4D513F9AC3123FC2C0513F78
:10BA1000B01E123FC633523F6B79113F49A6523FC9
:10BA2000CDD3103F4918533FD52D103FC789533F01
:10BA300084870F3FC3FA533FDBE00E3F3B6B543F1D
:10BA4000DA390E3F31DB543F81920D3FA44A553F16
:10BA5000D0EA0C3F93B9553FC9420C3FFE27563FF1
:10BA60006B9A0B3FE595563FB7F10A3F4803573FA6
:10BA7000AD480A3F2670573F4E9F093F7FDC573F36
:10BA80009BF5083F5348583F924B083FA1B3583F9E
:10BA900036A1073F6A1E593F86F6063FAD88593FDB
:10BAA000824B063F6AF2593F2CA0053FA05B5A3FEC
:10BAB00084F4043F50C45A3F8948043F792C5B3FCB
:10BAC0003D9C033F1A945B3F9FEF023F34FB5B3F7B
:10BAD000B142023FC7615C3F7395013FD1C75C3FF4
:10BAE000E4E7003F532D5D3F063A003F4D925D3F36
:10BAF000B217FF3EBEF65D3FBBBAFD3EA65A5E3FA3
:10BB0000275DFC3E05BE5E3FF7FEFA3EDB205F3F51
:10BB10002DA0F93E27835F3FC840F83EE9E45F3F30
:10BB2000CBE0F63E2146603F3580F53ECFA6603F34
:10BB3000071FF43EF206613F43BDF23E8A66613F55
:10BB4000EA5AF13E98C5613FFBF7EF3E1A24623F87
:10BB50007994EE3E1082623F6330ED3E7BDF623FC0
:10BB6000BBCBEB3E5A3C633F8166EA3EAC98633FF9
:10BB7000B700E93E73F4633F5D9AE73EAC4F643F24
:10BB80007533E63E59AA643FFECBE43E7904653F37
:10BB9000FA63E33E0B5E653F6AFBE13E10B7653F2B
:10BBA0004F92E03E880F663FA928DF3E7167663FEF
:10BBB00079BEDD3ECCBE663FC153DC3E9915673F82
:10BBC00080E8DA3ED86B673FB97CD93E87C1673FD2
:10BBD0006B10D83EA816683F99A3D63E396B683FD4
:10BBE0004136D53E3CBF683F67C8D33EAE12693F81
:10BBF000095AD23E9165693F2AEBD03EE4B7693FCE
:10BC0000CA7BCF3EA7096A3FEA0BCE3ED95A6A3FAC
:10BC10008B9BCC3E7BAB6A3FAE2ACB3E8CFB6A3F14
:10BC200053B9C93E0C4B6B3F7C47C83EFB996B3FF9
:10BC300029D5C63E58E86B3F5C62C53E24366C3F52
:10BC400015EFC33E5E836C3F557BC23E07D06C3F11
:10BC50001E07C13E1D1C6D3F6F92BF3EA1676D3F29
:10BC60004A1DBE3E93B26D3FAFA7BC3EF2FC6D3F96
:10BC7000A031BB3EBE466E3F1EBBB93EF88F6E3F45
:10BC80002A44B83E9ED86E3FC3CCB63EB0206F3F2C
:10BC9000EC54B53E30686F3FA5DCB33E1BAF6F3F41
:10BCA000EF63B23E73F56F3FCBEAB03E373B703F78
:10BCB0003A71AF3E6680703F3CF7AD3E02C5703FC3
:10BCC000D47CAC3E0809713F0102AB3E7A4C713F17
:10BCD000C486A93E578F713F1F0BA83E9FD1713F6D
:10BCE000128FA63E5213723F9F12A53E7054723FB0
:10BCF000C595A33EF894723F8718A23EEBD4723FDD
:10BD0000E59AA03E4714733FDF1C9F3E0E53733FDE
:10BD1000789E9D3E3F91733FAF1F9C3ED9CE733FAF
:10BD200086A09A3EDD0B743FFE20993E4B48743F3F
:10BD300017A1973E2284743FD220963E62BF743F83
:10BD400031A0943E0BFA743F351F933E1D34753F6E
:10BD5000DD9D913E976D753F2C1C903E7BA6753FF7
:10BD6000229A8E3EC6DE753FC0178D3E7A16763F0C
:10BD700007958B3E974D763FF8118A3E1B84763FA0
:10BD8000938E883E07BA763FDA0A873E5BEF763FAE
:10BD9000CE86853E1724773F7002843E3A58773F1F
:10BDA000C07D823EC58B773FC0F8803EB7BE773FEF
:10BDB000E1E67E3E10F1773FA4DB7B3ED122783F67
:10BDC000CCCF783EF853783F5AC3753E8684783F8F
:10BDD00051B6723E7BB4783FB2A86F3ED6E3783F4F
:10BDE0007F9A6C3E9812793FBA8B693EC040793F8A
:10BDF000667C663E4E6E793F836C633E439B793F23
:10BE0000135C603E9DC7793F1A4B5D3E5EF3793F00
:10BE100097395A3E841E7A3F8F27573E10497A3F02
:10BE20000115543E02737A3FF101513E599C7A3F0D
:10BE300060EE4D3E16C57A3F4FDA4A3E37ED7A3F07
:10BE4000C2C5473EBE147B3FB9B0443EAB3B7B3FCF
:10BE5000379B413EFC617B3F3E853E3EB2877B3F48
:10BE6000CF6E3B3ECDAC7B3FEC57383E4DD17B3F58
:10BE70009840353E31F57B3FD428323E7A187C3FDE
:10BE8000A2102F3E283B7C3F04F82B3E3A5D7C3FBE
:10BE9000FCDE283EB07E7C3F8CC5253E8A9F7C3FE1
:10BEA000B6AB223EC9BF7C3F7B911F3E6CDF7C3F1F
:10BEB000DE761C3E73FE7C3FE05B193EDD1C7D3F61
:10BEC0008340163EAC3A7D3FCA24133EDE577D3F89
:10BED000B708103E74747D3F4AEC0C3E6E907D3F77
:10BEE00086CF093ECCAB7D3F6EB2063E8CC67D3F11
:10BEF0000295033EB1E07D3F4577003E38FA7D3F35
:10BF000073B2FA3D24137E3FC075F43D722B7E3F21
:10BF10007638EE3D23437E3F9AFAE73D385A7E3F1E
:10BF20002EBCE13DB0707E3F377DDB3D8B867E3F92
:10BF3000B93DD53DC99B7E3FB7FDCE3D69B07E3F43
:10BF400036BDC83D6DC47E3F397CC23DD4D77E3FEF
:10BF5000C33ABC3D9DEA7E3FDAF8B53DC9FC7E3F61
:10BF600080B6AF3D580E7F3FBA73A93D491F7F3F52
:10BF70008C30A33D9D2F7F3FF9EC9C3D543F7F3F8C
:10BF800005A9963D6D4E7F3FB464903DE95C7F3FCF
:10BF90000A208A3DC76A7F3F0ADB833D08787F3FDE
:10BFA000742B7B3DAB847F3F38A06E3DB1907F3FCB
:10BFB0006814623D189C7F3F0E88553DE3A67F3F85
:10BFC0002FFB483D0FB17F3FD56D3C3D9EBA7F3F73
:10BFD00007E02F3D8FC37F3FCC51233DE2CB7F3F16
:10BFE0002CC3163D98D37F3F2F340A3DAFDA7F3FF5
:10BFF000B949FB3C29E17F3F7B2AE23C05E77F3FD3
:10C00000B00AC93C43EC7F3F69EAAF3CE3F07F3FB5
:10C01000B6C9963CE6F47F3F4B517B3C4AF87F3FE4
:10C02000900E493C11FB7F3F59CB163C39FD7F3FB9
:10C03000890FC93BC4FE7F3FC70F493BB1FF7F3F1C
:10C04000000000000000803FC70F49BBB1FF7F3FE9
:10C05000890FC9BBC4FE7F3F59CB16BC39FD7F3F5A
:10C06000900E49BC11FB7F3F4B517BBC4AF87F3F90
:10C07000B6C996BCE6F47F3F69EAAFBCE3F07F3F08
:10C08000B00AC9BC43EC7F3F7B2AE2BC05E77F3F97
:10C09000B949FBBC29E17F3F2F340ABDAFDA7F3FAE
:10C0A0002CC316BD98D37F3FCC5123BDE2CB7F3F3D
:10C0B00007E02FBD8FC37F3FD56D3CBD9EBA7F3F4C
:10C0C0002FFB48BD0FB17F3F0E8855BDE3A67F3FD4
:10C0D000681462BD189C7F3F38A06EBDB1907F3F51
:10C0E000742B7BBDAB847F3F0ADB83BD08787F3F29
:10C0F0000A208ABDC76A7F3FB46490BDE95C7F3F78
:10C1000005A996BD6D4E7F3FF9EC9CBD543F7F3F26
:10C110008C30A3BD9D2F7F3FBA73A9BD491F7F3FC0
:10C1200080B6AFBD580E7F3FDAF8B5BDC9FC7E3F83
:10C13000C33ABCBD9DEA7E3F397CC2BDD4D77E3FA9
:10C1400036BDC8BD6DC47E3FB7FDCEBD69B07E3F74
:10C15000B93DD5BDC99B7E3F377DDBBD8B867E3F1C
:10C160002EBCE1BDB0707E3F9AFAE7BD385A7E3FE3
:10C170007638EEBD23437E3FC075F4BD722B7E3F03
:10C1800073B2FABD24137E3F457700BE38FA7D3F77
:10C19000029503BEB1E07D3F6EB206BE8CC67D3F08
:10C1A00086CF09BECCAB7D3F4AEC0CBE6E907D3F86
:10C1B000B70810BE74747D3FCA2413BEDE577D3F9E
:10C1C000834016BEAC3A7D3FE05B19BEDD1C7D3F6F
:10C1D000DE761CBE73FE7C3F7B911FBE6CDF7C3F16
:10C1E000B6AB22BEC9BF7C3F8CC525BE8A9F7C3FB3
:10C1F000FCDE28BEB07E7C3F04F82BBE3A5D7C3F5F
:10C20000A2102FBE283B7C3FD42832BE7A187C3F38
:10C21000984035BE31F57B3FEC5738BE4DD17B3F62
:10C22000CF6E3BBECDAC7B3F3E853EBEB2877B3FF3
:10C23000379B41BEFC617B3FB9B044BEAB3B7B3F0B
:10C24000C2C547BEBE147B3F4FDA4ABE37ED7A3FC8
:10C2500060EE4DBE16C57A3FF10151BE599C7A3F42
:10C26000011554BE02737A3F8F2757BE10497A3F9B
:10C2700097395ABE841E7A3F1A4B5DBE5EF3793FF2
:10C28000135C60BE9DC7793F836C63BE439B793F5F
:10C29000667C66BE4E6E793FBA8B69BEC040793F00
:10C2A0007F9A6CBE9812793FB2A86FBED6E3783FF2
:10C2B00051B672BE7BB4783F5AC375BE8684783F50
:10C2C000CCCF78BEF853783FA4DB7BBED122783F39
:10C2D000E1E67EBE10F1773FC0F880BEB7BE773F83
:10C2E000C07D82BEC58B773F700284BE3A58773FCF
:10C2F000CE8685BE1724773FDA0A87BE5BEF763F8E
:10C30000938E88BE07BA763FF8118ABE1B84763FAB
:10C3100007958BBE974D763FC0178DBE7A16763F38
:10C32000229A8EBEC6DE753F2C1C90BE7BA6753F42
:10C33000DD9D91BE976D753F351F93BE1D34753FD2
:10C3400031A094BE0BFA743FD22096BE62BF743FF8
:10C3500017A197BE2284743FFE2099BE4B48743FBC
:10C3600086A09ABEDD0B743FAF1F9CBED9CE733F33
:10C37000789E9DBE3F91733FDF1C9FBE0E53733F5F
:10C38000E59AA0BE4714733F8718A2BEEBD4723F54
:10C39000C595A3BEF894723F9F12A5BE7054723F1C
:10C3A000128FA6BE5213723F1F0BA8BE9FD1713FC2
:10C3B000C486A9BE578F713F0102ABBE7A4C713F54
:10C3C000D47CACBE0809713F3CF7ADBE02C5703FDE
:10C3D0003A71AFBE6680703FCBEAB0BE373B703F6C
:10C3E000EF63B2BE73F56F3FA5DCB3BE1BAF6F3F0B
:10C3F000EC54B5BE30686F3FC3CCB6BEB0206F3FC3
:10C400002A44B8BE9ED86E3F1EBBB9BEF88F6E3FA1
:10C41000A031BBBEBE466E3FAFA7BCBEF2FC6D3FB7
:10C420004A1DBEBE93B26D3F6F92BFBEA1676D3F06
:10C430001E07C1BE1D1C6D3F557BC2BE07D06C3FA1
:10C4400015EFC3BE5E836C3F5C62C5BE24366C3F95
:10C4500029D5C6BE58E86B3F7C47C8BEFB996B3FE9
:10C4600053B9C9BE0C4B6B3FAE2ACBBE8CFB6A3FA7
:10C470008B9BCCBE7BAB6A3FEA0BCEBED95A6A3FE0
:10C48000CA7BCFBEA7096A3F2AEBD0BEE4B7693F9B
:10C49000095AD2BE9165693F67C8D3BEAE12693FE3
:10C4A0004136D5BE3CBF683F99A3D6BE396B683FC5
:10C4B0006B10D8BEA816683FB97CD9BE87C1673F4C
:10C4C00080E8DABED86B673FC153DCBE9915673F81
:10C4D00079BEDDBECCBE663FA928DFBE7167663F70
:10C4E0004F92E0BE880F663F6AFBE1BE10B7653F22
:10C4F000FA63E3BE0B5E653FFECBE4BE7904653FA5
:10C500007533E6BE59AA643F5D9AE7BEAC4F643FFF
:10C51000B700E9BE73F4633F8166EABEAC98633F3F
:10C52000BBCBEBBE5A3C633F6330EDBE7BDF623F6B
:10C530007994EEBE1082623FFBF7EFBE1A24623F91
:10C54000EA5AF1BE98C5613F43BDF2BE8A66613FBB
:10C55000071FF4BEF206613F3580F5BECFA6603FEF
:10C56000CBE0F6BE2146603FC840F8BEE9E45F3F3D
:10C570002DA0F9BE27835F3FF7FEFABEDB205F3FA9
:10C58000275DFCBE05BE5E3FBBBAFDBEA65A5E3F40
:10C59000B217FFBEBEF65D3F063A00BF4D925D3F4B
:10C5A000E4E700BF532D5D3F739501BFD1C75C3FEA
:10C5B000B14202BFC7615C3F9FEF02BF34FB5B3FEC
:10C5C0003D9C03BF1A945B3F894804BF792C5B3FB5
:10C5D00084F404BF50C45A3F2CA005BFA05B5A3F4F
:10C5E000824B06BF6AF2593F86F606BFAD88593FB7
:10C5F00036A107BF6A1E593F924B08BFA1B3583FEF
:10C600009BF508BF5348583F4E9F09BF7FDC573FFB
:10C61000AD480ABF2670573FB7F10ABF4803573FDE
:10C620006B9A0BBFE595563FC9420CBFFE27563F9C
:10C63000D0EA0CBF93B9553F81920DBFA44A553F34
:10C64000DA390EBF31DB543FDBE00EBF3B6B543FAA
:10C6500084870FBFC3FA533FD52D10BFC789533FFF
:10C66000CDD310BF4918533F6B7911BF49A6523F34
:10C67000B01E12BFC633523F9AC312BFC2C0513F51
:10C680002A6813BF3D4D513F5F0C14BF37D9503F4F
:10C6900039B014BFAF64503FB75315BFA8EF4F3F39
:10C6A000D9F615BF1F7A4F3F9F9916BF17044F3F0A
:10C6B000073C17BF908D4E3F12DE17BF89164E3FC5
:10C6C000C07F18BF029F4D3F0F2119BFFD264D3F70
:10C6D00000C219BF79AE4C3F93621ABF78354C3F08
:10C6E000C6021BBFF8BB4B3F99A21BBFFA414B3F91
:10C6F0000C421CBF7FC74A3F1FE11CBF874C4A3F0B
:10C70000D17F1DBF12D1493F221E1EBF2155493F77
:10C7100012BC1EBFB3D8483F9F591FBFCA5B483FDA
:10C72000CBF61FBF65DE473F939320BF8560473F31
:10C73000F92F21BF2AE2463FFBCB21BF5463463F7E
:10C74000996722BF03E4453FD30223BF3964453FC5
:10C75000A99D23BFF5E3443F1A3824BF3763443F04
:10C7600025D224BF00E2433FCB6B25BF5160433F3E
:10C770000A0526BF29DE423FE39D26BF895B423F73
:10C78000563627BF70D8413F61CE27BFE154413FA5
:10C79000056628BFDAD0403F41FD28BF5C4C403FD2
:10C7A000159429BF67C73F3F802A2ABFFC413F3FFE
:10C7B00082C02ABF1BBC3E3F1B562BBFC5353E3F28
:10C7C0004AEB2BBFF9AE3D3F0F802CBFB8273D3F52
:10C7D00069142DBF03A03C3F59A82DBFD9173C3F7A
:10C7E000DE3B2EBF3B8F3B3FF7CE2EBF29063B3FA4
:10C7F000A5612FBFA47C3A3FE6F32FBFACF2393FCF
:10C80000BB8530BF4268393F221731BF65DD383FF5
:10C810001DA831BF1652383FAA3832BF55C6373F20
:10C82000C9C832BF233A373F7A5833BF7FAD363F4E
:10C83000BCE733BF6C20363F8F7634BFE792353F7D
:10C84000F30435BFF304353FE79235BF8F76343FAD
:10C850006C2036BFBCE7333F7FAD36BF7A58333FDD
:10C86000233A37BFC9C8323F55C637BFAA38323F0F
:10C87000165238BF1DA8313F65DD38BF2217313F42
:10C88000426839BFBB85303FACF239BFE6F32F3F7A
:10C89000A47C3ABFA5612F3F29063BBFF7CE2E3FB0
:10C8A0003B8F3BBFDE3B2E3FD9173CBF59A82D3FE6
:10C8B00003A03CBF69142D3FB8273DBF0F802C3F1C
:10C8C000F9AE3DBF4AEB2B3FC5353EBF1B562B3F54
:10C8D0001BBC3EBF82C02A3FFC413FBF802A2A3F8B
:10C8E00067C73FBF1594293F5C4C40BF41FD283FBF
:10C8F000DAD040BF0566283FE15441BF61CE273FF3
:10C9000070D841BF5636273F895B42BFE39D263F23
:10C9100029DE42BF0A05263F516043BFCB6B253F4E
:10C9200000E243BF25D2243F376344BF1A38243F77
:10C93000F5E344BFA99D233F396445BFD302233F9C
:10C9400003E445BF9967223F546346BFFBCB213FB9
:10C950002AE246BFF92F213F856047BF9393203FCE
:10C9600065DE47BFCBF61F3FCA5B48BF9F591F3FDD
:10C97000B3D848BF12BC1E3F215549BF221E1E3FDF
:10C9800012D149BFD17F1D3F874C4ABF1FE11C3FD9
:10C990007FC74ABF0C421C3FFA414BBF99A21B3FC5
:10C9A000F8BB4BBFC6021B3F78354CBF93621A3FA2
:10C9B00079AE4CBF00C2193FFD264DBF0F21193F74
:10C9C000029F4DBFC07F183F89164EBF12DE173F32
:10C9D000908D4EBF073C173F17044FBF9F99163FDE
:10C9E0001F7A4FBFD9F6153FA8EF4FBFB753153F7A
:10C9F000AF6450BF39B0143F37D950BF5F0C143FFC
:10CA00003D4D51BF2A68133FC2C051BF9AC3123F68
:10CA1000C63352BFB01E123F49A652BF6B79113FB9
:10CA2000491853BFCDD3103FC78953BFD52D103FF1
:10CA3000C3FA53BF84870F3F3B6B54BFDBE00E3F0D
:10CA400031DB54BFDA390E3FA44A55BF81920D3F06
:10CA500093B955BFD0EA0C3FFE2756BFC9420C3FE1
:10CA6000E59556BF6B9A0B3F480357BFB7F10A3F96
:10CA7000267057BFAD480A3F7FDC57BF4E9F093F26
:10CA8000534858BF9BF5083FA1B358BF924B083F8E
:10CA90006A1E59BF36A1073FAD8859BF86F6063FCB
:10CAA0006AF259BF824B063FA05B5ABF2CA0053FDC
:10CAB00050C45ABF84F4043F792C5BBF8948043FBB
:10CAC0001A945BBF3D9C033F34FB5BBF9FEF023F6B
:10CAD000C7615CBFB142023FD1C75CBF7395013FE4
:10CAE000532D5DBFE4E7003F4D925DBF063A003F26
:10CAF000BEF65DBFB217FF3EA65A5EBFBBBAFD3E93
:10CB000005BE5EBF275DFC3EDB205FBFF7FEFA3E41
:10CB100027835FBF2DA0F93EE9E45FBFC840F83E20
:10CB2000214660BFCBE0F63ECFA660BF3580F53E24
:10CB3000F20661BF071FF43E8A6661BF43BDF23E45
:10CB400098C561BFEA5AF13E1A2462BFFBF7EF3E77
:10CB5000108262BF7994EE3E7BDF62BF6330ED3EB0
:10CB60005A3C63BFBBCBEB3EAC9863BF8166EA3EE9
:10CB700073F463BFB700E93EAC4F64BF5D9AE73E14
:10CB800059AA64BF7533E63E790465BFFECBE43E27
:10CB90000B5E65BFFA63E33E10B765BF6AFBE13E1B
:10CBA000880F66BF4F92E03E716766BFA928DF3EDF
:10CBB000CCBE66BF79BEDD3E991567BFC153DC3E72
:10CBC000D86B67BF80E8DA3E87C167BFB97CD93EC2
:10CBD000A81668BF6B10D83E396B68BF99A3D63EC4
:10CBE0003CBF68BF4136D53EAE1269BF67C8D33E71
:10CBF000916569BF095AD23EE4B769BF2AEBD03EBE
:10CC0000A7096ABFCA7BCF3ED95A6ABFEA0BCE3E9C
:10CC10007BAB6ABF8B9BCC3E8CFB6ABFAE2ACB3E04
:10CC20000C4B6BBF53B9C93EFB996BBF7C47C83EE9
:10CC300058E86BBF29D5C63E24366CBF5C62C53E42
:10CC40005E836CBF15EFC33E07D06CBF557BC23E01
:10CC50001D1C6DBF1E07C13EA1676DBF6F92BF3E19
:10CC600093B26DBF4A1DBE3EF2FC6DBFAFA7BC3E86
:10CC7000BE466EBFA031BB3EF88F6EBF1EBBB93E35
:10CC80009ED86EBF2A44B83EB0206FBFC3CCB63E1C
:10CC900030686FBFEC54B53E1BAF6FBFA5DCB33E31
:10CCA00073F56FBFEF63B23E373B70BFCBEAB03E68
:10CCB000668070BF3A71AF3E02C570BF3CF7AD3EB3
:10CCC000080971BFD47CAC3E7A4C71BF0102AB3E07
:10CCD000578F71BFC486A93E9FD171BF1F0BA83E5D
:10CCE000521372BF128FA63E705472BF9F12A53EA0
:10CCF000F89472BFC595A33EEBD472BF8718A23ECD
:10CD0000471473BFE59AA03E0E5373BFDF1C9F3ECE
:10CD10003F9173BF789E9D3ED9CE73BFAF1F9C3E9F
:10CD2000DD0B74BF86A09A3E4B4874BFFE20993E2F
:10CD3000228474BF17A1973E62BF74BFD220963E73
:10CD40000BFA74BF31A0943E1D3475BF351F933E5E
:10CD5000976D75BFDD9D913E7BA675BF2C1C903EE7
:10CD6000C6DE75BF229A8E3E7A1676BFC0178D3EFC
:10CD7000974D76BF07958B3E1B8476BFF8118A3E90
:10CD800007BA76BF938E883E5BEF76BFDA0A873E9E
:10CD9000172477BFCE86853E3A5877BF7002843E0F
:10CDA000C58B77BFC07D823EB7BE77BFC0F8803EDF
:10CDB00010F177BFE1E67E3ED12278BFA4DB7B3E57
:10CDC000F85378BFCCCF783E868478BF5AC3753E7F
:10CDD0007BB478BF51B6723ED6E378BFB2A86F3E3F
:10CDE000981279BF7F9A6C3EC04079BFBA8B693E7A
:10CDF0004E6E79BF667C663E439B79BF836C633E13
:10CE00009DC779BF135C603E5EF379BF1A4B5D3EF0
:10CE1000841E7ABF97395A3E10497ABF8F27573EF2
:10CE200002737ABF0115543E599C7ABFF101513EFD
:10CE300016C57ABF60EE4D3E37ED7ABF4FDA4A3EF7
:10CE4000BE147BBFC2C5473EAB3B7BBFB9B0443EBF
:10CE5000FC617BBF379B413EB2877BBF3E853E3E38
:10CE6000CDAC7BBFCF6E3B3E4DD17BBFEC57383E48
:10CE700031F57BBF9840353E7A187CBFD428323ECE
:10CE8000283B7CBFA2102F3E3A5D7CBF04F82B3EAE
:10CE9000B07E7CBFFCDE283E8A9F7CBF8CC5253ED1
:10CEA000C9BF7CBFB6AB223E6CDF7CBF7B911F3E0F
:10CEB00073FE7CBFDE761C3EDD1C7DBFE05B193E51
:10CEC000AC3A7DBF8340163EDE577DBFCA24133E79
:10CED00074747DBFB708103E6E907DBF4AEC0C3E67
:10CEE000CCAB7DBF86CF093E8CC67DBF6EB2063E01
:10CEF000B1E07DBF0295033E38FA7DBF4577003E25
:10CF000024137EBF73B2FA3D722B7EBFC075F43D11
:10CF100023437EBF7638EE3D385A7EBF9AFAE73D0E
:10CF2000B0707EBF2EBCE13D8B867EBF377DDB3D82
:10CF3000C99B7EBFB93DD53D69B07EBFB7FDCE3D33
:10CF40006DC47EBF36BDC83DD4D77EBF397CC23DDF
:10CF50009DEA7EBFC33ABC3DC9FC7EBFDAF8B53D51
:10CF6000580E7FBF80B6AF3D491F7FBFBA73A93D42
:10CF70009D2F7FBF8C30A33D543F7FBFF9EC9C3D7C
:10CF80006D4E7FBF05A9963DE95C7FBFB464903DBF
:10CF9000C76A7FBF0A208A3D08787FBF0ADB833DCE
:10CFA000AB847FBF742B7B3DB1907FBF38A06E3DBB
:10CFB000189C7FBF6814623DE3A67FBF0E88553D75
:10CFC0000FB17FBF2FFB483D9EBA7FBFD56D3C3D63
:10CFD0008FC37FBF07E02F3DE2CB7FBFCC51233D06
:10CFE00098D37FBF2CC3163DAFDA7FBF2F340A3DE5
:10CFF00029E17FBFB949FB3C05E77FBF7B2AE23CC3
:10D0000043EC7FBFB00AC93CE3F07FBF69EAAF3CA5
:10D01000E6F47FBFB6C9963C4AF87FBF4B517B3CD4
:10D0200011FB7FBF900E493C39FD7FBF59CB163CA9
:10D03000C4FE7FBF890FC93BB1FF7FBFC70F493B0C
:10D04000000080BF00000000B1FF7FBFC70F49BBD9
:10D05000C4FE7FBF890FC9BB39FD7FBF59CB16BC4A
:10D0600011FB7FBF900E49BC4AF87FBF4B517BBC80
:10D07000E6F47FBFB6C996BCE3F07FBF69EAAFBCF8
:10D0800043EC7FBFB00AC9BC05E77FBF7B2AE2BC87
:10D0900029E17FBFB949FBBCAFDA7FBF2F340ABD9E
:10D0A00098D37FBF2CC316BDE2CB7FBFCC5123BD2D
:10D0B0008FC37FBF07E02FBD9EBA7FBFD56D3CBD3C
:10D0C0000FB17FBF2FFB48BDE3A67FBF0E8855BDC4
:10D0D000189C7FBF681462BDB1907FBF38A06EBD41
:10D0E000AB847FBF742B7BBD08787FBF0ADB83BD19
:10D0F000C76A7FBF0A208ABDE95C7FBFB46490BD68
:10D100006D4E7FBF05A996BD543F7FBFF9EC9CBD16
:10D110009D2F7FBF8C30A3BD491F7FBFBA73A9BDB0
:10D12000580E7FBF80B6AFBDC9FC7EBFDAF8B5BD73
:10D130009DEA7EBFC33ABCBDD4D77EBF397CC2BD99
:10D140006DC47EBF36BDC8BD69B07EBFB7FDCEBD64
:10D15000C99B7EBFB93DD5BD8B867EBF377DDBBD0C
:10D16000B0707EBF2EBCE1BD385A7EBF9AFAE7BDD3
:10D1700023437EBF7638EEBD722B7EBFC075F4BDF3
:10D1800024137EBF73B2FABD38FA7DBF457700BE67
:10D19000B1E07DBF029503BE8CC67DBF6EB206BEF8
:10D1A000CCAB7DBF86CF09BE6E907DBF4AEC0CBE76
:10D1B00074747DBFB70810BEDE577DBFCA2413BE8E
:10D1C000AC3A7DBF834016BEDD1C7DBFE05B19BE5F
:10D1D00073FE7CBFDE761CBE6CDF7CBF7B911FBE06
:10D1E000C9BF7CBFB6AB22BE8A9F7CBF8CC525BEA3
:10D1F000B07E7CBFFCDE28BE3A5D7CBF04F82BBE4F
:10D20000283B7CBFA2102FBE7A187CBFD42832BE28
:10D2100031F57BBF984035BE4DD17BBFEC5738BE52
:10D22000CDAC7BBFCF6E3BBEB2877BBF3E853EBEE3
:10D23000FC617BBF379B41BEAB3B7BBFB9B044BEFB
:10D24000BE147BBFC2C547BE37ED7ABF4FDA4ABEB8
:10D2500016C57ABF60EE4DBE599C7ABFF10151BE32
:10D2600002737ABF011554BE10497ABF8F2757BE8B
:10D27000841E7ABF97395ABE5EF379BF1A4B5DBEE2
:10D280009DC779BF135C60BE439B79BF836C63BE4F
:10D290004E6E79BF667C66BEC04079BFBA8B69BEF0
:10D2A000981279BF7F9A6CBED6E378BFB2A86FBEE2
:10D2B0007BB478BF51B672BE868478BF5AC375BE40
:10D2C000F85378BFCCCF78BED12278BFA4DB7BBE29
:10D2D00010F177BFE1E67EBEB7BE77BFC0F880BE73
:10D2E000C58B77BFC07D82BE3A5877BF700284BEBF
:10D2F000172477BFCE8685BE5BEF76BFDA0A87BE7E
:10D3000007BA76BF938E88BE1B8476BFF8118ABE9B
:10D31000974D76BF07958BBE7A1676BFC0178DBE28
:10D32000C6DE75BF229A8EBE7BA675BF2C1C90BE32
:10D33000976D75BFDD9D91BE1D3475BF351F93BEC2
:10D340000BFA74BF31A094BE62BF74BFD22096BEE8
:10D35000228474BF17A197BE4B4874BFFE2099BEAC
:10D36000DD0B74BF86A09ABED9CE73BFAF1F9CBE23
:10D370003F9173BF789E9DBE0E5373BFDF1C9FBE4F
:10D38000471473BFE59AA0BEEBD472BF8718A2BE44
:10D39000F89472BFC595A3BE705472BF9F12A5BE0C
:10D3A000521372BF128FA6BE9FD171BF1F0BA8BEB2
:10D3B000578F71BFC486A9BE7A4C71BF0102ABBE44
:10D3C000080971BFD47CACBE02C570BF3CF7ADBECE
:10D3D000668070BF3A71AFBE373B70BFCBEAB0BE5C
:10D3E00073F56FBFEF63B2BE1BAF6FBFA5DCB3BEFB
:10D3F00030686FBFEC54B5BEB0206FBFC3CCB6BEB3
:10D400009ED86EBF2A44B8BEF88F6EBF1EBBB9BE91
:10D41000BE466EBFA031BBBEF2FC6DBFAFA7BCBEA7
:10D4200093B26DBF4A1DBEBEA1676DBF6F92BFBEF6
:10D430001D1C6DBF1E07C1BE07D06CBF557BC2BE91
:10D440005E836CBF15EFC3BE24366CBF5C62C5BE85
:10D4500058E86BBF29D5C6BEFB996BBF7C47C8BED9
:10D460000C4B6BBF53B9C9BE8CFB6ABFAE2ACBBE97
:10D470007BAB6ABF8B9BCCBED95A6ABFEA0BCEBED0
:10D48000A7096ABFCA7BCFBEE4B769BF2AEBD0BE8B
:10D49000916569BF095AD2BEAE1269BF67C8D3BED3
:10D4A0003CBF68BF4136D5BE396B68BF99A3D6BEB5
:10D4B000A81668BF6B10D8BE87C167BFB97CD9BE3C
:10D4C000D86B67BF80E8DABE991567BFC153DCBE71
:10D4D000CCBE66BF79BEDDBE716766BFA928DFBE60
:10D4E000880F66BF4F92E0BE10B765BF6AFBE1BE12
:10D4F0000B5E65BFFA63E3BE790465BFFECBE4BE95
:10D5000059AA64BF7533E6BEAC4F64BF5D9AE7BEEF
:10D5100073F463BFB700E9BEAC9863BF8166EABE2F
:10D520005A3C63BFBBCBEBBE7BDF62BF6330EDBE5B
:10D53000108262BF7994EEBE1A2462BFFBF7EFBE81
:10D5400098C561BFEA5AF1BE8A6661BF43BDF2BEAB
:10D55000F20661BF071FF4BECFA660BF3580F5BEDF
:10D56000214660BFCBE0F6BEE9E45FBFC840F8BE2D
:10D5700027835FBF2DA0F9BEDB205FBFF7FEFABE99
:10D5800005BE5EBF275DFCBEA65A5EBFBBBAFDBE30
:10D59000BEF65DBFB217FFBE4D925DBF063A00BF3B
:10D5A000532D5DBFE4E700BFD1C75CBF739501BFDA
:10D5B000C7615CBFB14202BF34FB5BBF9FEF02BFDC
:10D5C0001A945BBF3D9C03BF792C5BBF894804BFA5
:10D5D00050C45ABF84F404BFA05B5ABF2CA005BF3F
:10D5E0006AF259BF824B06BFAD8859BF86F606BFA7
:10D5F0006A1E59BF36A107BFA1B358BF924B08BFDF
:10D60000534858BF9BF508BF7FDC57BF4E9F09BFEB
:10D61000267057BFAD480ABF480357BFB7F10ABFCE
:10D62000E59556BF6B9A0BBFFE2756BFC9420CBF8C
:10D6300093B955BFD0EA0CBFA44A55BF81920DBF24
:10D6400031DB54BFDA390EBF3B6B54BFDBE00EBF9A
:10D65000C3FA53BF84870FBFC78953BFD52D10BFEF
:10D66000491853BFCDD310BF49A652BF6B7911BF24
:10D67000C63352BFB01E12BFC2C051BF9AC312BF41
:10D680003D4D51BF2A6813BF37D950BF5F0C14BF3F
:10D69000AF6450BF39B014BFA8EF4FBFB75315BF29
:10D6A0001F7A4FBFD9F615BF17044FBF9F9916BFFA
:10D6B000908D4EBF073C17BF89164EBF12DE17BFB5
:10D6C000029F4DBFC07F18BFFD264DBF0F2119BF60
:10D6D00079AE4CBF00C219BF78354CBF93621ABFF8
:10D6E000F8BB4BBFC6021BBFFA414BBF99A21BBF81
:10D6F0007FC74ABF0C421CBF874C4ABF1FE11CBFFB
:10D7000012D149BFD17F1DBF215549BF221E1EBF67
:10D71000B3D848BF12BC1EBFCA5B48BF9F591FBFCA
:10D7200065DE47BFCBF61FBF856047BF939320BF21
:10D730002AE246BFF92F21BF546346BFFBCB21BF6E
:10D7400003E445BF996722BF396445BFD30223BFB5
:10D75000F5E344BFA99D23BF376344BF1A3824BFF4
:10D7600000E243BF25D224BF516043BFCB6B25BF2E
:10D7700029DE42BF0A0526BF895B42BFE39D26BF63
:10D7800070D841BF563627BFE15441BF61CE27BF95
:10D79000DAD040BF056628BF5C4C40BF41FD28BFC2
:10D7A00067C73FBF159429BFFC413FBF802A2ABFEE
:10D7B0001BBC3EBF82C02ABFC5353EBF1B562BBF18
:10D7C000F9AE3DBF4AEB2BBFB8273DBF0F802CBF42
:10D7D00003A03CBF69142DBFD9173CBF59A82DBF6A
:10D7E0003B8F3BBFDE3B2EBF29063BBFF7CE2EBF94
:10D7F000A47C3ABFA5612FBFACF239BFE6F32FBFBF
:10D80000426839BFBB8530BF65DD38BF221731BFE5
:10D81000165238BF1DA831BF55C637BFAA3832BF10
:10D82000233A37BFC9C832BF7FAD36BF7A5833BF3E
:10D830006C2036BFBCE733BFE79235BF8F7634BF6D
:10D84000F30435BFF30435BF8F7634BFE79235BF9D
:10D85000BCE733BF6C2036BF7A5833BF7FAD36BFCD
:10D86000C9C832BF233A37BFAA3832BF55C637BFFF
:10D870001DA831BF165238BF221731BF65DD38BF32
:10D88000BB8530BF426839BFE6F32FBFACF239BF6A
:10D89000A5612FBFA47C3ABFF7CE2EBF29063BBFA0
:10D8A000DE3B2EBF3B8F3BBF59A82DBFD9173CBFD6
:10D8B00069142DBF03A03CBF0F802CBFB8273DBF0C
:10D8C0004AEB2BBFF9AE3DBF1B562BBFC5353EBF44
:10D8D00082C02ABF1BBC3EBF802A2ABFFC413FBF7B
:10D8E000159429BF67C73FBF41FD28BF5C4C40BFAF
:10D8F000056628BFDAD040BF61CE27BFE15441BFE3
:10D90000563627BF70D841BFE39D26BF895B42BF13
:10D910000A0526BF29DE42BFCB6B25BF516043BF3E
:10D9200025D224BF00E243BF1A3824BF376344BF67
:10D93000A99D23BFF5E344BFD30223BF396445BF8C
:10D94000996722BF03E445BFFBCB21BF546346BFA9
:10D95000F92F21BF2AE246BF939320BF856047BFBE
:10D96000CBF61FBF65DE47BF9F591FBFCA5B48BFCD
:10D9700012BC1EBFB3D848BF221E1EBF215549BFCF
:10D98000D17F1DBF12D149BF1FE11CBF874C4ABFC9
:10D990000C421CBF7FC74ABF99A21BBFFA414BBFB5
:10D9A000C6021BBFF8BB4BBF93621ABF78354CBF92
:10D9B00000C219BF79AE4CBF0F2119BFFD264DBF64
:10D9C000C07F18BF029F4DBF12DE17BF89164EBF22
:10D9D000073C17BF908D4EBF9F9916BF17044FBFCE
:10D9E000D9F615BF1F7A4FBFB75315BFA8EF4FBF6A
:10D9F00039B014BFAF6450BF5F0C14BF37D950BFEC
:10DA00002A6813BF3D4D51BF9AC312BFC2C051BF58
:10DA1000B01E12BFC63352BF6B7911BF49A652BFA9
:10DA2000CDD310BF491853BFD52D10BFC78953BFE1
:10DA300084870FBFC3FA53BFDBE00EBF3B6B54BFFD
:10DA4000DA390EBF31DB54BF81920DBFA44A55BFF6
:10DA5000D0EA0CBF93B955BFC9420CBFFE2756BFD1
:10DA60006B9A0BBFE59556BFB7F10ABF480357BF86
:10DA7000AD480ABF267057BF4E9F09BF7FDC57BF16
:10DA80009BF508BF534858BF924B08BFA1B358BF7E
:10DA900036A107BF6A1E59BF86F606BFAD8859BFBB
:10DAA000824B06BF6AF259BF2CA005BFA05B5ABFCC
:10DAB00084F404BF50C45ABF894804BF792C5BBFAB
:10DAC0003D9C03BF1A945BBF9FEF02BF34FB5BBF5B
:10DAD000B14202BFC7615CBF739501BFD1C75CBFD4
:10DAE000E4E700BF532D5DBF063A00BF4D925DBF16
:10DAF000B217FFBEBEF65DBFBBBAFDBEA65A5EBF83
:10DB0000275DFCBE05BE5EBFF7FEFABEDB205FBF31
:10DB10002DA0F9BE27835FBFC840F8BEE9E45FBF10
:10DB2000CBE0F6BE214660BF3580F5BECFA660BF14
:10DB3000071FF4BEF20661BF43BDF2BE8A6661BF35
:10DB4000EA5AF1BE98C561BFFBF7EFBE1A2462BF67
:10DB50007994EEBE108262BF6330EDBE7BDF62BFA0
:10DB6000BBCBEBBE5A3C63BF8166EABEAC9863BFD9
:10DB7000B700E9BE73F463BF5D9AE7BEAC4F64BF04
:10DB80007533E6BE59AA64BFFECBE4BE790465BF17
:10DB9000FA63E3BE0B5E65BF6AFBE1BE10B765BF0B
:10DBA0004F92E0BE880F66BFA928DFBE716766BFCF
:10DBB00079BEDDBECCBE66BFC153DCBE991567BF62
:10DBC00080E8DABED86B67BFB97CD9BE87C167BFB2
:10DBD0006B10D8BEA81668BF99A3D6BE396B68BFB4
:10DBE0004136D5BE3CBF68BF67C8D3BEAE1269BF61
:10DBF000095AD2BE916569BF2AEBD0BEE4B769BFAE
:10DC0000CA7BCFBEA7096ABFEA0BCEBED95A6ABF8C
:10DC10008B9BCCBE7BAB6ABFAE2ACBBE8CFB6ABFF4
:10DC200053B9C9BE0C4B6BBF7C47C8BEFB996BBFD9
:10DC300029D5C6BE58E86BBF5C62C5BE24366CBF32
:10DC400015EFC3BE5E836CBF557BC2BE07D06CBFF1
:10DC50001E07C1BE1D1C6DBF6F92BFBEA1676DBF09
:10DC60004A1DBEBE93B26DBFAFA7BCBEF2FC6DBF76
:10DC7000A031BBBEBE466EBF1EBBB9BEF88F6EBF25
:10DC80002A44B8BE9ED86EBFC3CCB6BEB0206FBF0C
:10DC9000EC54B5BE30686FBFA5DCB3BE1BAF6FBF21
:10DCA000EF63B2BE73F56FBFCBEAB0BE373B70BF58
:10DCB0003A71AFBE668070BF3CF7ADBE02C570BFA3
:10DCC000D47CACBE080971BF0102ABBE7A4C71BFF7
:10DCD000C486A9BE578F71BF1F0BA8BE9FD171BF4D
:10DCE000128FA6BE521372BF9F12A5BE705472BF90
:10DCF000C595A3BEF89472BF8718A2BEEBD472BFBD
:10DD0000E59AA0BE471473BFDF1C9FBE0E5373BFBE
:10DD1000789E9DBE3F9173BFAF1F9CBED9CE73BF8F
:10DD200086A09ABEDD0B74BFFE2099BE4B4874BF1F
:10DD300017A197BE228474BFD22096BE62BF74BF63
:10DD400031A094BE0BFA74BF351F93BE1D3475BF4E
:10DD5000DD9D91BE976D75BF2C1C90BE7BA675BFD7
:10DD6000229A8EBEC6DE75BFC0178DBE7A1676BFEC
:10DD700007958BBE974D76BFF8118ABE1B8476BF80
:10DD8000938E88BE07BA76BFDA0A87BE5BEF76BF8E
:10DD9000CE8685BE172477BF700284BE3A5877BFFF
:10DDA000C07D82BEC58B77BFC0F880BEB7BE77BFCF
:10DDB000E1E67EBE10F177BFA4DB7BBED12278BF47
:10DDC000CCCF78BEF85378BF5AC375BE868478BF6F
:10DDD00051B672BE7BB478BFB2A86FBED6E378BF2F
:10DDE0007F9A6CBE981279BFBA8B69BEC04079BF6A
:10DDF000667C66BE4E6E79BF836C63BE439B79BF03
:10DE0000135C60BE9DC779BF1A4B5DBE5EF379BFE0
:10DE100097395ABE841E7ABF8F2757BE10497ABFE2
:10DE2000011554BE02737ABFF10151BE599C7ABFED
:10DE300060EE4DBE16C57ABF4FDA4ABE37ED7ABFE7
:10DE4000C2C547BEBE147BBFB9B044BEAB3B7BBFAF
:10DE5000379B41BEFC617BBF3E853EBEB2877BBF28
:10DE6000CF6E3BBECDAC7BBFEC5738BE4DD17BBF38
:10DE7000984035BE31F57BBFD42832BE7A187CBFBE
:10DE8000A2102FBE283B7CBF04F82BBE3A5D7CBF9E
:10DE9000FCDE28BEB07E7CBF8CC525BE8A9F7CBFC1
:10DEA000B6AB22BEC9BF7CBF7B911FBE6CDF7CBFFF
:10DEB000DE761CBE73FE7CBFE05B19BEDD1C7DBF41
:10DEC000834016BEAC3A7DBFCA2413BEDE577DBF69
:10DED000B70810BE74747DBF4AEC0CBE6E907DBF57
:10DEE00086CF09BECCAB7DBF6EB206BE8CC67DBFF1
:10DEF000029503BEB1E07DBF457700BE38FA7DBF15
:10DF000073B2FABD24137EBFC075F4BD722B7EBF01
:10DF10007638EEBD23437EBF9AFAE7BD385A7EBFFE
:10DF20002EBCE1BDB0707EBF377DDBBD8B867EBF72
:10DF3000B93DD5BDC99B7EBFB7FDCEBD69B07EBF23
:10DF400036BDC8BD6DC47EBF397CC2BDD4D77EBFCF
:10DF5000C33ABCBD9DEA7EBFDAF8B5BDC9FC7EBF41
:10DF600080B6AFBD580E7FBFBA73A9BD491F7FBF32
:10DF70008C30A3BD9D2F7FBFF9EC9CBD543F7FBF6C
:10DF800005A996BD6D4E7FBFB46490BDE95C7FBFAF
:10DF90000A208ABDC76A7FBF0ADB83BD08787FBFBE
:10DFA000742B7BBDAB847FBF38A06EBDB1907FBFAB
:10DFB000681462BD189C7FBF0E8855BDE3A67FBF65
:10DFC0002FFB48BD0FB17FBFD56D3CBD9EBA7FBF53
:10DFD00007E02FBD8FC37FBFCC5123BDE2CB7FBFF6
:10DFE0002CC316BD98D37FBF2F340ABDAFDA7FBFD5
:10DFF000B949FBBC29E17FBF7B2AE2BC05E77FBFB3
:10E00000B00AC9BC43EC7FBF69EAAFBCE3F07FBF95
:10E01000B6C996BCE6F47FBF4B517BBC4AF87FBFC4
:10E02000900E49BC11FB7FBF59CB16BC39FD7FBF99
:10E03000890FC9BBC4FE7FBFC70F49BBB1FF7FBFFC
:10E0400000000080000080BFC70F493BB1FF7FBFC9
:10E05000890FC93BC4FE7FBF59CB163C39FD7FBF3A
:10E06000900E493C11FB7FBF4B517B3C4AF87FBF70
:10E07000B6C9963CE6F47FBF69EAAF3CE3F07FBFE8
:10E08000B00AC93C43EC7FBF7B2AE23C05E77FBF77
:10E09000B949FB3C29E17FBF2F340A3DAFDA7FBF8E
:10E0A0002CC3163D98D37FBFCC51233DE2CB7FBF1D
:10E0B00007E02F3D8FC37FBFD56D3C3D9EBA7FBF2C
:10E0C0002FFB483D0FB17FBF0E88553DE3A67FBFB4
:10E0D0006814623D189C7FBF38A06E3DB1907FBF31
:10E0E000742B7B3DAB847FBF0ADB833D08787FBF09
:10E0F0000A208A3DC76A7FBFB464903DE95C7FBF58
:10E1000005A9963D6D4E7FBFF9EC9C3D543F7FBF06
:10E110008C30A33D9D2F7FBFBA73A93D491F7FBFA0
:10E1200080B6AF3D580E7FBFDAF8B53DC9FC7EBF63
:10E13000C33ABC3D9DEA7EBF397CC23DD4D77EBF89
:10E1400036BDC83D6DC47EBFB7FDCE3D69B07EBF54
:10E15000B93DD53DC99B7EBF377DDB3D8B867EBFFC
:10E160002EBCE13DB0707EBF9AFAE73D385A7EBFC3
:10E170007638EE3D23437EBFC075F43D722B7EBFE3
:10E1800073B2FA3D24137EBF4577003E38FA7DBF57
:10E190000295033EB1E07DBF6EB2063E8CC67DBFE8
:10E1A00086CF093ECCAB7DBF4AEC0C3E6E907DBF66
:10E1B000B708103E74747DBFCA24133EDE577DBF7E
:10E1C0008340163EAC3A7DBFE05B193EDD1C7DBF4F
:10E1D000DE761C3E73FE7CBF7B911F3E6CDF7CBFF6
:10E1E000B6AB223EC9BF7CBF8CC5253E8A9F7CBF93
:10E1F000FCDE283EB07E7CBF04F82B3E3A5D7CBF3F
:10E20000A2102F3E283B7CBFD428323E7A187CBF18
:10E210009840353E31F57BBFEC57383E4DD17BBF42
:10E22000CF6E3B3ECDAC7BBF3E853E3EB2877BBFD3
:10E23000379B413EFC617BBFB9B0443EAB3B7BBFEB
:10E24000C2C5473EBE147BBF4FDA4A3E37ED7ABFA8
:10E2500060EE4D3E16C57ABFF101513E599C7ABF22
:10E260000115543E02737ABF8F27573E10497ABF7B
:10E2700097395A3E841E7ABF1A4B5D3E5EF379BFD2
:10E28000135C603E9DC779BF836C633E439B79BF3F
:10E29000667C663E4E6E79BFBA8B693EC04079BFE0
:10E2A0007F9A6C3E981279BFB2A86F3ED6E378BFD2
:10E2B00051B6723E7BB478BF5AC3753E868478BF30
:10E2C000CCCF783EF85378BFA4DB7B3ED12278BF19
:10E2D000E1E67E3E10F177BFC0F8803EB7BE77BF63
:10E2E000C07D823EC58B77BF7002843E3A5877BFAF
:10E2F000CE86853E172477BFDA0A873E5BEF76BF6E
:10E30000938E883E07BA76BFF8118A3E1B8476BF8B
:10E3100007958B3E974D76BFC0178D3E7A1676BF18
:10E32000229A8E3EC6DE75BF2C1C903E7BA675BF22
:10E33000DD9D913E976D75BF351F933E1D3475BFB2
:10E3400031A0943E0BFA74BFD220963E62BF74BFD8
:10E3500017A1973E228474BFFE20993E4B4874BF9C
:10E3600086A09A3EDD0B74BFAF1F9C3ED9CE73BF13
:10E37000789E9D3E3F9173BFDF1C9F3E0E5373BF3F
:10E38000E59AA03E471473BF8718A23EEBD472BF34
:10E39000C595A33EF89472BF9F12A53E705472BFFC
:10E3A000128FA63E521372BF1F0BA83E9FD171BFA2
:10E3B000C486A93E578F71BF0102AB3E7A4C71BF34
:10E3C000D47CAC3E080971BF3CF7AD3E02C570BFBE
:10E3D0003A71AF3E668070BFCBEAB03E373B70BF4C
:10E3E000EF63B23E73F56FBFA5DCB33E1BAF6FBFEB
:10E3F000EC54B53E30686FBFC3CCB63EB0206FBFA3
:10E400002A44B83E9ED86EBF1EBBB93EF88F6EBF81
:10E41000A031BB3EBE466EBFAFA7BC3EF2FC6DBF97
:10E420004A1DBE3E93B26DBF6F92BF3EA1676DBFE6
:10E430001E07C13E1D1C6DBF557BC23E07D06CBF81
:10E4400015EFC33E5E836CBF5C62C53E24366CBF75
:10E4500029D5C63E58E86BBF7C47C83EFB996BBFC9
:10E4600053B9C93E0C4B6BBFAE2ACB3E8CFB6ABF87
:10E470008B9BCC3E7BAB6ABFEA0BCE3ED95A6ABFC0
:10E48000CA7BCF3EA7096ABF2AEBD03EE4B769BF7B
:10E49000095AD23E916569BF67C8D33EAE1269BFC3
:10E4A0004136D53E3CBF68BF99A3D63E396B68BFA5
:10E4B0006B10D83EA81668BFB97CD93E87C167BF2C
:10E4C00080E8DA3ED86B67BFC153DC3E991567BF61
:10E4D00079BEDD3ECCBE66BFA928DF3E716766BF50
:10E4E0004F92E03E880F66BF6AFBE13E10B765BF02
:10E4F000FA63E33E0B5E65BFFECBE43E790465BF85
:10E500007533E63E59AA64BF5D9AE73EAC4F64BFDF
:10E51000B700E93E73F463BF8166EA3EAC9863BF1F
:10E52000BBCBEB3E5A3C63BF6330ED3E7BDF62BF4B
:10E530007994EE3E108262BFFBF7EF3E1A2462BF71
:10E54000EA5AF13E98C561BF43BDF23E8A6661BF9B
:10E55000071FF43EF20661BF3580F53ECFA660BFCF
:10E56000CBE0F63E214660BFC840F83EE9E45FBF1D
:10E570002DA0F93E27835FBFF7FEFA3EDB205FBF89
:10E58000275DFC3E05BE5EBFBBBAFD3EA65A5EBF20
:10E59000B217FF3EBEF65DBF063A003F4D925DBF2B
:10E5A000E4E7003F532D5DBF7395013FD1C75CBFCA
:10E5B000B142023FC7615CBF9FEF023F34FB5BBFCC
:10E5C0003D9C033F1A945BBF8948043F792C5BBF95
:10E5D00084F4043F50C45ABF2CA0053FA05B5ABF2F
:10E5E000824B063F6AF259BF86F6063FAD8859BF97
:10E5F00036A1073F6A1E59BF924B083FA1B358BFCF
:10E600009BF5083F534858BF4E9F093F7FDC57BFDB
:10E61000AD480A3F267057BFB7F10A3F480357BFBE
:10E620006B9A0B3FE59556BFC9420C3FFE2756BF7C
:10E63000D0EA0C3F93B955BF81920D3FA44A55BF14
:10E64000DA390E3F31DB54BFDBE00E3F3B6B54BF8A
:10E6500084870F3FC3FA53BFD52D103FC78953BFDF
:10E66000CDD3103F491853BF6B79113F49A652BF14
:10E67000B01E123FC63352BF9AC3123FC2C051BF31
:10E680002A68133F3D4D51BF5F0C143F37D950BF2F
:10E6900039B0143FAF6450BFB753153FA8EF4FBF19
:10E6A000D9F6153F1F7A4FBF9F99163F17044FBFEA
:10E6B000073C173F908D4EBF12DE173F89164EBFA5
:10E6C000C07F183F029F4DBF0F21193FFD264DBF50
:10E6D00000C2193F79AE4CBF93621A3F78354CBFE8
:10E6E000C6021B3FF8BB4BBF99A21B3FFA414BBF71
:10E6F0000C421C3F7FC74ABF1FE11C3F874C4ABFEB
:10E70000D17F1D3F12D149BF221E1E3F215549BF57
:10E7100012BC1E3FB3D848BF9F591F3FCA5B48BFBA
:10E72000CBF61F3F65DE47BF9393203F856047BF11
:10E73000F92F213F2AE246BFFBCB213F546346BF5E
:10E740009967223F03E445BFD302233F396445BFA5
:10E75000A99D233FF5E344BF1A38243F376344BFE4
:10E7600025D2243F00E243BFCB6B253F516043BF1E
:10E770000A05263F29DE42BFE39D263F895B42BF53
:10E780005636273F70D841BF61CE273FE15441BF85
:10E790000566283FDAD040BF41FD283F5C4C40BFB2
:10E7A0001594293F67C73FBF802A2A3FFC413FBFDE
:10E7B00082C02A3F1BBC3EBF1B562B3FC5353EBF08
:10E7C0004AEB2B3FF9AE3DBF0F802C3FB8273DBF32
:10E7D00069142D3F03A03CBF59A82D3FD9173CBF5A
:10E7E000DE3B2E3F3B8F3BBFF7CE2E3F29063BBF84
:10E7F000A5612F3FA47C3ABFE6F32F3FACF239BFAF
:10E80000BB85303F426839BF2217313F65DD38BFD5
:10E810001DA8313F165238BFAA38323F55C637BF00
:10E82000C9C8323F233A37BF7A58333F7FAD36BF2E
:10E83000BCE7333F6C2036BF8F76343FE79235BF5D
:10E84000F304353FF30435BFE792353F8F7634BF8D
:10E850006C20363FBCE733BF7FAD363F7A5833BFBD
:10E86000233A373FC9C832BF55C6373FAA3832BFEF
:10E870001652383F1DA831BF65DD383F221731BF22
:10E880004268393FBB8530BFACF2393FE6F32FBF5A
:10E89000A47C3A3FA5612FBF29063B3FF7CE2EBF90
:10E8A0003B8F3B3FDE3B2EBFD9173C3F59A82DBFC6
:10E8B00003A03C3F69142DBFB8273D3F0F802CBFFC
:10E8C000F9AE3D3F4AEB2BBFC5353E3F1B562BBF34
:10E8D0001BBC3E3F82C02ABFFC413F3F802A2ABF6B
:10E8E00067C73F3F159429BF5C4C403F41FD28BF9F
:10E8F000DAD0403F056628BFE154413F61CE27BFD3
:10E9000070D8413F563627BF895B423FE39D26BF03
:10E9100029DE423F0A0526BF5160433FCB6B25BF2E
:10E9200000E2433F25D224BF3763443F1A3824BF57
:10E93000F5E3443FA99D23BF3964453FD30223BF7C
:10E9400003E4453F996722BF5463463FFBCB21BF99
:10E950002AE2463FF92F21BF8560473F939320BFAE
:10E9600065DE473FCBF61FBFCA5B483F9F591FBFBD
:10E97000B3D8483F12BC1EBF2155493F221E1EBFBF
:10E9800012D1493FD17F1DBF874C4A3F1FE11CBFB9
:10E990007FC74A3F0C421CBFFA414B3F99A21BBFA5
:10E9A000F8BB4B3FC6021BBF78354C3F93621ABF82
:10E9B00079AE4C3F00C219BFFD264D3F0F2119BF54
:10E9C000029F4D3FC07F18BF89164E3F12DE17BF12
:10E9D000908D4E3F073C17BF17044F3F9F9916BFBE
:10E9E0001F7A4F3FD9F615BFA8EF4F3FB75315BF5A
:10E9F000AF64503F39B014BF37D9503F5F0C14BFDC
:10EA00003D4D513F2A6813BFC2C0513F9AC312BF48
:10EA1000C633523FB01E12BF49A6523F6B7911BF99
:10EA20004918533FCDD310BFC789533FD52D10BFD1
:10EA3000C3FA533F84870FBF3B6B543FDBE00EBFED
:10EA400031DB543FDA390EBFA44A553F81920DBFE6
:10EA500093B9553FD0EA0CBFFE27563FC9420CBFC1
:10EA6000E595563F6B9A0BBF4803573FB7F10ABF76
:10EA70002670573FAD480ABF7FDC573F4E9F09BF06
:10EA80005348583F9BF508BFA1B3583F924B08BF6E
:10EA90006A1E593F36A107BFAD88593F86F606BFAB
:10EAA0006AF2593F824B06BFA05B5A3F2CA005BFBC
:10EAB00050C45A3F84F404BF792C5B3F894804BF9B
:10EAC0001A945B3F3D9C03BF34FB5B3F9FEF02BF4B
:10EAD000C7615C3FB14202BFD1C75C3F739501BFC4
:10EAE000532D5D3FE4E700BF4D925D3F063A00BF06
:10EAF000BEF65D3FB217FFBEA65A5E3FBBBAFDBE73
:10EB000005BE5E3F275DFCBEDB205F3FF7FEFABE21
:10EB100027835F3F2DA0F9BEE9E45F3FC840F8BE00
:10EB20002146603FCBE0F6BECFA6603F3580F5BE04
:10EB3000F206613F071FF4BE8A66613F43BDF2BE25
:10EB400098C5613FEA5AF1BE1A24623FFBF7EFBE57
:10EB50001082623F7994EEBE7BDF623F6330EDBE90
:10EB60005A3C633FBBCBEBBEAC98633F8166EABEC9
:10EB700073F4633FB700E9BEAC4F643F5D9AE7BEF4
:10EB800059AA643F7533E6BE7904653FFECBE4BE07
:10EB90000B5E653FFA63E3BE10B7653F6AFBE1BEFB
:10EBA000880F663F4F92E0BE7167663FA928DFBEBF
:10EBB000CCBE663F79BEDDBE9915673FC153DCBE52
:10EBC000D86B673F80E8DABE87C1673FB97CD9BEA2
:10EBD000A816683F6B10D8BE396B683F99A3D6BEA4
:10EBE0003CBF683F4136D5BEAE12693F67C8D3BE51
:10EBF0009165693F095AD2BEE4B7693F2AEBD0BE9E
:10EC0000A7096A3FCA7BCFBED95A6A3FEA0BCEBE7C
:10EC10007BAB6A3F8B9BCCBE8CFB6A3FAE2ACBBEE4
:10EC20000C4B6B3F53B9C9BEFB996B3F7C47C8BEC9
:10EC300058E86B3F29D5C6BE24366C3F5C62C5BE22
:10EC40005E836C3F15EFC3BE07D06C3F557BC2BEE1
:10EC50001D1C6D3F1E07C1BEA1676D3F6F92BFBEF9
:10EC600093B26D3F4A1DBEBEF2FC6D3FAFA7BCBE66
:10EC7000BE466E3FA031BBBEF88F6E3F1EBBB9BE15
:10EC80009ED86E3F2A44B8BEB0206F3FC3CCB6BEFC
:10EC900030686F3FEC54B5BE1BAF6F3FA5DCB3BE11
:10ECA00073F56F3FEF63B2BE373B703FCBEAB0BE48
:10ECB0006680703F3A71AFBE02C5703F3CF7ADBE93
:10ECC0000809713FD47CACBE7A4C713F0102ABBEE7
:10ECD000578F713FC486A9BE9FD1713F1F0BA8BE3D
:10ECE0005213723F128FA6BE7054723F9F12A5BE80
:10ECF000F894723FC595A3BEEBD4723F8718A2BEAD
:10ED00004714733FE59AA0BE0E53733FDF1C9FBEAE
:10ED10003F91733F789E9DBED9CE733FAF1F9CBE7F
:10ED2000DD0B743F86A09ABE4B48743FFE2099BE0F
:10ED30002284743F17A197BE62BF743FD22096BE53
:10ED40000BFA743F31A094BE1D34753F351F93BE3E
:10ED5000976D753FDD9D91BE7BA6753F2C1C90BEC7
:10ED6000C6DE753F229A8EBE7A16763FC0178DBEDC
:10ED7000974D763F07958BBE1B84763FF8118ABE70
:10ED800007BA763F938E88BE5BEF763FDA0A87BE7E
:10ED90001724773FCE8685BE3A58773F700284BEEF
:10EDA000C58B773FC07D82BEB7BE773FC0F880BEBF
:10EDB00010F1773FE1E67EBED122783FA4DB7BBE37
:10EDC000F853783FCCCF78BE8684783F5AC375BE5F
:10EDD0007BB4783F51B672BED6E3783FB2A86FBE1F
:10EDE0009812793F7F9A6CBEC040793FBA8B69BE5A
:10EDF0004E6E793F667C66BE439B793F836C63BEF3
:10EE00009DC7793F135C60BE5EF3793F1A4B5DBED0
:10EE1000841E7A3F97395ABE10497A3F8F2757BED2
:10EE200002737A3F011554BE599C7A3FF10151BEDD
:10EE300016C57A3F60EE4DBE37ED7A3F4FDA4ABED7
:10EE4000BE147B3FC2C547BEAB3B7B3FB9B044BE9F
:10EE5000FC617B3F379B41BEB2877B3F3E853EBE18
:10EE6000CDAC7B3FCF6E3BBE4DD17B3FEC5738BE28
:10EE700031F57B3F984035BE7A187C3FD42832BEAE
:10EE8000283B7C3FA2102FBE3A5D7C3F04F82BBE8E
:10EE9000B07E7C3FFCDE28BE8A9F7C3F8CC525BEB1
:10EEA000C9BF7C3FB6AB22BE6CDF7C3F7B911FBEEF
:10EEB00073FE7C3FDE761CBEDD1C7D3FE05B19BE31
:10EEC000AC3A7D3F834016BEDE577D3FCA2413BE59
:10EED00074747D3FB70810BE6E907D3F4AEC0CBE47
:10EEE000CCAB7D3F86CF09BE8CC67D3F6EB206BEE1
:10EEF000B1E07D3F029503BE38FA7D3F457700BE05
:10EF000024137E3F73B2FABD722B7E3FC075F4BDF1
:10EF100023437E3F7638EEBD385A7E3F9AFAE7BDEE
:10EF2000B0707E3F2EBCE1BD8B867E3F377DDBBD62
:10EF3000C99B7E3FB93DD5BD69B07E3FB7FDCEBD13
:10EF40006DC47E3F36BDC8BDD4D77E3F397CC2BDBF
:10EF50009DEA7E3FC33ABCBDC9FC7E3FDAF8B5BD31
:10EF6000580E7F3F80B6AFBD491F7F3FBA73A9BD22
:10EF70009D2F7F3F8C30A3BD543F7F3FF9EC9CBD5C
:10EF80006D4E7F3F05A996BDE95C7F3FB46490BD9F
:10EF9000C76A7F3F0A208ABD08787F3F0ADB83BDAE
:10EFA000AB847F3F742B7BBDB1907F3F38A06EBD9B
:10EFB000189C7F3F681462BDE3A67F3F0E8855BD55
:10EFC0000FB17F3F2FFB48BD9EBA7F3FD56D3CBD43
:10EFD0008FC37F3F07E02FBDE2CB7F3FCC5123BDE6
:10EFE00098D37F3F2CC316BDAFDA7F3F2F340ABDC5
:10EFF00029E17F3FB949FBBC05E77F3F7B2AE2BCA3
:10F0000043EC7F3FB00AC9BCE3F07F3F69EAAFBC85
:10F01000E6F47F3FB6C996BC4AF87F3F4B517BBCB4
:10F0200011FB7F3F900E49BC39FD7F3F59CB16BC89
:10F03000C4FE7F3F890FC9BBB1FF7F3FC70F49BBEC
:10F040000000803F0000000043EC7F3FB00AC93C55
:10F050000FB17F3F2FFB483D6D4E7F3F05A9963D89
:10F060006DC47E3F36BDC83D24137E3F73B2FA3D6A
:10F07000AC3A7D3F8340163E283B7C3FA2102F3E9A
:10F08000BE147B3FC2C5473E9DC7793F135C603EBF
:10F09000F853783FCCCF783E07BA763F938E883EC0
:10F0A0000BFA743F31A0943E4714733FE59AA03E9B
:10F0B0000809713FD47CAC3E9ED86E3F2A44B83ECE
:10F0C0005E836C3F15EFC33EA7096A3FCA7BCF3E04
:10F0D000D86B673F80E8DA3E59AA643F7533E63E55
:10F0E00098C5613FEA5AF13E05BE5E3F275DFC3E92
:10F0F0001A945B3F3D9C033F5348583F9BF5083FA4
:10F1000031DB543FDA390E3F3D4D513F2A68133F02
:10F11000029F4D3FC07F183F12D1493FD17F1D3F15
:10F1200003E4453F9967223F70D8413F5636273F59
:10F13000F9AE3D3F4AEB2B3F4268393FBB85303F3C
:10F14000F304353FF304353FBB85303F4268393F18
:10F150004AEB2B3FF9AE3D3F5636273F70D8413F33
:10F160009967223F03E4453FD17F1D3F12D1493FBC
:10F17000C07F183F029F4D3F2A68133F3D4D513FCE
:10F18000DA390E3F31DB543F9BF5083F5348583F77
:10F190003D9C033F1A945B3F275DFC3E05BE5E3FEE
:10F1A000EA5AF13E98C5613F7533E63E59AA643F7D
:10F1B00080E8DA3ED86B673FCA7BCF3EA7096A3F3B
:10F1C00015EFC33E5E836C3F2A44B83E9ED86E3F27
:10F1D000D47CAC3E0809713FE59AA03E4714733FCA
:10F1E00031A0943E0BFA743F938E883E07BA763F67
:10F1F000CCCF783EF853783F135C603E9DC7793F93
:10F20000C2C5473EBE147B3FA2102F3E283B7C3F29
:10F210008340163EAC3A7D3F73B2FA3D24137E3FE5
:10F2200036BDC83D6DC47E3F05A9963D6D4E7F3FFE
:10F230002FFB483D0FB17F3FB00AC93C43EC7F3FF5
:10F24000000000000000803FB00AC9BC43EC7F3FD3
:10F250002FFB48BD0FB17F3F05A996BD6D4E7F3F87
:10F2600036BDC8BD6DC47E3F73B2FABD24137E3F68
:10F27000834016BEAC3A7D3FA2102FBE283B7C3F98
:10F28000C2C547BEBE147B3F135C60BE9DC7793FBD
:10F29000CCCF78BEF853783F938E88BE07BA763FBE
:10F2A00031A094BE0BFA743FE59AA0BE4714733F99
:10F2B000D47CACBE0809713F2A44B8BE9ED86E3FCC
:10F2C00015EFC3BE5E836C3FCA7BCFBEA7096A3F02
:10F2D00080E8DABED86B673F7533E6BE59AA643F53
:10F2E000EA5AF1BE98C5613F275DFCBE05BE5E3F90
:10F2F0003D9C03BF1A945B3F9BF508BF5348583FA2
:10F30000DA390EBF31DB543F2A6813BF3D4D513F00
:10F31000C07F18BF029F4D3FD17F1DBF12D1493F13
:10F32000996722BF03E4453F563627BF70D8413F57
:10F330004AEB2BBFF9AE3D3FBB8530BF4268393F3A
:10F34000F30435BFF304353F426839BFBB85303F16
:10F35000F9AE3DBF4AEB2B3F70D841BF5636273F31
:10F3600003E445BF9967223F12D149BFD17F1D3FBA
:10F37000029F4DBFC07F183F3D4D51BF2A68133FCC
:10F3800031DB54BFDA390E3F534858BF9BF5083F75
:10F390001A945BBF3D9C033F05BE5EBF275DFC3EEC
:10F3A00098C561BFEA5AF13E59AA64BF7533E63E7B
:10F3B000D86B67BF80E8DA3EA7096ABFCA7BCF3E39
:10F3C0005E836CBF15EFC33E9ED86EBF2A44B83E25
:10F3D000080971BFD47CAC3E471473BFE59AA03EC8
:10F3E0000BFA74BF31A0943E07BA76BF938E883E65
:10F3F000F85378BFCCCF783E9DC779BF135C603E91
:10F40000BE147BBFC2C5473E283B7CBFA2102F3E27
:10F41000AC3A7DBF8340163E24137EBF73B2FA3DE3
:10F420006DC47EBF36BDC83D6D4E7FBF05A9963DFC
:10F430000FB17FBF2FFB483D43EC7FBFB00AC93CF3
:10F44000000080BF0000000043EC7FBFB00AC9BCD1
:10F450000FB17FBF2FFB48BD6D4E7FBF05A996BD85
:10F460006DC47EBF36BDC8BD24137EBF73B2FABD66
:10F47000AC3A7DBF834016BE283B7CBFA2102FBE96
:10F48000BE147BBFC2C547BE9DC779BF135C60BEBB
:10F49000F85378BFCCCF78BE07BA76BF938E88BEBC
:10F4A0000BFA74BF31A094BE471473BFE59AA0BE97
:10F4B000080971BFD47CACBE9ED86EBF2A44B8BECA
:10F4C0005E836CBF15EFC3BEA7096ABFCA7BCFBE00
:10F4D000D86B67BF80E8DABE59AA64BF7533E6BE51
:10F4E00098C561BFEA5AF1BE05BE5EBF275DFCBE8E
:10F4F0001A945BBF3D9C03BF534858BF9BF508BFA0
:10F5000031DB54BFDA390EBF3D4D51BF2A6813BFFE
:10F51000029F4DBFC07F18BF12D149BFD17F1DBF11
:10F5200003E445BF996722BF70D841BF563627BF55
:10F53000F9AE3DBF4AEB2BBF426839BFBB8530BF38
:10F54000F30435BFF30435BFBB8530BF426839BF14
:10F550004AEB2BBFF9AE3DBF563627BF70D841BF2F
:10F56000996722BF03E445BFD17F1DBF12D149BFB8
:10F57000C07F18BF029F4DBF2A6813BF3D4D51BFCA
:10F58000DA390EBF31DB54BF9BF508BF534858BF73
:10F590003D9C03BF1A945BBF275DFCBE05BE5EBFEA
:10F5A000EA5AF1BE98C561BF7533E6BE59AA64BF79
:10F5B00080E8DABED86B67BFCA7BCFBEA7096ABF37
:10F5C00015EFC3BE5E836CBF2A44B8BE9ED86EBF23
:10F5D000D47CACBE080971BFE59AA0BE471473BFC6
:10F5E00031A094BE0BFA74BF938E88BE07BA76BF63
:10F5F000CCCF78BEF85378BF135C60BE9DC779BF8F
:10F60000C2C547BEBE147BBFA2102FBE283B7CBF25
:10F61000834016BEAC3A7DBF73B2FABD24137EBFE1
:10F6200036BDC8BD6DC47EBF05A996BD6D4E7FBFFA
:10F630002FFB48BD0FB17FBFB00AC9BC43EC7FBFF1
:10F6400000000080000080BFB00AC93C43EC7FBFCF
:10F650002FFB483D0FB17FBF05A9963D6D4E7FBF83
:10F6600036BDC83D6DC47EBF73B2FA3D24137EBF64
:10F670008340163EAC3A7DBFA2102F3E283B7CBF94
:10F68000C2C5473EBE147BBF135C603E9DC779BFB9
:10F69000CCCF783EF85378BF938E883E07BA76BFBA
:10F6A00031A0943E0BFA74BFE59AA03E471473BF95
:10F6B000D47CAC3E080971BF2A44B83E9ED86EBFC8
:10F6C00015EFC33E5E836CBFCA7BCF3EA7096ABFFE
:10F6D00080E8DA3ED86B67BF7533E63E59AA64BF4F
:10F6E000EA5AF13E98C561BF275DFC3E05BE5EBF8C
:10F6F0003D9C033F1A945BBF9BF5083F534858BF9E
:10F70000DA390E3F31DB54BF2A68133F3D4D51BFFC
:10F71000C07F183F029F4DBFD17F1D3F12D149BF0F
:10F720009967223F03E445BF5636273F70D841BF53
:10F730004AEB2B3FF9AE3DBFBB85303F426839BF36
:10F74000F304353FF30435BF4268393FBB8530BF12
:10F75000F9AE3D3F4AEB2BBF70D8413F563627BF2D
:10F7600003E4453F996722BF12D1493FD17F1DBFB6
:10F77000029F4D3FC07F18BF3D4D513F2A6813BFC8
:10F7800031DB543FDA390EBF5348583F9BF508BF71
:10F790001A945B3F3D9C03BF05BE5E3F275DFCBEE8
:10F7A00098C5613FEA5AF1BE59AA643F7533E6BE77
:10F7B000D86B673F80E8DABEA7096A3FCA7BCFBE35
:10F7C0005E836C3F15EFC3BE9ED86E3F2A44B8BE21
:10F7D0000809713FD47CACBE4714733FE59AA0BEC4
:10F7E0000BFA743F31A094BE07BA763F938E88BE61
:10F7F000F853783FCCCF78BE9DC7793F135C60BE8D
:10F80000BE147B3FC2C547BE283B7C3FA2102FBE23
:10F81000AC3A7D3F834016BE24137E3F73B2FABDDF
:10F820006DC47E3F36BDC8BD6D4E7F3F05A996BDF8
:10F830000FB17F3F2FFB48BD43EC7F3FB00AC9BCEF
:10F840000000803F00000000BE147B3FC2C5473E61
:10F850005E836C3F15EFC33E31DB543FDA390E3F18
:10F86000F304353FF304353FDA390E3F31DB543FC3
:10F8700015EFC33E5E836C3FC2C5473EBE147B3F5F
:10F88000000000000000803FC2C547BEBE147B3FA1
:10F8900015EFC3BE5E836C3FDA390EBF31DB543FD8
:10F8A000F30435BFF304353F31DB54BFDA390E3F83
:10F8B0005E836CBF15EFC33EBE147BBFC2C5473E1F
:10F8C000000080BF00000000BE147BBFC2C547BE61
:10F8D0005E836CBF15EFC3BE31DB54BFDA390EBF98
:10F8E000F30435BFF30435BFDA390EBF31DB54BF43
:10F8F00015EFC3BE5E836CBFC2C547BEBE147BBFDF
:10F9000000000080000080BFC2C5473EBE147BBF20
:10F9100015EFC33E5E836CBFDA390E3F31DB54BF57
:10F92000F304353FF30435BF31DB543FDA390EBF02
:10F930005E836C3F15EFC3BEBE147B3FC2C547BE9E
:10F940000000803F00000000ECFF7F3FD40FC93A69
:10F95000B1FF7F3FC70F493B4EFF7F3FC1CB963B77
:10F96000C4FE7F3F890FC93B13FE7F3F3053FB3BF3
:10F9700039FD7F3F59CB163C39FC7F3F02ED2F3CD0
:10F9800011FB7F3F900E493CC1F97F3F0030623C44
:10F990004AF87F3F4B517B3CACF67F3F38398A3C7D
:10F9A000E6F47F3FB6C9963CF8F27F3F1C5AA33C71
:10F9B000E3F07F3F69EAAF3CA7EE7F3F9B7ABC3C18
:10F9C00043EC7F3FB00AC93CB8E97F3FA69AD53CDB
:10F9D00005E77F3F7B2AE23C2BE47F3F2DBAEE3CDC
:10F9E00029E17F3FB949FB3C00DE7F3F90EC033DBE
:10F9F000AFDA7F3F2F340A3D37D77F3FB87B103DCA
:10FA000098D37F3F2CC3163DD1CF7F3F880A1D3D41
:10FA1000E2CB7F3FCC51233DCCC77F3FF698293DB9
:10FA20008FC37F3F07E02F3D2ABF7F3FFC26363D37
:10FA30009EBA7F3FD56D3C3DEAB57F3F91B4423DD4
:10FA40000FB17F3F2FFB483D0DAC7F3FAF414F3D96
:10FA5000E3A67F3F0E88553D91A17F3F4CCE5B3D95
:10FA6000189C7F3F6814623D78967F3F625A683DDC
:10FA7000B1907F3F38A06E3DC28A7F3FE9E5743D7B
:10FA8000AB847F3F742B7B3D6D7E7F3F6CB8803DA8
:10FA900008787F3F0ADB833D7B717F3F94FD863D85
:10FAA000C76A7F3F0A208A3DEC637F3F6A428D3DF3
:10FAB000E95C7F3FB464903DBF557F3FE786933D4F
:10FAC0006D4E7F3F05A9963DF4467F3F0ACB993D99
:10FAD000543F7F3FF9EC9C3D8D377F3FCF0EA03DDB
:10FAE0009D2F7F3F8C30A33D87277F3F3052A63D1F
:10FAF000491F7F3FBA73A93DE4167F3F2B95AC3D6C
:10FB0000580E7F3F80B6AF3DA4057F3FBBD7B23DC7
:10FB1000C9FC7E3FDAF8B53DC7F37E3FDD19B93D3C
:10FB20009DEA7E3FC33ABC3D4CE17E3F8D5BBF3DCD
:10FB3000D4D77E3F397CC23D34CE7E3FC69CC53D86
:10FB40006DC47E3F36BDC83D7FBA7E3F86DDCB3D6E
:10FB500069B07E3FB7FDCE3D2DA67E3FC81DD23D8C
:10FB6000C99B7E3FB93DD53D3D917E3F895DD83DE6
:10FB70008B867E3F377DDB3DB17B7E3FC49CDE3D87
:10FB8000B0707E3F2EBCE13D88657E3F76DBE43D74
:10FB9000385A7E3F9AFAE73DC14E7E3F9A19EB3DB7
:10FBA00023437E3F7638EE3D5E377E3F2E57F13D54
:10FBB000722B7E3FC075F43D5E1F7E3F2C94F73D57
:10FBC00024137E3F73B2FA3DC2067E3F92D0FD3DC4
:10FBD00038FA7D3F4577003E88ED7D3F2E06023E98
:10FBE000B1E07D3F0295033EB2D37D3FC223053E87
:10FBF0008CC67D3F6EB2063E40B97D3F0541083E52
:10FC0000CCAB7D3F86CF093E309E7D3FF35D0B3E02
:10FC10006E907D3F4AEC0C3E85827D3F8B7A0E3E96
:10FC200074747D3FB708103E3D667D3FCC96113E13
:10FC3000DE577D3FCA24133E59497D3FB2B2143E80
:10FC4000AC3A7D3F8340163ED82B7D3F3DCE173EDC
:10FC5000DD1C7D3FE05B193EBC0D7D3F6BE91A3E2C
:10FC600073FE7C3FDE761C3E03EF7C3F38041E3E75
:10FC70006CDF7C3F7B911F3EAECF7C3FA51E213EBB
:10FC8000C9BF7C3FB6AB223EBDAF7C3FAD38243E02
:10FC90008A9F7C3F8CC5253E318F7C3F5152273E49
:10FCA000B07E7C3FFCDE283E086E7C3F8D6B2A3E9A
:10FCB0003A5D7C3F04F82B3E444C7C3F61842D3EF2
:10FCC000283B7C3FA2102F3EE5297C3FC99C303E5B
:10FCD0007A187C3FD428323EE9067C3FC4B4333ED8
:10FCE00031F57B3F9840353E53E37B3F50CC363E69
:10FCF0004DD17B3FEC57383E20BF7B3F6CE3393E14
:10FD0000CDAC7B3FCF6E3B3E539A7B3F15FA3C3EDA
:10FD1000B2877B3F3E853E3EEA747B3F4910403EC2
:10FD2000FC617B3F379B413EE74E7B3F0726433ECE
:10FD3000AB3B7B3FB9B0443E48287B3F4D3B463E02
:10FD4000BE147B3FC2C5473E0E017B3F1850493E63
:10FD500037ED7A3F4FDA4A3E3AD97A3F67644C3EF4
:10FD600016C57A3F60EE4D3ECBB07A3F38784F3EB5
:10FD7000599C7A3FF101513EC1877A3F898B523EAF
:10FD800002737A3F0115543E1C5E7A3F589E553EE1
:10FD900010497A3F8F27573EDD337A3FA4B0583E53
:10FDA000841E7A3F97395A3E04097A3F6AC25B3E05
:10FDB0005EF3793F1A4B5D3E91DD793FA8D35E3EFD
:10FDC0009DC7793F135C603E83B1793F5CE4613E3F
:10FDD000439B793F836C633EDC84793F86F4643EC9
:10FDE0004E6E793F667C663E9A57793F2204683EA4
:10FDF000C040793FBA8B693EBF29793F2F136B3ED4
:10FE00009812793F7F9A6C3E4AFB783FAB216E3E59
:10FE1000D6E3783FB2A86F3E3BCC783F942F713E3B
:10FE20007BB4783F51B6723E939C783FE83C743E79
:10FE30008684783F5AC3753E526C783FA649773E18
:10FE4000F853783FCCCF783E773B783FCB557A3E1E
:10FE5000D122783FA4DB7B3E040A783F56617D3E89
:10FE600010F1773FE1E67E3EF7D7773F2236803EBE
:10FE7000B7BE773FC0F8803E51A5773F4ABB813E71
:10FE8000C58B773FC07D823E1372773F2240833E11
:10FE90003A58773F7002843E3C3E773FAAC4843E86
:10FEA0001724773FCE86853ECC09773FDF48863ED4
:10FEB0005BEF763FDA0A873EC4D4763FC1CC873EFB
:10FEC00007BA763F938E883E249F763F5050893EF6
:10FED0001B84763FF8118A3EEC68763F8AD38A3ECF
:10FEE000974D763F07958B3E1B32763F6E568C3E84
:10FEF0007A16763FC0178D3EB3FA753FFCD88D3E1B
:10FF0000C6DE753F229A8E3EB3C2753F325B8F3E8E
:10FF10007BA6753F2C1C903E1C8A753F10DD903EE1
:10FF2000976D753FDD9D913EED50753F945E923E1D
:10FF30001D34753F351F933E2717753FBFDF933E36
:10FF40000BFA743F31A0943EC9DC743F8D60953E3E
:10FF500062BF743FD220963ED5A1743F00E1963E29
:10FF60002284743F17A1973E4966743F1661983EFC
:10FF70004B48743FFE20993E272A743FCEE0993EBD
:10FF8000DD0B743F86A09A3E6EED733F27609B3E6B
:10FF9000D9CE733FAF1F9C3E1FB0733F20DF9C3E06
:10FFA0003F91733F789E9D3E3972733FB85D9E3E90
:10FFB0000E53733FDF1C9F3EBE33733FEEDB9F3E0D
:10FFC0004714733FE59AA03EACF4723FC259A13E7C
:10FFD000EBD4723F8718A23E04B5723F33D7A23EDE
:10FFE000F894723FC595A33EC774723F3F54A43E38
:10FFF0007054723F9F12A53EF433723FE5D0A53E88
:02000004600397
:100000005213723F128FA63E8CF2713F254DA73ED0
:100010009FD1713F1F0BA83E8EB0713FFEC8A83E16
:10002000578F713FC486A93EFB6D713F6F44AA3E56
:100030007A4C713F0102AB3ED42A713F77BFAB3E91
:100040000809713FD47CAC3E17E7703F153AAD3ECE
:1000500002C5703F3CF7AD3EC6A2703F49B4AE3E0C
:100060006680703F3A71AF3EE15D703F102EB03E4A
:10007000373B703FCBEAB03E6718703F6BA7B13E8D
:1000800073F56F3FEF63B23E5AD26F3F5820B33ED5
:100090001BAF6F3FA5DCB33EB88B6F3FD698B43E25
:1000A00030686F3FEC54B53E83446F3FE610B63E78
:1000B000B0206F3FC3CCB63EBAFC6E3F8488B73EDB
:1000C0009ED86E3F2A44B83E5DB46E3FB2FFB83E44
:1000D000F88F6E3F1EBBB93E6D6B6E3F6E76BA3EBB
:1000E000BE466E3FA031BB3EEB216E3FB6ECBB3E41
:1000F000F2FC6D3FAFA7BC3ED5D76D3F8B62BD3ED6
:1001000093B26D3F4A1DBE3E2D8D6D3FEBD7BE3E77
:10011000A1676D3F6F92BF3EF2416D3FD54CC03E2F
:100120001D1C6D3F1E07C13E24F66C3F48C1C13EF9
:1001300007D06C3F557BC23EC5A96C3F4435C33EDA
:100140005E836C3F15EFC33ED45C6C3FC8A8C43ED1
:1001500024366C3F5C62C53E500F6C3FD21BC63EDE
:1001600058E86B3F29D5C63E3BC16B3F628EC73E08
:10017000FB996B3F7C47C83E95726B3F7700C93E49
:100180000C4B6B3F53B9C93E5E236B3F1072CA3EA6
:100190008CFB6A3FAE2ACB3E95D36A3F2CE3CB3E25
:1001A0007BAB6A3F8B9BCC3E3C836A3FCA53CD3EC0
:1001B000D95A6A3FEA0BCE3E52326A3FEAC3CE3E7C
:1001C000A7096A3FCA7BCF3ED7E0693F8A33D03E5A
:1001D000E4B7693F2AEBD03ECC8E693FAAA2D13E5C
:1001E0009165693F095AD23E323C693F4811D33E7E
:1001F000AE12693F67C8D33E07E9683F647FD43ECB
:100200003CBF683F4136D53E4C95683FFDECD53E3E
:10021000396B683F99A3D63E0341683F135AD73ED6
:10022000A816683F6B10D83E2AEC673FA3C6D83E9D
:1002300087C1673FB97CD93EC196673FAD32DA3E90
:10024000D86B673F80E8DA3ECA40673F319EDB3EAD
:100250009915673FC153DC3E45EA663F2E09DD3EF6
:10026000CCBE663F79BEDD3E3093663FA273DE3E74
:100270007167663FA928DF3E8E3B663F8DDDDF3E1E
:10028000880F663F4F92E03E5EE3653FEE46E13EFB
:1002900010B7653F6AFBE13EA08A653FC4AFE23E0E
:1002A0000B5E653FFA63E33E5431653F0E18E43E52
:1002B0007904653FFECBE43E7BD7643FCB7FE53ED0
:1002C00059AA643F7533E63E147D643FFBE6E63E83
:1002D000AC4F643F5D9AE73E2122643F9C4DE83E6F
:1002E00073F4633FB700E93EA1C6633FAEB3E93E96
:1002F000AC98633F8166EA3E956A633F3019EB3EF6
:100300005A3C633FBBCBEB3EFC0D633F217EEC3E92
:100310007BDF623F6330ED3ED7B0623F80E2ED3E6F
:100320001082623F7994EE3E2653623F4C46EF3E88
:100330001A24623FFBF7EF3EEAF4613F85A9F03EE5
:1003400098C5613FEA5AF13E2296613F290CF23E80
:100350008A66613F43BDF23ED036613F386EF33E60
:10036000F206613F071FF43EF2D6603FB1CFF43E84
:10037000CFA6603F3580F53E8976603F9330F63EEC
:100380002146603FCBE0F63E9615603FDC90F73E9D
:10039000E9E45F3FC840F83E19B45F3F8EF0F83E95
:1003A00027835F3F2DA0F93E12525F3FA54FFA3ED3
:1003B000DB205F3FF7FEFA3E81EF5E3F22AEFB3E61
:1003C00005BE5E3F275DFC3E678C5E3F040CFD3E34
:1003D000A65A5E3FBBBAFD3EC3285E3F4A69FE3E59
:1003E000BEF65D3FB217FF3E97C45D3FF3C5FF3ECB
:1003F0004D925D3F063A003FE15F5D3FFF90003F59
:10040000532D5D3FE4E7003FA3FA5C3FB53E013F5B
:10041000D1C75C3F7395013FDD945C3F1CEC013F0D
:10042000C7615C3FB142023F8E2E5C3F3299023F72
:1004300034FB5B3F9FEF023FB8C75B3FF845033F8C
:100440001A945B3F3D9C033F5A605B3F6DF2033F54
:10045000792C5B3F8948043F75F85A3F919E043FD1
:1004600050C45A3F84F4043F09905A3F624A053F02
:10047000A05B5A3F2CA0053F16275A3FE2F5053FE7
:100480006AF2593F824B063F9CBD593F0EA1063F81
:10049000AD88593F86F6063F9C53593FE84B073FCE
:1004A0006A1E593F36A1073F17E9583F6FF6073FCD
:1004B000A1B3583F924B083F0B7E583FA1A0083F85
:1004C0005348583F9BF5083F7912583F7F4A093FF0
:1004D0007FDC573F4E9F093F63A6573F09F4093F12
:1004E0002670573FAD480A3FC739573F3D9D0A3FE9
:1004F0004803573FB7F10A3FA7CC563F1C460B3F76
:10050000E595563F6B9A0B3F025F563FA5EE0B3FBA
:10051000FE27563FC9420C3FD9F0553FD7960C3FB6
:1005200093B9553FD0EA0C3F2C82553FB33E0D3F67
:10053000A44A553F81920D3FFB12553F38E60D3FCF
:1005400031DB543FDA390E3F47A3543F658D0E3FF0
:100550003B6B543FDBE00E3F0F33543F3B340F3FC8
:10056000C3FA533F84870F3F55C2533FB8DA0F3F5A
:10057000C789533FD52D103F1851533FDC80103FA2
:100580004918533FCDD3103F59DF523FA726113FA3
:1005900049A6523F6B79113F186D523F19CC113F5C
:1005A000C633523FB01E123F54FA513F3071123FD2
:1005B000C2C0513F9AC3123F1087513FEE15133FFF
:1005C0003D4D513F2A68133F4A13513F50BA133FE4
:1005D00037D9503F5F0C143F039F503F585E143F84
:1005E000AF64503F39B0143F3B2A503F0402153FDF
:1005F000A8EF4F3FB753153FF4B44F3F54A5153FF5
:100600001F7A4F3FD9F6153F2B3F4F3F4748163FC4
:1006100017044F3F9F99163FE4C84E3FDFEA163F4D
:10062000908D4E3F073C173F1C524E3F188D173F91
:1006300089164E3F12DE173FD5DA4D3FF52E183F93
:10064000029F4D3FC07F183F10634D3F73D0183F4E
:10065000FD264D3F0F21193FCBEA4C3F9471193FC6
:1006600079AE4C3F00C2193F08724C3F55121A3FF9
:1006700078354C3F93621A3FC7F84B3FB8B21A3FE8
:10068000F8BB4B3FC6021B3F097F4B3FBB521B3F92
:10069000FA414B3F99A21B3FCC044B3F5FF21B3FFB
:1006A0007FC74A3F0C421C3F138A4A3FA2911C3F1E
:1006B000874C4A3F1FE11C3FDC0E4A3F84301D3F00
:1006C00012D1493FD17F1D3F2993493F06CF1D3F9E
:1006D0002155493F221E1E3FFA16493F266D1E3FF7
:1006E000B3D8483F12BC1E3F4E9A483FE50A1F3F11
:1006F000CA5B483F9F591F3F271D483F41A81F3FE6
:1007000065DE473FCBF61F3F849F473F3B45203F79
:100710008560473F9393203F6721473FD2E1203FC9
:100720002AE2463FF92F213FCEA2463F067E213FD7
:100730005463463FFBCB213FBB23463FD719223FA3
:1007400003E4453F9967223F2DA4453F43B5223F2F
:100750003964453FD302233F2624453F4B50233F76
:10076000F5E3443FA99D233FA5A3443FEEEA233F81
:100770003763443F1A38243FAB22443F2C85243F43
:1007800000E2433F25D2243F38A1433F041F253FC9
:100790005160433FCB6B253F4C1F433F77B8253F0C
:1007A00029DE423F0A05263FE89C423F8451263F0E
:1007B000895B423FE39D263F0B1A423F2AEA263FD0
:1007C00070D8413F5636273FB796413F6882273F52
:1007D000E154413F61CE273FEC12413F401A283F90
:1007E000DAD0403F0566283FA98E403FB0B1283F90
:1007F0005C4C403F41FD283FF009403FB848293F4D
:1008000067C73F3F1594293FC0843F3F57DF293FCB
:10081000FC413F3F802A2A3F1BFF3E3F8E752A3F07
:100820001BBC3E3F82C02A3FFF783E3F5B0B2B3F05
:10083000C5353E3F1B562B3F6EF23D3FBFA02B3FC1
:10084000F9AE3D3F4AEB2B3F676B3D3FB9352C3F3F
:10085000B8273D3F0F802C3FECE33C3F49CA2C3F7B
:1008600003A03C3F69142D3FFC5B3C3F6F5E2D3F76
:10087000D9173C3F59A82D3F98D33B3F29F22D3F34
:100880003B8F3B3FDE3B2E3FC14A3B3F78852E3FAF
:1008900029063B3FF7CE2E3F75C13A3F5B182F3FED
:1008A000A47C3A3FA5612F3FB7373A3FD3AA2F3FE9
:1008B000ACF2393FE6F32F3F85AD393FDE3C303FA8
:1008C0004268393FBB85303FE122393F7CCE303F23
:1008D00065DD383F2217313FCB97383FAD5F313F61
:1008E0001652383F1DA8313F430C383F71F0313F5D
:1008F00055C6373FAA38323F4A80373FC780323F1C
:10090000233A373FC9C8323FDFF3363FAF10333F9A
:100910007FAD363F7A58333F0467363F29A0333FD7
:100920006C20363FBCE7333FB8D9353F342F343FD6
:10093000E792353F8F76343FFB4B353FCFBD343F99
:10094000F304353FF304353FCFBD343FFB4B353F18
:100950008F76343FE792353F342F343FB8D9353F57
:10096000BCE7333F6C20363F29A0333F0467363F56
:100970007A58333F7FAD363FAF10333FDFF3363F1A
:10098000C9C8323F233A373FC780323F4A80373F9A
:10099000AA38323F55C6373F71F0313F430C383FDC
:1009A0001DA8313F1652383FAD5F313FCB97383FDE
:1009B0002217313F65DD383F7CCE303FE122393FA1
:1009C000BB85303F4268393FDE3C303F85AD393F23
:1009D000E6F32F3FACF2393FD3AA2F3FB7373A3F68
:1009E000A5612F3FA47C3A3F5B182F3F75C13A3F6A
:1009F000F7CE2E3F29063B3F78852E3FC14A3B3F2D
:100A0000DE3B2E3F3B8F3B3F29F22D3F98D33B3FB0
:100A100059A82D3FD9173C3F6F5E2D3FFC5B3C3FF3
:100A200069142D3F03A03C3F49CA2C3FECE33C3FF7
:100A30000F802C3FB8273D3FB9352C3F676B3D3FBA
:100A40004AEB2B3FF9AE3D3FBFA02B3F6EF23D3F3F
:100A50001B562B3FC5353E3F5B0B2B3FFF783E3F80
:100A600082C02A3F1BBC3E3F8E752A3F1BFF3E3F84
:100A7000802A2A3FFC413F3F57DF293FC0843F3F48
:100A80001594293F67C73F3FB848293FF009403FC9
:100A900041FD283F5C4C403FB0B1283FA98E403F0C
:100AA0000566283FDAD0403F401A283FEC12413F0C
:100AB00061CE273FE154413F6882273FB796413FCF
:100AC0005636273F70D8413F2AEA263F0B1A423F4D
:100AD000E39D263F895B423F8451263FE89C423F8D
:100AE0000A05263F29DE423F77B8253F4C1F433F8A
:100AF000CB6B253F5160433F041F253F38A1433F47
:100B000025D2243F00E2433F2C85243FAB22443FC3
:100B10001A38243F3763443FEEEA233FA5A3443FFE
:100B2000A99D233FF5E3443F4B50233F2624453FF7
:100B3000D302233F3964453F43B5223F2DA4453FAF
:100B40009967223F03E4453FD719223FBB23463F25
:100B5000FBCB213F5463463F067E213FCEA2463F5A
:100B6000F92F213F2AE2463FD2E1203F6721473F4C
:100B70009393203F8560473F3B45203F849F473FFD
:100B8000CBF61F3F65DE473F41A81F3F271D483F6B
:100B90009F591F3FCA5B483FE50A1F3F4E9A483F97
:100BA00012BC1E3FB3D8483F266D1E3FFA16493F80
:100BB000221E1E3F2155493F06CF1D3F2993493F25
:100BC000D17F1D3F12D1493F84301D3FDC0E4A3F8B
:100BD0001FE11C3F874C4A3FA2911C3F138A4A3FAA
:100BE0000C421C3F7FC74A3F5FF21B3FCC044B3F88
:100BF00099A21B3FFA414B3FBB521B3F097F4B3F22
:100C0000C6021B3FF8BB4B3FB8B21A3FC7F84B3F79
:100C100093621A3F78354C3F55121A3F08724C3F89
:100C200000C2193F79AE4C3F9471193FCBEA4C3F5B
:100C30000F21193FFD264D3F73D0183F10634D3FE4
:100C4000C07F183F029F4D3FF52E183FD5DA4D3F2C
:100C500012DE173F89164E3F188D173F1C524E3F2C
:100C6000073C173F908D4E3FDFEA163FE4C84E3FEA
:100C70009F99163F17044F3F4748163F2B3F4F3F62
:100C8000D9F6153F1F7A4F3F54A5153FF4B44F3F97
:100C9000B753153FA8EF4F3F0402153F3B2A503F83
:100CA00039B0143FAF64503F585E143F039F503F2C
:100CB0005F0C143F37D9503F50BA133F4A13513F8E
:100CC0002A68133F3D4D513FEE15133F1087513FAA
:100CD0009AC3123FC2C0513F3071123F54FA513F84
:100CE000B01E123FC633523F19CC113F186D523F10
:100CF0006B79113F49A6523FA726113F59DF523F5A
:100D0000CDD3103F4918533FDC80103F1851533F5B
:100D1000D52D103FC789533FB8DA0F3F55C2533F17
:100D200084870F3FC3FA533F3B340F3F0F33543F89
:100D3000DBE00E3F3B6B543F658D0E3F47A3543FB6
:100D4000DA390E3F31DB543F38E60D3FFB12553F99
:100D500081920D3FA44A553FB33E0D3F2C82553F33
:100D6000D0EA0C3F93B9553FD7960C3FD9F0553F89
:100D7000C9420C3FFE27563FA5EE0B3F025F563F90
:100D80006B9A0B3FE595563F1C460B3FA7CC563F51
:100D9000B7F10A3F4803573F3D9D0A3FC739573FC8
:100DA000AD480A3F2670573F09F4093F63A6573FF5
:100DB0004E9F093F7FDC573F7F4A093F7912583FDA
:100DC0009BF5083F5348583FA1A0083F0B7E583F72
:100DD000924B083FA1B3583F6FF6073F17E9583FC2
:100DE00036A1073F6A1E593FE84B073F9C53593FC6
:100DF00086F6063FAD88593F0EA1063F9CBD593F80
:100E0000824B063F6AF2593FE2F5053F16275A3FEB
:100E10002CA0053FA05B5A3F624A053F09905A3F0C
:100E200084F4043F50C45A3F919E043F75F85A3FE2
:100E30008948043F792C5B3F6DF2033F5A605B3F6A
:100E40003D9C033F1A945B3FF845033FB8C75B3FA7
:100E50009FEF023F34FB5B3F3299023F8E2E5C3F97
:100E6000B142023FC7615C3F1CEC013FDD945C3F37
:100E70007395013FD1C75C3FB53E013FA3FA5C3F8C
:100E8000E4E7003F532D5D3FFF90003FE15F5D3F92
:100E9000063A003F4D925D3FF3C5FF3E97C45D3F6C
:100EA000B217FF3EBEF65D3F4A69FE3EC3285E3F75
:100EB000BBBAFD3EA65A5E3F040CFD3E678C5E3F0A
:100EC000275DFC3E05BE5E3F22AEFB3E81EF5E3FEE
:100ED000F7FEFA3EDB205F3FA54FFA3E12525F3F1E
:100EE0002DA0F93E27835F3F8EF0F83E19B45F3F97
:100EF000C840F83EE9E45F3FDC90F73E9615603F5E
:100F0000CBE0F63E2146603F9330F63E8976603F67
:100F10003580F53ECFA6603FB1CFF43EF2D6603FBC
:100F2000071FF43EF206613F386EF33ED036613F54
:100F300043BDF23E8A66613F290CF23E2296613F34
:100F4000EA5AF13E98C5613F85A9F03EEAF4613F57
:100F5000FBF7EF3E1A24623F4C46EF3E2653623FBA
:100F60007994EE3E1082623F80E2ED3ED7B0623F60
:100F70006330ED3E7BDF623F217EEC3EFC0D633F44
:100F8000BBCBEB3E5A3C633F3019EB3E956A633F67
:100F90008166EA3EAC98633FAEB3E93EA1C6633FCB
:100FA000B700E93E73F4633F9C4DE83E2122643F65
:100FB0005D9AE73EAC4F643FFBE6E63E147D643F3E
:100FC0007533E63E59AA643FCB7FE53E7BD7643F4D
:100FD000FECBE43E7904653F0E18E43E5431653F94
:100FE000FA63E33E0B5E653FC4AFE23EA08A653F15
:100FF0006AFBE13E10B7653FEE46E13E5EE3653FCA
:101000004F92E03E880F663F8DDDDF3E8E3B663FB0
:10101000A928DF3E7167663FA273DE3E3093663FCC
:1010200079BEDD3ECCBE663F2E09DD3E45EA663F19
:10103000C153DC3E9915673F319EDB3ECA40673F96
:1010400080E8DA3ED86B673FAD32DA3EC196673F43
:10105000B97CD93E87C1673FA3C6D83E2AEC673F1B
:101060006B10D83EA816683F135AD73E0341683F1D
:1010700099A3D63E396B683FFDECD53E4C95683F51
:101080004136D53E3CBF683F647FD43E07E9683FA8
:1010900067C8D33EAE12693F4811D33E323C693F28
:1010A000095AD23E9165693FAAA2D13ECC8E693FD2
:1010B0002AEBD03EE4B7693F8A33D03ED7E0693FA0
:1010C000CA7BCF3EA7096A3FEAC3CE3E52326A3F8F
:1010D000EA0BCE3ED95A6A3FCA53CD3E3C836A3FA3
:1010E0008B9BCC3E7BAB6A3F2CE3CB3E95D36A3FD8
:1010F000AE2ACB3E8CFB6A3F1072CA3E5E236B3F2A
:1011000053B9C93E0C4B6B3F7700C93E95726B3F9C
:101110007C47C83EFB996B3F628EC73E3BC16B3F2D
:1011200029D5C63E58E86B3FD21BC63E500F6C3FD8
:101130005C62C53E24366C3FC8A8C43ED45C6C3F9C
:1011400015EFC33E5E836C3F4435C33EC5A96C3F7B
:10115000557BC23E07D06C3F48C1C13E24F66C3F70
:101160001E07C13E1D1C6D3FD54CC03EF2416D3F78
:101170006F92BF3EA1676D3FEBD7BE3E2D8D6D3F99
:101180004A1DBE3E93B26D3F8B62BD3ED5D76D3FCB
:10119000AFA7BC3EF2FC6D3FB6ECBB3EEB216E3F11
:1011A000A031BB3EBE466E3F6E76BA3E6D6B6E3F63
:1011B0001EBBB93EF88F6E3FB2FFB83E5DB46E3FC6
:1011C0002A44B83E9ED86E3F8488B73EBAFC6E3F34
:1011D000C3CCB63EB0206F3FE610B63E83446F3FAF
:1011E000EC54B53E30686F3FD698B43EB88B6F3F35
:1011F000A5DCB33E1BAF6F3F5820B33E5AD26F3FC2
:10120000EF63B23E73F56F3F6BA7B13E6718703F57
:10121000CBEAB03E373B703F102EB03EE15D703FF1
:101220003A71AF3E6680703F49B4AE3EC6A2703F91
:101230003CF7AD3E02C5703F153AAD3E17E7703F33
:10124000D47CAC3E0809713F77BFAB3ED42A713FD6
:101250000102AB3E7A4C713F6F44AA3EFB6D713F79
:10126000C486A93E578F713FFEC8A83E8EB0713F1D
:101270001F0BA83E9FD1713F254DA73E8CF2713FB9
:10128000128FA63E5213723FE5D0A53EF433723F53
:101290009F12A53E7054723F3F54A43EC774723FE4
:1012A000C595A33EF894723F33D7A23E04B5723F72
:1012B0008718A23EEBD4723FC259A13EACF4723FF4
:1012C000E59AA03E4714733FEEDB9F3EBE33733F6B
:1012D000DF1C9F3E0E53733FB85D9E3E3972733FD5
:1012E000789E9D3E3F91733F20DF9C3E1FB0733F31
:1012F000AF1F9C3ED9CE733F27609B3E6EED733F80
:1013000086A09A3EDD0B743FCEE0993E272A743FBB
:10131000FE20993E4B48743F1661983E4966743FE3
:1013200017A1973E2284743F00E1963ED5A1743FF9
:10133000D220963E62BF743F8D60953EC9DC743FFB
:1013400031A0943E0BFA743FBFDF933E2717753FE1
:10135000351F933E1D34753F945E923EED50753FB0
:10136000DD9D913E976D753F10DD903E1C8A753F67
:101370002C1C903E7BA6753F325B8F3EB3C2753FFF
:10138000229A8E3EC6DE753FFCD88D3EB3FA753F7D
:10139000C0178D3E7A16763F6E568C3E1B32763FD6
:1013A00007958B3E974D763F8AD38A3EEC68763F11
:1013B000F8118A3E1B84763F5050893E249F763F29
:1013C000938E883E07BA763FC1CC873EC4D4763F21
:1013D000DA0A873E5BEF763FDF48863ECC09773FEF
:1013E000CE86853E1724773FAAC4843E3C3E773F95
:1013F0007002843E3A58773F2240833E1372773F13
:10140000C07D823EC58B773F4ABB813E51A5773F69
:10141000C0F8803EB7BE773F2236803EF7D7773F91
:10142000E1E67E3E10F1773F56617D3E040A783F4B
:10143000A4DB7B3ED122783FCB557A3E773B783F89
:10144000CCCF783EF853783FA649773E526C783F30
:101450005AC3753E8684783FE83C743E939C783F3F
:1014600051B6723E7BB4783F942F713E3BCC783FAF
:10147000B2A86F3ED6E3783FAB216E3E4AFB783F81
:101480007F9A6C3E9812793F2F136B3EBF29793FAC
:10149000BA8B693EC040793F2204683E9A57793F33
:1014A000667C663E4E6E793F86F4643EDC84793F0E
:1014B000836C633E439B793F5CE4613E83B1793F3B
:1014C000135C603E9DC7793FA8D35E3E91DD793FB6
:1014D0001A4B5D3E5EF3793F6AC25B3E04097A3F78
:1014E00097395A3E841E7A3FA4B0583EDD337A3F86
:1014F0008F27573E10497A3F589E553E1C5E7A3FD3
:101500000115543E02737A3F898B523EC1877A3F60
:10151000F101513E599C7A3F38784F3ECBB07A3F2B
:1015200060EE4D3E16C57A3F67644C3E3AD97A3F2D
:101530004FDA4A3E37ED7A3F1850493E0E017B3F65
:10154000C2C5473EBE147B3F4D3B463E48287B3FCD
:10155000B9B0443EAB3B7B3F0726433EE74E7B3F63
:10156000379B413EFC617B3F4910403EEA747B3F24
:101570003E853E3EB2877B3F15FA3C3E539A7B3F09
:10158000CF6E3B3ECDAC7B3F6CE3393E20BF7B3F13
:10159000EC57383E4DD17B3F50CC363E53E37B3F3A
:1015A0009840353E31F57B3FC4B4333EE9067C3F7D
:1015B000D428323E7A187C3FC99C303EE5297C3FD6
:1015C000A2102F3E283B7C3F61842D3E444C7C3F43
:1015D00004F82B3E3A5D7C3F8D6B2A3E086E7C3FC3
:1015E000FCDE283EB07E7C3F5152273E318F7C3F4F
:1015F0008CC5253E8A9F7C3FAD38243EBDAF7C3FE5
:10160000B6AB223EC9BF7C3FA51E213EAECF7C3F7C
:101610007B911F3E6CDF7C3F38041E3E03EF7C3F16
:10162000DE761C3E73FE7C3F6BE91A3EBC0D7D3FAF
:10163000E05B193EDD1C7D3F3DCE173ED82B7D3F44
:101640008340163EAC3A7D3FB2B2143E59497D3FCD
:10165000CA24133EDE577D3FCC96113E3D667D3F4A
:10166000B708103E74747D3F8B7A0E3E85827D3FB5
:101670004AEC0C3E6E907D3FF35D0B3E309E7D3F0D
:1016800086CF093ECCAB7D3F0541083E40B97D3F4A
:101690006EB2063E8CC67D3FC223053EB2D37D3F6F
:1016A0000295033EB1E07D3F2E06023E88ED7D3F70
:1016B0004577003E38FA7D3F92D0FD3DC2067E3F21
:1016C00073B2FA3D24137E3F2C94F73D5E1F7E3F9C
:1016D000C075F43D722B7E3F2E57F13D5E377E3F45
:1016E0007638EE3D23437E3F9A19EB3DC14E7E3F57
:1016F0009AFAE73D385A7E3F76DBE43D88657E3FC7
:101700002EBCE13DB0707E3FC49CDE3DB17B7E3F90
:10171000377DDB3D8B867E3F895DD83D3D917E3FA9
:10172000B93DD53DC99B7E3FC81DD23D2DA67E3F0C
:10173000B7FDCE3D69B07E3F86DDCB3D7FBA7E3FB3
:1017400036BDC83D6DC47E3FC69CC53D34CE7E3F90
:10175000397CC23DD4D77E3F8D5BBF3D4CE17E3F9F
:10176000C33ABC3D9DEA7E3FDD19B93DC7F37E3FDC
:10177000DAF8B53DC9FC7E3FBBD7B23DA4057F3F3B
:1017800080B6AF3D580E7F3F2B95AC3DE4167F3FB2
:10179000BA73A93D491F7F3F3052A63D87277F3F3F
:1017A0008C30A33D9D2F7F3FCF0EA03D8D377F3FD7
:1017B000F9EC9C3D543F7F3F0ACB993DF4467F3F77
:1017C00005A9963D6D4E7F3FE786933DBF557F3F10
:1017D000B464903DE95C7F3F6A428D3DEC637F3F9E
:1017E0000A208A3DC76A7F3F94FD863D7B717F3F1B
:1017F0000ADB833D08787F3F6CB8803D6D7E7F3F7C
:10180000742B7B3DAB847F3FE9E5743DC28A7F3F0B
:1018100038A06E3DB1907F3F625A683D78967F3F19
:101820006814623D189C7F3F4CCE5B3D91A17F3F89
:101830000E88553DE3A67F3FAF414F3D0DAC7F3F46
:101840002FFB483D0FB17F3F91B4423DEAB57F3F4A
:10185000D56D3C3D9EBA7F3FFC26363D2ABF7F3F7B
:1018600007E02F3D8FC37F3FF698293DCCC77F3FD0
:10187000CC51233DE2CB7F3F880A1D3DD1CF7F3F36
:101880002CC3163D98D37F3FB87B103D37D77F3FA1
:101890002F340A3DAFDA7F3F90EC033D00DE7F3FFF
:1018A000B949FB3C29E17F3F2DBAEE3C2BE47F3F59
:1018B0007B2AE23C05E77F3FA69AD53CB8E97F3F0B
:1018C000B00AC93C43EC7F3F9B7ABC3CA7EE7F3F0C
:1018D00069EAAF3CE3F07F3F1C5AA33CF8F27F3F3C
:1018E000B6C9963CE6F47F3F38398A3CACF67F3F78
:1018F0004B517B3C4AF87F3F0030623CC1F97F3F4F
:10190000900E493C11FB7F3F02ED2F3C39FC7F3F9D
:1019100059CB163C39FD7F3F3053FB3B13FE7F3FD5
:10192000890FC93BC4FE7F3FC1CB963B4EFF7F3F33
:10193000C70F493BB1FF7F3FD40FC93AECFF7F3F50
:10194000000000000000803FD40FC9BAECFF7F3FC9
:10195000C70F49BBB1FF7F3FC1CB96BB4EFF7F3F57
:10196000890FC9BBC4FE7F3F3053FBBB13FE7F3FD3
:1019700059CB16BC39FD7F3F02ED2FBC39FC7F3FB0
:10198000900E49BC11FB7F3F003062BCC1F97F3F24
:101990004B517BBC4AF87F3F38398ABCACF67F3F5D
:1019A000B6C996BCE6F47F3F1C5AA3BCF8F27F3F51
:1019B00069EAAFBCE3F07F3F9B7ABCBCA7EE7F3FF8
:1019C000B00AC9BC43EC7F3FA69AD5BCB8E97F3FBB
:1019D0007B2AE2BC05E77F3F2DBAEEBC2BE47F3FBC
:1019E000B949FBBC29E17F3F90EC03BD00DE7F3F9E
:1019F0002F340ABDAFDA7F3FB87B10BD37D77F3FAA
:101A00002CC316BD98D37F3F880A1DBDD1CF7F3F21
:101A1000CC5123BDE2CB7F3FF69829BDCCC77F3F99
:101A200007E02FBD8FC37F3FFC2636BD2ABF7F3F17
:101A3000D56D3CBD9EBA7F3F91B442BDEAB57F3FB4
:101A40002FFB48BD0FB17F3FAF414FBD0DAC7F3F76
:101A50000E8855BDE3A67F3F4CCE5BBD91A17F3F75
:101A6000681462BD189C7F3F625A68BD78967F3FBC
:101A700038A06EBDB1907F3FE9E574BDC28A7F3F5B
:101A8000742B7BBDAB847F3F6CB880BD6D7E7F3F88
:101A90000ADB83BD08787F3F94FD86BD7B717F3F65
:101AA0000A208ABDC76A7F3F6A428DBDEC637F3FD3
:101AB000B46490BDE95C7F3FE78693BDBF557F3F2F
:101AC00005A996BD6D4E7F3F0ACB99BDF4467F3F79
:101AD000F9EC9CBD543F7F3FCF0EA0BD8D377F3FBB
:101AE0008C30A3BD9D2F7F3F3052A6BD87277F3FFF
:101AF000BA73A9BD491F7F3F2B95ACBDE4167F3F4C
:101B000080B6AFBD580E7F3FBBD7B2BDA4057F3FA7
:101B1000DAF8B5BDC9FC7E3FDD19B9BDC7F37E3F1C
:101B2000C33ABCBD9DEA7E3F8D5BBFBD4CE17E3FAD
:101B3000397CC2BDD4D77E3FC69CC5BD34CE7E3F66
:101B400036BDC8BD6DC47E3F86DDCBBD7FBA7E3F4E
:101B5000B7FDCEBD69B07E3FC81DD2BD2DA67E3F6C
:101B6000B93DD5BDC99B7E3F895DD8BD3D917E3FC6
:101B7000377DDBBD8B867E3FC49CDEBDB17B7E3F67
:101B80002EBCE1BDB0707E3F76DBE4BD88657E3F54
:101B90009AFAE7BD385A7E3F9A19EBBDC14E7E3F97
:101BA0007638EEBD23437E3F2E57F1BD5E377E3F34
:101BB000C075F4BD722B7E3F2C94F7BD5E1F7E3F37
:101BC00073B2FABD24137E3F92D0FDBDC2067E3FA4
:101BD000457700BE38FA7D3F2E0602BE88ED7D3F78
:101BE000029503BEB1E07D3FC22305BEB2D37D3F67
:101BF0006EB206BE8CC67D3F054108BE40B97D3F32
:101C000086CF09BECCAB7D3FF35D0BBE309E7D3FE2
:101C10004AEC0CBE6E907D3F8B7A0EBE85827D3F76
:101C2000B70810BE74747D3FCC9611BE3D667D3FF3
:101C3000CA2413BEDE577D3FB2B214BE59497D3F60
:101C4000834016BEAC3A7D3F3DCE17BED82B7D3FBC
:101C5000E05B19BEDD1C7D3F6BE91ABEBC0D7D3F0C
:101C6000DE761CBE73FE7C3F38041EBE03EF7C3F55
:101C70007B911FBE6CDF7C3FA51E21BEAECF7C3F9B
:101C8000B6AB22BEC9BF7C3FAD3824BEBDAF7C3FE2
:101C90008CC525BE8A9F7C3F515227BE318F7C3F29
:101CA000FCDE28BEB07E7C3F8D6B2ABE086E7C3F7A
:101CB00004F82BBE3A5D7C3F61842DBE444C7C3FD2
:101CC000A2102FBE283B7C3FC99C30BEE5297C3F3B
:101CD000D42832BE7A187C3FC4B433BEE9067C3FB8
:101CE000984035BE31F57B3F50CC36BE53E37B3F49
:101CF000EC5738BE4DD17B3F6CE339BE20BF7B3FF4
:101D0000CF6E3BBECDAC7B3F15FA3CBE539A7B3FBA
:101D10003E853EBEB2877B3F491040BEEA747B3FA2
:101D2000379B41BEFC617B3F072643BEE74E7B3FAE
:101D3000B9B044BEAB3B7B3F4D3B46BE48287B3FE2
:101D4000C2C547BEBE147B3F185049BE0E017B3F43
:101D50004FDA4ABE37ED7A3F67644CBE3AD97A3FD4
:101D600060EE4DBE16C57A3F38784FBECBB07A3F95
:101D7000F10151BE599C7A3F898B52BEC1877A3F8F
:101D8000011554BE02737A3F589E55BE1C5E7A3FC1
:101D90008F2757BE10497A3FA4B058BEDD337A3F33
:101DA00097395ABE841E7A3F6AC25BBE04097A3FE5
:101DB0001A4B5DBE5EF3793FA8D35EBE91DD793FDD
:101DC000135C60BE9DC7793F5CE461BE83B1793F1F
:101DD000836C63BE439B793F86F464BEDC84793FA9
:101DE000667C66BE4E6E793F220468BE9A57793F84
:101DF000BA8B69BEC040793F2F136BBEBF29793FB4
:101E00007F9A6CBE9812793FAB216EBE4AFB783F39
:101E1000B2A86FBED6E3783F942F71BE3BCC783F1B
:101E200051B672BE7BB4783FE83C74BE939C783F59
:101E30005AC375BE8684783FA64977BE526C783FF8
:101E4000CCCF78BEF853783FCB557ABE773B783FFE
:101E5000A4DB7BBED122783F56617DBE040A783F69
:101E6000E1E67EBE10F1773F223680BEF7D7773F9E
:101E7000C0F880BEB7BE773F4ABB81BE51A5773F51
:101E8000C07D82BEC58B773F224083BE1372773FF1
:101E9000700284BE3A58773FAAC484BE3C3E773F66
:101EA000CE8685BE1724773FDF4886BECC09773FB4
:101EB000DA0A87BE5BEF763FC1CC87BEC4D4763FDB
:101EC000938E88BE07BA763F505089BE249F763FD6
:101ED000F8118ABE1B84763F8AD38ABEEC68763FAF
:101EE00007958BBE974D763F6E568CBE1B32763F64
:101EF000C0178DBE7A16763FFCD88DBEB3FA753FFB
:101F0000229A8EBEC6DE753F325B8FBEB3C2753F6E
:101F10002C1C90BE7BA6753F10DD90BE1C8A753FC1
:101F2000DD9D91BE976D753F945E92BEED50753FFD
:101F3000351F93BE1D34753FBFDF93BE2717753F16
:101F400031A094BE0BFA743F8D6095BEC9DC743F1E
:101F5000D22096BE62BF743F00E196BED5A1743F09
:101F600017A197BE2284743F166198BE4966743FDC
:101F7000FE2099BE4B48743FCEE099BE272A743F9D
:101F800086A09ABEDD0B743F27609BBE6EED733F4B
:101F9000AF1F9CBED9CE733F20DF9CBE1FB0733FE6
:101FA000789E9DBE3F91733FB85D9EBE3972733F70
:101FB000DF1C9FBE0E53733FEEDB9FBEBE33733FED
:101FC000E59AA0BE4714733FC259A1BEACF4723F5C
:101FD0008718A2BEEBD4723F33D7A2BE04B5723FBE
:101FE000C595A3BEF894723F3F54A4BEC774723F18
:101FF0009F12A5BE7054723FE5D0A5BEF433723F68
:10200000128FA6BE5213723F254DA7BE8CF2713FB0
:102010001F0BA8BE9FD1713FFEC8A8BE8EB0713FF6
:10202000C486A9BE578F713F6F44AABEFB6D713F36
:102030000102ABBE7A4C713F77BFABBED42A713F71
:10204000D47CACBE0809713F153AADBE17E7703FAE
:102050003CF7ADBE02C5703F49B4AEBEC6A2703FEC
:102060003A71AFBE6680703F102EB0BEE15D703F2A
:10207000CBEAB0BE373B703F6BA7B1BE6718703F6D
:10208000EF63B2BE73F56F3F5820B3BE5AD26F3FB5
:10209000A5DCB3BE1BAF6F3FD698B4BEB88B6F3F05
:1020A000EC54B5BE30686F3FE610B6BE83446F3F58
:1020B000C3CCB6BEB0206F3F8488B7BEBAFC6E3FBB
:1020C0002A44B8BE9ED86E3FB2FFB8BE5DB46E3F24
:1020D0001EBBB9BEF88F6E3F6E76BABE6D6B6E3F9B
:1020E000A031BBBEBE466E3FB6ECBBBEEB216E3F21
:1020F000AFA7BCBEF2FC6D3F8B62BDBED5D76D3FB6
:102100004A1DBEBE93B26D3FEBD7BEBE2D8D6D3F57
:102110006F92BFBEA1676D3FD54CC0BEF2416D3F0F
:102120001E07C1BE1D1C6D3F48C1C1BE24F66C3FD9
:10213000557BC2BE07D06C3F4435C3BEC5A96C3FBA
:1021400015EFC3BE5E836C3FC8A8C4BED45C6C3FB1
:102150005C62C5BE24366C3FD21BC6BE500F6C3FBE
:1021600029D5C6BE58E86B3F628EC7BE3BC16B3FE8
:102170007C47C8BEFB996B3F7700C9BE95726B3F29
:1021800053B9C9BE0C4B6B3F1072CABE5E236B3F86
:10219000AE2ACBBE8CFB6A3F2CE3CBBE95D36A3F05
:1021A0008B9BCCBE7BAB6A3FCA53CDBE3C836A3FA0
:1021B000EA0BCEBED95A6A3FEAC3CEBE52326A3F5C
:1021C000CA7BCFBEA7096A3F8A33D0BED7E0693F3A
:1021D0002AEBD0BEE4B7693FAAA2D1BECC8E693F3C
:1021E000095AD2BE9165693F4811D3BE323C693F5E
:1021F00067C8D3BEAE12693F647FD4BE07E9683FAB
:102200004136D5BE3CBF683FFDECD5BE4C95683F1E
:1022100099A3D6BE396B683F135AD7BE0341683FB6
:102220006B10D8BEA816683FA3C6D8BE2AEC673F7D
:10223000B97CD9BE87C1673FAD32DABEC196673F70
:1022400080E8DABED86B673F319EDBBECA40673F8D
:10225000C153DCBE9915673F2E09DDBE45EA663FD6
:1022600079BEDDBECCBE663FA273DEBE3093663F54
:10227000A928DFBE7167663F8DDDDFBE8E3B663FFE
:102280004F92E0BE880F663FEE46E1BE5EE3653FDB
:102290006AFBE1BE10B7653FC4AFE2BEA08A653FEE
:1022A000FA63E3BE0B5E653F0E18E4BE5431653F32
:1022B000FECBE4BE7904653FCB7FE5BE7BD7643FB0
:1022C0007533E6BE59AA643FFBE6E6BE147D643F63
:1022D0005D9AE7BEAC4F643F9C4DE8BE2122643F4F
:1022E000B700E9BE73F4633FAEB3E9BEA1C6633F76
:1022F0008166EABEAC98633F3019EBBE956A633FD6
:10230000BBCBEBBE5A3C633F217EECBEFC0D633F72
:102310006330EDBE7BDF623F80E2EDBED7B0623F4F
:102320007994EEBE1082623F4C46EFBE2653623F68
:10233000FBF7EFBE1A24623F85A9F0BEEAF4613FC5
:10234000EA5AF1BE98C5613F290CF2BE2296613F60
:1023500043BDF2BE8A66613F386EF3BED036613F40
:10236000071FF4BEF206613FB1CFF4BEF2D6603F64
:102370003580F5BECFA6603F9330F6BE8976603FCC
:10238000CBE0F6BE2146603FDC90F7BE9615603F7D
:10239000C840F8BEE9E45F3F8EF0F8BE19B45F3F75
:1023A0002DA0F9BE27835F3FA54FFABE12525F3FB3
:1023B000F7FEFABEDB205F3F22AEFBBE81EF5E3F41
:1023C000275DFCBE05BE5E3F040CFDBE678C5E3F14
:1023D000BBBAFDBEA65A5E3F4A69FEBEC3285E3F39
:1023E000B217FFBEBEF65D3FF3C5FFBE97C45D3FAB
:1023F000063A00BF4D925D3FFF9000BFE15F5D3F39
:10240000E4E700BF532D5D3FB53E01BFA3FA5C3F3B
:10241000739501BFD1C75C3F1CEC01BFDD945C3FED
:10242000B14202BFC7615C3F329902BF8E2E5C3F52
:102430009FEF02BF34FB5B3FF84503BFB8C75B3F6C
:102440003D9C03BF1A945B3F6DF203BF5A605B3F34
:10245000894804BF792C5B3F919E04BF75F85A3FB1
:1024600084F404BF50C45A3F624A05BF09905A3FE2
:102470002CA005BFA05B5A3FE2F505BF16275A3FC7
:10248000824B06BF6AF2593F0EA106BF9CBD593F61
:1024900086F606BFAD88593FE84B07BF9C53593FAE
:1024A00036A107BF6A1E593F6FF607BF17E9583FAD
:1024B000924B08BFA1B3583FA1A008BF0B7E583F65
:1024C0009BF508BF5348583F7F4A09BF7912583FD0
:1024D0004E9F09BF7FDC573F09F409BF63A6573FF2
:1024E000AD480ABF2670573F3D9D0ABFC739573FC9
:1024F000B7F10ABF4803573F1C460BBFA7CC563F56
:102500006B9A0BBFE595563FA5EE0BBF025F563F9A
:10251000C9420CBFFE27563FD7960CBFD9F0553F96
:10252000D0EA0CBF93B9553FB33E0DBF2C82553F47
:1025300081920DBFA44A553F38E60DBFFB12553FAF
:10254000DA390EBF31DB543F658D0EBF47A3543FD0
:10255000DBE00EBF3B6B543F3B340FBF0F33543FA8
:1025600084870FBFC3FA533FB8DA0FBF55C2533F3A
:10257000D52D10BFC789533FDC8010BF1851533F82
:10258000CDD310BF4918533FA72611BF59DF523F83
:102590006B7911BF49A6523F19CC11BF186D523F3C
:1025A000B01E12BFC633523F307112BF54FA513FB2
:1025B0009AC312BFC2C0513FEE1513BF1087513FDF
:1025C0002A6813BF3D4D513F50BA13BF4A13513FC4
:1025D0005F0C14BF37D9503F585E14BF039F503F64
:1025E00039B014BFAF64503F040215BF3B2A503FBF
:1025F000B75315BFA8EF4F3F54A515BFF4B44F3FD5
:10260000D9F615BF1F7A4F3F474816BF2B3F4F3FA4
:102610009F9916BF17044F3FDFEA16BFE4C84E3F2D
:10262000073C17BF908D4E3F188D17BF1C524E3F71
:1026300012DE17BF89164E3FF52E18BFD5DA4D3F73
:10264000C07F18BF029F4D3F73D018BF10634D3F2E
:102650000F2119BFFD264D3F947119BFCBEA4C3FA6
:1026600000C219BF79AE4C3F55121ABF08724C3FD9
:1026700093621ABF78354C3FB8B21ABFC7F84B3FC8
:10268000C6021BBFF8BB4B3FBB521BBF097F4B3F72
:1026900099A21BBFFA414B3F5FF21BBFCC044B3FDB
:1026A0000C421CBF7FC74A3FA2911CBF138A4A3FFE
:1026B0001FE11CBF874C4A3F84301DBFDC0E4A3FE0
:1026C000D17F1DBF12D1493F06CF1DBF2993493F7E
:1026D000221E1EBF2155493F266D1EBFFA16493FD7
:1026E00012BC1EBFB3D8483FE50A1FBF4E9A483FF1
:1026F0009F591FBFCA5B483F41A81FBF271D483FC6
:10270000CBF61FBF65DE473F3B4520BF849F473F59
:10271000939320BF8560473FD2E120BF6721473FA9
:10272000F92F21BF2AE2463F067E21BFCEA2463FB7
:10273000FBCB21BF5463463FD71922BFBB23463F83
:10274000996722BF03E4453F43B522BF2DA4453F0F
:10275000D30223BF3964453F4B5023BF2624453F56
:10276000A99D23BFF5E3443FEEEA23BFA5A3443F61
:102770001A3824BF3763443F2C8524BFAB22443F23
:1027800025D224BF00E2433F041F25BF38A1433FA9
:10279000CB6B25BF5160433F77B825BF4C1F433FEC
:1027A0000A0526BF29DE423F845126BFE89C423FEE
:1027B000E39D26BF895B423F2AEA26BF0B1A423FB0
:1027C000563627BF70D8413F688227BFB796413F32
:1027D00061CE27BFE154413F401A28BFEC12413F70
:1027E000056628BFDAD0403FB0B128BFA98E403F70
:1027F00041FD28BF5C4C403FB84829BFF009403F2D
:10280000159429BF67C73F3F57DF29BFC0843F3FAB
:10281000802A2ABFFC413F3F8E752ABF1BFF3E3FE7
:1028200082C02ABF1BBC3E3F5B0B2BBFFF783E3FE5
:102830001B562BBFC5353E3FBFA02BBF6EF23D3FA1
:102840004AEB2BBFF9AE3D3FB9352CBF676B3D3F1F
:102850000F802CBFB8273D3F49CA2CBFECE33C3F5B
:1028600069142DBF03A03C3F6F5E2DBFFC5B3C3F56
:1028700059A82DBFD9173C3F29F22DBF98D33B3F14
:10288000DE3B2EBF3B8F3B3F78852EBFC14A3B3F8F
:10289000F7CE2EBF29063B3F5B182FBF75C13A3FCD
:1028A000A5612FBFA47C3A3FD3AA2FBFB7373A3FC9
:1028B000E6F32FBFACF2393FDE3C30BF85AD393F88
:1028C000BB8530BF4268393F7CCE30BFE122393F03
:1028D000221731BF65DD383FAD5F31BFCB97383F41
:1028E0001DA831BF1652383F71F031BF430C383F3D
:1028F000AA3832BF55C6373FC78032BF4A80373FFC
:10290000C9C832BF233A373FAF1033BFDFF3363F7A
:102910007A5833BF7FAD363F29A033BF0467363FB7
:10292000BCE733BF6C20363F342F34BFB8D9353FB6
:102930008F7634BFE792353FCFBD34BFFB4B353F79
:10294000F30435BFF304353FFB4B35BFCFBD343FF8
:10295000E79235BF8F76343FB8D935BF342F343F37
:102960006C2036BFBCE7333F046736BF29A0333F36
:102970007FAD36BF7A58333FDFF336BFAF10333FFA
:10298000233A37BFC9C8323F4A8037BFC780323F7A
:1029900055C637BFAA38323F430C38BF71F0313FBC
:1029A000165238BF1DA8313FCB9738BFAD5F313FBE
:1029B00065DD38BF2217313FE12239BF7CCE303F81
:1029C000426839BFBB85303F85AD39BFDE3C303F03
:1029D000ACF239BFE6F32F3FB7373ABFD3AA2F3F48
:1029E000A47C3ABFA5612F3F75C13ABF5B182F3F4A
:1029F00029063BBFF7CE2E3FC14A3BBF78852E3F0D
:102A00003B8F3BBFDE3B2E3F98D33BBF29F22D3F90
:102A1000D9173CBF59A82D3FFC5B3CBF6F5E2D3FD3
:102A200003A03CBF69142D3FECE33CBF49CA2C3FD7
:102A3000B8273DBF0F802C3F676B3DBFB9352C3F9A
:102A4000F9AE3DBF4AEB2B3F6EF23DBFBFA02B3F1F
:102A5000C5353EBF1B562B3FFF783EBF5B0B2B3F60
:102A60001BBC3EBF82C02A3F1BFF3EBF8E752A3F64
:102A7000FC413FBF802A2A3FC0843FBF57DF293F28
:102A800067C73FBF1594293FF00940BFB848293FA9
:102A90005C4C40BF41FD283FA98E40BFB0B1283FEC
:102AA000DAD040BF0566283FEC1241BF401A283FEC
:102AB000E15441BF61CE273FB79641BF6882273FAF
:102AC00070D841BF5636273F0B1A42BF2AEA263F2D
:102AD000895B42BFE39D263FE89C42BF8451263F6D
:102AE00029DE42BF0A05263F4C1F43BF77B8253F6A
:102AF000516043BFCB6B253F38A143BF041F253F27
:102B000000E243BF25D2243FAB2244BF2C85243FA3
:102B1000376344BF1A38243FA5A344BFEEEA233FDE
:102B2000F5E344BFA99D233F262445BF4B50233FD7
:102B3000396445BFD302233F2DA445BF43B5223F8F
:102B400003E445BF9967223FBB2346BFD719223F05
:102B5000546346BFFBCB213FCEA246BF067E213F3A
:102B60002AE246BFF92F213F672147BFD2E1203F2C
:102B7000856047BF9393203F849F47BF3B45203FDD
:102B800065DE47BFCBF61F3F271D48BF41A81F3F4B
:102B9000CA5B48BF9F591F3F4E9A48BFE50A1F3F77
:102BA000B3D848BF12BC1E3FFA1649BF266D1E3F60
:102BB000215549BF221E1E3F299349BF06CF1D3F05
:102BC00012D149BFD17F1D3FDC0E4ABF84301D3F6B
:102BD000874C4ABF1FE11C3F138A4ABFA2911C3F8A
:102BE0007FC74ABF0C421C3FCC044BBF5FF21B3F68
:102BF000FA414BBF99A21B3F097F4BBFBB521B3F02
:102C0000F8BB4BBFC6021B3FC7F84BBFB8B21A3F59
:102C100078354CBF93621A3F08724CBF55121A3F69
:102C200079AE4CBF00C2193FCBEA4CBF9471193F3B
:102C3000FD264DBF0F21193F10634DBF73D0183FC4
:102C4000029F4DBFC07F183FD5DA4DBFF52E183F0C
:102C500089164EBF12DE173F1C524EBF188D173F0C
:102C6000908D4EBF073C173FE4C84EBFDFEA163FCA
:102C700017044FBF9F99163F2B3F4FBF4748163F42
:102C80001F7A4FBFD9F6153FF4B44FBF54A5153F77
:102C9000A8EF4FBFB753153F3B2A50BF0402153F63
:102CA000AF6450BF39B0143F039F50BF585E143F0C
:102CB00037D950BF5F0C143F4A1351BF50BA133F6E
:102CC0003D4D51BF2A68133F108751BFEE15133F8A
:102CD000C2C051BF9AC3123F54FA51BF3071123F64
:102CE000C63352BFB01E123F186D52BF19CC113FF0
:102CF00049A652BF6B79113F59DF52BFA726113F3A
:102D0000491853BFCDD3103F185153BFDC80103F3B
:102D1000C78953BFD52D103F55C253BFB8DA0F3FF7
:102D2000C3FA53BF84870F3F0F3354BF3B340F3F69
:102D30003B6B54BFDBE00E3F47A354BF658D0E3F96
:102D400031DB54BFDA390E3FFB1255BF38E60D3F79
:102D5000A44A55BF81920D3F2C8255BFB33E0D3F13
:102D600093B955BFD0EA0C3FD9F055BFD7960C3F69
:102D7000FE2756BFC9420C3F025F56BFA5EE0B3F70
:102D8000E59556BF6B9A0B3FA7CC56BF1C460B3F31
:102D9000480357BFB7F10A3FC73957BF3D9D0A3FA8
:102DA000267057BFAD480A3F63A657BF09F4093FD5
:102DB0007FDC57BF4E9F093F791258BF7F4A093FBA
:102DC000534858BF9BF5083F0B7E58BFA1A0083F52
:102DD000A1B358BF924B083F17E958BF6FF6073FA2
:102DE0006A1E59BF36A1073F9C5359BFE84B073FA6
:102DF000AD8859BF86F6063F9CBD59BF0EA1063F60
:102E00006AF259BF824B063F16275ABFE2F5053FCB
:102E1000A05B5ABF2CA0053F09905ABF624A053FEC
:102E200050C45ABF84F4043F75F85ABF919E043FC2
:102E3000792C5BBF8948043F5A605BBF6DF2033F4A
:102E40001A945BBF3D9C033FB8C75BBFF845033F87
:102E500034FB5BBF9FEF023F8E2E5CBF3299023F77
:102E6000C7615CBFB142023FDD945CBF1CEC013F17
:102E7000D1C75CBF7395013FA3FA5CBFB53E013F6C
:102E8000532D5DBFE4E7003FE15F5DBFFF90003F72
:102E90004D925DBF063A003F97C45DBFF3C5FF3E4C
:102EA000BEF65DBFB217FF3EC3285EBF4A69FE3E55
:102EB000A65A5EBFBBBAFD3E678C5EBF040CFD3EEA
:102EC00005BE5EBF275DFC3E81EF5EBF22AEFB3ECE
:102ED000DB205FBFF7FEFA3E12525FBFA54FFA3EFE
:102EE00027835FBF2DA0F93E19B45FBF8EF0F83E77
:102EF000E9E45FBFC840F83E961560BFDC90F73E3E
:102F0000214660BFCBE0F63E897660BF9330F63E47
:102F1000CFA660BF3580F53EF2D660BFB1CFF43E9C
:102F2000F20661BF071FF43ED03661BF386EF33E34
:102F30008A6661BF43BDF23E229661BF290CF23E14
:102F400098C561BFEA5AF13EEAF461BF85A9F03E37
:102F50001A2462BFFBF7EF3E265362BF4C46EF3E9A
:102F6000108262BF7994EE3ED7B062BF80E2ED3E40
:102F70007BDF62BF6330ED3EFC0D63BF217EEC3E24
:102F80005A3C63BFBBCBEB3E956A63BF3019EB3E47
:102F9000AC9863BF8166EA3EA1C663BFAEB3E93EAB
:102FA00073F463BFB700E93E212264BF9C4DE83E45
:102FB000AC4F64BF5D9AE73E147D64BFFBE6E63E1E
:102FC00059AA64BF7533E63E7BD764BFCB7FE53E2D
:102FD000790465BFFECBE43E543165BF0E18E43E74
:102FE0000B5E65BFFA63E33EA08A65BFC4AFE23EF5
:102FF00010B765BF6AFBE13E5EE365BFEE46E13EAA
:10300000880F66BF4F92E03E8E3B66BF8DDDDF3E90
:10301000716766BFA928DF3E309366BFA273DE3EAC
:10302000CCBE66BF79BEDD3E45EA66BF2E09DD3EF9
:10303000991567BFC153DC3ECA4067BF319EDB3E76
:10304000D86B67BF80E8DA3EC19667BFAD32DA3E23
:1030500087C167BFB97CD93E2AEC67BFA3C6D83EFB
:10306000A81668BF6B10D83E034168BF135AD73EFD
:10307000396B68BF99A3D63E4C9568BFFDECD53E31
:103080003CBF68BF4136D53E07E968BF647FD43E88
:10309000AE1269BF67C8D33E323C69BF4811D33E08
:1030A000916569BF095AD23ECC8E69BFAAA2D13EB2
:1030B000E4B769BF2AEBD03ED7E069BF8A33D03E80
:1030C000A7096ABFCA7BCF3E52326ABFEAC3CE3E6F
:1030D000D95A6ABFEA0BCE3E3C836ABFCA53CD3E83
:1030E0007BAB6ABF8B9BCC3E95D36ABF2CE3CB3EB8
:1030F0008CFB6ABFAE2ACB3E5E236BBF1072CA3E0A
:103100000C4B6BBF53B9C93E95726BBF7700C93E7C
:10311000FB996BBF7C47C83E3BC16BBF628EC73E0D
:1031200058E86BBF29D5C63E500F6CBFD21BC63EB8
:1031300024366CBF5C62C53ED45C6CBFC8A8C43E7C
:103140005E836CBF15EFC33EC5A96CBF4435C33E5B
:1031500007D06CBF557BC23E24F66CBF48C1C13E50
:103160001D1C6DBF1E07C13EF2416DBFD54CC03E58
:10317000A1676DBF6F92BF3E2D8D6DBFEBD7BE3E79
:1031800093B26DBF4A1DBE3ED5D76DBF8B62BD3EAB
:10319000F2FC6DBFAFA7BC3EEB216EBFB6ECBB3EF1
:1031A000BE466EBFA031BB3E6D6B6EBF6E76BA3E43
:1031B000F88F6EBF1EBBB93E5DB46EBFB2FFB83EA6
:1031C0009ED86EBF2A44B83EBAFC6EBF8488B73E14
:1031D000B0206FBFC3CCB63E83446FBFE610B63E8F
:1031E00030686FBFEC54B53EB88B6FBFD698B43E15
:1031F0001BAF6FBFA5DCB33E5AD26FBF5820B33EA2
:1032000073F56FBFEF63B23E671870BF6BA7B13E37
:10321000373B70BFCBEAB03EE15D70BF102EB03ED1
:10322000668070BF3A71AF3EC6A270BF49B4AE3E71
:1032300002C570BF3CF7AD3E17E770BF153AAD3E13
:10324000080971BFD47CAC3ED42A71BF77BFAB3EB6
:103250007A4C71BF0102AB3EFB6D71BF6F44AA3E59
:10326000578F71BFC486A93E8EB071BFFEC8A83EFD
:103270009FD171BF1F0BA83E8CF271BF254DA73E99
:10328000521372BF128FA63EF43372BFE5D0A53E33
:10329000705472BF9F12A53EC77472BF3F54A43EC4
:1032A000F89472BFC595A33E04B572BF33D7A23E52
:1032B000EBD472BF8718A23EACF472BFC259A13ED4
:1032C000471473BFE59AA03EBE3373BFEEDB9F3E4B
:1032D0000E5373BFDF1C9F3E397273BFB85D9E3EB5
:1032E0003F9173BF789E9D3E1FB073BF20DF9C3E11
:1032F000D9CE73BFAF1F9C3E6EED73BF27609B3E60
:10330000DD0B74BF86A09A3E272A74BFCEE0993E9B
:103310004B4874BFFE20993E496674BF1661983EC3
:10332000228474BF17A1973ED5A174BF00E1963ED9
:1033300062BF74BFD220963EC9DC74BF8D60953EDB
:103340000BFA74BF31A0943E271775BFBFDF933EC1
:103350001D3475BF351F933EED5075BF945E923E90
:10336000976D75BFDD9D913E1C8A75BF10DD903E47
:103370007BA675BF2C1C903EB3C275BF325B8F3EDF
:10338000C6DE75BF229A8E3EB3FA75BFFCD88D3E5D
:103390007A1676BFC0178D3E1B3276BF6E568C3EB6
:1033A000974D76BF07958B3EEC6876BF8AD38A3EF1
:1033B0001B8476BFF8118A3E249F76BF5050893E09
:1033C00007BA76BF938E883EC4D476BFC1CC873E01
:1033D0005BEF76BFDA0A873ECC0977BFDF48863ECF
:1033E000172477BFCE86853E3C3E77BFAAC4843E75
:1033F0003A5877BF7002843E137277BF2240833EF3
:10340000C58B77BFC07D823E51A577BF4ABB813E49
:10341000B7BE77BFC0F8803EF7D777BF2236803E71
:1034200010F177BFE1E67E3E040A78BF56617D3E2B
:10343000D12278BFA4DB7B3E773B78BFCB557A3E69
:10344000F85378BFCCCF783E526C78BFA649773E10
:10345000868478BF5AC3753E939C78BFE83C743E1F
:103460007BB478BF51B6723E3BCC78BF942F713E8F
:10347000D6E378BFB2A86F3E4AFB78BFAB216E3E61
:10348000981279BF7F9A6C3EBF2979BF2F136B3E8C
:10349000C04079BFBA8B693E9A5779BF2204683E13
:1034A0004E6E79BF667C663EDC8479BF86F4643EEE
:1034B000439B79BF836C633E83B179BF5CE4613E1B
:1034C0009DC779BF135C603E91DD79BFA8D35E3E96
:1034D0005EF379BF1A4B5D3E04097ABF6AC25B3E58
:1034E000841E7ABF97395A3EDD337ABFA4B0583E66
:1034F00010497ABF8F27573E1C5E7ABF589E553EB3
:1035000002737ABF0115543EC1877ABF898B523E40
:10351000599C7ABFF101513ECBB07ABF38784F3E0B
:1035200016C57ABF60EE4D3E3AD97ABF67644C3E0D
:1035300037ED7ABF4FDA4A3E0E017BBF1850493E45
:10354000BE147BBFC2C5473E48287BBF4D3B463EAD
:10355000AB3B7BBFB9B0443EE74E7BBF0726433E43
:10356000FC617BBF379B413EEA747BBF4910403E04
:10357000B2877BBF3E853E3E539A7BBF15FA3C3EE9
:10358000CDAC7BBFCF6E3B3E20BF7BBF6CE3393EF3
:103590004DD17BBFEC57383E53E37BBF50CC363E1A
:1035A00031F57BBF9840353EE9067CBFC4B4333E5D
:1035B0007A187CBFD428323EE5297CBFC99C303EB6
:1035C000283B7CBFA2102F3E444C7CBF61842D3E23
:1035D0003A5D7CBF04F82B3E086E7CBF8D6B2A3EA3
:1035E000B07E7CBFFCDE283E318F7CBF5152273E2F
:1035F0008A9F7CBF8CC5253EBDAF7CBFAD38243EC5
:10360000C9BF7CBFB6AB223EAECF7CBFA51E213E5C
:103610006CDF7CBF7B911F3E03EF7CBF38041E3EF6
:1036200073FE7CBFDE761C3EBC0D7DBF6BE91A3E8F
:10363000DD1C7DBFE05B193ED82B7DBF3DCE173E24
:10364000AC3A7DBF8340163E59497DBFB2B2143EAD
:10365000DE577DBFCA24133E3D667DBFCC96113E2A
:1036600074747DBFB708103E85827DBF8B7A0E3E95
:103670006E907DBF4AEC0C3E309E7DBFF35D0B3EED
:10368000CCAB7DBF86CF093E40B97DBF0541083E2A
:103690008CC67DBF6EB2063EB2D37DBFC223053E4F
:1036A000B1E07DBF0295033E88ED7DBF2E06023E50
:1036B00038FA7DBF4577003EC2067EBF92D0FD3D01
:1036C00024137EBF73B2FA3D5E1F7EBF2C94F73D7C
:1036D000722B7EBFC075F43D5E377EBF2E57F13D25
:1036E00023437EBF7638EE3DC14E7EBF9A19EB3D37
:1036F000385A7EBF9AFAE73D88657EBF76DBE43DA7
:10370000B0707EBF2EBCE13DB17B7EBFC49CDE3D70
:103710008B867EBF377DDB3D3D917EBF895DD83D89
:10372000C99B7EBFB93DD53D2DA67EBFC81DD23DEC
:1037300069B07EBFB7FDCE3D7FBA7EBF86DDCB3D93
:103740006DC47EBF36BDC83D34CE7EBFC69CC53D70
:10375000D4D77EBF397CC23D4CE17EBF8D5BBF3D7F
:103760009DEA7EBFC33ABC3DC7F37EBFDD19B93DBC
:10377000C9FC7EBFDAF8B53DA4057FBFBBD7B23D1B
:10378000580E7FBF80B6AF3DE4167FBF2B95AC3D92
:10379000491F7FBFBA73A93D87277FBF3052A63D1F
:1037A0009D2F7FBF8C30A33D8D377FBFCF0EA03DB7
:1037B000543F7FBFF9EC9C3DF4467FBF0ACB993D57
:1037C0006D4E7FBF05A9963DBF557FBFE786933DF0
:1037D000E95C7FBFB464903DEC637FBF6A428D3D7E
:1037E000C76A7FBF0A208A3D7B717FBF94FD863DFB
:1037F00008787FBF0ADB833D6D7E7FBF6CB8803D5C
:10380000AB847FBF742B7B3DC28A7FBFE9E5743DEB
:10381000B1907FBF38A06E3D78967FBF625A683DF9
:10382000189C7FBF6814623D91A17FBF4CCE5B3D69
:10383000E3A67FBF0E88553D0DAC7FBFAF414F3D26
:103840000FB17FBF2FFB483DEAB57FBF91B4423D2A
:103850009EBA7FBFD56D3C3D2ABF7FBFFC26363D5B
:103860008FC37FBF07E02F3DCCC77FBFF698293DB0
:10387000E2CB7FBFCC51233DD1CF7FBF880A1D3D16
:1038800098D37FBF2CC3163D37D77FBFB87B103D81
:10389000AFDA7FBF2F340A3D00DE7FBF90EC033DDF
:1038A00029E17FBFB949FB3C2BE47FBF2DBAEE3C39
:1038B00005E77FBF7B2AE23CB8E97FBFA69AD53CEB
:1038C00043EC7FBFB00AC93CA7EE7FBF9B7ABC3CEC
:1038D000E3F07FBF69EAAF3CF8F27FBF1C5AA33C1C
:1038E000E6F47FBFB6C9963CACF67FBF38398A3C58
:1038F0004AF87FBF4B517B3CC1F97FBF0030623C2F
:1039000011FB7FBF900E493C39FC7FBF02ED2F3C7D
:1039100039FD7FBF59CB163C13FE7FBF3053FB3BB5
:10392000C4FE7FBF890FC93B4EFF7FBFC1CB963B13
:10393000B1FF7FBFC70F493BECFF7FBFD40FC93A30
:10394000000080BF00000000ECFF7FBFD40FC9BAA9
:10395000B1FF7FBFC70F49BB4EFF7FBFC1CB96BB37
:10396000C4FE7FBF890FC9BB13FE7FBF3053FBBBB3
:1039700039FD7FBF59CB16BC39FC7FBF02ED2FBC90
:1039800011FB7FBF900E49BCC1F97FBF003062BC04
:103990004AF87FBF4B517BBCACF67FBF38398ABC3D
:1039A000E6F47FBFB6C996BCF8F27FBF1C5AA3BC31
:1039B000E3F07FBF69EAAFBCA7EE7FBF9B7ABCBCD8
:1039C00043EC7FBFB00AC9BCB8E97FBFA69AD5BC9B
:1039D00005E77FBF7B2AE2BC2BE47FBF2DBAEEBC9C
:1039E00029E17FBFB949FBBC00DE7FBF90EC03BD7E
:1039F000AFDA7FBF2F340ABD37D77FBFB87B10BD8A
:103A000098D37FBF2CC316BDD1CF7FBF880A1DBD01
:103A1000E2CB7FBFCC5123BDCCC77FBFF69829BD79
:103A20008FC37FBF07E02FBD2ABF7FBFFC2636BDF7
:103A30009EBA7FBFD56D3CBDEAB57FBF91B442BD94
:103A40000FB17FBF2FFB48BD0DAC7FBFAF414FBD56
:103A5000E3A67FBF0E8855BD91A17FBF4CCE5BBD55
:103A6000189C7FBF681462BD78967FBF625A68BD9C
:103A7000B1907FBF38A06EBDC28A7FBFE9E574BD3B
:103A8000AB847FBF742B7BBD6D7E7FBF6CB880BD68
:103A900008787FBF0ADB83BD7B717FBF94FD86BD45
:103AA000C76A7FBF0A208ABDEC637FBF6A428DBDB3
:103AB000E95C7FBFB46490BDBF557FBFE78693BD0F
:103AC0006D4E7FBF05A996BDF4467FBF0ACB99BD59
:103AD000543F7FBFF9EC9CBD8D377FBFCF0EA0BD9B
:103AE0009D2F7FBF8C30A3BD87277FBF3052A6BDDF
:103AF000491F7FBFBA73A9BDE4167FBF2B95ACBD2C
:103B0000580E7FBF80B6AFBDA4057FBFBBD7B2BD87
:103B1000C9FC7EBFDAF8B5BDC7F37EBFDD19B9BDFC
:103B20009DEA7EBFC33ABCBD4CE17EBF8D5BBFBD8D
:103B3000D4D77EBF397CC2BD34CE7EBFC69CC5BD46
:103B40006DC47EBF36BDC8BD7FBA7EBF86DDCBBD2E
:103B500069B07EBFB7FDCEBD2DA67EBFC81DD2BD4C
:103B6000C99B7EBFB93DD5BD3D917EBF895DD8BDA6
:103B70008B867EBF377DDBBDB17B7EBFC49CDEBD47
:103B8000B0707EBF2EBCE1BD88657EBF76DBE4BD34
:103B9000385A7EBF9AFAE7BDC14E7EBF9A19EBBD77
:103BA00023437EBF7638EEBD5E377EBF2E57F1BD14
:103BB000722B7EBFC075F4BD5E1F7EBF2C94F7BD17
:103BC00024137EBF73B2FABDC2067EBF92D0FDBD84
:103BD00038FA7DBF457700BE88ED7DBF2E0602BE58
:103BE000B1E07DBF029503BEB2D37DBFC22305BE47
:103BF0008CC67DBF6EB206BE40B97DBF054108BE12
:103C0000CCAB7DBF86CF09BE309E7DBFF35D0BBEC2
:103C10006E907DBF4AEC0CBE85827DBF8B7A0EBE56
:103C200074747DBFB70810BE3D667DBFCC9611BED3
:103C3000DE577DBFCA2413BE59497DBFB2B214BE40
:103C4000AC3A7DBF834016BED82B7DBF3DCE17BE9C
:103C5000DD1C7DBFE05B19BEBC0D7DBF6BE91ABEEC
:103C600073FE7CBFDE761CBE03EF7CBF38041EBE35
:103C70006CDF7CBF7B911FBEAECF7CBFA51E21BE7B
:103C8000C9BF7CBFB6AB22BEBDAF7CBFAD3824BEC2
:103C90008A9F7CBF8CC525BE318F7CBF515227BE09
:103CA000B07E7CBFFCDE28BE086E7CBF8D6B2ABE5A
:103CB0003A5D7CBF04F82BBE444C7CBF61842DBEB2
:103CC000283B7CBFA2102FBEE5297CBFC99C30BE1B
:103CD0007A187CBFD42832BEE9067CBFC4B433BE98
:103CE00031F57BBF984035BE53E37BBF50CC36BE29
:103CF0004DD17BBFEC5738BE20BF7BBF6CE339BED4
:103D0000CDAC7BBFCF6E3BBE539A7BBF15FA3CBE9A
:103D1000B2877BBF3E853EBEEA747BBF491040BE82
:103D2000FC617BBF379B41BEE74E7BBF072643BE8E
:103D3000AB3B7BBFB9B044BE48287BBF4D3B46BEC2
:103D4000BE147BBFC2C547BE0E017BBF185049BE23
:103D500037ED7ABF4FDA4ABE3AD97ABF67644CBEB4
:103D600016C57ABF60EE4DBECBB07ABF38784FBE75
:103D7000599C7ABFF10151BEC1877ABF898B52BE6F
:103D800002737ABF011554BE1C5E7ABF589E55BEA1
:103D900010497ABF8F2757BEDD337ABFA4B058BE13
:103DA000841E7ABF97395ABE04097ABF6AC25BBEC5
:103DB0005EF379BF1A4B5DBE91DD79BFA8D35EBEBD
:103DC0009DC779BF135C60BE83B179BF5CE461BEFF
:103DD000439B79BF836C63BEDC8479BF86F464BE89
:103DE0004E6E79BF667C66BE9A5779BF220468BE64
:103DF000C04079BFBA8B69BEBF2979BF2F136BBE94
:103E0000981279BF7F9A6CBE4AFB78BFAB216EBE19
:103E1000D6E378BFB2A86FBE3BCC78BF942F71BEFB
:103E20007BB478BF51B672BE939C78BFE83C74BE39
:103E3000868478BF5AC375BE526C78BFA64977BED8
:103E4000F85378BFCCCF78BE773B78BFCB557ABEDE
:103E5000D12278BFA4DB7BBE040A78BF56617DBE49
:103E600010F177BFE1E67EBEF7D777BF223680BE7E
:103E7000B7BE77BFC0F880BE51A577BF4ABB81BE31
:103E8000C58B77BFC07D82BE137277BF224083BED1
:103E90003A5877BF700284BE3C3E77BFAAC484BE46
:103EA000172477BFCE8685BECC0977BFDF4886BE94
:103EB0005BEF76BFDA0A87BEC4D476BFC1CC87BEBB
:103EC00007BA76BF938E88BE249F76BF505089BEB6
:103ED0001B8476BFF8118ABEEC6876BF8AD38ABE8F
:103EE000974D76BF07958BBE1B3276BF6E568CBE44
:103EF0007A1676BFC0178DBEB3FA75BFFCD88DBEDB
:103F0000C6DE75BF229A8EBEB3C275BF325B8FBE4E
:103F10007BA675BF2C1C90BE1C8A75BF10DD90BEA1
:103F2000976D75BFDD9D91BEED5075BF945E92BEDD
:103F30001D3475BF351F93BE271775BFBFDF93BEF6
:103F40000BFA74BF31A094BEC9DC74BF8D6095BEFE
:103F500062BF74BFD22096BED5A174BF00E196BEE9
:103F6000228474BF17A197BE496674BF166198BEBC
:103F70004B4874BFFE2099BE272A74BFCEE099BE7D
:103F8000DD0B74BF86A09ABE6EED73BF27609BBE2B
:103F9000D9CE73BFAF1F9CBE1FB073BF20DF9CBEC6
:103FA0003F9173BF789E9DBE397273BFB85D9EBE50
:103FB0000E5373BFDF1C9FBEBE3373BFEEDB9FBECD
:103FC000471473BFE59AA0BEACF472BFC259A1BE3C
:103FD000EBD472BF8718A2BE04B572BF33D7A2BE9E
:103FE000F89472BFC595A3BEC77472BF3F54A4BEF8
:103FF000705472BF9F12A5BEF43372BFE5D0A5BE48
:10400000521372BF128FA6BE8CF271BF254DA7BE90
:104010009FD171BF1F0BA8BE8EB071BFFEC8A8BED6
:10402000578F71BFC486A9BEFB6D71BF6F44AABE16
:104030007A4C71BF0102ABBED42A71BF77BFABBE51
:10404000080971BFD47CACBE17E770BF153AADBE8E
:1040500002C570BF3CF7ADBEC6A270BF49B4AEBECC
:10406000668070BF3A71AFBEE15D70BF102EB0BE0A
:10407000373B70BFCBEAB0BE671870BF6BA7B1BE4D
:1040800073F56FBFEF63B2BE5AD26FBF5820B3BE95
:104090001BAF6FBFA5DCB3BEB88B6FBFD698B4BEE5
:1040A00030686FBFEC54B5BE83446FBFE610B6BE38
:1040B000B0206FBFC3CCB6BEBAFC6EBF8488B7BE9B
:1040C0009ED86EBF2A44B8BE5DB46EBFB2FFB8BE04
:1040D000F88F6EBF1EBBB9BE6D6B6EBF6E76BABE7B
:1040E000BE466EBFA031BBBEEB216EBFB6ECBBBE01
:1040F000F2FC6DBFAFA7BCBED5D76DBF8B62BDBE96
:1041000093B26DBF4A1DBEBE2D8D6DBFEBD7BEBE37
:10411000A1676DBF6F92BFBEF2416DBFD54CC0BEEF
:104120001D1C6DBF1E07C1BE24F66CBF48C1C1BEB9
:1041300007D06CBF557BC2BEC5A96CBF4435C3BE9A
:104140005E836CBF15EFC3BED45C6CBFC8A8C4BE91
:1041500024366CBF5C62C5BE500F6CBFD21BC6BE9E
:1041600058E86BBF29D5C6BE3BC16BBF628EC7BEC8
:10417000FB996BBF7C47C8BE95726BBF7700C9BE09
:104180000C4B6BBF53B9C9BE5E236BBF1072CABE66
:104190008CFB6ABFAE2ACBBE95D36ABF2CE3CBBEE5
:1041A0007BAB6ABF8B9BCCBE3C836ABFCA53CDBE80
:1041B000D95A6ABFEA0BCEBE52326ABFEAC3CEBE3C
:1041C000A7096ABFCA7BCFBED7E069BF8A33D0BE1A
:1041D000E4B769BF2AEBD0BECC8E69BFAAA2D1BE1C
:1041E000916569BF095AD2BE323C69BF4811D3BE3E
:1041F000AE1269BF67C8D3BE07E968BF647FD4BE8B
:104200003CBF68BF4136D5BE4C9568BFFDECD5BEFE
:10421000396B68BF99A3D6BE034168BF135AD7BE96
:10422000A81668BF6B10D8BE2AEC67BFA3C6D8BE5D
:1042300087C167BFB97CD9BEC19667BFAD32DABE50
:10424000D86B67BF80E8DABECA4067BF319EDBBE6D
:10425000991567BFC153DCBE45EA66BF2E09DDBEB6
:10426000CCBE66BF79BEDDBE309366BFA273DEBE34
:10427000716766BFA928DFBE8E3B66BF8DDDDFBEDE
:10428000880F66BF4F92E0BE5EE365BFEE46E1BEBB
:1042900010B765BF6AFBE1BEA08A65BFC4AFE2BECE
:1042A0000B5E65BFFA63E3BE543165BF0E18E4BE12
:1042B000790465BFFECBE4BE7BD764BFCB7FE5BE90
:1042C00059AA64BF7533E6BE147D64BFFBE6E6BE43
:1042D000AC4F64BF5D9AE7BE212264BF9C4DE8BE2F
:1042E00073F463BFB700E9BEA1C663BFAEB3E9BE56
:1042F000AC9863BF8166EABE956A63BF3019EBBEB6
:104300005A3C63BFBBCBEBBEFC0D63BF217EECBE52
:104310007BDF62BF6330EDBED7B062BF80E2EDBE2F
:10432000108262BF7994EEBE265362BF4C46EFBE48
:104330001A2462BFFBF7EFBEEAF461BF85A9F0BEA5
:1043400098C561BFEA5AF1BE229661BF290CF2BE40
:104350008A6661BF43BDF2BED03661BF386EF3BE20
:10436000F20661BF071FF4BEF2D660BFB1CFF4BE44
:10437000CFA660BF3580F5BE897660BF9330F6BEAC
:10438000214660BFCBE0F6BE961560BFDC90F7BE5D
:10439000E9E45FBFC840F8BE19B45FBF8EF0F8BE55
:1043A00027835FBF2DA0F9BE12525FBFA54FFABE93
:1043B000DB205FBFF7FEFABE81EF5EBF22AEFBBE21
:1043C00005BE5EBF275DFCBE678C5EBF040CFDBEF4
:1043D000A65A5EBFBBBAFDBEC3285EBF4A69FEBE19
:1043E000BEF65DBFB217FFBE97C45DBFF3C5FFBE8B
:1043F0004D925DBF063A00BFE15F5DBFFF9000BF19
:10440000532D5DBFE4E700BFA3FA5CBFB53E01BF1B
:10441000D1C75CBF739501BFDD945CBF1CEC01BFCD
:10442000C7615CBFB14202BF8E2E5CBF329902BF32
:1044300034FB5BBF9FEF02BFB8C75BBFF84503BF4C
:104440001A945BBF3D9C03BF5A605BBF6DF203BF14
:10445000792C5BBF894804BF75F85ABF919E04BF91
:1044600050C45ABF84F404BF09905ABF624A05BFC2
:10447000A05B5ABF2CA005BF16275ABFE2F505BFA7
:104480006AF259BF824B06BF9CBD59BF0EA106BF41
:10449000AD8859BF86F606BF9C5359BFE84B07BF8E
:1044A0006A1E59BF36A107BF17E958BF6FF607BF8D
:1044B000A1B358BF924B08BF0B7E58BFA1A008BF45
:1044C000534858BF9BF508BF791258BF7F4A09BFB0
:1044D0007FDC57BF4E9F09BF63A657BF09F409BFD2
:1044E000267057BFAD480ABFC73957BF3D9D0ABFA9
:1044F000480357BFB7F10ABFA7CC56BF1C460BBF36
:10450000E59556BF6B9A0BBF025F56BFA5EE0BBF7A
:10451000FE2756BFC9420CBFD9F055BFD7960CBF76
:1045200093B955BFD0EA0CBF2C8255BFB33E0DBF27
:10453000A44A55BF81920DBFFB1255BF38E60DBF8F
:1045400031DB54BFDA390EBF47A354BF658D0EBFB0
:104550003B6B54BFDBE00EBF0F3354BF3B340FBF88
:10456000C3FA53BF84870FBF55C253BFB8DA0FBF1A
:10457000C78953BFD52D10BF185153BFDC8010BF62
:10458000491853BFCDD310BF59DF52BFA72611BF63
:1045900049A652BF6B7911BF186D52BF19CC11BF1C
:1045A000C63352BFB01E12BF54FA51BF307112BF92
:1045B000C2C051BF9AC312BF108751BFEE1513BFBF
:1045C0003D4D51BF2A6813BF4A1351BF50BA13BFA4
:1045D00037D950BF5F0C14BF039F50BF585E14BF44
:1045E000AF6450BF39B014BF3B2A50BF040215BF9F
:1045F000A8EF4FBFB75315BFF4B44FBF54A515BFB5
:104600001F7A4FBFD9F615BF2B3F4FBF474816BF84
:1046100017044FBF9F9916BFE4C84EBFDFEA16BF0D
:10462000908D4EBF073C17BF1C524EBF188D17BF51
:1046300089164EBF12DE17BFD5DA4DBFF52E18BF53
:10464000029F4DBFC07F18BF10634DBF73D018BF0E
:10465000FD264DBF0F2119BFCBEA4CBF947119BF86
:1046600079AE4CBF00C219BF08724CBF55121ABFB9
:1046700078354CBF93621ABFC7F84BBFB8B21ABFA8
:10468000F8BB4BBFC6021BBF097F4BBFBB521BBF52
:10469000FA414BBF99A21BBFCC044BBF5FF21BBFBB
:1046A0007FC74ABF0C421CBF138A4ABFA2911CBFDE
:1046B000874C4ABF1FE11CBFDC0E4ABF84301DBFC0
:1046C00012D149BFD17F1DBF299349BF06CF1DBF5E
:1046D000215549BF221E1EBFFA1649BF266D1EBFB7
:1046E000B3D848BF12BC1EBF4E9A48BFE50A1FBFD1
:1046F000CA5B48BF9F591FBF271D48BF41A81FBFA6
:1047000065DE47BFCBF61FBF849F47BF3B4520BF39
:10471000856047BF939320BF672147BFD2E120BF89
:104720002AE246BFF92F21BFCEA246BF067E21BF97
:10473000546346BFFBCB21BFBB2346BFD71922BF63
:1047400003E445BF996722BF2DA445BF43B522BFEF
:10475000396445BFD30223BF262445BF4B5023BF36
:10476000F5E344BFA99D23BFA5A344BFEEEA23BF41
:10477000376344BF1A3824BFAB2244BF2C8524BF03
:1047800000E243BF25D224BF38A143BF041F25BF89
:10479000516043BFCB6B25BF4C1F43BF77B825BFCC
:1047A00029DE42BF0A0526BFE89C42BF845126BFCE
:1047B000895B42BFE39D26BF0B1A42BF2AEA26BF90
:1047C00070D841BF563627BFB79641BF688227BF12
:1047D000E15441BF61CE27BFEC1241BF401A28BF50
:1047E000DAD040BF056628BFA98E40BFB0B128BF50
:1047F0005C4C40BF41FD28BFF00940BFB84829BF0D
:1048000067C73FBF159429BFC0843FBF57DF29BF8B
:10481000FC413FBF802A2ABF1BFF3EBF8E752ABFC7
:104820001BBC3EBF82C02ABFFF783EBF5B0B2BBFC5
:10483000C5353EBF1B562BBF6EF23DBFBFA02BBF81
:10484000F9AE3DBF4AEB2BBF676B3DBFB9352CBFFF
:10485000B8273DBF0F802CBFECE33CBF49CA2CBF3B
:1048600003A03CBF69142DBFFC5B3CBF6F5E2DBF36
:10487000D9173CBF59A82DBF98D33BBF29F22DBFF4
:104880003B8F3BBFDE3B2EBFC14A3BBF78852EBF6F
:1048900029063BBFF7CE2EBF75C13ABF5B182FBFAD
:1048A000A47C3ABFA5612FBFB7373ABFD3AA2FBFA9
:1048B000ACF239BFE6F32FBF85AD39BFDE3C30BF68
:1048C000426839BFBB8530BFE12239BF7CCE30BFE3
:1048D00065DD38BF221731BFCB9738BFAD5F31BF21
:1048E000165238BF1DA831BF430C38BF71F031BF1D
:1048F00055C637BFAA3832BF4A8037BFC78032BFDC
:10490000233A37BFC9C832BFDFF336BFAF1033BF5A
:104910007FAD36BF7A5833BF046736BF29A033BF97
:104920006C2036BFBCE733BFB8D935BF342F34BF96
:10493000E79235BF8F7634BFFB4B35BFCFBD34BF59
:10494000F30435BFF30435BFCFBD34BFFB4B35BFD8
:104950008F7634BFE79235BF342F34BFB8D935BF17
:10496000BCE733BF6C2036BF29A033BF046736BF16
:104970007A5833BF7FAD36BFAF1033BFDFF336BFDA
:10498000C9C832BF233A37BFC78032BF4A8037BF5A
:10499000AA3832BF55C637BF71F031BF430C38BF9C
:1049A0001DA831BF165238BFAD5F31BFCB9738BF9E
:1049B000221731BF65DD38BF7CCE30BFE12239BF61
:1049C000BB8530BF426839BFDE3C30BF85AD39BFE3
:1049D000E6F32FBFACF239BFD3AA2FBFB7373ABF28
:1049E000A5612FBFA47C3ABF5B182FBF75C13ABF2A
:1049F000F7CE2EBF29063BBF78852EBFC14A3BBFED
:104A0000DE3B2EBF3B8F3BBF29F22DBF98D33BBF70
:104A100059A82DBFD9173CBF6F5E2DBFFC5B3CBFB3
:104A200069142DBF03A03CBF49CA2CBFECE33CBFB7
:104A30000F802CBFB8273DBFB9352CBF676B3DBF7A
:104A40004AEB2BBFF9AE3DBFBFA02BBF6EF23DBFFF
:104A50001B562BBFC5353EBF5B0B2BBFFF783EBF40
:104A600082C02ABF1BBC3EBF8E752ABF1BFF3EBF44
:104A7000802A2ABFFC413FBF57DF29BFC0843FBF08
:104A8000159429BF67C73FBFB84829BFF00940BF89
:104A900041FD28BF5C4C40BFB0B128BFA98E40BFCC
:104AA000056628BFDAD040BF401A28BFEC1241BFCC
:104AB00061CE27BFE15441BF688227BFB79641BF8F
:104AC000563627BF70D841BF2AEA26BF0B1A42BF0D
:104AD000E39D26BF895B42BF845126BFE89C42BF4D
:104AE0000A0526BF29DE42BF77B825BF4C1F43BF4A
:104AF000CB6B25BF516043BF041F25BF38A143BF07
:104B000025D224BF00E243BF2C8524BFAB2244BF83
:104B10001A3824BF376344BFEEEA23BFA5A344BFBE
:104B2000A99D23BFF5E344BF4B5023BF262445BFB7
:104B3000D30223BF396445BF43B522BF2DA445BF6F
:104B4000996722BF03E445BFD71922BFBB2346BFE5
:104B5000FBCB21BF546346BF067E21BFCEA246BF1A
:104B6000F92F21BF2AE246BFD2E120BF672147BF0C
:104B7000939320BF856047BF3B4520BF849F47BFBD
:104B8000CBF61FBF65DE47BF41A81FBF271D48BF2B
:104B90009F591FBFCA5B48BFE50A1FBF4E9A48BF57
:104BA00012BC1EBFB3D848BF266D1EBFFA1649BF40
:104BB000221E1EBF215549BF06CF1DBF299349BFE5
:104BC000D17F1DBF12D149BF84301DBFDC0E4ABF4B
:104BD0001FE11CBF874C4ABFA2911CBF138A4ABF6A
:104BE0000C421CBF7FC74ABF5FF21BBFCC044BBF48
:104BF00099A21BBFFA414BBFBB521BBF097F4BBFE2
:104C0000C6021BBFF8BB4BBFB8B21ABFC7F84BBF39
:104C100093621ABF78354CBF55121ABF08724CBF49
:104C200000C219BF79AE4CBF947119BFCBEA4CBF1B
:104C30000F2119BFFD264DBF73D018BF10634DBFA4
:104C4000C07F18BF029F4DBFF52E18BFD5DA4DBFEC
:104C500012DE17BF89164EBF188D17BF1C524EBFEC
:104C6000073C17BF908D4EBFDFEA16BFE4C84EBFAA
:104C70009F9916BF17044FBF474816BF2B3F4FBF22
:104C8000D9F615BF1F7A4FBF54A515BFF4B44FBF57
:104C9000B75315BFA8EF4FBF040215BF3B2A50BF43
:104CA00039B014BFAF6450BF585E14BF039F50BFEC
:104CB0005F0C14BF37D950BF50BA13BF4A1351BF4E
:104CC0002A6813BF3D4D51BFEE1513BF108751BF6A
:104CD0009AC312BFC2C051BF307112BF54FA51BF44
:104CE000B01E12BFC63352BF19CC11BF186D52BFD0
:104CF0006B7911BF49A652BFA72611BF59DF52BF1A
:104D0000CDD310BF491853BFDC8010BF185153BF1B
:104D1000D52D10BFC78953BFB8DA0FBF55C253BFD7
:104D200084870FBFC3FA53BF3B340FBF0F3354BF49
:104D3000DBE00EBF3B6B54BF658D0EBF47A354BF76
:104D4000DA390EBF31DB54BF38E60DBFFB1255BF59
:104D500081920DBFA44A55BFB33E0DBF2C8255BFF3
:104D6000D0EA0CBF93B955BFD7960CBFD9F055BF49
:104D7000C9420CBFFE2756BFA5EE0BBF025F56BF50
:104D80006B9A0BBFE59556BF1C460BBFA7CC56BF11
:104D9000B7F10ABF480357BF3D9D0ABFC73957BF88
:104DA000AD480ABF267057BF09F409BF63A657BFB5
:104DB0004E9F09BF7FDC57BF7F4A09BF791258BF9A
:104DC0009BF508BF534858BFA1A008BF0B7E58BF32
:104DD000924B08BFA1B358BF6FF607BF17E958BF82
:104DE00036A107BF6A1E59BFE84B07BF9C5359BF86
:104DF00086F606BFAD8859BF0EA106BF9CBD59BF40
:104E0000824B06BF6AF259BFE2F505BF16275ABFAB
:104E10002CA005BFA05B5ABF624A05BF09905ABFCC
:104E200084F404BF50C45ABF919E04BF75F85ABFA2
:104E3000894804BF792C5BBF6DF203BF5A605BBF2A
:104E40003D9C03BF1A945BBFF84503BFB8C75BBF67
:104E50009FEF02BF34FB5BBF329902BF8E2E5CBF57
:104E6000B14202BFC7615CBF1CEC01BFDD945CBFF7
:104E7000739501BFD1C75CBFB53E01BFA3FA5CBF4C
:104E8000E4E700BF532D5DBFFF9000BFE15F5DBF52
:104E9000063A00BF4D925DBFF3C5FFBE97C45DBF2C
:104EA000B217FFBEBEF65DBF4A69FEBEC3285EBF35
:104EB000BBBAFDBEA65A5EBF040CFDBE678C5EBFCA
:104EC000275DFCBE05BE5EBF22AEFBBE81EF5EBFAE
:104ED000F7FEFABEDB205FBFA54FFABE12525FBFDE
:104EE0002DA0F9BE27835FBF8EF0F8BE19B45FBF57
:104EF000C840F8BEE9E45FBFDC90F7BE961560BF1E
:104F0000CBE0F6BE214660BF9330F6BE897660BF27
:104F10003580F5BECFA660BFB1CFF4BEF2D660BF7C
:104F2000071FF4BEF20661BF386EF3BED03661BF14
:104F300043BDF2BE8A6661BF290CF2BE229661BFF4
:104F4000EA5AF1BE98C561BF85A9F0BEEAF461BF17
:104F5000FBF7EFBE1A2462BF4C46EFBE265362BF7A
:104F60007994EEBE108262BF80E2EDBED7B062BF20
:104F70006330EDBE7BDF62BF217EECBEFC0D63BF04
:104F8000BBCBEBBE5A3C63BF3019EBBE956A63BF27
:104F90008166EABEAC9863BFAEB3E9BEA1C663BF8B
:104FA000B700E9BE73F463BF9C4DE8BE212264BF25
:104FB0005D9AE7BEAC4F64BFFBE6E6BE147D64BFFE
:104FC0007533E6BE59AA64BFCB7FE5BE7BD764BF0D
:104FD000FECBE4BE790465BF0E18E4BE543165BF54
:104FE000FA63E3BE0B5E65BFC4AFE2BEA08A65BFD5
:104FF0006AFBE1BE10B765BFEE46E1BE5EE365BF8A
:105000004F92E0BE880F66BF8DDDDFBE8E3B66BF70
:10501000A928DFBE716766BFA273DEBE309366BF8C
:1050200079BEDDBECCBE66BF2E09DDBE45EA66BFD9
:10503000C153DCBE991567BF319EDBBECA4067BF56
:1050400080E8DABED86B67BFAD32DABEC19667BF03
:10505000B97CD9BE87C167BFA3C6D8BE2AEC67BFDB
:105060006B10D8BEA81668BF135AD7BE034168BFDD
:1050700099A3D6BE396B68BFFDECD5BE4C9568BF11
:105080004136D5BE3CBF68BF647FD4BE07E968BF68
:1050900067C8D3BEAE1269BF4811D3BE323C69BFE8
:1050A000095AD2BE916569BFAAA2D1BECC8E69BF92
:1050B0002AEBD0BEE4B769BF8A33D0BED7E069BF60
:1050C000CA7BCFBEA7096ABFEAC3CEBE52326ABF4F
:1050D000EA0BCEBED95A6ABFCA53CDBE3C836ABF63
:1050E0008B9BCCBE7BAB6ABF2CE3CBBE95D36ABF98
:1050F000AE2ACBBE8CFB6ABF1072CABE5E236BBFEA
:1051000053B9C9BE0C4B6BBF7700C9BE95726BBF5C
:105110007C47C8BEFB996BBF628EC7BE3BC16BBFED
:1051200029D5C6BE58E86BBFD21BC6BE500F6CBF98
:105130005C62C5BE24366CBFC8A8C4BED45C6CBF5C
:1051400015EFC3BE5E836CBF4435C3BEC5A96CBF3B
:10515000557BC2BE07D06CBF48C1C1BE24F66CBF30
:105160001E07C1BE1D1C6DBFD54CC0BEF2416DBF38
:105170006F92BFBEA1676DBFEBD7BEBE2D8D6DBF59
:105180004A1DBEBE93B26DBF8B62BDBED5D76DBF8B
:10519000AFA7BCBEF2FC6DBFB6ECBBBEEB216EBFD1
:1051A000A031BBBEBE466EBF6E76BABE6D6B6EBF23
:1051B0001EBBB9BEF88F6EBFB2FFB8BE5DB46EBF86
:1051C0002A44B8BE9ED86EBF8488B7BEBAFC6EBFF4
:1051D000C3CCB6BEB0206FBFE610B6BE83446FBF6F
:1051E000EC54B5BE30686FBFD698B4BEB88B6FBFF5
:1051F000A5DCB3BE1BAF6FBF5820B3BE5AD26FBF82
:10520000EF63B2BE73F56FBF6BA7B1BE671870BF17
:10521000CBEAB0BE373B70BF102EB0BEE15D70BFB1
:105220003A71AFBE668070BF49B4AEBEC6A270BF51
:105230003CF7ADBE02C570BF153AADBE17E770BFF3
:10524000D47CACBE080971BF77BFABBED42A71BF96
:105250000102ABBE7A4C71BF6F44AABEFB6D71BF39
:10526000C486A9BE578F71BFFEC8A8BE8EB071BFDD
:105270001F0BA8BE9FD171BF254DA7BE8CF271BF79
:10528000128FA6BE521372BFE5D0A5BEF43372BF13
:105290009F12A5BE705472BF3F54A4BEC77472BFA4
:1052A000C595A3BEF89472BF33D7A2BE04B572BF32
:1052B0008718A2BEEBD472BFC259A1BEACF472BFB4
:1052C000E59AA0BE471473BFEEDB9FBEBE3373BF2B
:1052D000DF1C9FBE0E5373BFB85D9EBE397273BF95
:1052E000789E9DBE3F9173BF20DF9CBE1FB073BFF1
:1052F000AF1F9CBED9CE73BF27609BBE6EED73BF40
:1053000086A09ABEDD0B74BFCEE099BE272A74BF7B
:10531000FE2099BE4B4874BF166198BE496674BFA3
:1053200017A197BE228474BF00E196BED5A174BFB9
:10533000D22096BE62BF74BF8D6095BEC9DC74BFBB
:1053400031A094BE0BFA74BFBFDF93BE271775BFA1
:10535000351F93BE1D3475BF945E92BEED5075BF70
:10536000DD9D91BE976D75BF10DD90BE1C8A75BF27
:105370002C1C90BE7BA675BF325B8FBEB3C275BFBF
:10538000229A8EBEC6DE75BFFCD88DBEB3FA75BF3D
:10539000C0178DBE7A1676BF6E568CBE1B3276BF96
:1053A00007958BBE974D76BF8AD38ABEEC6876BFD1
:1053B000F8118ABE1B8476BF505089BE249F76BFE9
:1053C000938E88BE07BA76BFC1CC87BEC4D476BFE1
:1053D000DA0A87BE5BEF76BFDF4886BECC0977BFAF
:1053E000CE8685BE172477BFAAC484BE3C3E77BF55
:1053F000700284BE3A5877BF224083BE137277BFD3
:10540000C07D82BEC58B77BF4ABB81BE51A577BF29
:10541000C0F880BEB7BE77BF223680BEF7D777BF51
:10542000E1E67EBE10F177BF56617DBE040A78BF0B
:10543000A4DB7BBED12278BFCB557ABE773B78BF49
:10544000CCCF78BEF85378BFA64977BE526C78BFF0
:105450005AC375BE868478BFE83C74BE939C78BFFF
:1054600051B672BE7BB478BF942F71BE3BCC78BF6F
:10547000B2A86FBED6E378BFAB216EBE4AFB78BF41
:105480007F9A6CBE981279BF2F136BBEBF2979BF6C
:10549000BA8B69BEC04079BF220468BE9A5779BFF3
:1054A000667C66BE4E6E79BF86F464BEDC8479BFCE
:1054B000836C63BE439B79BF5CE461BE83B179BFFB
:1054C000135C60BE9DC779BFA8D35EBE91DD79BF76
:1054D0001A4B5DBE5EF379BF6AC25BBE04097ABF38
:1054E00097395ABE841E7ABFA4B058BEDD337ABF46
:1054F0008F2757BE10497ABF589E55BE1C5E7ABF93
:10550000011554BE02737ABF898B52BEC1877ABF20
:10551000F10151BE599C7ABF38784FBECBB07ABFEB
:1055200060EE4DBE16C57ABF67644CBE3AD97ABFED
:105530004FDA4ABE37ED7ABF185049BE0E017BBF25
:10554000C2C547BEBE147BBF4D3B46BE48287BBF8D
:10555000B9B044BEAB3B7BBF072643BEE74E7BBF23
:10556000379B41BEFC617BBF491040BEEA747BBFE4
:105570003E853EBEB2877BBF15FA3CBE539A7BBFC9
:10558000CF6E3BBECDAC7BBF6CE339BE20BF7BBFD3
:10559000EC5738BE4DD17BBF50CC36BE53E37BBFFA
:1055A000984035BE31F57BBFC4B433BEE9067CBF3D
:1055B000D42832BE7A187CBFC99C30BEE5297CBF96
:1055C000A2102FBE283B7CBF61842DBE444C7CBF03
:1055D00004F82BBE3A5D7CBF8D6B2ABE086E7CBF83
:1055E000FCDE28BEB07E7CBF515227BE318F7CBF0F
:1055F0008CC525BE8A9F7CBFAD3824BEBDAF7CBFA5
:10560000B6AB22BEC9BF7CBFA51E21BEAECF7CBF3C
:105610007B911FBE6CDF7CBF38041EBE03EF7CBFD6
:10562000DE761CBE73FE7CBF6BE91ABEBC0D7DBF6F
:10563000E05B19BEDD1C7DBF3DCE17BED82B7DBF04
:10564000834016BEAC3A7DBFB2B214BE59497DBF8D
:10565000CA2413BEDE577DBFCC9611BE3D667DBF0A
:10566000B70810BE74747DBF8B7A0EBE85827DBF75
:105670004AEC0CBE6E907DBFF35D0BBE309E7DBFCD
:1056800086CF09BECCAB7DBF054108BE40B97DBF0A
:105690006EB206BE8CC67DBFC22305BEB2D37DBF2F
:1056A000029503BEB1E07DBF2E0602BE88ED7DBF30
:1056B000457700BE38FA7DBF92D0FDBDC2067EBFE1
:1056C00073B2FABD24137EBF2C94F7BD5E1F7EBF5C
:1056D000C075F4BD722B7EBF2E57F1BD5E377EBF05
:1056E0007638EEBD23437EBF9A19EBBDC14E7EBF17
:1056F0009AFAE7BD385A7EBF76DBE4BD88657EBF87
:105700002EBCE1BDB0707EBFC49CDEBDB17B7EBF50
:10571000377DDBBD8B867EBF895DD8BD3D917EBF69
:10572000B93DD5BDC99B7EBFC81DD2BD2DA67EBFCC
:10573000B7FDCEBD69B07EBF86DDCBBD7FBA7EBF73
:1057400036BDC8BD6DC47EBFC69CC5BD34CE7EBF50
:10575000397CC2BDD4D77EBF8D5BBFBD4CE17EBF5F
:10576000C33ABCBD9DEA7EBFDD19B9BDC7F37EBF9C
:10577000DAF8B5BDC9FC7EBFBBD7B2BDA4057FBFFB
:1057800080B6AFBD580E7FBF2B95ACBDE4167FBF72
:10579000BA73A9BD491F7FBF3052A6BD87277FBFFF
:1057A0008C30A3BD9D2F7FBFCF0EA0BD8D377FBF97
:1057B000F9EC9CBD543F7FBF0ACB99BDF4467FBF37
:1057C00005A996BD6D4E7FBFE78693BDBF557FBFD0
:1057D000B46490BDE95C7FBF6A428DBDEC637FBF5E
:1057E0000A208ABDC76A7FBF94FD86BD7B717FBFDB
:1057F0000ADB83BD08787FBF6CB880BD6D7E7FBF3C
:10580000742B7BBDAB847FBFE9E574BDC28A7FBFCB
:1058100038A06EBDB1907FBF625A68BD78967FBFD9
:10582000681462BD189C7FBF4CCE5BBD91A17FBF49
:105830000E8855BDE3A67FBFAF414FBD0DAC7FBF06
:105840002FFB48BD0FB17FBF91B442BDEAB57FBF0A
:10585000D56D3CBD9EBA7FBFFC2636BD2ABF7FBF3B
:1058600007E02FBD8FC37FBFF69829BDCCC77FBF90
:10587000CC5123BDE2CB7FBF880A1DBDD1CF7FBFF6
:105880002CC316BD98D37FBFB87B10BD37D77FBF61
:105890002F340ABDAFDA7FBF90EC03BD00DE7FBFBF
:1058A000B949FBBC29E17FBF2DBAEEBC2BE47FBF19
:1058B0007B2AE2BC05E77FBFA69AD5BCB8E97FBFCB
:1058C000B00AC9BC43EC7FBF9B7ABCBCA7EE7FBFCC
:1058D00069EAAFBCE3F07FBF1C5AA3BCF8F27FBFFC
:1058E000B6C996BCE6F47FBF38398ABCACF67FBF38
:1058F0004B517BBC4AF87FBF003062BCC1F97FBF0F
:10590000900E49BC11FB7FBF02ED2FBC39FC7FBF5D
:1059100059CB16BC39FD7FBF3053FBBB13FE7FBF95
:10592000890FC9BBC4FE7FBFC1CB96BB4EFF7FBFF3
:10593000C70F49BBB1FF7FBFD40FC9BAECFF7FBF10
:1059400000000080000080BFD40FC93AECFF7FBF89
:10595000C70F493BB1FF7FBFC1CB963B4EFF7FBF17
:10596000890FC93BC4FE7FBF3053FB3B13FE7FBF93
:1059700059CB163C39FD7FBF02ED2F3C39FC7FBF70
:10598000900E493C11FB7FBF0030623CC1F97FBFE4
:105990004B517B3C4AF87FBF38398A3CACF67FBF1D
:1059A000B6C9963CE6F47FBF1C5AA33CF8F27FBF11
:1059B00069EAAF3CE3F07FBF9B7ABC3CA7EE7FBFB8
:1059C000B00AC93C43EC7FBFA69AD53CB8E97FBF7B
:1059D0007B2AE23C05E77FBF2DBAEE3C2BE47FBF7C
:1059E000B949FB3C29E17FBF90EC033D00DE7FBF5E
:1059F0002F340A3DAFDA7FBFB87B103D37D77FBF6A
:105A00002CC3163D98D37FBF880A1D3DD1CF7FBFE1
:105A1000CC51233DE2CB7FBFF698293DCCC77FBF59
:105A200007E02F3D8FC37FBFFC26363D2ABF7FBFD7
:105A3000D56D3C3D9EBA7FBF91B4423DEAB57FBF74
:105A40002FFB483D0FB17FBFAF414F3D0DAC7FBF36
:105A50000E88553DE3A67FBF4CCE5B3D91A17FBF35
:105A60006814623D189C7FBF625A683D78967FBF7C
:105A700038A06E3DB1907FBFE9E5743DC28A7FBF1B
:105A8000742B7B3DAB847FBF6CB8803D6D7E7FBF48
:105A90000ADB833D08787FBF94FD863D7B717FBF25
:105AA0000A208A3DC76A7FBF6A428D3DEC637FBF93
:105AB000B464903DE95C7FBFE786933DBF557FBFEF
:105AC00005A9963D6D4E7FBF0ACB993DF4467FBF39
:105AD000F9EC9C3D543F7FBFCF0EA03D8D377FBF7B
:105AE0008C30A33D9D2F7FBF3052A63D87277FBFBF
:105AF000BA73A93D491F7FBF2B95AC3DE4167FBF0C
:105B000080B6AF3D580E7FBFBBD7B23DA4057FBF67
:105B1000DAF8B53DC9FC7EBFDD19B93DC7F37EBFDC
:105B2000C33ABC3D9DEA7EBF8D5BBF3D4CE17EBF6D
:105B3000397CC23DD4D77EBFC69CC53D34CE7EBF26
:105B400036BDC83D6DC47EBF86DDCB3D7FBA7EBF0E
:105B5000B7FDCE3D69B07EBFC81DD23D2DA67EBF2C
:105B6000B93DD53DC99B7EBF895DD83D3D917EBF86
:105B7000377DDB3D8B867EBFC49CDE3DB17B7EBF27
:105B80002EBCE13DB0707EBF76DBE43D88657EBF14
:105B90009AFAE73D385A7EBF9A19EB3DC14E7EBF57
:105BA0007638EE3D23437EBF2E57F13D5E377EBFF4
:105BB000C075F43D722B7EBF2C94F73D5E1F7EBFF7
:105BC00073B2FA3D24137EBF92D0FD3DC2067EBF64
:105BD0004577003E38FA7DBF2E06023E88ED7DBF38
:105BE0000295033EB1E07DBFC223053EB2D37DBF27
:105BF0006EB2063E8CC67DBF0541083E40B97DBFF2
:105C000086CF093ECCAB7DBFF35D0B3E309E7DBFA2
:105C10004AEC0C3E6E907DBF8B7A0E3E85827DBF36
:105C2000B708103E74747DBFCC96113E3D667DBFB3
:105C3000CA24133EDE577DBFB2B2143E59497DBF20
:105C40008340163EAC3A7DBF3DCE173ED82B7DBF7C
:105C5000E05B193EDD1C7DBF6BE91A3EBC0D7DBFCC
:105C6000DE761C3E73FE7CBF38041E3E03EF7CBF15
:105C70007B911F3E6CDF7CBFA51E213EAECF7CBF5B
:105C8000B6AB223EC9BF7CBFAD38243EBDAF7CBFA2
:105C90008CC5253E8A9F7CBF5152273E318F7CBFE9
:105CA000FCDE283EB07E7CBF8D6B2A3E086E7CBF3A
:105CB00004F82B3E3A5D7CBF61842D3E444C7CBF92
:105CC000A2102F3E283B7CBFC99C303EE5297CBFFB
:105CD000D428323E7A187CBFC4B4333EE9067CBF78
:105CE0009840353E31F57BBF50CC363E53E37BBF09
:105CF000EC57383E4DD17BBF6CE3393E20BF7BBFB4
:105D0000CF6E3B3ECDAC7BBF15FA3C3E539A7BBF7A
:105D10003E853E3EB2877BBF4910403EEA747BBF62
:105D2000379B413EFC617BBF0726433EE74E7BBF6E
:105D3000B9B0443EAB3B7BBF4D3B463E48287BBFA2
:105D4000C2C5473EBE147BBF1850493E0E017BBF03
:105D50004FDA4A3E37ED7ABF67644C3E3AD97ABF94
:105D600060EE4D3E16C57ABF38784F3ECBB07ABF55
:105D7000F101513E599C7ABF898B523EC1877ABF4F
:105D80000115543E02737ABF589E553E1C5E7ABF81
:105D90008F27573E10497ABFA4B0583EDD337ABFF3
:105DA00097395A3E841E7ABF6AC25B3E04097ABFA5
:105DB0001A4B5D3E5EF379BFA8D35E3E91DD79BF9D
:105DC000135C603E9DC779BF5CE4613E83B179BFDF
:105DD000836C633E439B79BF86F4643EDC8479BF69
:105DE000667C663E4E6E79BF2204683E9A5779BF44
:105DF000BA8B693EC04079BF2F136B3EBF2979BF74
:105E00007F9A6C3E981279BFAB216E3E4AFB78BFF9
:105E1000B2A86F3ED6E378BF942F713E3BCC78BFDB
:105E200051B6723E7BB478BFE83C743E939C78BF19
:105E30005AC3753E868478BFA649773E526C78BFB8
:105E4000CCCF783EF85378BFCB557A3E773B78BFBE
:105E5000A4DB7B3ED12278BF56617D3E040A78BF29
:105E6000E1E67E3E10F177BF2236803EF7D777BF5E
:105E7000C0F8803EB7BE77BF4ABB813E51A577BF11
:105E8000C07D823EC58B77BF2240833E137277BFB1
:105E90007002843E3A5877BFAAC4843E3C3E77BF26
:105EA000CE86853E172477BFDF48863ECC0977BF74
:105EB000DA0A873E5BEF76BFC1CC873EC4D476BF9B
:105EC000938E883E07BA76BF5050893E249F76BF96
:105ED000F8118A3E1B8476BF8AD38A3EEC6876BF6F
:105EE00007958B3E974D76BF6E568C3E1B3276BF24
:105EF000C0178D3E7A1676BFFCD88D3EB3FA75BFBB
:105F0000229A8E3EC6DE75BF325B8F3EB3C275BF2E
:105F10002C1C903E7BA675BF10DD903E1C8A75BF81
:105F2000DD9D913E976D75BF945E923EED5075BFBD
:105F3000351F933E1D3475BFBFDF933E271775BFD6
:105F400031A0943E0BFA74BF8D60953EC9DC74BFDE
:105F5000D220963E62BF74BF00E1963ED5A174BFC9
:105F600017A1973E228474BF1661983E496674BF9C
:105F7000FE20993E4B4874BFCEE0993E272A74BF5D
:105F800086A09A3EDD0B74BF27609B3E6EED73BF0B
:105F9000AF1F9C3ED9CE73BF20DF9C3E1FB073BFA6
:105FA000789E9D3E3F9173BFB85D9E3E397273BF30
:105FB000DF1C9F3E0E5373BFEEDB9F3EBE3373BFAD
:105FC000E59AA03E471473BFC259A13EACF472BF1C
:105FD0008718A23EEBD472BF33D7A23E04B572BF7E
:105FE000C595A33EF89472BF3F54A43EC77472BFD8
:105FF0009F12A53E705472BFE5D0A53EF43372BF28
:10600000128FA63E521372BF254DA73E8CF271BF70
:106010001F0BA83E9FD171BFFEC8A83E8EB071BFB6
:10602000C486A93E578F71BF6F44AA3EFB6D71BFF6
:106030000102AB3E7A4C71BF77BFAB3ED42A71BF31
:10604000D47CAC3E080971BF153AAD3E17E770BF6E
:106050003CF7AD3E02C570BF49B4AE3EC6A270BFAC
:106060003A71AF3E668070BF102EB03EE15D70BFEA
:10607000CBEAB03E373B70BF6BA7B13E671870BF2D
:10608000EF63B23E73F56FBF5820B33E5AD26FBF75
:10609000A5DCB33E1BAF6FBFD698B43EB88B6FBFC5
:1060A000EC54B53E30686FBFE610B63E83446FBF18
:1060B000C3CCB63EB0206FBF8488B73EBAFC6EBF7B
:1060C0002A44B83E9ED86EBFB2FFB83E5DB46EBFE4
:1060D0001EBBB93EF88F6EBF6E76BA3E6D6B6EBF5B
:1060E000A031BB3EBE466EBFB6ECBB3EEB216EBFE1
:1060F000AFA7BC3EF2FC6DBF8B62BD3ED5D76DBF76
:106100004A1DBE3E93B26DBFEBD7BE3E2D8D6DBF17
:106110006F92BF3EA1676DBFD54CC03EF2416DBFCF
:106120001E07C13E1D1C6DBF48C1C13E24F66CBF99
:10613000557BC23E07D06CBF4435C33EC5A96CBF7A
:1061400015EFC33E5E836CBFC8A8C43ED45C6CBF71
:106150005C62C53E24366CBFD21BC63E500F6CBF7E
:1061600029D5C63E58E86BBF628EC73E3BC16BBFA8
:106170007C47C83EFB996BBF7700C93E95726BBFE9
:1061800053B9C93E0C4B6BBF1072CA3E5E236BBF46
:10619000AE2ACB3E8CFB6ABF2CE3CB3E95D36ABFC5
:1061A0008B9BCC3E7BAB6ABFCA53CD3E3C836ABF60
:1061B000EA0BCE3ED95A6ABFEAC3CE3E52326ABF1C
:1061C000CA7BCF3EA7096ABF8A33D03ED7E069BFFA
:1061D0002AEBD03EE4B769BFAAA2D13ECC8E69BFFC
:1061E000095AD23E916569BF4811D33E323C69BF1E
:1061F00067C8D33EAE1269BF647FD43E07E968BF6B
:106200004136D53E3CBF68BFFDECD53E4C9568BFDE
:1062100099A3D63E396B68BF135AD73E034168BF76
:106220006B10D83EA81668BFA3C6D83E2AEC67BF3D
:10623000B97CD93E87C167BFAD32DA3EC19667BF30
:1062400080E8DA3ED86B67BF319EDB3ECA4067BF4D
:10625000C153DC3E991567BF2E09DD3E45EA66BF96
:1062600079BEDD3ECCBE66BFA273DE3E309366BF14
:10627000A928DF3E716766BF8DDDDF3E8E3B66BFBE
:106280004F92E03E880F66BFEE46E13E5EE365BF9B
:106290006AFBE13E10B765BFC4AFE23EA08A65BFAE
:1062A000FA63E33E0B5E65BF0E18E43E543165BFF2
:1062B000FECBE43E790465BFCB7FE53E7BD764BF70
:1062C0007533E63E59AA64BFFBE6E63E147D64BF23
:1062D0005D9AE73EAC4F64BF9C4DE83E212264BF0F
:1062E000B700E93E73F463BFAEB3E93EA1C663BF36
:1062F0008166EA3EAC9863BF3019EB3E956A63BF96
:10630000BBCBEB3E5A3C63BF217EEC3EFC0D63BF32
:106310006330ED3E7BDF62BF80E2ED3ED7B062BF0F
:106320007994EE3E108262BF4C46EF3E265362BF28
:10633000FBF7EF3E1A2462BF85A9F03EEAF461BF85
:10634000EA5AF13E98C561BF290CF23E229661BF20
:1063500043BDF23E8A6661BF386EF33ED03661BF00
:10636000071FF43EF20661BFB1CFF43EF2D660BF24
:106370003580F53ECFA660BF9330F63E897660BF8C
:10638000CBE0F63E214660BFDC90F73E961560BF3D
:10639000C840F83EE9E45FBF8EF0F83E19B45FBF35
:1063A0002DA0F93E27835FBFA54FFA3E12525FBF73
:1063B000F7FEFA3EDB205FBF22AEFB3E81EF5EBF01
:1063C000275DFC3E05BE5EBF040CFD3E678C5EBFD4
:1063D000BBBAFD3EA65A5EBF4A69FE3EC3285EBFF9
:1063E000B217FF3EBEF65DBFF3C5FF3E97C45DBF6B
:1063F000063A003F4D925DBFFF90003FE15F5DBFF9
:10640000E4E7003F532D5DBFB53E013FA3FA5CBFFB
:106410007395013FD1C75CBF1CEC013FDD945CBFAD
:10642000B142023FC7615CBF3299023F8E2E5CBF12
:106430009FEF023F34FB5BBFF845033FB8C75BBF2C
:106440003D9C033F1A945BBF6DF2033F5A605BBFF4
:106450008948043F792C5BBF919E043F75F85ABF71
:1064600084F4043F50C45ABF624A053F09905ABFA2
:106470002CA0053FA05B5ABFE2F5053F16275ABF87
:10648000824B063F6AF259BF0EA1063F9CBD59BF21
:1064900086F6063FAD8859BFE84B073F9C5359BF6E
:1064A00036A1073F6A1E59BF6FF6073F17E958BF6D
:1064B000924B083FA1B358BFA1A0083F0B7E58BF25
:1064C0009BF5083F534858BF7F4A093F791258BF90
:1064D0004E9F093F7FDC57BF09F4093F63A657BFB2
:1064E000AD480A3F267057BF3D9D0A3FC73957BF89
:1064F000B7F10A3F480357BF1C460B3FA7CC56BF16
:106500006B9A0B3FE59556BFA5EE0B3F025F56BF5A
:10651000C9420C3FFE2756BFD7960C3FD9F055BF56
:10652000D0EA0C3F93B955BFB33E0D3F2C8255BF07
:1065300081920D3FA44A55BF38E60D3FFB1255BF6F
:10654000DA390E3F31DB54BF658D0E3F47A354BF90
:10655000DBE00E3F3B6B54BF3B340F3F0F3354BF68
:1065600084870F3FC3FA53BFB8DA0F3F55C253BFFA
:10657000D52D103FC78953BFDC80103F185153BF42
:10658000CDD3103F491853BFA726113F59DF52BF43
:106590006B79113F49A652BF19CC113F186D52BFFC
:1065A000B01E123FC63352BF3071123F54FA51BF72
:1065B0009AC3123FC2C051BFEE15133F108751BF9F
:1065C0002A68133F3D4D51BF50BA133F4A1351BF84
:1065D0005F0C143F37D950BF585E143F039F50BF24
:1065E00039B0143FAF6450BF0402153F3B2A50BF7F
:1065F000B753153FA8EF4FBF54A5153FF4B44FBF95
:10660000D9F6153F1F7A4FBF4748163F2B3F4FBF64
:106610009F99163F17044FBFDFEA163FE4C84EBFED
:10662000073C173F908D4EBF188D173F1C524EBF31
:1066300012DE173F89164EBFF52E183FD5DA4DBF33
:10664000C07F183F029F4DBF73D0183F10634DBFEE
:106650000F21193FFD264DBF9471193FCBEA4CBF66
:1066600000C2193F79AE4CBF55121A3F08724CBF99
:1066700093621A3F78354CBFB8B21A3FC7F84BBF88
:10668000C6021B3FF8BB4BBFBB521B3F097F4BBF32
:1066900099A21B3FFA414BBF5FF21B3FCC044BBF9B
:1066A0000C421C3F7FC74ABFA2911C3F138A4ABFBE
:1066B0001FE11C3F874C4ABF84301D3FDC0E4ABFA0
:1066C000D17F1D3F12D149BF06CF1D3F299349BF3E
:1066D000221E1E3F215549BF266D1E3FFA1649BF97
:1066E00012BC1E3FB3D848BFE50A1F3F4E9A48BFB1
:1066F0009F591F3FCA5B48BF41A81F3F271D48BF86
:10670000CBF61F3F65DE47BF3B45203F849F47BF19
:106710009393203F856047BFD2E1203F672147BF69
:10672000F92F213F2AE246BF067E213FCEA246BF77
:10673000FBCB213F546346BFD719223FBB2346BF43
:106740009967223F03E445BF43B5223F2DA445BFCF
:10675000D302233F396445BF4B50233F262445BF16
:10676000A99D233FF5E344BFEEEA233FA5A344BF21
:106770001A38243F376344BF2C85243FAB2244BFE3
:1067800025D2243F00E243BF041F253F38A143BF69
:10679000CB6B253F516043BF77B8253F4C1F43BFAC
:1067A0000A05263F29DE42BF8451263FE89C42BFAE
:1067B000E39D263F895B42BF2AEA263F0B1A42BF70
:1067C0005636273F70D841BF6882273FB79641BFF2
:1067D00061CE273FE15441BF401A283FEC1241BF30
:1067E0000566283FDAD040BFB0B1283FA98E40BF30
:1067F00041FD283F5C4C40BFB848293FF00940BFED
:106800001594293F67C73FBF57DF293FC0843FBF6B
:10681000802A2A3FFC413FBF8E752A3F1BFF3EBFA7
:1068200082C02A3F1BBC3EBF5B0B2B3FFF783EBFA5
:106830001B562B3FC5353EBFBFA02B3F6EF23DBF61
:106840004AEB2B3FF9AE3DBFB9352C3F676B3DBFDF
:106850000F802C3FB8273DBF49CA2C3FECE33CBF1B
:1068600069142D3F03A03CBF6F5E2D3FFC5B3CBF16
:1068700059A82D3FD9173CBF29F22D3F98D33BBFD4
:10688000DE3B2E3F3B8F3BBF78852E3FC14A3BBF4F
:10689000F7CE2E3F29063BBF5B182F3F75C13ABF8D
:1068A000A5612F3FA47C3ABFD3AA2F3FB7373ABF89
:1068B000E6F32F3FACF239BFDE3C303F85AD39BF48
:1068C000BB85303F426839BF7CCE303FE12239BFC3
:1068D0002217313F65DD38BFAD5F313FCB9738BF01
:1068E0001DA8313F165238BF71F0313F430C38BFFD
:1068F000AA38323F55C637BFC780323F4A8037BFBC
:10690000C9C8323F233A37BFAF10333FDFF336BF3A
:106910007A58333F7FAD36BF29A0333F046736BF77
:10692000BCE7333F6C2036BF342F343FB8D935BF76
:106930008F76343FE79235BFCFBD343FFB4B35BF39
:10694000F304353FF30435BFFB4B353FCFBD34BFB8
:10695000E792353F8F7634BFB8D9353F342F34BFF7
:106960006C20363FBCE733BF0467363F29A033BFF6
:106970007FAD363F7A5833BFDFF3363FAF1033BFBA
:10698000233A373FC9C832BF4A80373FC78032BF3A
:1069900055C6373FAA3832BF430C383F71F031BF7C
:1069A0001652383F1DA831BFCB97383FAD5F31BF7E
:1069B00065DD383F221731BFE122393F7CCE30BF41
:1069C0004268393FBB8530BF85AD393FDE3C30BFC3
:1069D000ACF2393FE6F32FBFB7373A3FD3AA2FBF08
:1069E000A47C3A3FA5612FBF75C13A3F5B182FBF0A
:1069F00029063B3FF7CE2EBFC14A3B3F78852EBFCD
:106A00003B8F3B3FDE3B2EBF98D33B3F29F22DBF50
:106A1000D9173C3F59A82DBFFC5B3C3F6F5E2DBF93
:106A200003A03C3F69142DBFECE33C3F49CA2CBF97
:106A3000B8273D3F0F802CBF676B3D3FB9352CBF5A
:106A4000F9AE3D3F4AEB2BBF6EF23D3FBFA02BBFDF
:106A5000C5353E3F1B562BBFFF783E3F5B0B2BBF20
:106A60001BBC3E3F82C02ABF1BFF3E3F8E752ABF24
:106A7000FC413F3F802A2ABFC0843F3F57DF29BFE8
:106A800067C73F3F159429BFF009403FB84829BF69
:106A90005C4C403F41FD28BFA98E403FB0B128BFAC
:106AA000DAD0403F056628BFEC12413F401A28BFAC
:106AB000E154413F61CE27BFB796413F688227BF6F
:106AC00070D8413F563627BF0B1A423F2AEA26BFED
:106AD000895B423FE39D26BFE89C423F845126BF2D
:106AE00029DE423F0A0526BF4C1F433F77B825BF2A
:106AF0005160433FCB6B25BF38A1433F041F25BFE7
:106B000000E2433F25D224BFAB22443F2C8524BF63
:106B10003763443F1A3824BFA5A3443FEEEA23BF9E
:106B2000F5E3443FA99D23BF2624453F4B5023BF97
:106B30003964453FD30223BF2DA4453F43B522BF4F
:106B400003E4453F996722BFBB23463FD71922BFC5
:106B50005463463FFBCB21BFCEA2463F067E21BFFA
:106B60002AE2463FF92F21BF6721473FD2E120BFEC
:106B70008560473F939320BF849F473F3B4520BF9D
:106B800065DE473FCBF61FBF271D483F41A81FBF0B
:106B9000CA5B483F9F591FBF4E9A483FE50A1FBF37
:106BA000B3D8483F12BC1EBFFA16493F266D1EBF20
:106BB0002155493F221E1EBF2993493F06CF1DBFC5
:106BC00012D1493FD17F1DBFDC0E4A3F84301DBF2B
:106BD000874C4A3F1FE11CBF138A4A3FA2911CBF4A
:106BE0007FC74A3F0C421CBFCC044B3F5FF21BBF28
:106BF000FA414B3F99A21BBF097F4B3FBB521BBFC2
:106C0000F8BB4B3FC6021BBFC7F84B3FB8B21ABF19
:106C100078354C3F93621ABF08724C3F55121ABF29
:106C200079AE4C3F00C219BFCBEA4C3F947119BFFB
:106C3000FD264D3F0F2119BF10634D3F73D018BF84
:106C4000029F4D3FC07F18BFD5DA4D3FF52E18BFCC
:106C500089164E3F12DE17BF1C524E3F188D17BFCC
:106C6000908D4E3F073C17BFE4C84E3FDFEA16BF8A
:106C700017044F3F9F9916BF2B3F4F3F474816BF02
:106C80001F7A4F3FD9F615BFF4B44F3F54A515BF37
:106C9000A8EF4F3FB75315BF3B2A503F040215BF23
:106CA000AF64503F39B014BF039F503F585E14BFCC
:106CB00037D9503F5F0C14BF4A13513F50BA13BF2E
:106CC0003D4D513F2A6813BF1087513FEE1513BF4A
:106CD000C2C0513F9AC312BF54FA513F307112BF24
:106CE000C633523FB01E12BF186D523F19CC11BFB0
:106CF00049A6523F6B7911BF59DF523FA72611BFFA
:106D00004918533FCDD310BF1851533FDC8010BFFB
:106D1000C789533FD52D10BF55C2533FB8DA0FBFB7
:106D2000C3FA533F84870FBF0F33543F3B340FBF29
:106D30003B6B543FDBE00EBF47A3543F658D0EBF56
:106D400031DB543FDA390EBFFB12553F38E60DBF39
:106D5000A44A553F81920DBF2C82553FB33E0DBFD3
:106D600093B9553FD0EA0CBFD9F0553FD7960CBF29
:106D7000FE27563FC9420CBF025F563FA5EE0BBF30
:106D8000E595563F6B9A0BBFA7CC563F1C460BBFF1
:106D90004803573FB7F10ABFC739573F3D9D0ABF68
:106DA0002670573FAD480ABF63A6573F09F409BF95
:106DB0007FDC573F4E9F09BF7912583F7F4A09BF7A
:106DC0005348583F9BF508BF0B7E583FA1A008BF12
:106DD000A1B3583F924B08BF17E9583F6FF607BF62
:106DE0006A1E593F36A107BF9C53593FE84B07BF66
:106DF000AD88593F86F606BF9CBD593F0EA106BF20
:106E00006AF2593F824B06BF16275A3FE2F505BF8B
:106E1000A05B5A3F2CA005BF09905A3F624A05BFAC
:106E200050C45A3F84F404BF75F85A3F919E04BF82
:106E3000792C5B3F894804BF5A605B3F6DF203BF0A
:106E40001A945B3F3D9C03BFB8C75B3FF84503BF47
:106E500034FB5B3F9FEF02BF8E2E5C3F329902BF37
:106E6000C7615C3FB14202BFDD945C3F1CEC01BFD7
:106E7000D1C75C3F739501BFA3FA5C3FB53E01BF2C
:106E8000532D5D3FE4E700BFE15F5D3FFF9000BF32
:106E90004D925D3F063A00BF97C45D3FF3C5FFBE0C
:106EA000BEF65D3FB217FFBEC3285E3F4A69FEBE15
:106EB000A65A5E3FBBBAFDBE678C5E3F040CFDBEAA
:106EC00005BE5E3F275DFCBE81EF5E3F22AEFBBE8E
:106ED000DB205F3FF7FEFABE12525F3FA54FFABEBE
:106EE00027835F3F2DA0F9BE19B45F3F8EF0F8BE37
:106EF000E9E45F3FC840F8BE9615603FDC90F7BEFE
:106F00002146603FCBE0F6BE8976603F9330F6BE07
:106F1000CFA6603F3580F5BEF2D6603FB1CFF4BE5C
:106F2000F206613F071FF4BED036613F386EF3BEF4
:106F30008A66613F43BDF2BE2296613F290CF2BED4
:106F400098C5613FEA5AF1BEEAF4613F85A9F0BEF7
:106F50001A24623FFBF7EFBE2653623F4C46EFBE5A
:106F60001082623F7994EEBED7B0623F80E2EDBE00
:106F70007BDF623F6330EDBEFC0D633F217EECBEE4
:106F80005A3C633FBBCBEBBE956A633F3019EBBE07
:106F9000AC98633F8166EABEA1C6633FAEB3E9BE6B
:106FA00073F4633FB700E9BE2122643F9C4DE8BE05
:106FB000AC4F643F5D9AE7BE147D643FFBE6E6BEDE
:106FC00059AA643F7533E6BE7BD7643FCB7FE5BEED
:106FD0007904653FFECBE4BE5431653F0E18E4BE34
:106FE0000B5E653FFA63E3BEA08A653FC4AFE2BEB5
:106FF00010B7653F6AFBE1BE5EE3653FEE46E1BE6A
:10700000880F663F4F92E0BE8E3B663F8DDDDFBE50
:107010007167663FA928DFBE3093663FA273DEBE6C
:10702000CCBE663F79BEDDBE45EA663F2E09DDBEB9
:107030009915673FC153DCBECA40673F319EDBBE36
:10704000D86B673F80E8DABEC196673FAD32DABEE3
:1070500087C1673FB97CD9BE2AEC673FA3C6D8BEBB
:10706000A816683F6B10D8BE0341683F135AD7BEBD
:10707000396B683F99A3D6BE4C95683FFDECD5BEF1
:107080003CBF683F4136D5BE07E9683F647FD4BE48
:10709000AE12693F67C8D3BE323C693F4811D3BEC8
:1070A0009165693F095AD2BECC8E693FAAA2D1BE72
:1070B000E4B7693F2AEBD0BED7E0693F8A33D0BE40
:1070C000A7096A3FCA7BCFBE52326A3FEAC3CEBE2F
:1070D000D95A6A3FEA0BCEBE3C836A3FCA53CDBE43
:1070E0007BAB6A3F8B9BCCBE95D36A3F2CE3CBBE78
:1070F0008CFB6A3FAE2ACBBE5E236B3F1072CABECA
:107100000C4B6B3F53B9C9BE95726B3F7700C9BE3C
:10711000FB996B3F7C47C8BE3BC16B3F628EC7BECD
:1071200058E86B3F29D5C6BE500F6C3FD21BC6BE78
:1071300024366C3F5C62C5BED45C6C3FC8A8C4BE3C
:107140005E836C3F15EFC3BEC5A96C3F4435C3BE1B
:1071500007D06C3F557BC2BE24F66C3F48C1C1BE10
:107160001D1C6D3F1E07C1BEF2416D3FD54CC0BE18
:10717000A1676D3F6F92BFBE2D8D6D3FEBD7BEBE39
:1071800093B26D3F4A1DBEBED5D76D3F8B62BDBE6B
:10719000F2FC6D3FAFA7BCBEEB216E3FB6ECBBBEB1
:1071A000BE466E3FA031BBBE6D6B6E3F6E76BABE03
:1071B000F88F6E3F1EBBB9BE5DB46E3FB2FFB8BE66
:1071C0009ED86E3F2A44B8BEBAFC6E3F8488B7BED4
:1071D000B0206F3FC3CCB6BE83446F3FE610B6BE4F
:1071E00030686F3FEC54B5BEB88B6F3FD698B4BED5
:1071F0001BAF6F3FA5DCB3BE5AD26F3F5820B3BE62
:1072000073F56F3FEF63B2BE6718703F6BA7B1BEF7
:10721000373B703FCBEAB0BEE15D703F102EB0BE91
:107220006680703F3A71AFBEC6A2703F49B4AEBE31
:1072300002C5703F3CF7ADBE17E7703F153AADBED3
:107240000809713FD47CACBED42A713F77BFABBE76
:107250007A4C713F0102ABBEFB6D713F6F44AABE19
:10726000578F713FC486A9BE8EB0713FFEC8A8BEBD
:107270009FD1713F1F0BA8BE8CF2713F254DA7BE59
:107280005213723F128FA6BEF433723FE5D0A5BEF3
:107290007054723F9F12A5BEC774723F3F54A4BE84
:1072A000F894723FC595A3BE04B5723F33D7A2BE12
:1072B000EBD4723F8718A2BEACF4723FC259A1BE94
:1072C0004714733FE59AA0BEBE33733FEEDB9FBE0B
:1072D0000E53733FDF1C9FBE3972733FB85D9EBE75
:1072E0003F91733F789E9DBE1FB0733F20DF9CBED1
:1072F000D9CE733FAF1F9CBE6EED733F27609BBE20
:10730000DD0B743F86A09ABE272A743FCEE099BE5B
:107310004B48743FFE2099BE4966743F166198BE83
:107320002284743F17A197BED5A1743F00E196BE99
:1073300062BF743FD22096BEC9DC743F8D6095BE9B
:107340000BFA743F31A094BE2717753FBFDF93BE81
:107350001D34753F351F93BEED50753F945E92BE50
:10736000976D753FDD9D91BE1C8A753F10DD90BE07
:107370007BA6753F2C1C90BEB3C2753F325B8FBE9F
:10738000C6DE753F229A8EBEB3FA753FFCD88DBE1D
:107390007A16763FC0178DBE1B32763F6E568CBE76
:1073A000974D763F07958BBEEC68763F8AD38ABEB1
:1073B0001B84763FF8118ABE249F763F505089BEC9
:1073C00007BA763F938E88BEC4D4763FC1CC87BEC1
:1073D0005BEF763FDA0A87BECC09773FDF4886BE8F
:1073E0001724773FCE8685BE3C3E773FAAC484BE35
:1073F0003A58773F700284BE1372773F224083BEB3
:10740000C58B773FC07D82BE51A5773F4ABB81BE09
:10741000B7BE773FC0F880BEF7D7773F223680BE31
:1074200010F1773FE1E67EBE040A783F56617DBEEB
:10743000D122783FA4DB7BBE773B783FCB557ABE29
:10744000F853783FCCCF78BE526C783FA64977BED0
:107450008684783F5AC375BE939C783FE83C74BEDF
:107460007BB4783F51B672BE3BCC783F942F71BE4F
:10747000D6E3783FB2A86FBE4AFB783FAB216EBE21
:107480009812793F7F9A6CBEBF29793F2F136BBE4C
:10749000C040793FBA8B69BE9A57793F220468BED3
:1074A0004E6E793F667C66BEDC84793F86F464BEAE
:1074B000439B793F836C63BE83B1793F5CE461BEDB
:1074C0009DC7793F135C60BE91DD793FA8D35EBE56
:1074D0005EF3793F1A4B5DBE04097A3F6AC25BBE18
:1074E000841E7A3F97395ABEDD337A3FA4B058BE26
:1074F00010497A3F8F2757BE1C5E7A3F589E55BE73
:1075000002737A3F011554BEC1877A3F898B52BE00
:10751000599C7A3FF10151BECBB07A3F38784FBECB
:1075200016C57A3F60EE4DBE3AD97A3F67644CBECD
:1075300037ED7A3F4FDA4ABE0E017B3F185049BE05
:10754000BE147B3FC2C547BE48287B3F4D3B46BE6D
:10755000AB3B7B3FB9B044BEE74E7B3F072643BE03
:10756000FC617B3F379B41BEEA747B3F491040BEC4
:10757000B2877B3F3E853EBE539A7B3F15FA3CBEA9
:10758000CDAC7B3FCF6E3BBE20BF7B3F6CE339BEB3
:107590004DD17B3FEC5738BE53E37B3F50CC36BEDA
:1075A00031F57B3F984035BEE9067C3FC4B433BE1D
:1075B0007A187C3FD42832BEE5297C3FC99C30BE76
:1075C000283B7C3FA2102FBE444C7C3F61842DBEE3
:1075D0003A5D7C3F04F82BBE086E7C3F8D6B2ABE63
:1075E000B07E7C3FFCDE28BE318F7C3F515227BEEF
:1075F0008A9F7C3F8CC525BEBDAF7C3FAD3824BE85
:10760000C9BF7C3FB6AB22BEAECF7C3FA51E21BE1C
:107610006CDF7C3F7B911FBE03EF7C3F38041EBEB6
:1076200073FE7C3FDE761CBEBC0D7D3F6BE91ABE4F
:10763000DD1C7D3FE05B19BED82B7D3F3DCE17BEE4
:10764000AC3A7D3F834016BE59497D3FB2B214BE6D
:10765000DE577D3FCA2413BE3D667D3FCC9611BEEA
:1076600074747D3FB70810BE85827D3F8B7A0EBE55
:107670006E907D3F4AEC0CBE309E7D3FF35D0BBEAD
:10768000CCAB7D3F86CF09BE40B97D3F054108BEEA
:107690008CC67D3F6EB206BEB2D37D3FC22305BE0F
:1076A000B1E07D3F029503BE88ED7D3F2E0602BE10
:1076B00038FA7D3F457700BEC2067E3F92D0FDBDC1
:1076C00024137E3F73B2FABD5E1F7E3F2C94F7BD3C
:1076D000722B7E3FC075F4BD5E377E3F2E57F1BDE5
:1076E00023437E3F7638EEBDC14E7E3F9A19EBBDF7
:1076F000385A7E3F9AFAE7BD88657E3F76DBE4BD67
:10770000B0707E3F2EBCE1BDB17B7E3FC49CDEBD30
:107710008B867E3F377DDBBD3D917E3F895DD8BD49
:10772000C99B7E3FB93DD5BD2DA67E3FC81DD2BDAC
:1077300069B07E3FB7FDCEBD7FBA7E3F86DDCBBD53
:107740006DC47E3F36BDC8BD34CE7E3FC69CC5BD30
:10775000D4D77E3F397CC2BD4CE17E3F8D5BBFBD3F
:107760009DEA7E3FC33ABCBDC7F37E3FDD19B9BD7C
:10777000C9FC7E3FDAF8B5BDA4057F3FBBD7B2BDDB
:10778000580E7F3F80B6AFBDE4167F3F2B95ACBD52
:10779000491F7F3FBA73A9BD87277F3F3052A6BDDF
:1077A0009D2F7F3F8C30A3BD8D377F3FCF0EA0BD77
:1077B000543F7F3FF9EC9CBDF4467F3F0ACB99BD17
:1077C0006D4E7F3F05A996BDBF557F3FE78693BDB0
:1077D000E95C7F3FB46490BDEC637F3F6A428DBD3E
:1077E000C76A7F3F0A208ABD7B717F3F94FD86BDBB
:1077F00008787F3F0ADB83BD6D7E7F3F6CB880BD1C
:10780000AB847F3F742B7BBDC28A7F3FE9E574BDAB
:10781000B1907F3F38A06EBD78967F3F625A68BDB9
:10782000189C7F3F681462BD91A17F3F4CCE5BBD29
:10783000E3A67F3F0E8855BD0DAC7F3FAF414FBDE6
:107840000FB17F3F2FFB48BDEAB57F3F91B442BDEA
:107850009EBA7F3FD56D3CBD2ABF7F3FFC2636BD1B
:107860008FC37F3F07E02FBDCCC77F3FF69829BD70
:10787000E2CB7F3FCC5123BDD1CF7F3F880A1DBDD6
:1078800098D37F3F2CC316BD37D77F3FB87B10BD41
:10789000AFDA7F3F2F340ABD00DE7F3F90EC03BD9F
:1078A00029E17F3FB949FBBC2BE47F3F2DBAEEBCF9
:1078B00005E77F3F7B2AE2BCB8E97F3FA69AD5BCAB
:1078C00043EC7F3FB00AC9BCA7EE7F3F9B7ABCBCAC
:1078D000E3F07F3F69EAAFBCF8F27F3F1C5AA3BCDC
:1078E000E6F47F3FB6C996BCACF67F3F38398ABC18
:1078F0004AF87F3F4B517BBCC1F97F3F003062BCEF
:1079000011FB7F3F900E49BC39FC7F3F02ED2FBC3D
:1079100039FD7F3F59CB16BC13FE7F3F3053FBBB75
:10792000C4FE7F3F890FC9BB4EFF7F3FC1CB96BBD3
:10793000B1FF7F3FC70F49BBECFF7F3FD40FC9BAF0
:107940000000803F0000000011FB7F3F900E493C8B
:1079500043EC7F3FB00AC93C98D37F3F2CC3163D10
:107960000FB17F3F2FFB483DAB847F3F742B7B3DA6
:107970006D4E7F3F05A9963D580E7F3F80B6AF3DC7
:107980006DC47E3F36BDC83DB0707E3F2EBCE13D2C
:1079900024137E3F73B2FA3DCCAB7D3F86CF093EC8
:1079A000AC3A7D3F8340163EC9BF7C3FB6AB223E1A
:1079B000283B7C3FA2102F3ECDAC7B3FCF6E3B3EA1
:1079C000BE147B3FC2C5473E02737A3F0115543E49
:1079D0009DC7793F135C603E9812793F7F9A6C3E59
:1079E000F853783FCCCF783EC58B773FC07D823E41
:1079F00007BA763F938E883EC6DE753F229A8E3E4A
:107A00000BFA743F31A0943EDD0B743F86A09A3E82
:107A10004714733FE59AA03E5213723F128FA63E61
:107A20000809713FD47CAC3E73F56F3FEF63B23E03
:107A30009ED86E3F2A44B83E93B26D3F4A1DBE3E6B
:107A40005E836C3F15EFC33E0C4B6B3F53B9C93E91
:107A5000A7096A3FCA7BCF3E3CBF683F4136D53E4F
:107A6000D86B673F80E8DA3E880F663F4F92E03E72
:107A700059AA643F7533E63E5A3C633FBBCBEB3EAD
:107A800098C5613FEA5AF13E2146603FCBE0F63EA1
:107A900005BE5E3F275DFC3E532D5D3FE4E7003FA2
:107AA0001A945B3F3D9C033F6AF2593F824B063F6D
:107AB0005348583F9BF5083FE595563F6B9A0B3F5F
:107AC00031DB543FDA390E3F4918533FCDD3103FD5
:107AD0003D4D513F2A68133F1F7A4F3FD9F6153F5E
:107AE000029F4D3FC07F183FF8BB4B3FC6021B3F74
:107AF00012D1493FD17F1D3F65DE473FCBF61F3F87
:107B000003E4453F9967223F00E2433F25D2243FEB
:107B100070D8413F5636273F67C73F3F1594293FEE
:107B2000F9AE3D3F4AEB2B3F3B8F3B3FDE3B2E3FC9
:107B30004268393FBB85303F233A373FC9C8323F9F
:107B4000F304353FF304353FC9C8323F233A373F8A
:107B5000BB85303F4268393FDE3B2E3F3B8F3B3F8A
:107B60004AEB2B3FF9AE3D3F1594293F67C73F3F96
:107B70005636273F70D8413F25D2243F00E2433F8D
:107B80009967223F03E4453FCBF61F3F65DE473F41
:107B9000D17F1D3F12D1493FC6021B3FF8BB4B3F6F
:107BA000C07F183F029F4D3FD9F6153F1F7A4F3FC8
:107BB0002A68133F3D4D513FCDD3103F4918533FE5
:107BC000DA390E3F31DB543F6B9A0B3FE595563F58
:107BD0009BF5083F5348583F824B063F6AF2593F96
:107BE0003D9C033F1A945B3FE4E7003F532D5D3F0C
:107BF000275DFC3E05BE5E3FCBE0F63E2146603F82
:107C0000EA5AF13E98C5613FBBCBEB3E5A3C633F1D
:107C10007533E63E59AA643F4F92E03E880F663FB7
:107C200080E8DA3ED86B673F4136D53E3CBF683FBF
:107C3000CA7BCF3EA7096A3F53B9C93E0C4B6B3F85
:107C400015EFC33E5E836C3F4A1DBE3E93B26D3F4F
:107C50002A44B83E9ED86E3FEF63B23E73F56F3F45
:107C6000D47CAC3E0809713F128FA63E5213723F7E
:107C7000E59AA03E4714733F86A09A3EDD0B743F01
:107C800031A0943E0BFA743F229A8E3EC6DE753FB9
:107C9000938E883E07BA763FC07D823EC58B773F84
:107CA000CCCF783EF853783F7F9A6C3E9812793F5C
:107CB000135C603E9DC7793F0115543E02737A3FC5
:107CC000C2C5473EBE147B3FCF6E3B3ECDAC7B3F33
:107CD000A2102F3E283B7C3FB6AB223EC9BF7C3F63
:107CE0008340163EAC3A7D3F86CF093ECCAB7D3F0C
:107CF00073B2FA3D24137E3F2EBCE13DB0707E3F4F
:107D000036BDC83D6DC47E3F80B6AF3D580E7F3F47
:107D100005A9963D6D4E7F3F742B7B3DAB847F3F25
:107D20002FFB483D0FB17F3F2CC3163D98D37F3FBB
:107D3000B00AC93C43EC7F3F900E493C11FB7F3FAA
:107D4000000000000000803F900E49BC11FB7F3F07
:107D5000B00AC9BC43EC7F3F2CC316BD98D37F3F0C
:107D60002FFB48BD0FB17F3F742B7BBDAB847F3FA2
:107D700005A996BD6D4E7F3F80B6AFBD580E7F3FC3
:107D800036BDC8BD6DC47E3F2EBCE1BDB0707E3F28
:107D900073B2FABD24137E3F86CF09BECCAB7D3FC4
:107DA000834016BEAC3A7D3FB6AB22BEC9BF7C3F16
:107DB000A2102FBE283B7C3FCF6E3BBECDAC7B3F9D
:107DC000C2C547BEBE147B3F011554BE02737A3F45
:107DD000135C60BE9DC7793F7F9A6CBE9812793F55
:107DE000CCCF78BEF853783FC07D82BEC58B773F3D
:107DF000938E88BE07BA763F229A8EBEC6DE753F46
:107E000031A094BE0BFA743F86A09ABEDD0B743F7E
:107E1000E59AA0BE4714733F128FA6BE5213723F5D
:107E2000D47CACBE0809713FEF63B2BE73F56F3FFF
:107E30002A44B8BE9ED86E3F4A1DBEBE93B26D3F67
:107E400015EFC3BE5E836C3F53B9C9BE0C4B6B3F8D
:107E5000CA7BCFBEA7096A3F4136D5BE3CBF683F4B
:107E600080E8DABED86B673F4F92E0BE880F663F6E
:107E70007533E6BE59AA643FBBCBEBBE5A3C633FA9
:107E8000EA5AF1BE98C5613FCBE0F6BE2146603F9D
:107E9000275DFCBE05BE5E3FE4E700BF532D5D3F9E
:107EA0003D9C03BF1A945B3F824B06BF6AF2593F69
:107EB0009BF508BF5348583F6B9A0BBFE595563F5B
:107EC000DA390EBF31DB543FCDD310BF4918533FD1
:107ED0002A6813BF3D4D513FD9F615BF1F7A4F3F5A
:107EE000C07F18BF029F4D3FC6021BBFF8BB4B3F70
:107EF000D17F1DBF12D1493FCBF61FBF65DE473F83
:107F0000996722BF03E4453F25D224BF00E2433FE7
:107F1000563627BF70D8413F159429BF67C73F3FEA
:107F20004AEB2BBFF9AE3D3FDE3B2EBF3B8F3B3FC5
:107F3000BB8530BF4268393FC9C832BF233A373F9B
:107F4000F30435BFF304353F233A37BFC9C8323F86
:107F5000426839BFBB85303F3B8F3BBFDE3B2E3F86
:107F6000F9AE3DBF4AEB2B3F67C73FBF1594293F92
:107F700070D841BF5636273F00E243BF25D2243F89
:107F800003E445BF9967223F65DE47BFCBF61F3F3D
:107F900012D149BFD17F1D3FF8BB4BBFC6021B3F6B
:107FA000029F4DBFC07F183F1F7A4FBFD9F6153FC4
:107FB0003D4D51BF2A68133F491853BFCDD3103FE1
:107FC00031DB54BFDA390E3FE59556BF6B9A0B3F54
:107FD000534858BF9BF5083F6AF259BF824B063F92
:107FE0001A945BBF3D9C033F532D5DBFE4E7003F08
:107FF00005BE5EBF275DFC3E214660BFCBE0F63E7E
:1080000098C561BFEA5AF13E5A3C63BFBBCBEB3E19
:1080100059AA64BF7533E63E880F66BF4F92E03EB3
:10802000D86B67BF80E8DA3E3CBF68BF4136D53EBB
:10803000A7096ABFCA7BCF3E0C4B6BBF53B9C93E81
:108040005E836CBF15EFC33E93B26DBF4A1DBE3E4B
:108050009ED86EBF2A44B83E73F56FBFEF63B23E41
:10806000080971BFD47CAC3E521372BF128FA63E7A
:10807000471473BFE59AA03EDD0B74BF86A09A3EFD
:108080000BFA74BF31A0943EC6DE75BF229A8E3EB5
:1080900007BA76BF938E883EC58B77BFC07D823E80
:1080A000F85378BFCCCF783E981279BF7F9A6C3E58
:1080B0009DC779BF135C603E02737ABF0115543EC1
:1080C000BE147BBFC2C5473ECDAC7BBFCF6E3B3E2F
:1080D000283B7CBFA2102F3EC9BF7CBFB6AB223E5F
:1080E000AC3A7DBF8340163ECCAB7DBF86CF093E08
:1080F00024137EBF73B2FA3DB0707EBF2EBCE13D4B
:108100006DC47EBF36BDC83D580E7FBF80B6AF3D43
:108110006D4E7FBF05A9963DAB847FBF742B7B3D21
:108120000FB17FBF2FFB483D98D37FBF2CC3163DB7
:1081300043EC7FBFB00AC93C11FB7FBF900E493CA6
:10814000000080BF0000000011FB7FBF900E49BC03
:1081500043EC7FBFB00AC9BC98D37FBF2CC316BD08
:108160000FB17FBF2FFB48BDAB847FBF742B7BBD9E
:108170006D4E7FBF05A996BD580E7FBF80B6AFBDBF
:108180006DC47EBF36BDC8BDB0707EBF2EBCE1BD24
:1081900024137EBF73B2FABDCCAB7DBF86CF09BEC0
:1081A000AC3A7DBF834016BEC9BF7CBFB6AB22BE12
:1081B000283B7CBFA2102FBECDAC7BBFCF6E3BBE99
:1081C000BE147BBFC2C547BE02737ABF011554BE41
:1081D0009DC779BF135C60BE981279BF7F9A6CBE51
:1081E000F85378BFCCCF78BEC58B77BFC07D82BE39
:1081F00007BA76BF938E88BEC6DE75BF229A8EBE42
:108200000BFA74BF31A094BEDD0B74BF86A09ABE7A
:10821000471473BFE59AA0BE521372BF128FA6BE59
:10822000080971BFD47CACBE73F56FBFEF63B2BEFB
:108230009ED86EBF2A44B8BE93B26DBF4A1DBEBE63
:108240005E836CBF15EFC3BE0C4B6BBF53B9C9BE89
:10825000A7096ABFCA7BCFBE3CBF68BF4136D5BE47
:10826000D86B67BF80E8DABE880F66BF4F92E0BE6A
:1082700059AA64BF7533E6BE5A3C63BFBBCBEBBEA5
:1082800098C561BFEA5AF1BE214660BFCBE0F6BE99
:1082900005BE5EBF275DFCBE532D5DBFE4E700BF9A
:1082A0001A945BBF3D9C03BF6AF259BF824B06BF65
:1082B000534858BF9BF508BFE59556BF6B9A0BBF57
:1082C00031DB54BFDA390EBF491853BFCDD310BFCD
:1082D0003D4D51BF2A6813BF1F7A4FBFD9F615BF56
:1082E000029F4DBFC07F18BFF8BB4BBFC6021BBF6C
:1082F00012D149BFD17F1DBF65DE47BFCBF61FBF7F
:1083000003E445BF996722BF00E243BF25D224BFE3
:1083100070D841BF563627BF67C73FBF159429BFE6
:10832000F9AE3DBF4AEB2BBF3B8F3BBFDE3B2EBFC1
:10833000426839BFBB8530BF233A37BFC9C832BF97
:10834000F30435BFF30435BFC9C832BF233A37BF82
:10835000BB8530BF426839BFDE3B2EBF3B8F3BBF82
:108360004AEB2BBFF9AE3DBF159429BF67C73FBF8E
:10837000563627BF70D841BF25D224BF00E243BF85
:10838000996722BF03E445BFCBF61FBF65DE47BF39
:10839000D17F1DBF12D149BFC6021BBFF8BB4BBF67
:1083A000C07F18BF029F4DBFD9F615BF1F7A4FBFC0
:1083B0002A6813BF3D4D51BFCDD310BF491853BFDD
:1083C000DA390EBF31DB54BF6B9A0BBFE59556BF50
:1083D0009BF508BF534858BF824B06BF6AF259BF8E
:1083E0003D9C03BF1A945BBFE4E700BF532D5DBF04
:1083F000275DFCBE05BE5EBFCBE0F6BE214660BF7A
:10840000EA5AF1BE98C561BFBBCBEBBE5A3C63BF15
:108410007533E6BE59AA64BF4F92E0BE880F66BFAF
:1084200080E8DABED86B67BF4136D5BE3CBF68BFB7
:10843000CA7BCFBEA7096ABF53B9C9BE0C4B6BBF7D
:1084400015EFC3BE5E836CBF4A1DBEBE93B26DBF47
:108450002A44B8BE9ED86EBFEF63B2BE73F56FBF3D
:10846000D47CACBE080971BF128FA6BE521372BF76
:10847000E59AA0BE471473BF86A09ABEDD0B74BFF9
:1084800031A094BE0BFA74BF229A8EBEC6DE75BFB1
:10849000938E88BE07BA76BFC07D82BEC58B77BF7C
:1084A000CCCF78BEF85378BF7F9A6CBE981279BF54
:1084B000135C60BE9DC779BF011554BE02737ABFBD
:1084C000C2C547BEBE147BBFCF6E3BBECDAC7BBF2B
:1084D000A2102FBE283B7CBFB6AB22BEC9BF7CBF5B
:1084E000834016BEAC3A7DBF86CF09BECCAB7DBF04
:1084F00073B2FABD24137EBF2EBCE1BDB0707EBF47
:1085000036BDC8BD6DC47EBF80B6AFBD580E7FBF3F
:1085100005A996BD6D4E7FBF742B7BBDAB847FBF1D
:108520002FFB48BD0FB17FBF2CC316BD98D37FBFB3
:10853000B00AC9BC43EC7FBF900E49BC11FB7FBFA2
:1085400000000080000080BF900E493C11FB7FBFFF
:10855000B00AC93C43EC7FBF2CC3163D98D37FBF04
:108560002FFB483D0FB17FBF742B7B3DAB847FBF9A
:1085700005A9963D6D4E7FBF80B6AF3D580E7FBFBB
:1085800036BDC83D6DC47EBF2EBCE13DB0707EBF20
:1085900073B2FA3D24137EBF86CF093ECCAB7DBFBC
:1085A0008340163EAC3A7DBFB6AB223EC9BF7CBF0E
:1085B000A2102F3E283B7CBFCF6E3B3ECDAC7BBF95
:1085C000C2C5473EBE147BBF0115543E02737ABF3D
:1085D000135C603E9DC779BF7F9A6C3E981279BF4D
:1085E000CCCF783EF85378BFC07D823EC58B77BF35
:1085F000938E883E07BA76BF229A8E3EC6DE75BF3E
:1086000031A0943E0BFA74BF86A09A3EDD0B74BF76
:10861000E59AA03E471473BF128FA63E521372BF55
:10862000D47CAC3E080971BFEF63B23E73F56FBFF7
:108630002A44B83E9ED86EBF4A1DBE3E93B26DBF5F
:1086400015EFC33E5E836CBF53B9C93E0C4B6BBF85
:10865000CA7BCF3EA7096ABF4136D53E3CBF68BF43
:1086600080E8DA3ED86B67BF4F92E03E880F66BF66
:108670007533E63E59AA64BFBBCBEB3E5A3C63BFA1
:10868000EA5AF13E98C561BFCBE0F63E214660BF95
:10869000275DFC3E05BE5EBFE4E7003F532D5DBF96
:1086A0003D9C033F1A945BBF824B063F6AF259BF61
:1086B0009BF5083F534858BF6B9A0B3FE59556BF53
:1086C000DA390E3F31DB54BFCDD3103F491853BFC9
:1086D0002A68133F3D4D51BFD9F6153F1F7A4FBF52
:1086E000C07F183F029F4DBFC6021B3FF8BB4BBF68
:1086F000D17F1D3F12D149BFCBF61F3F65DE47BF7B
:108700009967223F03E445BF25D2243F00E243BFDF
:108710005636273F70D841BF1594293F67C73FBFE2
:108720004AEB2B3FF9AE3DBFDE3B2E3F3B8F3BBFBD
:10873000BB85303F426839BFC9C8323F233A37BF93
:10874000F304353FF30435BF233A373FC9C832BF7E
:108750004268393FBB8530BF3B8F3B3FDE3B2EBF7E
:10876000F9AE3D3F4AEB2BBF67C73F3F159429BF8A
:1087700070D8413F563627BF00E2433F25D224BF81
:1087800003E4453F996722BF65DE473FCBF61FBF35
:1087900012D1493FD17F1DBFF8BB4B3FC6021BBF63
:1087A000029F4D3FC07F18BF1F7A4F3FD9F615BFBC
:1087B0003D4D513F2A6813BF4918533FCDD310BFD9
:1087C00031DB543FDA390EBFE595563F6B9A0BBF4C
:1087D0005348583F9BF508BF6AF2593F824B06BF8A
:1087E0001A945B3F3D9C03BF532D5D3FE4E700BF00
:1087F00005BE5E3F275DFCBE2146603FCBE0F6BE76
:1088000098C5613FEA5AF1BE5A3C633FBBCBEBBE11
:1088100059AA643F7533E6BE880F663F4F92E0BEAB
:10882000D86B673F80E8DABE3CBF683F4136D5BEB3
:10883000A7096A3FCA7BCFBE0C4B6B3F53B9C9BE79
:108840005E836C3F15EFC3BE93B26D3F4A1DBEBE43
:108850009ED86E3F2A44B8BE73F56F3FEF63B2BE39
:108860000809713FD47CACBE5213723F128FA6BE72
:108870004714733FE59AA0BEDD0B743F86A09ABEF5
:108880000BFA743F31A094BEC6DE753F229A8EBEAD
:1088900007BA763F938E88BEC58B773FC07D82BE78
:1088A000F853783FCCCF78BE9812793F7F9A6CBE50
:1088B0009DC7793F135C60BE02737A3F011554BEB9
:1088C000BE147B3FC2C547BECDAC7B3FCF6E3BBE27
:1088D000283B7C3FA2102FBEC9BF7C3FB6AB22BE57
:1088E000AC3A7D3F834016BECCAB7D3F86CF09BE00
:1088F00024137E3F73B2FABDB0707E3F2EBCE1BD43
:108900006DC47E3F36BDC8BD580E7F3F80B6AFBD3B
:108910006D4E7F3F05A996BDAB847F3F742B7BBD19
:108920000FB17F3F2FFB48BD98D37F3F2CC316BDAF
:1089300043EC7F3FB00AC9BC11FB7F3F900E49BC9E
:108940000000803F000000006DC47E3F36BDC83D82
:10895000BE147B3FC2C5473E0BFA743F31A0943E24
:108960005E836C3F15EFC33E98C5613FEA5AF13E06
:1089700031DB543FDA390E3F03E4453F9967223F2C
:10898000F304353FF304353F9967223F03E4453F45
:10899000DA390E3F31DB543FEA5AF13E98C5613F68
:1089A00015EFC33E5E836C3F31A0943E0BFA743FDB
:1089B000C2C5473EBE147B3F36BDC83D6DC47E3F39
:1089C000000000000000803F36BDC8BD6DC47E3F82
:1089D000C2C547BEBE147B3F31A094BE0BFA743FA4
:1089E00015EFC3BE5E836C3FEA5AF1BE98C5613F86
:1089F000DA390EBF31DB543F996722BF03E4453FAC
:108A0000F30435BFF304353F03E445BF9967223FC4
:108A100031DB54BFDA390E3F98C561BFEA5AF13EE7
:108A20005E836CBF15EFC33E0BFA74BF31A0943E5A
:108A3000BE147BBFC2C5473E6DC47EBF36BDC83DB8
:108A4000000080BF000000006DC47EBF36BDC8BD01
:108A5000BE147BBFC2C547BE0BFA74BF31A094BE23
:108A60005E836CBF15EFC3BE98C561BFEA5AF1BE05
:108A700031DB54BFDA390EBF03E445BF996722BF2B
:108A8000F30435BFF30435BF996722BF03E445BF44
:108A9000DA390EBF31DB54BFEA5AF1BE98C561BF67
:108AA00015EFC3BE5E836CBF31A094BE0BFA74BFDA
:108AB000C2C547BEBE147BBF36BDC8BD6DC47EBF38
:108AC00000000080000080BF36BDC83D6DC47EBF81
:108AD000C2C5473EBE147BBF31A0943E0BFA74BFA3
:108AE00015EFC33E5E836CBFEA5AF13E98C561BF85
:108AF000DA390E3F31DB54BF9967223F03E445BFAB
:108B0000F304353FF30435BF03E4453F996722BFC3
:108B100031DB543FDA390EBF98C5613FEA5AF1BEE6
:108B20005E836C3F15EFC3BE0BFA743F31A094BE59
:108B3000BE147B3FC2C547BE6DC47E3F36BDC8BDB7
:108B4000000000000000803F890FC93BC4FE7F3F4A
:108B5000900E493C11FB7F3FB6C9963CE6F47F3F3F
:108B6000B00AC93C43EC7F3FB949FB3C29E17F3F58
:108B70002CC3163D98D37F3F07E02F3D8FC37F3F27
:108B80002FFB483D0FB17F3F6814623D189C7F3F2B
:108B9000742B7B3DAB847F3F0A208A3DC76A7F3FB1
:108BA00005A9963D6D4E7F3F8C30A33D9D2F7F3FA5
:108BB00080B6AF3D580E7F3FC33ABC3D9DEA7E3F35
:108BC00036BDC83D6DC47E3FB93DD53DC99B7E3F96
:108BD0002EBCE13DB0707E3F7638EE3D23437E3FB4
:108BE00073B2FA3D24137E3F0295033EB1E07D3F10
:108BF00086CF093ECCAB7D3FB708103E74747D3FF5
:108C00008340163EAC3A7D3FDE761C3E73FE7C3FD1
:108C1000B6AB223EC9BF7C3FFCDE283EB07E7C3F27
:108C2000A2102F3E283B7C3F9840353E31F57B3FDC
:108C3000CF6E3B3ECDAC7B3F379B413EFC617B3FE3
:108C4000C2C5473EBE147B3F60EE4D3E16C57A3F1F
:108C50000115543E02737A3F97395A3E841E7A3F7B
:108C6000135C603E9DC7793F667C663E4E6E793FE1
:108C70007F9A6C3E9812793F51B6723E7BB4783F32
:108C8000CCCF783EF853783FE1E67E3E10F1773F57
:108C9000C07D823EC58B773FCE86853E1724773FC9
:108CA000938E883E07BA763F07958B3E974D763F69
:108CB000229A8E3EC6DE753FDD9D913E976D753FD3
:108CC00031A0943E0BFA743F17A1973E2284743F63
:108CD00086A09A3EDD0B743F789E9D3E3F91733F88
:108CE000E59AA03E4714733FC595A33EF894723FA2
:108CF000128FA63E5213723FC486A93E578F713F12
:108D0000D47CAC3E0809713F3A71AF3E6680703F3B
:108D1000EF63B23E73F56F3FEC54B53E30686F3F82
:108D20002A44B83E9ED86E3FA031BB3EBE466E3F41
:108D30004A1DBE3E93B26D3F1E07C13E1D1C6D3FD6
:108D400015EFC33E5E836C3F29D5C63E58E86B3FA6
:108D500053B9C93E0C4B6B3F8B9BCC3E7BAB6A3F00
:108D6000CA7BCF3EA7096A3F095AD23E9165693F47
:108D70004136D53E3CBF683F6B10D83EA816683FD1
:108D800080E8DA3ED86B673F79BEDD3ECCBE663FF9
:108D90004F92E03E880F663FFA63E33E0B5E653F0D
:108DA0007533E63E59AA643FB700E93E73F4633F6A
:108DB000BBCBEB3E5A3C633F7994EE3E1082623F60
:108DC000EA5AF13E98C5613F071FF43EF206613F43
:108DD000CBE0F63E2146603F2DA0F93E27835F3F62
:108DE000275DFC3E05BE5E3FB217FF3EBEF65D3F0F
:108DF000E4E7003F532D5D3FB142023FC7615C3F56
:108E00003D9C033F1A945B3F84F4043F50C45A3F97
:108E1000824B063F6AF2593F36A1073F6A1E593F0F
:108E20009BF5083F5348583FAD480A3F2670573FCF
:108E30006B9A0B3FE595563FD0EA0C3F93B9553FEF
:108E4000DA390E3F31DB543F84870F3FC3FA533F7B
:108E5000CDD3103F4918533FB01E123FC633523F87
:108E60002A68133F3D4D513F39B0143FAF64503F26
:108E7000D9F6153F1F7A4F3F073C173F908D4E3F65
:108E8000C07F183F029F4D3F00C2193F79AE4C3F53
:108E9000C6021B3FF8BB4B3F0C421C3F7FC74A3FFB
:108EA000D17F1D3F12D1493F12BC1E3FB3D8483F6E
:108EB000CBF61F3F65DE473FF92F213F2AE2463FB1
:108EC0009967223F03E4453FA99D233FF5E3443FD3
:108ED00025D2243F00E2433F0A05263F29DE423FD8
:108EE0005636273F70D8413F0566283FDAD0403FCD
:108EF0001594293F67C73F3F82C02A3F1BBC3E3FB6
:108F00004AEB2B3FF9AE3D3F69142D3F03A03C3F98
:108F1000DE3B2E3F3B8F3B3FA5612F3FA47C3A3F7A
:108F2000BB85303F4268393F1DA8313F1652383F5C
:108F3000C9C8323F233A373FBCE7333F6C20363F46
:108F4000F304353FF304353F6C20363FBCE7333F35
:108F5000233A373FC9C8323F1652383F1DA8313F28
:108F60004268393FBB85303FA47C3A3FA5612F3F23
:108F70003B8F3B3FDE3B2E3F03A03C3F69142D3F20
:108F8000F9AE3D3F4AEB2B3F1BBC3E3F82C02A3F20
:108F900067C73F3F1594293FDAD0403F0566283F19
:108FA00070D8413F5636273F29DE423F0A05263F0B
:108FB00000E2433F25D2243FF5E3443FA99D233FF0
:108FC00003E4453F9967223F2AE2463FF92F213FBC
:108FD00065DE473FCBF61F3FB3D8483F12BC1E3F6C
:108FE00012D1493FD17F1D3F7FC74A3F0C421C3FF2
:108FF000F8BB4B3FC6021B3F79AE4C3F00C2193F46
:10900000029F4D3FC07F183F908D4E3F073C173F5A
:109010001F7A4F3FD9F6153FAF64503F39B0143F28
:109020003D4D513F2A68133FC633523FB01E123F99
:109030004918533FCDD3103FC3FA533F84870F3FA6
:1090400031DB543FDA390E3F93B9553FD0EA0C3F3C
:10905000E595563F6B9A0B3F2670573FAD480A3F48
:109060005348583F9BF5083F6A1E593F36A1073FBA
:109070006AF2593F824B063F50C45A3F84F4043F82
:109080001A945B3F3D9C033FC7615C3FB142023F86
:10909000532D5D3FE4E7003FBEF65D3FB217FF3E54
:1090A00005BE5E3F275DFC3E27835F3F2DA0F93E56
:1090B0002146603FCBE0F63EF206613F071FF43EDB
:1090C00098C5613FEA5AF13E1082623F7994EE3EC4
:1090D0005A3C633FBBCBEB3E73F4633FB700E93EC2
:1090E00059AA643F7533E63E0B5E653FFA63E33E83
:1090F000880F663F4F92E03ECCBE663F79BEDD3EB4
:10910000D86B673F80E8DA3EA816683F6B10D83E00
:109110003CBF683F4136D53E9165693F095AD23E12
:10912000A7096A3FCA7BCF3E7BAB6A3F8B9BCC3E95
:109130000C4B6B3F53B9C93E58E86B3F29D5C63E2F
:109140005E836C3F15EFC33E1D1C6D3F1E07C13E85
:1091500093B26D3F4A1DBE3EBE466E3FA031BB3E40
:109160009ED86E3F2A44B83E30686F3FEC54B53EFF
:1091700073F56F3FEF63B23E6680703F3A71AF3E6A
:109180000809713FD47CAC3E578F713FC486A93E1D
:109190005213723F128FA63EF894723FC595A33EBC
:1091A0004714733FE59AA03E3F91733F789E9D3EE2
:1091B000DD0B743F86A09A3E2284743F17A1973E30
:1091C0000BFA743F31A0943E976D753FDD9D913E43
:1091D000C6DE753F229A8E3E974D763F07958B3EB1
:1091E00007BA763F938E883E1724773FCE86853E1A
:1091F000C58B773FC07D823E10F1773FE1E67E3E32
:10920000F853783FCCCF783E7BB4783F51B6723E6E
:109210009812793F7F9A6C3E4E6E793F667C663E2F
:109220009DC7793F135C603E841E7A3F97395A3E52
:1092300002737A3F0115543E16C57A3F60EE4D3EEB
:10924000BE147B3FC2C5473EFC617B3F379B413E1E
:10925000CDAC7B3FCF6E3B3E31F57B3F9840353EFA
:10926000283B7C3FA2102F3EB07E7C3FFCDE283E98
:10927000C9BF7C3FB6AB223E73FE7C3FDE761C3E10
:10928000AC3A7D3F8340163E74747D3FB708103E74
:10929000CCAB7D3F86CF093EB1E07D3F0295033EDA
:1092A00024137E3F73B2FA3D23437E3F7638EE3D72
:1092B000B0707E3F2EBCE13DC99B7E3FB93DD53DA0
:1092C0006DC47E3F36BDC83D9DEA7E3FC33ABC3D7E
:1092D000580E7F3F80B6AF3D9D2F7F3F8C30A33D22
:1092E0006D4E7F3F05A9963DC76A7F3F0A208A3DA4
:1092F000AB847F3F742B7B3D189C7F3F6814623D9D
:109300000FB17F3F2FFB483D8FC37F3F07E02F3DCD
:1093100098D37F3F2CC3163D29E17F3FB949FB3CE1
:1093200043EC7F3FB00AC93CE6F47F3FB6C9963CA8
:1093300011FB7F3F900E493CC4FE7F3F890FC93B24
:109340000000803F00000000C4FE7F3F890FC9BBC2
:1093500011FB7F3F900E49BCE6F47F3FB6C996BC37
:1093600043EC7F3FB00AC9BC29E17F3FB949FBBC50
:1093700098D37F3F2CC316BD8FC37F3F07E02FBD1F
:109380000FB17F3F2FFB48BD189C7F3F681462BD23
:10939000AB847F3F742B7BBDC76A7F3F0A208ABDA9
:1093A0006D4E7F3F05A996BD9D2F7F3F8C30A3BD9D
:1093B000580E7F3F80B6AFBD9DEA7E3FC33ABCBD2D
:1093C0006DC47E3F36BDC8BDC99B7E3FB93DD5BD8E
:1093D000B0707E3F2EBCE1BD23437E3F7638EEBDAC
:1093E00024137E3F73B2FABDB1E07D3F029503BE08
:1093F000CCAB7D3F86CF09BE74747D3FB70810BEED
:10940000AC3A7D3F834016BE73FE7C3FDE761CBEC9
:10941000C9BF7C3FB6AB22BEB07E7C3FFCDE28BE1F
:10942000283B7C3FA2102FBE31F57B3F984035BED4
:10943000CDAC7B3FCF6E3BBEFC617B3F379B41BEDB
:10944000BE147B3FC2C547BE16C57A3F60EE4DBE17
:1094500002737A3F011554BE841E7A3F97395ABE73
:109460009DC7793F135C60BE4E6E793F667C66BED9
:109470009812793F7F9A6CBE7BB4783F51B672BE2A
:10948000F853783FCCCF78BE10F1773FE1E67EBE4F
:10949000C58B773FC07D82BE1724773FCE8685BEC1
:1094A00007BA763F938E88BE974D763F07958BBE61
:1094B000C6DE753F229A8EBE976D753FDD9D91BECB
:1094C0000BFA743F31A094BE2284743F17A197BE5B
:1094D000DD0B743F86A09ABE3F91733F789E9DBE80
:1094E0004714733FE59AA0BEF894723FC595A3BE9A
:1094F0005213723F128FA6BE578F713FC486A9BE0A
:109500000809713FD47CACBE6680703F3A71AFBE33
:1095100073F56F3FEF63B2BE30686F3FEC54B5BE7A
:109520009ED86E3F2A44B8BEBE466E3FA031BBBE39
:1095300093B26D3F4A1DBEBE1D1C6D3F1E07C1BECE
:109540005E836C3F15EFC3BE58E86B3F29D5C6BE9E
:109550000C4B6B3F53B9C9BE7BAB6A3F8B9BCCBEF8
:10956000A7096A3FCA7BCFBE9165693F095AD2BE3F
:109570003CBF683F4136D5BEA816683F6B10D8BEC9
:10958000D86B673F80E8DABECCBE663F79BEDDBEF1
:10959000880F663F4F92E0BE0B5E653FFA63E3BE05
:1095A00059AA643F7533E6BE73F4633FB700E9BE62
:1095B0005A3C633FBBCBEBBE1082623F7994EEBE58
:1095C00098C5613FEA5AF1BEF206613F071FF4BE3B
:1095D0002146603FCBE0F6BE27835F3F2DA0F9BE5A
:1095E00005BE5E3F275DFCBEBEF65D3FB217FFBE07
:1095F000532D5D3FE4E700BFC7615C3FB14202BF4E
:109600001A945B3F3D9C03BF50C45A3F84F404BF8F
:109610006AF2593F824B06BF6A1E593F36A107BF07
:109620005348583F9BF508BF2670573FAD480ABFC7
:10963000E595563F6B9A0BBF93B9553FD0EA0CBFE7
:1096400031DB543FDA390EBFC3FA533F84870FBF73
:109650004918533FCDD310BFC633523FB01E12BF7F
:109660003D4D513F2A6813BFAF64503F39B014BF1E
:109670001F7A4F3FD9F615BF908D4E3F073C17BF5D
:10968000029F4D3FC07F18BF79AE4C3F00C219BF4B
:10969000F8BB4B3FC6021BBF7FC74A3F0C421CBFF3
:1096A00012D1493FD17F1DBFB3D8483F12BC1EBF66
:1096B00065DE473FCBF61FBF2AE2463FF92F21BFA9
:1096C00003E4453F996722BFF5E3443FA99D23BFCB
:1096D00000E2433F25D224BF29DE423F0A0526BFD0
:1096E00070D8413F563627BFDAD0403F056628BFC5
:1096F00067C73F3F159429BF1BBC3E3F82C02ABFAE
:10970000F9AE3D3F4AEB2BBF03A03C3F69142DBF90
:109710003B8F3B3FDE3B2EBFA47C3A3FA5612FBF72
:109720004268393FBB8530BF1652383F1DA831BF54
:10973000233A373FC9C832BF6C20363FBCE733BF3E
:10974000F304353FF30435BFBCE7333F6C2036BF2D
:10975000C9C8323F233A37BF1DA8313F165238BF20
:10976000BB85303F426839BFA5612F3FA47C3ABF1B
:10977000DE3B2E3F3B8F3BBF69142D3F03A03CBF18
:109780004AEB2B3FF9AE3DBF82C02A3F1BBC3EBF18
:109790001594293F67C73FBF0566283FDAD040BF11
:1097A0005636273F70D841BF0A05263F29DE42BF03
:1097B00025D2243F00E243BFA99D233FF5E344BFE8
:1097C0009967223F03E445BFF92F213F2AE246BFB4
:1097D000CBF61F3F65DE47BF12BC1E3FB3D848BF64
:1097E000D17F1D3F12D149BF0C421C3F7FC74ABFEA
:1097F000C6021B3FF8BB4BBF00C2193F79AE4CBF3E
:10980000C07F183F029F4DBF073C173F908D4EBF52
:10981000D9F6153F1F7A4FBF39B0143FAF6450BF20
:109820002A68133F3D4D51BFB01E123FC63352BF91
:10983000CDD3103F491853BF84870F3FC3FA53BF9E
:10984000DA390E3F31DB54BFD0EA0C3F93B955BF34
:109850006B9A0B3FE59556BFAD480A3F267057BF40
:109860009BF5083F534858BF36A1073F6A1E59BFB2
:10987000824B063F6AF259BF84F4043F50C45ABF7A
:109880003D9C033F1A945BBFB142023FC7615CBF7E
:10989000E4E7003F532D5DBFB217FF3EBEF65DBF4C
:1098A000275DFC3E05BE5EBF2DA0F93E27835FBF4E
:1098B000CBE0F63E214660BF071FF43EF20661BFD3
:1098C000EA5AF13E98C561BF7994EE3E108262BFBC
:1098D000BBCBEB3E5A3C63BFB700E93E73F463BFBA
:1098E0007533E63E59AA64BFFA63E33E0B5E65BF7B
:1098F0004F92E03E880F66BF79BEDD3ECCBE66BFAC
:1099000080E8DA3ED86B67BF6B10D83EA81668BFF8
:109910004136D53E3CBF68BF095AD23E916569BF0A
:10992000CA7BCF3EA7096ABF8B9BCC3E7BAB6ABF8D
:1099300053B9C93E0C4B6BBF29D5C63E58E86BBF27
:1099400015EFC33E5E836CBF1E07C13E1D1C6DBF7D
:109950004A1DBE3E93B26DBFA031BB3EBE466EBF38
:109960002A44B83E9ED86EBFEC54B53E30686FBFF7
:10997000EF63B23E73F56FBF3A71AF3E668070BF62
:10998000D47CAC3E080971BFC486A93E578F71BF15
:10999000128FA63E521372BFC595A33EF89472BFB4
:1099A000E59AA03E471473BF789E9D3E3F9173BFDA
:1099B00086A09A3EDD0B74BF17A1973E228474BF28
:1099C00031A0943E0BFA74BFDD9D913E976D75BF3B
:1099D000229A8E3EC6DE75BF07958B3E974D76BFA9
:1099E000938E883E07BA76BFCE86853E172477BF12
:1099F000C07D823EC58B77BFE1E67E3E10F177BF2A
:109A0000CCCF783EF85378BF51B6723E7BB478BF66
:109A10007F9A6C3E981279BF667C663E4E6E79BF27
:109A2000135C603E9DC779BF97395A3E841E7ABF4A
:109A30000115543E02737ABF60EE4D3E16C57ABFE3
:109A4000C2C5473EBE147BBF379B413EFC617BBF16
:109A5000CF6E3B3ECDAC7BBF9840353E31F57BBFF2
:109A6000A2102F3E283B7CBFFCDE283EB07E7CBF90
:109A7000B6AB223EC9BF7CBFDE761C3E73FE7CBF08
:109A80008340163EAC3A7DBFB708103E74747DBF6C
:109A900086CF093ECCAB7DBF0295033EB1E07DBFD2
:109AA00073B2FA3D24137EBF7638EE3D23437EBF6A
:109AB0002EBCE13DB0707EBFB93DD53DC99B7EBF98
:109AC00036BDC83D6DC47EBFC33ABC3D9DEA7EBF76
:109AD00080B6AF3D580E7FBF8C30A33D9D2F7FBF1A
:109AE00005A9963D6D4E7FBF0A208A3DC76A7FBF9C
:109AF000742B7B3DAB847FBF6814623D189C7FBF95
:109B00002FFB483D0FB17FBF07E02F3D8FC37FBFC5
:109B10002CC3163D98D37FBFB949FB3C29E17FBFD9
:109B2000B00AC93C43EC7FBFB6C9963CE6F47FBFA0
:109B3000900E493C11FB7FBF890FC93BC4FE7FBF1C
:109B4000000000000000803F2FFB483D0FB17F3F29
:109B500036BDC83D6DC47E3F8340163EAC3A7D3F66
:109B6000C2C5473EBE147B3FCCCF783EF853783F0A
:109B700031A0943E0BFA743FD47CAC3E0809713F8F
:109B800015EFC33E5E836C3F80E8DA3ED86B673FDB
:109B9000EA5AF13E98C5613F3D9C033F1A945B3FF2
:109BA000DA390E3F31DB543FC07F183F029F4D3FF3
:109BB0009967223F03E4453F4AEB2B3FF9AE3D3F17
:109BC000F304353FF304353FF9AE3D3F4AEB2B3FFD
:109BD00003E4453F9967223F029F4D3FC07F183FF6
:109BE00031DB543FDA390E3F1A945B3F3D9C033F13
:109BF00098C5613FEA5AF13ED86B673F80E8DA3E8C
:109C00005E836C3F15EFC33E0809713FD47CAC3EC8
:109C10000BFA743F31A0943EF853783FCCCF783E96
:109C2000BE147B3FC2C5473EAC3A7D3F8340163EE3
:109C30006DC47E3F36BDC83D0FB17F3F2FFB483D11
:109C40000000803F000000000FB17F3F2FFB48BDA8
:109C50006DC47E3F36BDC8BDAC3A7D3F834016BE65
:109C6000BE147B3FC2C547BEF853783FCCCF78BE09
:109C70000BFA743F31A094BE0809713FD47CACBE8E
:109C80005E836C3F15EFC3BED86B673F80E8DABEDA
:109C900098C5613FEA5AF1BE1A945B3F3D9C03BFF1
:109CA00031DB543FDA390EBF029F4D3FC07F18BFF2
:109CB00003E4453F996722BFF9AE3D3F4AEB2BBF16
:109CC000F304353FF30435BF4AEB2B3FF9AE3DBFFC
:109CD0009967223F03E445BFC07F183F029F4DBFF5
:109CE000DA390E3F31DB54BF3D9C033F1A945BBF12
:109CF000EA5AF13E98C561BF80E8DA3ED86B67BF8B
:109D000015EFC33E5E836CBFD47CAC3E080971BFC7
:109D100031A0943E0BFA74BFCCCF783EF85378BF95
:109D2000C2C5473EBE147BBF8340163EAC3A7DBFE2
:109D300036BDC83D6DC47EBF2FFB483D0FB17FBF10
:109D4000000000000000803FC70F493BB1FF7F3F8C
:109D5000890FC93BC4FE7F3F59CB163C39FD7F3F7D
:109D6000900E493C11FB7F3F4B517B3C4AF87F3FB3
:109D7000B6C9963CE6F47F3F69EAAF3CE3F07F3F2B
:109D8000B00AC93C43EC7F3F7B2AE23C05E77F3FBA
:109D9000B949FB3C29E17F3F2F340A3DAFDA7F3FD1
:109DA0002CC3163D98D37F3FCC51233DE2CB7F3F60
:109DB00007E02F3D8FC37F3FD56D3C3D9EBA7F3F6F
:109DC0002FFB483D0FB17F3F0E88553DE3A67F3FF7
:109DD0006814623D189C7F3F38A06E3DB1907F3F74
:109DE000742B7B3DAB847F3F0ADB833D08787F3F4C
:109DF0000A208A3DC76A7F3FB464903DE95C7F3F9B
:109E000005A9963D6D4E7F3FF9EC9C3D543F7F3F49
:109E10008C30A33D9D2F7F3FBA73A93D491F7F3FE3
:109E200080B6AF3D580E7F3FDAF8B53DC9FC7E3FA6
:109E3000C33ABC3D9DEA7E3F397CC23DD4D77E3FCC
:109E400036BDC83D6DC47E3FB7FDCE3D69B07E3F97
:109E5000B93DD53DC99B7E3F377DDB3D8B867E3F3F
:109E60002EBCE13DB0707E3F9AFAE73D385A7E3F06
:109E70007638EE3D23437E3FC075F43D722B7E3F26
:109E800073B2FA3D24137E3F4577003E38FA7D3F9A
:109E90000295033EB1E07D3F6EB2063E8CC67D3F2B
:109EA00086CF093ECCAB7D3F4AEC0C3E6E907D3FA9
:109EB000B708103E74747D3FCA24133EDE577D3FC1
:109EC0008340163EAC3A7D3FE05B193EDD1C7D3F92
:109ED000DE761C3E73FE7C3F7B911F3E6CDF7C3F39
:109EE000B6AB223EC9BF7C3F8CC5253E8A9F7C3FD6
:109EF000FCDE283EB07E7C3F04F82B3E3A5D7C3F82
:109F0000A2102F3E283B7C3FD428323E7A187C3F5B
:109F10009840353E31F57B3FEC57383E4DD17B3F85
:109F2000CF6E3B3ECDAC7B3F3E853E3EB2877B3F16
:109F3000379B413EFC617B3FB9B0443EAB3B7B3F2E
:109F4000C2C5473EBE147B3F4FDA4A3E37ED7A3FEB
:109F500060EE4D3E16C57A3FF101513E599C7A3F65
:109F60000115543E02737A3F8F27573E10497A3FBE
:109F700097395A3E841E7A3F1A4B5D3E5EF3793F15
:109F8000135C603E9DC7793F836C633E439B793F82
:109F9000667C663E4E6E793FBA8B693EC040793F23
:109FA0007F9A6C3E9812793FB2A86F3ED6E3783F15
:109FB00051B6723E7BB4783F5AC3753E8684783F73
:109FC000CCCF783EF853783FA4DB7B3ED122783F5C
:109FD000E1E67E3E10F1773FC0F8803EB7BE773FA6
:109FE000C07D823EC58B773F7002843E3A58773FF2
:109FF000CE86853E1724773FDA0A873E5BEF763FB1
:10A00000938E883E07BA763FF8118A3E1B84763FCE
:10A0100007958B3E974D763FC0178D3E7A16763F5B
:10A02000229A8E3EC6DE753F2C1C903E7BA6753F65
:10A03000DD9D913E976D753F351F933E1D34753FF5
:10A0400031A0943E0BFA743FD220963E62BF743F1B
:10A0500017A1973E2284743FFE20993E4B48743FDF
:10A0600086A09A3EDD0B743FAF1F9C3ED9CE733F56
:10A07000789E9D3E3F91733FDF1C9F3E0E53733F82
:10A08000E59AA03E4714733F8718A23EEBD4723F77
:10A09000C595A33EF894723F9F12A53E7054723F3F
:10A0A000128FA63E5213723F1F0BA83E9FD1713FE5
:10A0B000C486A93E578F713F0102AB3E7A4C713F77
:10A0C000D47CAC3E0809713F3CF7AD3E02C5703F01
:10A0D0003A71AF3E6680703FCBEAB03E373B703F8F
:10A0E000EF63B23E73F56F3FA5DCB33E1BAF6F3F2E
:10A0F000EC54B53E30686F3FC3CCB63EB0206F3FE6
:10A100002A44B83E9ED86E3F1EBBB93EF88F6E3FC4
:10A11000A031BB3EBE466E3FAFA7BC3EF2FC6D3FDA
:10A120004A1DBE3E93B26D3F6F92BF3EA1676D3F29
:10A130001E07C13E1D1C6D3F557BC23E07D06C3FC4
:10A1400015EFC33E5E836C3F5C62C53E24366C3FB8
:10A1500029D5C63E58E86B3F7C47C83EFB996B3F0C
:10A1600053B9C93E0C4B6B3FAE2ACB3E8CFB6A3FCA
:10A170008B9BCC3E7BAB6A3FEA0BCE3ED95A6A3F03
:10A18000CA7BCF3EA7096A3F2AEBD03EE4B7693FBE
:10A19000095AD23E9165693F67C8D33EAE12693F06
:10A1A0004136D53E3CBF683F99A3D63E396B683FE8
:10A1B0006B10D83EA816683FB97CD93E87C1673F6F
:10A1C00080E8DA3ED86B673FC153DC3E9915673FA4
:10A1D00079BEDD3ECCBE663FA928DF3E7167663F93
:10A1E0004F92E03E880F663F6AFBE13E10B7653F45
:10A1F000FA63E33E0B5E653FFECBE43E7904653FC8
:10A200007533E63E59AA643F5D9AE73EAC4F643F22
:10A21000B700E93E73F4633F8166EA3EAC98633F62
:10A22000BBCBEB3E5A3C633F6330ED3E7BDF623F8E
:10A230007994EE3E1082623FFBF7EF3E1A24623FB4
:10A24000EA5AF13E98C5613F43BDF23E8A66613FDE
:10A25000071FF43EF206613F3580F53ECFA6603F12
:10A26000CBE0F63E2146603FC840F83EE9E45F3F60
:10A270002DA0F93E27835F3FF7FEFA3EDB205F3FCC
:10A28000275DFC3E05BE5E3FBBBAFD3EA65A5E3F63
:10A29000B217FF3EBEF65D3F063A003F4D925D3F6E
:10A2A000E4E7003F532D5D3F7395013FD1C75C3F0D
:10A2B000B142023FC7615C3F9FEF023F34FB5B3F0F
:10A2C0003D9C033F1A945B3F8948043F792C5B3FD8
:10A2D00084F4043F50C45A3F2CA0053FA05B5A3F72
:10A2E000824B063F6AF2593F86F6063FAD88593FDA
:10A2F00036A1073F6A1E593F924B083FA1B3583F12
:10A300009BF5083F5348583F4E9F093F7FDC573F1E
:10A31000AD480A3F2670573FB7F10A3F4803573F01
:10A320006B9A0B3FE595563FC9420C3FFE27563FBF
:10A33000D0EA0C3F93B9553F81920D3FA44A553F57
:10A34000DA390E3F31DB543FDBE00E3F3B6B543FCD
:10A3500084870F3FC3FA533FD52D103FC789533F22
:10A36000CDD3103F4918533F6B79113F49A6523F57
:10A37000B01E123FC633523F9AC3123FC2C0513F74
:10A380002A68133F3D4D513F5F0C143F37D9503F72
:10A3900039B0143FAF64503FB753153FA8EF4F3F5C
:10A3A000D9F6153F1F7A4F3F9F99163F17044F3F2D
:10A3B000073C173F908D4E3F12DE173F89164E3FE8
:10A3C000C07F183F029F4D3F0F21193FFD264D3F93
:10A3D00000C2193F79AE4C3F93621A3F78354C3F2B
:10A3E000C6021B3FF8BB4B3F99A21B3FFA414B3FB4
:10A3F0000C421C3F7FC74A3F1FE11C3F874C4A3F2E
:10A40000D17F1D3F12D1493F221E1E3F2155493F9A
:10A4100012BC1E3FB3D8483F9F591F3FCA5B483FFD
:10A42000CBF61F3F65DE473F9393203F8560473F54
:10A43000F92F213F2AE2463FFBCB213F5463463FA1
:10A440009967223F03E4453FD302233F3964453FE8
:10A45000A99D233FF5E3443F1A38243F3763443F27
:10A4600025D2243F00E2433FCB6B253F5160433F61
:10A470000A05263F29DE423FE39D263F895B423F96
:10A480005636273F70D8413F61CE273FE154413FC8
:10A490000566283FDAD0403F41FD283F5C4C403FF5
:10A4A0001594293F67C73F3F802A2A3FFC413F3F21
:10A4B00082C02A3F1BBC3E3F1B562B3FC5353E3F4B
:10A4C0004AEB2B3FF9AE3D3F0F802C3FB8273D3F75
:10A4D00069142D3F03A03C3F59A82D3FD9173C3F9D
:10A4E000DE3B2E3F3B8F3B3FF7CE2E3F29063B3FC7
:10A4F000A5612F3FA47C3A3FE6F32F3FACF2393FF2
:10A50000BB85303F4268393F2217313F65DD383F18
:10A510001DA8313F1652383FAA38323F55C6373F43
:10A52000C9C8323F233A373F7A58333F7FAD363F71
:10A53000BCE7333F6C20363F8F76343FE792353FA0
:10A54000F304353FF304353FE792353F8F76343FD0
:10A550006C20363FBCE7333F7FAD363F7A58333F00
:10A56000233A373FC9C8323F55C6373FAA38323F32
:10A570001652383F1DA8313F65DD383F2217313F65
:10A580004268393FBB85303FACF2393FE6F32F3F9D
:10A59000A47C3A3FA5612F3F29063B3FF7CE2E3FD3
:10A5A0003B8F3B3FDE3B2E3FD9173C3F59A82D3F09
:10A5B00003A03C3F69142D3FB8273D3F0F802C3F3F
:10A5C000F9AE3D3F4AEB2B3FC5353E3F1B562B3F77
:10A5D0001BBC3E3F82C02A3FFC413F3F802A2A3FAE
:10A5E00067C73F3F1594293F5C4C403F41FD283FE2
:10A5F000DAD0403F0566283FE154413F61CE273F16
:10A6000070D8413F5636273F895B423FE39D263F46
:10A6100029DE423F0A05263F5160433FCB6B253F71
:10A6200000E2433F25D2243F3763443F1A38243F9A
:10A63000F5E3443FA99D233F3964453FD302233FBF
:10A6400003E4453F9967223F5463463FFBCB213FDC
:10A650002AE2463FF92F213F8560473F9393203FF1
:10A6600065DE473FCBF61F3FCA5B483F9F591F3F00
:10A67000B3D8483F12BC1E3F2155493F221E1E3F02
:10A6800012D1493FD17F1D3F874C4A3F1FE11C3FFC
:10A690007FC74A3F0C421C3FFA414B3F99A21B3FE8
:10A6A000F8BB4B3FC6021B3F78354C3F93621A3FC5
:10A6B00079AE4C3F00C2193FFD264D3F0F21193F97
:10A6C000029F4D3FC07F183F89164E3F12DE173F55
:10A6D000908D4E3F073C173F17044F3F9F99163F01
:10A6E0001F7A4F3FD9F6153FA8EF4F3FB753153F9D
:10A6F000AF64503F39B0143F37D9503F5F0C143F1F
:10A700003D4D513F2A68133FC2C0513F9AC3123F8B
:10A71000C633523FB01E123F49A6523F6B79113FDC
:10A720004918533FCDD3103FC789533FD52D103F14
:10A73000C3FA533F84870F3F3B6B543FDBE00E3F30
:10A7400031DB543FDA390E3FA44A553F81920D3F29
:10A7500093B9553FD0EA0C3FFE27563FC9420C3F04
:10A76000E595563F6B9A0B3F4803573FB7F10A3FB9
:10A770002670573FAD480A3F7FDC573F4E9F093F49
:10A780005348583F9BF5083FA1B3583F924B083FB1
:10A790006A1E593F36A1073FAD88593F86F6063FEE
:10A7A0006AF2593F824B063FA05B5A3F2CA0053FFF
:10A7B00050C45A3F84F4043F792C5B3F8948043FDE
:10A7C0001A945B3F3D9C033F34FB5B3F9FEF023F8E
:10A7D000C7615C3FB142023FD1C75C3F7395013F07
:10A7E000532D5D3FE4E7003F4D925D3F063A003F49
:10A7F000BEF65D3FB217FF3EA65A5E3FBBBAFD3EB6
:10A8000005BE5E3F275DFC3EDB205F3FF7FEFA3E64
:10A8100027835F3F2DA0F93EE9E45F3FC840F83E43
:10A820002146603FCBE0F63ECFA6603F3580F53E47
:10A83000F206613F071FF43E8A66613F43BDF23E68
:10A8400098C5613FEA5AF13E1A24623FFBF7EF3E9A
:10A850001082623F7994EE3E7BDF623F6330ED3ED3
:10A860005A3C633FBBCBEB3EAC98633F8166EA3E0C
:10A8700073F4633FB700E93EAC4F643F5D9AE73E37
:10A8800059AA643F7533E63E7904653FFECBE43E4A
:10A890000B5E653FFA63E33E10B7653F6AFBE13E3E
:10A8A000880F663F4F92E03E7167663FA928DF3E02
:10A8B000CCBE663F79BEDD3E9915673FC153DC3E95
:10A8C000D86B673F80E8DA3E87C1673FB97CD93EE5
:10A8D000A816683F6B10D83E396B683F99A3D63EE7
:10A8E0003CBF683F4136D53EAE12693F67C8D33E94
:10A8F0009165693F095AD23EE4B7693F2AEBD03EE1
:10A90000A7096A3FCA7BCF3ED95A6A3FEA0BCE3EBF
:10A910007BAB6A3F8B9BCC3E8CFB6A3FAE2ACB3E27
:10A920000C4B6B3F53B9C93EFB996B3F7C47C83E0C
:10A9300058E86B3F29D5C63E24366C3F5C62C53E65
:10A940005E836C3F15EFC33E07D06C3F557BC23E24
:10A950001D1C6D3F1E07C13EA1676D3F6F92BF3E3C
:10A9600093B26D3F4A1DBE3EF2FC6D3FAFA7BC3EA9
:10A97000BE466E3FA031BB3EF88F6E3F1EBBB93E58
:10A980009ED86E3F2A44B83EB0206F3FC3CCB63E3F
:10A9900030686F3FEC54B53E1BAF6F3FA5DCB33E54
:10A9A00073F56F3FEF63B23E373B703FCBEAB03E8B
:10A9B0006680703F3A71AF3E02C5703F3CF7AD3ED6
:10A9C0000809713FD47CAC3E7A4C713F0102AB3E2A
:10A9D000578F713FC486A93E9FD1713F1F0BA83E80
:10A9E0005213723F128FA63E7054723F9F12A53EC3
:10A9F000F894723FC595A33EEBD4723F8718A23EF0
:10AA00004714733FE59AA03E0E53733FDF1C9F3EF1
:10AA10003F91733F789E9D3ED9CE733FAF1F9C3EC2
:10AA2000DD0B743F86A09A3E4B48743FFE20993E52
:10AA30002284743F17A1973E62BF743FD220963E96
:10AA40000BFA743F31A0943E1D34753F351F933E81
:10AA5000976D753FDD9D913E7BA6753F2C1C903E0A
:10AA6000C6DE753F229A8E3E7A16763FC0178D3E1F
:10AA7000974D763F07958B3E1B84763FF8118A3EB3
:10AA800007BA763F938E883E5BEF763FDA0A873EC1
:10AA90001724773FCE86853E3A58773F7002843E32
:10AAA000C58B773FC07D823EB7BE773FC0F8803E02
:10AAB00010F1773FE1E67E3ED122783FA4DB7B3E7A
:10AAC000F853783FCCCF783E8684783F5AC3753EA2
:10AAD0007BB4783F51B6723ED6E3783FB2A86F3E62
:10AAE0009812793F7F9A6C3EC040793FBA8B693E9D
:10AAF0004E6E793F667C663E439B793F836C633E36
:10AB00009DC7793F135C603E5EF3793F1A4B5D3E13
:10AB1000841E7A3F97395A3E10497A3F8F27573E15
:10AB200002737A3F0115543E599C7A3FF101513E20
:10AB300016C57A3F60EE4D3E37ED7A3F4FDA4A3E1A
:10AB4000BE147B3FC2C5473EAB3B7B3FB9B0443EE2
:10AB5000FC617B3F379B413EB2877B3F3E853E3E5B
:10AB6000CDAC7B3FCF6E3B3E4DD17B3FEC57383E6B
:10AB700031F57B3F9840353E7A187C3FD428323EF1
:10AB8000283B7C3FA2102F3E3A5D7C3F04F82B3ED1
:10AB9000B07E7C3FFCDE283E8A9F7C3F8CC5253EF4
:10ABA000C9BF7C3FB6AB223E6CDF7C3F7B911F3E32
:10ABB00073FE7C3FDE761C3EDD1C7D3FE05B193E74
:10ABC000AC3A7D3F8340163EDE577D3FCA24133E9C
:10ABD00074747D3FB708103E6E907D3F4AEC0C3E8A
:10ABE000CCAB7D3F86CF093E8CC67D3F6EB2063E24
:10ABF000B1E07D3F0295033E38FA7D3F4577003E48
:10AC000024137E3F73B2FA3D722B7E3FC075F43D34
:10AC100023437E3F7638EE3D385A7E3F9AFAE73D31
:10AC2000B0707E3F2EBCE13D8B867E3F377DDB3DA5
:10AC3000C99B7E3FB93DD53D69B07E3FB7FDCE3D56
:10AC40006DC47E3F36BDC83DD4D77E3F397CC23D02
:10AC50009DEA7E3FC33ABC3DC9FC7E3FDAF8B53D74
:10AC6000580E7F3F80B6AF3D491F7F3FBA73A93D65
:10AC70009D2F7F3F8C30A33D543F7F3FF9EC9C3D9F
:10AC80006D4E7F3F05A9963DE95C7F3FB464903DE2
:10AC9000C76A7F3F0A208A3D08787F3F0ADB833DF1
:10ACA000AB847F3F742B7B3DB1907F3F38A06E3DDE
:10ACB000189C7F3F6814623DE3A67F3F0E88553D98
:10ACC0000FB17F3F2FFB483D9EBA7F3FD56D3C3D86
:10ACD0008FC37F3F07E02F3DE2CB7F3FCC51233D29
:10ACE00098D37F3F2CC3163DAFDA7F3F2F340A3D08
:10ACF00029E17F3FB949FB3C05E77F3F7B2AE23CE6
:10AD000043EC7F3FB00AC93CE3F07F3F69EAAF3CC8
:10AD1000E6F47F3FB6C9963C4AF87F3F4B517B3CF7
:10AD200011FB7F3F900E493C39FD7F3F59CB163CCC
:10AD3000C4FE7F3F890FC93BB1FF7F3FC70F493B2F
:10AD40000000803F00000000B1FF7F3FC70F49BBFC
:10AD5000C4FE7F3F890FC9BB39FD7F3F59CB16BC6D
:10AD600011FB7F3F900E49BC4AF87F3F4B517BBCA3
:10AD7000E6F47F3FB6C996BCE3F07F3F69EAAFBC1B
:10AD800043EC7F3FB00AC9BC05E77F3F7B2AE2BCAA
:10AD900029E17F3FB949FBBCAFDA7F3F2F340ABDC1
:10ADA00098D37F3F2CC316BDE2CB7F3FCC5123BD50
:10ADB0008FC37F3F07E02FBD9EBA7F3FD56D3CBD5F
:10ADC0000FB17F3F2FFB48BDE3A67F3F0E8855BDE7
:10ADD000189C7F3F681462BDB1907F3F38A06EBD64
:10ADE000AB847F3F742B7BBD08787F3F0ADB83BD3C
:10ADF000C76A7F3F0A208ABDE95C7F3FB46490BD8B
:10AE00006D4E7F3F05A996BD543F7F3FF9EC9CBD39
:10AE10009D2F7F3F8C30A3BD491F7F3FBA73A9BDD3
:10AE2000580E7F3F80B6AFBDC9FC7E3FDAF8B5BD96
:10AE30009DEA7E3FC33ABCBDD4D77E3F397CC2BDBC
:10AE40006DC47E3F36BDC8BD69B07E3FB7FDCEBD87
:10AE5000C99B7E3FB93DD5BD8B867E3F377DDBBD2F
:10AE6000B0707E3F2EBCE1BD385A7E3F9AFAE7BDF6
:10AE700023437E3F7638EEBD722B7E3FC075F4BD16
:10AE800024137E3F73B2FABD38FA7D3F457700BE8A
:10AE9000B1E07D3F029503BE8CC67D3F6EB206BE1B
:10AEA000CCAB7D3F86CF09BE6E907D3F4AEC0CBE99
:10AEB00074747D3FB70810BEDE577D3FCA2413BEB1
:10AEC000AC3A7D3F834016BEDD1C7D3FE05B19BE82
:10AED00073FE7C3FDE761CBE6CDF7C3F7B911FBE29
:10AEE000C9BF7C3FB6AB22BE8A9F7C3F8CC525BEC6
:10AEF000B07E7C3FFCDE28BE3A5D7C3F04F82BBE72
:10AF0000283B7C3FA2102FBE7A187C3FD42832BE4B
:10AF100031F57B3F984035BE4DD17B3FEC5738BE75
:10AF2000CDAC7B3FCF6E3BBEB2877B3F3E853EBE06
:10AF3000FC617B3F379B41BEAB3B7B3FB9B044BE1E
:10AF4000BE147B3FC2C547BE37ED7A3F4FDA4ABEDB
:10AF500016C57A3F60EE4DBE599C7A3FF10151BE55
:10AF600002737A3F011554BE10497A3F8F2757BEAE
:10AF7000841E7A3F97395ABE5EF3793F1A4B5DBE05
:10AF80009DC7793F135C60BE439B793F836C63BE72
:10AF90004E6E793F667C66BEC040793FBA8B69BE13
:10AFA0009812793F7F9A6CBED6E3783FB2A86FBE05
:10AFB0007BB4783F51B672BE8684783F5AC375BE63
:10AFC000F853783FCCCF78BED122783FA4DB7BBE4C
:10AFD00010F1773FE1E67EBEB7BE773FC0F880BE96
:10AFE000C58B773FC07D82BE3A58773F700284BEE2
:10AFF0001724773FCE8685BE5BEF763FDA0A87BEA1
:10B0000007BA763F938E88BE1B84763FF8118ABEBE
:10B01000974D763F07958BBE7A16763FC0178DBE4B
:10B02000C6DE753F229A8EBE7BA6753F2C1C90BE55
:10B03000976D753FDD9D91BE1D34753F351F93BEE5
:10B040000BFA743F31A094BE62BF743FD22096BE0B
:10B050002284743F17A197BE4B48743FFE2099BECF
:10B06000DD0B743F86A09ABED9CE733FAF1F9CBE46
:10B070003F91733F789E9DBE0E53733FDF1C9FBE72
:10B080004714733FE59AA0BEEBD4723F8718A2BE67
:10B09000F894723FC595A3BE7054723F9F12A5BE2F
:10B0A0005213723F128FA6BE9FD1713F1F0BA8BED5
:10B0B000578F713FC486A9BE7A4C713F0102ABBE67
:10B0C0000809713FD47CACBE02C5703F3CF7ADBEF1
:10B0D0006680703F3A71AFBE373B703FCBEAB0BE7F
:10B0E00073F56F3FEF63B2BE1BAF6F3FA5DCB3BE1E
:10B0F00030686F3FEC54B5BEB0206F3FC3CCB6BED6
:10B100009ED86E3F2A44B8BEF88F6E3F1EBBB9BEB4
:10B11000BE466E3FA031BBBEF2FC6D3FAFA7BCBECA
:10B1200093B26D3F4A1DBEBEA1676D3F6F92BFBE19
:10B130001D1C6D3F1E07C1BE07D06C3F557BC2BEB4
:10B140005E836C3F15EFC3BE24366C3F5C62C5BEA8
:10B1500058E86B3F29D5C6BEFB996B3F7C47C8BEFC
:10B160000C4B6B3F53B9C9BE8CFB6A3FAE2ACBBEBA
:10B170007BAB6A3F8B9BCCBED95A6A3FEA0BCEBEF3
:10B18000A7096A3FCA7BCFBEE4B7693F2AEBD0BEAE
:10B190009165693F095AD2BEAE12693F67C8D3BEF6
:10B1A0003CBF683F4136D5BE396B683F99A3D6BED8
:10B1B000A816683F6B10D8BE87C1673FB97CD9BE5F
:10B1C000D86B673F80E8DABE9915673FC153DCBE94
:10B1D000CCBE663F79BEDDBE7167663FA928DFBE83
:10B1E000880F663F4F92E0BE10B7653F6AFBE1BE35
:10B1F0000B5E653FFA63E3BE7904653FFECBE4BEB8
:10B2000059AA643F7533E6BEAC4F643F5D9AE7BE12
:10B2100073F4633FB700E9BEAC98633F8166EABE52
:10B220005A3C633FBBCBEBBE7BDF623F6330EDBE7E
:10B230001082623F7994EEBE1A24623FFBF7EFBEA4
:10B2400098C5613FEA5AF1BE8A66613F43BDF2BECE
:10B25000F206613F071FF4BECFA6603F3580F5BE02
:10B260002146603FCBE0F6BEE9E45F3FC840F8BE50
:10B2700027835F3F2DA0F9BEDB205F3FF7FEFABEBC
:10B2800005BE5E3F275DFCBEA65A5E3FBBBAFDBE53
:10B29000BEF65D3FB217FFBE4D925D3F063A00BF5E
:10B2A000532D5D3FE4E700BFD1C75C3F739501BFFD
:10B2B000C7615C3FB14202BF34FB5B3F9FEF02BFFF
:10B2C0001A945B3F3D9C03BF792C5B3F894804BFC8
:10B2D00050C45A3F84F404BFA05B5A3F2CA005BF62
:10B2E0006AF2593F824B06BFAD88593F86F606BFCA
:10B2F0006A1E593F36A107BFA1B3583F924B08BF02
:10B300005348583F9BF508BF7FDC573F4E9F09BF0E
:10B310002670573FAD480ABF4803573FB7F10ABFF1
:10B32000E595563F6B9A0BBFFE27563FC9420CBFAF
:10B3300093B9553FD0EA0CBFA44A553F81920DBF47
:10B3400031DB543FDA390EBF3B6B543FDBE00EBFBD
:10B35000C3FA533F84870FBFC789533FD52D10BF12
:10B360004918533FCDD310BF49A6523F6B7911BF47
:10B37000C633523FB01E12BFC2C0513F9AC312BF64
:10B380003D4D513F2A6813BF37D9503F5F0C14BF62
:10B39000AF64503F39B014BFA8EF4F3FB75315BF4C
:10B3A0001F7A4F3FD9F615BF17044F3F9F9916BF1D
:10B3B000908D4E3F073C17BF89164E3F12DE17BFD8
:10B3C000029F4D3FC07F18BFFD264D3F0F2119BF83
:10B3D00079AE4C3F00C219BF78354C3F93621ABF1B
:10B3E000F8BB4B3FC6021BBFFA414B3F99A21BBFA4
:10B3F0007FC74A3F0C421CBF874C4A3F1FE11CBF1E
:10B4000012D1493FD17F1DBF2155493F221E1EBF8A
:10B41000B3D8483F12BC1EBFCA5B483F9F591FBFED
:10B4200065DE473FCBF61FBF8560473F939320BF44
:10B430002AE2463FF92F21BF5463463FFBCB21BF91
:10B4400003E4453F996722BF3964453FD30223BFD8
:10B45000F5E3443FA99D23BF3763443F1A3824BF17
:10B4600000E2433F25D224BF5160433FCB6B25BF51
:10B4700029DE423F0A0526BF895B423FE39D26BF86
:10B4800070D8413F563627BFE154413F61CE27BFB8
:10B49000DAD0403F056628BF5C4C403F41FD28BFE5
:10B4A00067C73F3F159429BFFC413F3F802A2ABF11
:10B4B0001BBC3E3F82C02ABFC5353E3F1B562BBF3B
:10B4C000F9AE3D3F4AEB2BBFB8273D3F0F802CBF65
:10B4D00003A03C3F69142DBFD9173C3F59A82DBF8D
:10B4E0003B8F3B3FDE3B2EBF29063B3FF7CE2EBFB7
:10B4F000A47C3A3FA5612FBFACF2393FE6F32FBFE2
:10B500004268393FBB8530BF65DD383F221731BF08
:10B510001652383F1DA831BF55C6373FAA3832BF33
:10B52000233A373FC9C832BF7FAD363F7A5833BF61
:10B530006C20363FBCE733BFE792353F8F7634BF90
:10B54000F304353FF30435BF8F76343FE79235BFC0
:10B55000BCE7333F6C2036BF7A58333F7FAD36BFF0
:10B56000C9C8323F233A37BFAA38323F55C637BF22
:10B570001DA8313F165238BF2217313F65DD38BF55
:10B58000BB85303F426839BFE6F32F3FACF239BF8D
:10B59000A5612F3FA47C3ABFF7CE2E3F29063BBFC3
:10B5A000DE3B2E3F3B8F3BBF59A82D3FD9173CBFF9
:10B5B00069142D3F03A03CBF0F802C3FB8273DBF2F
:10B5C0004AEB2B3FF9AE3DBF1B562B3FC5353EBF67
:10B5D00082C02A3F1BBC3EBF802A2A3FFC413FBF9E
:10B5E0001594293F67C73FBF41FD283F5C4C40BFD2
:10B5F0000566283FDAD040BF61CE273FE15441BF06
:10B600005636273F70D841BFE39D263F895B42BF36
:10B610000A05263F29DE42BFCB6B253F516043BF61
:10B6200025D2243F00E243BF1A38243F376344BF8A
:10B63000A99D233FF5E344BFD302233F396445BFAF
:10B640009967223F03E445BFFBCB213F546346BFCC
:10B65000F92F213F2AE246BF9393203F856047BFE1
:10B66000CBF61F3F65DE47BF9F591F3FCA5B48BFF0
:10B6700012BC1E3FB3D848BF221E1E3F215549BFF2
:10B68000D17F1D3F12D149BF1FE11C3F874C4ABFEC
:10B690000C421C3F7FC74ABF99A21B3FFA414BBFD8
:10B6A000C6021B3FF8BB4BBF93621A3F78354CBFB5
:10B6B00000C2193F79AE4CBF0F21193FFD264DBF87
:10B6C000C07F183F029F4DBF12DE173F89164EBF45
:10B6D000073C173F908D4EBF9F99163F17044FBFF1
:10B6E000D9F6153F1F7A4FBFB753153FA8EF4FBF8D
:10B6F00039B0143FAF6450BF5F0C143F37D950BF0F
:10B700002A68133F3D4D51BF9AC3123FC2C051BF7B
:10B71000B01E123FC63352BF6B79113F49A652BFCC
:10B72000CDD3103F491853BFD52D103FC78953BF04
:10B7300084870F3FC3FA53BFDBE00E3F3B6B54BF20
:10B74000DA390E3F31DB54BF81920D3FA44A55BF19
:10B75000D0EA0C3F93B955BFC9420C3FFE2756BFF4
:10B760006B9A0B3FE59556BFB7F10A3F480357BFA9
:10B77000AD480A3F267057BF4E9F093F7FDC57BF39
:10B780009BF5083F534858BF924B083FA1B358BFA1
:10B7900036A1073F6A1E59BF86F6063FAD8859BFDE
:10B7A000824B063F6AF259BF2CA0053FA05B5ABFEF
:10B7B00084F4043F50C45ABF8948043F792C5BBFCE
:10B7C0003D9C033F1A945BBF9FEF023F34FB5BBF7E
:10B7D000B142023FC7615CBF7395013FD1C75CBFF7
:10B7E000E4E7003F532D5DBF063A003F4D925DBF39
:10B7F000B217FF3EBEF65DBFBBBAFD3EA65A5EBFA6
:10B80000275DFC3E05BE5EBFF7FEFA3EDB205FBF54
:10B810002DA0F93E27835FBFC840F83EE9E45FBF33
:10B82000CBE0F63E214660BF3580F53ECFA660BF37
:10B83000071FF43EF20661BF43BDF23E8A6661BF58
:10B84000EA5AF13E98C561BFFBF7EF3E1A2462BF8A
:10B850007994EE3E108262BF6330ED3E7BDF62BFC3
:10B86000BBCBEB3E5A3C63BF8166EA3EAC9863BFFC
:10B87000B700E93E73F463BF5D9AE73EAC4F64BF27
:10B880007533E63E59AA64BFFECBE43E790465BF3A
:10B89000FA63E33E0B5E65BF6AFBE13E10B765BF2E
:10B8A0004F92E03E880F66BFA928DF3E716766BFF2
:10B8B00079BEDD3ECCBE66BFC153DC3E991567BF85
:10B8C00080E8DA3ED86B67BFB97CD93E87C167BFD5
:10B8D0006B10D83EA81668BF99A3D63E396B68BFD7
:10B8E0004136D53E3CBF68BF67C8D33EAE1269BF84
:10B8F000095AD23E916569BF2AEBD03EE4B769BFD1
:10B90000CA7BCF3EA7096ABFEA0BCE3ED95A6ABFAF
:10B910008B9BCC3E7BAB6ABFAE2ACB3E8CFB6ABF17
:10B9200053B9C93E0C4B6BBF7C47C83EFB996BBFFC
:10B9300029D5C63E58E86BBF5C62C53E24366CBF55
:10B9400015EFC33E5E836CBF557BC23E07D06CBF14
:10B950001E07C13E1D1C6DBF6F92BF3EA1676DBF2C
:10B960004A1DBE3E93B26DBFAFA7BC3EF2FC6DBF99
:10B97000A031BB3EBE466EBF1EBBB93EF88F6EBF48
:10B980002A44B83E9ED86EBFC3CCB63EB0206FBF2F
:10B99000EC54B53E30686FBFA5DCB33E1BAF6FBF44
:10B9A000EF63B23E73F56FBFCBEAB03E373B70BF7B
:10B9B0003A71AF3E668070BF3CF7AD3E02C570BFC6
:10B9C000D47CAC3E080971BF0102AB3E7A4C71BF1A
:10B9D000C486A93E578F71BF1F0BA83E9FD171BF70
:10B9E000128FA63E521372BF9F12A53E705472BFB3
:10B9F000C595A33EF89472BF8718A23EEBD472BFE0
:10BA0000E59AA03E471473BFDF1C9F3E0E5373BFE1
:10BA1000789E9D3E3F9173BFAF1F9C3ED9CE73BFB2
:10BA200086A09A3EDD0B74BFFE20993E4B4874BF42
:10BA300017A1973E228474BFD220963E62BF74BF86
:10BA400031A0943E0BFA74BF351F933E1D3475BF71
:10BA5000DD9D913E976D75BF2C1C903E7BA675BFFA
:10BA6000229A8E3EC6DE75BFC0178D3E7A1676BF0F
:10BA700007958B3E974D76BFF8118A3E1B8476BFA3
:10BA8000938E883E07BA76BFDA0A873E5BEF76BFB1
:10BA9000CE86853E172477BF7002843E3A5877BF22
:10BAA000C07D823EC58B77BFC0F8803EB7BE77BFF2
:10BAB000E1E67E3E10F177BFA4DB7B3ED12278BF6A
:10BAC000CCCF783EF85378BF5AC3753E868478BF92
:10BAD00051B6723E7BB478BFB2A86F3ED6E378BF52
:10BAE0007F9A6C3E981279BFBA8B693EC04079BF8D
:10BAF000667C663E4E6E79BF836C633E439B79BF26
:10BB0000135C603E9DC779BF1A4B5D3E5EF379BF03
:10BB100097395A3E841E7ABF8F27573E10497ABF05
:10BB20000115543E02737ABFF101513E599C7ABF10
:10BB300060EE4D3E16C57ABF4FDA4A3E37ED7ABF0A
:10BB4000C2C5473EBE147BBFB9B0443EAB3B7BBFD2
:10BB5000379B413EFC617BBF3E853E3EB2877BBF4B
:10BB6000CF6E3B3ECDAC7BBFEC57383E4DD17BBF5B
:10BB70009840353E31F57BBFD428323E7A187CBFE1
:10BB8000A2102F3E283B7CBF04F82B3E3A5D7CBFC1
:10BB9000FCDE283EB07E7CBF8CC5253E8A9F7CBFE4
:10BBA000B6AB223EC9BF7CBF7B911F3E6CDF7CBF22
:10BBB000DE761C3E73FE7CBFE05B193EDD1C7DBF64
:10BBC0008340163EAC3A7DBFCA24133EDE577DBF8C
:10BBD000B708103E74747DBF4AEC0C3E6E907DBF7A
:10BBE00086CF093ECCAB7DBF6EB2063E8CC67DBF14
:10BBF0000295033EB1E07DBF4577003E38FA7DBF38
:10BC000073B2FA3D24137EBFC075F43D722B7EBF24
:10BC10007638EE3D23437EBF9AFAE73D385A7EBF21
:10BC20002EBCE13DB0707EBF377DDB3D8B867EBF95
:10BC3000B93DD53DC99B7EBFB7FDCE3D69B07EBF46
:10BC400036BDC83D6DC47EBF397CC23DD4D77EBFF2
:10BC5000C33ABC3D9DEA7EBFDAF8B53DC9FC7EBF64
:10BC600080B6AF3D580E7FBFBA73A93D491F7FBF55
:10BC70008C30A33D9D2F7FBFF9EC9C3D543F7FBF8F
:10BC800005A9963D6D4E7FBFB464903DE95C7FBFD2
:10BC90000A208A3DC76A7FBF0ADB833D08787FBFE1
:10BCA000742B7B3DAB847FBF38A06E3DB1907FBFCE
:10BCB0006814623D189C7FBF0E88553DE3A67FBF88
:10BCC0002FFB483D0FB17FBFD56D3C3D9EBA7FBF76
:10BCD00007E02F3D8FC37FBFCC51233DE2CB7FBF19
:10BCE0002CC3163D98D37FBF2F340A3DAFDA7FBFF8
:10BCF000B949FB3C29E17FBF7B2AE23C05E77FBFD6
:10BD0000B00AC93C43EC7FBF69EAAF3CE3F07FBFB8
:10BD1000B6C9963CE6F47FBF4B517B3C4AF87FBFE7
:10BD2000900E493C11FB7FBF59CB163C39FD7FBFBC
:10BD3000890FC93BC4FE7FBFC70F493BB1FF7FBF1F
:10BD4000000000000000803FB00AC93C43EC7F3F88
:10BD50002FFB483D0FB17F3F05A9963D6D4E7F3FBC
:10BD600036BDC83D6DC47E3F73B2FA3D24137E3F9D
:10BD70008340163EAC3A7D3FA2102F3E283B7C3FCD
:10BD8000C2C5473EBE147B3F135C603E9DC7793FF2
:10BD9000CCCF783EF853783F938E883E07BA763FF3
:10BDA00031A0943E0BFA743FE59AA03E4714733FCE
:10BDB000D47CAC3E0809713F2A44B83E9ED86E3F01
:10BDC00015EFC33E5E836C3FCA7BCF3EA7096A3F37
:10BDD00080E8DA3ED86B673F7533E63E59AA643F88
:10BDE000EA5AF13E98C5613F275DFC3E05BE5E3FC5
:10BDF0003D9C033F1A945B3F9BF5083F5348583FD7
:10BE0000DA390E3F31DB543F2A68133F3D4D513F35
:10BE1000C07F183F029F4D3FD17F1D3F12D1493F48
:10BE20009967223F03E4453F5636273F70D8413F8C
:10BE30004AEB2B3FF9AE3D3FBB85303F4268393F6F
:10BE4000F304353FF304353F4268393FBB85303F4B
:10BE5000F9AE3D3F4AEB2B3F70D8413F5636273F66
:10BE600003E4453F9967223F12D1493FD17F1D3FEF
:10BE7000029F4D3FC07F183F3D4D513F2A68133F01
:10BE800031DB543FDA390E3F5348583F9BF5083FAA
:10BE90001A945B3F3D9C033F05BE5E3F275DFC3E21
:10BEA00098C5613FEA5AF13E59AA643F7533E63EB0
:10BEB000D86B673F80E8DA3EA7096A3FCA7BCF3E6E
:10BEC0005E836C3F15EFC33E9ED86E3F2A44B83E5A
:10BED0000809713FD47CAC3E4714733FE59AA03EFD
:10BEE0000BFA743F31A0943E07BA763F938E883E9A
:10BEF000F853783FCCCF783E9DC7793F135C603EC6
:10BF0000BE147B3FC2C5473E283B7C3FA2102F3E5C
:10BF1000AC3A7D3F8340163E24137E3F73B2FA3D18
:10BF20006DC47E3F36BDC83D6D4E7F3F05A9963D31
:10BF30000FB17F3F2FFB483D43EC7F3FB00AC93C28
:10BF40000000803F0000000043EC7F3FB00AC9BC06
:10BF50000FB17F3F2FFB48BD6D4E7F3F05A996BDBA
:10BF60006DC47E3F36BDC8BD24137E3F73B2FABD9B
:10BF7000AC3A7D3F834016BE283B7C3FA2102FBECB
:10BF8000BE147B3FC2C547BE9DC7793F135C60BEF0
:10BF9000F853783FCCCF78BE07BA763F938E88BEF1
:10BFA0000BFA743F31A094BE4714733FE59AA0BECC
:10BFB0000809713FD47CACBE9ED86E3F2A44B8BEFF
:10BFC0005E836C3F15EFC3BEA7096A3FCA7BCFBE35
:10BFD000D86B673F80E8DABE59AA643F7533E6BE86
:10BFE00098C5613FEA5AF1BE05BE5E3F275DFCBEC3
:10BFF0001A945B3F3D9C03BF5348583F9BF508BFD5
:10C0000031DB543FDA390EBF3D4D513F2A6813BF33
:10C01000029F4D3FC07F18BF12D1493FD17F1DBF46
:10C0200003E4453F996722BF70D8413F563627BF8A
:10C03000F9AE3D3F4AEB2BBF4268393FBB8530BF6D
:10C04000F304353FF30435BFBB85303F426839BF49
:10C050004AEB2B3FF9AE3DBF5636273F70D841BF64
:10C060009967223F03E445BFD17F1D3F12D149BFED
:10C07000C07F183F029F4DBF2A68133F3D4D51BFFF
:10C08000DA390E3F31DB54BF9BF5083F534858BFA8
:10C090003D9C033F1A945BBF275DFC3E05BE5EBF1F
:10C0A000EA5AF13E98C561BF7533E63E59AA64BFAE
:10C0B00080E8DA3ED86B67BFCA7BCF3EA7096ABF6C
:10C0C00015EFC33E5E836CBF2A44B83E9ED86EBF58
:10C0D000D47CAC3E080971BFE59AA03E471473BFFB
:10C0E00031A0943E0BFA74BF938E883E07BA76BF98
:10C0F000CCCF783EF85378BF135C603E9DC779BFC4
:10C10000C2C5473EBE147BBFA2102F3E283B7CBF5A
:10C110008340163EAC3A7DBF73B2FA3D24137EBF16
:10C1200036BDC83D6DC47EBF05A9963D6D4E7FBF2F
:10C130002FFB483D0FB17FBFB00AC93C43EC7FBF26
:10C14000000000000000803FC2C5473EBE147B3F98
:10C1500015EFC33E5E836C3FDA390E3F31DB543F4F
:10C16000F304353FF304353F31DB543FDA390E3FFA
:10C170005E836C3F15EFC33EBE147B3FC2C5473E96
:10C180000000803F00000000BE147B3FC2C547BED8
:10C190005E836C3F15EFC3BE31DB543FDA390EBF0F
:10C1A000F304353FF30435BFDA390E3F31DB54BFBA
:10C1B00015EFC33E5E836CBFC2C5473EBE147BBF56
:10C1C000000000000000803FD40FC93AECFF7F3F21
:10C1D000C70F493BB1FF7F3FC1CB963B4EFF7F3F2F
:10C1E000890FC93BC4FE7F3F3053FB3B13FE7F3FAB
:10C1F00059CB163C39FD7F3F02ED2F3C39FC7F3F88
:10C20000900E493C11FB7F3F0030623CC1F97F3FFB
:10C210004B517B3C4AF87F3F38398A3CACF67F3F34
:10C22000B6C9963CE6F47F3F1C5AA33CF8F27F3F28
:10C2300069EAAF3CE3F07F3F9B7ABC3CA7EE7F3FCF
:10C24000B00AC93C43EC7F3FA69AD53CB8E97F3F92
:10C250007B2AE23C05E77F3F2DBAEE3C2BE47F3F93
:10C26000B949FB3C29E17F3F90EC033D00DE7F3F75
:10C270002F340A3DAFDA7F3FB87B103D37D77F3F81
:10C280002CC3163D98D37F3F880A1D3DD1CF7F3FF9
:10C29000CC51233DE2CB7F3FF698293DCCC77F3F71
:10C2A00007E02F3D8FC37F3FFC26363D2ABF7F3FEF
:10C2B000D56D3C3D9EBA7F3F91B4423DEAB57F3F8C
:10C2C0002FFB483D0FB17F3FAF414F3D0DAC7F3F4E
:10C2D0000E88553DE3A67F3F4CCE5B3D91A17F3F4D
:10C2E0006814623D189C7F3F625A683D78967F3F94
:10C2F00038A06E3DB1907F3FE9E5743DC28A7F3F33
:10C30000742B7B3DAB847F3F6CB8803D6D7E7F3F5F
:10C310000ADB833D08787F3F94FD863D7B717F3F3C
:10C320000A208A3DC76A7F3F6A428D3DEC637F3FAA
:10C33000B464903DE95C7F3FE786933DBF557F3F06
:10C3400005A9963D6D4E7F3F0ACB993DF4467F3F50
:10C35000F9EC9C3D543F7F3FCF0EA03D8D377F3F92
:10C360008C30A33D9D2F7F3F3052A63D87277F3FD6
:10C37000BA73A93D491F7F3F2B95AC3DE4167F3F23
:10C3800080B6AF3D580E7F3FBBD7B23DA4057F3F7F
:10C39000DAF8B53DC9FC7E3FDD19B93DC7F37E3FF4
:10C3A000C33ABC3D9DEA7E3F8D5BBF3D4CE17E3F85
:10C3B000397CC23DD4D77E3FC69CC53D34CE7E3F3E
:10C3C00036BDC83D6DC47E3F86DDCB3D7FBA7E3F26
:10C3D000B7FDCE3D69B07E3FC81DD23D2DA67E3F44
:10C3E000B93DD53DC99B7E3F895DD83D3D917E3F9E
:10C3F000377DDB3D8B867E3FC49CDE3DB17B7E3F3F
:10C400002EBCE13DB0707E3F76DBE43D88657E3F2B
:10C410009AFAE73D385A7E3F9A19EB3DC14E7E3F6E
:10C420007638EE3D23437E3F2E57F13D5E377E3F0B
:10C43000C075F43D722B7E3F2C94F73D5E1F7E3F0E
:10C4400073B2FA3D24137E3F92D0FD3DC2067E3F7B
:10C450004577003E38FA7D3F2E06023E88ED7D3F4F
:10C460000295033EB1E07D3FC223053EB2D37D3F3E
:10C470006EB2063E8CC67D3F0541083E40B97D3F09
:10C4800086CF093ECCAB7D3FF35D0B3E309E7D3FBA
:10C490004AEC0C3E6E907D3F8B7A0E3E85827D3F4E
:10C4A000B708103E74747D3FCC96113E3D667D3FCB
:10C4B000CA24133EDE577D3FB2B2143E59497D3F38
:10C4C0008340163EAC3A7D3F3DCE173ED82B7D3F94
:10C4D000E05B193EDD1C7D3F6BE91A3EBC0D7D3FE4
:10C4E000DE761C3E73FE7C3F38041E3E03EF7C3F2D
:10C4F0007B911F3E6CDF7C3FA51E213EAECF7C3F73
:10C50000B6AB223EC9BF7C3FAD38243EBDAF7C3FB9
:10C510008CC5253E8A9F7C3F5152273E318F7C3F00
:10C52000FCDE283EB07E7C3F8D6B2A3E086E7C3F51
:10C5300004F82B3E3A5D7C3F61842D3E444C7C3FA9
:10C54000A2102F3E283B7C3FC99C303EE5297C3F12
:10C55000D428323E7A187C3FC4B4333EE9067C3F8F
:10C560009840353E31F57B3F50CC363E53E37B3F20
:10C57000EC57383E4DD17B3F6CE3393E20BF7B3FCB
:10C58000CF6E3B3ECDAC7B3F15FA3C3E539A7B3F92
:10C590003E853E3EB2877B3F4910403EEA747B3F7A
:10C5A000379B413EFC617B3F0726433EE74E7B3F86
:10C5B000B9B0443EAB3B7B3F4D3B463E48287B3FBA
:10C5C000C2C5473EBE147B3F1850493E0E017B3F1B
:10C5D0004FDA4A3E37ED7A3F67644C3E3AD97A3FAC
:10C5E00060EE4D3E16C57A3F38784F3ECBB07A3F6D
:10C5F000F101513E599C7A3F898B523EC1877A3F67
:10C600000115543E02737A3F589E553E1C5E7A3F98
:10C610008F27573E10497A3FA4B0583EDD337A3F0A
:10C6200097395A3E841E7A3F6AC25B3E04097A3FBC
:10C630001A4B5D3E5EF3793FA8D35E3E91DD793FB4
:10C64000135C603E9DC7793F5CE4613E83B1793FF6
:10C65000836C633E439B793F86F4643EDC84793F80
:10C66000667C663E4E6E793F2204683E9A57793F5B
:10C67000BA8B693EC040793F2F136B3EBF29793F8B
:10C680007F9A6C3E9812793FAB216E3E4AFB783F11
:10C69000B2A86F3ED6E3783F942F713E3BCC783FF3
:10C6A00051B6723E7BB4783FE83C743E939C783F31
:10C6B0005AC3753E8684783FA649773E526C783FD0
:10C6C000CCCF783EF853783FCB557A3E773B783FD6
:10C6D000A4DB7B3ED122783F56617D3E040A783F41
:10C6E000E1E67E3E10F1773F2236803EF7D7773F76
:10C6F000C0F8803EB7BE773F4ABB813E51A5773F29
:10C70000C07D823EC58B773F2240833E1372773FC8
:10C710007002843E3A58773FAAC4843E3C3E773F3D
:10C72000CE86853E1724773FDF48863ECC09773F8B
:10C73000DA0A873E5BEF763FC1CC873EC4D4763FB2
:10C74000938E883E07BA763F5050893E249F763FAD
:10C75000F8118A3E1B84763F8AD38A3EEC68763F86
:10C7600007958B3E974D763F6E568C3E1B32763F3B
:10C77000C0178D3E7A16763FFCD88D3EB3FA753FD2
:10C78000229A8E3EC6DE753F325B8F3EB3C2753F46
:10C790002C1C903E7BA6753F10DD903E1C8A753F99
:10C7A000DD9D913E976D753F945E923EED50753FD5
:10C7B000351F933E1D34753FBFDF933E2717753FEE
:10C7C00031A0943E0BFA743F8D60953EC9DC743FF6
:10C7D000D220963E62BF743F00E1963ED5A1743FE1
:10C7E00017A1973E2284743F1661983E4966743FB4
:10C7F000FE20993E4B48743FCEE0993E272A743F75
:10C8000086A09A3EDD0B743F27609B3E6EED733F22
:10C81000AF1F9C3ED9CE733F20DF9C3E1FB0733FBD
:10C82000789E9D3E3F91733FB85D9E3E3972733F47
:10C83000DF1C9F3E0E53733FEEDB9F3EBE33733FC4
:10C84000E59AA03E4714733FC259A13EACF4723F33
:10C850008718A23EEBD4723F33D7A23E04B5723F95
:10C86000C595A33EF894723F3F54A43EC774723FEF
:10C870009F12A53E7054723FE5D0A53EF433723F3F
:10C88000128FA63E5213723F254DA73E8CF2713F88
:10C890001F0BA83E9FD1713FFEC8A83E8EB0713FCE
:10C8A000C486A93E578F713F6F44AA3EFB6D713F0E
:10C8B0000102AB3E7A4C713F77BFAB3ED42A713F49
:10C8C000D47CAC3E0809713F153AAD3E17E7703F86
:10C8D0003CF7AD3E02C5703F49B4AE3EC6A2703FC4
:10C8E0003A71AF3E6680703F102EB03EE15D703F02
:10C8F000CBEAB03E373B703F6BA7B13E6718703F45
:10C90000EF63B23E73F56F3F5820B33E5AD26F3F8C
:10C91000A5DCB33E1BAF6F3FD698B43EB88B6F3FDC
:10C92000EC54B53E30686F3FE610B63E83446F3F2F
:10C93000C3CCB63EB0206F3F8488B73EBAFC6E3F92
:10C940002A44B83E9ED86E3FB2FFB83E5DB46E3FFB
:10C950001EBBB93EF88F6E3F6E76BA3E6D6B6E3F72
:10C96000A031BB3EBE466E3FB6ECBB3EEB216E3FF8
:10C97000AFA7BC3EF2FC6D3F8B62BD3ED5D76D3F8D
:10C980004A1DBE3E93B26D3FEBD7BE3E2D8D6D3F2F
:10C990006F92BF3EA1676D3FD54CC03EF2416D3FE7
:10C9A0001E07C13E1D1C6D3F48C1C13E24F66C3FB1
:10C9B000557BC23E07D06C3F4435C33EC5A96C3F92
:10C9C00015EFC33E5E836C3FC8A8C43ED45C6C3F89
:10C9D0005C62C53E24366C3FD21BC63E500F6C3F96
:10C9E00029D5C63E58E86B3F628EC73E3BC16B3FC0
:10C9F0007C47C83EFB996B3F7700C93E95726B3F01
:10CA000053B9C93E0C4B6B3F1072CA3E5E236B3F5D
:10CA1000AE2ACB3E8CFB6A3F2CE3CB3E95D36A3FDC
:10CA20008B9BCC3E7BAB6A3FCA53CD3E3C836A3F77
:10CA3000EA0BCE3ED95A6A3FEAC3CE3E52326A3F33
:10CA4000CA7BCF3EA7096A3F8A33D03ED7E0693F11
:10CA50002AEBD03EE4B7693FAAA2D13ECC8E693F13
:10CA6000095AD23E9165693F4811D33E323C693F35
:10CA700067C8D33EAE12693F647FD43E07E9683F82
:10CA80004136D53E3CBF683FFDECD53E4C95683FF6
:10CA900099A3D63E396B683F135AD73E0341683F8E
:10CAA0006B10D83EA816683FA3C6D83E2AEC673F55
:10CAB000B97CD93E87C1673FAD32DA3EC196673F48
:10CAC00080E8DA3ED86B673F319EDB3ECA40673F65
:10CAD000C153DC3E9915673F2E09DD3E45EA663FAE
:10CAE00079BEDD3ECCBE663FA273DE3E3093663F2C
:10CAF000A928DF3E7167663F8DDDDF3E8E3B663FD6
:10CB00004F92E03E880F663FEE46E13E5EE3653FB2
:10CB10006AFBE13E10B7653FC4AFE23EA08A653FC5
:10CB2000FA63E33E0B5E653F0E18E43E5431653F09
:10CB3000FECBE43E7904653FCB7FE53E7BD7643F87
:10CB40007533E63E59AA643FFBE6E63E147D643F3A
:10CB50005D9AE73EAC4F643F9C4DE83E2122643F26
:10CB6000B700E93E73F4633FAEB3E93EA1C6633F4D
:10CB70008166EA3EAC98633F3019EB3E956A633FAD
:10CB8000BBCBEB3E5A3C633F217EEC3EFC0D633F4A
:10CB90006330ED3E7BDF623F80E2ED3ED7B0623F27
:10CBA0007994EE3E1082623F4C46EF3E2653623F40
:10CBB000FBF7EF3E1A24623F85A9F03EEAF4613F9D
:10CBC000EA5AF13E98C5613F290CF23E2296613F38
:10CBD00043BDF23E8A66613F386EF33ED036613F18
:10CBE000071FF43EF206613FB1CFF43EF2D6603F3C
:10CBF0003580F53ECFA6603F9330F63E8976603FA4
:10CC0000CBE0F63E2146603FDC90F73E9615603F54
:10CC1000C840F83EE9E45F3F8EF0F83E19B45F3F4C
:10CC20002DA0F93E27835F3FA54FFA3E12525F3F8A
:10CC3000F7FEFA3EDB205F3F22AEFB3E81EF5E3F18
:10CC4000275DFC3E05BE5E3F040CFD3E678C5E3FEB
:10CC5000BBBAFD3EA65A5E3F4A69FE3EC3285E3F10
:10CC6000B217FF3EBEF65D3FF3C5FF3E97C45D3F82
:10CC7000063A003F4D925D3FFF90003FE15F5D3F10
:10CC8000E4E7003F532D5D3FB53E013FA3FA5C3F13
:10CC90007395013FD1C75C3F1CEC013FDD945C3FC5
:10CCA000B142023FC7615C3F3299023F8E2E5C3F2A
:10CCB0009FEF023F34FB5B3FF845033FB8C75B3F44
:10CCC0003D9C033F1A945B3F6DF2033F5A605B3F0C
:10CCD0008948043F792C5B3F919E043F75F85A3F89
:10CCE00084F4043F50C45A3F624A053F09905A3FBA
:10CCF0002CA0053FA05B5A3FE2F5053F16275A3F9F
:10CD0000824B063F6AF2593F0EA1063F9CBD593F38
:10CD100086F6063FAD88593FE84B073F9C53593F85
:10CD200036A1073F6A1E593F6FF6073F17E9583F84
:10CD3000924B083FA1B3583FA1A0083F0B7E583F3C
:10CD40009BF5083F5348583F7F4A093F7912583FA7
:10CD50004E9F093F7FDC573F09F4093F63A6573FC9
:10CD6000AD480A3F2670573F3D9D0A3FC739573FA0
:10CD7000B7F10A3F4803573F1C460B3FA7CC563F2D
:10CD80006B9A0B3FE595563FA5EE0B3F025F563F72
:10CD9000C9420C3FFE27563FD7960C3FD9F0553F6E
:10CDA000D0EA0C3F93B9553FB33E0D3F2C82553F1F
:10CDB00081920D3FA44A553F38E60D3FFB12553F87
:10CDC000DA390E3F31DB543F658D0E3F47A3543FA8
:10CDD000DBE00E3F3B6B543F3B340F3F0F33543F80
:10CDE00084870F3FC3FA533FB8DA0F3F55C2533F12
:10CDF000D52D103FC789533FDC80103F1851533F5A
:10CE0000CDD3103F4918533FA726113F59DF523F5A
:10CE10006B79113F49A6523F19CC113F186D523F13
:10CE2000B01E123FC633523F3071123F54FA513F89
:10CE30009AC3123FC2C0513FEE15133F1087513FB6
:10CE40002A68133F3D4D513F50BA133F4A13513F9B
:10CE50005F0C143F37D9503F585E143F039F503F3B
:10CE600039B0143FAF64503F0402153F3B2A503F96
:10CE7000B753153FA8EF4F3F54A5153FF4B44F3FAC
:10CE8000D9F6153F1F7A4F3F4748163F2B3F4F3F7C
:10CE90009F99163F17044F3FDFEA163FE4C84E3F05
:10CEA000073C173F908D4E3F188D173F1C524E3F49
:10CEB00012DE173F89164E3FF52E183FD5DA4D3F4B
:10CEC000C07F183F029F4D3F73D0183F10634D3F06
:10CED0000F21193FFD264D3F9471193FCBEA4C3F7E
:10CEE00000C2193F79AE4C3F55121A3F08724C3FB1
:10CEF00093621A3F78354C3FB8B21A3FC7F84B3FA0
:10CF0000C6021B3FF8BB4B3FBB521B3F097F4B3F49
:10CF100099A21B3FFA414B3F5FF21B3FCC044B3FB2
:10CF20000C421C3F7FC74A3FA2911C3F138A4A3FD5
:10CF30001FE11C3F874C4A3F84301D3FDC0E4A3FB7
:10CF4000D17F1D3F12D1493F06CF1D3F2993493F55
:10CF5000221E1E3F2155493F266D1E3FFA16493FAE
:10CF600012BC1E3FB3D8483FE50A1F3F4E9A483FC8
:10CF70009F591F3FCA5B483F41A81F3F271D483F9D
:10CF8000CBF61F3F65DE473F3B45203F849F473F31
:10CF90009393203F8560473FD2E1203F6721473F81
:10CFA000F92F213F2AE2463F067E213FCEA2463F8F
:10CFB000FBCB213F5463463FD719223FBB23463F5B
:10CFC0009967223F03E4453F43B5223F2DA4453FE7
:10CFD000D302233F3964453F4B50233F2624453F2E
:10CFE000A99D233FF5E3443FEEEA233FA5A3443F39
:10CFF0001A38243F3763443F2C85243FAB22443FFB
:10D0000025D2243F00E2433F041F253F38A1433F80
:10D01000CB6B253F5160433F77B8253F4C1F433FC3
:10D020000A05263F29DE423F8451263FE89C423FC5
:10D03000E39D263F895B423F2AEA263F0B1A423F87
:10D040005636273F70D8413F6882273FB796413F09
:10D0500061CE273FE154413F401A283FEC12413F47
:10D060000566283FDAD0403FB0B1283FA98E403F47
:10D0700041FD283F5C4C403FB848293FF009403F04
:10D080001594293F67C73F3F57DF293FC0843F3F83
:10D09000802A2A3FFC413F3F8E752A3F1BFF3E3FBF
:10D0A00082C02A3F1BBC3E3F5B0B2B3FFF783E3FBD
:10D0B0001B562B3FC5353E3FBFA02B3F6EF23D3F79
:10D0C0004AEB2B3FF9AE3D3FB9352C3F676B3D3FF7
:10D0D0000F802C3FB8273D3F49CA2C3FECE33C3F33
:10D0E00069142D3F03A03C3F6F5E2D3FFC5B3C3F2E
:10D0F00059A82D3FD9173C3F29F22D3F98D33B3FEC
:10D10000DE3B2E3F3B8F3B3F78852E3FC14A3B3F66
:10D11000F7CE2E3F29063B3F5B182F3F75C13A3FA4
:10D12000A5612F3FA47C3A3FD3AA2F3FB7373A3FA0
:10D13000E6F32F3FACF2393FDE3C303F85AD393F5F
:10D14000BB85303F4268393F7CCE303FE122393FDA
:10D150002217313F65DD383FAD5F313FCB97383F18
:10D160001DA8313F1652383F71F0313F430C383F14
:10D17000AA38323F55C6373FC780323F4A80373FD3
:10D18000C9C8323F233A373FAF10333FDFF3363F52
:10D190007A58333F7FAD363F29A0333F0467363F8F
:10D1A000BCE7333F6C20363F342F343FB8D9353F8E
:10D1B0008F76343FE792353FCFBD343FFB4B353F51
:10D1C000F304353FF304353FFB4B353FCFBD343FD0
:10D1D000E792353F8F76343FB8D9353F342F343F0F
:10D1E0006C20363FBCE7333F0467363F29A0333F0E
:10D1F0007FAD363F7A58333FDFF3363FAF10333FD2
:10D20000233A373FC9C8323F4A80373FC780323F51
:10D2100055C6373FAA38323F430C383F71F0313F93
:10D220001652383F1DA8313FCB97383FAD5F313F95
:10D2300065DD383F2217313FE122393F7CCE303F58
:10D240004268393FBB85303F85AD393FDE3C303FDA
:10D25000ACF2393FE6F32F3FB7373A3FD3AA2F3F1F
:10D26000A47C3A3FA5612F3F75C13A3F5B182F3F21
:10D2700029063B3FF7CE2E3FC14A3B3F78852E3FE4
:10D280003B8F3B3FDE3B2E3F98D33B3F29F22D3F68
:10D29000D9173C3F59A82D3FFC5B3C3F6F5E2D3FAB
:10D2A00003A03C3F69142D3FECE33C3F49CA2C3FAF
:10D2B000B8273D3F0F802C3F676B3D3FB9352C3F72
:10D2C000F9AE3D3F4AEB2B3F6EF23D3FBFA02B3FF7
:10D2D000C5353E3F1B562B3FFF783E3F5B0B2B3F38
:10D2E0001BBC3E3F82C02A3F1BFF3E3F8E752A3F3C
:10D2F000FC413F3F802A2A3FC0843F3F57DF293F00
:10D3000067C73F3F1594293FF009403FB848293F80
:10D310005C4C403F41FD283FA98E403FB0B1283FC3
:10D32000DAD0403F0566283FEC12413F401A283FC3
:10D33000E154413F61CE273FB796413F6882273F86
:10D3400070D8413F5636273F0B1A423F2AEA263F04
:10D35000895B423FE39D263FE89C423F8451263F44
:10D3600029DE423F0A05263F4C1F433F77B8253F41
:10D370005160433FCB6B253F38A1433F041F253FFE
:10D3800000E2433F25D2243FAB22443F2C85243F7B
:10D390003763443F1A38243FA5A3443FEEEA233FB6
:10D3A000F5E3443FA99D233F2624453F4B50233FAF
:10D3B0003964453FD302233F2DA4453F43B5223F67
:10D3C00003E4453F9967223FBB23463FD719223FDD
:10D3D0005463463FFBCB213FCEA2463F067E213F12
:10D3E0002AE2463FF92F213F6721473FD2E1203F04
:10D3F0008560473F9393203F849F473F3B45203FB5
:10D4000065DE473FCBF61F3F271D483F41A81F3F22
:10D41000CA5B483F9F591F3F4E9A483FE50A1F3F4E
:10D42000B3D8483F12BC1E3FFA16493F266D1E3F37
:10D430002155493F221E1E3F2993493F06CF1D3FDC
:10D4400012D1493FD17F1D3FDC0E4A3F84301D3F42
:10D45000874C4A3F1FE11C3F138A4A3FA2911C3F61
:10D460007FC74A3F0C421C3FCC044B3F5FF21B3F3F
:10D47000FA414B3F99A21B3F097F4B3FBB521B3FD9
:10D48000F8BB4B3FC6021B3FC7F84B3FB8B21A3F31
:10D4900078354C3F93621A3F08724C3F55121A3F41
:10D4A00079AE4C3F00C2193FCBEA4C3F9471193F13
:10D4B000FD264D3F0F21193F10634D3F73D0183F9C
:10D4C000029F4D3FC07F183FD5DA4D3FF52E183FE4
:10D4D00089164E3F12DE173F1C524E3F188D173FE4
:10D4E000908D4E3F073C173FE4C84E3FDFEA163FA2
:10D4F00017044F3F9F99163F2B3F4F3F4748163F1A
:10D500001F7A4F3FD9F6153FF4B44F3F54A5153F4E
:10D51000A8EF4F3FB753153F3B2A503F0402153F3A
:10D52000AF64503F39B0143F039F503F585E143FE3
:10D5300037D9503F5F0C143F4A13513F50BA133F45
:10D540003D4D513F2A68133F1087513FEE15133F61
:10D55000C2C0513F9AC3123F54FA513F3071123F3B
:10D56000C633523FB01E123F186D523F19CC113FC7
:10D5700049A6523F6B79113F59DF523FA726113F11
:10D580004918533FCDD3103F1851533FDC80103F13
:10D59000C789533FD52D103F55C2533FB8DA0F3FCF
:10D5A000C3FA533F84870F3F0F33543F3B340F3F41
:10D5B0003B6B543FDBE00E3F47A3543F658D0E3F6E
:10D5C00031DB543FDA390E3FFB12553F38E60D3F51
:10D5D000A44A553F81920D3F2C82553FB33E0D3FEB
:10D5E00093B9553FD0EA0C3FD9F0553FD7960C3F41
:10D5F000FE27563FC9420C3F025F563FA5EE0B3F48
:10D60000E595563F6B9A0B3FA7CC563F1C460B3F08
:10D610004803573FB7F10A3FC739573F3D9D0A3F7F
:10D620002670573FAD480A3F63A6573F09F4093FAC
:10D630007FDC573F4E9F093F7912583F7F4A093F91
:10D640005348583F9BF5083F0B7E583FA1A0083F29
:10D65000A1B3583F924B083F17E9583F6FF6073F79
:10D660006A1E593F36A1073F9C53593FE84B073F7D
:10D67000AD88593F86F6063F9CBD593F0EA1063F37
:10D680006AF2593F824B063F16275A3FE2F5053FA3
:10D69000A05B5A3F2CA0053F09905A3F624A053FC4
:10D6A00050C45A3F84F4043F75F85A3F919E043F9A
:10D6B000792C5B3F8948043F5A605B3F6DF2033F22
:10D6C0001A945B3F3D9C033FB8C75B3FF845033F5F
:10D6D00034FB5B3F9FEF023F8E2E5C3F3299023F4F
:10D6E000C7615C3FB142023FDD945C3F1CEC013FEF
:10D6F000D1C75C3F7395013FA3FA5C3FB53E013F44
:10D70000532D5D3FE4E7003FE15F5D3FFF90003F49
:10D710004D925D3F063A003F97C45D3FF3C5FF3E23
:10D72000BEF65D3FB217FF3EC3285E3F4A69FE3E2C
:10D73000A65A5E3FBBBAFD3E678C5E3F040CFD3EC1
:10D7400005BE5E3F275DFC3E81EF5E3F22AEFB3EA5
:10D75000DB205F3FF7FEFA3E12525F3FA54FFA3ED5
:10D7600027835F3F2DA0F93E19B45F3F8EF0F83E4E
:10D77000E9E45F3FC840F83E9615603FDC90F73E15
:10D780002146603FCBE0F63E8976603F9330F63E1F
:10D79000CFA6603F3580F53EF2D6603FB1CFF43E74
:10D7A000F206613F071FF43ED036613F386EF33E0C
:10D7B0008A66613F43BDF23E2296613F290CF23EEC
:10D7C00098C5613FEA5AF13EEAF4613F85A9F03E0F
:10D7D0001A24623FFBF7EF3E2653623F4C46EF3E72
:10D7E0001082623F7994EE3ED7B0623F80E2ED3E18
:10D7F0007BDF623F6330ED3EFC0D633F217EEC3EFC
:10D800005A3C633FBBCBEB3E956A633F3019EB3E1E
:10D81000AC98633F8166EA3EA1C6633FAEB3E93E82
:10D8200073F4633FB700E93E2122643F9C4DE83E1C
:10D83000AC4F643F5D9AE73E147D643FFBE6E63EF5
:10D8400059AA643F7533E63E7BD7643FCB7FE53E04
:10D850007904653FFECBE43E5431653F0E18E43E4B
:10D860000B5E653FFA63E33EA08A653FC4AFE23ECC
:10D8700010B7653F6AFBE13E5EE3653FEE46E13E81
:10D88000880F663F4F92E03E8E3B663F8DDDDF3E68
:10D890007167663FA928DF3E3093663FA273DE3E84
:10D8A000CCBE663F79BEDD3E45EA663F2E09DD3ED1
:10D8B0009915673FC153DC3ECA40673F319EDB3E4E
:10D8C000D86B673F80E8DA3EC196673FAD32DA3EFB
:10D8D00087C1673FB97CD93E2AEC673FA3C6D83ED3
:10D8E000A816683F6B10D83E0341683F135AD73ED5
:10D8F000396B683F99A3D63E4C95683FFDECD53E09
:10D900003CBF683F4136D53E07E9683F647FD43E5F
:10D91000AE12693F67C8D33E323C693F4811D33EDF
:10D920009165693F095AD23ECC8E693FAAA2D13E89
:10D93000E4B7693F2AEBD03ED7E0693F8A33D03E57
:10D94000A7096A3FCA7BCF3E52326A3FEAC3CE3E46
:10D95000D95A6A3FEA0BCE3E3C836A3FCA53CD3E5A
:10D960007BAB6A3F8B9BCC3E95D36A3F2CE3CB3E8F
:10D970008CFB6A3FAE2ACB3E5E236B3F1072CA3EE1
:10D980000C4B6B3F53B9C93E95726B3F7700C93E54
:10D99000FB996B3F7C47C83E3BC16B3F628EC73EE5
:10D9A00058E86B3F29D5C63E500F6C3FD21BC63E90
:10D9B00024366C3F5C62C53ED45C6C3FC8A8C43E54
:10D9C0005E836C3F15EFC33EC5A96C3F4435C33E33
:10D9D00007D06C3F557BC23E24F66C3F48C1C13E28
:10D9E0001D1C6D3F1E07C13EF2416D3FD54CC03E30
:10D9F000A1676D3F6F92BF3E2D8D6D3FEBD7BE3E51
:10DA000093B26D3F4A1DBE3ED5D76D3F8B62BD3E82
:10DA1000F2FC6D3FAFA7BC3EEB216E3FB6ECBB3EC8
:10DA2000BE466E3FA031BB3E6D6B6E3F6E76BA3E1A
:10DA3000F88F6E3F1EBBB93E5DB46E3FB2FFB83E7D
:10DA40009ED86E3F2A44B83EBAFC6E3F8488B73EEB
:10DA5000B0206F3FC3CCB63E83446F3FE610B63E66
:10DA600030686F3FEC54B53EB88B6F3FD698B43EEC
:10DA70001BAF6F3FA5DCB33E5AD26F3F5820B33E79
:10DA800073F56F3FEF63B23E6718703F6BA7B13E0F
:10DA9000373B703FCBEAB03EE15D703F102EB03EA9
:10DAA0006680703F3A71AF3EC6A2703F49B4AE3E49
:10DAB00002C5703F3CF7AD3E17E7703F153AAD3EEB
:10DAC0000809713FD47CAC3ED42A713F77BFAB3E8E
:10DAD0007A4C713F0102AB3EFB6D713F6F44AA3E31
:10DAE000578F713FC486A93E8EB0713FFEC8A83ED5
:10DAF0009FD1713F1F0BA83E8CF2713F254DA73E71
:10DB00005213723F128FA63EF433723FE5D0A53E0A
:10DB10007054723F9F12A53EC774723F3F54A43E9B
:10DB2000F894723FC595A33E04B5723F33D7A23E29
:10DB3000EBD4723F8718A23EACF4723FC259A13EAB
:10DB40004714733FE59AA03EBE33733FEEDB9F3E22
:10DB50000E53733FDF1C9F3E3972733FB85D9E3E8C
:10DB60003F91733F789E9D3E1FB0733F20DF9C3EE8
:10DB7000D9CE733FAF1F9C3E6EED733F27609B3E37
:10DB8000DD0B743F86A09A3E272A743FCEE0993E73
:10DB90004B48743FFE20993E4966743F1661983E9B
:10DBA0002284743F17A1973ED5A1743F00E1963EB1
:10DBB00062BF743FD220963EC9DC743F8D60953EB3
:10DBC0000BFA743F31A0943E2717753FBFDF933E99
:10DBD0001D34753F351F933EED50753F945E923E68
:10DBE000976D753FDD9D913E1C8A753F10DD903E1F
:10DBF0007BA6753F2C1C903EB3C2753F325B8F3EB7
:10DC0000C6DE753F229A8E3EB3FA753FFCD88D3E34
:10DC10007A16763FC0178D3E1B32763F6E568C3E8D
:10DC2000974D763F07958B3EEC68763F8AD38A3EC8
:10DC30001B84763FF8118A3E249F763F5050893EE0
:10DC400007BA763F938E883EC4D4763FC1CC873ED8
:10DC50005BEF763FDA0A873ECC09773FDF48863EA6
:10DC60001724773FCE86853E3C3E773FAAC4843E4C
:10DC70003A58773F7002843E1372773F2240833ECA
:10DC8000C58B773FC07D823E51A5773F4ABB813E21
:10DC9000B7BE773FC0F8803EF7D7773F2236803E49
:10DCA00010F1773FE1E67E3E040A783F56617D3E03
:10DCB000D122783FA4DB7B3E773B783FCB557A3E41
:10DCC000F853783FCCCF783E526C783FA649773EE8
:10DCD0008684783F5AC3753E939C783FE83C743EF7
:10DCE0007BB4783F51B6723E3BCC783F942F713E67
:10DCF000D6E3783FB2A86F3E4AFB783FAB216E3E39
:10DD00009812793F7F9A6C3EBF29793F2F136B3E63
:10DD1000C040793FBA8B693E9A57793F2204683EEA
:10DD20004E6E793F667C663EDC84793F86F4643EC5
:10DD3000439B793F836C633E83B1793F5CE4613EF2
:10DD40009DC7793F135C603E91DD793FA8D35E3E6D
:10DD50005EF3793F1A4B5D3E04097A3F6AC25B3E2F
:10DD6000841E7A3F97395A3EDD337A3FA4B0583E3D
:10DD700010497A3F8F27573E1C5E7A3F589E553E8A
:10DD800002737A3F0115543EC1877A3F898B523E18
:10DD9000599C7A3FF101513ECBB07A3F38784F3EE3
:10DDA00016C57A3F60EE4D3E3AD97A3F67644C3EE5
:10DDB00037ED7A3F4FDA4A3E0E017B3F1850493E1D
:10DDC000BE147B3FC2C5473E48287B3F4D3B463E85
:10DDD000AB3B7B3FB9B0443EE74E7B3F0726433E1B
:10DDE000FC617B3F379B413EEA747B3F4910403EDC
:10DDF000B2877B3F3E853E3E539A7B3F15FA3C3EC1
:10DE0000CDAC7B3FCF6E3B3E20BF7B3F6CE3393ECA
:10DE10004DD17B3FEC57383E53E37B3F50CC363EF1
:10DE200031F57B3F9840353EE9067C3FC4B4333E34
:10DE30007A187C3FD428323EE5297C3FC99C303E8D
:10DE4000283B7C3FA2102F3E444C7C3F61842D3EFA
:10DE50003A5D7C3F04F82B3E086E7C3F8D6B2A3E7A
:10DE6000B07E7C3FFCDE283E318F7C3F5152273E06
:10DE70008A9F7C3F8CC5253EBDAF7C3FAD38243E9C
:10DE8000C9BF7C3FB6AB223EAECF7C3FA51E213E34
:10DE90006CDF7C3F7B911F3E03EF7C3F38041E3ECE
:10DEA00073FE7C3FDE761C3EBC0D7D3F6BE91A3E67
:10DEB000DD1C7D3FE05B193ED82B7D3F3DCE173EFC
:10DEC000AC3A7D3F8340163E59497D3FB2B2143E85
:10DED000DE577D3FCA24133E3D667D3FCC96113E02
:10DEE00074747D3FB708103E85827D3F8B7A0E3E6D
:10DEF0006E907D3F4AEC0C3E309E7D3FF35D0B3EC5
:10DF0000CCAB7D3F86CF093E40B97D3F0541083E01
:10DF10008CC67D3F6EB2063EB2D37D3FC223053E26
:10DF2000B1E07D3F0295033E88ED7D3F2E06023E27
:10DF300038FA7D3F4577003EC2067E3F92D0FD3DD8
:10DF400024137E3F73B2FA3D5E1F7E3F2C94F73D53
:10DF5000722B7E3FC075F43D5E377E3F2E57F13DFC
:10DF600023437E3F7638EE3DC14E7E3F9A19EB3D0E
:10DF7000385A7E3F9AFAE73D88657E3F76DBE43D7E
:10DF8000B0707E3F2EBCE13DB17B7E3FC49CDE3D48
:10DF90008B867E3F377DDB3D3D917E3F895DD83D61
:10DFA000C99B7E3FB93DD53D2DA67E3FC81DD23DC4
:10DFB00069B07E3FB7FDCE3D7FBA7E3F86DDCB3D6B
:10DFC0006DC47E3F36BDC83D34CE7E3FC69CC53D48
:10DFD000D4D77E3F397CC23D4CE17E3F8D5BBF3D57
:10DFE0009DEA7E3FC33ABC3DC7F37E3FDD19B93D94
:10DFF000C9FC7E3FDAF8B53DA4057F3FBBD7B23DF3
:10E00000580E7F3F80B6AF3DE4167F3F2B95AC3D69
:10E01000491F7F3FBA73A93D87277F3F3052A63DF6
:10E020009D2F7F3F8C30A33D8D377F3FCF0EA03D8E
:10E03000543F7F3FF9EC9C3DF4467F3F0ACB993D2E
:10E040006D4E7F3F05A9963DBF557F3FE786933DC7
:10E05000E95C7F3FB464903DEC637F3F6A428D3D55
:10E06000C76A7F3F0A208A3D7B717F3F94FD863DD2
:10E0700008787F3F0ADB833D6D7E7F3F6CB8803D33
:10E08000AB847F3F742B7B3DC28A7F3FE9E5743DC3
:10E09000B1907F3F38A06E3D78967F3F625A683DD1
:10E0A000189C7F3F6814623D91A17F3F4CCE5B3D41
:10E0B000E3A67F3F0E88553D0DAC7F3FAF414F3DFE
:10E0C0000FB17F3F2FFB483DEAB57F3F91B4423D02
:10E0D0009EBA7F3FD56D3C3D2ABF7F3FFC26363D33
:10E0E0008FC37F3F07E02F3DCCC77F3FF698293D88
:10E0F000E2CB7F3FCC51233DD1CF7F3F880A1D3DEE
:10E1000098D37F3F2CC3163D37D77F3FB87B103D58
:10E11000AFDA7F3F2F340A3D00DE7F3F90EC033DB6
:10E1200029E17F3FB949FB3C2BE47F3F2DBAEE3C10
:10E1300005E77F3F7B2AE23CB8E97F3FA69AD53CC2
:10E1400043EC7F3FB00AC93CA7EE7F3F9B7ABC3CC3
:10E15000E3F07F3F69EAAF3CF8F27F3F1C5AA33CF3
:10E16000E6F47F3FB6C9963CACF67F3F38398A3C2F
:10E170004AF87F3F4B517B3CC1F97F3F0030623C06
:10E1800011FB7F3F900E493C39FC7F3F02ED2F3C55
:10E1900039FD7F3F59CB163C13FE7F3F3053FB3B8D
:10E1A000C4FE7F3F890FC93B4EFF7F3FC1CB963BEB
:10E1B000B1FF7F3FC70F493BECFF7F3FD40FC93A08
:10E1C0000000803F00000000ECFF7F3FD40FC9BA81
:10E1D000B1FF7F3FC70F49BB4EFF7F3FC1CB96BB0F
:10E1E000C4FE7F3F890FC9BB13FE7F3F3053FBBB8B
:10E1F00039FD7F3F59CB16BC39FC7F3F02ED2FBC68
:10E2000011FB7F3F900E49BCC1F97F3F003062BCDB
:10E210004AF87F3F4B517BBCACF67F3F38398ABC14
:10E22000E6F47F3FB6C996BCF8F27F3F1C5AA3BC08
:10E23000E3F07F3F69EAAFBCA7EE7F3F9B7ABCBCAF
:10E2400043EC7F3FB00AC9BCB8E97F3FA69AD5BC72
:10E2500005E77F3F7B2AE2BC2BE47F3F2DBAEEBC73
:10E2600029E17F3FB949FBBC00DE7F3F90EC03BD55
:10E27000AFDA7F3F2F340ABD37D77F3FB87B10BD61
:10E2800098D37F3F2CC316BDD1CF7F3F880A1DBDD9
:10E29000E2CB7F3FCC5123BDCCC77F3FF69829BD51
:10E2A0008FC37F3F07E02FBD2ABF7F3FFC2636BDCF
:10E2B0009EBA7F3FD56D3CBDEAB57F3F91B442BD6C
:10E2C0000FB17F3F2FFB48BD0DAC7F3FAF414FBD2E
:10E2D000E3A67F3F0E8855BD91A17F3F4CCE5BBD2D
:10E2E000189C7F3F681462BD78967F3F625A68BD74
:10E2F000B1907F3F38A06EBDC28A7F3FE9E574BD13
:10E30000AB847F3F742B7BBD6D7E7F3F6CB880BD3F
:10E3100008787F3F0ADB83BD7B717F3F94FD86BD1C
:10E32000C76A7F3F0A208ABDEC637F3F6A428DBD8A
:10E33000E95C7F3FB46490BDBF557F3FE78693BDE6
:10E340006D4E7F3F05A996BDF4467F3F0ACB99BD30
:10E35000543F7F3FF9EC9CBD8D377F3FCF0EA0BD72
:10E360009D2F7F3F8C30A3BD87277F3F3052A6BDB6
:10E37000491F7F3FBA73A9BDE4167F3F2B95ACBD03
:10E38000580E7F3F80B6AFBDA4057F3FBBD7B2BD5F
:10E39000C9FC7E3FDAF8B5BDC7F37E3FDD19B9BDD4
:10E3A0009DEA7E3FC33ABCBD4CE17E3F8D5BBFBD65
:10E3B000D4D77E3F397CC2BD34CE7E3FC69CC5BD1E
:10E3C0006DC47E3F36BDC8BD7FBA7E3F86DDCBBD06
:10E3D00069B07E3FB7FDCEBD2DA67E3FC81DD2BD24
:10E3E000C99B7E3FB93DD5BD3D917E3F895DD8BD7E
:10E3F0008B867E3F377DDBBDB17B7E3FC49CDEBD1F
:10E40000B0707E3F2EBCE1BD88657E3F76DBE4BD0B
:10E41000385A7E3F9AFAE7BDC14E7E3F9A19EBBD4E
:10E4200023437E3F7638EEBD5E377E3F2E57F1BDEB
:10E43000722B7E3FC075F4BD5E1F7E3F2C94F7BDEE
:10E4400024137E3F73B2FABDC2067E3F92D0FDBD5B
:10E4500038FA7D3F457700BE88ED7D3F2E0602BE2F
:10E46000B1E07D3F029503BEB2D37D3FC22305BE1E
:10E470008CC67D3F6EB206BE40B97D3F054108BEE9
:10E48000CCAB7D3F86CF09BE309E7D3FF35D0BBE9A
:10E490006E907D3F4AEC0CBE85827D3F8B7A0EBE2E
:10E4A00074747D3FB70810BE3D667D3FCC9611BEAB
:10E4B000DE577D3FCA2413BE59497D3FB2B214BE18
:10E4C000AC3A7D3F834016BED82B7D3F3DCE17BE74
:10E4D000DD1C7D3FE05B19BEBC0D7D3F6BE91ABEC4
:10E4E00073FE7C3FDE761CBE03EF7C3F38041EBE0D
:10E4F0006CDF7C3F7B911FBEAECF7C3FA51E21BE53
:10E50000C9BF7C3FB6AB22BEBDAF7C3FAD3824BE99
:10E510008A9F7C3F8CC525BE318F7C3F515227BEE0
:10E52000B07E7C3FFCDE28BE086E7C3F8D6B2ABE31
:10E530003A5D7C3F04F82BBE444C7C3F61842DBE89
:10E54000283B7C3FA2102FBEE5297C3FC99C30BEF2
:10E550007A187C3FD42832BEE9067C3FC4B433BE6F
:10E5600031F57B3F984035BE53E37B3F50CC36BE00
:10E570004DD17B3FEC5738BE20BF7B3F6CE339BEAB
:10E58000CDAC7B3FCF6E3BBE539A7B3F15FA3CBE72
:10E59000B2877B3F3E853EBEEA747B3F491040BE5A
:10E5A000FC617B3F379B41BEE74E7B3F072643BE66
:10E5B000AB3B7B3FB9B044BE48287B3F4D3B46BE9A
:10E5C000BE147B3FC2C547BE0E017B3F185049BEFB
:10E5D00037ED7A3F4FDA4ABE3AD97A3F67644CBE8C
:10E5E00016C57A3F60EE4DBECBB07A3F38784FBE4D
:10E5F000599C7A3FF10151BEC1877A3F898B52BE47
:10E6000002737A3F011554BE1C5E7A3F589E55BE78
:10E6100010497A3F8F2757BEDD337A3FA4B058BEEA
:10E62000841E7A3F97395ABE04097A3F6AC25BBE9C
:10E630005EF3793F1A4B5DBE91DD793FA8D35EBE94
:10E640009DC7793F135C60BE83B1793F5CE461BED6
:10E65000439B793F836C63BEDC84793F86F464BE60
:10E660004E6E793F667C66BE9A57793F220468BE3B
:10E67000C040793FBA8B69BEBF29793F2F136BBE6B
:10E680009812793F7F9A6CBE4AFB783FAB216EBEF1
:10E69000D6E3783FB2A86FBE3BCC783F942F71BED3
:10E6A0007BB4783F51B672BE939C783FE83C74BE11
:10E6B0008684783F5AC375BE526C783FA64977BEB0
:10E6C000F853783FCCCF78BE773B783FCB557ABEB6
:10E6D000D122783FA4DB7BBE040A783F56617DBE21
:10E6E00010F1773FE1E67EBEF7D7773F223680BE56
:10E6F000B7BE773FC0F880BE51A5773F4ABB81BE09
:10E70000C58B773FC07D82BE1372773F224083BEA8
:10E710003A58773F700284BE3C3E773FAAC484BE1D
:10E720001724773FCE8685BECC09773FDF4886BE6B
:10E730005BEF763FDA0A87BEC4D4763FC1CC87BE92
:10E7400007BA763F938E88BE249F763F505089BE8D
:10E750001B84763FF8118ABEEC68763F8AD38ABE66
:10E76000974D763F07958BBE1B32763F6E568CBE1B
:10E770007A16763FC0178DBEB3FA753FFCD88DBEB2
:10E78000C6DE753F229A8EBEB3C2753F325B8FBE26
:10E790007BA6753F2C1C90BE1C8A753F10DD90BE79
:10E7A000976D753FDD9D91BEED50753F945E92BEB5
:10E7B0001D34753F351F93BE2717753FBFDF93BECE
:10E7C0000BFA743F31A094BEC9DC743F8D6095BED6
:10E7D00062BF743FD22096BED5A1743F00E196BEC1
:10E7E0002284743F17A197BE4966743F166198BE94
:10E7F0004B48743FFE2099BE272A743FCEE099BE55
:10E80000DD0B743F86A09ABE6EED733F27609BBE02
:10E81000D9CE733FAF1F9CBE1FB0733F20DF9CBE9D
:10E820003F91733F789E9DBE3972733FB85D9EBE27
:10E830000E53733FDF1C9FBEBE33733FEEDB9FBEA4
:10E840004714733FE59AA0BEACF4723FC259A1BE13
:10E85000EBD4723F8718A2BE04B5723F33D7A2BE75
:10E86000F894723FC595A3BEC774723F3F54A4BECF
:10E870007054723F9F12A5BEF433723FE5D0A5BE1F
:10E880005213723F128FA6BE8CF2713F254DA7BE68
:10E890009FD1713F1F0BA8BE8EB0713FFEC8A8BEAE
:10E8A000578F713FC486A9BEFB6D713F6F44AABEEE
:10E8B0007A4C713F0102ABBED42A713F77BFABBE29
:10E8C0000809713FD47CACBE17E7703F153AADBE66
:10E8D00002C5703F3CF7ADBEC6A2703F49B4AEBEA4
:10E8E0006680703F3A71AFBEE15D703F102EB0BEE2
:10E8F000373B703FCBEAB0BE6718703F6BA7B1BE25
:10E9000073F56F3FEF63B2BE5AD26F3F5820B3BE6C
:10E910001BAF6F3FA5DCB3BEB88B6F3FD698B4BEBC
:10E9200030686F3FEC54B5BE83446F3FE610B6BE0F
:10E93000B0206F3FC3CCB6BEBAFC6E3F8488B7BE72
:10E940009ED86E3F2A44B8BE5DB46E3FB2FFB8BEDB
:10E95000F88F6E3F1EBBB9BE6D6B6E3F6E76BABE52
:10E96000BE466E3FA031BBBEEB216E3FB6ECBBBED8
:10E97000F2FC6D3FAFA7BCBED5D76D3F8B62BDBE6D
:10E9800093B26D3F4A1DBEBE2D8D6D3FEBD7BEBE0F
:10E99000A1676D3F6F92BFBEF2416D3FD54CC0BEC7
:10E9A0001D1C6D3F1E07C1BE24F66C3F48C1C1BE91
:10E9B00007D06C3F557BC2BEC5A96C3F4435C3BE72
:10E9C0005E836C3F15EFC3BED45C6C3FC8A8C4BE69
:10E9D00024366C3F5C62C5BE500F6C3FD21BC6BE76
:10E9E00058E86B3F29D5C6BE3BC16B3F628EC7BEA0
:10E9F000FB996B3F7C47C8BE95726B3F7700C9BEE1
:10EA00000C4B6B3F53B9C9BE5E236B3F1072CABE3D
:10EA10008CFB6A3FAE2ACBBE95D36A3F2CE3CBBEBC
:10EA20007BAB6A3F8B9BCCBE3C836A3FCA53CDBE57
:10EA3000D95A6A3FEA0BCEBE52326A3FEAC3CEBE13
:10EA4000A7096A3FCA7BCFBED7E0693F8A33D0BEF1
:10EA5000E4B7693F2AEBD0BECC8E693FAAA2D1BEF3
:10EA60009165693F095AD2BE323C693F4811D3BE15
:10EA7000AE12693F67C8D3BE07E9683F647FD4BE62
:10EA80003CBF683F4136D5BE4C95683FFDECD5BED6
:10EA9000396B683F99A3D6BE0341683F135AD7BE6E
:10EAA000A816683F6B10D8BE2AEC673FA3C6D8BE35
:10EAB00087C1673FB97CD9BEC196673FAD32DABE28
:10EAC000D86B673F80E8DABECA40673F319EDBBE45
:10EAD0009915673FC153DCBE45EA663F2E09DDBE8E
:10EAE000CCBE663F79BEDDBE3093663FA273DEBE0C
:10EAF0007167663FA928DFBE8E3B663F8DDDDFBEB6
:10EB0000880F663F4F92E0BE5EE3653FEE46E1BE92
:10EB100010B7653F6AFBE1BEA08A653FC4AFE2BEA5
:10EB20000B5E653FFA63E3BE5431653F0E18E4BEE9
:10EB30007904653FFECBE4BE7BD7643FCB7FE5BE67
:10EB400059AA643F7533E6BE147D643FFBE6E6BE1A
:10EB5000AC4F643F5D9AE7BE2122643F9C4DE8BE06
:10EB600073F4633FB700E9BEA1C6633FAEB3E9BE2D
:10EB7000AC98633F8166EABE956A633F3019EBBE8D
:10EB80005A3C633FBBCBEBBEFC0D633F217EECBE2A
:10EB90007BDF623F6330EDBED7B0623F80E2EDBE07
:10EBA0001082623F7994EEBE2653623F4C46EFBE20
:10EBB0001A24623FFBF7EFBEEAF4613F85A9F0BE7D
:10EBC00098C5613FEA5AF1BE2296613F290CF2BE18
:10EBD0008A66613F43BDF2BED036613F386EF3BEF8
:10EBE000F206613F071FF4BEF2D6603FB1CFF4BE1C
:10EBF000CFA6603F3580F5BE8976603F9330F6BE84
:10EC00002146603FCBE0F6BE9615603FDC90F7BE34
:10EC1000E9E45F3FC840F8BE19B45F3F8EF0F8BE2C
:10EC200027835F3F2DA0F9BE12525F3FA54FFABE6A
:10EC3000DB205F3FF7FEFABE81EF5E3F22AEFBBEF8
:10EC400005BE5E3F275DFCBE678C5E3F040CFDBECB
:10EC5000A65A5E3FBBBAFDBEC3285E3F4A69FEBEF0
:10EC6000BEF65D3FB217FFBE97C45D3FF3C5FFBE62
:10EC70004D925D3F063A00BFE15F5D3FFF9000BFF0
:10EC8000532D5D3FE4E700BFA3FA5C3FB53E01BFF3
:10EC9000D1C75C3F739501BFDD945C3F1CEC01BFA5
:10ECA000C7615C3FB14202BF8E2E5C3F329902BF0A
:10ECB00034FB5B3F9FEF02BFB8C75B3FF84503BF24
:10ECC0001A945B3F3D9C03BF5A605B3F6DF203BFEC
:10ECD000792C5B3F894804BF75F85A3F919E04BF69
:10ECE00050C45A3F84F404BF09905A3F624A05BF9A
:10ECF000A05B5A3F2CA005BF16275A3FE2F505BF7F
:10ED00006AF2593F824B06BF9CBD593F0EA106BF18
:10ED1000AD88593F86F606BF9C53593FE84B07BF65
:10ED20006A1E593F36A107BF17E9583F6FF607BF64
:10ED3000A1B3583F924B08BF0B7E583FA1A008BF1C
:10ED40005348583F9BF508BF7912583F7F4A09BF87
:10ED50007FDC573F4E9F09BF63A6573F09F409BFA9
:10ED60002670573FAD480ABFC739573F3D9D0ABF80
:10ED70004803573FB7F10ABFA7CC563F1C460BBF0D
:10ED8000E595563F6B9A0BBF025F563FA5EE0BBF52
:10ED9000FE27563FC9420CBFD9F0553FD7960CBF4E
:10EDA00093B9553FD0EA0CBF2C82553FB33E0DBFFF
:10EDB000A44A553F81920DBFFB12553F38E60DBF67
:10EDC00031DB543FDA390EBF47A3543F658D0EBF88
:10EDD0003B6B543FDBE00EBF0F33543F3B340FBF60
:10EDE000C3FA533F84870FBF55C2533FB8DA0FBFF2
:10EDF000C789533FD52D10BF1851533FDC8010BF3A
:10EE00004918533FCDD310BF59DF523FA72611BF3A
:10EE100049A6523F6B7911BF186D523F19CC11BFF3
:10EE2000C633523FB01E12BF54FA513F307112BF69
:10EE3000C2C0513F9AC312BF1087513FEE1513BF96
:10EE40003D4D513F2A6813BF4A13513F50BA13BF7B
:10EE500037D9503F5F0C14BF039F503F585E14BF1B
:10EE6000AF64503F39B014BF3B2A503F040215BF76
:10EE7000A8EF4F3FB75315BFF4B44F3F54A515BF8C
:10EE80001F7A4F3FD9F615BF2B3F4F3F474816BF5C
:10EE900017044F3F9F9916BFE4C84E3FDFEA16BFE5
:10EEA000908D4E3F073C17BF1C524E3F188D17BF29
:10EEB00089164E3F12DE17BFD5DA4D3FF52E18BF2B
:10EEC000029F4D3FC07F18BF10634D3F73D018BFE6
:10EED000FD264D3F0F2119BFCBEA4C3F947119BF5E
:10EEE00079AE4C3F00C219BF08724C3F55121ABF91
:10EEF00078354C3F93621ABFC7F84B3FB8B21ABF80
:10EF0000F8BB4B3FC6021BBF097F4B3FBB521BBF29
:10EF1000FA414B3F99A21BBFCC044B3F5FF21BBF92
:10EF20007FC74A3F0C421CBF138A4A3FA2911CBFB5
:10EF3000874C4A3F1FE11CBFDC0E4A3F84301DBF97
:10EF400012D1493FD17F1DBF2993493F06CF1DBF35
:10EF50002155493F221E1EBFFA16493F266D1EBF8E
:10EF6000B3D8483F12BC1EBF4E9A483FE50A1FBFA8
:10EF7000CA5B483F9F591FBF271D483F41A81FBF7D
:10EF800065DE473FCBF61FBF849F473F3B4520BF11
:10EF90008560473F939320BF6721473FD2E120BF61
:10EFA0002AE2463FF92F21BFCEA2463F067E21BF6F
:10EFB0005463463FFBCB21BFBB23463FD71922BF3B
:10EFC00003E4453F996722BF2DA4453F43B522BFC7
:10EFD0003964453FD30223BF2624453F4B5023BF0E
:10EFE000F5E3443FA99D23BFA5A3443FEEEA23BF19
:10EFF0003763443F1A3824BFAB22443F2C8524BFDB
:10F0000000E2433F25D224BF38A1433F041F25BF60
:10F010005160433FCB6B25BF4C1F433F77B825BFA3
:10F0200029DE423F0A0526BFE89C423F845126BFA5
:10F03000895B423FE39D26BF0B1A423F2AEA26BF67
:10F0400070D8413F563627BFB796413F688227BFE9
:10F05000E154413F61CE27BFEC12413F401A28BF27
:10F06000DAD0403F056628BFA98E403FB0B128BF27
:10F070005C4C403F41FD28BFF009403FB84829BFE4
:10F0800067C73F3F159429BFC0843F3F57DF29BF63
:10F09000FC413F3F802A2ABF1BFF3E3F8E752ABF9F
:10F0A0001BBC3E3F82C02ABFFF783E3F5B0B2BBF9D
:10F0B000C5353E3F1B562BBF6EF23D3FBFA02BBF59
:10F0C000F9AE3D3F4AEB2BBF676B3D3FB9352CBFD7
:10F0D000B8273D3F0F802CBFECE33C3F49CA2CBF13
:10F0E00003A03C3F69142DBFFC5B3C3F6F5E2DBF0E
:10F0F000D9173C3F59A82DBF98D33B3F29F22DBFCC
:10F100003B8F3B3FDE3B2EBFC14A3B3F78852EBF46
:10F1100029063B3FF7CE2EBF75C13A3F5B182FBF84
:10F12000A47C3A3FA5612FBFB7373A3FD3AA2FBF80
:10F13000ACF2393FE6F32FBF85AD393FDE3C30BF3F
:10F140004268393FBB8530BFE122393F7CCE30BFBA
:10F1500065DD383F221731BFCB97383FAD5F31BFF8
:10F160001652383F1DA831BF430C383F71F031BFF4
:10F1700055C6373FAA3832BF4A80373FC78032BFB3
:10F18000233A373FC9C832BFDFF3363FAF1033BF32
:10F190007FAD363F7A5833BF0467363F29A033BF6F
:10F1A0006C20363FBCE733BFB8D9353F342F34BF6E
:10F1B000E792353F8F7634BFFB4B353FCFBD34BF31
:10F1C000F304353FF30435BFCFBD343FFB4B35BFB0
:10F1D0008F76343FE79235BF342F343FB8D935BFEF
:10F1E000BCE7333F6C2036BF29A0333F046736BFEE
:10F1F0007A58333F7FAD36BFAF10333FDFF336BFB2
:10F20000C9C8323F233A37BFC780323F4A8037BF31
:10F21000AA38323F55C637BF71F0313F430C38BF73
:10F220001DA8313F165238BFAD5F313FCB9738BF75
:10F230002217313F65DD38BF7CCE303FE12239BF38
:10F24000BB85303F426839BFDE3C303F85AD39BFBA
:10F25000E6F32F3FACF239BFD3AA2F3FB7373ABFFF
:10F26000A5612F3FA47C3ABF5B182F3F75C13ABF01
:10F27000F7CE2E3F29063BBF78852E3FC14A3BBFC4
:10F28000DE3B2E3F3B8F3BBF29F22D3F98D33BBF48
:10F2900059A82D3FD9173CBF6F5E2D3FFC5B3CBF8B
:10F2A00069142D3F03A03CBF49CA2C3FECE33CBF8F
:10F2B0000F802C3FB8273DBFB9352C3F676B3DBF52
:10F2C0004AEB2B3FF9AE3DBFBFA02B3F6EF23DBFD7
:10F2D0001B562B3FC5353EBF5B0B2B3FFF783EBF18
:10F2E00082C02A3F1BBC3EBF8E752A3F1BFF3EBF1C
:10F2F000802A2A3FFC413FBF57DF293FC0843FBFE0
:10F300001594293F67C73FBFB848293FF00940BF60
:10F3100041FD283F5C4C40BFB0B1283FA98E40BFA3
:10F320000566283FDAD040BF401A283FEC1241BFA3
:10F3300061CE273FE15441BF6882273FB79641BF66
:10F340005636273F70D841BF2AEA263F0B1A42BFE4
:10F35000E39D263F895B42BF8451263FE89C42BF24
:10F360000A05263F29DE42BF77B8253F4C1F43BF21
:10F37000CB6B253F516043BF041F253F38A143BFDE
:10F3800025D2243F00E243BF2C85243FAB2244BF5B
:10F390001A38243F376344BFEEEA233FA5A344BF96
:10F3A000A99D233FF5E344BF4B50233F262445BF8F
:10F3B000D302233F396445BF43B5223F2DA445BF47
:10F3C0009967223F03E445BFD719223FBB2346BFBD
:10F3D000FBCB213F546346BF067E213FCEA246BFF2
:10F3E000F92F213F2AE246BFD2E1203F672147BFE4
:10F3F0009393203F856047BF3B45203F849F47BF95
:10F40000CBF61F3F65DE47BF41A81F3F271D48BF02
:10F410009F591F3FCA5B48BFE50A1F3F4E9A48BF2E
:10F4200012BC1E3FB3D848BF266D1E3FFA1649BF17
:10F43000221E1E3F215549BF06CF1D3F299349BFBC
:10F44000D17F1D3F12D149BF84301D3FDC0E4ABF22
:10F450001FE11C3F874C4ABFA2911C3F138A4ABF41
:10F460000C421C3F7FC74ABF5FF21B3FCC044BBF1F
:10F4700099A21B3FFA414BBFBB521B3F097F4BBFB9
:10F48000C6021B3FF8BB4BBFB8B21A3FC7F84BBF11
:10F4900093621A3F78354CBF55121A3F08724CBF21
:10F4A00000C2193F79AE4CBF9471193FCBEA4CBFF3
:10F4B0000F21193FFD264DBF73D0183F10634DBF7C
:10F4C000C07F183F029F4DBFF52E183FD5DA4DBFC4
:10F4D00012DE173F89164EBF188D173F1C524EBFC4
:10F4E000073C173F908D4EBFDFEA163FE4C84EBF82
:10F4F0009F99163F17044FBF4748163F2B3F4FBFFA
:10F50000D9F6153F1F7A4FBF54A5153FF4B44FBF2E
:10F51000B753153FA8EF4FBF0402153F3B2A50BF1A
:10F5200039B0143FAF6450BF585E143F039F50BFC3
:10F530005F0C143F37D950BF50BA133F4A1351BF25
:10F540002A68133F3D4D51BFEE15133F108751BF41
:10F550009AC3123FC2C051BF3071123F54FA51BF1B
:10F56000B01E123FC63352BF19CC113F186D52BFA7
:10F570006B79113F49A652BFA726113F59DF52BFF1
:10F58000CDD3103F491853BFDC80103F185153BFF3
:10F59000D52D103FC78953BFB8DA0F3F55C253BFAF
:10F5A00084870F3FC3FA53BF3B340F3F0F3354BF21
:10F5B000DBE00E3F3B6B54BF658D0E3F47A354BF4E
:10F5C000DA390E3F31DB54BF38E60D3FFB1255BF31
:10F5D00081920D3FA44A55BFB33E0D3F2C8255BFCB
:10F5E000D0EA0C3F93B955BFD7960C3FD9F055BF21
:10F5F000C9420C3FFE2756BFA5EE0B3F025F56BF28
:10F600006B9A0B3FE59556BF1C460B3FA7CC56BFE8
:10F61000B7F10A3F480357BF3D9D0A3FC73957BF5F
:10F62000AD480A3F267057BF09F4093F63A657BF8C
:10F630004E9F093F7FDC57BF7F4A093F791258BF71
:10F640009BF5083F534858BFA1A0083F0B7E58BF09
:10F65000924B083FA1B358BF6FF6073F17E958BF59
:10F6600036A1073F6A1E59BFE84B073F9C5359BF5D
:10F6700086F6063FAD8859BF0EA1063F9CBD59BF17
:10F68000824B063F6AF259BFE2F5053F16275ABF83
:10F690002CA0053FA05B5ABF624A053F09905ABFA4
:10F6A00084F4043F50C45ABF919E043F75F85ABF7A
:10F6B0008948043F792C5BBF6DF2033F5A605BBF02
:10F6C0003D9C033F1A945BBFF845033FB8C75BBF3F
:10F6D0009FEF023F34FB5BBF3299023F8E2E5CBF2F
:10F6E000B142023FC7615CBF1CEC013FDD945CBFCF
:10F6F0007395013FD1C75CBFB53E013FA3FA5CBF24
:10F70000E4E7003F532D5DBFFF90003FE15F5DBF29
:10F71000063A003F4D925DBFF3C5FF3E97C45DBF03
:10F72000B217FF3EBEF65DBF4A69FE3EC3285EBF0C
:10F73000BBBAFD3EA65A5EBF040CFD3E678C5EBFA1
:10F74000275DFC3E05BE5EBF22AEFB3E81EF5EBF85
:10F75000F7FEFA3EDB205FBFA54FFA3E12525FBFB5
:10F760002DA0F93E27835FBF8EF0F83E19B45FBF2E
:10F77000C840F83EE9E45FBFDC90F73E961560BFF5
:10F78000CBE0F63E214660BF9330F63E897660BFFF
:10F790003580F53ECFA660BFB1CFF43EF2D660BF54
:10F7A000071FF43EF20661BF386EF33ED03661BFEC
:10F7B00043BDF23E8A6661BF290CF23E229661BFCC
:10F7C000EA5AF13E98C561BF85A9F03EEAF461BFEF
:10F7D000FBF7EF3E1A2462BF4C46EF3E265362BF52
:10F7E0007994EE3E108262BF80E2ED3ED7B062BFF8
:10F7F0006330ED3E7BDF62BF217EEC3EFC0D63BFDC
:10F80000BBCBEB3E5A3C63BF3019EB3E956A63BFFE
:10F810008166EA3EAC9863BFAEB3E93EA1C663BF62
:10F82000B700E93E73F463BF9C4DE83E212264BFFC
:10F830005D9AE73EAC4F64BFFBE6E63E147D64BFD5
:10F840007533E63E59AA64BFCB7FE53E7BD764BFE4
:10F85000FECBE43E790465BF0E18E43E543165BF2B
:10F86000FA63E33E0B5E65BFC4AFE23EA08A65BFAC
:10F870006AFBE13E10B765BFEE46E13E5EE365BF61
:10F880004F92E03E880F66BF8DDDDF3E8E3B66BF48
:10F89000A928DF3E716766BFA273DE3E309366BF64
:10F8A00079BEDD3ECCBE66BF2E09DD3E45EA66BFB1
:10F8B000C153DC3E991567BF319EDB3ECA4067BF2E
:10F8C00080E8DA3ED86B67BFAD32DA3EC19667BFDB
:10F8D000B97CD93E87C167BFA3C6D83E2AEC67BFB3
:10F8E0006B10D83EA81668BF135AD73E034168BFB5
:10F8F00099A3D63E396B68BFFDECD53E4C9568BFE9
:10F900004136D53E3CBF68BF647FD43E07E968BF3F
:10F9100067C8D33EAE1269BF4811D33E323C69BFBF
:10F92000095AD23E916569BFAAA2D13ECC8E69BF69
:10F930002AEBD03EE4B769BF8A33D03ED7E069BF37
:10F94000CA7BCF3EA7096ABFEAC3CE3E52326ABF26
:10F95000EA0BCE3ED95A6ABFCA53CD3E3C836ABF3A
:10F960008B9BCC3E7BAB6ABF2CE3CB3E95D36ABF6F
:10F97000AE2ACB3E8CFB6ABF1072CA3E5E236BBFC1
:10F9800053B9C93E0C4B6BBF7700C93E95726BBF34
:10F990007C47C83EFB996BBF628EC73E3BC16BBFC5
:10F9A00029D5C63E58E86BBFD21BC63E500F6CBF70
:10F9B0005C62C53E24366CBFC8A8C43ED45C6CBF34
:10F9C00015EFC33E5E836CBF4435C33EC5A96CBF13
:10F9D000557BC23E07D06CBF48C1C13E24F66CBF08
:10F9E0001E07C13E1D1C6DBFD54CC03EF2416DBF10
:10F9F0006F92BF3EA1676DBFEBD7BE3E2D8D6DBF31
:10FA00004A1DBE3E93B26DBF8B62BD3ED5D76DBF62
:10FA1000AFA7BC3EF2FC6DBFB6ECBB3EEB216EBFA8
:10FA2000A031BB3EBE466EBF6E76BA3E6D6B6EBFFA
:10FA30001EBBB93EF88F6EBFB2FFB83E5DB46EBF5D
:10FA40002A44B83E9ED86EBF8488B73EBAFC6EBFCB
:10FA5000C3CCB63EB0206FBFE610B63E83446FBF46
:10FA6000EC54B53E30686FBFD698B43EB88B6FBFCC
:10FA7000A5DCB33E1BAF6FBF5820B33E5AD26FBF59
:10FA8000EF63B23E73F56FBF6BA7B13E671870BFEF
:10FA9000CBEAB03E373B70BF102EB03EE15D70BF89
:10FAA0003A71AF3E668070BF49B4AE3EC6A270BF29
:10FAB0003CF7AD3E02C570BF153AAD3E17E770BFCB
:10FAC000D47CAC3E080971BF77BFAB3ED42A71BF6E
:10FAD0000102AB3E7A4C71BF6F44AA3EFB6D71BF11
:10FAE000C486A93E578F71BFFEC8A83E8EB071BFB5
:10FAF0001F0BA83E9FD171BF254DA73E8CF271BF51
:10FB0000128FA63E521372BFE5D0A53EF43372BFEA
:10FB10009F12A53E705472BF3F54A43EC77472BF7B
:10FB2000C595A33EF89472BF33D7A23E04B572BF09
:10FB30008718A23EEBD472BFC259A13EACF472BF8B
:10FB4000E59AA03E471473BFEEDB9F3EBE3373BF02
:10FB5000DF1C9F3E0E5373BFB85D9E3E397273BF6C
:10FB6000789E9D3E3F9173BF20DF9C3E1FB073BFC8
:10FB7000AF1F9C3ED9CE73BF27609B3E6EED73BF17
:10FB800086A09A3EDD0B74BFCEE0993E272A74BF53
:10FB9000FE20993E4B4874BF1661983E496674BF7B
:10FBA00017A1973E228474BF00E1963ED5A174BF91
:10FBB000D220963E62BF74BF8D60953EC9DC74BF93
:10FBC00031A0943E0BFA74BFBFDF933E271775BF79
:10FBD000351F933E1D3475BF945E923EED5075BF48
:10FBE000DD9D913E976D75BF10DD903E1C8A75BFFF
:10FBF0002C1C903E7BA675BF325B8F3EB3C275BF97
:10FC0000229A8E3EC6DE75BFFCD88D3EB3FA75BF14
:10FC1000C0178D3E7A1676BF6E568C3E1B3276BF6D
:10FC200007958B3E974D76BF8AD38A3EEC6876BFA8
:10FC3000F8118A3E1B8476BF5050893E249F76BFC0
:10FC4000938E883E07BA76BFC1CC873EC4D476BFB8
:10FC5000DA0A873E5BEF76BFDF48863ECC0977BF86
:10FC6000CE86853E172477BFAAC4843E3C3E77BF2C
:10FC70007002843E3A5877BF2240833E137277BFAA
:10FC8000C07D823EC58B77BF4ABB813E51A577BF01
:10FC9000C0F8803EB7BE77BF2236803EF7D777BF29
:10FCA000E1E67E3E10F177BF56617D3E040A78BFE3
:10FCB000A4DB7B3ED12278BFCB557A3E773B78BF21
:10FCC000CCCF783EF85378BFA649773E526C78BFC8
:10FCD0005AC3753E868478BFE83C743E939C78BFD7
:10FCE00051B6723E7BB478BF942F713E3BCC78BF47
:10FCF000B2A86F3ED6E378BFAB216E3E4AFB78BF19
:10FD00007F9A6C3E981279BF2F136B3EBF2979BF43
:10FD1000BA8B693EC04079BF2204683E9A5779BFCA
:10FD2000667C663E4E6E79BF86F4643EDC8479BFA5
:10FD3000836C633E439B79BF5CE4613E83B179BFD2
:10FD4000135C603E9DC779BFA8D35E3E91DD79BF4D
:10FD50001A4B5D3E5EF379BF6AC25B3E04097ABF0F
:10FD600097395A3E841E7ABFA4B0583EDD337ABF1D
:10FD70008F27573E10497ABF589E553E1C5E7ABF6A
:10FD80000115543E02737ABF898B523EC1877ABFF8
:10FD9000F101513E599C7ABF38784F3ECBB07ABFC3
:10FDA00060EE4D3E16C57ABF67644C3E3AD97ABFC5
:10FDB0004FDA4A3E37ED7ABF1850493E0E017BBFFD
:10FDC000C2C5473EBE147BBF4D3B463E48287BBF65
:10FDD000B9B0443EAB3B7BBF0726433EE74E7BBFFB
:10FDE000379B413EFC617BBF4910403EEA747BBFBC
:10FDF0003E853E3EB2877BBF15FA3C3E539A7BBFA1
:10FE0000CF6E3B3ECDAC7BBF6CE3393E20BF7BBFAA
:10FE1000EC57383E4DD17BBF50CC363E53E37BBFD1
:10FE20009840353E31F57BBFC4B4333EE9067CBF14
:10FE3000D428323E7A187CBFC99C303EE5297CBF6D
:10FE4000A2102F3E283B7CBF61842D3E444C7CBFDA
:10FE500004F82B3E3A5D7CBF8D6B2A3E086E7CBF5A
:10FE6000FCDE283EB07E7CBF5152273E318F7CBFE6
:10FE70008CC5253E8A9F7CBFAD38243EBDAF7CBF7C
:10FE8000B6AB223EC9BF7CBFA51E213EAECF7CBF14
:10FE90007B911F3E6CDF7CBF38041E3E03EF7CBFAE
:10FEA000DE761C3E73FE7CBF6BE91A3EBC0D7DBF47
:10FEB000E05B193EDD1C7DBF3DCE173ED82B7DBFDC
:10FEC0008340163EAC3A7DBFB2B2143E59497DBF65
:10FED000CA24133EDE577DBFCC96113E3D667DBFE2
:10FEE000B708103E74747DBF8B7A0E3E85827DBF4D
:10FEF0004AEC0C3E6E907DBFF35D0B3E309E7DBFA5
:10FF000086CF093ECCAB7DBF0541083E40B97DBFE1
:10FF10006EB2063E8CC67DBFC223053EB2D37DBF06
:10FF20000295033EB1E07DBF2E06023E88ED7DBF07
:10FF30004577003E38FA7DBF92D0FD3DC2067EBFB8
:10FF400073B2FA3D24137EBF2C94F73D5E1F7EBF33
:10FF5000C075F43D722B7EBF2E57F13D5E377EBFDC
:10FF60007638EE3D23437EBF9A19EB3DC14E7EBFEE
:10FF70009AFAE73D385A7EBF76DBE43D88657EBF5E
:10FF80002EBCE13DB0707EBFC49CDE3DB17B7EBF28
:10FF9000377DDB3D8B867EBF895DD83D3D917EBF41
:10FFA000B93DD53DC99B7EBFC81DD23D2DA67EBFA4
:10FFB000B7FDCE3D69B07EBF86DDCB3D7FBA7EBF4B
:10FFC00036BDC83D6DC47EBFC69CC53D34CE7EBF28
:10FFD000397CC23DD4D77EBF8D5BBF3D4CE17EBF37
:10FFE000C33ABC3D9DEA7EBFDD19B93DC7F37EBF74
:10FFF000DAF8B53DC9FC7EBFBBD7B23DA4057FBFD3
:02000004600496
:1000000080B6AF3D580E7FBF2B95AC3DE4167FBF49
:10001000BA73A93D491F7FBF3052A63D87277FBFD6
:100020008C30A33D9D2F7FBFCF0EA03D8D377FBF6E
:10003000F9EC9C3D543F7FBF0ACB993DF4467FBF0E
:1000400005A9963D6D4E7FBFE786933DBF557FBFA7
:10005000B464903DE95C7FBF6A428D3DEC637FBF35
:100060000A208A3DC76A7FBF94FD863D7B717FBFB2
:100070000ADB833D08787FBF6CB8803D6D7E7FBF13
:10008000742B7B3DAB847FBFE9E5743DC28A7FBFA3
:1000900038A06E3DB1907FBF625A683D78967FBFB1
:1000A0006814623D189C7FBF4CCE5B3D91A17FBF21
:1000B0000E88553DE3A67FBFAF414F3D0DAC7FBFDE
:1000C0002FFB483D0FB17FBF91B4423DEAB57FBFE2
:1000D000D56D3C3D9EBA7FBFFC26363D2ABF7FBF13
:1000E00007E02F3D8FC37FBFF698293DCCC77FBF68
:1000F000CC51233DE2CB7FBF880A1D3DD1CF7FBFCE
:100100002CC3163D98D37FBFB87B103D37D77FBF38
:100110002F340A3DAFDA7FBF90EC033D00DE7FBF96
:10012000B949FB3C29E17FBF2DBAEE3C2BE47FBFF0
:100130007B2AE23C05E77FBFA69AD53CB8E97FBFA2
:10014000B00AC93C43EC7FBF9B7ABC3CA7EE7FBFA3
:1001500069EAAF3CE3F07FBF1C5AA33CF8F27FBFD3
:10016000B6C9963CE6F47FBF38398A3CACF67FBF0F
:100170004B517B3C4AF87FBF0030623CC1F97FBFE6
:10018000900E493C11FB7FBF02ED2F3C39FC7FBF35
:1001900059CB163C39FD7FBF3053FB3B13FE7FBF6D
:1001A000890FC93BC4FE7FBFC1CB963B4EFF7FBFCB
:1001B000C70F493BB1FF7FBFD40FC93AECFF7FBFE8
:1001C000000000000000803F900E493C11FB7F3F83
:1001D000B00AC93C43EC7F3F2CC3163D98D37F3F08
:1001E0002FFB483D0FB17F3F742B7B3DAB847F3F9E
:1001F00005A9963D6D4E7F3F80B6AF3D580E7F3FBF
:1002000036BDC83D6DC47E3F2EBCE13DB0707E3F23
:1002100073B2FA3D24137E3F86CF093ECCAB7D3FBF
:100220008340163EAC3A7D3FB6AB223EC9BF7C3F11
:10023000A2102F3E283B7C3FCF6E3B3ECDAC7B3F98
:10024000C2C5473EBE147B3F0115543E02737A3F40
:10025000135C603E9DC7793F7F9A6C3E9812793F50
:10026000CCCF783EF853783FC07D823EC58B773F38
:10027000938E883E07BA763F229A8E3EC6DE753F41
:1002800031A0943E0BFA743F86A09A3EDD0B743F7A
:10029000E59AA03E4714733F128FA63E5213723F59
:1002A000D47CAC3E0809713FEF63B23E73F56F3FFB
:1002B0002A44B83E9ED86E3F4A1DBE3E93B26D3F63
:1002C00015EFC33E5E836C3F53B9C93E0C4B6B3F89
:1002D000CA7BCF3EA7096A3F4136D53E3CBF683F47
:1002E00080E8DA3ED86B673F4F92E03E880F663F6A
:1002F0007533E63E59AA643FBBCBEB3E5A3C633FA5
:10030000EA5AF13E98C5613FCBE0F63E2146603F98
:10031000275DFC3E05BE5E3FE4E7003F532D5D3F99
:100320003D9C033F1A945B3F824B063F6AF2593F64
:100330009BF5083F5348583F6B9A0B3FE595563F56
:10034000DA390E3F31DB543FCDD3103F4918533FCC
:100350002A68133F3D4D513FD9F6153F1F7A4F3F55
:10036000C07F183F029F4D3FC6021B3FF8BB4B3F6B
:10037000D17F1D3F12D1493FCBF61F3F65DE473F7E
:100380009967223F03E4453F25D2243F00E2433FE3
:100390005636273F70D8413F1594293F67C73F3FE6
:1003A0004AEB2B3FF9AE3D3FDE3B2E3F3B8F3B3FC1
:1003B000BB85303F4268393FC9C8323F233A373F97
:1003C000F304353FF304353F233A373FC9C8323F82
:1003D0004268393FBB85303F3B8F3B3FDE3B2E3F82
:1003E000F9AE3D3F4AEB2B3F67C73F3F1594293F8E
:1003F00070D8413F5636273F00E2433F25D2243F85
:1004000003E4453F9967223F65DE473FCBF61F3F38
:1004100012D1493FD17F1D3FF8BB4B3FC6021B3F66
:10042000029F4D3FC07F183F1F7A4F3FD9F6153FBF
:100430003D4D513F2A68133F4918533FCDD3103FDC
:1004400031DB543FDA390E3FE595563F6B9A0B3F4F
:100450005348583F9BF5083F6AF2593F824B063F8D
:100460001A945B3F3D9C033F532D5D3FE4E7003F03
:1004700005BE5E3F275DFC3E2146603FCBE0F63E79
:1004800098C5613FEA5AF13E5A3C633FBBCBEB3E15
:1004900059AA643F7533E63E880F663F4F92E03EAF
:1004A000D86B673F80E8DA3E3CBF683F4136D53EB7
:1004B000A7096A3FCA7BCF3E0C4B6B3F53B9C93E7D
:1004C0005E836C3F15EFC33E93B26D3F4A1DBE3E47
:1004D0009ED86E3F2A44B83E73F56F3FEF63B23E3D
:1004E0000809713FD47CAC3E5213723F128FA63E76
:1004F0004714733FE59AA03EDD0B743F86A09A3EF9
:100500000BFA743F31A0943EC6DE753F229A8E3EB0
:1005100007BA763F938E883EC58B773FC07D823E7B
:10052000F853783FCCCF783E9812793F7F9A6C3E53
:100530009DC7793F135C603E02737A3F0115543EBC
:10054000BE147B3FC2C5473ECDAC7B3FCF6E3B3E2A
:10055000283B7C3FA2102F3EC9BF7C3FB6AB223E5A
:10056000AC3A7D3F8340163ECCAB7D3F86CF093E03
:1005700024137E3F73B2FA3DB0707E3F2EBCE13D46
:100580006DC47E3F36BDC83D580E7F3F80B6AF3D3F
:100590006D4E7F3F05A9963DAB847F3F742B7B3D1D
:1005A0000FB17F3F2FFB483D98D37F3F2CC3163DB3
:1005B00043EC7F3FB00AC93C11FB7F3F900E493CA2
:1005C0000000803F0000000011FB7F3F900E49BCFF
:1005D00043EC7F3FB00AC9BC98D37F3F2CC316BD04
:1005E0000FB17F3F2FFB48BDAB847F3F742B7BBD9A
:1005F0006D4E7F3F05A996BD580E7F3F80B6AFBDBB
:100600006DC47E3F36BDC8BDB0707E3F2EBCE1BD1F
:1006100024137E3F73B2FABDCCAB7D3F86CF09BEBB
:10062000AC3A7D3F834016BEC9BF7C3FB6AB22BE0D
:10063000283B7C3FA2102FBECDAC7B3FCF6E3BBE94
:10064000BE147B3FC2C547BE02737A3F011554BE3C
:100650009DC7793F135C60BE9812793F7F9A6CBE4C
:10066000F853783FCCCF78BEC58B773FC07D82BE34
:1006700007BA763F938E88BEC6DE753F229A8EBE3D
:100680000BFA743F31A094BEDD0B743F86A09ABE76
:100690004714733FE59AA0BE5213723F128FA6BE55
:1006A0000809713FD47CACBE73F56F3FEF63B2BEF7
:1006B0009ED86E3F2A44B8BE93B26D3F4A1DBEBE5F
:1006C0005E836C3F15EFC3BE0C4B6B3F53B9C9BE85
:1006D000A7096A3FCA7BCFBE3CBF683F4136D5BE43
:1006E000D86B673F80E8DABE880F663F4F92E0BE66
:1006F00059AA643F7533E6BE5A3C633FBBCBEBBEA1
:1007000098C5613FEA5AF1BE2146603FCBE0F6BE94
:1007100005BE5E3F275DFCBE532D5D3FE4E700BF95
:100720001A945B3F3D9C03BF6AF2593F824B06BF60
:100730005348583F9BF508BFE595563F6B9A0BBF52
:1007400031DB543FDA390EBF4918533FCDD310BFC8
:100750003D4D513F2A6813BF1F7A4F3FD9F615BF51
:10076000029F4D3FC07F18BFF8BB4B3FC6021BBF67
:1007700012D1493FD17F1DBF65DE473FCBF61FBF7A
:1007800003E4453F996722BF00E2433F25D224BFDF
:1007900070D8413F563627BF67C73F3F159429BFE2
:1007A000F9AE3D3F4AEB2BBF3B8F3B3FDE3B2EBFBD
:1007B0004268393FBB8530BF233A373FC9C832BF93
:1007C000F304353FF30435BFC9C8323F233A37BF7E
:1007D000BB85303F426839BFDE3B2E3F3B8F3BBF7E
:1007E0004AEB2B3FF9AE3DBF1594293F67C73FBF8A
:1007F0005636273F70D841BF25D2243F00E243BF81
:100800009967223F03E445BFCBF61F3F65DE47BF34
:10081000D17F1D3F12D149BFC6021B3FF8BB4BBF62
:10082000C07F183F029F4DBFD9F6153F1F7A4FBFBB
:100830002A68133F3D4D51BFCDD3103F491853BFD8
:10084000DA390E3F31DB54BF6B9A0B3FE59556BF4B
:100850009BF5083F534858BF824B063F6AF259BF89
:100860003D9C033F1A945BBFE4E7003F532D5DBFFF
:10087000275DFC3E05BE5EBFCBE0F63E214660BF75
:10088000EA5AF13E98C561BFBBCBEB3E5A3C63BF11
:100890007533E63E59AA64BF4F92E03E880F66BFAB
:1008A00080E8DA3ED86B67BF4136D53E3CBF68BFB3
:1008B000CA7BCF3EA7096ABF53B9C93E0C4B6BBF79
:1008C00015EFC33E5E836CBF4A1DBE3E93B26DBF43
:1008D0002A44B83E9ED86EBFEF63B23E73F56FBF39
:1008E000D47CAC3E080971BF128FA63E521372BF72
:1008F000E59AA03E471473BF86A09A3EDD0B74BFF5
:1009000031A0943E0BFA74BF229A8E3EC6DE75BFAC
:10091000938E883E07BA76BFC07D823EC58B77BF77
:10092000CCCF783EF85378BF7F9A6C3E981279BF4F
:10093000135C603E9DC779BF0115543E02737ABFB8
:10094000C2C5473EBE147BBFCF6E3B3ECDAC7BBF26
:10095000A2102F3E283B7CBFB6AB223EC9BF7CBF56
:100960008340163EAC3A7DBF86CF093ECCAB7DBFFF
:1009700073B2FA3D24137EBF2EBCE13DB0707EBF42
:1009800036BDC83D6DC47EBF80B6AF3D580E7FBF3B
:1009900005A9963D6D4E7FBF742B7B3DAB847FBF19
:1009A0002FFB483D0FB17FBF2CC3163D98D37FBFAF
:1009B000B00AC93C43EC7FBF900E493C11FB7FBF9E
:1009C000000000000000803F36BDC83D6DC47E3F82
:1009D000C2C5473EBE147B3F31A0943E0BFA743F24
:1009E00015EFC33E5E836C3FEA5AF13E98C5613F06
:1009F000DA390E3F31DB543F9967223F03E4453F2C
:100A0000F304353FF304353F03E4453F9967223F44
:100A100031DB543FDA390E3F98C5613FEA5AF13E67
:100A20005E836C3F15EFC33E0BFA743F31A0943EDA
:100A3000BE147B3FC2C5473E6DC47E3F36BDC83D38
:100A40000000803F000000006DC47E3F36BDC8BD81
:100A5000BE147B3FC2C547BE0BFA743F31A094BEA3
:100A60005E836C3F15EFC3BE98C5613FEA5AF1BE85
:100A700031DB543FDA390EBF03E4453F996722BFAB
:100A8000F304353FF30435BF9967223F03E445BFC4
:100A9000DA390E3F31DB54BFEA5AF13E98C561BFE7
:100AA00015EFC33E5E836CBF31A0943E0BFA74BF5A
:100AB000C2C5473EBE147BBF36BDC83D6DC47EBFB8
:100AC00000010000E06D022012000000000600009E
:100AD000A42900600A000000000200004029006014
:100AE0006200000000070000DC28006062000000D7
:100AF000EE030000346E022012000000000004EE3D
:100B00000C6E02202800000000030000D8280060BE
:100B10000000000001030904C0280060000000007C
:100B200002030904A8280060000000000303090470
:100B3000746E0220000000000000000000000000B1
:100B40000000000030303030303030303030303065
:100B50003030303030303030303030303030303095
:100B600030303030000000000000000048600220FB
:100B7000486002205060022050600220586002202D
:100B800058600220606002206060022068600220DD
:100B9000686002207060022070600220786002208D
:100BA000786002208060022080600220886002203D
:100BB00088600220906002209060022098600220ED
:100BC00098600220A0600220A0600220A86002209D
:100BD000A8600220B0600220B0600220B86002204D
:100BE000B8600220C0600220C0600220C8600220FD
:100BF000C8600220D0600220D0600220D8600220AD
:100C0000D8600220E0600220E0600220E86002205C
:100C1000E8600220F0600220F0600220F86002200C
:100C2000F8600220006102200061022008610220B9
:100C30000861022010610220106102201861022068
:100C40001861022020610220206102202861022018
:100C500028610220306102203061022038610220C8
:100C60003861022040610220406102204861022078
:100C70004861022050610220506102205861022028
:100C800058610220606102206061022068610220D8
:100C90006861022070610220706102207861022088
:100CA0007861022080610220806102208861022038
:100CB00088610220906102209061022098610220E8
:100CC00098610220A0610220A0610220A861022098
:100CD000A8610220B0610220B0610220B861022048
:100CE000B8610220C0610220C0610220C8610220F8
:100CF000C8610220D0610220D0610220D8610220A8
:100D0000D8610220E0610220E0610220E861022057
:100D1000E8610220F0610220F0610220F861022007
:100D2000F8610220006202200062022008620220B4
:100D30000862022010620220106202201862022063
:100D40001862022020620220206202202862022013
:100D500028620220306202203062022038620220C3
:100D60003862022040620220406202204862022073
:100D70004862022050620220506202205862022023
:100D800058620220606202206062022068620220D3
:100D90006862022070620220706202207862022083
:100DA0007862022080620220806202208862022033
:100DB00088620220906202209062022098620220E3
:100DC00098620220A0620220A0620220A862022093
:100DD000A8620220B0620220B0620220B862022043
:100DE000B8620220C0620220C0620220C8620220F3
:100DF000C8620220D0620220D0620220D8620220A3
:100E0000D8620220E0620220E0620220E862022052
:100E1000E8620220F0620220F0620220F862022002
:100E2000F8620220006302200063022008630220AF
:100E3000086302201063022010630220186302205E
:100E4000186302202063022020630220286302200E
:100E500028630220306302203063022038630220BE
:100E6000386302204063022040630220486302206E
:100E7000486302205063022050630220586302201E
:100E800058630220606302206063022068630220CE
:100E9000686302207063022070630220786302207E
:100EA000786302208063022080630220886302202E
:100EB00088630220906302209063022098630220DE
:100EC00098630220A0630220A0630220A86302208E
:100ED000A8630220B0630220B0630220B86302203E
:100EE000B8630220C0630220C0630220C8630220EE
:100EF000C8630220D0630220D0630220D86302209E
:100F0000D8630220E0630220E0630220E86302204D
:100F1000E8630220F0630220F0630220F8630220FD
:100F2000F8630220006402200064022008640220AA
:100F30000864022010640220106402201864022059
:100F40001864022020640220206402202864022009
:100F500028640220306402203064022038640220B9
:100F60003864022040640220406402200000000037
:100F7000B42703201C28032084280320000000003D
:100F80000000000000000000000000000000000061
:100F90000000000000000000000000000000000051
:100FA0000000000000000000000000000000000041
:100FB0000000000000000000000000000000000031
:100FC0000000000000000000000000000000000021
:100FD0000000000000000000000000000000000011
:100FE0000000000000000000000000000000000001
:100FF00000000000000000000000000000000000F1
:101000000000000001000000000000000E33CDAB26
:1010100034126DE6ECDE05000B000000000000005D
:1010200000000000000000000000000000000000C0
:1010300000000000000000000000000000000000B0
:1010400000000000000000000000000000000000A0
:101050000000000000000000000000000000000090
:101060000000000000000000000000000000000080
:101070000000000000000000000000000000000070
:101080000000000000000000000000000000000060
:101090000000000000000000000000000000000050
:1010A0000000000000000000000000000000000040
:1010B0000000000000000000000000000000000030
:1010C0000000000000000000000000000000000020
:1010D0000000000000000000000000000000000010
:1010E0000000000000000000000000000000000000
:1010F00000000000000000000000000000000000F0
:1011000000000000000000000000000000000000DF
:1011100000000000000000000000000000000000CF
:1011200000000000000000000000000000000000BF
:1011300000000000000000000000000000000000AF
:10114000000000000000000000000000000000009F
:10115000000000000000000000000000000000008F
:10116000000000000000000000000000BC0600209D
:101170000029DE07007B9A17574D585A00000000DF
:10118000000000000000000000000000000000005F
:10119000000000000000000000000000000000004F
:1011A000574D585A000000000000000000000000E9
:1011B000000000000000000000000000000000002F
:1011C000000000000000000054657374000000007F
:1011D000000000000000000000000000000000000F
:1011E00000000000000000000000000000000000FF
:1011F0006D6963726F50414D0000000000000000F7
:1012000000000000000000000000000000000000DE
:1012100000000000000000005F5F5F5F5F5F000094
:1012200000000000000000000000000000000000BE
:1012300000000000000000000000000000000000AE
:101240004C433137000000000000000000000000A7
:10125000000000000000000000000000000000008E
:1012600000000000000000000000803F00000000BF
:101270000000803F000080BF000000000000803FB1
:101280000000803F0000803F0000000000000000E0
:10129000000080BF000080BF0000000000000000D0
:1012A0000000803F0000000000000000000000007F
:1012B0003807002000000000E803000000000000E4
:1012C0008407002000000000E80300000000000088
:1012D00000003F40582800600000000000000000AF
:1012E00000000000000000000000000000000000FE
:1012F00000000000000000000000000000000000EE
:1013000000000000000000000000000000000000DD
:1013100000000000000000000000000000000000CD
:1013200000000000000000000000000000000000BD
:1013300000000000000000000000000000000000AD
:10134000000000000000000000000000000000009D
:10135000000000000000000000000000000000008D
:10136000000000000000000000000000000000007D
:10137000000000000000000000000000000000006D
:10138000000000000000000000000000000000005D
:10139000000000000000000000000000000000004D
:1013A000000000000000000000000000000000003D
:1013B000000000000000000000000000000000002D
:1013C000000000000000000000000000000000001D
:1013D000000000000000000000000000000000000D
:1013E00000000000000000000000000000000000FD
:1013F00000000000000000000000000000000000ED
:101400008407002000000000E80300000000000046
:1014100000803F400828006000000000000000003D
:1014200000000000000000000000000000000000BC
:1014300000000000000000000000000000000000AC
:10144000000000000000000000000000000000009C
:10145000000000000000000000000000000000008C
:10146000000000000000000000000000000000007C
:10147000000000000000000000000000000000006C
:10148000000000000000000000000000000000005C
:10149000000000000000000000000000000000004C
:1014A000000000000000000000000000000000003C
:1014B000000000000000000000000000000000002C
:1014C000000000000000000000000000000000001C
:1014D000000000000000000000000000000000000C
:1014E00000000000000000000000000000000000FC
:1014F00000000000000000000000000000000000EC
:1015000000000000000000000000000000000000DB
:1015100000000000000000000000000000000000CB
:1015200000000000000000000000000000000000BB
:1015300000000000000000000000000000000000AB
:101540008407002000000000E80300000000000005
:1015500000C03F40B827006000000000000000000D
:10156000000000000000000000000000000000007B
:10157000000000000000000000000000000000006B
:10158000000000000000000000000000000000005B
:10159000000000000000000000000000000000004B
:1015A000000000000000000000000000000000003B
:1015B000000000000000000000000000000000002B
:1015C000000000000000000000000000000000001B
:1015D000000000000000000000000000000000000B
:1015E00000000000000000000000000000000000FB
:1015F00000000000000000000000000000000000EB
:1016000000000000000000000000000000000000DA
:1016100000000000000000000000000000000000CA
:1016200000000000000000000000000000000000BA
:1016300000000000000000000000000000000000AA
:10164000000000000000000000000000000000009A
:10165000000000000000000000000000000000008A
:10166000000000000000000000000000000000007A
:10167000000000000000000000000000000000006A
:101680007427032080902520000000004300000004
:10169000000000000000000000000000000000004A
:1016A00000000000000000000000000043000000F7
:1016B000000000000000000000000000000000002A
:1016C00000000000000000000000000043000000D7
:1016D000000000000000000000000000000000000A
:1016E00000000000000000000000000043000000B7
:1016F00000000000000000000000000000000000EA
:101700000000000000000000000000004300000096
:1017100000000000000000000000000000000000C9
:101720000000000000000000000000004300000076
:1017300000000000000000000000000000000000A9
:101740000000000000000000000000004300000056
:101750000000000000000000000000000000000089
:101760000000000000000000000000004300000036
:101770000000000000000000000000000000000069
:101780000000000000000000000000000000000059
:101790000000000000000000000000000000000049
:1017A0000000000000000000000000000000000039
:1017B0000000000000000000000000000000000029
:1017C0000000000000000000000000000000000019
:1017D0000000000000000000000000000000000009
:1017E00000000000000000000000000000000000F9
:1017F00000000000000000000000000000000000E9
:1018000000000000000000000000000000000000D8
:1018100000000000000000000000000000000000C8
:1018200000000000000000000000000000000000B8
:1018300000000000000000000000000000000000A8
:101840000000000000000000000000000000000098
:1018500000000000E10F0100010501000000000090
:1018600080090020A8D70020B0D20020B0D20020EC
:10187000B0D20020B0D20020B0D20020B0D20020E0
:10188000B0D20020B0D20020B0D20020FFFFFFFF76
:10189000FFFFFFFFFFFFFFFFFFFF000001004153BD
:1018A0004349490000000000000000000000000063
:1018B0000000000000000000000000000000415394
:1018C0004349490000000000000000000000000043
:1018D0000000000000000000000000000000000008
:1018E000FFFFFFFF000002000000000003000000F7
:1018F000B4270320506402201400000012010002EB
:10190000EF020140C01683048002010203010000BF
:101910007761760062696E006461740000EE020017
:1019200000000C000C00180028000000000104005A
:101930000100000000000000020157494E555342CB
:101940000000000000000000000000000000000097
:1019500012034D00530046005400310030003000A7
:10196000F8000000323030302D30312D3031203051
:10197000303A30303A303000000000000000000003
:10198000000000000000000000000000A4D50020BE
:101990000C03000000000000000000000000000038
:1019A0000000000000000000D07402203C00010094
:1019B00029201805000000000000000000000000C1
:1019C0000000000000000000000000000000000017
:1019D0000000000000000000000000000000000007
:1019E00000000000000000000000000000000000F7
:1019F00000000000000000000000000000000000E7
:101A000000000000000000000000000000000000D6
:101A100000000000000000000000000000000000C6
:101A200000000000000000000000000000000000B6
:101A300000000000000000000000000000000000A6
:101A40000000000000000000000000000000000096
:101A50000000000000000000000000000000000086
:101A60000000000000000000000000000000000076
:101A70000000000000000000000000000000000066
:101A80000000000000000000000000000000000056
:101A90000000000000000000000000000000000046
:101AA0000000000000000000000000000000000036
:101AB0000000000000000000000000000000000026
:101AC0000000000000000000000000000000000016
:101AD0000000000000000000000000000000000006
:101AE00000000000000000000000000000000000F6
:101AF00000000000000000000000000000000000E6
:101B000000000000000000000000000000000000D5
:101B100000000000000000000000000000000000C5
:101B200000000000000000000000000000000000B5
:101B300000000000000000000000000000000000A5
:101B40000000000000000000000000000000000095
:101B50000000000000000000000000000000000085
:101B60000000000000000000000000000000000075
:101B70000000000000000000000000000000000065
:101B80000000000000000000000000000000000055
:101B90000000000000000000000000000000000045
:101BA0000000000000000000000000000000000035
:101BB0000000000000000000000000000000000025
:101BC0000000000000000000000000000000000015
:101BD0000000000000000000000000000000000005
:101BE00000000000000000000000000000000000F5
:101BF00000000000000000000000000000000000E5
:101C000000000000000000000000000000000000D4
:101C100000000000000000000000000000000000C4
:101C200000000000000000000000000000000000B4
:101C300000000000000000000000000000000000A4
:101C40000000000000000000000000000000000094
:101C50000000000000000000000000000000000084
:101C60000000000000000000000000000000000074
:101C70000000000000000000000000000000000064
:101C80000000000000000000000000000000000054
:101C90000000000000000000000000000000000044
:101CA0000000000000000000000000000000000034
:101CB0000000000000000000000000000000000024
:101CC0000000000000000000000000000000000014
:101CD0000000000000000000000000000000000004
:101CE00000000000000000000000000000000000F4
:101CF00000000000000000000000000000000000E4
:101D000000000000000000000000000000000000D3
:101D100000000000000000000000000000000000C3
:101D200000000000000000000000000000000000B3
:101D300000000000000000000000000000000000A3
:101D40000000000000000000000000000000000093
:101D50000000000000000000000000000000000083
:101D60000000000000000000000000000000000073
:101D70000000000000000000000000000000000063
:101D80000000000000000000000000000000000053
:101D90000000000000000000000000000000000043
:101DA0000000000000000000000000000000000033
:101DB0000000000000000000000000000000000023
:101DC0000000000000000000000000000000000013
:0C1DD00000000000000000000000000007
:101DDC00FFFFFFFFFFFFFFFFFFFFFFFFFFFFFFFF07
:101DEC00FFFFFFFFFFFFFFFFFFFFFFFFFFFFFFFFF7
:101DFC00FFFFFFFFFFFFFFFFFFFFFFFFFFFFFFFFE7
:101E0C00FFFFFFFFFFFFFFFFFFFFFFFFFFFFFFFFD6
:101E1C00FFFFFFFFFFFFFFFFFFFFFFFFFFFFFFFFC6
:101E2C00FFFFFFFFFFFFFFFFFFFFFFFFFFFFFFFFB6
:101E3C00FFFFFFFFFFFFFFFFFFFFFFFFFFFFFFFFA6
:101E4C00FFFFFFFFFFFFFFFFFFFFFFFFFFFFFFFF96
:101E5C00FFFFFFFFFFFFFFFFFFFFFFFFFFFFFFFF86
:101E6C00FFFFFFFFFFFFFFFFFFFFFFFFFFFFFFFF76
:101E7C00FFFFFFFFFFFFFFFFFFFFFFFFFFFFFFFF66
:101E8C00FFFFFFFFFFFFFFFFFFFFFFFFFFFFFFFF56
:101E9C00FFFFFFFFFFFFFFFFFFFFFFFFFFFFFFFF46
:101EAC00FFFFFFFFFFFFFFFFFFFFFFFFFFFFFFFF36
:101EBC00FFFFFFFFFFFFFFFFFFFFFFFFFFFFFFFF26
:101ECC00FFFFFFFFFFFFFFFFFFFFFFFFFFFFFFFF16
:101EDC00FFFFFFFFFFFFFFFFFFFFFFFFFFFFFFFF06
:101EEC00FFFFFFFFFFFFFFFFFFFFFFFFFFFFFFFFF6
:101EFC00FFFFFFFFFFFFFFFFFFFFFFFFFFFFFFFFE6
:101F0C00FFFFFFFFFFFFFFFFFFFFFFFFFFFFFFFFD5
:101F1C00FFFFFFFFFFFFFFFFFFFFFFFFFFFFFFFFC5
:101F2C00FFFFFFFFFFFFFFFFFFFFFFFFFFFFFFFFB5
:101F3C00FFFFFFFFFFFFFFFFFFFFFFFFFFFFFFFFA5
:101F4C00FFFFFFFFFFFFFFFFFFFFFFFFFFFFFFFF95
:101F5C00FFFFFFFFFFFFFFFFFFFFFFFFFFFFFFFF85
:101F6C00FFFFFFFFFFFFFFFFFFFFFFFFFFFFFFFF75
:101F7C00FFFFFFFFFFFFFFFFFFFFFFFFFFFFFFFF65
:101F8C00FFFFFFFFFFFFFFFFFFFFFFFFFFFFFFFF55
:101F9C00FFFFFFFFFFFFFFFFFFFFFFFFFFFFFFFF45
:101FAC00FFFFFFFFFFFFFFFFFFFFFFFFFFFFFFFF35
:101FBC00FFFFFFFFFFFFFFFFFFFFFFFFFFFFFFFF25
:101FCC00FFFFFFFFFFFFFFFFFFFFFFFFFFFFFFFF15
:101FDC00FFFFFFFFFFFFFFFFFFFFFFFFFFFFFFFF05
:101FEC00FFFFFFFFFFFFFFFFFFFFFFFFFFFFFFFFF5
:101FFC00FFFFFFFF000000000000000000000000D9
:10200C0000000000000000000000000000000000C4
:10201C0000000000000000000000000000000000B4
:10202C0000000000000000000000000000000000A4
:10203C000000000000000000000000000000000094
:10204C000000000000000000000000000000000084
:10205C000000000000000000000000000000000074
:10206C000000000000000000000000000000000064
:10207C000000000000000000000000000000000054
:10208C000000000000000000000000000000000044
:10209C000000000000000000000000000000000034
:1020AC000000000000000000000000000000000024
:1020BC000000000000000000000000000000000014
:1020CC000000000000000000000000000000000004
:1020DC0000000000000000000000000000000000F4
:1020EC0000000000000000000000000000000000E4
:1020FC0000000000000000000000000000000000D4
:10210C0000000000000000000000000000000000C3
:10211C0000000000000000000000000000000000B3
:10212C0000000000000000000000000000000000A3
:10213C000000000000000000000000000000000093
:10214C000000000000000000000000000000000083
:10215C000000000000000000000000000000000073
:10216C000000000000000000000000000000000063
:10217C000000000000000000000000000000000053
:10218C000000000000000000000000000000000043
:10219C000000000000000000000000000000000033
:1021AC000000000000000000000000000000000023
:1021BC000000000000000000000000000000000013
:1021CC000000000000000000000000000000000003
:1021DC0000000000000000000000000000000000F3
:1021EC0000000000000000000000000000000000E3
:1021FC0000000000000000000000000000000000D3
:10220C0000000000000000000000000000000000C2
:10221C0000000000000000000000000000000000B2
:10222C0000000000000000000000000000000000A2
:10223C000000000000000000000000000000000092
:10224C000000000000000000000000000000000082
:10225C000000000000000000000000000000000072
:10226C000000000000000000000000000000000062
:10227C000000000000000000000000000000000052
:10228C000000000000000000000000000000000042
:10229C000000000000000000000000000000000032
:1022AC000000000000000000000000000000000022
:1022BC000000000000000000000000000000000012
:1022CC000000000000000000000000000000000002
:1022DC0000000000000000000000000000000000F2
:1022EC0000000000000000000000000000000000E2
:1022FC0000000000000000000000000000000000D2
:10230C0000000000000000000000000000000000C1
:10231C0000000000000000000000000000000000B1
:10232C0000000000000000000000000000000000A1
:10233C000000000000000000000000000000000091
:10234C000000000000000000000000000000000081
:10235C000000000000000000000000000000000071
:10236C000000000000000000000000000000000061
:10237C000000000000000000000000000000000051
:10238C000000000000000000000000000000000041
:10239C000000000000000000000000000000000031
:1023AC000000000000000000000000000000000021
:1023BC000000000000000000000000000000000011
:1023CC000000000000000000000000000000000001
:1023DC0000000000000000000000000000000000F1
:1023EC0000000000000000000000000000000000E1
:1023FC0000000000000000000000000000000000D1
:10240C0000000000000000000000000000000000C0
:10241C0000000000000000000000000000000000B0
:10242C0000000000000000000000000000000000A0
:10243C000000000000000000000000000000000090
:10244C000000000000000000000000000000000080
:10245C000000000000000000000000000000000070
:10246C000000000000000000000000000000000060
:10247C000000000000000000000000000000000050
:10248C000000000000000000000000000000000040
:10249C000000000000000000000000000000000030
:1024AC000000000000000000000000000000000020
:1024BC000000000000000000000000000000000010
:1024CC000000000000000000000000000000000000
:1024DC0000000000000000000000000000000000F0
:1024EC0000000000000000000000000000000000E0
:1024FC0000000000000000000000000000000000D0
:10250C0000000000000000000000000000000000BF
:10251C0000000000000000000000000000000000AF
:10252C00000000000000000000000000000000009F
:10253C00000000000000000000000000000000008F
:10254C00000000000000000000000000000000007F
:10255C00000000000000000000000000000000006F
:10256C00000000000000000000000000000000005F
:10257C00000000000000000000000000000000004F
:10258C00000000000000000000000000000000003F
:10259C00000000000000000000000000000000002F
:1025AC00000000000000000000000000000000001F
:1025BC00000000000000000000000000000000000F
:1025CC0000000000000000000000000000000000FF
:1025DC0000000000000000000000000000000000EF
:1025EC0000000000000000000000000000000000DF
:1025FC0000000000000000000000000000000000CF
:10260C0000000000000000000000000000000000BE
:10261C0000000000000000000000000000000000AE
:10262C00000000000000000000000000000000009E
:10263C00000000000000000000000000000000008E
:10264C00000000000000000000000000000000007E
:10265C00000000000000000000000000000000006E
:10266C00000000000000000000000000000000005E
:10267C00000000000000000000000000000000004E
:10268C00000000000000000000000000000000003E
:10269C00000000000000000000000000000000002E
:1026AC00000000000000000000000000000000001E
:1026BC00000000000000000000000000000000000E
:1026CC0000000000000000000000000000000000FE
:1026DC0000000000000000000000000000000000EE
:1026EC0000000000000000000000000000000000DE
:1026FC0000000000000000000000000000000000CE
:10270C0000000000000000000000000000000000BD
:10271C0000000000000000000000000000000000AD
:10272C00000000000000000000000000000000009D
:10273C00000000000000000000000000000000008D
:10274C00000000000000000000000000000000007D
:10275C00000000000000000000000000000000006D
:10276C00000000000000000000000000000000005D
:10277C00000000000000000000000000000000004D
:10278C00000000000000000000000000000000003D
:10279C00000000000000000000000000000000002D
:1027AC00000000000000000000000000000000001D
:1027BC00000000000000000000000000000000000D
:1027CC0000000000000000000000000000000000FD
:1027DC0000000000000000000000000000000000ED
:1027EC0000000000000000000000000000000000DD
:1027FC0000000000000000000000000000000000CD
:10280C0000000000000000000000000000000000BC
:10281C0000000000000000000000000000000000AC
:10282C00000000000000000000000000000000009C
:10283C00000000000000000000000000000000008C
:10284C00000000000000000000000000000000007C
:10285C00000000000000000000000000000000006C
:10286C00000000000000000000000000000000005C
:10287C00000000000000000000000000000000004C
:10288C00000000000000000000000000000000003C
:10289C00000000000000000000000000000000002C
:1028AC00000000000000000000000000000000001C
:1028BC00000000000000000000000000000000000C
:1028CC0000000000000000000000000000000000FC
:1028DC0000000000000000000000000000000000EC
:1028EC0000000000000000000000000000000000DC
:1028FC0000000000000000000000000000000000CC
:10290C0000000000000000000000000000000000BB
:10291C0000000000000000000000000000000000AB
:10292C00000000000000000000000000000000009B
:10293C00000000000000000000000000000000008B
:10294C00000000000000000000000000000000007B
:10295C00000000000000000000000000000000006B
:10296C00000000000000000000000000000000005B
:10297C00000000000000000000000000000000004B
:10298C00000000000000000000000000000000003B
:10299C00000000000000000000000000000000002B
:1029AC00000000000000000000000000000000001B
:1029BC00000000000000000000000000000000000B
:1029CC0000000000000000000000000000000000FB
:1029DC0000000000000000000000000000000000EB
:1029EC0000000000000000000000000000000000DB
:1029FC0000000000000000000000000000000000CB
:102A0C0000000000000000000000000000000000BA
:102A1C0000000000000000000000000000000000AA
:102A2C00000000000000000000000000000000009A
:102A3C00000000000000000000000000000000008A
:102A4C00000000000000000000000000000000007A
:102A5C00000000000000000000000000000000006A
:102A6C00000000000000000000000000000000005A
:102A7C00000000000000000000000000000000004A
:102A8C00000000000000000000000000000000003A
:102A9C00000000000000000000000000000000002A
:102AAC00000000000000000000000000000000001A
:102ABC00000000000000000000000000000000000A
:102ACC0000000000000000000000000000000000FA
:102ADC0000000000000000000000000000000000EA
:102AEC0000000000000000000000000000000000DA
:102AFC0000000000000000000000000000000000CA
:102B0C0000000000000000000000000000000000B9
:102B1C0000000000000000000000000000000000A9
:102B2C000000000000000000000000000000000099
:102B3C000000000000000000000000000000000089
:102B4C000000000000000000000000000000000079
:102B5C000000000000000000000000000000000069
:102B6C000000000000000000000000000000000059
:102B7C000000000000000000000000000000000049
:102B8C000000000000000000000000000000000039
:102B9C000000000000000000000000000000000029
:102BAC000000000000000000000000000000000019
:102BBC000000000000000000000000000000000009
:102BCC0000000000000000000000000000000000F9
:102BDC0000000000000000000000000000000000E9
:102BEC0000000000000000000000000000000000D9
:042BFC0000000000D5
:040000056000100087
:00000001FF
