:0200000460009A
:100000004643464200000156000000000103030081
:1000100000000000000000000000000000000000E0
:1000200000000000000000000000000000000000D0
:1000300000000000000000000000000000000000C0
:1000400000000000010408000000000000000000A3
:100050000000800000000000000000000000000020
:100060000000000000000000000000000000000090
:100070000000000000000000000000000000000080
:10008000EB04180A063204260000000000000000FD
:10009000050404240000000000000000000000002F
:1000A0000000000000000000000000000000000050
:1000B0000604000000000000000000000000000036
:1000C0000000000000000000000000000000000030
:1000D00020041808000000000000000000000000DC
:1000E0000000000000000000000000000000000010
:1000F0000000000000000000000000000000000000
:10010000D8041808000000000000000000000000F3
:100110000204180804200000000000000000000095
:1001200000000000000000000000000000000000CF
:10013000600400000000000000000000000000005B
:1001400000000000000000000000000000000000AF
:10015000000000000000000000000000000000009F
:10016000000000000000000000000000000000008F
:10017000000000000000000000000000000000007F
:10018000000000000000000000000000000000006F
:10019000000000000000000000000000000000005F
:1001A000000000000000000000000000000000004F
:1001B000000000000000000000000000000000003F
:1001C000000100000010000001000000000000001D
:1001D000000001000000000000000000000000001E
:1001E000000000000000000000000000000000000F
:1001F00000000000000000000000000000000000FF
:10020000FFFFFFFFFFFFFFFFFFFFFFFFFFFFFFFFFE
:10021000FFFFFFFFFFFFFFFFFFFFFFFFFFFFFFFFEE
:10022000FFFFFFFFFFFFFFFFFFFFFFFFFFFFFFFFDE
:10023000FFFFFFFFFFFFFFFFFFFFFFFFFFFFFFFFCE
:10024000FFFFFFFFFFFFFFFFFFFFFFFFFFFFFFFFBE
:10025000FFFFFFFFFFFFFFFFFFFFFFFFFFFFFFFFAE
:10026000FFFFFFFFFFFFFFFFFFFFFFFFFFFFFFFF9E
:10027000FFFFFFFFFFFFFFFFFFFFFFFFFFFFFFFF8E
:10028000FFFFFFFFFFFFFFFFFFFFFFFFFFFFFFFF7E
:10029000FFFFFFFFFFFFFFFFFFFFFFFFFFFFFFFF6E
:1002A000FFFFFFFFFFFFFFFFFFFFFFFFFFFFFFFF5E
:1002B000FFFFFFFFFFFFFFFFFFFFFFFFFFFFFFFF4E
:1002C000FFFFFFFFFFFFFFFFFFFFFFFFFFFFFFFF3E
:1002D000FFFFFFFFFFFFFFFFFFFFFFFFFFFFFFFF2E
:1002E000FFFFFFFFFFFFFFFFFFFFFFFFFFFFFFFF1E
:1002F000FFFFFFFFFFFFFFFFFFFFFFFFFFFFFFFF0E
:10030000FFFFFFFFFFFFFFFFFFFFFFFFFFFFFFFFFD
:10031000FFFFFFFFFFFFFFFFFFFFFFFFFFFFFFFFED
:10032000FFFFFFFFFFFFFFFFFFFFFFFFFFFFFFFFDD
:10033000FFFFFFFFFFFFFFFFFFFFFFFFFFFFFFFFCD
:10034000FFFFFFFFFFFFFFFFFFFFFFFFFFFFFFFFBD
:10035000FFFFFFFFFFFFFFFFFFFFFFFFFFFFFFFFAD
:10036000FFFFFFFFFFFFFFFFFFFFFFFFFFFFFFFF9D
:10037000FFFFFFFFFFFFFFFFFFFFFFFFFFFFFFFF8D
:10038000FFFFFFFFFFFFFFFFFFFFFFFFFFFFFFFF7D
:10039000FFFFFFFFFFFFFFFFFFFFFFFFFFFFFFFF6D
:1003A000FFFFFFFFFFFFFFFFFFFFFFFFFFFFFFFF5D
:1003B000FFFFFFFFFFFFFFFFFFFFFFFFFFFFFFFF4D
:1003C000FFFFFFFFFFFFFFFFFFFFFFFFFFFFFFFF3D
:1003D000FFFFFFFFFFFFFFFFFFFFFFFFFFFFFFFF2D
:1003E000FFFFFFFFFFFFFFFFFFFFFFFFFFFFFFFF1D
:1003F000FFFFFFFFFFFFFFFFFFFFFFFFFFFFFFFF0D
:10040000FFFFFFFFFFFFFFFFFFFFFFFFFFFFFFFFFC
:10041000FFFFFFFFFFFFFFFFFFFFFFFFFFFFFFFFEC
:10042000FFFFFFFFFFFFFFFFFFFFFFFFFFFFFFFFDC
:10043000FFFFFFFFFFFFFFFFFFFFFFFFFFFFFFFFCC
:10044000FFFFFFFFFFFFFFFFFFFFFFFFFFFFFFFFBC
:10045000FFFFFFFFFFFFFFFFFFFFFFFFFFFFFFFFAC
:10046000FFFFFFFFFFFFFFFFFFFFFFFFFFFFFFFF9C
:10047000FFFFFFFFFFFFFFFFFFFFFFFFFFFFFFFF8C
:10048000FFFFFFFFFFFFFFFFFFFFFFFFFFFFFFFF7C
:10049000FFFFFFFFFFFFFFFFFFFFFFFFFFFFFFFF6C
:1004A000FFFFFFFFFFFFFFFFFFFFFFFFFFFFFFFF5C
:1004B000FFFFFFFFFFFFFFFFFFFFFFFFFFFFFFFF4C
:1004C000FFFFFFFFFFFFFFFFFFFFFFFFFFFFFFFF3C
:1004D000FFFFFFFFFFFFFFFFFFFFFFFFFFFFFFFF2C
:1004E000FFFFFFFFFFFFFFFFFFFFFFFFFFFFFFFF1C
:1004F000FFFFFFFFFFFFFFFFFFFFFFFFFFFFFFFF0C
:10050000FFFFFFFFFFFFFFFFFFFFFFFFFFFFFFFFFB
:10051000FFFFFFFFFFFFFFFFFFFFFFFFFFFFFFFFEB
:10052000FFFFFFFFFFFFFFFFFFFFFFFFFFFFFFFFDB
:10053000FFFFFFFFFFFFFFFFFFFFFFFFFFFFFFFFCB
:10054000FFFFFFFFFFFFFFFFFFFFFFFFFFFFFFFFBB
:10055000FFFFFFFFFFFFFFFFFFFFFFFFFFFFFFFFAB
:10056000FFFFFFFFFFFFFFFFFFFFFFFFFFFFFFFF9B
:10057000FFFFFFFFFFFFFFFFFFFFFFFFFFFFFFFF8B
:10058000FFFFFFFFFFFFFFFFFFFFFFFFFFFFFFFF7B
:10059000FFFFFFFFFFFFFFFFFFFFFFFFFFFFFFFF6B
:1005A000FFFFFFFFFFFFFFFFFFFFFFFFFFFFFFFF5B
:1005B000FFFFFFFFFFFFFFFFFFFFFFFFFFFFFFFF4B
:1005C000FFFFFFFFFFFFFFFFFFFFFFFFFFFFFFFF3B
:1005D000FFFFFFFFFFFFFFFFFFFFFFFFFFFFFFFF2B
:1005E000FFFFFFFFFFFFFFFFFFFFFFFFFFFFFFFF1B
:1005F000FFFFFFFFFFFFFFFFFFFFFFFFFFFFFFFF0B
:10060000FFFFFFFFFFFFFFFFFFFFFFFFFFFFFFFFFA
:10061000FFFFFFFFFFFFFFFFFFFFFFFFFFFFFFFFEA
:10062000FFFFFFFFFFFFFFFFFFFFFFFFFFFFFFFFDA
:10063000FFFFFFFFFFFFFFFFFFFFFFFFFFFFFFFFCA
:10064000FFFFFFFFFFFFFFFFFFFFFFFFFFFFFFFFBA
:10065000FFFFFFFFFFFFFFFFFFFFFFFFFFFFFFFFAA
:10066000FFFFFFFFFFFFFFFFFFFFFFFFFFFFFFFF9A
:10067000FFFFFFFFFFFFFFFFFFFFFFFFFFFFFFFF8A
:10068000FFFFFFFFFFFFFFFFFFFFFFFFFFFFFFFF7A
:10069000FFFFFFFFFFFFFFFFFFFFFFFFFFFFFFFF6A
:1006A000FFFFFFFFFFFFFFFFFFFFFFFFFFFFFFFF5A
:1006B000FFFFFFFFFFFFFFFFFFFFFFFFFFFFFFFF4A
:1006C000FFFFFFFFFFFFFFFFFFFFFFFFFFFFFFFF3A
:1006D000FFFFFFFFFFFFFFFFFFFFFFFFFFFFFFFF2A
:1006E000FFFFFFFFFFFFFFFFFFFFFFFFFFFFFFFF1A
:1006F000FFFFFFFFFFFFFFFFFFFFFFFFFFFFFFFF0A
:10070000FFFFFFFFFFFFFFFFFFFFFFFFFFFFFFFFF9
:10071000FFFFFFFFFFFFFFFFFFFFFFFFFFFFFFFFE9
:10072000FFFFFFFFFFFFFFFFFFFFFFFFFFFFFFFFD9
:10073000FFFFFFFFFFFFFFFFFFFFFFFFFFFFFFFFC9
:10074000FFFFFFFFFFFFFFFFFFFFFFFFFFFFFFFFB9
:10075000FFFFFFFFFFFFFFFFFFFFFFFFFFFFFFFFA9
:10076000FFFFFFFFFFFFFFFFFFFFFFFFFFFFFFFF99
:10077000FFFFFFFFFFFFFFFFFFFFFFFFFFFFFFFF89
:10078000FFFFFFFFFFFFFFFFFFFFFFFFFFFFFFFF79
:10079000FFFFFFFFFFFFFFFFFFFFFFFFFFFFFFFF69
:1007A000FFFFFFFFFFFFFFFFFFFFFFFFFFFFFFFF59
:1007B000FFFFFFFFFFFFFFFFFFFFFFFFFFFFFFFF49
:1007C000FFFFFFFFFFFFFFFFFFFFFFFFFFFFFFFF39
:1007D000FFFFFFFFFFFFFFFFFFFFFFFFFFFFFFFF29
:1007E000FFFFFFFFFFFFFFFFFFFFFFFFFFFFFFFF19
:1007F000FFFFFFFFFFFFFFFFFFFFFFFFFFFFFFFF09
:10080000FFFFFFFFFFFFFFFFFFFFFFFFFFFFFFFFF8
:10081000FFFFFFFFFFFFFFFFFFFFFFFFFFFFFFFFE8
:10082000FFFFFFFFFFFFFFFFFFFFFFFFFFFFFFFFD8
:10083000FFFFFFFFFFFFFFFFFFFFFFFFFFFFFFFFC8
:10084000FFFFFFFFFFFFFFFFFFFFFFFFFFFFFFFFB8
:10085000FFFFFFFFFFFFFFFFFFFFFFFFFFFFFFFFA8
:10086000FFFFFFFFFFFFFFFFFFFFFFFFFFFFFFFF98
:10087000FFFFFFFFFFFFFFFFFFFFFFFFFFFFFFFF88
:10088000FFFFFFFFFFFFFFFFFFFFFFFFFFFFFFFF78
:10089000FFFFFFFFFFFFFFFFFFFFFFFFFFFFFFFF68
:1008A000FFFFFFFFFFFFFFFFFFFFFFFFFFFFFFFF58
:1008B000FFFFFFFFFFFFFFFFFFFFFFFFFFFFFFFF48
:1008C000FFFFFFFFFFFFFFFFFFFFFFFFFFFFFFFF38
:1008D000FFFFFFFFFFFFFFFFFFFFFFFFFFFFFFFF28
:1008E000FFFFFFFFFFFFFFFFFFFFFFFFFFFFFFFF18
:1008F000FFFFFFFFFFFFFFFFFFFFFFFFFFFFFFFF08
:10090000FFFFFFFFFFFFFFFFFFFFFFFFFFFFFFFFF7
:10091000FFFFFFFFFFFFFFFFFFFFFFFFFFFFFFFFE7
:10092000FFFFFFFFFFFFFFFFFFFFFFFFFFFFFFFFD7
:10093000FFFFFFFFFFFFFFFFFFFFFFFFFFFFFFFFC7
:10094000FFFFFFFFFFFFFFFFFFFFFFFFFFFFFFFFB7
:10095000FFFFFFFFFFFFFFFFFFFFFFFFFFFFFFFFA7
:10096000FFFFFFFFFFFFFFFFFFFFFFFFFFFFFFFF97
:10097000FFFFFFFFFFFFFFFFFFFFFFFFFFFFFFFF87
:10098000FFFFFFFFFFFFFFFFFFFFFFFFFFFFFFFF77
:10099000FFFFFFFFFFFFFFFFFFFFFFFFFFFFFFFF67
:1009A000FFFFFFFFFFFFFFFFFFFFFFFFFFFFFFFF57
:1009B000FFFFFFFFFFFFFFFFFFFFFFFFFFFFFFFF47
:1009C000FFFFFFFFFFFFFFFFFFFFFFFFFFFFFFFF37
:1009D000FFFFFFFFFFFFFFFFFFFFFFFFFFFFFFFF27
:1009E000FFFFFFFFFFFFFFFFFFFFFFFFFFFFFFFF17
:1009F000FFFFFFFFFFFFFFFFFFFFFFFFFFFFFFFF07
:100A0000FFFFFFFFFFFFFFFFFFFFFFFFFFFFFFFFF6
:100A1000FFFFFFFFFFFFFFFFFFFFFFFFFFFFFFFFE6
:100A2000FFFFFFFFFFFFFFFFFFFFFFFFFFFFFFFFD6
:100A3000FFFFFFFFFFFFFFFFFFFFFFFFFFFFFFFFC6
:100A4000FFFFFFFFFFFFFFFFFFFFFFFFFFFFFFFFB6
:100A5000FFFFFFFFFFFFFFFFFFFFFFFFFFFFFFFFA6
:100A6000FFFFFFFFFFFFFFFFFFFFFFFFFFFFFFFF96
:100A7000FFFFFFFFFFFFFFFFFFFFFFFFFFFFFFFF86
:100A8000FFFFFFFFFFFFFFFFFFFFFFFFFFFFFFFF76
:100A9000FFFFFFFFFFFFFFFFFFFFFFFFFFFFFFFF66
:100AA000FFFFFFFFFFFFFFFFFFFFFFFFFFFFFFFF56
:100AB000FFFFFFFFFFFFFFFFFFFFFFFFFFFFFFFF46
:100AC000FFFFFFFFFFFFFFFFFFFFFFFFFFFFFFFF36
:100AD000FFFFFFFFFFFFFFFFFFFFFFFFFFFFFFFF26
:100AE000FFFFFFFFFFFFFFFFFFFFFFFFFFFFFFFF16
:100AF000FFFFFFFFFFFFFFFFFFFFFFFFFFFFFFFF06
:100B0000FFFFFFFFFFFFFFFFFFFFFFFFFFFFFFFFF5
:100B1000FFFFFFFFFFFFFFFFFFFFFFFFFFFFFFFFE5
:100B2000FFFFFFFFFFFFFFFFFFFFFFFFFFFFFFFFD5
:100B3000FFFFFFFFFFFFFFFFFFFFFFFFFFFFFFFFC5
:100B4000FFFFFFFFFFFFFFFFFFFFFFFFFFFFFFFFB5
:100B5000FFFFFFFFFFFFFFFFFFFFFFFFFFFFFFFFA5
:100B6000FFFFFFFFFFFFFFFFFFFFFFFFFFFFFFFF95
:100B7000FFFFFFFFFFFFFFFFFFFFFFFFFFFFFFFF85
:100B8000FFFFFFFFFFFFFFFFFFFFFFFFFFFFFFFF75
:100B9000FFFFFFFFFFFFFFFFFFFFFFFFFFFFFFFF65
:100BA000FFFFFFFFFFFFFFFFFFFFFFFFFFFFFFFF55
:100BB000FFFFFFFFFFFFFFFFFFFFFFFFFFFFFFFF45
:100BC000FFFFFFFFFFFFFFFFFFFFFFFFFFFFFFFF35
:100BD000FFFFFFFFFFFFFFFFFFFFFFFFFFFFFFFF25
:100BE000FFFFFFFFFFFFFFFFFFFFFFFFFFFFFFFF15
:100BF000FFFFFFFFFFFFFFFFFFFFFFFFFFFFFFFF05
:100C0000FFFFFFFFFFFFFFFFFFFFFFFFFFFFFFFFF4
:100C1000FFFFFFFFFFFFFFFFFFFFFFFFFFFFFFFFE4
:100C2000FFFFFFFFFFFFFFFFFFFFFFFFFFFFFFFFD4
:100C3000FFFFFFFFFFFFFFFFFFFFFFFFFFFFFFFFC4
:100C4000FFFFFFFFFFFFFFFFFFFFFFFFFFFFFFFFB4
:100C5000FFFFFFFFFFFFFFFFFFFFFFFFFFFFFFFFA4
:100C6000FFFFFFFFFFFFFFFFFFFFFFFFFFFFFFFF94
:100C7000FFFFFFFFFFFFFFFFFFFFFFFFFFFFFFFF84
:100C8000FFFFFFFFFFFFFFFFFFFFFFFFFFFFFFFF74
:100C9000FFFFFFFFFFFFFFFFFFFFFFFFFFFFFFFF64
:100CA000FFFFFFFFFFFFFFFFFFFFFFFFFFFFFFFF54
:100CB000FFFFFFFFFFFFFFFFFFFFFFFFFFFFFFFF44
:100CC000FFFFFFFFFFFFFFFFFFFFFFFFFFFFFFFF34
:100CD000FFFFFFFFFFFFFFFFFFFFFFFFFFFFFFFF24
:100CE000FFFFFFFFFFFFFFFFFFFFFFFFFFFFFFFF14
:100CF000FFFFFFFFFFFFFFFFFFFFFFFFFFFFFFFF04
:100D0000FFFFFFFFFFFFFFFFFFFFFFFFFFFFFFFFF3
:100D1000FFFFFFFFFFFFFFFFFFFFFFFFFFFFFFFFE3
:100D2000FFFFFFFFFFFFFFFFFFFFFFFFFFFFFFFFD3
:100D3000FFFFFFFFFFFFFFFFFFFFFFFFFFFFFFFFC3
:100D4000FFFFFFFFFFFFFFFFFFFFFFFFFFFFFFFFB3
:100D5000FFFFFFFFFFFFFFFFFFFFFFFFFFFFFFFFA3
:100D6000FFFFFFFFFFFFFFFFFFFFFFFFFFFFFFFF93
:100D7000FFFFFFFFFFFFFFFFFFFFFFFFFFFFFFFF83
:100D8000FFFFFFFFFFFFFFFFFFFFFFFFFFFFFFFF73
:100D9000FFFFFFFFFFFFFFFFFFFFFFFFFFFFFFFF63
:100DA000FFFFFFFFFFFFFFFFFFFFFFFFFFFFFFFF53
:100DB000FFFFFFFFFFFFFFFFFFFFFFFFFFFFFFFF43
:100DC000FFFFFFFFFFFFFFFFFFFFFFFFFFFFFFFF33
:100DD000FFFFFFFFFFFFFFFFFFFFFFFFFFFFFFFF23
:100DE000FFFFFFFFFFFFFFFFFFFFFFFFFFFFFFFF13
:100DF000FFFFFFFFFFFFFFFFFFFFFFFFFFFFFFFF03
:100E0000FFFFFFFFFFFFFFFFFFFFFFFFFFFFFFFFF2
:100E1000FFFFFFFFFFFFFFFFFFFFFFFFFFFFFFFFE2
:100E2000FFFFFFFFFFFFFFFFFFFFFFFFFFFFFFFFD2
:100E3000FFFFFFFFFFFFFFFFFFFFFFFFFFFFFFFFC2
:100E4000FFFFFFFFFFFFFFFFFFFFFFFFFFFFFFFFB2
:100E5000FFFFFFFFFFFFFFFFFFFFFFFFFFFFFFFFA2
:100E6000FFFFFFFFFFFFFFFFFFFFFFFFFFFFFFFF92
:100E7000FFFFFFFFFFFFFFFFFFFFFFFFFFFFFFFF82
:100E8000FFFFFFFFFFFFFFFFFFFFFFFFFFFFFFFF72
:100E9000FFFFFFFFFFFFFFFFFFFFFFFFFFFFFFFF62
:100EA000FFFFFFFFFFFFFFFFFFFFFFFFFFFFFFFF52
:100EB000FFFFFFFFFFFFFFFFFFFFFFFFFFFFFFFF42
:100EC000FFFFFFFFFFFFFFFFFFFFFFFFFFFFFFFF32
:100ED000FFFFFFFFFFFFFFFFFFFFFFFFFFFFFFFF22
:100EE000FFFFFFFFFFFFFFFFFFFFFFFFFFFFFFFF12
:100EF000FFFFFFFFFFFFFFFFFFFFFFFFFFFFFFFF02
:100F0000FFFFFFFFFFFFFFFFFFFFFFFFFFFFFFFFF1
:100F1000FFFFFFFFFFFFFFFFFFFFFFFFFFFFFFFFE1
:100F2000FFFFFFFFFFFFFFFFFFFFFFFFFFFFFFFFD1
:100F3000FFFFFFFFFFFFFFFFFFFFFFFFFFFFFFFFC1
:100F4000FFFFFFFFFFFFFFFFFFFFFFFFFFFFFFFFB1
:100F5000FFFFFFFFFFFFFFFFFFFFFFFFFFFFFFFFA1
:100F6000FFFFFFFFFFFFFFFFFFFFFFFFFFFFFFFF91
:100F7000FFFFFFFFFFFFFFFFFFFFFFFFFFFFFFFF81
:100F8000FFFFFFFFFFFFFFFFFFFFFFFFFFFFFFFF71
:100F9000FFFFFFFFFFFFFFFFFFFFFFFFFFFFFFFF61
:100FA000FFFFFFFFFFFFFFFFFFFFFFFFFFFFFFFF51
:100FB000FFFFFFFFFFFFFFFFFFFFFFFFFFFFFFFF41
:100FC000FFFFFFFFFFFFFFFFFFFFFFFFFFFFFFFF31
:100FD000FFFFFFFFFFFFFFFFFFFFFFFFFFFFFFFF21
:100FE000FFFFFFFFFFFFFFFFFFFFFFFFFFFFFFFF11
:100FF000FFFFFFFFFFFFFFFFFFFFFFFFFFFFFFFF01
:10100000D100204335160060000000000000000001
:1010100020100060001000600078016000000000F7
:10102000000000600084010000000000FFFFFFFFDF
:10103000FFFFFFFFFFFFFFFFFFFFFFFFFFFFFFFFC0
:10104000FFFFFFFFFFFFFFFFFFFFFFFFFFFFFFFFB0
:10105000FFFFFFFFFFFFFFFFFFFFFFFFFFFFFFFFA0
:10106000FFFFFFFFFFFFFFFFFFFFFFFFFFFFFFFF90
:10107000FFFFFFFFFFFFFFFFFFFFFFFFFFFFFFFF80
:10108000FFFFFFFFFFFFFFFFFFFFFFFFFFFFFFFF70
:10109000FFFFFFFFFFFFFFFFFFFFFFFFFFFFFFFF60
:1010A000FFFFFFFFFFFFFFFFFFFFFFFFFFFFFFFF50
:1010B000FFFFFFFFFFFFFFFFFFFFFFFFFFFFFFFF40
:1010C000FFFFFFFFFFFFFFFFFFFFFFFFFFFFFFFF30
:1010D000FFFFFFFFFFFFFFFFFFFFFFFFFFFFFFFF20
:1010E000FFFFFFFFFFFFFFFFFFFFFFFFFFFFFFFF10
:1010F000FFFFFFFFFFFFFFFFFFFFFFFFFFFFFFFF00
:10110000FFFFFFFFFFFFFFFFFFFFFFFFFFFFFFFFEF
:10111000FFFFFFFFFFFFFFFFFFFFFFFFFFFFFFFFDF
:10112000FFFFFFFFFFFFFFFFFFFFFFFFFFFFFFFFCF
:10113000FFFFFFFFFFFFFFFFFFFFFFFFFFFFFFFFBF
:10114000FFFFFFFFFFFFFFFFFFFFFFFFFFFFFFFFAF
:10115000FFFFFFFFFFFFFFFFFFFFFFFFFFFFFFFF9F
:10116000FFFFFFFFFFFFFFFFFFFFFFFFFFFFFFFF8F
:10117000FFFFFFFFFFFFFFFFFFFFFFFFFFFFFFFF7F
:10118000FFFFFFFFFFFFFFFFFFFFFFFFFFFFFFFF6F
:10119000FFFFFFFFFFFFFFFFFFFFFFFFFFFFFFFF5F
:1011A000FFFFFFFFFFFFFFFFFFFFFFFFFFFFFFFF4F
:1011B000FFFFFFFFFFFFFFFFFFFFFFFFFFFFFFFF3F
:1011C000FFFFFFFFFFFFFFFFFFFFFFFFFFFFFFFF2F
:1011D000FFFFFFFFFFFFFFFFFFFFFFFFFFFFFFFF1F
:1011E000FFFFFFFFFFFFFFFFFFFFFFFFFFFFFFFF0F
:1011F000FFFFFFFFFFFFFFFFFFFFFFFFFFFFFFFFFF
:10120000FFFFFFFFFFFFFFFFFFFFFFFFFFFFFFFFEE
:10121000FFFFFFFFFFFFFFFFFFFFFFFFFFFFFFFFDE
:10122000FFFFFFFFFFFFFFFFFFFFFFFFFFFFFFFFCE
:10123000FFFFFFFFFFFFFFFFFFFFFFFFFFFFFFFFBE
:10124000FFFFFFFFFFFFFFFFFFFFFFFFFFFFFFFFAE
:10125000FFFFFFFFFFFFFFFFFFFFFFFFFFFFFFFF9E
:10126000FFFFFFFFFFFFFFFFFFFFFFFFFFFFFFFF8E
:10127000FFFFFFFFFFFFFFFFFFFFFFFFFFFFFFFF7E
:10128000FFFFFFFFFFFFFFFFFFFFFFFFFFFFFFFF6E
:10129000FFFFFFFFFFFFFFFFFFFFFFFFFFFFFFFF5E
:1012A000FFFFFFFFFFFFFFFFFFFFFFFFFFFFFFFF4E
:1012B000FFFFFFFFFFFFFFFFFFFFFFFFFFFFFFFF3E
:1012C000FFFFFFFFFFFFFFFFFFFFFFFFFFFFFFFF2E
:1012D000FFFFFFFFFFFFFFFFFFFFFFFFFFFFFFFF1E
:1012E000FFFFFFFFFFFFFFFFFFFFFFFFFFFFFFFF0E
:1012F000FFFFFFFFFFFFFFFFFFFFFFFFFFFFFFFFFE
:10130000FFFFFFFFFFFFFFFFFFFFFFFFFFFFFFFFED
:10131000FFFFFFFFFFFFFFFFFFFFFFFFFFFFFFFFDD
:10132000FFFFFFFFFFFFFFFFFFFFFFFFFFFFFFFFCD
:10133000FFFFFFFFFFFFFFFFFFFFFFFFFFFFFFFFBD
:10134000FFFFFFFFFFFFFFFFFFFFFFFFFFFFFFFFAD
:10135000FFFFFFFFFFFFFFFFFFFFFFFFFFFFFFFF9D
:10136000FFFFFFFFFFFFFFFFFFFFFFFFFFFFFFFF8D
:10137000FFFFFFFFFFFFFFFFFFFFFFFFFFFFFFFF7D
:10138000FFFFFFFFFFFFFFFFFFFFFFFFFFFFFFFF6D
:10139000FFFFFFFFFFFFFFFFFFFFFFFFFFFFFFFF5D
:1013A000FFFFFFFFFFFFFFFFFFFFFFFFFFFFFFFF4D
:1013B000FFFFFFFFFFFFFFFFFFFFFFFFFFFFFFFF3D
:1013C000FFFFFFFFFFFFFFFFFFFFFFFFFFFFFFFF2D
:1013D000FFFFFFFFFFFFFFFFFFFFFFFFFFFFFFFF1D
:1013E000FFFFFFFFFFFFFFFFFFFFFFFFFFFFFFFF0D
:1013F000FFFFFFFFFFFFFFFFFFFFFFFFFFFFFFFFFD
:10140000814205D051F8043B40F8043B8242F9D8B0
:101410007047044A04494FF0000342F8043B9142EC
:10142000FBD87047C02A0020802F012080B5BFF371
:101430004F8F00BF00BF00BF00BF00F07FFA654BB9
:101440000822C3F8542100BF00BF00BF00BF00BF87
:1014500000BF00BF00BF00BF00BF00BF00BF00BF94
:1014600000BF00BF00BF5C4A5C495D48FFF7C8FF92
:101470005C4A5D495D48FFF7C3FF5D4DFFF7C9FF5B
:101480004FF0E0234FF47002C3F8882D0023594A2F
:1014900045F823200133B02BFAD1574B8021574A0E
:1014A00003F8011B9342FBD14FF0E020494C4FF071
:1014B0008037DFF87891DFF878814FF0FF32C0F89D
:1014C000085DC4F80471C4F80091C4F8F470C4F85D
:1014D000F080D0F8243D4A4E43F4E023C0F8243D88
:1014E000F36923F07F0343F04003F361736A23F051
:1014F0007F0343F040037362424B9A66DA661A67D1
:101500005A6700F020FA404BAB63404BEB63632318
:10151000002543610323856103613D4BC0F8203DF5
:10152000D0F8FC3D43F08073C0F8FC3D394B1A689D
:1015300042F001021A605A68374B1A6000F0C6FB8D
:10154000C4F804713548C4F80091C4F8F470C4F8C4
:10155000F08000F07DFFF36E43F44053F366304BB0
:101560001D60C3F80851C3F81851C3F82851C3F8D7
:10157000385103F5A0239A6BD20708D4294A5A653B
:1015800042F615621A659A6B42F001029A639A68F4
:10159000254C42F001129A6000F05EFA00F020FF44
:1015A00000F076FF00F0C2FB00F0C9F92368132BAE
:1015B000FCD900F0FFF82368B3F5967FFBD300F069
:1015C000C0F900F0BDF900F067FF00F075FF30BF13
:1015D000FDE700BF00800D40582501002C2700606A
:1015E00000000000C02A0020884C0160000000209C
:1015F00000280020B5BC000000E400E0A0E400E00A
:1016000000C00F4000C00A4091C9000095C9000009
:1016100000002020001000E06428012000366E0148
:10162000004008400000C056682801201B10182008
:101630000C0D1113054B064A5A64064A1A644FF4FE
:101640002A029A63044B9D46FFF7F0FE00C00A4051
:10165000BFAAAAAA070020000080062043690A4A00
:1016600003EB011003EB011130B5047A074D02EBD7
:101670000412946852682560C06810600B690BB151
:101680004A691A6030BD00BF6407002061F801009C
:1016900038B543690446027E03EB0212127A8A428D
:1016A00019D0187AFF2816D0814215D0197EFF294B
:1016B00011D001251968EDB25B680968194209D09B
:1016C000064B2946204603EB021305225B681A608D
:1016D000FFF7C4FF257638BD0025EBE7640700203F
:1016E00043690A4A03EB011003EB011130B590F88E
:1016F0002840074D02EB0412946852682560C06AC6
:1017000010600B6B0BB14A6B1A6030BD6407002090
:1017100061F8010038B543690446427E03EB0212CA
:1017200092F828208A421BD093F82800FF2817D06F
:10173000814216D093F83810FF2911D0012519687D
:10174000EDB25B680968194209D0074B294620466B
:1017500003EB021305225B681A60FFF7C1FF657691
:1017600038BD0025EBE700BF640700200F4A416940
:10177000936B23F47C0343F4802310B593630446F6
:101780000A68496813680B43094913600222036918
:101790001A6100F08DFE217E2046FFF75FFF617E1B
:1017A0002046BDE81040FFF79BBF00BF00C00F40C0
:1017B000A0860100304B40F6617210B5C3F82021BD
:1017C00000F06EFE2D4A2E49D2F8803043F003031C
:1017D000C2F8803040F204422A4BC3F860212A4A02
:1017E0001068084203D1D3F8A8118C071AD04FF023
:1017F00000415163D3F8402142F00202C3F8402176
:10180000204AD2F840319807FBD44FF0E0234FF440
:1018100000321920C3F88C224FF000421A4B9A6311
:1018200000F00AFE184B00214FF08042154C9A63DD
:101830004FF4407219600A23C4F8A831134B1846BC
:1018400000F002FE4FF4810240F2431302604FF4B5
:1018500080020264C4F858010D4AC4F848310D4BA7
:10186000C3F804224FF0E0234FF40032C3F80C21F8
:101870000123C4F8403110BD00800D4000C00F406E
:10188000001C1E0000002E4000900D4000000020B3
:10189000E5B300000028002008B50F4B1B6E9B0726
:1018A00000D4FBBE72B60D4B0022C3F84021A3F555
:1018B0000D130B4A1A64A3F1FF53A3F52B239D4686
:1018C000BFF34F8F0748084B03604FF40013DB69E9
:1018D0009B689847E6E700BF00441F4000002E4089
:1018E0000300200000802020000012EB074B0004C2
:1018F0000122C3F8A010C3F8A400C3F8B0205A69AD
:10190000D207FCD501225A61704700BF00402A402F
:10191000084B094AC3F8A000C3F8A4200122C3F869
:10192000B0205A69D207FCD5D3F80001212280B239
:101930005A61704700402A40040003007047704716
:10194000704700BF70474FF0E02300211022C3F81A
:10195000941DC3F89C2D2E4AC3F8A02D1122C3F864
:101960009C2D2C4AC3F8A02D1222C3F89C2D2A4A84
:10197000C3F8A02D294AC3F89C2D294AC3F8A02DED
:10198000284AC3F89C2D284AC3F8A02D274A42F0C4
:101990001502C3F89C2D264AC3F8A02D02F18152EE
:1019A0000D32C3F89C2D234AC3F8A02D224AC3F858
:1019B0009C2D224AC3F8A02D214AC3F89C2D214A10
:1019C000C3F8A02D204AC3F89C2D204AC3F8A02DAF
:1019D0001F4AC3F89C2D1F4AC3F8A02D00BF00BFAB
:1019E00000BF00BF00BF0122C3F8942DBFF34F8F8B
:1019F000BFF36F8FC3F8501FBFF34F8FBFF36F8FCD
:101A0000D3F8142D42F44032C3F8142D704700BFB0
:101A10003F000010250008070900100013002000F7
:101A2000210002071400002025000813802F012048
:101A30000900001027000B1317000040330010139B
:101A4000180000602F000B07190000702F000B1307
:101A50001A0000803B000B1373B5864B864A8749FA
:101A6000C3F85C22C3F86012C3F86422A2F53042C6
:101A7000834CC3F8682202F5E042C3F86C22C3F835
:101A80007022C3F87422C3F878221822DA661A6723
:101A90005A679A67DA67C3F88020C3F88420C3F8CE
:101AA00088200122C3F82C27C3F83027C3F8342735
:101AB000C3F83827C3F83C27C3F85027714A936905
:101AC00023F0604323F4407343F0204343F4407316
:101AD0009361D2F8843043F00C03C2F884306A4B2F
:101AE0001A6842F002021A601968684A21F4F1414A
:101AF00021F073010904090C0A4365491A604FF08B
:101B0000FF325A6002F57702886802F5605202409F
:101B1000604842F000529A60DA6822F07802DA6097
:101B20001A6A224002431A621A6A22404FF4005491
:101B3000024359485A62594A9A62DA62D1F8B82087
:101B400022F03F0242F00102C3F8B820D1F8BC20D5
:101B5000002122F03F0242F00102C3F8BC2040F213
:101B6000056219611C661867C3F880205C665867B7
:101B7000C3F884201A684A4822F002021A60494ACF
:101B80009A610222DA61484A42F8041B8242FBD180
:101B90001A6842F001021A603B4B1C6814F0010401
:101BA000FBD1404A0226214620469A6140F2F56266
:101BB000DE61C3F8002240F26642C3F8102240F210
:101BC0009942C3F82022394AC3F8302242F2014236
:101BD000C3F8342240F23542C3F84022344AC3F8F5
:101BE0005022344AC3F85422334AC3F8602242F2E6
:101BF0000122C3F86422FFF779FE0120FFF776FE89
:101C00003046FFF773FE2046FFF782FE45F60D5380
:101C10000546984227D10420FFF768FE4FF40001E3
:101C20002046FFF763FE0120FFF760FE3046FFF716
:101C30005DFE0846FFF76CFEA84212D10420FFF7B4
:101C400055FE10201D491E4B1E4A18700023521AC3
:101C50000093012302EB00521B4800F0FDFB02B091
:101C600070BD0820EEE71022174802B0BDE87040B2
:101C700000F0EABB00801F40F9B00100F91001003C
:101C800000FFF07C00C00F4000402A401200FFFF20
:101C900000802A404000008063000200FF000F83A4
:101CA00000432A40F05AF05A00422A409F0418305C
:101CB000EB06180A063201263806180A00002470BE
:101CC000D72E0120000000709820012070B5164B1F
:101CD0004FF480514FF400504FF440444FF480359E
:101CE00043F242061A6912F0020F03D09C615D6153
:101CF0009E61F7E712F4005F01D15861F2E712F438
:101D0000805F01D15961EDE7002AEBDA12F4803FE0
:101D100003D04FF480329A61E4E7520602D44022A5
:101D20005A61DFE770BD00BF00800D403E4AB3EE50
:101D3000096A3E48D2F880309FED3D5A23F00103F6
:101D400010B5C2F8803003233A4CC2F890303A4BB9
:101D5000D3F8E030D9B2016007EE901AC3F30B203C
:101D60001B0DB8EEE77A354907EE900A2060F8EED1
:101D7000E76A07EE903A37EE455A314BF8EEE77ACC
:101D800037EE466A77EEE67A81ED006A25EE275A4D
:101D9000C3ED007AD2F88030C5EE065A75EEA65A29
:101DA000FCEEE55A15EE901ADFED265A37EE657A0D
:101DB00043EA0153C2F8803027EE277A224B66EEC1
:101DC000277AD2F89011C7EE065A35EEA67ABCEE05
:101DD000C77A17EE100A87EE867A03EA00430B43B0
:101DE000C2F89031D2F8901177EE267AFCEEE77ABD
:101DF00017EE903AC3F30B030B43C2F89031D2F8BD
:101E0000803043F00203C2F8803000220F4B83F889
:101E100040200F4B0F4AC3F840214FF0E02301222E
:101E2000C3F8082110BD00BF00810D40C82101206A
:101E30000000AA42C421012000441F40CC210120FF
:101E4000D02101200000B4420000FF0F00E400E0B8
:101E50000028002055C3000070B5104CD4F8803025
:101E60000B2B18D14FF0FF330D4A0E4E0E4D11685B
:101E700004324B40202143F30000013900EA060000
:101E800080EA5303F7D1AA42F1D1D4F8A800C31ACB
:101E90005842584170BD0020FCE700BF00FF2720DA
:101EA00080FF27202083B8EDA8FF2720184A0023B1
:101EB00070B5C2E92033C2E92233C2E92433C2E952
:101EC0002633C2F8A830BFF34F8F4FF0E0248032A2
:101ED000C4F8702F2032C4F8702FBFF34F8FBFF3B8
:101EE0006F8F0C4A0C4E91680C4D91601C2113634E
:101EF0002846C6F8C03F00F0A3FAC6F8DC0FBFF3CF
:101F00004F8FC4F8685FBFF34F8FBFF36F8F70BD03
:101F100000FF272000800F4000F02720C0FF27206F
:101F20002DE9F0470C46FFF797FF002800F0D68117
:101F3000B04E2046B0493C2500F092FAD6F8A49065
:101F4000AE492046B9FBF5F8B8FBF5F7C6F8A47022
:101F500000F08EFA182100230A22B7FBF1F001FBF2
:101F60001071204600F08CFAA549204600F080FA56
:101F700000230A2205FB1781204600F081FAA049C0
:101F8000204600F075FA00230A2205FB189120462E
:101F900000F076FA204600F077FA9A49204600F0E1
:101FA00067FA1022D6F89810204600F07DFAD6F88D
:101FB0008850002D59D09449204600F059FA10223B
:101FC000D6F88810204600F06FFAEA0740F1D58075
:101FD0008E49204600F044FA2A062CD58C4920462A
:101FE00000F046FA10220023D6F89010204600F0A8
:101FF00047FAD6F890201F2A00F2D0808549204663
:1020000000F036FA00231022D6F89810204600F08F
:1020100037FA8149204600F02BFAD6F898100023B1
:102020001022204600F02CFA7C49204600F020FACD
:10203000204600F029FAEB0540F1BA8078492046A5
:1020400000F00EFA2F0409D57649204600F010FA68
:102050001022D6F89410204600F026FAE80340F14A
:10206000BC807149204600F0FBF9D6F88C5085B150
:102070006E49204600F0FCF920461022D6F88C105C
:1020800000F012FAA80740F124816949204600F0C7
:10209000E7F96849204600F0EBF996ED280A02219D
:1020A0002046B7EEC00A00F0DFF96349204600F091
:1020B000DFF96249204600F0DBF9614B61490A22F1
:1020C00018680023B0FBF1F1204600F0D9F95E4911
:1020D000204600F0CDF95D4B9D68AA0708D51A6B24
:1020E00020465B4B9A420CBF5A495B4900F0B8F955
:1020F0006F0703D55949204600F0B2F92E0703D5E2
:102100005749204600F0ACF9E80603D5554920466A
:1021100000F0A6F9A90603D55349204600F0A0F91E
:102120006A0603D55149204600F09AF92B0603D5DB
:102130004F49204600F094F915F4807500F0E780CF
:1021400020464C4900F08CF9404A20464A499368A1
:1021500023F48073936000F083F94849204600F02F
:102160007FF9474B07221A64464A936B43F04003BA
:102170009363BFF34F8F30BFFDE7AB0701D54249F3
:1021800027E72F0701D5414923E7E80601D5404954
:102190001FE7A9067FF520AF3E491AE73E4B9A425A
:1021A000FFF446AF20339A42BFF442AF3B493CE7CD
:1021B000AF0501D53A4942E7680501D539493EE7FF
:1021C000290501D538493AE7EA0401D5374936E708
:1021D000AB047FF537AF364931E7A90301D535495F
:1021E00040E76A0301D534493CE72B0368D53349FE
:1021F00038E700BF00FF272015140020221400201C
:102200004B190020491400206E1400207714002080
:102210003D1500205F1500207E150020BD15002013
:102220001D16002056170020781700205418002093
:102230005D180020A0180020C3180020C918002035
:10224000541E002040420F00E718002000800F407D
:10225000F100AD0B441A00208D1A0020CE1A002088
:10226000F61A0020211B0020481B0020721B0020B2
:10227000941B0020B61B0020E01B0020021C002045
:1022800000C00A4000400D40A0140020C2140020ED
:10229000EC14002012150020802F0120DB150020F7
:1022A0003E1600206B160020B0160020F01600200D
:1022B000241700209C170020CF170020F8170020BB
:1022C000EF0101D53349CDE6AD017FF5CEAE324900
:1022D000C8E669007FF5DDAE3049D7E620463049D3
:1022E00000F0BEF820462F4900F0BAF820462E49EB
:1022F00000F0B6F820462D4900F0B2F820462C49EF
:1023000000F0AEF82B49204600F0AAF8E3E62A4F89
:10231000D7F8C030CBB3D7F8DC601C21274800F0D9
:102320008FF8864231D1DFF8A080DFF8A090DFF887
:102330008CA00123D7F8C0202E46AB4001351342B4
:1023400021D04146204600F093F829460AEB860644
:10235000204600F091F84946204600F089F8002315
:102360000A227168204600F08BF81549204600F0DB
:102370007FF8716800231022204600F081F811498F
:10238000204600F06DF8062DD3D1FFF78FFD012018
:10239000BDE8F0870F1800203818002084180020AE
:1023A000EC180020041900204D1900209719002076
:1023B000BC190020041A002000FF2720C0FF27209E
:1023C000541C0020021A0020451C0020BD180020CB
:1023D00008B5FFF741FD003818BF012008BD00BF58
:1023E0000F4BDA6E42F44032DA66DA6E42F4407233
:1023F000DA66A3F5603340F237625A64A0229A6429
:102400009A6C1206FCD4074A40F237635364A02347
:102410009364936C13F08003FBD1034A13707047ED
:1024200000C00F4000800C40CE2A0120F8B500BF4C
:10243000F8BC08BC9E4670475FF800F089BC0000FD
:102440005FF800F0CDCA00005FF800F0EDA60000D4
:102450005FF800F031AF00005FF800F0F9C2000053
:102460005FF800F0BBCA00005FF800F029CD000063
:102470005FF800F0B7CA00005FF800F01BCC000066
:102480005FF800F07FCC00005FF800F02DCC00007A
:102490005FF800F005C500005FF800F0C1F1000032
:1024A0005FF800F03DC800005FF800F081CA00004E
:1024B0005FF800F0255A00005FF800F017CB00002D
:1024C000450000008D060000310C0000B937000007
:0424D000155500009E
:1024D40000F03F000F4B22F0604221F0604140F4D5
:1024E40089101867C3F88010C3F890201A6F22F47B
:1024F40080521A671A6F002AFCDAD3F8702122F48A
:10250400000222F40042C3F870211A6F22F48032D0
:102514001A67704700800D4080C00F400000000320
:102524001900000010000000E8841F4001000000B2
:10253400FF000000FF000000000000000000000099
:102544001800000010000000E4841F400100000097
:10255400FF000000FF000000000000000000000079
:102564001F000000195A000070C00F40000C00004A
:102574001100000011000000E0841F400200000070
:102584002C00000012000000E0841F400100000045
:102594001000000011000000DC841F400200000055
:1025A4002D00000012000000DC841F400100000028
:1025B4001E0000000D5A000070C00F40C000000053
:1025C4001200000013000000D0841F40010000002E
:1025D400FF000000FF0000000000000000000000F9
:1025E4001300000013000000CC841F400100000011
:1025F400FF000000FF0000000000000000000000D9
:102604001C000000015A000008034D005400500053
:1026140020035400650065006E00730079002000FB
:102624004D005400500020004400690073006B000A
:1026340018035400650065006E007300790064009F
:10264400750069006E006F00040309040902690043
:10265400030100C032080B00020202010009040059
:1026640000010202010005240010010524010101FA
:102674000424020605240600010705820310001045
:1026840009040100020A00000007050302400000DB
:10269400070583024000000904020003060101004B
:1026A40007058402400000070504024000000705F6
:1026B400850320000A09026900030100C032080BE7
:1026C40000020202010009040000010202010005E7
:1026D4002400100105240101010424020605240636
:1026E40000010705820310000509040100020A0025
:1026F4000000070503020002000705830200020030
:102704000904020003060101040705840200020013
:1027140007050402000200070585032000070A06D6
:082724000002EF020140010078
:10272C00000000000000000000000000000000009D
:10273C00000000000000000000000000000000008D
:10274C000548064B1B1AD90F01EBA301491002D007
:10275C00034B03B118477047C02A0020C02A002041
:10276C000000000008B5054B1BB105490548AFF347
:10277C000080BDE80840FFF7E3BF00BF0000000089
:10278C002C21012000840160002070477047034613
:10279C0007B5806C48B101220DF1070107F0BEFAB4
:1027AC00012804D19DF8070003E0D86C20B94FF044
:1027BC00FF3003B05DF804FB01220DF1070105F0B9
:1027CC0093FFEDE70346806C08B107F062BBD86C51
:1027DC0008B106F045B84FF0FF307047836C10B568
:1027EC0053B1187810F0080005D0D8695B69C01A8D
:1027FC0048BF6FF0004010BDC06C0028FBD090F8B3
:10280C00313013F008030ED0D0E90413D0E90024C2
:10281C00881A63EB0403B0F1004F73F1000328BF77
:10282C006FF00040E7E71846F5E70346806C08B107
:10283C0007F082BCD86C08B106F038BE70470000B7
:10284C0008B50CF0DFFB0A4B1B7803F0FF006BB1F3
:10285C00084B187810F0010008D0074B1868074B8C
:10286C001B68C01A0E2894BF0020012008BD00BFB1
:10287C00492F0120482F0120682801207C280120A5
:10288C0000230A220CF08BBD70B505460C4651B1E5
:10289C0008460FF0A5F82B680246214628465B68CF
:1028AC00BDE87040184770BDFFF7EEBF10B5044689
:1028BC00FFF7EAFF2046BDE810400CF047BD0000D2
:1028CC0038B50C4B04460C4D036000F5AC7040F869
:1028DC00105C08F057FD04F58470C4F8F85008F04B
:1028EC0051FD04F1B800C4F8A85008F04BFD204687
:1028FC0038BD00BFA00500207C0500200346806B7E
:10290C0008B107F087BED86B08B106F079BF7047E5
:10291C0008B51030FFF7F2FF08BD07B501228DF89E
:10292C0007100DF107011030FFF7E8FF03B05DF859
:10293C0004FB0000094B0022642010B5084CC3F8BE
:10294C0040210BF031FD12F077F9FFF779FF00B160
:10295C0010BD204604F0D0FDF7E700BF00002E406C
:10296C00002B00204FF0E023014AC3F80C2D7047D8
:10297C000400FA05074B5A6E42F400325A665A6D3F
:10298C0022F023025A655A6D42F001025A65BFF3D8
:10299C004F8F704700C00F402DE9F04F6A4E8BB03F
:1029AC006A4D33686A4C0133336002F075FC2B8836
:1029BC00684A8342136838BF288013F0010F09D18D
:1029CC00654B1B68012B4FF0FF3318BF002323808E
:1029DC0001231360208800B202F064FA208023885F
:1029EC001B0402D55D4804F087FD23881BB2002B25
:1029FC0003DD5B4B0822C3F88420208800B203F06F
:102A0C00F5F9208023881BB2002B03DD544B0822E0
:102A1C00C3F88820534B544FD3F800803B6803F520
:102A2C007A7343456FD2514BDFF87CB1B3F9003068
:102A3C00DFF878A1DFF87891002B59D008A803F0C3
:102A4C00CEFE9DF92430BDF9202004939DF927304A
:102A5C00474903939DF92630464802939DF925304A
:102A6C0001939DF9233000939DF922300CF08AFCE0
:102A7C0041494048FFF718FF31683E48FFF700FF17
:102A8C003E493C48FFF710FFDBF800103948FFF7D0
:102A9C00F7FE3A493748FFF707FFDAF800103548D8
:102AAC00FFF7EEFE35493348FFF7FEFE2A8834491E
:102ABC0030480CF067FC33492E48FFF7F5FED9F887
:102ACC0000102C48FFF7DCFE2F492A48FFF7ECFEDC
:102ADC002E4B1C8824B2D4B92D4B2E4953F82420EC
:102AEC00013424480CF04EFC082C2A49284BF5D113
:102AFC000023C7F800803360CBF80030CAF80030F0
:102B0C002B80C9F8003030BF0BB0BDE8F08F224BE2
:102B1C000024224953F8042B0134164807930CF077
:102B2C0031FC182C1D49079BF4D11D4C1D49226802
:102B3C0010480CF027FC6022002117480AF066F9B7
:102B4C0000232360D4E700BF341D0120A8280120F6
:102B5C00AA280120BC82002070280120002B002014
:102B6C000040004268280120301D0120B6280120B9
:102B7C00FD0E0020581E00201E0F0020270F0020E5
:102B8C00220F0020260F0020290F0020B82801203A
:102B9C00002101202E0F00204C210120330F00209A
:102BAC0020210120380F0020442101204821012040
:102BBC008820012010B50B4C0B490C48FFF776FE12
:102BCC0023685BB100F01CFB00F05CFB03F088FB9E
:102BDC0007490648BDE81040FFF768BE01200BF01E
:102BEC00E3FBEDE7A82601203C0F0020581E002037
:102BFC00430F002070B50546D0F88C0480B9002630
:102C0C00D5F8800440B307F035FF0446A6B1D5F8DB
:102C1C008C0480B1036800215B6C984760B90AE0B2
:102C2C000368DB6B98470028E9D0D5F88C0428B9E9
:102C3C00D5F88C0440B90024204670BD03681B6C89
:102C4C0098470028DBD1F3E7036801215B6C9847B8
:102C5C0006460028D4D1EEE7D5F884040028D4D059
:102C6C0006F002FAD1E700002DE9F341454CFF23B1
:102C7C000021454E04F5926584F8BC3484F8C814E0
:102C8C00284609F08FFD2846C4F88C5409F008F941
:102C9C00002850D10123D4F88C1420461A4608F091
:102CAC001FFC002847D0394B5A68132A51DDD4F841
:102CBC008034002B57D0DD69013D3248FFF79AFF75
:102CCC00D4F880340746002B54D09B794FF4007411
:102CDC009C40A4B233684FF00A08002600220093EF
:102CEC00FE232B492B480CF04DFB2B492948FFF7B1
:102CFC00DBFD2A4633462748CDE900860CF059FB0C
:102D0C0026492448FFF7D0FD3A4633462148CDE901
:102D1C0000860CF04EFB22491E48FFF7C5FD24FA35
:102D2C0008F11C48FFF7ACFD1E491A4802B0BDE87B
:102D3C00F041FFF7BBBD336800221B490093FE2313
:102D4C0014480CF01FFB134802B0BDE8F0410CF026
:102D5C00FDBA03EB820130688860511C596003EBAB
:102D6C0082039C65A3E7D4F88454002DA5D0D5F834
:102D7C003054A2E7D4F88444002CABD0D4F83C44B3
:102D8C00A8E700BFD821012008240020AC26012090
:102D9C007A0F0020581E0020910F0020A40F002055
:102DAC00B50F0020C40F00204F0F002070B5304B22
:102DBC000024304D4FF47A722F4E2B6028462F4B47
:102DCC00C5F8B020C5F8A830C5F8F830C5F84831BA
:102DDC006FF001032A496C60C5F8AC4085F8B4402B
:102DEC0085F8044185F85441C5F8A041A5F8AC41DB
:102DFC00C5E93F42C5E953423246C5E96934C5E9E4
:102E0C003C44C5E95044C5E96444C5E966440CF04A
:102E1C00B3FB1C4B1C4A20461D6003F500531B4999
:102E2C00C3F8204483F82444C3F82844184BC3F84F
:102E3C009024184AC3F88044C3F8A4240722C3F88A
:102E4C008444C3F8A8242922C3F88C4483F8AD2405
:102E5C00114AA3F8984483F8B144C3F89C24324631
:102E6C0083F8B84483F8C844BDE870400CF084BBC8
:102E7C00A0050020AC26012030220020A406002052
:102E8C00A1010000002B0020EC0600206D000000CA
:102E9C00D821012000093D000C060020F0B5424D60
:102EAC0087B0424840F2EE270AF0D2FB404E2C6825
:102EBC00FFF7C6FC30B92B6832781B1BAAB1B3F5EF
:102ECC00FA6F14D901F058FD03880446012B11D078
:102EDC0042F20F762B68B34218D8FFF7B1FC0028EA
:102EEC00F8D0344B01221A6010E0BB42E9E70CF039
:102EFC0089F8DDE7304B314A1B8812889BB292B2BD
:102F0C0093422C4A34BF0023012313602C492D48D3
:102F1C00FFF7CAFC21882B480CF00FFA29480CF05B
:102F2C0015FA294811F08CFE18B12649264811F0E3
:102F3C0097FE04A803F053FC18B924492148FFF765
:102F4C00B5FC9DF917300124BDF9102003939DF9B0
:102F5C0016301F4902939DF915301A4801939DF9BB
:102F6C00133000939DF912300CF00CFA15480CF04C
:102F7C00EDF903F093F9FFF7FDFCFFF775FE15492A
:102F8C001048FFF793FC02F0BFFF134B13490D4899
:102F9C001C60FFF78BFCFFF70DFE21460D200BF09C
:102FAC00BBFD07B0F0BD00BF6828012000366E01E4
:102FBC00492F0120702801205C2901201E240020AB
:102FCC00CB0F0020581E00204C1E0020D80F0020D4
:102FDC00ED0F002014100020A82601202010002046
:102FEC0010B504460CF0C4F8204610BD38B5254B7E
:102FFC001A6811691A79244BDA77244AA2F500630E
:10300C00914238BF134603F50060BFF34F8F03F1B5
:10301C00200219464FF0E02482428CBF012240224C
:10302C0003EB4212C4F85C1F20319142FAD1BFF37A
:10303C004F8FBFF36F8F1649164C0A68164D01322D
:10304C000A602988103353F8082C09B2984242FAC6
:10305C0001F244F8042BF4D1104A13881BB243B983
:10306C000C4802F02DF918B90D4A1368013313609E
:10307C0038BD13881BB2012BFAD1064802F0A2FF0F
:10308C00F1E700BFCC14012000800E400008202086
:10309C0044210120881E01201A240020B828012078
:1030AC0048210120000000002DE9F043DFF84481A5
:1030BC00052204464C49D8F8003040465B682DED9B
:1030CC00028B83B098474FF4807140460CF035F971
:1030DC0040460CF03BF91A232102444801330A46BE
:1030EC00002500FB03FC2E4601359CFBF2F707F193
:1030FC000109B9F1400F05DD092D0A44F3D1362B36
:10310C00ECD1082622463A493A4807F03F07B60167
:10311C00CDE900590CF036F907EE904AD8F800309A
:10312C000322B8EEE77B34495B6806F4E07631485D
:10313C009FED276B27EE067B06EE905AB8EEE66BFA
:10314C0027EE067B06EE909AB8EEE66B27EE067B32
:10315C009FED216B87EE068B984702212548B0EE38
:10316C00480B0CF071F923480CF0F0F8FDEEC87B1D
:10317C0042F2107217EE900A02FB00F307EE103ABF
:10318C009FED176BB8EEC77B98EE067BFDEEC77B09
:10319C0017EE901A11F05CFD184AD36923F44063C2
:1031AC0043F40063D361936A6FF308033B433343E7
:1031BC009362A2F5A022536823F4002323F00703A3
:1031CC0043F40023536003B0BDEC028BBDE8F083E5
:1031DC0000000000000070400000000060E3764139
:1031EC00000000000088C3403010002000366E0143
:1031FC0036100020581E00205310002000C00F4035
:10320C00194AD36F10B543F44023184CD367D4F844
:10321C008830002B27DB164B1868FFF745FF154B42
:10322C000322C3F82021C3F82821C3F82421C3F8B2
:10323C007C210222C3F894250023C4F8E030042337
:10324C00C4F88C304FF0A063C4F890304FF4803346
:10325C00C4F89430084BC4F89830084BC4F89C3030
:10326C00074BC4F8883010BD00C00F4000403840F8
:10327C00FC23002000801F401B000300001F1F1FA9
:10328C000100009210B5204C012120460BF022FFCA
:10329C0023681E4A1E491A6004221E489A8218612D
:1032AC001D48C3E901124FF480620021DA82A2F5B5
:1032BC00A052D9609A61DA8A92B2DA8306229A8392
:1032CC002379164A9B0003F1804303F56C231960A4
:1032DC001A602379124A03F1100142F821005A11A5
:1032EC0003F01F00012102F1382203F160438140F9
:1032FC00403203F564439200116060221A70094B4E
:10330C002279DA7610BD00BFCC140120A0403840E1
:10331C000000020200002020CD08000013000080F5
:10332C000028002000800E4010B5084CD4F88830DE
:10333C0023F01043C4F88830FFF7B6FED4F8883079
:10334C0043F01043C4F8883010BD00BF0040384033
:10335C0010B5064C002120460BF0BCFE2046044A5A
:10336C000449BDE810400CF007B900BFCC14012093
:10337C0030220020C10800004368132B10B505DC77
:10338C0000EB83040133A2604360A16510BD40686B
:10339C00704700EB81008068704700207047012067
:1033AC00704730B40446806B114618B13BB930BC41
:1033BC0006F0A1BDE06B10B130BC05F066BA30BCB4
:1033CC00704710B4002403460C70806B18B15DF884
:1033DC00044B06F0FBBBD86B18B15DF8044B05F041
:1033EC0061B85DF8044B70470346806B08B106F07A
:1033FC005ABFD86B08B105F003B9704710B5044635
:10340C0000230A220BF0CBFF2046BDE810400BF046
:10341C009DBF70B505460C4651B108460EF0E0FA5A
:10342C002B680246214628465B68BDE87040184769
:10343C0070BD10B50446FFF7ECFF2046BDE8104008
:10344C000BF084BF38B50B4C05460B492046FFF7F3
:10345C00E0FF0A492046FFF7DCFF2E200AF07EF839
:10346C00294620460BF069FF2046BDE838400BF09A
:10347C006DBF00BF581E00205710002062100020A6
:10348C00D0F880342BB19B794FF40070984080B207
:10349C007047D0F8840408B1D0F83C047047D0F8D9
:1034AC00803413B1D86901387047D0F8840408B15E
:1034BC00D0F83004704700EB810038B5856D284694
:1034CC00FFF7EDFF04462846FFF7DAFFA4FB0001E7
:1034DC0038BDD0F8803430B515468FB08BB1002292
:1034EC0003F589646846134600920A46214606F0A5
:1034FC0069FE20B12A462146684606F0C3FF0FB08C
:10350C0030BDD0F8844444B104F589640A46684659
:10351C000C93214605F0CEFB08B90020EFE72A46B4
:10352C002146684606F0BCF80028F6D0E7E7836B26
:10353C0010B553B1187810F0080005D0D8695B6944
:10354C00C01A48BF6FF0004010BDC06B0028FBD004
:10355C0090F8313013F008030ED0D0E90413D0E901
:10356C000024881A63EB0403B0F1004F73F10003DD
:10357C0028BF6FF00040E7E71846F5E7836B33B1DF
:10358C001B7813F0700F14BF012000207047C06B24
:10359C000028FBD090F8313013F0500FF3E7836B19
:1035AC0023B9C06B003818BF012070470120704749
:1035BC0038B500F1B80504462846FFF7F0FF10B106
:1035CC00284607F0DFFE002384F8AC31C4F8A8319C
:1035DC0038BD0346806B08B106F0A0BBD86B08B1B0
:1035EC0005F082B84FF0FF30704708B500F58470D5
:1035FC00FFF784F908BD000000224FF47A710273C2
:10360C00C0E90121C0E91222014A0260704700BFE3
:10361C00A4060020044B10B5044640F8103B07F0FC
:10362C00B1FE204610BD00BF7C05002000EB8100E0
:10363C00436DD3F8801400B58FB051B1002301F560
:10364C00896168460093012306F0CAFE0FB05DF84D
:10365C0004FBD3F884040028F8D00C91012300F566
:10366C008961684605F0BDFFF0E7000070B50546BE
:10367C000E468EB0114605EB860514481446FFF72E
:10368C00D8FE6B6DD3F8801461B1002322466846D6
:10369C000093012306F0E5FD10B1684607F016FE15
:1036AC000EB070BDD3F8840438B10C9101230146DF
:1036BC002246684605F061FB08B90020F0E7684631
:1036CC0005F019FE0028F8D0EAE700BF581E0020CC
:1036DC0000EB8100436DD3F8801400B58FB059B165
:1036EC0000236846009306F0BCFD10B1684606F056
:1036FC0052FC0FB05DF804FBD3F8840430B10B46D8
:10370C000C910146684605F038FB08B90020F0E73B
:10371C00684605F036FE0028F8D0EAE730B500F12F
:10372C00B80595B004462846FFF739FF10BB124A7E
:10373C0040F20223A16D684607F03CFF019B04A9EF
:10374C002846C4F8AC30029BC4F8B0309DF80C305D
:10375C0084F8B43007F02CFE6846FFF75BFF284670
:10376C00FFF71DFF30B90549054815B0BDE83040DD
:10377C00FFF75FBE15B030BD6E1000207C1000202E
:10378C00581E002010B50446B830FFF708FF78B17A
:10379C00236820461B6C98470023204684F8AD31E3
:1037AC006FF00103C4F8A431BDE81040FFF7B6BFB9
:1037BC0010BDF8B504460E464FF48C771546B83458
:1037CC00FFF7ACFF07FB06F200232046FFF7E9FDED
:1037DC003A4629462046FFF791F8F8BD10B5D0F8C7
:1037EC00A8410A46611CC0F8A8112146FFF7E1FF69
:1037FC00204610BD0123164A0021F0B50446C7B07F
:10380C00043080F8A831FFF731FF002563684FF0D2
:10381C00FF36104FC4F89831C4F8A851D4F8983139
:10382C009D4201DB47B0F0BD0023394606A8ADF838
:10383C000E5000960135CDE901330123ADF80C3063
:10384C000EF075F869462046FFF7C8FFE6E700BFA3
:10385C006E100020E5120020F8B54FF48C770C4662
:10386C00164600213A46054609F0D0FAD4F8A8319C
:10387C00B3420ED32046B834FFF750FF07FB06F2D5
:10388C0020460023FFF78DFD3A4629462046FFF7D8
:10389C00A0FE2846F8BD30B50446C7B0D4F8B051E8
:1038AC0075B12A4621466846FFF7D6FF94F8B42135
:1038BC004AB1029BC4F8B0319DF81830002BEDD002
:1038CC00284647B030BDD4F8B031D4F8A811013334
:1038DC008B4238BF1A46C4F8B021EDE730B5CDB0F5
:1038EC0015460A46014606A81C46FFF7B5FF0CA96B
:1038FC0028460EF01CF8509B069A1A609DF824304E
:10390C00002B3DD1079BBDF82A10236001F01F004E
:10391C00BDF82620519B40001A80BDF82820049049
:10392C00C1F34510C90A530A0390029102F01F011A
:10393C00C2F3431203F2BC730191202100925298FE
:10394C00114A0DF0D1FDBDF82E10BDF82C2001F060
:10395C001F00530A400003F2BC730490C1F34510DE
:10396C00C90A0390029102F01F01C2F3431253984B
:10397C00019120210092044A0DF0B6FD4DB030BDEE
:10398C004FF0FF33BFE700BF9410002000B5C7B065
:10399C000A4601466846FFF75FFF019847B05DF89D
:1039AC0004FBD0F8403170B50446C8B0A3B3DD6950
:1039BC0004F584760DF1020269463046FFF714FDDA
:1039CC000DF1060201A93046FFF70EFD304607F057
:1039DC00D9FCD4F8A421214602A8FFF73DFFBDF87D
:1039EC00003002AAD4F8A411ADF818302046BDF866
:1039FC0002300395ADF81A30BDF80430ADF81C3028
:103A0C00BDF80630ADF81E30FFF7D3FE6FF00103A2
:103A1C00C4F8A43148B070BDD0F84451002DC7D0C3
:103A2C002D69C5E770B5C6B0064614460A46014670
:103A3C0068461D46FFF710FF00994B1C07D1104933
:103A4C0020460DF074FFBDF80E0046B070BD2B463D
:103A5C0022463046FFF7E6FF20460DF0C1FF20441A
:103A6C0010F8013C2F2B04D02A46054920460DF0B6
:103A7C008CFE2A4606A920460DF087FEE3E700BF20
:103A8C00E5120020F0B5ADF21C4D4FF480730446E6
:103A9C000D4617466A46FFF7C5FF694606461E489F
:103AAC00FFF7C7FC2A462146C0A8FFF7D5FE4FF406
:103ABC008072C6A980A80DF08CFE4FF48072394636
:103ACC00C6A80DF086FEC0AA29462046FFF771FE57
:103ADC004FF48073294604EB86060DEB0302204657
:103AEC00FFF7A0FF40A90C48FFF7A3FCB06D40AA5C
:103AFC006946FFF7EEFC064650B94FF4807280A978
:103B0C00C6A80DF066FEC0AA29462046FFF751FE56
:103B1C0030460DF21C4DF0BD581E0020D0F8A431DB
:103B2C008B422DE9F0410446D4B00E46154603D124
:103B3C00D0F8A03193422BD004F584784FF48073E5
:103B4C0014AA31462046FFF76DFF07464046FFF7A3
:103B5C0026FD10B1404607F015FC04EB870714AAAC
:103B6C002B466846B96D07F025FD019B04A940461C
:103B7C00C4F8FC30029BC4F800319DF80C3084F87A
:103B8C00043107F015FC6846FFF744FDC4E968569C
:103B9C0054B0BDE8F08170B5044616461D460022AF
:103BAC0004F58474FFF7BAFF324600232046FFF772
:103BBC00F8FB049A29462046FFF70BFD70BD2DE952
:103BCC00F041B2F1FF3F14BF90468846ADF54C7DF5
:103BDC0004460E464246014640A81F46FFF73CFEEF
:103BEC004FF48072D2998CA80DF0F3FDBDF80E3114
:103BFC00419A86A9ADF826320023204688928793F5
:103C0C00CDF818828DF82472CDE98A3301238DF812
:103C1C002532FFF7E3FD40AA054641904146204678
:103C2C00FFF7C7FD87B16A4629464FF480732046DB
:103C3C00FFF7F8FE6A463146201DFFF7F7FC2846D1
:103C4C000DF54C7DBDE8F08140F20222294620465C
:103C5C00FFF764FFF3E790F8AC310BB9FFF7CABD7F
:103C6C0070472DE9F043B2F1FF3F14BF17460F46E2
:103C7C00ADF50D7D014604463A466846FFF7ECFD6E
:103C8C009DF80C30002B7BD09DF80D50002D77D17A
:103C9C0004F5847820462A463946FFF73FFF404614
:103CAC00FFF77DFC00286BD0A94646A804F5AC763E
:103CBC00FFF7A2FC002241464AA807F0E3FB479B12
:103CCC004AA93046C4F84C31489BC4F850319DF891
:103CDC00243184F8543107F06BFB46A8FFF79AFCAB
:103CEC003046FFF75CFC002841D0BDF80E30304662
:103CFC004697ADF826314895FFF740FC8DF8240126
:103D0C0048BBD4F8903103B3DB694FF480724CA9F3
:103D1C00304647938DF82591FFF753FB30460DF550
:103D2C0095724AA9FFF760FBD4F89001A8B10DF584
:103D3C0097724BA906F0C7FA46A92046FFF74EFD2D
:103D4C000546304607F01EFBAFE7D4F89431002B44
:103D5C00DBD01B69D9E70023D7E7D4F894010028FE
:103D6C00EAD00DF597724BA904F05AFCE4E7012355
:103D7C006A46394620468DF80D300195FFF719FD3E
:103D8C000DF50D7DBDE8F08330B5B2F1FF3F14BFEA
:103D9C0015460D46C7B004462A46FFF762FF0123BD
:103DAC002A46214684F8B4316846FFF755FD019B3D
:103DBC00C4F8B03147B030BD70B590F8AD41054690
:103DCC000E4644B9012380F8AD31FFF744FFD5F816
:103DDC00A8319C4200D370BD22463146284601349E
:103DEC00FFF73FFFF3E770B5154604460E46FFF7A5
:103DFC0032FF35B12A4631462046BDE87040FFF708
:103E0C00C3BF31462046FFF7D7FF012384F8B451D6
:103E1C00C4F8B03170BD00002DE9F0430C46ADF58F
:103E2C007F7D00EB81010646071D002302A8896DEA
:103E3C00154607F0BFFB06A8FFF7A0FB002852D0E1
:103E4C00DFF8B09016A8FFF7D7FB2AA8FFF7D4FB32
:103E5C00002206A92EA807F015FB2B9B2EA91AA849
:103E6C0017932C9B18939DF8B4308DF8643007F0A1
:103E7C009FFA1AA8FFF793FB80462AA8FFF7CAFB04
:103E8C00B8F1000F0ED12A4621463846FFF720FC28
:103E9C0016A8FFF7BFFB02A8FFF7BCFB0DF57F7D53
:103EAC00BDE8F0830DF1F8084FF480721AA8414672
:103EBC00FFF787FA7EA80DF093FD4A4601462B4684
:103ECC007EA8CDF800800DF00FFB1AA8FFF756FB6B
:103EDC007EAA214618B13046FFF79EFFB5E738465B
:103EEC00FFF7C4FBB1E72A4621463846FFF7BEFB75
:103EFC00D1E700BFAE100020F0B5ADF2645D044612
:103F0C000D464FF4807346AAFFF78CFD2A462146D6
:103F1C0086A8FFF7A1FC46AABDF826122046FFF79B
:103F2C007BFF002386AA294620468DF83032FFF706
:103F3C0040FC869A2146CCA8FFF78EFCCD9EB5425C
:103F4C0009D1889BCCAA8699CD932046FFF731FCEA
:103F5C000DF2645DF0BD324621460DF58960FFF728
:103F6C007BFCDDF85074BD4206D1889B0DF589624F
:103F7C003146CDF85034E8E73A46214668463E468D
:103F8C00FFF76AFC4FF48C7269460DF5896008F0F6
:103F9C005FFFE6E708B54B1C01D0FFF7ADFF012032
:103FAC0008BD70B500EB8101ADF50A6D05461E46E6
:103FBC00496D0023684607F0FDFA04A8FFF7EFFAF5
:103FCC00044650B940F2B220FFF73CFA6846FFF7BE
:103FDC0021FB20460DF50A6D70BD05EB860540F200
:103FEC000223DDF8B02814A8696D07F0E3FA18A8CD
:103FFC00FFF7D5FA044658B904A807F0C3F940F204
:10400C00B5200024FFF71EFA14A8FFF703FBDDE729
:10401C004FF0FF3504A8FFF78AFA00280FDD4FF4A4
:10402C00006228A904A8FFF7D4FA051E07DB2A466C
:10403C0028A918A8FEF762FCB5F5006FEADA04A807
:10404C0007F0A0F918A807F09DF9002DDCDA40F272
:10405C00C120D6E72DE9F041ADF5AA6DB3F1FF3FD4
:10406C0014BF9846904604460A460F46014682A85D
:10407C0088AEFFF7F1FB42462146C8A8FFF7ECFBE0
:10408C009DF814520DB3BDF816123A462046013174
:10409C00FFF7E7FD9DF8143222682046003B00969E
:1040AC00BDF82E13D56A18BF01234246A8472368D2
:1040BC000546BDF82E235E6D394603462046B047B3
:1040CC0028460DF5AA6DBDE8F0814FF4807231469B
:1040DC000DF58A600DF07DFBBDF82E330DF5876173
:1040EC002046ADF84634C99BCDF83C54CDF840344D
:1040FC00ADF84454CDF83884FFF770FBC8AA0546D8
:10410C004146C9902046FFF754FB02AA39464FF4AA
:10411C00807342AF2046FFF785FC06463A46294697
:10412C004FF480732046FFF77DFC02AA034631460C
:10413C00201D0097FFF735FFC2E72DE9F043ADF2E4
:10414C006C6DB3F1FF3F14BF1F46174604460A4679
:10415C00014682A8FFF780FB3A462146C8A8BDF865
:10416C0016920025FFF778FB839E56B92046C8AA05
:10417C003946C995FFF71DFB01200DF26C6DBDE8AA
:10418C00F083324621460DF587600DF58478FFF7F4
:10419C0063FB4FF48C720DF587610DF5AA6008F086
:1041AC0057FEBDF82E330DF5AA612046ADF85E35ED
:1041BC00CDF85855CDF85075FFF710FB05464FF468
:1041CC00807302AA31462046FFF72CFC4FF4807313
:1041DC00424629462046FFF725FC9DF85C25BDF894
:1041EC005E35201DA2B119464246FFF71FFA324632
:1041FC0049462046FFF735FD2368BDF82E2331468E
:10420C00D3F8548020462B46C047DDF84064ACE719
:10421C0002AA4946CDF80080FFF7C3FEF5E72DE969
:10422C00F047DDF820900F46904619464A46064660
:10423C001D46FFF7FBF9044648B12B46424639466A
:10424C003046CDF82090BDE8F04700F007B840F2BA
:10425C00CB20FFF7F7F82046BDE8F0872DE9F041B9
:10426C000D46ADF52A7D00EB810104461F4602A8E0
:10427C000023496D164607F09DF906A8FFF78FF944
:10428C00002859D0DFF808814FF4807231462AA8F3
:10429C000DF09FFA2AA80DF0A3FB2AAB184410F8D6
:1042AC00013C2F2B05D04FF4807241462AA80DF00B
:1042BC006CFA4FF48072B0996AA80DF08AFA6AA869
:1042CC000DF08EFB6AAB184410F8013C2F2B05D077
:1042DC004FF4807241466AA80DF057FA16A8FFF702
:1042EC008BF9002206A91AA807F0CCF81AA8FFF738
:1042FC0056F900283AD04FF480722AA91AA8FFF771
:10430C0060F84FF480726AA91AA8FFF75AF81AA835
:10431C00FFF734F96AAB2AAA294600933B4688B1C9
:10432C002046FFF77CFFE8B940F2E220FFF78AF85D
:10433C0016A8FFF76FF903E040F2CE20FFF782F8E2
:10434C0000241CE02046FFF72CFE10B940F2E620BA
:10435C00ECE72AAA29462046FFF788F910B940F263
:10436C00E720E3E716A8FFF755F98DE716A8FFF746
:10437C0051F9204632462946FFF7AAF9044602A80D
:10438C00FFF748F920460DF52A7DBDE8F08100BF06
:10439C00E51200202DE9F041ADF6C82DB3F1FF3F39
:1043AC0014BF1F46174604460A460D460146C8A8C8
:1043BC00FFF752FA3A4621460DF58760FFF74CFAA3
:1043CC00C89A21460DF5AA60FFF746FA9DF82C33E2
:1043DC006BB19DF82D3353B92A46BDF82E132046E8
:1043EC00FFF73FFCC8AA29462046FFF7E2F94FF435
:1043FC008C72C8A90DF5CD6008F02AFD4FF48C72B3
:10440C000DF587610DF5F06008F022FD4FF4807317
:10441C0048AA29462046FFF705FBDDF85465AE4255
:10442C004DD1CA9B4FF0FF360DF5AA62C8992046B4
:10443C00CDF85435FFF7BDF9BDF84634C8AA294666
:10444C002046ADF82E33DDF83C34C897CA93CDF82E
:10445C003C54FFF7AEF90DF5876239462046FFF75D
:10446C00A8F94FF48073294688AA2046FFF7DAFA98
:10447C00BDF87616BDF88E37994250D104EB810306
:10448C0088AA48A9986DFFF724F8002859D140F262
:10449C004320FEF7D7FF0DF6980231462046FFF772
:1044AC0088F90DF5CD6229462046FFF782F92046A2
:1044BC000DF5F0623946FFF77CF9002042E03246F8
:1044CC00214602A8FFF7C8F94FF48C7202A90DF52A
:1044DC001B6008F0BDFC4FF48C720DF51B610DF6E2
:1044EC00980008F0B5FCDDF8B889A84509D1CA9B3D
:1044FC000DF51B6231462046CDF8B839FFF759F956
:10450C009AE74246214602A84646FFF7A5F94FF422
:10451C008C7202A90DF51B6008F09AFCDBE79DF884
:10452C00742604F10408A2B988AA4046009248AA4D
:10453C00FFF737FD50B148AABDF88E174046FFF77C
:10454C0095F801200DF6C82DBDE8F08140F247200A
:10455C009FE788AA4046009248AAFFF760FE002811
:10456C00EFD140F24B2094E770B500EB81050F4C76
:10457C00A86DFEF794FF01462046FEF73FFFA86D9D
:10458C00FEF738FB01462046FEF738FFAE6D30468D
:10459C00FEF785FF04463046FEF72CFB241AA86D67
:1045AC00FEF76EFFA4FB000170BD00BF581E00207B
:1045BC0010B504460AF0C1FE2046BDE810400AF0D2
:1045CC00C5BE03681B68184770B505460C4651B14B
:1045DC0008460DF005FA2B680246214628465B6812
:1045EC00BDE87040184770BDFFF7EEBF10B504462C
:1045FC00FFF7EAFF2046BDE810400AF0A7BE000016
:10460C0038B508F09DFE0028FBD0094C41F28833E8
:10461C00084D0D212246AB60284628230AF02AFEBD
:10462C000023214623542846FFF7E0FF204638BDDF
:10463C007C2A0120581E002010B50446FFF7E0FF2D
:10464C0002492246BDE810400CF0A6BFB110002074
:10465C0013B50446FFF7D4FF01AA03490CF09CFFE5
:10466C00019B238002B010BD1B0F002010B588B039
:10467C0008F066FE0028FBD008F09CFEC0B236287D
:10468C000CD82F2801D808B010BD3138052800F2FD
:10469C00A680DFE800F0989A9C9EA0A26138C3B275
:1046AC00162BF0D81628EED801A353F820F000BF33
:1046BC0041200000C320000089200000ED1F0000F5
:1046CC00671F0000552000008D200000671F0000B0
:1046DC00671F0000671F0000CF200000671F00004D
:1046EC00671F0000D32000004D200000671F000052
:1046FC00671F0000512000007320000017200000ED
:10470C00671F0000671F0000A3200000FFF778FF61
:10471C0007AB05AA384902930DF11303019306ABBD
:10472C0000930DF112030CF037FF0598DDE906122A
:10473C0002F065F8A7E7FFF763FF07AB05AA2E4960
:10474C0002930DF11303019306AB00930DF11203C9
:10475C000CF022FF0598DDE9061202F062F892E7F0
:10476C00264808B0BDE81040FFF772BF2448F8E7B0
:10477C002448F6E7FFF744FF07AA23490CF00CFF87
:10478C00224B079A1A60186808B0BDE81040FEF773
:10479C00CBBD1F4C2046FFF75BFF23881B047FF526
:1047AC0072AF002323806EE71A48DAE71A4C2046D2
:1047BC00FFF74EFF208840B208B0BDE8104001F072
:1047CC0063BE1648CDE71648CBE71648C9E716482E
:1047DC00C7E71648C5E71648C3E71648C1E71648A9
:1047EC00BFE7164808B0BDE81040FFF725BF1448D6
:1047FC00F8E71448F6E700BFB41000201C24002092
:10480C001E2400205C2901201B0F0020FC2300200B
:10481C001A240020B8280120102400208828012008
:10482C00B428012014240020162400201824002071
:10483C0012240020AE280120AC280120A62A012039
:10484C00D92E0120012F01204A0000210AF0AEB818
:10485C004A00002109F05CBF1A4B4FF47A721A48D7
:10486C0010211B884380194B1B888380184B1B8895
:10487C00C380184B1B880381174B1B884381174B34
:10488C001B888381164B1B88C381164B1B880382A4
:10489C00154B1B884382154B1B888382144B1B883A
:1048AC00C382144B1B6893FBF2F30383124B1B88DC
:1048BC004383124B1B888383114B1B88C383FFF7E5
:1048CC00C3BF00BF1C240020882801201E24002008
:1048DC005C290120B82801201A240020B4280120CA
:1048EC001424002016240020182400201224002058
:1048FC00AE280120FC23002010240020B028012029
:10490C00AC28012038B5054608F01AFD0028FBD06C
:10491C0008F050FDC4B214482146FFF752FE12486D
:10492C000AF014FD772C06D1FFF796FF0F490E48BD
:10493C00FFF75CFE04E06D2C07D10D48FFF788FEF5
:10494C0008F0FEFC60B9284638BD632C02D101F09A
:10495C0043FFF5E721460448FFF733FE0549E6E738
:10496C0008F028FDECE700BF581E0020BF10002007
:10497C00B6280120CF1000202DE9F0473F4C102124
:10498C00DFF828A12046DFF82891FFF761FF238884
:10499C00DFF820E1012B3A4FDFF81CC1394A3A4EBF
:1049AC003A4D3B483B4931D16388AAF80030A38883
:1049BC00A9F80030E388AEF80030B4F908303B8039
:1049CC00B4F90A30ACF80030A3891380E389E28A89
:1049DC003380238A2B80638A0380A38A0B802E4B1F
:1049EC001A804FF47A72238B53432C4A1360B4F918
:1049FC001A202B4B1A80B4F91C202A4B1A80B4F9BC
:104A0C001E20294B1A801D48BDE8F0874FF0140872
:104A1C000023AAF80080A4F802804FF03C08238001
:104A2C00A9F80080AEF800303B801027A4F8048071
:104A3C00ACF8007013800C22E3803280E2812A8073
:104A4C0022821822238102806282012267810A80DD
:104A5C004BF68031A282104AA38113800F4AE38265
:104A6C00116030220E4922830A22A3830A806283BA
:104A7C000C4AE38313800C4A1380C4E78828012076
:104A8C00B8280120B428012014240020162400206A
:104A9C001824002012240020AE280120FC23002022
:104AAC0010240020B0280120AC2801201C24002058
:104ABC001E2400205C2901201A24002010B588B087
:104ACC0008F03EFC0028FBD008F074FCC0B236287D
:104ADC0014D82F2806D808F033FC002840F0DE81CB
:104AEC0008B010BD3138052800F2EB80DFE810F07B
:104AFC00420148014E0154015A0160016138C3B2B0
:104B0C00162BE8D81628E6D801A353F820F000BFDE
:104B1C00E5250000AF2600003D260000AF25000073
:104B2C00B72300001326000049260000B72300001D
:104B3C00B7230000B7230000C1260000B7230000F4
:104B4C00B7230000CD260000FB2500004D240000FB
:104B5C00B7230000072600002D260000CD250000FD
:104B6C00B7230000B72300009D260000A2480AF0DE
:104B7C00EDFBA249A048FFF739FD06A801F02FFE76
:104B8C009DF91C30BDF9182004939DF91F309C49E8
:104B9C0003939DF91E30984802939DF91D300193A3
:104BAC009DF91B3000939DF91A300AF0EBFB01F0D4
:104BBC0014FE01469048FFF719FD92498E48FFF705
:104BCC0013FD914B8C4819680AF0B7FB8A480AF020
:104BDC00BDFB8E498848FFF707FD8D4B8648198829
:104BEC0009B2FFF7E5FC8B498348FFF7FDFC8A4BC4
:104BFC008148198809B2FFF7DBFC88497E48FFF72A
:104C0C00F3FC874B7C48198809B2FFF7D1FC854926
:104C1C007948FFF7E9FC844B7748198889B2FFF78C
:104C2C00C7FC82497448FFF7DFFC814B7248198836
:104C3C0089B2FFF7BDFC7F496F48FFF7D5FC7E4B6F
:104C4C006D48198889B2FFF7B3FC7C496A48FFF7B5
:104C5C00CBFC7B4B6848198889B2FFF7A9FC7949D2
:104C6C006548FFF7C1FC784B6348198889B2FFF798
:104C7C009FFC76496048FFF7B7FC754B5E48198876
:104C8C0089B2FFF795FC73495B48FFF7ADFC724B9B
:104C9C005948198889B2FFF78BFC70495648FFF7C1
:104CAC00A3FC6F4B5448198889B2FFF781FC6D49FE
:104CBC005148FFF799FC6C4B4F48198889B2FFF7A4
:104CCC0077FC6A494C48FFF78FFC694B43E006A818
:104CDC0001F085FD9DF91B30BDF918200093654945
:104CEC009DF91A3044480AF04DFBF4E606A801F091
:104CFC0076FD9DF91F309DF91D2000935E499DF9AD
:104D0C001E30EFE747493C48FFF76EFC464B1988CD
:104D1C0089B23948FFF74CFCDDE658493648FFF7B5
:104D2C0063FC434BF3E743493348FFF75DFC424BCD
:104D3C00EDE734493048FFF757FC334B2E481968E0
:104D4C000AF0FBFA2C480AF001FBC4E62F492A486A
:104D5C00FFF74AFC2E4B198809B2DAE72D49264891
:104D6C00FFF742FC2C4BF6E72C492348FFF73CFCA1
:104D7C002B4BF0E731492048FFF736FC304BC6E7A8
:104D8C0030491D48FFF730FC2F4BC0E72F491A481C
:104D9C00FFF72AFC2E4BBAE72E491748FFF724FCE5
:104DAC002D4BB4E72D491448FFF71EFC2C4BAEE7F6
:104DBC002C491148FFF718FC2B4BA8E7FFF7DCFD3B
:104DCC0004462F490C48FFF70FFC2188A1E72D4919
:104DDC000948FFF709FC2C490748FFF707FC7AE65E
:104DEC002A490548FFF700FC2949F5E729490248FB
:104DFC00FFF7FAFB2849EFE7581E0020C80D0020EA
:104E0C00DF10002005110020FC23002012110020CF
:104E1C001A2400201F110020B82801202C1100207A
:104E2C0010240020391100201C24002046110020E1
:104E3C001E240020531100205C2901206011002049
:104E4C00B42801206D110020142400207A110020B8
:104E5C001624002087110020182400209411002013
:104E6C0012240020A1110020AE280120AE11002038
:104E7C00AC280120BB110020D5110020F01100201E
:104E8C00FD1100200B120020A62A01201612002072
:104E9C00D92E012021120020012F012008F08AFABE
:104EAC0019E600BF38B5044608F04AFA002874D059
:104EBC0008F080FAC1B265293FD013D83F295CD0E5
:104ECC000BD821295CD03A2952D03548FFF779FB11
:104EDC0034493348FFF78AFB2DE06229F5D1FDF701
:104EEC0041FD28E0A1F16D03DAB20B2AEDD80B2BB2
:104EFC00EBD801A252F823F027280000AB270000C2
:104F0C00AB270000AB270000AB27000045280000B2
:104F1C0009280000AB270000AB270000AB270000DE
:104F2C00AB2700004B28000000241F491C48FFF74A
:104F3C005BFB01F0C7FA1A4D2BE01C4905241848FD
:104F4C00FFF752FBF7E71A4D1A492B881448C3F1A7
:104F5C0001032B80FFF748FBB5F9001010480AF04D
:104F6C00ECF9E8E7FDF7E6FCE5E700F0C1FDE2E768
:104F7C002046FFF7C7FC0446DDE7FFF79FFDDAE7A5
:104F8C00FFF774FBD7E708F015FAC1B22846FFF714
:104F9C0018FB08F0D5F90028F5D1204638BD00BF24
:104FAC00581E0020461200202C1200203412002023
:104FBC00B62801203B1200200048704788280120A9
:104FCC0007B510F8013B3D2BFBD10DF1060204494E
:104FDC000CF0E2FABDF9060003B05DF804FB00BF6B
:104FEC008712002007B510F8013B3D2BFBD101AA1D
:104FFC0003490CF0D1FA019803B05DF804FB00BF33
:10500C00901C00200A4610F8013B3D2BFBD10149B6
:10501C000CF0C2BAB110002010F8013B1F2BFBD8CA
:10502C0070470000884B1B6870B533B1874C204625
:10503C000CF0D6FC2518AC4200D370BD14F8013B23
:10504C003B2B1FD82F2BF6D9303B0B2BF3D801A2BF
:10505C0052F823F0072B0000532A0000652A0000A9
:10506C00772A0000892A00009B2A0000AD2A000044
:10507C001729000017290000172900001729000024
:10508C00DF290000613BDAB2162AD4D8162BD2D80D
:10509C0001A252F823F000BFE9290000172B0000F1
:1050AC001F2A00001729000017290000BF2A000042
:1050BC00E72A000017290000172900001729000013
:1050CC00212B00001729000017290000252B0000B8
:1050DC00FB29000017290000172900000D2A0000E9
:1050EC002F2A00001729000017290000172900009B
:1050FC00D52900002046FFF763FF554B188020464A
:10510C00FFF78AFF044696E72046FFF759FF514BFD
:10511C0080B218804E4B5880F1E72046FFF750FFC5
:10512C004D4B80B218804A4B9880E8E72046FFF739
:10513C0047FF4A4B80B21880454BD880DFE72046AA
:10514C00FFF73EFF464B1880414B1881D7E72046AE
:10515C00FFF736FF3E4B434A588110802046FFF73D
:10516C005BFF138804461B047FF565AF0023138097
:10517C0061E72046FFF724FF3B4B80B21880344B8D
:10518C009881BCE72046FFF71BFF384B80B2188094
:10519C002F4BD881B3E72046FFF712FF344B80B278
:1051AC0018802B4B1882AAE72046FFF709FF314BDA
:1051BC0080B21880264B5882A1E72046FFF700FFEB
:1051CC002D4B80B21880224B988298E72046FFF72F
:1051DC00F7FE2A4B80B218801D4BD8828FE7284EE1
:1051EC002046FFF7FFFE30602046FFF715FF044610
:1051FC003068FEF799F84FF47A72336893FBF2F348
:10520C00134A138317E72046FFF7DAFE1D4A104BAB
:10521C00108058832046FFF7FFFE0446108840B2EA
:10522C0001F032F907E72046FFF7CAFE164B18804B
:10523C00074BD88363E715492046FFF7E3FE5EE78B
:10524C001349F9E71349F7E7F8200120CF2A012089
:10525C00882801201C2400201E2400205C29012009
:10526C00B82801201A240020B4280120142400207E
:10527C00162400201824002012240020AE2801201F
:10528C00FC23002010240020AC280120A62A012099
:10529C00D92E0120012F0120044B1868044B1B68E8
:1052AC00C01A48BF00F5905080B27047D816012044
:1052BC00D4160120014B1868704700BFC4B40020FD
:1052CC00F8B50124124D134E4FF490572C60014643
:1052DC003368114A2344126893FBF7F007FB103331
:1052EC00934202D100202860F8BD0C4B4FF40072A1
:1052FC00306803EB402007F0ABFD336820460133E8
:10530C0093FBF7F207FB1233336000232B60EBE7C0
:10531C00C4B40020D8160120D4160120000000705F
:10532C0070B5104B0124104E104D34602A681B6868
:10533C009A4202D10020306070BD0D4B4FF40072C8
:10534C00296803EB412107F083FD2B684FF4905241
:10535C002046013393FBF2F102FB11332B60002347
:10536C003360E9E7D8160120C4B40020D41601201C
:10537C000000007073B5064668460C46154601F0F1
:10538C002EFABDF800209DF90210A2F2BC729DF914
:10539C00033092B27F2A26D8C8B20C2823D8D8B2B0
:1053AC001F2820D843EA411343EA42239BB29DF8BD
:1053BC000500338017289DF905109DF906309DF9DD
:1053CC00072012D8D8B23B280FD8D2B23B2A0CD81F
:1053DC005B0143EAC12343EA52039BB223800023BF
:1053EC002B7002B070BD0023E1E70023F6E7034603
:1053FC00806B08B104F0A0BED86B08B104F056B8AD
:10540C00704730B40446806B114618B13BB930BCC0
:10541C0004F071BDE06B10B130BC03F036BA30BC97
:10542C00704700230A2209F0BABF70B505460C4636
:10543C0051B108460CF0D4FA2B6802462146284696
:10544C005B68BDE87040184770BDFFF7EEBF10B544
:10545C000446FFF7EAFF2046BDE8104009F076BF8E
:10546C00034607B5806B48B101220DF1070104F02A
:10547C0055FC012804D19DF8070003E0D86B20B936
:10548C004FF0FF3003B05DF804FB01220DF1070172
:10549C0003F02AF9EDE7000070B5184994B0184AEA
:1054AC0000230968684606F085F8164C019B04A990
:1054BC0004F110006360029BA3609DF80C30237311
:1054CC0005F076FF6846FEF7A5F8A36C0BB9E36C04
:1054DC005BB10D4E00240D4D2846FEF728F830B96F
:1054EC000A4805F04FFF0A4B1C6014B070BD2846EB
:1054FC000134FFF7B5FF06F8010BEDE7042400209B
:10550C008B120020A8200120CF2A0120B8200120D6
:10551C00F820012010B586B00D4C04A801F05FF9FD
:10552C009DF91730BDF91020204603939DF91630D4
:10553C00084902939DF9153001939DF9133000939E
:10554C009DF912300CF006F8204606B010BD00BFD5
:10555C002C2A0120B212002070B5244B04460D46B3
:10556C0023491E680CF0E3F9FFF7D4FF0146201D18
:10557C000CF0DDF92A461F4904F114000BF0EAFF88
:10558C001D4B04F12402266203F1280153F8040B8D
:10559C008B4242F8040BF9D1184B04F14C0203F185
:1055AC00280153F8040B8B4242F8040BF9D1144B2D
:1055BC0004F1740203F1280153F8040B8B4242F8F6
:1055CC00040BF9D1FFF7F8FC04F19C0300F1200265
:1055DC0050F8041B904243F8041BF9D104F1BC00B1
:1055EC000849BDE870400CF0A2B900BF6828012042
:1055FC00961200209B120020A62A0120D92E0120F1
:10560C00012F0120A0120020F8B51F4C0F4619469F
:10561C001E4B002A15462360A3F57003B8BFD51D99
:10562C00A061A3F2FB73BEB2ED106284A36003F120
:10563C005B43684303F5F113E68215FB06F57843EB
:10564C0003F60F43E06104F12C00E36003F18243A5
:10565C002584A3F60243C4F8F83103F10D2303F5B6
:10566C007203053363624FF4FC7363601023236190
:10567C004FF4E673A3620023C4F8FC310123A38228
:10568C00FFF76AFF2046F8BDE41801205249464650
:10569C00034603484268C0F8FC311A444260704724
:1056AC00E4180120134B9A6C70B50646CAB15469C4
:1056BC00002522462B461049104809F063FE0023B2
:1056CC0000220F48FFF79DFE4FF400723146094847
:1056DC00FDF71EF922462B460948BDE87040FFF73E
:1056EC0090BEDB6C13B1D3E90045E2E71C461D46C6
:1056FC00DFE700BFA8200120A5120020581E0020C3
:10570C00B820012030B589B00446012506A801F067
:10571C0066F89DF91F30234A204604939DF91E30EC
:10572C00214903939DF91D3002939DF91B30019380
:10573C009DF91A300093BDF918300BF00BFF1E23A6
:10574C0004F1500025626361184B1968184BA16174
:10575C001B68E361174B1B889BB26362164B1B885B
:10576C009BB2A362154B1B889BB2E362144B1B8844
:10577C001BB22363134B1B881BB26363124B1B8836
:10578C001BB2A363114B1B881BB2E363104B1B684A
:10579C002364FFF7E1FE4FF055332846C4F8FC3183
:1057AC0009B030BD96120020B0120020B882002043
:1057BC00FC2300201C2400201E2400205C29012036
:1057CC00B82801201A24002010240020B028012021
:1057DC0068280120022810B5044654D108F0E2FED6
:1057EC00304B1A8892B2B0FBF2F302FB13032E4A31
:1057FC00116813608B4246D22C4C2D4922880B88A1
:10580C0092B29BB29A4240D82A4C2B4922880B88E0
:10581C0092B29BB29A420CD9284B2288098892B238
:10582C0089B2B0FBF3F3B3FBF2F402FB14338B42FB
:10583C0035D2224AB0FBF2F302FB13034FF4616240
:10584C00B3FBF2F31E4A128892B2934204D31D4A60
:10585C00128892B2934209D31B4A128892B2934295
:10586C001DD31A4A128892B2934218D2184B1C8834
:10587C00124BB0FBF3F044F6206303FA84F4A0421D
:10588C0034BF04240324204610BD23880A889BB20D
:10589C0092B2B0FBF3F103FB11039342B4D3042493
:1058AC00F1E700BF1C2400202C1D01205C290120E5
:1058BC001E240020AE28012012240020805101005B
:1058CC00B4280120142400201624002018240020C1
:1058DC00AC280120034B1A6882421ABF18600120C1
:1058EC00002070472822002010B586B0044604A87A
:1058FC0000F075FF9DF915100846FFF7EBFFE0B1BE
:10590C009DF9133020460E4A02939DF912300391F3
:10591C000193BDF910300B4900930B4B1B680BF036
:10592C0019FE0A4809F012FD09490848FFF78DFDD8
:10593C0006482146FFF789FD012006B010BD00BFC7
:10594C0013140020CC120020B8820020581E002016
:10595C001F0F0020F0B589B0044606A800F03FFFE9
:10596C001A4B9DF91F701A889DF91E609DF91D50E8
:10597C0012B29DF91B009DF91A10BDF91830009157
:10598C00CDE90367CDE90105E2B9114A1149204679
:10599C000BF0E0FD104809F0D9FC10490E48FFF758
:1059AC0054FD21460C48FFF750FD0D490A48FFF7FE
:1059BC004CFD08F0D3FC01460748FFF732FD0120EF
:1059CC0009B0F0BD024A0749E1E700BFB828012041
:1059DC007C1C0020E7120020581E00201F0F002006
:1059EC00270F002007130020F0B5374D4FF46162EC
:1059FC00364FB0FBF5F405FB1403B3FBF2F3344A5A
:105A0C001288344A16883988B6B289B28E4213D9B4
:105A1C0011883E8889B2B6B2B4FBF1F701FB17418D
:105A2C00B14209D3138810889BB280B2B4FBF3F354
:105A3C0003FB00006843F0BD274A118889B29942E4
:105A4C0004D82649098889B2994209D82449098879
:105A5C0089B2994215D82349098889B2994210D93B
:105A6C002149224D0E882D88B6B2ADB2AE4208D96E
:105A7C000B889BB2B0FBF3F3088880B203FB0000E9
:105A8C00D9E7118889B2994208D910881823634341
:105A9C0013FA80F04FF461635843CCE70F4909883F
:105AAC0089B2994204D80E4D298889B2994209D8F5
:105ABC000C49098889B29942BDD81823108804FB77
:105ACC000333E5E72888E1E7805101001224002028
:105ADC00AC280120AE280120B42801201424002079
:105AEC0016240020182400205C2901201E240020EC
:105AFC00034A936B43F04003936330BFFDE700BF51
:105B0C0000400D40F8B5224B9F6BDA6C42F001025D
:105B1C00DA64BFF34F8F9A6B22F002029A639A6B8E
:105B2C0012F00202FBD19A659A6D002AFCD172B672
:105B3C00174E336D746D716D326DA142F9D19A426D
:105B4C00F7D1E40B134844EA43442146FFF769FCC0
:105B5C0011491048FFF779FC2046FFF745FF014635
:105B6C0005460C48FFF75DFC0A4809F0EFFBAC4218
:105B7C000DD2074BB5659A6DAA42FCD147F00207CE
:105B8C009F639A6B9207FCD562B6FFF7B1FFF8BD25
:105B9C0000400D40581E00202713002030B504464D
:105BAC0095B0002840F083807D48FFF79DFE0028CB
:105BBC004CD07C4D2B68D3F88014B1B12346784A75
:105BCC006846009404F04DFB70BB2B68D3F880142E
:105BDC00B9B9D3F88404F0B10C91012300F58961B3
:105BEC006F4A684603F0FDFC14E0D3F884040028E7
:105BFC00EBD00B460C916A4A0146684603F0BDF89F
:105C0C00E2E70023664A01F58961684600930123A7
:105C1C0004F0E6FB40B964496448FFF718FC4FF008
:105C2C00FF34204615B030BD2B68D3F8800428B162
:105C3C005B4904F0FBFF48B95D49EDE7D3F88404F8
:105C4C000028F9D0564903F0BBFAF4E75948FFF79E
:105C5C0081FE0028E3D0534944F20223554A68469A
:105C6C00096805F0A7FC544C019B04A904F1100031
:105C7C006360029BA3609DF80C30237305F098FBC6
:105C8C006846FDF7C7FCA36C63B14C4B00221A604D
:105C9C004B4B1B881BB2002B30D04A48FFF732FD10
:105CAC00484934E0E36C002BEFD14749B4E70128B5
:105CBC00EBD0022833D0E31E9BB2022BB1D83E4B63
:105CCC009A6C0AB9DB6C7BB13D4B1B881BB243B998
:105CDC003A4B4FF440501B685843FFF7D9FCFFF781
:105CEC00E1FC3A4805F04EFB042C4FD100F0F0FAE1
:105CFC00002000F0E3FAFFF705FF92E7344B012197
:105D0C0010221868334B1B68FFF77EFC01464FF4DA
:105D1C0000722E48FCF7F2FDB0F5007F34DB4FF437
:105D2C0040522D492948FCF7E9FDB0F5405F044687
:105D3C00224D24D229491D48FFF787FB21461B48D9
:105D4C000324FFF76EFB26491848FFF77EFB022160
:105D5C00164809F0F2FA154809F0F8FA214A1368C6
:105D6C00013313604FF47A722B68B3FBF2F102FB30
:105D7C001133002B9FD11548FFF739FB9BE72B689C
:105D8C00022401332B60E9E7032494E7032C04D0AD
:105D9C00154B0822C3F8882041E7002441E700BFD7
:105DAC0088290120042400202C130020581E0020D8
:105DBC0038130020D8290120A820012028210120F7
:105DCC00B8280120C0B2002044130020B8200120C4
:105DDC00FC230020B8820020C08200205613002033
:105DEC00270F00208820012000400042431C2DE991
:105DFC00F041044613D1FFF75DFA05460028FAD1AD
:105E0C003048FFF78DFA2F4B2F4A53F8041B42F8FA
:105E1C0025100135082DF8D12046BDE8F081002869
:105E2C00FADBFFF7D7FC0446FFF736FA2F28F3D935
:105E3C00264B1D882DB25DBB224FB846FFF73AFAB0
:105E4C0006460028FAD101354046FFF769FA08F5F5
:105E5C000078302DF2D11B4A33461B4952F8040B03
:105E6C0041F823000133082BF8D1194A57F8043BA9
:105E7C0001361B0CB6F5C05F22F8023BF6D1154B70
:105E8C001B68002BC8D02046BDE8F041FFF786BE4A
:105E9C000F4E0027B046FFF70DFA05460028FAD141
:105EAC0001374046FFF73CFA08F50078302FF2D165
:105EBC00054B56F8042B43F825200135082DF8D155
:105ECC00DDE700BFCCB4002000210120B828012060
:105EDC00C0820020FC200120074800234FF47A7276
:105EEC0006490373C0E90132C0E91233044B054A79
:105EFC00036009F041BB00BFA8200120F50E000093
:105F0C00A4060020302200202DE9F843234B052461
:105F1C00234AD3F82032DFF8A49023F07F43DFF834
:105F2C00A080204F1360204B204A1A60D9F80050F3
:105F3C00FF23002105F5926685F8BC3485F8C8145A
:105F4C00304606F02FFC3046C5F88C6405F0A8FFEF
:105F5C00A8B90123D5F88C1428461A4605F0C0FAC6
:105F6C0068B1134901240F48FFF771FA114B1C60FB
:105F7C00FFF792FAFFF756F82046BDE8F883414642
:105F8C003846FFF764FA642008F00EFA013CCDD1D4
:105F9C0009490448FFF75BFAEEE700BF00441F40D5
:105FAC00B8820020581E0020EC1C0120552C00004B
:105FBC0058130020FC2001207A1300200424002018
:105FCC006A1300202DE9F74F044608F0EBFA009015
:105FDC0008F0C4F9984B824600221B6854F8221032
:105FEC0043F822100132802AF8D1043C03F5FE70EC
:105FFC001A4652F8041F54F8045F9042A1EB0501B5
:10600C001160F6D1002253F8041F0029B8BF494291
:10601C008A42B8BF0A468342F5D1012A4FF00204E6
:10602C0008DD012123460134182C03D001FA03F3B7
:10603C009342F7DD611E814ADFF8148252F8213059
:10604C004046C146013342F821307F217C4B1A680F
:10605C0094424FF0010202FA04F288BF1C60013A2C
:10606C0050F8045F013905EA02050560F8D1754D59
:10607C004FF4007201914FEA840B284606F0C6FEDD
:10608C004FF0A532009B0BF107072A600BF10806B5
:10609C006D4A07200199128844EA02426A60012283
:1060AC002A615A44C5E9023A6A612023D9F80020D2
:1060BC00C9F80010AA61A3EB040E55F8209058F80B
:1060CC00042BBEF1000F21DD02FA0EF2734642EAF8
:1060DC00090245F8202001318029ECD1DFF87481C8
:1060EC00D8F8004004EB0609B9F1800F26DC5748BC
:1060FC00B200544900EB840006F0AAFEC8F80090E8
:10610C004FF00109484603B0BDE8F08F00F1010CD7
:10611C0006D149EA0202202345F820206046DAE73E
:10612C00E31A22FA03F343EA090345F820300EF18F
:10613C00200360469A4045F82C20CCE77A2C24DDCD
:10614C0000222346414910467F2B19DD3AB1802CA1
:10615C00C4F18003C8BF00232344C8F800303B4877
:10616C00FFF7AEF8B0F100094FEA8602354937481F
:10617C0018BF4FF0010906F06BFEC8F80060C1E7CC
:10618C0041F8230001220133DEE76A69C4F17A0386
:10619C002C4943EA0243DFF8B4B022466B610B464C
:1061AC0053F8040B4BF822000132802AF8D1C4F1C9
:1061BC00800A26480191C8F80020A7EB0A07CDF801
:1061CC0000A0FFF77DF86A69B0F100094FF00700F5
:1061DC006FF30F0218BF4FF001093A431B4F6A616E
:1061EC000022DDE90031C8F80020013816D112B1C7
:1061FC000622C8F80020D8F8001000220BEB810B07
:10620C00564511DC002A3FF47DAF803C34449E425D
:10621C00B8BF00240C44C8F8004073E751F8042BB5
:10622C0047F8042B0122E0E755F82A200AF1010A6D
:10623C004BF8042B0122E3E70C2400204C21012015
:10624C0020210120E41601201A240020D41401205E
:10625C00E41A0120381D012070B505460C4651B1D9
:10626C0008460BF0BDFB2B680246214628465B68AE
:10627C00BDE87040184770BD064B0522C3F8B4202A
:10628C000822C3F8A422044A536843F08063536085
:10629C00704700BF00801F400080004208B5FFF728
:1062AC00EBFF054B4FF080624FF47A70C3F88420FB
:1062BC00BDE8084008F078B800800042C1B2022066
:1062CC0008B508F009FC6420BDE8084008F06CB87B
:1062DC000021032008F000BC0121032008F0FCBBC6
:1062EC002DE9F3410121022008F016FC0120FFF7F3
:1062FC00E5FF0121032008F00FFCFFF7E9FF642004
:10630C0008F052F8FFF7E8FF544A554901A800F08D
:10631C000DF94C2101A800F01AF94C22002800F0CC
:10632C00968050490B24504809F02CF88123022206
:10633C004C2101A84D4D00F041F9302307224C218E
:10634C0001A800F03BF9002308224C2101A800F021
:10635C0035F92246013415F8013B4C21E4B201A871
:10636C0000F02CF90F2CF4D1302373224C2101A80E
:10637C0000F024F9202374224C2101A83C4E00F09B
:10638C001DF9E02375224C2101A8002500F016F917
:10639C00DFF8F08025236B224C2101A8354F00F04B
:1063AC000DF960233B224C2101A800F007F916F8E7
:1063BC00014B88234C2101A82246013500F0FEF840
:1063CC00B8F80030621C4C21DBB201A8D2B200F04C
:1063DC00F5F83B88A21C4C21373B01A8D2B2DBB2AA
:1063EC0000F0ECF8E21C80234C21D2B201A800F0A2
:1063FC00E5F8221D00234C21D2B201A800F0DEF8F2
:10640C00042DD4D11C491848FFF726FF15224C2126
:10641C0001A800F0ADF8002301461022124808F044
:10642C00BEFF114808F092FF14490F48FFF714FF04
:10643C0076224C2101A800F09BF800230146102283
:10644C00094808F0ACFF084808F080FF03E00C494D
:10645C00054808F097FF02B0BDE8F081A086010066
:10646C00681E002096130020581E0020C00D00202E
:10647C00BC0D0020B0280120B7130020BF13002052
:10648C00A01300201024002073B504460A4E0025EA
:10649C000A4AE4B20A4901A800F048F816F8012BA0
:1064AC00013523464C21013201A8D2B200F086F806
:1064BC00042DF3D102B070BDBC0D0020A0860100EC
:1064CC00681E002013B5144C01A8144A144900F09E
:1064DC002DF820461349FFF7BFFE15224C2101A8C9
:1064EC0000F046F8002301461022204608F057FF22
:1064FC0020460D49FFF7B0FE76224C2101A800F092
:10650C0037F8002301461022204608F048FF2046A9
:10651C0008F01CFF02B010BD581E0020A086010020
:10652C00681E0020B6130020BE13002070B50C4668
:10653C0016460160054608460EF08EFB642007F0F7
:10654C0033FF2046314601F0FDFD284670BD08B5ED
:10655C004900036883F8A510012183F8301183F8F2
:10656C002F11006801F080FCB0FA80F0400908BDE2
:10657C0070B5036801260D46490083F83061044666
:10658C0083F8A510114683F82F61006803681B6817
:10659C0098470021206801F067FC08B1002070BD0D
:1065AC00334632462946206801F0CEFC0028F5D04F
:1065BC00206803685B699847C0B2F0E770B5044681
:1065CC0001251E4603684800114683F8305183F8B4
:1065DC002F5183F8A500206803681B689847206832
:1065EC00314603681B6898472946206801F03CFC3B
:1065FC00B0FA80F0400970BD2DE9F0413C2440F226
:10660C006D184FF0640C4FF4C87EB0FBF4F2B2FB83
:10661C00F4F304FB120004FB1322C87118208A71D6
:10662C00B3FBF0F200FB1233101D4B710723B0FBD0
:10663C00F3F3C3EBC303C01A087100200446C5B2C0
:10664C0005F2B27313F003064BD193FBFCF70CFB72
:10665C001737002F48D193FBFEF70EFB1737002F8F
:10666C000CBF4FF4B77747463C440130A242E6D208
:10667C0005F2B2750D80D6BB642593FBF5F005FBD6
:10668C001030B8BB4FF4C87593FBF5F005FB103018
:10669C00002840F26D1008BF4FF4B770121B1B4F4F
:1066AC0002440020012828D14EBB642593FBF5F44D
:1066BC0005FB14342CBB4FF4C87593FBF5F405FBA8
:1066CC001434002C0CBF1D241C24A2421BD30130FB
:1066DC00121B0C28E6D1013001328870CA70BDE85B
:1066EC00F08140F26D17BFE74FF4B777BCE740F28B
:1066FC006D10D3E74FF4B770D0E73C5CE5E71C2492
:10670C00E3E71D24E1E7C0B2E5E700BFF00D002090
:10671C00028840F26D134E32D2B22DE9F041534350
:10672C00002464264FF4C877A24227DC02F2B2722E
:10673C006421274F90F902E002F003087B43254DBA
:10674C00B2FBF1F401FB142401218E4527DC90F9F6
:10675C0006204FF4616490F90510C2EB021292000E
:10676C0004FB012290F907100A4490F90310184811
:10677C00013900FB01201844BDE8F08104F2B2712C
:10678C008D070AD191FBF6F506FB151525B991FB82
:10679C00F7F507FB151101B901330134C4E70229E0
:1067AC0011D1B8F1000F0ED134B94FF4C87C92FB63
:1067BC00FCF60CFB162636B903F5181303F56E53CD
:1067CC0001310135C1E72E7807FB0633F8E700BF2E
:1067DC0080510100F00D002070470020704710B56B
:1067EC00044607F0DFFE2146FFF706FF012010BD2F
:1067FC0008B5FFF78DFF07F0E9FE012008BD73B562
:10680C000D46144606466846FFF7E9FF6846ADF8A4
:10681C0000608DF802508DF80340FFF7E9FF02B0DD
:10682C0070BD73B50D46144606466846FFF7D7FF94
:10683C0068468DF805608DF806508DF80740FFF717
:10684C00D7FF02B070BD38B504460D463C22294630
:10685C00204608F021FB0028F8DD38BD2DE9F04773
:10686C000F4600F500511646D1F828341BB900F537
:10687C000872174C226033444FF0000800F584690D
:10688C00DFF84CA000F50874C1F82834464501DC4B
:10689C00BDE8F087DAF80030A6EB08023946A9EB20
:1068AC00030518469542A8BF15462A46A84406F08B
:1068BC00CFFA03462F442B449945CAF80030E5D152
:1068CC004FF400712046FFF7BEFFCAF80040DDE729
:1068DC00401D012070B5054600684C1E002603685B
:1068EC002146DB6998472868214603681B6A98474C
:1068FC0008B9304670BD0136F5E70068013A10B5AD
:10690C000468E46CA04742F2050242F2010300283D
:10691C000CBF1046184610BD0068013A10B404684C
:10692C00246DA4465DF8044B60470000024B0068E0
:10693C00196003685B6C1847A426012010B50C463F
:10694C0008F092FA0028FBD020463C21BDE810400C
:10695C0008F040BA00F5005330B493F8245435B124
:10696C00D3F82814114430BCC3F82814704730BC39
:10697C00FFF774BF07B501228DF807100DF1070161
:10698C00FFF7E8FF03B05DF804FB07B50222ADF892
:10699C0006100DF10601FFF7DDFF03B05DF804FBF7
:1069AC0038B50C460978054699B12046013C0BF0E8
:1069BC0017F8411C2846C9B2FFF7DCFF14F8011F79
:1069CC00284619B9BDE83840FFF7DFBFFFF7DDFFF8
:1069DC00F4E7BDE83840FFF7CDBF00004DF20243AD
:1069EC00994202D10149FFF7DBBF7047C613002063
:1069FC004DF20243994210B5044618D1FFF7C5FF7A
:106A0C0020464FF6FF71FFF7C0FF20460021FFF72D
:106A1C00B1FF20460649FFF7C3FF20460449FFF7A4
:106A2C00BFFF20460021BDE81040FFF7A3BF10BDFB
:106A3C00C613002007B5042201910DEB0201FFF7EC
:106A4C0089FF03B05DF804FB70B5044686B0642181
:106A5C003C4EFFF79AFF062120460025FFF7EAFF80
:106A6C0064212046FFF791FF37492046FFF798FF36
:106A7C0000212046FFF789FF14212046FFF7DAFF9B
:106A8C00013536F8021B2046FFF77FFF142DF7D196
:106A9C0004212046FFF7CEFF44F204012046FFF705
:106AAC0074FF44F205012046FFF76FFF44F20B011F
:106ABC002046FFF76AFF44F20C012046FFF765FF02
:106ACC0001212046FFF7B6FF4DF202412046FFF7A9
:106ADC005CFF00212046FFF7ADFF02212046FFF7A7
:106AEC00A9FF4FF440512046FFF74FFF43F201013D
:106AFC002046FFF74AFF15492046FFF751FF14497E
:106B0C002046FFF74DFF9FED130A01AA0221032037
:106B1C0007F0F2FA2A46104901A80AF036FE01A93C
:106B2C002046FFF73DFF0D4901AA0A2331F8020F59
:106B3C00013B02F8010BF9D101A92046FFF730FF08
:106B4C0006B070BDC00C0020CD130020E113002056
:106B5C00C6130020CDCCCC3FE6130020202400200F
:106B6C0070B504460068002603685B6898470146C8
:106B7C0005462046FFF75EFFAE4200D170BD0136E0
:106B8C0020463146FFF756FFF6E7F8B500F50057FB
:106B9C000446164697F8243433B1FFF79BFE0130B8
:106BAC008000C7F82804F8BD4D1EFFF793FE014680
:106BBC002046FFF73FFF2068324629460368DB6911
:106BCC0098472068294603681B6A984701460028A5
:106BDC00E9D02046FFF72EFFF3E700002DE9F04344
:106BEC000446E9B0006818AD08AE03680DF116084C
:106BFC0007AF28AA03950296CDF804800097D3F826
:106C0C00249006ABC847BDF8161020460131FFF79B
:106C1C0011FF069B43F201012046013318BF0021EE
:106C2C00FFF7B3FE20460021FFF7AFFE0699204682
:106C3C00FFF700FF20460021FFF7A7FE20460021AA
:106C4C00FFF7F8FE20460021FFF7F4FE2046002156
:106C5C00FFF7F0FE20460021FFF7ECFE2046002156
:106C6C00FFF7E8FE20460021FFF7E4FE07992046D7
:106C7C00FFF7E0FE069920464B1C59425941FFF79D
:106C8C0084FE20460021FFF7D5FE20460021FFF7A9
:106C9C00D1FE28A92046FFF783FE31462046FFF798
:106CAC007FFE29462046FFF77BFE03492046FFF76F
:106CBC0077FE69B0BDE8F08352100020F8B5094E9C
:106CCC000024094F05463168FFF7B4FE3368A34230
:106CDC0000D8F8BD37F8021B28460134FFF755FEE3
:106CEC00F4E700BF00240020AC0C00202DE9F04F8D
:106CFC000446E9B0006815460DF116080DF160095F
:106D0C0003680DF1200A07AECDF8048028AACDF84F
:106D1C000C90CDF808A00F460096D3F824B006AB23
:106D2C00D8474DF60B42BDF816309542069903F143
:106D3C0001080FD8B5F55C4F14D9A5F55C45013D9C
:106D4C000A2D0FD8DFE805F0111620390E0E222778
:106D5C00290E2B004DF641439D4225D04DF6444360
:106D6C009D4213D069B0BDE8F08F41462046FFF735
:106D7C0061FEF7E7013143F2010118BF4FF44051B6
:106D8C002046FFF702FEEDE70021F9E728A920468F
:106D9C00FFF706FEE6E75146F9E74946F7E73168A3
:106DAC008B4208BF0021E1E739462046FFF742FE3F
:106DBC0031682046FFF73EFE41462046FFF73AFE7B
:106DCC000021D3E72DE9F04F044600684F1E85B033
:106DDC0003684FF0000B3946394E5B699847002821
:106DEC0020460CBF04210121FFF7CFFD2068394656
:106DFC0003689B699847411C204689B2FFF7C5FD83
:106E0C0020460021FFF7C1FD206839460368DB6886
:106E1C009847054620688846394603681B69984799
:106E2C00336881468A465B68052226493046984776
:106E3C000A232A463046CDE9003B434608F0B9FA0E
:106E4C00304608F083FA33681F4905225B683046E8
:106E5C0098470A234A46304600935346CDF804B06F
:106E6C0008F0A7FA304608F071FA082220460DEB1C
:106E7C000201CDE90258FFF76DFDB5EB09054FF0A6
:106E8C000802204668EB0A030DEB0201CDE9025320
:106E9C00FFF760FD20464FF0FF31FFF7CBFD206878
:106EAC00394603689B68984701462046FFF778FDF2
:106EBC000649204605B0BDE8F04FFFF771BD00BF95
:106ECC00581E0020F1130020F71300205210002050
:106EDC004DF60B429142D3B504460FD8B1F55C4F39
:106EEC0014D9A1F55C43013B0A2B0FD8DFE803F062
:106EFC0010223E410E0E5769750E78004DF6414238
:106F0C00914270D04DF6444291425DD002B0D0BD5A
:106F1C004DF601412046FFF738FD20460621FFF7CC
:106F2C0034FD20460021FFF725FD00212046FFF708
:106F3C0081FD10E04DF602412046FFF726FD0421AD
:106F4C002046FFF722FD00212046FFF713FD00210C
:106F5C002046FFF71AFD20460021FFF76BFD0021AC
:106F6C00204602B0BDE8D040FFF704BD4DF603410A
:106F7C00E2E74DF60441FFF708FD08212046FFF734
:106F8C0004FD00212046FFF7F5FC00220023CDE98B
:106F9C000023082269462046FFF7DCFCDBE74DF6B0
:106FAC000741FFF7F2FC4FF6FF712046FFF7EDFCAF
:106FBC0001212046FFF7DEFC00212046FFF7DAFC1A
:106FCC00C9E74DF608412046FFF7DFFC4FF6FF718D
:106FDC002046FFF7DAFC0021EBE74DF60941F2E71A
:106FEC004DF60B4196E7FFF7D0FC0A212046002610
:106FFC00FFF7CBFC002700212046FFF7BBFC082243
:10700C0069462046CDE90067FFF7A4FCCDE900678F
:10701C00BFE72DE9F04F0646006885B0036806F51A
:10702C00005503919B6A984795F8244480463CB1DF
:10703C00D5F828340344C5F8283405B0BDE8F08FE2
:10704C004FF400530C2706F5846B06F50879C5F848
:10705C0020340294029B43450AD3002FEDD04FF409
:10706C00007106F5087005B0BDE8F04FFFF7EBBBFB
:10707C00029BA8EB030AD5F82034B3F5005F11D1BD
:10708C003068BAF5005F5246036828BF4FF40052CF
:10709C0000921B6BDDE902211C465B46A0470023D6
:1070AC00C5F82034C7F50073D5F8201409EB070098
:1070BC009A4528BF9A46C1F5005359449A4528BFB2
:1070CC009A465246574405F0C3FED5F82034B7F51E
:1070DC00007F5344C5F82034029B53440293B9D12A
:1070EC00394648460027FFF7AEFBB3E72DE9F04FD2
:1070FC008046006887B01C4603681646059108F563
:10710C0000559B6A9847801BB4F1FF3F08BF0446AB
:10711C008442234628BF0346039395F824340493F2
:10712C004BB1D5F82834039A1344C5F82834039886
:10713C0007B0BDE8F08F4FF400530C2708F5846BB3
:10714C0008F50879C5F82034039BB342EFD9039BAB
:10715C00A3EB060AD5F82034B3F5005F12D1D8F8AA
:10716C000000BAF5005F52460599036828BF4FF43A
:10717C000052009232461B6B1C465B46A047049B98
:10718C00C5F82034C7F50073D5F8201409EB0700B7
:10719C009A4528BF9A46C1F5005359449A4528BFD1
:1071AC009A465246574405F053FED5F82034B7F5AD
:1071BC00007F56445344C5F82034C5D1394648465F
:1071CC000027FFF740FBBFE72DE9F84F80460D463F
:1071DC001446DFF854B012B300F120094FF0000A46
:1071EC00DBF80060C6F50077A74228BF274635B10B
:1071FC0028463D443A4609EB060105F029FE3E447B
:10720C00E41BB6F5007FCBF8006005D1494640463B
:10721C00FFF794FBCBF800A0002CE1D101E0CBF8F8
:10722C000020BDE8F88F00BF3C1D01201FB50C22CB
:10723C0001A9FFF7C9FFBDF80830022B0ABF01985E
:10724C0000200C3805B05DF804FB07B501220DF1E8
:10725C000701FFF7B9FF9DF8070003B05DF804FBC9
:10726C0007B502220DF10601FFF7AEFFBDF80600CF
:10727C0003B05DF804FB07B504220DEB0201FFF728
:10728C00A3FF019803B05DF804FB70B50D460646EC
:10729C00FFF7DBFF1DB12C18A54208D170BD02B25F
:1072AC00294630465200BDE87040FFF78DBF30468E
:1072BC00FFF7D6FF05F8010BEEE730B50446C1B079
:1072CC000D46FFF7B3FF69462046FFF7DEFF206847
:1072DC006A46294603689B6C984742F2050242F2C3
:1072EC00010300280CBF1046184641B030BD000009
:1072FC002DE9F0470446C2B00E4600F120011746B6
:10730C00FFF71CFB0022324B20460DF108091A60D6
:10731C00FFF78CFF82462046FFF7ADFF2046FFF7B4
:10732C009FFF43F201036FF00205AAF1340AC31A5E
:10733C002046013ED3F1000848EB0308FFF790FF0D
:10734C002046FFF798FF2046FFF78AFF2046FFF7FD
:10735C0092FF2046FFF78FFF2046FFF78CFF204659
:10736C00FFF789FF2046FFF786FF2046FFF783FFD4
:10737C002046FFF780FF2046FFF772FF2046FFF7FD
:10738C007AFF2046FFF777FF49462046FFF77DFF3F
:10739C0048460AF025FBA5EB40055544032D0CDCB3
:1073AC0085B920683A4631460368CDF80090DC6A0E
:1073BC004346A04742B0BDE8F0872046043DFFF7A6
:1073CC005AFFEBE72046013DFFF73FFFE8E700BF20
:1073DC003C1D01202DE9F74F00F1200904464FF028
:1073EC000C0A494604F50057FFF7A8FA344B002263
:1073FC00204604F5846B1A60FFF718FF002306463D
:10740C00C7F82034002ED7F8203409DC2068026835
:10741C00002B4AD1206803689B6B984701202BE016
:10742C00CAF50078C3F5005509EB0A010BEB030014
:10743C00B04528BFB046454528BF45462A4605F00D
:10744C0007FDD7F820242A44B2F5005FC7F82024A2
:10745C0009D0761B002ED5D0494620464FF0000AA5
:10746C00FFF76CFACEE72068594603685B6B9847C8
:10747C00B0F5005F03D2002003B0BDE8F08F00230D
:10748C00B8EB0502C7F82034E3D00AEB05015846E7
:10749C000192A6EB0806494405F0DAFCD7F8203433
:1074AC00019A1344C7F82034D4E7556B04F5846172
:1074BC001A46A847D7F820349842ABD2DBE700BF76
:1074CC003C1D012070B50D4600F120011646044606
:1074DC00FFF734FA074B00221A604DF607439E4221
:1074EC0005D129462046BDE87040FFF7E6BE42F2C2
:1074FC00050070BD3C1D01202DE9F04F8FB00446F6
:10750C0007F0B2FC002800F00C8204F120033C21AF
:10751C001846039307F05EFC002800F00282A36A71
:10752C00AE490193A38CAE480093236AE28C07F01A
:10753C0029FF236A0C2B14D9E26AAA49A84807F040
:10754C0021FF236A102B0CD9226BA649A44807F003
:10755C0019FF236A142B04D9626BA249A04807F0C7
:10756C0011FFA14904F500559D4842F2010707F0AF
:10757C0009FFA16AA08CE28CD4F82C90D4F820A03E
:10758C0004914E46D4E90C83C5F82C1442F2050143
:10759C00022808BF0F4641F21B00824227D8B2F5E1
:1075AC00805F01D80F4661E0A2F58052013A1A2A99
:1075BC0000F27282DFE812F02C0056005A007000C4
:1075CC009200B700C200ED001A0170023F014E019B
:1075DC005801700270027002700270027002600139
:1075EC008501700270027002AA01B801CC0102F58B
:1075FC00CF437F339BB2032BD4D8A2F51842023A67
:10760C00022A00F2CF81DFE812F0F20119024002E7
:10761C0000260123204685F82434C5F82864FFF79A
:10762C0013FAD5F8283420460C220C3306A90693FD
:10763C000223ADF81C30E38CADF81E30A36AC5F8FC
:10764C00286485F824640893FFF708F92046FFF7AF
:10765C00FBF90699C1F3080141B104F50870FFF775
:10766C00F2F803E049462046FFF760F90323C4F81B
:10767C0020A0E7845246A384049B0399C4E90A39E9
:10768C0004F50874204605F0E3FB514620460FB084
:10769C00BDE8F04FFFF7D7B800260123204685F848
:1076AC002434C5F82864FFF75BFAD5F82834204653
:1076BC000C220C3306A906930223ADF81C30E38C84
:1076CC00ADF81E30A36AC5F8286485F824640893C5
:1076DC00FFF7C4F82046FFF743FABAE74FF000086B
:1076EC0001234946204685F82434C5F82884FFF741
:1076FC0069FBD5F8283406A920460C330C220693D6
:10770C000223ADF81C30E38CADF81E30A36AC5F82B
:10771C00288485F824840893FFF7A0F8494620466E
:10772C00FFF750FB95E7B8F1000F40F0B8814946E0
:10773C001A462046FFF7CEF8814697E7B8F1000FBE
:10774C0040F0AD81012249462046C5F8288485F8D1
:10775C0024241A460593FFF718FAD5F8282406A90D
:10776C0020460C3206920222ADF81C20E28CADF8B9
:10777C001E20A26AC5F8288408920C2285F824845D
:10778C00FFF76CF8059B494620461A46FFF7FDF9B2
:10779C005FE74FF0000801234946204685F8243462
:1077AC00C5F82884FFF71AFAD5F8283406A920461C
:1077BC000C330C2206930223ADF81C30E38CADF88D
:1077CC001E30A36AC5F8288485F824840893FFF733
:1077DC0045F849462046FFF701FA3AE7FD13002029
:1077EC00581E00200B140020501000204FF00008F1
:1077FC0001234946204685F82434C5F82884FFF730
:10780C0008FCD5F8283406A920460C330C22069324
:10781C000223ADF81C30E38CADF81E30A36AC5F81A
:10782C00288485F824840893FFF718F849462046E5
:10783C00FFF7EFFB0DE7B8F1000F40F03081206847
:10784C0049460368DB6B984742F21203002808BFD5
:10785C001F460BE74246494620464FF0180AFFF7F1
:10786C0047FDC4E90C8001E720464FF00C0AFFF7F6
:10787C00B1FD42F20503E9E74FF000080123494648
:10788C00204685F82434C5F82884FFF7B1F8D5F8DC
:10789C00283406A920460C330C2206930223ADF89B
:1078AC001C30E38CADF81E30A36AC5F8288485F82B
:1078BC0024840893FEF7D2FF49462046FFF798F838
:1078CC00C7E64FF0000801234946204685F82434CA
:1078DC00C5F82884FFF782F8D5F8283406A9204685
:1078EC000C330C2206930223ADF81C30E38CADF85C
:1078FC001E30A36AC5F8288485F824840893FEF703
:10790C00ADFF49462046FFF769F8A2E642464946D4
:10791C0020464FF00C0AFEF7F0FF0746002F7FF4CD
:10792C00A5AE0FB0BDE8F08F49464246204642F264
:10793C000107FEF7F1FF42F2050300280BBF1F46BB
:10794C004FF0100A4FF00C0A814608BFB1468DE685
:10795C004FF0000B01224946204685F8242442466C
:10796C00C5F828B40593FFF7C1FBD5F8282406A960
:10797C000C3206920222ADF81C20E28CADF81E20CF
:10798C00A26AC5F828B485F824B4CDE908202046AD
:10799C002022FEF763FF059B424649462046FFF72F
:1079AC00A5FB56E64FF0000801233146204685F82A
:1079BC002434C5F82884FFF781F9D5F8283406A9B2
:1079CC0020460C330C2206930223ADF81C30E38CBA
:1079DC00ADF81E30A36AC5F8288485F82484089372
:1079EC00FEF73CFF31462046FFF768F931E64FF0D1
:1079FC00000B012342463146204685F82434C5F855
:107A0C0028B4FFF765FAD5F8283406A920460C33BC
:107A1C000C2206930223ADF81C30E38CADF81E301B
:107A2C00A36AC5F828B485F824B40893FEF716FFAA
:107A3C00424631462046FFF74BFA0AE64FF0000B60
:107A4C00012342463146204685F82434C5F828B433
:107A5C00FFF74CF9D5F8283406A920460C330C2234
:107A6C0006930223ADF81C30E38CADF81E30A36AEC
:107A7C00C5F828B485F824B40893FEF7EFFE424607
:107A8C0031462046FFF732F9E3E5424631462046BF
:107A9C00FFF718FD074641E742F20507E6E542F21B
:107AAC001407E3E5C38B89B21B0406D4C1F30E01A2
:107ABC00C183C38B9BB2C3827047C38BC1F30801D4
:107ACC0003F47E430B43C383F3E770B50025142600
:107ADC0004460561C0E90012C0E902553246294648
:107AEC00304405F093F93246294604F1280005F09C
:107AFC008DF92046A587C4E91055C4E9125570BD0F
:107B0C0070B5D3B1046840F2012525611C46A9B1BA
:107B1C0011F8015B0668013B756605682E6FB607A8
:107B2C0004D46D6F0AB102F8015B013C05686D6904
:107B3C00ED07F2D5002BEAD11CB970BD90F83C5082
:107B4C00E8E70368196F8907FBD45B6F0AB102F889
:107B5C00013B013CF0E743681A6811685A6811420E
:107B6C0010B504461AD00268002111610521027C6F
:107B7C001344187C06F0D0FF627C63680521134423
:107B8C0093F8240006F0C8FF6368A27C0521134417
:107B9C00BDE8104093F8380006F0BEBF10BD0000E1
:107BAC002DE9F041876C0446194B3D79DD77406C2B
:107BBC0006791E771D77226CAAB1B2F5004F08D357
:107BCC00A2F5FF427F3A124B2264DD76DE76BDE8E9
:107BDC00F08111460068FFF765FF114638680022F6
:107BEC00FFF760FFEFE723680F21E06C996540F227
:107BFC000131DA6119614FF47C515961032311464B
:107C0C0084F83D300368BDE8F0411B68184700BF9D
:107C1C0000800E40024808B5FFF7C2FF08BD00BF48
:107C2C00C8810020024808B5FFF7BAFF08BD00BFA5
:107C3C001882002008B5084A08490948FFF745FF93
:107C4C00084A09490948FFF740FF094A09490A4807
:107C5C00FFF73BFF08BD00BF0405002000003A40C1
:107C6C00C88100209404002000C0394018820020F4
:107C7C0024040020004039406882002090F8A320A2
:107C8C0090F8A200101A704790F8A23090F8A32038
:107C9C009A4281BF5A1C80F8A220C018807E98BFDF
:107CAC004FF0FF30704790F8A23090F8A3209A4222
:107CBC0086BFC018807E4FF0FF3070477047B0F819
:107CCC0030310BB90020704790F82F31882B02D936
:107CDC0001234360F6E75A1C80F82F21184480F8E2
:107CEC00A5100120704738B5B0F830310546144660
:107CFC00ABB190F82F31C3F18902944282BF0120BD
:107D0C001446686005F1A5002246184405F0A0F859
:107D1C0095F82F31234485F82F31204638BD1C4669
:107D2C00FBE700002DE9F74F42690346017E4FF057
:107D3C00150E3C4C02EB0111DFF8F080087A597EED
:107D4C00060102EB011104EB0010A65991F8281062
:107D5C00D0F80CC0D0F804900F0104EB0111CD68E1
:107D6C00C9F800E0C6F884C07068496840EA0C00A5
:107D7C0001917060C1F800E0E159DFF8B4E0C1F89E
:107D8C0084504868284C284348606768DEF8000037
:107D9C00B0FBF8F04FF00A0808FB00F0D4F80480B0
:107DAC00A8EB07084045F9D809201F4FDFF87CA045
:107DBC00B46814EA0C0F02D08C682C4230D1C1F894
:107DCC008850D7F804B0DEF80040B4FBFAF404EBAA
:107DDC008404D7F80480A8EB0B084445F9D8C1F803
:107DEC008450D7F804B0DEF80040B4FBFAF404EB8E
:107DFC008404D7F80480A8EB0B084445F9D8013863
:107E0C00D6D1197E02EB0111C968C9F800105B7E4E
:107E1C0002EB0312D36A019A136003B0BDE8F08F32
:107E2C000120EEE764070020001000E040420F0044
:107E3C00541E00200B4A10B511680469636913F0D5
:107E4C00007F04D14FF4FE430120636110BDDB01C0
:107E5C00F8D413685B1A102BF0D9FFF763FF0028D6
:107E6C00F0D1F3E7682801202DE9F04790F82F8135
:107E7C0007460E460469B8F1000F2DD0FFF7DAFF64
:107E8C0050B3DFF8C0900025D9F800A045451CD8A8
:107E9C00E36D03F00703032B17D845B997F8A5201A
:107EAC0042F480622266012201331546F3E7454510
:107EBC0005F1010204D23D4495F8A5102166F3E7C3
:107ECC0016B14FF400732366154663691A0507D57E
:107EDC00236943F44073236104263046BDE8F087E0
:107EEC00D80405D52369052643F440732361F4E7D0
:107EFC00590508D52369022643F4407323614FF4D6
:107F0C0000732366E9E79A0405D4D9F80020A2EBA4
:107F1C000A02322A07D9236943F4407323614FF4D0
:107F2C0000732366D8E7454507D9E26D12F00702C6
:107F3C0003D19B0504D4002ECFD007F063F8A5E73E
:107F4C001646CAE7682801202DE9F74F05460E466C
:107F5C00174698460469FFF76DFF002800F08F80E4
:107F6C00012F4FF000034FEA4606DFF818A138BF87
:107F7C0001279B46DAF80020F6B207F1FF39A5F885
:107F8C00A230019249F48079BBF1020F11D8E26D55
:107F9C0046F480614FF4007002F0070241F00101D9
:107FAC005A44A2EB0B0CBCF1030F02D8BBF1030F2C
:107FBC0017D195F8A320872A25D96269100534D5E5
:107FCC00236943F440732361E36D13F4E02F03D072
:107FDC00236943F40073236195F8A30003B0BDE853
:107FEC00F08FBBF1000F03D121660BF1010BD8E729
:107FFC00BBF1010F02D1C4F86090F6E7B8F1000FA5
:10800C00F3D02066F1E7E16DC1F302410029D4D031
:10801C0095F8A320872AD0D8206F02F1010C2A44AE
:10802C00013985F8A3C09076F0E712F4105F05D102
:10803C00DAF80010019BC91A322907D9236943F4D5
:10804C00407323614FF400732366BDE795F8A310CA
:10805C00B94211D3BBF1020F02D806F0D3FF96E759
:10806C00E16D490702D006F0CDFFA2E79305ABD432
:10807C00B8F1000FF7D1A7E706F0C4FF84E704209E
:10808C00ACE700BF6828012070B506690446D6F835
:10809C00145115F4706301D0C6F81431A8070FD52C
:1080AC00D6F87021110444BF0023A4F8A23094F830
:1080BC00A330872B9FBF591C1B1984F8A3109A76E9
:1080CC00EA071CD594F830314BB9D4F8383103B1E8
:1080DC009847002384F82E31012384F8303194F82A
:1080EC002E3194F82F219A4285BF5A1C1B1900235C
:1080FC0084F82E2188BF93F8A530C6F86031AB0503
:10810C000DD594F8A30018B1D4F83C3103B19847BD
:10811C000023A4F8A230A4F82E3184F8303170BDBD
:10812C000148FFF7B1BF00BF681E00200148FFF7F0
:10813C00ABBF00BFA81F00200148FFF7A5BF00BFC1
:10814C00E82000200369002213481A61814212D8EA
:10815C00124A9A6401225A62114A9A624FF43032DE
:10816C00DA629A6C1A6500221A624FF001129A6553
:10817C0001221A6170470B4881420B4906D80B4803
:10818C0098645A620A4A9A62D962EAE70948986482
:10819C005A62094AF7E700BF7F1A06003B372819D5
:1081AC00B80B05053F420F00007F05001C1A120C8E
:1081BC00100E02020A090704600901010346501A55
:1081CC007F2B05D8002841D0084600F8013B7047AA
:1081DC00B3F5006F0DD2012837D99A0903F03F038C
:1081EC00084662F03F0263F07F0300F8022B4B70ED
:1081FC007047B3F5803F11D2022826D91A0BC81C40
:10820C0062F01F020A70C3F3851203F03F0362F0A1
:10821C007F0263F07F034A708B707047032814D978
:10822C009A0C081D62F00F020A70C3F3053262F05B
:10823C007F024A70C3F3851203F03F0362F07F02A2
:10824C0063F07F038A70CB7070470020704700008A
:10825C00884230B505463AD2037890F900000028E0
:10826C0002DB681C136030BD03F0E000C0281ED197
:10827C0003F01F0302242819884228D8013515F869
:10828C00011B01F0C004802C21D101F03F0185427B
:10829C0041EA8313F3D1A3F180040E498C4216D822
:1082AC00A3F55841B1F5006F11D31360DBE703F070
:1082BC00F000E02803D103F00F030324DBE703F005
:1082CC00F800F02803D103F007030424D3E70020BF
:1082DC00C9E700BF7FFF100070B503780446DA07CA
:1082EC0011D5406804F11005E16803682A465B6A01
:1082FC00984708B9002070BD23789B0705D42378D4
:10830C0023F0010323700120F5E7201D2A4643C802
:10831C00036831445B6A98470028F0D1EAE7436868
:10832C0070B504460E4615460BB9002070BDC368E7
:10833C008B4208D0FFF7D0FF0028F6D06B070AD588
:10834C000023E6602370237805F0030520462B43B9
:10835C0000F8103BEAE7606804F11002314603684C
:10836C001B6998470028EBD1DFE700007E2830B569
:10837C0027D8A0F16103192B8CBF00230123A0EB9C
:10838C00431398B230BD03EB520231F822508542B0
:10839C008CBF14461346E21A012AF4D89AB231F86B
:1083AC00223098422DD301EB8201C31ACA78934232
:1083BC0027DA91F90220012A07D103F00103C31A2D
:1083CC00DFE7352400231149E5E71AB192B20244E4
:1083DC0090B2D7E74EF2A032F9E703EB520231F834
:1083EC00225085428CBF14461346E21A012AF4D857
:1083FC009BB231F82320824204BF01EB83014888F1
:10840C00C0E74B2400230249EFE700BFE80C002033
:10841C00800B0020838913B5044623B1002282818E
:10842C00184602B010BDD0E901018842F8D201AA69
:10843C00FFF70EFF10B94FF6FF73F1E7019A60607A
:10844C00B2F5803F93B2EBD3C3F30903920AA3F5C1
:10845C001053A2F52152A38193B2E1E72DE9F0412B
:10846C0016460D4601F11E08B38935F8024F43B983
:10847C00D6E901239A4204D1B4FA84F04009BDE84C
:10848C00F0813046FFF7C6FFFFF770FF0746204626
:10849C00FFF76CFF874203D14545E5D10120EEE79C
:1084AC000020ECE72DE9F74F90F8313082468846F2
:1084BC00002B49D0571E0C464FF002090025CB1952
:1084CC0001939AF830304B4532D30022494650463E
:1084DC0000F070F80646B8B30378C12B34D100F124
:1084EC001E0B1B4F36F8020FD5B100F5105292B28D
:1084FC00B2F5806F28D207EA8525C0F3090028431E
:10850C0000F580302146019AFFF758FE0446D8B199
:10851C0000255E45E6D109F101095FFA89F9D0E73A
:10852C0000F5205292B2B2F5006F08D30028E9D1C1
:10853C000023A4EB0800237003B0BDE8F08FB2F564
:10854C00806F01D20546E4E7002088F80000F3E7CD
:10855C0000FC0F0000200B6870B50C4605464FF66A
:10856C00FF764B608881A3892061E3B9D4E90123AC
:10857C009A4218D10138A582FE288CBF0020012018
:10858C0070BDFFF7F3FEEB0343EA550353FA80F398
:10859C00000AC3F34E0545EAC33510FA85F5206988
:1085AC00ADB20130DFE72046FFF734FFB042E8D12F
:1085BC000020E5E7F0B500F1240385B004460F4632
:1085CC0001AD164693E8070085E807007A012946B5
:1085DC00206A00F0DFFC012806D132462946206AC9
:1085EC0000F08BFC05B0F0BD0020FBE710B5044695
:1085FC0000F05CFF002384F8313084F8333010BD78
:10860C0038B50D46144600F124010022006A00F032
:10861C0074FC20B143892B8003890120238038BD51
:10862C0038B50D46144600F124010022006A00F012
:10863C0064FC20B1C3892B8083890120238038BD41
:10864C0038B50D4690F83110044651B9382204F073
:10865C00DDFB40230120256284F8313084F833009F
:10866C0038BD0020FCE70000F0B40D4611F8014BBA
:10867C00202CFAD01B4F156095602E4616F8014B36
:10868C000CB12F2C0BD12C4615F8011B2029FAD03C
:10869C002F29F8D01C601146F0BCFFF75BBF3C2CB7
:1086AC0010D8212C05D8611E1E2916D80020F0BC2C
:1086BC007047A4F12201C9B227FA01F1C907F5D418
:1086CC002E2C0BE05C2CF1D004D83E3C012CEDD9C7
:1086DC00966004E07C2CFBD1E8E7202CF8D13546E1
:1086EC00CBE700BF012100052DE9F74F90F833309F
:1086FC00044689461646DD0740F19D80580603D492
:10870C0094F8313019070BD5D4E90023D4E90410BF
:10871C00B51843F10003A94270EB030300D28E1A83
:10872C0004F11803B046009334E094F83330A16997
:10873C005B0602D50131A16142E0009A00F0F7FB23
:10874C00002878DB3CD194F8313013F0500F72D004
:10875C00A6EB080003B0BDE8F08FCAF50077002245
:10876C0029460BF50470474528BF4746FFF7D7FD50
:10877C00002860D000EB0A013A46484604F068FB3A
:10878C00B944A8EB0708D4E90032DB1942F1000226
:10879C00C4E90032B8F1000FDAD0206AD4E9003213
:1087AC00D0F838741F40C7F3080A4FB91343BCD133
:1087BC0094F831305A064CBFD0F83434E369A361D5
:1087CC00D4F820B0780AA2699BF84514951EDBF802
:1087DC002C248D4005EB57251544BAF1000FBCD164
:1087EC00B8F5007FB9D3DBF81C229542B5D0B8F5AB
:1087FC00806F0AD2DBF814024A46294603681B69CB
:10880C009847C0B14FF40077BAE701238B404FEA89
:10881C0058211B1A8B4228BF0B4695424FEA43271F
:10882C0012D9DBF8140229460268D2F814B04A4671
:10883C00D8470028A4D194F832304FF0FF3043F0E1
:10884C00020384F8323085E7E9188A42E9D20BF545
:10885C0004700193FFF740FD019B0028E1D1EAE78A
:10886C00F7B501220DF1070104468569D0E90067CF
:10887C00FFF73AFF0128A5610CBF9DF807004FF0E8
:10888C00FF30C4E9006703B0F0BD2DE9F84F90F854
:10889C0031C0044616461F46D0F81880BCF1000FB4
:1088AC005CD0D0E90003BB4208BF904206D056EA28
:1088BC00070206D10023A361C4E900670120BDE8CB
:1088CC00F88F1CF0080F04D0D4E90412B142BA415D
:1088DC0044D3D4F820E0751E9EF8451447F1FF3AB6
:1088EC000931C9B2C1F12009A1F12002CD400AFA27
:1088FC0009F92AFA02F2A1F1200A45EA0905C1F1A7
:10890C002009154394F8332012F0400F02D0E3698C
:10891C002B44D0E710F1FF3B43F1FF322BFA01F16E
:10892C0002FA09F922FA0AF241EA090111438D42CD
:10893C0001D3034316D11CF0400F14BFDEF83434BE
:10894C00E369A36104F11809002DB5D04A46A16969
:10895C00206A013D00F0EBFA0028F5DC0020C4F899
:10896C001880ACE76D1AEDE72DE9F04F9A4690F8B8
:10897C0031308DB004460E461546002B43D191F88C
:10898C00313013F0500F3ED00AF00309B9F1030F48
:10899C0039D009F101090AF0080349EA0309002A50
:1089AC0038D017690F23002208460E37B7FBF3F7B0
:1089BC0002370023FFB2FFF768FF4FF0000BD846D9
:1089CC00202204A93046FFF78FFE002800F0C38058
:1089DC00202818D19DF910109DF8102000291EDBBD
:1089EC00BBF1000F05D13168A1F120030193B369EC
:1089FC000093BB453CBF0BF101035FFA83FB5AB9F3
:108A0C00002D40F0A8804FF0000884F8318084F8E5
:108A1C0033806AE00327D0E700208046D0E7B8F126
:108A2C00000F27D1BB4538BF4FF0000B852AF3D17F
:108A3C0038224146204604F0E9F99DF811209DF8B2
:108A4C001410012084F8302001F03702C90658BFF9
:108A5C0042F0080284F83120326A2262B269626202
:108A6C003268203AA26296F83320C2F3801284F85E
:108A7C002C20D2E7C02A50D19DF8112084F83390D5
:108A8C009307DDE9060148BF49F04002C4E904013F
:108A9C0048BF84F83320099ADDE90A01E261C4E990
:108AAC00020135BB1AF4006FADD11AF4884F03D113
:108ABC0094F83330980718D594F83130D906A2D4ED
:108ACC00DA07A0D41AF4806F3CD094F833309B07AB
:108ADC0099D5002200232046FFF7D7FE002892D01C
:108AEC00204600F027FE00288DD040460DB0BDE892
:108AFC00F08F2A684FF0000329696A609DF81320F3
:108B0C00AB81914288D1A88ABDF81420A0EB020C4D
:108B1C00DCF1000040EB0C007FE7C12A7FF47CAF56
:108B2C002A4604A92046FFF799FC00283FF475AFAC
:108B3C00AA89002A7FF471AFD5E9011291427FF422
:108B4C006CAFAFE71AF4804FCFD02046D4E90423A2
:108B5C00FFF79BFEC7E71AF4007F3FF454AF19F000
:108B6C00020F3FF450AF002D3FF44DAFBB4526D361
:108B7C0038220021204696F8338004F047F9336AF6
:108B8C00C8F3801807F1FF3A2362082384F82C807D
:108B9C005FFA8AFA84F831304FF00008009B636268
:108BAC00019BA3622B68A5F80C806B605FFA88F1BF
:108BBC00B94226D3204600F079FC804695E7202266
:108BCC0004A93046FFF790FD50B93046D6F818800E
:108BDC0000F08DFC00283FF416AFC6F81880C5E7EE
:108BEC0020287FF410AFBBF1000F05D13268A2F141
:108BFC0020030193B36900930BF101035FFA83FB2C
:108C0C00B4E701222046FFF7D5FC064600283FF4C6
:108C1C00FAAE90F90030002BFFF6F5AE20220021C1
:108C2C0004F0F4F8B8F1000F20D185233370204BF9
:108C3C0084F830A086F801A01B688BB10DF10B02F3
:108C4C000DF10E0103A89847BDF80C307381BDF8E7
:108C5C000E3033819DF80B30337508F10108A5E710
:108C6C0045F621037381F3817382F6E7B8F1010FA6
:108C7C000CD1C02386F80180337069F07F0384F82F
:108C8C0033302B69F370AB8AB380E6E7C12306F16E
:108C9C001E0B3370AA891AB9D5E901129142DCD0A6
:108CAC002846FFF7B7FB26F8020FB345F2D1D4E7FD
:108CBC00EC1C0120F0B51F4697B0002305460C466E
:108CCC0001921493ADF8143090F8313013B10020A8
:108CDC0017B0F0BD91F8311011F0500FF7D011789A
:108CEC002F291CD1104612F8011B2F2908D003B1D3
:108CFC000190246A31B921462846FFF7A1FCE7E729
:108D0C000123EFE73822002108A804F07FF8402364
:108D1C00109408AC8DF8513001238DF8533001AB11
:108D2C0002AA01992846FFF79FFC0028CFD0019B8F
:108D3C001B78DBB1002302AA21462846FFF714FE5C
:108D4C000028C4D008AE2A4605F1300C3446106811
:108D5C00083252F8041C3346624503C31E46F6D152
:108D6C00106818602846FFF741FCD8E73B4602AA7A
:108D7C0021462846FFF7F8FDAAE719B101F58961EC
:108D8C00FFF798BF08467047134610B490F831208F
:108D9C0062B991F8312012F0500F07D00A6812F026
:108DAC001F0203D15DF8044BFFF7DEBD00205DF818
:108DBC00044B70472DE9F84F074693468A4661B33A
:108DCC008D1ED7F830340124AB4298BF002505F036
:108DDC000703C5F3C809A8462E469C40E4B2D7F851
:108DEC002C140022384601EB1631FFF798FA90B19B
:108DFC0010F8093001361C4212D1A6EB08035B4572
:108E0C000FD1BAF1000F04D1BBF1010F08BFC7F8A5
:108E1C00208408F10200BDE8F88FD0F82054D0E788
:108E2C00B046B54217D0D7F83034B3420DD96400F0
:108E3C0014F0FF04DCD109F1010301244FF0000907
:108E4C00B3F5007FCBD29946D2E74FF000084FF430
:108E5C0000794646EFE70120DDE702392DE9F843BA
:108E6C0005461F46D0F830048B18164683423FD86F
:108E7C00D5F82024BFB3914206D8934204D983423B
:108E8C0028BF0023C5F8203401F007034FF0010977
:108E9C00C1F3C80409FA03F9D5F82C345FFA89F93F
:108EAC0003EB11380122414628469044FFF737FA6C
:108EBC00F0B10319494600F500701A780A4214BF44
:108ECC0001240024BC4213D04A40013E1A7012D037
:108EDC00490011F0FF01F0D101330C4601219842F9
:108EEC008946EAD1DEE7914238BFC5F82014CBE7BA
:108EFC000020BDE8F8830120FBE738B5D0F8383402
:108F0C000C46496800F5047090F8355219402368F6
:108F1C00023BAB4003EB5123D0F81C121944FFF772
:108F2C00FEF918B16368C3F30803184438BD38B5AB
:108F3C00D0F830340C46154601338B4202D24FF038
:108F4C00FF3038BDD0F82414002200F5047001EB7A
:108F5C00D411FFF7E4F90028F1D0A400C4F30804FD
:108F6C0003595A1C16BF012000202B60E9E737B5C6
:108F7C0005460024019101AA01992846FFF7D7FF65
:108F8C00002805DB04F10104F5D1204603B030BD07
:108F9C000024FAE770B54B680646D0F838440D4605
:108FAC001C4013444B60144490F845340933DBB235
:108FBC00DC400CB901200CE02B7A29681BB1013183
:108FCC002960013CF5E72A463046FFF7B0FF01283F
:108FDC00F7D070BD012938B50C46154601D80020D4
:108FEC0038BDD0F8303401338B42F8D3D0F8241488
:108FFC00012200F5047001EBD411FFF790F9002861
:10900C00EDD0A400C4F3080405510120E8E72DE9D4
:10901C00F34107460C46884601AA21463846FFF71D
:10902C0086FF061E04DA0025284602B0BDE8F08152
:10903C00002221463846FFF7CDFF05460028F2D026
:10904C00621C16B1019B93420AD00023A2EB0802CA
:10905C0041463846FFF701FF0028E4D0DDF80480D4
:10906C00019C002ED8D1DFE72DE9F0410024064603
:10907C00D0F82C8400F5047725464146002238466A
:10908C0008F10108FFF74BF970B1D6F830C4431E54
:10909C0005F5805E13F8010FFF2807D10834083559
:1090AC00AC4510D8ACEB0400BDE8F0810028F6D03C
:1090BC000821012210424FEA420218BF0134013943
:1090CC00D2B2F7D1EBE77545E4D1D6E7F8B54FF05E
:1090DC00FF33154600F504770022C0F8401404460F
:1090EC004160C0F81412114680F844240270C36029
:1090FC0080F81022C0F81C323846FFF710F9042D06
:10910C00064601D90020F8BD0028FBD0A5B1013DD1
:10911C0000EB051090F8BE2112F07F02F2D190F80E
:10912C00C231002BEED0D0F8C65138462946FFF795
:10913C00F6F806460028E5D01A490522F01C08F07E
:10914C005CFB01460028DDD196F86C30092BD9D197
:10915C00336D2B44C4F82434736DC4F82834B36DC8
:10916C002B440125C4F82C342A46F36DC4F8303452
:10917C00336EC4F8343496F86D30C4F820042046AD
:10918C0084F84534093305FA03F3C4F83C34013B45
:10919C00C4F83834FFF70EFE4023284684F84434D4
:1091AC00B1E700BF0F14002010B50446D0F83414FA
:1091BC00FFF7DDFE94F845340933DBB2984010BD5F
:1091CC0070B500F589648EB000230A4668462146C6
:1091DC000C93FFF76FFD054698B19DF8313013F0F5
:1091EC00500311D06A4623460CAE1446083303CC08
:1091FC00B44243F8080C43F8041C2246F5D120680D
:10920C00186028460EB070BD1D46FAE730B5002335
:10921C00044605780846C203E15C012B42EA500281
:10922C0011FA82F290B207D1852D0CBF03220122D4
:10923C0013441F2BEFD930BD0122F9E710B50446BA
:10924C00FFF74AF858B104F50470FFF745F830B150
:10925C00D4F840040368BDE810401B6A184700208E
:10926C0010BDF8B50446006AA16901B101310122B3
:10927C00FFF7A0FD0128054602D800263046F8BDB0
:10928C0001230146206A1A46FFF7E7FD064600282F
:10929C00F3D0A26994F833302AB943F0400384F830
:1092AC003330A561EAE7590611D44FF0FF32294655
:1092BC00206AFFF78FFE0028DFD0A1690029F0D0CB
:1092CC002A46206AFFF786FE0028EAD1D5E701324C
:1092DC00AA42E6D023F04003E16984F83330A36955
:1092EC00206A8B42E1D94F1C3A46FFF773FE0028E7
:1092FC00C3D03946F3E7F8B590F8333004469A07F3
:10930C0001D40020F8BDC169D1B900250122E9B210
:10931C002046FFF74FF90028F3D00378013503F00E
:10932C007F030370EBB294F830209A42EED2002304
:10933C00206A84F8313084F83330FFF77FFFE1E79F
:10934C005B06006A1AD590F84534D4E90225093336
:10935C00013ADBB245F1FF35C3F12007A3F120063A
:10936C00DA40002305FA07F725FA06F63A433243AA
:10937C000132FFF772FD0028C7D1C2E7FFF747FEA5
:10938C00F9E710B590F8313088B00446DB0602D40A
:10939C00002008B010BD00220023FFF776FA20222F
:1093AC0069462046FFF7A0F948B12028F0D19DF975
:1093BC0000209DF80030002AEADB002BEFD10823B7
:1093CC00204684F8313094F8333043F0020384F8AB
:1093DC003330FFF790FFDCE7F7B5002704463E4635
:1093EC000022F9B22046FFF7E5F8054600283DD0EB
:1093FC000378C02B43D0C12B21D0852B36D194F8C8
:10940C00313003F037038380274B1B6883B10DF198
:10941C0003020DF1060101A898479DF80330BDF831
:10942C0006206B75BDF80430AA81EB812A826B8211
:10943C00226A92F8103243F0010382F8103201379D
:10944C0031462846FFF7E2FE94F83020FBB2064680
:10945C009A42C5D2012204F12401206AFFF74DFD86
:10946C0020B14680206AFFF7E9FE30B994F832301B
:10947C00002043F0010384F8323003B0F0BD94F8BF
:10948C003320437852064CBF43F0020303F0FD0334
:10949C004370D4E90423C0E90223E3694361D4E9AE
:1094AC000223C0E90623C3E7EC1C012010B590F899
:1094BC00313004460BB9012010BD90F9332090F8DF
:1094CC003330002A07DA03F07F0380F83330BDE82D
:1094DC001040FFF781BF006AFFF7B0FE0028EAD109
:1094EC0094F8323043F0010384F83230E4E770B57D
:1094FC0090F8313004465A064BD5006AFFF754FEFB
:10950C00236AD3F83C341844B0F1806F43D2204620
:10951C00FFF7A7FE00283ED0206A0026A56990F828
:10952C004534023D9D40D0F82C341D440522A91928
:10953C0000F50470FEF7F3FE68B34FF400720021DF
:10954C0003F064FC206A0123013690F84524934013
:10955C009E42EBD394F831305B0615D494F833303B
:10956C0063F07F0384F83330D0F83C24D4E9023123
:10957C009B1841F10001C4E90231D4E904319B1874
:10958C0041F10001C4E904312046BDE87040FFF709
:10959C008DBF8068B4E7002070BD10B591F83130F4
:1095AC00044613F0500F1AD040F60223FFF7DCF9F3
:1095BC00A8B11023204684F83130FFF798FF70B122
:1095CC00A36920460022E3610023FFF75EF9C12363
:1095DC00204684F83330BDE81040FFF767BF002009
:1095EC0010BD2DE9F041984696B0002305460C4677
:1095FC000192ADF81430149390F831301BB1002067
:10960C0016B0BDE8F08191F8313013F0500FF6D060
:10961C0013782F2B0AD1019A13782F2B2CD0216A77
:10962C0008A8FFF70DF80028E9D008AC01AB02AA96
:10963C0001992846FFF718F80028E0D0019B1B7809
:10964C0043B3002302AA21462846FFF78DF9B0B197
:10965C0008AE2A4605F1300334461068083252F839
:10966C00041C37469A4203C73E46F6D11068386050
:10967C002846FEF7BBFFD9E701320192CBE7B8F1E0
:10968C00000FBCD002AA21462846FFF786FF00280F
:10969C00DED1B4E702AA21462846FFF77EFFAFE7EA
:1096AC00F0B504469DB000200C901A9094F831004F
:1096BC0010F0180F02D100201DB0F0BD206A0B6A0B
:1096CC009842F8D140F601236846FFF7F3FA0028D8
:1096DC00F1D00EAA234604F1300716461868083359
:1096EC0053F8041C1546BB4203C52A46F6D118682C
:1096FC0009AA04F12403286007CA83E807009DF82F
:10970C003030204684F8303094F8333063F07F03E7
:10971C0084F83330FFF7CAFE0028CCD00023304643
:10972C00159302238DF86B3008238DF86930FFF701
:10973C00E2FDC1E7F7B590F833200446930702D455
:10974C00002003B0F0BDC369002B56D012F04002CC
:10975C00816937D0006A90F84554D4E9022609355E
:10976C00013AEDB246F1FF36C5F1200CA5F1200708
:10977C00EA4006FA0CFC26FA07F742EA0C023A43D6
:10978C000132A9B1013B4D1C5B1A01951A4492B9E7
:10979C002046D4E90023C4E90223C4E9042394F845
:1097AC00333063F07F0384F83330FFF77FFEC8E774
:1097BC000193E161EBE700230199FFF74EFB0028D1
:1097CC00E6D1BDE7B1B1019201AA006AFFF7AFFB88
:1097DC000028B5DB07D04FF0FF32A169206AFFF7F4
:1097EC00F9FB0028ACD001990029D1D0206AFFF7F1
:1097FC000EFCE4E70193C161F5E70120A1E700004D
:10980C002DE9F74F90F833308946044617469907EF
:10981C0023D51A071BD4B84604F1180B4FF0010AD4
:10982C00D4E90053B8F1000F1FD1D4E90212A942B8
:10983C009A4180F0E980C4E9025394F8333063F024
:10984C007F0384F83330384603B0BDE8F08FD0E99D
:10985C000423FFF71AF80028DDD194F832300020E9
:10986C0043F0010384F83230EEE7206AA169D0F8A6
:10987C0038341D40C5F3080625BB002956D094F892
:10988C0033305B064BD590F84504D4E902320930ED
:10989C00013BC0B242F1FF32C0F1200EA0F1200C0E
:1098AC00C34002FA0EFE22FA0CFCE26943EA0E03F4
:1098BC0043EA0C0313448B422ED82046FFF7D1FC0D
:1098CC000028CAD0D4F820C04FEA552EA1699CF8C4
:1098DC0045240239DCF82C34914001EB5521194414
:1098EC0086BBB8F5007F2DD3B8F5806FDCF8140279
:1098FC006CD2DCF81C324A46994202BF4FF0FF335F
:10990C008CF81062CCF81C3203685B6A984700280C
:10991C00A3D04FF400753EE00131A161D2E75A4665
:10992C00FFF705FB002898DBC7D0CBE7E3693BB911
:10993C002046FFF796FC00288FD0A369E361C1E7AE
:10994C00A361BFE7C6F50075454528BF45464EB92E
:10995C00636920680193236962689842019B72EBEA
:10996C00030331D201220CF50470FEF7D8FC002859
:10997C003FF473AF30442E442A46494603F068FA4C
:10998C00B6F5007F206A06D100F50470FEF7A4FC42
:10999C0000283FF462AFA944A8EB0508D4E90032D3
:1099AC00D4E90401EB1842F10002984291413CBF0A
:1099BC0094F8331061F07F01C4E900323CBF84F8A5
:1099CC003310C4E904322BE70522CCE70AFA02F380
:1099DC004FEA5822A3EB0E03934228BF1346DCF840
:1099EC001C2291424FEA432509D803EB010E724524
:1099FC003EBF4FF0FF328CF81062CCF81C2202688C
:109A0C00966A4A46B047C3E7024B1B68002B7FF4AB
:109A1C0014AF18E7EC1C012010B54901044600F006
:109A2C006AFA28B120460021BDE8104000F044BA83
:109A3C0010BD042A04D801EB4201B1F801007047B3
:109A4C000A2A03D801EB4201888870470C2A9ABF76
:109A5C0001EB4201C88800207047F8B504780D4628
:109A6C001746BCB314F0600407D0012A32D92F2357
:109A7C0001200B7000234B70F8BD214600F00EF94D
:109A8C0040B3064621460822082933780BD1202BF7
:109A9C001CD010222E23A4460134BC421AD2E4B2AC
:109AAC0005F80C300FE0A3F1410C0136BCF1190F95
:109ABC0007D890F80CC012EA0C0FECD02033DBB2B4
:109ACC00E9E7202BE7D101310C29DDD10023204619
:109ADC002B55D1E700202870CEE700002DE9F04F80
:109AEC0000258DB00378064688461746039563B16A
:109AFC00C37823B9FFF7B1FF0DB0BDE8F08F014675
:109B0C0003A800F0F3F8002855D1002088F80000D5
:109B1C00F2E7B18803A8A1EB090189B2FFF77CFF3A
:109B2C0082460028F1D0C37A0F2BEED1037803F0D4
:109B3C001F035B45E9D14FF0000B234F5FFA8BF20B
:109B4C0051463046FFF775FF1DB300F5105292B227
:109B5C00B2F5806FD9D207EA8525C0F309002843F6
:109B6C0000F580302146019AFEF728FB04460028B8
:109B7C00CBD000250BF1010BBBF10D0FDED109F1A0
:109B8C0001091FFA89F95FFA89FBF3785B45C0D2AA
:109B9C0007E000F5205292B2B2F5006F06D3002810
:109BAC00E0D10023A4EB08002370A5E7B2F5806F89
:109BBC00ABD20546DEE7013F44464FF0010908EB06
:109BCC0007030193DFE700BF00FC0F00FFF786BF20
:109BDC0010B504462830FEF77FFB50B104F50E702B
:109BEC00FEF77AFB28B120680368BDE810401B6AB9
:109BFC001847002010BD024638B552F8105F0446D5
:109C0C008068294600F0D5FE40B1A3783DB943F0F9
:109C1C004003A370A37863F07F03A37038BD0135B4
:109C2C002269AA42F6D023F04003F2E7F8B5057892
:109C3C00044615F0200502D000263046F8BD4269D6
:109C4C00154B9A42F8D2FFF7D6FF06460028F3D000
:109C5C00A26823699179023B57698B401F44A06825
:109C6C00E9B203798B4208D882794FF400739340A0
:109C7C00626912FA83F36361DFE705223944283005
:109C8C000135FEF74CFB0028D6D04FF400720021B2
:109C9C0003F0BCF8E3E700BF00FE1F0010B504465C
:109CAC0080680A462830A169FEF739FB20B1A388E9
:109CBC0003F00F0300EB431010BD38B50D460178CF
:109CCC00044609B1002038BD242203F09FF8A5609A
:109CDC00EB79102B03D0202B06D00C2BF2D12023A8
:109CEC0001202370A070EEE74023F9E738B5CB686C
:109CFC0004460D4623B98968BDE83840FFF7DDBF3F
:109D0C0023220021013003F081F81023012023705D
:109D1C00A070AB68A360EB68236238BD2DE9F74FE8
:109D2C008378044688461646DF0740F19E80037808
:109D3C001D072DD5C36942699B1A9E4228BF1E463A
:109D4C0037464FF00009002F58D0237862699906E6
:109D5C00A068C2F3080A4FEA522522D5036A1D44B3
:109D6C00A368BAF1000F4DD1B7F5007F4AD3596BF8
:109D7C008D4247D0B7F5806F5DD2D86A42462946EE
:109D8C0003681B69984700286FD04FF4007B4BE0A9
:109D9C009806D5D5A3685A896369C3EB42139BB265
:109DAC00CBE790F8059009EA0509BAF1000F08D144
:109DBC00B9F1000F05D16AB95A064CBF036A236A80
:109DCC002361A36825699A79023D5B6995401D441E
:109DDC004D44C5E71B07216905D5A3785D0602D55F
:109DEC0001312161EDE704F1100200F01CFD0028A7
:109DFC003BDBE6D1237813F0700F36D0F01B03B0A9
:109E0C00BDE8F08FCAF5007B0022294603F128003B
:109E1C00BB4528BFBB46FEF782FA30B300EB0A0104
:109E2C005A46404603F014F86369D844A7EB0B0775
:109E3C005B44636187E720784FEA572A820605D492
:109E4C001879A0EB0900824528BF82468D424FEA63
:109E5C004A2B11D9D86A2946424603685B699C464D
:109E6C0053466546A8470028DED163784FF0FF3093
:109E7C0043F002036370C2E705EB0A008142E9D2AA
:109E8C0003F128000193FEF727FA019B0028E1D18A
:109E9C00EBE773B501220DF107010446D0E9045636
:109EAC00FFF73CFF01280CBF9DF807004FF0FF3077
:109EBC00C4E9045602B070BD436913F4F07F37B5A2
:109ECC000446C3F3431500D099B901220DF10701E3
:109EDC002046FFF723FF40B2012802D0002003B038
:109EEC0030BD63691F33A0686361383000EB4510E7
:109EFC00F5E72033F7E72DE9F0410D4601780446EC
:109F0C00076989B14069A84206D045B92561A37893
:109F1C00656123F02003A3700120BDE8F0810B07DD
:109F2C0005D5E369AB420AD200202761F5E78E061E
:109F3C0005D5A3685B89B5EB431FF5D8E7E7D4F8E3
:109F4C0008C06E1EA2789CF80630520603F1090375
:109F5C00DBB226FA03F603D5236A33442361D6E732
:109F6C00421E22FA03F39E4200D390B94B064CBF1B
:109F7C00DCF82030236A236104F11008002EC6D0CF
:109F8C0042462169A068013E00F04DFC0028F5DC3A
:109F9C00CAE7F61AF0E710B503780446DA0609D5D5
:109FAC000021FFF7A8FF01212046FFF785FF18B914
:109FBC0063785BB1002010BD03783BB1E52BF2D088
:109FCC002E2BF0D0C37A1B07EDD4F3E708232046E1
:109FDC002370A37843F00203A370BDE8104001F096
:109FEC0075B9F8B50F4616460021242204461D46C5
:109FFC0002F00CFFB8683B6AA68006F00F06E3601F
:10A00C0000F13803A06003EB4613DA7A11073AD457
:10A01C0002F017022270D97A11F0180F04BF42F027
:10A02C00080222709DF81820E27005F00302012A44
:10A03C0021D0022A21D032BB6A0524D401229707F1
:10A04C0004D52178CE061ED4C9071CD405F008010E
:10A05C000A43A270426B598BA2619A8A41EA02416F
:10A06C006A0514D559B9A37863F07F03A3706B0408
:10A07C0011D40120F8BD0222E1E70322DFE700F052
:10A08C00D7FC0028EFD100202070A070F2E72162ED
:10A09C00DB69E361EBE7E1692046FFF72CFF002861
:10A0AC00E7D1F0E72DE9F347037807460E469046D3
:10A0BC00002B3FD10B7813F0700F3BD04C6914F090
:10A0CC001F0437D1A24600213046D6F81490FFF772
:10A0DC00F3FE78B3017869B32E2920D0E5291ED080
:10A0EC00C37A13F008021CD174B1411E00F10A05A9
:10A0FC00D30143EA520311F8012F52FA83F3A94218
:10A10C00DAB2F5D1924515D14346C9F34F12314617
:10A11C0038460094FFF765FF02B0BDE8F0870024D5
:10A12C00D1E70F2BFBD14B06CDD501F01F0490F8D6
:10A13C000DA0C8E70020EFE737B50378044613B944
:10A14C00012003B030BD90F90230002B2ADA012136
:10A15C00FFF7A4FD054628B96378002043F00103FE
:10A16C006370EEE70378E52BF6D023781B0744BF2A
:10A17C00E369C361236A43831B0C83820C4B1B680A
:10A18C0063B10DF103020DF1060101A89847BDF86A
:10A19C0004302B836B82BDF80630EB82A37803F07E
:10A1AC007F03A370A068FFF713FD0028D4D0C7E786
:10A1BC00EC1C012010B50446FFF7BEFF00232370F2
:10A1CC00A37010BDF0B51F4695B0002306460C4693
:10A1DC0001920293ADF83830037813B1002015B01A
:10A1EC00F0BD0B7813F0700FF8D013782F2B12D121
:10A1FC00019A13782F2B05D0A16833B93046FFF79D
:10A20C005CFDECE701320192F2E702A8FFF755FD85
:10A21C000028E3D002AC01AB0BAA0199304601F047
:10A22C0003F80028DAD0019B1B789BB100230BAA02
:10A23C002146304600F0BAFE0028CFD0354602AC9D
:10A24C000FCD0FC40FCD0FC42B6830462360FFF722
:10A25C00B1FFDFE73B460BAA2146304600F0A6FED5
:10A26C00BDE719B101F58961FFF7ACBF084670472E
:10A27C0070B506460C46FFF75FFF054610B9002582
:10A28C00284670BD00213046FFF708FD0346002824
:10A29C00F5D0214600F1200253F8040B934241F80B
:10A2AC00040BF9D1ECE730B589B00D46144669467C
:10A2BC00FFF7DEFF28B1BDF810302B80BDF80E3053
:10A2CC00238009B030BD30B589B00D4614466946BF
:10A2DC00FFF7CEFF28B1BDF818302B80BDF8163033
:10A2EC00238009B030BDF0B50B7889B004460E461A
:10A2FC0013F0700F02D1002009B0F0BD40F602231C
:10A30C0000F054FE0028F6D0012710252046A77037
:10A31C002570FFF78BFC0028EDD023690021204627
:10A32C002362FFF7E8FD2046FFF706FF0028E2D086
:10A33C0039462046FFF7B2FC03460028DBD06A46BC
:10A34C00C57200F1200C15461868083353F8041C2C
:10A35C001746634503C73A46F6D14FF02033A06841
:10A36C00216A0122CDF801302830CDF805300239B0
:10A37C00ADF8093010F8223C994050F8143C1944BF
:10A38C00FDF7CDFF03460028B5D02E22AC4607467C
:10A39C000DF1200E8DF800206246083703CA724575
:10A3AC0047F8080C47F8041C9446F5D12E222033AC
:10A3BC008DF80120326A08AE110CADF81A202A462D
:10A3CC00ADF814101546083303CDB54243F8080C0C
:10A3DC0043F8041C2A46F5D1A068FFF7F9FB8BE77C
:10A3EC00F0B51F4695B0002306460C460192ADF819
:10A3FC0014300B93037813B1002015B0F0BD0B781B
:10A40C0013F0700FF8D013782F2B0AD1019A137810
:10A41C002F2B24D0A1680BA8FFF74FFC0028EBD002
:10A42C000BAC01AB02AA0199304600F0FDFE0028EE
:10A43C00E2D0019B1B78FBB1002302AA21463046D7
:10A44C0000F0B4FD70B135460BAC0FCD0FC40FCD81
:10A45C000FC42B6830462360FFF7ACFEE0E70132F7
:10A46C000192D3E7002FC7D002AA21463046FFF74E
:10A47C003AFF0028E7D1BFE702AA21463046FFF792
:10A48C0032FFBAE72DE9F04303789BB04FF0000997
:10A49C00044613F0180F0F469046CDF82090CDF8D7
:10A4AC00449003D100201BB0BDE8F08382688B6818
:10A4BC009A42F7D12646FFF73FFE11AD0FCE0FC5DE
:10A4CC000FCE0FC53368494620462B60FFF7E6FBDD
:10A4DC0003460028E6D06A4600F1200C15461868A1
:10A4EC00083353F8041C1646634503C63246F6D1AE
:10A4FC00237808AE13F008030AD040F60123424635
:10A50C0039463046FFF75EFE0028CBD0002707E027
:10A51C00424639463046FFF763FF0028C2D0109FF1
:10A52C000E9B01212046A361BDF82430A3809DF829
:10A53C002330E3700B9BE36000238DF820308DF803
:10A54C002230FFF7ABFB0028ACD00DF10D0300F16E
:10A55C000D020DF11D0153F804CB8B4242F804CBD4
:10A56C00F9D1198811809B7893709DF80B30C372C8
:10A57C00002F3DD0A068BB1E8279283050F8141CE7
:10A58C00934000221944FDF7CAFE00288AD000F13E
:10A59C002002AE4600F140031068083252F8041C49
:10A5AC00F4469A42ACE80300E646F5D13946A06879
:10A5BC0000F03EFA00283FF475AFA0680122216A32
:10A5CC00837928300239994050F8143C1944FDF72E
:10A5DC00A6FE00283FF466AF00F120032A4608339C
:10A5EC0003CAB24243F8080C43F8041C1546F5D1D3
:10A5FC00002311A8199302238DF8463008238DF8F7
:10A60C00443000F063FE00283FF44CAFA068FFF725
:10A61C00DFFA48E72DE9F047837804468946164669
:10A62C009D071CD5190715D463699B1917D2B04621
:10A63C0004F1100A6369B8F1000F16D1E2699A426D
:10A64C0080F0B380E361A37863F07F03A37030469E
:10A65C00BDE8F087C169FFF74EFC0028E4D16378B0
:10A66C00002043F001036370F2E7A068C3F3080510
:10A67C002169477917EA53270AD14DB900293BD0F4
:10A68C00A27852062CD5E2699A4229D9013121616E
:10A69C00D4F808C021699CF8063002399940DCF8DE
:10A6AC00143019443944002D32D1B8F5007F2FD322
:10A6BC00B8F5806FDCF82C005AD2DCF834304A46FE
:10A6CC00994202BF4FF0FF338CF82850CCF834304D
:10A6DC0003685B6A98470028C1D04FF400773CE0D0
:10A6EC00524600F0A0F80028B9DBD1D12046FFF784
:10A6FC0082FA0028CCD1B2E7236A3BB92046FFF797
:10A70C007AFA0028ABD023692362C1E72361BFE743
:10A71C00C5F50077474528BF47462DBB6269E369FD
:10A72C009A4223D2A37813F0200F14BF05220122E2
:10A73C000CF12800FDF7F3FD002890D028443D448F
:10A74C003A46494602F084FBB5F5007FA06804D177
:10A75C002830FDF7C1FD002881D06369B944A8EB0E
:10A76C0007083B44636165E70122E1E70522DFE767
:10A77C009CF804304FEA5822DB1B934228BF134647
:10A78C00DCF8342091424FEA432709D803EB010E41
:10A79C0072453EBF4FF0FF328CF82850CCF8342075
:10A7AC000268956A4A46A847D5E7034B1B68002BFD
:10A7BC007FF449AF4BE700BFEC1C01201368B3F5E5
:10A7CC00807F30B51C4628BF4FF4807401EB4405E4
:10A7DC00A94202D31B1B136030BD31F8020B0028B9
:10A7EC00F6D1506801305060F2E71368802B30B519
:10A7FC001C4628BF802401EB8405A94202D31B1BF5
:10A80C00136030BD51F8040B0028F6D150680130AC
:10A81C005060F2E7037A00F50E70022B08BF42F08D
:10A82C000202FDF77CBD01292DE9F04106460C46DC
:10A83C00174603D84FF0FF30BDE8F081C3698B4257
:10A84C00F8D3C379202B12D18169002201EBD411EA
:10A85C00FFF7E0FF0028EDD0A40004F4FE740359C8
:10A86C00F269934296BF012000203B60E4E7102B75
:10A87C000DD1C1F30721836900221944FFF7CAFFE8
:10A88C000028D7D0640004F4FF74035BE8E70C2BBA
:10A89C00D0D1C1F34E088369002218FA81F81FFA4F
:10A8AC0088F5C8F3462898444146FFF7B3FF0028C3
:10A8BC00C0D0C5F30803C55C0133B3F5007F08D1E4
:10A8CC00002208F101013046FFF7A4FF0028B1D0A7
:10A8DC000023C35CE20745EA03231BB24CBFC3F35E
:10A8EC000B13C3F30B03BBE701292DE9F0418046A1
:10A8FC000C46154602D80020BDE8F081C3698B4296
:10A90C00F9D3C379202B0DD18169012201EBD4112C
:10A91C00FFF780FF0028EED0A40004F4FE7405516C
:10A92C000120E9E7102B0DD1C1F307218369012226
:10A93C001944FFF76FFF0028DDD0640004F4FF74A6
:10A94C000553EDE70C2BD6D1C1F34E0783690122D9
:10A95C0017FA81F7BEB2C7F346271F443946FFF7F3
:10A96C0059FF0028C7D0C6F3080314F00104EAB25B
:10A97C0000EB030605D01201C15CD2B201F00F014D
:10A98C000A4301333270B3F5007F07D101224046F0
:10A99C00B918FFF73FFF0028ADD00023C5F307150A
:10A9AC00C21824B9C35C23F00F0343EA15151570C4
:10A9BC00B6E72DE9F341C46805460E4690468C4235
:10A9CC0007D20C4600270134EB69A34203D23FBBEC
:10A9DC00EC680127F7E7A64222D001AA21462846B7
:10A9EC00FFF721FF00281BDBEDD0019B002BEAD1E8
:10A9FC0007B1EC606FF0704221462846FFF774FFF8
:10AA0C00074668B12EB96B6A002B0EDAC8F8004005
:10AA1C0007E0224631462846FFF766FF0028F2D1B0
:10AA2C000027384602B0BDE8F081013B6B62EDE7D0
:10AA3C0073B505460C4601AA21462846FFF7F3FEDE
:10AA4C00061E15DB002221462846FFF74DFF78B184
:10AA5C006B6A002BA4BF01336B62EB68A34284BF0B
:10AA6C0004F1FF34EC60019C002EE4D102B070BD07
:10AA7C000020FBE7F0B50446406A85B0002836DAC2
:10AA8C00E3790025E6690C2B06F1010631D094F828
:10AA9C003832DB07CDE9026525692CD40023206808
:10AAAC0004F51272A16984F838324FF0FF3302AE0C
:10AABC00C4F84432E379202B036825D10196144E57
:10AACC0000969E692B46B047D8B1039860620EE0A1
:10AADC0002AA39462046FFF7A6FE002811DB02D059
:10AAEC00029B03B901350137B742F1D3284605B0B3
:10AAFC00F0BD0227F8E704F50E70FDF7EDFB00281A
:10AB0C00CCD14FF0FF30F2E70196024ED8E700BFF0
:10AB1C00CB8000009D800000F8B501231546002273
:10AB2C000446C3604FF0FF330160C271C16280F80C
:10AB3C0028204363C0F83C1280F83822C0F8443215
:10AB4C00C5B1042D01D90020F8BD05F18055114681
:10AB5C002830013DFDF7E3FB00F5DF732A0103EB21
:10AB6C0005150028EFD029790029ECD09B5C5B06F9
:10AB7C00E9D1AD680022294604F12800FDF7CFFB8E
:10AB8C000028E0D0B0F80B30B3F5007FDBD1037CAC
:10AB9C002372013B012BD6D8417B092600224B1E88
:10ABAC00217163710123994233D1A271C38A23614C
:10ABBC000BB9436A2361C389B0F811102B44266981
:10ABCC0061814901A361077C01F2FF1106FB073388
:10ABDC00236203EB5123B0F81310636101B9016ACE
:10ABEC00ED1A0D44D5406B1CE3614FF0FF336362EB
:10ABFC0040F6F4739D4215D94FF6F4739D4213D968
:10AC0C00C36A236220230120E3712663C4F84062E7
:10AC1C009AE7013E01D1A27195E701325B00D2B2F5
:10AC2C00DBB2C0E70C23EEE71023ECE770B500F5C0
:10AC3C0089648AB000230A4601A821460193FFF7D4
:10AC4C00C1FA064668B19DF8043013F0700317BFC3
:10AC5C0001AD1E460FCD0FC41FBF0FCD0FC42B6807
:10AC6C00236030460AB070BD411E00F10A0300207B
:10AC7C00C20142EA500211F8010F50FA82F29942D5
:10AC8C00D0B2F5D170472DE9F04F05468DB0164680
:10AC9C0007468946984603AC0FCD0FC40FCD0FC4A1
:10ACAC002B6801252360336873600023B38145450D
:10ACBC0001D9012008E0A9EB050103A889B2FEF730
:10ACCC00ABFE824618B900200DB0BDE8F08F4FF0F6
:10ACDC00000B5FFA8BF251463846FEF7AAFEB2899A
:10ACEC0004463AB9D6E90112914203D1B0FA80F088
:10ACFC004009E9E73046FDF78DFB01902046FDF752
:10AD0C0035FB04460198FDF731FB8442DBD10BF196
:10AD1C00010BBBF10D0FDCD10135EDB2C7E72DE90D
:10AD2C00F04F05468DB0144689461F4603AE4FF0D2
:10AD3C000F0A0FCD0FC60FCD0FC62B6804F11600EE
:10AD4C0001253360FFF790FF00262368804663607F
:10AD5C00A681BD4203D901200DB0BDE8F08FA9EB4F
:10AD6C00050103A889B2FEF757FE0028F4D0059A16
:10AD7C00BD424FF0000100F1010B92F8283043F076
:10AD8C00010382F828300CBF45F040032B4680F8B5
:10AD9C000BA00173037080F80D804183A089A0B9CA
:10ADAC00D4E901239A4210D1AEB101364FF6FF70AF
:10ADBC00F6B2042911D8ABF8000001310BF1020BEB
:10ADCC000D29EBD10135EDB2C3E720460191FDF71A
:10ADDC0021FB0199EDE70126EBE70A2994BFABF8BB
:10ADEC000300ABF80500E8E702464FF0203152F8BB
:10ADFC00163B2DE9F043C0F8161086685160C2F876
:10AE0C0007101A782E3A18BF01221F4613F8011B9F
:10AE1C002E29FAD0731EBB429E4603D913F8011992
:10AE2C002E29F8D100214FF0070C4FF008090C46E1
:10AE3C00884642E03B782E2B04D1BE4552D05F238E
:10AE4C0000220DE0222BFAD07C2BF8D0A3F15B056D
:10AE5C00022DF4D9A3F12A05052D04D82D2BEED102
:10AE6C00644510D820E0A3F13A05052DE7D9A3F1EC
:10AE7C0021055D2D05D903F0C003802BDFD1002205
:10AE8C001AE0644507D9BCF10A0F31D0BE452FD367
:10AE9C000EF1FF37F3E7A3F16105192D1BD8203B09
:10AEAC0049EA0101DBB2C9B2651C0444EDB2A375D9
:10AEBC00062D2C4698BF05750137B742BAD3837D52
:10AECC00202B20D0B2B118EA010F18BF0221417516
:10AEDC000120BDE8F083A3F14105192D98BF49EA83
:10AEEC000808E1E74FF00A0C08244FF01009E3E7DB
:10AEFC000022E4E701237E224375037D03449A7507
:10AF0C003122DA75E4E70020E3E700002DE9F04791
:10AF1C0006460D460F7D62244FF0000ADFF888804C
:10AF2C0001F11609032FD8F800304FF0040128BFA7
:10AF3C000327534407F11B021FFA83FA55FA82F2D6
:10AF4C000AF00F0301394FEA1A1A092B94BF303358
:10AF5C00373311F0FF0102F8013DF1D1EB197E22DC
:10AF6C0030469A75FEF7C7FF01213046FEF7A4FF65
:10AF7C00014628B97078B0FA80F04009BDE8F08736
:10AF8C00037873B1C37A1B07EED40B22484606F044
:10AF9C00D2FB0028E8D1601E10F0FF04C2D120467D
:10AFAC00ECE70120EAE700BF682801202DE9F04F0B
:10AFBC008DB00D46164604938B68089006930B785B
:10AFCC0013F0700F03D100200DB0BDE8F08F089B7B
:10AFDC001B78002BF7D113690D224FF0000A0021CA
:10AFEC000C33D1465446D346B3FBF2F3DBB2079392
:10AFFC00737D9807284617BF079B012303F10108AF
:10B00C005FFA88F3D0460393FEF775FF06F116033B
:10B01C00CDF814A009936F6900212846C7F34F1788
:10B02C00FEF74AFF002861D16B78002BCBD1049B33
:10B03C009A05C8D503F00303013B012BC3D8059B2C
:10B04C00002C18BF1F46039B9C42C0F0C180BBF173
:10B05C00000F40F0D980039B3246284603F1FF389D
:10B06C005FFA88FB57FA88F81FFA88F75B4639466F
:10B07C00FFF755FE0028A6D039462846FEF7CCFC33
:10B08C00044600289FD02022002101F0BFFED6F8F4
:10B09C0016302360D6F81A306360F38B238196F850
:10B0AC002030A372737D03F0180323735D4B1B6870
:10B0BC00002B00F0B1800DF12B020DF12E010BA82D
:10B0CC009847BDF82C302382BDF82E30E3819DF8D3
:10B0DC002B306373069B069A93F8283043F00103D8
:10B0EC0082F828306BE04FF0010B94E70278E52AE8
:10B0FC0000D072B9059B002C08BF3B460593039BFF
:10B10C009C423CBF0134E4B2002A90D04FF00008BE
:10B11C0081E7039B9C4238BF00242E2AF6D090F87E
:10B12C000BC0BCF10F0F29D1B8F1000F1CD102F0EC
:10B13C001F09079B4B457FF46EAF12F040083FF49C
:10B14C006AAF90F80DA09846B9F1010F7FF463AF88
:10B15C00791C43463246284689B2FFF794FD0028F5
:10B16C0008BF4FF0000856E709F1FF395FFA89F97B
:10B17C004A45CBD1427B5245E6D0C7E71CF0080FBD
:10B18C00C4D1B8F1000F0AD0B9F1010F7FF41BAF95
:10B19C00FFF76AFD50457FF416AFC3460BE00B2258
:10B1AC00099906F0C8FA00287FF435AF96F815B067
:10B1BC001BF0010B97D1049B19053FF504AF049BC1
:10B1CC003A4629460898CDF800B0FEF70AFFFBE690
:10B1DC0000212846FEF770FE98B96B78002B7FF49F
:10B1EC00F2AE039B9C42BFF432AF2846FEF71EFD25
:10B1FC0000283FF4E8AE069B1B7904EB0313DCB28A
:10B20C00EFE70134E4B21EE731462846FFF77EFE35
:10B21C0000287FF420AFD6E645F621032382238352
:10B22C00638257E7EC1C0120F7B514461E4608460E
:10B23C0011F8013B202BFAD00025234F2060037816
:10B24C0043BB2369013BFE2B3BD8024610F8013B64
:10B25C00202BFAD02F2BF8D02046326003B0BDE85B
:10B26C00F040FFF7C1BD2239C9B227FA01F1CA0774
:10B27C0027D42E2B0CE05C2923D005D83E3901298C
:10B28C001FD92561A060DAE77C29FAD119E0202BBF
:10B29C00D5D0F6E72F2BD4D001AA011DFCF7D8FF8F
:10B2AC0078B1019BB3F5803F2CBF022201227F2B8A
:10B2BC001544E6D8D9B23C29DDD82129D3D81F2989
:10B2CC00E5D8002003B0F0BD012100052DE9F041C7
:10B2DC0000238AB00446019383789A0703D4002094
:10B2EC000AB0BDE8F081016A002945D10121204650
:10B2FC00FEF7D4FC05460028F1D0FFF7B5FCE52796
:10B30C00002306462F702370A068A370FEF760FC24
:10B31C000028E4D0E378002BE2D0214601A8FEF708
:10B32C00E5FC0028DBD001255FFA85F8E37843457E
:10B33C00D5D3A18801A8491B89B2FEF76DFB002863
:10B34C00CDD0C37A0F2BCAD1027802F01F0343452C
:10B35C00C5D1437BB342C2D107700135A168ADB2F0
:10B36C0091F8283043F0010381F828305306DBD5DF
:10B37C00A068FEF72DFCB3E78068FFF759FB0028A7
:10B38C00B4D1ACE710B50446806B30B1FEF712FFB8
:10B39C0018B10023A363012002E0E06B08B9002080
:10B3AC0010BDFDF723F90028F9D00023E363F2E781
:10B3BC00884270B506460D4613D0FFF7E3FFAC6B21
:10B3CC008CB13146242000F009F900230446038097
:10B3DC008370B063AD6B0FCD0FC40FCD0FC42B6852
:10B3EC002360304670BDEB6B002BFAD03146382011
:10B3FC0000F0F4F880F831404486F063EB6B03F115
:10B40C00340253F8041B934240F8041BF9D1E8E7CB
:10B41C002DE9F041044616461F460D46C9B1FFF70B
:10B42C00B1FFD5F88084B8F1000F14D02146242048
:10B43C0000F0D4F800233246038083703B46D5F8E5
:10B44C008014A063FEF70DFF10B10120BDE8F08160
:10B45C00A0630020FAE7D5F88434002BF9D02146FC
:10B46C00382000F0BBF83B4680F831803246A0F81B
:10B47C003280E063D5F88414FDF77FFC0028E4D11A
:10B48C00E063E6E7F8B50D4604461646FFF77AFF8B
:10B49C00AF6B8FB12146242000F0A0F8002202806F
:10B4AC0082703246A063A96BFEF7FCFD08B1012047
:10B4BC00F8BDA0630020FBE7EB6B002BFAD0214614
:10B4CC00382000F08BF8324680F831704786E06304
:10B4DC00E96BFDF759FC0028E9D1E063EAE70000CD
:10B4EC002DE9F843002704461E46C0F88814C0F81E
:10B4FC00807401464FF49060914600F06FF832462C
:10B50C0080F84474054680F87974A0F87A74C4F80D
:10B51C008404D4F88814DFF89880FDF7D7FDA8B11F
:10B52C0005F589673846FDF761F829463846FDF779
:10B53C0087F858B11C4B1A6802B91D60B9F1000F9D
:10B54C002FD1D8F8003063B3012028E00027214622
:10B55C0040F26C40C4F8847400F040F80223C771C8
:10B56C00324603720546A0F8487480F84A74C4F851
:10B57C008004D4F88814FFF7CFFA58B105F5896622
:10B58C003046FEF717FE29463046FEF796FB08B10B
:10B59C00064BD0E70020C8F80000C4F88004BDE8D2
:10B5AC00F883C8F80040CFE7F01C0120281D0120CB
:10B5BC00241D012038B504464FF47A750020C4E9E7
:10B5CC0001052073044DC4E91200204640F8105BBD
:10B5DC00FFF71EFF204638BDA40600200846704722
:10B5EC004FF0FF307047407C7047007D7047407DC6
:10B5FC00704701207047007F7047036810B45C6986
:10B60C000123A4465DF8044B604738B50368044633
:10B61C000D461B6A984700B1257738BD2DE9F041DE
:10B62C001E46C37C04460D46022B174602D1836985
:10B63C008B4209D02368294620461B6E984710B9C7
:10B64C000020BDE8F081A5610025B54207EB45213E
:10B65C000BD1A369207F2B44A3610028F1D123686F
:10B66C0020465B6EBDE8F041184723682046DB6D31
:10B67C0098470028E4D00135E7E72DE9F0471F464D
:10B68C00C37C04460D46022B1646DDF8209002D1F1
:10B69C0083698B4209D02368294620461B6E984744
:10B6AC0010B90020BDE8F087A56105EB06084545FB
:10B6BC000BD1A369207F3344A3610028F2D1236806
:10B6CC0020465B6EBDE8F047184749462846B84708
:10B6DC00236801462046DB6D013598470028E6D1EA
:10B6EC00DFE77047043001F053BB10B5044620214E
:10B6FC0003F040FF204610BD1FB503686946DB6CA4
:10B70C00984718B39DF800303F2B22D89DF806308F
:10B71C009DF8070003F003039DF809208000C2F395
:10B72C00010240EA83209DF8083040EA93109DF80E
:10B73C000A30C3F3C013013043EA42039DF80520DD
:10B74C005BB202F00F021344073B984005B05DF862
:10B75C0004FB03F0C003402B0ED19DF809009DF8AB
:10B76C000730013003F03F0300EB03409DF8083035
:10B77C0000EB03208002E9E70020E7E770B5867C48
:10B78C0004466EB9051D284601F0D4FA3146207CDA
:10B79C0001F03AFBFF21284601F012FB0123A374B0
:10B7AC0070BD38B5837C04466BB1251D0121007C2E
:10B7BC0001F02AFBFF21284601F002FB284601F08C
:10B7CC00C0FA0023A37438BD70B5C37C0446012BAA
:10B7DC0010D0867C0EB9FFF7D1FF201D01F0DBFAEB
:10B7EC00B0F1FF0518BF012516B92046FFF7D9FFA8
:10B7FC00284670BD0025FBE72DE9F843DFF864907F
:10B80C0004460F469046D9F80050061D05F596756E
:10B81C00ADB2304601F0BFFAFF28207511D0FE28DA
:10B82C001BD142463946304601F0BAFA2075B0B900
:10B83C00304601F0B0FA304601F0ADFA0120BDE817
:10B84C00F883D9F80030EB1A1B04E2D51D232046EF
:10B85C006374FFF7A6FF0020F1E71823F7E7252311
:10B86C00F5E700BF682801204FF40072FFF7C4BF52
:10B87C0070B5094E051D34680C44A4B2284601F07D
:10B88C008AFAFF2801D1012070BD3368E31A1B042A
:10B89C00F4D50020F8E700BF6828012003682DE9E3
:10B8AC00F3411B6A044601920D469847002838D094
:10B8BC00A37C13B92046FFF761FF0C2D28D1261D60
:10B8CC0003270DF1040845F04001304601F078FAE9
:10B8DC0018F80710304601F073FA013FF8D2002D2A
:10B8EC0030464FF00A0514BF8721952101F068FA04
:10B8FC00304601F050FA304601F04DFA030620753F
:10B90C0003D5013DADB2002DF5D102B0BDE8F081FB
:10B91C004FF496712046FFF7ABFF0028CFD1002DD6
:10B92C00CDD0FF20F1E7F8B500220D463A210446B0
:10B93C00FFF7B4FF30B1122320466374FFF731FFD9
:10B94C000020F8BD2E1D271D384601F024FA06F8FC
:10B95C00010DAE42F8D12046FFF723FF0120F0E79E
:10B96C0038B5154600220446FFF798FF30B11B236B
:10B97C00637420460025FFF714FF0AE029461022C5
:10B98C002046FFF739FF05460028F2D02046FFF786
:10B99C0008FF284638BD0A460921FFF7E1BF0A46D1
:10B9AC000A21FFF7DDBF38B503680D4604469B6DD1
:10B9BC00984703284FF01201204618BF6D022A4603
:10B9CC00FFF76CFF30B10C2320466374FFF7E9FEE0
:10B9DC00002038BD0120E074FBE738B500240C21B1
:10B9EC0005462246C474FFF759FF30B10923284697
:10B9FC006B74FFF7D6FE204638BD2846FFF7D1FE04
:10BA0C000120F9E7C27C022A02D103685B6E184759
:10BA1C00012A01D1FFF7E1BF01207047F8B51E469E
:10BA2C00C37C04460D46012B174602D183698B4219
:10BA3C0007D029462046FFF7B6FF08B90020F8BD0D
:10BA4C00A5610025B54207EB45210AD1A369207FEA
:10BA5C002B44A3610028F2D12046BDE8F840FFF743
:10BA6C00BCBF2046FFF700FF0028E7D00135E9E70F
:10BA7C002DE9F0471E46C37C04460D46012B1746A4
:10BA8C00DDE9089A02D183698B4208D02946204609
:10BA9C00FFF789FF10B90020BDE8F087A56105EB21
:10BAAC00060845450AD1A369207F3344A3610028C9
:10BABC00F2D12046BDE8F047FFF78FBF394620464C
:10BACC00FFF7D2FE0028E6D028465246394601350B
:10BADC00C847E6E738B503680D4604469B6D9847A2
:10BAEC0003284FF01901204618BF6D022A46FFF7B4
:10BAFC00D5FE30B10E2320466374FFF752FE0020B2
:10BB0C0038BD02230120E374FAE77FB503680E46C3
:10BB1C0069460446DB6C1546984790B19DF80A308F
:10BB2C005A0613D4C3F305029DF80B30C3F3C013AC
:10BB3C0043EA42036A1C5BB23243134206D027230A
:10BB4C00637420460025FFF72CFE26E0637D202140
:10BB5C002046032B1CBF76026D023246FFF79EFE79
:10BB6C0008B12623ECE72A4621212046FFF796FE52
:10BB7C0002460028F5D126212046FFF78FFE00282B
:10BB8C00EFD142F210712046FFF772FE054608B95C
:10BB9C002823D5E72046FFF704FE284604B070BDE5
:10BBAC0038B54FF416710446FFF762FE054630B9FE
:10BBBC001E2320466374FFF7F4FD284638BDFD2193
:10BBCC00201D01F0FDF82046FFF7EBFD0023E37488
:10BBDC00F3E770B5051D16460446284601F0F0F84B
:10BBEC004FF400723146284601F0EEF8FF2128464A
:10BBFC0001F0E6F8FF21284601F0E2F8284601F0B2
:10BC0C00CAF8207500F01F00052806D02023204616
:10BC1C006374FFF7C6FD002070BD0120FCE738B54A
:10BC2C000D464FF416710446FFF722FE30B924235B
:10BC3C0063742046FFF7B5FD002006E02A46FC2180
:10BC4C002046FFF7C6FF0028F3D038BD036870B557
:10BC5C009B6D0D4604461646984703284FF0180175
:10BC6C00204618BF6D022A46FFF718FE30B10D238F
:10BC7C00637420460025FFF794FD0AE03246FE214E
:10BC8C002046FFF7A6FF05460028F2D02046FFF716
:10BC9C0088FD284670BD10B4047F34B103689C6ADB
:10BCAC000123A4465DF8044B60475DF8044BFFF795
:10BCBC00CDBF2DE9F843089D06460C46174603EB0D
:10BCCC000108444502D10120BDE8F88333683A46A7
:10BCDC00214630461B6904F1010998470028F3D02E
:10BCEC002046099A39464C46A847EAE72DE9F04127
:10BCFC0005460C461F465618B44201D101200CE0F3
:10BD0C002B6820460699D3F82480B8472146024672
:10BD1C0028460134C0470028EED1BDE8F081002050
:10BD2C00704700207047002070477047074B002178
:10BD3C00074A9963186B106012681A639A6C22F0A8
:10BD4C0081029A64034B1970704700BF00002C40AD
:10BD5C00E81C0120282A0120064BC3F8CC01C3F8AB
:10BD6C00D001C3F8BC01C3F8C001C3F8C401C3F8C7
:10BD7C00C801704700801F40034B04481B6B1840E0
:10BD8C00B0FA80F04009704700002C4001000F0011
:10BD9C00024B586A00F00100704700BF00002C40B5
:10BDAC00034B586A80F08070C0F30060704700BF8E
:10BDBC0000002C40014B1878704700BF282A012046
:10BDCC00034B586A80F40060C0F3C020704700BF7A
:10BDDC0000002C40034B586A80F48060C0F3802034
:10BDEC00704700BF00002C40034B04481B6B1840ED
:10BDFC00B0FA80F04009704700002C4002007F111F
:10BE0C004FF47A735843224B5A6AA3F51033D3F884
:10BE1C0000110623C2F3C22201F03F010132B1FB33
:10BE2C00F3F11C4BB3FBF1F30921B3FBF2F3012249
:10BE3C0030B51401B3FBF4F4844201D9013921D19A
:10BE4C0014460121B3FBF4F5854203D9102902EB0A
:10BE5C00040519D14FF47A700139520844430E4845
:10BE6C00B3FBF4F303600D48C36A6FF3131343EA97
:10BE7C00011343EA022343F46023C362436A1B07A2
:10BE8C00FCD530BD5200D4E701312C46DAE700BFB7
:10BE9C0000C00F4000EC695EC0B4002000002C40D4
:10BEAC00014B1878704700BF36240020014B1868EE
:10BEBC00704700BFE81C0120054B03F1100253F83A
:10BECC00040B934241F8040BF9D10120704700BFD9
:10BEDC0068290120054B03F1100253F8040B93421F
:10BEEC0041F8040BF9D10120704700BF78290120DB
:10BEFC00024B01201B680B60704700BFDC16012051
:10BF0C0070470000F8B50546064F02F027FA0646C2
:10BF1C00A847044620B102F021FA801BB842F7D999
:10BF2C002046F8BD40420F0038B5044615480D4672
:10BF3C00FFF7E8FF08B1002038BD134BA1029D604C
:10BF4C0007D59A6C22F0FF029A64E2B2996C0A430C
:10BF5C009A6424F0FF040C4D0C48EC60FFF7D2FF00
:10BF6C000028E8D12A6B0A4B1A601A682A631A68EF
:10BF7C00D207E0D51B6813F4702F0CBF01200020F2
:10BF8C00DAE700BF7196000000002C4059960000C3
:10BF9C00E81C012008B5044B04481968FFF7C4FFDE
:10BFAC0008B1034B186908BDE016012000001A0DFA
:10BFBC0000002C4008B5FFF7EDFF80F48070C0F353
:10BFCC00002008BD037ADB0708D50A4B1B6803B1B8
:10BFDC001847094B187860B1FFF7ECBF074B1B787B
:10BFEC000BB1FFF701BF064B586A80F08070C0F3AD
:10BFFC0000607047E41C012064290120672901209E
:10C00C0000002C40FFF7C6BF2848837A10B51446B1
:10C01C005A0615D4C3F30502C37AC3F3C01343EA1B
:10C02C004203621C5BB20A43134209D0204B272205
:10C03C001A7040F202321F4B00241A60204610BDC9
:10C04C001D4B1B780BB9490264021C48FFF76CFFAF
:10C05C0030B9174B0F221A7040F20A32154BEBE72E
:10C06C0021461748FFF760FF30B9114B10221A70A8
:10C07C0040F20D320F4BDFE700211248FFF754FF5F
:10C08C00044630B90A4B11221A704FF44472094B12
:10C09C00D2E70D48FFF736FF0028CFD0044B2822FB
:10C0AC001A7040F21332034BC6E700BF7829012007
:10C0BC0036240020C8B400206629012000001A2074
:10C0CC0000001A2100001B269598000010B50F4C9B
:10C0DC0023780BB9012010BD0D48FFF713FF002387
:10C0EC000C4A2370116B0C4B19601968116318B949
:10C0FC001A680A4B1A42EDD0094B1F2200201A7005
:10C10C0040F27A22074B1A60E5E700BF672901204D
:10C11C00C996000000002C40E81C012000007F1193
:10C12C0036240020C8B4002070B50C46FFF7CEFFB3
:10C13C000546D0B1194B5A6AD20507D49A6A22F433
:10C14C0080329A629A6A42F400329A629A6A14486D
:10C15C0042F480329A62FFF7D5FE48B1114B21228E
:10C16C001A704FF47E72104B1A600025284670BD71
:10C17C0004F50071094A536A5B05FCD5231F04F1D1
:10C18C003C0053F8046F83421662FAD140348C425F
:10C19C00F1D1064B01221A70E8E700BF00002C40D9
:10C1AC00B596000036240020C8B400206729012071
:10C1BC002DE9F0410B4F0546DFF82C80386002F07A
:10C1CC00CDF80646A847044620B9002320463B601C
:10C1DC00BDE8F08102F0C2F8801B4045F5D802F0B2
:10C1EC0011FFEFE7E41C012040420F0008B508489E
:10C1FC00FFF7DEFF50B9074B1A68920705D51A688E
:10C20C00054B1A420CBF0120002008BD0020FCE7A2
:10C21C0095960000E81C012000007F11F8B51D4622
:10C22C00930707460C46164600D145B9184B2522F4
:10C23C001A7040F2F512174B1A600020F8BD164820
:10C24C00FFF7B6FF30B1124B0A221A704FF4FC7292
:10C25C00104BF1E7114B012211491A70114B186068
:10C26C00114B0E6003EA054343F400734B600F4B14
:10C27C008B630F4B1B7803B9640221463846FFF7DA
:10C28C0053FE0028D9D0BDE8F840FFF7AFBF00BF80
:10C29C0036240020C8B4002095980000282A0120DC
:10C2AC0000002C40E81C01200000FF1F02007F1141
:10C2BC0066290120F8B50746007A0C461546C007DA
:10C2CC001E460ED40E44B44210D03B682A4621467A
:10C2DC0038461B69013405F5007598470028F2D1E2
:10C2EC001DE090070FD00E44B44201D10120F8BDDF
:10C2FC003B682A46214638461B69984778B1013479
:10C30C0005F50075F0E70748FFF788FF0028EDD129
:10C31C00054B0C221A7040F2A132044B1A6000201B
:10C32C00E5E700BF37003A1236240020C8B40020DD
:10C33C0070B5037A1546ADF5007D0446DA070E4656
:10C34C0019D5AB0706D029466D464FF400726846E6
:10C35C0000F07EFD01232A4631461B48FFF75EFFA5
:10C36C0000282CD1194B0D221A7040F21142184B97
:10C37C001A60002024E0FFF7A9FE0028F9D0637AA8
:10C38C00022B02D16368B3420FD0236820461B6A8C
:10C39C0098470028EDD02368314620461B6E9847FD
:10C3AC000028E6D002236660637223682946204683
:10C3BC00DB6D98470028DCD0636801336360012093
:10C3CC000DF5007D70BD00BF01003A183624002029
:10C3DC00C8B40020F8B50746007A0C461546C007CD
:10C3EC001E460ED40E44B44210D03B682A46214659
:10C3FC0038465B6A013405F5007598470028F2D180
:10C40C001DE090070FD00E44B44201D10120F8BDBD
:10C41C003B682A46214638465B6A984778B1013416
:10C42C0005F50075F0E70748FFF7F8FE0028EDD199
:10C43C00054B0E221A7040F23D42044B1A6000204C
:10C44C00E5E700BF27003A1936240020C8B40020C5
:10C45C0010B513480C46FFF7ABFE40B1114B0A2246
:10C46C001A7040F24B42104B00201A6010BD0F4B5B
:10C47C009A6A22F480329A624FF400725A600C4B22
:10C48C001B7803B9640221460A48FFF74DFD0028CA
:10C49C00ECD1044B0E221A7040F25742024BE3E7E8
:10C4AC009598000036240020C8B4002000002C40D1
:10C4BC006629012020003A1910B504460C2103F01E
:10C4CC0059F8204610BD000008B5002047F2B8020C
:10C4DC00FFF742FC41F2B801064BC3F8BC23C3F88A
:10C4EC00C023C3F8AC23C3F8B013C3F8B423C3F808
:10C4FC00B82308BD00801F402E4B0520D3F8002127
:10C50C0042F0800210B5C3F80021D3F800212A4C68
:10C51C0022F03F02C3F80021D3F8002142F01802A8
:10C52C00C3F80021D3F8002122F08002C3F80021C7
:10C53C0003F51033D3F8802042F00C02C3F88020AE
:10C54C005A6A22F460525A62DA6942F48032DA6131
:10C55C005A6A42F400625A62FFF7FEFBA36C43F086
:10C56C000043A364E36A43F0807343F40043E36243
:10C57C00E36ADA01FCD44FF4C870FFF741FCFFF713
:10C58C00A3FF0E4B0E4A63630E4BC3F8F8210E4B00
:10C59C00602283F86E204FF0E0234FF48042C3F802
:10C5AC000C21E36A044A43F00063E362D36A1B0183
:10C5BC00FCD410BD00800D4000002C400B007F11FE
:10C5CC000D9600000028002000E400E0044B1B78CE
:10C5DC0023B1044B18780230C0B270470120704769
:10C5EC006529012066290120134B30B50C4685B016
:10C5FC001968FFF799FCE8B1104B04F10F051A69A3
:10C60C0000925A6901929A690292DB6903930023A2
:10C61C0023F0030203F0030101331032C9000F2B86
:10C62C006A4452F8102C22FA01F205F8012DEFD1D0
:10C63C000023E37305B030BDE016012000002C4050
:10C64C00184A13783F2B1AD89379D07903F0030347
:10C65C00517A8000C1F3010140EA8320137A40EA49
:10C66C009310937A5279C3F3C013013002F00F0286
:10C67C0043EA41035BB21344073B9840704703F015
:10C68C00C003402B0BD1D379507A03F03F03013018
:10C69C0000EB0340137A00EB03208002704700206C
:10C6AC00704700BF7829012038B5174C0021174876
:10C6BC00A36A23F48033A362FFF736FC054648B91E
:10C6CC00134B09221A7040F23D22124B00251A60BE
:10C6DC00284638BD1048FFF76BFD30B10C4B0A22D1
:10C6EC001A704FF410720B4BF0E7636A9B07EFD58F
:10C6FC00616BA36AE26A23F4803342F08062E262E7
:10C70C006163A362E4E700BF00002C400000DB0C77
:10C71C0036240020C8B400208196000038B50446A9
:10C72C0017480D46FFF7EEFB40B1164B0A221A7064
:10C73C004FF4CC72144B00201A6038BD134B0122FD
:10C74C0021461A70124B134A1860134B13481D6084
:10C75C005A60134A9A63FFF7E7FB30B9094B04227E
:10C76C001A7040F29F12084BE5E7FFF73FFD0028D7
:10C77C00E3D1044B25221A704FF4D172024BDAE745
:10C78C009598000036240020C8B40020282A0120E7
:10C79C00E81C01204000010000002C4011003A066A
:10C7AC0002007F112DE9F04F0024784F784E91B0A4
:10C7BC00DFF82082774D017244723C70347088F837
:10C7CC0000402C70FFF798FE21462046FFF7ACFB8B
:10C7DC00C0B10324DFF800924FF4D5714846FFF73F
:10C7EC00A3FB58B36C4B1B69B3F5D57F22D0062243
:10C7FC004FF4257332700025684A1360284611B037
:10C80C00BDE8F08F012240F28E23F3E7022240F2C2
:10C81C00B123EFE703224FF42D73EBE7072240F22D
:10C82C00B923E7E708224FF42F73E3E7052240F220
:10C83C00BF23DFE701232B70594D0FE0013CCBD117
:10C84C002B78002BF8D1FFF757FE21462046FFF737
:10C85C006BFB2B78002BEFD14FF4401501F07EFDD4
:10C86C00DFF864910446DFF874A1DFF874B100219D
:10C87C004846FFF759FB18B917224FF42A73B9E74A
:10C88C0029465046FFF750FB0028F5D001F066FD15
:10C89C00001B5845F0D8404B1A69002AE7DA196991
:10C8AC00404A4148116000211B695A0044BF0123D2
:10C8BC0088F80030FFF738FB0028A7D000213B4850
:10C8CC00FFF732FB0028A5D0334C394D2369394989
:10C8DC006FF30F0338482B60FFF786FE00289DD0BE
:10C8EC0036493748FFF780FE00289BD02968354829
:10C8FC00FFF71AFB002899D029683348FFF714FB7F
:10C90C0018B302213148FFF70FFB0546E8B1A36AC3
:10C91C0069466FF07F4023F00603A362A36A43F0DD
:10C92C000203A3624FF010136364FFF7F7FE80B9A4
:10C93C0046F2A8120520FFF70FFA1046FFF760FA2F
:10C94C00FFF7C2FD01233B7058E7142240F2C323CA
:10C95C0050E79DF80D309B07EAD5104C69461C48F2
:10C96C0096F80090D4F80080FFF7D8FE9DF81030B0
:10C97C0018B103F00F03012B04D086F80090C4F813
:10C98C000080D5E74CF25032D4E700BF6429012077
:10C99C00362400206529012000002C40C8B400205A
:10C9AC0000003040DC1601200000090200001A03D0
:10C9BC00E0160120782901200000090968290120CE
:10C9CC000000090A00001B0700001A3700001A06B5
:10C9DC00F1FFFF806629012000001A0800000229DF
:10C9EC0040420F0038B5254B0C465A6A90050DD4C1
:10C9FC009A6A22F480329A6272B69A6A42F40032CF
:10CA0C009A629A6A42F480329A6262B61C48FFF7C4
:10CA1C0079FA40B11B4B1A221A7040F256321A4B5B
:10CA2C001A60002038BD04F50072144D6B6A1905AC
:10CA3C00FCD5231F04F13C01286A43F8040F8B42F8
:10CA4C00FAD140349442F1D11048FFF75BFA30B17F
:10CA5C000C4B1D221A7040F261320B4BE0E72A6B33
:10CA6C000B4B1A601A682A631A689207D9D51A6890
:10CA7C00084B1A420CBF01200020D3E700002C40C9
:10CA8C00A196000036240020C8B40020C9960000EE
:10CA9C00E81C012000007F1110B513480C46FFF76D
:10CAAC0087FB40B1114B0A221A7040F2B132104B85
:10CABC0000201A6010BD0F4B9A6A42F480329A62C1
:10CACC004FF400725A600C4B1B7803B96402214678
:10CADC000A48FFF729FA0028ECD1044B0C221A70F3
:10CAEC0040F2BD32024BE3E795980000362400205B
:10CAFC00C8B4002000002C406629012030003A12F6
:10CB0C0070B5037A1546ADF5007D0446DA070E467E
:10CB1C001FD5AB0720484FF0010314BF6C462C46C1
:10CB2C002246FFF77BFB40B91C4B0B221A704FF4CB
:10CB3C005D721B4B1A60002008E0AC4205D04FF42C
:10CB4C0000726946284600F083F901200DF5007D3E
:10CB5C0070BDFFF7BBFA0028EDD0637A012B02D130
:10CB6C006368B3420ED0236820461B6A984700289E
:10CB7C00E1D031462046FFF78FFF0028DBD00123A0
:10CB8C006660637229462046FFF72CFF0028D2D03E
:10CB9C00636801336360D8E711003A113624002032
:10CBAC00C8B4002038B5124A0D4600214172936A70
:10CBBC00104823F480339362FFF7B6F9044648B962
:10CBCC000D4B09221A7040F2D3320C4B00241A6020
:10CBDC00204638BD002DFBD00948FFF7E9FA0028A4
:10CBEC00F6D0054B0A221A7040F2D732034BEDE710
:10CBFC0000002C400000DB0C36240020C8B40020C0
:10CC0C008196000010B50446FFF760FA38B1637ADC
:10CC1C002BB120460121BDE81040FFF7C3BF10BD6A
:10CC2C004166C36D13F4F81FFBD0406FC0B2704760
:10CC3C0037B502AB03E90600C27C0B46002A39D09B
:10CC4C0072B6C27CD10708D54FF0E0244569D4F800
:10CC5C00801129408162C4F88011950708D54FF0E6
:10CC6C00E0248569D4F884112940C162C4F8841188
:10CC7C00540708D54FF0E024C569D4F88811294031
:10CC8C000163C4F88811110708D54FF0E024056A38
:10CC9C00D4F88C1129404163C4F88C11D20608D504
:10CCAC004FF0E021446AD1F8902122408263C1F810
:10CCBC00902162B68268934226D01C4A83609269A6
:10CCCC001B49C2F30114C2F3826251F824400132B1
:10CCDC00B4FBF2F12BB38B420BD8B1FBF3F2B1FBEB
:10CCEC00F2F18B4200D20132B2F5817F03D2022ADB
:10CCFC0003D8002302E040F20112931E5A0802EB03
:10CD0C00022243EA0222C260036800221A61032253
:10CD1C005A62C2681A64019A1A6601221A6103B037
:10CD2C0030BD9442EAD30A46DDE700BF00C00F4095
:10CD3C0054070020D0E9011208B50068FFF778FF0E
:10CD4C0008BD0368DA7C12B3D00704D5986A4FF09B
:10CD5C00E021C1F80001910704D5D86A4FF0E02119
:10CD6C00C1F80401500704D5186B4FF0E021C1F84D
:10CD7C000801110704D5586B4FF0E021C1F80C01E4
:10CD8C00D20604D59A6B4FF0E023C3F810217047FC
:10CD9C000068FAF7E0BE0368FF211868FFF740BF90
:10CDAC0070B50C4616460546FF21204600F02EF8BD
:10CDBC002868334622462146FAF7A2FE002070BDB1
:10CDCC0003681868FFF72CBF531EB3F5007F70B5CE
:10CDDC000646ADF5007D0C46154609D30D44AC4214
:10CDEC000FD0336814F8011B1868FFF719FFF6E72A
:10CDFC00684600F02DF86A462B4630681146FAF763
:10CE0C007FFE0DF5007D70BD01F066BE01B5EAB187
:10CE1C00102A17DB00F0070333B1C3F10803D21A51
:10CE2C00013B00F8011BFBDCC9B241EA012141EADC
:10CE3C0001418C46D308013BE0E8021CFBDC12F0FC
:10CE4C00070203D0013A00F8011BFBDC01BD00BF57
:10CE5C00844641EA000313F003036DD1403A41D3F9
:10CE6C0051F8043B40F8043B51F8043B40F8043BB8
:10CE7C0051F8043B40F8043B51F8043B40F8043BA8
:10CE8C0051F8043B40F8043B51F8043B40F8043B98
:10CE9C0051F8043B40F8043B51F8043B40F8043B88
:10CEAC0051F8043B40F8043B51F8043B40F8043B78
:10CEBC0051F8043B40F8043B51F8043B40F8043B68
:10CECC0051F8043B40F8043B51F8043B40F8043B58
:10CEDC0051F8043B40F8043B51F8043B40F8043B48
:10CEEC00403ABDD2303211D351F8043B40F8043BE8
:10CEFC0051F8043B40F8043B51F8043B40F8043B28
:10CF0C0051F8043B40F8043B103AEDD20C3205D3F7
:10CF1C0051F8043B40F8043B043AF9D2043208D0EF
:10CF2C00D2071CBF11F8013B00F8013B01D30B8861
:10CF3C0003806046704700BF082A13D38B078DD03F
:10CF4C0010F003038AD0C3F10403D21ADB071CBF11
:10CF5C0011F8013B00F8013B80D331F8023B20F87B
:10CF6C00023B7BE7043AD9D3013A11F8013B00F8B4
:10CF7C00013BF9D20B7803704B7843708B7883703C
:10CF8C0060467047F8B5144C4FF0E026134D4FF443
:10CF9C00003204EB4024124F05EB40150346C6F853
:10CFAC008C2121463A88284601F03AF83B882344E4
:10CFBC00BFF34F8FC6F85C4F2034A342FAD8BFF3AF
:10CFCC004F8FBFF36F8F0320294601F04FF84FF4BA
:10CFDC000033C6F80C31F8BD404F0020405F0020F4
:10CFEC00DA2801204368224AC3F30E432DE9F047A7
:10CFFC001488C569E41A002C23DD1E4A1FFA84FA32
:10D00C001D4811780078CBB2DFF8808081421B4F2D
:10D01C001B491BD011F8039038F81960C6F5007045
:10D02C00844213D8174B06EB49202246564403EB97
:10D03C0045211844FFF70CFF3B6828F8196023447E
:10D04C003B602846BDE8F047FFF79CBF0133002644
:10D05C000D48092B28F815A020F8156028BF334679
:10D06C00CD54DBB213703B681C443C60BDE8F087C8
:10D07C00DA280120312F0120412F0120AC21012081
:10D08C00332F0120404F0020CA280120BA2801204C
:10D09C002DE9F8431D4B1B7803F0FF079BBB1C4B82
:10D0AC001B7883B3DFF87880B8F800505DB3194E65
:10D0BC00C5F50065184A3378184C02EB43192A461B
:10D0CC0004EBC3243B4648462146254400F0A8FF08
:10D0DC00BFF34F8F4FF0E023C3F8704F2034A542BD
:10D0EC00FAD8BFF34F8FBFF36F8F0320494600F080
:10D0FC00ADFF33780133DBB2032B98BF1F460023FF
:10D10C003770A8F80030BDE8F88300BF472F012026
:10D11C00492F0120452F0120C0600020C061002054
:10D12C005E290120704700002D4B802200212D48E4
:10D13C0070B51B7800242C4D002B2C4E14BF4FF4D3
:10D14C00007340232B803380FFF760FE284B4FF495
:10D15C008072214627481C70274B1C80FFF756FE17
:10D16C00102221462548FFF751FE10222146244863
:10D17C00FFF74CFE234B224610211C700220224B41
:10D18C001C70224B1C60234600F02AFF204B2246C9
:10D19C003188032000F006FF234601222988032052
:10D1AC0000F01EFF20460134FFF7ECFE082CF9D1ED
:10D1BC00184B194A1A600022184BC3F884204A22D3
:10D1CC00C3F88020D3F8482142F08072C3F848217C
:10D1DC00134B23B1134A137843F00103137070BD42
:10D1EC004A2F0120C060002060290120DA2801208C
:10D1FC00452F0120405F00205E290120BA28012024
:10D20C00CA280120312F0120412F0120AC210120FF
:10D21C00C5A800008028012071A9000000002E4044
:10D22C00000000004C2F01202DE9F74F4FF0E023B8
:10D23C004FF4003207468846C3F88C210025284B52
:10D24C00DFF8B0B01C78E4B2454503D2254B1A7810
:10D25C00A24209D14FF0E0234FF400322846C3F824
:10D26C000C2103B0BDE8F08F01341F4B1F48A8EB15
:10D27C000502092CDFF880A028BF002413F80490C5
:10D28C003BF8191030F819601948761A01EB49214E
:10D29C00B242014412D238460192FFF7D9FDDAF8B6
:10D2AC000010019AA1EB080129444546CAF8001068
:10D2BC003BF819100A442BF81920C5E732463846BA
:10D2CC00FFF7C6FDDAF80020054B4846921B3744A1
:10D2DC003544CAF80020E2B21A70FFF753FEB3E7E8
:10D2EC00412F0120312F0120332F0120BA2801209A
:10D2FC00404F0020CA280120AC2101200B4B0C49C7
:10D30C001A780978D3B28A420DD00133094A092B15
:10D31C0028BF0023D25C084B33F81210074B03EBE9
:10D32C004223585C70474FF0FF307047412F01206B
:10D33C00312F0120332F0120CA280120404F00201B
:10D34C00034B10B51C680CB901F05CFE204610BDF7
:10D35C00AC2101202DE9F041104D114F2C78DFF854
:10D36C005080E4B20F4E3B78A34201D1BDE8F0816E
:10D37C0001340D4A0D49092C336828BF002418F8D4
:10D38C00040032F8102031F81010521A9B1A336036
:10D39C00FFF7F8FDE3B22B70E5E700BF412F01204A
:10D3AC00312F0120AC210120BA280120CA280120EC
:10D3BC00332F012007B501210DF10700FFF734FFD2
:10D3CC0020B19DF8070003B05DF804FB4FF0FF306F
:10D3DC00F9E70000584B2DE9F74F1B7807460E462E
:10D3EC0003F0FF04002B00F089800024DFF860A11B
:10D3FC00DFF860B1002E00F0818001239BF8002043
:10D40C004FF00009DFF850818AF800304B4B4D4645
:10D41C0003EB42130093B8F800206AB9009801920C
:10D42C0000F032FE10F08000019A454B54D14FF4BD
:10D43C0000621870A8F80020B8F800909BF8003033
:10D44C00C9F50060B1454FEAC32500EBC3203D4B45
:10D45C00184461D84A463946FFF7FAFC394B4FF469
:10D46C00006200981D440023294600F0D9FDBFF34B
:10D47C004F8F05F1200205F50063934234BF012361
:10D48C0040234FF0E02205EB4313C2F8705F2035C8
:10D49C009D42FAD1BFF34F8FBFF36F8F03200099DA
:10D4AC0000F0D4FD9BF80030274A0133DBB2042B8B
:10D4BC0028BF00238BF80030B8F80030F61A1C4453
:10D4CC001F440023A8F80030C2F88430BFF34F8FFC
:10D4DC0000238AF800308DE7BFF34F8F8AF80020C5
:10D4EC0015B91A4AD2F800901A783AB9174A126844
:10D4FC00A2EB0902782A05D901221A70204603B042
:10D50C00BDE8F08F0C4A1278002AF7D0012501F003
:10D51C0079FD8AF800507EE732463946FFF798FCD1
:10D52C00A9EB0609084B4FF040423444A8F8009090
:10D53C000026C3F88420C9E7492F0120C0600020D1
:10D54C00442F0120C061002000002E4068280120DB
:10D55C00472F0120452F01205E29012007B501210D
:10D56C008DF807000DF10700FFF734FF03B05DF8ED
:10D57C0004FB00002DE9F04100240E4F01230E4E58
:10D58C002546DFF838803B7098F80030A34206D06F
:10D59C00304600F079FD030658BF05F500650134EF
:10D5AC002036042CF0D1BFF34F8F002328463B705C
:10D5BC00BDE8F081472F0120C0600020452F0120DD
:10D5CC002DE9F8431C4B1B789BB31C4F3A8882B354
:10D5DC001B4E01231B4DC2F5006833701A4942469D
:10D5EC002B781A4C01EB431904EBC3240023484657
:10D5FC002146A04400F014FDBFF34F8F4FF0E02301
:10D60C00C3F8704F2034A045FAD8BFF34F8FBFF347
:10D61C006F8F0320494600F019FD2B780133DBB2E4
:10D62C00042B28BF00232B7000233B80BFF34F8FAC
:10D63C003370BDE8F88300BF492F01205E2901201B
:10D64C00472F0120452F0120C0600020C061002021
:10D65C00834BF0B55A699D69A3F5F823DC68814BBF
:10D66C0098425CD9804B984262D98049C31AB3FB6B
:10D67C00F1F319214B4340F2276103F2E2438B4251
:10D68C0028BF0B46764EA3F54873D6F8801041F0B0
:10D69C00C001C6F880101921B3FBF1F304F01F018F
:10D6AC00994207D224F01F0471491C43CC600E68C8
:10D6BC00002EFCDA12F0007120D16E4E6E4F3669DE
:10D6CC003E40BE420ABF032101260026CF0682EA55
:10D6DC00C16111F0605F04D022F0605260493A439E
:10D6EC004A61310385EA063616F4405F23D142F0D5
:10D6FC0000725B494A618D6CAF06FCD401255F4F0B
:10D70C002E4605FB06F14143B9421DD901F5B7017F
:10D71C005B4801F55861814220D96C2123E0594EB8
:10D72C0040F2B63340F27E41B04288BF0B46A9E7C7
:10D73C0040F2E243A6E725F440552943484DA96140
:10D74C00A96C0907FCD4D2E7082E01D00136D8E722
:10D75C00042D65D901F5B70101F55861B94262D9BB
:10D76C004948B1FBF0F1434F4748D7F800C0DFF808
:10D77C0038E148430CEA0E0E41F0004CB0FBF6F0D9
:10D78C004CF4005CE645B0FBF5F04ED1344F711E05
:10D79C00D7F810C00CF007068E4251D1013DA902FA
:10D7AC0082EA852515F4E05F4FD13849384D0144A4
:10D7BC00A94296BF374E0426B1FBF6F6751E290218
:10D7CC0082EA052515F4407F254D05D022F44072E0
:10D7DC0001F44071114369616A69214922F00072B8
:10D7EC006A618A6C9206FCD42B4A2C4910604FF06B
:10D7FC00FF32B0FBF6F60E602949B0FBF1F1B2FB3B
:10D80C00F1F228490A6004F01F02934207D224F077
:10D81C001F04174A2343D3601368002BFCDAF0BDB6
:10D82C00013501266DE736219DE74FF4805C41F40C
:10D83C000051C7F800C0396039680029FCDAA5E747
:10D84C003961B96CCE03FCD4A8E701F4E05122F4A1
:10D85C00E0520A4302494A618D6CAD07FCD4A4E73F
:10D86C0000C00F4000A4781F0046C323003FAB014B
:10D87C000000084000800D4040300080FFB19F2622
:10D88C00FF7EF64D00366E01001BB7007FD1F0080D
:10D89C007F17B42C80D1F008541E0020501E00209D
:10D8AC0040420F00D42101207F30018030B5224C42
:10D8BC0001B30904214B012541F080019860A3605C
:10D8CC00596000F580511D60D96000F50051196157
:10D8DC0000F5405100F58040596198610023E360E8
:10D8EC00174BD3F8B0112943C3F8B011D3F8B011CA
:10D8FC000029FBD1134B0121002A4FEA0242196087
:10D90C0048F2800108BF802159600021C4E912311E
:10D91C0099604FF001110A4BC3F8BC11D3F8B01148
:10D92C0041F48031C3F8B01107490A60D3F8B02133
:10D93C00002AFBD130BD00BF00000020E02A0020EF
:10D94C0000002E40C02A00208C200120836BF0B5F3
:10D95C001BB1536843F40043536072B6446B184BCD
:10D96C0024B32260D3F8B0410C421CD1154E776819
:10D97C00D3F8404144F48044C3F84041D3F8B84153
:10D98C00D3F840516D0404D47568ED1BB5F5166FD2
:10D99C00EED30C4007D1C0E90224094CD4F8B031C5
:10D9AC000B43C4F8B031426362B6F0BDC0E9022447
:10D9BC00D3F8B0412143C3F8B0110263F3E700BFC1
:10D9CC0000002E40001000E070B50446006B38B12A
:10D9DC0002460025536813F0800302D022633DB940
:10D9EC0070BD12680135012AF4D1C4E90C33F6E795
:10D9FC000668013DA36B98473046F0E770B50446C6
:10DA0C000E46154600213C220430FFF7FFF9012396
:10DA1C002660A360A56370BD1F4A10B509B3090445
:10DA2C001E4B012441F0800198609364596000F50D
:10DA3C0080511C60D96000F50051196100F540510E
:10DA4C0000F58040596198610023D364144BD3F8DE
:10DA5C00B01141F48031C3F8B011D3F8B0110029E2
:10DA6C00FBD1104B01211960802159600021C2E9C2
:10DA7C00023199604FF00112094BC3F8BC21D3F865
:10DA8C00B02142F00102C3F8B021074A1160D3F86B
:10DA9C00B021002AFBD110BD00000020E02A00209C
:10DAAC0000002E40C02A00208C20012072B6094AAA
:10DABC0001238340107818431070074AD2F848317C
:10DACC00190605D480210B43C2F84411C2F8483121
:10DADC0062B67047432F012000002E40074A0123F5
:10DAEC008340107820EA0300107030B9044AD2F851
:10DAFC00483123F08003C2F848317047432F01208E
:10DB0C0000002E402DE9F843A64CD4F84461F207EE
:10DB1C00C4F8446132D4730600F10D82F40103D5CC
:10DB2C00A14B1B6803B19847B00103D59F4B1B68F1
:10DB3C0003B19847710708D59A4B9D4AD3F88431A5
:10DB4C0013F4007318BF01231370964BD3F84831AC
:10DB5C001A0640F10882330640F10582954A137883
:10DB6C00002B00F00082013BDBB21370002B40F065
:10DB7C00FA810320FFF7B2FF07F05AF8D4F8AC3162
:10DB8C00DFF84882002B43D1D4F8BC51002DC2D011
:10DB9C00894AC4F8BC5111680D421AD0136042F284
:10DBAC002101864A536812888A4240F0A5819BB2B3
:10DBBC007BB9834A834B10689188862892791860C8
:10DBCC0099809A7105D10320FFF770FF794B502291
:10DBDC001A707D4B1B681D409DD02C0CDFF8EC811E
:10DBEC004FF00109002C40F09881ADB2774F4FF007
:10DBFC000108002D8FD095FAA5F4B4FA84F407EB44
:10DC0C00C41008FA04F4FFF7DFFE25EA0405F0E778
:10DC1C00C4F8AC31D8E90A53D4F8402142F400528C
:10DC2C00C4F84021D4F840219704F5D5D4F840210C
:10DC3C0022F40052C4F840214FF00112C4F8B42170
:10DC4C00D4F8B47117F00117FAD1A9B25A4AB1F548
:10DC5C00086F176000F0998048D840F20232914268
:10DC6C0000F0E2800ED8822900F0C280B1F5817FED
:10DC7C0000F0EE80802900F090804FF00113C4F882
:10DC8C00C0317FE0B1F5A06F71D0A1F5D061012951
:10DC9C00F3D84F4AC5F30F459FB251680029ECD019
:10DCAC00B2F800C02846AC4540F00A81B2F802C078
:10DCBC00BC4540F005812D0A464F4FEA1349032D10
:10DCCC000CBF0A781289914528BF9146B0F5007FA8
:10DCDC0040F0D080364B4A463F4918783F4B0028DD
:10DCEC0008BF19463846FFF7B3F8D3E042F22132A9
:10DCFC00914220D025D842F22102914200F0EF80CF
:10DD0C0042F22122914200F0DD80B1F5106FB4D1C6
:10DD1C00334BC5F307454FF0C8121D70314BC4F897
:10DD2C00C831C4F8CC21C4F8D021C4F8D431FFF7E1
:10DD3C00FBF900F0FDFF002211461046FFF7B6FD7F
:10DD4C0020E046F22142914200F0D38046F2A172CB
:10DD5C00914292D1B3F5802F8FD3234B04211848D5
:10DD6C001B780170837020234770C37012E02D0C58
:10DD7C003A46394638466D06FFF798FD45F08075F2
:10DD8C00C4F85451D4F8AC31FCE6154B01211748BA
:10DD9C001B780370FFF740FEF4E71448022107706C
:10DDAC004770F7E700002E408028012084280120CE
:10DDBC004A2F01204B2F01208C200120C0810020F4
:10DDCC00CF2E01207428012090200120000000207B
:10DDDC00080B002000202020B9260060502600608F
:10DDEC00492F01200200CC0049240020292F0120BA
:10DDFC0098B213F078037FF440AF5C4A00F07F01D7
:10DE0C00050652F821105A4A1370537009D511F4B3
:10DE1C00803F18BF01234FF00201554818BF137003
:10DE2C00B8E711F0010FF4E713F0780F99B27FF413
:10DE3C0024AF01F07F024D4B11F0800F53F82210EC
:10DE4C0014BF41F4803141F0010143F8221072E714
:10DE5C0013F0780F99B27FF410AF01F07F02434BAF
:10DE6C0011F0800F53F8221014BF21F4803121F0EF
:10DE7C000101EAE7B0F5E06F20D13E4B4A463E493E
:10DE8C0018783E4B002808BF19463846FEF7E0FFCD
:10DE9C0007237B7027F01F0507EB0900BFF34F8F9B
:10DEAC004FF0E023C3F8705F2035A842FAD8BFF3D7
:10DEBC004F8FBFF36F8F324849466BE74A4611E7E5
:10DECC000C32EAE69BB2002B7FF435AF2D4BC5F339
:10DEDC0007451A682C4B1A602C4B1D702BE7190C3C
:10DEEC0007297FF4CAAE2A4A2A48C2E90053012204
:10DEFC0024E7190C0629F4E746F221439A427FF4F1
:10DF0C0068AE244B1A78012A7FF463AE5B78402B01
:10DF1C007FF45FAE204B19225AE694FAA4F7B7FAB5
:10DF2C0087F708EBC71009FA07F7403024EA070413
:10DF3C00FFF74AFD56E6194BD3F8AC21C3F8AC21D8
:10DF4C00D3F8BC21C3F8BC21D3F8B041002CFBD1D1
:10DF5C004FF0FF32C3F8B421D3F88431FFF7E2F865
:10DF6C000F4B1C60DAE5BDE8F88300BFC0012E4002
:10DF7C00292F01204A2F012050260060B92600606D
:10DF8C0000202020682801207C280120482F012017
:10DF9C00C0810020CF2E01204924002000002E40FB
:10DFAC009020012070B51E46831E0546032B12D807
:10DFBC00B2FA82F4090408483246640900EBC51031
:10DFCC0041EA4471FFF71AFD2EB1044B01201A6887
:10DFDC00A8401043186070BD000000209020012064
:10DFEC0038B504461D46A31E032B13D8B2FA82F093
:10DFFC0009042A46400941EA4071074800EBC41065
:10E00C00FFF7FCFC35B1054A103401231168A3401D
:10E01C000B43136038BD00BF40000020902001204E
:10E02C00120442F0800210B5426001F580520124C6
:10E03C008160C26001F500520460026101F540523A
:10E04C0001F580414261C0E9061310BD831E0A46EA
:10E05C00032B08D800F1100301219940024B03EB6C
:10E06C00C010FFF773BC704740000020831E0A46A7
:10E07C00032B06D80121034B814003EBC010FFF7A3
:10E08C0065BC704700000020084A0146D2F84031B8
:10E09C0072B643F48043C2F840314868D2F840313C
:10E0AC0062B613F4804FF3D0704700BF00002E40CF
:10E0BC0070B5044608460021B4FBF2F502FB154688
:10E0CC00F3B2092E94BF30333733A242DBB2435440
:10E0DC0002D801312C46EFE743180022441E5A7037
:10E0EC008D1AAA4200DB70BD14F8015F01321E7854
:10E0FC00267003F80159F3E7B4EE400A80EAE073A6
:10E10C002DE9F04FF1EE10FA07460E461446A3EB3C
:10E11C00E0732DED028BB0EE408A85B02BD7032B2C
:10E12C00B8BF03230028A3F1030318DB18EE101A61
:10E13C004E2003330029BCBF2D2102F8011B4121C5
:10E14C0010705170D11C9070D018202381420FD1C7
:10E15C000023037005B0BDEC028BBDE8F08F1A44B0
:10E16C002023944201D10023E0E704F8013BF8E7B7
:10E17C0001F8013BEAE7F0EEC07A9FED757AF4EE18
:10E18C00477AF1EE10FA2DDDB5EEC00AF1EE10FA79
:10E19C004CBF042203229A42B4BF9B1A00230028CE
:10E1AC001EDAE2182023944217D10023B5EEC08A60
:10E1BC0046200333F1EE10FA44BF2D2102F8011B67
:10E1CC0049219070D01811704E2120235170D11C10
:10E1DC008142BDD001F8013BFAE704F8013BE2E7CC
:10E1EC002246E3E702AA01A9304602F076FA019B27
:10E1FC00804656EA030250D10178564B564A3429D0
:10E20C008CBF9046984601230193404603F0E8FBEF
:10E21C00019B0546834280F29780002B05F1010596
:10E22C0043D10135DDF808B0BBF1000F00D001354A
:10E23C00A7EB050A04EB0509BAF1000F59DD5246AC
:10E24C0020212046D144FEF7E1FD04EB0A03BBF18B
:10E25C00000F02D02D2203F8012B019900294AD17D
:10E26C0036B11A46302102F8021B2E215970134682
:10E27C002E2099451A4656D8002F0ADA3D441346EB
:10E28C0020266942551BE81A00285ADC0029A8BF31
:10E29C0052180023204613705CE75B429E42BEBFBF
:10E2AC007342DFF8B0800193AFE7BBDA002EB9D030
:10E2BC003344B51C9842B5D9F2EE047A334602E0E9
:10E2CC0028EE278A013B002BFADC002E02AA03A9B8
:10E2DC00B0EE480AACBFB01B304602F0FEF9019B11
:10E2EC00039A711C8046D21A8A4204BF01330193EF
:10E2FC0098E72346ABE7BBDA002EB9D01A46C1F13A
:10E30C00020130202E2602F8020B5E700B44002115
:10E31C009A4204D10029ABD000220192A8E7012136
:10E32C0002F8010BF4E718F8011B02F8011B9145E8
:10E33C00A2D001990139019109B99A1C5870134660
:10E34C0097E703F8016B9EE7002B3FF46AAF69E790
:10E35C00FFFF7F7FEF130020410F002070B50D4BA6
:10E36C0001240D4E0D4D53E8002F3068296843E809
:10E37C000042002AF7D10A4B5B680A4A5B1A126802
:10E38C00A2FB03234FF47A725043934294BFC018FC
:10E39C00801870BD6C280120682801206428012099
:10E3AC00001000E0D421012038B5044688B1FFF7F5
:10E3BC00D5FF0546FFF7D2FF401BB0F57A7F02D29E
:10E3CC0000F020FEF6E7012C03D0013C05F57A7530
:10E3DC00F0E738BD72B6EFF305834F4CC4F88430C8
:10E3EC001EF0040F0CBFEFF30882EFF309824FF01D
:10E3FC00E0234A4F4A4ED3F8281DC4F88810D3F8AE
:10E40C002C1DC4F88C10D3F8341DC4F89010D3F81C
:10E41C00383DC4F894309369C4F89830D369C4F883
:10E42C009C3000F029FB84ED280A00F0BBF80B238C
:10E43C003C4AC4F8A400C4F8803010464FF0FF33B7
:10E44C001168202504324B4043F30001013D01EAE1
:10E45C00070181EA5303F7D1B242F1D1C4F8A830D5
:10E46C00BFF34F8F4FF0E0232F4AC3F8700FC3F860
:10E47C00702FBFF34F8FBFF36F8F2C4A2C4CD36E82
:10E48C002C4843F44053D36602232360D36923F012
:10E49C007F0343F04003D361274B1B68834201D9B0
:10E4AC00FFF7D6F8002301264FF0FF322360C4F8A3
:10E4BC000831224BC4F800314FF0E023C4F8086156
:10E4CC001B4CC3F88021C3F88421C3F88821C3F8FE
:10E4DC008C21C3F89021D4F80C3123B10135C4F848
:10E4EC000C614F2D02D8FFF70DFBF4E7144B022201
:10E4FC001449C3F840214FF00042134B13485A63A0
:10E50C000B4AD2F80C312BB14FF0E023104AC3F870
:10E51C000C2DFEE70863F4E700FF27202083B8EDFD
:10E52C00A8FF272080FF2720A0FF272000C00F4036
:10E53C0000400840803DCD0B541E0020009F24005D
:10E54C0000002E4000800F4000900D40F100AD0BFC
:10E55C000400FA05084A08B5034610684BB1034499
:10E56C0006498B4206D903F0B5F90C2303604FF032
:10E57C00FF3008BD1360FCE72C220020000028208F
:10E58C00002070474FF0FF3070474FF400530020CD
:10E59C004B607047012070474FF0FF30704730BF21
:10E5AC00FDE70000084A506A936A10B5516A946AF4
:10E5BC00A34205D1884203D1DB0B43EA404010BD96
:10E5CC0023460846F2E700BF00400D400F4B9A6807
:10E5DC0022F001129A609A68D207FCD49A6B22F04E
:10E5EC0001029A63094B9A6BD107FCD4C203400C0D
:10E5FC005A6518659A6B42F001029A639A6BD207BE
:10E60C00FCD59A6842F001129A60704700400D40A8
:10E61C00114B0021114A30B5C3F8F0220122104DE4
:10E62C00104CC3F8F412C3F8B820C3F8A010C3F808
:10E63C00A450C3F8B0205869C007FCD55A612078A3
:10E64C00C007F0D41A6842F001021A60024A13683B
:10E65C00DB07FCD462B630BD00802A4005040124DF
:10E66C0001000F0000812A4030B50D4B4FF6FF75AD
:10E67C000C4CA3F58051002208880231A84203D02B
:10E68C000132994292B2F7D303F5805324F8022B4E
:10E69C00B3F1C14FEDD1044B01221A7030BD00BF54
:10E6AC0000107C60DE280120D82E012038B541F204
:10E6BC00BB030446984225D8134B1B780BB9FFF7C4
:10E6CC00D3FFA2083F23114804F00304B2FBF3F379
:10E6DC00C3EB831144EA8304521A02F5C02130F8CB
:10E6EC001220FF2001F5F86152000B0302EB0132FE
:10E6FC00934200D338BD33F8021BCDB2A54208BFFC
:10E70C00080AF5E7FF20F5E7D82E0120DE280120C6
:10E71C0070B504468D180846A84200D170BD461C41
:10E72C00FFF7C4FF04F8010B3046F5E7F8B50D46CA
:10E73C00144672B62E4B40F206412E4A9A610222C2
:10E74C00DA610022C3F8A020C3F8F0120119C3F853
:10E75C00F422C3F8F822C3F8FC224FF47022C3F859
:10E76C00A4200122C3F8B02020F01F02BFF34F8F6A
:10E77C004FF0E026C6F85C2F20329142FAD8BFF356
:10E78C004F8FBFF36F8F5A69D607FCD501221A49F8
:10E79C0020F07F40164F5A61C3F8F01242F201216B
:10E7AC00C3F8F412A1B2C3F8BC2041F47021C3F831
:10E7BC00A000C3F8A410C3F8B0207B69DA0705D514
:10E7CC0041237B61BDE8F840FFF722BF5906F4D521
:10E7DC00082C0BD83CB126462946A41B354432469E
:10E7EC000648FEF735FB40237B61E6E70826F3E796
:10E7FC0000802A40F05AF05A3204180880812A40CE
:10E80C0010B472B6274B284A9A610222DA6140F2A0
:10E81C000642C3F8F0220022C3F8F422C3F8F8220F
:10E82C00C3F8FC22C3F8A0204FF47022C3F8A42034
:10E83C000122C3F8B02020F47F6222F00F02BFF354
:10E84C004F8F02F1200402F58051A14234BF012107
:10E85C0080214FF0E02402EB4111C4F85C2F2032F0
:10E86C008A42FAD1BFF34F8FBFF36F8F5A69D1072A
:10E87C00FCD501210D4A5961C3F8F0220C4A024023
:10E88C00C3F8A0204FF47022C3F8A420C3F8B01032
:10E89C00044B5A69D207FCD501225DF8044B5A612E
:10E8AC00FFF7B6BE00802A40F05AF05A2004180830
:10E8BC0000F0FF0041F2BB0398422DE9F0430446FF
:10E8CC00C3B089462FD8374B1B780BB9FFF7CCFE5A
:10E8DC00A6083F2304F00304DFF8CC80B6FBF3F367
:10E8EC00C3EB831244EA8304B61AFF2206F5C02355
:10E8FC0038F8165003F5F86368001F0300EB03307B
:10E90C003B46834212D34A450DD0B5F5006F15D264
:10E91C0044EA09240135022202A9ADF80840FFF7A8
:10E92C0005FF28F8165043B0BDE8F08333F8021BFE
:10E93C005FFA81FCA44508BF0A0AE2E74FF4807233
:10E94C00FF2102A840F60105FEF760FA17F5805F7B
:10E95C003B4628BF0125013D1DD102AB384603F8CB
:10E96C00049002ACA946FFF74BFF14F8013BFF2BB8
:10E97C000BD049EA0323022207EB450001350DF1C8
:10E98C000601ADF80630FFF7D1FE09F10109B9F522
:10E99C00807FEAD1C5E733F8022B02A8D1B2120A64
:10E9AC004254D8E7D82E0120DE28012070B5044649
:10E9BC000846A518AC4200D170BD461C14F8011BCA
:10E9CC00FFF778FF3046F5E70346006848B1586812
:10E9DC0038B10C23B0FBF3F203FB1200B0FA80F059
:10E9EC004009704710B50146FFF7EEFF044610B121
:10E9FC000124204610BD4B680C20B3FBF0F200FB49
:10EA0C0012320AB19B1A4B604B68F02BF0D802F013
:10EA1C0061FF1C230360ECE738B51D46044628B99A
:10EA2C0002F058FF16230360002038BD01B192B9E3
:10EA3C002046FFF7C9FF0028F2D0A36823B1626813
:10EA4C0000212068FEF7E2F9102200212046FEF793
:10EA5C00DDF90120E9E7049BC0E90012C360FFF770
:10EA6C00C1FF0028E0D0002DF3D06268002120689F
:10EA7C00A560ECE7FFF7AEBC124BD3F88020520731
:10EA8C00FBD5D3F88030104AC3F30B2392ED000A68
:10EA9C0007EE903A0D4BB8EE400A93ED007AF8EE83
:10EAAC00E77A0B4BB8EE477A77EEC77A93ED007A9C
:10EABC00084B67EE877AD3ED006A87EEA67A30EEC4
:10EACC00470A704700810D40C8210120C421012054
:10EADC00CC210120D0210120362810B50BD8020101
:10EAEC000A4B03EB00109B58C2685C68144206D0BA
:10EAFC0011B1C3F8842010BDC3F88820FBE78368EC
:10EB0C0011B1034A1A60F6E7024AFBE764070020DA
:10EB1C0038F0010038300100362830B517D8134BC7
:10EB2C00020101299A5803EB00105468D0E9023510
:10EB3C0001D004290CD12C430129546001D1382275
:10EB4C0001E040F638021A60152243681A6030BDA5
:10EB5C0024EA050454600029F1D0022901D1044AA9
:10EB6C00F1E703290CBF034A034AECE764070020D2
:10EB7C0038F0010038300100380001004FF47043C8
:10EB8C000022F0B5A0F88C310F2360274FF46046BB
:10EB9C00A0F88E314FF48065A0F890211146B0F8A2
:10EBAC00883148F2B8249BB243F0F003A0F88831C6
:10EBBC0007FB02030132042A9E80DD8059841986EA
:10EBCC0059805981DC815982D9825983D983EFD1FB
:10EBDC00B0F888319BB243F00F03A0F88831B0F83D
:10EBEC0088319BB243F47063A0F88831F0BD0022E9
:10EBFC004FF00F0CF0B5114641F2010745F6C05627
:10EC0C0043F2260400EB4213550101329981042A88
:10EC1C005981A3F80EC09F82DE80415319829C81DA
:10EC2C00F0D1F0BD154A164808B5936F43F47F0335
:10EC3C009367D2F8803043F07C4343F44033C2F8FE
:10EC4C008030FFF79BFF00F58040FFF797FF00F542
:10EC5C008040FFF793FF00F58040FFF78FFFA0F592
:10EC6C000310FFF7C4FF00F58040FFF7C0FF00F56D
:10EC7C008040BDE80840FFF7BABF00BF00C00F409E
:10EC8C0000C03D40024A136801331360704700BF57
:10EC9C002421012010B50A4CC1692378094A01339B
:10ECAC00052B28BF0023D1544168074AC1F30E41FC
:10ECBC001288521A054941F82320DBB2237010BD8B
:10ECCC00322F01203C2F0120DC280120B021012013
:10ECDC00F8B514490346144F01EB402138880A4615
:10ECEC000844BFF34F8F4FF0E024C4F85C2F203260
:10ECFC009042FAD8BFF34F8FBFF36F8F0B4D4FF489
:10ED0C0000363A8805EB4315C4F88C612846FFF7AA
:10ED1C0087F929460420C4F88C61FFF7A7F9C4F8D9
:10ED2C000C61F8BD00102020DC2801204060002080
:10ED3C001E4B802200211E4870B51B7800241D4EEE
:10ED4C00002B1D4B14BF4FF4007540251D803580E2
:10ED5C00FEF75CF8802200211848FEF757F8184B94
:10ED6C00224629461C700420164B1C70164B1C7036
:10ED7C002346FFF735F9224631880420134BFFF761
:10ED8C0011F92246124B20210520FFF729F92046C4
:10ED9C00FFF79EFF0120FFF79BFF0220FFF798FF74
:10EDAC000320BDE87040FFF793BF00BF4A2F01203E
:10EDBC0040610020DC2801206229012040600020F5
:10EDCC00462F0120322F0120422F012075C5000053
:10EDDC0065C500002DE9F84FDFF8808005461B4F14
:10EDEC000E46D8F800903B78DFF874A0DCB2DFF860
:10EDFC0074B09AF8003023B39BF800309C4208D1D1
:10EE0C00D8F80030A3EB0903B3421DD200F0FAF896
:10EE1C00EFE7631C0E4A0F492846052B28BF002339
:10EE2C00D65C0D4A01EB462152F82340DBB2224658
:10EE3C003B70FEF70DF83046FFF74AFF2046BDE861
:10EE4C00F88F4FF0FF34F9E70024F7E7422F012049
:10EE5C003C2F012000102020B02101206828012027
:10EE6C00492F0120322F0120074B1B7803F0FF00A4
:10EE7C004BB1064B1A78064B1B789A4202D0054BC5
:10EE8C001888704700207047492F0120322F01202D
:10EE9C00422F0120DC2801202DE9F84F294F804614
:10EEAC00294E0C463B781546DFF8A89006EB431626
:10EEBC00DFF8A4B0D9F800A09BF80030002B3BD0B1
:10EECC003046FFF7E1F8030608D5D9F80030A3EB7C
:10EEDC000A03AB4233D800F095F8EDE73B782246B5
:10EEEC001A4D414605EB43252846FDF7B1FF184A5C
:10EEFC002B4612882A44BFF34F8F4FF0E021C1F804
:10EF0C00703F20339A42FAD8BFF34F8FBFF36F8F05
:10EF1C000023224629463046FFF782F8042031466A
:10EF2C00FFF794F83B7820460133DBB2042B28BF63
:10EF3C0000233B70BDE8F88F4FF0FF30FAE700205C
:10EF4C00F8E700BF462F0120406100200018202068
:10EF5C006229012068280120492F0120114B0A2227
:10EF6C00D3F82002104B20F07F40984230B538BFC8
:10EF7C000A2385B038BF584301A9FFF799F80B480D
:10EF8C0001AA0021054612F8014B0B46013124B1B0
:10EF9C000A2920F8024FF6D10B4601335B002B7087
:10EFAC0005B030BD00441F408096980020240020FE
:10EFBC00114938B50B684BB1EFF3058333B9EFF357
:10EFCC00108272B6086810B902B962B638BD0B4C23
:10EFDC002578002DF8D10123237043690B6043B1D0
:10EFEC009D6102B962B60025836845779847257004
:10EFFC00ECE703490B60F4E7F41C0120292A0120FB
:10F00C00001D01202DE9F843174B1C789CB1174DBE
:10F01C002B7883B90123E1072B7004D5FEF790F907
:10F02C0008B1AFF30080A20718D400232B7063073C
:10F03C0001D5FFF7BDFFBDE8F88359F823703B6895
:10F04C0038461B69984710B17B699B689847013615
:10F05C0098F80020F3B29A42EFD8E6E70026DFF8E2
:10F06C001080DFF81090F3E74C2F01202B2A0120A1
:10F07C002A2A0120041D012070B50B4D00240B4ED3
:10F08C00EFF3108272B6286858B143692B6033B124
:10F09C009C6102B962B6836844779847F0E73360A5
:10F0AC00F7E702B962B670BDFC1C0120F81C012008
:10F0BC00FFF7E2BF044B5A68044B1A60044A13680A
:10F0CC0001331360704700BF001000E0642801207A
:10F0DC006828012030B572B6224C89B9016879B123
:10F0EC0003790F2B0CD822881A41D20708D503F1CB
:10F0FC00007303F5E943B1EB431F01D162B630BD98
:10F10C002188002341FA03F212F0010222D10125D9
:10F11C009D402943218062B6134DDCB203F100738C
:10F12C000471E96F03F5E94341F0C0015B01E96744
:10F13C0040F282450D490D608C768C770C76CC773D
:10F14C000360C3E90022C3E90222C3E90422C3E934
:10F15C000622D4E70133102BD4D162B600220371FE
:10F16C000260CCE7B228012000C00F4000800E40A6
:10F17C0003790F2B0FD8084A937672B607490122F0
:10F18C0003799A400B8823EA02030B8062B61023A2
:10F19C00037100230360704700800E40B2280120E9
:10F1AC0010B504460023D2B200F0F9F82046BDE8B1
:10F1BC00104000F0CBB870B505460C4651B108466E
:10F1CC0002F00EFC2B680246214628465B68BDE81F
:10F1DC007040184770BDFFF7EEBF10B50446FFF73F
:10F1EC00EAFF2046BDE8104000F0B0B80022012331
:10F1FC00084410B50029A0EB010403DC9BB243EAE0
:10F20C00024010BD2488023913FA84F31A44F1E742
:10F21C00FEF7A0B8FEF772B8FEF7CCB8FEF790B8C0
:10F22C00FEF7CEB9FEF7A6B908461146FEF7D2B8DE
:10F23C000846FEF793B908B5F3F730FEF3F7ACFBCD
:10F24C00FFF7E0FEFAE7000070B5094D04462E68A2
:10F25C00236820465B699847002808DAFFF7D2FE3E
:10F26C002B68A2689B1B9342F2D34FF0FF3070BD0A
:10F27C00682801202DE9F04106460F461C4615462C
:10F28C00BAB17BB103F1FF380024444508D23046B3
:10F29C00FFF7DAFF874203D0002806DA0123337325
:10F2AC0000232B702046BDE8F081013405F8010BDA
:10F2BC00EBE71446F6E7012AF0B508BF0A228BB03B
:10F2CC00A9B9302221248DF825203BB1631E0AAA4E
:10F2DC00DCB252FA83F32D2203F8242C036801A923
:10F2EC00C4F122025B68214498470BB0F0BD212485
:10F2FC00B1FBF2F602FB1617FDB2092F04F1280739
:10F30C0094BF303537356F448A42EDB207F8245C30
:10F31C00DBD8013C3146E4B2EAE770B505460C4651
:10F32C00084649B102F05CFB2B6802462146284690
:10F33C005B68BDE87040184770BD00294FF00A02A9
:10F34C00BABF49422D230023FFF7B5BF40F60D236A
:10F35C0007B5ADF804300222036801A95B68984731
:10F36C0003B05DF804FB0000054B022888BF034680
:10F37C00186810B44468184623465DF8044B1847C7
:10F38C00581E00200EB403B503AA52F8041B0192B8
:10F39C0002F098F902B05DF804EB03B0704730B49A
:10F3AC0022B90368C9B21B6830BC184730BCFFF7E0
:10F3BC0082BF2DE9F04792B0804617461E469DF855
:10F3CC0068909DF86CA0B9F1010F38D952EA060388
:10F3DC001AD1302341258DF84530BAF1000F07D0F2
:10F3EC006B1E12AADDB252FA83F32D2203F8442CC1
:10F3FC00D8F8003001A9C5F1420240465B682944A7
:10F40C00984712B0BDE8F087412531464A460023A3
:10F41C00384600F0B7F805F14803D4B26B44092C18
:10F42C0094BF303437344F45E4B276F1000603F81C
:10F43C00444CD2D3013D07460E46EDB2E5E7002021
:10F44C00DFE7000000000000B4EE400BF0B5F1EE79
:10F45C0010FA06460D462DED048B87B008D74249AD
:10F46C00FFF75BFF0446204607B0BDEC048BF0BDF4
:10F47C00B0EEC07B9FED346BB4EE467BF1EE10FA30
:10F48C0001DD3A49ECE79FED327BB4EEC70BF1EEB0
:10F49C0010FA02DD36493046E2E79FED2F7BB4EEE1
:10F4AC00C70BF1EE10FAF5D4B5EEC00B0022B6EE98
:10F4BC00008BF1EE10FA9FED2A6B46BFB1EE400BBC
:10F4CC0001230023D1B28D423AD830EE088B0A22A8
:10F4DC003046BCEEC89B19EE101AFFF7ECFE044642
:10F4EC00002DC0D00F2D4FF02E03B8EE490B02A803
:10F4FC0028BF0F258DF80830B2EE046B01466B1E49
:10F50C0038EE400BDBB220EE060B013BDBB2FF2BDF
:10F51C00FCEEC07BCDED017A9DF8042007EE902A1D
:10F52C0002F13007B8EEE77B00F8017F30EE470BB5
:10F53C00E9D10135336830465B68EAB2984792E707
:10F54C0028EE068B0132BDE7FFFFFFFFFFFFEF7FC9
:10F55C00000000E0FFFFEF41000000E0FFFFEFC103
:10F56C00000000A09999B93F591C00205D1C002097
:10F57C00611C002000F086B90B460146184601F0CC
:10F58C009BB8000053B94AB9002908BF00281CBF1A
:10F59C004FF0FF314FF0FF3000F06AB9ADF1080CBD
:10F5AC006DE904CE00F006F8DDF804E0DDE9022395
:10F5BC0004B070472DE9F047089D0E4604460F46EF
:10F5CC00002B4AD194468C45B2FA82F260D942B1F2
:10F5DC00C2F12003974020FA03F30CFA02FC1F43FC
:10F5EC0094404FEA1C4E1FFA8CF6B7FBFEF1230C2D
:10F5FC000EFB117743EA074301FB06F098420AD948
:10F60C001CEB030301F1FF3780F01581984240F2A7
:10F61C001281023963441B1AA4B2B3FBFEF00EFB39
:10F62C00103344EA034400FB06F6A6420AD91CEB4D
:10F63C00040400F1FF3380F00081A64240F2FD800B
:10F64C006444023840EA0140A41B00211DB1D4409F
:10F65C000023C5E90043BDE8F0878B4205D90DB105
:10F66C00C5E9000100210846F5E7B3FA83F100294A
:10F67C0046D1B34202D3824200F2F580841A66EB83
:10F68C00030201201746002DE5D0C5E90047E2E74B
:10F69C00002A40F09380A1EB0C034FEA1C471FFAA1
:10F6AC008CFE0121B3FBF7F607FB1630230C43EA63
:10F6BC0000430EFB06F0984208D91CEB030306F13D
:10F6CC00FF3802D2984200F2D08046461B1AA4B2F0
:10F6DC00B3FBF7F007FB103344EA03440EFB00FEC8
:10F6EC00A64508D91CEB040400F1FF3302D2A64551
:10F6FC0000F2B6801846A4EB0E0440EA0640A5E7DB
:10F70C00C1F120078B4022FA07FC4CEA030C06FAE5
:10F71C0001FE20FA07F426FA07F344EA0E0400FA75
:10F72C0001F84FEA1C404FEA1449B3FBF0FE1FFAF4
:10F73C008CF600FB1E3349EA03430EFB06F9994590
:10F74C0002FA01F20BD91CEB03030EF1FF3A80F025
:10F75C008580994540F28280AEF1020E6344A3EBA2
:10F76C000909A4B2B9FBF0F300FB139944EA09446C
:10F77C0003FB06F6A64208D91CEB040403F1FF3088
:10F78C0068D2A64266D9023B644443EA0E40A41BED
:10F79C00A0FB02E6B4427346B14652D34FD05DB1E2
:10F7AC00B8EB030264EB090404FA07F722FA01F33D
:10F7BC001F43CC40C5E9007400214CE7C2F1200185
:10F7CC0020FA01F30CFA02FC26FA01F196403343BD
:10F7DC004FEA1C471FFA8CFEB1FBF7F007FB101623
:10F7EC00190C41EA064100FB0EF68E4204FA02F4B3
:10F7FC0008D91CEB010100F1FF382DD28E422BD918
:10F80C0002386144891B9BB2B1FBF7F607FB16115A
:10F81C0043EA014306FB0EF1994208D91CEB0303A2
:10F82C0006F1FF3814D2994212D9023E63445B1A96
:10F83C0046EA004136E73946EDE6184602E7F04560
:10F84C00ADD2BEEB020366EB0C060138B146A6E75F
:10F85C004646ECE7034698E74046D3E7D6467EE7B4
:10F86C006444023847E708460DE7023E63442DE73F
:10F87C00704700BF024B0146186800F02DB800BF5E
:10F88C00F8230020024B0146186802F097BE00BF17
:10F89C00F823002070B50F4E0C463168054611B99F
:10F8AC0001F0F6FF30602146284601F0F1FF431CC1
:10F8BC0003D14FF0FF34204670BDC41C24F0030468
:10F8CC00A042F8D0211A284601F0E2FF0130F2D113
:10F8DC00EFE700BF481D01202DE9F843CD1C25F0B2
:10F8EC00030508350C2D38BF0C25002D064601DB11
:10F8FC00A94204D90C2333600020BDE8F883DFF85B
:10F90C00D48000F069F8D8F800301C4644BB294676
:10F91C003046FFF7BFFF431C044658D1D8F80040CF
:10F92C002746002F43D1002C4BD023683946304654
:10F93C0004EB030901F0ACFF814542D121686D1A3B
:10F94C0029463046FFF7A6FF01303AD023682B44F6
:10F95C002360D8F800305A6862BBC8F800700FE01A
:10F96C002268521B20D40B2A17D96119A342256097
:10F97C0018BF5960636808BFC8F8001062514B602B
:10F98C00304600F02FF804F10B00231D20F0070087
:10F99C00C21A1CBF1B1AA350AFE76268A3420CBF6C
:10F9AC00C8F800205A60EBE723466468AEE73C4693
:10F9BC007F68B6E71A465B68A342FBD1002353600D
:10F9CC00DEE70C233360304600F00CF894E705605A
:10F9DC00D6E700BF441D0120014801F0A6BF00BFBF
:10F9EC00A42A0120014801F0A1BF00BFA42A0120D4
:10F9FC002DE9F041074614460D4621B9BDE8F0410A
:10FA0C001146FFF769BF2AB902F0D8FD25462846F2
:10FA1C00BDE8F08103F00FFE8442064602D8B4EB39
:10FA2C00500FF4D821463846FFF756FF804608B9E8
:10FA3C004546ECE7B4422246294628BF3246FDF73C
:10FA4C0007FA2946384602F0B9FDF1E770B50446CD
:10FA5C000D46164645EC104B03F0B2FC7EB1C5F3D7
:10FA6C000A53C3F16B03002B09DD1B0503F17F5116
:10FA7C00002001F5401141EC170B20EE070B70BD77
:10FA8C002DE9F04F2DED0A8B97B088460E9200228F
:10FA9C00129205904FF0000A4FF0000B0A4611929B
:10FAAC0011782B294CD039D80D2933D8082933D8C3
:10FABC0000293CD000220892119D2A78302A40F06F
:10FACC00B7806A7802F0DF02582A70D10293089B43
:10FADC00019312AB0093904A059813AB11A902F055
:10FAEC001FFE10F00F06044605D0062E2AD1013554
:10FAFC000023119508930E9B002B40F03785089B33
:10FB0C004BEC10ABCBB1B1EE400B17B0BDEC0A8B8C
:10FB1C00BDE8F08F2029CDD10132C0E72D29C9D104
:10FB2C0001210891511C11915278002AC4D10E9BCD
:10FB3C00CDF84480002B40F017854BEC10ABE4E77C
:10FB4C000021EEE7129A3AB1352114A803F02FFDEB
:10FB5C001299059803F008F9731E139A042B06D812
:10FB6C00DFE803F014031D201400DDE914ABE305FA
:10FB7C0048BF4BF0004B2BF000431B0D1B05002B1B
:10FB8C00B9D101F0A7FE22230360B4E7DDE914A389
:10FB9C0002F2334223F4801343EA025BE7E7DFF817
:10FBAC0080B1E4E76FF0004B4FF0FF3ADFE7119BB9
:10FBBC005A1C11925B78302BF9D0002B9BD001236F
:10FBCC000793119B0A930023069399461D460A221C
:10FBDC0011980478A4F13003D9B209292AD94F49D4
:10FBEC00012201F00AFE98B3002022462B4607465C
:10FBFC000146652A01D0452A18D11BB9079B03433E
:10FC0C0095D00023DDF8448008F10102119298F898
:10FC1C0001202B2A74D02D2A7AD04FF0000EA2F19D
:10FC2C003004092C40F28280CDF8448000249DE001
:10FC3C000023C5E7082DC8BF069900F10100CABF13
:10FC4C0002FB013302FB0939069301351190BFE722
:10FC5C00119B5A1C11925A78BDB307462B46A2F140
:10FC6C003001092912D90121C3E7119B5A1C1192A9
:10FC7C005A780130302AF8D0A2F13103082B00F267
:10FC8C007A84119B0A93074600200346303A00F110
:10FC9C00010114D00F449C464FF00A0E0CF10104E4
:10FCAC00E61AB14213DC20EAE0701918082903F1B6
:10FCBC000103034419DC0A2101FB09290021119AD3
:10FCCC00501C119052780846C9E72846D2E7BCF17F
:10FCDC00080F03DC0EFB09F9A446DFE7102CDEBF8E
:10FCEC00069E0EFB06F60696F6E70F29DFBF069872
:10FCFC000A2101FB00220692E0E7002701217DE7A3
:10FD0C004FF0000E08F10202119298F8022086E7DB
:10FD1C004FF0010EF6E700BFD40A00207813002044
:10FD2C000000F07F119A541C11945278302AF9D0AB
:10FD3C00A2F13104082C3FF679AFA2F1300C119AE4
:10FD4C000992119A541C11945278A2F13006092E82
:10FD5C0037D9099EA41B082C44F61F6402DC6445A9
:10FD6C00A8BF6446BEF1000F00D06442002B4DD1F9
:10FD7C00079B03437FF4BFAE00297FF4D8AE692AFA
:10FD8C0027D024DC492A24D04E2A7FF4D0AE9749C0
:10FD9C0011A802F0E7FE00283FF4C9AE119B1B78B6
:10FDAC00282B2DD1924914AA11A802F0EFFE052898
:10FDBC0026D1159BDDF850A043F0FF4B4BF4E00B24
:10FDCC0099E60A2404FB0C2CACF1300CB9E76E2A32
:10FDDC00DBE7884911A802F0C5FE00283FF4A7AE66
:10FDEC00119B8549013B11A8119302F0BBFE10B980
:10FDFC00119B01331193DFF814B24FF0000A7AE62D
:10FE0C007E4801F0F5FD5BEC10AB74E607EE909AC2
:10FE1C00E21BB8EE677B002D08BF1D46102B099224
:10FE2C001A46A8BF1022092B5BEC17AB15DCE11BA3
:10FE3C0000293FF460AEA4EB070172DD162959DCF2
:10FE4C006F4B099A03EBC20393ED007B4BEC16ABA3
:10FE5C0027EE067B5BEC17AB4DE66949DDED066AD8
:10FE6C0001EBC20111ED125B0F2BB8EE666BA7EE26
:10FE7C00056B5BEC16ABDADD9A1AE11B0A44002A1F
:10FE8C0040F3948012F00F000AD05D4901EBC001E1
:10FE9C0091ED007B4BEC16AB27EE067B5BEC17ABC6
:10FEAC0032F00F0273D0B2F59A7F47DD002425465D
:10FEBC0007942646059ADFF854B1222313604FF0BD
:10FECC00000A079B002B3FF416AE1299059802F01E
:10FEDC004BFF0598314602F047FF0598294602F082
:10FEEC0043FF0799059802F03FFF0598214602F061
:10FEFC003BFF00E6C3F12501E01B8142BCDB404A1D
:10FF0C00C3F10F0302EBC30191ED007B09994BEC9C
:10FF1C0016ABCB1A02EBC30227EE067B92ED006BFD
:10FF2C0096E71631A8DB364B3C1B03EBC40494ED6F
:10FF3C00007B4BEC16AB86EE077B8BE700204BEC83
:10FF4C0017AB304E12110146012A23DC08B15BECD1
:10FF5C0017AB2C4A2C4802EBC10292ED007BABF1A3
:10FF6C00547B4BEC16AB294A27EE067B17EE901A06
:10FF7C000A4082425BEC17AB98D8A0F58010824205
:10FF8C0086BFDFF88CB04FF0FF3A01F1547B0022B2
:10FF9C00069276E012F0010F04D096ED006B012072
:10FFAC0027EE067B013152100836CDE7EFD05242D6
:10FFBC0012F00F000AD0124901EBC00191ED007B49
:10FFCC004BEC16AB86EE077B5BEC17AB1211DED05D
:10FFDC001F2A1FDD0024254607942646059A222356
:10FFEC004FF0000A4FF0000B13606AE76F1B002004
:04FFFC00E80A0020EF
:02000004600199
:100000005E1C00209D1C00205210002028030020B0
:10001000000300200000A07C0000F07FFFFFEF7FC6
:1000200012F0100118BF6A2106914BEC17ABAF49D3
:100030000020D60704D591ED006B012027EE067B4A
:10004000521001F10801F4D108B15BEC17AB069A2C
:10005000B2B1CBF30A51C1F16B02002A58460FDD51
:100060001F2A55DD342ADEBF4FF0FF32C1F14B01AC
:100070008A404FF0000ACCBF4FF05C7B02EA000BD5
:100080004BEC17ABB5EE407BF1EE10FAA8D00A9915
:100090000598CDF800902A4602F0D4FE079000287B
:1000A0003FF40AAF099B3F1B002BB4BF3B46002324
:1000B0000A93099B9FED89BB23EAE37300240D9308
:1000C0002546079B0598596802F014FE064600284D
:1000D0003FF4F6AE079B1A694BEC19AB023203F101
:1000E0000C0192000C30FCF7B9FEB0EE490B0598FC
:1000F00014AA13A903F0DAF9129000283FF4E0AE35
:100100000598012102F034FF054640B90025D7E6E5
:100110004FF0FF3101FA02F202EA0A0AB0E7139F38
:10012000149A002FABBF0A9B0D9BDDF83480DDF8DD
:100130002890ACBF07EB0309A3EB0708069BFF1A47
:100140001744C2F136036A4A013F974251DAD11B84
:100150001F29A3EB01034FF001023EDC8A400C9201
:1001600000220B9209EB03079844069BB94598447B
:100170004B46A8BF3B464345A8BF4346002BC2BFE2
:10018000FF1AA8EB0308A9EB03090A9B002B16DD55
:10019000294605981A4602F0A3FF05460028B5D067
:1001A0000146129A059802F0F9FE0F9000283FF4DC
:1001B00087AE1299059802F0DDFD0F9B1293002F78
:1001C0001BDC099B002B21DD31460D9A059802F0BE
:1001D00087FF0646D0B9002672E6C7F17F4707F5CC
:1001E0007F0707F57B47E23702FA07F10B910C9284
:1001F000B8E700220B920122F9E7129905983A46D6
:1002000002F0C8FF12900028DBD159E6B8F1000FC8
:1002100007DD31460598424602F0BCFF064600283D
:10022000D9D0B9F1000F08DD294605984A4602F0F9
:10023000B1FF054600283FF443AE129905983246B7
:1002400003F030F8044600283FF43AAE0023D0F81B
:100250000C80C360294603F009F800284CDA58EAFC
:100260000A0872D1CBF31303002B6ED12BF000439D
:100270001B0D1B05B3F1D66F67D9636913B92369E9
:10028000012B62DD21460122059802F083FF2946F9
:10029000044602F0EBFF002857DD2BF00043069ADE
:1002A0001B0D1B05002A6ED0B3F1D66F6BD8B3F1CE
:1002B0005C7F7FF699AE9FED0B7B4BEC16AB0D4B45
:1002C00026EE077B17EE902A13405BEC17AB002B52
:1002D0007FF401AE059A22231360FCE50000C0FF05
:1002E000FFFFDF410000000000005039F003002054
:1002F00002FCFFFF0000F07FD9465DD1CBF3130372
:10030000B8F1000F2AD0A94A93422AD1069B52463F
:10031000FBB1A74B0BEA0303B3F1D46F4FF0FF31EE
:100320001AD81B0DC3F16B0301FA03F39A4218D1DB
:10033000A04B994502D101323FF4C2AD9C4B09EA72
:10034000030303F5801B4FF0000A069B002BB2D17C
:10035000C1E54FF0FF33E9E70B46E7E753EA0A034D
:100360009BD00B9BC3B113EA090FEED0069A5046FF
:100370005946B8F1000F13D0FFF76EFB39EE007B42
:100380005BEC17ABE1E7A3F580136FEA135B6FEA51
:100390000B5B4FF0FF3AD8E70C9B13EA0A0FE4E738
:1003A000FFF75AFB39EE400BB5EE400BF1EE10FAB9
:1003B0005BEC10ABC9D117E62946204603F0CEF816
:1003C000B0EE007BB4EEC70BF1EE10FA5DD8B8F1D9
:1003D000000F64D1BAF1000F4BD1CBF31303B7EE8A
:1003E000008B002B60D1B4EEC80BB6EE008BF1EEA3
:1003F00010FA01D420EE088BB1EE48AB6C486E4980
:1004000009EA00078F4253EC1A2B7DD1A9F1547BE6
:100410004BEC1CABB0EE4C0B02F0D8FF6448A0EEE6
:100420000ACB1CEE903A654A03EA000191425BEC6C
:100430001CAB3CD919EE902A5E4B9A4204D119EEBE
:10044000103A01333FF43CADDFF868B14FF0FF3AAA
:100450001299059802F08EFC0598314602F08AFC4C
:100460000598294602F086FC0598214602F082FC98
:1004700027E6BAF1010F03D1BBF1000F3FF4B4AD91
:10048000BFEE00ABB7EE008BB8E7B6EE008B20EE08
:10049000088BB8F1000FAFD0B0EE48ABAEE7B7EEC7
:1004A00000ABB0EE4A8BA9E7BFEE00ABA6E703F1C5
:1004B000547B069BD946002BCAD12BF000431B0D61
:1004C0001B059F42C4D151EC180B04F07DFB04F0D6
:1004D0004DFBCBF3130941EC170B49EA0A0959EA22
:1004E000080938EE478B3CD09FED2A7BB4EEC78BD2
:1004F000F1EE10FA3FF5EFAC9FED287BB4EEC78B21
:10050000F1EE10FAA4DDE6E40699E1B1B7F1D46F9B
:1005100019D8B4EECB8BF1EE10FA11D8BCEEC88B23
:1005200018EE103A012B38BF012308EE103AB8EE4E
:10053000488BB8F1000F11D1B1EE487B53EC172B6B
:1005400003F1D661CB1BB0EE490B43EC1A2B02F042
:100550003DFFAAEE009B5BEC19ABAAE7B0EE487B2F
:10056000ECE79FED107BB4EEC78BF1EE10FA7FF550
:100570006FAFB0E4002308930E9A119B1360FFF74E
:10058000C4BA652A3FF4BFAB452A3FF4BCAB012196
:10059000FFF7F4BB9535A094FFFFDF3F35E5AF359E
:1005A0000000E03F9535A094FFFFCF3FFFFF0F0015
:1005B0000000F07FFFFFEF7F0000E07FFFFF9F7CE8
:1005C000014BFFF763BA00BF34220020242B2DE932
:1005D000F0478646904601D8012B06D101F080F9FC
:1005E000162303600020BDE8F08734480D462A46F4
:1005F00015F8014B065D16F00806F8D12D2C10D128
:100600002C780126951C33F0100215D1302C0DD119
:100610002A7802F0DF02582A08D16C7802351023BC
:100620000AE02B2C04BF2C78951CECE7002BF6D1AC
:10063000302C14BF0A23082306F1004C0CF1FF3CB8
:100640000022BCFBF3F9104603FB19CAA4F13007E2
:10065000092F0FD83C46A3421BDD571C07D081450C
:1006600014D301D1A24511DB00FB0340012215F890
:10067000014BEBE7A4F14107192F01D8373CEAE71A
:10068000A4F16107192F04D8573CE4E74FF0FF327B
:10069000EDE7531C08D12223CEF800306046B8F1B4
:1006A000000FA0D0691E06E006B14042B8F1000F6D
:1006B00099D0002AF6D1C8F8001094E7FD0D00206B
:1006C000FFF784BF10B504460448134620B10A461C
:1006D00002202146AFF3008010BD00BF00000000E3
:1006E000002302F0C3BFB7EEC00AFFF7F9BFF0B5B1
:1006F0002DED028BB0EE408B85B017460D9D0C9E04
:1007000018EE902A25F02005002AB6BF2D220022DF
:10071000B1EE408B462D0C461A7004D0452D00D109
:100720000134022100E0032103AB019302AB0093EB
:1007300022463346B0EE480B01F0F8F9472D14D1AC
:10074000FB070AD50219B5EE408BF1EE10FA08BF8F
:1007500003923021039B934219D3039B0E9A1B1AD9
:10076000136005B0BDEC028BF0BD462D00EB04021A
:10077000E9D10378302B07D1B5EE408BF1EE10FABA
:100780001CBFC4F10104346033681A44DBE75C1C0D
:1007900003941970DEE7F7B50029BABF49422D234B
:1007A0002B2309290270437029DD0DF107031D4633
:1007B0000A271A46B1FBF7F607FB1614303402F885
:1007C000014C0C46632C03F1FF333146F1DC303130
:1007D000941E03F8011C411C2346AB420AD30DF1C1
:1007E00009039B1AAC4288BF002302330344181A42
:1007F00003B0F0BD13F8016B01F8016FEDE7302392
:1008000030318370C170031DF1E700002DE9F04F16
:100810008DB00C46DDF8588016461F46054601F09F
:1008200005F8D0F800B0584601F0E0F800230A932C
:10083000D8F8003094F8189022680590073323F018
:10084000070303F10801C8F8001093ED000B9FEDBA
:10085000976BB0EEC07BB4EE467BF1EE10FA84ED00
:10086000120B24DDB5EEC00BF1EE10FA02D52D23EC
:1008700084F843308F49904BB9F1470F8CBF8846BD
:10088000984622F004020323236122604FF0000AFD
:10089000009733460BAA2146284600F0D1F90130D3
:1008A00040F089804FF0FF300DB0BDE8F08FB4EE1E
:1008B000400BF1EE10FA09D710EE903A002BBCBFB6
:1008C0002D2384F843307D497D4BD5E76368591C5F
:1008D00009F0DF0A39D10623636042F48062002305
:1008E000226003930AABCDE9019309AB00936168E1
:1008F0000DF123032846FFF7FAFEBAF1470F0999D5
:10090000804629D1C81C02DB6368994241DDA9F108
:1009100002095FFA89F901394A4604F15000099148
:10092000FFF739FF0A9A1318012A8246236102DC75
:100930002268D20701D5013323619DF82330002BB3
:10094000A6D02D2384F84330A2E7BAF1470FC4D1D3
:10095000002BC2D10123BFE7B9F1650FDBD9B9F193
:10096000660F18D1002963680BDD216113B9226875
:10097000D00702D501330B442361A1654FF0000A73
:10098000DBE713B92268D20701D50233F4E701236C
:10099000F2E74FF067090A9B994205DB2368216162
:1009A000D807EAD54B1CE7E70029D4BFC1F1020202
:1009B00001221344E0E723685A0507D4236942461D
:1009C00031462846B84701302AD16BE7B9F1650FA7
:1009D00040F2E08094ED127BB5EE407BF1EE10FA30
:1009E00033D1384A012331462846B84701303FF415
:1009F00059AFDDE90938434502DB2368D8070FD535
:100A0000059B5A4631462846B84701303FF44AAF65
:100A10004FF0000908F1FF3804F11A0AC84509DC53
:100A200023689B0700F10781E0680B9B9842B8BFE1
:100A3000184639E70123524631462846B847013067
:100A40003FF430AF09F10109E8E7099B002B3BDCDB
:100A50001C4A012331462846B84701303FF422AFF3
:100A6000DDE9093959EA030302D12368D907D7D54B
:100A7000059B5A4631462846B84701303FF412AF2D
:100A80004FF0000A04F11A0B099B5B42534501DC4D
:100A90004B4694E701235A4631462846B847013071
:100AA0003FF400AF0AF1010AEEE700BFFFFFFFFFCE
:100AB000FFFFEF7F5D1C0020651C0020591C0020FB
:100AC000691C0020EF130020A36DDDF828A053451A
:100AD000A8BF5346002B994637DC0023079329EA29
:100AE000E97904F11A02A36D07990693A3EB0903B0
:100AF0008B4231DC099B9A453BDC2368DA0738D40A
:100B0000099BAAEB0309069BAAEB03039945A8BF1F
:100B10009946B9F1000F34DC4FF0000829EAE97971
:100B200004F11A0B099BAAEB0303A3EB090343454A
:100B30007FF776AF01235A4631462846B847013041
:100B40003FF4B0AE08F10108ECE7424631462846D2
:100B5000B8470130C1D1A5E60123314628460692A7
:100B6000B84701303FF49EAE079B069A01330793C6
:100B7000B9E7059B5A4631462846B8470130BFD1F0
:100B800090E6069A4B46424431462846B847013023
:100B9000C2D187E6DDF82890B9F1010F01DCDB074F
:100BA00036D50123424631462846B84701303FF446
:100BB00079AE059B5A4631462846B84701303FF486
:100BC00071AE94ED127BB5EE407BF1EE10FA09F1B7
:100BD000FF3918D04B4608F1010231462846B84784
:100BE00001300CD15EE601235A4631462846B8470B
:100BF00001303FF457AE08F10108C845F3DB534616
:100C000004F15002DCE64FF0000804F11A0BF4E79F
:100C100001234246E1E701234A4631462846B847C8
:100C200001303FF43FAE08F10108E3680B995B1A0D
:100C30004345F0DCF8E64FF0000804F11909F4E749
:100C40002DE9F047164698468A680B69DDF8209032
:100C50009342B8BF1346336091F8432007460C46D1
:100C60000AB1013333602368990642BF3368023307
:100C70003360256815F0060506D104F1190AE3680A
:100C800032689B1AAB4226DC94F843302268003B62
:100C900018BF012392062BD404F143024146384683
:100CA000C84701301ED02368226903F00603042BD5
:100CB00002BFE5683368ED1AA3680CBF25EAE57545
:100CC00000259342C4BF9B1AED1800261A34B54282
:100CD0001AD1002008E00123524641463846C84751
:100CE000013003D14FF0FF30BDE8F0870135C6E792
:100CF000E1185A1C302081F84300224494F8451032
:100D000082F843100233C7E70123224641463846A2
:100D1000C8470130E6D00136D9E700002DE9FF478A
:100D20000F7E0C9E782F914680460C469A4601F124
:100D3000430207D8622F0AD8002F00F0D180582F25
:100D400000F0B88004F1420684F842703AE0A7F15E
:100D50006303152BF6D801A151F823F089E60000B2
:100D60009DE6000019E6000019E6000019E6000003
:100D700019E600009DE6000019E6000019E60000F3
:100D800019E6000019E600009BE70000C7E6000036
:100D900055E7000019E6000019E60000BDE7000075
:100DA00019E60000C7E6000019E6000019E6000099
:100DB0005DE7000033681A1D1B68326004F14206CB
:100DC00084F8423001239CE033682068191D3160AB
:100DD000060601D51D6803E04506FBD5B3F90050B2
:100DE000002D03DA2D236D4284F8433058480A233E
:100DF00011E021683368080653F8045B02D4490601
:100E000048BFADB26F2F5248336014BF0A23082386
:100E1000002184F843106668A660002E05DB216877
:100E20002E4321F0040121604BD01646B5FBF3F1AF
:100E300003FB1157C75D06F8017D2F46BB420D46E7
:100E4000F4D9082B0BD12368DF0708D52369616823
:100E50009942DEBF302306F8013C06F1FF36921BB3
:100E60002261CDF800A04B4603AA21464046FFF779
:100E7000E7FE01304AD14FF0FF3004B0BDE8F08703
:100E8000236843F0200323603248782784F84570B4
:100E9000236831681F0651F8045B02D45F0648BF1F
:100EA000ADB23160D90744BF43F0200323601DB1C8
:100EB0001023ADE72648E9E7236823F020032360E9
:100EC000F6E71646BDE7336825686169181D30608E
:100ED0002E061B6801D5196002E06806FBD5198053
:100EE000002323611646BCE733681A1D32601E6872
:100EF00062680021304600F029FD08B1801B606067
:100F000063682361002384F84330AAE723693246EB
:100F100049464046D0470130ADD023689B0713D4E3
:100F2000E068039B9842B8BF1846A6E70123324603
:100F300049464046D04701309DD00135E3680399CA
:100F40005B1AAB42F2DCEBE7002504F11906F5E78A
:100F50006D1C00207E1C00202DE9F04F87B0174645
:100F600003938B685A1EB2F5AE7F81BF6FF4AE75E6
:100F700003EB050B40F25D138B600B680A464FF0E4
:100F8000000543F4F06342F81C3BCDE9045580466C
:100F90000C4698BF4FF0000B01921646AA46A94690
:100FA0000295A26852B13B681B784E2B64D8402B47
:100FB0003CD8A3F12B01C8B20E283AD9B9F1000FE1
:100FC00003D0236823F4807323600AF1FF3ABAF157
:100FD000010F00F21781019B9E4200F2088101205F
:100FE00007B0BDE8F08FA3F161020D2AE6D801A198
:100FF00051F822F00FEA000091E8000091E80000AB
:1010000091E800006FEA000047EA000091E8000064
:1010100091E800001DEA000091E8000091E800005E
:1010200091E8000091E80000D5E90000A3F1410239
:10103000DBE70E29C2D801A050F821F0C5E9000075
:1010400091E80000C5E900005BEA000091E80000BB
:101050006DE90000ABE90000ABE90000ABE900007E
:10106000ABE90000ABE90000ABE90000ABE9000030
:10107000ABE90000ABE900006E2B09D8602BB2D8B9
:10108000542B7BD0592B99D1072D97D108252CE0D3
:10109000742B73D0792BF6E72168C8051BD521F096
:1010A0008001216009F10109BBF1000F03D0013279
:1010B0000BF1FF3BA260A368013BA36023690133EE
:1010C00023617B68013B002B7B6040F387803B689A
:1010D00001333B6065E71AEB05017FF46FAF2268CF
:1010E00022F4C07222600D468A4606F8013BE2E710
:1010F000226810067FF562AF22F080022260F4E7DA
:10110000BAF1000F0ED1B9F1000F0ED1226802F42E
:10111000E061B1F5E06F08D122F4F06222604FF097
:10112000010AE2E7BAF1020F55D0012D02D0042DD9
:101130007FF444AF0135EDB2D7E7BAF1010F7FF488
:101140003DAF4FF0020AD0E77DB9B9F1000F7FF44F
:1011500038AF226802F4E061B1F5E06F40F0018140
:1011600022F4F06222600125BFE7032DE2D0052DB5
:10117000DEE7022D7FF422AF0325B6E7062D7FF4CC
:101180001DAF0725B1E7226891057FF517AF22F45F
:1011900020722260CDF80890A7E7226802F4A061CF
:1011A000B1F5806F06D050057FF508AFB9F1000F9B
:1011B00000F0D780910558BF029922F4F06258BF21
:1011C000A9EB010142F4C07258BFCDE904162260B8
:1011D0004FF0000989E74FF0030A86E7D4F8803121
:1011E00039464046984700283FF4DBAEE6E6D4F89F
:1011F0007C3116F8011D3A46404698472369013B69
:101200002361E8E66B1E062B24D8022D36D8019BFD
:101210009E427FF6E4AED4F87C3116F8011D3A46C2
:10122000404698472369013B2361F0E7D4F87C31BD
:101230001BF8011D3A46404698472369013B23614C
:101240000AF1FF3A5FFA8AFABAF1020FEED1033DD2
:10125000EDB2761B2368DA0530D55B0511D5019B0D
:101260009E427FF6BCAED4F87C3116F8011D3A469A
:10127000404698472369013B2361F0E7AA46B346FD
:10128000DEE716F8011C2369652903F1FF3306F137
:10129000FF3523610CD045290AD0D4F87C313A4679
:1012A00040469847236916F8021C013BB51E23618E
:1012B000D4F87C313A46404698472E46226812F0D0
:1012C000100201D000208BE63270236803F4C06363
:1012D000B3F5806F1AD1029B9945A3EB090221D186
:1012E000019900224046FFF76BF9039B21681B68B8
:1012F00011F0020F03F104021FD003990A601B686A
:1013000083ED000BE3680133E360DBE7049B002B14
:10131000E6D005990A2301314046FFF7D1F9049B35
:10132000059EC21A04F26F139E4228BF04F5B776D9
:101330000D49304600F014F9D2E711F0040F03997B
:101340000A60DCD1B4EE400BF1EE10FA1D6805D74F
:10135000064800F05BFB85ED000AD3E7B7EEC00B53
:10136000F9E74FF0000930E68F1C002052100020F2
:10137000002310B50446C0E90033C0E9043383609C
:1013800081814366C2818361194608225C30FBF784
:1013900043FD0D4B63620D4BA3620D4BE3620D4B9E
:1013A00023630D4B24629C4206D003F168029442F1
:1013B00002D0D0339C4205D104F15800BDE8104062
:1013C00000F0B8BA10BD00BFD1EE0000F7EE00008B
:1013D0002FEF000053EF00004C1D0120024A03498B
:1013E000034800F069B800BFA0230020D119010014
:1013F000AC23002041680C4B994210B5044601D043
:1014000002F07CFEA168094B994202D0204602F00E
:1014100075FEE168064B994204D02046BDE81040B5
:1014200002F06CBE10BD00BF4C1D0120B41D012098
:101430001C1E012010B50B4B0B4C0C4A1A602046A9
:1014400000220421FFF794FF04F168000122092122
:10145000FFF78EFF04F1D0000222BDE810401221F8
:10146000FFF786BF841E01204C1D0120B1EC000057
:10147000014800F060BA00BFA52A0120014800F031
:101480005BBA00BFA52A012010B50446FFF7F0FFA4
:10149000236A1BB1BDE81040FFF7F0BF044B236285
:1014A000044B1B68002BF5D1FFF7C4FFF2E700BF28
:1014B000C9EC0000841E01202DE9F8430746884648
:1014C00014460026D4E90195B9F1010905D524682F
:1014D000002CF7D13046BDE8F883AB89012B07D942
:1014E000B5F90E30013303D029463846C0470643CC
:1014F0006835E9E70CB430B5184B0C1E1D689DB07B
:1015000008DA8B232B604FF0FF301DB0BDE8304070
:1015100002B070474FF40273ADF814304FF000037F
:101520001B9314BF04F1FF332346049307934FF634
:10153000FF7302900690ADF81630209A21AB02A9F5
:101540002846019302F03CF9431CBCBF8B232B605F
:10155000002CDAD0029B00221A70D6E7F823002074
:101560000EB410B59DB01FAB029006906FF0004115
:101570000A48079104910A4953F8042B0591002465
:1015800002A9006801931B9402F01AF9029B1C70D7
:101590001DB0BDE8104003B0704700BFF823002025
:1015A0000802FFFF0EB470B59DB021AC00254FF4CA
:1015B000017254F8046BADF814201B95029006904C
:1015C00000F014FA0B4B039007900B480B934FF667
:1015D000FF73ADF816303246234602A900680F9516
:1015E0001495019402F042FA1DB0BDE8704003B0BA
:1015F000704700BFF3EE0000F823002010B50C4642
:10160000B1F90E1000F038F90028ABBF636DA38963
:101610001B1823F48053ACBF6365A38110BD002069
:1016200070472DE9F0411F468B89DB0505460C46C6
:10163000164605D5B1F90E100223002200F00AF972
:10164000A389B4F90E1023F48053A38132463B469C
:101650002846BDE8F04100F031B910B50C46B1F9AB
:101660000E1000F0F7F8431CA38915BF606523F442
:10167000805343F48053A38118BFA38110BDB1F9F7
:101680000E1000F0D7B8F0B5ADF5057D0E4604AFED
:101690004FF40071039100933946134603AA05469F
:1016A00000F020F8044680B10246039B31462846EC
:1016B00000F004F9BC42039003D02146284600F014
:1016C00083FF03980DF5057DF0BD4FF0FF30F9E77E
:1016D00013460A46014602480068FFF7D4BF00BF20
:1016E000F823002070B515469AB02C681A4699B1B7
:1016F000002C12BF4FF4C1634FF422730021002667
:10170000B442ADF80C3019960091049108DA8B239D
:10171000036000201AB070BD4FF422730C46EEE750
:101720004FF6FF73ADF80E3069461E9B0294059488
:1017300002F046F80028ECDB009B28601E7004983D
:10174000E8E710B501390244904201D1002005E0DC
:10175000037811F8014FA34201D0181B10BD0130CE
:10176000F2E7884210B501EB020402D98442234615
:1017700007D8431EA14208D011F8012B03F8012F0E
:10178000F8E7024401468A4200D110BD13F8014D2A
:1017900002F8014DF7E770B50446161908462146D0
:1017A000B1420B4607D11C1B121B561E42B900F05A
:1017B0001DF9204470BD1D780131002DF0D1F2E7F4
:1017C00005462A4615F8011B19B9121A1970101985
:1017D000F0E7002EF5D003F8011B013EF1E710B54C
:1017E0000B4662B913F8012B002AFBD104E013F871
:1017F000014B00F8014B14B9581A013810BD013AD9
:10180000F5D10270EEE710B56AB10139841810F80D
:10181000012B11F8013F9A4203D1A04201D0002AC6
:10182000F5D1D01A10BD1046FCE700000048704703
:101830002423002038B5064D0023044608462B60BB
:10184000FCF7A6FE431C02D12B6803B1236038BD10
:101850009420012038B5074D044608461146002261
:101860002A601A46FCF79EFE431C02D12B6803B186
:10187000236038BD9420012038B5074D0446084642
:10188000114600222A601A46FCF780FE431C02D152
:101890002B6803B1236038BD9420012038B5064D74
:1018A0000023044608462B60FCF75AFE431C02D175
:1018B0002B6803B1236038BD9420012038B5074D53
:1018C00004460846114600222A601A46FDF752FDDA
:1018D000431C02D12B6803B1236038BD9420012042
:1018E000014B1868704700BFF823002070B50D4DFC
:1018F0000D4C641BA4100026A64209D10B4D0C4CC4
:1019000003F0A8F9641BA4100026A64205D170BDFF
:1019100055F8043B98470136EEE755F8043B9847E5
:101920000136F2E7C0240060C0240060C0240060DB
:10193000D4240060704770477047034611F8012BAC
:1019400003F8012B002AF9D17047000001F0FF01D4
:10195000102A2BDB10F0070F08D010F8013B013ADA
:101960008B422DD010F0070F42B3F6D1F0B441EA0C
:10197000012141EA014122F007047FF00007002322
:10198000F0E80256083C85EA010586EA010685FA78
:1019900047F5A3FA87F586FA47F6A5FA87F68EB9D2
:1019A000EED1F0BC01F0FF0102F0070232B110F8F5
:1019B000013B013A83EA010313B1F8D100207047DB
:1019C00001387047002D06BF35460338073815F03B
:1019D000010F07D1013015F4807F02BF013015F4EB
:1019E000C03F0130F0BC0138704700BF034613F818
:1019F000012B002AFBD1181A013870479FED010B0B
:101A0000704700BF000000000000F87F9FED010A52
:101A1000704700BF0000C07F2DE9F74F03690C69D4
:101A2000A34207467EDB013C01F11408A30000F14C
:101A30001405009305EB8403019358F8243055F8FE
:101A4000242001339A4208EB8409B2FBF3F62ED32B
:101A50004FF0000AC446AE46D3465CF8043B98B249
:101A600006FB00A0020C1B0C06FB0323DEF8002083
:101A700080B292B2121A5A44DEF800004FEA134ABA
:101A80009BB2C3EB224303EB104392B242EA034200
:101A9000E1454EF8042B4FEA234BDED2009BEB5876
:101AA0002BB9019B043B9D421A462FD33C6138461B
:101AB00001F0DCFB002825DB2946002058F8042B28
:101AC000D1F800C01FFA82FE1FFA8CF3A3EB0E03BD
:101AD0000344120CC2EB234202EB1C429BB243EACA
:101AE0000243C14541F8043B4FEA2240E6D255F893
:101AF000242005EB840322B9043B9D421A460BD3F4
:101B00003C610136304603B0BDE8F08F1268043BFB
:101B1000002ACBD1013CC6E71268043B002AEFD172
:101B2000013CEAE70020EEE7000000002DE9F04F5D
:101B30002DED028BC76991B08DED020B55EC104B6A
:101B40001C9E0691814609920C937FB91020FDF7E7
:101B500097FE0246C9F81C0020B99E4BEF219E4813
:101B600002F068FBC0E901770760C760D9F81C3054
:101B7000196859B15A684A60012393408B604846FE
:101B800001F0F8F8D9F81C3000221A602B1EBBBFF8
:101B900023F00043039300230122ACBF3360326083
:101BA0008E4B039EB34310D10C9A42F20F73136015
:101BB000C6F31303234300F0D5841D9B884F002BED
:101BC00000F0D784FB1C00F0D2BC9DED028BB5EE7B
:101BD000408BF1EE10FA0AD10C9A012313601D9B81
:101BE00013B11D9A7F4B13607F4F00F0C2BC0EAA49
:101BF0000FA94846B0EE480B01F058FCC6F30A5353
:101C00000E9A0190002B45D0B0EE487B18EE901A4A
:101C1000C1F3130141F07F5141F44011A3F2FF33AE
:101C2000002507EE901AB7EE086B9FED645B37EE68
:101C3000467B9FED646BA7EE056B9FED645B07EE43
:101C4000903AB8EEE74BB0EE467BA4EE057BFDEE96
:101C5000C76BB5EEC07BF1EE10FA16EE908A08D590
:101C6000B8EEE66BB4EE476BF1EE10FA18BF08F170
:101C7000FF38B8F1160F2BD85C4901EBC80191ED84
:101C8000007BB4EEC78BF1EE10FA01D508F1FF38F6
:101C900000211EE00F9B134403F232412029C1BFF3
:101CA000C1F140018E4003F2124124FA01F1D6BF86
:101CB000C1F12001314304FA01F107EE901AB8EEA8
:101CC000677B013B17EE901A0125A1F1F871A8E797
:101CD0000121D21A531E059343BFC2F10103002212
:101CE00005920023B8F1000F0B9119DB059ACDF88E
:101CF00028804244059200220792069A092A44D875
:101D0000052AC4BF043A0692069AA2F10202CCBF89
:101D100000240124032A43D8DFE802F03335160AF1
:101D2000C8F1000207920022A3EB08030A92E4E73D
:101D300001220892099A08EB020B0BF1010A5246A4
:101D4000012AB8BF012206E001220892099A002A5E
:101D500029DD93469246D9F81C700021042000F139
:101D60001406964226D979604846049300F0C2FFD3
:101D7000049B074600283DD11D4B024640F2AF119F
:101D8000EDE60022E1E70022D3E7012400220692DB
:101D900008944FF0FF3B0021DA4612220991DAE75E
:101DA00001220892F5E74FF0010BDA465A46CDF8CA
:101DB00024B0D0E701314000D1E700BF61436F6339
:101DC000A787D23FB3C8608B288AC63FFB799F5054
:101DD0001344D33FA71C0020BE1C00200000F07F4E
:101DE000A31C0020F0130020EF1300202803002084
:101DF000171D0020D9F81C20BAF10E0F10606ED804
:101E0000002C6CD0B8F1000F40F3B480C84A08F041
:101E10000F0102EBC10218F4807F92ED007B4FEAC4
:101E2000281100F09B80C34A92ED086B88EE066B88
:101E30008DED026B01F00F010322BE48002940F036
:101E40008F809DED026B86EE077B8DED027B0B99FB
:101E50009DED027B002900F0B380B7EE006BB4EE7D
:101E6000C67BF1EE10FA40F1AB80BAF1000F00F042
:101E7000A780BBF1000F30DDB2EE046B27EE067BCE
:101E80008DED027B08F1FF31049101325C469DED3E
:101E9000026BB1EE0C5B07EE902AB8EEE77BA7EE83
:101EA000065B15EE902A51EC150BA2F15071002C37
:101EB00040F08A80B1EE047B36EE476B41EC170BA5
:101EC000B4EEC76BF1EE10FA00F35D82B1EE477B22
:101ED000B4EEC76BF1EE10FA23D48DED028B0F999F
:101EE0000029C0F22981B8F10E0F00F32581904B33
:101EF00003EBC80393ED006B099B002B80F2C880B5
:101F0000BAF1000F00F3C4800BD1B1EE047B26EED2
:101F1000076B9DED027BB4EEC76BF1EE10FAC0F2D9
:101F20002F8200242546099BDB4304933E464FF055
:101F300000082146484600F01DFF002D00F0A28059
:101F4000B8F1000F05D0A84503D04146484600F03F
:101F500011FF2946484600F00DFF93E002226CE78E
:101F6000CC0704D590ED006B013227EE067B4910BB
:101F7000083063E722D0C8F100016D4A01F00F007C
:101F800002EBC00292ED007B28EE077B8DED027B19
:101F9000684809110024022229B9002C3FF457AFE8
:101FA0008DED027B53E7CE0705D590ED006B013236
:101FB000012427EE067B49100830EDE7022246E7B0
:101FC000CDF81080544662E7594A02EBC40212ED84
:101FD000024B089A41EC170B3C444AB3B6EE003B67
:101FE000B7EE002B3E4683EE045BB2EE043B35EECB
:101FF000477BFDEEC64B14EE902AB8EEE45B303220
:1020000036EE456BB4EEC76BF1EE10FA06F8012B15
:1020100038D432EE465BB4EEC75BF1EE10FA6ED404
:10202000A6423FF45AAF27EE037B26EE036BE0E7B0
:1020300021463E4627EE047BB2EE043BFDEEC64B46
:1020400014EE902A303206F8012BA642B8EEE45B7B
:1020500036EE456B19D1B6EE005B37EE054BB4EEAC
:10206000C46BF1EE10FA4ADC35EE475BB4EEC56B9B
:10207000F1EE10FA7FF531AF0E46013916F8013C4A
:10208000302BF9D0DDF8108027E026EE036BD5E782
:102090009DED027BB2EE044B3E4687EE065BBDEE45
:1020A000C55B15EE103A303306F8013BF31B9A4539
:1020B000B8EEC53BA3EE467B32D137EE077BB4EEDC
:1020C000C67BF1EE10FA18DCB4EE467BF1EE10FAA6
:1020D00003D115EE103ADB070FD40199484600F002
:1020E00049FE00230C9A337008F1010313601D9B15
:1020F000002B00F03E821E603BE2CDF8108033469C
:102100001E4613F8012D392A06D19F42F8D1049AB0
:102110000132049230223A701A7801321A70B1E713
:1021200027EE047BB5EE407BF1EE10FAB5D1D4E793
:102130002803002000030020089A002A00F0E58010
:10214000069A012A00F3C680002D00F0BF8001F23C
:102150003341079C1E460B440493059B48460B44A1
:102160000121059300F004FF049B054656B1059A32
:10217000002A07DDB2420599A8BF32469B1AB61A5B
:102180008A1A0592079A12B3089A002A00F0C180B1
:102190009CB12946224648460D9300F0A1FF019AC2
:1021A00001460546484600F0F9FE0199049048466C
:1021B00000F0E0FD049A0D9B0192079A121B06D0D5
:1021C00004930199484600F08BFF049B0190012184
:1021D0004846049300F0CCFE0A9A049B0446002A69
:1021E00000F0CD810146484600F07AFF069B012BA6
:1021F0000446049B00F39480029A002A40F08C80ED
:10220000039AC2F31302002A40F08880039A22F056
:102210000042120D120522B1059A013205920133D6
:10222000012207920A9A002A00F0AF8122690493E2
:1022300004EB8202106900F04FFE049BC0F1200005
:10224000059A104410F01F0075D0C0F12002042A36
:1022500069DD059AC0F11C0002440344064405925E
:10226000002B05DD01991A46484600F093FF0190C6
:10227000059B002B05DD21461A46484600F08AFFE3
:1022800004460B9B002B58D00198214600F0EEFF2E
:10229000002852DA08F1FF330493019900230A223F
:1022A000484600F089FD089B0190002B00F06F81EB
:1022B000294600230A22484600F07EFDBBF1000FAC
:1022C000054666DC069B022B40DC62E00E99C1F1FC
:1022D00036013EE7079A0AF1FF34A24207DBBAF162
:1022E000000FA2EB04040CDB1E46514633E7079AAD
:1022F0000A990794A21A11440A911E4651460024D5
:1023000029E7A3EB0A06002125E7079C089D1E4646
:102310002CE7079A049354E7002282E7029A80E7A9
:102320000022079282E79BD005991C321144134486
:102330001644059194E70246F6E7BAF1000FCDF88E
:102340001080D34621DC069B022B1EDDBBF1000F63
:102350007FF4E9AD21465B460522484600F02CFD9E
:1023600001460446019800F081FF00287FF7DBADAD
:102370003E46312306F8013B049B01330493D6E526
:10238000CDF8108054462546F2E7089B002B00F05C
:102390000281002E05DD29463246484600F0FAFE4D
:1023A0000546079B002B58D06968484600F0A2FC00
:1023B000064628B9824B024640F2EF21FFF7CFBB19
:1023C0002A690232920005F10C010C30FAF746FD41
:1023D00001223146484600F0DDFE7B1C059307EBE9
:1023E0000B030993029B03F00103A84608930546DB
:1023F000059B0198214603F1FF3BFFF70DFB41468A
:10240000029000F1300A019800F030FF2A46079050
:102410002146484600F046FFC2680646FAB9014622
:10242000019800F023FF0246314648460A9200F028
:10243000A1FCDDE905630A9A42EA0301089B1943FE
:102440000FD1BAF1390F28D0079B002B02DD029B78
:1024500003F1310A8BF800A06BE52846BDE70122A5
:10246000E2E7079B002B04DB06990B4308990B431B
:1024700020D1002AEEDD01990122484600F08AFEB3
:102480002146019000F0F2FE002803DCE2D11AF0B0
:10249000010FDFD0BAF1390FD9D139238BF80030D1
:1024A00033461E46013B16F8012C392A52D0013220
:1024B0001A703EE5002A07DDBAF1390FEDD00AF1B6
:1024C00001038BF8003034E5059B099A03F801AC51
:1024D000934229D0019900230A22484600F06CFC5F
:1024E000A84501904FF000034FF00A0241464846CC
:1024F00007D100F061FC80460546059B013305933A
:1025000076E700F059FC2946804600230A22484617
:1025100000F052FC0546F0E7BBF1000FCCBF5E4671
:1025200001263E444FF0000801990122484600F080
:1025300031FE2146019000F099FE0028B0DC02D166
:102540001AF0010FACD133461E4613F8012D302A84
:10255000FAD0EEE49F42A4D1049B013304933123CB
:102560003B70E6E41D9B174F1BB107F108031D9A52
:102570001360384611B0BDEC028BBDE8F08F069AAF
:10258000012A7FF739AE0A9A0792012058E6BBF17B
:10259000000F7FF7D8AE3E4601982146FFF73CFA80
:1025A00000F1300A06F801ABF21B9345B4DD019946
:1025B00000230A22484600F0FFFB0190ECE700BF31
:1025C000171D00209A1C002038B50546002941D06F
:1025D00051F8043C0C1F002BB8BFE418FDF702FAB9
:1025E0001D4A136833B9636014602846BDE838405B
:1025F000FDF7FEB9A34208D9206821188B4201BF1C
:1026000019685B6809182160EDE71A465B680BB131
:10261000A342FAD911685018A0420BD12068014496
:10262000501883421160E0D118685B685360084419
:102630001060DAE702D90C232B60D6E72068211856
:102640008B4204BF19685B68636004BF091821608E
:102650005460CAE738BD00BF441D01200369B3EBD5
:10266000611F2DE9F0434FEA611200F1140445DDCA
:1026700011F01F0104EB830604EB82050CD100F17D
:1026800010072946B14234D39B1A9B00EA1E96429A
:1026900038BF0023234415E054F82270C1F120080C
:1026A000CF4005F1040EA1467645F44615D89A1A96
:1026B0009200043A0135AE4238BF0022A318A75059
:1026C00007B104331A1BA3424FEAA20208BF00233A
:1026D000026108BF4361BDE8F083DCF800C00CFA7A
:1026E00008FC4CEA070749F8047B5EF8047BCF40FE
:1026F000DAE751F804CB47F804CFC3E72346E1E714
:10270000A0F13003092B02D82038C0B27047A0F1E5
:102710006103052B01D84738F7E7A0F14103052BEA
:1027200001D82738F1E70020704700002DE9F04F6D
:1027300085B08A4602930B68019090469C1CA14686
:1027400014F8010B3028FAD0A9EB0303A3F1020B14
:10275000FFF7D6FF0546002868D1A0490122484668
:10276000FFF751F80746002867D199F8010026467F
:10277000FFF7C6FF002862D0234618783028994614
:1027800003F10103F9D0FFF7BBFFB0FA80F56D0943
:102790004FF0010B4A46164601323078FFF7B0FF82
:1027A0000028F8D18D4901223046FFF72CF8002887
:1027B0003FD144B9741C2246164601323078FFF7E7
:1027C0009FFF0028F8D1A41BA700337803F0DF0394
:1027D000502B3ED173782B2B33D02D2B34D0711C42
:1027E00000240878FFF78CFF431EDBB2182B30D88B
:1027F000A0F1100211F8010FFFF782FF00F1FF3C7A
:102800005FFA8CFCBCF1180F4FF00A031ED904B11B
:1028100052421744CAF80010EDB1BBF1000F0CBFD3
:1028200006250025284605B0BDE8F08F00252C467A
:10283000B0E7002CC7D12746C7E74E462F460125F3
:10284000C3E70024B11CCCE70124FBE703FB020033
:10285000CEE73146DEE7A6EB0903013B2946072B0D
:102860000ADC019800F046FA044640B95C4B024687
:10287000E4215C4801F0DEFC01315B10EFE700F180
:10288000140A002355469B46B14537D345F804BB8F
:10289000A5EB0A05AD102561584600F01DFB6D0142
:1028A000D8F800602D1AB54254DDAD1B29462046EC
:1028B00000F0A6FE814678B16B1E591103F01F028D
:1028C0005AF821104FF0010909FA02F20A4203D026
:1028D0004B4536DC4FF0020929462046FFF7BEFE85
:1028E0002F44D8F80830BB4242DA0198214600F064
:1028F00041FA0E9A00231360A32593E716F8012DE1
:102900002E2A12D0202B04D145F804BB4FF0000B27
:102910005B4630780393FFF7F3FE039B00F00F0054
:1029200098404BEA000B0433AEE7B145EAD82B4997
:10293000039301223046FEF766FF039B0028E1D196
:10294000A2E7A91E204600F05BFE0028C2D04FF08F
:102950000309C1E709DA751B214601982A4600F0F0
:1029600019FC7F1B044600F1140A4FF00009B8E778
:10297000D8F80450BD426FDDED1BAE4234DCD8F810
:102980000C30022B22D0032B24D0012B15D1AE42C8
:1029900013D1012E0BD1029AD8F804301360012311
:1029A0002361CAF800300E9B62251C603AE7711E55
:1029B000204600F025FE0028EDD10198214600F0C8
:1029C000D9F90E9A0023136050252BE70F9B002B9B
:1029D000F3D1E0E70F9B002BDDD1EEE77813002069
:1029E000171D0020281D00206F1EB9F1000F30D1E7
:1029F00027B13946204600F003FE81467A110123B3
:102A00005AF8222007F01F07BB40134229462046F0
:102A100018BF49F00209FFF721FED8F80470761BB1
:102A20000225B9F1000F47D0D8F80C30022B15D091
:102A3000032B17D0012B09D119F0020F06D0DAF8B9
:102A4000003049EA030919F0010F0ED145F01005D5
:102A500032E04FF00109D1E70125E2E70F9BC3F116
:102A600001030F930F9B002BF0D0D4F810B004F1AA
:102A700014034FEA8B0A03EB8B014FF0000C18464E
:102A800053F8042BB2F1FF3F1BD001320260022D3C
:102A900004F114033CD1D8F80020013AB24209D124
:102AA0007111012253F8213006F01F0602FA06F6D2
:102AB0001E423AD145F020050E9B1C60029B1F6010
:102AC000B0E6994243F804CCD9D8A3689B4517DBFC
:102AD00061680198013100F00DF9814618B91A4B6F
:102AE00002468421C5E62269023204F10C019200FB
:102AF0000C30FAF7B3F92146019800F03BF94C4647
:102B000023695A1C04EB8303226101225A61BEE748
:102B100022695A450BDD01212046FFF79FFDD8F8B9
:102B200008300137BB42FFF6E0AE0125C2E716F0E0
:102B30001F06FAD05344C6F1200653F8040C00F0E7
:102B4000CBF9B042E7DBF0E7171D0020C2F1080225
:102B5000920070B5C2F120064368046803FA06F5D6
:102B60002C43D340046040F8043F8842F4D370BD46
:102B700030B50368013311F8014B14B9036001202B
:102B800030BD13F8012BA2F14105192D98BF203259
:102B9000A242F0D00020F3E72DE9F04F0B68016866
:102BA0005E1102EB860613F01F0387B018BF0436D0
:102BB0000025371F82469046019346F8045CB946CB
:102BC0003C460295AB464A784B1C039342B31046F1
:102BD00005910492FFF794FD002851D1049A0599BC
:102BE000202A18D8029B9B4513DD4C4506D2072DA1
:102BF00004DC2A4649462046FFF7A8FF444552D93F
:102C00000023A4F1040944F8043CCDF808B04C4674
:102C10001D460399D7E7292A57D10231CAF8001077
:102C2000BBF1000F51D04C4506D2072D04DC2A46DB
:102C300049462046FFF78AFF444536D9A8F10402E9
:102C4000234653F8041B42F8041F9F42F9D23B1B52
:102C500023F0030304330134033EB44288BF04234A
:102C60004344002243F8042B9F42FBD23B681BB92C
:102C7000474528D101233B60052007B0BDE8F08F10
:102C80000135082D0BF1010B06DD4445C1D90023A8
:102C900044F8043C0125043C226800F00F0040EA9F
:102CA00002102060B5E70825B3E7019B002BDDD0BB
:102CB000C3F120034FF0FF32DA4056F8043C1340D2
:102CC00046F8043CD2E7043FD0E70420D5E782B0C1
:102CD00001B901A942B14BB113780B601278101EF3
:102CE00018BF012002B070471046FBE76FF00100EB
:102CF000F8E7000070B5C66904460D4676B91020A5
:102D0000FCF7BEFD0246E06120B9184B18486B2164
:102D100001F090FAC0E901660660C660E669F368F2
:102D200083B1E369DB6853F82500B8B9012101FAE2
:102D300005F6721D9200204601F09AFA60B1C0E9D2
:102D400001560EE021220421204601F091FAE369A8
:102D5000F060DB68002BE4D1002070BD026843F80E
:102D600025200023C0E90333F7E700BFA71C00209C
:102D7000891D002070B5C66905460C4676B910203D
:102D8000FCF77EFD0246E86120B9094B09488F2116
:102D900001F050FAC0E901660660C6603CB1EB691B
:102DA0006268DB6853F82210216043F8224070BD4E
:102DB000A71C0020891D00202DE9F0410D69074660
:102DC0000C461E4601F1140C0020DCF8003099B2CC
:102DD00002FB01611E0C0B0C02FB063389B20130B1
:102DE00001EB034185424CF8041B4FEA1346ECDC2F
:102DF0000EB3A368AB4219DC616838460131FFF7B6
:102E000079FF804628B902460C4B0D48BA2101F0E3
:102E100011FA2269023204F10C0192000C30FAF727
:102E20001DF821463846FFF7A5FF444604EB85030D
:102E300001355E6125612046BDE8F081171D002047
:102E4000891D00202DE9F8430C4615461F4609222E
:102E50000833064693FBF2F3002101229A4209DB74
:102E60003046FFF747FF40B90246194B1948D321B6
:102E700001F0E0F952000131F0E7089B4361092DB0
:102E80004FF00103036116DD04F10909C8462C4423
:102E900018F8013B0146303B0A223046FFF78CFF11
:102EA000A045F5D1A5F108044C442D1B6319BB4284
:102EB00004DBBDE8F8830A340925F6E714F8013B82
:102EC0000146303B0A223046FFF776FFEEE700BFAF
:102ED000171D0020891D0020B0F5803F034636BF36
:102EE000030400201020B3F1807F3CBF1B02083098
:102EF000B3F1805F3CBF1B010430B3F1804F3CBF96
:102F00009B000230002B05DB13F0804F00F1010025
:102F100008BF202070470368024613F007000BD05B
:102F2000D90721D4980749BF5B089B08012013608B
:102F30005CBF13600220704799B209B91B0C1020C6
:102F4000D9B209B908301B0A190704BF1B0904309C
:102F5000990704BF9B080230D90703D45B0800F12E
:102F6000010003D013607047002070472020704795
:102F700010B50C460121FFF7BDFE024628B9054BEE
:102F8000054840F2451101F055F901234461036100
:102F900010BD00BF171D0020891D00202DE9F04F36
:102FA00017460A693B699A42A8BF3B468946A4BFB7
:102FB0000F4699463D69D9F810A0BB68796805EBC2
:102FC0000A06B34285B0B8BF0131FFF793FE30B9AE
:102FD0000246414B41484FF4B17101F02BF900F129
:102FE000140404EB860E23460022734520D307F118
:102FF000140809F1140108EB850501EB8A0302931B
:10300000EB1B153B23F0030304331537BD4238BFD8
:1030100004230193029B03918B420CD8002E03DD05
:103020005EF8043D002B55D0066105B0BDE8F08F79
:1030300043F8042BD9E7B1F800A0BAF1000F1FD074
:10304000C446A14600275CF8042BD9F800301FFACB
:1030500082FB9BB20AFB0B333B44D9F80070120C85
:103060003F0C0AFB027202EB13429BB243EA02439B
:10307000654549F8043B4FEA1247E4D8019BE75005
:10308000039BB3F802900431B9F1000F20D02368FC
:103090004746A4464FF0000AB7F800B0BCF802203B
:1030A00009FB0B2252449BB243EA02434CF8043B17
:1030B00057F8043B4FEA134ABCF8003009FB0A33C7
:1030C00003EB1243BD424FEA134AE5D8019AA350DD
:1030D00004349FE7013EA1E7171D0020891D002051
:1030E0002DE9F843154612F0030207460E4607D0B5
:1030F000254C013A002354F82220FFF75DFE0646D6
:10310000AD103DD0FC697CB91020FCF7B9FB02463C
:10311000F86128B91D4B1E4840F2B31101F08AF83E
:10312000C0E901440460C460D7F81C80D8F80840A6
:103130004CB940F271213846FFF71AFF0023C8F856
:103140000800044603604FF00009EB070AD531463A
:1031500022463846FFF722FF314680463846FFF7C1
:1031600009FE46466D100BD0206838B9224621462C
:103170003846FFF713FF2060C0F800900446E4E7EC
:103180003046BDE8F88300BFFC0A0020A71C0020E1
:10319000891D00202DE9F0470C464968236903EB9F
:1031A0006218A368074691464FEA621A08F10106C1
:1031B000B3420BDB3846FFF79DFD054648B9024692
:1031C000284B29484FF4EF7101F034F801315B00CE
:1031D000EEE7002300F1140100F1100218465345F8
:1031E00033DB20692AEAEA7A04F1140319F01F0993
:1031F00001EB8A0103EB800C2BD0C9F1200E8A462B
:103200000022186800FA09F010434AF8040B53F83A
:10321000042B9C4522FA0EF2F3D8ACEB0403153BC9
:1032200023F00303043304F11500604588BF042331
:10323000CA500AB108F10206013E38462E61214605
:10324000FFF798FD2846BDE8F08742F8040F0133E8
:10325000C5E7043953F8042B41F8042F9C45F9D8ED
:10326000EAE700BF171D0020891D00200A690346F8
:103270000069801A30B50ED11433143103EB820487
:1032800001EB820154F8045D51F8042D954203D0FE
:1032900005D24FF0FF3030BDA342F3D3FBE701204E
:1032A000F9E700002DE9F74F8946064611464846E2
:1032B0001446FFF7DBFF051E12D129463046FFF703
:1032C00019FD024628B93F4B40F237213E4800F035
:1032D000B1FF0123C0E90435104603B0BDE8F08F0B
:1032E000BCBF4B46A1463046D9F80410BABF1C46B5
:1032F00001250025FFF7FEFC024618B9314B40F2CC
:103300004521E3E7D9F810702669C56009F110037B
:1033100009F1140504F1140E00F1140B05EB8708F4
:103320000EEB86060193D9464FF0000C019B5EF828
:10333000040B53F804AF01931FFA8AF3194683B2C2
:10334000CB1A000C6344C0EB1A4000EB23409BB245
:1033500043EA0043764549F8043B4FEA204CE5D860
:10336000331B153B23F0030315340433A64238BF47
:1033700004231D445B441E462C4644450ED308F1ED
:103380000301491B21F00301033DA84538BF00217B
:103390000B4453F8041D91B117619DE754F8041BC9
:1033A000E646080C1CFA81FC714400EB2C4089B203
:1033B00041EA004146F8041B4FEA204CDDE7013F9B
:1033C000E7E700BF171D0020891D002082B08DEDAA
:1033D000000B019A0F4B1340A3F15073002B08DC34
:1033E0005B42B3F1A07F4FEA235204DA4FF400238B
:1033F0001341002208E0A2F114031E2BDABF4FF0A4
:103400000042DA40012200231946104641EC100B1D
:1034100002B070470000F07F2DE9F041066900F12D
:10342000140808EB8606371F56F8042C1046FFF7E1
:1034300053FDC0F120030A280B601B4915DCC0F1C5
:103440000B0C22FA0CF3B84543EA010534BF56F8D9
:10345000083C0023153002FA00F023FA0CF3034372
:103460001C4645EC104BBDE8F081B8453ABF56F814
:10347000083CA6F1080700230B3812D0C0F1200148
:1034800023FA01F482402243474542F07F558CBF26
:1034900057F8042C00228340CA4045F440151343DA
:1034A000DEE742EA0105DBE70000F03F2DE9F743E4
:1034B0000F46012159EC108B1646FFF71BFC044602
:1034C00030B90246234B244840F20F3100F0B2FEDF
:1034D000C9F30A55C9F313030DB143F480130193E3
:1034E000B8F1000323D068460093FFF714FDDDE92F
:1034F0000012D0B1C0F1200302FA03F30B43C24023
:1035000063610192019BA361002B0CBF0122022287
:103510002261A5B1A5F2334505443D60C0F13500F7
:103520003060204603B0BDE8F0836161EAE701A89E
:10353000FFF7F1FC019B636120300122E8E704EB17
:103540008203A0F2324038601869FFF7C5FCC0EB77
:103550004210E5E7171D0020891D00202DE9F74FD7
:10356000884669468146FFF757FF01A9404655EC5A
:10357000104BFFF751FFD8F81030D9F81020D21AAD
:10358000DDE900315B1A03EB421357EC106B002BA3
:10359000D6BFC3EB03332A463A46AB46A246CEBF5C
:1035A00002EB035B02EB035300EE903A4BEC17ABDC
:1035B00087EE000B03B0BDE8F08F013970B54911FB
:1035C0001469013102F1140300EB810103EB84045F
:1035D000051FA3420CD3A31A113B23F0030311329E
:1035E000A24288BF002318440023884205D370BD3F
:1035F00053F8046B45F8046FEBE740F8043BF4E73D
:1036000000F1140200694B11984210B511DB0ADD7C
:1036100011F01F0107D052F8234024FA01F000FAFC
:1036200001F18C420BD102EB8303934203D80020BB
:1036300010BD0346F7E753F8041D0029F5D001201B
:10364000F6E751F8043C181F002BBCBF0B58C018FC
:1036500070470346084641B1FF2A04D98A221A60FE
:103660004FF0FF3070470A70012070472DE9F0439A
:103670002DED028BB0EE408B9046224A85B0166845
:1036800005460F461C4683B9B26AF16A00F123036E
:103690009A4209DC00F124094A463046FCF7AEF9AB
:1036A000044600B3C6E90A90F46AB0EE480B03ABD7
:1036B000CDE900832A463B4603213046FEF736FA21
:1036C0003B6822465B420399814212D81B1B11467C
:1036D0003026C818854211DC1344E91AAB42C8BF32
:1036E000002100235354204605B0BDEC028BBDE8F9
:1036F000F08310F8011B02F8011BE4E701F8016BED
:10370000E7E700BFF82300202DE9F0478E681F4649
:10371000BE420B6882460C4690462DD8B1F90C206B
:1037200012F4906F26D06569096905EB4505A3EB96
:10373000010905EBD5757B1C4B446D109D4238BFCC
:103740001D46530527D52946FCF7CCF8064660B33D
:1037500021694A46F9F782FBA38923F4906343F079
:103760008003A381266165614E44A5EB09052660AF
:10377000A5603E46BE4200D93E46206832464146DC
:10378000FDF7EFFFA3689B1BA3602368334423600E
:103790000020BDE8F0872A46FCF730F906460028ED
:1037A000E0D121695046FEF70FFF0C23CAF8003024
:1037B000A38943F04003A3814FF0FF30E9E7000005
:1037C0002DE9F04F98468B891B069DB007460D46A4
:1037D000144610D50B6973B94021FCF783F82860B3
:1037E000286130B90C233B604FF0FF301DB0BDE8BD
:1037F000F08F40236B610023099320238DF829303B
:10380000CDF80C803023DFF89C818DF82A304FF002
:10381000010923469A4613F8012B0AB1252AF9D14A
:10382000BAEB040B0BD05B46224629463846FFF71D
:103830006BFF013000F0A780099A5A4409929AF868
:103840000030002B00F09F8000234FF0FF32CDE9C5
:1038500005230AF1010A049307938DF853301A9354
:103860005446052214F8011B4E48FEF76FF8049ADF
:10387000D8B9D00644BF20238DF85330110744BF78
:103880002B238DF853309AF800302A2B15D0079A45
:10389000544600204FF00A0C214611F8013B303B02
:1038A000092B4BD9B0B1079214E0A0EB080309FA39
:1038B00003F313430493A246D2E7039B191D1B682D
:1038C0000391002BBBBF5B4242F0020207930793B8
:1038D000B8BF049223782E2B0AD163782A2B32D1D9
:1038E000039B1A1D1B68039243EAE373023405939A
:1038F000DFF8C0A0217803225046FEF727F838B140
:10390000049BA0EB0A00402282401343013404933D
:1039100014F8011B24488DF828100622FEF716F82B
:10392000002836D0214B1BBB039B073323F0070332
:1039300008330393099B334409936AE70CFB023273
:103940000C460120A8E700230134059319464FF0E7
:103950000A0C204610F8012B303A092A03D9002B13
:10396000C6D00591C4E70CFB012104460123F0E712
:1039700003AB00932A460E4B04A93846FCF746FFDA
:10398000421C0646D6D1AB895B063FF52DAF0998A0
:103990002CE703AB00932A46054B04A93846FDF7F4
:1039A000BDF9EDE7E31D0020ED1D0020E1E0000082
:1039B000DD0F0100E91D002038B54B1C144603D172
:1039C0004FF0FF35284638BD938923F020039381BB
:1039D000636B5268CDB28BB1A36B934208DD236851
:1039E0005A1E226003F8015C636801336360E9E7F3
:1039F000214600F0E4FB0028F1D0E1E721692368CB
:103A000051B1994208D213F8011CA94204D1013BDB
:103A1000013223606260D5E7C4E90F3204F1440348
:103A200063630323A363234603F8465F23600123F4
:103A3000DCE710B50C46496B69B104F144039942C7
:103A400001D0FEF7C1FD236C63600020606313B1F9
:103A5000E36B236010BD2369236000236360A389A7
:103A600043F02003A3814FF0FF30F3E72DE9F04F3F
:103A70000C46ADF5237D0021CDE94411A649A09166
:103A80000DF10408A549A64FCDF818810646A1916D
:103A9000009392F80090B9F1000F00F0588117F8E8
:103AA000093013F0080302F1010519D06368002BF7
:103AB0000FDD23681A78BA5C120701D42A46E8E7BA
:103AC000459A0132459262680133013A626023608F
:103AD000ECE7A19B2146304698470028E9D0EDE766
:103AE000B9F1250F40F085804193439353782A2BF9
:103AF00002BF1023951C41930A22AA461AF8011B03
:103B0000A1F13003092B1ED9DFF818B20322584661
:103B1000FDF71CFF38B1419AA0EB0B000123834055
:103B200013434193554615F8013B782B06D8572B84
:103B300010D8252B5DD057D8002B75D00323479381
:103B40000A23429388E0439B02FB031130394391DF
:103B50005546D2E7A3F15802202AEFD801A151F827
:103B600022F000BF0B150100111401001114010017
:103B70006515010011140100111401001114010058
:103B8000111401001114010011140100111401009D
:103B90007B15010061150100C3140100C31401006D
:103BA000C3140100111401001D15010011140100BE
:103BB0001114010011140100111401008B150100F2
:103BC0002515010003150100111401001114010055
:103BD0008715010011140100611501001114010085
:103BE000111401000B150100453B022BA6D805233B
:103BF00031E06368002B0DDD23681A784A4540F0F8
:103C0000A680013362682360459B013A01336260FC
:103C1000459353E7A19B2146304698470028EBD0B7
:103C20004498002840F08B804FF0FF308BE0419AA1
:103C300042F020024192419A42F4007241921022D5
:103C40006E2B429202D905E000234293032302E047
:103C500008234293042347936368002B39DD419B7B
:103C6000590604D423681A78BA5C120738D4479BE3
:103C7000022B47DC6B46224641A9304600F06CF827
:103C8000012864D002287FF419AFC9E70A22D7E7D8
:103C90002946404600F05AFA419B43F040034193C5
:103CA00005460123D7E7419B43F04003419300239E
:103CB000D1E70223CFE74198C3063FF5FFAE009B53
:103CC000459A191D00911B68C0074CBF1A801A60E5
:103CD000F4E6A19B2146304698470028BFD09FE7D5
:103CE000459A013245926268013A002A626002DD1B
:103CF00001332360B6E7A19B214630469847002850
:103D0000B0D08DE7042B0FDC6B46224641A930462C
:103D100000F07CF8B4E700BF8D120100071301002A
:103D2000FD0D0020E91D00200A4B002B3FF4C6AE1C
:103D30006B46224641A93046FDF70EF9A0E7A3895C
:103D40005B063FF571AF0DF5237DBDE8F08F44981C
:103D5000F9E700BF2DE800002DE9F84315468A6811
:103D600080460C4632B98A69002A14BF4FF0FF32F0
:103D700001228A602268DFF89090D1065FBF1A683E
:103D8000111D196016680027A06988B1012807D1A4
:103D90002B681A7863699B5C53B9002F31D022E0FD
:103DA000022820D12B681B7819F803301B071AD47E
:103DB0002368DA065EBF2B681B7806F8013B2A6889
:103DC0006B6801322A60A268013B013A6B600137DF
:103DD000A26042B1002BD7DCD4F88031294640469E
:103DE00098470028D0D0236813F0100305D1E2686B
:103DF0000132E260A26902B1337023693B4423615E
:103E00000020BDE8F88300BFFD0D00202DE9F04F34
:103E10009846744B0C468246164693E8070087B0D6
:103E200003AB83E80700704BA169704A032908BF00
:103E30001A46A36801925A1EB2F5AE7F88BF6FF48E
:103E4000AE75274682BF03EB050940F25D13A36000
:103E500057F81C3B43F4506398BF4FF000092360B0
:103E60003D464FF0000B316803AB097853F82B0047
:103E70000222FDF76BFD28B3BBF1010F59D1626837
:103E80002AB92268082142F4007261602260226827
:103E900022F4A0622260A268511EA16092B1326831
:103EA000511C3160127805F8012B7268013A002A22
:103EB000726007DCD4F880213146504690470028D4
:103EC00040F085800BF1010BBBF1030FCBD1636890
:103ED0000BB90A236360636845496069C91A00F039
:103EE00035F94FF0000BA3682268002B3DD03168F4
:103EF000606991F800C010F80C00002835D0BCF1C2
:103F0000300F24D1100522D50BF1010BB9F1000FB0
:103F100003D0013309F1FF39A3607368013B002B23
:103F200073601BDD336801333360A368013BA3601A
:103F3000D9E7BBF1020FAED1226802F4C061B1F53E
:103F4000007FBFD11021616042F48072A2E722F4A9
:103F5000106222600B7805F8013BDEE7D4F880316F
:103F60003146504698470028DFD02368D9050DD543
:103F7000BD4209D915F8011CD4F87C3132465046AF
:103F8000984705F1FF394D46BD4228D0226812F00E
:103F9000100213D12A706368019E39465046B0471B
:103FA000D8F8003021681A1DC8F8002011F0200F41
:103FB0001B680FD01860E3680133E3602369ED1BD1
:103FC0005D442B442361002007B0BDE8F08F4FF023
:103FD000000BCAE7CA074CBF18801860EBE7012046
:103FE000F2E700BF1804002095DF0000491C010023
:103FF000041E0020B1F90C202DE9F04116070546FA
:104000000C4654D44B68002B02DC0B6C002B48DDB3
:10401000E66A002E45D0002312F480522F68216AF0
:104020002B6030D0626DA389590705D56368D21A19
:10403000636B0BB1236CD21A0023E66A216A28460F
:10404000B047431CA38906D129681D292BD82A4AC9
:10405000CA40D60727D500226260D90422692260AF
:1040600004D5421C01D12B6803B96065616B2F60D8
:10407000B9B104F14403994202D02846FEF7A4FAEC
:10408000002363630DE001232846B0470246501C1D
:10409000C9D12B68002BC6D01D2B01D0162B1ED1E9
:1040A0002F60002022E043F040031BB21BE00F69A9
:1040B000002FF6D093070E6808BF4B690F6018BF3A
:1040C0000023A6EB07088B60B8F1000FE9DD216A39
:1040D000A66A43463A462846B047002808DCB4F9A9
:1040E0000C3043F04003A3814FF0FF30BDE8F08176
:1040F0000744A8EB0008E7E70100402038B50B694A
:1041000005460C4613B90025284638BD18B1036A88
:104110000BB9FDF7B9F9B4F90C30002BF3D0626E8E
:10412000D00704D4990502D4A06DFDF704FC2846FD
:104130002146FFF75FFF636EDA070546E4D4A389E3
:104140009B05E1D4A06DFDF7F7FBDDE770B50B78BB
:1041500004465E2B0BBF4B784A1C8A1C002108BF0B
:104160000121013804F1FF0500F8011FA842FBD12D
:104170000BB9501E70BD81F00101E154104602469A
:1041800012F8015B2D2D05D05D2D16D0002DF1D03C
:104190002B46F2E746785D2EFAD0B342F8DC0230C7
:1041A0001A4601329642A154FBDCF21A013A5D1C18
:1041B000B342A8BF0022AB18E1E71046DAE72DE9C9
:1041C000F0410C46496B04F1440399421DD14FF470
:1041D0008061FBF787FB18B94FF0FF30BDE8F08135
:1041E0004FF48063A36394F84630606380F8FF3334
:1041F00094F8453080F8FE3394F8443080F8FD336D
:1042000000F2FD3020600020E8E7A66B77003A4618
:10421000FBF7F4FB05460028DED000EB060801465C
:1042200032464046F8F71AFEC4E90D57C4F800803C
:10423000E9E700001FB514461A46094B1B680546FE
:10424000D8684CB1074B0091CDE9013406492B46A3
:1042500000F092F8FAF7A9F9044B1C46F3E700BF07
:10426000F82300200F1E00201C1E002052100020EA
:1042700070B5A1FB025434B92946FBF733FB06465F
:1042800028B9304670BD0C2202600026F9E72A46A4
:104290002146F8F7C1FDF4E72DE9F043344E864698
:1042A0000D46284615F8014B375D17F00807F8D181
:1042B0002D2C10D12C780127851C33F0100015D13E
:1042C000302C0DD1287800F0DF00582808D16C7808
:1042D000023510230AE02B2C04BF2C78851CECE758
:1042E000002BF6D1302C14BF0A2308234FF0FF38DF
:1042F0000026B8FBF3F803FB08F96FEA090930461A
:10430000A4F1300CBCF1090F10D86446A3421EDDA5
:10431000B6F1FF3F07D0804516D301D1A14513DB8D
:1043200000FB0340012615F8014BE9E7A4F1410C1D
:10433000BCF1190F01D8373CE8E7A4F1610CBCF1DE
:10434000190F04D8573CE1E74FF0FF36EBE7731C39
:1043500006D12223CEF80030304632B9BDE8F083D2
:1043600007B14042002AF9D006B1691E1160F5E795
:10437000FD0D0020FFF790BF0EB403B5014603AB5F
:10438000054853F8042B0068019300F031F802B09F
:104390005DF804EB03B07047F82300209368013BFD
:1043A000002B10B4936008DA9469A34201DB0A2958
:1043B00003D15DF8044B00F033B91368581C10604A
:1043C000197008465DF8044B7047F8B506460F466D
:1043D0001446D518AC4201D1002007E014F8011BA7
:1043E0003A463046FFF7DAFF431CF3D1F8BD000030
:1043F0002DE9F04F0D469DB014469846064618B17B
:10440000036A0BB9FDF740F86B6ED90705D4AB8989
:104410009A0502D4A86DFDF78EFAAB891B0701D56A
:104420002B699BB92946304600F038F970B16B6EA4
:10443000DC0704D54FF0FF301DB0BDE8F08FAB892D
:104440009805F7D4A86DFDF777FAF3E700230993F1
:1044500020238DF82930CDF80C803023DFF8AC8193
:104460008DF82A304FF0010923469A4613F8012BA4
:104470000AB1252AF9D1BAEB040B0BD05B462246D0
:1044800029463046FFF7A1FF013000F0A780099AC6
:104490005A4409929AF80030002B00F09F800023C4
:1044A0004FF0FF32CDE905230AF1010A0493079387
:1044B0008DF853301A935446052214F8011B5348C3
:1044C000FDF744FA049AD8B9D10644BF20238DF8E9
:1044D0005330130744BF2B238DF853309AF8003024
:1044E0002A2B15D0079A544600204FF00A0C21467B
:1044F00011F8013B303B092B4BD9B0B1079214E0C6
:10450000A0EB080309FA03F313430493A246D2E78E
:10451000039B191D1B680391002BBBBF5B4242F03C
:10452000020207930793B8BF049223782E2B0AD177
:1045300063782A2B32D1039B1A1D1B68039243EA2E
:10454000E37302340593DFF8D4A0217803225046A8
:10455000FDF7FCF938B1049BA0EB0A004022824031
:1045600013430134049314F8011B29488DF82810D3
:104570000622FDF7EBF900283FD0264B1BBB039B1F
:10458000073323F0070308330393099B3B44099344
:104590006AE70CFB02320C460120A8E70023013435
:1045A000059319464FF00A0C204610F8012B303ABB
:1045B000092A03D9002BC6D00591C4E70CFB0121C1
:1045C00004460123F0E703AB00932A46124B04A9EB
:1045D0003046FCF71BF90746781CD6D16B6ED9071D
:1045E00005D4AB899A0502D4A86DFDF7A5F9AB896E
:1045F0005B063FF51FAF09981EE703AB00932A4601
:10460000054B04A93046FCF789FBE4E7E31D0020D5
:10461000ED1D0020E1E000009F1C0100E91D0020CD
:10462000F8B50E461446054618B1036A0BB9FCF7F7
:104630002BFFA369A360A3891A0701D5236943B996
:104640002146284600F02AF818B14FF0FF373846C7
:10465000F8BD23682269981A6369F6B28342374627
:1046600005DC21462846FFF749FD0028EDD1A36867
:10467000013BA36023685A1C22601E706269431CC0
:104680009A4204D0A389DB07E1D50A2EDFD1214667
:104690002846FFF733FD0028D9D0D6E738B5294B97
:1046A000054618680C4618B1036A0BB9FCF7ECFE16
:1046B000B4F90C30190722D4DA0607D409222A608B
:1046C00043F04003A3814FF0FF3033E0580712D589
:1046D000616B41B104F14403994202D02846FDF7D1
:1046E00073FF00236363A38923F02403A3810023C2
:1046F000636023692360A38943F00803A3812369CE
:104700004BB9A38903F42073B3F5007F03D021468E
:10471000284600F03FF8B4F90C3013F001020AD03B
:104720000022A26062695242A261226942B913F07A
:104730008000C5D138BD990758BF6269A260F4E70F
:104740000020F7E7F823002070B50C46B1F90E10F1
:10475000002996B015461E460DDAA38913F0800F86
:104760004FF0000114BF40234FF4806300203160FC
:104770002B6016B070BD6A4600F048F80028ECDBEC
:10478000019901F47041A1F50053594259414FF488
:104790008063EBE78B89F7B59D0706460C4607D586
:1047A00004F14703236023610123636103B0F0BD7B
:1047B00001AB6A46FFF7C8FF009F05463946304601
:1047C000FBF790F848B9B4F90C309A05EED423F011
:1047D000030343F00203A381E2E7A389206043F0CF
:1047E0008003A381019BC4E904075BB1B4F90E10F7
:1047F000304600F01DF828B1A38923F0030343F0ED
:104800000103A381A3891D43A581CFE738B5074DD7
:1048100000230446084611462B60F9F7BCFE431CF2
:1048200002D12B6803B1236038BD00BF9420012062
:1048300038B5064D0023044608462B60F9F7B0FE54
:10484000431C02D12B6803B1236038BD94200120A2
:1048500081F0004102E000BF83F0004330B54FEA31
:1048600041044FEA430594EA050F08BF90EA020F9E
:104870001FBF54EA000C55EA020C7FEA645C7FEA31
:10488000655C00F0E2804FEA5454D4EB5555B8BF54
:104890006D420CDD2C4480EA020281EA030382EAC5
:1048A000000083EA010180EA020281EA0303362D57
:1048B00088BF30BD11F0004F4FEA01314FF4801C2A
:1048C0004CEA113102D0404261EB410113F0004F3C
:1048D0004FEA03334CEA133302D0524263EB4303F3
:1048E00094EA050F00F0A780A4F10104D5F1200E91
:1048F0000DDB02FA0EFC22FA05F2801841F10001EC
:1049000003FA0EF2801843FA05F359410EE0A5F1BF
:1049100020050EF1200E012A03FA0EFC28BF4CF0F0
:10492000020C43FA05F3C01851EBE37101F00045A6
:1049300007D54FF0000EDCF1000C7EEB00006EEBB3
:104940000101B1F5801F1BD3B1F5001F0CD349083D
:104950005FEA30004FEA3C0C04F101044FEA445294
:1049600012F5800F80F09A80BCF1004F08BF5FEA1B
:10497000500C50F1000041EB045141EA050130BDFB
:104980005FEA4C0C404141EB0101013C28BFB1F50D
:10499000801FE9D291F0000F04BF01460020B1FA58
:1049A00081F308BF2033A3F10B03B3F120020CDA2B
:1049B0000C3208DD02F1140CC2F10C0201FA0CF009
:1049C00021FA02F10CE002F11402D8BFC2F1200C6E
:1049D00001FA02F120FA0CFCDCBF41EA0C01904024
:1049E000E41AA2BF01EB0451294330BD6FEA04046D
:1049F0001F3C1CDA0C340EDC04F11404C4F1200258
:104A000020FA04F001FA02F340EA030021FA04F369
:104A100045EA030130BDC4F10C04C4F1200220FAC0
:104A200002F001FA04F340EA0300294630BD21FAFE
:104A300004F0294630BD94F0000F83F4801306BFC4
:104A400081F480110134013D4EE77FEA645C18BFB8
:104A50007FEA655C29D094EA050F08BF90EA020F4F
:104A600005D054EA000C04BF1946104630BD91EA47
:104A7000030F1EBF0021002030BD5FEA545C05D14A
:104A80004000494128BF41F0004130BD14F5800489
:104A90003CBF01F5801130BD01F0004545F0FE41FD
:104AA00041F470014FF0000030BD7FEA645C1ABF32
:104AB000194610467FEA655C1CBF0B46024650EA69
:104AC000013406BF52EA033591EA030F41F4002195
:104AD00030BD00BF90F0000F04BF0021704730B51B
:104AE0004FF4806404F132044FF000054FF00001F0
:104AF00050E700BF90F0000F04BF0021704730B5B1
:104B00004FF4806404F1320410F0004548BF404285
:104B10004FF000013EE700BF42004FEAE2014FEADA
:104B200031014FEA02701FBF12F07F4393F07F4FB5
:104B300081F06051704732F07F4208BF704793F0B8
:104B40007F4F04BF41F40021704730B54FF46074CB
:104B500001F0004521F000411CE700BF50EA0102CE
:104B600008BF704730B54FF000050AE050EA010277
:104B700008BF704730B511F0004502D5404261EBE7
:104B800041014FF4806404F132045FEA915C3FF428
:104B9000D8AE4FF003025FEADC0C18BF03325FEAC5
:104BA000DC0C18BF033202EBDC02C2F1200300FA76
:104BB00003FC20FA02F001FA03FE40EA0E0021FA9B
:104BC00002F11444BDE600BF08B502460B4643ECB3
:104BD000172BB5EEC07BF1EE10FA03D4BDE8084008
:104BE00000F00CB8B1EE477B51EC170B00F006F863
:104BF000404261EB410108BD000000009FED0B6BDE
:104C000041EC170B9FED0B5B27EE066BBCEEC66B02
:104C1000B8EE464BA4EE457BFCEEC77B16EE101AB1
:104C200017EE900A704700BFAFF30080000000004D
:104C30000000F03D000000000000F0415FF800F0CF
:104C4000991800605FF800F0B51700605FF800F099
:104C5000D12300605FF800F02D2400605FF800F0C1
:104C6000D52400605FF800F06D1700605FF800F079
:0C4C7000211F0060000000000000000098
:044C7C00F8B500BFC8
:084C800040A9FF7F01000000C4
:104C8800000000000000000000000000000000001C
:104C9800000000000000000000000000000000000C
:104CA80000000000000000000000000000000000FC
:104CB80000000000000000000000000000000000EC
:104CC80000000000000000000000000000000000DC
:104CD80000000000000000000000000000000000CC
:104CE80000000000000000000000000000000000BC
:104CF80000000000000000000000000000000000AC
:104D0800000000000000000000000000000000009B
:104D1800000000000000000000000000000000008B
:104D2800000000000000000000000000000000007B
:104D3800000000000000000000000000000000006B
:104D4800000000000000000000000000000000005B
:104D5800000000000000000000000000000000004B
:104D6800000000000000000000000000000000003B
:104D7800000000000000000000000000000000002B
:104D8800000000000000000000000000000000001B
:104D9800000000000000000000000000000000000B
:104DA80000000000000000000000000000000000FB
:104DB80000000000000000000000000000000000EB
:104DC80000000000000000000000000000000000DB
:104DD80000000000000000000000000000000000CB
:104DE80000000000000000000000000000000000BB
:104DF80000000000000000000000000000000000AB
:104E0800000000000000000000000000000000009A
:104E1800000000000000000000000000000000008A
:104E2800000000000000000000000000000000007A
:104E3800000000000000000000000000000000006A
:104E4800000000000000000000000000000000005A
:104E5800000000000000000000000000000000004A
:104E6800000000000000000000000000000000003A
:104E7800000000000000000000000000000000002A
:104E8800000000000000000000000000000000001A
:104E9800000000000000000000000000000000000A
:104EA80000000000000000000000000000000000FA
:104EB80000000000000000000000000000000000EA
:104EC80000000000000000000000000000000000DA
:104ED80000000000000000000000000000000000CA
:104EE80000000000000000000000000000000000BA
:104EF80000000000000000000000000000000000AA
:104F08000000000000000000000000000000000099
:104F18000000000000000000000000000000000089
:104F28000000000000000000000000000000000079
:104F38000000000000000000000000000000000069
:104F48000000000000000000000000000000000059
:104F58000000000000000000000000000000000049
:104F68000000000000000000000000000000000039
:104F78000000000000000000000000000000000029
:104F88000080E03779C34143176E05B5B5B893463D
:104F9800F5F93FE9034F384D321D30F94877825A09
:104FA8003CBF737FDD4F1575000000000000F03F27
:104FB80000000000000024400000000000005940EC
:104FC8000000000000408F40000000000088C3403F
:104FD80000000000006AF8400000000080842E41B4
:104FE80000000000D01263410000000084D7974100
:104FF8000000000065CDCD41000000205FA0024206
:10500800000000E876483742000000A2941A6D427A
:10501800000040E59C30A2420000901EC4BCD6426D
:1050280000003426F56B0C430080E03779C3414318
:1050380000A0D8855734764300C84E676DC1AB438E
:10504800003D9160E458E143408CB5781DAF1544AC
:1050580050EFE2D6E41A4B4492D54D06CFF0804487
:10506800F64AE1C7022DB544B49DD9794378EA449C
:10507800BC89D897B2D29C3C33A7A8D523F6493926
:105088003DA7F444FD0FA5329D978CCF08BA5B2548
:10509800436FAC6428066811061E0020091E002014
:1050A8000C1E00206CC00F40030000000E0D000015
:1050B800055500002A360000140000001300000007
:1050C80001000000F4841F402B320000140000008F
:1050D8001300000001000000F8841F402D3100007B
:1050E800140000001300000001000000F0841F40BD
:1050F8002CFFFF001400000000000000000000006A
:105108000100000000000000EC841F4000000000C7
:10511800000000006CC00F4030000000100F0000BD
:1051280005550000012700001700000012000000CC
:105138000001000014851F401AFF00001200000043
:10514800000000000100000018851F401BFF000040
:1051580012000000000000000100000010851F4040
:105168000026FF00170000001200000000000000E9
:1051780001010000010000000C851F400C851F4044
:10518800000000006CC00F40C0000000504F00003D
:10519800F55400000CFF00001300000000000000A0
:1051A8000000000024851F400BFF000013000000D2
:1051B800000000000000000028851F400DFF0000CF
:1051C80013000000000000000000000020851F40C0
:1051D8000A2524001300000012000000120000003D
:1051E80001020300000000001C851F4000000000B1
:1051F800000000000000000000000000FB010000AB
:10520800F1010000690000000B010000BD00000072
:105218006F000000A5000000000000000000000072
:10522800590C00006F0C0000730C0000970D000073
:10523800491E00007B0C00007F0C0000C716000010
:1052480077110000BD1100006D1200009F140000CE
:1052580077140000CB0E00008312000075180000C0
:10526800910E00006510000065130000751C000019
:10527800351900001B1A00000000000000000000A3
:10528800211F00600000000000000000C38F000024
:10529800CB8F0000C58F0000A9900000DB8E0000B6
:1052A800FD92000051930000D98F0000E5920000A4
:1052B80077950000FD8E00005B8F0000EB930000E7
:1052C800C78E0000CB8E0000D38E0000D78E000062
:1052D800EB8E00007F92000077920000079200009A
:1052E800C18E0000CF8E0000FF940000B59300002F
:1052F80081940000000000000000000011CB0000B5
:1053080009CB000005CB000001CB0000FDCA00005E
:10531800F9CA0000F5CA0000F1CA00000000000048
:1053280000000000FB010000F1010000690000001E
:105338000B010000BD0000006F000000A500000088
:1053480000000000000000009F550000C755000045
:10535800690000009D5500005D550000695500007A
:10536800875500000000000000000000E1970000E1
:10537800999D00000B960000A5980000E1A300008D
:10538800959B000093950000219F0000E5A4000074
:10539800119C0000B59C0000CD950000E998000024
:1053A800819700008D970000FF950000039600008C
:1053B8000796000099970000B5970000D197000064
:1053C800E5980000AD9E0000099A0000319D00009C
:1053D800899F0000D8399D270054EA2A00A4781F25
:1053E800007B9A1700000042C8801F40B8821F4007
:1053F8000800000000000042C4801F40B4821F4023
:105408000400000000C0004224801F4014821F4096
:105418001000000000C0004228801F4018821F4072
:105428002000000000C000422C801F401C821F404A
:105438004000000000C0004234801F4024821F400A
:10544800000100000040004264811F4054831F4057
:10545800000400000040004280811F4070831F400C
:1054680000000200004000427C811F406C831F4006
:10547800000001000040004268811F4058831F401F
:1054880000080000004000423C811F402C831F4060
:10549800010000000040004244811F4034831F4047
:1054A800040000000040004240811F4030831F403C
:1054B800020000000040004248811F4038831F401E
:1054C800080000000000004204811F40F4821F40D1
:1054D800000004000000004208811F40F8821F40BD
:1054E800000008000000004218811F4008831F4088
:1054F800000080000000004214811F4004831F4008
:10550800000040000000004200811F40F0821F4060
:105518000000020000000042FC801F40EC821F4097
:10552800000001000000004224811F4014831F4036
:10553800000000040000004228811F4018831F401B
:1055480000000008000000421C811F400C831F401F
:10555800000000010000004220811F4010831F400E
:105568000000000200000042EC801F40DC821F4067
:105578000010000000000042F0801F40E0821F4041
:10558800002000000000004234811F4024831F4097
:10559800000000400000004238811F4028831F405F
:1055A800000000800080004294801F4084821F40D9
:1055B8000000040000C0004290801F4080821F400D
:1055C8000000008000800042A8801F4098821F4091
:1055D8000000800000800042A4801F4094821F4089
:1055E80000004000004000426C811F405C831F4067
:1055F8000010000000C0004230801F4020821F4081
:105608008000000000400042B0811F40A0831F407E
:105618000000002000400042AC811F409C831F40D6
:10562800000000100040004284811F4074831F4026
:10563800000004000040004288811F4078831F401A
:1056480000000800000000422C811F401C831F40FE
:10565800000000100000004230811F4020831F40DE
:1056680000000020000000420C811F40FC821F4007
:10567800000010000000004210811F4000831F40FE
:105688000000200000800042C8811F40B8831F40EE
:105698000080000000800042C4811F40B4831F4086
:1056A8000040000000800042C0811F40B0831F40BE
:1056B8000020000000800042BC811F40AC831F40D6
:1056C8000010000000800042D0811F40C0831F40AE
:1056D8000000020000800042CC811F40BC831F40B4
:1056E8000000010000C0004274801F4064821F4017
:1056F8000000000100C0004280801F4070821F40EF
:105708000000000800C0004284801F4074821F40CF
:105718000000001000C000426C801F405C821F40E7
:105728000000400000C000427C801F406C821F4087
:105738000000000400C0004278801F4068821F40BB
:105748000000000200C0004288801F4078821F408D
:105758000000002035000000CEFBFFFFCB03000057
:10576800010000000000000034000000CEFBFFFF35
:10577800CB0300000100000000000000050000004D
:10578800190000007D0000000001000037240020FF
:105798001200000000060000222700600A00000036
:1057A80000020000B9260060690000000007000040
:1057B8005026006069000000040309040C260060FC
:1057C80000000000000300004C26006000000000FC
:1057D80001030904342600600000000002030904E4
:1057E80014260060000000000303090420240020A0
:1057F80000000000000000000000000000000000A1
:10580800FF00780180014302880187018C018B0128
:10581800920191019501F601990198019A013D02C1
:105828009E012002A801A701AD01AC01B001AF01A2
:10583800B901B801BD01BC01BF01F701C601C4012E
:10584800C901C701CC01CA01DD018E01F301F101D3
:10585800F501F4013A02652C3C023B023E02662C3B
:105868004202410253028101540286015602890113
:1058780057028A0159028F015B029001600293016D
:105888006302940168029701690296016B02622C17
:105898006F029C0172029D0175029F017D02642CBA
:1058A8008002A6018302A9018802AE01890244028E
:1058B8008A02B1018B02B2018C0245029202B70141
:1058C8007B03FD037C03FE037D03FF03AC03860318
:1058D800C203A303CC038C03CD038E03CE038F0333
:1058E800F203F903F803F703FB03FA03CF04C00438
:1058F8007D1D632C511F591F531F5B1F551F5D1FB3
:10590800571F5F1F781FF81F791FF91FB31FBC1F90
:10591800CC1FC31FE51FEC1FFC1FF31F4E213221B4
:1059280084218321612C602C762C752C01DC02DC0F
:1059380003DC04DC07DC08DC09DC0BDC41DC44DCD0
:1059480001100210031004100510071008100910A8
:105958000B100C100D101410151019101A101B1024
:1059680001980298039804986100E01AE000E01793
:10597800F800E00700010130320101063901011089
:105988004A01012E7901010682010104A0010106E4
:10599800B3010104CD010110DE010112F801012853
:1059A800220201124602010AAD03DB03B103E01132
:1059B800C303E009D80301183004E0205004B010F4
:1059C800600401228A040136C104010ED004014496
:1059D8006105D026001E0196A01E015A001F080866
:1059E800101F0806201F0808301F0808401F080657
:1059F800601F0808701F4A02721F5604761F64024F
:105A08007A1F70027C1F7E02801F0808901F0808FA
:105A1800A01F0808B01F0802D01F0802E01F0802D4
:105A28007021F010D024E61A302CD02F672C0106F4
:105A3800802C0164002D002641FFE01A3C41464BB2
:105A480000010203000102030A6D6963726F50418D
:105A58004D2D5633206275696C64204F6374203174
:105A68003420323032342031363A34323A3530004C
:105A78001F1C1F1E1F1E1F1F1E1F1E1F0020202051
:105A880020202020202028282828282020202020E6
:105A980020202020202020202020202020881010B6
:105AA8001010101010101010101010101004040412
:105AB80004040404040404101010101010104141D0
:105AC80041414141010101010101010101010101BE
:105AD80001010101010101011010101010104242D2
:105AE800424242420202020202020202020202028E
:105AF800020202020202020210101010200000002E
:105B0800000000000000000000000000000000008D
:105B1800000000000000000000000000000000007D
:105B2800000000000000000000000000000000006D
:105B3800000000000000000000000000000000005D
:105B4800000000000000000000000000000000004D
:105B5800000000000000000000000000000000003D
:105B6800000000000000000000000000000000002D
:105B7800000000000000000000000000000A2534BA
:105B8800642D253032642D2530326420253032646E
:105B98003A253032643A2530326420256400203AB0
:105BA80020002533640020200020203B20002539D8
:105BB8006420002532642000253264005365747522
:105BC80070310053657475703120646F6E650053D1
:105BD800442F5344494F2053746F726167652025E1
:105BE80064202564202573206661696C6564206FD4
:105BF80072206D697373696E67005344494F20536F
:105C0800746F7261676520256420256420257320E0
:105C1800003B20746F74616C20636C7573746572DB
:105C2800733A2000206672656520636C757374652D
:105C380072733A200020636C757374657273697AA5
:105C4800653A2000206B4279746500706172616D5D
:105C5800735B305D203D20006661696C696E67206A
:105C68006765745F6461746574696D650052544357
:105C78002D6D61696E3A202534642D253032642DEE
:105C88002530326420253032643A253032643A2592
:105C98003032640066696C696E675F696E697400AA
:105CA800536574757020646F6E65007364696F0066
:105CB8006F76723A200066733D25642C206E6F3D26
:105CC80025642C206E313D25642C206E323D2564E0
:105CD8000D0A00433A20004442475F4641494C3A86
:105CE800200053746F726167652E637070002F6DAA
:105CF8007470696E6465782E646174002063616EE7
:105D08006E6F74206F70656E20496E6465782066CA
:105D1800696C65002530347525303275253032754B
:105D2800542530327525303275253032750025738B
:105D38002F25730025642563256425632564005396
:105D480061766520706172616D657465727300209B
:105D58006E6F74207265636F676E697A6564004E52
:105D68006F773A0A2534642D253032642D25303278
:105D78006420253032643A253032643A2530326462
:105D88002025640A006673616D7020286629203D0D
:105D98002000736869667420287329203D200070EC
:105DA800726F632020286329203D200061676169A4
:105DB8006E20286729203D2000745F6163712028C8
:105DC8006129203D2000745F6F6E2020286F2920F4
:105DD8003D2000745F72657020287229203D2000E4
:105DE800685F31202020283129203D2000685F325B
:105DF800202020283229203D2000685F33202020E1
:105E0800283329203D2000685F34202020283429A9
:105E1800203D2000645F6F6E2020283529203D201A
:105E280000645F72657020283629203D2000645F79
:105E380030202020283029203D200064617465200E
:105E4800286429203D202534642D253032642D25F1
:105E58003032640A0074696D6520287429203D2059
:105E6800253032643A253032643A253032640A00EB
:105E7800745F6F6E2020286F2920203D00706172AA
:105E8800616D735B305D20203D200062202020285A
:105E98006229203D20006B202020286229203D20F7
:105EA800006E202020286229203D20000A205374FB
:105EB800617274000A2053746F70000A204D6F6E6F
:105EC80069746F7220000A416C6C6F776564206397
:105ED8006F6D6D616E64733A202773272C276527D1
:105EE8002C276D272C2772272E2053656520616C7F
:105EF800736F20273F702720666F72207061726170
:105F08006D65746572730025686400636F6E6669F9
:105F1800672E74787400574D585A00202538780039
:105F280020656E64000A2066706F733D256420004A
:105F380025732530346425303264253032645F257A
:105F48003032642530326425303264002F257325C1
:105F58003036785F25303464253032642530326439
:105F68002F253032642F00257325303464253032D4
:105F780064253032645F2530326425303264253040
:105F880032642E77617600257325303464253032EB
:105F980064253032645F2530326425303264253020
:105FA80032642E62696E00202D3E20004572726FA9
:105FB80072206D6B646972004572726F722063683B
:105FC800646972004661696C696E67206F70656EFE
:105FD8002066696C65003E006361726420696E69C1
:105FE8007469616C697A65642E007374696C6C20DD
:105FF800747279696E672E2E2E0043617264206672
:1060080061696C65642C206F72206E6F74207072E9
:106018006573656E7400666F756E642025780A0076
:1060280041444320493243202578206E6F7420660E
:106038006F756E640A000A307831353A20000A30EC
:106048007837363A20005465656E7379006D696358
:10605800726F736F66742E636F6D3A20312E303B0A
:1060680000504A524300202F204D545020312E30EA
:106078000073697A652000757365642000257820AF
:1060880025642025642025643A20002025780045D1
:10609800584641540043726173685265706F727458
:1060A8003A002020412070726F626C656D206F632A
:1060B80063757272656420617420287379737465DE
:1060C8006D2074696D652920002020436F64652068
:1060D80077617320657865637574696E6720667289
:1060E8006F6D2061646472657373203078002020BE
:1060F800434653523A200009284941434356494FE1
:106108004C2920496E737472756374696F6E2041EF
:1061180063636573732056696F6C6174696F6E0091
:1061280009284441434356494F4C2920446174612E
:10613800204163636573732056696F6C6174696F7E
:106148006E0009284D554E53544B45525229204D47
:10615800656D4D616E6765204661756C74206F6E64
:1061680020556E737461636B696E670009284D531F
:10617800544B45525229204D656D4D616E6765201F
:106188004661756C74206F6E20737461636B696E01
:10619800670009284D4C535045525229204D656DD2
:1061A8004D616E6765204661756C74206F6E204680
:1061B80050204C617A792053746174650009284D28
:1061C8004D415256414C49442920416363657373DC
:1061D800656420416464726573733A2030780020E6
:1061E800286E756C6C707472290A092020436865E2
:1061F800636B20636F646520617420307800202D04
:106208002076657279206C696B656C7920612062F3
:106218007567210A09202052756E20226164647214
:10622800326C696E65202D65206D79736B657463BA
:10623800682E696E6F2E656C6620307800222066A5
:106248006F722066696C656E616D652026206C69C9
:106258006E65206E756D6265722E0020285374611C
:10626800636B2070726F626C656D290A0920204388
:106278006865636B20666F7220737461636B206F4F
:10628800766572666C6F77732C2061727261792003
:10629800626F756E64732C206574632E000928493B
:1062A8004255534552522920496E7374727563746E
:1062B800696F6E20427573204572726F72000928EB
:1062C8005052454349534552522920446174612034
:1062D800627573206572726F722861646472657387
:1062E8007320696E204246415229000928494D50C1
:1062F80052454349534552522920446174612062F2
:106308007573206572726F7220627574206164649F
:1063180072657373206E6F742072656C6174656446
:1063280020746F20696E737472756374696F6E0080
:106338000928554E53544B45525229204275732013
:106348004661756C74206F6E20756E737461636B33
:10635800696E6720666F7220612072657475726E4F
:106368002066726F6D20657863657074696F6E0062
:10637800092853544B4552522920427573204661CF
:10638800756C74206F6E20737461636B696E67201F
:10639800666F7220657863657074696F6E20656ECC
:1063A8007472790009284C5350455252292042757D
:1063B80073204661756C74206F6E204650206C61A6
:1063C8007A7920737461746520707265736572766A
:1063D8006174696F6E0009284246415256414C4922
:1063E8004429204163636573736564204164647262
:1063F8006573733A203078000928554E444546495C
:106408004E5354522920556E646566696E65642042
:10641800696E737472756374696F6E000928494EEA
:106428005653544154452920496E737472756374E8
:10643800696F6E206D616B657320696C6C6567614F
:106448006C20757365206F662045505352290009EA
:1064580028494E5650432920557361676520666167
:10646800756C743A20696E76616C6964204558438E
:106478005F52455455524E0009284E4F435029202B
:106488004E6F20436F70726F636573736F7200098C
:1064980028554E414C49474E45442920556E616C5C
:1064A80069676E6564206163636573732055736102
:1064B80067654661756C7400092844495642595A03
:1064C80045524F2920446976696465206279207AAB
:1064D80065726F002020485453523A20000928560C
:1064E80045435454424C2920427573204661756CCB
:1064F80074206F6E20566563205461626C6520526B
:10650800656164000928464F524345442920466F77
:10651800726365642048617264204661756C74001A
:10652800202054656D706572617475726520696E9E
:106538007369646520746865206368697020776191
:1065480073200020C2B0430A002020537461727483
:1065580075702043505520636C6F636B20737065B2
:10656800656420697320004D487A0A004E6F204305
:1065780072617368204461746120546F20526570A1
:106588006F7274002020486F706566756C6C792096
:10659800616C6C2069732077656C6C2C2062757453
:1065A800206365727461696E207479706573206FF9
:1065B8006620637261736865732063616E27742057
:1065C8006265207265706F727465643A000973744D
:1065D80075636B20696E20616E20696E66696E69ED
:1065E8007465206C6F6F702028746563686E6963CA
:1065F800616C6C792C2068617264776172652073B4
:1066080074696C6C2072756E6E696E672070726F3B
:106618007065726C7929000972656D61696E696EC1
:106628006720696E2061206C6F7720706F776572C4
:1066380020736C656570206D6F6465000961636324
:1066480065737320746F206365727461696E20705E
:1066580065726970686572616C7320776974686FB8
:10666800757420746865697220636C6F636B20654C
:106678006E61626C6564202865672C20466C6578BD
:10668800494F2900096368616E6765206F6620437A
:106698005055206F722062757320636C6F636B2096
:1066A800737065656420776974686F757420757395
:1066B80065206F6620676C697463686C6573732006
:1066C8006D75780020205265626F6F742077617352
:1066D80020636175736564206279206175746F2029
:1066E8007265626F6F742061667465722066617589
:1066F8006C74206F722062616420696E74657272B6
:106708007570742064657465637465640020205234
:1067180065626F6F74207761732063617573656458
:1067280020627920736F6674776172652077726969
:10673800746520746F205343425F4149524352208D
:106748006F7220435055206C6F636B75700020206A
:106758005265626F6F74207761732063617573652A
:1067680064206279207365637572697479206D6F2E
:106778006E69746F720020205265626F6F742077A3
:1067880061732063617573656420627920706F7727
:106798006572206F6E2F6F666620627574746F6EF7
:1067A8000020205265626F6F7420776173206361E7
:1067B80075736564206279207761746368646F67B4
:1067C8002031206F7220320020205265626F6F7472
:1067D8002077617320636175736564206279204A4C
:1067E80054414720626F756E6461727920736361EA
:1067F8006E0020205265626F6F742077617320638A
:106808006175736564206279204A54414720646544
:106818006275670020205265626F6F74207761731C
:106828002063617573656420627920776174636899
:10683800646F6720330020205265626F6F74207781
:106848006173206361757365642062792074656D76
:1068580070657261747572652073656E736F72000E
:1068680050616E69632054656D7020457863656575
:10687800646564205368757474696E6720446F7723
:106888006E0043616E2062652063617573656420E4
:106898006279204F766572636C6F636B696E6720EF
:1068A800772F6F204865617473696E6B206F722053
:1068B8006F7468657220756E6B6E6F776E20726587
:1068C80061736F6E00202042726561646372756D3A
:1068D8006220230020283078006E616E00696E66A1
:1068E800006F766600494E46004E414E0030313208
:1068F8003334353637383941424344454600303120
:106908003233343536373839616263646566006519
:10691800256C6400504F53495800496E66696E698A
:106928007479004E614E005245454E54206D616C9D
:106938006C6F6320737563636565646564002F64B9
:106948006174612F6A656E6B696E732F776F726BF6
:1069580073706163652F474E552D746F6F6C636854
:1069680061696E2F61726D2D31332F7372632F6ED3
:1069780065776C69622D63796777696E2F6E6577C5
:106988006C69622F6C6962632F7374646C69622F1F
:1069980064746F612E630042616C6C6F6320737561
:1069A80063636565646564002F646174612F6A655B
:1069B8006E6B696E732F776F726B73706163652F7F
:1069C800474E552D746F6F6C636861696E2F6172E5
:1069D8006D2D31332F7372632F6E65776C69622D5D
:1069E80063796777696E2F6E65776C69622F6C695A
:1069F80062632F7374646C69622F6764746F612DAE
:106A08006765746865782E63002F646174612F6A06
:106A1800656E6B696E732F776F726B7370616365E8
:106A28002F474E552D746F6F6C636861696E2F61C7
:106A3800726D2D31332F7372632F6E65776C6962B7
:106A48002D63796777696E2F6E65776C69622F6C35
:106A58006962632F7374646C69622F6D7072656309
:106A68002E6300232D302B2000686C4C0065666770
:106A780045464700412D46612D663839303132335D
:106A8800343536375D002B2D003030007858002C17
:106A98002066756E6374696F6E3A20006173736562
:106AA8007274696F6E2022257322206661696C6595
:106AB800643A2066696C6520222573222C206C6953
:106AC8006E65202564257325730A000000060020E2
:106AD8000029DE07007B9A177C06002000000000D2
:106AE800E803000000000000C806002000000000C5
:106AF800E80300000000000000003F40BC250060E3
:106B0800000000000000000000000000000000007D
:106B1800000000000000000000000000000000006D
:106B2800000000000000000000000000000000005D
:106B3800000000000000000000000000000000004D
:106B4800000000000000000000000000000000003D
:106B5800000000000000000000000000000000002D
:106B6800000000000000000000000000000000001D
:106B7800000000000000000000000000000000000D
:106B880000000000000000000000000000000000FD
:106B980000000000000000000000000000000000ED
:106BA80000000000000000000000000000000000DD
:106BB80000000000000000000000000000000000CD
:106BC80000000000000000000000000000000000BD
:106BD80000000000000000000000000000000000AD
:106BE800000000000000000000000000000000009D
:106BF800000000000000000000000000000000008D
:106C0800000000000000000000000000000000007C
:106C1800000000000000000000000000000000006C
:106C28000000000000000000C8060020000000006E
:106C3800E80300000000000000803F406C25006071
:106C4800000000000000000000000000000000003C
:106C5800000000000000000000000000000000002C
:106C6800000000000000000000000000000000001C
:106C7800000000000000000000000000000000000C
:106C880000000000000000000000000000000000FC
:106C980000000000000000000000000000000000EC
:106CA80000000000000000000000000000000000DC
:106CB80000000000000000000000000000000000CC
:106CC80000000000000000000000000000000000BC
:106CD80000000000000000000000000000000000AC
:106CE800000000000000000000000000000000009C
:106CF800000000000000000000000000000000008C
:106D0800000000000000000000000000000000007B
:106D1800000000000000000000000000000000006B
:106D2800000000000000000000000000000000005B
:106D3800000000000000000000000000000000004B
:106D4800000000000000000000000000000000003B
:106D5800000000000000000000000000000000002B
:106D68000000000000000000C8060020000000002D
:106D7800E80300000000000000C03F401C25006040
:106D880000000000000000000000000000000000FB
:106D980000000000000000000000000000000000EB
:106DA80000000000000000000000000000000000DB
:106DB80000000000000000000000000000000000CB
:106DC80000000000000000000000000000000000BB
:106DD80000000000000000000000000000000000AB
:106DE800000000000000000000000000000000009B
:106DF800000000000000000000000000000000008B
:106E0800000000000000000000000000000000007A
:106E1800000000000000000000000000000000006A
:106E2800000000000000000000000000000000005A
:106E3800000000000000000000000000000000004A
:106E4800000000000000000000000000000000003A
:106E5800000000000000000000000000000000002A
:106E6800000000000000000000000000000000001A
:106E7800000000000000000000000000000000000A
:106E880000000000000000000000000000000000FA
:106E980000000000000000000000000000000000EA
:106EA8000000000000000000FFFFFFFF80202020FE
:106EB8000000000043000000000000000000000087
:106EC80000000000000000000000000000000000BA
:106ED8000000000043000000000000000000000067
:106EE800000000000000000000000000000000009A
:106EF8000000000043000000000000000000000047
:106F08000000000000000000000000000000000079
:106F18000000000043000000000000000000000026
:106F28000000000000000000000000000000000059
:106F38000000000043000000000000000000000006
:106F48000000000000000000000000000000000039
:106F580000000000430000000000000000000000E6
:106F68000000000000000000000000000000000019
:106F780000000000430000000000000000000000C6
:106F880000000000000000000000000000000000F9
:106F980000000000270F0100A30501000000000009
:106FA800FC0D002078130020521000205210002001
:106FB80052100020521000205210002052100020C1
:106FC800521000205210002052100020FFFFFFFF37
:106FD800FFFFFFFFFFFFFFFFFFFF0000010041531E
:106FE80043494900000000000000000000000000C4
:106FF80000000000000000000000000000004153F5
:1070080043494900000000000000000000000000A3
:107018000000000000000000000000000000000068
:1070280000000000030000004C1D012000000000CB
:107038004C1D0120B41D01201C1E01200000000071
:107048000000000000000000000000000000000038
:107058000000000000000000000000000000000028
:107068000000000000000000000000000000000018
:107078000000000000000000AC23002080BB0000DE
:107088000A000000D82101202B100020E41A01205A
:107098000A0001000C000C001800100014003C004D
:1070A8000C030000000000000000000000000000C9
:1070B8000000000000002912010002EF020140C098
:1070C80016D504800201020301010000000000003F
:1070D80000000000000000000000000000000000A8
:1070E8000000000000000000000000000000000098
:1070F8000000000000000000000000000000000088
:107108000000000000000000000000000000000077
:107118000000000000000000000000000000000067
:107128000000000000000000000000000000000057
:107138000000000000000000000000000000000047
:107148000000000000000000000000000000000037
:107158000000000000000000000000000000000027
:107168000000000000000000000000000000000017
:107178000000000000000000000000000000000007
:1071880000000000000000000000000000000000F7
:1071980000000000000000000000000000000000E7
:1071A80000000000000000000000000000000000D7
:1071B80000000000000000000000000000000000C7
:1071C80000000000000000000000000000000000B7
:1071D80000000000000000000000000000000000A7
:1071E8000000000000000000000000000000000097
:1071F8000000000000000000000000000000000087
:107208000000000000000000000000000000000076
:107218000000000000000000000000000000000066
:107228000000000000000000000000000000000056
:107238000000000000000000000000000000000046
:107248000000000000000000000000000000000036
:107258000000000000000000000000000000000026
:107268000000000000000000000000000000000016
:107278000000000000000000000000000000000006
:1072880000000000000000000000000000000000F6
:1072980000000000000000000000000000000000E6
:1072A80000000000000000000000000000000000D6
:1072B80000000000000000000000000000000000C6
:1072C80000000000000000000000000000000000B6
:1072D80000000000000000000000000000000000A6
:1072E8000000000000000000000000000000000096
:1072F8000000000000000000000000000000000086
:107308000000000000000000000000000000000075
:107318000000000000000000000000000000000065
:107328000000000000000000000000000000000055
:107338000000000000000000000000000000000045
:107348000000000000000000000000000000000035
:107358000000000000000000000000000000000025
:107368000000000000000000000000000000000015
:107378000000000000000000000000000000000005
:1073880000000000000000000000000000000000F5
:1073980000000000000000000000000000000000E5
:1073A80000000000000000000000000000000000D5
:1073B80000000000000000000000000000000000C5
:1073C80000000000000000000000000000000000B5
:1073D80000000000000000000000000000000000A5
:1073E8000000000000000000000000000000000095
:1073F8000000000000000000000000000000000085
:107408000000000000000000000000000000000074
:107418000000000000000000000000000000000064
:107428000000000000000000000000000000000054
:107438000000000000000000000000000000000044
:107448000000000000000000000000000000000034
:107458000000000000000000000000000000000024
:107468000000000000000000000000000000000014
:107478000000000000000000000000000000000004
:1074880000000000000000000000000000000000F4
:1074980000000000000000000000000000000000E4
:1074A80000000000000000000000000000000000D4
:1074B80000000000000000000000000000000000C4
:1074C80000000000000000000000000000000000B4
:1074D80000000000000000000000000000000000A4
:1074E8000000000000000000000000000000000094
:1074F8000000000000000000000000000000000084
:107508000000000000000000000000000000000073
:107518000000000000000000000000000000000063
:107528000000000000000000000000000000000053
:107538000000000000000000000000000000000043
:107548000000000000000000000000000000000033
:107558000000000000000000000000000000000023
:107568000000000000000000000000000000000013
:107578000000000000000000000000000000000003
:1075880000000000000000000000000000000000F3
:1075980000000000000000000000000000000000E3
:1075A80000000000000000000000000000000000D3
:1075B80000000000000000000000000000000000C3
:1075C80000000000000000000000000000000000B3
:1075D80000000000000000000000000000000000A3
:1075E8000000000000000000000000000000000093
:1075F8000000000000000000000000000000000083
:107608000000000000000000000000000000000072
:107618000000000000000000000000000000000062
:107628000000000000000000000000000000000052
:107638000000000000000000000000000000000042
:107648000000000000000000000000000000000032
:107658000000000000000000000000000000000022
:107668000000000000000000000000000000000012
:107678000000000000000000000000000000000002
:1076880000000000000000000000000000000000F2
:1076980000000000000000000000000000000000E2
:1076A80000000000000000000000000000000000D2
:1076B80000000000000000000000000000000000C2
:1076C80000000000000000000000000000000000B2
:1076D80000000000000000000000000000000000A2
:1076E8000000000000000000000000000000000092
:1076F8000000000000000000000000000000000082
:107708000000000000000000000000000000000071
:107718000000000000000000000000000000000061
:107728000000000000000000000000000000000051
:107738000000000000000000000000000000000041
:10774800FFFFFFFFFFFFFFFFFFFFFFFFFFFFFFFF41
:10775800FFFFFFFFFFFFFFFFFFFFFFFFFFFFFFFF31
:10776800FFFFFFFFFFFFFFFFFFFFFFFFFFFFFFFF21
:10777800FFFFFFFFFFFFFFFFFFFFFFFFFFFFFFFF11
:10778800FFFFFFFFFFFFFFFFFFFFFFFFFFFFFFFF01
:10779800FFFFFFFFFFFFFFFFFFFFFFFFFFFFFFFFF1
:1077A800FFFFFFFFFFFFFFFFFFFFFFFFFFFFFFFFE1
:1077B800FFFFFFFFFFFFFFFFFFFFFFFFFFFFFFFFD1
:1077C800FFFFFFFFFFFFFFFFFFFFFFFFFFFFFFFFC1
:1077D800FFFFFFFFFFFFFFFFFFFFFFFFFFFFFFFFB1
:1077E800FFFFFFFFFFFFFFFFFFFFFFFFFFFFFFFFA1
:1077F800FFFFFFFFFFFFFFFF000000000000000089
:107808000000000000000000000000000000000070
:107818000000000000000000000000000000000060
:107828000000000000000000000000000000000050
:107838000000000000000000000000000000000040
:107848000000000000000000000000000000000030
:107858000000000000000000000000000000000020
:107868000000000000000000000000000000000010
:107878000000000000000000000000000000000000
:1078880000000000000000000000000000000000F0
:1078980000000000000000000000000000000000E0
:1078A80000000000000000000000000000000000D0
:1078B80000000000000000000000000000000000C0
:1078C80000000000000000000000000000000000B0
:1078D80000000000000000000000000000000000A0
:1078E8000000000000000000000000000000000090
:1078F8000000000000000000000000000000000080
:10790800000000000000000000000000000000006F
:10791800000000000000000000000000000000005F
:10792800000000000000000000000000000000004F
:10793800000000000000000000000000000000003F
:10794800000000000000000000000000000000002F
:10795800000000000000000000000000000000001F
:10796800000000000000000000000000000000000F
:1079780000000000000000000000000000000000FF
:1079880000000000000000000000000000000000EF
:1079980000000000000000000000000000000000DF
:1079A80000000000000000000000000000000000CF
:1079B80000000000000000000000000000000000BF
:1079C80000000000000000000000000000000000AF
:1079D800000000000000000000000000000000009F
:1079E800000000000000000000000000000000008F
:1079F800000000000000000000000000000000007F
:107A0800000000000000000000000000000000006E
:107A1800000000000000000000000000000000005E
:107A2800000000000000000000000000000000004E
:107A3800000000000000000000000000000000003E
:107A4800000000000000000000000000000000002E
:107A5800000000000000000000000000000000001E
:107A6800000000000000000000000000000000000E
:107A780000000000000000000000000000000000FE
:107A880000000000000000000000000000000000EE
:107A980000000000000000000000000000000000DE
:107AA80000000000000000000000000000000000CE
:107AB80000000000000000000000000000000000BE
:107AC80000000000000000000000000000000000AE
:107AD800000000000000000000000000000000009E
:107AE800000000000000000000000000000000008E
:107AF800000000000000000000000000000000007E
:107B0800000000000000000000000000000000006D
:107B1800000000000000000000000000000000005D
:107B2800000000000000000000000000000000004D
:107B3800000000000000000000000000000000003D
:107B4800000000000000000000000000000000002D
:107B5800000000000000000000000000000000001D
:107B6800000000000000000000000000000000000D
:107B780000000000000000000000000000000000FD
:107B880000000000000000000000000000000000ED
:107B980000000000000000000000000000000000DD
:107BA80000000000000000000000000000000000CD
:107BB80000000000000000000000000000000000BD
:107BC80000000000000000000000000000000000AD
:107BD800000000000000000000000000000000009D
:107BE800000000000000000000000000000000008D
:107BF800000000000000000000000000000000007D
:107C0800000000000000000000000000000000006C
:107C1800000000000000000000000000000000005C
:107C2800000000000000000000000000000000004C
:107C3800000000000000000000000000000000003C
:107C4800000000000000000000000000000000002C
:107C5800000000000000000000000000000000001C
:107C6800000000000000000000000000000000000C
:107C780000000000000000000000000000000000FC
:107C880000000000000000000000000000000000EC
:107C980000000000000000000000000000000000DC
:107CA80000000000000000000000000000000000CC
:107CB80000000000000000000000000000000000BC
:107CC80000000000000000000000000000000000AC
:107CD800000000000000000000000000000000009C
:107CE800000000000000000000000000000000008C
:107CF800000000000000000000000000000000007C
:107D0800000000000000000000000000000000006B
:107D1800000000000000000000000000000000005B
:107D2800000000000000000000000000000000004B
:107D3800000000000000000000000000000000003B
:107D4800000000000000000000000000000000002B
:107D5800000000000000000000000000000000001B
:107D6800000000000000000000000000000000000B
:107D780000000000000000000000000000000000FB
:107D880000000000000000000000000000000000EB
:107D980000000000000000000000000000000000DB
:107DA80000000000000000000000000000000000CB
:107DB80000000000000000000000000000000000BB
:107DC80000000000000000000000000000000000AB
:107DD800000000000000000000000000000000009B
:107DE800000000000000000000000000000000008B
:107DF800000000000000000000000000000000007B
:107E0800000000000000000000000000000000006A
:107E1800000000000000000000000000000000005A
:107E2800000000000000000000000000000000004A
:107E3800000000000000000000000000000000003A
:107E4800000000000000000000000000000000002A
:107E5800000000000000000000000000000000001A
:107E6800000000000000000000000000000000000A
:107E780000000000000000000000000000000000FA
:107E880000000000000000000000000000000000EA
:107E980000000000000000000000000000000000DA
:107EA80000000000000000000000000000000000CA
:107EB80000000000000000000000000000000000BA
:107EC80000000000000000000000000000000000AA
:107ED800000000000000000000000000000000009A
:107EE800000000000000000000000000000000008A
:107EF800000000000000000000000000000000007A
:107F08000000000000000000000000000000000069
:107F18000000000000000000000000000000000059
:107F28000000000000000000000000000000000049
:107F38000000000000000000000000000000000039
:107F48000000000000000000000000000000000029
:107F58000000000000000000000000000000000019
:107F68000000000000000000000000000000000009
:107F780000000000000000000000000000000000F9
:107F880000000000000000000000000000000000E9
:107F980000000000000000000000000000000000D9
:107FA80000000000000000000000000000000000C9
:107FB80000000000000000000000000000000000B9
:107FC80000000000000000000000000000000000A9
:107FD8000000000000000000000000000000000099
:107FE8000000000000000000000000000000000089
:107FF8000000000000000000000000000000000079
:108008000000000000000000000000000000000068
:108018000000000000000000000000000000000058
:108028000000000000000000000000000000000048
:108038000000000000000000000000000000000038
:108048000000000000000000000000000000000028
:108058000000000000000000000000000000000018
:108068000000000000000000000000000000000008
:1080780000000000000000000000000000000000F8
:1080880000000000000000000000000000000000E8
:1080980000000000000000000000000000000000D8
:1080A80000000000000000000000000000000000C8
:1080B80000000000000000000000000000000000B8
:1080C80000000000000000000000000000000000A8
:1080D8000000000000000000000000000000000098
:1080E8000000000000000000000000000000000088
:1080F8000000000000000000000000000000000078
:108108000000000000000000000000000000000067
:108118000000000000000000000000000000000057
:108128000000000000000000000000000000000047
:108138000000000000000000000000000000000037
:108148000000000000000000000000000000000027
:108158000000000000000000000000000000000017
:108168000000000000000000000000000000000007
:1081780000000000000000000000000000000000F7
:1081880000000000000000000000000000000000E7
:1081980000000000000000000000000000000000D7
:1081A80000000000000000000000000000000000C7
:1081B80000000000000000000000000000000000B7
:1081C80000000000000000000000000000000000A7
:1081D8000000000000000000000000000000000097
:1081E8000000000000000000000000000000000087
:1081F8000000000000000000000000000000000077
:108208000000000000000000000000000000000066
:108218000000000000000000000000000000000056
:108228000000000000000000000000000000000046
:108238000000000000000000000000000000000036
:108248000000000000000000000000000000000026
:108258000000000000000000000000000000000016
:108268000000000000000000000000000000000006
:1082780000000000000000000000000000000000F6
:1082880000000000000000000000000000000000E6
:1082980000000000000000000000000000000000D6
:1082A80000000000000000000000000000000000C6
:1082B80000000000000000000000000000000000B6
:1082C80000000000000000000000000000000000A6
:1082D8000000000000000000000000000000000096
:1082E8000000000000000000000000000000000086
:1082F8000000000000000000000000000000000076
:108308000000000000000000000000000000000065
:108318000000000000000000000000000000000055
:108328000000000000000000000000000000000045
:108338000000000000000000000000000000000035
:108348000000000000000000000000000000000025
:108358000000000000000000000000000000000015
:108368000000000000000000000000000000000005
:1083780000000000000000000000000000000000F5
:1083880000000000000000000000000000000000E5
:1083980000000000000000000000000000000000D5
:1083A80000000000000000000000000000000000C5
:1083B80000000000000000000000000000000000B5
:1083C80000000000000000000000000000000000A5
:1083D8000000000000000000000000000000000095
:1083E8000000000000000000000000000000000085
:0883F80000000000000000007D
:040000056000100087
:00000001FF
